canonical_smiles,inchi_key,label,source,proba
Cc1c(N(C)C)c(=O)n(-c2ccccc2)n1C,RMMXTBMQSGEXHJ-UHFFFAOYSA-N,1,chembl_external,0.23635415220041314
CNn1cc(C(=O)O)c(=O)c2cc(F)c(N3CCN(C)CC3)cc21,RUXPNBWPIRDVTH-UHFFFAOYSA-N,1,chembl_external,0.6546050746949726
NCC[C@H](O)C(=O)N[C@@H]1C[C@H](N)[C@@H](O[C@H]2O[C@H](CN)[C@@H](O)[C@H](O)[C@H]2O)[C@H](O)[C@H]1O[C@H]1O[C@H](CO)[C@@H](O)[C@H](N)[C@H]1O,LKCWBDHBTVXHDL-RMDFUYIESA-N,1,chembl_external,0.07896275522180735
Nc1ccc(C(=O)[O-])cc1.[K+],MZKKJVZIFIQOPP-UHFFFAOYSA-M,1,chembl_external,0.06467158433426895
NC(=O)Nc1ccc([As](=O)(O)O)cc1,WWXBHTZSYYGCSG-UHFFFAOYSA-N,1,chembl_external,0.20934279118394686
CC1(C)S[C@@H]2[C@H](NC(=O)C(C(=O)O)c3ccccc3)C(=O)N2[C@H]1C(=O)O,FPPNZSSZRUTDAP-UWFZAAFLSA-N,1,chembl_external,0.41881126553210773
CC1(C)[C@@H](OC(=O)CCC(=O)O)CC[C@]2(C)[C@H]3C(=O)C=C4[C@@H]5C[C@@](C)(C(=O)O)CC[C@]5(C)CC[C@@]4(C)[C@]3(C)CC[C@@H]12,OBZHEBDUNPOCJG-WBXJDKIVSA-N,1,chembl_external,0.03620856236183201
C[C@@](Cc1ccc(O)c(O)c1)(NN)C(=O)O.O,QTAOMKOIBXZKND-PPHPATTJSA-N,1,chembl_external,0.17618944163586836
N[C@@H](CSCC(=O)O)C(=O)O,GBFLZEXEOZUWRN-VKHMYHEASA-N,1,chembl_external,0.030171398179983804
CCCCNC(=O)NS(=O)(=O)c1ccc(N)cc1,VDTNNGKXZGSZIP-UHFFFAOYSA-N,1,chembl_external,0.7764236254186857
CCCC(C)(COC(N)=O)COC(=O)NC(C)C,OFZCIYFFPZCNJE-UHFFFAOYSA-N,1,chembl_external,0.24365987584746315
COC(=O)[C@H](c1ccccc1Cl)N1CCc2sccc2C1,GKTWGGQPFAXNFI-HNNXBMFYSA-N,1,chembl_external,0.3309761858540384
O=C(O)C1N=C(c2ccccc2)c2cc(Cl)ccc2NC1=O,XDDJGVMJFWAHJX-UHFFFAOYSA-N,1,chembl_external,0.9172014897926549
COc1ccc2c3c1O[C@H]1[C@@H](O)C=C[C@H]4[C@@H](C2)N(C)CC[C@@]341,OROGSEYTTFOCAN-DNJOTXNNSA-N,1,chembl_external,0.7918033078000283
COc1cc2c(c(OC)c1OC)-c1ccc(OC)c(=O)cc1[C@@H](NC(C)=O)CC2,IAKHMKGGTNLKSZ-INIZCTEOSA-N,1,chembl_external,0.2551969860984337
CCC(Cc1cnc2nc(N)nc(N)c2n1)c1ccc(C(=O)N[C@@H](CCC(=O)O)C(=O)O)cc1,FSIRXIHZBIXHKT-MHTVFEQDSA-N,1,chembl_external,0.8686936960762918
NCCCC(N)(C(=O)O)C(F)F,VLCYCQAOQCDTCN-UHFFFAOYSA-N,1,chembl_external,0.6322070467395277
CO[C@@H]1[C@@H](N)[C@@H](O[C@H]2[C@H](Oc3cccc4c(O)c5c(=O)oc6ccc(C)c7c(=O)oc(c34)c5c67)O[C@H](C)[C@H](O)[C@]2(C)O)O[C@H](C)[C@@H]1O,MGQRRMONVLMKJL-KWJIQSIXSA-N,1,chembl_external,0.08356503732148918
CC(=O)[C@H]1CC[C@H]2[C@@H]3CC[C@@H]4C[C@H](O)CC[C@]4(C)[C@H]3CC[C@]12C,AURFZBICLPNKBZ-YZRLXODZSA-N,1,chembl_external,0.01713574535305339
COc1ccc(C(=O)Nc2ccccc2CCC2CCCCN2C)cc1,PJWPNDMDCLXCOM-UHFFFAOYSA-N,1,chembl_external,0.6696446068683892
CCn1cc(C(=O)O)c(=O)c2cc(F)c(N3CCNCC3)nc21,IDYZIJYBMGIQMJ-UHFFFAOYSA-N,1,chembl_external,0.7239459748362228
C[C@H]([C@](O)(Cn1cncn1)c1ccc(F)cc1F)S(C)(=O)=O,HFGZFHCWKKQGIS-NOZJJQNGSA-N,1,chembl_external,0.6592879585445193
CC1(C)CC(=O)N(CCCCN2CCN(c3ncccn3)CC2)C(=O)C1,QOIGKGMMAGJZNZ-UHFFFAOYSA-N,1,chembl_external,0.1352730974108914
C#C[C@]1(O)CC[C@H]2[C@@H]3CCC4=CC(=O)CCC4=C3C=C[C@@]21CC,BJJXHLWLUDYTGC-ANULTFPQSA-N,1,chembl_external,0.09207654209263776
CCOC(=O)C1=C(C)NC(C)=C(C(=O)OCC)C1c1ccccc1/C=C/C(=O)OC(C)(C)C,GKQPCPXONLDCMU-CCEZHUSRSA-N,1,chembl_external,0.47007066177434026
N#C[C@H](O[C@@H]1O[C@H](CO[C@@H]2O[C@H](CO)[C@@H](O)[C@H](O)[C@H]2O)[C@@H](O)[C@H](O)[C@H]1O)c1ccccc1,XUCIJNAGGSZNQT-JHSLDZJXSA-N,1,chembl_external,0.023693279074501413
CC(C)[C@@H]1NC(=O)[C@H](CCCCN)NC(=O)[C@@H](Cc2c[nH]c3ccccc23)NC(=O)[C@H](Cc2ccc(O)cc2)NC(=O)[C@@H](NC(=O)[C@H](N)Cc2ccc3ccccc3c2)CSSC[C@@H](C(=O)N[C@H](C(N)=O)[C@@H](C)O)NC1=O,PUDHBTGHUJUUFI-SCTWWAJVSA-N,1,chembl_external,0.584186646563139
CO[C@@]1(NC(=O)C(C(=O)[O-])c2ccc(O)cc2)C(=O)N2C(C(=O)[O-])=C(CSc3nnnn3C)CO[C@@H]21.[Na+].[Na+],GRIXGZQULWMCLU-HUTAOCTPSA-L,1,chembl_external,0.134967174039091
NCCNC(=O)c1ccc(Cl)cn1,JZXRLKWWVNUZRB-UHFFFAOYSA-N,1,chembl_external,0.402519919179803
CN(C)c1ccc(O)c2c1C[C@H]1C[C@H]3[C@H](N(C)C)C(O)=C(C(N)=O)C(=O)[C@@]3(O)C(O)=C1C2=O,DYKFCLLONBREIL-KVUCHLLUSA-N,1,chembl_external,0.22328074832668424
Nc1cc(N2CCCCC2)nc(N)[n+]1[O-],ZFMITUMMTDLWHR-UHFFFAOYSA-N,1,chembl_external,0.24647933430318922
CCCCC(C)(O)C/C=C/[C@H]1[C@H](O)CC(=O)[C@@H]1CCCCCCC(=O)OC,OJLOPKGSLYJEMD-URPKTTJQSA-N,1,chembl_external,0.8942537971197035
CC(/C=N/NC(=N)N)=N\NC(=N)N,MXWHMTNPTTVWDM-NXOFHUPFSA-N,1,chembl_external,0.21881771446838916
CCNNC(=O)[C@@H]1[C@H](c2cc(OC)c(OC)c(OC)c2)c2cc3c(cc2[C@H](O)[C@H]1CO)OCO3,CPTIBDHUFVHUJK-NZYDNVMFSA-N,1,chembl_external,0.057006158240297915
NC1=NC(=O)C(c2ccccc2)O1,NRNCYVBFPDDJNE-UHFFFAOYSA-N,1,chembl_external,0.4648320314310164
CC1(C)S[C@@H]2[C@H](NC(=O)Cc3ccccc3)C(=O)N2[C@H]1C(=O)O,JGSARLDLIJGVTE-MBNYWOFBSA-N,1,chembl_external,0.3405941896232268
Oc1c(Cl)c(Cl)c(Cl)c(Cl)c1Cl,IZUPBVBPLAPZRR-UHFFFAOYSA-N,1,chembl_external,0.23991316338370483
CNc1nc(N(C)C)nc(N(C)C)n1,XIFVTSIIYVGRHJ-UHFFFAOYSA-N,1,chembl_external,0.7440248815840377
CC(C)=CCN1CC[C@]2(C)c3cc(O)ccc3C[C@H]1[C@H]2C,VOKSWYLNZZRQPF-CCKFTAQKSA-N,1,chembl_external,0.07607175476408161
C=C[C@H]1CN2CC[C@H]1C[C@@H]2[C@@H](O)c1ccnc2ccc(OC)cc12,LOUPRKONTZGTKE-LHHVKLHASA-N,1,chembl_external,0.8797213134710712
CCN(CC)CCS(=O)(=O)[C@@H]1CCN2C(=O)c3coc(n3)CC(=O)C[C@H](O)/C=C(C)/C=C/CNC(=O)/C=C/[C@@H](C)[C@@H](C(C)C)OC(=O)[C@@H]12.CC[C@H]1NC(=O)[C@@H](NC(=O)c2ncccc2O)[C@@H](C)OC(=O)[C@H](c2ccccc2)NC(=O)[C@@H]2CC(=O)[C@H](CS[C@@H]3CN4CCC3CC4)CN2C(=O)[C@H](Cc2ccc(N(C)C)cc2)N(C)C(=O)[C@@H]2CCCN2C1=O,PPKJUHVNTMYXOD-PZGPJMECSA-N,1,chembl_external,0.07797741205135926
CCN1CCC[C@H]1CNC(=O)c1c(O)c(Cl)cc(Cl)c1OC,WAOQONBSWFLFPE-VIFPVBQESA-N,1,chembl_external,0.08926721872240363
C[C@]12CC[C@H]3[C@@H](CCC4=CC(=O)CC[C@@]43C)[C@@H]1CC[C@@H]2O,MUMGGOZAMZWBJJ-DYKIIFRCSA-N,1,chembl_external,0.3063082093499884
CN(C)[C@@H]1C(O)=C(C(N)=O)C(=O)[C@@]2(O)C(O)=C3C(=O)c4c(O)cccc4[C@@](C)(O)[C@H]3C[C@@H]12,OFVLGDICTFRJMM-WESIUVDSSA-N,1,chembl_external,0.07531294058962594
Cn1c(=O)c2nc[nH]c2n(C)c1=O.O,INQSMEFCAIHTJG-UHFFFAOYSA-N,1,chembl_external,0.10829450641036491
CC(=O)Nc1ccc(/C=N/NC(N)=S)cc1,SRVJKTDHMYAMHA-WUXMJOGZSA-N,1,chembl_external,0.1446407240378143
Cc1ncc(C[n+]2csc(CCO)c2C)c(N)n1,JZRWCGZRTZMZEH-UHFFFAOYSA-N,1,chembl_external,0.23171448863553076
CS(=O)(=O)c1ccc([C@@H](O)[C@@H](CO)NC(=O)C(Cl)Cl)cc1,OTVAEFIXJLOWRX-NXEZZACHSA-N,1,chembl_external,0.0332616513376616
CC(C)CCOc1ccc(NC(=S)Nc2ccc(OCCC(C)C)cc2)cc1,BWBONKHPVHMQHE-UHFFFAOYSA-N,1,chembl_external,0.15079905596454893
CC[C@]1(O)C[C@@H]2CN(CCc3c([nH]c4ccccc34)[C@@](C(=O)OC)(c3cc4c(cc3OC)N(C)[C@H]3[C@@](O)(C(N)=O)[C@H](O)[C@]5(CC)C=CCN6CC[C@]43[C@@H]65)C2)C1,HHJUWIANJFBDHT-ZVTSDNJWSA-N,1,chembl_external,0.7729656984575182
CCC1=C[C@@H]2CN(C1)Cc1c([nH]c3ccccc13)[C@@](C(=O)OC)(c1cc3c(cc1OC)N(C)[C@H]1[C@@](O)(C(=O)OC)[C@H](OC(C)=O)[C@]4(CC)C=CCN5CC[C@]31[C@@H]54)C2,GBABOYUKABKIAF-IELIFDKJSA-N,1,chembl_external,0.39058711393067075
CCOC(=O)CN[C@@H](C(=O)N1CC[C@H]1C(=O)NCc1ccc(/C(N)=N\O)cc1)C1CCCCC1,ZXIBCJHYVWYIKI-PZJWPPBQSA-N,1,chembl_external,0.17479526299266543
Nc1ccn([C@H]2CC[C@@H](CO)O2)c(=O)n1,WREGKURFCTUGRC-POYBYMJQSA-N,1,chembl_external,0.16257510748046092
CN1CCN(C(=S)Nc2ccc(Nc3ccc([N+](=O)[O-])cc3)cc2)CC1,UFLRJROFPAGRPN-UHFFFAOYSA-N,1,chembl_external,0.12221422492423158
CCN(CC)Cc1cc(Nc2ccnc3cc(Cl)ccc23)ccc1O.Cl,KBTNVJNLEFHBSO-UHFFFAOYSA-N,1,chembl_external,0.7004858620599274
CN(C)CCN1C(=O)c2cccc3cc(N)cc(c23)C1=O,UPALIKSFLSVKIS-UHFFFAOYSA-N,1,chembl_external,0.19894490429104017
CC1(C)S[C@@H]2[C@H](NC(=O)[C@H](N)c3ccc(O)cc3)C(=O)N2[C@H]1C(=O)O.O=C(O)[C@H]1/C(=C/CO)O[C@@H]2CC(=O)N21,QJVHTELASVOWBE-AGNWQMPPSA-N,1,chembl_external,0.47039889055842776
CC(C(=O)O)c1ccc2c(c1)[nH]c1ccc(Cl)cc12,PUXBGTOOZJQSKH-UHFFFAOYSA-N,1,chembl_external,0.8952834696209507
NC(=O)OC[C@@H]1[C@H](NC(=O)/C(=N\OCC(=O)O)c2csc(N)n2)C(=O)N1S(=O)(=O)O,UIMOJFJSJSIGLV-JNHMLNOCSA-N,1,chembl_external,0.1957379645621673
CC[C@H](C)C[C@H](C)CCCCCCCCC(=O)N[C@H]1C[C@@H](O)[C@@H](NCCN)NC(=O)[C@@H]2[C@@H](O)CCN2C(=O)[C@H]([C@H](O)CCN)NC(=O)[C@H]([C@H](O)[C@@H](O)c2ccc(O)cc2)NC(=O)[C@@H]2C[C@@H](O)CN2C(=O)[C@H]([C@@H](C)O)NC1=O,JYIKNQVWKBUSNH-WVDDFWQHSA-N,1,chembl_external,0.36599224268116765
CC(=O)OCC1=C(C(=O)O)N2C(=O)[C@@H](NC(=O)CC#N)[C@H]2SC1,RRYMAQUWDLIUPV-BXKDBHETSA-N,1,chembl_external,0.16158966750508938
N[C@@H](C(=O)N[C@@H]1C(=O)N2C(C(=O)O)=C(Cl)CS[C@H]12)c1ccccc1,QYIYFLOTGYLRGG-GPCCPHFNSA-N,1,chembl_external,0.2988786579135864
CC1=C(C(=O)O)N2C(=O)[C@@H](NC(=O)[C@H](N)c3ccc(O)cc3)[C@H]2SC1,BOEGTKLJZSQCCD-UEKVPHQBSA-N,1,chembl_external,0.34733501734987077
CC1=C(C(=O)O)N2C(=O)[C@@H](NC(=O)[C@H](N)c3ccccc3)[C@H]2SC1,ZAIPMKNFIOOWCQ-UEKVPHQBSA-N,1,chembl_external,0.35454750629814064
COc1cc(Cc2cnc(N)nc2N)cc(OC)c1OC.Cc1cc(NS(=O)(=O)c2ccc(N)cc2)no1,WZRJTRPJURQBRM-UHFFFAOYSA-N,1,chembl_external,0.17908898435446274
O=c1ccc2ccccc2o1,ZYGHJZDHTFUPRJ-UHFFFAOYSA-N,1,chembl_external,0.10342427597742582
CSc1ccc(C(=O)c2[nH]c(=O)[nH]c2C)cc1,ZJKNESGOIKRXQY-UHFFFAOYSA-N,1,chembl_external,0.19684716719176462
CC(/C=C1\SC(=S)N(CC(=O)O)C1=O)=C\c1ccccc1,CHNUOJQWGUIOLD-NFZZJPOKSA-N,1,chembl_external,0.16238612765060254
COc1cccc2c1C(=O)c1c(O)c3c(c(O)c1C2=O)C[C@@](O)(C(=O)CO)C[C@@H]3O[C@H]1C[C@H](N)[C@@H](O)[C@H](C)O1,AOJJSUZBOXZQNB-VTZDEGQISA-N,1,chembl_external,0.8035630192067421
CN1C[C@H](C(=O)N[C@]2(C)O[C@@]3(O)[C@@H]4CCCN4C(=O)[C@H](Cc4ccccc4)N3C2=O)C=C2c3cccc4[nH]cc(c34)C[C@H]21,XCGSFFUVFURLIX-VFGNJEKYSA-N,1,chembl_external,0.2504889499111933
CC[C@H]1OC(=O)[C@H](C)[C@@H](O[C@H]2C[C@@](C)(OC)[C@@H](O)[C@H](C)O2)[C@H](C)[C@@H](O[C@@H]2O[C@H](C)C[C@H](N(C)C)[C@H]2O)[C@](C)(O)C[C@@H](C)C(=O)[C@H](C)[C@@H](O)[C@]1(C)O,ULGZDMOVFRHVEP-RWJQBGPGSA-N,1,chembl_external,0.8578463606902345
C=C(OC)C(=O)Nc1cc(OC)c(OC)cc1C(=O)O[C@H]1C[C@H](O[C@@H]2C(=O)C(NC(=O)OC)=C3/C(=C\CSSSC)[C@]2(O)C#C/C=C\C#C[C@@H]3O[C@@H]2O[C@H](C)[C@@H](NO[C@H]3C[C@H](O)[C@H](SC)[C@@H](C)O3)[C@H](O)[C@H]2O[C@H]2C[C@H](OC)[C@@H](NC(C)C)CO2)O[C@@H](C)[C@H]1O,LJQQFQHBKUKHIS-IIZLOWFNSA-N,1,chembl_external,0.08040120290584361
Cc1cc(C(=O)NCCc2ccc(S(=O)(=O)NC(=O)NN3CCCCCC3)cc2)no1,ZKUDBRCEOBOWLF-UHFFFAOYSA-N,1,chembl_external,0.3850983969709116
CC(C)C[C@H](NC(=O)[C@@H](COC(C)(C)C)NC(=O)[C@H](Cc1ccc(O)cc1)NC(=O)[C@H](CO)NC(=O)[C@H](Cc1c[nH]c2ccccc12)NC(=O)[C@H](Cc1cnc[nH]1)NC(=O)[C@@H]1CCC(=O)N1)C(=O)N[C@@H](CCCNC(=N)N)C(=O)N1CCC[C@H]1C(=O)NNC(N)=O,BLCLNMBMMGCOAS-URPVMXJPSA-N,1,chembl_external,0.5290035846477562
Cc1cc2c(C(C)C)c(O)c(O)c(C=O)c2c(O)c1-c1c(C)cc2c(C(C)C)c(O)c(O)c(C=O)c2c1O,QBKSWRVVCFFDOT-UHFFFAOYSA-N,1,chembl_external,0.17172018847748918
Cc1c(F)c(N2CCNC(C)C2)cc2c1c(=O)c(C(=O)O)cn2C1CC1,AIJTTZAVMXIJGM-UHFFFAOYSA-N,1,chembl_external,0.9258577768442997
Cc1oc(=O)oc1COC(=O)[C@@H]1N2C(=O)[C@@H](NC(=O)[C@H](N)c3ccccc3)[C@H]2SC1(C)C,ZKUKMWMSYCIYRD-ZXFNITATSA-N,1,chembl_external,0.19127365352432954
O=C(CCCN1CCC(C(=O)c2ccc(F)cc2)CC1)c1ccc(F)cc1,WCIBOXFOUGQLFC-UHFFFAOYSA-N,1,chembl_external,0.21675442156430966
CN1C[C@H](CC#N)C[C@@H]2c3cccc4[nH]c(Cl)c(c34)C[C@H]21,JKAHWGPTNVUTNB-IXPVHAAZSA-N,1,chembl_external,0.17730676204106446
c1ccc([C@H]2CN3CCSC3=N2)cc1,HLFSDGLLUJUHTE-SNVBAGLBSA-N,1,chembl_external,0.056526764895070754
N[C@@H](Cc1ccc(O)c(O)c1)C(=O)O,WTDRDQBEARUVNC-LURJTMIESA-N,1,chembl_external,0.22862703684752791
C[C@H]1COc2c(N3CCN(C)CC3)c(F)cc3c(=O)c(C(=O)O)cn1c23.C[C@H]1COc2c(N3CCN(C)CC3)c(F)cc3c(=O)c(C(=O)O)cn1c23.O,SUIQUYDRLGGZOL-RCWTXCDDSA-N,1,chembl_external,0.12484269439862246
COc1ccc2c(c1)N(C[C@H](C)CN(C)C)c1ccccc1S2,VRQVVMDWGGWHTJ-CQSZACIVSA-N,1,chembl_external,0.5395472201140955
C#C[C@]1(O)CC[C@H]2[C@@H]3CCC4=CC(=O)CC[C@@H]4[C@H]3CC[C@@]21CC,WWYNJERNGUHSAO-XUDSTZEESA-N,1,chembl_external,0.0487651460840392
CN(c1nccc(=O)[nH]1)C1CCN(c2nc3ccccc3n2Cc2ccc(F)cc2)CC1,PVLJETXTTWAYEW-UHFFFAOYSA-N,1,chembl_external,0.14647097018884725
CCCCC1C(=O)NN(c2ccccc2)C1=O,REOJLIXKJWXUGB-UHFFFAOYSA-N,1,chembl_external,0.41281866144804075
COc1ccc(-c2noc(CC(=O)O)c2-c2ccc(OC)cc2)cc1,DJEIHHYCDCTAAH-UHFFFAOYSA-N,1,chembl_external,0.2971522169268797
O=C(CCCN1CCN(c2ccc(F)cc2)CC1)NC1c2ccccc2CSc2ccccc21,WFNRNNUZFPVBSM-UHFFFAOYSA-N,1,chembl_external,0.19480580571576647
CCOC(=O)Nc1ccc2c(c1)N(C(=O)CCN1CCOCC1)c1ccccc1S2,FUBVWMNBEHXPSU-UHFFFAOYSA-N,1,chembl_external,0.3351426305232305
O=C(NCN1CCOCC1)c1cnccn1,GVTLAVKAVSKBKK-UHFFFAOYSA-N,1,chembl_external,0.19293550581121047
CN1CCN(CCCN2c3ccccc3Sc3ccccc32)CC1,WEYVCQFUGFRXOM-UHFFFAOYSA-N,1,chembl_external,0.63302744005403
CCCN1C[C@H](CSC)C[C@@H]2c3cccc4[nH]cc(c34)C[C@H]21,YEHCICAEULNIGD-MZMPZRCHSA-N,1,chembl_external,0.24966257416701013
CCC[C@H](N[C@@H](C)C(=O)N1[C@H](C(=O)O)C[C@@H]2CCCC[C@@H]21)C(=O)OCC,IPVQLZZIHOAWMC-QXKUPLGCSA-N,1,chembl_external,0.8901220109479301
NC(=O)NC(=O)Cc1ccccc1,XPFRXWCVYUEORT-UHFFFAOYSA-N,1,chembl_external,0.12147063789768092
Cc1cc(=O)n(-c2ccccc2)n1C,VEQOALNAAJBPNY-UHFFFAOYSA-N,1,chembl_external,0.12199393397261486
CC(Cc1ccccc1)(NC(=O)CN)c1ccccc1,YSGASDXSLKIKOD-UHFFFAOYSA-N,1,chembl_external,0.6223658880064354
CCN1CCC[C@H]1CNC(=O)c1c(OC)ccc(Br)c1OC,GUJRSXAPGDDABA-NSHDSACASA-N,1,chembl_external,0.09275707145504479
COC(=O)[C@H]1[C@H]2C[C@@H]3c4[nH]c5cc(OC)ccc5c4CCN3C[C@H]2C[C@@H](OC(=O)c2cc(OC)c(OC)c(OC)c2)[C@@H]1OC,QEVHRUUCFGRFIF-MDEJGZGSSA-N,1,chembl_external,0.02570549637709241
CC1=C(/C=C/C(C)=C/C=C/C(C)=C/CO)C(C)(C)CCC1,FPIPGXGPPPQFEQ-OVSJKPMPSA-N,1,chembl_external,0.9086809481722126
CO[C@@H](/C(C)=C/C=C/C(C)=C/c1coc(C)n1)[C@@H](C)[C@@H]1C[C@H](O)[C@@]2(C)O[C@@H]2/C=C/[C@@H](C)[C@H]2C[C@H](CC(=O)O2)C[C@@H]2O[C@H]2C(=O)O1,OWPCHSCAPHNHAV-QIPOKPRISA-N,1,chembl_external,0.07396027414159621
CCCC(C)C1(CC)C(=O)NC(=S)NC1=O,IUJDSEJGGMCXSG-UHFFFAOYSA-N,1,chembl_external,0.4505137286074076
CN1CCN(CCCN2c3ccccc3Sc3ccc(S(=O)(=O)N(C)C)cc32)CC1,VZYCZNZBPPHOFY-UHFFFAOYSA-N,1,chembl_external,0.6396952450463348
CN1CCN(CC/C=C2/c3ccccc3Sc3ccc(S(=O)(=O)N(C)C)cc32)CC1,GFBKORZTTCHDGY-UWVJOHFNSA-N,1,chembl_external,0.8959033103107646
O=c1cc[nH]c(=S)[nH]1,ZEMGGZBWXRYJHK-UHFFFAOYSA-N,1,chembl_external,0.3230773828233678
COc1ccc(CCN(C)CCCC2(c3ccc(OC)c(OC)c3)S(=O)(=O)CCCS2(=O)=O)cc1OC,ZROUQTNYPCANTN-UHFFFAOYSA-N,1,chembl_external,0.1143681020917341
Cc1ncc(-c2csc(N=C(N)N)n2)[nH]1,GIMNAEMRNXUAQP-UHFFFAOYSA-N,1,chembl_external,0.3313830884673247
CC(=O)N[C@H]1[C@H]([C@H](O)[C@H](O)CO)OC(C(=O)O)=C[C@@H]1NC(=N)N,ARAIBEBZBOPLMB-UFGQHTETSA-N,1,chembl_external,0.015815421212495025
O=C(O)Cn1c(=O)n(Cc2ccc(Br)cc2F)c(=O)c2ccc(Cl)cc21,SXONDGSPUVNZLO-UHFFFAOYSA-N,1,chembl_external,0.11751308942112167
C[Si](C)(C)c1cccc(C(=O)C(F)(F)F)c1,GAPOASFZXBWUGS-UHFFFAOYSA-N,1,chembl_external,0.0880853964187997
CN(C)C/C=C(/c1ccc(Br)cc1)c1cccnc1,OYPPVKRFBIWMSX-SXGWCWSVSA-N,1,chembl_external,0.8876261884219604
C[C@H](CSC(=O)c1ccccc1)C(=O)N1C[C@@H](Sc2ccccc2)C[C@H]1C(=O)O,IAIDUHCBNLFXEF-MNEFBYGVSA-N,1,chembl_external,0.29550020208009864
CN(C)CCc1c[nH]c2ccc(C[C@H]3COC(=O)N3)cc12,ULSDMUVEXKOYBU-ZDUSSCGKSA-N,1,chembl_external,0.424097024413096
CC(C)CN(C[C@@H](O)[C@H](Cc1ccccc1)NC(=O)O[C@H]1CCOC1)S(=O)(=O)c1ccc(N)cc1,YMARZQAQMVYCKC-OEMFJLHTSA-N,1,chembl_external,0.6277357100191759
O=c1n(CC2CO2)c(=O)n(CC2CO2)n1CC1CO1,ZTXDHEQQZVFGPK-UHFFFAOYSA-N,1,chembl_external,0.7081621108425914
COc1cc2oc(=O)c(C)c(C)c2cc1OCCCN1CCN(c2ccccc2OC)CC1,FQELZLMTAPJJOL-UHFFFAOYSA-N,1,chembl_external,0.4270357894161059
O=C(Cc1cccs1)N[C@@H]1C(=O)N2C(C(=O)[O-])=C(C[n+]3ccccc3)CS[C@H]12,CZTQZXZIADLWOZ-CRAIPNDOSA-N,1,chembl_external,0.47323805406438774
CC(=O)OCC1=C(C(=O)O)N2C(=O)[C@@H](NC(=O)Cc3cccs3)[C@H]2SC1,XIURVHNZVLADCM-IUODEOHRSA-N,1,chembl_external,0.4469875163287828
Cn1nnnc1SCC1=C(C(=O)O)N2C(=O)[C@@H](NC(=O)[C@H](O)c3ccccc3)[C@H]2SC1,OLVCFLKTBJRLHI-AXAPSJFSSA-N,1,chembl_external,0.33081909850107055
CC(=O)OCC1=C(C(=O)O)N2C(=O)[C@@H](NC(=O)CSc3ccncc3)[C@H]2SC1,UQLLWWBDSUHNEB-CZUORRHYSA-N,1,chembl_external,0.32815661230718657
CCN1CCN(C(=O)N[C@@H](C(=O)N[C@]2(OC)C(=O)N3C(C(=O)O)=C(CSc4nnnn4C)CS[C@@H]32)[C@H](C)O)C(=O)C1=O,SMSRCGPDNDCXFR-CYWZMYCQSA-N,1,chembl_external,0.5357086230498838
CC/C=C(\C(=O)N[C@@H]1C(=O)N2C(C(=O)OCOC(=O)C(C)(C)C)=C(COC(N)=O)CS[C@H]12)c1csc(N)n1,WVPAABNYMHNFJG-QDVBXLKVSA-N,1,chembl_external,0.44667658460918114
CO/N=C(\C(=O)N[C@@H]1C(=O)N2C(C(=O)[O-])=C(C[N+]34CCC(C(N)=O)(CC3)CC4)CS[C@H]12)c1nsc(N)n1,JUVHVMCKLDZLGN-TVNFHGJBSA-N,1,chembl_external,0.5227139364362282
NS(=O)(=O)c1cc2c(cc1Cl)NC(CC1CCCC1)NS2(=O)=O,BKYKPTRYDKTTJY-UHFFFAOYSA-N,1,chembl_external,0.7070137718431421
C1CC1,LVZWSLJZHVFIQJ-UHFFFAOYSA-N,1,chembl_external,0.05067942254028127
N[C@@H]1CONC1=O,DYDCUQKUCUHJBH-UWTATZPHSA-N,1,chembl_external,0.02093105011956223
CC(=O)[C@@]1(O)CC[C@H]2[C@@H]3C=C(Cl)C4=CC(=O)[C@@H]5C[C@@H]5[C@]4(C)[C@H]3CC[C@@]21C,DUSHUSLJJMDGTE-ZJPMUUANSA-N,1,chembl_external,0.19385387917808447
C[C@]12CC[C@@H]3c4ccc(O)cc4CC[C@H]3[C@@H]1CC[C@@H]2O,VOXZDWNPVJITMN-ZBRFXRBCSA-N,1,chembl_external,0.031192009774441004
C[C@]12CC[C@@H]3c4ccc(OC(=O)N(CCCl)CCCl)cc4CC[C@H]3[C@@H]1CC[C@@H]2O,FRPJXPJMRWBBIH-RBRWEJTLSA-N,1,chembl_external,0.12256042553938579
C[C@]12CC[C@@H]3c4ccc(OS(=O)(=O)O)cc4CC[C@H]3[C@@H]1CCC2=O,JKKFKPJIXZFSSB-CBZIJGRNSA-N,1,chembl_external,0.12816020847311885
C#CC(O)(/C=C/Cl)CC,ZEHYJZXQEQOSON-AATRIKPKSA-N,1,chembl_external,0.06662599167970161
CCC1(C)CC(=O)NC1=O,HAPOVYFOVVWLRS-UHFFFAOYSA-N,1,chembl_external,0.22896391351363177
N=C(N)NCC1COc2ccccc2O1,HIUVKVDQFXDZHU-UHFFFAOYSA-N,1,chembl_external,0.3692828700430217
N=C(N)NCCCCCCC(=O)NC(O)C(=O)NCCCCNCCCN,IDINUJSAMVOPCM-UHFFFAOYSA-N,1,chembl_external,0.32067188643463496
CC(=O)NCCOC(=O)C(Oc1cccc(C(F)(F)F)c1)c1ccc(Cl)cc1,BJBCSGQLZQGGIQ-UHFFFAOYSA-N,1,chembl_external,0.6291136475546546
O=C(NCCN1CCC(n2c(=O)[nH]c3cc(Cl)ccc32)CC1)c1ccc(F)cc1,NBHPRWLFLUBAIE-UHFFFAOYSA-N,1,chembl_external,0.25791939474241593
CC(=O)N[C@H]1[C@@H](O[C@H]2[C@H](O)[C@@H](O)[C@H](O[C@H]3[C@H](CS(=O)(=O)O)[C@@H](OS(=O)(=O)O)[C@@H](O[C@H]4[C@H](O)[C@@H](OS(=O)(=O)O)C(O)O[C@H]4C(=O)O)O[C@@H]3O)O[C@@H]2C(=O)O)O[C@H](COS(=O)(=O)O)[C@@H](O)[C@@H]1O,ZFGMDIBRIDKWMY-PASTXAENSA-N,1,chembl_external,0.5351443387515444
Clc1cccc(C(c2ccc3[nH]cnc3c2)n2ccnc2)c1,UGFHIPBXIWJXNA-UHFFFAOYSA-N,1,chembl_external,0.5696159247262432
Cc1c(N)nc([C@@H](CC(N)=O)NC[C@@H](N)C(N)=O)nc1C(=O)N[C@@H](C(=O)N[C@@H](C)[C@H](O)[C@@H](C)C(=O)N[C@H](C(=O)NCCc1nc(-c2nc(C(=O)NCCCN(C)CCCN(Cc3ccc(OCc4ccccc4)c(OCc4ccccc4)c3)Cc3ccc(OCc4ccccc4)c(OCc4ccccc4)c3)cs2)cs1)[C@@H](C)O)C(O[C@H]1O[C@@H](CO)[C@H](O)[C@@H](O)[C@H]1O[C@H]1O[C@@H](CO)[C@@H](O)[C@H](OC(N)=O)[C@@H]1O)c1c[nH]cn1,KYYQSAMPTLGNIQ-KNFYDQAFSA-N,1,chembl_external,0.2203247026503575
CC(C)(C)c1ccc(CCC(O)COc2ccc(C(=O)O)cc2)cc1,LNXBEIZREVRNTF-UHFFFAOYSA-N,1,chembl_external,0.7857103994686786
CCC[C@@H]1C[C@@H](C(=O)N[C@@H]([C@H]2O[C@H](SC)[C@H](O)[C@@H](O)[C@H]2O)[C@@H](C)O)N(C)C1,OJMMVQQUTAEWLP-KIDUDLJLSA-N,1,chembl_external,0.3509090487742916
Cl[C@H]1[C@H](Cl)[C@@H](Cl)[C@@H](Cl)[C@H](Cl)[C@H]1Cl,JLYXXMFPNIAWKQ-GNIYUCBRSA-N,1,chembl_external,0.08995729355863452
[Li],WHXSMMKQMYFTQS-UHFFFAOYSA-N,1,chembl_external,0.5607869304029643
CCN(CC)CCOC(=O)[C@@H](Cc1cccc2ccccc12)C[C@@H]1CCCO1,KBAFPSLPKGSANY-VXKWHMMOSA-N,1,chembl_external,0.2950292182207335
Nc1ccc(/N=N/c2ccccc2)c(N)n1,QPFYXYFORQJZEC-FOCLMDBBSA-N,1,chembl_external,0.0993724800793343
c1ccc(C2(N3CCCCC3)CCCCC2)cc1,JTJMJGYZQZDUJJ-UHFFFAOYSA-N,1,chembl_external,0.04468354761281985
CCC(C(=O)NC(N)=O)c1ccccc1,AJOQSQHYDOFIOX-UHFFFAOYSA-N,1,chembl_external,0.8014675748021923
O=C1c2ccccc2C(=O)C1c1ccccc1,NFBAXHOPROOJAW-UHFFFAOYSA-N,1,chembl_external,0.4093023498880297
CC(Cc1ccccc1)NN,VXTWEDPZMSVFEF-UHFFFAOYSA-N,1,chembl_external,0.5766846619486086
CCOC(=O)C1(c2ccccc2)CCN(CCC(O)c2ccccc2)CC1,IPOPQVVNCFQFRK-UHFFFAOYSA-N,1,chembl_external,0.1333001144226171
CO[C@H]1/C=C/O[C@@]2(C)Oc3c(C)c(O)c4c(O)c(cc(O)c4c3C2=O)NC(=O)/C(C)=C\C=C\[C@H](C)[C@H](O)[C@@H](C)[C@@H](O)[C@@H](C)[C@H](OC(C)=O)[C@@H]1C,HJYYPODYNSCCOU-ODRIEIDWSA-N,1,chembl_external,0.7863796838838417
CO[C@H]1/C=C/O[C@@]2(C)Oc3c(C)c(O)c4c(O)c(c5c(nc6cc(C)ccn65)c4c3C2=O)NC(=O)/C(C)=C\C=C\[C@H](C)[C@H](O)[C@@H](C)[C@@H](O)[C@@H](C)[C@H](OC(C)=O)[C@@H]1C,NZCRJKRKKOLAOJ-XRCRFVBUSA-N,1,chembl_external,0.9162303618021062
CC(N)C12CC3CC(CC(C3)C1)C2,UBCHPRBFMUDMNC-UHFFFAOYSA-N,1,chembl_external,0.7457571364065873
CCCCC(C)(O)C/C=C/[C@H]1[C@H](O)CC(=O)[C@@H]1CCCCCCCO,SPOAFZKFCYREMW-FWYLUGOYSA-N,1,chembl_external,0.44039511705374973
CC(=O)OCOC(=O)C1=C(COC(N)=O)SC2[C@H]([C@H](C)O)C(=O)N12,FZKGLCPKPZBGLX-PEOWQWSYSA-N,1,chembl_external,0.3640499048961063
O=C(Cn1c(=O)sc2ccc(Cl)cc21)N1CCN(CCO)CC1,HTJXMOGUGMSZOG-UHFFFAOYSA-N,1,chembl_external,0.21227002408039208
O=C1CC2(CCCC2)CC(=O)N1CCCCN1CCN(c2nsc3ccccc23)CC1,ZFZPJDFBJFHYIV-UHFFFAOYSA-N,1,chembl_external,0.2455204275014873
NC(=O)c1csc([C@@H]2O[C@H](CO)[C@@H](O)[C@H]2O)n1,FVRDYQYEVDDKCR-DBRKOABJSA-N,1,chembl_external,0.10105868425514684
CC1(C)S[C@@H]2[C@H](NC(=O)[C@H](C(=O)O)c3ccsc3)C(=O)N2[C@H]1C(=O)O,OHKOGUYZJXTSFX-KZFFXBSXSA-N,1,chembl_external,0.9085818610069772
Cc1ccc(O)c2ncccc12,RPVGLMKJGQMQSN-UHFFFAOYSA-N,1,chembl_external,0.44437052123346005
Cc1cc(CC(=O)O)n(C)c1C(=O)c1ccc(Cl)cc1,ZXVNMYWKKDOREA-UHFFFAOYSA-N,1,chembl_external,0.5897297432996967
O=C(O)Cc1nn(Cc2nc3cc(C(F)(F)F)ccc3s2)c(=O)c2ccccc12,BCSVCWVQNOXFGL-UHFFFAOYSA-N,1,chembl_external,0.07517199128392509
COc1cccc2c1C(=O)c1c(O)c3c(c(O)c1C2=O)C[C@@](O)(/C(C)=N/NC(=O)c1ccccc1)C[C@@H]3O[C@H]1C[C@H](N)[C@H](O)[C@H](C)O1,FBTUMDXHSRTGRV-ALTNURHMSA-N,1,chembl_external,0.26468033952812053
CN(C)CCOC1=Cc2ccccc2Sc2ccc(Cl)cc21,HDOZVRUNCMBHFH-UHFFFAOYSA-N,1,chembl_external,0.6835735710190164
Nc1nc2cc(Cl)ccc2o1,YGCODSQDUUUKIV-UHFFFAOYSA-N,1,chembl_external,0.11053127613202997
OCCN1CCN(CC/C=C2/c3ccccc3Sc3ccc(Cl)cc32)CC1,WFPIAZLQTJBIFN-DVZOWYKESA-N,1,chembl_external,0.9291054366072004
CN1CCc2cccc3c2[C@H]1Cc1ccc(O)c(O)c1-3,VMWNQDUVQKEIOC-CYBMUJFWSA-N,1,chembl_external,0.06259344237481068
CCN(CC)CCCN(c1ccccc1)C1Cc2ccccc2C1,NZLBHDRPUJLHCE-UHFFFAOYSA-N,1,chembl_external,0.14293024264955803
C=CCC(C(=O)NC(N)=O)C(C)C,KSUUMAWCGDNLFK-UHFFFAOYSA-N,1,chembl_external,0.7694298662710802
NCC[C@H](O)C(=O)N[C@@H]1C[C@H](N)[C@@H](O[C@H]2O[C@H](CN)CC[C@H]2N)[C@H](O)[C@H]1O[C@H]1O[C@H](CO)[C@@H](O)[C@H](N)[C@H]1O,MKKYBZZTJQGVCD-XTCKQBCOSA-N,1,chembl_external,0.0950514515221449
[AsH3],RBFQJDQYXXHULB-UHFFFAOYSA-N,1,chembl_external,0.5152186290761274
Nc1cc([As]2[As](c3ccc(O)c(N)c3)[As](c3ccc(O)c(N)c3)[As](c3ccc(O)c(N)c3)[As]2c2ccc(O)c(N)c2)ccc1O.Nc1cc([As]2[As](c3ccc(O)c(N)c3)[As]2c2ccc(O)c(N)c2)ccc1O,SEXAQLWKUYOMRJ-UHFFFAOYSA-N,1,chembl_external,0.09008276295727828
CO[C@H]1O[C@@H]2O[C@@]3(C)CC[C@H]4[C@H](C)CC[C@@H]([C@H]1C)[C@@]24OO3,SXYIRMFQILZOAM-HVNFFKDJSA-N,1,chembl_external,0.09967824985191097
CO/N=C(\C(=O)N[C@@H]1C(=O)N2C(C(=O)[O-])=C(C[N+]3(C)CCCC3)CS[C@H]12)c1csc(N)n1,HVFLCNVBZFFHBT-ZKDACBOMSA-N,1,chembl_external,0.9221880671796369
CO/N=C(\C(=O)N[C@@H]1C(=O)N2C(C(=O)O)=C(C)CS[C@H]12)c1csc(N)n1,MQLRYUCJDNBWMV-GHXIOONMSA-N,1,chembl_external,0.957728508791681
CC[N+](C)(C/C=C/C1=C(C(=O)[O-])N2C(=O)[C@@H](NC(=O)/C(=N\OCF)c3nsc(N)n3)[C@H]2SC1)CC(N)=O,XAKKNLNAJBNLPC-MAYKBZFQSA-N,1,chembl_external,0.5484320208823398
CO/N=C(\C(=O)N[C@@H]1C(=O)N2C(C(=O)O)=C(CSc3nnnn3C)CS[C@H]12)c1csc(N)n1,HJJDBAOLQAWBMH-YCRCPZNHSA-N,1,chembl_external,0.9469400557653227
CO[C@@]1(NC(=O)CSCC#N)C(=O)N2C(C(=O)O)=C(CSc3nnnn3C)CS[C@@H]21,SNBUBQHDYVFSQF-HIFRSBDPSA-N,1,chembl_external,0.6441979817783446
CO[C@@]1(NC(=O)CSC[C@@H](N)C(=O)O)C(=O)N2C(C(=O)O)=C(CSc3nnnn3C)CS[C@@H]21,JSDXOWVAHXDYCU-VXSYNFHWSA-N,1,chembl_external,0.6046939869157868
CO/N=C(\C(=O)N[C@@H]1C(=O)N2C(C(=O)O)=C(CSc3nc(C)c(CC(=O)O)s3)CS[C@H]12)c1csc(N)n1,XDZKBRJLTGRPSS-BGZQYGJUSA-N,1,chembl_external,0.9165926298538265
O=C(O)C1=C(CSc2nnnn2CS(=O)(=O)O)CS[C@@H]2[C@H](NC(=O)[C@H](O)c3ccccc3)C(=O)N12,DYAIAHUQIPBDIP-AXAPSJFSSA-N,1,chembl_external,0.19882295542367112
O=C1c2cccc(O)c2C(=O)c2c(O)cccc21,QBPFLULOKWLNNW-UHFFFAOYSA-N,1,chembl_external,0.17550227078648395
COc1cc(Cc2cnc(N)nc2N)cc(OC)c1OC.Nc1ccc(S(=O)(=O)c2ccc(N)cc2)cc1,AOAHJDTZXVIEOS-UHFFFAOYSA-N,1,chembl_external,0.23779830492868978
CCN(CC)CC[n+]1ccc2c(C)c3[nH]c4ccc(O)cc4c3c(C)c2c1.[Cl-],UCICRVXYPSKKJK-UHFFFAOYSA-N,1,chembl_external,0.09022429391854736
CCN1C(=O)NC(c2ccccc2)C1=O,SZQIFWWUIBRPBZ-UHFFFAOYSA-N,1,chembl_external,0.7129696874952156
CCNC1=Nc2ccc(Cl)cc2C(C)(c2ccccc2)O1,IBYCYJFUEJQSMK-UHFFFAOYSA-N,1,chembl_external,0.8198058695965652
CC(C)(Oc1ccc(Cl)cc1)C(=O)OCCOC(=O)c1cccnc1,XXRVYAFBUDSLJX-UHFFFAOYSA-N,1,chembl_external,0.10871035843413297
CCOC(=O)c1cncn1[C@H](C)c1ccccc1,NPUKDXXFDDZOKR-LLVKDONJSA-N,1,chembl_external,0.10785252112044719
CCOC(=O)/C=C(C)/C=C/C=C(C)/C=C/c1c(C)cc(OC)c(C)c1C,HQMNCQVAMBCHCO-DJRRULDNSA-N,1,chembl_external,0.9246164874829382
NS(=O)(=O)OCCCCCCCOS(N)(=O)=O,GOJJWDOZNKBUSR-UHFFFAOYSA-N,1,chembl_external,0.07358679165634992
CC1(C)S[C@@H]2[C@H](N3C(=O)[C@@H](c4ccccc4)NC3(C)C)C(=O)N2[C@H]1C(=O)O,DXVUYOAEDJXBPY-NFFDBFGFSA-N,1,chembl_external,0.5056098908617334
CC(=O)NCCCCCCNC(C)=O,BNQSTAOJRULKNX-UHFFFAOYSA-N,1,chembl_external,0.08654855168007702
CC[C@H](c1ccc(O)cc1)[C@@H](CC)c1ccc(O)cc1,PBBGSZCBWVPOOL-HDICACEKSA-N,1,chembl_external,0.050662281928945126
CN1CCCN(C(c2ccccc2)c2ccc(Cl)cc2)CC1,WEUCDJCFJHYFRL-UHFFFAOYSA-N,1,chembl_external,0.5617410003955011
COC(=O)C[C@](O)(CCCC(C)(C)O)C(=O)O[C@@H]1C(OC)=C[C@]23CCCN2CCc2cc4c(cc2[C@H]13)OCO4,HYFHYPWGAURHIV-JFIAXGOJSA-N,1,chembl_external,0.07286211466676376
CN(CCCN1c2ccccc2CCc2ccccc21)CC(=O)c1ccc(Cl)cc1,SAPNXPWPAUFAJU-UHFFFAOYSA-N,1,chembl_external,0.24448241072115182
O=C(O)Cc1cn(-c2ccccc2)nc1-c1ccc(Cl)cc1,XVUQHFRQHBLHQD-UHFFFAOYSA-N,1,chembl_external,0.3961399739727219
O=C(O)c1nn(Cc2ccc(Cl)cc2Cl)c2ccccc12,WDRYRZXSPDWGEB-UHFFFAOYSA-N,1,chembl_external,0.43435050988929347
Cc1cccc(C)c1OCC(=O)N[C@@H](Cc1ccccc1)[C@@H](O)C[C@H](Cc1ccccc1)NC(=O)[C@H](C(C)C)N1CCCNC1=O,KJHKTHWMRKYKJE-SUGCFTRWSA-N,1,chembl_external,0.1267554126651305
N[C@@H](C(=O)N[C@@H]1C(=O)N2C(C(=O)O)=C(Cl)CC[C@H]12)c1ccccc1,JAPHQRWPEGVNBT-UTUOFQBUSA-N,1,chembl_external,0.22148434734075487
CCOC(=O)N1CCC(=C2c3ccc(Cl)cc3CCc3cccnc32)CC1,JCCNYMKQOSZNPW-UHFFFAOYSA-N,1,chembl_external,0.6187684250314301
O=C1CC[C@@]2(O)[C@H]3Cc4ccc(O)c5c4[C@@]2(CCN3CC2CC2)[C@H]1O5,DQCKKXVULJGBQN-XFWGSAIBSA-N,1,chembl_external,0.04441676287104874
C[C@]12CC[C@H]3[C@@H](CCC4=CC(=O)CC[C@@H]43)[C@@H]1CC[C@@H]2O,NPAGDVCDWIYMMC-IZPLOLCNSA-N,1,chembl_external,0.03508617401397523
C/N=C(/Cc1ccc2ccccc2c1)NC,NAHCWQNNENHGNH-UHFFFAOYSA-N,1,chembl_external,0.11459628572796936
CCCN1CCO[C@@H]2c3cc(O)ccc3CC[C@H]21,JCSREICEMHWFAY-HUUCEWRRSA-N,1,chembl_external,0.05394397831734829
NCC1CC(=O)N(Cc2ccccc2)C1,LCAFGJGYCUMTGS-UHFFFAOYSA-N,1,chembl_external,0.5502054539128348
CCCc1c2oc(C(=O)O)cc(=O)c2cc2c(=O)cc(C(=O)O)n(CC)c12,RQTOOFIXOKYGAN-UHFFFAOYSA-N,1,chembl_external,0.4374094030960389
CCCCC1C(=O)N(c2ccccc2)N(c2ccccc2)C1=O,VYMDGNCVAMGZFE-UHFFFAOYSA-N,1,chembl_external,0.270865994820537
C1CNCCN1.CCCCC1C(=O)N(c2ccccc2)N(c2ccccc2)C1=O,HWGAOXKGTHUMFZ-UHFFFAOYSA-N,1,chembl_external,0.27701203767009197
O=C(O)c1ccccc1C(=O)Nc1ccc(S(=O)(=O)Nc2nccs2)cc1,PBMSWVPMRUJMPE-UHFFFAOYSA-N,1,chembl_external,0.22451288235406144
CC1=C(C/C=C(\C)CCC[C@H](C)CCC[C@H](C)CCCC(C)C)C(=O)c2ccccc2C1=O,MBWXNTAXLNYFJB-NKFFZRIASA-N,1,chembl_external,0.09980349074956041
Cc1c(C)c2ccc(OCCCN3CCN(Cc4ccc(Cl)cc4)CC3)cc2oc1=O,USCSJAIWXWYTEH-UHFFFAOYSA-N,1,chembl_external,0.34472248832844227
O=c1[nH]c2ccccc2n1C1CCN(CCCC(c2ccc(F)cc2)c2ccc(F)cc2)CC1,YVUQSNJEYSNKRX-UHFFFAOYSA-N,1,chembl_external,0.49285927523119105
CCCC(=O)O[C@H]1[C@H](C)O[C@@H](O[C@H]2[C@H](N(C)C)[C@@H](O)[C@H](O[C@H]3[C@@H](CC=O)C[C@@H](C)[C@@H](O)/C=C/C=C/C[C@@H](C)OC(=O)C[C@@H](O)[C@@H]3OC)O[C@@H]2C)C[C@@]1(C)OC(=O)CC,VYWWNRMSAPEJLS-MDWYKHENSA-N,1,chembl_external,0.05713037988704798
CN(C)[C@@H]1C(O)=C(C(=O)NCN2CCCC2)C(=O)[C@@]2(O)C(O)=C3C(=O)c4c(O)cccc4[C@@](C)(O)[C@H]3C[C@@H]12,HMEYVGGHISAPJR-IAHYZSEUSA-N,1,chembl_external,0.06223800590482542
CN(CCOc1ccc(CC2SC(=O)NC2=O)cc1)c1ccccn1,YASAKCUCGLMORW-UHFFFAOYSA-N,1,chembl_external,0.9230420609625242
CC(=O)OCC(=O)NCCCOc1cccc(CN2CCCCC2)c1,SMTZFNFIKUPEJC-UHFFFAOYSA-N,1,chembl_external,0.09526378097795096
Oc1ccc2[nH]cc(CCCCN3CC=C(c4ccccc4)CC3)c2c1,HGEYJZMMUGWEOT-UHFFFAOYSA-N,1,chembl_external,0.14813274717788885
CC[C@H]1OC(=O)[C@H](C)[C@@H](O[C@H]2C[C@@](C)(OC)[C@@H](O)[C@H](C)O2)[C@H](C)[C@@H](O[C@@H]2O[C@H](C)C[C@H](N(C)C)[C@H]2O)[C@](C)(O)C[C@@H](C)/C(=N\OCOCCOC)[C@H](C)[C@@H](O)[C@]1(C)O,RXZBMPWDPOLZGW-XMRMVWPWSA-N,1,chembl_external,0.40840897674978455
CCOC(=O)c1c(N)sc2c1CCN(Cc1ccccc1)C2,PFENFDGYVLAFBR-UHFFFAOYSA-N,1,chembl_external,0.19501296199554333
Clc1ccc(C(Cn2ccnc2)OCc2ccsc2Cl)c(Cl)c1,QXHHHPZILQDDPS-UHFFFAOYSA-N,1,chembl_external,0.4883822948288905
CC1=C(/C=C/C(C)=C/C=C/C(C)=C/CO)C(C)(C)CCC1.O=C(O)Cc1cc(I)c(Oc2ccc(O)c(I)c2)c(I)c1,QILNNHVSNXVFLQ-FUTAMACOSA-N,1,chembl_external,0.5139820422381266
C[C@@H]1C[C@H]2[C@@H]3CCC4=CC(=O)C=C[C@]4(C)C3=CC[C@]2(C)[C@H]1C(=O)CN1CCN(c2cc(N3CCCC3)nc(N3CCCC3)n2)CC1,RBKASMJPSJDQKY-RBFSKHHSSA-N,1,chembl_external,0.08549995458727787
Sc1ncnc2[nH]ncc12,PYAOPMWCFSVFOT-UHFFFAOYSA-N,1,chembl_external,0.38734038407319415
C[C@H]1[C@H](OC(=O)CCC(=O)O)O[C@@H]2O[C@@]3(C)CC[C@H]4[C@H](C)CC[C@@H]1[C@@]24OO3,FIHJKUPKCHIPAT-AHIGJZGOSA-N,1,chembl_external,0.06524249600182584
CNC(=O)C[C@@H](N)C(=O)N[C@@H](C(=O)N[C@@H]1C(=O)N2[C@@H]1SC(C)(C)[C@@H]2C(=O)O)c1ccc(O)cc1,BHELIUBJHYAEDK-OAIUPTLZSA-N,1,chembl_external,0.3747283439213003
CO[C@H]1[C@@H](O)[C@H](N)[C@@H](O[C@H]2O[C@H]([C@H](C)N)CC[C@H]2N)[C@H](O)[C@@H]1N(C)C(=O)CN,BIDUPMYXGFNAEJ-APGVDKLISA-N,1,chembl_external,0.058711524285331725
CNC(=O)c1cccc2c(Nc3ccc(NS(C)(=O)=O)cc3OC)c3cccc(C)c3nc12,TWHSQQYCDVSBRK-UHFFFAOYSA-N,1,chembl_external,0.41041896505482783
CCNc1cccnc1N1CCN(C(=O)c2cc3cc(OC)ccc3[nH]2)CC1,UCPOMLWZWRTIAA-UHFFFAOYSA-N,1,chembl_external,0.1429212895084873
O=C1C(O)=C([C@H]2CC[C@H](c3ccc(Cl)cc3)CC2)C(=O)c2ccccc21,KUCQYCKVKVOKAY-CTYIDZIISA-N,1,chembl_external,0.7444962556936686
CC1(C)[C@H](C(=O)O)N2C(=O)C[C@H]2S1(=O)=O.CCN1CCN(C(=O)N[C@@H](C(=O)N[C@@H]2C(=O)N3C(C(=O)O)=C(CSc4nnnn4C)CS[C@H]23)c2ccc(O)cc2)C(=O)C1=O,WIKQLQXZUYAZQC-KYNIKAHCSA-N,1,chembl_external,0.5849302298289877
NCc1ccccc1CC(=O)N[C@@H]1C(=O)N2C(C(=O)O)=C(CSc3nnnn3CC(=O)O)CS[C@H]12,SLAYUXIURFNXPG-CRAIPNDOSA-N,1,chembl_external,0.4216572266548202
CO/N=C(\C(=O)N[C@@H]1C(=O)N2C(C(=O)[O-])=C(C[n+]3ccc(N)n3CCO)CS[C@H]12)c1csc(N)n1,BHXLLRXDAYEMPP-SBGRAJFYSA-N,1,chembl_external,0.7826383090797596
CO[C@@]1(NC(=O)C2SC(=C(C(N)=O)C(=O)O)S2)C(=O)N2C(C(=O)O)=C(CSc3nnnn3C)CS[C@@H]21,SRZNHPXWXCNNDU-RHBCBLIFSA-N,1,chembl_external,0.7655782362082663
CN(C)CCn1nnnc1SCC1=C(C(=O)O)N2C(=O)[C@@H](NC(=O)Cc3csc(N)n3)[C@H]2SC1,QYQDKDWGWDOFFU-IUODEOHRSA-N,1,chembl_external,0.8208632694199265
CC(OC(=O)OC1CCCCC1)OC(=O)C1=C(CSc2nnnn2CCN(C)C)CS[C@@H]2[C@H](NC(=O)Cc3csc(N)n3)C(=O)N12,VVFDMWZLBPUKTD-ZKRNHDOASA-N,1,chembl_external,0.599207218135653
CO[C@@]1(NC(=O)Cc2cccs2)C(=O)N2C(C(=O)O)=C(COC(N)=O)CS[C@@H]21,WZOZEZRFJCJXNZ-ZBFHGGJFSA-N,1,chembl_external,0.6189219914440208
COc1cccc2c1C(=O)c1c(O)c3c(c(O)c1C2=O)C[C@@](O)(C(C)=O)C[C@@H]3O[C@H]1C[C@H](N)[C@H](O)[C@H](C)O1,STQGQHZAVUOBTE-VGBVRHCVSA-N,1,chembl_external,0.4733996069064667
CCC1=C(C[C@H]2NCCc3cc(OC)c(OC)cc32)C[C@H]2c3cc(OC)c(OC)cc3CCN2C1,XXLZPUYGHQWHRN-RPBOFIJWSA-N,1,chembl_external,0.0949800854656002
CCOC(=O)[C@H](CCc1ccccc1)N[C@@H](C)C(=O)N(CC(=O)O)C1Cc2ccccc2C1,WOUOLAUOZXOLJQ-MBSDFSHPSA-N,1,chembl_external,0.7365352134589885
CN(C)[C@@H]1C(O)=C(C(N)=O)C(=O)[C@@]2(O)C(O)=C3C(=O)c4c(O)ccc(Cl)c4[C@@H](O)[C@H]3C[C@@H]12,FMTDIUIBLCQGJB-SEYHBJAFSA-N,1,chembl_external,0.13041027944768513
CNCCON=c1c2ccccc2ccc2ccccc12,SEDQWOMFMIJKCU-UHFFFAOYSA-N,1,chembl_external,0.19083285358393484
CO[C@@H]1O[C@H](CO)[C@H](O)[C@H](O[C@@H]2O[C@@H](C(=O)O)[C@@H](OC)[C@H](O)[C@H]2O)[C@H]1NC(C)=O,OEANUJAFZLQYOD-CXAZCLJRSA-N,1,chembl_external,0.040004183804052844
COc1ccc(CCN(C)CCCOc2ccc(S(=O)(=O)c3c(C(C)C)cn4ccccc34)cc2)cc1OC,ITAMRBIZWGDOHW-UHFFFAOYSA-N,1,chembl_external,0.3232270851735575
C[C@@H](O)[C@H]1C(=O)N2C(C(=O)O)=C([C@H]3CCCO3)S[C@H]12,HGGAKXAHAYOLDJ-FHZUQPTBSA-N,1,chembl_external,0.138838619355747
Nc1ncn([C@@H]2O[C@H](CO)[C@@H](O)[C@@H]2O)c(=O)n1,NMUSYJAQQFHJEW-ARQDHWQXSA-N,1,chembl_external,0.4307800066807513
CCCCOCC(CN1C(=O)NC(=O)C(CC)(c2ccccc2)C1=O)OC(N)=O,QHZQILHUJDRDAI-UHFFFAOYSA-N,1,chembl_external,0.9200625271308915
COc1ccc(OC[C@H]2CN(C)CC[C@@H]2c2ccccc2)cc1,OJSFTALXCYKKFQ-YLJYHZDGSA-N,1,chembl_external,0.12096361251332978
O=C(O)CCC(=O)c1ccc(-c2ccccc2)cc1,ZPAKPRAICRBAOD-UHFFFAOYSA-N,1,chembl_external,0.13795745849456464
NN,OAKJQQAXSVQMHS-UHFFFAOYSA-N,1,chembl_external,0.11934639678204118
C[C@]12CCC(=O)C=C1CC[C@@H]1[C@@H]2[C@@H](O)C[C@@]2(C)[C@H]1CC[C@]2(O)C(=O)CO,JYGXADMDTFJGBT-VWUMJDOOSA-N,1,chembl_external,0.20180578728352105
CC(=O)[C@@]1(O)CC[C@H]2[C@@H]3CCC4=CC(=O)CC[C@]4(C)[C@H]3CC[C@@]21C,DBPWSSGDRRHUNT-CEGNMAFCSA-N,1,chembl_external,0.7372365001153046
N=C(N)c1ccc(/C=C/c2ccc(C(=N)N)cc2O)cc1,TUESWZZJYCLFNL-DAFODLJHSA-N,1,chembl_external,0.041067938363108174
CN(C)[C@@H]1C(O)=C(C(=O)NCNCCCC[C@H](N)C(=O)O)C(=O)[C@@]2(O)C(O)=C3C(=O)c4c(O)cccc4[C@@](C)(O)[C@H]3C[C@@H]12,AHEVKYYGXVEWNO-UEPZRUIBSA-N,1,chembl_external,0.21103776546205055
C#C[C@]1(O)CC[C@H]2[C@@H]3CCC4=CCCC[C@@H]4[C@H]3CC[C@@]21C,YNVGQYHLRCDXFQ-XGXHKTLJSA-N,1,chembl_external,0.0971169375053544
CNC(=O)[C@@H](NC(=O)[C@H](CC(C)C)[C@H](O)C(=O)NO)C(C)(C)C,OCSMOTCMPXTDND-OUAUKWLOSA-N,1,chembl_external,0.030910413050381225
CCN[C@@H]1C[C@H](N)[C@@H](O[C@H]2OC(CN)=CC[C@H]2N)[C@H](O)[C@H]1O[C@H]1OC[C@](C)(O)[C@H](NC)[C@H]1O,CIDUJQMULVCIBT-MQDUPKMGSA-N,1,chembl_external,0.05735709964033354
O=C(OCC(COC(=O)c1cccnc1)(COC(=O)c1cccnc1)COC(=O)c1cccnc1)c1cccnc1,KUEUWHJGRZKESU-UHFFFAOYSA-N,1,chembl_external,0.06993234931260178
O=[N+]([O-])c1cc(Cl)cc(-c2cc(Cl)cc([N+](=O)[O-])c2O)c1O,XULACPAEUUWKFX-UHFFFAOYSA-N,1,chembl_external,0.22222268641855955
NC(=O)c1cccnc1,DFPAKSUCGFBDDF-UHFFFAOYSA-N,1,chembl_external,0.7081289746840712
CCN1CCN(C(=O)N[C@@H](C(=O)N[C@@H]2C(=O)N3[C@@H]2SC(C)(C)[C@@H]3C(=O)O)c2ccccc2)C(=O)C1=O,IVBHGBMCVLDMKU-GXNBUGAJSA-N,1,chembl_external,0.7747844733277581
CCN1CCN(C(=O)N[C@@H](C(=O)N[C@@H]2C(=O)N3[C@@H]2SC(C)(C)[C@@H]3C(=O)O)c2ccccc2)C(=O)C1=O.C[C@]1(Cn2ccnn2)[C@H](C(=O)O)N2C(=O)C[C@H]2S1(=O)=O,LITBAYYWXZOHAW-XDZRHBBOSA-N,1,chembl_external,0.3488766955849245
C1CNCCN1,GLUUGHFHXGJENI-UHFFFAOYSA-N,1,chembl_external,0.16826303641242876
CN(C)S(=O)(=O)c1ccc2c(c1)N(CCCN1CCC(CCO)CC1)c1ccccc1S2,JOMHSQGEWSNUKU-UHFFFAOYSA-N,1,chembl_external,0.6679223291223266
COc1cccc2c1C(=O)c1c(O)c3c(c(O)c1C2=O)C[C@@](O)(C(=O)CO)C[C@@H]3O[C@H]1C[C@H](N)[C@H](O[C@@H]2CCCCO2)[C@H](C)O1,KMSKQZKKOZQFFG-YXRRJAAWSA-N,1,chembl_external,0.2833017581263129
CN1CCN(CC(=O)N2c3ccccc3C(=O)Nc3cccnc32)CC1,RMHMFHUVIITRHF-UHFFFAOYSA-N,1,chembl_external,0.5774208790849181
NS(=O)(=O)c1cc(C(=O)O)cc(N2CCCC2)c1Oc1ccccc1,UJEWTUDSLQGTOA-UHFFFAOYSA-N,1,chembl_external,0.4465394316931553
O=C1NS(=O)(=O)c2ccccc21,CVHZOJJKTDOEJC-UHFFFAOYSA-N,1,chembl_external,0.1412988524791951
OCc1cc(C(O)CNCCCCCCOCCCCc2ccccc2)ccc1O,GIIZNNXWQWCKIB-UHFFFAOYSA-N,1,chembl_external,0.6359617711274662
CCC(C)n1ncn(-c2ccc(N3CCN(c4ccc(OC[C@H]5CO[C@](Cn6cncn6)(c6ccc(F)cc6F)O5)cc4)CC3)cc2)c1=O,HUADITLKOCMHSB-ZPGVKDDISA-N,1,chembl_external,0.9020188717182166
C#CCN(C)[C@H](C)Cc1ccccc1,MEZLKOACVSPNER-GFCCVEGCSA-N,1,chembl_external,0.21339665403220776
[SeH2],SPVXKVOXSXTJOY-UHFFFAOYSA-N,1,chembl_external,0.3233112166206877
Cc1cccc(N2CC(CO)OC2=O)c1,MXUNKHLAEDCYJL-UHFFFAOYSA-N,1,chembl_external,0.3043154747010733
NC[C@H]1O[C@H](O[C@H]2[C@H](O)[C@@H](O[C@H]3O[C@H](CO)[C@@H](O)[C@H](N)[C@H]3O)[C@H](N)C[C@@H]2N)[C@H](N)C[C@@H]1O,NLVFBUXFDBBNBW-PBSUHMDJSA-N,1,chembl_external,0.04430948940547072
Cc1c(C)c2c(c(C)c1O)CC[C@@](C)(CCC[C@H](C)CCC[C@H](C)CCCC(C)C)O2,GVJHHUAWPYXKBD-IEOSBIPESA-N,1,chembl_external,0.05117267708148393
CCOC(=O)NNc1nncc2ccccc12,WGZDBVOTUVNQFP-UHFFFAOYSA-N,1,chembl_external,0.21071127609852225
COCc1c(C(=O)OC(C)C)ncc2[nH]c3ccc(OCc4ccccc4)cc3c12,RLFKILXOLJVUNF-UHFFFAOYSA-N,1,chembl_external,0.06986975701601093
Nc1ncn([C@@H]2O[C@H](CO)[C@@H](O)[C@H]2O)c(=O)n1,NMUSYJAQQFHJEW-KVTDHHQDSA-N,1,chembl_external,0.4307800066807513
CCCC1C(=O)N2C(N(C)C)=Nc3ccc(C)cc3N2C1=O,MPHPHYZQRGLTBO-UHFFFAOYSA-N,1,chembl_external,0.8131817595827435
CC1(C)S[C@@H]2[C@H](NC(=O)[C@H](NC(=O)N3CCNC3=O)c3ccccc3)C(=O)N2[C@H]1C(=O)O,JTWOMNBEOCYFNV-NFFDBFGFSA-N,1,chembl_external,0.7653522617930687
C[C@H]1[C@H](NC(=O)/C(=N\OC(C)(C)C(=O)O)c2csc(N)n2)C(=O)N1S(=O)(=O)O,WZPBZJONDBGPKJ-VEHQQRBSSA-N,1,chembl_external,0.44497502003554407
CCOC(=O)OC(C)OC(=O)[C@@H]1N2C(=O)[C@@H](NC(=O)[C@H](N)c3ccccc3)[C@H]2SC1(C)C,PFOLLRNADZZWEX-FFGRCDKISA-N,1,chembl_external,0.3410706729957762
CCOC(=O)OC(C)OC(=O)[C@@H]1N2C(=O)[C@@H](/N=C/N3CCCCCC3)[C@H]2SC1(C)C,XHKFBADIZIDYBU-MLFVOLAISA-N,1,chembl_external,0.253919846475344
CO/N=C(\C(=O)N[C@@H]1C(=O)N2C(C(=O)[O-])=C(C[n+]3ccn4ncccc43)CS[C@H]12)c1nsc(N)n1,QDUIJCOKQCCXQY-WHJQOFBOSA-N,1,chembl_external,0.8467810924387988
O=C(O)C1=C(C[n+]2ccc(CCS(=O)(=O)[O-])cc2)CS[C@@H]2[C@H](NC(=O)[C@H](NC(=O)c3nc[nH]c3C(=O)O)c3ccccc3)C(=O)N12,LNZMRLHZGOBKAN-KAWPREARSA-N,1,chembl_external,0.253160214868192
Cc1cc(O)c(C(=O)N[C@@H](C(=O)N[C@@H]2C(=O)N3C(C(=O)O)=C(CSc4nnnn4C)CS[C@H]23)c2ccc(O)cc2)cn1,PWAUCHMQEXVFJR-PMAPCBKXSA-N,1,chembl_external,0.6338029259553575
CO/N=C(\C(=O)N[C@@H]1C(=O)N2C(C(=O)[O-])=C(C[n+]3cccc4c3CCC4)CS[C@H]12)c1csc(N)n1,DKOQGJHPHLTOJR-WHRDSVKCSA-N,1,chembl_external,0.8435856012808901
COCC1=C(C(=O)O)N2C(=O)[C@@H](NC(=O)/C(=N\OC)c3csc(N)n3)[C@H]2SC1,WYUSVOMTXWRGEK-HBWVYFAYSA-N,1,chembl_external,0.9549349474463714
COCC1=C(C(=O)OC(C)OC(=O)OC(C)C)N2C(=O)[C@@H](NC(=O)/C(=N\OC)c3csc(N)n3)[C@H]2SC1,LTINZAODLRIQIX-FBXRGJNPSA-N,1,chembl_external,0.7218584266144891
CC=CC1=C(C(=O)O)N2C(=O)[C@@H](NC(=O)[C@H](N)c3ccc(O)cc3)[C@H]2SC1,WDLWHQDACQUCJR-PBFPGSCMSA-N,1,chembl_external,0.20918031384972083
CC1=C(C(=O)O)N2C(=O)[C@@H](NC(=O)[C@H](N)C3=CCC=CC3)[C@H]2SC1,RDLPVSKMFDYCOR-UEKVPHQBSA-N,1,chembl_external,0.21665952945998188
COC1=C(C(=O)O)N2C(=O)[C@@H](NC(=O)[C@H](N)C3=CCC=CC3)[C@H]2SC1,RDMOROXKXONCAL-UEKVPHQBSA-N,1,chembl_external,0.2354374771660361
Nc1ncc2ncn(COCCO)c2n1,OKQHSIGMOWQUIK-UHFFFAOYSA-N,1,chembl_external,0.5069008677203559
N=C(N)NCCC[C@@H](NC(=O)[C@@H]1CCCN1C(=O)[C@@H]1CSSCCC(=O)N[C@@H](Cc2ccc(O)cc2)C(=O)N[C@@H](Cc2ccccc2)C(=O)N[C@@H](CCC(N)=O)C(=O)N[C@@H](CC(N)=O)C(=O)N1)C(=O)NCC(N)=O,NFLWUMRGJYTJIN-PNIOQBSNSA-N,1,chembl_external,0.045994561686852974
CCOC(OCC)C(=O)OCC(=O)[C@]1(O)Cc2c(O)c3c(c(O)c2[C@@H](O[C@H]2C[C@H](N)[C@H](O)[C@H](C)O2)C1)C(=O)c1c(OC)cccc1C3=O,XZSRRNFBEIOBDA-CFNBKWCHSA-N,1,chembl_external,0.3648671729192232
C[C@@H]1C[C@H]2[C@@H]3CCC4=CC(=O)C=C[C@]4(C)[C@@]3(F)[C@@H](O)C[C@]2(C)[C@@]1(O)C(=O)CO,UREBDLICKHMUKA-CXSFZGCWSA-N,1,chembl_external,0.06366541360437539
CN(C)CC[C@@H](c1ccc(Cl)cc1)c1ccccn1,SOYKEARSMXGVTM-HNNXBMFYSA-N,1,chembl_external,0.5322742413522624
CCN[C@@H](C)Cc1cccc(C(F)(F)F)c1,DBGIVFWFUFKIQN-VIFPVBQESA-N,1,chembl_external,0.08275483342709522
C[C@@H](CN1CC(=O)NC(=O)C1)N1CC(=O)NC(=O)C1,BMKDZUISNHGIBY-ZETCQYMHSA-N,1,chembl_external,0.20598691415854745
O=C(O)Cc1ccccc1Oc1ccc(Cl)cc1Cl,IDKAXRLETRCXKS-UHFFFAOYSA-N,1,chembl_external,0.47312232442898744
CCCCN/C(=C1/C=C(Cl)C=CC1=O)c1ccccc1Cl,JTVLYHXMPUSZIT-VKAVYKQESA-N,1,chembl_external,0.5518331635245631
CC1=C(/C=C/C(C)=C/C=C/C(C)=C/C(=O)Nc2ccc(O)cc2)C(C)(C)CCC1,AKJHMTWEGVYYSE-FXILSDISSA-N,1,chembl_external,0.6907308300040763
O=C(O)Cc1sc(-c2ccccc2)nc1-c1ccc(Cl)cc1,JIEKMACRVQTPRC-UHFFFAOYSA-N,1,chembl_external,0.412881002092006
CC(C)=CCC1C(=O)N(c2ccccc2)N(c2ccccc2)C1=O,RBBWCVQDXDFISW-UHFFFAOYSA-N,1,chembl_external,0.2770300731552387
COc1cc(/C=C/C(=O)O)ccc1O,KSEBMYQBYZTDHS-HWKANZROSA-N,1,chembl_external,0.03829885291088121
CC(C)(N)C(=O)N[C@H](COCc1ccccc1)C(=O)N1CCC2(CC1)CN(S(C)(=O)=O)c1ccccc12,UMUPQWIGCOZEOY-JOCHJYFZSA-N,1,chembl_external,0.07241262535489211
CC(=O)[C@]1(O)Cc2c(O)c3c(c(O)c2[C@@H](O[C@H]2C[C@H](N)[C@H](O)[C@H](C)O2)C1)C(=O)c1ccccc1C3=O,XDXDZDZNSLXDNA-TZNDIEGXSA-N,1,chembl_external,0.10724350784718446
COC1=C(OC)C(=O)C(CCCCCCCCCCO)=C(C)C1=O,JGPMMRGNQUBGND-UHFFFAOYSA-N,1,chembl_external,0.11393164954813827
O=c1[nH]c(=O)n([C@H]2C[C@H](O)[C@@H](CO)O2)cc1I,XQFRJNBWHJMXHO-RRKCRQDMSA-N,1,chembl_external,0.14930938465942398
CCCCCCCCCCCCCCCCSCC(COC)COP(=O)([O-])OCC[N+](C)(C)C,ODEDPKNSRBCSDO-UHFFFAOYSA-N,1,chembl_external,0.02646597397812915
CC1(C)C[C@@H]1C(=O)N/C(=C\CCCCSC[C@H](N)C(=O)O)C(=O)O.C[C@@H](O)[C@H]1C(=O)N2C(C(=O)O)=C(SCC/N=C\N)C[C@H]12,NCCJWSXETVVUHK-ZYSAIPPVSA-N,1,chembl_external,0.21414890992805669
CCN(CC)CCn1c(-c2ccccc2)noc1=N,MGSPDRWOUCPKNZ-UHFFFAOYSA-N,1,chembl_external,0.2767499797590227
CCC(C)C(C)(COC(N)=O)COC(N)=O,LEROTMJVBFSIMP-UHFFFAOYSA-N,1,chembl_external,0.5625028114322982
CO[C@H]1Cc2c(O)cc(O)cc2O[C@@H]1c1ccc(O)c(O)c1,PDHSAQOQVUXZGQ-JKSUJKDBSA-N,1,chembl_external,0.018411140578263974
CN(C)CC(Oc1ccccc1)Oc1ccccc1,QNMGHBMGNRQPNL-UHFFFAOYSA-N,1,chembl_external,0.12383426418030406
CC(=O)O[C@]1(C(C)=O)CC[C@H]2[C@@H]3C=C(C)C4=CC(=O)CC[C@]4(C)[C@H]3CC[C@@]21C,RQZAXGRLVPAYTJ-GQFGMJRRSA-N,1,chembl_external,0.11539265512152103
Nc1nc(N)nc(Nc2ccc([As]3SCC(CO)S3)cc2)n1,JCYZMTMYPZHVBF-UHFFFAOYSA-N,1,chembl_external,0.2392333299211491
CC1CS(=O)(=O)CCN1/N=C/c1ccc([N+](=O)[O-])o1,ARFHIAQFJWUCFH-IZZDOVSWSA-N,1,chembl_external,0.18801098896702229
O=C1CN(/N=C/c2ccc([N+](=O)[O-])o2)C(=O)N1CO,UIDWQGRXEVDFCA-XCVCLJGOSA-N,1,chembl_external,0.6294682951071949
COC(=O)C1=C(C#N)NC(C)=C(C(=O)OC(C)C)C1c1cccc([N+](=O)[O-])c1,FAIIFDPAEUKBEP-UHFFFAOYSA-N,1,chembl_external,0.6088705905691062
Cc1ncc(CNC(=O)N(CCCl)N=O)c(N)n1,VFEDRRNHLBGPNN-UHFFFAOYSA-N,1,chembl_external,0.53603557632898
CN(C)Cc1ccc(CSCCN/C(=C\[N+](=O)[O-])NCc2ccc3c(c2)OCO3)o1,HXRSXEDVVARPHP-UDWIEESQSA-N,1,chembl_external,0.9127649857270447
c1cnc(N2CCN(Cc3ccc4c(c3)OCO4)CC2)nc1,OQDPVLVUJFGPGQ-UHFFFAOYSA-N,1,chembl_external,0.13204789569884223
Cc1cccc(Nc2cc(Cl)nc(SCC(=O)NCCO)n2)c1C,RZCKTPORLKUFGY-UHFFFAOYSA-N,1,chembl_external,0.0782851180627905
COc1ccc(OC)c(Cc2cnc3nc(N)nc(N)c3c2C)c1,VJXSSYDSOJBUAV-UHFFFAOYSA-N,1,chembl_external,0.0874486035388765
CC1CCCC(C)N1CCCC(O)(c1ccccc1)c1ccccn1,APUDBKTWDCXQJA-UHFFFAOYSA-N,1,chembl_external,0.2893907307519066
NCCCNc1ccc2c3c(nn2CCNCCO)-c2c(O)ccc(O)c2C(=O)c13,QEWPVAOWLNMLRI-UHFFFAOYSA-N,1,chembl_external,0.20183337300751925
CCc1[nH]c(=O)[nH]c1C(=O)c1ccncc1,OQGWJZOWLHWFME-UHFFFAOYSA-N,1,chembl_external,0.14630283489969959
O=C(O)C[C@H](O)C[C@H](O)/C=C/c1c(C2CC2)nc2ccccc2c1-c1ccc(F)cc1,VGYFMXBACGZSIL-MCBHFWOFSA-N,1,chembl_external,0.8234658446243847
CC(C)(C)C(=O)OCOC(=O)[C@@H]1N2C(=O)[C@@H](NC(=O)[C@H](N)c3ccccc3)[C@H]2SC1(C)C,ZEMIJUDPLILVNQ-ZXFNITATSA-N,1,chembl_external,0.3045349271092064
O=C1NCCN1CCN1CCC(c2cn(-c3ccc(F)cc3)c3ccc(Cl)cc23)CC1,GZKLJWGUPQBVJQ-UHFFFAOYSA-N,1,chembl_external,0.23885404724693102
CN[C@@H]1[C@@H](O)[C@@H](O[C@@H]2[C@@H](O)[C@H](O[C@H]3OC(CN)=CC[C@H]3N)[C@@H](N)C[C@H]2N)OC[C@]1(C)O,URWAJWIAIPFPJE-YFMIWBNJSA-N,1,chembl_external,0.0456385870658392
N[C@@H]1CN(c2c(F)cc3c(=O)c(C(=O)O)cn([C@@H]4C[C@@H]4F)c3c2Cl)CC12CC2,PNUZDKCDAWUEGK-CYZMBNFOSA-N,1,chembl_external,0.10986976305862646
CC[C@@]1(O)C(=O)OCc2c1cc1n(c2=O)Cc2cc3c(CN(C)C)c(O)ccc3nc2-1,UCFGDBYHRUNTLO-QHCPKHFHSA-N,1,chembl_external,0.08726658929382486
CN(C)CCOc1ccc(/C(=C(/CCCl)c2ccccc2)c2ccccc2)cc1,XFCLJVABOIYOMF-QPLCGJKRSA-N,1,chembl_external,0.9269874754755444
NC1CCN(c2nc3c(cc2F)c(=O)c(C(=O)O)cn3-c2ccc(F)cc2F)C1,WUWFMDMBOJLQIV-UHFFFAOYSA-N,1,chembl_external,0.9186035319171343
COc1ccc(/C=C/C(=O)Nc2ccccc2C(=O)O)cc1OC,NZHGWWWHIYHZNX-CSKARUKUSA-N,1,chembl_external,0.8222477523199276
CC(=O)c1ccc2c(c1)N(CCCN(C)C)c1ccccc1S2,NOSIYYJFMPDDSA-UHFFFAOYSA-N,1,chembl_external,0.29458684120185324
CC(=O)c1ccc2c(c1)N(CC(C)N(C)C)c1ccccc1S2,XLOQNFNTQIRSOX-UHFFFAOYSA-N,1,chembl_external,0.6841059114603705
CC(=O)N[C@@H](CS)C(=O)O,PWKSKIMOESPYIA-BYPYZUCNSA-N,1,chembl_external,0.07591613975649597
CC(CCC(=O)O)C1CC[C@H]2[C@@H]3CC[C@@H]4C[C@H](O)CC[C@]4(C)[C@H]3CC[C@]12C,SMEROWZSTRWXGI-XBNKRGGSSA-N,1,chembl_external,0.3119858564836579
CNC1CCCN(c2c(F)cc3c(=O)c(C(=O)O)cn(C4CC4)c3c2OC)C1,MGQLHRYJBWGORO-UHFFFAOYSA-N,1,chembl_external,0.921444787844831
O=C(O)CCNC(=O)c1ccc(/N=N/c2ccc(O)c(C(=O)O)c2)cc1,IPOKCKJONYRRHP-FMQUCBEESA-N,1,chembl_external,0.5113425107882233
CN(C)C(=O)Oc1cc(OC(=O)N(C)C)cc(C(O)CNC(C)(C)C)c1,ANZXOIAKUNOVQU-UHFFFAOYSA-N,1,chembl_external,0.5468826027728136
COC(=O)C1=C(C)NC(C)=C(C(=O)O[C@H]2CCN(Cc3ccccc3)C2)[C@H]1c1cccc([N+](=O)[O-])c1,VXMOONUMYLCFJD-DHLKQENFSA-N,1,chembl_external,0.10798398279345127
CCOC(=O)C(C)(CC)Oc1ccc(Cc2ccc(Cl)cc2)cc1,YWQGBCXVCXMSLJ-UHFFFAOYSA-N,1,chembl_external,0.4973794981828434
C[C@H]1C[C@H]2[C@@H]3CCC4=CC(=O)C=C[C@]4(C)[C@@]3(Cl)[C@@H](O)C[C@]2(C)[C@@]1(O)C(=O)CO,NBMKJKDGKREAPL-DVTGEIKXSA-N,1,chembl_external,0.0312613263959742
NC(=O)c1cc[n+](CC2=C(C(=O)[O-])N3C(=O)[C@@H](NC(=O)[C@@H](c4ccccc4)S(=O)(=O)O)[C@H]3SC2)cc1,SYLKGLMBLAAGSC-QLVMHMETSA-N,1,chembl_external,0.14773287384951986
CC(C)(O/N=C(\C(=O)N[C@@H]1C(=O)N2C(C(=O)[O-])=C(C[n+]3ccccc3)CS[C@H]12)c1csc(N)n1)C(=O)O,ORFOPKXBNMVMKC-DWVKKRMSSA-N,1,chembl_external,0.9136346391172578
CO/N=C(\C(=O)N[C@@H]1C(=O)N2C(C(=O)OCOC(=O)C(C)(C)C)=C(Cn3nnc(C)n3)CS[C@H]12)c1csc(N)n1,UIYAXIPXULMHAI-JLGRZTKVSA-N,1,chembl_external,0.8860054042697373
Nc1nc(/C(=C/CC(=O)O)C(=O)N[C@@H]2C(=O)N3C(C(=O)O)=CCS[C@H]23)cs1,UNJFKXSSGBWRBZ-BJCIPQKHSA-N,1,chembl_external,0.7957275570790929
CO/N=C(\C(=O)N[C@@H]1C(=O)N2C(C(=O)O)=CCS[C@H]12)c1csc(N)n1,NNULBSISHYWZJU-LLKWHZGFSA-N,1,chembl_external,0.9068331784700258
CO/N=C(\C(=O)N[C@@H]1C(=O)N2C(C(=O)OC(C)OC(C)=O)=C(COC(N)=O)CS[C@H]12)c1ccco1,KEJCWVGMRLCZQQ-YJBYXUATSA-N,1,chembl_external,0.8995617091757012
CO/N=C(\C(=O)N[C@@H]1C(=O)N2C(C(=O)O)=C(CSc3cnns3)CS[C@H]12)c1csc(N)n1,CXHKZHZLDMQGFF-ZSDSSEDPSA-N,1,chembl_external,0.93827693244205
C[N+]1(CCNP(=S)(NCC[N+]2(C)CC3C4=C(C=CC3[C@@H]3[C@H]2C2C=C5OCOC5=CC2C[C@@H]3O)OCO4)NCC[N+]2(C)CC3C4=C(C=CC3[C@@H]3[C@H]2C2CC5CCCC5CC2C[C@@H]3O)OCO4)CC2=C(C=CC3OCOC23)[C@@H]2[C@H]1C1C=C3OCOC3=CC1C[C@@H]2O.[OH-].[OH-].[OH-],JCAQDHRMMNMVNW-GKBQGEFGSA-K,1,chembl_external,0.19169251778220986
O=C[C@H](O)[C@@H](O)[C@H](O)[C@H](O)CO[C@H]1O[C@H](CO[C@H]2O[C@H](CO)[C@@H](O)[C@H](O)[C@H]2O)[C@@H](O)[C@H](O)[C@H]1O,FZWBNHMXJMCXLU-BLAUPYHCSA-N,1,chembl_external,0.022617632730062728
N[C@H](Cc1cc(I)c(Oc2cc(I)c(O)c(I)c2)c(I)c1)C(=O)O,XUIIKFGFIJCVMT-GFCCVEGCSA-N,1,chembl_external,0.8184768271543016
CCOC(=O)NC1=C(N2CC2)C(=O)C(NC(=O)OCC)=C(N2CC2)C1=O,WVYXNIXAMZOZFK-UHFFFAOYSA-N,1,chembl_external,0.23822162906087274
NC[C@@H]1CC[C@@H](N)[C@@H](O[C@H]2[C@H](O)[C@@H](O[C@H]3O[C@H](CO)[C@@H](O)[C@H](N)[C@H]3O)[C@H](N)C[C@@H]2N)O1,JJCQSGDBDPYCEO-XVZSLQNASA-N,1,chembl_external,0.03582223976348326
CN(C)CCN1C(=O)c2ccccc2Nc2ccccc21,STBMTRPPGSYEFD-UHFFFAOYSA-N,1,chembl_external,0.26544906815517333
CN1CC[C@@H]2Nc3ccccc3[C@@H]2C1.Cl.Cl,UYOQLRWPQRXCPG-HFXMYSAISA-N,1,chembl_external,0.18688827619508208
CC(C)(C(=O)O)c1ccc(C(O)CCCN2CCC(C(O)(c3ccccc3)c3ccccc3)CC2)cc1,RWTNPBWLLIMQHL-UHFFFAOYSA-N,1,chembl_external,0.5299877856580888
CN1CCN(c2c(F)cc3c(=O)c(C(=O)O)cn(CCF)c3c2F)CC1,XBJBPGROQZJDOJ-UHFFFAOYSA-N,1,chembl_external,0.36887764297130504
O=C(NCCN1CCN(c2cccc3c2OC[C@H](CO)O3)CC1)c1ccc(F)cc1,NYSDRDDQELAVKP-SFHVURJKSA-N,1,chembl_external,0.13352951817105213
c1ccc2c(CCC3CCNCC3)c[nH]c2c1,SADQVAVFGNTEOD-UHFFFAOYSA-N,1,chembl_external,0.1147935942005305
CC(C)[C@](O)(C(=O)OCC1=CC[N+]2([O-])CC[C@@H](O)[C@@H]12)[C@H](C)O,DNAWGBOKUFFVMB-PZIGJSDBSA-N,1,chembl_external,0.1021770453715538
CC(C)(C)NC(=O)[C@@H]1CN(Cc2cccnc2)CCN1C[C@@H](O)C[C@@H](Cc1ccccc1)C(=O)N[C@H]1c2ccccc2C[C@H]1O.O,XTYSXGHMTNTKFH-BDEHJDMKSA-N,1,chembl_external,0.13534175966423684
CO[C@@H]1C[C@](C)(O)Cc2cc3c(c(O)c21)C(=O)c1c(O)cc2c(c1C3=O)O[C@@H]1O[C@@]2(C)[C@H](O)[C@@H](N(C)C)[C@@H]1O,LWYJUZBXGAFFLP-OCNCTQISSA-N,1,chembl_external,0.1276867709568079
CCN(CC)CCCC(C)Nc1c2ccc(Cl)cc2nc2ccc(OC)cc12,GPKJTRJOBQGKQK-UHFFFAOYSA-N,1,chembl_external,0.7569739266727401
CCCC(C)(COC(N)=O)COC(N)=O,NPPQSCRMBWNHMW-UHFFFAOYSA-N,1,chembl_external,0.20394060992557086
O=C1NC(=S)NC(=O)C1C(=O)Nc1ccccc1,JARCFMKMOFFIGZ-UHFFFAOYSA-N,1,chembl_external,0.1215403674441287
O=C1NCCN1c1ncc([N+](=O)[O-])s1,RDXLYGJSWZYTFJ-UHFFFAOYSA-N,1,chembl_external,0.601572974235527
CCOC(=O)C1=C(C)NC(C)=C(C(=O)OC)C1c1cccc([N+](=O)[O-])c1,PVHUJELLJLJGLN-UHFFFAOYSA-N,1,chembl_external,0.8104010597851753
CNC=O,ATHHXGZTWNVVOU-UHFFFAOYSA-N,1,chembl_external,0.1058549957241624
CC(=O)[C@@]1(O)CC[C@H]2[C@@H]3C=C(C)C4=CC(=O)CC[C@@H]4[C@H]3CC[C@@]21C,KZUIYQJTUIACIG-YBZCJVABSA-N,1,chembl_external,0.41653344414363747
CC(C)(C)C(=O)OCOC(=O)[C@@H]1N2C(=O)[C@@H](/N=C/N3CCCCCC3)[C@H]2SC1(C)C,NPGNOVNWUSPMDP-UTEPHESZSA-N,1,chembl_external,0.11532362418059178
CN1CCC(=C2c3ccccc3CCc3sccc32)CC1,FIADGNVRKBPQEU-UHFFFAOYSA-N,1,chembl_external,0.8094803305061299
CC(C)(Oc1ccc(Cl)cc1)C(=O)NC(=O)NCN1CCOCC1,DDDQVDIPBFGVIG-UHFFFAOYSA-N,1,chembl_external,0.1530506959862968
CO[C@H](C(=O)[C@@H](O)[C@@H](C)O)[C@@H]1Cc2cc3cc(O[C@H]4C[C@@H](O[C@@H]5C[C@@H](O)[C@H](O)[C@@H](C)O5)[C@H](O)[C@@H](C)O4)c(C)c(O)c3c(O)c2C(=O)[C@H]1O[C@H]1C[C@@H](O[C@@H]2C[C@@H](O)[C@@H](O[C@@H]3C[C@](C)(O)[C@H](O)[C@@H](C)O3)[C@@H](C)O2)[C@H](O)[C@@H](C)O1,XDKMHMINQXATOR-RCFLUEAHSA-N,1,chembl_external,0.06882136267913172
CC(C)NCC(O)c1ccc(NS(C)(=O)=O)cc1,ZBMZVLHSJCTVON-UHFFFAOYSA-N,1,chembl_external,0.24286392887082872
C[C@@H]1CN(c2c(F)c(N)c3c(=O)c(C(=O)O)cn(C4CC4)c3c2F)C[C@H](C)N1,DZZWHBIBMUVIIW-DTORHVGOSA-N,1,chembl_external,0.43944780117832566
CN[C@@H]1[C@H](O)[C@H](NC)[C@H]2O[C@@]3(O)C(=O)C[C@@H](C)O[C@H]3O[C@@H]2[C@H]1O,UNFWWIHTNXNPBV-WXKVUWSESA-N,1,chembl_external,0.05494471710714185
CO[C@@H]1[C@@H](O[C@@H]2O[C@H](C)[C@@H](O[C@H]3C[C@@](C)(O)[C@@H](O)[C@H](C)O3)[C@H](N(C)C)[C@H]2O)[C@@H](CC=O)C[C@@H](C)[C@@H](O[C@H]2CC[C@H](N(C)C)[C@@H](C)O2)/C=C/C=C/C[C@@H](C)OC(=O)C[C@H]1O,ACTOXUHEUCPTEW-CEUOBAOPSA-N,1,chembl_external,0.024853730829916085
CC(C)[C@@H](CC[C@@H](C)[C@H]1CC[C@H]2[C@@H]3[C@H](O)C[C@H]4C[C@@H](NCCCNCCCCN)CC[C@]4(C)[C@H]3CC[C@]12C)OS(=O)(=O)O,UIRKNQLZZXALBI-MSVGPLKSSA-N,1,chembl_external,0.042573801588638945
C[C@]12Cc3c[nH]nc3C[C@@H]1CC[C@@H]1[C@@H]2CC[C@@]2(C)[C@H]1CC[C@]2(C)O,LKAJKIOFIWVMDJ-IYRCEVNGSA-N,1,chembl_external,0.06905459786941871
N[C@@H]1C[C@H]1c1ccccc1.N[C@H]1C[C@@H]1c1ccccc1,IGLYMJRIWWIQQE-QUOODJBBSA-N,1,chembl_external,0.06013829866137047
OCC(Br)(Br)Br,YFDSDPIBEUFTMI-UHFFFAOYSA-N,1,chembl_external,0.1151250648214136
ClC=C(Cl)Cl,XSTXAVWGXDQKEL-UHFFFAOYSA-N,1,chembl_external,0.29589661556341196
CC(=O)Nc1c(I)c(NC(C)=O)c(I)c(C(=O)O)c1I,YVPYQUNUQOZFHG-UHFFFAOYSA-N,1,chembl_external,0.03572198053048975
Nc1ccc(C(=O)O)cc1,ALYNCZNDIQEVRV-UHFFFAOYSA-N,1,chembl_external,0.17391149309051704
C[C@H](CCC(=O)O)[C@H]1CC[C@H]2[C@@H]3[C@H](O)C[C@@H]4C[C@H](O)CC[C@]4(C)[C@H]3CC[C@]12C,RUDATBOHQWOJDD-BSWAIDMHSA-N,1,chembl_external,0.020752914965772796
CC(O)(P(=O)(O)O)P(=O)(O)O,DBVJJBKOTRCVKF-UHFFFAOYSA-N,1,chembl_external,0.5371511409574304
O=C(O)c1ccccc1Nc1cccc(C(F)(F)F)c1,LPEPZBJOKDYZAD-UHFFFAOYSA-N,1,chembl_external,0.41531502595302605
CC(=O)Nc1ccc(OC(=O)c2ccccc2OC(C)=O)cc1,FEJKLNWAOXSSNR-UHFFFAOYSA-N,1,chembl_external,0.44758494194159865
NC(CO)C(=O)NNCc1ccc(O)c(O)c1O,BNQDCRGUHNALGH-UHFFFAOYSA-N,1,chembl_external,0.7249008869513133
O=C1CN=C(c2ccccc2)c2c(sc3c2CCCC3)N1,AIZFEOPQVZBNGH-UHFFFAOYSA-N,1,chembl_external,0.6482961992416961
O=C(Cn1ccnc1[N+](=O)[O-])NCc1ccccc1,CULUWZNBISUWAS-UHFFFAOYSA-N,1,chembl_external,0.130767340391017
Oc1cc(Cc2ccccc2)nc(S)n1,PNXBXCRWXNESOV-UHFFFAOYSA-N,1,chembl_external,0.13508438313812796
COCc1c(C(C)C)nc(C(C)C)c(/C=C/[C@@H](O)C[C@@H](O)CC(=O)O)c1-c1ccc(F)cc1,SEERZIQQUAZTOL-ANMDKAQQSA-N,1,chembl_external,0.5923184882990974
O=C(N[C@H](CO)[C@H](O)c1ccc([N+](=O)[O-])cc1)C(Cl)Cl,WIIZWVCIJKGZOK-RKDXNWHRSA-N,1,chembl_external,0.021717606436811587
N=C(NCCCCCCNC(=N)NC(=N)Nc1ccc(Cl)cc1)NC(=N)Nc1ccc(Cl)cc1,GHXZTYHSJHQHIJ-UHFFFAOYSA-N,1,chembl_external,0.10125412810376594
CN(Cc1cnc2nc(=N)[nH]c(N)c2n1)c1c(Cl)cc(C(=O)N[C@@H](CCC(=O)O)C(=O)O)cc1Cl,MCEHFIXEKNKSRW-LBPRGKRZSA-N,1,chembl_external,0.3036708979751271
Oc1ccc(Cl)cc1Cc1cc(Cl)ccc1O,MDNWOSOZYLHTCG-UHFFFAOYSA-N,1,chembl_external,0.09895579155114763
O=c1oc2ccccc2c(O)c1Cc1c(O)c2ccccc2oc1=O,DOBMPNYZJYQDGZ-UHFFFAOYSA-N,1,chembl_external,0.4724144180494551
CC[C@H](C)[C@H]1NC(=O)[C@@H](NC(=O)[C@@H](CC(C)C)N(C)C(=O)[C@@H]2CCCN2C(=O)C(C)O)[C@@H](C)OC(=O)[C@H](Cc2ccc(OC)cc2)N(C)C(=O)[C@@H]2CCCN2C(=O)[C@H](CC(C)C)NC(=O)[C@@H](C)C(=O)[C@H](C(C)C)OC(=O)C[C@@H]1O,KYHUYMLIVQFXRI-XYUQHQMCSA-N,1,chembl_external,0.23641913936360717
Cc1cn([C@H]2CC[C@@H](CO)O2)c(=O)[nH]c1=O,XKKCQTLDIPIRQD-JGVFFNPUSA-N,1,chembl_external,0.15089283378862414
O=C(NO)c1ccc(O)c(O)c1,QJMCKEPOKRERLN-UHFFFAOYSA-N,1,chembl_external,0.22544710368185694
CC(C)(CNC(N)=O)NCC(O)COC(=O)c1ccccc1F,ZPLOQFLCMVIWRY-UHFFFAOYSA-N,1,chembl_external,0.5087450966252199
CO[C@@]1(NC(=O)CSC(F)F)C(=O)N2C(C(=O)O)=C(CSc3nnnn3CCO)CO[C@@H]21,UHRBTBZOWWGKMK-DOMZBBRYSA-N,1,chembl_external,0.40614528939510003
O=c1[nH]c(=O)n([C@H]2C[C@H](O)[C@@H](CO)O2)cc1F,ODKNJVUHOIMIIZ-RRKCRQDMSA-N,1,chembl_external,0.1329401751004499
COC(=O)Nc1nc2cc(C(=O)c3ccc(F)cc3)ccc2[nH]1,CPEUVMUXAHMANV-UHFFFAOYSA-N,1,chembl_external,0.6421365339844989
Cc1onc(-c2c(F)cccc2Cl)c1C(=O)N[C@@H]1C(=O)N2[C@@H]1SC(C)(C)[C@@H]2C(=O)O,UIOFUWFRIANQPC-JKIFEVAISA-N,1,chembl_external,0.8704718673559363
Nc1nc(F)nc2c1ncn2[C@@H]1O[C@H](CO)[C@@H](O)[C@@H]1O,HBUBKKRHXORPQB-FJFJXFQQSA-N,1,chembl_external,0.10818616023220444
C[C@H]1CC(=O)C[C@@H]2CC[C@H]3[C@@H]4CC[C@H](O)[C@@]4(C)CC[C@@H]3[C@]21C,UXYRZJKIQKRJCF-TZPFWLJSSA-N,1,chembl_external,0.04547669603155386
C=C1c2cccc(O)c2C(=O)C2=C(O)[C@]3(O)C(=O)C(C(N)=O)=C(O)[C@@H](N(C)C)[C@@H]3[C@@H](O)[C@H]12,MHIGBKBJSQVXNH-IWVLMIASSA-N,1,chembl_external,0.07866201447864941
Cc1ccc(S(=O)(=O)NC(=O)NC2CCCCC2)cc1N,XXYTXQGCRQLRHA-UHFFFAOYSA-N,1,chembl_external,0.5198368310105994
Cc1c(N(C)CS(=O)(=O)[O-])c(=O)n(-c2ccccc2)n1C.[Na+],DJGAAPFSPWAYTJ-UHFFFAOYSA-M,1,chembl_external,0.11716070670974105
CNC1Cc2ccccc2N(C)c2ccccc21,YXVZOBVWVRFPTE-UHFFFAOYSA-N,1,chembl_external,0.8780879982433385
CC(=O)O[C@H]1CC[C@H]2[C@@H]3CC[C@H]4CC(=O)C=C(C)[C@]4(C)[C@H]3CC[C@]12C,PGAUJQOPTMSERF-QWQRBHLCSA-N,1,chembl_external,0.21950480113704104
CC[C@]1(O)CC[C@H]2[C@@H]3CCC4=CC(=O)CC[C@@H]4[C@H]3CC[C@@]21C,ZDHCJEIGTNNEMY-XGXHKTLJSA-N,1,chembl_external,0.06415191873795044
C#C[C@]1(O)CC[C@H]2[C@@H]3CCC4=CC(=O)CC[C@@H]4[C@H]3CC[C@@]21C,VIKNJXKGJWUCNN-XGXHKTLJSA-N,1,chembl_external,0.0350131049297276
C#C[C@]1(O)CC[C@H]2[C@@H]3CCC4=C(CCC(=O)C4)[C@H]3CC[C@@]21C,ICTXHFFSOAJUMG-SLHNCBLASA-N,1,chembl_external,0.0483501180139772
C[C@]1(O)CC[C@H]2[C@@H]3CCC4=CC(=O)CC[C@@H]4[C@H]3CC[C@@]21C,ZXSWTMLNIIZPET-ZOFHRBRSSA-N,1,chembl_external,0.11441674675888713
CO[C@@H]1[C@@H](OC(N)=O)[C@@H](O)[C@H](Oc2ccc3c(O)c(NC(=O)c4ccc(O)c(CC=C(C)C)c4)c(=O)oc3c2C)OC1(C)C,YJQPYGGHQPGBLI-KGSXXDOSSA-N,1,chembl_external,0.0987621123601362
C[C@@H](O)[C@H](CO)NC(=O)[C@@H]1CSSC[C@H](NC(=O)[C@H](N)Cc2ccccc2)C(=O)N[C@@H](Cc2ccccc2)C(=O)N[C@H](Cc2c[nH]c3ccccc23)C(=O)N[C@@H](CCCCN)C(=O)N[C@@H]([C@@H](C)O)C(=O)N1,DEQANNDTNATYII-JDBXKHNRSA-N,1,chembl_external,0.8558451343551936
CC(=O)Nc1ccc(OCC(O)CNC(C)C)cc1,DURULFYMVIFBIR-UHFFFAOYSA-N,1,chembl_external,0.8309677411534149
CCC[N+]12[C@H](O)[C@@H](CC)[C@@H]3C[C@H]1[C@@H]1N(C)c4ccccc4[C@]14C[C@H]2C3[C@H]4O,UAUHEPXILIZYCU-UUEXUKNBSA-N,1,chembl_external,0.09478349742494553
CCCN[C@H]1CCc2nc(N)sc2C1,FASDKYOPVNHBLU-ZETCQYMHSA-N,1,chembl_external,0.1145230809086203
O=C(C1CCCCC1)N1CC(=O)N2CCc3ccccc3C2C1,FSVJFNAIGNNGKK-UHFFFAOYSA-N,1,chembl_external,0.43014373404619644
COc1cc2nc(N3CCN(C(=O)c4ccco4)CC3)nc(N)c2cc1OC,IENZQIKPVFGBNW-UHFFFAOYSA-N,1,chembl_external,0.15556310344776844
C[C@]12C=CC(=O)C=C1CC[C@@H]1[C@@H]2[C@@H](O)C[C@@]2(C)[C@H]1CC[C@]2(O)C(=O)CO,OIGNJSKKLXVSLS-VWUMJDOOSA-N,1,chembl_external,0.4357107955936141
C[C@]12C=CC(=O)C=C1CC[C@@H]1[C@@H]2C(=O)C[C@@]2(C)[C@H]1CC[C@]2(O)C(=O)CO,XOFYZVNMUHMLCC-ZPOLXVRWSA-N,1,chembl_external,0.7447656262934218
N=C(N)c1ccc(/C=C/c2ccc(C(=N)N)cc2)cc1,MMURVNDSFNJHAM-OWOJBTEDSA-N,1,chembl_external,0.11365841418166928
CN[C@@H]1[C@H](O[C@H]2[C@H](O[C@H]3[C@H](O)[C@@H](O)[C@H](N=C(N)N)[C@@H](O)[C@@H]3N=C(N)N)O[C@@H](C)[C@]2(O)C=O)O[C@@H](CO)[C@H](O)[C@H]1O,UCSJYZPVAKXKNQ-HZYVHMACSA-N,1,chembl_external,0.05559947456225053
CN(N=O)C(=O)N[C@@H](C=O)[C@@H](O)[C@H](O)[C@H](O)CO,AGRCPNMCOXLKFO-BDVNFPICSA-N,1,chembl_external,0.0421083525446834
CC1(C)S[C@@H]2[C@H](NC(=O)C(c3ccccc3)S(=O)(=O)O)C(=O)N2[C@H]1C(=O)O,JETQIUPBHQNHNZ-OAYJICASSA-N,1,chembl_external,0.1765274653944543
CSc1nc2cc(Cl)c(Oc3cccc(Cl)c3Cl)cc2[nH]1,NQPDXQQQCQDHHW-UHFFFAOYSA-N,1,chembl_external,0.09663081193766926
OC(CCN1CCCCC1)(c1ccccc1)C1CCCCC1,HWHLPVGTWGOCJO-UHFFFAOYSA-N,1,chembl_external,0.07441152359721656
COc1cc(NCc2ccc3nc(N)nc(N)c3c2C)cc(OC)c1OC,NOYPYLRCIDNJJB-UHFFFAOYSA-N,1,chembl_external,0.8404401306615412
O=C(O)/C=C/C(=O)O,VZCYOOQTPOCHFL-OWOJBTEDSA-N,1,chembl_external,0.2917694962840555
CC(=O)O[C@H]1C[C@@]2(C)[C@@H](C[C@@H](O)[C@H]3[C@@]4(C)CC[C@@H](O)[C@@H](C)[C@@H]4CC[C@@]32C)/C1=C(\CCC=C(C)C)C(=O)O,IECPWNUMDGFDKC-MZJAQBGESA-N,1,chembl_external,0.07486286663317276
O=C(CCOCCOCCOCCOCCC(=O)Nc1c(I)cc(I)c(C(=O)O)c1I)Nc1c(I)cc(I)c(C(=O)O)c1I,WWVAPFRKZMUPHZ-UHFFFAOYSA-N,1,chembl_external,0.06212640877105244
O=C(COCC(=O)Nc1c(I)cc(I)c(C(=O)O)c1I)Nc1c(I)cc(I)c(C(=O)O)c1I,FZDZULUFHNDEDJ-UHFFFAOYSA-N,1,chembl_external,0.047676400709154874
CCC(Cc1c(I)cc(I)c(N)c1I)C(=O)O,OIRFJRBSRORBCM-UHFFFAOYSA-N,1,chembl_external,0.21937608195802039
O=C(COCCOCCOCC(=O)Nc1c(I)cc(I)c(C(=O)O)c1I)Nc1c(I)cc(I)c(C(=O)O)c1I,JXMIBUGMYLQZGO-UHFFFAOYSA-N,1,chembl_external,0.054516174045710325
CNC(=O)c1c(I)c(C(=O)NCC(=O)Nc2c(I)c(C(=O)O)c(I)c(C(=O)NCCO)c2I)c(I)c(N(C)C(C)=O)c1I,TYYBFXNZMFNZJT-UHFFFAOYSA-N,1,chembl_external,0.06683883772928546
CC#CCC(C)[C@H](O)/C=C/[C@@H]1[C@H]2c3cccc(CCCC(=O)O)c3O[C@H]2C[C@H]1O,CTPOHARTNNSRSR-APJZLKAGSA-N,1,chembl_external,0.7147276357441786
C[C@H]1C[C@H]2[C@@H]3CCC4=CC(=O)C=C[C@]4(C)[C@@]3(F)[C@@H](O)C[C@]2(C)[C@@]1(O)C(=O)CO,UREBDLICKHMUKA-DVTGEIKXSA-N,1,chembl_external,0.06366541360437539
C[C@@H](O)[C@H]1C(=O)N2C(C(=O)[O-])=C(SC3Cn4cnc[n+]4C3)[C@H](C)[C@H]12,MRMBZHPJVKCOMA-YJFSRANCSA-N,1,chembl_external,0.3981553114177965
C(=N/NC1=NCCN1)\c1c2ccccc2c(/C=N/NC2=NCCN2)c2ccccc12,NJSMWLQOCQIOPE-OCHFTUDZSA-N,1,chembl_external,0.09056729365175531
O=NN(CCCl)C(=O)N[C@H]1C(O)O[C@H](CO)[C@@H](O)[C@@H]1O,MYBLAOJMRYYKMS-RTRLPJTCSA-N,1,chembl_external,0.2626540937457449
CN(C)CCC(c1ccc(Cl)cc1)c1ccccn1.O=C(O)/C=C\C(=O)O,DBAKFASWICGISY-BTJKTKAUSA-N,1,chembl_external,0.7164906687365674
CN(C)CC/C=C1/c2ccccc2Sc2ccc(Cl)cc21,WSPOMRSOLSGNFJ-AUWJEWJLSA-N,1,chembl_external,0.8517082192265661
CC/C(=C(/CC)c1ccc(O)cc1)c1ccc(O)cc1,RGLYKWWBQGJZGM-ISLYRVAYSA-N,1,chembl_external,0.09621959587132999
CC(C(=O)Nc1cc(-c2ccccc2)nn1-c1ccccc1)N(C)C,PCXMKBOWWVXEDT-UHFFFAOYSA-N,1,chembl_external,0.2817746396697185
O=[As](O)(O)c1ccc(NCCNc2ccc([As](=O)(O)O)cc2)cc1,YQVALJGIKVYRNI-UHFFFAOYSA-N,1,chembl_external,0.10234487660605646
C[C@H]1O[C@@H](O[C@H]2[C@@H](O)C[C@H](O[C@H]3[C@@H](O)C[C@H](O[C@H]4CC[C@@]5(C)[C@H](CC[C@@H]6[C@@H]5C[C@@H](O)[C@]5(C)[C@@H](C7=CC(=O)OC7)CC[C@]65O)C4)O[C@@H]3C)O[C@@H]2C)C[C@H](O)[C@@H]1O,LTMHDMANZUZIPE-PUGKRICDSA-N,1,chembl_external,0.003212003905079143
N/N=c1\[nH][nH]/c(=N\N)c2ccccc12,VQKLRVZQQYVIJW-UHFFFAOYSA-N,1,chembl_external,0.1647667421757343
CN[C@@H]1[C@H](O[C@H]2[C@H](O[C@H]3[C@H](O)[C@@H](O)[C@H](NC(=N)N)[C@@H](O)[C@@H]3NC(=N)N)O[C@@H](C)[C@]2(O)CO)O[C@@H](CO)[C@H](O)[C@H]1O,ASXBYYWOLISCLQ-HZYVHMACSA-N,1,chembl_external,0.04757314469111453
C[C@H](CCc1ccccc1)NC[C@H](O)c1ccc(O)c(C(N)=O)c1,SGUAFYQXFOLMHL-ACJLOTCBSA-N,1,chembl_external,0.25944094187129835
CC1CCc2cc(F)cc3c(=O)c(C(=O)O)cn1c23,DPSPPJIUMHPXMA-UHFFFAOYSA-N,1,chembl_external,0.8632088416686708
Fc1ccc(C(c2ccc(F)cc2)N2CCN(C/C=C/c3ccccc3)CC2)cc1,SMANXXCATUTDDT-QPJJXVBHSA-N,1,chembl_external,0.23372501333011397
C[C@H](C(=O)O)c1ccc2oc(-c3ccc(F)cc3)nc2c1,ARPYQKTVRGFPIS-VIFPVBQESA-N,1,chembl_external,0.09926390716460796
C[C@]1(O)CC[C@H]2[C@@H]3CCC4=CC(=O)CC[C@]4(C)[C@@]3(F)[C@@H](O)C[C@@]21C,YLRFCQOZQXIBAB-RBZZARIASA-N,1,chembl_external,0.07312269005324183
CN1CCN(C2=Nc3cc(F)ccc3Cc3ccccc32)CC1,OBWGMKKHCLHVIE-UHFFFAOYSA-N,1,chembl_external,0.5377805066853162
Cc1cnc(NCCCN(C)C)c2c1[nH]c1ccc3cc(O)ccc3c12,QROONAIPJKQFMC-UHFFFAOYSA-N,1,chembl_external,0.07837931692294611
O=C(CCCCC(=O)Nc1c(I)cc(I)c(C(=O)O)c1I)Nc1c(I)cc(I)c(C(=O)O)c1I,FFINMCNLQNTKLU-UHFFFAOYSA-N,1,chembl_external,0.04433406964563858
C[C@H](O)C(=O)Nc1c(I)c(C(=O)NC(CO)CO)c(I)c(C(=O)NC(CO)CO)c1I,XQZXYNRDCRIARQ-LURJTMIESA-N,1,chembl_external,0.058976687670556756
COCC(=O)Nc1c(I)c(C(=O)NCC(O)CO)c(I)c(C(=O)N(C)CC(O)CO)c1I,DGAIEPBNLOQYER-UHFFFAOYSA-N,1,chembl_external,0.6062434025633685
CC(O)CCC(=O)c1ccoc1,RJYQLMILDVERHH-UHFFFAOYSA-N,1,chembl_external,0.13660165476290023
C[C@]12C=CC(=O)C=C1CC[C@@H]1[C@@H]2CC[C@@]2(C)[C@H]1CC[C@]2(C)O,XWALNWXLMVGSFR-HLXURNFRSA-N,1,chembl_external,0.3908490195837501
CSCC[C@H](N)C(=O)O,FFEARJCKVFRZRR-BYPYZUCNSA-N,1,chembl_external,0.007021329279136731
OCCN1CCN(CCCN2c3ccccc3C=Cc3ccccc32)CC1,YNZFUWZUGRBMHL-UHFFFAOYSA-N,1,chembl_external,0.6663740604947442
Cc1ncc([N+](=O)[O-])n1CC(O)CCl,IPWKIXLWTCNBKN-UHFFFAOYSA-N,1,chembl_external,0.24163240037087094
CC(Cc1ccccc1)NCCC(c1ccccc1)c1ccccc1,IFFPICMESYHZPQ-UHFFFAOYSA-N,1,chembl_external,0.033605411166085834
COc1cc(NC(C)CCCN)c2ncccc2c1,INDBQLZJXZLFIT-UHFFFAOYSA-N,1,chembl_external,0.6976857300835663
CC[C@H]1NC(=O)[C@@H](NC(=O)c2ncccc2O)[C@@H](C)OC(=O)[C@H](c2ccccc2)NC(=O)[C@@H]2CC(=O)CCN2C(=O)[C@H](Cc2ccc(N(C)C)cc2)N(C)C(=O)[C@@H]2CCCN2C1=O,YGXCETJZBDTKRY-DZCVGBHJSA-N,1,chembl_external,0.07613234091454928
CC(C)(Sc1cc(C(C)(C)C)c(O)c(C(C)(C)C)c1)Sc1cc(C(C)(C)C)c(O)c(C(C)(C)C)c1,FYPMFJGVHOHGLL-UHFFFAOYSA-N,1,chembl_external,0.08280877380367795
NC(=O)CCC/N=C(\c1ccc(Cl)cc1)c1cc(F)ccc1O,IBALRBWGSVJPAP-HEHNFIMWSA-N,1,chembl_external,0.09758901329639484
COc1cc(NS(=O)(=O)c2ccc(N)cc2)nc(OC)n1,ZZORFUFYDOWNEF-UHFFFAOYSA-N,1,chembl_external,0.15489659182240498
Cc1noc(NS(=O)(=O)c2ccc(N)cc2)c1C,NHUHCSRWZMLRLA-UHFFFAOYSA-N,1,chembl_external,0.5962645915219382
COc1cnc(NS(=O)(=O)c2ccc(N)cc2)nc1,GPTONYMQFTZPKC-UHFFFAOYSA-N,1,chembl_external,0.2059755701800218
COc1ccc(NS(=O)(=O)c2ccc(N)cc2)nn1,VLYWMPOKSSWJAL-UHFFFAOYSA-N,1,chembl_external,0.18621274788612785
Cc1nc(NS(=O)(=O)c2ccc(N)cc2)oc1C,CYFLXLSBHQBMFT-UHFFFAOYSA-N,1,chembl_external,0.37242107759550097
Nc1ccc(S(=O)(=O)Nc2ccccn2)cc1,GECHUMIMRBOMGK-UHFFFAOYSA-N,1,chembl_external,0.7717280544903206
CCCCC(C)(C)[C@H](O)/C=C/[C@H]1[C@H](C)CC(=O)[C@@H]1C/C=C\CCCC(=O)O,OOAHNJDZICJECC-BHWPLRMJSA-N,1,chembl_external,0.10743274094022516
O=C(O)c1ccccc1O.O=C(O)c1ccccc1O.O=C(O)c1ccccc1O,BEDPUVIQNLDFRT-UHFFFAOYSA-N,1,chembl_external,0.4886720423353632
COc1cc(C(=S)N2CCOCC2)cc(OC)c1OC,MVOUIYUWRXPNKD-UHFFFAOYSA-N,1,chembl_external,0.17198079437278038
CO[C@H]1C[C@H](O[C@H]2[C@H](C)[C@@H](O[C@@H]3O[C@H](C)C[C@H](N(C)C)[C@H]3OC(C)=O)[C@@H](C)C[C@@]3(CO3)C(=O)[C@H](C)[C@@H](OC(C)=O)[C@@H](C)[C@@H](C)OC(=O)[C@@H]2C)O[C@@H](C)[C@@H]1OC(C)=O,LQCLVBQBTUVCEQ-QTFUVMRISA-N,1,chembl_external,0.12214602152160207
CN1[C@@H]2CC[C@H]1C[C@@H](OC(=O)c1c[nH]c3ccccc13)C2,ZNRGQMMCGHDTEI-ITGUQSILSA-N,1,chembl_external,0.08407837606670136
O=C(O)C(=O)O,MUBZPKHOEPUJKR-UHFFFAOYSA-N,1,chembl_external,0.11736564487284602
NCCC(O)(P(=O)(O)O)P(=O)(O)O,WRUUGTRCQOWXEG-UHFFFAOYSA-N,1,chembl_external,0.7858152892678542
CCn1cc(C(=O)O)c(=O)c2cnc(N3CCNCC3)nc21,JOHZPMXAZQZXHR-UHFFFAOYSA-N,1,chembl_external,0.5940251105946049
O=C(OC[C@H]1O[C@@H](OC(=O)c2cc(O)c(O)c(OC(=O)c3cc(O)c(O)c(O)c3)c2)[C@H](OC(=O)c2cc(O)c(O)c(OC(=O)c3cc(O)c(O)c(O)c3)c2)[C@@H](OC(=O)c2cc(O)c(O)c(OC(=O)c3cc(O)c(O)c(O)c3)c2)[C@@H]1OC(=O)c1cc(O)c(O)c(OC(=O)c2cc(O)c(O)c(O)c2)c1)c1cc(O)c(O)c(OC(=O)c2cc(O)c(O)c(O)c2)c1,LRBQNJMCXXYXIU-PPKXGCFTSA-N,1,chembl_external,0.05021467855972592
O=C(O)c1cccs1,QERYCTSHXKAMIS-UHFFFAOYSA-N,1,chembl_external,0.06229248494376128
O=C(CCCN1CCC(O)(c2ccc(Br)cc2)CC1)c1ccc(F)cc1,RKLNONIVDFXQRX-UHFFFAOYSA-N,1,chembl_external,0.10298313034354863
Nc1nc(=O)c(Br)c(-c2ccccc2)[nH]1,CIUUIPMOFZIWIZ-UHFFFAOYSA-N,1,chembl_external,0.13615798149912134
O=c1[nH]c(=O)n([C@@H]2O[C@H](CO)[C@@H](O)[C@@H]2O)cc1/C=C/Br,GCQYYIHYQMVWLT-HQNLTJAPSA-N,1,chembl_external,0.07026234665697706
CCC/C=C/C=C/C(=O)O[C@H]1/C(=C/C(=O)OC)C[C@H]2C[C@H]([C@@H](C)O)OC(=O)C[C@H](O)C[C@@H]3C[C@H](OC(C)=O)C(C)(C)[C@](O)(C[C@@H]4C/C(=C/C(=O)OC)C[C@H](/C=C/C(C)(C)[C@]1(O)O2)O4)O3,MJQUEDHRCUIRLF-TVIXENOKSA-N,1,chembl_external,0.09623896592896238
CC(C)(S)C(=O)N[C@@H](CS)C(=O)O,VUAFHZCUKUDDBC-BYPYZUCNSA-N,1,chembl_external,0.2902452857676389
CN(C)[C@@H]1C(O)=C(C(N)=O)C(=O)[C@@]2(O)C(O)=C3C(=O)c4c(O)ccc(Cl)c4[C@@](C)(O)[C@H]3C[C@@H]12,CYDMQBQPVICBEU-XRNKAMNCSA-N,1,chembl_external,0.05565134188783873
COc1nc(C)ccc1CN1CC1C#N,KOYMTVWMCXDJNV-UHFFFAOYSA-N,1,chembl_external,0.7271085302519449
CCOC(=O)[C@H](CCc1ccccc1)N[C@H]1CCCN2CCC[C@@H](C(=O)O)N2C1=O,HHHKFGXWKKUNCY-FHWLQOOXSA-N,1,chembl_external,0.4312197219189297
C(=C/c1ccccc1)\CN1CCN(C(c2ccccc2)c2ccccc2)CC1,DERZBLKQOCDDDZ-JLHYYAGUSA-N,1,chembl_external,0.3482420456676338
CCn1nc(C(=O)O)c(=O)c2cc3c(cc21)OCO3,VDUWPHTZYNWKRN-UHFFFAOYSA-N,1,chembl_external,0.26768716075632176
CN(C)CCCN1c2ccccc2C(C)(C)c2ccccc21,RYQOGSFEJBUZBX-UHFFFAOYSA-N,1,chembl_external,0.5100193659224806
O=[N+]([O-])c1ccc(O)c([N+](=O)[O-])c1,UFBJCMHMOXMLKC-UHFFFAOYSA-N,1,chembl_external,0.10442102173414304
CN(C)CCOC(c1ccccc1)c1ccccc1,ZZVUWRFHKOJYTH-UHFFFAOYSA-N,1,chembl_external,0.1723944796116502
OC(CCCN1CCCCC1)(c1ccccc1)c1ccccc1,OGAKLTJNUQRZJU-UHFFFAOYSA-N,1,chembl_external,0.09781591061200041
CCC(C)(C)NCC(O)COc1ccccc1C(=O)CCc1ccccc1,VDKMYSMWQCFYBQ-UHFFFAOYSA-N,1,chembl_external,0.6750338779878519
CC[C@H]1OC(=O)[C@H](C)[C@@H](O[C@H]2C[C@@](C)(OC)[C@@H](O)[C@H](C)O2)[C@H](C)[C@@H](O[C@@H]2O[C@H](C)C[C@H](N(C)C)[C@H]2O)[C@](C)(O)C[C@@H](C)[C@@H]2N[C@@H](COCCOC)O[C@H]([C@H]2C)[C@]1(C)O,WLOHNSSYAXHWNR-DWIOZXRMSA-N,1,chembl_external,0.3244733193738551
CN(C)CCCN1c2ccccc2Sc2ccc(C(F)(F)F)cc21,XSCGXQMFQXDFCW-UHFFFAOYSA-N,1,chembl_external,0.22663685952387527
CC[C@H]1OC(=O)[C@H](C)[C@@H](O[C@H]2C[C@@](C)(OC)[C@@H](O)[C@H](C)O2)[C@H](C)[C@@H](O[C@@H]2O[C@H](C)C[C@H](N(C)C)[C@H]2O)[C@](C)(O)C[C@](C)(F)C(=O)[C@H](C)[C@@H](O)[C@]1(C)O,XOEUHCONYHZURQ-HNUBZJOYSA-N,1,chembl_external,0.3588541118907847
C=COCC(F)(F)F,DLEGDLSLRSOURQ-UHFFFAOYSA-N,1,chembl_external,0.21590986418798072
COCCCC/C(=N\OCCN)c1ccc(C(F)(F)F)cc1,CJOFXWAVKWHTFT-XSFVSMFZSA-N,1,chembl_external,0.824671106508298
CO[C@H]1O[C@H](COS(=O)(=O)[O-])[C@@H](O[C@@H]2O[C@@H](C(=O)[O-])[C@@H](COC[C@H]3O[C@H](COS(=O)(=O)[O-])[C@@H](O[C@@H]4O[C@H](C(=O)[O-])[C@@H](COC[C@H]5O[C@H](COS(=O)(=O)[O-])[C@@H](O)[C@H](O)[C@H]5NS(=O)(=O)[O-])[C@H](O)[C@H]4O)[C@H](OS(=O)(=O)[O-])[C@H]3NS(=O)(=O)[O-])[C@H](O)[C@H]2OS(=O)(=O)[O-])[C@H](O)[C@H]1NS(=O)(=O)[O-].[Na+].[Na+].[Na+].[Na+].[Na+].[Na+].[Na+].[Na+].[Na+].[Na+],TXIFUDXAZRPJLS-CMHJJOLKSA-D,1,chembl_external,0.15945808080256346
CN(C)CCCn1c2c(c3ccccc31)CCCCCC2,PLIGPBGDXASWPX-UHFFFAOYSA-N,1,chembl_external,0.3255891232248697
CC(C)NNC(=O)COc1ccc(Cl)cc1,GGECDTUJZOXAAR-UHFFFAOYSA-N,1,chembl_external,0.2386898468666185
CN[C@@H]1[C@@H](O)[C@@H](O[C@@H]2[C@@H](O)[C@H](O[C@H]3O[C@H](CN)[C@@H](O)[C@H](O)[C@H]3O)[C@@H](N)C[C@H]2NC(=O)[C@@H](O)CN)OC[C@]1(C)O,UDIIBEDMEYAVNG-ZKFPOVNWSA-N,1,chembl_external,0.07489739491931494
CC[C@@H](CO)NC(=O)[C@@H]1C=C2c3cccc4[nH]cc(c34)C[C@H]2N(C)C1,UNBRKDKAWYKMIV-QWQRMKEZSA-N,1,chembl_external,0.09054119992620428
C#CC(C)(O)CC,QXLPXWSKPNOQLE-UHFFFAOYSA-N,1,chembl_external,0.10656964523703377
C[C@H]1C[C@@H]2[C@H]([C@@H](O)C[C@@]3(C)[C@H]2CC[C@]3(O)C(=O)CO)[C@@]2(C)C=CC(=O)C=C12,VHRSUDSXCMQTMA-PJHHCJLFSA-N,1,chembl_external,0.5103613454347156
CCC1(CC)C(=O)NCC(C)C1=O,SIDLZWOQUZRBRU-UHFFFAOYSA-N,1,chembl_external,0.5596433817753174
CC(C)NCC1CCc2cc(CO)c([N+](=O)[O-])cc2N1,XCGYUJZMCCFSRP-UHFFFAOYSA-N,1,chembl_external,0.4545777301740405
Cc1[nH]cnc1CSCCNc1nc(=O)c(Cc2ccc3c(c2)OCO3)c[nH]1,YTBDPHYVGACIPC-UHFFFAOYSA-N,1,chembl_external,0.15775154071380892
C=CCOc1ccccc1OCC(O)CNC(C)C,CEMAWMOMDPGJMB-UHFFFAOYSA-N,1,chembl_external,0.3131974505817614
CN(C)CCCN1c2ccccc2Sc2ccccc21,ZGUGWUXLJSTTMA-UHFFFAOYSA-N,1,chembl_external,0.24744188203742948
CCC(=O)[C@@]1(C)CC[C@H]2[C@@H]3CCC4=CC(=O)CCC4=C3CC[C@@]21C,QFFCYTLOTYIJMR-XMGTWHOFSA-N,1,chembl_external,0.17238141773273696
Cc1cc(NS(=O)(=O)c2ccc(N)cc2)nc(C)n1,YZMCKZRAOLZXAZ-UHFFFAOYSA-N,1,chembl_external,0.4207061570796045
O=C1C(CC[S+]([O-])c2ccccc2)C(=O)N(c2ccccc2)N1c1ccccc1,MBGGBVCUIVRRBF-UHFFFAOYSA-N,1,chembl_external,0.4652346617463469
O=C(Nc1ccc(Cl)cc1)NS(=O)(=O)c1ccc2c(c1)CCC2,JQJSFAJISYZPER-UHFFFAOYSA-N,1,chembl_external,0.24899938788422313
CC1(C)S[C@@H]2[C@H](NC(=O)[C@H](N)c3ccccc3)C(=O)N2[C@H]1C(=O)OCOC(=O)[C@@H]1N2C(=O)C[C@H]2S(=O)(=O)C1(C)C,OPYGFNJSCUDTBT-PMLPCWDUSA-N,1,chembl_external,0.28703284987254907
Cc1ccc(C(=O)Nc2ccc(S(=O)(=O)O)c3cc(S(=O)(=O)O)cc(S(=O)(=O)O)c23)cc1NC(=O)c1cccc(NC(=O)Nc2cccc(C(=O)Nc3cc(C(=O)Nc4ccc(S(=O)(=O)O)c5cc(S(=O)(=O)O)cc(S(=O)(=O)O)c45)ccc3C)c2)c1,FIAFUQMPZJWCLV-UHFFFAOYSA-N,1,chembl_external,0.07197772661355424
O[C@H]1[C@H]2[C@H](O)CCCN2C[C@H]1O,FXUAIOOAOAVCGD-WCTZXXKLSA-N,1,chembl_external,0.02091628017663111
CCCC[C@@H]1CC(=O)[C@]2(O)O[C@@H]3[C@@H](NC)[C@@H](O)[C@@H](NC)[C@H](O)[C@H]3O[C@@H]2O1,KHAUBYTYGDOYRU-IRXASZMISA-N,1,chembl_external,0.04664771178077306
N[C@@H]1[C@H]2CN(c3nc4c(cc3F)c(=O)c(C(=O)O)cn4-c3ccc(F)cc3F)C[C@@H]12,WVPSKSLAZQPAKQ-CDMJZVDBSA-N,1,chembl_external,0.535874067403119
NC(=O)CNc1ccc([As](=O)([O-])O)cc1.[Na+],UEYIAABRKWHXJV-UHFFFAOYSA-M,1,chembl_external,0.1533761842027003
CC(C)C[C@H](NC(=O)[C@@H](O)[C@H](N)Cc1ccccc1)C(=O)O,VGGGPCQERPFHOB-RDBSUJKOSA-N,1,chembl_external,0.058366815582880684
CCOC(N)=O,JOYRKODLDBILNP-UHFFFAOYSA-N,1,chembl_external,0.15530448733055027
C[C@@H]1C[C@H](C)CN(S(=O)(=O)c2ccc(Cl)c(C(=O)O)c2)C1,IFXSWTIWFGIXQO-AOOOYVTPSA-N,1,chembl_external,0.04677698350378387
O=P(O)(O)C(Sc1ccc(Cl)cc1)P(=O)(O)O,DKJJVAGXPKPDRL-UHFFFAOYSA-N,1,chembl_external,0.11241099571576962
Cc1c(Cl)cccc1Nc1ccccc1C(=O)O,YEZNLOUZAIOMLT-UHFFFAOYSA-N,1,chembl_external,0.5329505286298905
C[C@H](CCC(=O)O)[C@H]1CC[C@H]2[C@@H]3[C@@H](O)C[C@@H]4C[C@H](O)CC[C@]4(C)[C@H]3CC[C@]12C,RUDATBOHQWOJDD-UZVSRGJWSA-N,1,chembl_external,0.020752914965772796
CCCC1O[C@@H]2C[C@H]3[C@@H]4CCC5=CC(=O)C=C[C@]5(C)[C@H]4[C@@H](O)C[C@]3(C)[C@]2(C(=O)CO)O1,VOVIALXJUBGFJZ-KWVAZRHASA-N,1,chembl_external,0.5730764036386592
CCCCNC(=N)NC(=N)N,XSEUMFJMFFMCIU-UHFFFAOYSA-N,1,chembl_external,0.13206546674277497
CO[C@@]12CC[C@@]3(C[C@@H]1[C@](C)(O)C(C)(C)C)[C@H]1Cc4ccc(O)c5c4[C@@]3(CCN1CC1CC1)[C@H]2O5,RMRJXGBAOAMLHD-CTAPUXPBSA-N,1,chembl_external,0.053643417230096864
O=C1CC2(CCCC2)CC(=O)N1CCCCN1CCN(c2ncccn2)CC1,QWCRAEMEVRGPNT-UHFFFAOYSA-N,1,chembl_external,0.11033320786798195
C=CCC1(CC(C)C)C(=O)NC(=O)NC1=O,UZVHFVZFNXBMQJ-UHFFFAOYSA-N,1,chembl_external,0.2762253073589362
COc1cc(N)c(Cl)cc1C(=O)NC1CCN(CCCOc2ccc(F)cc2)CC1OC,DCSUBABJRXZOMT-UHFFFAOYSA-N,1,chembl_external,0.886861929098881
CN1CCC[C@@H]1CCO[C@](C)(c1ccccc1)c1ccc(Cl)cc1,YNNUSGIPVFPVBX-NHCUHLMSSA-N,1,chembl_external,0.22785305374416073
COc1ccc([C@@H]2Sc3cc(Cl)ccc3N(CCN(C)C)C(=O)[C@@H]2OC(C)=O)cc1,GYKFWCDBQAFCLJ-RTWAWAEBSA-N,1,chembl_external,0.6550734176704335
CC(=O)O[C@@]12CO[C@@H]1C[C@H](O)[C@@]1(C)C(=O)[C@H](O)C3=C(C)[C@@H](OC(=O)[C@H](O)[C@@H](NC(=O)OC(C)(C)C)c4ccccc4)C[C@@](O)([C@@H](OC(=O)c4ccccc4)[C@H]21)C3(C)C.O.O.O,XCDIRYDKECHIPE-QHEQPUDQSA-N,1,chembl_external,0.6620358684653805
CCCCC(CC)COC(=O)CC(C(=O)OCC(CC)CCCC)S(=O)(=O)O,HNSDLXPSAYFUHK-UHFFFAOYSA-N,1,chembl_external,0.30835267517702847
O=C(O[C@@H]1C[C@@H]2C[C@H]3C[C@H](C1)N2CC3=O)c1c[nH]c2ccccc12,UKTAZPQNNNJVKR-KJGYPYNMSA-N,1,chembl_external,0.2202305137780802
CN(C)CC/C=C1\c2ccccc2CSc2ccccc21,PHTUQLWOUWZIMZ-GZTJUZNOSA-N,1,chembl_external,0.9503649648870746
CCN1CC(CCN2CCOCC2)C(c2ccccc2)(c2ccccc2)C1=O,XFDJYSQDBULQSI-UHFFFAOYSA-N,1,chembl_external,0.22429235999163524
O=C(O)P(=O)(O)O,ZJAOAACCNHFJAH-UHFFFAOYSA-N,1,chembl_external,0.8052882129014209
CC/C(=C(/CC)c1ccc(OP(=O)(O)O)cc1)c1ccc(OP(=O)(O)O)cc1,NLORYLAYLIXTID-ISLYRVAYSA-N,1,chembl_external,0.08610828735733077
C[C@@H]1O[C@@H]1P(=O)(O)O,YMDXZJFXQJVXBF-STHAYSLISA-N,1,chembl_external,0.18499155231889433
O=CN(O)CCCP(=O)(O)O,GJXWDTUCERCKIX-UHFFFAOYSA-N,1,chembl_external,0.0977857567727043
COc1ccc2nc(NC(=O)Nc3ccccc3)sc2c1,JHBWYQRKOUBPCA-UHFFFAOYSA-N,1,chembl_external,0.0782638725708522
CO[C@@H]1[C@H](OC(=O)/C=C/C=C/C=C/C=C/C(=O)O)CC[C@]2(CO2)[C@H]1[C@@]1(C)O[C@@H]1CC=C(C)C,NGGMYCMLYOUNGM-CSDLUJIJSA-N,1,chembl_external,0.056945715399930354
CC(=O)OCC(=O)[C@@]1(O)CC[C@H]2[C@@H]3CCC4=CC(=O)C=C[C@]4(C)[C@@]3(F)[C@@H](O)C[C@@]21C,ZOCUOMKMBMEYQV-GSLJADNHSA-N,1,chembl_external,0.07459191460844979
CC(C)[N+](C)(CCC(C(N)=O)(c1ccccc1)c1ccccc1)C(C)C,JTPUMZTWMWIVPA-UHFFFAOYSA-O,1,chembl_external,0.0581466160394171
O=[N+]([O-])O[C@H]1CO[C@H]2[C@@H]1OC[C@H]2O[N+](=O)[O-],MOYKHGMNXAOIAT-JGWLITMVSA-N,1,chembl_external,0.37483047044386114
CO[C@@H]1[C@@H](O[C@@H]2O[C@H](C)[C@@H](O[C@H]3C[C@@](C)(O)[C@@H](OC(=O)CC(C)C)[C@H](C)O3)[C@H](N(C)C)[C@H]2O)[C@@H](CC=O)C[C@@H](C)[C@@H](O)/C=C/C=C/C[C@@H](C)OC(=O)C[C@H]1OC(C)=O,XJSFLOJWULLJQS-NGVXBBESSA-N,1,chembl_external,0.05967772075573923
CC[C@@H](CO)NC(=O)[C@@H]1C=C2c3cccc4c3c(cn4C)C[C@H]2N(C)C1,KPJZHOPZRAFDTN-ZRGWGRIASA-N,1,chembl_external,0.10528993230023542
Cc1ccc2c(c1)C(N1CCN(C)CC1)=Nc1ccccc1S2,IOEPXYJOHIZYGQ-UHFFFAOYSA-N,1,chembl_external,0.7639480761664501
COc1cccc(OC)c1C(=O)N[C@@H]1C(=O)N2[C@@H]1SC(C)(C)[C@@H]2C(=O)O,RJQXTJLFIWVMTO-TYNCELHUSA-N,1,chembl_external,0.8133682821839167
CC1(C)S[C@@H]2[C@H](NC(=O)[C@H](NC(=O)N3CCN(S(C)(=O)=O)C3=O)c3ccccc3)C(=O)N2[C@H]1C(=O)O,YPBATNHYBCGSSN-VWPFQQQWSA-N,1,chembl_external,0.5001523750020138
COc1cc2[nH]c(C)c(CCN3CCN(c4ccccc4)CC3)c2cc1OC,XCWPUUGSGHNIDZ-UHFFFAOYSA-N,1,chembl_external,0.2116494608316046
CCCCC1C(=O)N(c2ccccc2)N(c2ccc(O)cc2)C1=O,HFHZKZSRXITVMK-UHFFFAOYSA-N,1,chembl_external,0.8080141254469386
CN(C)[C@@H]1C(O)=C(C(N)=O)C(=O)[C@@]2(O)C(O)=C3C(=O)c4c(O)cccc4[C@@](C)(O)[C@H]3[C@H](O)[C@@H]12,IWVCMVBTMGNXQD-PXOLEDIWSA-N,1,chembl_external,0.101706626457645
CC(=N)N1CC[C@H](SC2=C(C(=O)O)N3C(=O)[C@H]([C@@H](C)O)[C@H]3C2)C1.O=C(O)CCNC(=O)c1ccccc1,JQWGVORAFCVYJN-TXVDJMPOSA-N,1,chembl_external,0.28352377203504836
Cc1c(C(C)C)c(=O)n(-c2ccccc2)n1C,PXWLVJLKJGVOKE-UHFFFAOYSA-N,1,chembl_external,0.3325862052041844
Cc1ccc2c(-c3ccccc3)nc(=O)n(C(C)C)c2c1,JTIGKVIOEQASGT-UHFFFAOYSA-N,1,chembl_external,0.14925514320608882
CCCc1cc(C(N)=S)ccn1,VRDIULHPQTYCLN-UHFFFAOYSA-N,1,chembl_external,0.7671261750053567
[N-]=[N+]=O,GQPLMRYTRLFLPF-UHFFFAOYSA-N,1,chembl_external,0.2685822632696571
COCCCN1CCC(NC(=O)c2cc(Cl)c(N)c3c2OCC3)CC1,ZPMNHBXQOOVQJL-UHFFFAOYSA-N,1,chembl_external,0.1597487733017396
Cc1oc(=O)oc1CN1CCN(c2cc3c(cc2F)c(=O)c(C(=O)O)c2n3C(C)S2)CC1,PWNMXPDKBYZCOO-UHFFFAOYSA-N,1,chembl_external,0.7635656182429331
CN1CCCN=C1/C=C/c1cccs1,YSAUAVHXTIETRK-AATRIKPKSA-N,1,chembl_external,0.15430873750979324
CNC(=O)OCc1cccc(COC(=O)NC)n1,YEKQSSHBERGOJK-UHFFFAOYSA-N,1,chembl_external,0.34576326113760625
C=CC[C@@H]1/C=C(\C)C[C@H](C)C[C@H](OC)[C@H]2O[C@@](O)(C(=O)C(=O)N3CCCC[C@H]3C(=O)O[C@H](/C(C)=C/[C@@H]3CC[C@@H](O)[C@H](OC)C3)[C@H](C)[C@@H](O)CC1=O)[C@H](C)C[C@@H]2OC,QJJXYPPXXYFBGM-LFZNUXCKSA-N,1,chembl_external,0.8922998434480962
O=c1[nH]c(=O)n(C2CCCO2)cc1F,WFWLQNSHRPWKFK-UHFFFAOYSA-N,1,chembl_external,0.6867627377902341
CC(=O)N[C@@H]1[C@H](Oc2c3cc4cc2Oc2ccc(cc2Cl)[C@@H](O[C@@H]2O[C@@H](CO)[C@@H](O)[C@H](O)[C@@H]2NC(C)=O)[C@@H]2NC(=O)[C@H](NC(=O)[C@@H]4NC(=O)[C@H]4NC(=O)[C@@H](Cc5ccc(c(Cl)c5)O3)NC(=O)[C@H](N)c3ccc(O)c(c3)Oc3cc(O)cc4c3)c3ccc(O)c(c3)-c3c(O[C@H]4O[C@H](CO)[C@@H](O)[C@@H](O)[C@@H]4O)cc(O)cc3[C@@H](C(=O)O)NC2=O)O[C@@H](CO)[C@@H](O)[C@@H]1O,DDTDNCYHLGRFBM-YZEKDTGTSA-N,1,chembl_external,0.1832142286658334
CNCCNc1ccc2c3c(nn2CCNCCO)-c2c(O)ccc(O)c2C(=O)c13,XASBSYHEEHVCSJ-UHFFFAOYSA-N,1,chembl_external,0.26090866125965495
N[C@H](C(=O)O)[C@@H]1CC(Cl)=NO1,QAWIHIJWNYOLBE-OKKQSCSOSA-N,1,chembl_external,0.0280527497296526
CC[C@@]1(O)C[C@H](O[C@H]2C[C@H](N(C)C)[C@H](O[C@H]3C[C@H](O)[C@H](O[C@H]4CCC(=O)[C@H](C)O4)[C@H](C)O3)[C@H](C)O2)c2c(cc3c(c2O)C(=O)c2c(O)cccc2C3=O)[C@H]1C(=O)OC,USZYSDMBJDPRIF-SVEJIMAYSA-N,1,chembl_external,0.10022650632954377
C[S+](CC[C@H](N)C(=O)[O-])C[C@H]1O[C@@H](n2cnc3c(N)ncnc32)[C@H](O)[C@@H]1O,MEFKEPWMEQBLKI-AIRLBKTGSA-N,1,chembl_external,0.2394099455242181
CC[C@H]1[C@@H]2C[C@H]3[C@@H]4N(C)c5ccccc5[C@]45C[C@@H]([C@@H]2[C@H]5O)N3[C@@H]1O,CJDRUOGAGYHKKD-OVXZWHIBSA-N,1,chembl_external,0.0647071021175576
CCO.CN1CCC[C@H]1c1cccnc1,BPDQFGHMIVCAMB-PPHPATTJSA-N,1,chembl_external,0.12024929261821139
CC(=O)[C@H]1CC[C@H]2[C@@H]3CC[C@H]4C[C@H](O)CC[C@]4(C)[C@H]3C(=O)C[C@]12C.C[C@]12CC[C@@H](O)C[C@@H]1CC[C@H]1[C@@H]3CC[C@H](C(=O)CO)[C@@]3(C)CC(=O)[C@@H]12,XUBQGWOKVYWNSZ-ZSNKRZAOSA-N,1,chembl_external,0.059853290490500415
CC(C)C[C@H](NC(=O)[C@H](CCCCN)NC(=O)CNC(=O)[C@H](CC(C)C)NC(=O)[C@@H](NC(=O)[C@@H]1CSSC[C@H](N)C(=O)N[C@@H](CO)C(=O)N[C@@H](CC(N)=O)C(=O)N[C@@H](CC(C)C)C(=O)N[C@@H](CO)C(=O)N[C@@H]([C@@H](C)O)C(=O)N1)C(C)C)C(=O)N[C@@H](CO)C(=O)N[C@@H](CCC(N)=O)C(=O)N[C@@H](CCC(=O)O)C(=O)N[C@@H](CC(C)C)C(=O)N[C@@H](Cc1c[nH]cn1)C(=O)N[C@@H](CCCCN)C(=O)N[C@@H](CC(C)C)C(=O)N[C@@H](CCC(N)=O)C(=O)N[C@H](C(=O)N[C@@H](Cc1ccc(O)cc1)C(=O)N1CCC[C@H]1C(=O)N[C@@H](CCCNC(=N)N)C(=O)N[C@H](C(=O)N[C@@H](CC(N)=O)C(=O)N[C@H](C(=O)NCC(=O)N[C@@H](CO)C(=O)NCC(=O)N[C@H](C(=O)N1CCC[C@H]1C(N)=O)[C@@H](C)O)[C@@H](C)O)[C@@H](C)O)[C@@H](C)O,BBBFJLBPOGFECG-VJVYQDLKSA-N,1,chembl_external,0.12205060996312884
CN(C)C(=O)OC1N=C(c2ccccc2)c2cc(Cl)ccc2N(C)C1=O,PXBVEXGRHZFEOF-UHFFFAOYSA-N,1,chembl_external,0.6055069616612939
CC12CCC(CC1=O)C2(C)C,DSSYKIVIOFKYAU-UHFFFAOYSA-N,1,chembl_external,0.11540466540363298
C[C@@H]1NC(=O)[C@@H](N)CNC(=O)[C@H](C2CCNC(=N)N2)NC(=O)/C(=C/NC(N)=O)NC(=O)[C@H](CNC(=O)CC(N)CCCN)NC1=O.N=C1NCCC([C@@H]2NC(=O)/C(=C/NC(N)=O)NC(=O)[C@H](CNC(=O)CC(N)CCCN)NC(=O)[C@H](CO)NC(=O)[C@@H](N)CNC2=O)N1,VCOPTHOUUNAYKQ-DAOVIKHBSA-N,1,chembl_external,0.4796240739310318
CC(Cc1ccccc1)NCc1ccccc1Cl,LRXXRIXDSAEIOR-UHFFFAOYSA-N,1,chembl_external,0.4782274317583238
CC(C)/N=c1\cc2n(-c3ccc(Cl)cc3)c3ccccc3nc-2cc1Nc1ccc(Cl)cc1,WDQPAMHFFCXSNU-BGABXYSRSA-N,1,chembl_external,0.8811462894531016
CN(C)C(=O)CCCOC(=O)C(C)(C)Oc1ccc(Cl)cc1,CXQGFLBVUNUQIA-UHFFFAOYSA-N,1,chembl_external,0.29325305637090215
C[C@H]1c2cccc(O)c2C(=O)C2=C(O)[C@]3(O)C(=O)C(C(N)=O)=C(O)[C@@H](N(C)C)[C@@H]3[C@@H](O)[C@@H]21.O,XQTWDDCIUJNLTR-CVHRZJFOSA-N,1,chembl_external,0.15081831781926228
CC/C(=C(/c1ccc(OCCN(C)C)cc1)c1cccc(O)c1)c1ccccc1,ZQZFYGIXNQKOAV-OCEACIFDSA-N,1,chembl_external,0.5999286307045291
O=C(CCCN1CC=C(n2c(=O)[nH]c3ccccc32)CC1)c1ccc(F)cc1,RMEDXOLNCUSCGS-UHFFFAOYSA-N,1,chembl_external,0.11606053981768526
CS[C@H]1SC[C@H]2C(=O)N(C)[C@@H](C(C)C)C(=O)OC[C@@H](NC(=O)c3cnc4ccccc4n3)C(=O)N[C@@H](C)C(=O)N(C)[C@@H]1C(=O)N(C)[C@@H](C(C)C)C(=O)OC[C@@H](NC(=O)c1cnc3ccccc3n1)C(=O)N[C@@H](C)C(=O)N2C,AUJXLBOHYWTPFV-VLNMHYLBSA-N,1,chembl_external,0.12945568198671725
Clc1ccc(COC(Cn2ccnc2)c2ccc(Cl)cc2Cl)cc1,LEZWWPYKPKIXLL-UHFFFAOYSA-N,1,chembl_external,0.3872877799225199
C/C=C(/CC)C(=O)NC(N)=O,QCUPYFTWJOZAOB-HYXAFXHYSA-N,1,chembl_external,0.1876466601858817
O=C1OCCN1/N=C/c1ccc([N+](=O)[O-])o1,PLHJDBGFXBMTGZ-WEVVVXLNSA-N,1,chembl_external,0.26886258409037017
COc1ccc(CCN(C)CCCC(C#N)(c2cc(OC)c(OC)c(OC)c2)C(C)C)cc1OC,XQLWNAFCTODIRK-UHFFFAOYSA-N,1,chembl_external,0.307643455067006
CC(C)=CCC/C(C)=C/CC/C(C)=C/CCC(=O)OC/C=C(\C)CCC=C(C)C,ZPACYDRSPFRDHO-ROBAGEODSA-N,1,chembl_external,0.19325971645354348
NC[C@H]1O[C@H](O[C@H]2[C@H](O)[C@@H](O[C@H]3O[C@H](CO)[C@@H](O)[C@H](N)[C@H]3O)[C@H](N)C[C@@H]2N)[C@H](O)[C@@H](O)[C@@H]1O,SBUJHOSQTJFQJX-NOAMYHISSA-N,1,chembl_external,0.024970167452410246
CC(=O)CCC1C(=O)N(c2ccccc2)N(c2ccccc2)C1=O,LGYTZKPVOAIUKX-UHFFFAOYSA-N,1,chembl_external,0.33452556169673736
COc1c2occc2c(OC)c2c(=O)cc(C)oc12,HSMPDPBYAYSOBC-UHFFFAOYSA-N,1,chembl_external,0.1834995178690002
CCC(=O)O[C@@H]1CC(=O)O[C@H](C)C/C=C/C=C/[C@H](O)[C@H](C)C[C@H](CC=O)[C@H](O[C@@H]2O[C@H](C)[C@@H](O[C@H]3C[C@@](C)(O)[C@@H](OC(=O)CC)[C@H](C)O3)[C@H](N(C)C)[C@H]2O)[C@H]1OC,DMUAPQTXSSNEDD-QALJCMCCSA-N,1,chembl_external,0.052838925164278884
CC(C)/N=C/Nc1ccc(-c2c[nH]cn2)cc1,GOZUADYOHPCXLE-UHFFFAOYSA-N,1,chembl_external,0.10954067919680599
CCCCCNCC(N)=O,GJNNXIYZWIZFRH-UHFFFAOYSA-N,1,chembl_external,0.05616655481558396
CCCCCCCCCCCCCCCCOP(=O)([O-])OCC[N+](C)(C)C,PQLXHQMOHUQAKB-UHFFFAOYSA-N,1,chembl_external,0.011583135708855496
C[C@H]1COc2c(C3(N)CC3)c(F)cc3c(=O)c(C(=O)O)cn1c23,XAGMUUZPGZWTRP-ZETCQYMHSA-N,1,chembl_external,0.22622093334299012
CCn1cc(C(=O)O)c(=O)c2cc(F)c(N3CCN(C)CC3)cc21,FHFYDNQZQSQIAI-UHFFFAOYSA-N,1,chembl_external,0.7005315630413543
Nc1nc2[nH]cc(CCc3ccc(C(=O)N[C@@H](CCC(=O)O)C(=O)O)cc3)c2c(=O)[nH]1,WBXPDJSOTKVWSJ-ZDUSSCGKSA-N,1,chembl_external,0.5036124536368053
Cc1ncc(CO)c(CO)c1O,LXNHXLLTXMVWPM-UHFFFAOYSA-N,1,chembl_external,0.08723909938404979
CCc1nc(N)nc(N)c1-c1ccc(Cl)cc1.Nc1ccc(S(=O)(=O)c2ccc(N)cc2)cc1,DPHWJXXMMQWNKS-UHFFFAOYSA-N,1,chembl_external,0.36052789285928427
CCc1nc(N)nc(N)c1-c1ccc(Cl)cc1.COc1ncnc(NS(=O)(=O)c2ccc(N)cc2)c1OC,LUBUTTBEBGYNJN-UHFFFAOYSA-N,1,chembl_external,0.28131065748158957
Cc1ncc(CSSCc2cnc(C)c(O)c2CO)c(CO)c1O,SIXLXDIJGIWWFU-UHFFFAOYSA-N,1,chembl_external,0.18492943141175888
Fc1ccccc1C1=NCC(=S)N(CC(F)(F)F)c2ccc(Cl)cc21,IKMPWMZBZSAONZ-UHFFFAOYSA-N,1,chembl_external,0.3180755101368555
COC(=O)c1nc2cc(Cl)c3cccnc3c2o1,ZCRBUWNCWCWRGL-UHFFFAOYSA-N,1,chembl_external,0.13426605037612419
CCC1NC(=O)c2cc(S(N)(=O)=O)c(Cl)cc2N1,AGMMTXLNIQSRCG-UHFFFAOYSA-N,1,chembl_external,0.7926982488570481
NC(=O)N1C(=O)/C(=C(\O)c2cccs2)c2cc(Cl)ccc21,LXIKEPCNDFVJKC-QXMHVHEDSA-N,1,chembl_external,0.173387305018898
CN1C(C(=O)Nc2ccccn2)=C(O)c2sccc2S1(=O)=O,LZNWYQJJBLGYLT-UHFFFAOYSA-N,1,chembl_external,0.8190741035880019
COc1ccc(-n2nc(CCC(=O)N(C)O)cc2-c2ccc(Cl)cc2)cc1,XYKWNRUXCOIMFZ-UHFFFAOYSA-N,1,chembl_external,0.08765728734715682
CC(C)(C)c1ccc(C(O)CCCN2CCC(C(O)(c3ccccc3)c3ccccc3)CC2)cc1,GUGOEEXESWIERI-UHFFFAOYSA-N,1,chembl_external,0.10627830366860443
CC(C)[C@@H]1NC(=O)[C@H](CCCCN)NC(=O)[C@@H](Cc2c[nH]c3ccccc23)NC(=O)[C@H](Cc2ccc(O)cc2)NC(=O)[C@@H](NC(=O)[C@H](N)Cc2ccccc2)CSSC[C@@H](C(=O)N[C@@H](Cc2c[nH]c3ccccc23)C(N)=O)NC1=O,SWXOGPJRIDTIRL-DOUNNPEJSA-N,1,chembl_external,0.3187012021927727
Nc1c2c(nc3ccccc13)CCCC2O,HLVVITIHAZBPKB-UHFFFAOYSA-N,1,chembl_external,0.8072922055054109
COc1ccc(C(=O)N2CCN(c3ccc4c(c3)CCC(=O)N4)CC2)cc1OC,ZVNYJIZDIRKMBF-UHFFFAOYSA-N,1,chembl_external,0.3147015131542491
Nc1ncnc2c1ncn2[C@@H]1O[C@H](CO)[C@@H](O)[C@@H]1O,OIRDTQYFTABQOQ-UHTZMRCNSA-N,1,chembl_external,0.02096311051783417
CCOc1ccccc1OCC1CNCCO1,YWPHCCPCQOJSGZ-UHFFFAOYSA-N,1,chembl_external,0.42759504269060594
C=CCNc1nc(NCC=C)nc(N2CCN(C(c3ccc(F)cc3)c3ccc(F)cc3)CC2)n1,OBDOVFRMEYHSQB-UHFFFAOYSA-N,1,chembl_external,0.12140970675144198
Cc1cn([C@H]2C[C@H](F)[C@@H](CO)O2)c(=O)[nH]c1=O,UXCAQJAQSWSNPQ-XLPZGREQSA-N,1,chembl_external,0.14399471808843373
O=C(O)CN1C(=O)c2cccc3cccc(c23)C1=O,GCUCIFQCGJIRNT-UHFFFAOYSA-N,1,chembl_external,0.3036595484632676
CCN(CCCc1ccccc1)CCCc1ccccc1,ZPFXAOWNKLFJDN-UHFFFAOYSA-N,1,chembl_external,0.07646726351842882
CC(=O)O[C@@]12CO[C@@H]1C[C@H](O)[C@@]1(C)C(=O)[C@H](O)C3=C(C)[C@@H](OC(=O)[C@H](O)[C@@H](NC(=O)OC(C)(C)C)c4ccccc4)C[C@@](O)([C@@H](OC(=O)c4ccccc4)[C@H]21)C3(C)C,ZDZOTLJHXYCWBA-VCVYQWHSSA-N,1,chembl_external,0.7319505603611401
CN(C)CCC[C@@]1(c2ccc(F)cc2)OCc2cc(C#N)ccc21,WSEQXVZVJXJVFP-FQEVSTJZSA-N,1,chembl_external,0.2596703094334125
CC(=O)Oc1cc2c(s1)CCN(C(C(=O)C1CC1)c1ccccc1F)C2.Cl,JALHGCPDPSNJNY-UHFFFAOYSA-N,1,chembl_external,0.877005087391816
COCCCOc1cc(C[C@@H](C[C@H](N)[C@@H](O)C[C@H](C(=O)NCC(C)(C)C(N)=O)C(C)C)C(C)C)ccc1OC,UXOWGYHJODZGMF-QORCZRPOSA-N,1,chembl_external,0.8459695125055005
O.O=P(O)(O)C(O)(Cn1ccnc1)P(=O)(O)O,FUXFIVRTGHOMSO-UHFFFAOYSA-N,1,chembl_external,0.790697131564075
O=C(O)c1cc(=O)c2cc(OCC(O)COc3cccc4oc(C(=O)O)cc(=O)c34)ccc2o1,FSINDHDHRQZTPH-UHFFFAOYSA-N,1,chembl_external,0.8323992894136586
CCNC(=O)[C@@H]1CCCN1C(=O)[C@H](CCCNC(=N)N)NC(=O)[C@H](CC(C)C)NC(=O)[C@H](CC(C)C)NC(=O)[C@H](Cc1ccc(O)cc1)NC(=O)[C@H](CO)NC(=O)[C@H](Cc1c[nH]c2ccccc12)NC(=O)[C@H](Cc1c[nH]cn1)NC(=O)[C@@H]1CCC(=O)N1,GFIJNRVAKGFPGQ-UILVTTEASA-N,1,chembl_external,0.7050128655213891
C[C@H](Cn1cnc2c(N)ncnc21)OCP(=O)(O)O,SGOIRFVFHAKUTI-ZCFIWIBFSA-N,1,chembl_external,0.6209819058881876
CC(C)C[C@H](NC(=O)[C@H](Cc1c[nH]c2ccccc12)NC(=O)[C@H](Cc1ccc(O)cc1)NC(=O)[C@H](CO)NC(=O)[C@H](Cc1c[nH]c2ccccc12)NC(=O)[C@H](Cc1c[nH]cn1)NC(=O)[C@@H]1CCC(=O)N1)C(=O)N[C@@H](CCCNC(=N)N)C(=O)N1CCC[C@H]1C(=O)NCC(N)=O.O=C(O)c1cc2ccccc2c(Cc2c(O)c(C(=O)O)cc3ccccc23)c1O,ZBVJFYPGLGEMIN-LWGIMUNNSA-N,1,chembl_external,0.7316204969878494
COc1ccc2[n-]c([S@+]([O-])Cc3ncc(C)c(OC)c3C)nc2c1.[Na+],RYXPMWYHEBGTRV-GJFSDDNBSA-N,1,chembl_external,0.2806790269655954
O[C@@H](c1cc(C(F)(F)F)nc2c(C(F)(F)F)cccc12)[C@H]1CCCCN1,XEEQGYMUWCZPDN-DOMZBBRYSA-N,1,chembl_external,0.1874519096258678
Cl.Cl.O=C(O)COCCN1CCN([C@H](c2ccccc2)c2ccc(Cl)cc2)CC1,PGLIUCLTXOYQMV-GHVWMZMZSA-N,1,chembl_external,0.5929459624672812
CO[C@H]1O[C@H](COS(=O)(=O)[O-])[C@@H](O[C@@H]2O[C@@H](C(=O)[O-])[C@@H](O[C@H]3O[C@H](COS(=O)(=O)[O-])[C@@H](O[C@@H]4O[C@H](C(=O)[O-])[C@@H](O[C@H]5O[C@H](COS(=O)(=O)[O-])[C@@H](O)[C@H](O)[C@H]5NS(=O)(=O)[O-])[C@H](O)[C@H]4O)[C@H](OS(=O)(=O)[O-])[C@H]3NS(=O)(=O)[O-])[C@H](O)[C@H]2OS(=O)(=O)[O-])[C@H](O)[C@H]1NS(=O)(=O)[O-].[Na+].[Na+].[Na+].[Na+].[Na+].[Na+].[Na+].[Na+].[Na+].[Na+],XEKSTYNIJLDDAZ-JASSWCPGSA-D,1,chembl_external,0.1748929341691535
Cc1nc(Nc2ncc(C(=O)Nc3c(C)cccc3Cl)s2)cc(N2CCN(CCO)CC2)n1.O,XHXFZZNHDVTMLI-UHFFFAOYSA-N,1,chembl_external,0.8246083746717162
CCCCCCCCCC(=O)O[C@H]1CC[C@H]2[C@@H]3CCC4=CC(=O)CC[C@@H]4[C@H]3CC[C@]12C,JKWKMORAXJQQSR-MOPIKTETSA-N,1,chembl_external,0.45889236451949583
CCN(CC)CCNC(=O)c1c(C)[nH]c(/C=C2\C(=O)Nc3ccc(F)cc32)c1C,WINHZLLDWRZWRT-ATVHPVEESA-N,1,chembl_external,0.8705673277832515
CS(=O)(=O)O.C[C@H](N)C(=O)N[C@@H](C)C(=O)N[C@H]1[C@@H]2CN(c3nc4c(cc3F)c(=O)c(C(=O)O)cn4-c3ccc(F)cc3F)C[C@@H]21,CYETUYYEVKNSHZ-LGOOQLFJSA-N,1,chembl_external,0.3774752582624028
CC(=O)N[C@@H]1[C@@H](O[C@@H]2O[C@@H](C(=O)O)[C@@H](O)[C@H](O)[C@H]2O)[C@@H](OS(=O)(=O)O)[C@@H](CO)O[C@H]1O,AVJBPWGFOQAPRH-FWMKGIEWSA-N,1,chembl_external,0.086448006374625
COc1cccc2c1[C@@H]1CN(CCCCn3c(=O)[nH]c4c(sc5ncc(-c6ccccc6)nc54)c3=O)C[C@@H]1CO2,WDTAYDBPNYFWDR-WOJBJXKFSA-N,1,chembl_external,0.3441741303711045
CC1=NN(c2ccc(C)c(C)c2)C(=O)/C1=N\Nc1cccc(-c2cccc(C(=O)O)c2)c1O.NCCO.NCCO,PLILLUUXAVKBPY-SBIAVEDLSA-N,1,chembl_external,0.3512183741915946
CCCC(CCC)C(=O)O.CCCC(CCC)C(=O)[O-].[Na+],MSRILKIQRXUYCT-UHFFFAOYSA-M,1,chembl_external,0.12523918783136176
Cc1nnc(C(C)C)n1[C@H]1C[C@H]2CC[C@@H](C1)N2CC[C@H](NC(=O)C1CCC(F)(F)CC1)c1ccccc1,GSNHKUDZZFZSJB-QUMGSSFMSA-N,1,chembl_external,0.19375828365199768
CC(COc1ccccc1)N(CCCl)Cc1ccccc1,QZVCTJOXCFMACW-UHFFFAOYSA-N,1,chembl_external,0.31487400266497517
Cc1ccccc1C(OCCN(C)C)c1ccccc1,QVYRGXJJSLMXQH-UHFFFAOYSA-N,1,chembl_external,0.18648496983136062
N[C@@H](Cc1cc(I)c(Oc2ccc(O)c(I)c2)c(I)c1)C(=O)O,AUYYCJSJGJYCDS-LBPRGKRZSA-N,1,chembl_external,0.4786760522948466
Cn1c(=O)c2c(ncn2C)n(C)c1=O,RYYVLZVUVIJVGH-UHFFFAOYSA-N,1,chembl_external,0.2854983206930208
NCCCCCC(=O)O,SLXKOJJOQWFEFD-UHFFFAOYSA-N,1,chembl_external,0.11093634057245529
O=C1O[C@H]([C@@H](O)CO)C(O)=C1O,CIWBSHSKHKDKBQ-JLAZNSOCSA-N,1,chembl_external,0.018530194411072506
Nc1nc(=O)c2c([nH]1)NCC(CNc1ccc(C(=O)N[C@@H](CCC(=O)[O-])C(=O)[O-])cc1)N2C=O.[Ca+2],KVUAALJSMIVURS-ZEDZUCNESA-L,1,chembl_external,0.1815828376303146
C=C1CC[C@H](O)C/C1=C/C=C1\CCC[C@]2(C)[C@@H]([C@H](C)/C=C/[C@H](C)C(C)C)CC[C@@H]12,MECHNRXZTMCUDQ-RKHKHRCZSA-N,1,chembl_external,0.24939410879970247
CCOC(=O)C1(c2ccccc2)CCN(CCC(C#N)(c2ccccc2)c2ccccc2)CC1,HYPPXZBJBPSRLK-UHFFFAOYSA-N,1,chembl_external,0.042807956382972606
COc1ccc2c(c1)[C@]13CCCC[C@@H]1[C@H](C2)N(C)CC3,MKXZASYAUGDDCJ-NJAFHUGGSA-N,1,chembl_external,0.04884180215187637
CN(C)C(=O)C(CCN1CCC(O)(c2ccc(Cl)cc2)CC1)(c1ccccc1)c1ccccc1,RDOIQAHITMMDAJ-UHFFFAOYSA-N,1,chembl_external,0.07316021310148178
CC(COc1ccccc1)NC(C)C(O)c1ccc(O)cc1,BMUKKTUHUDJSNZ-UHFFFAOYSA-N,1,chembl_external,0.49650050732287715
CN[C@@H](C)[C@@H](O)c1ccccc1,KWGRBVOPPLSCSI-WCBMZHEXSA-N,1,chembl_external,0.039729903307052006
CC(C)NCC(O)c1ccc(O)c(O)c1,JWZZKOKVBUJMES-UHFFFAOYSA-N,1,chembl_external,0.23415649517525275
CCC1(c2ccccc2)C(=O)NCNC1=O,DQMZLTXERSFNPB-UHFFFAOYSA-N,1,chembl_external,0.30551512063898567
C[C@]12CCC(=O)C=C1CC[C@H]1[C@@H]3CC[C@](O)(C(=O)CO)[C@@]3(C)C[C@H](O)[C@@]12F,AAXVEMMRQDVLJB-BULBTXNYSA-N,1,chembl_external,0.08238130881960228
Nc1nc(=O)c2nc(CNc3ccc(C(=O)N[C@@H](CCC(=O)O)C(=O)O)cc3)cnc2[nH]1,OVBPIULPVIDEAO-LBPRGKRZSA-N,1,chembl_external,0.39484046747257057
OC[C@@H](O)[C@@H](O)[C@H](O)[C@@H](O)CO,FBPFZTCFMRRESA-JGWLITMVSA-N,1,chembl_external,0.02613540891016851
NC[C@@H]1O[C@H](O[C@H]2[C@@H](O)[C@H](O[C@@H]3[C@@H](O)[C@H](N)C[C@H](N)[C@H]3O[C@H]3O[C@H](CO)[C@@H](O)[C@H](O)[C@H]3N)O[C@@H]2CO)[C@H](N)[C@@H](O)[C@@H]1O,UOZODPSAJZTQNH-LSWIJEOBSA-N,1,chembl_external,0.03366296508057953
Cl.N,NLXLAEXVIDQMFP-UHFFFAOYSA-N,1,chembl_external,0.05818645759798299
C[N+](C)(C)CC(=O)O,KWIUHFFTVRNATP-UHFFFAOYSA-O,1,chembl_external,0.03364695102145436
CN1[C@@H]2CC[C@H]1C[C@@H](OC(=O)C(CO)c1ccccc1)C2,RKUNBYITZUJHSG-SPUOUPEWSA-N,1,chembl_external,0.052427867252543954
CN(C)CCC(c1ccc(Br)cc1)c1ccccn1,ZDIGNSYAACHWNL-UHFFFAOYSA-N,1,chembl_external,0.3506105991105428
CCOC(=O)C1(c2ccccc2)CCN(C)CC1,XADCESSVHJOZHK-UHFFFAOYSA-N,1,chembl_external,0.08055507983707273
CN[C@@H](C)Cc1ccccc1,MYWUZJCMWCOHBA-VIFPVBQESA-N,1,chembl_external,0.07808239680946581
CNC1(C)C2CCC(C2)C1(C)C,IMYZQPCYWPFTAG-UHFFFAOYSA-N,1,chembl_external,0.6399093978781625
Cc1cccc(CN2CCN(C(c3ccccc3)c3ccc(Cl)cc3)CC2)c1,OCJYIGYOJCODJL-UHFFFAOYSA-N,1,chembl_external,0.09643080983544104
CN1CC[C@]23c4c5ccc(O)c4O[C@H]2C(=O)CC[C@@]3(O)[C@H]1C5,UQCNKQCJZOAFTQ-ISWURRPUSA-N,1,chembl_external,0.047722726454501756
C[C@H]1[C@H](c2ccccc2)OCCN1C,MFOCDFTXLCYLKU-CMPLNLGQSA-N,1,chembl_external,0.05692638866755129
C[C@](N)(Cc1ccc(O)cc1)C(=O)O,NHTGHBARYWONDQ-JTQLQIEISA-N,1,chembl_external,0.6054595568444964
CN1CC[C@]23c4c5ccc(O)c4O[C@H]2[C@@H](O)C=C[C@H]3[C@H]1C5,BQJCRHHNABKAKU-KBQPJGBKSA-N,1,chembl_external,0.3405940706328116
COc1ccccc1OCC(O)CO,HSRJKNPTNIJEKV-UHFFFAOYSA-N,1,chembl_external,0.3855317945956838
OCCOCCN1CCN(C(c2ccccc2)c2ccc(Cl)cc2)CC1,ZQDWXGKKHFNSQK-UHFFFAOYSA-N,1,chembl_external,0.32952986991429956
CN(C)CC[C@@H](c1ccc(Br)cc1)c1ccccn1,ZDIGNSYAACHWNL-HNNXBMFYSA-N,1,chembl_external,0.5689230905130996
NC(=O)C(c1ccccc1)(c1ccccc1)[C@@H]1CCN(CCc2ccc3c(c2)CCO3)C1,HXGBXQDTNZMWGS-RUZDIDTESA-N,1,chembl_external,0.31893531887747034
O=C(CCCCCCC(=O)Nc1ccccc1)NO,WAEXFXRVDQXREF-UHFFFAOYSA-N,1,chembl_external,0.06309409941816682
Cc1ncc2n1-c1ccc(Cl)cc1C(c1ccccc1F)=NC2,DDLIGBOFAVUZHB-UHFFFAOYSA-N,1,chembl_external,0.47999465217104803
CN1C[C@H](C(=O)N[C@]2(C)O[C@@]3(O)[C@@H]4CCCN4C(=O)[C@H](Cc4ccccc4)N3C2=O)C[C@@H]2c3cccc4[nH]cc(c34)C[C@H]21,LUZRJRNZXALNLM-JGRZULCMSA-N,1,chembl_external,0.15291471363991813
NC[C@H]1CC[C@H](C(=O)O)CC1,GYDJEQRTZSCIOI-LJGSYFOKSA-N,1,chembl_external,0.4367896124739746
C[N+](C)(C)C[C@H](O)CC(=O)[O-],PHIQHXFUZVPYII-ZCFIWIBFSA-N,1,chembl_external,0.03153809520790141
Cl.NCCNCCNCCN,XPVOJYDIBHYVFL-UHFFFAOYSA-N,1,chembl_external,0.2316595102045831
Cc1ccc(N(CC2=NCCN2)c2cccc(O)c2)cc1,MRBDMNSDAVCSSF-UHFFFAOYSA-N,1,chembl_external,0.17943408032157152
N=C(N)NCCN1CCCCCCC1,ACGDKVXYNVEAGU-UHFFFAOYSA-N,1,chembl_external,0.21549119998903307
C[C@H](N)Cc1ccccc1,KWTSXDURSIMDCE-QMMMGPOBSA-N,1,chembl_external,0.2828704015065121
CC(C)NCC(O)c1cc(O)cc(O)c1,LMOINURANNBYCM-UHFFFAOYSA-N,1,chembl_external,0.7247924878865807
CN(C)CCC(c1ccc(Cl)cc1)c1ccccn1,SOYKEARSMXGVTM-UHFFFAOYSA-N,1,chembl_external,0.5681264348165488
CN(C)CCc1c[nH]c2ccc(Cn3cncn3)cc12,ULFRLSNUDGIQQP-UHFFFAOYSA-N,1,chembl_external,0.6349907856831031
CC1(C)S[C@@H]2[C@H](NC(=O)COc3ccccc3)C(=O)N2[C@H]1C(=O)O,BPLBGHOLXOTWMN-MBNYWOFBSA-N,1,chembl_external,0.570554461131653
CC[C@@H](c1cccc(O)c1)[C@@H](C)CN(C)C,KWTWDQCKEHXFFR-SMDDNHRTSA-N,1,chembl_external,0.36702311834669904
C[C@@H](Cc1ccccc1)N(C)Cc1ccccc1,YXKTVDFXDRQTKV-HNNXBMFYSA-N,1,chembl_external,0.09194706946522639
O=S(=O)(OC[C@H]1O[C@@H](O[C@]2(COS(=O)(=O)O[Al](O)O)O[C@H](OS(=O)(=O)O[Al](O)O)[C@@H](OS(=O)(=O)O[Al](O)O)[C@@H]2OS(=O)(=O)O[Al](O)O)[C@H](OS(=O)(=O)O[Al](O)O)[C@@H](OS(=O)(=O)O[Al](O)O)[C@@H]1OS(=O)(=O)O[Al](O)O)O[Al](O)O.O[Al](O)O.O[Al](O)O.O[Al](O)O.O[Al](O)O.O[Al](O)O.O[Al](O)O.O[Al](O)O.O[Al](O)O,JTZPPHUZZDKEOC-RBQAPOGLSA-A,1,chembl_external,0.30032104471048693
O=C(O[C@H]1C[C@H]2CC[C@@H](C1)[N+]21CCCC1)C(O)(c1ccccc1)c1ccccc1.[Cl-],RVCSYOQWLPPAOA-QKYUOBHYSA-M,1,chembl_external,0.03506535317730657
NCC1O[C@H](O[C@H]2[C@@H](O)[C@H](O[C@H]3[C@H](O)[C@@H](N)C[C@@H](N)[C@@H]3O[C@H]3O[C@H](CN)[C@@H](O)[C@H](O)[C@H]3N)O[C@@H]2CO)[C@H](N)[C@@H](O)[C@@H]1O,PGBHMTALBVVCIT-XOOGOISSSA-N,1,chembl_external,0.243563263983426
Cn1c(=O)c2[nH]cnc2n(C)c1=O.Cn1c(=O)c2[nH]cnc2n(C)c1=O.NCCN,FQPFAHBPWDRTLU-UHFFFAOYSA-N,1,chembl_external,0.06764130494625592
CN(C)CCOC(C)(c1ccccc1)c1ccccn1,HCFDWZZGGLSKEP-UHFFFAOYSA-N,1,chembl_external,0.21003929619860642
CC(C[N+](C)(C)C)OC(N)=O,NZUPCNDJBJXXRF-UHFFFAOYSA-O,1,chembl_external,0.14176278707667803
CC(=O)OCC(=O)[C@@]1(O)CC[C@H]2[C@@H]3CCC4=CC(=O)CC[C@]4(C)[C@H]3C(=O)C[C@@]21C,ITRJWOMZKQRYTA-RFZYENFJSA-N,1,chembl_external,0.743059229263738
CCN(CC)CCOC(=O)C1(C2CCCCC2)CCCCC1,CURUTKGFNZGFSE-UHFFFAOYSA-N,1,chembl_external,0.05887923524688573
Cn1c(=O)c2c(ncn2CC(O)CO)n(C)c1=O,KSCFJBIXMNOVSH-UHFFFAOYSA-N,1,chembl_external,0.1561976656088679
CN1CC[C@]23CCCC[C@H]2[C@H]1Cc1ccc(O)cc13,JAQUASYNZVUNQP-USXIJHARSA-N,1,chembl_external,0.03373501829499522
CC(C)[N+](C)(CCOC(=O)C1c2ccccc2Oc2ccccc21)C(C)C,VVWYOYDLCMFIEM-UHFFFAOYSA-N,1,chembl_external,0.07730646755285171
CN(C)CCOC(c1ccc(Cl)cc1)c1ccccn1,OJFSXZCBGQGRNV-UHFFFAOYSA-N,1,chembl_external,0.4510865379761157
CN1C(=O)CC(C)(c2ccccc2)C1=O,AJXPJJZHWIXJCJ-UHFFFAOYSA-N,1,chembl_external,0.3715927246149275
C[N+]1(C)CCCC(OC(=O)C(O)(c2ccccc2)c2ccccc2)C1,GKNPSSNBBWDAGH-UHFFFAOYSA-N,1,chembl_external,0.06786734516271578
Cc1ccc(/C(=C\CN2CCCC2)c2ccccn2)cc1,CBEQULMOCCWAQT-WOJGMQOQSA-N,1,chembl_external,0.18805301517978665
CCN(CC)C(C)C(=O)c1ccccc1,XXEPPPIWZFICOJ-UHFFFAOYSA-N,1,chembl_external,0.08793130548190374
OC(CCN1CCCCC1)(c1ccccc1)C1CC2C=CC1C2,YSXKPIUOCJLQIE-UHFFFAOYSA-N,1,chembl_external,0.80044932699616
C[N+]1(C)CCC(OC(=O)C(O)(c2ccccc2)C2CCCC2)C1,ANGKOCUUWGHLCE-UHFFFAOYSA-N,1,chembl_external,0.15981727674207669
CC(C)(C(=O)c1cccnc1)c1cccnc1,FJLBFSROUSIWMA-UHFFFAOYSA-N,1,chembl_external,0.20270811162251237
OC[C@H]1O[C@@H](O[C@@H]2[C@@H](CO)O[C@](O)(CO)[C@H]2O)[C@H](O)[C@@H](O)[C@H]1O,JCQLYHFGKNRPGE-FCVZTGTOSA-N,1,chembl_external,0.005852876874259764
C=C1/C(=C\C=C2/CCC[C@]3(C)[C@@H]([C@H](C)CCCC(C)(C)O)CC[C@@H]23)C[C@@H](O)C[C@@H]1O,GMRQFYUYWCNGIN-NKMMMXOESA-N,1,chembl_external,0.05602141833776797
CC(=O)[O-].CC(=O)[O-].[Ca+2],VSGNNIFQASZAOI-UHFFFAOYSA-L,1,chembl_external,0.09451170566802475
COc1ccc2c3c1O[C@H]1C(=O)CC[C@@]4(O)[C@@H](C2)N(C)CC[C@]314,BRUQQQPBMZOVGD-XFKAJCMBSA-N,1,chembl_external,0.09217622344600941
OCCN1C[C@H](O)[C@@H](O)[C@H](O)[C@H]1CO,IBAQFPQHRJAVAV-ULAWRXDQSA-N,1,chembl_external,0.016027747806671083
CN1[C@@H]2CC[C@H]1C[C@@H](OC(c1ccccc1)c1ccccc1)C2,GIJXKZJWITVLHI-PMOLBWCYSA-N,1,chembl_external,0.07582318904177514
CCCCN1C[C@H](O)[C@@H](O)[C@H](O)[C@H]1CO,UQRORFVVSGFNRO-UTINFBMNSA-N,1,chembl_external,0.012283717598427427
C=CCN1C[C@H](C(=O)N(CCCN(C)C)C(=O)NCC)C[C@@H]2c3cccc4[nH]cc(c34)C[C@H]21,KORNTPPJEAJQIU-KJXAQDMKSA-N,1,chembl_external,0.17319519250392723
COc1ccccc1OCC(O)CN1CCN(CC(=O)Nc2c(C)cccc2C)CC1,XKLMZUWKNUAPSZ-UHFFFAOYSA-N,1,chembl_external,0.632313903525581
C[C@@H](NCCCc1cccc(C(F)(F)F)c1)c1cccc2ccccc12,VDHAWDNDOKGFTD-MRXNPFEDSA-N,1,chembl_external,0.06947449649831085
C[C@H]1CN(C[C@H](Cc2ccccc2)C(=O)NCC(=O)O)CC[C@@]1(C)c1cccc(O)c1,UPNUIXSCZBYVBB-JVFUWBCBSA-N,1,chembl_external,0.05252360973225739
CCC(=O)NCC[C@@H]1CCc2ccc3c(c21)CCO3,YLXDSYKOBKBWJQ-LBPRGKRZSA-N,1,chembl_external,0.4251299665735498
C[C@H](O)[C@H](O)[C@@]1(C)CNc2[nH]c(N)nc(=O)c2N1,ZXWOUECXXOIJEE-DMXGEVFUSA-N,1,chembl_external,0.07436686723788671
CCC(C)CCCCC(=O)N[C@@H](CCNCS(=O)(=O)[O-])C(=O)N[C@@H](C(=O)N[C@@H](CCNCS(=O)(=O)[O-])C(=O)N[C@H]1CCNC(=O)[C@H]([C@@H](C)O)NC(=O)[C@H](CCNCS(=O)(=O)[O-])NC(=O)[C@H](CCNCS(=O)(=O)[O-])NC(=O)[C@H](CC(C)C)NC(=O)[C@@H](CC(C)C)NC(=O)[C@H](CCNCS(=O)(=O)[O-])NC1=O)[C@@H](C)O.[Na+].[Na+].[Na+].[Na+].[Na+],IQWHCHZFYPIVRV-UDKJPVSYSA-I,1,chembl_external,0.10346795650304737
Cc1cc2nc3c(=O)[nH]c(=O)nc-3n(C[C@H](O)[C@H](O)[C@H](O)CO)c2cc1C,AUNGANRZJHBGPY-SCRDCRAPSA-N,1,chembl_external,0.04189539182139806
C[N+]1(C)[C@@H]2C[C@@H](OC(=O)[C@H](CO)c3ccccc3)C[C@H]1[C@@H]1O[C@@H]12.[Br-],CXYRUNPLKGGUJF-RAFJPFSSSA-M,1,chembl_external,0.04620647598909649
O=[N+]([O-])OCC(CO[N+](=O)[O-])O[N+](=O)[O-],SNIOPGDIGTZGOP-UHFFFAOYSA-N,1,chembl_external,0.11691489165330433
CC[N+](CC)(CCNC(=O)C(=O)NCC[N+](CC)(CC)Cc1ccccc1Cl)Cc1ccccc1Cl,OMHBPUNFVFNHJK-UHFFFAOYSA-P,1,chembl_external,0.0719506129477687
CN[C@@H](C)[C@H](O)c1ccccc1,KWGRBVOPPLSCSI-WPRPVWTQSA-N,1,chembl_external,0.039729903307052006
CN1[C@@H]2C[C@@H](OC(=O)[C@H](CO)c3ccccc3)C[C@H]1[C@@H]1O[C@@H]12,STECJAGHUSJQJN-FWXGHANASA-N,1,chembl_external,0.049750627333841814
CC(C)(N)CO.Cn1c(=O)c2[nH]c(Br)nc2n(C)c1=O,ATOTUUBRFJHZQG-UHFFFAOYSA-N,1,chembl_external,0.0634526964992387
CC(=O)Oc1ccc(C(c2ccc(OC(C)=O)cc2)c2ccccn2)cc1,KHOITXIGCFIULA-UHFFFAOYSA-N,1,chembl_external,0.27344538302529175
OC(CCN1CCCC1)(c1ccccc1)C1CCCCC1,WYDUSKDSKCASEF-UHFFFAOYSA-N,1,chembl_external,0.07282253157974046
CC(C)(C)NC[C@H](O)COc1ccccc1C1CCCC1,KQXKVJAGOJTNJS-HNNXBMFYSA-N,1,chembl_external,0.08201153432353796
CC[N+](C)(C)c1cccc(O)c1,VWLHWLSRQJQWRG-UHFFFAOYSA-O,1,chembl_external,0.08095848387210698
NCCc1ccc(O)c(O)c1,VYFYYTLLBUKUHU-UHFFFAOYSA-N,1,chembl_external,0.07484096417162338
CNC(=O)Oc1ccc2c(c1)[C@]1(C)CCN(C)[C@@H]1N2C,PIJVFDBKTWXHHD-HIFRSBDPSA-N,1,chembl_external,0.08137580854060165
Nc1ncnc2c1ncn2[C@@H]1O[C@H](CO)[C@@H](O)[C@H]1O,OIRDTQYFTABQOQ-KQYNXXCUSA-N,1,chembl_external,0.02096311051783417
CC(CCc1ccc(O)cc1)NCCc1ccc(O)c(O)c1,JRWZLRBJNMZMFE-UHFFFAOYSA-N,1,chembl_external,0.5086027379575931
CCOC(=O)c1ncn2c1CN(C)C(=O)c1cc(F)ccc1-2,OFBIFZUFASYYRE-UHFFFAOYSA-N,1,chembl_external,0.17242465157661502
CCN(CC)CC(=O)Nc1c(C)cccc1C,NNJVILVZKWQKPM-UHFFFAOYSA-N,1,chembl_external,0.3863626695652054
CC[C@H](C)[C@H](N)C1=N[C@H](C(=O)N[C@@H](CC(C)C)C(=O)N[C@H](CCC(=O)O)C(=O)N[C@H](C(=O)N[C@H]2CCCCNC(=O)[C@H](CC(N)=O)NC(=O)[C@@H](CC(=O)O)NC(=O)[C@H](Cc3cnc[nH]3)NC(=O)[C@@H](Cc3ccccc3)NC(=O)[C@H]([C@@H](C)CC)NC(=O)[C@@H](CCCN)NC2=O)[C@@H](C)CC)CS1,CLKOFPXJLQSYAH-ABRJDSQDSA-N,1,chembl_external,0.08824250201276569
N=C(N)NCCC[C@H](N)C(=O)O,ODKSFYDXXFIFQN-BYPYZUCNSA-N,1,chembl_external,0.012761434568185332
CC(=O)OCC[N+](C)(C)C.[Cl-],JUGOREOARAHOCO-UHFFFAOYSA-M,1,chembl_external,0.030376848807228796
N#C[C@@H]1C[C@@H]2C[C@@H]2N1C(=O)[C@@H](N)C12CC3CC(CC(O)(C3)C1)C2,QGJUIPDUBHWZPV-SGTAVMJGSA-N,1,chembl_external,0.11212531658959168
CCCCCCC(C)(C)c1cc(O)c2c(c1)OC(C)(C)C1CCC(=O)CC21,GECBBEABIDMGGL-UHFFFAOYSA-N,1,chembl_external,0.2853025708743519
CN(C)CCc1c[nH]c2ccc(CS(=O)(=O)N3CCCC3)cc12,WKEMJKQOLOHJLZ-UHFFFAOYSA-N,1,chembl_external,0.6150982856116137
CN[C@@H]1CCc2[nH]c3ccc(C(N)=O)cc3c2C1,XPSQPHWEGNHMSK-SECBINFHSA-N,1,chembl_external,0.09140327386606152
C[C@]12C=CC(=O)N[C@@H]1CC[C@@H]1[C@@H]2CC[C@]2(C)[C@@H](C(=O)Nc3cc(C(F)(F)F)ccc3C(F)(F)F)CC[C@@H]12,JWJOTENAMICLJG-QWBYCMEYSA-N,1,chembl_external,0.2637571060940307
CO[C@H]1C[C@@H]2CC[C@@H](C)[C@@](O)(O2)C(=O)C(=O)N2CCCC[C@H]2C(=O)O[C@H]([C@H](C)C[C@@H]2CC[C@@H](OC(=O)C(C)(CO)CO)[C@H](OC)C2)CC(=O)[C@H](C)/C=C(\C)[C@@H](O)[C@@H](OC)C(=O)[C@H](C)C[C@H](C)/C=C/C=C/C=C/1C,CBPNZQVSJQDFBE-FUXHJELOSA-N,1,chembl_external,0.5411966036404768
Nc1nc(F)nc2c1ncn2[C@@H]1O[C@H](COP(=O)(O)O)[C@@H](O)[C@@H]1O,GIUYCYHIANZCFB-FJFJXFQQSA-N,1,chembl_external,0.09026298660252759
Oc1ccc2c(c1)[C@@]13CCCC[C@@]1(O)[C@@H](C2)N(CC1CCC1)CC3,IFKLAQQSCNILHL-QHAWAJNXSA-N,1,chembl_external,0.032897767138388656
Oc1ccc2c3c1O[C@H]1[C@@H](O)CC[C@@]4(O)[C@@H](C2)N(CC2CCC2)CC[C@]314,NETZHAKZCGBWSS-CEDHKZHLSA-N,1,chembl_external,0.038489844859625005
CCC(=O)N(c1ccccc1)C1(COC)CCN(CCc2cccs2)CC1,GGCSSNBKKAUURC-UHFFFAOYSA-N,1,chembl_external,0.1168174620901456
COc1ccc(C[C@@H]2c3cc(OC)c(OC)cc3CC[N@+]2(C)CCC(=O)OCCCCCOC(=O)CC[N@@+]2(C)CCc3cc(OC)c(OC)cc3[C@H]2Cc2ccc(OC)c(OC)c2)cc1OC.O=S(=O)([O-])c1ccccc1.O=S(=O)([O-])c1ccccc1,XXZSQOVSEBAPGS-DONVQRBFSA-L,1,chembl_external,0.060275014091134164
CCC(=O)N(c1ccccc1)C1(COC)CCN(CCn2nnn(CC)c2=O)CC1,IDBPHNDTYPBSNI-UHFFFAOYSA-N,1,chembl_external,0.27195328607450425
CC(C)(CO)[C@@H](O)C(=O)NCCCO,SNPLKNRPJHDVJA-ZETCQYMHSA-N,1,chembl_external,0.024802281847403556
OC[C@@H](O)[C@@H](O)[C@H](O)[C@H](O)CO,FBPFZTCFMRRESA-KVTDHHQDSA-N,1,chembl_external,0.02613540891016851
Nc1ccc(C(=O)NCC(=O)O)cc1,HSMNQINEKMPTIC-UHFFFAOYSA-N,1,chembl_external,0.15061209742541426
CC[C@H](C)[C@H](NC(=O)[C@@H](NC(=O)[C@H](CCC(=O)O)NC(=O)[C@H](CC(C)C)NC(=O)[C@H](CCSC)NC(=O)[C@H](CCCCN)NC(=O)[C@H](CCCNC(=N)N)NC(=O)[C@H](CC(N)=O)NC(=O)[C@H](CO)NC(=O)[C@H](Cc1cnc[nH]1)NC(=O)[C@H](C)NC(=O)[C@H](CCC(N)=O)NC(=O)[C@H](CCC(N)=O)NC(=O)[C@H](C)NC(=O)[C@H](CC(C)C)NC(=O)[C@H](CCC(N)=O)NC(=O)[C@H](CCC(=O)O)NC(=O)[C@H](C)NC(=O)[C@H](CCCNC(=N)N)NC(=O)[C@H](C)NC(=O)[C@H](CCSC)NC(=O)[C@H](CCC(=O)O)NC(=O)[C@H](CC(C)C)NC(=O)[C@@H](NC(=O)[C@H](CCC(=O)O)NC(=O)[C@H](CCCNC(=N)N)NC(=O)[C@H](CC(C)C)NC(=O)[C@H](CC(C)C)NC(=O)[C@H](Cc1cnc[nH]1)NC(=O)[C@H](Cc1ccccc1)NC(=O)[C@@H](NC(=O)[C@H](CC(C)C)NC(=O)[C@H](CC(=O)O)NC(=O)[C@H](CC(C)C)NC(=O)[C@H](CO)NC(=O)[C@@H](NC(=O)[C@@H]1CCCN1C(=O)[C@@H]1CCCN1C(=O)[C@H](CCC(=O)O)NC(=O)[C@H](CCC(=O)O)NC(=O)[C@@H](N)CO)[C@@H](C)CC)[C@@H](C)O)C(C)C)[C@@H](C)CC)C(=O)O,VXFVFWFSJFSXHN-FAUHKOHMSA-N,1,chembl_external,0.21635764111233213
CC1(C)C(/C=C/C=C/C=C/C=C2\N(CCCCS(=O)(=O)[O-])c3ccc4ccccc4c3C2(C)C)=[N+](CCCCS(=O)(=O)[O-])c2ccc3ccccc3c21.[Na+],MOFVSTNWEDAEEK-UHFFFAOYSA-M,1,chembl_external,0.06239398930361078
CNC(=O)c1c(I)c(NC(C)=O)c(I)c(C(=O)[O-])c1I.[Na+],WCIMWHNSWLLELS-UHFFFAOYSA-M,1,chembl_external,0.08441697848463985
OC[C@H]1OC(O)[C@H](O)[C@@H](O)[C@@H]1O,WQZGKKKJIJFFOK-GASJEMHNSA-N,1,chembl_external,0.037341622261001094
CC(O)C(=O)[O-].[Na+],NGSFWBMYFKHRBD-UHFFFAOYSA-M,1,chembl_external,0.21542150785599393
NC(=O)[C@@H]1CCCN1C(=O)[C@H](Cc1c[nH]cn1)NC(=O)[C@@H]1CCC(=O)N1,XNSAINXGIQZQOO-SRVKXCTJSA-N,1,chembl_external,0.026670107707820453
CSCC[C@H](NC(=O)[C@H](Cc1ccc(OS(=O)(=O)O)cc1)NC(=O)[C@@H](N)CC(=O)O)C(=O)NCC(=O)N[C@@H](Cc1c[nH]c2ccccc12)C(=O)N[C@@H](CCSC)C(=O)N[C@@H](CC(=O)O)C(=O)N[C@@H](Cc1ccccc1)C(N)=O,IZTQOLKUZKXIRV-YRVFCXMDSA-N,1,chembl_external,0.05881639015151711
O=C(NCC(O)CO)c1c(I)c(C(=O)NCC(O)CO)c(I)c(N(CCO)C(=O)CO)c1I,AMDBBAQNWSUWGN-UHFFFAOYSA-N,1,chembl_external,0.5808691676200769
CC[C@H](C)[C@H](NC(=O)[C@H](CC(=O)O)NC(=O)[C@H](CC(C)C)NC(=O)[C@H](CC(C)C)NC(=O)[C@H](CCCCN)NC(=O)[C@H](CCCNC(=N)N)NC(=O)[C@H](CC(N)=O)NC(=O)[C@H](CO)NC(=O)[C@H](Cc1cnc[nH]1)NC(=O)[C@H](C)NC(=O)[C@H](CCC(N)=O)NC(=O)[C@H](CCC(N)=O)NC(=O)[C@H](C)NC(=O)[C@H](CC(C)C)NC(=O)[C@H](CCC(N)=O)NC(=O)[C@H](CC(=O)O)NC(=O)[C@H](C)NC(=O)[C@H](CCCCN)NC(=O)[C@@H](NC(=O)[C@H](CCSC)NC(=O)[C@H](CCC(=O)O)NC(=O)[C@H](CC(C)C)NC(=O)[C@@H](NC(=O)[C@H](CCC(=O)O)NC(=O)[C@H](CCCNC(=N)N)NC(=O)[C@H](CC(C)C)NC(=O)[C@H](CC(C)C)NC(=O)[C@H](Cc1cnc[nH]1)NC(=O)[C@H](Cc1ccccc1)NC(=O)[C@@H](NC(=O)[C@H](CC(C)C)NC(=O)[C@H](CC(=O)O)NC(=O)[C@H](CC(C)C)NC(=O)[C@H](CO)NC(=O)[C@@H](NC(=O)[C@@H]1CCCN1C(=O)[C@@H]1CCCN1C(=O)[C@H](CCC(=O)O)NC(=O)[C@H](CCC(N)=O)NC(=O)[C@@H](N)CO)[C@@H](C)CC)[C@@H](C)O)C(C)C)[C@@H](C)O)C(=O)N[C@@H](C)C(N)=O,QEEJLLNYQOBRRM-KSHGRFHLSA-N,1,chembl_external,0.22877663954208274
O=S([O-])([O-])=S.[Na+].[Na+],AKHNMLFCWUSKQB-UHFFFAOYSA-L,1,chembl_external,0.04147382674025441
CC[C@H](C)[C@@H]1NC(=O)[C@H](CCCNC(=N)N)NC(=O)[C@H](CC(=O)O)NC(=O)[C@H](CCSC)NC(=O)[C@H](CCCCN)NC(=O)[C@H](CCCNC(=N)N)NC(=O)CNC(=O)[C@H](Cc2ccccc2)NC(=O)[C@@H](NC(=O)CNC(=O)[C@H](CO)NC(=O)CNC(=O)[C@H](CCC(N)=O)NC(=O)[C@@H](NC(=O)[C@H](CCSC)NC(=O)[C@H](CCCCN)NC(=O)[C@@H]2CCCN2C(=O)[C@@H](N)CO)C(C)C)CSSC[C@@H](C(=O)N[C@@H](CCCCN)C(=O)N[C@H](C(=O)N[C@@H](CC(C)C)C(=O)N[C@@H](CCCNC(=N)N)C(=O)N[C@@H](CCCNC(=N)N)C(=O)N[C@@H](CC2C=NC=N2)C(=O)O)C(C)C)NC(=O)CNC(=O)[C@H](CC(C)C)NC(=O)CNC(=O)[C@H](CO)NC(=O)[C@H](CO)NC(=O)[C@H](CO)NC(=O)[C@H](CO)NC1=O,KSFAMFKTRGJQKV-UDZSTSFQSA-N,1,chembl_external,0.36593905552486355
CC(=O)O.CC(=O)O.CC/N=C(\NCC)NCCCC[C@H](NC(=O)[C@H](CC(C)C)NC(=O)[C@@H](CCCCN/C(=N/CC)NCC)NC(=O)[C@H](Cc1ccc(O)cc1)NC(=O)[C@H](CO)NC(=O)[C@@H](Cc1cccnc1)NC(=O)[C@@H](Cc1ccc(Cl)cc1)NC(=O)[C@@H](Cc1ccc2ccccc2c1)NC(C)=O)C(=O)N1CCC[C@H]1C(=O)N[C@H](C)C(N)=O,OVBICQMTCPFEBS-SATRDZAXSA-N,1,chembl_external,0.06832813290514532
CC[C@H](C)[C@H](NC(=O)[C@@H]1CCCN1C(=O)CNC(=O)[C@H](Cc1ccccc1)NC(=O)[C@H](CC(N)=O)NC(=O)[C@H](CC(N)=O)NC(=O)[C@H](CO)NC(=O)[C@H](CO)NC(=O)[C@H](Cc1c[nH]cn1)NC(=O)[C@@H](NC(=O)[C@H](CC(C)C)NC(=O)[C@H](Cc1ccccc1)NC(=O)[C@H](CC(N)=O)NC(=O)[C@H](C)NC(=O)[C@H](CC(C)C)NC(=O)[C@H](CCCNC(=N)N)NC(=O)[C@H](CCC(N)=O)NC(=O)[C@@H](NC(=O)[C@H](C)NC(=O)[C@@H]1CSSC[C@H](NC(=O)[C@@H](N)CCCCN)C(=O)N[C@@H](CC(N)=O)C(=O)N[C@@H]([C@@H](C)O)C(=O)N[C@@H](C)C(=O)N[C@@H]([C@@H](C)O)C(=O)N1)[C@@H](C)O)C(C)C)C(=O)N[C@@H](CC(C)C)C(=O)N1CCC[C@H]1C(=O)N1CCC[C@H]1C(=O)N[C@H](C(=O)N[C@@H](CC(N)=O)C(=O)N[C@H](C(=O)NCC(=O)N[C@@H](CO)C(=O)N[C@@H](CC(N)=O)C(=O)N[C@H](C(=O)N[C@@H](Cc1ccc(O)cc1)C(N)=O)[C@@H](C)O)C(C)C)[C@@H](C)O,TZIRZGBAFTZREM-MKAGXXMWSA-N,1,chembl_external,0.12973886402853743
CC[C@H](C)[C@H](NC(=O)[C@H](Cc1ccccc1)NC(=O)[C@H](CC(C)C)NC(=O)[C@H](CCCNC(=N)N)NC(=O)[C@@H](NC(=O)[C@H](C)NC(=O)[C@H](CCC(=O)O)NC(=O)[C@H](CCC(=O)O)NC(=O)[C@H](CCC(=O)O)NC(=O)[C@H](CCSC)NC(=O)[C@H](CCC(N)=O)NC(=O)[C@H](CCCCN)NC(=O)[C@H](CO)NC(=O)[C@H](CC(C)C)NC(=O)[C@H](CC(=O)O)NC(=O)[C@H](CO)NC(=O)[C@@H](NC(=O)[C@H](Cc1ccccc1)NC(=O)[C@@H](NC(=O)CNC(=O)[C@H](CCC(=O)O)NC(=O)CNC(=O)[C@@H](N)Cc1cnc[nH]1)[C@@H](C)O)[C@@H](C)O)C(C)C)C(=O)N[C@@H](CCC(=O)O)C(=O)N[C@@H](Cc1c[nH]c2ccccc12)C(=O)N[C@@H](CC(C)C)C(=O)N[C@@H](CCCCN)C(=O)N[C@@H](CC(N)=O)C(=O)NCC(=O)NCC(=O)N1CCC[C@H]1C(=O)N[C@@H](CO)C(=O)N[C@@H](CO)C(=O)NCC(=O)N[C@@H](C)C(=O)N1CCC[C@H]1C(=O)N1CCC[C@H]1C(=O)N1CCC[C@H]1C(=O)N[C@@H](CO)C(N)=O,HTQBXNHDCUEHJF-XWLPCZSASA-N,1,chembl_external,0.21447239508345936
CN(C)CCOC(c1ccccc1)c1ccccc1.Cn1c(=O)c2[nH]c(Cl)nc2n(C)c1=O,NFLLKCVHYJRNRH-UHFFFAOYSA-N,1,chembl_external,0.18837546493952098
C[N+]1(CC2CC2)CC[C@]23c4c5ccc(O)c4O[C@H]2C(=O)CC[C@@]3(O)[C@H]1C5.[Br-],IFGIYSGOEZJNBE-KNLJMPJLSA-N,1,chembl_external,0.10139514549346886
C=CCN1CC[C@]23c4c5ccc(O)c4O[C@H]2C(=O)CC[C@@]3(O)[C@H]1C5,UZHSEJADLWPNLE-GRGSLBFTSA-N,1,chembl_external,0.045993657446670645
CCCC(=O)OCOC(=O)C1=C(C)NC(C)=C(C(=O)OC)C1c1cccc(Cl)c1Cl,KPBZROQVTHLCDU-UHFFFAOYSA-N,1,chembl_external,0.8894075482692724
CNC(=O)c1cnn(-c2nc(N)c3ncn([C@@H]4O[C@H](CO)[C@@H](O)[C@H]4O)c3n2)c1,LZPZPHGJDAGEJZ-AKAIJSEGSA-N,1,chembl_external,0.06496987887834302
C/C=C1\NC(=O)[C@@H]2CSSCC/C=C/[C@@H](CC(=O)N[C@H](C(C)C)C(=O)N2)OC(=O)[C@H](C(C)C)NC1=O,OHRURASPPZQGQM-ZHGVDQHVSA-N,1,chembl_external,0.0669450301049938
NCCc1c[nH]cn1.O=P(O)(O)O.O=P(O)(O)O,ZHIBQGJKHVBLJJ-UHFFFAOYSA-N,1,chembl_external,0.12212519374555593
NC[C@H](O)c1ccc(O)c(O)c1,SFLSHLFXELFNJZ-QMMMGPOBSA-N,1,chembl_external,0.04754002817661337
CNC[C@H](O)c1ccc(O)c(O)c1,UCTWMZQNUQWSLP-VIFPVBQESA-N,1,chembl_external,0.05028019779496374
C[N+](C)(C)CCOC(=O)CCC(=O)OCC[N+](C)(C)C,AXOIZCJOOAYSMI-UHFFFAOYSA-N,1,chembl_external,0.04332178723452796
CC[C@H](C)[C@@H]1NC(=O)[C@H](Cc2ccc(O)cc2)NC(=O)[C@@H](N)CSSC[C@@H](C(=O)N2CCC[C@H]2C(=O)N[C@@H](CC(C)C)C(=O)NCC(N)=O)NC(=O)[C@H](CC(N)=O)NC(=O)[C@H](CCC(N)=O)NC1=O,XNOPRXBHLZRZKH-DSZYJQQASA-N,1,chembl_external,0.08288645142741281
CSCC[C@H](NC(=O)[C@H](CO)NC(=O)[C@H](Cc1ccc(O)cc1)NC(=O)[C@@H](N)CO)C(=O)N[C@@H](CCC(=O)O)C(=O)N[C@@H](Cc1c[nH]cn1)C(=O)N[C@@H](Cc1ccccc1)C(=O)N[C@@H](CCCNC(=N)N)C(=O)N[C@@H](Cc1c[nH]c2ccccc12)C(=O)NCC(=O)N[C@@H](CCCCN)C(=O)N1CCC[C@H]1C(=O)N[C@H](C(=O)NCC(=O)N[C@@H](CCCCN)C(=O)N[C@@H](CCCCN)C(=O)N[C@@H](CCCNC(=N)N)C(=O)N[C@@H](CCCNC(=N)N)C(=O)N1CCC[C@H]1C(=O)N[C@H](C(=O)N[C@@H](CCCCN)C(=O)N[C@H](C(=O)N[C@@H](Cc1ccc(O)cc1)C(=O)N1CCC[C@H]1C(=O)O)C(C)C)C(C)C)C(C)C,ZOEFCCMDUURGSE-SQKVDDBVSA-N,1,chembl_external,0.15011620288914843
CC(=O)O[C@H]1C[C@@H]2CC[C@@H]3[C@H](CC[C@@]4(C)[C@H]3C[C@H]([N+]3(C)CCCCC3)[C@@H]4OC(C)=O)[C@@]2(C)C[C@@H]1[N+]1(C)CCCCC1,GVEAYVLWDAFXET-XGHATYIMSA-N,1,chembl_external,0.03131089450245751
CSCC[C@H](NC(=O)[C@H](Cc1c[nH]c2ccccc12)NC(=O)CCNC(=O)OC(C)(C)C)C(=O)N[C@@H](CC(=O)O)C(=O)N[C@@H](Cc1ccccc1)C(N)=O,NEYNJQRKHLUJRU-DZUOILHNSA-N,1,chembl_external,0.0505763023845257
O=C(O)CN(CCN(CC(=O)O)CC(=O)O)CCN(CC(=O)O)CC(=O)O,QPCDCPDFJACHGM-UHFFFAOYSA-N,1,chembl_external,0.9257589050580025
O=C(O)c1ccccc1-c1c2ccc(=O)cc-2oc2cc(O)ccc12,YKGGGCXBWXHKIZ-UHFFFAOYSA-N,1,chembl_external,0.05381744066532429
CCCCC[C@](C)(O)/C=C/[C@@H]1[C@@H](C/C=C\CCCC(=O)O)[C@@H](O)C[C@H]1O.NC(CO)(CO)CO,UMMADZJLZAPZAW-XOWPVRJPSA-N,1,chembl_external,0.06792429982472822
CC(=O)O[C@H]1C[C@@H]2CC[C@@H]3[C@H](CC[C@@]4(C)[C@H]3C[C@H]([N+]3(C)CCCCC3)[C@@H]4OC(C)=O)[C@@]2(C)C[C@@H]1N1CCCCC1,BGSZAXLLHYERSY-XQIGCQGXSA-N,1,chembl_external,0.028382623929799247
COc1ccc(CC2c3cc(OC)c(OC)cc3CC[N+]2(C)CCC(=O)OCCCCCOC(=O)CC[N+]2(C)CCc3cc(OC)c(OC)cc3C2Cc2ccc(OC)c(OC)c2)cc1OC,YXSLJKQTIDHPOT-UHFFFAOYSA-N,1,chembl_external,0.17563842405124078
CCCCCCCC/C=C\CCCCCCCC(=O)O.NCCO,KGWDUNBJIMUFAP-KVVVOXFISA-N,1,chembl_external,0.04021772651595605
[82Rb+].[Cl-],FGDZQCVHDSGLHJ-RYDPDVNUSA-M,1,chembl_external,0.034536899920310664
CC[C@H](C)[C@@H]1NC(=O)[C@H](Cc2ccc(O)cc2)NC(=O)[C@@H](N)CSSC[C@@H](C(=O)N2CCC[C@H]2C(=O)N[C@@H](CC(C)C)C(=O)NCC(N)=O)NC(=O)[C@H](CC(N)=O)NC(=O)[C@H]([C@@H](C)O)NC1=O,ZDRRIRUAESZNIH-BZGUUIOASA-N,1,chembl_external,0.11493474523564523
Oc1ccc(C2CNCCc3c2cc(O)c(O)c3Cl)cc1,TVURRHSHRRELCG-UHFFFAOYSA-N,1,chembl_external,0.9297289408656462
COc1cc2c(cc1OC)[C@@H](Cc1cc(OC)c(OC)c(OC)c1)[N+](C)(CCCOC(=O)CC/C=C/CCC(=O)OCCC[N+]1(C)CCc3cc(OC)c(OC)cc3[C@H]1Cc1cc(OC)c(OC)c(OC)c1)CC2,ILVYCEVXHALBSC-OTBYEXOQSA-N,1,chembl_external,0.0994316632698235
C=CC[N+]1([C@H]2C[C@H]3[C@@H]4CC[C@H]5C[C@H](O)C(N6CCOCC6)C[C@]5(C)[C@H]4CC[C@]3(C)[C@H]2OC(C)=O)CCCC1,YXRDKMPIGHSVRX-DLWUNYELSA-N,1,chembl_external,0.07037467900097867
CC1=C(CCC(=O)O)c2cc3[nH]c(cc4[nH]c(cc5nc(cc1n2)C(C)=C5C(C)OC(C)c1c(C)c2cc5nc(cc6nc(cc7[nH]c(cc1[nH]2)c(C)c7CCC(=O)O)C(CCC(=O)O)=C6C)C(C(C)O)=C5C)c(C)c4C(C)O)c(C)c3CCC(=O)O,NARQNSNTFQZRBO-UHFFFAOYSA-N,1,chembl_external,0.8606617431000297
CCCCCCCN(CC)CCCC(O)c1ccc(NS(C)(=O)=O)cc1,ALOBUEHUHMBRLE-UHFFFAOYSA-N,1,chembl_external,0.2143839085368139
N=C(N)NCCCC[C@@H]1NC(=O)CCSSC[C@@H](C(N)=O)NC(=O)[C@@H]2CCCN2C(=O)[C@H](Cc2c[nH]c3ccccc23)NC(=O)[C@H](CC(=O)O)NC(=O)CNC1=O,CZKPOZZJODAYPZ-LROMGURASA-N,1,chembl_external,0.06772267094526621
CC1CNc2c(cccc2S(=O)(=O)N[C@@H](CCCNC(=N)N)C(=O)N2CC[C@@H](C)C[C@@H]2C(=O)O)C1,KXNPVXPOPUZYGB-IOVMHBDKSA-N,1,chembl_external,0.44335073282875187
CCCCS(=O)(=O)N[C@@H](Cc1ccc(OCCCCC2CCNCC2)cc1)C(=O)O,COKMIXFXJJXBQG-NRFANRHFSA-N,1,chembl_external,0.08025432447749203
FC(F)(F)C(F)(F)C(F)(F)F,QYSGYZVSCZSLHT-UHFFFAOYSA-N,1,chembl_external,0.18829103087207302
NCCCNCCSP(=O)(O)O,JKOQGQFVAUAYPM-UHFFFAOYSA-N,1,chembl_external,0.08511187316355788
Cc1nc2c([nH]1)-c1ccccc1N(C(=O)c1ccc(NC(=O)c3ccccc3-c3ccccc3)cc1)CC2,IKENVDNFQMCRTR-UHFFFAOYSA-N,1,chembl_external,0.10243427312916457
COC(=O)CCc1ccc(OCC(O)CNC(C)C)cc1,AQNDDEOPVVGCPG-UHFFFAOYSA-N,1,chembl_external,0.9064343628387831
CNC[C@H](O)[C@@H](O)[C@H](O)[C@H](O)CO.CNC[C@H](O)[C@@H](O)[C@H](O)[C@H](O)CO.O=C(CCCCC(=O)Nc1c(I)cc(I)c(C(=O)O)c1I)Nc1c(I)cc(I)c(C(=O)O)c1I,DGIAUNUPXILTJW-VRWDCWMNSA-N,1,chembl_external,0.09282843555435728
C#C[C@@]1(OC(C)=O)CC[C@H]2[C@@H]3CCC4=CC(=O)CC[C@@H]4[C@H]3CC[C@@]21C,IMONTRJLAWHYGT-REGVOWLASA-N,1,chembl_external,0.05247802719854972
C/C(=N\O)C(C)NCC(C)(C)CNC(C)/C(C)=N/O,BPNZYADGDZPRTK-MAEUFBSDSA-N,1,chembl_external,0.5618141757728768
N=C(N)NCCC[C@H](NC(=O)[C@@H]1CCCN1C(=O)[C@@H]1CSSC[C@H](N)C(=O)N[C@@H](Cc2ccc(O)cc2)C(=O)N[C@@H](Cc2ccccc2)C(=O)N[C@@H](CCC(N)=O)C(=O)N[C@@H](CC(N)=O)C(=O)N1)C(=O)NCC(N)=O,KBZOIRJILGZLEJ-LGYYRGKSSA-N,1,chembl_external,0.05236181431349985
O=C([O-])O.[Na+],UIIMBOGNXHQVGW-UHFFFAOYSA-M,1,chembl_external,0.07058034318727856
c1cc(CN2CCCNCCNCCCNCC2)ccc1CN1CCCNCCNCCCNCC1,YIQPUIGJQJDJOS-UHFFFAOYSA-N,1,chembl_external,0.08386712587257156
NCCc1ccc(O)cc1,DZGWFCGJZKJUFP-UHFFFAOYSA-N,1,chembl_external,0.05821759965327808
Nc1nc(=O)c2c([nH]1)NCC(CNc1ccc(C(=O)N[C@@H](CCC(=O)O)C(=O)O)cc1)N2C=O,VVIAGPKUTFNRDU-ABLWVSNPSA-N,1,chembl_external,0.37374644390840966
CN1c2c([nH]c(N)nc2=O)NC[C@@H]1CNc1ccc(C(=O)N[C@@H](CCC(=O)[O-])C(=O)[O-])cc1.[Ca+2],VWBBRFHSPXRJQD-QNTKWALQSA-L,1,chembl_external,0.11482026753261221
CC(C)(C)NC[C@H](O)COc1nsnc1N1CCOCC1,BLJRIMJGRPQVNF-JTQLQIEISA-N,1,chembl_external,0.2529604128828013
C[C@@](Cc1ccc(O)c(O)c1)(NN)C(=O)O,TZFNLOMSOLWIDK-JTQLQIEISA-N,1,chembl_external,0.33548794980417157
CN1CC[C@]23c4c5ccc(O)c4O[C@H]2C(=O)CC[C@H]3[C@H]1C5,WVLOADHCBXTIJK-YNHQPCIGSA-N,1,chembl_external,0.06146146749128375
CC(=O)NO,RRUDCFGSUDOHDG-UHFFFAOYSA-N,1,chembl_external,0.09599068390783418
CCCCCc1cc(O)c2c(c1)OC(C)(C)[C@@H]1CCC(C)=C[C@@H]21,CYQFCXCEBYINGO-IAGOWNOFSA-N,1,chembl_external,0.06246948648507317
CCCCCNC(=N)N/N=C/c1c[nH]c2ccc(OC)cc12,IKBKZGMPCYNSLU-RGVLZGJSSA-N,1,chembl_external,0.5537784896724632
O=C(O[C@H]1CN2CCC1CC2)N1CCc2ccccc2[C@@H]1c1ccccc1,FBOUYBDGKBSUES-VXKWHMMOSA-N,1,chembl_external,0.8203227216509209
O=C1c2cccc3c2[C@H](CCC3)CN1[C@@H]1CN2CCC1CC2,CPZBLNMUGSZIPR-NVXWUHKLSA-N,1,chembl_external,0.8326692718582264
C[C@]12CC[C@@H]3c4ccc(O)cc4CC[C@H]3[C@@H]1CCC2=O,DNXHEGUUPJUMQT-CBZIJGRNSA-N,1,chembl_external,0.05113633603547102
O=[As][As+](=O)[O-],MOQADKPFYVWPSE-UHFFFAOYSA-N,1,chembl_external,0.07242673797269668
C#C[C@@]1(O)CC[C@H]2[C@@H]3CCC4=CC(=O)CC[C@@H]4[C@H]3CC[C@@]21C,VIKNJXKGJWUCNN-JBKQDOAHSA-N,1,chembl_external,0.0350131049297276
CCCCc1ncc(/C=C(\Cc2cccs2)C(=O)O)n1Cc1ccc(C(=O)O)cc1,OROAFUQRIXKEMV-LDADJPATSA-N,1,chembl_external,0.8575160247713006
C=C1CC[C@@]2(O)[C@H]3Cc4ccc(O)c5c4[C@@]2(CCN3CC2CC2)[C@H]1O5.Cl,GYWMRGWFQPSQLK-OPHZJPRHSA-N,1,chembl_external,0.06260704756428286
CC[C@@H]1C(=O)OC[C@@H]1Cc1cncn1C,QCHFTSOMWOSFHM-WPRPVWTQSA-N,1,chembl_external,0.22302300477848214
CC(C)[C@H]1CC[C@H](C(=O)N[C@H](Cc2ccccc2)C(=O)O)CC1,OELFLUMRDSZNSF-BRWVUGGUSA-N,1,chembl_external,0.16313227078422432
CO[C@H]1/C=C/O[C@@]2(C)Oc3c(C)c(O)c4c(O)c(c(/C=N/N5CCN(C6CCCC6)CC5)c(O)c4c3C2=O)NC(=O)/C(C)=C\C=C\[C@H](C)[C@H](O)[C@@H](C)[C@@H](O)[C@@H](C)[C@H](OC(C)=O)[C@@H]1C,WDZCUPBHRAEYDL-GZAUEHORSA-N,1,chembl_external,0.9147502766491723
C=C1[C@H](CO)[C@@H](O)C[C@@H]1n1cnc2c(=O)[nH]c(N)nc21.O,YXPVEXCTPGULBZ-WQYNNSOESA-N,1,chembl_external,0.2553000901238121
CN(C)c1cc(NC(=O)CNC(C)(C)C)c(O)c2c1C[C@H]1C[C@H]3[C@H](N(C)C)C(O)=C(C(N)=O)C(=O)[C@@]3(O)C(O)=C1C2=O,FPZLLRFZJZRHSY-HJYUBDRYSA-N,1,chembl_external,0.6358742188094447
C#C[C@]1(O)CC[C@H]2[C@@H]3CCC4=CC(=O)CC[C@@H]4[C@H]3C(=C)C[C@@]21CC,GCKFUYQCUCGESZ-BPIQYHPVSA-N,1,chembl_external,0.16009468206782015
CC(C)CN(C[C@@H](OP(=O)(O)O)[C@H](Cc1ccccc1)NC(=O)O[C@H]1CCOC1)S(=O)(=O)c1ccc(N)cc1,MLBVMOWEQCZNCC-OEMFJLHTSA-N,1,chembl_external,0.852236271530702
CCCCCC(=O)O[C@]1(C(C)=O)CC[C@H]2[C@@H]3CCC4=CC(=O)CC[C@]4(C)[C@H]3CC[C@@]21C,DOMWKUIIPQCAJU-LJHIYBGHSA-N,1,chembl_external,0.16178203732756066
C1N2CN3CN1CN(C2)C3.O=C(O)CNC(=O)c1ccccc1,ROAIXOJGRFKICW-UHFFFAOYSA-N,1,chembl_external,0.10105476979382699
CC(=O)N[C@H](Cc1ccc2ccccc2c1)C(=O)N[C@H](Cc1ccc(Cl)cc1)C(=O)N[C@H](Cc1cccnc1)C(=O)N[C@@H](CO)C(=O)N[C@@H](Cc1ccc(O)cc1)C(=O)N[C@H](CCCNC(N)=O)C(=O)N[C@@H](CC(C)C)C(=O)N[C@@H](CCCNC(=N)N)C(=O)N1CCC[C@H]1C(=O)N[C@H](C)C(N)=O,SBNPWPIBESPSIF-MHWMIDJBSA-N,1,chembl_external,0.08120385231240447
NC(=O)c1cn(Cc2c(F)cccc2F)nn1,POGQSBRIGCQNEG-UHFFFAOYSA-N,1,chembl_external,0.45853166757389757
Cc1cn([C@@H]2C[C@@H](O)[C@H](CO)O2)c(=O)[nH]c1=O,IQFYYKKMVGJFEH-CSMHCCOUSA-N,1,chembl_external,0.07750775080115847
N[C@@H](CS)C(=O)O,XUJNEKJLAYXESH-REOHCLBHSA-N,1,chembl_external,0.025656179589279054
NC(=O)C[S@@+]([O-])C(c1ccccc1)c1ccccc1,YFGHCGITMMYXAQ-LJQANCHMSA-N,1,chembl_external,0.1131456647041615
CCC[C@@H]1C[C@@H](C(=O)N[C@@H]([C@H]2O[C@H](SC)[C@H](OP(=O)(O)O)[C@@H](O)[C@H]2O)[C@H](C)Cl)N(C)C1,UFUVLHLTWXBHGZ-MGZQPHGTSA-N,1,chembl_external,0.38392722714311994
O=[N+]([O-])O[C@@H]1CO[C@H]2[C@@H]1OC[C@H]2O,YWXYYJSYQOXTPL-KVTDHHQDSA-N,1,chembl_external,0.7967440652588463
C[C@H](N[C@@H](CCc1ccccc1)C(=O)O)C(=O)N1CCC[C@H]1C(=O)O,LZFZMUMEGBBDTC-QEJZJMRPSA-N,1,chembl_external,0.9359121745859055
Nc1ncn([C@H]2C[C@H](O)[C@@H](CO)O2)c(=O)n1,XAUDJQYHKZQPEU-KVQBGUIXSA-N,1,chembl_external,0.25062333889296956
CC(=O)O.CCNC(=O)[C@@H]1CCCN1C(=O)[C@H](CCCNC(=N)N)NC(=O)[C@H](CC(C)C)NC(=O)[C@@H](Cc1cn(Cc2ccccc2)cn1)NC(=O)[C@H](Cc1ccc(O)cc1)NC(=O)[C@H](CO)NC(=O)[C@H](Cc1c[nH]c2ccccc12)NC(=O)[C@H](Cc1cnc[nH]1)NC(=O)[C@@H]1CCC(=O)N1,OWAUGAMNPZHEOJ-YKZVIGSYSA-N,1,chembl_external,0.8663415719589419
C=C1/C(=C\C=C2/CCC[C@]3(C)[C@@H]([C@H](C)/C=C/[C@H](C)C(C)C)CC[C@@H]23)C[C@@H](O)C[C@@H]1O,HKXBNHCUPKIYDM-CGMHZMFXSA-N,1,chembl_external,0.17377415573466234
NC(=O)CC[C@H](N)C(=O)O,ZDXPYRJPNDTMRX-VKHMYHEASA-N,1,chembl_external,0.06771989355943643
C[C@@H](Cc1ccccc1)NC(=O)[C@@H](N)CCCCN,VOBHXZCDAVEXEY-JSGCOSHPSA-N,1,chembl_external,0.7903341448161271
C[n+]1ccccc1C=NO,JBKPUQTUERUYQE-UHFFFAOYSA-O,1,chembl_external,0.2887939253976573
CC(=O)O.CC(C)[C@@H]1NC(=O)[C@H](CCCCN)NC(=O)[C@@H](Cc2c[nH]c3ccccc23)NC(=O)[C@H](Cc2ccc(O)cc2)NC(=O)[C@@H](NC(=O)[C@H](N)Cc2ccc3ccccc3c2)CSSC[C@@H](C(=O)N[C@H](C(N)=O)[C@@H](C)O)NC1=O,DEXPIBGCLCPUHE-UISHROKMSA-N,1,chembl_external,0.5263132252863053
COC(c1ccccc1)(c1ccccc1)[C@H](Oc1nc(C)cc(C)n1)C(=O)O,OUJTZYPIHDYQMC-LJQANCHMSA-N,1,chembl_external,0.3057611793001413
COc1cc(C(C)=O)ccc1OCCCN1CCC(c2noc3cc(F)ccc23)CC1,XMXHEBAFVSFQEX-UHFFFAOYSA-N,1,chembl_external,0.20074952029106416
C[C@H](Cc1cc2c(c(C(N)=O)c1)N(CCCO)CC2)NCCOc1ccccc1OCC(F)(F)F,PNCPYILNMDWPEY-QGZVFWFLSA-N,1,chembl_external,0.8426413469319652
C1CNCCN1.C[C@]12CC[C@@H]3c4ccc(OS(=O)(=O)O)cc4CC[C@H]3[C@@H]1CCC2=O,HZEQBCVBILBTEP-ZFINNJDLSA-N,1,chembl_external,0.11048537087191308
CCCC[C@](C)(O)C/C=C/[C@H]1[C@H](O)CC(=O)[C@@H]1CCCCCCC(=O)OC,OJLOPKGSLYJEMD-YCVNZHGXSA-N,1,chembl_external,0.34802113687142894
COCCc1ccc(OCC(O)CNC(C)C)cc1.COCCc1ccc(OCC(O)CNC(C)C)cc1.O=C(O)CCC(=O)O,RGHAZVBIOOEVQX-UHFFFAOYSA-N,1,chembl_external,0.5963308567983954
CCCCC[C@H](O)/C=C/[C@@H]1[C@H]2C/C(=C/CCCC(=O)O)O[C@H]2C[C@H]1O,KAQKFAOMNZTLHT-OZUDYXHBSA-N,1,chembl_external,0.05378772098612684
Cc1ccsc1C(=CCCN1CCC[C@@H](C(=O)O)C1)c1sccc1C,PBJUNZJWGZTSKL-MRXNPFEDSA-N,1,chembl_external,0.43161633047365194
C[C@H](/C=C/[C@H](C)C(C)(C)O)[C@H]1CC[C@H]2/C(=C/C=C3C[C@@H](O)C[C@H](O)C3)CCC[C@]12C,BPKAHTKRCLCHEA-UBFJEZKGSA-N,1,chembl_external,0.7940119818483676
Cc1cccc([C@H](C)c2c[nH]cn2)c1C,CUHVIMMYOGQXCV-NSHDSACASA-N,1,chembl_external,0.68203175817102
COc1ccc2c3c1O[C@H]1C[C@@H](O)C=C[C@@]31CCN(C)C2,ASUTZQLVASHGKV-JDFRZJQESA-N,1,chembl_external,0.2641522625221471
CO/N=C(\C(=O)N[C@@H]1C(=O)N2C(C(=O)O)=C(/C=C\c3scnc3C)CS[C@H]12)c1csc(N)n1,KMIPKYQIOVAHOP-YLGJWRNMSA-N,1,chembl_external,0.9497122225473693
C[C@@H](O[C@H]1OCCN(Cc2n[nH]c(=O)[nH]2)[C@H]1c1ccc(F)cc1)c1cc(C(F)(F)F)cc(C(F)(F)F)c1,ATALOFNDEOCMKK-OITMNORJSA-N,1,chembl_external,0.8314507556756041
C#CCN[C@@H]1CCc2ccccc21,RUOKEQAAGRXIBM-GFCCVEGCSA-N,1,chembl_external,0.04558818250669072
Nc1ccn(C[C@@H](CO)OCP(=O)(O)O)c(=O)n1.O.O,FPKARFMSZDBYQF-ILKKLZGPSA-N,1,chembl_external,0.6635030117062056
COc1c(C)c2c(c(O)c1C/C=C(\C)CCC(=O)O)C(=O)OC2,HPNSFSBZBAHARI-RUDMXATFSA-N,1,chembl_external,0.8895019023919026
O=S(=O)([O-])CCS.[Na+],XOGTZOOQQBDUSI-UHFFFAOYSA-M,1,chembl_external,0.08812610276622346
CCOC(=O)[C@H](CCc1ccccc1)N[C@@H](C)C(=O)N1Cc2cc(OC)c(OC)cc2C[C@H]1C(=O)O,UWWDHYUMIORJTA-HSQYWUDLSA-N,1,chembl_external,0.7923263054190084
O=C(O)CCCc1ccccc1,OBKXEAXTFZPCHS-UHFFFAOYSA-N,1,chembl_external,0.18333796031080465
COc1cc(OC)c(CN[C@@H](CO)C(=O)O)c(OC)c1,NMZHCXSFHMFKNQ-JTQLQIEISA-N,0,chembl_external,0.07094664718533293
CC(C)=CCc1cc(O)cc(Sc2ccccc2C(=O)O)c1O,YLBDHHKLJYSCEH-UHFFFAOYSA-N,0,chembl_external,0.11558877676347133
CC(C)=CCC/C(C)=C/Cc1cc(O)cc(Sc2ccccc2C(=O)O)c1O,OMBAVVWDJBOQIG-LFIBNONCSA-N,0,chembl_external,0.15229035847347996
CC(C)=CCC/C(C)=C/CC/C(C)=C/Cc1cc(O)cc(Sc2ccccc2C(=O)O)c1O,DATLCQIAVKGFHT-JAGDBARYSA-N,0,chembl_external,0.20178832721747475
CC(C)=CCC/C(C)=C/CC/C(C)=C/CC/C(C)=C/Cc1cc(O)cc(Sc2ccccc2C(=O)O)c1O,UQMZRNVNHHEEKU-HEKOIHICSA-N,0,chembl_external,0.17941104198507626
COc1cc2c(cc1OC)C(=O)C(CC1CCN(Cc3ccccc3F)CC1)C2,WJIWWKMTCQJEPQ-UHFFFAOYSA-N,0,chembl_external,0.7493419942730656
COc1cc2c(cc1OC)C(=O)C(CC1CCN(Cc3cccc(C)n3)CC1)C2,ZBPKNQIMVQSMLB-UHFFFAOYSA-N,0,chembl_external,0.5856726698602723
COc1cc2c(cc1OC)C(=O)C(CC1CCN(Cc3ccccc3)CC1)C2,ADEBPBSSDYVVLD-UHFFFAOYSA-N,0,chembl_external,0.6098509631825636
CN1[C@@H]2C[C@@H](OC(=O)[C@H](CO)c3ccccc3)C[C@H]1[C@@H]1O[C@H]12,STECJAGHUSJQJN-ODICJLLRSA-N,0,chembl_external,0.049750627333841814
Cc1ccc2nc(-c3ccc(F)cc3)c(CC(=O)N(C)C)n2c1,RBCUOKGPVVSZPC-UHFFFAOYSA-N,0,chembl_external,0.27567428190095056
Cc1ccc(-c2nc3ccc(F)cn3c2CC(=O)N(C)C)cc1,PZCZTZBJZZNGCF-UHFFFAOYSA-N,0,chembl_external,0.23312501913990843
CN(C)C(=O)Cc1c(-c2ccc(F)cc2)nc2ccc(F)cn12,ZGAAIHOMEBTXHT-UHFFFAOYSA-N,0,chembl_external,0.20898079278903073
N#CC(C#N)=NNc1cccc(Cl)c1,UGTJLJZQQFGTJD-UHFFFAOYSA-N,0,chembl_external,0.15752675036256478
O=S1(=O)Nc2c(cc(F)c(F)c2Nc2ccc(I)cc2F)OCC(O)C(O)CC12CC2,FENWEVRRFMFDBS-UHFFFAOYSA-N,0,chembl_external,0.5070332472775
C=C1C(=O)[C@]23[C@H](O)[C@H]1CC[C@H]2[C@@]12CO[C@]3(O)[C@@H](O)[C@@H]1C(C)(C)CC[C@@H]2O,SDHTXBWLVGWJFT-XKCURVIJSA-N,0,chembl_external,0.05276299357004055
C=C1C(=O)[C@]23[C@H](O)[C@H]1CC[C@H]2[C@]12C=CCC(C)(C)[C@H]1[C@H](O)[C@]3(O)OC2,CFQNYMABKIHTOD-RNYITTTKSA-N,0,chembl_external,0.05846313395132746
C=C1C(=O)[C@]23[C@H](OC(=O)/C=C/c4ccccc4)[C@H]1CC[C@H]2[C@]12C=CCC(C)(C)[C@H]1[C@H](O)[C@]3(O)OC2,CZGDVPSYIOJAFZ-GYORETASSA-N,0,chembl_external,0.08809578788603438
CC(C)(C)NC(=O)[C@H]1CC[C@H]2[C@@H]3CC[C@H]4NC(=O)C=C[C@]4(C)[C@H]3CC[C@]12C,DBEPLOCGEIEOCV-WSBQPABSSA-N,0,chembl_external,0.2015925126957708
CCN(CC)CC#CCOC(=O)C(O)(c1ccccc1)C1CCCCC1,XIQVNETUBQGFHX-UHFFFAOYSA-N,0,chembl_external,0.21924423381887656
CCC1=C(C)CN(C(=O)NCCc2ccc(S(=O)(=O)NC(=O)N[C@H]3CC[C@H](C)CC3)cc2)C1=O,WIGIZIANZCJQQY-RUCARUNLSA-N,0,chembl_external,0.8743067713025289
COC(=O)C1=C(C)NC(C)=C(C(=O)OCCN(C)Cc2ccccc2)C1c1cccc([N+](=O)[O-])c1,ZBBHBTPTTSWHBA-UHFFFAOYSA-N,0,chembl_external,0.42505729742749576
CN1CCN(CCCN2c3ccccc3Sc3ccc(C(F)(F)F)cc32)CC1,ZEWQUBUPAILYHI-UHFFFAOYSA-N,0,chembl_external,0.7193979554174391
N#Cc1cc(NC(=O)N[C@H]2CC[C@H](Oc3ccc(C(F)(F)F)cc3)CC2)cc(C(F)(F)F)c1,PAFJUCOAUUKTIT-RUCARUNLSA-N,0,chembl_external,0.08378298472941641
C=C1C(=O)[C@@]23[C@@H]4OC(c5ccc(Cl)cc5)O[C@@]25OC[C@@]2([C@H]([C@@H]5O)C(C)(C)CC[C@@H]2O)[C@@H]3CC[C@@H]14,AYFWLPGJSGTYDX-SMISYTGVSA-N,0,chembl_external,0.16626196178640806
O=C1c2ccc3c4c(c(NCCN5CCCC5)cc(c24)C(=O)N1CCCN1CCOCC1)C(=O)N(CCCN1CCOCC1)C3=O,KCCGFZWBVFNFGW-UHFFFAOYSA-N,0,chembl_external,0.11132444659089258
Cc1cc(NC2CCN(C(=O)CCNCC(=O)O)CC2)nc(NCc2cn(CCCNCCCNC3CCCCC3)nn2)n1,AIETUBHCUYNJHA-UHFFFAOYSA-N,0,chembl_external,0.09172028153070577
O=C(N/N=C/c1ccc2no[n+]([O-])c2c1)c1ccncc1,VJMQKZDATXNVBK-OVCLIPMQSA-N,0,chembl_external,0.07796254493243682
Cc1nc(C)c(/C=C/C(=O)N2CCC=C(Cl)C2=O)nc1C,XAZAQCSIQYKFPW-VOTSOKGWSA-N,0,chembl_external,0.1762083706302783
C[C@]12CC[C@H](OC(=O)[C@H](Cc3c[nH]c4ccccc34)NC(=O)[C@@H]3CCCN3C(=O)CNC(=O)OCc3ccccc3)C[C@H]1CC[C@@H]1[C@@H]2[C@H](O)C(=O)[C@]2(C)[C@@H](c3ccc(=O)oc3)CC[C@]12O,QGAOIYQJWPHBSD-OSUBEBGDSA-N,0,chembl_external,0.15190738302723084
CCCC[S@@+]([O-])c1sc2nc(-c3nccs3)cc(-c3cnc(C)n3C)c2c1N,LKPKDKDBZLBUIC-MUUNZHRXSA-N,0,chembl_external,0.07313115979682853
Cl.NCc1ccnc(Oc2cccc(C(=O)N3C[C@@H](O)[C@H](F)C3)c2)c1,BKRZYDXKJLEFCP-CTHHTMFSSA-N,0,chembl_external,0.0451627441741263
Cc1cc(N2CCOc3ncnc(N)c3C2=O)cc(C)c1C#CC(C)(C)CC(=O)O,SZHDFZYDTUBTCE-UHFFFAOYSA-N,0,chembl_external,0.18810052788672116
O=C(O)CNC(=O)c1ncc(-c2cn(CCCc3ccc(Cl)cc3)nn2)cc1O,RODNKCMKPZCZKG-UHFFFAOYSA-N,0,chembl_external,0.0847642984595291
CC(C)C[C@H](NC(=O)NCc1cn(Cc2ccccc2OCc2ccccc2)nn1)C(=O)NO,XFRYFTSUUZTQBM-NRFANRHFSA-N,0,chembl_external,0.056914676694233085
Cc1cc2c(cc1C)-c1oc(CNc3ccc(CN4CCOCC4)cc3)c(C)c1C(=O)C2=O,RUEULZNGJZLPLJ-UHFFFAOYSA-N,0,chembl_external,0.15734950085291433
CCCCCCCCCCCCCC(=O)c1c(O)cc(C)oc1=O,ZGKWGZIFSZMXLW-UHFFFAOYSA-N,0,chembl_external,0.09324870711239107
Cc1cc(NC(=O)c2cccc(S(=O)(=O)N[C@H]3CCOC3)c2)ccc1F,JIZGLOVJKCSHTH-HNNXBMFYSA-N,0,chembl_external,0.04175844974969076
COC(=O)c1cc(OC)c2c(c1-c1c(C(=O)NCCCCCCCCCCNc3c4c(nc5ccccc35)CCCC4)cc(OC)c3c1OCO3)OCO2,AVQNAJUSQIGOFZ-UHFFFAOYSA-N,0,chembl_external,0.0690811798123928
COC(=O)c1cc(OC)c2c(c1-c1c(C(=O)OC)cc(OC)c3c1OCO3)OCO2,JMZOMFYRADAWOG-UHFFFAOYSA-N,0,chembl_external,0.08226772332891057
Cc1cc(=O)oc2cc(OCCCCSC(=S)N3CCCCC3)ccc12,ZOCBBCHDTYVHNA-UHFFFAOYSA-N,0,chembl_external,0.0904719149188699
Cc1nccc2c3ccccc3n(CCCCOc3ccc4c5ccnc(C)c5n(CCCc5ccccc5)c4c3)c12.Cl,GPALGDRJIKEOCP-UHFFFAOYSA-N,0,chembl_external,0.08266720979903973
CCCCn1c2cc(OCCCCn3c4ccccc4c4ccnc(C)c43)ccc2c2ccnc(C)c21.Cl,ZGCUNWCQTGUFEY-UHFFFAOYSA-N,0,chembl_external,0.07974220674986422
Cc1nccc2c3ccc(OCCCCn4c5ccccc5c5ccncc54)cc3n(CCCc3ccccc3)c12.Cl,BJFYZXFBLILYCC-UHFFFAOYSA-N,0,chembl_external,0.07282141727595229
COc1ccc(-c2nccc3c4ccccc4n(CCCCOc4ccc5c6ccnc(C)c6n(CCCc6ccccc6)c5c4)c23)cc1.Cl,URVYAXDYHABEIN-UHFFFAOYSA-N,0,chembl_external,0.07736616787141336
Cc1nccc2c3ccc(OCCCCn4c5ccccc5c5ccnc(-c6cccs6)c54)cc3n(CCCc3ccccc3)c12.Cl,QLZOMVMIDCLEQL-UHFFFAOYSA-N,0,chembl_external,0.07706883271041191
COc1ccc2c3ccnc(C)c3n(CCCCOc3ccc4c5ccnc(C)c5n(CCCc5ccccc5)c4c3)c2c1.Cl,BVSQLCFNQFIAFR-UHFFFAOYSA-N,0,chembl_external,0.07729094552184768
O=C1NC(=O)/C(=C/c2cc3ccccc3s2)S1,UFYVKAIXDMFURB-POHAHGRESA-N,0,chembl_external,0.06454895032110917
O=C1NC(=O)/C(=C/c2c[nH]c3ccccc23)S1,YRPCEGFPKMQCHL-YHYXMXQVSA-N,0,chembl_external,0.05737023628086016
COc1ccc2c(c1)c(/C=C1\SC(=O)NC1=O)cn2C,JMLUECUVEMXFOZ-XGICHPGQSA-N,0,chembl_external,0.08084230530719166
Cc1cc(/N=N/c2ccc(S(=O)(=O)NC3CCCC3)cc2)c(N)cc1O,IRKMSULWLDLTIK-QZQOTICOSA-N,0,chembl_external,0.11855332554985389
CCOC(=O)C1=C(C)NC2=C(C(=O)CCC2)C1c1cc(C(C)CC)c2oc(C(=O)c3ccc(C)cc3)cc2c1,XJILVKAKWJZWEA-UHFFFAOYSA-N,0,chembl_external,0.5923237238662263
C#CCN(C)CCCCOc1ccc2ccc(=O)oc2c1,QYIDTLNEEJCIJR-UHFFFAOYSA-N,0,chembl_external,0.15060400401357732
NNC(=O)C1CCc2nc3ccccc3c(N)c2C1,GWPNWCJCDDXBIK-UHFFFAOYSA-N,0,chembl_external,0.8380155040208388
Cc1c2ccc(N(C)c3ccnc(Nc4ccc(C(=O)Nc5ccccc5N)cc4)n3)cc2nn1C,IPBGKKBBYNOXCG-UHFFFAOYSA-N,0,chembl_external,0.29170359156132947
COc1ccc(COC(Cn2ccnc2)c2ccc(Cl)cc2Cl)cc1,KHOYJMNYQSPWLL-UHFFFAOYSA-N,0,chembl_external,0.36290694956647235
COc1cccc(COC(Cn2ccnc2)c2ccc(Cl)cc2Cl)c1,QRFIASHLIJORNJ-UHFFFAOYSA-N,0,chembl_external,0.34269461717566513
O=C(CCc1ccccc1Cl)N1CCN(Cc2ccc(O)c3ncccc23)CC1,KVWCKPHSPHBDCS-UHFFFAOYSA-N,0,chembl_external,0.2302845021027369
C=Cc1c(C)c2cc3nc(cc4[nH]c(cc5nc(cc1[nH]2)C(C)=C5C(C)OCCCCCC)c(C)c4CCC(=O)[O-])C(CCC(=O)[O-])=C3C.[Na+].[Na+],VHTAKIWHILHOCN-UHFFFAOYSA-L,0,chembl_external,0.08785201904732758
C=CC1=C(C)c2cc3[nH]c(cc4nc(cc5[nH]c(cc1n2)c(C)c5CCC(=O)[O-])C(CCC(=O)[O-])=C4C)c(C)c3C(C)OCCCCCC.[Na+].[Na+],LDMWKAXBQVIDKE-UHFFFAOYSA-L,0,chembl_external,0.08926490631161003
COC(C)C1=C(C)c2cc3[nH]c(cc4nc(cc5[nH]c(cc1n2)c(C)c5CCC(=O)O)C(CCC(=O)O)=C4C)c(C)c3C(C)O,BEZGXBMGGVINBF-UHFFFAOYSA-N,0,chembl_external,0.15904521315839806
COC(=O)c1sc(-c2ccnc(NC(=O)C3CC3)c2)nc1OCCNc1c2c(nc3ccccc13)CCCC2,XZBJACSADMRYGX-UHFFFAOYSA-N,0,chembl_external,0.07128874817506019
COc1nc(-c2ccnc(NC(=O)C3CC3)c2)sc1C(=O)NCCCNc1c2c(nc3ccccc13)CCCC2,XYSJVXMQSXKJCN-UHFFFAOYSA-N,0,chembl_external,0.07626607203950099
COc1c(O)cc2cc(C(=O)O)n(C)c2c1C1=c2cc(C(=O)O)[nH]c2=C(Cc2cc(C(=O)O)[nH]c2C(=O)O)C(=O)C1=O,ITXPBHFEYLUJSZ-UHFFFAOYSA-N,0,chembl_external,0.14432610232732992
O=C(CN1C(=O)c2ccccc2S1(=O)=O)Nc1ccc(OC(=O)CCO[N+](=O)[O-])cc1,ARUZCDMXRQVPMH-UHFFFAOYSA-N,0,chembl_external,0.10768998275653983
CC(C)c1onc(-c2c(Cl)cccc2Cl)c1COc1ccc2c(=O)c(-c3ccc(C(=O)N(C)C)cc3)coc2c1,VLAOSWLJHIWEOK-UHFFFAOYSA-N,0,chembl_external,0.06655201929315634
COc1ccc(S(=O)(=O)Nc2ccc(F)c(C(=O)O)c2)c2ccccc12,JMNUWFAOQMRPRY-UHFFFAOYSA-N,0,chembl_external,0.1687327077654135
COc1ccc(S(=O)(=O)Nc2cc(C(=O)O)ccc2F)c2ccccc12,PRQVEVLBUCMWDD-UHFFFAOYSA-N,0,chembl_external,0.15567698139617644
COc1cccc(C2=NN(C(=O)c3ccc(C)nc3)C(c3cn(C)c4ccc(OC)cc34)C2)c1,DNLHEFQPLJPSOF-UHFFFAOYSA-N,0,chembl_external,0.32584271956447003
O=C(Cn1cc(-c2ccncc2)nn1)Nc1nccs1,TZDKUSLJUFFSNB-UHFFFAOYSA-N,0,chembl_external,0.07216349990020263
Cc1cc(C)c(CNc2nc(Cl)nc3c2ncn3C2CCCC2)c(=O)[nH]1,VMSREYOIYAEIBH-UHFFFAOYSA-N,0,chembl_external,0.09909560481098408
C[C@H]1SC(N)=N[C@](C)(c2cc(NC(=O)c3cnc(OCF)cn3)ccc2F)[C@H]1F,JWJQXZNLFNMIHE-AHRODOEDSA-N,0,chembl_external,0.045043247775830776
CCOC(=O)c1cc2c([nH]c3ccccc32)c(C(c2nnnn2C(C)(C)C)N2CCN(C)CC2)n1,FOIPHCLUBLLQDL-UHFFFAOYSA-N,0,chembl_external,0.2842165159281977
Cl.Cl.Cl.Cl.c1cc(NCCN2CCOCC2)c2ccc3c(ccc4c(NCCN5CCOCC5)ccnc43)c2n1,DIJQTLKLADNVKF-UHFFFAOYSA-N,0,chembl_external,0.0750578915710089
Cl.Cl.Cl.Cl.c1cc(NCCCCN2CCOCC2)c2ccc3c(ccc4c(NCCN5CCOCC5)ccnc43)c2n1,LOLFEDVPLJIWNM-UHFFFAOYSA-N,0,chembl_external,0.07942542242009841
COc1ccc(/C=C(\C)C(=O)c2cc(C)nc3ccccc23)cc1O,CZORMYBDJDSAFW-JLHYYAGUSA-N,0,chembl_external,0.23864715612479295
COc1cc([Te]Cc2ccc(S(N)(=O)=O)cc2)cc(OC)c1OC,UJOCIUCEXWNXCT-UHFFFAOYSA-N,0,chembl_external,0.07855137761626767
Fc1ccc2scc(-c3ccc(F)c(CNCCCNc4ccnc5cc(Cl)ccc45)c3)c2c1,GGRTVBHQZYLMHL-UHFFFAOYSA-N,0,chembl_external,0.14678379983846748
OC[C@H]1CC[C@H](c2ccc(O)cc2)CC1,MUGVHYZIUXNFTE-XYPYZODXSA-N,0,chembl_external,0.07890691775848045
N#CC(Cc1ccc(O)cc1)c1ccc(O)cc1,GHZHWDWADLAOIQ-UHFFFAOYSA-N,0,chembl_external,0.3390541350299516
O=C(/C=C/c1cn(-c2ccccc2)nc1-c1ccc(OCc2ccccc2)cc1)c1ccc(Cl)cc1,QMOUXALDYBFPCF-HMMYKYKNSA-N,0,chembl_external,0.24232012620176877
O=C(/C=C/c1cn(-c2ccccc2)nc1-c1ccc(OCc2ccccc2)cc1)c1ccccc1,KQZIDOFFYMUKKF-DYTRJAOYSA-N,0,chembl_external,0.12665943205446129
O=C(NCCN1CCCCC1)c1cc2c(o1)C(=O)c1ccccc1C2=O,MLNGLWWCXHUBMT-UHFFFAOYSA-N,0,chembl_external,0.3263186102922524
CCCCCCCCNc1nc(=O)n(Cc2ccccc2)cc1C,GBTPXKVJZOECKF-UHFFFAOYSA-N,0,chembl_external,0.14112152370918465
CC1=C(C)C(=O)C(C(C)(C)CC(=O)O[C@@H]2[C@@]3(C(C)C)O[C@H]3[C@@H]3O[C@]34[C@]23O[C@H]3C[C@H]2C3=C(CC[C@@]24C)C(=O)OC3)=C(C)C1=O,PVNCNGXGXYJAFK-UHCLYVPCSA-N,0,chembl_external,0.08246887072666002
C=CCn1cc(-c2nc3ccccc3nc2Cl)c2cc(OC)ccc21,TWKHLQXFLAYHCA-UHFFFAOYSA-N,0,chembl_external,0.06672671336553514
Cc1ccc(CN(Cc2ccc(C(=O)N3CCc4ccc(OS(N)(=O)=O)cc4C3)cc2)Cc2ccco2)s1,GFZVTJUFPWATJV-UHFFFAOYSA-N,0,chembl_external,0.11300219758076852
O=C(c1ccc(OCCN2CCCCC2)cc1)c1c(-c2ccc(O)cc2)sc2cc(O)ccc12,GZUITABIAKMVPG-UHFFFAOYSA-N,0,chembl_external,0.24027589631041948
N#Cc1nc2c(nc1C#N)-c1cc(F)c(F)cc1C2=O,PZUSGRHVYDQLHR-UHFFFAOYSA-N,0,chembl_external,0.1493848631215057
COc1ccc(C(=O)Nc2ccc(O)c3ncccc23)cc1OC1CCCC1.Cl,XNAZLLONQWVKTH-UHFFFAOYSA-N,0,chembl_external,0.11330959268263201
Cl.O=C(Nc1ccc(O)c2ncccc12)c1ccc(OC(F)F)c(OCC2CC2)c1,VQRFGCKNHKOXTI-UHFFFAOYSA-N,0,chembl_external,0.17489881646944871
CCN(CC)c1ccc(-c2ccc(C(=O)OC)cc2)nn1,YGZBPELFEALWJX-UHFFFAOYSA-N,0,chembl_external,0.2405761907189261
CCOC(=O)c1ccc(-c2ccc(N(CC)CC)nn2)cc1,NZDSNDGRSORZSE-UHFFFAOYSA-N,0,chembl_external,0.17552438637588197
COc1ccc(C2CC(c3cc4ccccc4oc3=O)=NN2C(C)=O)cc1,PCIIJXPELZPHAW-UHFFFAOYSA-N,0,chembl_external,0.7484080319560459
COc1ccc2c(c1)CC[n+]1cc3c(OC)cccc3cc1-2.[Cl-],OZPDXBXSBWNOGC-UHFFFAOYSA-M,0,chembl_external,0.058743344895793165
CC#CC(CC(=O)O)c1ccc(OCc2ccc3nc(-c4ccc(OC)cc4)cn3c2)cc1,NQANQPBUSXASMN-UHFFFAOYSA-N,0,chembl_external,0.5772625401354384
CNC(=O)c1ccc(C#Cc2ccc3c(c2)C(C)(C)CCS3)nc1,BGNSHERVQZRLFR-UHFFFAOYSA-N,0,chembl_external,0.19391867035959232
Cc1ccc2cc(NC(=O)Cn3c(-c4nonc4N)nc4ccccc43)ccc2n1,LESZNGMDDFKRPH-UHFFFAOYSA-N,0,chembl_external,0.06209813584523675
CC(=O)Oc1ccccc1C1OC(c2cc(-c3ccccc3)nc3c2c(C)nn3-c2ccccc2)=NN1C(C)=O,PUFVMDHUDUSDDO-UHFFFAOYSA-N,0,chembl_external,0.36797766158101464
Cc1nn(-c2ccccc2)c2nc(-c3ccccc3)cc(C(=O)N/N=C/c3ccccc3O)c12,QZOUKHNSINHPRS-OGLMXYFKSA-N,0,chembl_external,0.10578680509616772
CNc1nc(Nc2ccc(-n3cnc(C)n3)c(OC)c2)nc2c1CC[C@H]2c1ccc(F)cc1,NDVMOVOEROCRIO-SFHVURJKSA-N,0,chembl_external,0.09839825805229661
CCCCCCCCCCCCCCCC(=O)NCCCCCCNC(=O)C1CCCCNC(=O)CCN2C(=O)CC(SC[C@H](NC(=O)[C@H](Cc3ccc(O)cc3)NC(=O)[C@H](CCC(=O)O)NC(=O)[C@@H](NC(=O)[C@@H](NC(=O)[C@H](CC(=O)O)NC(=O)[C@H](CC(N)=O)NC(=O)[C@@H](NC(=O)[C@H](Cc3ccc(O)cc3)NC(=O)[C@@H](NC(=O)CNC(=O)[C@H](CCC(=O)O)NC(=O)C(C)(C)NC(=O)[C@@H](N)Cc3c[nH]cn3)[C@@H](C)O)[C@@H](C)O)C(C)C)[C@@H](C)O)C(=O)N[C@@H](CCC(=O)O)C(=O)N[C@@H](CCC(=O)O)C(=O)N[C@@H](CCC(=O)O)C(=O)N[C@@H](C)C(=O)N[C@@H](C)C(=O)N[C@@H](CCCCN)C(=O)N[C@H](C(=O)N[C@@H](Cc3ccccc3)C(=O)N[C@H](C(=O)N[C@@H](CCC(=O)O)C(=O)N[C@@H](Cc3c[nH]c4ccccc34)C(=O)N[C@@H](CC(C)C)C(=O)N[C@H](C(=O)N[C@@H](CCCCN)C(=O)NCC(=O)N[C@@H](CCCCN)C(=O)N3CCC[C@H]3C(=O)N[C@@H](CO)C(=O)N[C@@H](CO)C(=O)NCC(=O)N[C@@H](C)C(=O)N3CCC[C@H]3C(=O)N3CCC[C@H]3C(=O)N3CCC[C@H]3C(=O)N[C@@H](CO)C(=O)NCCOCCOCC(=O)NCCOCCOCC(=O)N[C@@H](Cc3ccc(O)cc3)C(=O)NCC(=O)N[C@@H](Cc3c[nH]c4ccccc34)C(=O)N[C@@H](CC(C)C)C(=O)N[C@@H](CC(=O)O)C(=O)N[C@@H](Cc3ccccc3)C(N)=O)[C@@H](C)CC)[C@@H](C)CC)CSC3CC(=O)N(CCC(=O)N1)C3=O)C2=O,GDCHENRIACOJGE-SPBKKYETSA-N,0,chembl_external,0.3191080823168288
CCCCCCCCCCCCCCCC(=O)NCCCCCCNC(=O)C1CCCCNC(=O)CCN2C(=O)CC(SC[C@H](NC(=O)[C@H](CCCCN)NC(=O)[C@H](C)NC(=O)[C@H](C)NC(=O)[C@H](CCC(=O)O)NC(=O)[C@H](CCC(=O)O)NC(=O)[C@H](CCC(=O)O)NC(=O)[C@H](CC(C)C)NC(=O)[C@H](Cc3ccc(O)cc3)NC(=O)[C@H](CCC(=O)O)NC(=O)[C@@H](NC(=O)[C@@H](NC(=O)[C@H](CC(=O)O)NC(=O)[C@H](CC(N)=O)NC(=O)[C@@H](NC(=O)[C@H](Cc3ccc(O)cc3)NC(=O)[C@@H](NC(=O)CNC(=O)[C@H](CCC(=O)O)NC(=O)C(C)(C)NC(=O)[C@@H](N)Cc3c[nH]cn3)[C@@H](C)O)[C@@H](C)O)C(C)C)[C@@H](C)O)C(=O)N[C@@H](Cc3ccccc3)C(=O)N[C@@H]([C@@H](C)CC)C(=O)N[C@@H](CCC(=O)O)C(=O)N[C@@H](Cc3c[nH]c4ccccc34)C(=O)N[C@@H](CC(C)C)C(=O)N[C@@H]([C@@H](C)CC)C(=O)N[C@H](C(=O)NCC(=O)N[C@@H](CCCCN)C(=O)N3CCC[C@H]3C(=O)N[C@@H](CO)C(=O)N[C@@H](CO)C(=O)NCC(=O)N[C@@H](C)C(=O)N3CCC[C@H]3C(=O)N3CCC[C@H]3C(=O)N3CCC[C@H]3C(=O)N[C@@H](CO)C(=O)NCCOCCOCC(=O)NCCOCCOCC(=O)N[C@@H](Cc3ccc(O)cc3)C(=O)NCC(=O)N[C@@H](Cc3c[nH]c4ccccc34)C(=O)N[C@@H](CC(C)C)C(=O)N[C@@H](CC(=O)O)C(=O)N[C@@H](Cc3ccccc3)C(N)=O)CSC3CC(=O)N(CCC(=O)N1)C3=O)C2=O,HJCHCDDPIXZKDK-SPBKKYETSA-N,0,chembl_external,0.34607921852490814
COc1cc2cc(COCc3c(-c4ccc(F)cc4)nc(N(C)S(C)(=O)=O)nc3C(C)C)oc(=O)c2cc1OC,PRZOWIBPQONFFA-UHFFFAOYSA-N,0,chembl_external,0.16332383481415003
COc1cc2c(cc1OC)/C(=C/COCc1c(-c3ccc(F)cc3)nc(N(C)S(C)(=O)=O)nc1C(C)C)OC2=O,QPDRWVMTBQDYLF-JJFYIABZSA-N,0,chembl_external,0.1560518855478741
CNC(=O)c1ccccc1S(=O)(=O)NCC(=O)Nc1ccc(O)cc1,YEABPXBNCMTIRY-UHFFFAOYSA-N,0,chembl_external,0.05991100133289578
O=C(CNS(=O)(=O)c1ccccc1C(=O)NCc1ccc([N+](=O)[O-])cc1)Nc1ccc(O)cc1,LFWZZQPSOXKGTL-UHFFFAOYSA-N,0,chembl_external,0.05103793006579888
O=C(CNS(=O)(=O)c1ccccc1C(=O)NCc1ccc(Cl)c(Cl)c1)Nc1ccc(O)cc1,GZMNVGLLXJLTLY-UHFFFAOYSA-N,0,chembl_external,0.04143630506482604
O=C(CNS(=O)(=O)c1ccccc1C(=O)NCCc1ccc(O)c(O)c1)Nc1ccc(O)cc1,UFGZPCVLDNZWSV-UHFFFAOYSA-N,0,chembl_external,0.04917149719051068
O=C(CNS(=O)(=O)c1ccccc1C(=O)NCCN1CCCC1)Nc1ccc(O)cc1,CKYGMFLSYPZZTI-UHFFFAOYSA-N,0,chembl_external,0.06432947978133306
O=C(CNS(=O)(=O)c1ccccc1C(=O)N1CCOCC1)Nc1ccc(O)cc1,OHQUGGLLIHIBJO-UHFFFAOYSA-N,0,chembl_external,0.04431332300922772
COc1cc(CN)ccc1O,WRPWWVNUCXQDQV-UHFFFAOYSA-N,0,chembl_external,0.0327491455304235
COc1ccc(N)cc1O,BLQFHJKRTDIZLX-UHFFFAOYSA-N,0,chembl_external,0.058290410168978346
Nc1ccc2[nH]ncc2c1,XBTOSRUBOXQWBO-UHFFFAOYSA-N,0,chembl_external,0.1568044238608894
CC[C@H](C)[C@H](NC(=O)[C@H](CC(C)C)NC(=O)[C@H](Cc1c[nH]c2ccccc12)NC(=O)[C@H](CCC(=O)O)NC(=O)[C@@H](NC(=O)[C@H](Cc1ccccc1)NC(=O)[C@H](CCC(=O)O)NC(=O)[C@H](CCCCNC(=O)CC[C@H](NC(=O)C(CCCCCCCCCNC(=O)COC(=O)C(C)(C)CCCOc1cc(C)ccc1C)NC(=O)COC(=O)C(C)(C)CCCOc1cc(C)ccc1C)C(=O)O)NC(=O)[C@H](C)NC(=O)[C@H](C)NC(=O)[C@H](CCC(=O)O)NC(=O)[C@H](CCC(=O)O)NC(=O)[C@H](CCC(=O)O)NC(=O)[C@H](CC(C)C)NC(=O)[C@H](Cc1ccc(O)cc1)NC(=O)[C@H](CCC(=O)O)NC(=O)[C@@H](NC(=O)[C@@H](NC(=O)[C@H](CC(=O)O)NC(=O)[C@H](CC(N)=O)NC(=O)[C@@H](NC(=O)[C@H](Cc1ccc(O)cc1)NC(=O)[C@@H](NC(=O)CNC(=O)[C@H](CCC(=O)O)NC(=O)CNC(=O)[C@@H](N)Cc1cnc[nH]1)[C@@H](C)O)[C@@H](C)O)C(C)C)[C@@H](C)O)[C@@H](C)CC)C(=O)N[C@@H](CCCCN)C(=O)NCC(=O)N[C@@H](CCCCN)C(=O)N1CCC[C@H]1C(=O)N[C@@H](CO)C(=O)N[C@@H](CO)C(=O)NCC(=O)N[C@@H](C)C(=O)N1CCC[C@H]1C(=O)N1CCC[C@H]1C(=O)N1CCC[C@H]1C(=O)N[C@@H](CO)C(=O)O,GQBILNROHLXYEW-GTPJNBDFSA-N,0,chembl_external,0.48511414718207096
CCCCCCCCCCCCCCCC(=O)N[C@@H](CCC(=O)O)C(=O)NCCCC[C@H](NC(=O)[C@H](C)NC(=O)[C@H](C)NC(=O)[C@H](CCC(N)=O)NC(=O)CNC(=O)[C@H](CCC(=O)O)NC(=O)[C@H](CC(C)C)NC(=O)[C@H](Cc1ccc(O)cc1)NC(=O)[C@H](CO)NC(=O)[C@H](CO)NC(=O)[C@@H](NC(=O)[C@H](CC(=O)O)NC(=O)[C@H](CO)NC(=O)[C@@H](NC(=O)[C@H](Cc1ccccc1)NC(=O)[C@@H](NC(=O)CNC(=O)[C@H](CCC(=O)O)NC(=O)[C@H](C)NC(=O)[C@@H](N)Cc1cnc[nH]1)[C@H](C)O)[C@@H](C)O)C(C)C)C(=O)N[C@@H](CCC(=O)O)C(=O)N[C@@H](Cc1ccccc1)C(=O)N[C@H](C(=O)N[C@@H](C)C(=O)N[C@@H](Cc1c[nH]c2ccccc12)C(=O)N[C@@H](CC(C)C)C(=O)N[C@H](C(=O)N[C@@H](CCCNC(=N)N)C(=O)NCC(=O)N[C@H](CCCNC(=N)N)C(=O)NCC(=O)O)C(C)C)[C@@H](C)CC,KAIWQAZASNVPLR-LAZQRJDOSA-N,0,chembl_external,0.8878618495494601
CCOC(=O)c1cc2ccc(OC)cc2o1,VBJGXQIHVLKHCT-UHFFFAOYSA-N,0,chembl_external,0.10169871014587649
COc1ccc2cc(C(=O)NCCN(C)C)oc2c1.CS(=O)(=O)O,QYDNZUNQDSSNPX-UHFFFAOYSA-N,0,chembl_external,0.20293143170648667
CN1CCCCC1CCN1c2c(Cl)cc(Cl)cc2Sc2cc(Cl)cc(Cl)c21.Cl,SSSRLBHGILGLTG-UHFFFAOYSA-N,0,chembl_external,0.733981533406089
CN1CCCCC1CCN1c2ccc(Br)cc2[Se]c2cc(Br)ccc21.Cl,PYYZTZRTNNOLCD-UHFFFAOYSA-N,0,chembl_external,0.09451266798931422
Cc1cc(COc2ccc3c(c2)O/C(=C\c2ccc(C(F)(F)F)cc2)C3=O)cc(C)c1OC(C)(C)C(=O)O,MRNFJGKBVOEKRP-CFRMEGHHSA-N,0,chembl_external,0.1372258308280695
C=Cc1c(C)c2cc3nc(c4c5[nH]c(cc6nc(cc1[nH]2)C(C)=C6CC)c(C)c5C(=O)C4)[C@@H](CCC(=O)NCC(=O)NCC(=O)N[C@@H](CC(C)C)C(=O)N[C@@H](CCCCN)C(=O)N[C@H](CC(C)C)C(=O)N[C@@H](CC(C)C)C(=O)N[C@@H](CCCCN)C(=O)N[C@H](CCCCN)C(=O)N[C@@H](CC(C)C)C(=O)N[C@H](CC(C)C)C(=O)N[C@H](CCCCN)C(=O)N[C@@H](CCCCN)C(=O)N[C@@H](CC(C)C)C(=O)N[C@@H](CC(C)C)C(=O)N[C@H](CCCCN)C(=O)N[C@@H](CC(C)C)C(=O)N[C@@H](CC(C)C)C(N)=O)[C@@H]3C,NNBCQHRLAFXAIQ-XDZNSFMLSA-N,0,chembl_external,0.09817966826612663
CN(/N=N/c1ccc(Br)cc1)C(=O)NCCSc1ccc(O)cc1,BKVPVENZQLBBSA-FMQUCBEESA-N,0,chembl_external,0.07456062922588634
C=C(C)[C@@H]1CCC(C)=C[C@H]1c1c(O)cc(CCCCC)cc1OC(=O)N(C)Cc1ccc(Cl)cc1,OHHCIRJUIDNYFH-IZZNHLLZSA-N,0,chembl_external,0.24311099617998197
COC1=C(C(C)C)C(=O)[C@]23O[C@@]2(C1=O)[C@@]1(C)CC[C@H](O)C(C)(C)[C@@H]1CC3=O,ATVBDXTZABMEPI-XEHFDHBKSA-N,0,chembl_external,0.08010507416686484
CC(C)[C@]12O[C@H]1[C@@H]1O[C@]13[C@]1(O[C@H]1C[C@H]1C4=C(CC[C@@]13C)C(=O)OC4)[C@@H]2OC(=O)CCCCC[P+](c1ccccc1)(c1ccccc1)c1ccccc1.[Br-],ARKDMGOZSZHDCD-HYDWVTRASA-M,0,chembl_external,0.09073429272986804
C=CCc1c(-c2cccc(NS(=O)(=O)c3cccs3)c2)oc(=O)c2cc(F)ccc12,VOVDTTBOHKOABC-UHFFFAOYSA-N,0,chembl_external,0.08266685646909866
Nc1nonc1-c1nc2ccccc2n1CC(=O)Nc1cnc2ccccc2c1,FPAMWJFOROLHQH-UHFFFAOYSA-N,0,chembl_external,0.055273645095731294
Nc1nonc1-c1nc2ccccc2n1CC(=O)Nc1ccc(Br)c2ccccc12,YRSTYYUBSVOIMN-UHFFFAOYSA-N,0,chembl_external,0.050395937096135546
Nc1nonc1-c1nc2ccccc2n1CC(=O)Nc1cccc([N+](=O)[O-])c1,NGOMNLMIXONWQJ-UHFFFAOYSA-N,0,chembl_external,0.08599589073457199
Cn1cc(Nc2nccc(-c3ccc4c(c3)CN(C3COC3)CC[C@H]4NC(=O)c3cn(C(C)(C)C)nn3)n2)cn1,JSAQBOQCZJHWMA-XMMPIXPASA-N,0,chembl_external,0.05853853867726075
CC(C)=CCCC(C)=CCCn1cc(CC(P(=O)(O)O)P(=O)(O)O)nn1,GADOQTNZNVQUEX-UHFFFAOYSA-N,0,chembl_external,0.17405184157245834
Cc1cc(Nc2ccc(C(=O)/C=C/c3ccc4ccccc4c3)cc2)n2nc(SCc3nc4ccccc4[nH]3)nc2n1,WGQWRCAZEPAXRA-GZTJUZNOSA-N,0,chembl_external,0.10668158807161703
COc1cc(C(=O)c2csc(-c3ccc(NC(=O)CCCC(=O)Nc4ccccc4N)cc3)n2)cc(OC)c1OC,LXUOJZKROYWPPV-UHFFFAOYSA-N,0,chembl_external,0.09946690280872023
O=C1c2cc(Cl)c3c4c(Oc5ccc(OCc6cn(CCCN7C[C@H](O)[C@@H](O)[C@H](O)[C@H]7CO)nn6)cc5)cc5c6c(cc(Oc7ccc(OCc8cn(CCCN9C[C@H](O)[C@@H](O)[C@H](O)[C@H]9CO)nn8)cc7)c(c7c(Oc8ccc(OCc9cn(CCCN%10C[C@H](O)[C@@H](O)[C@H](O)[C@H]%10CO)nn9)cc8)cc(c2c37)C(=O)N1Cc1cn(CCCN2C[C@H](O)[C@@H](O)[C@H](O)[C@H]2CO)nn1)c64)C(=O)N(Cc1cn(CCCN2C[C@H](O)[C@@H](O)[C@H](O)[C@H]2CO)nn1)C5=O,YPWXPSNTZOGYSJ-JVMLLWQNSA-N,0,chembl_external,0.08192637410767405
CC(C)(Oc1ccc(Cl)cc1)C(=O)Oc1ccc(-c2cc(=S)ss2)cc1,YTZMIZNUZNUPNR-UHFFFAOYSA-N,0,chembl_external,0.20477638845120053
C[C@H]1CCC/C=C/[C@@H]2C[C@H](OC(=O)OCc3cccnc3)C[C@H]2[C@H](O)/C=C/C(=O)O1,NIVPCXURXHMJGN-CIEKVUGRSA-N,0,chembl_external,0.045412581096717856
Nc1nc(NCCCCN2CCN(c3cccc(Cl)c3Cl)CC2)nc(NCCc2c[nH]c3ccccc23)n1,XFPTZPCTBFZTJN-UHFFFAOYSA-N,0,chembl_external,0.15234692855412782
Nc1nc(NCCc2cccc(Cl)c2Cl)nc(NCCc2c[nH]c3ccccc23)n1,ZOAXAKJUBSMZJB-UHFFFAOYSA-N,0,chembl_external,0.13042217229055217
N#C[C@@H]1CC(F)(F)CN1C(=O)CNC(=O)c1ccnc2ccc(OCCCN3CCN(C(=O)c4ccc([211At])cc4)CC3)cc12,DBIHOPLBOZBNBM-CTCWLUDLSA-N,0,chembl_external,0.07372253400642816
CC1CN(CCOC(=O)c2ccc(N)cc2)CC(C)O1,NUWQUNGNRRPJEQ-UHFFFAOYSA-N,0,chembl_external,0.6499345141693235
O=C(O)CNC(=O)c1ncc(C2=CCN(S(=O)(=O)Cc3ccc(OC(F)(F)F)cc3)CC2)cc1O,MVSHGLCACIWIQM-UHFFFAOYSA-N,0,chembl_external,0.08019988950828141
CCCC[C@H](NC(=O)[C@H](Cc1ccc(CS(=O)(=O)O)cc1)NC(=O)[C@H](CC(=O)O)NC(=O)COCCOCCNC(=O)COCCOCCNC(=O)[C@H](CCCNC(=N)N)NC(=O)CNC(=O)[C@H](CCCCN)NC(=O)[C@@H](NC(=O)[C@H](CC(C)C)NC(=O)[C@H](Cc1c[nH]c2ccccc12)NC(=O)[C@H](C)NC(=O)[C@@H](NC(=O)[C@H](Cc1ccccc1)NC(=O)[C@H](CCC(=O)O)NC(=O)[C@H](CCCCNC(=O)COCCOCCNC(=O)COCCOCCNC(=O)CC[C@H](NC(=O)CCCCCCCCCCCCCCCCC(=O)O)C(=O)O)NC(=O)[C@H](C)NC(=O)[C@H](C)NC(=O)[C@H](CCC(N)=O)NC(=O)CNC(=O)[C@H](CCC(=O)O)NC(=O)[C@H](CC(C)C)NC(=O)[C@H](Cc1ccc(O)cc1)NC(=O)[C@H](CO)NC(=O)[C@H](CO)NC(=O)[C@@H](NC(=O)[C@H](CC(=O)O)NC(=O)[C@H](CO)NC(=O)[C@@H](NC(=O)[C@H](Cc1ccccc1)NC(=O)[C@@H](NC(=O)CNC(=O)[C@H](CCC(=O)O)NC(=O)[C@H](C)NC(=O)[C@@H](N)Cc1cnc[nH]1)[C@@H](C)O)[C@@H](C)O)C(C)C)[C@@H](C)CC)C(C)C)C(=O)NCC(=O)N[C@@H](Cc1c[nH]c2ccccc12)C(=O)N[C@@H](CCCC)C(=O)N(C)[C@H](CC(=O)O)C(=O)N(C)[C@@H](Cc1ccccc1)C(N)=O,HUKZWONRCAQCTA-PYISVRNKSA-N,0,chembl_external,0.36156796413928344
CCCC[C@H](NC(=O)[C@H](Cc1ccc(CS(=O)(=O)O)cc1)NC(=O)[C@H](CC(=O)O)NC(=O)COCCOCCNC(=O)COCCOCCNC(=O)[C@H](CCCCN)NC(=O)CNC(=O)[C@H](CCCCN)NC(=O)[C@@H](NC(=O)[C@H](CC(C)C)NC(=O)[C@H](Cc1c[nH]c2ccccc12)NC(=O)[C@H](CCC(=O)O)NC(=O)[C@@H](NC(=O)[C@H](Cc1ccccc1)NC(=O)[C@H](CCC(=O)O)NC(=O)[C@H](CCCCNC(=O)COCCOCCNC(=O)COCCOCCNC(=O)CC[C@H](NC(=O)CCCCCCCCCCCCCCCCC(=O)O)C(=O)O)NC(=O)[C@H](C)NC(=O)[C@H](C)NC(=O)[C@H](CCC(=O)O)NC(=O)[C@H](CCC(=O)O)NC(=O)[C@H](CCC(=O)O)NC(=O)[C@H](CC(C)C)NC(=O)[C@@H](NC(=O)[C@H](CCC(=O)O)NC(=O)[C@@H](NC(=O)[C@@H](NC(=O)[C@H](CC(=O)O)NC(=O)[C@H](CC(N)=O)NC(=O)[C@@H](NC(=O)[C@H](Cc1ccc(O)cc1)NC(=O)[C@@H](NC(=O)CNC(=O)[C@H](CCC(=O)O)NC(=O)C(C)(C)NC(=O)[C@@H](N)Cc1cnc[nH]1)[C@@H](C)O)[C@@H](C)O)C(C)C)[C@@H](C)O)[C@@H](C)O)[C@@H](C)CC)[C@@H](C)CC)C(=O)NCC(=O)N[C@@H](Cc1c[nH]c2ccccc12)C(=O)N[C@@H](CCCC)C(=O)N(C)[C@H](CC(=O)O)C(=O)N(C)[C@@H](Cc1ccccc1)C(N)=O,ZHPWSEYCGYZOHT-VPZKMCAASA-N,0,chembl_external,0.23235891755902793
Cc1ccccc1C(=O)Nc1ccc(C(=O)N2CCCC(O)c3cc(Cl)ccc32)c(C)c1,GYHCTFXIZSNGJT-UHFFFAOYSA-N,0,chembl_external,0.34254989980177797
CCN1CCN(CCCN2CCCN(C(=O)c3ccc(NC(=O)c4ccccc4-c4ccccc4)cc3)c3ccccc32)CC1,GGOOYOFDSPJDBT-UHFFFAOYSA-N,0,chembl_external,0.1473544229673469
CCN1CCN(c2ccc(Nc3ncc(C)c(Nc4ccc5cn[nH]c5c4)n3)cc2OC)CC1.Cl,JNHPASKPQFAGPP-UHFFFAOYSA-N,0,chembl_external,0.18985383050920615
FC1(F)CCN(c2nc3ccccc3c3c2ccn3Cc2cccc(Cl)c2)CC1,PKKVQHSSLZVNAS-UHFFFAOYSA-N,0,chembl_external,0.08780286817978633
O=C(Nc1ccc(F)c(F)c1)Nc1ccc(Sc2nc3cc(Cl)ccc3s2)c(Cl)c1,IHQDEVNEHAXQSH-UHFFFAOYSA-N,0,chembl_external,0.09099965301028652
O=c1[nH]c(/C=C/c2cccc(F)c2)nc2ccccc12,ZFGIVIZXCYOWBK-CMDGGOBGSA-N,0,chembl_external,0.07589696933398743
Cc1ccc(-c2noc(-c3cccc(OCC4CCN(Cc5cccc(F)c5)CC4)c3)n2)cn1,RRSJHXGJAMBCDJ-UHFFFAOYSA-N,0,chembl_external,0.08973756819987228
COc1cc2c(cc1OC)C(Cc1ccc(OC)c(OCc3ccccc3)c1)N(C)CC2,VGJZVOUZZFXQBK-UHFFFAOYSA-N,0,chembl_external,0.26181087379470863
Br.CN1CCOC(O)(c2ccc3c(c2)Sc2ccccc2N3)C1,DNBUKFHVIMCUQB-UHFFFAOYSA-N,0,chembl_external,0.48868405692933276
CCOC(=O)c1c(S(=O)(=O)N2CCC[C@H](C(=O)Nc3ccc(F)c(C)c3)C2)c(C)n(CC(F)(F)F)c1C,WQSAZRPEGPROCC-KRWDZBQOSA-N,0,chembl_external,0.09205819756562007
O=C(O)CNC(=O)c1ncc(C2CCN(C(=O)CNc3ccc(Cl)cc3)CC2)cc1O,PNWJJULLNCIIMB-UHFFFAOYSA-N,0,chembl_external,0.1477698456323798
COc1cc(OC)c(Cl)c(NC(=O)N(C)c2cc(Nc3ccc(N4CCN(C(=O)C5CCN(c6ccc7c(c6)C(=O)N(C6CCC(=O)NC6=O)C7=O)CC5)CC4)cc3)ncn2)c1Cl,BUEXWHUMUYQITQ-UHFFFAOYSA-N,0,chembl_external,0.33201475910927575
COc1ccc(CN(C(=O)CSC(=S)N2CCN(c3ccc(N)cc3)CC2)c2cc(OC)c(OC)c(OC)c2)cc1O,IQDDCWYNBRRRQG-UHFFFAOYSA-N,0,chembl_external,0.05475413117951164
O=C(c1cc(Cl)c(O)c(Cl)c1)n1ccc2cccnc21,HVYNCNZJQZOKFM-UHFFFAOYSA-N,0,chembl_external,0.15324928418814876
COc1ncc(-c2ccc3ncc(-c4cn(CCCN5CCOCC5)nn4)n3n2)cc1NS(=O)(=O)c1ccc(F)cc1F,SLVDFWRJWQJSRW-UHFFFAOYSA-N,0,chembl_external,0.07307809606361326
Cl.Cl.NCCCC(=O)OCCN1CCN(c2cccc3c2ccn3S(=O)(=O)c2ccccc2)CC1,LEFKFKCAMVAURB-UHFFFAOYSA-N,0,chembl_external,0.16271773731603278
N#Cc1cncc(COc2cc(OCc3cccc(-c4ccccc4F)c3Cl)ccc2CNCCO)c1,DSELNKYPNSPLEU-UHFFFAOYSA-N,0,chembl_external,0.06674155072007677
COc1cc(/N=C(\N)N2CCN(c3cnc(-c4cccc(Cl)c4Cl)c(N)n3)CC2)ccc1C#N,MZIJBZJSXSVRKO-UHFFFAOYSA-N,0,chembl_external,0.057843373596185334
C=CCNC(=S)Nc1cc(C(=O)Nc2ccc(F)c(C)c2)c(C)cc1F,BPRUTWSXZJFFDR-UHFFFAOYSA-N,0,chembl_external,0.11772845097200345
Cn1ncc2c(NC(P(=O)(O)O)P(=O)(O)O)nc(-c3cccc(C(=O)Nc4ccc(C(F)(F)F)cc4)c3)nc21,WUZPMXBCFREYEO-UHFFFAOYSA-N,0,chembl_external,0.06620702809282349
C=CC(=O)N(C)[C@H]1C[C@@](C)(Oc2nc(-c3cnn(C)c3)cn3nccc23)C1,WBFSPPPOPIJCLF-DHFPXDALSA-N,0,chembl_external,0.0525757416571114
NC1=C(Cl)C(=O)c2ccccc2C1=O,OBLNWSCLAYSJJR-UHFFFAOYSA-N,0,chembl_external,0.23201690257986643
O=C1C(Cl)=C(Cl)C(=O)c2ccccc21,SVPKNMBRVBMTLB-UHFFFAOYSA-N,0,chembl_external,0.18151694440571964
COc1ccc(C2C(Cl)C(=O)N2C2=C(Cl)C(=O)c3ccccc3C2=O)cc1,JKWDTWJMTFDQHA-UHFFFAOYSA-N,0,chembl_external,0.7638445112507708
CCOc1cc(C2C(Cl)C(=O)N2C2=C(Cl)C(=O)c3ccccc3C2=O)ccc1O,NZFPWVYBYPMCFI-UHFFFAOYSA-N,0,chembl_external,0.8468799534828193
O=C1C(Cl)=C(N2C(=O)C(Cl)C2c2ccc(Cl)cc2)C(=O)c2ccccc21,COYJCBXJGPKMHX-UHFFFAOYSA-N,0,chembl_external,0.564141873317009
CN(C)c1ccc(C2C(Cl)C(=O)N2C2=C(Cl)C(=O)c3ccccc3C2=O)cc1,CZYVPYRMFNSVDO-UHFFFAOYSA-N,0,chembl_external,0.7177445999252976
O=C1C(Cl)=C(N2C(=O)C(Cl)C2c2ccc([N+](=O)[O-])cc2)C(=O)c2ccccc21,VUALIAFQBJAQQC-UHFFFAOYSA-N,0,chembl_external,0.7957908264528292
C=C1C(=O)[C@]23[C@H](O)[C@H]1CC[C@H]2[C@]12C=CCC(C)(C)[C@H]1[C@H](O)[C@@]3(OCCC(=O)O)OC2,NFWAITKLWZRIGK-DMXDCXNVSA-N,0,chembl_external,0.07300397120638026
CC[C@H](C)[C@@H](NC(=O)[C@@H](NC(=O)[C@H](CCC(=O)O)NC(=O)[C@H](Cc1ccccc1)NC(=O)[C@@H](CCN)NC(=O)[C@H](CCN)NC(=O)[C@H](CO)NC(=O)[C@@H](Cc1c[nH]c2ccccc12)NC(=O)[C@@H](CO)NC(=O)CNC(=O)[C@@H](CCN)NC(=O)[C@H](NC(=O)[C@H](C)N)C(C)C)C(C)C)C(=O)N[C@@H](C)C(=O)O,XWGKIGRJGLAOJC-AMVAKXGBSA-N,0,chembl_external,0.13338892266928506
CC(=O)N/N=C/c1c(-c2nc(NCCN3CCCC3)c3ccccc3n2)[nH]c2ccccc12,FAZBBJPZVSGANF-JVWAILMASA-N,0,chembl_external,0.11603591586235622
O=C(CNS(=O)(=O)c1ccccc1C(F)(F)F)Nc1ccc2c(=O)n3c(nc2c1)CCC3,ARXQHWQZSIQLPK-UHFFFAOYSA-N,0,chembl_external,0.07764235064114543
O=c1c2ccccc2nc2n1CCC2,VARHXCYGZKSOOO-UHFFFAOYSA-N,0,chembl_external,0.18382671034443968
C=CC(=O)Nc1cc2c(Oc3ccc(NC(=O)n4c(=O)c(-c5ccccc5)c(C)n4C)cc3F)cccc2cc1OC,PZKGSVYNVAEKGQ-UHFFFAOYSA-N,0,chembl_external,0.14503089296116348
CCCCC/C=C\C/C=C\C/C=C\C/C=C\CC/C=C(/OC(=O)C(C)c1ccc(C(=O)c2ccccc2)cc1)C(F)(F)F,IIWSKSOUOHOUAY-LVWSLPETSA-N,0,chembl_external,0.15786077499382442
CCOc1ccc(C[C@@H](NC(=O)Cc2ccc(C(C)(C)C)cc2)C(=O)N[C@@H](Cc2ccc(F)cc2)C(=O)N[C@H](C(=O)N[C@@H](CC(N)=O)C(=O)N[C@@H](CC)C(=O)N2CCC[C@H]2C(=O)N[C@@H](CCCNC(=N)N)C(=O)N[C@@H](CCCNC(=N)N)C(N)=O)C(C)C)cc1,SNHJAZWMZSZXFM-XJKSQIOZSA-N,0,chembl_external,0.04869932413000073
Cc1ccc(-n2nc(C(=O)N3CCCCC3)c(=O)n(Cc3ccccc3)c2=O)cc1C,MSIINHRFNXEONI-UHFFFAOYSA-N,0,chembl_external,0.13275712186970456
CC(C)C[C@H](NC(=O)[C@H](C)NC(=O)[C@@H](NC(=O)[C@H](Cc1ccc(O)cc1)NC(=O)[C@H](Cc1c[nH]c2ccccc12)NC(=O)[C@H](CO)NC(=O)[C@H](CO)NC(=O)[C@H](Cc1ccc(O)cc1)NC(=O)[C@H](CCCCN)NC(=O)[C@H](CCCNC(=N)N)NC(=O)[C@H](CO)NC(=O)[C@H](CCCNC(=N)N)NC(=O)[C@@H](N)Cc1ccc(O)cc1)C(C)C)C(=O)N[C@@H](CCCCN)C(=O)N[C@@H](CCCNC(=N)N)C(=O)N[C@@H](CC(C)C)C(=O)N1CCC[C@H]1C(=O)N[C@@H](CCC(=O)O)C(=O)N[C@H](C(=O)NCC(=O)NCC(=O)NCC(=O)NCCOCCOCCOCCOCCOCCOc1ccc([N+](=O)[O-])cc1[N+](=O)[O-])[C@@H](C)O,FCEKBGGBXQNSAH-KNLLAKKMSA-N,0,chembl_external,0.15189072449937743
N#Cc1cncc(COc2cc(OCc3cccc(-c4ccc5c(c4)OCCO5)c3C(F)F)ccc2CNCCO)c1,YNAHCBRGGPSNDZ-UHFFFAOYSA-N,0,chembl_external,0.06206461339766048
CNc1ccc(C(=O)/C=C/c2cc(C)c(OC(C)(C)C(=O)OC(C)(C)C)c(C)c2)cc1,JMNQFYWMYKSSSA-NTEUORMPSA-N,0,chembl_external,0.5556700198432635
N=C(CCl)NCCC[C@H](NC(=O)c1cc([N+](=O)[O-])c2nonc2c1)C(=O)NCc1cccc(B(O)O)c1,QVQLUTLQWGEXFG-HNNXBMFYSA-N,0,chembl_external,0.062350547974467964
CCCc1ccc(OCC(O)Cn2cc(COc3ccc(Cl)cc3)nn2)c(OC)c1,CCABYDVHHITXSQ-UHFFFAOYSA-N,0,chembl_external,0.6250698086238358
CCCc1ccc(OCC(O)Cn2cc(COc3ccc([N+](=O)[O-])cc3)nn2)c(OC)c1,RHPNOOKZJJVHHQ-UHFFFAOYSA-N,0,chembl_external,0.5337213293535222
C=CC(=O)NCCCn1c(=O)c(-c2c(Cl)c(OC)cc(OC)c2Cl)cc2cnc(Nc3c(C)cccc3NC(=O)C=C)cc21,ZWQWTVLDLQPTSW-UHFFFAOYSA-N,0,chembl_external,0.11394117191125765
OCCN1CCC(C2CCN(c3nc(NCc4cccc(F)c4F)c4ncn(C5CCCC5)c4n3)CC2)CC1,WYVDFOFDVCFARJ-UHFFFAOYSA-N,0,chembl_external,0.08467243168408306
OCCN1CCC(C2CCN(c3nc(NCc4ccc(F)c(Cl)c4)c4ncn(CC5CC5)c4n3)CC2)CC1,LFXYFFIMEFNDHC-UHFFFAOYSA-N,0,chembl_external,0.1607524690593734
CC(=O)O[C@H]1CC[C@@]2(C)[C@@H](CC=C3[C@@H]2CC[C@]2(C)[C@@H]([C@H](C)COC=O)CC[C@@H]32)C1,ZMSGAXSBKXUQKY-PUCUFLQQSA-N,0,chembl_external,0.0838191005545409
C[C@@]1(N2CCN(c3cc4c(cnn4-c4cnn(C56CC(C5)C6)c4)cc3Cl)CC2)COC[C@@H]1O,LVPXBXFMUREXPT-WJTHNFPRSA-N,0,chembl_external,0.06375966484436484
