canonical_smiles,inchi_key,label,molecule_chembl_id,in_prev_train
CNn1cc(C(=O)O)c(=O)c2cc(F)c(N3CCN(C)CC3)cc21,RUXPNBWPIRDVTH-UHFFFAOYSA-N,1,CHEMBL6231,False
Nc1ccc(C(=O)[O-])cc1.[K+],MZKKJVZIFIQOPP-UHFFFAOYSA-M,1,CHEMBL1564391,False
CCCCc1oc2ccccc2c1C(=O)c1cc(I)c(OCCN(CC)CC)c(I)c1,IYIKLHRQXLHMJQ-UHFFFAOYSA-N,1,CHEMBL633,True
CCN1CCCC1CNC(=O)c1cc(S(=O)(=O)CC)c(N)cc1OC,NTJOBXMMWNYJFB-UHFFFAOYSA-N,1,CHEMBL243712,True
NC(=O)Nc1ccc([As](=O)(O)O)cc1,WWXBHTZSYYGCSG-UHFFFAOYSA-N,1,CHEMBL1331366,False
CC1(C)S[C@@H]2[C@H](NC(=O)C(C(=O)O)c3ccccc3)C(=O)N2[C@H]1C(=O)O,FPPNZSSZRUTDAP-UWFZAAFLSA-N,1,CHEMBL1214,False
C[C@@](Cc1ccc(O)c(O)c1)(NN)C(=O)O.O,QTAOMKOIBXZKND-PPHPATTJSA-N,1,CHEMBL1200748,False
N[C@@H](CSCC(=O)O)C(=O)O,GBFLZEXEOZUWRN-VKHMYHEASA-N,1,CHEMBL396416,False
O=C(O)C1N=C(c2ccccc2)c2cc(Cl)ccc2NC1=O,XDDJGVMJFWAHJX-UHFFFAOYSA-N,1,CHEMBL1213252,False
Cc1onc(-c2ccccc2Cl)c1C(=O)N[C@@H]1C(=O)N2[C@@H]1SC(C)(C)[C@@H]2C(=O)O,LQOLIRLGBULYKD-JKIFEVAISA-N,1,CHEMBL891,True
CCC(Cc1cnc2nc(N)nc(N)c2n1)c1ccc(C(=O)N[C@@H](CCC(=O)O)C(=O)O)cc1,FSIRXIHZBIXHKT-MHTVFEQDSA-N,1,CHEMBL296373,False
CO[C@@H]1[C@@H](N)[C@@H](O[C@H]2[C@H](Oc3cccc4c(O)c5c(=O)oc6ccc(C)c7c(=O)oc(c34)c5c67)O[C@H](C)[C@H](O)[C@]2(C)O)O[C@H](C)[C@@H]1O,MGQRRMONVLMKJL-KWJIQSIXSA-N,1,CHEMBL2106409,False
CC(=O)[C@H]1CC[C@H]2[C@@H]3CC[C@@H]4C[C@H](O)CC[C@]4(C)[C@H]3CC[C@]12C,AURFZBICLPNKBZ-YZRLXODZSA-N,1,CHEMBL210952,False
FC(F)OC(F)(F)C(F)Cl,JPGQOUSTVILISH-UHFFFAOYSA-N,1,CHEMBL1257,True
CO/N=C1\CN(c2nc3c(cc2F)c(=O)c(C(=O)O)cn3C2CC2)CC1CN,ZRCVYEYHRGVLOC-HYARGMPZSA-N,1,CHEMBL430,True
C[C@H]([C@](O)(Cn1cncn1)c1ccc(F)cc1F)S(C)(=O)=O,HFGZFHCWKKQGIS-NOZJJQNGSA-N,1,CHEMBL34139,False
C#C[C@]1(O)CC[C@H]2[C@@H]3CCC4=CC(=O)CCC4=C3C=C[C@@]21CC,BJJXHLWLUDYTGC-ANULTFPQSA-N,1,CHEMBL1868702,False
CCOC(=O)C1=C(C)NC(C)=C(C(=O)OCC)C1c1ccccc1/C=C/C(=O)OC(C)(C)C,GKQPCPXONLDCMU-CCEZHUSRSA-N,1,CHEMBL460291,False
N#C[C@H](O[C@@H]1O[C@H](CO[C@@H]2O[C@H](CO)[C@@H](O)[C@H](O)[C@H]2O)[C@@H](O)[C@H](O)[C@H]1O)c1ccccc1,XUCIJNAGGSZNQT-JHSLDZJXSA-N,1,CHEMBL461727,False
CO[C@@]1(NC(=O)C(C(=O)[O-])c2ccc(O)cc2)C(=O)N2C(C(=O)[O-])=C(CSc3nnnn3C)CO[C@@H]21.[Na+].[Na+],GRIXGZQULWMCLU-HUTAOCTPSA-L,1,CHEMBL1200357,False
NCCNC(=O)c1ccc(Cl)cn1,JZXRLKWWVNUZRB-UHFFFAOYSA-N,1,CHEMBL279390,False
CC(/C=N/NC(=N)N)=N\NC(=N)N,MXWHMTNPTTVWDM-NXOFHUPFSA-N,1,CHEMBL216913,False
CCNNC(=O)[C@@H]1[C@H](c2cc(OC)c(OC)c(OC)c2)c2cc3c(cc2[C@H](O)[C@H]1CO)OCO3,CPTIBDHUFVHUJK-NZYDNVMFSA-N,1,CHEMBL460289,False
CC(C)(S)[C@@H](N)C(=O)O,VVNCNSJFMMFHPL-VKHMYHEASA-N,1,CHEMBL1430,True
CC1(C)S[C@@H]2[C@H](NC(=O)Cc3ccccc3)C(=O)N2[C@H]1C(=O)O,JGSARLDLIJGVTE-MBNYWOFBSA-N,1,CHEMBL29,False
Oc1c(Cl)c(Cl)c(Cl)c(Cl)c1Cl,IZUPBVBPLAPZRR-UHFFFAOYSA-N,1,CHEMBL75967,False
CNc1nc(N(C)C)nc(N(C)C)n1,XIFVTSIIYVGRHJ-UHFFFAOYSA-N,1,CHEMBL457723,False
N=C(N)c1ccc(OCCCCCOc2ccc(C(=N)N)cc2)cc1,XDRYMKDFEDOLFX-UHFFFAOYSA-N,1,CHEMBL55,True
OC[C@H]1O[C@@H](n2cnc3c2N=CNC[C@H]3O)C[C@@H]1O,FPVKHBSQESCIEP-JQCXWYLXSA-N,1,CHEMBL1580,True
C=C[C@H]1CN2CC[C@H]1C[C@H]2[C@H](O)c1ccnc2ccc(OC)cc12,LOUPRKONTZGTKE-WZBLMQSHSA-N,1,CHEMBL170,True
CCN(CC)CCS(=O)(=O)[C@@H]1CCN2C(=O)c3coc(n3)CC(=O)C[C@H](O)/C=C(C)/C=C/CNC(=O)/C=C/[C@@H](C)[C@@H](C(C)C)OC(=O)[C@@H]12.CC[C@H]1NC(=O)[C@@H](NC(=O)c2ncccc2O)[C@@H](C)OC(=O)[C@H](c2ccccc2)NC(=O)[C@@H]2CC(=O)[C@H](CS[C@@H]3CN4CCC3CC4)CN2C(=O)[C@H](Cc2ccc(N(C)C)cc2)N(C)C(=O)[C@@H]2CCCN2C1=O,PPKJUHVNTMYXOD-PZGPJMECSA-N,1,CHEMBL3137691,False
COCCCOc1ccnc(C[S+]([O-])c2nc3ccccc3[nH]2)c1C,YREYEVIYCVEVJK-UHFFFAOYSA-N,1,CHEMBL1219,True
CCN1CCC[C@H]1CNC(=O)c1c(O)c(Cl)cc(Cl)c1OC,WAOQONBSWFLFPE-VIFPVBQESA-N,1,CHEMBL8809,False
CNC(=C[N+](=O)[O-])NCCSCc1ccc(CN(C)C)o1,VMXUWOKSQNHOCA-UHFFFAOYSA-N,1,CHEMBL1790041,True
C[C@]12CC[C@H]3[C@@H](CCC4=CC(=O)CC[C@@]43C)[C@@H]1CC[C@@H]2O,MUMGGOZAMZWBJJ-DYKIIFRCSA-N,1,CHEMBL386630,False
CN(C)[C@@H]1C(O)=C(C(N)=O)C(=O)[C@@]2(O)C(O)=C3C(=O)c4c(O)cccc4[C@@](C)(O)[C@H]3C[C@@H]12,OFVLGDICTFRJMM-WESIUVDSSA-N,1,CHEMBL1440,False
c1ccc2[nH]c(-c3cscn3)nc2c1,WJCNZQLZVWNLKY-UHFFFAOYSA-N,1,CHEMBL625,True
CC(=O)Nc1ccc(/C=N/NC(N)=S)cc1,SRVJKTDHMYAMHA-WUXMJOGZSA-N,1,CHEMBL375492,False
CC(C)CCOc1ccc(NC(=S)Nc2ccc(OCCC(C)C)cc2)cc1,BWBONKHPVHMQHE-UHFFFAOYSA-N,1,CHEMBL214920,False
CC[C@]1(O)C[C@H]2CN(CCc3c([nH]c4ccccc34)[C@@](C(=O)OC)(c3cc4c(cc3OC)N(C=O)[C@H]3[C@@](O)(C(=O)OC)[C@H](OC(C)=O)[C@]5(CC)C=CCN6CC[C@]43[C@@H]65)C2)C1,OGWKCGZFUXNPDA-XQKSVPLYSA-N,1,CHEMBL90555,True
CC[C@]1(O)C[C@@H]2CN(CCc3c([nH]c4ccccc34)[C@@](C(=O)OC)(c3cc4c(cc3OC)N(C)[C@H]3[C@@](O)(C(N)=O)[C@H](O)[C@]5(CC)C=CCN6CC[C@]43[C@@H]65)C2)C1,HHJUWIANJFBDHT-ZVTSDNJWSA-N,1,CHEMBL238071,False
CN1CCN(C(=S)Nc2ccc(Nc3ccc([N+](=O)[O-])cc3)cc2)CC1,UFLRJROFPAGRPN-UHFFFAOYSA-N,1,CHEMBL469328,False
CN(C)CCN1C(=O)c2cccc3cc(N)cc(c23)C1=O,UPALIKSFLSVKIS-UHFFFAOYSA-N,1,CHEMBL428676,False
Clc1ccc2c(c1)C(N1CCNCC1)=Nc1ccccc1O2,QWGDMFLQWFTERH-UHFFFAOYSA-N,1,CHEMBL1113,True
CC1(C)S[C@@H]2[C@H](NC(=O)[C@H](N)c3ccc(O)cc3)C(=O)N2[C@H]1C(=O)O.O=C(O)[C@H]1/C(=C/CO)O[C@@H]2CC(=O)N21,QJVHTELASVOWBE-AGNWQMPPSA-N,1,CHEMBL2097107,False
NC(=O)OC[C@@H]1[C@H](NC(=O)/C(=N\OCC(=O)O)c2csc(N)n2)C(=O)N1S(=O)(=O)O,UIMOJFJSJSIGLV-JNHMLNOCSA-N,1,CHEMBL1614658,False
CC[C@H](C)C[C@H](C)CCCCCCCCC(=O)N[C@H]1C[C@@H](O)[C@@H](NCCN)NC(=O)[C@@H]2[C@@H](O)CCN2C(=O)[C@H]([C@H](O)CCN)NC(=O)[C@H]([C@H](O)[C@@H](O)c2ccc(O)cc2)NC(=O)[C@@H]2C[C@@H](O)CN2C(=O)[C@H]([C@@H](C)O)NC1=O,JYIKNQVWKBUSNH-WVDDFWQHSA-N,1,CHEMBL1630575,False
CC(=O)OCC1=C(C(=O)O)N2C(=O)[C@@H](NC(=O)CC#N)[C@H]2SC1,RRYMAQUWDLIUPV-BXKDBHETSA-N,1,CHEMBL2110602,False
CC1=C(C(=O)O)N2C(=O)[C@@H](NC(=O)[C@H](N)c3ccccc3)[C@H]2SC1,ZAIPMKNFIOOWCQ-UEKVPHQBSA-N,1,CHEMBL1727,False
C[C@]12CCC(=O)C=C1CC[C@@H]1[C@@H]2C(=O)C[C@@]2(C)[C@H]1CC[C@]2(O)C(=O)CO,MFYSYFVPBJMHGN-ZPOLXVRWSA-N,1,CHEMBL1499,True
COc1cc(Cc2cnc(N)nc2N)cc(OC)c1OC.Cc1cc(NS(=O)(=O)c2ccc(N)cc2)no1,WZRJTRPJURQBRM-UHFFFAOYSA-N,1,CHEMBL58061,False
O=c1ccc2ccccc2o1,ZYGHJZDHTFUPRJ-UHFFFAOYSA-N,1,CHEMBL6466,False
CC(CN(C)C)CN1c2ccccc2Sc2ccc(C#N)cc21,SLFGIOIONGJGRT-UHFFFAOYSA-N,1,CHEMBL2104153,True
N#CN,XZMCDFZZKTWFGF-UHFFFAOYSA-N,1,CHEMBL56279,True
CN1CCN(C(c2ccccc2)c2ccccc2)CC1,UVKZSORBKUEBAZ-UHFFFAOYSA-N,1,CHEMBL648,True
CC(/C=C1\SC(=S)N(CC(=O)O)C1=O)=C\c1ccccc1,CHNUOJQWGUIOLD-NFZZJPOKSA-N,1,CHEMBL56337,False
C[C@@H](O)[C@H]1C(=O)N2C(C(=O)O)=C(S[C@@H]3CN[C@H](C(=O)Nc4cccc(C(=O)O)c4)C3)[C@H](C)[C@H]12,JUZNIMUFDBIJCM-ANEDZVCMSA-N,1,CHEMBL1359,True
C=C(OC)C(=O)Nc1cc(OC)c(OC)cc1C(=O)O[C@H]1C[C@H](O[C@@H]2C(=O)C(NC(=O)OC)=C3/C(=C\CSSSC)[C@]2(O)C#C/C=C\C#C[C@@H]3O[C@@H]2O[C@H](C)[C@@H](NO[C@H]3C[C@H](O)[C@H](SC)[C@@H](C)O3)[C@H](O)[C@H]2O[C@H]2C[C@H](OC)[C@@H](NC(C)C)CO2)O[C@@H](C)[C@H]1O,LJQQFQHBKUKHIS-IIZLOWFNSA-N,1,CHEMBL449274,False
Cc1cnc(C(=O)NCCc2ccc(S(=O)(=O)NC(=O)NC3CCCCC3)cc2)cn1,ZJJXGWJIGJFDTL-UHFFFAOYSA-N,1,CHEMBL1073,True
Cc1cc(C(=O)NCCc2ccc(S(=O)(=O)NC(=O)NN3CCCCCC3)cc2)no1,ZKUDBRCEOBOWLF-UHFFFAOYSA-N,1,CHEMBL2106618,False
CC(C)C[C@H](NC(=O)[C@@H](COC(C)(C)C)NC(=O)[C@H](Cc1ccc(O)cc1)NC(=O)[C@H](CO)NC(=O)[C@H](Cc1c[nH]c2ccccc12)NC(=O)[C@H](Cc1cnc[nH]1)NC(=O)[C@@H]1CCC(=O)N1)C(=O)N[C@@H](CCCNC(=N)N)C(=O)N1CCC[C@H]1C(=O)NNC(N)=O,BLCLNMBMMGCOAS-URPVMXJPSA-N,1,CHEMBL1201247,False
CN1C2CCCC1CC(NC(=O)c1nn(C)c3ccccc13)C2,MFWNKCLOYSRHCJ-UHFFFAOYSA-N,1,CHEMBL289469,True
Cc1c(F)c(N2CCNC(C)C2)cc2c1c(=O)c(C(=O)O)cn2C1CC1,AIJTTZAVMXIJGM-UHFFFAOYSA-N,1,CHEMBL583,False
Cc1oc(=O)oc1COC(=O)[C@@H]1N2C(=O)[C@@H](NC(=O)[C@H](N)c3ccccc3)[C@H]2SC1(C)C,ZKUKMWMSYCIYRD-ZXFNITATSA-N,1,CHEMBL3580454,False
O=C(CCCN1CCC(C(=O)c2ccc(F)cc2)CC1)c1ccc(F)cc1,WCIBOXFOUGQLFC-UHFFFAOYSA-N,1,CHEMBL316004,False
CN1C[C@H](CC#N)C[C@@H]2c3cccc4[nH]c(Cl)c(c34)C[C@H]21,JKAHWGPTNVUTNB-IXPVHAAZSA-N,1,CHEMBL80937,False
CCNC(=O)[C@@H]1CCCN1C(=O)[C@H](CCCNC(=N)N)NC(=O)[C@H](CC(C)C)NC(=O)[C@@H](CC(C)C)NC(=O)[C@H](Cc1ccc(O)cc1)NC(=O)[C@H](CO)NC(=O)[C@H](Cc1c[nH]c2ccccc12)NC(=O)[C@H](Cc1c[nH]cn1)NC(=O)[C@@H]1CCC(=O)N1,GFIJNRVAKGFPGQ-LIJARHBVSA-N,1,CHEMBL1201199,True
COc1ccc2c(c1)N(C[C@H](C)CN(C)C)c1ccccc1S2,VRQVVMDWGGWHTJ-CQSZACIVSA-N,1,CHEMBL1764,False
O=C(NCCN1CCOCC1)c1ccc(Cl)cc1,YHXISWVBGDMDLQ-UHFFFAOYSA-N,1,CHEMBL86304,True
CCCCC1C(=O)NN(c2ccccc2)C1=O,REOJLIXKJWXUGB-UHFFFAOYSA-N,1,CHEMBL1892201,False
COc1ccc(-c2noc(CC(=O)O)c2-c2ccc(OC)cc2)cc1,DJEIHHYCDCTAAH-UHFFFAOYSA-N,1,CHEMBL259972,False
CCc1c(C)[nH]c2c1C(=O)C(CN1CCOCC1)CC2,KLPWJLBORRMFGK-UHFFFAOYSA-N,1,CHEMBL460,True
O=C(CCCN1CCN(c2ccc(F)cc2)CC1)NC1c2ccccc2CSc2ccccc21,WFNRNNUZFPVBSM-UHFFFAOYSA-N,1,CHEMBL172853,False
CCOC(=O)Nc1ccc2c(c1)N(C(=O)CCN1CCOCC1)c1ccccc1S2,FUBVWMNBEHXPSU-UHFFFAOYSA-N,1,CHEMBL1075,False
CC(=O)CCCCn1c(=O)c2c(ncn2C)n(C)c1=O,BYPFEZZEUUWMEJ-UHFFFAOYSA-N,1,CHEMBL628,True
CCCN1C[C@H](CSC)C[C@@H]2c3cccc4[nH]cc(c34)C[C@H]21,YEHCICAEULNIGD-MZMPZRCHSA-N,1,CHEMBL531,False
C1CCC(C(CC2CCCCN2)C2CCCCC2)CC1,CYXKNKQEMFBLER-UHFFFAOYSA-N,1,CHEMBL75880,True
NC(=O)NC(=O)Cc1ccccc1,XPFRXWCVYUEORT-UHFFFAOYSA-N,1,CHEMBL918,False
Cc1cc(=O)n(-c2ccccc2)n1C,VEQOALNAAJBPNY-UHFFFAOYSA-N,1,CHEMBL277474,False
CC(Cc1ccccc1)(NC(=O)CN)c1ccccc1,YSGASDXSLKIKOD-UHFFFAOYSA-N,1,CHEMBL25843,False
CCN1CCC[C@H]1CNC(=O)c1c(OC)ccc(Br)c1OC,GUJRSXAPGDDABA-NSHDSACASA-N,1,CHEMBL22242,False
CCOc1cc(CC(=O)N[C@@H](CC(C)C)c2ccccc2N2CCCCC2)ccc1C(=O)O,FAEKWTJYAYMJKF-QHCPKHFHSA-N,1,CHEMBL1272,True
CC1=C(/C=C/C(C)=C/C=C/C(C)=C/CO)C(C)(C)CCC1,FPIPGXGPPPQFEQ-OVSJKPMPSA-N,1,CHEMBL986,False
CO[C@@H](/C(C)=C/C=C/C(C)=C/c1coc(C)n1)[C@@H](C)[C@@H]1C[C@H](O)[C@@]2(C)O[C@@H]2/C=C/[C@@H](C)[C@H]2C[C@H](CC(=O)O2)C[C@@H]2O[C@H]2C(=O)O1,OWPCHSCAPHNHAV-QIPOKPRISA-N,1,CHEMBL379989,False
CCCC(C)C1(CC)C(=O)NC(=S)NC1=O,IUJDSEJGGMCXSG-UHFFFAOYSA-N,1,CHEMBL441,False
CN1CCN(CCCN2c3ccccc3Sc3ccc(S(=O)(=O)N(C)C)cc32)CC1,VZYCZNZBPPHOFY-UHFFFAOYSA-N,1,CHEMBL609109,False
S=P(N1CC1)(N1CC1)N1CC1,FOCVUCIESVLUNU-UHFFFAOYSA-N,1,CHEMBL671,True
CN1CCN(CC/C=C2/c3ccccc3Sc3ccc(S(=O)(=O)N(C)C)cc32)CC1,GFBKORZTTCHDGY-UWVJOHFNSA-N,1,CHEMBL1201,False
O=c1cc[nH]c(=S)[nH]1,ZEMGGZBWXRYJHK-UHFFFAOYSA-N,1,CHEMBL345768,False
CN1c2ccccc2C(NCCCCCCC(=O)O)c2ccc(Cl)cc2S1(=O)=O,JICJBGPOMZQUBB-UHFFFAOYSA-N,1,CHEMBL1289110,True
COc1ccc(CCN(C)CCCC2(c3ccc(OC)c(OC)c3)S(=O)(=O)CCCS2(=O)=O)cc1OC,ZROUQTNYPCANTN-UHFFFAOYSA-N,1,CHEMBL125737,False
Cc1ncc(-c2csc(N=C(N)N)n2)[nH]1,GIMNAEMRNXUAQP-UHFFFAOYSA-N,1,CHEMBL70209,False
CC(=O)N[C@H]1[C@H]([C@H](O)[C@H](O)CO)OC(C(=O)O)=C[C@@H]1NC(=N)N,ARAIBEBZBOPLMB-UFGQHTETSA-N,1,CHEMBL222813,False
O=C(O)Cn1c(=O)n(Cc2ccc(Br)cc2F)c(=O)c2ccc(Cl)cc21,SXONDGSPUVNZLO-UHFFFAOYSA-N,1,CHEMBL10413,False
C[Si](C)(C)c1cccc(C(=O)C(F)(F)F)c1,GAPOASFZXBWUGS-UHFFFAOYSA-N,1,CHEMBL3137700,False
CN(C)C/C=C(/c1ccc(Br)cc1)c1cccnc1,OYPPVKRFBIWMSX-SXGWCWSVSA-N,1,CHEMBL37744,False
O=C1Cc2cc(CCN3CCN(c4nsc5ccccc45)CC3)c(Cl)cc2N1,MVWVFYHBGMAFLY-UHFFFAOYSA-N,1,CHEMBL708,True
C[C@H](CSC(=O)c1ccccc1)C(=O)N1C[C@@H](Sc2ccccc2)C[C@H]1C(=O)O,IAIDUHCBNLFXEF-MNEFBYGVSA-N,1,CHEMBL331378,False
CN(C)CCc1c[nH]c2ccc(C[C@H]3COC(=O)N3)cc12,ULSDMUVEXKOYBU-ZDUSSCGKSA-N,1,CHEMBL1185,False
O=C1CN2Cc3c(ccc(Cl)c3Cl)N=C2N1,OTBXOEAOVRKTNQ-UHFFFAOYSA-N,1,CHEMBL760,True
O=c1n(CC2CO2)c(=O)n(CC2CO2)n1CC1CO1,ZTXDHEQQZVFGPK-UHFFFAOYSA-N,1,CHEMBL2105991,False
COc1cc2oc(=O)c(C)c(C)c2cc1OCCCN1CCN(c2ccccc2OC)CC1,FQELZLMTAPJJOL-UHFFFAOYSA-N,1,CHEMBL1963107,False
Cn1nnnc1SCC1=C(C(=O)O)N2C(=O)[C@@H](NC(=O)[C@H](O)c3ccccc3)[C@H]2SC1,OLVCFLKTBJRLHI-AXAPSJFSSA-N,1,CHEMBL1146,False
CC(=O)OCC1=C(C(=O)O)N2C(=O)[C@@H](NC(=O)CSc3ccncc3)[C@H]2SC1,UQLLWWBDSUHNEB-CZUORRHYSA-N,1,CHEMBL1599,False
CCN1CCN(C(=O)N[C@@H](C(=O)N[C@]2(OC)C(=O)N3C(C(=O)O)=C(CSc4nnnn4C)CS[C@@H]32)[C@H](C)O)C(=O)C1=O,SMSRCGPDNDCXFR-CYWZMYCQSA-N,1,CHEMBL1908372,False
CC/C=C(\C(=O)N[C@@H]1C(=O)N2C(C(=O)OCOC(=O)C(C)(C)C)=C(COC(N)=O)CS[C@H]12)c1csc(N)n1,WVPAABNYMHNFJG-QDVBXLKVSA-N,1,CHEMBL2431072,False
CO/N=C(\C(=O)N[C@@H]1C(=O)N2C(C(=O)[O-])=C(C[N+]34CCC(C(N)=O)(CC3)CC4)CS[C@H]12)c1nsc(N)n1,JUVHVMCKLDZLGN-TVNFHGJBSA-N,1,CHEMBL1614665,False
C=CC1=C(C(=O)O)N2C(=O)[C@@H](NC(=O)/C(=N\O)c3csc(N)n3)[C@H]2SC1,RTXOFQZKPXMALH-GHXIOONMSA-N,1,CHEMBL927,True
CN(C)CCC=C1c2ccccc2C=Cc2ccccc21,JURKNVYFZMSNLP-UHFFFAOYSA-N,1,CHEMBL669,True
CC(=O)Oc1ccc(C(=C2CCCCC2)c2ccc(OC(C)=O)cc2)cc1,GVOUFPWUYJWQSK-UHFFFAOYSA-N,1,CHEMBL141305,True
NS(=O)(=O)c1cc2c(cc1Cl)NC(CC1CCCC1)NS2(=O)=O,BKYKPTRYDKTTJY-UHFFFAOYSA-N,1,CHEMBL1373254,False
C1CC1,LVZWSLJZHVFIQJ-UHFFFAOYSA-N,1,CHEMBL1796999,False
N[C@@H]1CONC1=O,DYDCUQKUCUHJBH-UWTATZPHSA-N,1,CHEMBL771,False
CC(=O)[C@@]1(O)CC[C@H]2[C@@H]3C=C(Cl)C4=CC(=O)[C@@H]5C[C@@H]5[C@]4(C)[C@H]3CC[C@@]21C,DUSHUSLJJMDGTE-ZJPMUUANSA-N,1,CHEMBL142130,False
C[C@]12CC[C@@H]3c4ccc(O)cc4CC[C@H]3[C@@H]1CC[C@@H]2O,VOXZDWNPVJITMN-ZBRFXRBCSA-N,1,CHEMBL135,False
CC[C@@H](CO)NCCN[C@@H](CC)CO,AEUTYOVWOVBAKS-UWVGGRQHSA-N,1,CHEMBL44884,True
C#CC(O)(/C=C/Cl)CC,ZEHYJZXQEQOSON-AATRIKPKSA-N,1,CHEMBL591,False
CCC1(C)CC(=O)NC1=O,HAPOVYFOVVWLRS-UHFFFAOYSA-N,1,CHEMBL696,False
N=C(N)NCC1COc2ccccc2O1,HIUVKVDQFXDZHU-UHFFFAOYSA-N,1,CHEMBL76725,False
N=C(N)NCCCCCCC(=O)NC(O)C(=O)NCCCCNCCCN,IDINUJSAMVOPCM-UHFFFAOYSA-N,1,CHEMBL406117,False
CCCCN(CCCC)CCC(O)c1cc2c(Cl)cc(Cl)cc2c2cc(C(F)(F)F)ccc12,FOHHNHSLJDZUGQ-UHFFFAOYSA-N,1,CHEMBL1107,True
CC(=O)NCCOC(=O)C(Oc1cccc(C(F)(F)F)c1)c1ccc(Cl)cc1,BJBCSGQLZQGGIQ-UHFFFAOYSA-N,1,CHEMBL456071,False
O=C(NCCN1CCC(n2c(=O)[nH]c3cc(Cl)ccc32)CC1)c1ccc(F)cc1,NBHPRWLFLUBAIE-UHFFFAOYSA-N,1,CHEMBL245621,False
O=C(CCCN1CCC(O)(c2ccc(Cl)cc2)CC1)c1ccc(F)cc1,LNEPOXFFQSENCJ-UHFFFAOYSA-N,1,CHEMBL54,True
FC(F)(F)C(Cl)Br,BCQZXOMGPXTTIC-UHFFFAOYSA-N,1,CHEMBL931,True
CC(=O)N[C@H]1[C@@H](O[C@H]2[C@H](O)[C@@H](O)[C@H](O[C@H]3[C@H](CS(=O)(=O)O)[C@@H](OS(=O)(=O)O)[C@@H](O[C@H]4[C@H](O)[C@@H](OS(=O)(=O)O)C(O)O[C@H]4C(=O)O)O[C@@H]3O)O[C@@H]2C(=O)O)O[C@H](COS(=O)(=O)O)[C@@H](O)[C@@H]1O,ZFGMDIBRIDKWMY-PASTXAENSA-N,1,CHEMBL526514,False
N[C@@H](Cc1cc(I)c(Oc2cc(I)c(O)c(I)c2)c(I)c1)C(=O)O,XUIIKFGFIJCVMT-LBPRGKRZSA-N,1,CHEMBL1624,True
Clc1cccc(C(c2ccc3[nH]cnc3c2)n2ccnc2)c1,UGFHIPBXIWJXNA-UHFFFAOYSA-N,1,CHEMBL389433,False
Cc1c(N)nc([C@@H](CC(N)=O)NC[C@@H](N)C(N)=O)nc1C(=O)N[C@@H](C(=O)N[C@@H](C)[C@H](O)[C@@H](C)C(=O)N[C@H](C(=O)NCCc1nc(-c2nc(C(=O)NCCCN(C)CCCN(Cc3ccc(OCc4ccccc4)c(OCc4ccccc4)c3)Cc3ccc(OCc4ccccc4)c(OCc4ccccc4)c3)cs2)cs1)[C@@H](C)O)C(O[C@H]1O[C@@H](CO)[C@H](O)[C@@H](O)[C@H]1O[C@H]1O[C@@H](CO)[C@@H](O)[C@H](OC(N)=O)[C@@H]1O)c1c[nH]cn1,KYYQSAMPTLGNIQ-KNFYDQAFSA-N,1,CHEMBL3137684,False
CC(C)(C)c1ccc(CCC(O)COc2ccc(C(=O)O)cc2)cc1,LNXBEIZREVRNTF-UHFFFAOYSA-N,1,CHEMBL2105019,False
CCC[C@@H]1C[C@@H](C(=O)N[C@@H]([C@H]2O[C@H](SC)[C@H](O)[C@@H](O)[C@H]2O)[C@@H](C)O)N(C)C1,OJMMVQQUTAEWLP-KIDUDLJLSA-N,1,CHEMBL1447,False
Cl[C@H]1[C@H](Cl)[C@@H](Cl)[C@@H](Cl)[C@H](Cl)[C@H]1Cl,JLYXXMFPNIAWKQ-GNIYUCBRSA-N,1,CHEMBL15891,False
CC(=O)NC[C@H]1CN(c2ccc(N3CCOCC3)c(F)c2)C(=O)O1,TYZROVQLWOKYKF-ZDUSSCGKSA-N,1,CHEMBL126,True
[Li],WHXSMMKQMYFTQS-UHFFFAOYSA-N,1,CHEMBL1201333,False
CCOc1ccc2ccccc2c1C(=O)N[C@@H]1C(=O)N2[C@@H]1SC(C)(C)[C@@H]2C(=O)O,GPXLMGHLHQJAGZ-JTDSTZFVSA-N,1,CHEMBL1443,True
CCN(CC)CCOC(=O)[C@@H](Cc1cccc2ccccc12)C[C@@H]1CCCO1,KBAFPSLPKGSANY-VXKWHMMOSA-N,1,CHEMBL1443491,False
Nc1ccc(/N=N/c2ccccc2)c(N)n1,QPFYXYFORQJZEC-FOCLMDBBSA-N,1,CHEMBL1242,False
c1ccc(C2(N3CCCCC3)CCCCC2)cc1,JTJMJGYZQZDUJJ-UHFFFAOYSA-N,1,CHEMBL275528,False
CCC(C(=O)NC(N)=O)c1ccccc1,AJOQSQHYDOFIOX-UHFFFAOYSA-N,1,CHEMBL2107062,False
O=C1c2ccccc2C(=O)C1c1ccccc1,NFBAXHOPROOJAW-UHFFFAOYSA-N,1,CHEMBL711,False
CC(Cc1ccccc1)NN,VXTWEDPZMSVFEF-UHFFFAOYSA-N,1,CHEMBL22498,False
CCC1(c2ccccc2)C(=O)NC(=O)NC1=O,DDBREPKUVSBGFI-UHFFFAOYSA-N,1,CHEMBL40,True
CCOC(=O)C1(c2ccccc2)CCN(CCC(O)c2ccccc2)CC1,IPOPQVVNCFQFRK-UHFFFAOYSA-N,1,CHEMBL2105385,False
CO[C@H]1/C=C/O[C@@]2(C)Oc3c(C)c(O)c4c(O)c(c(/C=N/N5CCN(C)CC5)c(O)c4c3C2=O)NC(=O)/C(C)=C\C=C\[C@H](C)[C@H](O)[C@@H](C)[C@@H](O)[C@@H](C)[C@H](OC(C)=O)[C@@H]1C,JQXXHWHPUNPDRT-WLSIYKJHSA-N,1,CHEMBL374478,True
CO[C@H]1/C=C/O[C@@]2(C)Oc3c(C)c(O)c4c(O)c(c5c(nc6cc(C)ccn65)c4c3C2=O)NC(=O)/C(C)=C\C=C\[C@H](C)[C@H](O)[C@@H](C)[C@@H](O)[C@@H](C)[C@H](OC(C)=O)[C@@H]1C,NZCRJKRKKOLAOJ-XRCRFVBUSA-N,1,CHEMBL1617,False
CCCCC(C)(O)C/C=C/[C@H]1[C@H](O)CC(=O)[C@@H]1CCCCCCCO,SPOAFZKFCYREMW-FWYLUGOYSA-N,1,CHEMBL3301679,False
CC(=O)OCOC(=O)C1=C(COC(N)=O)SC2[C@H]([C@H](C)O)C(=O)N12,FZKGLCPKPZBGLX-PEOWQWSYSA-N,1,CHEMBL3137692,False
CC(NCCc1ccc(O)cc1)C(O)c1ccc(O)cc1,IOVGROKTTNBUGK-UHFFFAOYSA-N,1,CHEMBL83063,True
O=C(Cn1c(=O)sc2ccc(Cl)cc21)N1CCN(CCO)CC1,HTJXMOGUGMSZOG-UHFFFAOYSA-N,1,CHEMBL274239,False
O=C1CC2(CCCC2)CC(=O)N1CCCCN1CCN(c2nsc3ccccc23)CC1,ZFZPJDFBJFHYIV-UHFFFAOYSA-N,1,CHEMBL35057,False
CC1(C)S[C@@H]2[C@H](NC(=O)[C@H](C(=O)O)c3ccsc3)C(=O)N2[C@H]1C(=O)O,OHKOGUYZJXTSFX-KZFFXBSXSA-N,1,CHEMBL1449,False
CC1(C)S[C@@H]2[C@H](NC(=O)[C@H](C(=O)O)c3ccsc3)C(=O)N2[C@H]1C(=O)O.O=C(O)[C@H]1/C(=C/CO)O[C@@H]2CC(=O)N21,XWMVMWTVLSLJGY-FAJPTIRJSA-N,1,CHEMBL3137696,True
Cc1cc(Br)c(O)c2ncccc12,JMOVFFLYGIQXMM-UHFFFAOYSA-N,1,CHEMBL1788385,True
Cc1ccc(O)c2ncccc12,RPVGLMKJGQMQSN-UHFFFAOYSA-N,1,CHEMBL1410814,False
CCS(=O)(=O)CCn1c([N+](=O)[O-])cnc1C,HJLSLZFTEKNLFI-UHFFFAOYSA-N,1,CHEMBL1220,True
Cc1cc(CC(=O)O)n(C)c1C(=O)c1ccc(Cl)cc1,ZXVNMYWKKDOREA-UHFFFAOYSA-N,1,CHEMBL19490,False
NS(=O)(=O)Cc1noc2ccccc12,UBQNRHZMVUUOMG-UHFFFAOYSA-N,1,CHEMBL750,True
CN1CCN(C(=O)OC2c3nccnc3C(=O)N2c2ccc(Cl)cn2)CC1,GBBSUAFBMRNDJC-UHFFFAOYSA-N,1,CHEMBL135400,True
O=C(O)Cc1nn(Cc2nc3cc(C(F)(F)F)ccc3s2)c(=O)c2ccccc12,BCSVCWVQNOXFGL-UHFFFAOYSA-N,1,CHEMBL10372,False
COc1cccc2c1C(=O)c1c(O)c3c(c(O)c1C2=O)C[C@@](O)(/C(C)=N/NC(=O)c1ccccc1)C[C@@H]3O[C@H]1C[C@H](N)[C@H](O)[C@H](C)O1,FBTUMDXHSRTGRV-ALTNURHMSA-N,1,CHEMBL1697854,False
CN(C)CCOC1=Cc2ccccc2Sc2ccc(Cl)cc21,HDOZVRUNCMBHFH-UHFFFAOYSA-N,1,CHEMBL285802,False
Nc1nc2cc(Cl)ccc2o1,YGCODSQDUUUKIV-UHFFFAOYSA-N,1,CHEMBL472566,False
OCCN1CCN(CC/C=C2/c3ccccc3Sc3ccc(Cl)cc32)CC1,WFPIAZLQTJBIFN-DVZOWYKESA-N,1,CHEMBL53904,False
CCN(CC)CCCN(c1ccccc1)C1Cc2ccccc2C1,NZLBHDRPUJLHCE-UHFFFAOYSA-N,1,CHEMBL1213033,False
C=CCC(C(=O)NC(N)=O)C(C)C,KSUUMAWCGDNLFK-UHFFFAOYSA-N,1,CHEMBL509282,False
NCC[C@H](O)C(=O)N[C@@H]1C[C@H](N)[C@@H](O[C@H]2O[C@H](CN)CC[C@H]2N)[C@H](O)[C@H]1O[C@H]1O[C@H](CO)[C@@H](O)[C@H](N)[C@H]1O,MKKYBZZTJQGVCD-XTCKQBCOSA-N,1,CHEMBL426926,False
[AsH3],RBFQJDQYXXHULB-UHFFFAOYSA-N,1,CHEMBL1231052,False
Nc1cc([As]2[As](c3ccc(O)c(N)c3)[As](c3ccc(O)c(N)c3)[As](c3ccc(O)c(N)c3)[As]2c2ccc(O)c(N)c2)ccc1O.Nc1cc([As]2[As](c3ccc(O)c(N)c3)[As]2c2ccc(O)c(N)c2)ccc1O,SEXAQLWKUYOMRJ-UHFFFAOYSA-N,1,CHEMBL3137672,False
CO[C@H]1O[C@@H]2O[C@@]3(C)CC[C@H]4[C@H](C)CC[C@@H]([C@H]1C)[C@@]24OO3,SXYIRMFQILZOAM-HVNFFKDJSA-N,1,CHEMBL566534,False
CO/N=C(\C(=O)N[C@@H]1C(=O)N2C(C(=O)OCOC(=O)C(C)(C)C)=C(/C=C\c3scnc3C)CS[C@H]12)c1csc(N)n1,AFZFFLVORLEPPO-UVYJNCLZSA-N,1,CHEMBL454446,True
CO/N=C(\C(=O)N[C@@H]1C(=O)N2C(C(=O)[O-])=C(C[N+]3(C)CCCC3)CS[C@H]12)c1csc(N)n1,HVFLCNVBZFFHBT-ZKDACBOMSA-N,1,CHEMBL186,False
CO/N=C(\C(=O)N[C@@H]1C(=O)N2C(C(=O)O)=C(C)CS[C@H]12)c1csc(N)n1,MQLRYUCJDNBWMV-GHXIOONMSA-N,1,CHEMBL2103764,False
CC[N+](C)(C/C=C/C1=C(C(=O)[O-])N2C(=O)[C@@H](NC(=O)/C(=N\OCF)c3nsc(N)n3)[C@H]2SC1)CC(N)=O,XAKKNLNAJBNLPC-MAYKBZFQSA-N,1,CHEMBL2074822,False
CO/N=C(\C(=O)N[C@@H]1C(=O)N2C(C(=O)O)=C(CSc3nnnn3C)CS[C@H]12)c1csc(N)n1,HJJDBAOLQAWBMH-YCRCPZNHSA-N,1,CHEMBL1201224,False
CO[C@@]1(NC(=O)CSCC#N)C(=O)N2C(C(=O)O)=C(CSc3nnnn3C)CS[C@@H]21,SNBUBQHDYVFSQF-HIFRSBDPSA-N,1,CHEMBL1201195,False
CO[C@@]1(NC(=O)CSC[C@@H](N)C(=O)O)C(=O)N2C(C(=O)O)=C(CSc3nnnn3C)CS[C@@H]21,JSDXOWVAHXDYCU-VXSYNFHWSA-N,1,CHEMBL1276342,False
CO/N=C(\C(=O)N[C@@H]1C(=O)N2C(C(=O)O)=C(CSc3nc(C)c(CC(=O)O)s3)CS[C@H]12)c1csc(N)n1,XDZKBRJLTGRPSS-BGZQYGJUSA-N,1,CHEMBL2303613,False
O=C(O)C1=C(CSc2nnnn2CS(=O)(=O)O)CS[C@@H]2[C@H](NC(=O)[C@H](O)c3ccccc3)C(=O)N12,DYAIAHUQIPBDIP-AXAPSJFSSA-N,1,CHEMBL1601,False
Cc1c2oc3c(C)ccc(C(=O)N[C@@H]4C(=O)N[C@H](C(C)C)C(=O)N5CCC[C@H]5C(=O)N(C)CC(=O)N(C)[C@@H](C(C)C)C(=O)O[C@@H]4C)c3nc-2c(C(=O)N[C@@H]2C(=O)N[C@H](C(C)C)C(=O)N3CCC[C@H]3C(=O)N(C)CC(=O)N(C)[C@@H](C(C)C)C(=O)O[C@@H]2C)c(N)c1=O,RJURFGZVJUQBHK-IIXSONLDSA-N,1,CHEMBL1554,True
O=C1CN(/N=C/c2ccc(-c3ccc([N+](=O)[O-])cc3)o2)C(=O)N1,OZOMQRBLCMDCEG-VIZOYTHASA-N,1,CHEMBL1201288,True
COc1cc(Cc2cnc(N)nc2N)cc(OC)c1OC.Nc1ccc(S(=O)(=O)c2ccc(N)cc2)cc1,AOAHJDTZXVIEOS-UHFFFAOYSA-N,1,CHEMBL3137678,False
CCN(CC)CC[n+]1ccc2c(C)c3[nH]c4ccc(O)cc4c3c(C)c2c1.[Cl-],UCICRVXYPSKKJK-UHFFFAOYSA-N,1,CHEMBL68332,False
CCN1C(=O)NC(c2ccccc2)C1=O,SZQIFWWUIBRPBZ-UHFFFAOYSA-N,1,CHEMBL1095,False
CCNC1=Nc2ccc(Cl)cc2C(C)(c2ccccc2)O1,IBYCYJFUEJQSMK-UHFFFAOYSA-N,1,CHEMBL2106227,False
CC(C)(Oc1ccc(Cl)cc1)C(=O)OCCOC(=O)c1cccnc1,XXRVYAFBUDSLJX-UHFFFAOYSA-N,1,CHEMBL358150,False
O=C(c1cc(O)c(O)c(O)c1)c1ccc(O)c(O)c1O,XEDWWPGWIXPVRQ-UHFFFAOYSA-N,1,CHEMBL329522,True
NS(=O)(=O)OCCCCCCCOS(N)(=O)=O,GOJJWDOZNKBUSR-UHFFFAOYSA-N,1,CHEMBL182440,False
CC1(C)S[C@@H]2[C@H](N3C(=O)[C@@H](c4ccccc4)NC3(C)C)C(=O)N2[C@H]1C(=O)O,DXVUYOAEDJXBPY-NFFDBFGFSA-N,1,CHEMBL1201116,False
CC(=O)NCCCCCCNC(C)=O,BNQSTAOJRULKNX-UHFFFAOYSA-N,1,CHEMBL291481,False
CN1CCCN(C(c2ccccc2)c2ccc(Cl)cc2)CC1,WEUCDJCFJHYFRL-UHFFFAOYSA-N,1,CHEMBL1515447,False
CCN(CC)CCNc1ccc(CO)c2sc3ccccc3c(=O)c12,MFZWMTSUNYWVBU-UHFFFAOYSA-N,1,CHEMBL22077,True
NNc1nncc2ccccc12,RPTUSVTUFVMDQK-UHFFFAOYSA-N,1,CHEMBL276832,True
CCn1cc(C(=O)O)c(=O)c2cc(F)c(N3CCNC(C)C3)c(F)c21,ZEKZLJVOYLTDKK-UHFFFAOYSA-N,1,CHEMBL561,True
O=C(O)Cc1cn(-c2ccccc2)nc1-c1ccc(Cl)cc1,XVUQHFRQHBLHQD-UHFFFAOYSA-N,1,CHEMBL1334692,False
O=C(O)c1nn(Cc2ccc(Cl)cc2Cl)c2ccccc12,WDRYRZXSPDWGEB-UHFFFAOYSA-N,1,CHEMBL1257030,False
N[C@@H](C(=O)N[C@@H]1C(=O)N2C(C(=O)O)=C(Cl)CC[C@H]12)c1ccccc1,JAPHQRWPEGVNBT-UTUOFQBUSA-N,1,CHEMBL1013,False
C[C@]12CC[C@H]3[C@@H](CCC4=CC(=O)CC[C@@H]43)[C@@H]1CC[C@@H]2O,NPAGDVCDWIYMMC-IZPLOLCNSA-N,1,CHEMBL757,False
C/N=C(/Cc1ccc2ccccc2c1)NC,NAHCWQNNENHGNH-UHFFFAOYSA-N,1,CHEMBL1192539,False
CCCN1CCO[C@@H]2c3cc(O)ccc3CC[C@H]21,JCSREICEMHWFAY-HUUCEWRRSA-N,1,CHEMBL69271,False
NCC1CC(=O)N(Cc2ccccc2)C1,LCAFGJGYCUMTGS-UHFFFAOYSA-N,1,CHEMBL2104682,False
CCCc1c2oc(C(=O)O)cc(=O)c2cc2c(=O)cc(C(=O)O)n(CC)c12,RQTOOFIXOKYGAN-UHFFFAOYSA-N,1,CHEMBL746,False
C1CNCCN1.CCCCC1C(=O)N(c2ccccc2)N(c2ccccc2)C1=O,HWGAOXKGTHUMFZ-UHFFFAOYSA-N,1,CHEMBL3137687,False
O=C(O)c1ccccc1C(=O)Nc1ccc(S(=O)(=O)Nc2nccs2)cc1,PBMSWVPMRUJMPE-UHFFFAOYSA-N,1,CHEMBL1524273,False
Cc1c(C)c2ccc(OCCCN3CCN(Cc4ccc(Cl)cc4)CC3)cc2oc1=O,USCSJAIWXWYTEH-UHFFFAOYSA-N,1,CHEMBL2106970,False
CCCC(=O)O[C@H]1[C@H](C)O[C@@H](O[C@H]2[C@H](N(C)C)[C@@H](O)[C@H](O[C@H]3[C@@H](CC=O)C[C@@H](C)[C@@H](O)/C=C/C=C/C[C@@H](C)OC(=O)C[C@@H](O)[C@@H]3OC)O[C@@H]2C)C[C@@]1(C)OC(=O)CC,VYWWNRMSAPEJLS-MDWYKHENSA-N,1,CHEMBL1908350,False
CC(=O)OCC(=O)NCCCOc1cccc(CN2CCCCC2)c1,SMTZFNFIKUPEJC-UHFFFAOYSA-N,1,CHEMBL46102,False
Oc1ccc2[nH]cc(CCCCN3CC=C(c4ccccc4)CC3)c2c1,HGEYJZMMUGWEOT-UHFFFAOYSA-N,1,CHEMBL431367,False
CCOC(=O)c1c(N)sc2c1CCN(Cc1ccccc1)C2,PFENFDGYVLAFBR-UHFFFAOYSA-N,1,CHEMBL592943,False
Clc1ccc(C(Cn2ccnc2)OCc2ccsc2Cl)c(Cl)c1,QXHHHPZILQDDPS-UHFFFAOYSA-N,1,CHEMBL1200438,False
CC1=C(/C=C/C(C)=C/C=C/C(C)=C/CO)C(C)(C)CCC1.O=C(O)Cc1cc(I)c(Oc2ccc(O)c(I)c2)c(I)c1,QILNNHVSNXVFLQ-FUTAMACOSA-N,1,CHEMBL3137697,False
C[C@@H]1C[C@H]2[C@@H]3CCC4=CC(=O)C=C[C@]4(C)C3=CC[C@]2(C)[C@H]1C(=O)CN1CCN(c2cc(N3CCCC3)nc(N3CCCC3)n2)CC1,RBKASMJPSJDQKY-RBFSKHHSSA-N,1,CHEMBL1630578,False
Sc1ncnc2[nH]ncc12,PYAOPMWCFSVFOT-UHFFFAOYSA-N,1,CHEMBL119423,False
CC(=O)Oc1ccccc1C(=O)O,BSYNRYMUTXBXSQ-UHFFFAOYSA-N,1,CHEMBL25,True
CNC(=O)C[C@@H](N)C(=O)N[C@@H](C(=O)N[C@@H]1C(=O)N2[C@@H]1SC(C)(C)[C@@H]2C(=O)O)c1ccc(O)cc1,BHELIUBJHYAEDK-OAIUPTLZSA-N,1,CHEMBL1318150,False
CO[C@H]1[C@@H](O)[C@H](N)[C@@H](O[C@H]2O[C@H]([C@H](C)N)CC[C@H]2N)[C@H](O)[C@@H]1N(C)C(=O)CN,BIDUPMYXGFNAEJ-APGVDKLISA-N,1,CHEMBL3084803,False
CNC(=O)c1cccc2c(Nc3ccc(NS(C)(=O)=O)cc3OC)c3cccc(C)c3nc12,TWHSQQYCDVSBRK-UHFFFAOYSA-N,1,CHEMBL48880,False
CCNc1cccnc1N1CCN(C(=O)c2cc3cc(OC)ccc3[nH]2)CC1,UCPOMLWZWRTIAA-UHFFFAOYSA-N,1,CHEMBL280527,False
O=C1C(O)=C([C@H]2CC[C@H](c3ccc(Cl)cc3)CC2)C(=O)c2ccccc21,KUCQYCKVKVOKAY-CTYIDZIISA-N,1,CHEMBL1450,False
CC1(C)[C@H](C(=O)O)N2C(=O)C[C@H]2S1(=O)=O.CCN1CCN(C(=O)N[C@@H](C(=O)N[C@@H]2C(=O)N3C(C(=O)O)=C(CSc4nnnn4C)CS[C@H]23)c2ccc(O)cc2)C(=O)C1=O,WIKQLQXZUYAZQC-KYNIKAHCSA-N,1,CHEMBL3137674,False
NCc1ccccc1CC(=O)N[C@@H]1C(=O)N2C(C(=O)O)=C(CSc3nnnn3CC(=O)O)CS[C@H]12,SLAYUXIURFNXPG-CRAIPNDOSA-N,1,CHEMBL1201046,False
CO/N=C(\C(=O)N[C@@H]1C(=O)N2C(C(=O)[O-])=C(C[n+]3ccc(N)n3CCO)CS[C@H]12)c1csc(N)n1,BHXLLRXDAYEMPP-SBGRAJFYSA-N,1,CHEMBL2105940,False
CN(C)CCn1nnnc1SCC1=C(C(=O)O)N2C(=O)[C@@H](NC(=O)Cc3csc(N)n3)[C@H]2SC1,QYQDKDWGWDOFFU-IUODEOHRSA-N,1,CHEMBL1296,False
CC(OC(=O)OC1CCCCC1)OC(=O)C1=C(CSc2nnnn2CCN(C)C)CS[C@@H]2[C@H](NC(=O)Cc3csc(N)n3)C(=O)N12,VVFDMWZLBPUKTD-ZKRNHDOASA-N,1,CHEMBL3137675,False
CO[C@@]1(NC(=O)Cc2cccs2)C(=O)N2C(C(=O)O)=C(COC(N)=O)CS[C@@H]21,WZOZEZRFJCJXNZ-ZBFHGGJFSA-N,1,CHEMBL996,False
Cc1c(O)c(=O)ccn1C,TZXKOCQBRNJULO-UHFFFAOYSA-N,1,CHEMBL70927,True
CC(=O)N(O)CCCCCNC(=O)CCC(=O)N(O)CCCCCNC(=O)CCC(=O)N(O)CCCCCN,UBQYURCVBFRUQT-UHFFFAOYSA-N,1,CHEMBL556,True
CCOC(=O)[C@H](CCc1ccccc1)N[C@@H](C)C(=O)N(CC(=O)O)C1Cc2ccccc2C1,WOUOLAUOZXOLJQ-MBSDFSHPSA-N,1,CHEMBL589583,False
CC(C)Nc1cccnc1N1CCN(C(=O)c2cc3cc(NS(C)(=O)=O)ccc3[nH]2)CC1,WHBIGIKBNXZKFE-UHFFFAOYSA-N,1,CHEMBL593,True
CN(C)[C@@H]1C(O)=C(C(N)=O)C(=O)[C@@]2(O)C(O)=C3C(=O)c4c(O)ccc(Cl)c4[C@@H](O)[C@H]3C[C@@H]12,FMTDIUIBLCQGJB-SEYHBJAFSA-N,1,CHEMBL1591,False
CNCCON=c1c2ccccc2ccc2ccccc12,SEDQWOMFMIJKCU-UHFFFAOYSA-N,1,CHEMBL2107576,False
CO[C@@H]1O[C@H](CO)[C@H](O)[C@H](O[C@@H]2O[C@@H](C(=O)O)[C@@H](OC)[C@H](O)[C@H]2O)[C@H]1NC(C)=O,OEANUJAFZLQYOD-CXAZCLJRSA-N,1,CHEMBL1909290,False
COc1ccc(CCN(C)CCCOc2ccc(S(=O)(=O)c3c(C(C)C)cn4ccccc34)cc2)cc1OC,ITAMRBIZWGDOHW-UHFFFAOYSA-N,1,CHEMBL285855,False
C[C@@H](O)[C@H]1C(=O)N2C(C(=O)O)=C([C@H]3CCCO3)S[C@H]12,HGGAKXAHAYOLDJ-FHZUQPTBSA-N,1,CHEMBL556262,False
Nc1ncn([C@@H]2O[C@H](CO)[C@@H](O)[C@@H]2O)c(=O)n1,NMUSYJAQQFHJEW-ARQDHWQXSA-N,1,CHEMBL2106666,False
CCCCOCC(CN1C(=O)NC(=O)C(CC)(c2ccccc2)C1=O)OC(N)=O,QHZQILHUJDRDAI-UHFFFAOYSA-N,1,CHEMBL2104283,False
COc1ccc(OC[C@H]2CN(C)CC[C@@H]2c2ccccc2)cc1,OJSFTALXCYKKFQ-YLJYHZDGSA-N,1,CHEMBL94739,False
O=C(O)CCC(=O)c1ccc(-c2ccccc2)cc1,ZPAKPRAICRBAOD-UHFFFAOYSA-N,1,CHEMBL277522,False
NN,OAKJQQAXSVQMHS-UHFFFAOYSA-N,1,CHEMBL1237174,False
CCN(CCO)CCCC(C)Nc1ccnc2cc(Cl)ccc12,XXSMGPRMXLTPCZ-UHFFFAOYSA-N,1,CHEMBL1535,True
CC(=O)[C@@]1(O)CC[C@H]2[C@@H]3CCC4=CC(=O)CC[C@]4(C)[C@H]3CC[C@@]21C,DBPWSSGDRRHUNT-CEGNMAFCSA-N,1,CHEMBL1062,False
N=C(N)c1ccc(/C=C/c2ccc(C(=N)N)cc2O)cc1,TUESWZZJYCLFNL-DAFODLJHSA-N,1,CHEMBL1301,False
CC(C)Cc1ccc(CC(=O)O)cc1,CYWFCPPBTWOZSF-UHFFFAOYSA-N,1,CHEMBL341812,True
O=C1Nc2ccc(Cl)cc2C(c2ccccc2Cl)=NC1O,DIWRORZWFLOCLC-UHFFFAOYSA-N,1,CHEMBL580,True
CN1CCN(C2=Nc3ccccc3Oc3ccc(Cl)cc32)CC1,XJGVXQDUIWGIRW-UHFFFAOYSA-N,1,CHEMBL831,True
CC(C(=O)O)c1ccc(CC2CCCC2=O)cc1,YMBXTVYHTMGZDW-UHFFFAOYSA-N,1,CHEMBL19299,True
CN(C)[C@@H]1C(O)=C(C(=O)NCNCCCC[C@H](N)C(=O)O)C(=O)[C@@]2(O)C(O)=C3C(=O)c4c(O)cccc4[C@@](C)(O)[C@H]3C[C@@H]12,AHEVKYYGXVEWNO-UEPZRUIBSA-N,1,CHEMBL2103929,False
C#C[C@]1(O)CC[C@H]2[C@@H]3CCC4=CCCC[C@@H]4[C@H]3CC[C@@]21C,YNVGQYHLRCDXFQ-XGXHKTLJSA-N,1,CHEMBL2107431,False
CNCCCC12CCC(c3ccccc31)c1ccccc12,QSLMDECMDJKHMQ-UHFFFAOYSA-N,1,CHEMBL21731,True
CC(NN)c1ccccc1,HHRZAEJMHSGZNP-UHFFFAOYSA-N,1,CHEMBL1909283,True
CN1CCOC(c2ccccc2)c2ccccc2C1,RGPDEAGGEXEMMM-UHFFFAOYSA-N,1,CHEMBL465026,True
O=[N+]([O-])c1cc(Cl)cc(-c2cc(Cl)cc([N+](=O)[O-])c2O)c1O,XULACPAEUUWKFX-UHFFFAOYSA-N,1,CHEMBL2107116,False
CC(=O)c1ccc2c(c1)N(CCCN1CCC(CCO)CC1)c1ccccc1S2,BTFMCMVEUCGQDX-UHFFFAOYSA-N,1,CHEMBL1584,True
CCN1CCN(C(=O)N[C@@H](C(=O)N[C@@H]2C(=O)N3[C@@H]2SC(C)(C)[C@@H]3C(=O)O)c2ccccc2)C(=O)C1=O.C[C@]1(Cn2ccnn2)[C@H](C(=O)O)N2C(=O)C[C@H]2S1(=O)=O,LITBAYYWXZOHAW-XDZRHBBOSA-N,1,CHEMBL436129,False
O=C(CCBr)N1CCN(C(=O)CCBr)CC1,NJBFOOCLYDNZJN-UHFFFAOYSA-N,1,CHEMBL1585,True
CN(C)S(=O)(=O)c1ccc2c(c1)N(CCCN1CCC(CCO)CC1)c1ccccc1S2,JOMHSQGEWSNUKU-UHFFFAOYSA-N,1,CHEMBL398880,False
COc1cccc2c1C(=O)c1c(O)c3c(c(O)c1C2=O)C[C@@](O)(C(=O)CO)C[C@@H]3O[C@H]1C[C@H](N)[C@H](O[C@@H]2CCCCO2)[C@H](C)O1,KMSKQZKKOZQFFG-YXRRJAAWSA-N,1,CHEMBL2354444,False
CN1CCN(CC(=O)N2c3ccccc3C(=O)Nc3cccnc32)CC1,RMHMFHUVIITRHF-UHFFFAOYSA-N,1,CHEMBL9967,False
NS(=O)(=O)c1cc(C(=O)O)cc(N2CCCC2)c1Oc1ccccc1,UJEWTUDSLQGTOA-UHFFFAOYSA-N,1,CHEMBL349803,False
O=C1NS(=O)(=O)c2ccccc21,CVHZOJJKTDOEJC-UHFFFAOYSA-N,1,CHEMBL310671,False
OCc1cc(C(O)CNCCCCCCOCCCCc2ccccc2)ccc1O,GIIZNNXWQWCKIB-UHFFFAOYSA-N,1,CHEMBL1263,False
O=C(Oc1ccccc1C(=O)O)c1ccccc1O,WVYADZUPLLSGPU-UHFFFAOYSA-N,1,CHEMBL154111,True
CCC(C)n1ncn(-c2ccc(N3CCN(c4ccc(OC[C@H]5CO[C@](Cn6cncn6)(c6ccc(F)cc6F)O5)cc4)CC3)cc2)c1=O,HUADITLKOCMHSB-ZPGVKDDISA-N,1,CHEMBL2105770,False
[SeH2],SPVXKVOXSXTJOY-UHFFFAOYSA-N,1,CHEMBL1235891,False
Cc1ccc(C(=O)c2ccc(CC(=O)O)n2C)cc1,UPSPUYADGBWSHF-UHFFFAOYSA-N,1,CHEMBL1020,True
Cc1cccc(N2CC(CO)OC2=O)c1,MXUNKHLAEDCYJL-UHFFFAOYSA-N,1,CHEMBL18116,False
Cc1cccc(C)c1NC(=O)C(C)N,BUJAGSGYPOAWEI-UHFFFAOYSA-N,1,CHEMBL1762,True
Cc1c(C)c2c(c(C)c1O)CC[C@@](C)(CCC[C@H](C)CCC[C@H](C)CCCC(C)C)O2,GVJHHUAWPYXKBD-IEOSBIPESA-N,1,CHEMBL47,False
CCOC(=O)NNc1nncc2ccccc12,WGZDBVOTUVNQFP-UHFFFAOYSA-N,1,CHEMBL1079787,False
COCc1c(C(=O)OC(C)C)ncc2[nH]c3ccc(OCc4ccccc4)cc3c12,RLFKILXOLJVUNF-UHFFFAOYSA-N,1,CHEMBL454095,False
O=C(O)COC(=O)Cc1ccccc1Nc1c(Cl)cccc1Cl,MNIPYSSQXLZQLJ-UHFFFAOYSA-N,1,CHEMBL93645,True
COc1ccc2c(c1)c(CC(=O)OCC(=O)O)c(C)n2C(=O)c1ccc(Cl)cc1,FSQKKOOTNAMONP-UHFFFAOYSA-N,1,CHEMBL189171,True
CCCC1C(=O)N2C(N(C)C)=Nc3ccc(C)cc3N2C1=O,MPHPHYZQRGLTBO-UHFFFAOYSA-N,1,CHEMBL1565476,False
CCOC(=O)OC(C)OC(=O)[C@@H]1N2C(=O)[C@@H](NC(=O)[C@H](N)c3ccccc3)[C@H]2SC1(C)C,PFOLLRNADZZWEX-FFGRCDKISA-N,1,CHEMBL1583,False
CCOC(=O)OC(C)OC(=O)[C@@H]1N2C(=O)[C@@H](/N=C/N3CCCCCC3)[C@H]2SC1(C)C,XHKFBADIZIDYBU-MLFVOLAISA-N,1,CHEMBL2106658,False
CO/N=C(\C(=O)N[C@@H]1C(=O)N2C(C(=O)[O-])=C(C[n+]3ccn4ncccc43)CS[C@H]12)c1nsc(N)n1,QDUIJCOKQCCXQY-WHJQOFBOSA-N,1,CHEMBL1276663,False
O=C(O)C1=C(C[n+]2ccc(CCS(=O)(=O)[O-])cc2)CS[C@@H]2[C@H](NC(=O)[C@H](NC(=O)c3nc[nH]c3C(=O)O)c3ccccc3)C(=O)N12,LNZMRLHZGOBKAN-KAWPREARSA-N,1,CHEMBL2103902,False
Cc1cc(O)c(C(=O)N[C@@H](C(=O)N[C@@H]2C(=O)N3C(C(=O)O)=C(CSc4nnnn4C)CS[C@H]23)c2ccc(O)cc2)cn1,PWAUCHMQEXVFJR-PMAPCBKXSA-N,1,CHEMBL1201204,False
CO/N=C(\C(=O)N[C@@H]1C(=O)N2C(C(=O)[O-])=C(C[n+]3cccc4c3CCC4)CS[C@H]12)c1csc(N)n1,DKOQGJHPHLTOJR-WHRDSVKCSA-N,1,CHEMBL65794,False
COCC1=C(C(=O)O)N2C(=O)[C@@H](NC(=O)/C(=N\OC)c3csc(N)n3)[C@H]2SC1,WYUSVOMTXWRGEK-HBWVYFAYSA-N,1,CHEMBL1672,False
COCC1=C(C(=O)OC(C)OC(=O)OC(C)C)N2C(=O)[C@@H](NC(=O)/C(=N\OC)c3csc(N)n3)[C@H]2SC1,LTINZAODLRIQIX-FBXRGJNPSA-N,1,CHEMBL1201016,False
CC1=C(C(=O)O)N2C(=O)[C@@H](NC(=O)[C@H](N)C3=CCC=CC3)[C@H]2SC1,RDLPVSKMFDYCOR-UEKVPHQBSA-N,1,CHEMBL1604,False
COC1=C(C(=O)O)N2C(=O)[C@@H](NC(=O)[C@H](N)C3=CCC=CC3)[C@H]2SC1,RDMOROXKXONCAL-UEKVPHQBSA-N,1,CHEMBL3186538,False
Nc1ncc2ncn(COCCO)c2n1,OKQHSIGMOWQUIK-UHFFFAOYSA-N,1,CHEMBL2106725,False
CNCCCN1c2ccccc2CCc2ccccc21,HCYAFALTSJYZDH-UHFFFAOYSA-N,1,CHEMBL72,True
N=C(N)NCCC[C@@H](NC(=O)[C@@H]1CCCN1C(=O)[C@@H]1CSSCCC(=O)N[C@@H](Cc2ccc(O)cc2)C(=O)N[C@@H](Cc2ccccc2)C(=O)N[C@@H](CCC(N)=O)C(=O)N[C@@H](CC(N)=O)C(=O)N1)C(=O)NCC(N)=O,NFLWUMRGJYTJIN-PNIOQBSNSA-N,1,CHEMBL1429,False
CCOC(OCC)C(=O)OCC(=O)[C@]1(O)Cc2c(O)c3c(c(O)c2[C@@H](O[C@H]2C[C@H](N)[C@H](O)[C@H](C)O2)C1)C(=O)c1c(OC)cccc1C3=O,XZSRRNFBEIOBDA-CFNBKWCHSA-N,1,CHEMBL2104401,False
C[C@@H]1C[C@H]2[C@@H]3CCC4=CC(=O)C=C[C@]4(C)[C@@]3(F)[C@@H](O)C[C@]2(C)[C@@]1(O)C(=O)CO,UREBDLICKHMUKA-CXSFZGCWSA-N,1,CHEMBL384467,False
O=C(O)Cc1ccccc1Oc1ccc(Cl)cc1Cl,IDKAXRLETRCXKS-UHFFFAOYSA-N,1,CHEMBL15677,False
CCCCN/C(=C1/C=C(Cl)C=CC1=O)c1ccccc1Cl,JTVLYHXMPUSZIT-VKAVYKQESA-N,1,CHEMBL3137681,False
CC(C(=O)O)c1cccc(Oc2ccccc2)c1,RDJGLLICXDHJDY-UHFFFAOYSA-N,1,CHEMBL1297,True
CC(Cc1ccc(O)cc1)NCC(O)c1cc(O)cc(O)c1,LSLYOANBFKQKPT-UHFFFAOYSA-N,1,CHEMBL32800,True
CC(COc1ccccc1)NN,QNEXFJFTGQBXBJ-UHFFFAOYSA-N,1,CHEMBL1909286,True
O=C(O)Cc1sc(-c2ccccc2)nc1-c1ccc(Cl)cc1,JIEKMACRVQTPRC-UHFFFAOYSA-N,1,CHEMBL589092,False
CC(C)=CCC1C(=O)N(c2ccccc2)N(c2ccccc2)C1=O,RBBWCVQDXDFISW-UHFFFAOYSA-N,1,CHEMBL1452696,False
COc1cc(/C=C/C(=O)O)ccc1O,KSEBMYQBYZTDHS-HWKANZROSA-N,1,CHEMBL32749,False
CC(C)(N)C(=O)N[C@H](COCc1ccccc1)C(=O)N1CCC2(CC1)CN(S(C)(=O)=O)c1ccccc12,UMUPQWIGCOZEOY-JOCHJYFZSA-N,1,CHEMBL13817,False
CC(=O)[C@]1(O)Cc2c(O)c3c(c(O)c2[C@@H](O[C@H]2C[C@H](N)[C@H](O)[C@H](C)O2)C1)C(=O)c1ccccc1C3=O,XDXDZDZNSLXDNA-TZNDIEGXSA-N,1,CHEMBL1117,False
O=c1[nH]c(=O)n([C@H]2C[C@H](O)[C@@H](CO)O2)cc1I,XQFRJNBWHJMXHO-RRKCRQDMSA-N,1,CHEMBL788,False
CCCCCCCCCCCCCCCCSCC(COC)COP(=O)([O-])OCC[N+](C)(C)C,ODEDPKNSRBCSDO-UHFFFAOYSA-N,1,CHEMBL28930,False
Cc1ccc(NC(=O)c2ccc(CN3CCN(C)CC3)cc2)cc1Nc1nccc(-c2cccnc2)n1,KTUFNOKKBVMGRW-UHFFFAOYSA-N,1,CHEMBL941,True
CC1(C)C[C@@H]1C(=O)N/C(=C\CCCCSC[C@H](N)C(=O)O)C(=O)O.C[C@@H](O)[C@H]1C(=O)N2C(C(=O)O)=C(SCC/N=C\N)C[C@H]12,NCCJWSXETVVUHK-ZYSAIPPVSA-N,1,CHEMBL1628401,False
CCN(CC)CCn1c(-c2ccccc2)noc1=N,MGSPDRWOUCPKNZ-UHFFFAOYSA-N,1,CHEMBL2104282,False
CO[C@H]1Cc2c(O)cc(O)cc2O[C@@H]1c1ccc(O)c(O)c1,PDHSAQOQVUXZGQ-JKSUJKDBSA-N,1,CHEMBL2106853,False
CN(C)CC(Oc1ccccc1)Oc1ccccc1,QNMGHBMGNRQPNL-UHFFFAOYSA-N,1,CHEMBL85231,False
CC(=O)[C@@]1(O)CC[C@H]2[C@@H]3C[C@H](C)C4=CC(=O)CC[C@]4(C)[C@H]3CC[C@@]21C,FRQMUZJSZHZSGN-HBNHAYAOSA-N,1,CHEMBL1390,True
OC(c1cc(C(F)(F)F)nc2c(C(F)(F)F)cccc12)C1CCCCN1,XEEQGYMUWCZPDN-UHFFFAOYSA-N,1,CHEMBL416956,True
Nc1nc(N)nc(Nc2ccc([As]3SCC(CO)S3)cc2)n1,JCYZMTMYPZHVBF-UHFFFAOYSA-N,1,CHEMBL166,False
COc1ccc2[nH]cc(CCNC(C)=O)c2c1,DRLFMBDRBRZALE-UHFFFAOYSA-N,1,CHEMBL45,True
COC(=O)C1=C(C#N)NC(C)=C(C(=O)OC(C)C)C1c1cccc([N+](=O)[O-])c1,FAIIFDPAEUKBEP-UHFFFAOYSA-N,1,CHEMBL517427,False
Cc1ncc(CNC(=O)N(CCCl)N=O)c(N)n1,VFEDRRNHLBGPNN-UHFFFAOYSA-N,1,CHEMBL136737,False
CN(C)Cc1ccc(CSCCN/C(=C\[N+](=O)[O-])NCc2ccc3c(c2)OCO3)o1,HXRSXEDVVARPHP-UDWIEESQSA-N,1,CHEMBL1909284,False
c1cnc(N2CCN(Cc3ccc4c(c3)OCO4)CC2)nc1,OQDPVLVUJFGPGQ-UHFFFAOYSA-N,1,CHEMBL1371770,False
Cc1cccc(Nc2cc(Cl)nc(SCC(=O)NCCO)n2)c1C,RZCKTPORLKUFGY-UHFFFAOYSA-N,1,CHEMBL1908320,False
CC1CCCC(C)N1CCCC(O)(c1ccccc1)c1ccccn1,APUDBKTWDCXQJA-UHFFFAOYSA-N,1,CHEMBL432103,False
NCCCNc1ccc2c3c(nn2CCNCCO)-c2c(O)ccc(O)c2C(=O)c13,QEWPVAOWLNMLRI-UHFFFAOYSA-N,1,CHEMBL203666,False
CCc1[nH]c(=O)[nH]c1C(=O)c1ccncc1,OQGWJZOWLHWFME-UHFFFAOYSA-N,1,CHEMBL58355,False
CC(C)(C)C(=O)OCOC(=O)[C@@H]1N2C(=O)[C@@H](NC(=O)[C@H](N)c3ccccc3)[C@H]2SC1(C)C,ZEMIJUDPLILVNQ-ZXFNITATSA-N,1,CHEMBL3182343,False
O=C1NCCN1CCN1CCC(c2cn(-c3ccc(F)cc3)c3ccc(Cl)cc23)CC1,GZKLJWGUPQBVJQ-UHFFFAOYSA-N,1,CHEMBL12713,False
CN[C@@H]1[C@@H](O)[C@@H](O[C@@H]2[C@@H](O)[C@H](O[C@H]3OC(CN)=CC[C@H]3N)[C@@H](N)C[C@H]2N)OC[C@]1(C)O,URWAJWIAIPFPJE-YFMIWBNJSA-N,1,CHEMBL221886,False
N[C@@H]1CN(c2c(F)cc3c(=O)c(C(=O)O)cn([C@@H]4C[C@@H]4F)c3c2Cl)CC12CC2,PNUZDKCDAWUEGK-CYZMBNFOSA-N,1,CHEMBL108821,False
COc1ccc2c(C(=S)N(C)CC(=O)O)cccc2c1C(F)(F)F,LUBHDINQXIHVLS-UHFFFAOYSA-N,1,CHEMBL436,True
Cc1cccc(Nc2ccncc2S(=O)(=O)NC(=O)NC(C)C)c1,NGBFQHCMQULJNZ-UHFFFAOYSA-N,1,CHEMBL1148,True
NC1CCN(c2nc3c(cc2F)c(=O)c(C(=O)O)cn3-c2ccc(F)cc2F)C1,WUWFMDMBOJLQIV-UHFFFAOYSA-N,1,CHEMBL273348,False
CC(=O)c1ccc2c(c1)N(CCCN(C)C)c1ccccc1S2,NOSIYYJFMPDDSA-UHFFFAOYSA-N,1,CHEMBL39560,False
CC(=O)c1ccc2c(c1)N(CC(C)N(C)C)c1ccccc1S2,XLOQNFNTQIRSOX-UHFFFAOYSA-N,1,CHEMBL2104054,False
CC(=O)Nc1cc([As](=O)(O)O)ccc1O,ODFJOVXVLFUVNQ-UHFFFAOYSA-N,1,CHEMBL1330792,True
CC(=O)Nc1nnc(S(N)(=O)=O)s1,BZKPWHYZMXOIDC-UHFFFAOYSA-N,1,CHEMBL20,True
CC(CCC(=O)O)C1CC[C@H]2[C@@H]3CC[C@@H]4C[C@H](O)CC[C@]4(C)[C@H]3CC[C@]12C,SMEROWZSTRWXGI-XBNKRGGSSA-N,1,CHEMBL3137668,False
CNC1CCCN(c2c(F)cc3c(=O)c(C(=O)O)cn(C4CC4)c3c2OC)C1,MGQLHRYJBWGORO-UHFFFAOYSA-N,1,CHEMBL1210954,False
O=C(O)CCNC(=O)c1ccc(/N=N/c2ccc(O)c(C(=O)O)c2)cc1,IPOKCKJONYRRHP-FMQUCBEESA-N,1,CHEMBL1201346,False
CN(C)C(=O)Oc1cc(OC(=O)N(C)C)cc(C(O)CNC(C)(C)C)c1,ANZXOIAKUNOVQU-UHFFFAOYSA-N,1,CHEMBL521589,False
COC(=O)C1=C(C)NC(C)=C(C(=O)O[C@H]2CCN(Cc3ccccc3)C2)[C@H]1c1cccc([N+](=O)[O-])c1,VXMOONUMYLCFJD-DHLKQENFSA-N,1,CHEMBL2103761,False
CCOC(=O)C(C)(CC)Oc1ccc(Cc2ccc(Cl)cc2)cc1,YWQGBCXVCXMSLJ-UHFFFAOYSA-N,1,CHEMBL152684,False
CCOC(=O)[C@H](CCc1ccccc1)N[C@H]1CCc2ccccc2N(CC(=O)O)C1=O,XPCFTKFZXHTYIP-PMACEKPBSA-N,1,CHEMBL838,True
NC(=O)c1cc[n+](CC2=C(C(=O)[O-])N3C(=O)[C@@H](NC(=O)[C@@H](c4ccccc4)S(=O)(=O)O)[C@H]3SC2)cc1,SYLKGLMBLAAGSC-QLVMHMETSA-N,1,CHEMBL3351077,False
CC(C)(O/N=C(\C(=O)N[C@@H]1C(=O)N2C(C(=O)[O-])=C(C[n+]3ccccc3)CS[C@H]12)c1csc(N)n1)C(=O)O,ORFOPKXBNMVMKC-DWVKKRMSSA-N,1,CHEMBL44354,False
CO/N=C(\C(=O)N[C@@H]1C(=O)N2C(C(=O)OCOC(=O)C(C)(C)C)=C(Cn3nnc(C)n3)CS[C@H]12)c1csc(N)n1,UIYAXIPXULMHAI-JLGRZTKVSA-N,1,CHEMBL3137676,False
Nc1nc(/C(=C/CC(=O)O)C(=O)N[C@@H]2C(=O)N3C(C(=O)O)=CCS[C@H]23)cs1,UNJFKXSSGBWRBZ-BJCIPQKHSA-N,1,CHEMBL1605,False
CO/N=C(\C(=O)N[C@@H]1C(=O)N2C(C(=O)O)=CCS[C@H]12)c1csc(N)n1,NNULBSISHYWZJU-LLKWHZGFSA-N,1,CHEMBL528,False
CO/N=C(\C(=O)N[C@@H]1C(=O)N2C(C(=O)O)=C(CSc3nc(=O)c(O)nn3C)CS[C@H]12)c1csc(N)n1,VAAUVRVFOQPIGI-SPQHTLEESA-N,1,CHEMBL161,True
CO/N=C(\C(=O)N[C@@H]1C(=O)N2C(C(=O)O)=C(COC(N)=O)CS[C@H]12)c1ccco1,JFPVXVDWJQMJEE-IZRZKJBUSA-N,1,CHEMBL1436,True
CO/N=C(\C(=O)N[C@@H]1C(=O)N2C(C(=O)OC(C)OC(C)=O)=C(COC(N)=O)CS[C@H]12)c1ccco1,KEJCWVGMRLCZQQ-YJBYXUATSA-N,1,CHEMBL1095930,False
CO/N=C(\C(=O)N[C@@H]1C(=O)N2C(C(=O)O)=C(CSc3cnns3)CS[C@H]12)c1csc(N)n1,CXHKZHZLDMQGFF-ZSDSSEDPSA-N,1,CHEMBL1689069,False
C[N+]1(CCNP(=S)(NCC[N+]2(C)CC3C4=C(C=CC3[C@@H]3[C@H]2C2C=C5OCOC5=CC2C[C@@H]3O)OCO4)NCC[N+]2(C)CC3C4=C(C=CC3[C@@H]3[C@H]2C2CC5CCCC5CC2C[C@@H]3O)OCO4)CC2=C(C=CC3OCOC23)[C@@H]2[C@H]1C1C=C3OCOC3=CC1C[C@@H]2O.[OH-].[OH-].[OH-],JCAQDHRMMNMVNW-GKBQGEFGSA-K,1,CHEMBL3137677,False
N[C@H](Cc1cc(I)c(Oc2cc(I)c(O)c(I)c2)c(I)c1)C(=O)O,XUIIKFGFIJCVMT-GFCCVEGCSA-N,1,CHEMBL559,False
CC(=O)Oc1cccc2c1C(=O)c1c(OC(C)=O)cc(C(=O)O)cc1C2=O,TYNLGDBUJLVSMA-UHFFFAOYSA-N,1,CHEMBL41286,True
CN1C(=O)CN=C(c2ccccc2)c2cc(Cl)ccc21,AAOVKJBEBIDNHE-UHFFFAOYSA-N,1,CHEMBL12,True
CCOC(=O)NC1=C(N2CC2)C(=O)C(NC(=O)OCC)=C(N2CC2)C1=O,WVYXNIXAMZOZFK-UHFFFAOYSA-N,1,CHEMBL36016,False
NC[C@@H]1CC[C@@H](N)[C@@H](O[C@H]2[C@H](O)[C@@H](O[C@H]3O[C@H](CO)[C@@H](O)[C@H](N)[C@H]3O)[C@H](N)C[C@@H]2N)O1,JJCQSGDBDPYCEO-XVZSLQNASA-N,1,CHEMBL560976,False
CN(C)CCN1C(=O)c2ccccc2Nc2ccccc21,STBMTRPPGSYEFD-UHFFFAOYSA-N,1,CHEMBL99486,False
CN1CC[C@@H]2Nc3ccccc3[C@@H]2C1.Cl.Cl,UYOQLRWPQRXCPG-HFXMYSAISA-N,1,CHEMBL3137679,False
O=c1[nH]c(=O)n([C@@H]2O[C@H](CO)[C@@H](O)[C@@H]2F)cc1I,IPVFGAYTKQKGBM-BYPJNBLXSA-N,1,CHEMBL271475,True
O=C(COc1ccc(Cl)cc1)N1CCN(Cc2ccc3c(c2)OCO3)CC1,BFUJHVVEMMWLHC-UHFFFAOYSA-N,1,CHEMBL254857,True
CN1CCN(c2c(F)cc3c(=O)c(C(=O)O)cn(CCF)c3c2F)CC1,XBJBPGROQZJDOJ-UHFFFAOYSA-N,1,CHEMBL6273,False
O=C(NCCN1CCN(c2cccc3c2OC[C@H](CO)O3)CC1)c1ccc(F)cc1,NYSDRDDQELAVKP-SFHVURJKSA-N,1,CHEMBL1742477,False
c1ccc2c(CCC3CCNCC3)c[nH]c2c1,SADQVAVFGNTEOD-UHFFFAOYSA-N,1,CHEMBL276520,False
CC(C)[C@](O)(C(=O)OCC1=CC[N+]2([O-])CC[C@@H](O)[C@@H]12)[C@H](C)O,DNAWGBOKUFFVMB-PZIGJSDBSA-N,1,CHEMBL512655,False
COc1ccc2c(c1)c(CC(=O)O)c(C)n2C(=O)c1ccc(Cl)cc1,CGIGDMFJXJATDK-UHFFFAOYSA-N,1,CHEMBL6,True
CC1CCN(CCCC(=O)c2ccc(F)cc2)CC1,DKMFBWQBDIGMHM-UHFFFAOYSA-N,1,CHEMBL1531134,True
CO[C@@H]1C[C@](C)(O)Cc2cc3c(c(O)c21)C(=O)c1c(O)cc2c(c1C3=O)O[C@@H]1O[C@@]2(C)[C@H](O)[C@@H](N(C)C)[C@@H]1O,LWYJUZBXGAFFLP-OCNCTQISSA-N,1,CHEMBL1234391,False
CCN(CC)CCCC(C)Nc1c2ccc(Cl)cc2nc2ccc(OC)cc12,GPKJTRJOBQGKQK-UHFFFAOYSA-N,1,CHEMBL7568,False
O=C1NC(=S)NC(=O)C1C(=O)Nc1ccccc1,JARCFMKMOFFIGZ-UHFFFAOYSA-N,1,CHEMBL1765797,False
NCCS,UFULAYFCSOUIOV-UHFFFAOYSA-N,1,CHEMBL602,True
O=C1CN(/N=C/c2ccc([N+](=O)[O-])o2)C(=O)N1,NXFQHRVNIOXGAQ-YCRREMRBSA-N,1,CHEMBL572,True
CNC=O,ATHHXGZTWNVVOU-UHFFFAOYSA-N,1,CHEMBL9240,False
CC(=O)[C@@]1(O)CC[C@H]2[C@@H]3C=C(C)C4=CC(=O)CC[C@@H]4[C@H]3CC[C@@]21C,KZUIYQJTUIACIG-YBZCJVABSA-N,1,CHEMBL2105722,False
CN1Cc2c(N)cccc2C(c2ccccc2)C1,XXPANQJNYNUNES-UHFFFAOYSA-N,1,CHEMBL273575,True
CC(C)(C)C(=O)OCOC(=O)[C@@H]1N2C(=O)[C@@H](/N=C/N3CCCCCC3)[C@H]2SC1(C)C,NPGNOVNWUSPMDP-UTEPHESZSA-N,1,CHEMBL1650818,False
CC(C)(Oc1ccc(Cl)cc1)C(=O)NC(=O)NCN1CCOCC1,DDDQVDIPBFGVIG-UHFFFAOYSA-N,1,CHEMBL2107129,False
CN1C(CSCC(F)(F)F)Nc2cc(Cl)c(S(N)(=O)=O)cc2S1(=O)=O,CYLWJCABXYDINA-UHFFFAOYSA-N,1,CHEMBL1587,True
CN[C@@H]1[C@H](O)[C@H](NC)[C@H]2O[C@@]3(O)C(=O)C[C@@H](C)O[C@H]3O[C@@H]2[C@H]1O,UNFWWIHTNXNPBV-WXKVUWSESA-N,1,CHEMBL1167,False
CC(C)[C@@H](CC[C@@H](C)[C@H]1CC[C@H]2[C@@H]3[C@H](O)C[C@H]4C[C@@H](NCCCNCCCCN)CC[C@]4(C)[C@H]3CC[C@]12C)OS(=O)(=O)O,UIRKNQLZZXALBI-MSVGPLKSSA-N,1,CHEMBL444929,False
N[C@@H]1C[C@H]1c1ccccc1.N[C@H]1C[C@@H]1c1ccccc1,IGLYMJRIWWIQQE-QUOODJBBSA-N,1,CHEMBL3989843,False
CCN(CC)c1cc(C)nc2ncnn12,GSNOZLZNQMLSKJ-UHFFFAOYSA-N,1,CHEMBL132767,True
Nc1nc(N)c2nc(-c3ccccc3)c(N)nc2n1,FNYLWPVRPXGIIP-UHFFFAOYSA-N,1,CHEMBL585,True
Cc1nnc2n1-c1ccc(Cl)cc1C(c1ccccc1Cl)=NC2,JOFWLTCLBGQGBO-UHFFFAOYSA-N,1,CHEMBL646,True
OCC(Br)(Br)Br,YFDSDPIBEUFTMI-UHFFFAOYSA-N,1,CHEMBL1697852,False
NS(=O)(=O)c1cc2c(cc1Cl)NC(C(Cl)Cl)NS2(=O)=O,LMJSLTNSBFUCMU-UHFFFAOYSA-N,1,CHEMBL1054,True
NCCCC(O)(P(=O)(O)O)P(=O)(O)O,OGSPWJRAVKPPFI-UHFFFAOYSA-N,1,CHEMBL870,True
NCC(=O)CCC(=O)O,ZGXJTSGNIOSYLO-UHFFFAOYSA-N,1,CHEMBL601,True
O=C(O)c1cc(=O)c2c(OCC(O)COc3cccc4oc(C(=O)O)cc(=O)c34)cccc2o1,IMZMKUWMOSJXDT-UHFFFAOYSA-N,1,CHEMBL428880,True
NS(=O)(=O)c1cc2c(cc1C(F)(F)F)NC(Cc1ccccc1)NS2(=O)=O,HDWIHXWEUNVBIY-UHFFFAOYSA-N,1,CHEMBL1684,True
NC(CO)C(=O)NNCc1ccc(O)c(O)c1O,BNQDCRGUHNALGH-UHFFFAOYSA-N,1,CHEMBL1096979,False
O=C1CN=C(c2ccccc2)c2c(sc3c2CCCC3)N1,AIZFEOPQVZBNGH-UHFFFAOYSA-N,1,CHEMBL1521495,False
Oc1cc(Cc2ccccc2)nc(S)n1,PNXBXCRWXNESOV-UHFFFAOYSA-N,1,CHEMBL1491306,False
N=C(NCCCCCCNC(=N)NC(=N)Nc1ccc(Cl)cc1)NC(=N)Nc1ccc(Cl)cc1,GHXZTYHSJHQHIJ-UHFFFAOYSA-N,1,CHEMBL790,False
CN(CCCl)CCCl,HAWPXGHAZFHHAD-UHFFFAOYSA-N,1,CHEMBL427,True
CN(Cc1cnc2nc(=N)[nH]c(N)c2n1)c1c(Cl)cc(C(=O)N[C@@H](CCC(=O)O)C(=O)O)cc1Cl,MCEHFIXEKNKSRW-LBPRGKRZSA-N,1,CHEMBL3137680,False
Oc1ccc(Cl)cc1Cc1cc(Cl)ccc1O,MDNWOSOZYLHTCG-UHFFFAOYSA-N,1,CHEMBL33845,False
O=C(O)Cc1ccccc1Nc1c(Cl)cccc1Cl,DCOPUUMXTXDBNB-UHFFFAOYSA-N,1,CHEMBL139,True
Cc1onc(-c2c(Cl)cccc2Cl)c1C(=O)N[C@@H]1C(=O)N2[C@@H]1SC(C)(C)[C@@H]2C(=O)O,YFAGHNZHGGCZAX-JKIFEVAISA-N,1,CHEMBL893,True
CC[C@H](C)[C@H]1NC(=O)[C@@H](NC(=O)[C@@H](CC(C)C)N(C)C(=O)[C@@H]2CCCN2C(=O)C(C)O)[C@@H](C)OC(=O)[C@H](Cc2ccc(OC)cc2)N(C)C(=O)[C@@H]2CCCN2C(=O)[C@H](CC(C)C)NC(=O)[C@@H](C)C(=O)[C@H](C(C)C)OC(=O)C[C@@H]1O,KYHUYMLIVQFXRI-XYUQHQMCSA-N,1,CHEMBL2304286,False
Cc1cn([C@H]2CC[C@@H](CO)O2)c(=O)[nH]c1=O,XKKCQTLDIPIRQD-JGVFFNPUSA-N,1,CHEMBL444314,False
O=C(NO)c1ccc(O)c(O)c1,QJMCKEPOKRERLN-UHFFFAOYSA-N,1,CHEMBL367788,False
CCN(CC)C(=O)N1CCN(C)CC1,RCKMWOKWVGPNJF-UHFFFAOYSA-N,1,CHEMBL684,True
CC(C)(CNC(N)=O)NCC(O)COC(=O)c1ccccc1F,ZPLOQFLCMVIWRY-UHFFFAOYSA-N,1,CHEMBL7467,False
CO[C@@]1(NC(=O)CSC(F)F)C(=O)N2C(C(=O)O)=C(CSc3nnnn3CCO)CO[C@@H]21,UHRBTBZOWWGKMK-DOMZBBRYSA-N,1,CHEMBL15413,False
COC(=O)Nc1nc2cc(C(=O)c3ccc(F)cc3)ccc2[nH]1,CPEUVMUXAHMANV-UHFFFAOYSA-N,1,CHEMBL1454946,False
Nc1nc(F)nc2c1ncn2[C@@H]1O[C@H](CO)[C@@H](O)[C@@H]1O,HBUBKKRHXORPQB-FJFJXFQQSA-N,1,CHEMBL1568,False
O=C1c2ccccc2C(=O)C1c1ccc(F)cc1,NASXCEITKQITLD-UHFFFAOYSA-N,1,CHEMBL24924,True
C[C@H]1CC(=O)C[C@@H]2CC[C@H]3[C@@H]4CC[C@H](O)[C@@]4(C)CC[C@@H]3[C@]21C,UXYRZJKIQKRJCF-TZPFWLJSSA-N,1,CHEMBL258918,False
C=C1c2cccc(O)c2C(=O)C2=C(O)[C@]3(O)C(=O)C(C(N)=O)=C(O)[C@@H](N(C)C)[C@@H]3[C@@H](O)[C@H]12,MHIGBKBJSQVXNH-IWVLMIASSA-N,1,CHEMBL249837,False
Cc1ccc(S(=O)(=O)NC(=O)NC2CCCCC2)cc1N,XXYTXQGCRQLRHA-UHFFFAOYSA-N,1,CHEMBL507419,False
CNC1Cc2ccccc2N(C)c2ccccc21,YXVZOBVWVRFPTE-UHFFFAOYSA-N,1,CHEMBL2106919,False
Cc1cc(C)cc(OCC2CNC(=O)O2)c1,IMWZZHHPURKASS-UHFFFAOYSA-N,1,CHEMBL1079604,True
CC(=O)O[C@H]1CC[C@H]2[C@@H]3CC[C@H]4CC(=O)C=C(C)[C@]4(C)[C@H]3CC[C@]12C,PGAUJQOPTMSERF-QWQRBHLCSA-N,1,CHEMBL2106880,False
CC[C@]1(O)CC[C@H]2[C@@H]3CCC4=CC(=O)CC[C@@H]4[C@H]3CC[C@@]21C,ZDHCJEIGTNNEMY-XGXHKTLJSA-N,1,CHEMBL1697845,False
C[C@]1(O)CC[C@H]2[C@@H]3CCC4=CC(=O)CC[C@@H]4[C@H]3CC[C@@]21C,ZXSWTMLNIIZPET-ZOFHRBRSSA-N,1,CHEMBL2106801,False
CC1COc2c(N3CCN(C)CC3)c(F)cc3c(=O)c(C(=O)O)cn1c23,GSDSWSVVBLHKDQ-UHFFFAOYSA-N,1,CHEMBL4,True
CC(=O)Nc1ccc(OCC(O)CNC(C)C)cc1,DURULFYMVIFBIR-UHFFFAOYSA-N,1,CHEMBL6995,False
CCC[N+]12[C@H](O)[C@@H](CC)[C@@H]3C[C@H]1[C@@H]1N(C)c4ccccc4[C@]14C[C@H]2C3[C@H]4O,UAUHEPXILIZYCU-UUEXUKNBSA-N,1,CHEMBL3137688,False
CCCN[C@H]1CCc2nc(N)sc2C1,FASDKYOPVNHBLU-ZETCQYMHSA-N,1,CHEMBL301265,False
O=C(Nc1cccc2c(=O)cc(-c3nnn[nH]3)oc12)c1ccc(OCCCCc2ccccc2)cc1,NBQKINXMPLXUET-UHFFFAOYSA-N,1,CHEMBL21333,True
N=C(N)c1ccc(/C=C/c2ccc(C(=N)N)cc2)cc1,MMURVNDSFNJHAM-OWOJBTEDSA-N,1,CHEMBL142304,False
O=C(O)[C@@H](S)[C@@H](S)C(=O)O,ACTRVOBWPAIOHC-XIXRPRMCSA-N,1,CHEMBL1201073,True
CC1(C)S[C@@H]2[C@H](NC(=O)C(c3ccccc3)S(=O)(=O)O)C(=O)N2[C@H]1C(=O)O,JETQIUPBHQNHNZ-OAYJICASSA-N,1,CHEMBL1256734,False
CSc1nc2cc(Cl)c(Oc3cccc(Cl)c3Cl)cc2[nH]1,NQPDXQQQCQDHHW-UHFFFAOYSA-N,1,CHEMBL1086440,False
CCC(COC(=O)c1cc(OC)c(OC)c(OC)c1)(c1ccccc1)N(C)C,LORDFXWUHHSAQU-UHFFFAOYSA-N,1,CHEMBL190044,True
COc1cc(C(=O)NCc2ccc(OCCN(C)C)cc2)cc(OC)c1OC,FEZBIKUBAYAZIU-UHFFFAOYSA-N,1,CHEMBL1201256,True
COc1cc(NCc2ccc3nc(N)nc(N)c3c2C)cc(OC)c1OC,NOYPYLRCIDNJJB-UHFFFAOYSA-N,1,CHEMBL119,False
O=C(O)/C=C/C(=O)O,VZCYOOQTPOCHFL-OWOJBTEDSA-N,1,CHEMBL503160,False
O=C(CCOCCOCCOCCOCCC(=O)Nc1c(I)cc(I)c(C(=O)O)c1I)Nc1c(I)cc(I)c(C(=O)O)c1I,WWVAPFRKZMUPHZ-UHFFFAOYSA-N,1,CHEMBL1615487,False
O=C(COCC(=O)Nc1c(I)cc(I)c(C(=O)O)c1I)Nc1c(I)cc(I)c(C(=O)O)c1I,FZDZULUFHNDEDJ-UHFFFAOYSA-N,1,CHEMBL2106372,False
CCC(Cc1c(I)cc(I)c(N)c1I)C(=O)O,OIRFJRBSRORBCM-UHFFFAOYSA-N,1,CHEMBL867,False
O=C(COCCOCCOCC(=O)Nc1c(I)cc(I)c(C(=O)O)c1I)Nc1c(I)cc(I)c(C(=O)O)c1I,JXMIBUGMYLQZGO-UHFFFAOYSA-N,1,CHEMBL1651905,False
CNC(=O)c1c(I)c(C(=O)NCC(=O)Nc2c(I)c(C(=O)O)c(I)c(C(=O)NCCO)c2I)c(I)c(N(C)C(C)=O)c1I,TYYBFXNZMFNZJT-UHFFFAOYSA-N,1,CHEMBL1201291,False
CC(C)COCC(CN(Cc1ccccc1)c1ccccc1)N1CCCC1,UIEATEWHFDRYRU-UHFFFAOYSA-N,1,CHEMBL1008,True
C[C@@H](O)[C@H]1C(=O)N2C(C(=O)[O-])=C(SC3Cn4cnc[n+]4C3)[C@H](C)[C@H]12,MRMBZHPJVKCOMA-YJFSRANCSA-N,1,CHEMBL285347,False
C(=N\NC1=NCCN1)/c1c2ccccc2c(/C=N/NC2=NCCN2)c2ccccc12,NJSMWLQOCQIOPE-OCHFTUDZSA-N,1,CHEMBL25336,False
CCN(CC)CCCC(C)Nc1ccnc2cc(Cl)ccc12,WHTVZRBIWZFKQO-UHFFFAOYSA-N,1,CHEMBL76,True
NS(=O)(=O)c1cc2c(cc1Cl)N=CNS2(=O)=O,JBMKAUGHUNFTOL-UHFFFAOYSA-N,1,CHEMBL842,True
O=NN(CCCl)C(=O)N[C@H]1C(O)O[C@H](CO)[C@@H](O)[C@@H]1O,MYBLAOJMRYYKMS-RTRLPJTCSA-N,1,CHEMBL2094020,False
CN(C)CCC(c1ccc(Cl)cc1)c1ccccn1.O=C(O)/C=C\C(=O)O,DBAKFASWICGISY-BTJKTKAUSA-N,1,CHEMBL1659,False
CN(C)CC/C=C1/c2ccccc2Sc2ccc(Cl)cc21,WSPOMRSOLSGNFJ-AUWJEWJLSA-N,1,CHEMBL908,False
NS(=O)(=O)c1cc(C2(O)NC(=O)c3ccccc32)ccc1Cl,JIVPVXMEBJLZRO-UHFFFAOYSA-N,1,CHEMBL1055,True
CC/C(=C(/CC)c1ccc(O)cc1)c1ccc(O)cc1,RGLYKWWBQGJZGM-ISLYRVAYSA-N,1,CHEMBL411,False
CCCCOCC(CN1C(=O)N(CC(COCCCC)OC(N)=O)C(=O)C(CC)(c2ccccc2)C1=O)OC(N)=O,GJJRIOLBUILIGK-UHFFFAOYSA-N,1,CHEMBL2105563,True
CC(C(=O)Nc1cc(-c2ccccc2)nn1-c1ccccc1)N(C)C,PCXMKBOWWVXEDT-UHFFFAOYSA-N,1,CHEMBL2105587,False
O=[As](O)(O)c1ccc(NCCNc2ccc([As](=O)(O)O)cc2)cc1,YQVALJGIKVYRNI-UHFFFAOYSA-N,1,CHEMBL1788396,False
O=C(O)c1cc(-c2ccc(F)cc2F)ccc1O,HUPFGZXOMWLGNK-UHFFFAOYSA-N,1,CHEMBL898,True
CN[C@@H]1[C@H](O[C@H]2[C@H](O[C@H]3[C@H](O)[C@@H](O)[C@H](NC(=N)N)[C@@H](O)[C@@H]3NC(=N)N)O[C@@H](C)[C@]2(O)CO)O[C@@H](CO)[C@H](O)[C@H]1O,ASXBYYWOLISCLQ-HZYVHMACSA-N,1,CHEMBL1950576,False
C[C@H](CCc1ccccc1)NC[C@H](O)c1ccc(O)c(C(N)=O)c1,SGUAFYQXFOLMHL-ACJLOTCBSA-N,1,CHEMBL27193,False
CC1CCc2cc(F)cc3c(=O)c(C(=O)O)cn1c23,DPSPPJIUMHPXMA-UHFFFAOYSA-N,1,CHEMBL370252,False
Fc1ccc(C(c2ccc(F)cc2)N2CCN(C/C=C/c3ccccc3)CC2)cc1,SMANXXCATUTDDT-QPJJXVBHSA-N,1,CHEMBL30008,False
C[C@H](C(=O)O)c1ccc2oc(-c3ccc(F)cc3)nc2c1,ARPYQKTVRGFPIS-VIFPVBQESA-N,1,CHEMBL1614641,False
O=c1[nH]cc(F)c(=O)[nH]1,GHASVSINZRGABV-UHFFFAOYSA-N,1,CHEMBL185,True
C[C@]1(O)CC[C@H]2[C@@H]3CCC4=CC(=O)CC[C@]4(C)[C@@]3(F)[C@@H](O)C[C@@]21C,YLRFCQOZQXIBAB-RBZZARIASA-N,1,CHEMBL1445,False
CN1CCN(C2=Nc3cc(F)ccc3Cc3ccccc32)CC1,OBWGMKKHCLHVIE-UHFFFAOYSA-N,1,CHEMBL63756,False
OCCN1CCN(CCCN2c3ccccc3Sc3ccc(C(F)(F)F)cc32)CC1,PLDUPXSUYLZYBN-UHFFFAOYSA-N,1,CHEMBL726,True
CCOC(=O)Nc1ccc(NCc2ccc(F)cc2)nc1N,JUUFBMODXQKSTD-UHFFFAOYSA-N,1,CHEMBL255044,True
C[C@H](O)C(=O)Nc1c(I)c(C(=O)NC(CO)CO)c(I)c(C(=O)NC(CO)CO)c1I,XQZXYNRDCRIARQ-LURJTMIESA-N,1,CHEMBL1200932,False
COCC(=O)Nc1c(I)c(C(=O)NCC(O)CO)c(I)c(C(=O)N(C)CC(O)CO)c1I,DGAIEPBNLOQYER-UHFFFAOYSA-N,1,CHEMBL1725,False
CC(O)CCC(=O)c1ccoc1,RJYQLMILDVERHH-UHFFFAOYSA-N,1,CHEMBL1743358,False
CN(C)C(=N)NC(=N)N,XZWYZXLIPXDOLR-UHFFFAOYSA-N,1,CHEMBL1431,True
C[C@]12C=CC(=O)C=C1CC[C@@H]1[C@@H]2CC[C@@]2(C)[C@H]1CC[C@]2(C)O,XWALNWXLMVGSFR-HLXURNFRSA-N,1,CHEMBL1418176,False
CC(=O)/N=c1/sc(S(N)(=O)=O)nn1C,FLOSMHQXBMRNHR-QPJJXVBHSA-N,1,CHEMBL19,True
C=CCC1(C(C)C#CCC)C(=O)NC(=O)N(C)C1=O,NZXKDOXHBHYTKP-UHFFFAOYSA-N,1,CHEMBL7413,True
CN(Cc1cnc2nc(N)nc(N)c2n1)c1ccc(C(=O)N[C@@H](CCC(=O)O)C(=O)O)cc1,FBOZXECLQNJBKD-ZDUSSCGKSA-N,1,CHEMBL34259,True
O=C(O)c1cc(/N=N/c2ccc(O)c(C(=O)O)c2)ccc1O,QQBDLJCYGRGAKP-FOCLMDBBSA-N,1,CHEMBL425,True
OCCN1CCN(CCCN2c3ccccc3C=Cc3ccccc32)CC1,YNZFUWZUGRBMHL-UHFFFAOYSA-N,1,CHEMBL370753,False
Cc1ncc([N+](=O)[O-])n1CC(O)CCl,IPWKIXLWTCNBKN-UHFFFAOYSA-N,1,CHEMBL1449676,False
CCOC(=O)C1=C[C@@H](OC(CC)CC)[C@H](NC(C)=O)[C@@H](N)C1,VSZGPKBBMSAYNT-RRFJBIMHSA-N,1,CHEMBL1229,True
CC(Cc1ccccc1)NCCC(c1ccccc1)c1ccccc1,IFFPICMESYHZPQ-UHFFFAOYSA-N,1,CHEMBL24072,False
CC[C@H]1NC(=O)[C@@H](NC(=O)c2ncccc2O)[C@@H](C)OC(=O)[C@H](c2ccccc2)NC(=O)[C@@H]2CC(=O)CCN2C(=O)[C@H](Cc2ccc(N(C)C)cc2)N(C)C(=O)[C@@H]2CCCN2C1=O,YGXCETJZBDTKRY-DZCVGBHJSA-N,1,CHEMBL1256399,False
CC(C)(Sc1cc(C(C)(C)C)c(O)c(C(C)(C)C)c1)Sc1cc(C(C)(C)C)c(O)c(C(C)(C)C)c1,FYPMFJGVHOHGLL-UHFFFAOYSA-N,1,CHEMBL608,False
NC(=O)CCC/N=C(\c1ccc(Cl)cc1)c1cc(F)ccc1O,IBALRBWGSVJPAP-HEHNFIMWSA-N,1,CHEMBL287631,False
Cc1noc(NS(=O)(=O)c2ccc(N)cc2)c1C,NHUHCSRWZMLRLA-UHFFFAOYSA-N,1,CHEMBL453,False
COc1ccc(NS(=O)(=O)c2ccc(N)cc2)nn1,VLYWMPOKSSWJAL-UHFFFAOYSA-N,1,CHEMBL268869,False
Cc1nc(NS(=O)(=O)c2ccc(N)cc2)oc1C,CYFLXLSBHQBMFT-UHFFFAOYSA-N,1,CHEMBL2105399,False
CC(CN(C)C)CN1c2ccccc2CCc2ccccc21,ZSCDBOWYZJWBIY-UHFFFAOYSA-N,1,CHEMBL644,True
CCCCC(C)(C)[C@H](O)/C=C/[C@H]1[C@H](C)CC(=O)[C@@H]1C/C=C\CCCC(=O)O,OOAHNJDZICJECC-BHWPLRMJSA-N,1,CHEMBL2104498,False
CN(C)CCN(Cc1ccccc1)c1ccccn1,UFLGIAIHIAPJJC-UHFFFAOYSA-N,1,CHEMBL1241,True
O=C(O)c1ccccc1O.O=C(O)c1ccccc1O.O=C(O)c1ccccc1O,BEDPUVIQNLDFRT-UHFFFAOYSA-N,1,CHEMBL3137698,False
COc1cc(C(=S)N2CCOCC2)cc(OC)c1OC,MVOUIYUWRXPNKD-UHFFFAOYSA-N,1,CHEMBL1414826,False
Cc1c(C)c2c(c(C)c1O)CCC(C)(COc1ccc(CC3SC(=O)NC3=O)cc1)O2,GXPHKUHSUJUWKP-UHFFFAOYSA-N,1,CHEMBL408,True
CO[C@H]1C[C@H](O[C@H]2[C@H](C)[C@@H](O[C@@H]3O[C@H](C)C[C@H](N(C)C)[C@H]3OC(C)=O)[C@@H](C)C[C@@]3(CO3)C(=O)[C@H](C)[C@@H](OC(C)=O)[C@@H](C)[C@@H](C)OC(=O)[C@@H]2C)O[C@@H](C)[C@@H]1OC(C)=O,LQCLVBQBTUVCEQ-QTFUVMRISA-N,1,CHEMBL564085,False
NC(CO)(CO)CO,LENZDBCJOHFCAS-UHFFFAOYSA-N,1,CHEMBL1200391,True
CN1[C@@H]2CC[C@H]1C[C@@H](OC(=O)c1c[nH]c3ccccc13)C2,ZNRGQMMCGHDTEI-ITGUQSILSA-N,1,CHEMBL56564,False
Cc1ccc(Cl)c(Nc2ccccc2C(=O)O)c1Cl,SBDNJUWAMKYJOX-UHFFFAOYSA-N,1,CHEMBL509,True
O=C(O)C(=O)O,MUBZPKHOEPUJKR-UHFFFAOYSA-N,1,CHEMBL146755,False
NCCC(O)(P(=O)(O)O)P(=O)(O)O,WRUUGTRCQOWXEG-UHFFFAOYSA-N,1,CHEMBL834,False
O=C(O)c1cccs1,QERYCTSHXKAMIS-UHFFFAOYSA-N,1,CHEMBL1222314,False
COc1ccccc1Oc1c(NS(=O)(=O)c2ccc(C(C)(C)C)cc2)nc(-c2ncccn2)nc1OCCO,GJPICJJJRGTNOD-UHFFFAOYSA-N,1,CHEMBL957,True
CN(Cc1cc(Br)cc(Br)c1N)C1CCCCC1,OJGDCBLYJGHCIH-UHFFFAOYSA-N,1,CHEMBL253376,True
O=C(CCCN1CCC(O)(c2ccc(Br)cc2)CC1)c1ccc(F)cc1,RKLNONIVDFXQRX-UHFFFAOYSA-N,1,CHEMBL28218,False
Nc1nc(=O)c(Br)c(-c2ccccc2)[nH]1,CIUUIPMOFZIWIZ-UHFFFAOYSA-N,1,CHEMBL37387,False
O=c1[nH]c(=O)n([C@@H]2O[C@H](CO)[C@@H](O)[C@@H]2O)cc1/C=C/Br,GCQYYIHYQMVWLT-HQNLTJAPSA-N,1,CHEMBL70046,False
CCC/C=C/C=C/C(=O)O[C@H]1/C(=C/C(=O)OC)C[C@H]2C[C@H]([C@@H](C)O)OC(=O)C[C@H](O)C[C@@H]3C[C@H](OC(C)=O)C(C)(C)[C@](O)(C[C@@H]4C/C(=C/C(=O)OC)C[C@H](/C=C/C(C)(C)[C@]1(O)O2)O4)O3,MJQUEDHRCUIRLF-TVIXENOKSA-N,1,CHEMBL449158,False
CC(C)(S)C(=O)N[C@@H](CS)C(=O)O,VUAFHZCUKUDDBC-BYPYZUCNSA-N,1,CHEMBL80830,False
COc1nc(C)ccc1CN1CC1C#N,KOYMTVWMCXDJNV-UHFFFAOYSA-N,1,CHEMBL2104100,False
c1ccc(C2(c3ccccc3)CC2C2=NCCN2)cc1,IPOBOOXFSRWSHL-UHFFFAOYSA-N,1,CHEMBL87045,True
CCOC(=O)[C@H](CCc1ccccc1)N[C@H]1CCCN2CCC[C@@H](C(=O)O)N2C1=O,HHHKFGXWKKUNCY-FHWLQOOXSA-N,1,CHEMBL515606,False
CN/C(=N\CCSCc1nc[nH]c1C)NC#N,AQIXAKUUQRKLND-UHFFFAOYSA-N,1,CHEMBL30,True
C(=C\c1ccccc1)/CN1CCN(C(c2ccccc2)c2ccccc2)CC1,DERZBLKQOCDDDZ-JLHYYAGUSA-N,1,CHEMBL43064,False
CC(C)(Oc1ccc(C2CC2(Cl)Cl)cc1)C(=O)O,KPSRODZRAIWAKH-UHFFFAOYSA-N,1,CHEMBL557555,True
COc1ccc([C@@H]2Sc3ccccc3N(CCN(C)C)C(=O)[C@@H]2OC(C)=O)cc1,HSUGRBWQSSZJOP-RTWAWAEBSA-N,1,CHEMBL23,True
CN(C)CCCN1c2ccccc2C(C)(C)c2ccccc21,RYQOGSFEJBUZBX-UHFFFAOYSA-N,1,CHEMBL1328913,False
O=[N+]([O-])c1ccc(O)c([N+](=O)[O-])c1,UFBJCMHMOXMLKC-UHFFFAOYSA-N,1,CHEMBL273386,False
OC(CCCN1CCCCC1)(c1ccccc1)c1ccccc1,OGAKLTJNUQRZJU-UHFFFAOYSA-N,1,CHEMBL936,False
CCC(C)(C)NCC(O)COc1ccccc1C(=O)CCc1ccccc1,VDKMYSMWQCFYBQ-UHFFFAOYSA-N,1,CHEMBL441809,False
OCCN(CCO)c1nc(N2CCCCC2)c2nc(N(CCO)CCO)nc(N3CCCCC3)c2n1,IZEKFCXSFNUWAM-UHFFFAOYSA-N,1,CHEMBL932,True
CC[C@H]1OC(=O)[C@H](C)[C@@H](O[C@H]2C[C@@](C)(OC)[C@@H](O)[C@H](C)O2)[C@H](C)[C@@H](O[C@@H]2O[C@H](C)C[C@H](N(C)C)[C@H]2O)[C@](C)(O)C[C@@H](C)[C@@H]2N[C@@H](COCCOC)O[C@H]([C@H]2C)[C@]1(C)O,WLOHNSSYAXHWNR-DWIOZXRMSA-N,1,CHEMBL1237072,False
CCN(CC)CCN1C(=O)CN=C(c2ccccc2F)c2cc(Cl)ccc21,SAADBVWGJQAEFS-UHFFFAOYSA-N,1,CHEMBL968,True
CC[C@H]1OC(=O)[C@H](C)[C@@H](O[C@H]2C[C@@](C)(OC)[C@@H](O)[C@H](C)O2)[C@H](C)[C@@H](O[C@@H]2O[C@H](C)C[C@H](N(C)C)[C@H]2O)[C@](C)(O)C[C@](C)(F)C(=O)[C@H](C)[C@@H](O)[C@]1(C)O,XOEUHCONYHZURQ-HNUBZJOYSA-N,1,CHEMBL2106403,False
C=COCC(F)(F)F,DLEGDLSLRSOURQ-UHFFFAOYSA-N,1,CHEMBL141446,False
CO[C@H]1O[C@H](COS(=O)(=O)[O-])[C@@H](O[C@@H]2O[C@@H](C(=O)[O-])[C@@H](COC[C@H]3O[C@H](COS(=O)(=O)[O-])[C@@H](O[C@@H]4O[C@H](C(=O)[O-])[C@@H](COC[C@H]5O[C@H](COS(=O)(=O)[O-])[C@@H](O)[C@H](O)[C@H]5NS(=O)(=O)[O-])[C@H](O)[C@H]4O)[C@H](OS(=O)(=O)[O-])[C@H]3NS(=O)(=O)[O-])[C@H](O)[C@H]2OS(=O)(=O)[O-])[C@H](O)[C@H]1NS(=O)(=O)[O-].[Na+].[Na+].[Na+].[Na+].[Na+].[Na+].[Na+].[Na+].[Na+].[Na+],TXIFUDXAZRPJLS-CMHJJOLKSA-D,1,CHEMBL1276258,False
CN(C)CCCn1c2c(c3ccccc31)CCCCCC2,PLIGPBGDXASWPX-UHFFFAOYSA-N,1,CHEMBL126224,False
CC(C)Nc1ncccn1,FTCYIGBVOHNHCD-UHFFFAOYSA-N,1,CHEMBL1740513,True
CN[C@@H]1[C@@H](O)[C@@H](O[C@@H]2[C@@H](O)[C@H](O[C@H]3O[C@H](CN)[C@@H](O)[C@H](O)[C@H]3O)[C@@H](N)C[C@H]2NC(=O)[C@@H](O)CN)OC[C@]1(C)O,UDIIBEDMEYAVNG-ZKFPOVNWSA-N,1,CHEMBL272080,False
Cc1cc(C(=O)NNCc2ccccc2)no1,XKFPYPQQHFEXRZ-UHFFFAOYSA-N,1,CHEMBL1201168,True
CN1C(CCl)Nc2cc(Cl)c(S(N)(=O)=O)cc2S1(=O)=O,CESYKOGBSMNBPD-UHFFFAOYSA-N,1,CHEMBL1577,True
C#CC(C)(O)CC,QXLPXWSKPNOQLE-UHFFFAOYSA-N,1,CHEMBL501613,False
Cc1onc(-c2ccccc2)c1C(=O)N[C@@H]1C(=O)N2[C@@H]1SC(C)(C)[C@@H]2C(=O)O,UWYHMGVUTGAWSP-JKIFEVAISA-N,1,CHEMBL819,True
O=c1[nH]c2ccccc2n1CCCN1CCN(C(c2ccccc2)c2ccccc2)CC1,BAINIUMDFURPJM-UHFFFAOYSA-N,1,CHEMBL13828,True
Cc1[nH]cnc1CSCCNc1nc(=O)c(Cc2ccc3c(c2)OCO3)c[nH]1,YTBDPHYVGACIPC-UHFFFAOYSA-N,1,CHEMBL2110657,False
CN(C)CCCN1c2ccccc2Sc2ccccc21,ZGUGWUXLJSTTMA-UHFFFAOYSA-N,1,CHEMBL564,False
CCC(=O)[C@@]1(C)CC[C@H]2[C@@H]3CCC4=CC(=O)CCC4=C3CC[C@@]21C,QFFCYTLOTYIJMR-XMGTWHOFSA-N,1,CHEMBL196003,False
CCN(CC)CC(=O)Oc1ccc(NC(C)=O)cc1,QTGAJCQTLIRCFL-UHFFFAOYSA-N,1,CHEMBL1851805,True
CCCNCC(O)COc1ccccc1C(=O)CCc1ccccc1,JWHAUXFOSRPERK-UHFFFAOYSA-N,1,CHEMBL631,True
CC(C)c1cccc(C(C)C)c1O,OLBCVFGFOZPWHH-UHFFFAOYSA-N,1,CHEMBL526,True
CC(C)NCC(O)COc1cccc2ccccc12,AQHHHDLHHXJYJD-UHFFFAOYSA-N,1,CHEMBL27,True
Cc1cc(NS(=O)(=O)c2ccc(N)cc2)nc(C)n1,YZMCKZRAOLZXAZ-UHFFFAOYSA-N,1,CHEMBL485696,False
Nc1ccc(S(=O)(=O)Nc2nccs2)cc1,JNMRHUJNCSQMMB-UHFFFAOYSA-N,1,CHEMBL437,True
O=C(Nc1ccc(Cl)cc1)NS(=O)(=O)c1ccc2c(c1)CCC2,JQJSFAJISYZPER-UHFFFAOYSA-N,1,CHEMBL7643,False
CC1(C)S[C@@H]2[C@H](NC(=O)[C@H](N)c3ccccc3)C(=O)N2[C@H]1C(=O)OCOC(=O)[C@@H]1N2C(=O)C[C@H]2S(=O)(=O)C1(C)C,OPYGFNJSCUDTBT-PMLPCWDUSA-N,1,CHEMBL506110,False
Cc1ccc(C(=O)Nc2ccc(S(=O)(=O)O)c3cc(S(=O)(=O)O)cc(S(=O)(=O)O)c23)cc1NC(=O)c1cccc(NC(=O)Nc2cccc(C(=O)Nc3cc(C(=O)Nc4ccc(S(=O)(=O)O)c5cc(S(=O)(=O)O)cc(S(=O)(=O)O)c45)ccc3C)c2)c1,FIAFUQMPZJWCLV-UHFFFAOYSA-N,1,CHEMBL265502,False
O[C@H]1[C@H]2[C@H](O)CCCN2C[C@H]1O,FXUAIOOAOAVCGD-WCTZXXKLSA-N,1,CHEMBL371197,False
CCCC[C@@H]1CC(=O)[C@]2(O)O[C@@H]3[C@@H](NC)[C@@H](O)[C@@H](NC)[C@H](O)[C@H]3O[C@@H]2O1,KHAUBYTYGDOYRU-IRXASZMISA-N,1,CHEMBL1614655,False
N[C@@H]1[C@H]2CN(c3nc4c(cc3F)c(=O)c(C(=O)O)cn4-c3ccc(F)cc3F)C[C@@H]12,WVPSKSLAZQPAKQ-CDMJZVDBSA-N,1,CHEMBL428,False
NC(=O)CNc1ccc([As](=O)([O-])O)cc1.[Na+],UEYIAABRKWHXJV-UHFFFAOYSA-M,1,CHEMBL3137699,False
CC(C)C[C@H](NC(=O)[C@@H](O)[C@H](N)Cc1ccccc1)C(=O)O,VGGGPCQERPFHOB-RDBSUJKOSA-N,1,CHEMBL29292,False
Oc1ncc(N(CCCl)CCCl)c(O)n1,IDPUKCWIGUEADI-UHFFFAOYSA-N,1,CHEMBL1488,True
CCOC(N)=O,JOYRKODLDBILNP-UHFFFAOYSA-N,1,CHEMBL462547,False
C[C@@H]1C[C@H](C)CN(S(=O)(=O)c2ccc(Cl)c(C(=O)O)c2)C1,IFXSWTIWFGIXQO-AOOOYVTPSA-N,1,CHEMBL2104748,False
Cc1c(Cl)cccc1Nc1ccccc1C(=O)O,YEZNLOUZAIOMLT-UHFFFAOYSA-N,1,CHEMBL121626,False
C[C@H](CCC(=O)O)[C@H]1CC[C@H]2[C@@H]3[C@@H](O)C[C@@H]4C[C@H](O)CC[C@]4(C)[C@H]3CC[C@]12C,RUDATBOHQWOJDD-UZVSRGJWSA-N,1,CHEMBL1551,False
CCOC(Nc1ccc(C(=O)O)cc1)C(=O)c1ccc(-c2ccccc2)cc1,BPOMPTVRBWXZBY-UHFFFAOYSA-N,1,CHEMBL1909289,True
CCCCNC(=N)NC(=N)N,XSEUMFJMFFMCIU-UHFFFAOYSA-N,1,CHEMBL39736,False
COc1ccc([C@@H]2Sc3cc(Cl)ccc3N(CCN(C)C)C(=O)[C@@H]2OC(C)=O)cc1,GYKFWCDBQAFCLJ-RTWAWAEBSA-N,1,CHEMBL348763,False
CCN(CC)C(=S)SSC(=S)N(CC)CC,AUZONCFQVSMFAP-UHFFFAOYSA-N,1,CHEMBL964,True
CCCCC(CC)COC(=O)CC(C(=O)OCC(CC)CCCC)S(=O)(=O)O,HNSDLXPSAYFUHK-UHFFFAOYSA-N,1,CHEMBL1477036,False
O=C(O[C@@H]1C[C@@H]2C[C@H]3C[C@H](C1)N2CC3=O)c1c[nH]c2ccccc12,UKTAZPQNNNJVKR-KJGYPYNMSA-N,1,CHEMBL2368925,False
O=c1[nH]c2ccccc2n1CCCN1CCC(n2c(=O)[nH]c3cc(Cl)ccc32)CC1,FGXWKSZFVQUSTL-UHFFFAOYSA-N,1,CHEMBL219916,True
COc1cc2nc(N3CCN(C(=O)C4COc5ccccc5O4)CC3)nc(N)c2cc1OC,RUZYUOTYCVRMRZ-UHFFFAOYSA-N,1,CHEMBL707,True
O=C(O)P(=O)(O)O,ZJAOAACCNHFJAH-UHFFFAOYSA-N,1,CHEMBL666,False
CC/C(=C(/CC)c1ccc(OP(=O)(O)O)cc1)c1ccc(OP(=O)(O)O)cc1,NLORYLAYLIXTID-ISLYRVAYSA-N,1,CHEMBL1200598,False
O=CN(O)CCCP(=O)(O)O,GJXWDTUCERCKIX-UHFFFAOYSA-N,1,CHEMBL203125,False
CCOP(=O)(OCC)C(C)NC(=O)N(CCCl)N=O,YAKWPXVTIGTRJH-UHFFFAOYSA-N,1,CHEMBL549386,True
COc1ccc2nc(NC(=O)Nc3ccccc3)sc2c1,JHBWYQRKOUBPCA-UHFFFAOYSA-N,1,CHEMBL128988,False
CO[C@@H]1[C@H](OC(=O)/C=C/C=C/C=C/C=C/C(=O)O)CC[C@]2(CO2)[C@H]1[C@@]1(C)O[C@@H]1CC=C(C)C,NGGMYCMLYOUNGM-CSDLUJIJSA-N,1,CHEMBL32838,False
CC(=O)OCC(=O)[C@@]1(O)CC[C@H]2[C@@H]3CCC4=CC(=O)C=C[C@]4(C)[C@@]3(F)[C@@H](O)C[C@@]21C,ZOCUOMKMBMEYQV-GSLJADNHSA-N,1,CHEMBL1608183,False
FC(F)OC(Cl)C(F)(F)F,PIWKPBJCKXDKJR-UHFFFAOYSA-N,1,CHEMBL1256,True
NNC(=O)c1ccncc1,QRXWMOHMRWLFEY-UHFFFAOYSA-N,1,CHEMBL64,True
CC(C)[N+](C)(CCC(C(N)=O)(c1ccccc1)c1ccccc1)C(C)C,JTPUMZTWMWIVPA-UHFFFAOYSA-O,1,CHEMBL1201232,False
CO[C@@H]1[C@@H](O[C@@H]2O[C@H](C)[C@@H](O[C@H]3C[C@@](C)(O)[C@@H](OC(=O)CC(C)C)[C@H](C)O3)[C@H](N(C)C)[C@H]2O)[C@@H](CC=O)C[C@@H](C)[C@@H](O)/C=C/C=C/C[C@@H](C)OC(=O)C[C@H]1OC(C)=O,XJSFLOJWULLJQS-NGVXBBESSA-N,1,CHEMBL224436,False
Cc1ccc2c(c1)C(N1CCN(C)CC1)=Nc1ccccc1S2,IOEPXYJOHIZYGQ-UHFFFAOYSA-N,1,CHEMBL2106892,False
COc1cccc(OC)c1C(=O)N[C@@H]1C(=O)N2[C@@H]1SC(C)(C)[C@@H]2C(=O)O,RJQXTJLFIWVMTO-TYNCELHUSA-N,1,CHEMBL575,False
Cc1ccccc1N1C(=O)c2cc(S(N)(=O)=O)c(Cl)cc2NC1C,AQCHWTWZEMGIFD-UHFFFAOYSA-N,1,CHEMBL878,True
CS(=O)(=O)c1ccc2c(c1)N(CCCN1CCC(C(N)=O)CC1)c1ccccc1S2,BQDBKDMTIJBJLA-UHFFFAOYSA-N,1,CHEMBL398615,True
Cc1cccc(C)c1OCC(C)N,VLPIATFUUWWMKC-UHFFFAOYSA-N,1,CHEMBL558,True
CC1(C)S[C@@H]2[C@H](NC(=O)[C@H](NC(=O)N3CCN(S(C)(=O)=O)C3=O)c3ccccc3)C(=O)N2[C@H]1C(=O)O,YPBATNHYBCGSSN-VWPFQQQWSA-N,1,CHEMBL1731,False
COc1cc2[nH]c(C)c(CCN3CCN(c4ccccc4)CC3)c2cc1OC,XCWPUUGSGHNIDZ-UHFFFAOYSA-N,1,CHEMBL2107011,False
CC(=N)N1CC[C@H](SC2=C(C(=O)O)N3C(=O)[C@H]([C@@H](C)O)[C@H]3C2)C1.O=C(O)CCNC(=O)c1ccccc1,JQWGVORAFCVYJN-TXVDJMPOSA-N,1,CHEMBL3137686,False
COc1ccc(Cc2nccc3cc(OC)c(OC)cc23)cc1OC,XQYZDYMELSJDRZ-UHFFFAOYSA-N,1,CHEMBL19224,True
CC(=O)Nc1ccc(O)cc1,RZVAJINKPMORJF-UHFFFAOYSA-N,1,CHEMBL112,True
Cc1c(C(C)C)c(=O)n(-c2ccccc2)n1C,PXWLVJLKJGVOKE-UHFFFAOYSA-N,1,CHEMBL28318,False
Cc1ccc2c(-c3ccccc3)nc(=O)n(C(C)C)c2c1,JTIGKVIOEQASGT-UHFFFAOYSA-N,1,CHEMBL268501,False
[N-]=[N+]=O,GQPLMRYTRLFLPF-UHFFFAOYSA-N,1,CHEMBL1234579,False
COCCCN1CCC(NC(=O)c2cc(Cl)c(N)c3c2OCC3)CC1,ZPMNHBXQOOVQJL-UHFFFAOYSA-N,1,CHEMBL117287,False
Cc1oc(=O)oc1CN1CCN(c2cc3c(cc2F)c(=O)c(C(=O)O)c2n3C(C)S2)CC1,PWNMXPDKBYZCOO-UHFFFAOYSA-N,1,CHEMBL422648,False
CC/C(=C(\c1ccccc1)c1ccc(OCCN(C)C)cc1)c1ccccc1,NKANXQFJJICGDU-QPLCGJKRSA-N,1,CHEMBL83,True
Cc1nc(C)c2c(n1)N(Cc1ccc(-c3ccccc3-c3nnn[nH]3)cc1)C(=O)CC2,ADXGNEYLLLSOAR-UHFFFAOYSA-N,1,CHEMBL432162,True
CC(=O)N[C@@H]1[C@H](Oc2c3cc4cc2Oc2ccc(cc2Cl)[C@@H](O[C@@H]2O[C@@H](CO)[C@@H](O)[C@H](O)[C@@H]2NC(C)=O)[C@@H]2NC(=O)[C@H](NC(=O)[C@@H]4NC(=O)[C@H]4NC(=O)[C@@H](Cc5ccc(c(Cl)c5)O3)NC(=O)[C@H](N)c3ccc(O)c(c3)Oc3cc(O)cc4c3)c3ccc(O)c(c3)-c3c(O[C@H]4O[C@H](CO)[C@@H](O)[C@@H](O)[C@@H]4O)cc(O)cc3[C@@H](C(=O)O)NC2=O)O[C@@H](CO)[C@@H](O)[C@@H]1O,DDTDNCYHLGRFBM-YZEKDTGTSA-N,1,CHEMBL2367892,False
CNCCNc1ccc2c3c(nn2CCNCCO)-c2c(O)ccc(O)c2C(=O)c13,XASBSYHEEHVCSJ-UHFFFAOYSA-N,1,CHEMBL24329,False
CC1CN(c2cc3c(cc2F)c(=O)c(C(=O)O)cn3-c2ccc(F)cc2F)CCN1,QKDHBVNJCZBTMR-UHFFFAOYSA-N,1,CHEMBL277100,True
CC(C)[C@H](N)C(=O)OCCOCn1cnc2c(=O)nc(N)[nH]c21,HDOVUKNUBWVHOX-QMMMGPOBSA-N,1,CHEMBL1349,True
CC(C)[C@H](N)C(=O)OCC(CO)OCn1cnc2c(=O)[nH]c(N)nc21,WPVFJKSGQUFQAP-GKAPJAKFSA-N,1,CHEMBL1201314,True
N[C@H](C(=O)O)[C@@H]1CC(Cl)=NO1,QAWIHIJWNYOLBE-OKKQSCSOSA-N,1,CHEMBL1231101,False
CC[C@@]1(O)C[C@H](O[C@H]2C[C@H](N(C)C)[C@H](O[C@H]3C[C@H](O)[C@H](O[C@H]4CCC(=O)[C@H](C)O4)[C@H](C)O3)[C@H](C)O2)c2c(cc3c(c2O)C(=O)c2c(O)cccc2C3=O)[C@H]1C(=O)OC,USZYSDMBJDPRIF-SVEJIMAYSA-N,1,CHEMBL502620,False
Nc1ncnc2c1ncn2CCOCP(=O)(O)O,SUPKOOSCJHTBAH-UHFFFAOYSA-N,1,CHEMBL484,True
C[S+](CC[C@H](N)C(=O)[O-])C[C@H]1O[C@@H](n2cnc3c(N)ncnc32)[C@H](O)[C@@H]1O,MEFKEPWMEQBLKI-AIRLBKTGSA-N,1,CHEMBL1088977,False
CC(N)C(=O)OC(C)(C)Cc1ccc(Cl)cc1,FZSPJBYOKQPKCD-UHFFFAOYSA-N,1,CHEMBL36591,True
CCO.CN1CCC[C@H]1c1cccnc1,BPDQFGHMIVCAMB-PPHPATTJSA-N,1,CHEMBL3137669,False
CC(=O)[C@H]1CC[C@H]2[C@@H]3CC[C@H]4C[C@H](O)CC[C@]4(C)[C@H]3C(=O)C[C@]12C.C[C@]12CC[C@@H](O)C[C@@H]1CC[C@H]1[C@@H]3CC[C@H](C(=O)CO)[C@@]3(C)CC(=O)[C@@H]12,XUBQGWOKVYWNSZ-ZSNKRZAOSA-N,1,CHEMBL3137670,False
CN(C)C(=O)OC1N=C(c2ccccc2)c2cc(Cl)ccc2N(C)C1=O,PXBVEXGRHZFEOF-UHFFFAOYSA-N,1,CHEMBL1095282,False
CC12CCC(CC1=O)C2(C)C,DSSYKIVIOFKYAU-UHFFFAOYSA-N,1,CHEMBL15768,False
CCOc1nc2cccc(C(=O)O)c2n1Cc1ccc(-c2ccccc2-c2nnn[nH]2)cc1,HTQMVQVXFRQIKW-UHFFFAOYSA-N,1,CHEMBL1016,True
C[C@@H]1NC(=O)[C@@H](N)CNC(=O)[C@H](C2CCNC(=N)N2)NC(=O)/C(=C/NC(N)=O)NC(=O)[C@H](CNC(=O)CC(N)CCCN)NC1=O.N=C1NCCC([C@@H]2NC(=O)/C(=C/NC(N)=O)NC(=O)[C@H](CNC(=O)CC(N)CCCN)NC(=O)[C@H](CO)NC(=O)[C@@H](N)CNC2=O)N1,VCOPTHOUUNAYKQ-DAOVIKHBSA-N,1,CHEMBL2221250,False
CC(Cc1ccccc1)NCc1ccccc1Cl,LRXXRIXDSAEIOR-UHFFFAOYSA-N,1,CHEMBL1213251,False
CCOC(=O)C(C)(C)Oc1ccc(Cl)cc1,KNHUKKLJHYUCFP-UHFFFAOYSA-N,1,CHEMBL565,True
CN(C)C(=O)CCCOC(=O)C(C)(C)Oc1ccc(Cl)cc1,CXQGFLBVUNUQIA-UHFFFAOYSA-N,1,CHEMBL1697831,False
COc1ccc2c(C(=O)c3ccc(Cl)cc3)c(C)n(CC(=O)O)c2c1,DGMZLCLHHVYDIS-UHFFFAOYSA-N,1,CHEMBL13376,True
CN(C)CCCN1c2ccccc2CCc2ccc(Cl)cc21,GDLIGKIOYRNHDA-UHFFFAOYSA-N,1,CHEMBL415,True
O=C1CN=C(c2ccccc2Cl)c2cc([N+](=O)[O-])ccc2N1,DGBIGWXXNGSACT-UHFFFAOYSA-N,1,CHEMBL452,True
COc1cccc2c1C(=O)c1c(O)c3c(c(O)c1C2=O)C[C@@](O)(C(=O)CO)C[C@@H]3O[C@H]1C[C@H](N)[C@H](O)[C@H](C)O1,AOJJSUZBOXZQNB-TZSSRYMLSA-N,1,CHEMBL53463,True
C[C@H]1c2cccc(O)c2C(=O)C2=C(O)[C@]3(O)C(=O)C(C(N)=O)=C(O)[C@@H](N(C)C)[C@@H]3[C@@H](O)[C@@H]21.O,XQTWDDCIUJNLTR-CVHRZJFOSA-N,1,CHEMBL1200699,False
CN1c2c(oc(=O)n(-c3ccccn3)c2=O)-c2ccccc2S1(=O)=O,OEHFRZLKGRKFAS-UHFFFAOYSA-N,1,CHEMBL1213420,True
NC(N)=Nc1nc(CSCCN/C=N/S(=O)(=O)c2ccc(Br)cc2)cs1,ZQHFZHPUZXNPMF-UHFFFAOYSA-N,1,CHEMBL1742471,True
CS[C@H]1SC[C@H]2C(=O)N(C)[C@@H](C(C)C)C(=O)OC[C@@H](NC(=O)c3cnc4ccccc4n3)C(=O)N[C@@H](C)C(=O)N(C)[C@@H]1C(=O)N(C)[C@@H](C(C)C)C(=O)OC[C@@H](NC(=O)c1cnc3ccccc3n1)C(=O)N[C@@H](C)C(=O)N2C,AUJXLBOHYWTPFV-VLNMHYLBSA-N,1,CHEMBL510650,False
C/C=C(/CC)C(=O)NC(N)=O,QCUPYFTWJOZAOB-HYXAFXHYSA-N,1,CHEMBL1908316,False
NCC1(CC(=O)O)CCCCC1,UGJMXCAKCUNAIE-UHFFFAOYSA-N,1,CHEMBL940,True
COc1ccc(CCN(C)CCCC(C#N)(c2cc(OC)c(OC)c(OC)c2)C(C)C)cc1OC,XQLWNAFCTODIRK-UHFFFAOYSA-N,1,CHEMBL51149,False
CC(C)=CCC/C(C)=C/CC/C(C)=C/CCC(=O)OC/C=C(\C)CCC=C(C)C,ZPACYDRSPFRDHO-ROBAGEODSA-N,1,CHEMBL2105085,False
Nc1ccn([C@@H]2O[C@H](CO)[C@@H](O)C2(F)F)c(=O)n1,SDUQYLNIPVEERB-QPPQHZFASA-N,1,CHEMBL888,True
CC(=O)CCC1C(=O)N(c2ccccc2)N(c2ccccc2)C1=O,LGYTZKPVOAIUKX-UHFFFAOYSA-N,1,CHEMBL2107720,False
CC(=O)N1CCN(c2ccc(OCC3COC(Cn4ccnc4)(c4ccc(Cl)cc4Cl)O3)cc2)CC1,XMAYWYJOQHXEEK-UHFFFAOYSA-N,1,CHEMBL157101,True
O=C(c1ccccc1)c1ccc2n1CCC2C(=O)O,OZWKMVRBQXNZKK-UHFFFAOYSA-N,1,CHEMBL469,True
CN1CCC(=C2c3ccccc3CC(=O)c3sccc32)CC1,ZCVMWBYGMWKGHF-UHFFFAOYSA-N,1,CHEMBL534,True
CCC(=O)O[C@@H]1CC(=O)O[C@H](C)C/C=C/C=C/[C@H](O)[C@H](C)C[C@H](CC=O)[C@H](O[C@@H]2O[C@H](C)[C@@H](O[C@H]3C[C@@](C)(O)[C@@H](OC(=O)CC)[C@H](C)O3)[C@H](N(C)C)[C@H]2O)[C@H]1OC,DMUAPQTXSSNEDD-QALJCMCCSA-N,1,CHEMBL444963,False
CC(C)/N=C/Nc1ccc(-c2c[nH]cn2)cc1,GOZUADYOHPCXLE-UHFFFAOYSA-N,1,CHEMBL308005,False
CCCCCNCC(N)=O,GJNNXIYZWIZFRH-UHFFFAOYSA-N,1,CHEMBL75838,False
CCN(CC)C(=O)C1(c2ccccc2)CC1CN,GJJFMKBJSRMPLA-UHFFFAOYSA-N,1,CHEMBL259209,True
Cc1[nH]c(=O)c(C#N)cc1-c1ccncc1,PZRHRDRVRGEVNW-UHFFFAOYSA-N,1,CHEMBL189,True
CCC(=O)NS(=O)(=O)c1ccc(-c2c(-c3ccccc3)noc2C)cc1,TZRHLKRLEZJVIJ-UHFFFAOYSA-N,1,CHEMBL1206690,True
C[C@H]1COc2c(C3(N)CC3)c(F)cc3c(=O)c(C(=O)O)cn1c23,XAGMUUZPGZWTRP-ZETCQYMHSA-N,1,CHEMBL240163,False
CCn1cc(C(=O)O)c(=O)c2cc(F)c(N3CCN(C)CC3)cc21,FHFYDNQZQSQIAI-UHFFFAOYSA-N,1,CHEMBL267648,False
Nc1nc2[nH]cc(CCc3ccc(C(=O)N[C@@H](CCC(=O)O)C(=O)O)cc3)c2c(=O)[nH]1,WBXPDJSOTKVWSJ-ZDUSSCGKSA-N,1,CHEMBL225072,False
CCc1nc(N)nc(N)c1-c1ccc(Cl)cc1.Nc1ccc(S(=O)(=O)c2ccc(N)cc2)cc1,DPHWJXXMMQWNKS-UHFFFAOYSA-N,1,CHEMBL3137689,False
CCc1nc(N)nc(N)c1-c1ccc(Cl)cc1.COc1ncnc(NS(=O)(=O)c2ccc(N)cc2)c1OC,LUBUTTBEBGYNJN-UHFFFAOYSA-N,1,CHEMBL3137690,False
Cc1ncc(CSSCc2cnc(C)c(O)c2CO)c(CO)c1O,SIXLXDIJGIWWFU-UHFFFAOYSA-N,1,CHEMBL488093,False
COC(=O)c1nc2cc(Cl)c3cccnc3c2o1,ZCRBUWNCWCWRGL-UHFFFAOYSA-N,1,CHEMBL23811,False
OCCOCCN1CCN(C2=Nc3ccccc3Sc3ccccc32)CC1,URKOMYMAXPYINW-UHFFFAOYSA-N,1,CHEMBL716,True
CCC1NC(=O)c2cc(S(N)(=O)=O)c(Cl)cc2N1,AGMMTXLNIQSRCG-UHFFFAOYSA-N,1,CHEMBL1532,False
NC(=O)N1C(=O)/C(=C(\O)c2cccs2)c2cc(Cl)ccc21,LXIKEPCNDFVJKC-QXMHVHEDSA-N,1,CHEMBL1908355,False
COc1ccc(-n2nc(CCC(=O)N(C)O)cc2-c2ccc(Cl)cc2)cc1,XYKWNRUXCOIMFZ-UHFFFAOYSA-N,1,CHEMBL316040,False
CC(C)[C@@H]1NC(=O)[C@H](CCCCN)NC(=O)[C@@H](Cc2c[nH]c3ccccc23)NC(=O)[C@H](Cc2ccc(O)cc2)NC(=O)[C@@H](NC(=O)[C@H](N)Cc2ccccc2)CSSC[C@@H](C(=O)N[C@@H](Cc2c[nH]c3ccccc23)C(N)=O)NC1=O,SWXOGPJRIDTIRL-DOUNNPEJSA-N,1,CHEMBL3349523,False
Nc1c2c(nc3ccccc13)CCCC2O,HLVVITIHAZBPKB-UHFFFAOYSA-N,1,CHEMBL51934,False
COc1ccc(CCN(C)CCCC(C#N)(c2ccc(OC)c(OC)c2)C(C)C)cc1OC,SGTNSNPWRIOYBX-UHFFFAOYSA-N,1,CHEMBL6966,True
CCOc1ccccc1OCC1CNCCO1,YWPHCCPCQOJSGZ-UHFFFAOYSA-N,1,CHEMBL306700,False
C=CCNc1nc(NCC=C)nc(N2CCN(C(c3ccc(F)cc3)c3ccc(F)cc3)CC2)n1,OBDOVFRMEYHSQB-UHFFFAOYSA-N,1,CHEMBL1183717,False
Cc1cn([C@H]2C[C@H](F)[C@@H](CO)O2)c(=O)[nH]c1=O,UXCAQJAQSWSNPQ-XLPZGREQSA-N,1,CHEMBL105318,False
CCCN(CCC)C(=O)Cc1c(-c2ccc(Cl)cc2)nc2ccc(Cl)cn12,JRTIDHTUMYMPRU-UHFFFAOYSA-N,1,CHEMBL54349,True
Cc1nnc2n1-c1ccc(Cl)cc1C(c1ccccc1)=NC2,VREFGVBLTWBCJP-UHFFFAOYSA-N,1,CHEMBL661,True
O=C(O)CN1C(=O)c2cccc3cccc(c23)C1=O,GCUCIFQCGJIRNT-UHFFFAOYSA-N,1,CHEMBL63055,False
O=C1[C@H](CC[C@H](O)c2ccc(F)cc2)[C@@H](c2ccc(O)cc2)N1c1ccc(F)cc1,OLNTVTPDXPETLC-XPWALMASSA-N,1,CHEMBL1138,True
CC(=O)O[C@@]12CO[C@@H]1C[C@H](O)[C@@]1(C)C(=O)[C@H](O)C3=C(C)[C@@H](OC(=O)[C@H](O)[C@@H](NC(=O)OC(C)(C)C)c4ccccc4)C[C@@](O)([C@@H](OC(=O)c4ccccc4)[C@H]21)C3(C)C,ZDZOTLJHXYCWBA-VCVYQWHSSA-N,1,CHEMBL92,False
C[C@@H](O)[C@@H]1NC(=O)[C@H](CCCCN)NC(=O)[C@@H](Cc2c[nH]c3ccccc23)NC(=O)[C@H](Cc2ccccc2)NC(=O)[C@@H](NC(=O)[C@H](N)Cc2ccccc2)CSSC[C@@H](C(=O)N[C@H](CO)[C@@H](C)O)NC1=O,DEQANNDTNATYII-OULOTJBUSA-N,1,CHEMBL1680,True
Cc1onc(-c2ccccc2)c1-c1ccc(S(N)(=O)=O)cc1,LNPDTQAFDNKSHK-UHFFFAOYSA-N,1,CHEMBL865,True
CN(C)CCC[C@@]1(c2ccc(F)cc2)OCc2cc(C#N)ccc21,WSEQXVZVJXJVFP-FQEVSTJZSA-N,1,CHEMBL1508,False
CC(=O)NCCCS(=O)(=O)O,AFCGFAGUEYAMAO-UHFFFAOYSA-N,1,CHEMBL1201293,True
CC(C)(N)Cc1ccccc1,DHHVAGZRUROJKS-UHFFFAOYSA-N,1,CHEMBL1574,True
CCCCNc1ccc(C(=O)OCCOCCOCCOCCOCCOCCOCCOCCOCCOC)cc1,MAFMQEKGGFWBAB-UHFFFAOYSA-N,1,CHEMBL1374379,True
CC(C)C[C@H](CN)CC(=O)O,AYXYPKUFHZROOJ-ZETCQYMHSA-N,1,CHEMBL1059,True
CC(=O)Oc1cc2c(s1)CCN(C(C(=O)C1CC1)c1ccccc1F)C2.Cl,JALHGCPDPSNJNY-UHFFFAOYSA-N,1,CHEMBL1201773,False
COCCCOc1cc(C[C@@H](C[C@H](N)[C@@H](O)C[C@H](C(=O)NCC(C)(C)C(N)=O)C(C)C)C(C)C)ccc1OC,UXOWGYHJODZGMF-QORCZRPOSA-N,1,CHEMBL1639,False
O.O=P(O)(O)C(O)(Cn1ccnc1)P(=O)(O)O,FUXFIVRTGHOMSO-UHFFFAOYSA-N,1,CHEMBL4303669,False
O=C(O)c1cc(=O)c2cc(OCC(O)COc3cccc4oc(C(=O)O)cc(=O)c34)ccc2o1,FSINDHDHRQZTPH-UHFFFAOYSA-N,1,CHEMBL4088679,False
CC12CC3CC(C)(C1)CC(N)(C3)C2,BUGYDGFZZOZRHP-UHFFFAOYSA-N,1,CHEMBL807,True
CN1CCN(C(c2ccccc2)c2ccc(Cl)cc2)CC1,WFNAKBGANONZEQ-UHFFFAOYSA-N,1,CHEMBL22150,True
CCOc1ccccc1OCCN[C@H](C)Cc1ccc(OC)c(S(N)(=O)=O)c1,DRHKJLXJIQTDTD-OAHLLOKOSA-N,1,CHEMBL836,True
CC(C)c1cccc(C(C)C)c1OCOP(=O)(O)O,QVNNONOFASOXQV-UHFFFAOYSA-N,1,CHEMBL1201766,True
CCNC(=O)[C@@H]1CCCN1C(=O)[C@H](CCCNC(=N)N)NC(=O)[C@H](CC(C)C)NC(=O)[C@H](CC(C)C)NC(=O)[C@H](Cc1ccc(O)cc1)NC(=O)[C@H](CO)NC(=O)[C@H](Cc1c[nH]c2ccccc12)NC(=O)[C@H](Cc1c[nH]cn1)NC(=O)[C@@H]1CCC(=O)N1,GFIJNRVAKGFPGQ-UILVTTEASA-N,1,CHEMBL4073387,False
N#Cc1ccc(C(c2ccc(C#N)cc2)n2cncn2)cc1,HPJKCIUCZWXJDR-UHFFFAOYSA-N,1,CHEMBL1444,True
CC(C)C[C@H](NC(=O)[C@H](Cc1c[nH]c2ccccc12)NC(=O)[C@H](Cc1ccc(O)cc1)NC(=O)[C@H](CO)NC(=O)[C@H](Cc1c[nH]c2ccccc12)NC(=O)[C@H](Cc1c[nH]cn1)NC(=O)[C@@H]1CCC(=O)N1)C(=O)N[C@@H](CCCNC(=N)N)C(=O)N1CCC[C@H]1C(=O)NCC(N)=O.O=C(O)c1cc2ccccc2c(Cc2c(O)c(C(=O)O)cc3ccccc23)c1O,ZBVJFYPGLGEMIN-LWGIMUNNSA-N,1,CHEMBL4068871,False
CCC(=O)N(c1ccccc1)C1(C(=O)OC)CCN(CCC(=O)OC)CC1,ZTVQQQVZCWLTDF-UHFFFAOYSA-N,1,CHEMBL1005,True
Clc1ccc2c(c1)CCc1cccnc1C2=C1CCNCC1,JAUOIFJMECXRGI-UHFFFAOYSA-N,1,CHEMBL1172,True
CCCCCCCCCC(=O)N[C@@H](Cc1c[nH]c2ccccc12)C(=O)N[C@@H](CC(N)=O)C(=O)N[C@@H](CC(=O)O)C(=O)N[C@@H]1C(=O)NCC(=O)N[C@@H](CCCN)C(=O)N[C@@H](CC(=O)O)C(=O)N[C@H](C)C(=O)N[C@@H](CC(=O)O)C(=O)NCC(=O)N[C@H](CO)C(=O)N[C@@H]([C@H](C)CC(=O)O)C(=O)N[C@@H](CC(=O)c2ccccc2N)C(=O)O[C@@H]1C,DOAKLVKFURWEDJ-RWDRXURGSA-N,1,CHEMBL387675,True
N[C@@H](CC(=O)N1CCn2c(nnc2C(F)(F)F)C1)Cc1cc(F)c(F)cc1F,MFFMDFFZMYYVKS-SECBINFHSA-N,1,CHEMBL1422,True
COc1ccc2[n-]c([S@+]([O-])Cc3ncc(C)c(OC)c3C)nc2c1.[Na+],RYXPMWYHEBGTRV-GJFSDDNBSA-N,1,CHEMBL4082704,False
O[C@@H](c1cc(C(F)(F)F)nc2c(C(F)(F)F)cccc12)[C@H]1CCCCN1,XEEQGYMUWCZPDN-DOMZBBRYSA-N,1,CHEMBL172,False
COC(=O)[C@H](c1ccccc1)[C@H]1CCCCN1,DUGOZIWVEXMGBE-CHWSQXEVSA-N,1,CHEMBL827,True
Cc1nnc(C(=O)NC(C)(C)c2nc(C(=O)NCc3ccc(F)cc3)c(O)c(=O)n2C)o1,CZFFBEXEKNGXKS-UHFFFAOYSA-N,1,CHEMBL254316,True
Nc1cccc2c1CN(C1CCC(=O)NC1=O)C2=O,GOTYRUGSSMKFNF-UHFFFAOYSA-N,1,CHEMBL848,True
CN(C)CC(c1ccc(O)cc1)C1(O)CCCCC1,KYYIDSXMWOZKMP-UHFFFAOYSA-N,1,CHEMBL1118,True
Cl.Cl.O=C(O)COCCN1CCN([C@H](c2ccccc2)c2ccc(Cl)cc2)CC1,PGLIUCLTXOYQMV-GHVWMZMZSA-N,1,CHEMBL1201190,False
CCCN(CCC)CCc1cccc2c1CC(=O)N2,UHSKFQJFRQCDBE-UHFFFAOYSA-N,1,CHEMBL589,True
CCN(C)C(=O)Oc1cccc([C@H](C)N(C)C)c1,XSVMFMHYUFZWBK-NSHDSACASA-N,1,CHEMBL636,True
Cc1[nH]cnc1CN1CCc2c(c3ccccc3n2C)C1=O,JSWZEAMFRNKZNL-UHFFFAOYSA-N,1,CHEMBL1110,True
CO[C@H]1O[C@H](COS(=O)(=O)[O-])[C@@H](O[C@@H]2O[C@@H](C(=O)[O-])[C@@H](O[C@H]3O[C@H](COS(=O)(=O)[O-])[C@@H](O[C@@H]4O[C@H](C(=O)[O-])[C@@H](O[C@H]5O[C@H](COS(=O)(=O)[O-])[C@@H](O)[C@H](O)[C@H]5NS(=O)(=O)[O-])[C@H](O)[C@H]4O)[C@H](OS(=O)(=O)[O-])[C@H]3NS(=O)(=O)[O-])[C@H](O)[C@H]2OS(=O)(=O)[O-])[C@H](O)[C@H]1NS(=O)(=O)[O-].[Na+].[Na+].[Na+].[Na+].[Na+].[Na+].[Na+].[Na+].[Na+].[Na+],XEKSTYNIJLDDAZ-JASSWCPGSA-D,1,CHEMBL1200644,False
COc1nc(N)nc2c1ncn2[C@@H]1O[C@H](CO)[C@@H](O)[C@@H]1O,IXOXBSCIXZEQEQ-UHTZMRCNSA-N,1,CHEMBL1201112,True
c1cnc2cc3c(cc2n1)[C@@H]1CNC[C@H]3C1,JQSHBVHOMNKWFT-DTORHVGOSA-N,1,CHEMBL1076903,True
Cc1nc(Nc2ncc(C(=O)Nc3c(C)cccc3Cl)s2)cc(N2CCN(CCO)CC2)n1.O,XHXFZZNHDVTMLI-UHFFFAOYSA-N,1,CHEMBL5416410,False
Cc1c(OCC(F)(F)F)ccnc1C[S@@+]([O-])c1nc2ccccc2[nH]1,MJIHNNLFOKEZEW-RUZDIDTESA-N,1,CHEMBL1201863,True
C=C(c1ccc(C(=O)O)cc1)c1cc2c(cc1C)C(C)(C)CCC2(C)C,NAVMQTYZDKMPEU-UHFFFAOYSA-N,1,CHEMBL1023,True
CNC(=O)c1cc(Oc2ccc(NC(=O)Nc3ccc(Cl)c(C(F)(F)F)c3)cc2)ccn1,MLDQJTXFUGDVEO-UHFFFAOYSA-N,1,CHEMBL1336,True
Cc1cc(C#N)cc(C)c1Oc1nc(Nc2ccc(C#N)cc2)nc(N)c1Br,PYGWGZALEOIKDF-UHFFFAOYSA-N,1,CHEMBL308954,True
CNCC[C@@H](Oc1ccccc1C)c1ccccc1,VHGCDTVCOLNTBX-QGZVFWFLSA-N,1,CHEMBL641,True
Nc1nc(NC2CC2)c2ncn([C@H]3C=C[C@@H](CO)C3)c2n1,MCGSCOLBFJQGHM-SCZZXKLOSA-N,1,CHEMBL1380,True
C#Cc1cccc(Nc2ncnc3cc(OCCOC)c(OCCOC)cc23)c1,AAKJLRGGTJKAMG-UHFFFAOYSA-N,1,CHEMBL553,True
CC(C)CN(C[C@@H](O)[C@H](Cc1ccccc1)NC(=O)O[C@H]1CO[C@H]2OCC[C@H]21)S(=O)(=O)c1ccc(N)cc1,CJBJHOAVZSMMDJ-HEXNFIEUSA-N,1,CHEMBL1323,True
CCCCc1oc2ccc(NS(C)(=O)=O)cc2c1C(=O)c1ccc(OCCCN(CCCC)CCCC)cc1,ZQTNQVWKHCQYLQ-UHFFFAOYSA-N,1,CHEMBL184412,True
Cc1nc(-c2ccc(OCC(C)C)c(C#N)c2)sc1C(=O)O,BQSJTQLCZDPROO-UHFFFAOYSA-N,1,CHEMBL1164729,True
C=C1C[C@@H]2[C@H](CC[C@]3(C)C(=O)CC[C@@H]23)[C@@]2(C)C=CC(=O)C=C12,BFYIZQONLCFLEV-DAELLWKTSA-N,1,CHEMBL1200374,True
O=C1NC(c2ccccc2)(c2ccccc2)C(=O)N1COP(=O)(O)O,XWLUWCNOOVRFPX-UHFFFAOYSA-N,1,CHEMBL1201336,True
CS(=O)(=O)CCNCc1ccc(-c2ccc3ncnc(Nc4ccc(OCc5cccc(F)c5)c(Cl)c4)c3c2)o1,BCFGMOOMADDAQU-UHFFFAOYSA-N,1,CHEMBL554,True
CCN(CC)CCNC(=O)c1c(C)[nH]c(/C=C2\C(=O)Nc3ccc(F)cc32)c1C,WINHZLLDWRZWRT-ATVHPVEESA-N,1,CHEMBL535,False
Cc1ccc(Nc2nccc(N(C)c3ccc4c(C)n(C)nc4c3)n2)cc1S(N)(=O)=O,CUIHSIWYWATEQL-UHFFFAOYSA-N,1,CHEMBL477772,True
CCC[C@@]1(CCc2ccccc2)CC(O)=C([C@H](CC)c2cccc(NS(=O)(=O)c3ccc(C(F)(F)F)cn3)c2)C(=O)O1,SUJUHGSWHZTSEU-FYBSXPHGSA-N,1,CHEMBL222559,True
NC(=O)NS(=O)(=O)c1ccc(N)cc1,WVAKABMNNSMCDK-UHFFFAOYSA-N,1,CHEMBL139877,True
CC(=O)Oc1ccc(C2(c3ccc(OC(C)=O)cc3)C(=O)N(C(C)=O)c3ccccc32)cc1,JPGUEMQIAGJQSJ-UHFFFAOYSA-N,1,CHEMBL1909288,True
Cc1ccc(Nc2c(F)cccc2Cl)c(CC(=O)O)c1,KHPKQFYUPIUARC-UHFFFAOYSA-N,1,CHEMBL404108,True
CN(C)CCCC1c2ccccc2Nc2ccc(Cl)cc21,JFRLWWDJCFYFSU-UHFFFAOYSA-N,1,CHEMBL1615350,True
NC(=O)C1CCN(CCCN2c3ccccc3Sc3ccc(Cl)cc32)CC1,OSJJYEUEJRVVOD-UHFFFAOYSA-N,1,CHEMBL1909072,True
CN1CCCC(CN2c3ccccc3Sc3ccccc32)C1,CBHCDHNUZWWAPP-UHFFFAOYSA-N,1,CHEMBL395110,True
O=C(O)Cc1csc(-c2ccc(Cl)cc2)n1,APBSKHYXXKHJFK-UHFFFAOYSA-N,1,CHEMBL1909282,True
Cc1nc([N+](=O)[O-])cn1-c1ccc([N+](=O)[O-])cc1,NMTBSNPBIGRZBL-UHFFFAOYSA-N,1,CHEMBL1909285,True
C=CCOc1ccc(CC(=O)O)cc1Cl,ARHWPKZXBHOEEE-UHFFFAOYSA-N,1,CHEMBL94081,True
CC(=O)N[C@@H]1[C@@H](O[C@@H]2O[C@@H](C(=O)O)[C@@H](O)[C@H](O)[C@H]2O)[C@@H](OS(=O)(=O)O)[C@@H](CO)O[C@H]1O,AVJBPWGFOQAPRH-FWMKGIEWSA-N,1,CHEMBL4071896,False
CCO[C@@H]1OC(=O)C[C@@H]1NC(=O)[C@@H]1CCCN2C(=O)CC[C@H](NC(=O)c3nccc4ccccc34)C(=O)N12,CXAGHAZMQSCAKJ-WAHHBDPQSA-N,1,CHEMBL437526,True
CN1CCC(Nc2ncc3ncnc(Nc4ccc(F)c(Cl)c4)c3n2)CC1,FTFRZXFNZVCRSK-UHFFFAOYSA-N,1,CHEMBL258940,True
CONC(=N)c1ccc(-c2ccc(-c3ccc(C(=N)NOC)cc3)o2)cc1,UKOQVLAXCBRRGH-UHFFFAOYSA-N,1,CHEMBL319669,True
COc1cccc2c1[C@@H]1CN(CCCCn3c(=O)[nH]c4c(sc5ncc(-c6ccccc6)nc54)c3=O)C[C@@H]1CO2,WDTAYDBPNYFWDR-WOJBJXKFSA-N,1,CHEMBL1256183,False
CC1=NN(c2ccc(C)c(C)c2)C(=O)/C1=N\Nc1cccc(-c2cccc(C(=O)O)c2)c1O.NCCO.NCCO,PLILLUUXAVKBPY-SBIAVEDLSA-N,1,CHEMBL3989691,False
CCCC(CCC)C(=O)O.CCCC(CCC)C(=O)[O-].[Na+],MSRILKIQRXUYCT-UHFFFAOYSA-M,1,CHEMBL2105613,False
Cc1nnc(C(C)C)n1[C@H]1C[C@H]2CC[C@@H](C1)N2CC[C@H](NC(=O)C1CCC(F)(F)CC1)c1ccccc1,GSNHKUDZZFZSJB-QUMGSSFMSA-N,1,CHEMBL256907,False
C[C@@](Cc1ccc(O)c(O)c1)(NN)C(=O)O,TZFNLOMSOLWIDK-JTQLQIEISA-N,1,CHEMBL1201236,False
CN1CC[C@]23c4c5ccc(O)c4O[C@H]2C(=O)CC[C@H]3[C@H]1C5,WVLOADHCBXTIJK-YNHQPCIGSA-N,1,CHEMBL398707,False
N=C(N)N,ZRALSGWEFCBTJO-UHFFFAOYSA-N,1,CHEMBL821,True
CCCCCNC(=N)N/N=C/c1c[nH]c2ccc(OC)cc12,IKBKZGMPCYNSLU-RGVLZGJSSA-N,1,CHEMBL76370,False
O=C(O[C@H]1CN2CCC1CC2)N1CCc2ccccc2[C@@H]1c1ccccc1,FBOUYBDGKBSUES-VXKWHMMOSA-N,1,CHEMBL1734,False
O=C1c2cccc3c2[C@H](CCC3)CN1[C@@H]1CN2CCC1CC2,CPZBLNMUGSZIPR-NVXWUHKLSA-N,1,CHEMBL1189679,False
O=[As][As+](=O)[O-],MOQADKPFYVWPSE-UHFFFAOYSA-N,1,CHEMBL5483015,False
C#C[C@@]1(O)CC[C@H]2[C@@H]3CCC4=CC(=O)CC[C@@H]4[C@H]3CC[C@@]21C,VIKNJXKGJWUCNN-JBKQDOAHSA-N,1,CHEMBL4082273,False
CN1CCCCC1CCN1c2ccccc2Sc2ccc([S+](C)[O-])cc21,SLVMESMUVMCQIY-UHFFFAOYSA-N,1,CHEMBL1088,True
CCCCc1ncc(/C=C(\Cc2cccs2)C(=O)O)n1Cc1ccc(C(=O)O)cc1,OROAFUQRIXKEMV-LDADJPATSA-N,1,CHEMBL813,False
C=C1CC[C@@]2(O)[C@H]3Cc4ccc(O)c5c4[C@@]2(CCN3CC2CC2)[C@H]1O5.Cl,GYWMRGWFQPSQLK-OPHZJPRHSA-N,1,CHEMBL1201152,False
CNS(=O)(=O)Cc1ccc2[nH]cc(CCN(C)C)c2c1,KQKPFRSPSRPDEB-UHFFFAOYSA-N,1,CHEMBL128,True
COc1ccccc1OCC(O)COC(N)=O,GNXFOGHNGIVQEH-UHFFFAOYSA-N,1,CHEMBL1201117,True
O=P(O)(O)C(O)(Cc1cccnc1)P(=O)(O)O,IIDJRNMFWXDHID-UHFFFAOYSA-N,1,CHEMBL923,True
CC(C)[C@H]1CC[C@H](C(=O)N[C@H](Cc2ccccc2)C(=O)O)CC1,OELFLUMRDSZNSF-BRWVUGGUSA-N,1,CHEMBL783,False
O=C1CCc2cc(OCCCCc3nnnn3C3CCCCC3)ccc2N1,RRGUKTPIGVIEKM-UHFFFAOYSA-N,1,CHEMBL799,True
CO[C@H]1/C=C/O[C@@]2(C)Oc3c(C)c(O)c4c(O)c(c(/C=N/N5CCN(C6CCCC6)CC5)c(O)c4c3C2=O)NC(=O)/C(C)=C\C=C\[C@H](C)[C@H](O)[C@@H](C)[C@@H](O)[C@@H](C)[C@H](OC(C)=O)[C@@H]1C,WDZCUPBHRAEYDL-GZAUEHORSA-N,1,CHEMBL1660,False
CCCCCOc1ccc(-c2ccc(-c3ccc(C(=O)N[C@H]4C[C@@H](O)[C@@H](O)NC(=O)[C@@H]5[C@@H](O)[C@@H](C)CN5C(=O)[C@H]([C@@H](C)O)NC(=O)[C@H]([C@H](O)[C@@H](O)c5ccc(O)cc5)NC(=O)[C@@H]5C[C@@H](O)CN5C(=O)[C@H]([C@@H](C)O)NC4=O)cc3)cc2)cc1,JHVAMHSQVVQIOT-MFAJLEFUSA-N,1,CHEMBL264241,True
CN(C)c1cc(NC(=O)CNC(C)(C)C)c(O)c2c1C[C@H]1C[C@H]3[C@H](N(C)C)C(O)=C(C(N)=O)C(=O)[C@@]3(O)C(O)=C1C2=O,FPZLLRFZJZRHSY-HJYUBDRYSA-N,1,CHEMBL376140,False
CC[C@@H]([C@H](C)O)n1ncn(-c2ccc(N3CCN(c4ccc(OC[C@@H]5CO[C@@](Cn6cncn6)(c6ccc(F)cc6F)C5)cc4)CC3)cc2)c1=O,RAGOYPUPXAKGKH-XAKZXMRKSA-N,1,CHEMBL1397,True
Cc1cn(-c2cc(NC(=O)c3ccc(C)c(Nc4nccc(-c5cccnc5)n4)c3)cc(C(F)(F)F)c2)cn1,HHZIURLSWUIHRB-UHFFFAOYSA-N,1,CHEMBL255863,True
C#C[C@]1(O)CC[C@H]2[C@@H]3CCC4=CC(=O)CC[C@@H]4[C@H]3C(=C)C[C@@]21CC,GCKFUYQCUCGESZ-BPIQYHPVSA-N,1,CHEMBL1531,False
CC(C)CN(C[C@@H](OP(=O)(O)O)[C@H](Cc1ccccc1)NC(=O)O[C@H]1CCOC1)S(=O)(=O)c1ccc(N)cc1,MLBVMOWEQCZNCC-OEMFJLHTSA-N,1,CHEMBL1664,False
CCCCCC(=O)O[C@]1(C(C)=O)CC[C@H]2[C@@H]3CCC4=CC(=O)CC[C@]4(C)[C@H]3CC[C@@]21C,DOMWKUIIPQCAJU-LJHIYBGHSA-N,1,CHEMBL1200848,False
CCCC(C)C1(CC)C(=O)NC(=O)NC1=O,WEXRUCMBJFQVBZ-UHFFFAOYSA-N,1,CHEMBL448,True
C1N2CN3CN1CN(C2)C3.O=C(O)CNC(=O)c1ccccc1,ROAIXOJGRFKICW-UHFFFAOYSA-N,1,CHEMBL1201104,False
CC(=O)N[C@H](Cc1ccc2ccccc2c1)C(=O)N[C@H](Cc1ccc(Cl)cc1)C(=O)N[C@H](Cc1cccnc1)C(=O)N[C@@H](CO)C(=O)N[C@@H](Cc1ccc(O)cc1)C(=O)N[C@H](CCCNC(N)=O)C(=O)N[C@@H](CC(C)C)C(=O)N[C@@H](CCCNC(=N)N)C(=O)N1CCC[C@H]1C(=O)N[C@H](C)C(N)=O,SBNPWPIBESPSIF-MHWMIDJBSA-N,1,CHEMBL1200490,False
Nc1nc(=O)n([C@@H]2CS[C@H](CO)O2)cc1F,XQSPYNMVSIKCOC-NTSWFWBYSA-N,1,CHEMBL885,True
NC(=O)c1cn(Cc2c(F)cccc2F)nn1,POGQSBRIGCQNEG-UHFFFAOYSA-N,1,CHEMBL1201754,False
Cc1cn([C@@H]2C[C@@H](O)[C@H](CO)O2)c(=O)[nH]c1=O,IQFYYKKMVGJFEH-CSMHCCOUSA-N,1,CHEMBL374731,False
C=CCC1(C(C)CCC)C(=O)NC(=O)NC1=O,KQPKPCNLIDLUMF-UHFFFAOYSA-N,1,CHEMBL447,True
COC[C@@H](NC(C)=O)C(=O)NCc1ccccc1,VPPJLAIAVCUEMN-GFCCVEGCSA-N,1,CHEMBL58323,True
C#CCC(Cc1cnc2nc(N)nc(N)c2n1)c1ccc(C(=O)N[C@@H](CCC(=O)O)C(=O)O)cc1,OGSBUKJUDHAQEA-WMCAAGNKSA-N,1,CHEMBL1201746,True
O=C(O)CN(CCN(CC(=O)O)CC(=O)O)CC(=O)O,KCXVZYZYPLLWCC-UHFFFAOYSA-N,1,CHEMBL858,True
N[C@@H](CS)C(=O)O,XUJNEKJLAYXESH-REOHCLBHSA-N,1,CHEMBL863,False
CC[C@H](C)[C@H](NC(=O)[C@H](CC(C)C)NC(=O)[C@H](CO)NC(=O)[C@H](Cc1cnc[nH]1)NC(=O)[C@@H](NC(=O)[C@H](CC(C)C)NC(=O)[C@H](CO)NC(=O)[C@@H](NC(=O)[C@H](Cc1ccc(O)cc1)NC(C)=O)[C@@H](C)O)[C@@H](C)CC)C(=O)N[C@@H](CCC(=O)O)C(=O)N[C@@H](CCC(=O)O)C(=O)N[C@@H](CO)C(=O)N[C@@H](CCC(N)=O)C(=O)N[C@@H](CC(N)=O)C(=O)N[C@@H](CCC(N)=O)C(=O)N[C@@H](CCC(N)=O)C(=O)N[C@@H](CCC(=O)O)C(=O)N[C@@H](CCCCN)C(=O)N[C@@H](CC(N)=O)C(=O)N[C@@H](CCC(=O)O)C(=O)N[C@@H](CCC(N)=O)C(=O)N[C@@H](CCC(=O)O)C(=O)N[C@@H](CC(C)C)C(=O)N[C@@H](CC(C)C)C(=O)N[C@@H](CCC(=O)O)C(=O)N[C@@H](CC(C)C)C(=O)N[C@@H](CC(=O)O)C(=O)N[C@@H](CCCCN)C(=O)N[C@@H](Cc1c[nH]c2ccccc12)C(=O)N[C@@H](C)C(=O)N[C@@H](CO)C(=O)N[C@@H](CC(C)C)C(=O)N[C@@H](Cc1c[nH]c2ccccc12)C(=O)N[C@@H](CC(N)=O)C(=O)N[C@@H](Cc1c[nH]c2ccccc12)C(=O)N[C@@H](Cc1ccccc1)C(N)=O,PEASPLKKXBYDKL-FXEVSJAOSA-N,1,CHEMBL525076,True
NC(=O)C[S@@+]([O-])C(c1ccccc1)c1ccccc1,YFGHCGITMMYXAQ-LJQANCHMSA-N,1,CHEMBL1201192,False
CC(C)(Oc1ccc(C(=O)c2ccc(Cl)cc2)cc1)C(=O)O,MQOBSOSZFYZQOK-UHFFFAOYSA-N,1,CHEMBL981,True
CCC[C@@H]1C[C@@H](C(=O)N[C@@H]([C@H]2O[C@H](SC)[C@H](OP(=O)(O)O)[C@@H](O)[C@H]2O)[C@H](C)Cl)N(C)C1,UFUVLHLTWXBHGZ-MGZQPHGTSA-N,1,CHEMBL3184512,False
O=[N+]([O-])O[C@@H]1CO[C@H]2[C@@H]1OC[C@H]2O,YWXYYJSYQOXTPL-KVTDHHQDSA-N,1,CHEMBL4076736,False
C[C@]12CC[C@@H]3c4ccc(O)cc4C[C@@H](CCCCCCCCC[S+]([O-])CCCC(F)(F)C(F)(F)F)[C@H]3[C@@H]1CC[C@@H]2O,VWUXBMIQPBEWFH-WCCTWKNTSA-N,1,CHEMBL1358,True
CC(=O)O.CCNC(=O)[C@@H]1CCCN1C(=O)[C@H](CCCNC(=N)N)NC(=O)[C@H](CC(C)C)NC(=O)[C@@H](Cc1cn(Cc2ccccc2)cn1)NC(=O)[C@H](Cc1ccc(O)cc1)NC(=O)[C@H](CO)NC(=O)[C@H](Cc1c[nH]c2ccccc12)NC(=O)[C@H](Cc1cnc[nH]1)NC(=O)[C@@H]1CCC(=O)N1,OWAUGAMNPZHEOJ-YKZVIGSYSA-N,1,CHEMBL1200509,False
C=C1/C(=C\C=C2/CCC[C@]3(C)[C@@H]([C@H](C)/C=C/[C@H](C)C(C)C)CC[C@@H]23)C[C@@H](O)C[C@@H]1O,HKXBNHCUPKIYDM-CGMHZMFXSA-N,1,CHEMBL1200810,False
NC(=O)CC[C@H](N)C(=O)O,ZDXPYRJPNDTMRX-VKHMYHEASA-N,1,CHEMBL930,False
CN(C)c1nc(N(C)C)nc(N(C)C)n1,UUVWYPNAQBNQJQ-UHFFFAOYSA-N,1,CHEMBL1455,True
C[C@@H](Cc1ccccc1)NC(=O)[C@@H](N)CCCCN,VOBHXZCDAVEXEY-JSGCOSHPSA-N,1,CHEMBL1201222,False
C[n+]1ccccc1C=NO,JBKPUQTUERUYQE-UHFFFAOYSA-O,1,CHEMBL1420,False
CC(=O)O.CC(C)[C@@H]1NC(=O)[C@H](CCCCN)NC(=O)[C@@H](Cc2c[nH]c3ccccc23)NC(=O)[C@H](Cc2ccc(O)cc2)NC(=O)[C@@H](NC(=O)[C@H](N)Cc2ccc3ccccc3c2)CSSC[C@@H](C(=O)N[C@H](C(N)=O)[C@@H](C)O)NC1=O,DEXPIBGCLCPUHE-UISHROKMSA-N,1,CHEMBL1201184,False
C[C@@H](O)[C@H]1C(=O)N2C(C(=O)O)=C(S[C@@H]3CN[C@H](CNS(N)(=O)=O)C3)[C@H](C)[C@H]12,AVAACINZEOAHHE-VFZPANTDSA-N,1,CHEMBL491571,True
COc1cc(C(C)=O)ccc1OCCCN1CCC(c2noc3cc(F)ccc23)CC1,XMXHEBAFVSFQEX-UHFFFAOYSA-N,1,CHEMBL14376,False
CC(=O)N[C@H](Cc1ccc2ccccc2c1)C(=O)N[C@H](Cc1ccc(Cl)cc1)C(=O)N[C@H](Cc1cccnc1)C(=O)N[C@@H](CO)C(=O)N[C@@H](Cc1ccc(NC(=O)[C@@H]2CC(=O)NC(=O)N2)cc1)C(=O)N[C@H](Cc1ccc(NC(N)=O)cc1)C(=O)N[C@@H](CC(C)C)C(=O)N[C@@H](CCCCNC(C)C)C(=O)N1CCC[C@H]1C(=O)N[C@H](C)C(N)=O,MEUCPCLKGZSHTA-XYAYPHGZSA-N,1,CHEMBL415606,True
C[C@H](Cc1cc2c(c(C(N)=O)c1)N(CCCO)CC2)NCCOc1ccccc1OCC(F)(F)F,PNCPYILNMDWPEY-QGZVFWFLSA-N,1,CHEMBL24778,False
C1CNCCN1.C[C@]12CC[C@@H]3c4ccc(OS(=O)(=O)O)cc4CC[C@H]3[C@@H]1CCC2=O,HZEQBCVBILBTEP-ZFINNJDLSA-N,1,CHEMBL1200980,False
CCC(C)C1(CC)C(=O)NC(=O)NC1=O,ZRIHAIZYIMGOAB-UHFFFAOYSA-N,1,CHEMBL449,True
NS(=O)(=O)c1cc2c(cc1C(F)(F)F)NCNS2(=O)=O,DMDGGSIALPNSEE-UHFFFAOYSA-N,1,CHEMBL1763,True
CCCC[C@](C)(O)C/C=C/[C@H]1[C@H](O)CC(=O)[C@@H]1CCCCCCC(=O)OC,OJLOPKGSLYJEMD-YCVNZHGXSA-N,1,CHEMBL4064157,False
COCCc1ccc(OCC(O)CNC(C)C)cc1.COCCc1ccc(OCC(O)CNC(C)C)cc1.O=C(O)CCC(=O)O,RGHAZVBIOOEVQX-UHFFFAOYSA-N,1,CHEMBL2356097,False
O=S(=O)(O)O[C@@H]1[C@@H](OS(=O)(=O)O)[C@H](O[C@@H]2CO[C@@H](O)[C@H](OS(=O)(=O)O)[C@H]2OS(=O)(=O)O)OC[C@H]1O,FCCNSUIJIOOXEZ-SJYYZXOBSA-N,1,CHEMBL4073796,True
CCCCC[C@H](O)/C=C/[C@@H]1[C@H]2C/C(=C/CCCC(=O)O)O[C@H]2C[C@H]1O,KAQKFAOMNZTLHT-OZUDYXHBSA-N,1,CHEMBL1139,False
Cc1ccsc1C(=CCCN1CCC[C@@H](C(=O)O)C1)c1sccc1C,PBJUNZJWGZTSKL-MRXNPFEDSA-N,1,CHEMBL1027,False
CNS(=O)(=O)CCc1ccc2[nH]cc(C3CCN(C)CC3)c2c1,AMKVXSZCKVJAGH-UHFFFAOYSA-N,1,CHEMBL1278,True
C[C@H](/C=C/[C@H](C)C(C)(C)O)[C@H]1CC[C@H]2/C(=C/C=C3C[C@@H](O)C[C@H](O)C3)CCC[C@]12C,BPKAHTKRCLCHEA-UBFJEZKGSA-N,1,CHEMBL1200622,False
CC1OC2(CS1)CN1CCC2CC1,WUTYZMFRCNBCHQ-UHFFFAOYSA-N,1,CHEMBL168815,True
Cc1cccc([C@H](C)c2c[nH]cn2)c1C,CUHVIMMYOGQXCV-NSHDSACASA-N,1,CHEMBL778,False
COc1ccc2c3c1O[C@H]1C[C@@H](O)C=C[C@@]31CCN(C)C2,ASUTZQLVASHGKV-JDFRZJQESA-N,1,CHEMBL659,False
CO/N=C(\C(=O)N[C@@H]1C(=O)N2C(C(=O)O)=C(/C=C\c3scnc3C)CS[C@H]12)c1csc(N)n1,KMIPKYQIOVAHOP-YLGJWRNMSA-N,1,CHEMBL1743,False
CC(=O)[C@@]1(O)CC[C@H]2[C@@H]3C=C(C)C4=CC(=O)CC[C@]4(C)[C@H]3CC[C@@]21C,VXIMPSPISRVBPZ-NWUMPJBXSA-N,1,CHEMBL4071215,True
CN1CC(=O)N2[C@H](c3ccc4c(c3)OCO4)c3[nH]c4ccccc4c3C[C@@H]2C1=O,WOXKDUGGOYFFRN-IIBYNOLFSA-N,1,CHEMBL779,True
CC(C)NCC(O)COc1ccc(CCOCC2CC2)cc1,NWIUTZDMDHAVTP-UHFFFAOYSA-N,1,CHEMBL423,True
CCCc1nc(C)c2c(=O)nc(-c3cc(S(=O)(=O)N4CCN(CC)CC4)ccc3OCC)[nH]n12,SECKRCOLJRRGGV-UHFFFAOYSA-N,1,CHEMBL1520,True
O=C1CCc2ccc(OCCCCN3CCN(c4cccc(Cl)c4Cl)CC3)cc2N1,CEUORZQYGODEFX-UHFFFAOYSA-N,1,CHEMBL1112,True
COC(=O)[C@@H]1CC2=CC(=O)CC[C@]2(C)[C@@]23O[C@@H]2C[C@@]2(C)[C@@H](CC[C@@]24CCC(=O)O4)[C@H]13,JUKPWJGBANNWMW-VWBFHTRKSA-N,1,CHEMBL1095097,True
CN1CCN(C(=O)O[C@H]2c3nccnc3C(=O)N2c2ccc(Cl)cn2)CC1,GBBSUAFBMRNDJC-INIZCTEOSA-N,1,CHEMBL1522,True
C[C@@H](O[C@H]1OCCN(Cc2n[nH]c(=O)[nH]2)[C@H]1c1ccc(F)cc1)c1cc(C(F)(F)F)cc(C(F)(F)F)c1,ATALOFNDEOCMKK-OITMNORJSA-N,1,CHEMBL1471,False
C#CCN[C@@H]1CCc2ccccc21,RUOKEQAAGRXIBM-GFCCVEGCSA-N,1,CHEMBL887,False
OC(CNCC(O)C1CCc2cc(F)ccc2O1)C1CCc2cc(F)ccc2O1,KOHIRBRYDXPAMZ-UHFFFAOYSA-N,1,CHEMBL434394,True
C[C@@H](O[C@H]1OCCN(Cc2nn(P(=O)(O)O)c(=O)[nH]2)[C@H]1c1ccc(F)cc1)c1cc(C(F)(F)F)cc(C(F)(F)F)c1,BARDROPHSZEBKC-OITMNORJSA-N,1,CHEMBL1199324,True
CO[C@H]1C[C@@H]2CC[C@@H](C)[C@@](O)(O2)C(=O)C(=O)N2CCCC[C@H]2C(=O)O[C@H]([C@H](C)C[C@@H]2CC[C@@H](OCCO)[C@H](OC)C2)CC(=O)[C@H](C)/C=C(\C)[C@@H](O)[C@@H](OC)C(=O)[C@H](C)C[C@H](C)/C=C/C=C/C=C/1C,HKVAMNSJSFKALM-GKUWKFKPSA-N,1,CHEMBL1908360,True
N=C(N)NC(=O)Cc1c(Cl)cccc1Cl,INJOMKTZOLKMBF-UHFFFAOYSA-N,1,CHEMBL862,True
CCOC(=O)[C@H](CCc1ccccc1)N[C@@H](C)C(=O)N1Cc2cc(OC)c(OC)cc2C[C@H]1C(=O)O,UWWDHYUMIORJTA-HSQYWUDLSA-N,1,CHEMBL1165,False
CN1CCC[C@@H]1Cc1c[nH]c2ccc(CCS(=O)(=O)c3ccccc3)cc12,PWVXXGRKLHYWKM-LJQANCHMSA-N,1,CHEMBL1510,True
O=C(O)CCCc1ccccc1,OBKXEAXTFZPCHS-UHFFFAOYSA-N,1,CHEMBL1469,False
CCCCCCCCCC(=O)OC1(c2ccc(Cl)cc2)CCN(CCCC(=O)c2ccc(F)cc2)CC1,GUTXTARXLVFHDK-UHFFFAOYSA-N,1,CHEMBL1200986,True
Cc1cn([C@@H]2O[C@@]3(COP(O)(=S)O[C@@H]4[C@@H](OP(O)(=S)OC[C@H]5O[C@@H](n6cc(C)c(=O)[nH]c6=O)[C@H](O)[C@@H]5OP(O)(=S)OC[C@H]5O[C@@H](n6cnc7c(=O)[nH]c(N)nc76)[C@H](O)[C@@H]5OP(O)(=S)OC[C@H]5O[C@@H](n6cnc7c(=O)[nH]c(N)nc76)[C@H](O)[C@@H]5OP(O)(=S)OC[C@H]5O[C@@H](n6ccc(N)nc6=O)[C@H](O)[C@@H]5OP(O)(=S)OC[C@H]5O[C@@H](n6cc(C)c(=O)[nH]c6=O)[C@H](O)[C@@H]5OP(O)(=S)OC[C@H]5O[C@@H](n6cnc7c(=O)[nH]c(N)nc76)[C@H](O)[C@@H]5OP(O)(=S)OC[C@H]5O[C@@H](n6ccc(N)nc6=O)[C@H](O)[C@@H]5OP(O)(=S)OC[C@H]5O[C@@H](n6cnc7c(N)ncnc76)[C@H](O)[C@@H]5OP(O)(=S)OC[C@H]5O[C@@H](n6cnc7c(=O)[nH]c(N)nc76)[C@H](O)[C@@H]5OP(O)(=S)OC[C@@]56CO[C@@H]([C@H](n7cc(C)c(N)nc7=O)O5)[C@@H]6OP(O)(=S)OC[C@@]56CO[C@@H]([C@H](n7cc(C)c(=O)[nH]c7=O)O5)[C@@H]6O)O[C@@H](n5cnc6c(N)ncnc65)[C@@H]4O)CO[C@@H]2[C@@H]3OP(O)(=S)OC[C@@]23CO[C@@H]([C@H](n4cc(C)c(=O)[nH]c4=O)O2)[C@@H]3O)c(=O)nc1N,LLVDANRRSVUHCX-OFQWNHSRSA-N,1,CHEMBL503433,False
Cc1cn([C@@H]2O[C@@]3(COP(O)(=S)O[C@H]4[C@H]5O[C@H](C)[C@]4(COP(O)(=S)O[C@H]4C[C@H](n6cc(C)c(=O)[nH]c6=O)O[C@@H]4COP(O)(=S)O[C@H]4[C@@H](O)[C@H](n6cnc7c6N=CNC7N)O[C@@H]4COP(O)(=S)O[C@H]4[C@@H](O)[C@H](n6cnc7c(=O)[nH]c(N)nc76)O[C@@H]4COP(O)(=S)O[C@H]4[C@@H](O)[C@H](n6ccc(N)nc6=O)O[C@@H]4COP(O)(=S)O[C@H]4[C@@H](O)[C@H](n6cnc7c(N)ncnc76)O[C@@H]4COP(O)(=S)O[C@H]4[C@@H](O)[C@H](n6ccc(N)nc6=O)O[C@@H]4COP(O)(=S)O[C@H]4[C@@H](O)[C@H](n6cc(C)c(=O)[nH]c6=O)O[C@@H]4COP(O)(=S)O[C@H]4[C@@H](O)[C@H](n6cnc7c(=O)[nH]c(N)nc76)O[C@@H]4COP(O)(=S)O[C@H]4[C@@H](O)[C@H](n6cnc7c(=O)[nH]c(N)nc76)O[C@@H]4COP(O)(=S)O[C@H]4[C@@H](O)[C@H](n6ccc(N)nc6=O)O[C@@H]4COP(O)(=S)O[C@H]4[C@H]6O[C@H](C)[C@]4(COP(O)(=S)O[C@H]4[C@H]7O[C@H](C)[C@]4(CO)O[C@H]7n4ccc(=O)[nH]c4=O)O[C@H]6n4cc(C)c(N)nc4=O)O[C@H]5n4ccc(=O)[nH]c4=O)[C@@H](C)O[C@@H]2[C@@H]3O)c(=O)nc1N,XYTOFZZIIYJECI-CTTKUTITSA-N,1,CHEMBL501528,False
CC(C)(C)NCc1cc(Nc2ccnc3cc(Cl)ccc23)ccc1F,OKGGBPZMSDNNFA-UHFFFAOYSA-N,1,CHEMBL453384,False
Cc1cn([C@@H]2O[C@]3(CO)CO[C@@H]2[C@@H]3OP(O)(=S)OC[C@]23CC([C@H](n4cc(C)c(=O)[nH]c4=O)O2)[C@@H]3OP(O)(=S)OC[C@H]2O[C@@H](n3cc(C)c(=O)[nH]c3=O)C[C@@H]2OP(O)(=S)OC[C@H]2O[C@@H](n3cnc4c(N)ncnc43)[C@H](O)[C@@H]2OP(O)(=S)OC[C@H]2O[C@@H](n3cnc4c(=O)[nH]c(N)nc43)[C@H](O)[C@@H]2OP(O)(=S)OC[C@H]2O[C@@H](n3ccc(N)nc3=O)[C@H](O)[C@@H]2OP(O)(=S)OC[C@H]2O[C@@H](n3cnc4c(N)ncnc43)[C@H](O)[C@@H]2OP(O)(=S)OC[C@H]2O[C@@H](n3ccc(N)nc3=O)[C@H](O)[C@@H]2OP(O)(=S)OC[C@H]2O[C@@H](n3cc(C)c(=O)[nH]c3=O)C[C@@H]2OP(O)(=S)OC[C@H]2O[C@@H](n3cnc4c(=O)[nH]c(N)nc43)[C@H](O)[C@@H]2OP(O)(=S)OC[C@H]2O[C@@H](n3cnc4c(=O)[nH]c(N)nc43)[C@H](O)[C@@H]2OP(O)(=S)OC[C@H]2O[C@@H](n3ccc(N)nc3=O)[C@H](O)[C@@H]2OP(O)(=S)OC[C@]23CO[C@@H]([C@H](n4cc(C)c(N)nc4=O)O2)[C@@H]3OP(O)(=S)OC[C@]23CC([C@H](n4cc(C)c(=O)[nH]c4=O)O2)[C@@H]3O)c(=O)nc1N,JXLKFRGVAKGKLT-AJDNJWQDSA-N,1,CHEMBL1093000,False
O=C(O)CCCOc1cccc(CCCCCCOc2cc(-c3ccsc3)cc(-c3ccc4c(c3)OCO4)c2)c1CCC(=O)O,SRPFDFNVILUDAI-UHFFFAOYSA-N,1,CHEMBL1098560,False
O=C(O)CCCOc1cccc(CCCCCCOc2cc(-c3ccc4c(c3)OCO4)cc(-c3ccccc3F)c2)c1CCC(=O)O,WMYNTTGGSSIVHK-UHFFFAOYSA-N,1,CHEMBL1094349,False
O=C(O)CCCOc1cccc(CCCCCCOc2cc(-c3ccncc3)cc(-c3ccncc3)c2)c1CCC(=O)O,HCBQJHASLYAXLH-UHFFFAOYSA-N,1,CHEMBL1099326,False
O=C(O)CCCOc1cccc(CCCCCCOc2cc(-c3ccccc3)cc(-c3ccccc3)c2)c1CCC(=O)O,SMNCEXHPBATBIT-UHFFFAOYSA-N,1,CHEMBL1099323,False
Cc1cn([C@@H]2O[C@@]3(CO)CO[C@@H]2[C@@H]3OP(O)(=S)OC[C@@]23CO[C@@H]([C@H](n4cc(C)c(=O)[nH]c4=O)O2)[C@@H]3OP(O)(=S)OC[C@@]23CO[C@@H]([C@H](n4cnc5c(=O)[nH]c(N)nc54)O2)[C@@H]3OP(O)(=S)OC[C@@]23CO[C@@H]([C@H](n4ccc(N)nc4=O)O2)[C@@H]3OP(O)(=S)OC[C@@]23CO[C@@H]([C@H](n4cc(C)c(=O)[nH]c4=O)O2)[C@@H]3OP(O)(=S)OC[C@@]23CO[C@@H]([C@H](n4cnc5ncnc(N)c54)O2)[C@@H]3OP(O)(=S)OC[C@@]23CO[C@@H]([C@H]([n+]4c[nH]c5nc(N)[nH]c(=O)c54)O2)[C@@H]3OP(O)(=S)OC[C@@]23CO[C@@H]([C@H](n4ccc(N)nc4=O)O2)[C@@H]3OP(O)(=S)OC[C@@]23CO[C@@H]([C@H](n4ccc(N)nc4=O)O2)[C@@H]3OP(O)(=S)OC[C@@]23CO[C@@H]([C@H](n4cc(C)c(=O)[nH]c4=O)O2)[C@@H]3OP(O)(=S)OC[C@@]23CO[C@@H]([C@H](n4ccc(N)nc4=O)O2)[C@@H]3OP(O)(=S)OC[C@@]23CO[C@@H]([C@H](n4cc(C)c(=O)[nH]c4=O)O2)[C@@H]3OP(O)(=S)OC[C@@]23CO[C@@H]([C@H]([n+]4c[nH]c5nc(N)[nH]c(=O)c54)O2)[C@@H]3OP(O)(=S)OC[C@@]23CO[C@@H]([C@H]([n+]4c[nH]c5nc(N)[nH]c(=O)c54)O2)[C@@H]3OP(O)(=S)OC[C@@]23CO[C@@H]([C@H](n4cnc5ncnc(N)c54)O2)[C@@H]3OP(O)(=S)OC[C@@]23CO[C@@H]([C@H](n4cc(C)c(=O)[nH]c4=O)O2)[C@@H]3OP(O)(=S)OC[C@@]23CO[C@@H]([C@H](n4cc(C)c(=O)[nH]c4=O)O2)[C@@H]3OP(O)(=S)OC[C@@]23CO[C@@H]([C@H](n4cc(C)c(=O)[nH]c4=O)O2)[C@@H]3O)c(=O)nc1N,LOQHDJDNZMTYNS-BIJQNEFVSA-Q,1,CHEMBL2367492,False
O=[Se]([O-])[O-].[Na+].[Na+],BVTBRVFYZUCAKH-UHFFFAOYSA-L,1,CHEMBL112302,False
C=CCO,XXROGKLTLUQVRX-UHFFFAOYSA-N,1,CHEMBL234926,True
Brc1ccccc1,QARVLSVVCXYDNA-UHFFFAOYSA-N,1,CHEMBL16068,True
COc1cc2c(c3oc(=O)c4c(c13)CCC4=O)[C@@H]1C=CO[C@@H]1O2,OQIQSTLJSLGHID-WNWIJWBNSA-N,1,CHEMBL1697694,False
CN(C)[C@@H]1C(O)=C(C(N)=O)C(=O)[C@@]2(O)C(O)=C3C(=O)c4c(O)ccc(Cl)c4[C@@H](O)[C@H]3C[C@@H]12.Cl,GVSJQNRGSCOSNJ-KBHRXELFSA-N,1,CHEMBL1200474,False
CC(C)(C)NC(=O)[C@@H]1C[C@@H]2CCCC[C@@H]2CN1C[C@@H](O)[C@H](Cc1ccccc1)NC(=O)[C@H](CC(N)=O)NC(=O)c1ccc2ccccc2n1.CS(=O)(=O)O,IRHXGOXEBNJUSN-YOXDLBRISA-N,1,CHEMBL282042,False
CCSCC[C@H](N)C(=O)O,GGLZPLKKBSSKCX-YFKPBYRVSA-N,1,CHEMBL203187,False
COc1cccc(OC)c1C(=O)N[C@@H]1C(=O)N2[C@@H]1SC(C)(C)[C@@H]2C(=O)[O-].[Na+],MGFZNWDWOKASQZ-UMLIZJHQSA-M,1,CHEMBL1164,False
O=S(=O)(O)O.Oc1cccc2cccnc12.Oc1cccc2cccnc12,YYVFXSYQSOZCOQ-UHFFFAOYSA-N,1,CHEMBL1697698,False
Cc1onc(-c2c(Cl)cccc2Cl)c1C(=O)N[C@@H]1C(=O)N2[C@@H]1SC(C)(C)[C@@H]2C(=O)[O-].O.[Na+],SIGZQNJITOWQEF-VICXVTCVSA-M,1,CHEMBL1200701,False
CN(C)c1ccc(O)c2c1C[C@H]1C[C@H]3[C@H](N(C)C)C(O)=C(C(N)=O)C(=O)[C@@]3(O)C(O)=C1C2=O.Cl,GLMUAFMGXXHGLU-VQAITOIOSA-N,1,CHEMBL1200881,False
CC(=O)N(O)CCCCCNC(=O)CCC(=O)N(O)CCCCCNC(=O)CCC(=O)N(O)CCCCCN.CS(=O)(=O)O,IDDIJAWJANBQLJ-UHFFFAOYSA-N,1,CHEMBL1234,False
C[C@H](CCC(=O)NCCS(=O)(=O)O)[C@H]1CC[C@H]2[C@@H]3[C@@H](O)C[C@@H]4C[C@H](O)CC[C@]4(C)[C@H]3CC[C@]12C,BHTRKEVKTKCXOH-LBSADWJPSA-N,1,CHEMBL272427,True
CC(=O)OCC1=C(C(=O)[O-])N2C(=O)[C@@H](NC(=O)Cc3cccs3)[C@H]2SC1.[Na+],VUFGUVLLDPOSBC-XRZFDKQNSA-M,1,CHEMBL1632,False
CCc1c(C)[nH]c2c1C(=O)C(CN1CCOCC1)CC2.Cl,GQWNECFJGBQMBO-UHFFFAOYSA-N,1,CHEMBL1200419,False
CN[C@@H]1[C@H](O)[C@H](NC)[C@H]2O[C@@]3(O)C(=O)C[C@@H](C)O[C@H]3O[C@@H]2[C@H]1O.Cl,BIPVCOUVVAMJMZ-MTTMTQIXSA-N,1,CHEMBL1200407,False
CCO.C[C@H]1c2cccc(O)c2C(=O)C2=C(O)[C@]3(O)C(=O)C(C(N)=O)=C(O)[C@@H](N(C)C)[C@@H]3[C@@H](O)[C@@H]21.Cl.O,JRNIHERUNQWMMW-WBYAVNBMSA-N,1,CHEMBL1200567,False
C=C1[C@@H]2CCC3[C@@](CC[C@@H]4[C@H](C(=O)O)C[C@@H](O[C@@H]5O[C@H](CO)[C@@H](OS(=O)(=O)[O-])[C@H](OS(=O)(=O)[O-])[C@H]5OC(=O)CC(C)C)C[C@@]34C)(C2)[C@@H]1O.[K+].[K+],IUCNQFHEWLYECJ-CXCSZTQTSA-L,1,CHEMBL499815,False
CCC[C@@H]1C[C@@H](C(=O)N[C@@H]([C@H]2O[C@H](SC)[C@H](O)[C@@H](O)[C@H]2O)[C@H](C)Cl)N(C)C1.Cl,AUODDLQVRAJAJM-XJQDNNTCSA-N,1,CHEMBL1200588,False
C=CCOC=O,ZHHZHHSFKCANOC-UHFFFAOYSA-N,1,CHEMBL1697703,True
O=C1NCN(c2ccccc2)C12CCN(CCCC(c1ccc(F)cc1)c1ccc(F)cc1)CC2,QOYHHIBFXOOADH-UHFFFAOYSA-N,1,CHEMBL46516,True
C=C1CC[C@H](O)C/C1=C/C=C1\CCC[C@]2(C)[C@@H]([C@H](C)CCCC(C)(C)O)CC[C@@H]12.O,WRLFSJXJGJBFJQ-WPUCQFJDSA-N,1,CHEMBL3544909,False
Br.CC(Cc1ccc(O)cc1)NCC(O)c1cc(O)cc(O)c1,SGZRQMALQBXAIQ-UHFFFAOYSA-N,1,CHEMBL537445,False
CC(C)N(CCC(C(N)=O)(c1ccccc1)c1ccccn1)C(C)C.O=P(O)(O)O,CGDDQFMPGMYYQP-UHFFFAOYSA-N,1,CHEMBL1201020,False
CC(C)(C)NCC(O)c1cc(O)cc(O)c1.O=S(=O)(O)O,MUPQZWGSBCWCAV-UHFFFAOYSA-N,1,CHEMBL1160544,False
C#C[C@]1(O)CC[C@H]2[C@@H]3CCc4cc(O)ccc4[C@H]3CC[C@@]21C,BFPYWIDHMRZLRN-SLHNCBLASA-N,1,CHEMBL691,False
Cl.O=c1n(CCCN2CCN(c3cccc(Cl)c3)CC2)nc2ccccn12,OHHDIOKRWWOXMT-UHFFFAOYSA-N,1,CHEMBL1200798,False
CC(C)(C)NC[C@H](O)COc1nsnc1N1CCOCC1.O=C(O)/C=C\C(=O)O,WLRMANUAADYWEA-NWASOUNVSA-N,1,CHEMBL1200870,False
CCOC(=O)Nc1ccc2c(c1)N(C(=O)CCN1CCOCC1)c1ccccc1S2.Cl,GAQAKFHSULJNAK-UHFFFAOYSA-N,1,CHEMBL1200334,False
Cn1nnnc1SCC1=C(C(=O)[O-])N2C(=O)[C@@H](NC(=O)[C@H](O)c3ccccc3)[C@H]2SC1.[Na+],OJMNTWPPFNMOCJ-CFOLLTDRSA-M,1,CHEMBL1360024,False
CN(C)CCN(Cc1cccs1)c1ccccn1,HNJJXZKZRAWDPF-UHFFFAOYSA-N,1,CHEMBL1411979,True
CC(C(=O)[O-])c1cccc(Oc2ccccc2)c1.[Na+],WVKIYGXHDKTNFO-UHFFFAOYSA-M,1,CHEMBL138241,False
CNNCc1ccc(C(=O)NC(C)C)cc1.Cl,DERJYEZSLHIUKF-UHFFFAOYSA-N,1,CHEMBL1200410,False
ClC(Cl)(Cl)Cl,VZGDMQKNWNREIO-UHFFFAOYSA-N,1,CHEMBL44814,True
CC(C)(C)NC[C@H](O)COc1ccccc1C1CCCC1.O=S(=O)(O)O,KTXVDQNRHZQBOR-RSAXXLAASA-N,1,CHEMBL1200363,False
C=C1c2cccc(O)c2C(=O)C2=C(O)[C@]3(O)C(=O)C(C(N)=O)=C(O)[C@@H](N(C)C)[C@@H]3[C@@H](O)[C@H]12.Cl,VZQARNDJLLWXGL-CCHMMTNSSA-N,1,CHEMBL2146123,False
CN1CCC(=C2c3ccccc3CCc3cccnc32)CC1.O=C(O)/C=C\C(=O)O.O=C(O)/C=C\C(=O)O,SGHXFFAHXTZRQM-SPIKMXEPSA-N,1,CHEMBL3544908,False
Cl.Clc1cccc(Cl)c1NC1=NCCN1,ZNIFSRGNXRYGHF-UHFFFAOYSA-N,1,CHEMBL1705,False
CC1(C)S[C@@H]2[C@H](NC(=O)[C@H](NC(=O)N3CCN(S(C)(=O)=O)C3=O)c3ccccc3)C(=O)N2[C@H]1C(=O)[O-].[Na+],GTGQRSIMEUWHPA-ZBJAFUORSA-M,1,CHEMBL1697708,False
Cl.Cl.O=C(CCN1CCN2CCCC2C1)N1c2ccccc2Sc2ccc(Cl)cc21,UERHIZBSLAGDLU-UHFFFAOYSA-N,1,CHEMBL1615352,False
CN(C)CCCN1c2ccccc2CCc2ccccc21.Cl,XZZXIYZZBJDEEP-UHFFFAOYSA-N,1,CHEMBL1692,False
C[C@H](N)Cc1ccccc1.C[C@H](N)Cc1ccccc1.O=S(=O)(O)O,PYHRZPFZZDCOPH-QXGOIDDHSA-N,1,CHEMBL3544971,False
COc1cc(NS(C)(=O)=O)ccc1Nc1c2ccccc2nc2ccccc12.Cl,WDISRLXRMMTXEV-UHFFFAOYSA-N,1,CHEMBL1256655,False
CC(=O)Nc1ccc2c(c1)Cc1ccccc1-2,CZIHNRWJTSTCEX-UHFFFAOYSA-N,1,CHEMBL311469,True
Cc1cccc(C)c1OCC(C)N.Cl,NFEIBWMZVIVJLQ-UHFFFAOYSA-N,1,CHEMBL1200606,False
CC(=O)O.O=C(NCC1CCCCN1)c1cc(OCC(F)(F)F)ccc1OCC(F)(F)F,RKXNZRPQSOPPRN-UHFFFAOYSA-N,1,CHEMBL1200822,False
CCN(CC)CCNC(=O)c1cc(Cl)c(N)cc1OC.Cl,RVFUNJWWXKCWNS-UHFFFAOYSA-N,1,CHEMBL1256771,False
COC(=O)C1=C(C)NC(C)=C(C(=O)OCCN(C)Cc2ccccc2)C1c1cccc([N+](=O)[O-])c1.Cl,AIKVCUNQWYTVTO-UHFFFAOYSA-N,1,CHEMBL1200326,False
CCCCC(CC)COC(=O)C=Cc1ccc(OC)cc1,YBGZDTIWKVFICR-UHFFFAOYSA-N,1,CHEMBL3183184,True
N=C(N)NCCN1CCCCCCC1.N=C(N)NCCN1CCCCCCC1.O=S(=O)(O)O,NBJGGHFXCGHTNJ-UHFFFAOYSA-N,1,CHEMBL2051958,False
S=C=Nc1cccc2ccccc12,JBDOSUUXMYMWQH-UHFFFAOYSA-N,1,CHEMBL1381098,True
COc1cc(C(=O)NCc2ccc(OCCN(C)C)cc2)cc(OC)c1OC.Cl,WIIZEEPFHXAUND-UHFFFAOYSA-N,1,CHEMBL1200887,False
CNCCc1ccccn1.Cl.Cl,XVDFMHARQUBJRE-UHFFFAOYSA-N,1,CHEMBL1446813,False
CN1CCCCC1CCN1c2ccccc2Sc2ccc([S+](C)[O-])cc21.O=S(=O)(O)c1ccccc1,CRJHBCPQHRVYBS-UHFFFAOYSA-N,1,CHEMBL1201052,False
Cc1ccc2cc3c(ccc4ccccc43)c3c2c1CC3,PPQNQXQZIWHJRB-UHFFFAOYSA-N,1,CHEMBL40583,False
CCCCCCCCCCCCCCCC(=O)OC[C@@H](NC(=O)C(Cl)Cl)[C@H](O)c1ccc([N+](=O)[O-])cc1,PXKHGMGELZGJQE-ILBGXUMGSA-N,1,CHEMBL1506,False
CN(CCCCCCCCCCN(C)C(=O)Oc1cccc([N+](C)(C)C)c1)C(=O)Oc1cccc([N+](C)(C)C)c1.[Br-].[Br-],YHKBUDZECQDYBR-UHFFFAOYSA-L,1,CHEMBL1200514,False
CC[C@]1(O)C[C@H]2CN(CCc3c([nH]c4ccccc34)[C@@](C(=O)OC)(c3cc4c(cc3OC)N(C=O)[C@H]3[C@@](O)(C(=O)OC)[C@H](OC(C)=O)[C@]5(CC)C=CCN6CC[C@]43[C@@H]65)C2)C1.O=S(=O)(O)O,AQTQHPDCURKLKT-JKDPCDLQSA-N,1,CHEMBL501867,False
C#C[C@]1(O)CC[C@H]2[C@@H]3CCc4cc(OC)ccc4[C@H]3CC[C@@]21C,IMSSROKUHAOUJS-MJCUULBUSA-N,1,CHEMBL1201151,True
C[C@]12CC[C@@H]3c4ccc(O)cc4CC[C@H]3[C@@H]1CC[C@@H]2O[C@@H]1O[C@H](C(=O)O)[C@@H](O)[C@H](O)[C@H]1O,MTKNDAQYHASLID-QXYWQCSFSA-N,1,CHEMBL1697724,False
CC1(c2ccccc2)Cc2cc(OCC(=O)O)c(Cl)c(Cl)c2C1=O,PRKWVSHZYDOZLP-UHFFFAOYSA-N,1,CHEMBL7797,True
Cl.O=C(O)CCCCCCNC1c2ccccc2CCc2ccccc21,VDPUXONTAVMIKZ-UHFFFAOYSA-N,1,CHEMBL1697712,False
CC(C)NCC(O)c1cc(O)cc(O)c1.CC(C)NCC(O)c1cc(O)cc(O)c1.O=S(=O)(O)O,MKFFGUZYVNDHIH-UHFFFAOYSA-N,1,CHEMBL1568057,False
CC1(C)S[C@@H]2[C@H](NC(=O)Cc3ccccc3)C(=O)N2[C@H]1C(=O)[O-].[Na+],FCPVYOBCFFNJFS-LQDWTQKMSA-M,1,CHEMBL1126,False
CN1[C@@H]2CC[C@H]1C[C@@H](OC(=O)[C@H](CO)c1ccccc1)C2.O=S(=O)(O)O,VJFQPODMEGSXHC-PGQIENJJSA-N,1,CHEMBL1697729,False
CCN(CC)Cc1cc(Nc2ccnc3cc(Cl)ccc23)ccc1O.Cl.Cl.Cl,XASZDHUZFUQQKH-UHFFFAOYSA-N,1,CHEMBL3216010,False
CN(C)[C@@H]1C(O)=C(C(N)=O)C(=O)[C@@]2(O)C(O)=C3C(=O)c4c(O)ccc(Cl)c4[C@@](C)(O)[C@H]3C[C@@H]12.Cl,CBHYYLPALVVVEY-MRFRVZCGSA-N,1,CHEMBL2146063,False
Cc1ccc(Cl)c(Nc2ccccc2C(=O)[O-])c1Cl.O.[Na+],QHJLLDJTVQAFAN-UHFFFAOYSA-M,1,CHEMBL1562610,False
CS(=O)(=O)O.Cc1ccc(N(CC2=NCCN2)c2cccc(O)c2)cc1,OGIYDFVHFQEFKQ-UHFFFAOYSA-N,1,CHEMBL1200873,False
Cl.Cl.O=C1c2c(O)ccc(O)c2C(=O)c2c(NCCNCCO)ccc(NCCNCCO)c21,ZAHQPTJLOCWVPG-UHFFFAOYSA-N,1,CHEMBL1417019,False
CN(C)CCn1nnnc1SCC1=C(C(=O)O)N2C(=O)[C@@H](NC(=O)Cc3csc(N)n3)[C@H]2SC1.Cl.Cl,BWRRTAXZCKVRON-DGPOFWGLSA-N,1,CHEMBL4303232,False
NC(CO)(CO)CO.O=C(c1ccccc1)c1ccc2n1CCC2C(=O)O,BWHLPLXXIDYSNW-UHFFFAOYSA-N,1,CHEMBL1201124,False
CC(C)COCC(CN(Cc1ccccc1)c1ccccc1)N1CCCC1.Cl.O,UEECHQPWQHYEDE-UHFFFAOYSA-N,1,CHEMBL1200382,False
Cc1onc(-c2ccccc2Cl)c1C(=O)N[C@@H]1C(=O)N2[C@@H]1SC(C)(C)[C@@H]2C(=O)[O-].O.[Na+],KCUWTKOTPIUBRI-VICXVTCVSA-M,1,CHEMBL1200388,False
CO/N=C(/C(=O)N[C@@H]1C(=O)N2C(C(=O)[O-])=C(CSc3nc(=O)c(O)nn3C)CS[C@H]12)c1csc(N)n1.[Na+],YOBPSXOHCHDCMU-IXIFSOOLSA-M,1,CHEMBL1697718,False
CC1(COc2ccc(CC3SC(=O)NC3=O)cc2)CCCCC1,YZFWTZACSRHJQD-UHFFFAOYSA-N,1,CHEMBL7002,True
CCN(CC)CCOc1ccc(/C(=C(/Cl)c2ccccc2)c2ccccc2)cc1.O=C(O)CC(O)(CC(=O)O)C(=O)O,PYTMYKVIJXPNBD-BTKVJIOYSA-N,1,CHEMBL1200667,False
C=C[C@H]1CN2CC[C@H]1C[C@H]2[C@H](O)c1ccnc2ccc(OC)cc12.C=C[C@H]1CN2CC[C@H]1C[C@H]2[C@H](O)c1ccnc2ccc(OC)cc12.O.O.O=S(=O)(O)O,ZHNFLHYOFXQIOW-LPYZJUEESA-N,1,CHEMBL2359966,False
CN1CCN(CCCN2c3ccccc3Sc3ccc(Cl)cc32)CC1.O=C(O)/C=C\C(=O)O,ZYSCHNVPUOSLNC-BTJKTKAUSA-N,1,CHEMBL1200587,False
Cl.O=C(O)c1cn(C2CC2)c2cc(N3CCNCC3)c(F)cc2c1=O,DIOIOSKKIYDRIQ-UHFFFAOYSA-N,1,CHEMBL1202,False
CNCCC=C1c2ccccc2CCc2ccccc21.Cl,SHAYBENGXDALFF-UHFFFAOYSA-N,1,CHEMBL1201156,False
CN(C)CCN(Cc1ccccc1)c1ccccn1.Cl,FSSICIQKZGUEAE-UHFFFAOYSA-N,1,CHEMBL1200446,False
c1ccc2c(c1)Nc1ccccc1S2,WJFKNYWRSNBZNX-UHFFFAOYSA-N,1,CHEMBL828,True
Cl.Nc1ccc(/N=N/c2ccccc2)c(N)n1,QQBPIHBUCMDKFG-GEEYTBSJSA-N,1,CHEMBL1201022,False
CN1CCC(=C2c3ccccc3C=Cc3ccccc32)CC1.Cl,ZPMVNZLARAEGHB-UHFFFAOYSA-N,1,CHEMBL1716,False
Oc1c(Cl)cc(Cl)cc1Sc1cc(Cl)cc(Cl)c1O,JFIOVJDNOJYLKP-UHFFFAOYSA-N,1,CHEMBL290106,True
CCn1cc(C(=O)O)c(=O)c2cc(F)c(N3CCNC(C)C3)c(F)c21.Cl,KXEBLAPZMOQCKO-UHFFFAOYSA-N,1,CHEMBL1728,False
O=[N+]([O-])c1cccc([N+](=O)[O-])c1,WDCYWAQPCXBPJA-UHFFFAOYSA-N,1,CHEMBL114070,True
Cc1ccc(-n2nc(C(C)(C)C)cc2NC(=O)Nc2ccc(OCCN3CCOCC3)c3ccccc23)cc1,MVCOAUNKQVWQHZ-UHFFFAOYSA-N,1,CHEMBL103667,True
Cc1cc2c(cc1-n1c(C(F)(F)F)nc3cc(C(=O)O)ccc31)C(C)(C)CCC2(C)C,GBMUQLAGEWYKTJ-UHFFFAOYSA-N,1,CHEMBL2332887,False
Cl.Nc1c2c(nc3ccccc13)CCCC2.O,PXGRMZYJAOQPNZ-UHFFFAOYSA-N,1,CHEMBL1337960,False
COC(=O)/C(=C1/OC(=O)C(c2ccccc2)=C1O)c1ccccc1,OMZRMXULWNMRAE-BMRADRMJSA-N,1,CHEMBL463212,False
COc1cc(C)c(C(=O)Oc2cc(C)c(C(=O)O)c(O)c2)c(O)c1,GODLCSLPZIBRMG-UHFFFAOYSA-N,1,CHEMBL1484978,False
O=c1cc(-c2ccccc2)oc2cc(OCCCN3CCN(CCCNc4c5c(nc6ccccc46)CCCC5)CC3)cc(O)c12,VBAJECZQEAYMJO-UHFFFAOYSA-N,1,CHEMBL2436703,False
CCCOc1ccc(-c2cc(C(C(=O)OCCOCCO)n3cc4nc(-c5cccc(F)c5F)nc-4cn3)on2)c(C(F)(F)F)c1,BWTYSDDDRNNKFV-UHFFFAOYSA-N,1,CHEMBL3121664,False
O=C(CNC(=O)c1ccccc1)NN1C(=O)CSC1c1ccccc1,KNSPHZFVYBNOPU-UHFFFAOYSA-N,1,CHEMBL3357331,False
CC(C)(C)c1cc2nc3ccccc3nc2s1,AHCBJGYELJNPOC-UHFFFAOYSA-N,1,CHEMBL3330077,False
NC(=O)c1nnc(N[C@@H]2CCCC[C@@H]2N)nc1Nc1cccc2cc[nH]c12,FPQNRXITKTZFMF-NWDGAFQWSA-N,1,CHEMBL3416026,False
COc1cc(O)cc(O)c1C(=O)CC(C)C,CSDLKVWYPVAIKE-UHFFFAOYSA-N,1,CHEMBL3915949,False
CC1=CCC[C@H]2[C@](C)(Cc3cc(O)cc(Sc4ccccc4C(=O)O)c3O)[C@@H](C)CC[C@]12C,PXYOTUPOITWOPU-JWNPUDRZSA-N,1,CHEMBL238756,False
C/C(=C\Cc1cc(O)cc(Sc2ccccc2C(=O)O)c1O)CCCC(C)CCCC(C)CCCC(C)C,QIXJMCNCXLOJKZ-LGUFXXKBSA-N,1,CHEMBL3922437,False
c1ccc2cc(NC3=NC[C@@]4(CN5CCC4CC5)O3)ncc2c1,ZDTPXUKLGIDOCS-SFHVURJKSA-N,1,CHEMBL3918431,False
COc1cc(CCc2ccc(Nc3c4c(nc5cc(Cl)ccc35)CCCC4)cc2)cc(OC)c1,CIHBFWGGJXFNKH-UHFFFAOYSA-N,1,CHEMBL4083174,False
COc1cc(CCc2ccc(Nc3c4c(nc5ccccc35)CCCC4)cc2)cc(OC)c1,BOGAHAUMRNNWPE-UHFFFAOYSA-N,1,CHEMBL4093419,False
COc1cc(CCc2ccc(Nc3c4c(nc5ccc(OC)cc35)CCCC4)cc2)cc(OC)c1,DXRDOOGXEOFHOC-UHFFFAOYSA-N,1,CHEMBL4072700,False
Oc1cc(O)cc(CCc2ccc(Nc3c4c(nc5cc(Cl)ccc35)CCCC4)cc2)c1,MDXJIXIXYVKOEN-UHFFFAOYSA-N,1,CHEMBL4066309,False
COc1cc(/C=C/c2ccc(Nc3c4c(nc5ccccc35)CCCC4)cc2)cc(OC)c1,PAAJKELBUMNQHC-VAWYXSNFSA-N,1,CHEMBL4075223,False
COc1cc(/C=C/c2ccc(Nc3c4c(nc5ccc(OC)cc35)CCCC4)cc2)cc(OC)c1,XRUSWEPHMVIRMS-CMDGGOBGSA-N,1,CHEMBL4063963,False
Oc1cc(O)cc(/C=C/c2ccc(Nc3c4c(nc5cc(Cl)ccc35)CCCC4)cc2)c1,XZNDKAUHJQWCTR-AATRIKPKSA-N,1,CHEMBL4081795,False
CNC(=O)C1CCc2nc3cc(Br)ccc3c(N)c2C1,ZGVLEPXVPCWAAW-UHFFFAOYSA-N,1,CHEMBL4205467,False
Nc1c2c(nc3ccccc13)CCC(C(=O)NCCc1ccccc1)C2,HWXMVNJHAQBMGN-UHFFFAOYSA-N,1,CHEMBL4218238,False
Nc1c2c(nc3ccccc13)CCC(C(=O)NCCCc1ccccc1)C2,OYHDIURQIIDFSG-UHFFFAOYSA-N,1,CHEMBL4213301,False
Nc1c2c(nc3cc(Br)ccc13)CCC(C(=O)NCCc1ccccc1)C2,XWHXBDJVKUBUPH-UHFFFAOYSA-N,1,CHEMBL4208905,False
Nc1c2c(nc3cc(Br)ccc13)CCC(C(=O)NCCCc1ccccc1)C2,MKXGHWZEYYSQRA-UHFFFAOYSA-N,1,CHEMBL4206709,False
O=c1[nH]c2ccc(-c3c(Cl)cccc3OC(F)(F)F)cc2[nH]1,COBXSLRIXGQVGS-UHFFFAOYSA-N,1,CHEMBL4214902,False
CSCC[C@@H]1NC(=O)[C@H](CCC(N)=O)NC(=O)[C@H](Cc2cnc[nH]2)NC(=O)[C@H](CC(=O)O)NC(=O)[C@H]([C@@H](C)O)NC(=O)[C@H]([C@@H](C)O)NC(=O)[C@H](Cc2ccccc2)NC(=O)[C@@H]2CSSC[C@@H]3NC(=O)[C@H](CCCCN)NC(=O)CNC(=O)[C@H](CCCNC(=N)N)NC(=O)CNC(=O)[C@H](CCCCN)NC(=O)CNC(=O)CNC(=O)[C@@H]4CSSC[C@H](NC(=O)[C@H](CCC(N)=O)NC(=O)[C@@H]5CCCN5C(=O)CNC(=O)[C@H](Cc5ccc(O)cc5)NC3=O)C(=O)N[C@@H](CC(C)C)C(=O)N[C@H](C(=O)N[C@@H](CCCNC(=N)N)C(N)=O)CSSC[C@H](NC(=O)[C@H](CCCCN)NC(=O)[C@H](CCCNC(=N)N)NC(=O)[C@H](C)NC1=O)C(=O)N[C@@H](CC(=O)O)C(=O)N[C@@H](CC(=O)O)C(=O)N[C@@H](CSSC[C@H](NC(=O)[C@@H](N)CCSC)C(=O)N[C@@H](CCSC)C(=O)N1CCC[C@H]1C(=O)N2)C(=O)N4,WSMFIEQHZGVFEC-GQIQPHNSSA-N,1,CHEMBL4283817,False
C[C@]12C=C[C@@]3(CC[C@@H]4[C@](C)(CO)CCC[C@@]4(C)[C@@H]3CC1)C2,CIGQQQTZOIDQQR-FGSPNWDHSA-N,1,CHEMBL4444256,False
C[C@]12C=C[C@@]3(CC[C@@H]4[C@@](C)(CO)CCC[C@@]4(C)[C@@H]3CC1)C2,CIGQQQTZOIDQQR-BGSOWLKRSA-N,1,CHEMBL3589110,False
C[C@@]1(c2cc(NC(=O)c3ccc(C#N)cn3)ccc2F)C=CSC(N)=N1,VLLFGVHGKLDDLW-SFHVURJKSA-N,1,CHEMBL3916243,False
CCn1c(=O)n(Cc2cnn(C)c2)c(=O)c2cc(S(=O)(=O)NC3(CF)CC3)ccc21,HUMXMXKZASBHLD-UHFFFAOYSA-N,1,CHEMBL4438105,False
O=C(Nc1nc2ccc(Cl)cc2s1)NN1C(=O)CSC1c1ccc([N+](=O)[O-])cc1,HFEFVMLCQRYGPR-UHFFFAOYSA-N,1,CHEMBL4452708,False
O=C(Nc1nc2ccc(Cl)cc2s1)NN1C(=O)C(Cl)C1c1ccc(Cl)cc1Cl,HLULTZRXKIQNBX-UHFFFAOYSA-N,1,CHEMBL4569177,False
CCn1cnc2c(-c3ccc(F)c(-c4cc5c(cc4OC)C(=O)N(C)C5)c3)cnnc21,XPSAGIQSESMIJK-UHFFFAOYSA-N,1,CHEMBL4545044,False
Cc1cc(OCCCS(C)(=O)=O)cc(C)c1-c1cccc(COc2ccc3c(c2)OC[C@H]3CC(=O)O)c1,BZCALJIHZVNMGJ-HSZRJFAPSA-N,1,CHEMBL1829174,True
Cc1ccccc1-c1cccc(CNc2ccc(OCC(=O)O)c(F)c2)c1,BTDJUKVOKKMSFU-UHFFFAOYSA-N,1,CHEMBL4460582,False
O=C(O)COc1ccc(NCc2cccc(-c3ccccc3C(F)(F)F)c2)cc1F,YBZZWMVMQHZXIN-UHFFFAOYSA-N,1,CHEMBL4593950,False
CCOc1ccc(-c2cccc(CNc3ccc(OCC(=O)O)c(F)c3)c2)c(C)c1,DBLRLBZWFQIKEN-UHFFFAOYSA-N,1,CHEMBL4575598,False
Cc1cc(OCCO)ccc1-c1cccc(CNc2ccc(OCC(=O)O)c(F)c2)c1,LBAKRKFCEDSAKC-UHFFFAOYSA-N,1,CHEMBL4534840,False
COc1ncc(-c2ccc3ncc(-c4nnc(CCN5CCN(C)CC5)o4)n3c2)cc1NS(=O)(=O)c1ccc(F)cc1F,LSPJWTULWKYRTQ-UHFFFAOYSA-N,1,CHEMBL4440406,False
CC(NCCCNc1ccnc2cc(Cl)ccc12)c1ccc(-c2csc3ccc(F)cc23)cc1,GQEXVCVGAOTIEA-UHFFFAOYSA-N,1,CHEMBL4447772,False
CC(=O)n1nc(-c2ccccc2)cc1-c1cn(-c2ccccc2)nc1-c1ccc(OCc2ccccc2)cc1,GXVBFMDZQMQKOU-UHFFFAOYSA-N,1,CHEMBL4449905,False
Clc1ccc(-c2cc(-c3cn(-c4ccccc4)nc3-c3ccc(OCc4ccccc4)cc3)on2)cc1,HVCATJDIMKDNQF-UHFFFAOYSA-N,1,CHEMBL4440931,False
S=c1nc(-c2ccc(Cl)cc2)cc(-c2cn(-c3ccccc3)nc2-c2ccc(OCc3ccccc3)cc2)[nH]1,XKZFZDRNMFBOTH-UHFFFAOYSA-N,1,CHEMBL4452435,False
Nc1nc(-c2ccccc2)cc(-c2cn(-c3ccccc3)nc2-c2ccc(OCc3ccccc3)cc2)n1,WUHOQZCJWKCYCC-UHFFFAOYSA-N,1,CHEMBL4451192,False
N#CC1=C(N)OC(c2ccccc2)=CC1c1cn(-c2ccccc2)nc1-c1ccc(OCc2ccccc2)cc1,FVYHTJOFZUDSPQ-UHFFFAOYSA-N,1,CHEMBL4582667,False
COc1cc2c(cc1O)CC[C@@H]1[C@@H]2CC[C@]2(C)C(=O)/C(=C/c3ccc(Cl)cc3)C[C@@H]12,NWJMUYNQRYAJIB-KLISCUKASA-N,1,CHEMBL4463259,False
Cn1c(=O)c2c(nc3n2CCCN3Cc2ccccc2Br)n(C)c1=O,VPAPPHOZFDSBAJ-UHFFFAOYSA-N,1,CHEMBL4535750,False
Cn1c(=O)c2c(nc3n2CCCN3Cc2c(F)cccc2Cl)n(C)c1=O,KUGUNHHHNWFJTM-UHFFFAOYSA-N,1,CHEMBL4521517,False
Cn1c(=O)c2c(nc3n2CCCCN3Cc2ccc(Cl)c(Cl)c2)n(C)c1=O,FCUKFDGGKFWZJB-UHFFFAOYSA-N,1,CHEMBL4569183,False
CCP(=O)(OC)c1ccc2oc(-c3cccc(C(F)(F)F)c3)nc2c1,GIJPBJLOHMBSSM-UHFFFAOYSA-N,1,CHEMBL4634268,False
CCP(=O)(OC)c1ccc2oc(-c3ccc(C(F)(F)F)cc3)nc2c1,JORWQECTVIFNQT-UHFFFAOYSA-N,1,CHEMBL4640211,False
CCP(=O)(OC)c1ccc2oc(-c3ccc(F)cc3)nc2c1,MNCZMYLRBLYUPR-UHFFFAOYSA-N,1,CHEMBL4638592,False
CC1(C)CCSc2ccc(C#Cc3ccc(C(=O)O)cn3)cc21,IQIBKLWBVJPOQO-UHFFFAOYSA-N,1,CHEMBL1201375,False
CC[C@H](C)C1=C2N=C3OC=CC=C[C@@]34OC[C@H]3O[C@@]4(OC3(C)C)N2[C@@H](Cc2ccccc2)C(=O)N1,QUGPSPNIFZMGKK-INMPTZRCSA-N,1,CHEMBL4789198,False
NC(=O)c1ccccc1S(=O)(=O)NCC(=O)Nc1ccc(O)cc1,WJSYAZTYXSDFEV-UHFFFAOYSA-N,1,CHEMBL4759922,False
CC(C)NC(=O)c1ccccc1S(=O)(=O)NCC(=O)Nc1ccc(O)cc1,XVIRQUPKJKMFRN-UHFFFAOYSA-N,1,CHEMBL4748000,False
O=C(CNS(=O)(=O)c1ccccc1C(=O)NCc1ccccc1)Nc1ccc(O)cc1,JZWWDTIBYWFKGK-UHFFFAOYSA-N,1,CHEMBL4778557,False
O=C(CNS(=O)(=O)c1ccccc1C(=O)NCCc1ccccc1)Nc1ccc(O)cc1,RPCHOOHBCZMYSY-UHFFFAOYSA-N,1,CHEMBL4762179,False
O=C(CNS(=O)(=O)c1ccccc1C(=O)N1CCN(Cc2ccccc2)CC1)Nc1ccc(O)cc1,AXAYHWMZHPSWKD-UHFFFAOYSA-N,1,CHEMBL4762070,False
Cc1cc(COC(=O)NCCCCCCNc2c3c(nc4ccccc24)CCCC3)c(OCc2ccc(B3OC(C)(C)C(C)(C)O3)cc2)c(COC(=O)C(C)c2ccc(CC(C)C)cc2)c1,SKELAQDUKQZHFA-UHFFFAOYSA-N,1,CHEMBL4792602,False
CN1CCCCC1CCN1c2ccc(Br)cc2Sc2cc(Br)ccc21.Cl,XZKCKZLJVQITEO-UHFFFAOYSA-N,1,CHEMBL4791959,False
CCN(CC)c1ccc2c(-c3ccccc3C(=O)NCC(=O)NCC(=O)N[C@@H](CC(C)C)C(=O)N[C@@H](CCCCN)C(=O)N[C@H](CC(C)C)C(=O)N[C@@H](CC(C)C)C(=O)N[C@@H](CCCCN)C(=O)N[C@H](CCCCN)C(=O)N[C@@H](CC(C)C)C(=O)N[C@H](CC(C)C)C(=O)N[C@H](CCCCN)C(=O)N[C@@H](CCCCN)C(=O)N[C@@H](CC(C)C)C(=O)N[C@@H](CC(C)C)C(=O)N[C@H](CCCCN)C(=O)N[C@@H](CC(C)C)C(=O)N[C@@H](CC(C)C)C(N)=O)c3ccc(=[N+](CC)CC)cc-3oc2c1,RHGJXZFAEALZIR-GSSWQMCCSA-O,1,CHEMBL4855781,False
CN1CCC(Oc2ccc(N3C(=S)N(c4cnc(C#N)c(C(F)(F)F)c4)C(=O)C34CCC4)cc2)CC1,IZKSMIBPGSWAMO-UHFFFAOYSA-N,1,CHEMBL4865865,False
N#Cc1ncc(N2C(=O)C3(CCC3)N(c3ccc(OC4CCNCC4)cc3)C2=S)cc1C(F)(F)F,BJYQIDOKTISRPH-UHFFFAOYSA-N,1,CHEMBL4876579,False
CCC(C)Oc1cc(NC(=O)/C(C#N)=C(/C)O)c(F)cc1-c1cccc(C(F)(F)F)c1,HFXRJLLAJRGFLY-LGMDPLHJSA-N,1,CHEMBL5193565,False
C/C(O)=C(\C#N)C(=O)Nc1cc(OC(C)C)c(-c2cccc(C(F)(F)F)c2)cc1F,OTLNLRCPPGPFDK-VBKFSLOCSA-N,1,CHEMBL5169436,False
Clc1nccc(Nc2nnnn2Cc2ccccc2)n1,XRWQIKFCERFKOD-UHFFFAOYSA-N,1,CHEMBL5205086,False
CC1(N)CCN(c2cnc(-c3cccc(Cl)c3Cl)c(N)n2)CC1,YGUFCDOEKKVKJK-UHFFFAOYSA-N,1,CHEMBL4060033,False
O=Cc1c(-c2nc(NCCC3CCCC3)c3ccccc3n2)[nH]c2ccccc12,XWDAZJYJVQULHQ-UHFFFAOYSA-N,1,CHEMBL5560184,False
CC(F)(F)c1nnc(N[C@H](c2cn3ncc([C@@H](C4CC4)N4C[C@@H](C(F)(F)F)NC4=O)cc3n2)C2CCC(F)(F)CC2)o1,JKAYAIYRZARNRQ-YTQUADARSA-N,1,CHEMBL5592636,False
CSc1ccc(C(=O)/C=C/c2cc(C)c(OC(C)(C)C(=O)O)c(C)c2)cc1,AFLFKFHDSCQHOL-IZZDOVSWSA-N,1,CHEMBL3707395,False
CN(C)c1ccc2cc(C(=O)N[C@@H](CCCNC(=N)CCl)C(=O)NCc3ccccc3)ccc2c1,LJJCYRVBDASIDX-DEOSSOPVSA-N,1,CHEMBL3682418,False
CC[C@H](C)[C@@H]([C@@H](CC(=O)N1CCC[C@H]1[C@H](OC)[C@@H](C)C(=O)N[C@@H](Cc1ccccc1)c1nccs1)OC)N(C)C(=O)[C@@H](NC(=O)[C@H]([C@@H](C)CC)N(C)C)C(C)C,OJSUENRPBJADBN-KJTFKGMVSA-N,1,CHEMBL501233,False
Cl[C@H]1[C@H](Cl)[C@@H](Cl)[C@H](Cl)[C@@H](Cl)[C@@H]1Cl,JLYXXMFPNIAWKQ-CDRYSYESSA-N,1,CHEMBL389022,False
[N-]=[N+]=CC(=O)OC[C@H](N)C(=O)O,MZZGOOYMKKIOOX-VKHMYHEASA-N,1,CHEMBL1095699,False
COC(=O)Nc1nc2ccccc2[nH]1,TWFZGCMQGLPBSX-UHFFFAOYSA-N,1,CHEMBL70971,True
N#CC(C#N)=NNc1ccc(OC(F)(F)F)cc1,BMZRVOVNUMQTIN-UHFFFAOYSA-N,1,CHEMBL457504,False
C[C@H](CCC(=O)O)[C@H]1CC[C@H]2[C@@H]3CC[C@@H]4C[C@H](O)CC[C@]4(C)[C@H]3CC[C@]12C,SMEROWZSTRWXGI-HVATVPOCSA-N,1,CHEMBL1478,False
O=C(O)/C=C\C(=O)O,VZCYOOQTPOCHFL-UPHRSURJSA-N,1,CHEMBL539648,False
C[C@H]1C(=O)O[C@@H]2CCN3CC=C(COC(=O)[C@](C)(O)[C@]1(C)O)[C@H]23,QVCMHGGNRFRMAD-XFGHUUIASA-N,1,CHEMBL521035,False
CCCOc1ccc2[nH]c(NC(=O)OC)nc2c1,RAOCRURYZCVHMG-UHFFFAOYSA-N,1,CHEMBL1087630,True
Oc1ccc(Br)cc1,GZFGOTFRPZRKDS-UHFFFAOYSA-N,1,CHEMBL57284,False
COc1ccc(C[C@H](N)C(=O)N[C@H]2[C@@H](O)[C@H](n3cnc4c(N(C)C)ncnc43)O[C@@H]2CO)cc1,RXWNCPJZOCPEPQ-NVWDDTSBSA-N,1,CHEMBL469912,False
CC(=N)S,YUKQRDCYNOVPGJ-UHFFFAOYSA-N,1,CHEMBL38737,False
CN1C(C(=O)Nc2nccs2)=C(O)c2ccccc2S1(=O)=O,SYCHUQUJURZQMO-UHFFFAOYSA-N,1,CHEMBL20634,False
NCCBr,IZQAUUVBKYXMET-UHFFFAOYSA-N,1,CHEMBL1697693,False
O=C1OC(c2ccc(O)c(S(=O)(=O)O)c2)(c2ccc(O)c(S(=O)(=O)O)c2)c2c(Br)c(Br)c(Br)c(Br)c21,OHTXTCNTQJFRIG-UHFFFAOYSA-N,1,CHEMBL574431,True
Cc1cc(C(C)(C)C)c(O)c(C(C)(C)C)c1,NLZUEZXRPGMBCV-UHFFFAOYSA-N,1,CHEMBL146,False
ClC(Cl)Cl,HEDRZPFGACZZDS-UHFFFAOYSA-N,1,CHEMBL44618,False
Clc1ccc(Cl)cc1,OCJBOOLMMGQPQU-UHFFFAOYSA-N,1,CHEMBL190982,False
ClCCCl,WSLDOOZREJYCGB-UHFFFAOYSA-N,1,CHEMBL16370,False
O=C1CCC(=O)N1c1cc(Cl)cc(Cl)c1,CFZLNRGUBAVQNO-UHFFFAOYSA-N,1,CHEMBL561915,False
CCCC[C@@H](CC)COC(=O)c1ccccc1C(=O)OC[C@@H](CC)CCCC,BJQHLKABXJIVAM-BGYRXZFFSA-N,1,CHEMBL402794,False
FCCCCCF,ZBQFYVZOWLAJKN-UHFFFAOYSA-N,1,CHEMBL1697728,False
CN(C)N=O,UMFJAHHVKNCGLG-UHFFFAOYSA-N,1,CHEMBL117311,False
CCCCCOC(=O)c1ccccc1C(=O)OCCCCC,IPKKHRVROFYTEK-UHFFFAOYSA-N,1,CHEMBL1503330,False
c1cc[n+]2c(c1)-c1cccc[n+]1CC2,SYJFEGQWDCRVNX-UHFFFAOYSA-N,1,CHEMBL1625720,False
C=C(C)[C@H]1CC=C(C)CC1,XMGQYMWWDOXHJM-JTQLQIEISA-N,1,CHEMBL449062,True
CS(=O)(=O)OCCOS(C)(=O)=O,QSQFARNGNIZGAW-UHFFFAOYSA-N,1,CHEMBL170630,False
OCCO,LYCAIKOWRPUZTN-UHFFFAOYSA-N,1,CHEMBL457299,True
CC1=CC(=O)c2ccccc2C1=O,MJVAVZPDRWSRRC-UHFFFAOYSA-N,1,CHEMBL590,False
COCC(=O)O,RMIODHQZRUFFFF-UHFFFAOYSA-N,1,CHEMBL1697714,False
Nc1ccc(Cc2ccc(N)cc2)cc1,YBRVSVVVWCFQMG-UHFFFAOYSA-N,1,CHEMBL85728,False
C=C1C(=O)N[C@H](C)C(=O)N[C@@H](CC(C)C)C(=O)N[C@@H](C(=O)O)[C@H](C)C(=O)N[C@@H](CCCNC(=N)N)C(=O)N[C@@H](/C=C/C(C)=C/[C@H](C)[C@H](Cc2ccccc2)OC)[C@H](C)C(=O)N[C@@H](C(=O)O)CCC(=O)N1C,ZYZCGGRZINLQBL-GWRQVWKTSA-N,1,CHEMBL444092,False
Oc1ccccc1Br,VADKRMSMGWJZCF-UHFFFAOYSA-N,1,CHEMBL186007,False
C[n+]1ccc(-c2cc[n+](C)cc2)cc1,INFDPOAKFNIJBF-UHFFFAOYSA-N,1,CHEMBL74469,False
S=C=Nc1ccccc1,QKFJKGMPGYROCL-UHFFFAOYSA-N,1,CHEMBL309036,False
CCCCCCCCCCCCCCCC(=O)OC/C=C(C)/C=C/C=C(C)/C=C/C1=C(C)CCCC1(C)C,VYGQUTWHTHXGQB-FFHKNEKCSA-N,1,CHEMBL1675,True
C=C(C)[C@H]1Cc2c(ccc3c2O[C@@H]2COc4cc(OC)c(OC)cc4[C@@H]2C3=O)O1,JUVIOZPCNVVQFO-HBGVWJBISA-N,1,CHEMBL429023,False
C[C@H](CCC(=O)NCCS(=O)(=O)O)[C@H]1CC[C@H]2[C@@H]3CC[C@@H]4C[C@H](O)CC[C@]4(C)[C@H]3CC[C@]12C,QBYUNVOYXHFVKC-GBURMNQMSA-N,1,CHEMBL408701,False
CC(=O)O,QTBSBXVTEAMEQO-UHFFFAOYSA-N,1,CHEMBL539,True
CC1=C(/C=C/C(C)=C/C=C/C(C)=C/C=C/C=C(C)/C=C/C=C(C)/C=C/C2=C(C)CCCC2(C)C)C(C)(C)CCC1,OENHQHLEOONYIE-JLTXGRSLSA-N,1,CHEMBL1293,True
CCCC(=O)Nc1ncnc2c1ncn2[C@@H]1O[C@@H]2COP(=O)(O)O[C@H]2[C@H]1OC(=O)CCC,CJGYSWNGNKCJSB-YVLZZHOMSA-N,1,CHEMBL485980,True
C[N+](C)(C)CC(O)CC(=O)[O-],PHIQHXFUZVPYII-UHFFFAOYSA-N,1,CHEMBL172513,False
Oc1cc(O)c2c(c1)OC(c1ccc(O)c(O)c1)C(O)C2,PFTAWBLQPZVEMU-UHFFFAOYSA-N,1,CHEMBL206452,False
CC(=O)O[C@]1(C(C)=O)CC[C@H]2[C@@H]3C=C(Cl)C4=CC(=O)CC[C@]4(C)[C@H]3CC[C@@]21C,QMBJSIBWORFWQT-DFXBJWIESA-N,1,CHEMBL110691,False
C[S+](C)[O-],IAZDPXIOMUYVGZ-UHFFFAOYSA-N,1,CHEMBL504,False
CCO,LFQSCWFLJHTTHZ-UHFFFAOYSA-N,1,CHEMBL545,True
CCOC(=O)[C@@]1(CCCCCCOc2ccc(Cl)cc2)CO1,DZLOHEOHWICNIL-QGZVFWFLSA-N,1,CHEMBL2051959,False
CCC(=O)N(c1ccccc1)C1CCN(CCc2ccccc2)CC1,PJMPHNIQZUBGLI-UHFFFAOYSA-N,1,CHEMBL596,True
O=C(CO)[C@@H](O)[C@H](O)[C@H](O)CO,BJHIKXHVCXFQLS-UYFOZJQFSA-N,1,CHEMBL1232863,False
OCC(O)CO,PEDCQBHIVMGVHV-UHFFFAOYSA-N,1,CHEMBL692,True
CC(O)C(=O)O,JVTAAEKCZFNVCJ-UHFFFAOYSA-N,1,CHEMBL1200559,True
CNC[C@H](O)c1cccc(O)c1,SONNWYBIRXJNDC-VIFPVBQESA-N,1,CHEMBL1215,False
CCCCC[C@H](O)/C=C/[C@H]1[C@H](O)CC(=O)[C@@H]1CCCCCCC(=O)O,GMVPRGQOIOIIMI-DWKJAMRDSA-N,1,CHEMBL495,False
CCCCC[C@H](O)/C=C/[C@@H]1[C@@H](C/C=C\CCCC(=O)O)[C@@H](O)C[C@H]1O,PXGPLTODNUVGFL-YNNPMVKQSA-N,1,CHEMBL815,True
Cc1ccc(C2CC(c3ccc(-c4ccccc4)cc3)=NN2)cc1,PMLZZDFKZFUXGL-UHFFFAOYSA-N,0,CHEMBL438882,False
COc1cc(OC)c(C2CC(c3ccc(-c4ccccc4)cc3)=NN2C(=O)c2ccccc2)c(OC)c1,QTXJZJZOAMAASP-UHFFFAOYSA-N,0,CHEMBL403438,False
O=C(NC(=S)Nc1nc2ccc(Cl)cc2s1)c1ccccc1,GCQQARYPSYGRIN-UHFFFAOYSA-N,0,CHEMBL495541,False
O=C(NC(=S)Nc1nc2ccc(F)cc2s1)c1ccccc1,QBGIPXPNKVUYEF-UHFFFAOYSA-N,0,CHEMBL374408,False
O=C(NC(=S)Nc1nc2ccc([N+](=O)[O-])cc2s1)c1ccccc1,XYNJHGPUNXFIPS-UHFFFAOYSA-N,0,CHEMBL523409,False
Cc1ccc2nc(NC(=S)NC(=O)c3ccccc3)sc2c1,IPNWRXTVJQGPPN-UHFFFAOYSA-N,0,CHEMBL496165,False
COc1ccc2nc(NC(=S)NC(=O)c3ccccc3)sc2c1,FDKRYIFNZTZWAQ-UHFFFAOYSA-N,0,CHEMBL504026,False
O=C(NC(=S)Nc1nc2ccc(Br)cc2s1)c1ccccc1Cl,NLBJCEAALVDHNE-UHFFFAOYSA-N,0,CHEMBL496166,False
O=C(NC(=S)Nc1nc2ccc(Cl)cc2s1)c1ccccc1Cl,ROWAOJGYWFVFDR-UHFFFAOYSA-N,0,CHEMBL501845,False
O=C(NC(=S)Nc1nc2ccc(F)cc2s1)c1ccccc1Cl,GZOZQVZVABEUDR-UHFFFAOYSA-N,0,CHEMBL496989,False
Cc1ccc2nc(NC(=S)NC(=O)c3ccccc3Cl)sc2c1,PQROHSRGYWGRJJ-UHFFFAOYSA-N,0,CHEMBL497190,False
COc1ccc2nc(NC(=S)NC(=O)c3ccccc3Cl)sc2c1,JFTXCEOCVAXNRJ-UHFFFAOYSA-N,0,CHEMBL523087,False
O=C(NC(=S)Nc1nc2ccc(Br)cc2s1)c1ccc(Cl)cc1,ZEFLWEGWMMCXGL-UHFFFAOYSA-N,0,CHEMBL504143,False
O=C(NC(=S)Nc1nc2ccc(Cl)cc2s1)c1ccc(Cl)cc1,SEKTXTXUGBBEJZ-UHFFFAOYSA-N,0,CHEMBL497191,False
O=C(NC(=S)Nc1nc2ccc(F)cc2s1)c1ccc(Cl)cc1,KGUCVLOVXGHCSE-UHFFFAOYSA-N,0,CHEMBL496991,False
Cc1ccc2nc(NC(=S)NC(=O)c3ccc(Cl)cc3)sc2c1,ZLETXBGTZFIOPO-UHFFFAOYSA-N,0,CHEMBL497199,False
COc1ccc2nc(NC(=S)NC(=O)c3ccc(Cl)cc3)sc2c1,SYADKCLRNHDZAJ-UHFFFAOYSA-N,0,CHEMBL523090,False
COc1ccc(C(=O)NC(=S)Nc2nc3ccc(Cl)cc3s2)cc1,KBJHEEDUXZLEJQ-UHFFFAOYSA-N,0,CHEMBL449445,False
COc1ccc(C(=O)NC(=S)Nc2nc3ccc(F)cc3s2)cc1,DNDFTKVGBYZNHU-UHFFFAOYSA-N,0,CHEMBL507070,False
COc1ccc(C(=O)NC(=S)Nc2nc3ccc([N+](=O)[O-])cc3s2)cc1,DHEQNUGUMHJLBH-UHFFFAOYSA-N,0,CHEMBL496549,False
COc1ccc(C(=O)NC(=S)Nc2nc3ccc(C)cc3s2)cc1,SXWNZVQOYWMBGP-UHFFFAOYSA-N,0,CHEMBL496550,False
COc1ccc(C(=O)NC(=S)Nc2nc3ccc(OC)cc3s2)cc1,VLDFPWQEHOEQCC-UHFFFAOYSA-N,0,CHEMBL498405,False
COC[C@H]1O[C@H]2[C@H](n3ccc(=O)[nH]c3=O)O[C@]1(COP(O)(=S)O[C@H]1[C@H]3O[C@H](COC)[C@]1(COP(O)(=S)OC[C@H]1O[C@@H](n4cnc5c(N)ncnc54)[C@H](O)[C@@H]1OP(O)(=S)OC[C@H]1O[C@@H](n4cc(C)c(=O)[nH]c4=O)[C@H](O)[C@@H]1OP(O)(=S)OC[C@H]1O[C@@H](n4cnc5c(=O)[nH]c(N)nc54)[C@H](O)[C@@H]1OP(O)(=S)OC[C@H]1O[C@@H](n4cnc5c(=O)[nH]c(N)nc54)[C@H](O)[C@@H]1OP(O)(=S)OC[C@H]1O[C@@H](n4ccc(N)nc4=O)[C@H](O)[C@@H]1OP(O)(=S)OC[C@H]1O[C@@H](n4cc(C)c(=O)[nH]c4=O)[C@H](O)[C@@H]1OP(O)(=S)OC[C@H]1O[C@@H](n4cnc5c(=O)[nH]c(N)nc54)[C@H](O)[C@@H]1OP(O)(=S)OC[C@H]1O[C@@H](n4ccc(N)nc4=O)[C@H](O)[C@@H]1OP(O)(=S)OC[C@H]1O[C@@H](n4cnc5c(N)ncnc54)[C@H](O)[C@@H]1OP(O)(=S)OC[C@H]1O[C@@H](n4cnc5c(=O)[nH]c(N)nc54)[C@H](O)[C@@H]1OP(O)(=S)OC[C@]14O[C@@H](n5ccc(N)nc5=O)[C@H](O[C@@H]1COC)[C@@H]4OP(O)(=S)OC[C@]14O[C@@H](n5ccc(=O)[nH]c5=O)[C@H](O[C@@H]1COC)[C@@H]4O)O[C@H]3n1ccc(N)nc1=O)[C@H]2O,AHQISWZMAQZKDI-JRGAYGKNSA-N,0,CHEMBL507788,False
COC[C@@H]1O[C@H]2[C@H](n3ccc(=O)[nH]c3=O)O[C@]1(COP(O)(=S)O[C@@H]1[C@H]3O[C@H](COC)[C@]1(COP(O)(=S)OC[C@H]1O[C@@H](n4cnc5c(N)ncnc54)[C@H](O)[C@@H]1OP(O)(=S)OC[C@H]1O[C@@H](n4cc(C)c(=O)[nH]c4=O)[C@H](O)[C@@H]1OP(O)(=S)OC[C@H]1O[C@@H](n4cnc5c(=O)[nH]c(N)nc54)[C@H](O)[C@@H]1OP(O)(=S)OC[C@H]1O[C@@H](n4cnc5c(=O)[nH]c(N)nc54)[C@H](O)[C@@H]1OP(O)(=S)OC[C@H]1O[C@@H](n4ccc(N)nc4=O)[C@H](O)[C@@H]1OP(O)(=S)OC[C@H]1O[C@@H](n4cc(C)c(=O)[nH]c4=O)[C@H](O)[C@@H]1OP(O)(=S)OC[C@H]1O[C@@H](n4cnc5c(=O)[nH]c(N)nc54)[C@H](O)[C@@H]1OP(O)(=S)OC[C@H]1O[C@@H](n4ccc(N)nc4=O)[C@H](O)[C@@H]1OP(O)(=S)OC[C@H]1O[C@@H](n4cnc5c(N)ncnc54)[C@H](O)[C@@H]1OP(O)(=S)OC[C@H]1O[C@@H](n4cnc5c(=O)[nH]c(N)nc54)[C@H](O)[C@@H]1OP(O)(=S)OC[C@]14O[C@@H](n5ccc(N)nc5=O)[C@H](O[C@H]1COC)[C@@H]4OP(O)(=S)OC[C@]14O[C@@H](n5ccc(=O)[nH]c5=O)[C@H](O[C@H]1COC)[C@@H]4O)O[C@H]3n1ccc(N)nc1=O)[C@H]2O,AHQISWZMAQZKDI-PYWVWOHBSA-N,0,CHEMBL527661,False
Cc1cn([C@@H]2O[C@@]3(COP(O)(=S)O[C@H]4[C@H]5OC[C@]4(CO)O[C@H]5n4cc(C)c(N)nc4=O)CO[C@@H]2[C@@H]3OP(O)(=S)OC[C@H]2O[C@@H](n3cnc4c(N)ncnc43)[C@H](O)[C@@H]2OP(O)(=S)OC[C@H]2O[C@@H](n3cnc4c(=O)[nH]c(N)nc43)[C@H](O)[C@@H]2OP(O)(=S)OC[C@H]2O[C@@H](n3cnc4c(=O)[nH]c(N)nc43)[C@H](O)[C@@H]2OP(O)(=S)OC[C@H]2O[C@@H](n3cc(C)c(=O)[nH]c3=O)C[C@@H]2OP(O)(=S)OC[C@H]2O[C@@H](n3ccc(N)nc3=O)[C@H](O)[C@@H]2OP(O)(=S)OC[C@H]2O[C@@H](n3ccc(N)nc3=O)[C@H](O)[C@@H]2OP(O)(=S)OC[C@H]2O[C@@H](n3ccc(N)nc3=O)[C@H](O)[C@@H]2OP(O)(=S)OC[C@H]2O[C@@H](n3cnc4c(=O)[nH]c(N)nc43)[C@H](O)[C@@H]2OP(O)(=S)OC[C@H]2O[C@@H](n3cnc4c(=O)[nH]c(N)nc43)[C@H](O)[C@@H]2OP(O)(=S)OC[C@H]2O[C@@H](n3cc(C)c(=O)[nH]c3=O)C[C@@H]2OP(O)(=S)OC[C@@]23CO[C@@H]([C@H](n4cc(C)c(=O)[nH]c4=O)O2)[C@@H]3OP(O)(=S)OC[C@@]23CO[C@@H]([C@H](n4ccc(N)nc4=O)O2)[C@@H]3O)c(=O)nc1N,NSLPVARPWPMVGF-GFDLUDKVSA-N,0,CHEMBL502060,False
Cc1cn([C@@H]2O[C@@]3(COP(O)(=S)O[C@H]4[C@H]5OC[C@]4(COP(O)(=S)O[C@@H]4[C@H](O)[C@@H](COP(O)(=S)O[C@H]6[C@@H](O)[C@H](n7cnc8c(=O)[nH]c(N)nc87)O[C@@H]6COP(O)(=S)O[C@H]6[C@@H](O)[C@H](n7ccc(N)nc7=O)O[C@@H]6COP(O)(=S)O[C@H]6[C@@H](O)[C@H](n7ccc(N)nc7=O)O[C@@H]6COP(O)(=S)O[C@H]6C[C@H](n7cc(C)c(=O)[nH]c7=O)O[C@@H]6COP(O)(=S)O[C@H]6[C@@H](O)[C@H](n7ccc(N)nc7=O)O[C@@H]6COP(O)(=S)O[C@H]6C[C@H](n7cc(C)c(=O)[nH]c7=O)O[C@@H]6COP(O)(=S)O[C@H]6[C@@H](O)[C@H](n7cnc8c(=O)[nH]c(N)nc87)O[C@@H]6COP(O)(=S)O[C@H]6[C@@H](O)[C@H](n7cnc8c(=O)[nH]c(N)nc87)O[C@@H]6COP(O)(=S)O[C@H]6[C@@H](O)[C@H](n7cnc8c(N)ncnc87)O[C@@H]6COP(O)(=S)O[C@H]6[C@H]7OC[C@]6(COP(O)(=S)O[C@H]6[C@H]8OC[C@]6(CO)O[C@H]8n6cc(C)c(=O)[nH]c6=O)O[C@H]7n6cc(C)c(=O)[nH]c6=O)O[C@H]4n4cnc6c(N)ncnc64)O[C@H]5n4cc(C)c(=O)[nH]c4=O)CO[C@@H]2[C@@H]3O)c(=O)nc1N,PQYZFGLAQVCFND-VLFSIVLRSA-N,0,CHEMBL529451,False
Cc1cn([C@@H]2O[C@@]3(COP(O)(=S)O[C@H]4[C@H]5OC[C@]4(COP(O)(=S)O[C@@H]4[C@H](O)[C@@H](COP(O)(=S)O[C@H]6[C@@H](O)[C@H](n7cnc8c(=O)[nH]c(N)nc87)O[C@@H]6COP(O)(=S)O[C@H]6[C@@H](O)[C@H](n7ccc(N)nc7=O)O[C@@H]6COP(O)(=S)O[C@H]6[C@@H](O)[C@H](n7ccc(N)nc7=O)O[C@@H]6COP(O)(=S)O[C@H]6C[C@H](n7cc(C)c(=O)[nH]c7=O)O[C@@H]6COP(O)(=S)O[C@H]6[C@@H](O)[C@H](n7ccc(N)nc7=O)O[C@@H]6COP(O)(=S)O[C@H]6C[C@H](n7cc(C)c(=O)[nH]c7=O)O[C@@H]6COP(O)(=S)O[C@H]6[C@@H](O)[C@H](n7cnc8c(=O)[nH]c(N)nc87)O[C@@H]6COP(O)(=S)O[C@H]6[C@@H](O)[C@H](n7cnc8c(=O)[nH]c(N)nc87)O[C@@H]6COP(O)(=S)O[C@H]6[C@@H](O)[C@H](n7cnc8c(N)ncnc87)O[C@@H]6COP(O)(=S)O[C@H]6[C@H]7OC[C@]6(COP(O)(=S)O[C@H]6[C@H]8OC[C@]6(COP(O)(=S)O[C@H]6[C@H]9OC[C@]6(CO)O[C@H]9n6cc(C)c(=O)[nH]c6=O)O[C@H]8n6cc(C)c(=O)[nH]c6=O)O[C@H]7n6cc(C)c(=O)[nH]c6=O)O[C@H]4n4cnc6c(N)ncnc64)O[C@H]5n4cc(C)c(=O)[nH]c4=O)CO[C@@H]2[C@@H]3O)c(=O)nc1N,GQZUCMAFLKTFBJ-AJIKBPMXSA-N,0,CHEMBL529004,False
Cc1cn([C@@H]2O[C@@]3(COP(O)(=S)O[C@H]4[C@H]5OC[C@]4(COP(O)(=S)O[C@@H]4[C@H](O)[C@@H](COP(O)(=S)O[C@H]6[C@@H](O)[C@H](n7cnc8c(=O)[nH]c(N)nc87)O[C@@H]6COP(O)(=S)O[C@H]6[C@@H](O)[C@H](n7ccc(N)nc7=O)O[C@@H]6COP(O)(=S)O[C@H]6[C@@H](O)[C@H](n7ccc(N)nc7=O)O[C@@H]6COP(O)(=S)O[C@H]6C[C@H](n7cc(C)c(=O)[nH]c7=O)O[C@@H]6COP(O)(=S)O[C@H]6[C@@H](O)[C@H](n7ccc(N)nc7=O)O[C@@H]6COP(O)(=S)O[C@H]6C[C@H](n7cc(C)c(=O)[nH]c7=O)O[C@@H]6COP(O)(=S)O[C@H]6[C@@H](O)[C@H](n7cnc8c(=O)[nH]c(N)nc87)O[C@@H]6COP(O)(=S)O[C@H]6[C@@H](O)[C@H](n7cnc8c(=O)[nH]c(N)nc87)O[C@@H]6COP(O)(=S)O[C@H]6[C@@H](O)[C@H](n7cnc8c(N)ncnc87)O[C@@H]6COP(O)(=S)O[C@H]6[C@H]7OC[C@]6(COP(O)(=S)O[C@H]6[C@H]8OC[C@]6(COP(O)(=S)O[C@H]6[C@H]9OC[C@]6(CO)O[C@H]9n6cc(C)c(=O)[nH]c6=O)O[C@H]8n6cc(C)c(=O)[nH]c6=O)O[C@H]7n6cc(C)c(=O)[nH]c6=O)O[C@H]4n4cnc6c(N)ncnc64)O[C@H]5n4cc(C)c(=O)[nH]c4=O)CO[C@@H]2[C@@H]3OP(O)(=S)OC[C@@]23CO[C@@H]([C@H](n4cnc5c(=O)[nH]c(N)nc54)O2)[C@@H]3O)c(=O)nc1N,RNZOKTVAEIZCMO-ZIOKOVDGSA-N,0,CHEMBL501036,False
COCCO[C@@H]1[C@H](O)[C@@H](COP(O)(=S)O[C@H]2[C@@H](OCCOC)[C@H](n3cc(C)c(N)nc3=O)O[C@@H]2COP(O)(=S)O[C@H]2[C@@H](OCCOC)[C@H](n3cc(C)c(=O)[nH]c3=O)O[C@@H]2COP(O)(=S)O[C@H]2[C@@H](OCCOC)[C@H](n3cc(C)c(=O)[nH]c3=O)O[C@@H]2COP(O)(=S)O[C@H]2[C@@H](OCCOC)[C@H](n3cc(C)c(N)nc3=O)O[C@@H]2COP(O)(=S)O[C@H]2[C@@H](O)[C@H](n3cc(C)c(N)nc3=O)O[C@@H]2COP(O)(=S)O[C@H]2[C@@H](O)[C@H](n3cc(C)c(N)nc3=O)O[C@@H]2COP(O)(=S)O[C@H]2C[C@H](n3cc(C)c(=O)[nH]c3=O)O[C@@H]2COP(O)(=S)O[C@H]2[C@@H](O)[C@H](n3cnc4c(=O)[nH]c(N)nc43)O[C@@H]2COP(O)(=S)O[C@H]2[C@@H](O)[C@H](n3cnc4c(N)ncnc43)O[C@@H]2COP(O)(=S)O[C@@H]2[C@H](O)[C@@H](COP(O)(=S)O[C@H]3[C@@H](O)[C@H](n4cnc5c(=O)[nH]c(N)nc54)O[C@@H]3COP(O)(=S)O[C@H]3[C@@H](O)[C@H](n4cnc5c(=O)[nH]c(N)nc54)O[C@@H]3COP(O)(=S)O[C@H]3C[C@H](n4cc(C)c(=O)[nH]c4=O)O[C@@H]3COP(O)(=S)O[C@H]3C[C@H](n4cc(C)c(=O)[nH]c4=O)O[C@@H]3COP(O)(=S)O[C@H]3[C@@H](OCCOC)[C@H](n4cc(C)c(=O)[nH]c4=O)O[C@@H]3COP(O)(=S)O[C@H]3[C@@H](OCCOC)[C@H](n4cc(C)c(N)nc4=O)O[C@@H]3COP(O)(=S)O[C@H]3[C@@H](OCCOC)[C@H](n4ccc(N)nc4=O)O[C@@H]3COP(O)(=S)O[C@H]3[C@@H](OCCOC)[C@H](n4cc(C)c(N)nc4=O)O[C@@H]3COP(O)(=S)O[C@H]3[C@@H](OCCOC)[C@H](n4cc(C)c(N)nc4=O)O[C@@H]3CO)O[C@H]2n2cnc3c(N)ncnc32)O[C@H]1n1cc(C)c(N)nc1=O,BWYUBVXQDMCSAV-UYCUNOMCSA-N,0,CHEMBL527887,False
COCCO[C@@H]1[C@H](O)[C@@H](COP(O)(=S)O[C@H]2[C@@H](OCCOC)[C@H](n3cc(C)c(=O)[nH]c3=O)O[C@@H]2COP(O)(=S)O[C@H]2[C@@H](OCCOC)[C@H](n3cnc4c(=O)[nH]c(N)nc43)O[C@@H]2COP(O)(=S)O[C@H]2[C@@H](OCCOC)[C@H](n3cc(C)c(N)nc3=O)O[C@@H]2COP(O)(=S)O[C@H]2[C@@H](OCCOC)[C@H](n3cc(C)c(=O)[nH]c3=O)O[C@@H]2COP(O)(=S)O[C@H]2[C@@H](O)[C@H](n3cnc4c(N)ncnc43)O[C@@H]2COP(O)(=S)O[C@H]2[C@@H](O)[C@H](n3cnc4c(=O)[nH]c(N)nc43)O[C@@H]2COP(O)(=S)O[C@H]2[C@@H](O)[C@H](n3cc(C)c(N)nc3=O)O[C@@H]2COP(O)(=S)O[C@H]2[C@@H](O)[C@H](n3cc(C)c(N)nc3=O)O[C@@H]2COP(O)(=S)O[C@H]2C[C@H](n3cc(C)c(=O)[nH]c3=O)O[C@@H]2COP(O)(=S)O[C@H]2[C@@H](O)[C@H](n3cc(C)c(N)nc3=O)O[C@@H]2COP(O)(=S)O[C@H]2C[C@H](n3cc(C)c(=O)[nH]c3=O)O[C@@H]2COP(O)(=S)O[C@H]2[C@@H](O)[C@H](n3cnc4c(=O)[nH]c(N)nc43)O[C@@H]2COP(O)(=S)O[C@H]2[C@@H](O)[C@H](n3cnc4c(=O)[nH]c(N)nc43)O[C@@H]2COP(O)(=S)O[C@H]2[C@@H](O)[C@H](n3cnc4c(N)ncnc43)O[C@@H]2COP(O)(=S)O[C@H]2[C@@H](OCCOC)[C@H](n3cc(C)c(=O)[nH]c3=O)O[C@@H]2COP(O)(=S)O[C@H]2[C@@H](OCCOC)[C@H](n3cc(C)c(=O)[nH]c3=O)O[C@@H]2COP(O)(=S)O[C@H]2[C@@H](OCCOC)[C@H](n3cc(C)c(=O)[nH]c3=O)O[C@@H]2COP(O)(=S)O[C@H]2[C@@H](OCCOC)[C@H](n3cnc4c(=O)[nH]c(N)nc43)O[C@@H]2COP(O)(=S)O[C@H]2[C@@H](OCCOC)[C@H](n3cnc4c(N)ncnc43)O[C@@H]2CO)O[C@H]1n1cc(C)c(N)nc1=O,IRILFFDFJQQRKF-AEWLORDKSA-N,0,CHEMBL499450,False
NNC(=O)c1cc2cc([N+](=O)[O-])ccc2s1,ABXPPZCMVGQVLA-UHFFFAOYSA-N,0,CHEMBL484279,False
O=C(NNC(=S)Nc1ccccc1)c1cc2cc([N+](=O)[O-])ccc2s1,BGIKBBZQLATKQU-UHFFFAOYSA-N,0,CHEMBL519369,False
Cc1ccc(/C=N/NC(=O)c2cc3cc([N+](=O)[O-])ccc3s2)o1,LNKFZWNGFUATGR-LZYBPNLTSA-N,0,CHEMBL485519,False
O=C(N/N=C/c1c[nH]c2ccccc12)c1cc2cc([N+](=O)[O-])ccc2s1,SPNBOBWPSSWEDS-KEBDBYFISA-N,0,CHEMBL485518,False
NNC(=O)Nc1cc2cc([N+](=O)[O-])ccc2s1,UHKUIJJADXRPQM-UHFFFAOYSA-N,0,CHEMBL447899,False
CC(C)Cc1ccc(C(C)c2nnc3sc(-c4ccc(Cl)cc4Cl)nn23)cc1,WYAFRUSXLQYNMU-UHFFFAOYSA-N,0,CHEMBL491844,False
Fc1ccc(Nc2nn3c(COc4ccc(-c5ccccc5)cc4)nnc3s2)cc1,BNQHPEOBDFTZPG-UHFFFAOYSA-N,0,CHEMBL523442,False
O=[N+]([O-])OCCCNCCCCNc1c2c(nc3ccccc13)CCCC2,NJRCJWGDCROWEJ-UHFFFAOYSA-N,0,CHEMBL407320,False
O=C(CO[N+](=O)[O-])NCCCNc1c2c(nc3ccccc13)CCCC2,FWBFWRIDEUVUDF-UHFFFAOYSA-N,0,CHEMBL269865,False
COC1=CC(=O)O[C@@H](/C=C/c2ccc3c(c2)OCO3)C1,GTEXBOVBADJOQH-FWEMWIAWSA-N,0,CHEMBL579224,False
CC(=O)Nc1ccc(S(=O)(=O)N2CCN(C)CC2)cc1,FIFVSQIZNIIPJZ-UHFFFAOYSA-N,0,CHEMBL1088192,False
CON1C[C@@]2(COP(O)(=S)O[C@H]3[C@H]4ON(OC)C[C@@]3(COP(O)(=S)O[C@H]3[C@@H](O)[C@H](n5ccc(N)nc5=O)O[C@@H]3COP(O)(=S)O[C@H]3[C@@H](O)[C@H](n5cnc6c(=O)[nH]c(N)nc65)O[C@@H]3COP(O)(=S)O[C@H]3[C@@H](O)[C@H](n5cnc6c(=O)[nH]c(N)nc65)O[C@@H]3COP(O)(=S)O[C@H]3C[C@H](n5cc(C)c(=O)[nH]c5=O)O[C@@H]3COP(O)(=S)O[C@H]3[C@@H](O)[C@H](n5ccc(N)nc5=O)O[C@@H]3COP(O)(=S)O[C@H]3[C@@H](O)[C@H](n5cnc6c(N)ncnc65)O[C@@H]3COP(O)(=S)O[C@H]3[C@@H](O)[C@H](n5ccc(N)nc5=O)O[C@@H]3COP(O)(=S)O[C@H]3[C@@H](O)[C@H](n5cnc6c(=O)[nH]c(N)nc65)O[C@@H]3COP(O)(=S)O[C@H]3[C@@H](O)[C@H](n5cnc6c(N)ncnc65)O[C@@H]3COP(O)(=S)O[C@H]3C[C@H](n5cc(C)c(=O)[nH]c5=O)O[C@@H]3COP(O)(=S)O[C@H]3[C@H]5ON(OC)C[C@@]3(COP(O)(=S)O[C@H]3[C@H]6ON(OC)C[C@@]3(CO)O[C@H]6n3cc(C)c(N)nc3=O)O[C@H]5n3cc(C)c(=O)[nH]c3=O)O[C@H]4n3cc(C)c(N)nc3=O)O[C@@H](n3cc(C)c(=O)[nH]c3=O)[C@H](O1)[C@@H]2O,PCHGKDHRMVTRPW-XZETYFOVSA-N,0,CHEMBL1093001,False
Cc1cn([C@@H]2O[C@]3(CO)CN(C)O[C@@H]2[C@@H]3OP(O)(=S)OC[C@]23CN(C)O[C@@H]([C@H](n4cc(C)c(=O)[nH]c4=O)O2)[C@@H]3OP(O)(=S)OC[C@H]2O[C@@H](n3cc(C)c(=O)[nH]c3=O)C[C@@H]2OP(O)(=S)OC[C@H]2O[C@@H](n3cnc4c(N)ncnc43)[C@H](O)[C@@H]2OP(O)(=S)OC[C@H]2O[C@@H](n3cnc4c(=O)[nH]c(N)nc43)[C@H](O)[C@@H]2OP(O)(=S)OC[C@H]2O[C@@H](n3ccc(N)nc3=O)[C@H](O)[C@@H]2OP(O)(=S)OC[C@H]2O[C@@H](n3cnc4c(N)ncnc43)[C@H](O)[C@@H]2OP(O)(=S)OC[C@H]2O[C@@H](n3ccc(N)nc3=O)[C@H](O)[C@@H]2OP(O)(=S)OC[C@H]2O[C@@H](n3cc(C)c(=O)[nH]c3=O)C[C@@H]2OP(O)(=S)OC[C@H]2O[C@@H](n3cnc4c(=O)[nH]c(N)nc43)[C@H](O)[C@@H]2OP(O)(=S)OC[C@H]2O[C@@H](n3cnc4c(=O)[nH]c(N)nc43)[C@H](O)[C@@H]2OP(O)(=S)OC[C@H]2O[C@@H](n3ccc(N)nc3=O)[C@H](O)[C@@H]2OP(O)(=S)OC[C@]23CN(C)O[C@@H]([C@H](n4cc(C)c(N)nc4=O)O2)[C@@H]3OP(O)(=S)OC[C@]23CN(C)O[C@@H]([C@H](n4cc(C)c(=O)[nH]c4=O)O2)[C@@H]3O)c(=O)nc1N,UBAVXBWRZDVYTR-MOWOJSCFSA-N,0,CHEMBL1093003,False
Cc1cn([C@@H]2O[C@]3(CO)CON(C)[C@@H]2[C@@H]3OP(O)(=S)OC[C@]23CON(C)[C@@H]([C@H](n4cc(C)c(=O)[nH]c4=O)O2)[C@@H]3OP(O)(=S)OC[C@H]2O[C@@H](n3cc(C)c(=O)[nH]c3=O)C[C@@H]2OP(O)(=S)OC[C@H]2O[C@@H](n3cnc4c(N)ncnc43)[C@H](O)[C@@H]2OP(O)(=S)OC[C@H]2O[C@@H](n3cnc4c(=O)[nH]c(N)nc43)[C@H](O)[C@@H]2OP(O)(=S)OC[C@H]2O[C@@H](n3ccc(N)nc3=O)[C@H](O)[C@@H]2OP(O)(=S)OC[C@H]2O[C@@H](n3cnc4c(N)ncnc43)[C@H](O)[C@@H]2OP(O)(=S)OC[C@H]2O[C@@H](n3ccc(N)nc3=O)[C@H](O)[C@@H]2OP(O)(=S)OC[C@H]2O[C@@H](n3cc(C)c(=O)[nH]c3=O)C[C@@H]2OP(O)(=S)OC[C@H]2O[C@@H](n3cnc4c(=O)[nH]c(N)nc43)[C@H](O)[C@@H]2OP(O)(=S)OC[C@H]2O[C@@H](n3cnc4c(=O)[nH]c(N)nc43)[C@H](O)[C@@H]2OP(O)(=S)OC[C@H]2O[C@@H](n3ccc(N)nc3=O)[C@H](O)[C@@H]2OP(O)(=S)OC[C@]23CON(C)[C@@H]([C@H](n4cc(C)c(N)nc4=O)O2)[C@@H]3OP(O)(=S)OC[C@]23CON(C)[C@@H]([C@H](n4cc(C)c(=O)[nH]c4=O)O2)[C@@H]3O)c(=O)nc1N,NHQRGANZTFGVLD-RUPUAKOCSA-N,0,CHEMBL1093004,False
COCCO[C@@H]1[C@H](OP(O)(=S)OC[C@H]2O[C@@H](n3cc(C)c(=O)[nH]c3=O)C[C@@H]2OP(O)(=S)OC[C@H]2O[C@@H](n3cnc4c(=O)[nH]c(N)nc43)[C@H](OCCOC)[C@@H]2OP(O)(=S)OC[C@H]2O[C@@H](n3cc(C)c(N)nc3=O)[C@H](OCCOC)[C@@H]2OP(O)(=S)OC[C@H]2O[C@@H](n3cc(C)c(=O)[nH]c3=O)C[C@@H]2OP(O)(=S)OC[C@H]2O[C@@H](n3cnc4c(N)ncnc43)[C@H](O)[C@@H]2OP(O)(=S)OC[C@H]2O[C@@H](n3cnc4c(=O)[nH]c(N)nc43)[C@H](O)[C@@H]2OP(O)(=S)OC[C@H]2O[C@@H](n3cc(C)c(N)nc3=O)C[C@@H]2OP(O)(=S)OC[C@H]2O[C@@H](n3cc(C)c(N)nc3=O)C[C@@H]2OP(O)(=S)OC[C@H]2O[C@@H](n3cc(C)c(=O)[nH]c3=O)C[C@@H]2OP(O)(=S)OC[C@H]2O[C@@H](n3cc(C)c(N)nc3=O)C[C@@H]2OP(O)(=S)OC[C@H]2O[C@@H](n3cc(C)c(=O)[nH]c3=O)C[C@@H]2OP(O)(=S)OC[C@H]2O[C@@H](n3cnc4c(=O)[nH]c(N)nc43)[C@H](O)[C@@H]2OP(O)(=S)OC[C@H]2O[C@@H](n3cnc4c(=O)[nH]c(N)nc43)[C@H](O)[C@@H]2OP(O)(=S)OC[C@H]2O[C@@H](n3cnc4c(N)ncnc43)[C@H](O)[C@@H]2OP(O)(=S)OC[C@H]2O[C@@H](n3cc(C)c(=O)[nH]c3=O)C[C@@H]2OP(O)(=S)OC[C@H]2O[C@@H](n3cc(C)c(=O)[nH]c3=O)C[C@@H]2OP(O)(=S)OC[C@H]2O[C@@H](n3cc(C)c(=O)[nH]c3=O)C[C@@H]2OP(O)(=S)OC[C@H]2O[C@@H](n3cnc4c(=O)[nH]c(N)nc43)[C@H](OCCOC)[C@@H]2OP(O)(=S)OC[C@H]2O[C@@H](n3cnc4c(N)ncnc43)[C@H](OCCOC)[C@@H]2O)[C@@H](CO)O[C@H]1n1cc(C)c(N)nc1=O,YZGSAVFYJFPTEE-HSHMXWKJSA-N,0,CHEMBL1092721,False
COc1ccc(-c2cc(-c3ccc(Cl)cc3)nc(NC(=O)N/N=C\c3ccc([N+](=O)[O-])cc3)n2)cc1OC,YMWOPQJRHAGOAC-MBTHVWNTSA-N,0,CHEMBL1165167,False
C/C(=N/NC(=O)Nc1nc(-c2ccc(C)cc2)cc(-c2ccc(F)cc2)n1)c1ccc(Cl)cc1,VSKJUSKFFZYFFF-KYHGBAKBSA-N,0,CHEMBL1164672,False
C/C(=N/NC(=O)Nc1nc(-c2ccc(C)cc2)cc(-c2ccc(Cl)cc2)n1)c1ccc(Cl)cc1,WIMQRIQUKRHZPY-KYHGBAKBSA-N,0,CHEMBL1164888,False
O=[N+]([O-])c1ccc(-c2nn3c(-c4ccncc4)nnc3s2)cc1,SDPFNGJICYDCQL-UHFFFAOYSA-N,0,CHEMBL1209442,False
Clc1ccc(-c2nnc(-c3ccncc3)o2)c(Cl)c1,HJFHBZQEQSTPRX-UHFFFAOYSA-N,0,CHEMBL1209522,False
N#C[Se]CCCCCN1C(=O)c2cccc3c(N)ccc(c23)C1=O,ZMJCNWCIAGPPHQ-UHFFFAOYSA-N,0,CHEMBL1630334,False
COc1ccc(-c2cc(=O)c3c(O)cc(O[C@@H]4O[C@H](CO[C@@H]5O[C@@H](C)[C@H](OS(=O)(=O)O)[C@@H](OS(=O)(=O)O)[C@H]5OS(=O)(=O)O)[C@@H](OS(=O)(=O)O)[C@H](OS(=O)(=O)O)[C@H]4OS(=O)(=O)O)cc3o2)cc1O,CTTCRFBZSKQDMD-YFAPSIMESA-N,0,CHEMBL1651409,False
C[C@H]1O[C@@H](OC[C@@H]2O[C@H](Oc3c(-c4ccc(OS(=O)(=O)O)c(OS(=O)(=O)O)c4)oc4cc(OS(=O)(=O)O)cc(OS(=O)(=O)O)c4c3=O)[C@@H](OS(=O)(=O)O)[C@H](OS(=O)(=O)O)[C@H]2OS(=O)(=O)O)[C@@H](OS(=O)(=O)O)[C@@H](OS(=O)(=O)O)[C@@H]1OS(=O)(=O)O,IRDNPNFMVRFUKK-NOZUALPKSA-N,0,CHEMBL1651412,False
CCCCCCCCCCCCSC[C@@H](COP(=O)(O)OC[C@H]1O[C@@H](n2cc(C)c(=O)[nH]c2=O)C[C@@H]1F)OCCCCCCCCCC,JHXLLEDIXXOJQD-VBWFMVIDSA-N,0,CHEMBL1652590,False
CC(C)Oc1cc(NC(=N)c2ccccn2)ccc1-c1ccc(-c2ccc(NC(=N)c3ccccn3)cc2OC(C)C)o1,QCFKWNGTLZQXRE-UHFFFAOYSA-N,0,CHEMBL1275764,False
COCCc1sc(S(=O)(=O)NC(=O)Nc2cc(C(F)(F)F)c(F)c(N)n2)cc1C,AUTWHHYCTNKYNS-UHFFFAOYSA-N,0,CHEMBL1778454,False
COCCc1sc(S(=O)(=O)NC(=O)Nc2cc(C(F)(F)F)cc(C)n2)cc1C,KYLSBKSUZYJHCQ-UHFFFAOYSA-N,0,CHEMBL1778557,False
Cc1cc(C(F)(F)F)cc(NC(=O)NS(=O)(=O)c2cc(C)c(CCO)s2)n1,XJLSAOYWVLDVOS-UHFFFAOYSA-N,0,CHEMBL1778558,False
CC(=O)OCCc1sc(S(=O)(=O)NC(=O)Nc2cc(C(F)(F)F)cc(C)n2)cc1C,RDPIGKWQPAYCNH-UHFFFAOYSA-N,0,CHEMBL1778559,False
CC(=O)OCCc1sc(S(=O)(=O)NC(=O)Nc2cc(C(F)(F)F)c(F)c(N)n2)cc1C,GNTVDAGUYVYETP-UHFFFAOYSA-N,0,CHEMBL1778556,False
Nc1c(C2=NCCN2)cnn1-c1cc(Cl)cc(Cl)c1,ILQYINMEMUEGJD-UHFFFAOYSA-N,0,CHEMBL1922311,False
CC(=O)SCCC(=O)NCCCNc1c2c(nc3ccccc13)CCCC2,PGJQQPKQOLUVLK-UHFFFAOYSA-N,0,CHEMBL2036258,False
O=C(CCS)NCCCNc1c2c(nc3ccccc13)CCCC2,IVYWWAJPFURBOQ-UHFFFAOYSA-N,0,CHEMBL2036259,False
CCOc1cccc2sc(-n3c(CC)nc4ccc(Br)cc4c3=O)nc12,QSVRXJJXIKARMV-UHFFFAOYSA-N,0,CHEMBL2035080,False
CCc1nc2ccc(Br)cc2c(=O)n1-c1nc2ccccc2s1,JDLMRGLOLRIGFM-UHFFFAOYSA-N,0,CHEMBL2035072,False
CCc1nc2ccc(Br)cc2c(=O)n1-c1nc2cc(Cl)ccc2s1,CFDFOPGLRGTZCE-UHFFFAOYSA-N,0,CHEMBL2035073,False
CCc1nc2ccc(Br)cc2c(=O)n1-c1nc2ccc(OC)cc2s1,AUQHGUZEOVIQDW-UHFFFAOYSA-N,0,CHEMBL2035079,False
CCc1nc2ccc(Br)cc2c(=O)n1-c1nc2c(OC)cccc2s1,DVHVFJLTYIZULH-UHFFFAOYSA-N,0,CHEMBL2034983,False
O=C(CCC(=O)c1ccccc1)Nc1nc2ccc(Cl)cc2s1,WMIZXSCOZZFBNI-UHFFFAOYSA-N,0,CHEMBL2153561,False
COc1ccc2nc(NC(=O)CCC(=O)c3ccccc3)sc2c1,NVKUGSUKYBUPDB-UHFFFAOYSA-N,0,CHEMBL2153566,False
CCOC(=O)C1(c2ccccc2)N=C(c2ccccc2)N(Cc2ccccc2)C1c1ccccc1,PVUSNWSCRYFKFI-UHFFFAOYSA-N,0,CHEMBL2158991,False
CCCOc1ccc(/C=C/C(=O)NCCCNc2c3c(nc4ccccc24)CCCC3)cc1OC,MPXQSLWIVILKJD-JQIJEIRASA-N,0,CHEMBL2171308,False
COc1cc(/C=C/C(=O)NCCCNc2c3c(nc4ccccc24)CCCC3)ccc1OCCCO[N+](=O)[O-],DDOBXWSLLJYUGD-FYWRMAATSA-N,0,CHEMBL2171314,False
COc1cc(/C=C/C(=O)NCCCNc2c3c(nc4ccccc24)CCCC3)ccc1O,WCIMPGNOMNOHJN-WYMLVPIESA-N,0,CHEMBL255502,False
O=C1NC(=O)C(=Cc2ccc(OC3CCN(C(=O)c4ccc(C(F)(F)F)c(F)c4)CC3)cc2)C(=O)N1,NJLIYLJDWPGKIF-UHFFFAOYSA-N,0,CHEMBL2180057,False
C=C1C[C@@]23CC[C@H]4[C@@](C)(CCC[C@@]4(C)C(=O)O)[C@@H]2CC[C@@H]1C3,NIKHGUQULKYIGE-OTCXFQBHSA-N,0,CHEMBL489140,False
Cc1noc(-c2ccc3c(c2)c2c(n3CCCSc3cc(F)cc(F)c3)CCCC2)n1,GZGZYDZBSNEDTO-UHFFFAOYSA-N,0,CHEMBL2179510,False
COc1cc([C@@H]2Oc3cc([C@H]4Oc5cc(O)cc(O)c5C(=O)[C@@H]4O)ccc3O[C@H]2COC(=O)CCC(=O)NCCCCCCNc2c3c(nc4ccccc24)CCCC3)ccc1O,GIZUBEWPWIDDGU-NQPBXATLSA-N,0,CHEMBL2204447,False
CCOC(=O)C1=C(C)NC2=C(C(=O)CCC2)C1c1cc(C(C)CC)c2oc(=O)c(C(=O)OC)cc2c1,JJAFWZKNGVFHDU-UHFFFAOYSA-N,0,CHEMBL2313150,False
CCCCCCCC/C=C\CCCCCCCC(=O)N[C@H](CO)C(C)C,FCFWNUVBSVWFHR-SSSWZJSRSA-N,0,CHEMBL2324498,False
CC(C(=O)NCCCCCCNc1c2c(nc3ccccc13)CCCC2)c1ccc(-c2ccc(OCCO[N+](=O)[O-])cc2)c(F)c1,KZCQJHOZUQOHSD-UHFFFAOYSA-N,0,CHEMBL2376474,False
CC(C(=O)NCCCCCCNc1c2c(nc3ccccc13)CCCC2)c1ccc(-c2ccccc2)c(F)c1,LIUKBAIABYHLPL-UHFFFAOYSA-N,0,CHEMBL2376472,False
CC(C)(C)N1CCN(c2ccc(N3CCN(C(=O)N[C@H]4C5CC6CC4C[C@](C(N)=O)(C6)C5)c4ccccc43)nc2)CC1,RZUKTDWPBQOSBE-PQFSURCISA-N,0,CHEMBL2380648,False
O=c1cc(-c2ccc(O)cc2)oc2c([C@@H]3O[C@H](CO)[C@@H](O)[C@H](O)[C@H]3O)c(O)cc(O)c12,SGEWCQFRYRRZDC-VPRICQMDSA-N,0,CHEMBL487417,False
CC(=O)C1=C(O)C=C2Oc3c(C(C)=O)c(O)c(C)c(O)c3[C@@]2(C)C1=O,WEYVVCKOOFYHRW-SFHVURJKSA-N,0,CHEMBL367881,False
COc1nc(-c2nc3n(n2)CCC[C@H]3c2ccccc2C(F)(F)F)ccc1-n1cnc(C)c1,JRESZLRLRZIQBU-INIZCTEOSA-N,0,CHEMBL2415099,False
Oc1ccccc1CNc1ccc(NCc2ccccc2O)cc1,FYFIWSVKNZPSQC-UHFFFAOYSA-N,0,CHEMBL216031,False
O=C(/C=C/c1ccc(OC(F)F)c(OC(F)F)c1)Nc1ccccc1C(=O)O,JOZKKPMJNMGHOQ-SOFGYWHQSA-N,0,CHEMBL3094400,False
COc1cc(C2c3ccc(O)cc3Oc3nc4c(c(N)c32)CCCC4)cc(OC)c1OC,RNFJBEHYBLYYQX-UHFFFAOYSA-N,0,CHEMBL3120707,False
Cn1cc(-c2ccc(N3CCC(N4CCc5ccc(F)cc54)CC3)nn2)cn1,KNULJCSPCKMYTN-UHFFFAOYSA-N,0,CHEMBL3127661,False
CN1CCOC(O)(c2ccc3c(c2)Nc2ccccc2S3)C1,JKLHPLZNXDHQNO-UHFFFAOYSA-N,0,CHEMBL3234103,False
C=C[C@]1(C)C=C2CC[C@H]3[C@@](C)(CCC[C@@]3(C)C(=O)O)[C@@H]2CC1,MHVJRKBZMUDEEV-XIHRTOKZSA-N,0,CHEMBL1735595,False
O=C1C=C(NCCNc2c3c(nc4cc(Cl)ccc24)CCCC3)C(=O)c2ccccc21,LPKPJMVPAYGIBN-UHFFFAOYSA-N,0,CHEMBL3356532,False
COc1ccc(C2SCC(=O)N2NC(=O)CNC(=O)c2ccccc2)cc1OC,ANSBBZFWIYDNBO-UHFFFAOYSA-N,0,CHEMBL3357328,False
Fc1cc(F)cc(-c2cc3nccnc3s2)c1,RBEIGPCKTTVZGY-UHFFFAOYSA-N,0,CHEMBL3330078,False
CCCc1cc2nc3ccccc3nc2s1,IVCLZNWLDUQQKS-UHFFFAOYSA-N,0,CHEMBL3330076,False
Fc1cc(F)cc(-c2cc3nc4ccccc4nc3s2)c1,XSRKSYJPVZRDTR-UHFFFAOYSA-N,0,CHEMBL3330075,False
c1ccc(-c2cc3nc4ccccc4nc3s2)cc1,PIHPBIAOMDHECY-UHFFFAOYSA-N,0,CHEMBL3330074,False
COc1ccc2occ(CC3SC(=O)NC3=O)c(=O)c2c1,FTIWULLCPLATCL-UHFFFAOYSA-N,0,CHEMBL3299130,False
O=C1NC(=O)C(Cc2coc3ccc(Cl)cc3c2=O)S1,HFARBHYZTFLIOC-UHFFFAOYSA-N,0,CHEMBL3299132,False
Cc1c(C)c2c(c(C)c1O)CCC(C)(C(=O)NCCCCCCNc1c3c(nc4ccccc14)CCCC3)O2,ATFSKIZVJOMGAR-UHFFFAOYSA-N,0,CHEMBL3410954,False
Cc1nc(-c2nnc3n2CCN(C(=O)c2ccc(-c4cccs4)cc2)[C@@H]3C)cs1,BWTVMVHFJRFVFO-CYBMUJFWSA-N,0,CHEMBL3422010,False
NCCNCCNc1ccnc2cc(C(F)(F)F)ccc12,FXYIHSZDPJMZHV-UHFFFAOYSA-N,0,CHEMBL3597069,False
Clc1ccc2c(NCCNCCNc3ccnc4cc(Cl)ccc34)ccnc2c1,HRUWSRXSOBVXEI-UHFFFAOYSA-N,0,CHEMBL46524,False
Cc1nsc(-c2nnc3n2CCN(C(=O)c2ccc(F)cc2)[C@@H]3C)n1,PPSNFPASKFYPMN-SECBINFHSA-N,0,CHEMBL3608680,True
Cc1nsc(-c2nnc3n2CCN(C(=O)c2ccc(F)cc2)C3)n1,UHNVQJPBRBMNNN-UHFFFAOYSA-N,0,CHEMBL3608684,False
COc1ccc2nc3c(c(NCCCNC(=O)C4(C)CCc5c(C)c(O)c(C)c(C)c5O4)c2c1)CCCC3,JMDGGQINMCLMOO-UHFFFAOYSA-N,0,CHEMBL3632847,False
Cc1c(C)c2c(c(C)c1O)CCC(C)(C(=O)NCCCCCCCNc1c3c(nc4cc(Cl)ccc14)CCCC3)O2,CFKPVXGCGGKCOM-UHFFFAOYSA-N,0,CHEMBL3632993,False
Cc1c(C)c2c(c(C)c1O)CCC(C)(C(=O)NCCCCCCCCNc1c3c(nc4cc(Cl)ccc14)CCCC3)O2,MATYDNFWBAVIBC-UHFFFAOYSA-N,0,CHEMBL3632994,False
Cc1c(C)c2c(c(C)c1O)CCC(C)(C(=O)O)O2,GLEVLJDDWXEYCO-UHFFFAOYSA-N,0,CHEMBL153,False
COc1cc(C(C(=O)NC2CCCCC2)N(C(=O)Cc2c[nH]c3ccccc23)c2ccc(C(C)C)cc2)cc(OC)c1OC,XRBKJDHRNLCVHP-UHFFFAOYSA-N,0,CHEMBL3752642,False
O=C1C(=O)c2nc(CN3CCN(Cc4ccccc4)CC3)oc2-c2ccccc21,NTZUMXNKAYXUJS-UHFFFAOYSA-N,0,CHEMBL3754463,False
CO[C@@H]1C(C=O)=CC[C@@H]2C3=C(C(C)C)CC[C@]3(C)CC[C@@]2(C)[C@H]1O,CSMSQWRDDWOVOS-QNDFHXLGSA-N,0,CHEMBL3770046,False
COc1ccc2nc(C(F)(F)F)c3c(c2c1)CC[C@]1(C[C@H]2C(=O)N[C@]4(C(=O)NS(=O)(=O)C5(C)CC5)C[C@H]4/C=C\CCCCC[C@H](NC(=O)OCC(C)C)C(=O)N2C1)O3,GBJKXZJNFVRHCK-XPTVTBSVSA-N,0,CHEMBL3785323,False
CC(=O)Oc1ccccc1C(=O)O[C@H]1CC[C@@]2(C)C(=CC[C@H]3[C@@H]4C[C@@H]5O[C@]6(CC[C@@H](C)CO6)[C@@H](C)[C@@H]5[C@@]4(C)CC[C@@H]32)C1,UCHUGKDWVTUWKV-QLHBAWKHSA-N,0,CHEMBL2207425,False
COc1cc(OC)c(CN[C@@H](CO)C(=O)O)c(OC)c1,NMZHCXSFHMFKNQ-JTQLQIEISA-N,0,CHEMBL3908316,False
CC(C)=CCc1cc(O)cc(Sc2ccccc2C(=O)O)c1O,YLBDHHKLJYSCEH-UHFFFAOYSA-N,0,CHEMBL3920392,False
CC(C)=CCC/C(C)=C/Cc1cc(O)cc(Sc2ccccc2C(=O)O)c1O,OMBAVVWDJBOQIG-LFIBNONCSA-N,0,CHEMBL3907011,False
CC(C)=CCC/C(C)=C/CC/C(C)=C/Cc1cc(O)cc(Sc2ccccc2C(=O)O)c1O,DATLCQIAVKGFHT-JAGDBARYSA-N,0,CHEMBL3945723,False
CC(C)=CCC/C(C)=C/CC/C(C)=C/CC/C(C)=C/Cc1cc(O)cc(Sc2ccccc2C(=O)O)c1O,UQMZRNVNHHEEKU-HEKOIHICSA-N,0,CHEMBL3958859,False
COc1cc2c(cc1OC)C(=O)C(CC1CCN(Cc3ccccc3F)CC1)C2,WJIWWKMTCQJEPQ-UHFFFAOYSA-N,0,CHEMBL3943450,False
COc1cc2c(cc1OC)C(=O)C(CC1CCN(Cc3cccc(C)n3)CC1)C2,ZBPKNQIMVQSMLB-UHFFFAOYSA-N,0,CHEMBL3919441,False
CN1[C@@H]2C[C@@H](OC(=O)[C@H](CO)c3ccccc3)C[C@H]1[C@@H]1O[C@H]12,STECJAGHUSJQJN-ODICJLLRSA-N,0,CHEMBL1187846,False
Cc1ccc2nc(-c3ccc(F)cc3)c(CC(=O)N(C)C)n2c1,RBCUOKGPVVSZPC-UHFFFAOYSA-N,0,CHEMBL3971200,False
Cc1ccc(-c2nc3ccc(F)cn3c2CC(=O)N(C)C)cc1,PZCZTZBJZZNGCF-UHFFFAOYSA-N,0,CHEMBL3962969,False
CN(C)C(=O)Cc1c(-c2ccc(F)cc2)nc2ccc(F)cn12,ZGAAIHOMEBTXHT-UHFFFAOYSA-N,0,CHEMBL3954951,False
N#CC(C#N)=NNc1cccc(Cl)c1,UGTJLJZQQFGTJD-UHFFFAOYSA-N,0,CHEMBL224214,False
O=S1(=O)Nc2c(cc(F)c(F)c2Nc2ccc(I)cc2F)OCC(O)C(O)CC12CC2,FENWEVRRFMFDBS-UHFFFAOYSA-N,0,CHEMBL3883792,False
C=C1C(=O)[C@]23[C@H](O)[C@H]1CC[C@H]2[C@@]12CO[C@]3(O)[C@@H](O)[C@@H]1C(C)(C)CC[C@@H]2O,SDHTXBWLVGWJFT-XKCURVIJSA-N,0,CHEMBL1164920,False
C=C1C(=O)[C@]23[C@H](O)[C@H]1CC[C@H]2[C@]12C=CCC(C)(C)[C@H]1[C@H](O)[C@]3(O)OC2,CFQNYMABKIHTOD-RNYITTTKSA-N,0,CHEMBL4072115,False
C=C1C(=O)[C@]23[C@H](OC(=O)/C=C/c4ccccc4)[C@H]1CC[C@H]2[C@]12C=CCC(C)(C)[C@H]1[C@H](O)[C@]3(O)OC2,CZGDVPSYIOJAFZ-GYORETASSA-N,0,CHEMBL4096510,False
Oc1ccc(/C=C/c2cc(O)cc(O)c2)cc1,LUKBXSAWLPMMSZ-OWOJBTEDSA-N,0,CHEMBL165,True
CCC(=O)O[C@]1(C(=O)CCl)[C@@H](C)C[C@H]2[C@@H]3CCC4=CC(=O)C=C[C@]4(C)[C@@]3(F)[C@@H](O)C[C@@]21C,CBGUOGMQLZIXBE-XGQKBEPLSA-N,0,CHEMBL1159650,False
C[C@@H]1C[C@H]2[C@@H]3CCC4=CC(=O)C=C[C@]4(C)[C@@]3(Cl)[C@@H](O)C[C@]2(C)[C@@]1(O)C(=O)CCl,QLIIKPVHVRXHRI-CXSFZGCWSA-N,0,CHEMBL1201404,True
N#Cc1cc(NC(=O)N[C@H]2CC[C@H](Oc3ccc(C(F)(F)F)cc3)CC2)cc(C(F)(F)F)c1,PAFJUCOAUUKTIT-RUCARUNLSA-N,0,CHEMBL4086884,False
C=C1C(=O)[C@@]23[C@@H]4OC(c5ccc(Cl)cc5)O[C@@]25OC[C@@]2([C@H]([C@@H]5O)C(C)(C)CC[C@@H]2O)[C@@H]3CC[C@@H]14,AYFWLPGJSGTYDX-SMISYTGVSA-N,0,CHEMBL4103136,False
Nc1cc(C(F)(F)F)c(-c2nc(N3CCOCC3)nc(N3CCOCC3)n2)cn1,ADGGYDAFIHSYFI-UHFFFAOYSA-N,0,CHEMBL4084907,True
O=C1c2ccc3c4c(c(NCCN5CCCC5)cc(c24)C(=O)N1CCCN1CCOCC1)C(=O)N(CCCN1CCOCC1)C3=O,KCCGFZWBVFNFGW-UHFFFAOYSA-N,0,CHEMBL4103012,False
Cc1cc(NC2CCN(C(=O)CCNCC(=O)O)CC2)nc(NCc2cn(CCCNCCCNC3CCCCC3)nn2)n1,AIETUBHCUYNJHA-UHFFFAOYSA-N,0,CHEMBL4064397,False
O=C(N/N=C/c1ccc2no[n+]([O-])c2c1)c1ccncc1,VJMQKZDATXNVBK-OVCLIPMQSA-N,0,CHEMBL2338421,False
Cc1nc(C)c(/C=C/C(=O)N2CCC=C(Cl)C2=O)nc1C,XAZAQCSIQYKFPW-VOTSOKGWSA-N,0,CHEMBL4062698,False
C[C@]12CC[C@H](OC(=O)[C@H](Cc3c[nH]c4ccccc34)NC(=O)[C@@H]3CCCN3C(=O)CNC(=O)OCc3ccccc3)C[C@H]1CC[C@@H]1[C@@H]2[C@H](O)C(=O)[C@]2(C)[C@@H](c3ccc(=O)oc3)CC[C@]12O,QGAOIYQJWPHBSD-OSUBEBGDSA-N,0,CHEMBL4097137,False
CCCC[S@@+]([O-])c1sc2nc(-c3nccs3)cc(-c3cnc(C)n3C)c2c1N,LKPKDKDBZLBUIC-MUUNZHRXSA-N,0,CHEMBL4070789,False
Cl.NCc1ccnc(Oc2cccc(C(=O)N3C[C@@H](O)[C@H](F)C3)c2)c1,BKRZYDXKJLEFCP-CTHHTMFSSA-N,0,CHEMBL4063337,False
Cc1cc(N2CCOc3ncnc(N)c3C2=O)cc(C)c1C#CC(C)(C)CC(=O)O,SZHDFZYDTUBTCE-UHFFFAOYSA-N,0,CHEMBL4126331,False
O=C(O)CNC(=O)c1ncc(-c2cn(CCCc3ccc(Cl)cc3)nn2)cc1O,RODNKCMKPZCZKG-UHFFFAOYSA-N,0,CHEMBL4126434,False
CC(C)C[C@H](NC(=O)NCc1cn(Cc2ccccc2OCc2ccccc2)nn1)C(=O)NO,XFRYFTSUUZTQBM-NRFANRHFSA-N,0,CHEMBL4125687,False
Cc1cc2c(cc1C)-c1oc(CNc3ccc(CN4CCOCC4)cc3)c(C)c1C(=O)C2=O,RUEULZNGJZLPLJ-UHFFFAOYSA-N,0,CHEMBL4171658,False
CCCCCCCCCCCCCC(=O)c1c(O)cc(C)oc1=O,ZGKWGZIFSZMXLW-UHFFFAOYSA-N,0,CHEMBL4162753,False
Cc1cc(NC(=O)c2cccc(S(=O)(=O)N[C@H]3CCOC3)c2)ccc1F,JIZGLOVJKCSHTH-HNNXBMFYSA-N,0,CHEMBL4159471,False
COC(=O)c1cc(OC)c2c(c1-c1c(C(=O)NCCCCCCCCCCNc3c4c(nc5ccccc35)CCCC4)cc(OC)c3c1OCO3)OCO2,AVQNAJUSQIGOFZ-UHFFFAOYSA-N,0,CHEMBL4168769,False
COC(=O)c1cc(OC)c2c(c1-c1c(C(=O)OC)cc(OC)c3c1OCO3)OCO2,JMZOMFYRADAWOG-UHFFFAOYSA-N,0,CHEMBL105184,False
Cc1cc(=O)oc2cc(OCCCCSC(=S)N3CCCCC3)ccc12,ZOCBBCHDTYVHNA-UHFFFAOYSA-N,0,CHEMBL4167524,False
Cc1nccc2c3ccccc3n(CCCCOc3ccc4c5ccnc(C)c5n(CCCc5ccccc5)c4c3)c12.Cl,GPALGDRJIKEOCP-UHFFFAOYSA-N,0,CHEMBL4173737,False
CCCCn1c2cc(OCCCCn3c4ccccc4c4ccnc(C)c43)ccc2c2ccnc(C)c21.Cl,ZGCUNWCQTGUFEY-UHFFFAOYSA-N,0,CHEMBL4166511,False
Cc1nccc2c3ccc(OCCCCn4c5ccccc5c5ccncc54)cc3n(CCCc3ccccc3)c12.Cl,BJFYZXFBLILYCC-UHFFFAOYSA-N,0,CHEMBL4163075,False
COc1ccc(-c2nccc3c4ccccc4n(CCCCOc4ccc5c6ccnc(C)c6n(CCCc6ccccc6)c5c4)c23)cc1.Cl,URVYAXDYHABEIN-UHFFFAOYSA-N,0,CHEMBL4177326,False
Cc1nccc2c3ccc(OCCCCn4c5ccccc5c5ccnc(-c6cccs6)c54)cc3n(CCCc3ccccc3)c12.Cl,QLZOMVMIDCLEQL-UHFFFAOYSA-N,0,CHEMBL4165630,False
COc1ccc2c3ccnc(C)c3n(CCCCOc3ccc4c5ccnc(C)c5n(CCCc5ccccc5)c4c3)c2c1.Cl,BVSQLCFNQFIAFR-UHFFFAOYSA-N,0,CHEMBL4169061,False
O=C1NC(=O)/C(=C/c2cc3ccccc3s2)S1,UFYVKAIXDMFURB-POHAHGRESA-N,0,CHEMBL4166399,False
O=C1NC(=O)/C(=C/c2c[nH]c3ccccc23)S1,YRPCEGFPKMQCHL-YHYXMXQVSA-N,0,CHEMBL1910509,False
COc1ccc2c(c1)c(/C=C1\SC(=O)NC1=O)cn2C,JMLUECUVEMXFOZ-XGICHPGQSA-N,0,CHEMBL4160653,False
Cc1cc(/N=N/c2ccc(S(=O)(=O)NC3CCCC3)cc2)c(N)cc1O,IRKMSULWLDLTIK-QZQOTICOSA-N,0,CHEMBL4159382,False
CCOC(=O)C1=C(C)NC2=C(C(=O)CCC2)C1c1cc(C(C)CC)c2oc(C(=O)c3ccc(C)cc3)cc2c1,XJILVKAKWJZWEA-UHFFFAOYSA-N,0,CHEMBL4208523,False
C#CCN(C)CCCCOc1ccc2ccc(=O)oc2c1,QYIDTLNEEJCIJR-UHFFFAOYSA-N,0,CHEMBL4215298,False
C#CCN(C)Cc1ccccc1,DPWPWRLQFGFJFI-UHFFFAOYSA-N,0,CHEMBL673,True
NNC(=O)C1CCc2nc3ccccc3c(N)c2C1,GWPNWCJCDDXBIK-UHFFFAOYSA-N,0,CHEMBL4205993,False
Cc1c2ccc(N(C)c3ccnc(Nc4ccc(C(=O)Nc5ccccc5N)cc4)n3)cc2nn1C,IPBGKKBBYNOXCG-UHFFFAOYSA-N,0,CHEMBL4213341,False
COc1ccc(COC(Cn2ccnc2)c2ccc(Cl)cc2Cl)cc1,KHOYJMNYQSPWLL-UHFFFAOYSA-N,0,CHEMBL4228284,False
COc1cccc(COC(Cn2ccnc2)c2ccc(Cl)cc2Cl)c1,QRFIASHLIJORNJ-UHFFFAOYSA-N,0,CHEMBL4229113,False
O=C(CCc1ccccc1Cl)N1CCN(Cc2ccc(O)c3ncccc23)CC1,KVWCKPHSPHBDCS-UHFFFAOYSA-N,0,CHEMBL4226827,False
C=Cc1c(C)c2cc3nc(cc4[nH]c(cc5nc(cc1[nH]2)C(C)=C5C(C)OCCCCCC)c(C)c4CCC(=O)[O-])C(CCC(=O)[O-])=C3C.[Na+].[Na+],VHTAKIWHILHOCN-UHFFFAOYSA-L,0,CHEMBL4241879,False
C=CC1=C(C)c2cc3[nH]c(cc4nc(cc5[nH]c(cc1n2)c(C)c5CCC(=O)[O-])C(CCC(=O)[O-])=C4C)c(C)c3C(C)OCCCCCC.[Na+].[Na+],LDMWKAXBQVIDKE-UHFFFAOYSA-L,0,CHEMBL4244226,False
COC(C)C1=C(C)c2cc3[nH]c(cc4nc(cc5[nH]c(cc1n2)c(C)c5CCC(=O)O)C(CCC(=O)O)=C4C)c(C)c3C(C)O,BEZGXBMGGVINBF-UHFFFAOYSA-N,0,CHEMBL3623244,False
COC(=O)c1sc(-c2ccnc(NC(=O)C3CC3)c2)nc1OCCNc1c2c(nc3ccccc13)CCCC2,XZBJACSADMRYGX-UHFFFAOYSA-N,0,CHEMBL4278164,False
COc1nc(-c2ccnc(NC(=O)C3CC3)c2)sc1C(=O)NCCCNc1c2c(nc3ccccc13)CCCC2,XYSJVXMQSXKJCN-UHFFFAOYSA-N,0,CHEMBL4278686,False
COc1c(O)cc2cc(C(=O)O)n(C)c2c1C1=c2cc(C(=O)O)[nH]c2=C(Cc2cc(C(=O)O)[nH]c2C(=O)O)C(=O)C1=O,ITXPBHFEYLUJSZ-UHFFFAOYSA-N,0,CHEMBL4291677,False
O=C(CN1C(=O)c2ccccc2S1(=O)=O)Nc1ccc(OC(=O)CCO[N+](=O)[O-])cc1,ARUZCDMXRQVPMH-UHFFFAOYSA-N,0,CHEMBL4281901,False
CC(C)c1onc(-c2c(Cl)cccc2Cl)c1COc1ccc2c(=O)c(-c3ccc(C(=O)N(C)C)cc3)coc2c1,VLAOSWLJHIWEOK-UHFFFAOYSA-N,0,CHEMBL4288627,False
COc1ccc(S(=O)(=O)Nc2ccc(F)c(C(=O)O)c2)c2ccccc12,JMNUWFAOQMRPRY-UHFFFAOYSA-N,0,CHEMBL4283424,False
COc1ccc(S(=O)(=O)Nc2cc(C(=O)O)ccc2F)c2ccccc12,PRQVEVLBUCMWDD-UHFFFAOYSA-N,0,CHEMBL4295114,False
COc1cccc(C2=NN(C(=O)c3ccc(C)nc3)C(c3cn(C)c4ccc(OC)cc34)C2)c1,DNLHEFQPLJPSOF-UHFFFAOYSA-N,0,CHEMBL4294125,False
O=C(Cn1cc(-c2ccncc2)nn1)Nc1nccs1,TZDKUSLJUFFSNB-UHFFFAOYSA-N,0,CHEMBL4473351,False
Cc1cc(C)c(CNc2nc(Cl)nc3c2ncn3C2CCCC2)c(=O)[nH]1,VMSREYOIYAEIBH-UHFFFAOYSA-N,0,CHEMBL4557538,False
C[C@H]1SC(N)=N[C@](C)(c2cc(NC(=O)c3cnc(OCF)cn3)ccc2F)[C@H]1F,JWJQXZNLFNMIHE-AHRODOEDSA-N,0,CHEMBL4557670,False
CCOC(=O)c1cc2c([nH]c3ccccc32)c(C(c2nnnn2C(C)(C)C)N2CCN(C)CC2)n1,FOIPHCLUBLLQDL-UHFFFAOYSA-N,0,CHEMBL4540082,False
Cl.Cl.Cl.Cl.c1cc(NCCN2CCOCC2)c2ccc3c(ccc4c(NCCN5CCOCC5)ccnc43)c2n1,DIJQTLKLADNVKF-UHFFFAOYSA-N,0,CHEMBL4472278,False
Cl.Cl.Cl.Cl.c1cc(NCCCCN2CCOCC2)c2ccc3c(ccc4c(NCCN5CCOCC5)ccnc43)c2n1,LOLFEDVPLJIWNM-UHFFFAOYSA-N,0,CHEMBL4445585,False
COc1ccc(/C=C(\C)C(=O)c2cc(C)nc3ccccc23)cc1O,CZORMYBDJDSAFW-JLHYYAGUSA-N,0,CHEMBL4464499,False
COc1cc([Te]Cc2ccc(S(N)(=O)=O)cc2)cc(OC)c1OC,UJOCIUCEXWNXCT-UHFFFAOYSA-N,0,CHEMBL4471819,False
Fc1ccc2scc(-c3ccc(F)c(CNCCCNc4ccnc5cc(Cl)ccc45)c3)c2c1,GGRTVBHQZYLMHL-UHFFFAOYSA-N,0,CHEMBL4545723,False
OC[C@H]1CC[C@H](c2ccc(O)cc2)CC1,MUGVHYZIUXNFTE-XYPYZODXSA-N,0,CHEMBL4526434,False
N#CC(Cc1ccc(O)cc1)c1ccc(O)cc1,GHZHWDWADLAOIQ-UHFFFAOYSA-N,0,CHEMBL334773,False
O=C(/C=C/c1cn(-c2ccccc2)nc1-c1ccc(OCc2ccccc2)cc1)c1ccc(Cl)cc1,QMOUXALDYBFPCF-HMMYKYKNSA-N,0,CHEMBL4443521,False
O=C(/C=C/c1cn(-c2ccccc2)nc1-c1ccc(OCc2ccccc2)cc1)c1ccccc1,KQZIDOFFYMUKKF-DYTRJAOYSA-N,0,CHEMBL4443726,False
O=C(NCCN1CCCCC1)c1cc2c(o1)C(=O)c1ccccc1C2=O,MLNGLWWCXHUBMT-UHFFFAOYSA-N,0,CHEMBL4474417,False
CCCCCCCCNc1nc(=O)n(Cc2ccccc2)cc1C,GBTPXKVJZOECKF-UHFFFAOYSA-N,0,CHEMBL4530826,False
CC1=C(C)C(=O)C(C(C)(C)CC(=O)O[C@@H]2[C@@]3(C(C)C)O[C@H]3[C@@H]3O[C@]34[C@]23O[C@H]3C[C@H]2C3=C(CC[C@@]24C)C(=O)OC3)=C(C)C1=O,PVNCNGXGXYJAFK-UHCLYVPCSA-N,0,CHEMBL4473066,False
C=CCn1cc(-c2nc3ccccc3nc2Cl)c2cc(OC)ccc21,TWKHLQXFLAYHCA-UHFFFAOYSA-N,0,CHEMBL4468513,False
Cc1ccc(CN(Cc2ccc(C(=O)N3CCc4ccc(OS(N)(=O)=O)cc4C3)cc2)Cc2ccco2)s1,GFZVTJUFPWATJV-UHFFFAOYSA-N,0,CHEMBL3953180,False
CCOc1c([C@H](C)n2nc(C)c3c(N)ncnc32)cc(Cl)c(F)c1[C@@H]1CNC(=O)C1,ZQPDJCIXJHUERQ-QWRGUYRKSA-N,0,CHEMBL4297615,True
N#Cc1nc2c(nc1C#N)-c1cc(F)c(F)cc1C2=O,PZUSGRHVYDQLHR-UHFFFAOYSA-N,0,CHEMBL4573425,False
COc1ccc(C(=O)Nc2ccc(O)c3ncccc23)cc1OC1CCCC1.Cl,XNAZLLONQWVKTH-UHFFFAOYSA-N,0,CHEMBL4586148,False
Cl.O=C(Nc1ccc(O)c2ncccc12)c1ccc(OC(F)F)c(OCC2CC2)c1,VQRFGCKNHKOXTI-UHFFFAOYSA-N,0,CHEMBL4447509,False
CCN(CC)c1ccc(-c2ccc(C(=O)OC)cc2)nn1,YGZBPELFEALWJX-UHFFFAOYSA-N,0,CHEMBL4455065,False
CCOC(=O)c1ccc(-c2ccc(N(CC)CC)nn2)cc1,NZDSNDGRSORZSE-UHFFFAOYSA-N,0,CHEMBL4567455,False
COc1ccc(C2CC(c3cc4ccccc4oc3=O)=NN2C(C)=O)cc1,PCIIJXPELZPHAW-UHFFFAOYSA-N,0,CHEMBL1258747,False
COc1ccc2c(c1)CC[n+]1cc3c(OC)cccc3cc1-2.[Cl-],OZPDXBXSBWNOGC-UHFFFAOYSA-M,0,CHEMBL4637527,False
CC#CC(CC(=O)O)c1ccc(OCc2ccc3nc(-c4ccc(OC)cc4)cn3c2)cc1,NQANQPBUSXASMN-UHFFFAOYSA-N,0,CHEMBL4638956,False
CNC(=O)c1ccc(C#Cc2ccc3c(c2)C(C)(C)CCS3)nc1,BGNSHERVQZRLFR-UHFFFAOYSA-N,0,CHEMBL4640940,False
Cc1ccc2cc(NC(=O)Cn3c(-c4nonc4N)nc4ccccc43)ccc2n1,LESZNGMDDFKRPH-UHFFFAOYSA-N,0,CHEMBL4638758,False
CC(=O)Oc1ccccc1C1OC(c2cc(-c3ccccc3)nc3c2c(C)nn3-c2ccccc2)=NN1C(C)=O,PUFVMDHUDUSDDO-UHFFFAOYSA-N,0,CHEMBL4783139,False
Cc1nn(-c2ccccc2)c2nc(-c3ccccc3)cc(C(=O)N/N=C/c3ccccc3O)c12,QZOUKHNSINHPRS-OGLMXYFKSA-N,0,CHEMBL4748961,False
CNc1nc(Nc2ccc(-n3cnc(C)n3)c(OC)c2)nc2c1CC[C@H]2c1ccc(F)cc1,NDVMOVOEROCRIO-SFHVURJKSA-N,0,CHEMBL4209316,False
CCCCCCCCCCCCCCCC(=O)NCCCCCCNC(=O)C1CCCCNC(=O)CCN2C(=O)CC(SC[C@H](NC(=O)[C@H](Cc3ccc(O)cc3)NC(=O)[C@H](CCC(=O)O)NC(=O)[C@@H](NC(=O)[C@@H](NC(=O)[C@H](CC(=O)O)NC(=O)[C@H](CC(N)=O)NC(=O)[C@@H](NC(=O)[C@H](Cc3ccc(O)cc3)NC(=O)[C@@H](NC(=O)CNC(=O)[C@H](CCC(=O)O)NC(=O)C(C)(C)NC(=O)[C@@H](N)Cc3c[nH]cn3)[C@@H](C)O)[C@@H](C)O)C(C)C)[C@@H](C)O)C(=O)N[C@@H](CCC(=O)O)C(=O)N[C@@H](CCC(=O)O)C(=O)N[C@@H](CCC(=O)O)C(=O)N[C@@H](C)C(=O)N[C@@H](C)C(=O)N[C@@H](CCCCN)C(=O)N[C@H](C(=O)N[C@@H](Cc3ccccc3)C(=O)N[C@H](C(=O)N[C@@H](CCC(=O)O)C(=O)N[C@@H](Cc3c[nH]c4ccccc34)C(=O)N[C@@H](CC(C)C)C(=O)N[C@H](C(=O)N[C@@H](CCCCN)C(=O)NCC(=O)N[C@@H](CCCCN)C(=O)N3CCC[C@H]3C(=O)N[C@@H](CO)C(=O)N[C@@H](CO)C(=O)NCC(=O)N[C@@H](C)C(=O)N3CCC[C@H]3C(=O)N3CCC[C@H]3C(=O)N3CCC[C@H]3C(=O)N[C@@H](CO)C(=O)NCCOCCOCC(=O)NCCOCCOCC(=O)N[C@@H](Cc3ccc(O)cc3)C(=O)NCC(=O)N[C@@H](Cc3c[nH]c4ccccc34)C(=O)N[C@@H](CC(C)C)C(=O)N[C@@H](CC(=O)O)C(=O)N[C@@H](Cc3ccccc3)C(N)=O)[C@@H](C)CC)[C@@H](C)CC)CSC3CC(=O)N(CCC(=O)N1)C3=O)C2=O,GDCHENRIACOJGE-SPBKKYETSA-N,0,CHEMBL4788440,False
CCCCCCCCCCCCCCCC(=O)NCCCCCCNC(=O)C1CCCCNC(=O)CCN2C(=O)CC(SC[C@H](NC(=O)[C@H](CCCCN)NC(=O)[C@H](C)NC(=O)[C@H](C)NC(=O)[C@H](CCC(=O)O)NC(=O)[C@H](CCC(=O)O)NC(=O)[C@H](CCC(=O)O)NC(=O)[C@H](CC(C)C)NC(=O)[C@H](Cc3ccc(O)cc3)NC(=O)[C@H](CCC(=O)O)NC(=O)[C@@H](NC(=O)[C@@H](NC(=O)[C@H](CC(=O)O)NC(=O)[C@H](CC(N)=O)NC(=O)[C@@H](NC(=O)[C@H](Cc3ccc(O)cc3)NC(=O)[C@@H](NC(=O)CNC(=O)[C@H](CCC(=O)O)NC(=O)C(C)(C)NC(=O)[C@@H](N)Cc3c[nH]cn3)[C@@H](C)O)[C@@H](C)O)C(C)C)[C@@H](C)O)C(=O)N[C@@H](Cc3ccccc3)C(=O)N[C@@H]([C@@H](C)CC)C(=O)N[C@@H](CCC(=O)O)C(=O)N[C@@H](Cc3c[nH]c4ccccc34)C(=O)N[C@@H](CC(C)C)C(=O)N[C@@H]([C@@H](C)CC)C(=O)N[C@H](C(=O)NCC(=O)N[C@@H](CCCCN)C(=O)N3CCC[C@H]3C(=O)N[C@@H](CO)C(=O)N[C@@H](CO)C(=O)NCC(=O)N[C@@H](C)C(=O)N3CCC[C@H]3C(=O)N3CCC[C@H]3C(=O)N3CCC[C@H]3C(=O)N[C@@H](CO)C(=O)NCCOCCOCC(=O)NCCOCCOCC(=O)N[C@@H](Cc3ccc(O)cc3)C(=O)NCC(=O)N[C@@H](Cc3c[nH]c4ccccc34)C(=O)N[C@@H](CC(C)C)C(=O)N[C@@H](CC(=O)O)C(=O)N[C@@H](Cc3ccccc3)C(N)=O)CSC3CC(=O)N(CCC(=O)N1)C3=O)C2=O,HJCHCDDPIXZKDK-SPBKKYETSA-N,0,CHEMBL4795718,False
COc1cc2cc(COCc3c(-c4ccc(F)cc4)nc(N(C)S(C)(=O)=O)nc3C(C)C)oc(=O)c2cc1OC,PRZOWIBPQONFFA-UHFFFAOYSA-N,0,CHEMBL4759850,False
COc1cc2c(cc1OC)/C(=C/COCc1c(-c3ccc(F)cc3)nc(N(C)S(C)(=O)=O)nc1C(C)C)OC2=O,QPDRWVMTBQDYLF-JJFYIABZSA-N,0,CHEMBL4756388,False
CNC(=O)c1ccccc1S(=O)(=O)NCC(=O)Nc1ccc(O)cc1,YEABPXBNCMTIRY-UHFFFAOYSA-N,0,CHEMBL4800549,False
O=C(CNS(=O)(=O)c1ccccc1C(=O)NCc1ccc([N+](=O)[O-])cc1)Nc1ccc(O)cc1,LFWZZQPSOXKGTL-UHFFFAOYSA-N,0,CHEMBL4759895,False
O=C(CNS(=O)(=O)c1ccccc1C(=O)NCc1ccc(Cl)c(Cl)c1)Nc1ccc(O)cc1,GZMNVGLLXJLTLY-UHFFFAOYSA-N,0,CHEMBL4765043,False
O=C(CNS(=O)(=O)c1ccccc1C(=O)NCCc1ccc(O)c(O)c1)Nc1ccc(O)cc1,UFGZPCVLDNZWSV-UHFFFAOYSA-N,0,CHEMBL4800229,False
O=C(CNS(=O)(=O)c1ccccc1C(=O)NCCN1CCCC1)Nc1ccc(O)cc1,CKYGMFLSYPZZTI-UHFFFAOYSA-N,0,CHEMBL4751896,False
O=C(CNS(=O)(=O)c1ccccc1C(=O)N1CCOCC1)Nc1ccc(O)cc1,OHQUGGLLIHIBJO-UHFFFAOYSA-N,0,CHEMBL4791601,False
Nc1ccc(O)cc1,PLIKAWJENQZMHA-UHFFFAOYSA-N,0,CHEMBL1142,True
COc1cc(CN)ccc1O,WRPWWVNUCXQDQV-UHFFFAOYSA-N,0,CHEMBL4593283,False
COc1ccc(N)cc1O,BLQFHJKRTDIZLX-UHFFFAOYSA-N,0,CHEMBL4777229,False
Nc1ccc2[nH]ncc2c1,XBTOSRUBOXQWBO-UHFFFAOYSA-N,0,CHEMBL17551,False
CC[C@H](C)[C@H](NC(=O)[C@H](CC(C)C)NC(=O)[C@H](Cc1c[nH]c2ccccc12)NC(=O)[C@H](CCC(=O)O)NC(=O)[C@@H](NC(=O)[C@H](Cc1ccccc1)NC(=O)[C@H](CCC(=O)O)NC(=O)[C@H](CCCCNC(=O)CC[C@H](NC(=O)C(CCCCCCCCCNC(=O)COC(=O)C(C)(C)CCCOc1cc(C)ccc1C)NC(=O)COC(=O)C(C)(C)CCCOc1cc(C)ccc1C)C(=O)O)NC(=O)[C@H](C)NC(=O)[C@H](C)NC(=O)[C@H](CCC(=O)O)NC(=O)[C@H](CCC(=O)O)NC(=O)[C@H](CCC(=O)O)NC(=O)[C@H](CC(C)C)NC(=O)[C@H](Cc1ccc(O)cc1)NC(=O)[C@H](CCC(=O)O)NC(=O)[C@@H](NC(=O)[C@@H](NC(=O)[C@H](CC(=O)O)NC(=O)[C@H](CC(N)=O)NC(=O)[C@@H](NC(=O)[C@H](Cc1ccc(O)cc1)NC(=O)[C@@H](NC(=O)CNC(=O)[C@H](CCC(=O)O)NC(=O)CNC(=O)[C@@H](N)Cc1cnc[nH]1)[C@@H](C)O)[C@@H](C)O)C(C)C)[C@@H](C)O)[C@@H](C)CC)C(=O)N[C@@H](CCCCN)C(=O)NCC(=O)N[C@@H](CCCCN)C(=O)N1CCC[C@H]1C(=O)N[C@@H](CO)C(=O)N[C@@H](CO)C(=O)NCC(=O)N[C@@H](C)C(=O)N1CCC[C@H]1C(=O)N1CCC[C@H]1C(=O)N1CCC[C@H]1C(=O)N[C@@H](CO)C(=O)O,GQBILNROHLXYEW-GTPJNBDFSA-N,0,CHEMBL4780022,False
CCCCCCCCCCCCCCCC(=O)N[C@@H](CCC(=O)O)C(=O)NCCCC[C@H](NC(=O)[C@H](C)NC(=O)[C@H](C)NC(=O)[C@H](CCC(N)=O)NC(=O)CNC(=O)[C@H](CCC(=O)O)NC(=O)[C@H](CC(C)C)NC(=O)[C@H](Cc1ccc(O)cc1)NC(=O)[C@H](CO)NC(=O)[C@H](CO)NC(=O)[C@@H](NC(=O)[C@H](CC(=O)O)NC(=O)[C@H](CO)NC(=O)[C@@H](NC(=O)[C@H](Cc1ccccc1)NC(=O)[C@@H](NC(=O)CNC(=O)[C@H](CCC(=O)O)NC(=O)[C@H](C)NC(=O)[C@@H](N)Cc1cnc[nH]1)[C@H](C)O)[C@@H](C)O)C(C)C)C(=O)N[C@@H](CCC(=O)O)C(=O)N[C@@H](Cc1ccccc1)C(=O)N[C@H](C(=O)N[C@@H](C)C(=O)N[C@@H](Cc1c[nH]c2ccccc12)C(=O)N[C@@H](CC(C)C)C(=O)N[C@H](C(=O)N[C@@H](CCCNC(=N)N)C(=O)NCC(=O)N[C@H](CCCNC(=N)N)C(=O)NCC(=O)O)C(C)C)[C@@H](C)CC,KAIWQAZASNVPLR-LAZQRJDOSA-N,0,CHEMBL4785366,False
CCOC(=O)c1cc2ccc(OC)cc2o1,VBJGXQIHVLKHCT-UHFFFAOYSA-N,0,CHEMBL3415232,False
COc1ccc2cc(C(=O)NCCN(C)C)oc2c1.CS(=O)(=O)O,QYDNZUNQDSSNPX-UHFFFAOYSA-N,0,CHEMBL4797998,False
CN1CCCCC1CCN1c2c(Cl)cc(Cl)cc2Sc2cc(Cl)cc(Cl)c21.Cl,SSSRLBHGILGLTG-UHFFFAOYSA-N,0,CHEMBL4797066,False
CN1CCCCC1CCN1c2ccc(Br)cc2[Se]c2cc(Br)ccc21.Cl,PYYZTZRTNNOLCD-UHFFFAOYSA-N,0,CHEMBL4778666,False
Cc1cc(COc2ccc3c(c2)O/C(=C\c2ccc(C(F)(F)F)cc2)C3=O)cc(C)c1OC(C)(C)C(=O)O,MRNFJGKBVOEKRP-CFRMEGHHSA-N,0,CHEMBL4872922,False
C=Cc1c(C)c2cc3nc(c4c5[nH]c(cc6nc(cc1[nH]2)C(C)=C6CC)c(C)c5C(=O)C4)[C@@H](CCC(=O)NCC(=O)NCC(=O)N[C@@H](CC(C)C)C(=O)N[C@@H](CCCCN)C(=O)N[C@H](CC(C)C)C(=O)N[C@@H](CC(C)C)C(=O)N[C@@H](CCCCN)C(=O)N[C@H](CCCCN)C(=O)N[C@@H](CC(C)C)C(=O)N[C@H](CC(C)C)C(=O)N[C@H](CCCCN)C(=O)N[C@@H](CCCCN)C(=O)N[C@@H](CC(C)C)C(=O)N[C@@H](CC(C)C)C(=O)N[C@H](CCCCN)C(=O)N[C@@H](CC(C)C)C(=O)N[C@@H](CC(C)C)C(N)=O)[C@@H]3C,NNBCQHRLAFXAIQ-XDZNSFMLSA-N,0,CHEMBL4850435,False
CN(/N=N/c1ccc(Br)cc1)C(=O)NCCSc1ccc(O)cc1,BKVPVENZQLBBSA-FMQUCBEESA-N,0,CHEMBL4850739,False
C=C(C)[C@@H]1CCC(C)=C[C@H]1c1c(O)cc(CCCCC)cc1OC(=O)N(C)Cc1ccc(Cl)cc1,OHHCIRJUIDNYFH-IZZNHLLZSA-N,0,CHEMBL4870785,False
COC1=C(C(C)C)C(=O)[C@]23O[C@@]2(C1=O)[C@@]1(C)CC[C@H](O)C(C)(C)[C@@H]1CC3=O,ATVBDXTZABMEPI-XEHFDHBKSA-N,0,CHEMBL4876503,False
CC(C)[C@]12O[C@H]1[C@@H]1O[C@]13[C@]1(O[C@H]1C[C@H]1C4=C(CC[C@@]13C)C(=O)OC4)[C@@H]2OC(=O)CCCCC[P+](c1ccccc1)(c1ccccc1)c1ccccc1.[Br-],ARKDMGOZSZHDCD-HYDWVTRASA-M,0,CHEMBL4848888,False
C=CCc1c(-c2cccc(NS(=O)(=O)c3cccs3)c2)oc(=O)c2cc(F)ccc12,VOVDTTBOHKOABC-UHFFFAOYSA-N,0,CHEMBL4854331,False
Nc1nonc1-c1nc2ccccc2n1CC(=O)Nc1cnc2ccccc2c1,FPAMWJFOROLHQH-UHFFFAOYSA-N,0,CHEMBL5093535,False
Nc1nonc1-c1nc2ccccc2n1CC(=O)Nc1ccc(Br)c2ccccc12,YRSTYYUBSVOIMN-UHFFFAOYSA-N,0,CHEMBL5086584,False
Nc1nonc1-c1nc2ccccc2n1CC(=O)Nc1cccc([N+](=O)[O-])c1,NGOMNLMIXONWQJ-UHFFFAOYSA-N,0,CHEMBL5091958,False
Cn1cc(Nc2nccc(-c3ccc4c(c3)CN(C3COC3)CC[C@H]4NC(=O)c3cn(C(C)(C)C)nn3)n2)cn1,JSAQBOQCZJHWMA-XMMPIXPASA-N,0,CHEMBL5083772,False
CC(C)=CCCC(C)=CCCn1cc(CC(P(=O)(O)O)P(=O)(O)O)nn1,GADOQTNZNVQUEX-UHFFFAOYSA-N,0,CHEMBL5082037,False
Cc1cc(Nc2ccc(C(=O)/C=C/c3ccc4ccccc4c3)cc2)n2nc(SCc3nc4ccccc4[nH]3)nc2n1,WGQWRCAZEPAXRA-GZTJUZNOSA-N,0,CHEMBL5070340,False
COc1cc(C(=O)c2csc(-c3ccc(NC(=O)CCCC(=O)Nc4ccccc4N)cc3)n2)cc(OC)c1OC,LXUOJZKROYWPPV-UHFFFAOYSA-N,0,CHEMBL5176029,False
O=C1c2cc(Cl)c3c4c(Oc5ccc(OCc6cn(CCCN7C[C@H](O)[C@@H](O)[C@H](O)[C@H]7CO)nn6)cc5)cc5c6c(cc(Oc7ccc(OCc8cn(CCCN9C[C@H](O)[C@@H](O)[C@H](O)[C@H]9CO)nn8)cc7)c(c7c(Oc8ccc(OCc9cn(CCCN%10C[C@H](O)[C@@H](O)[C@H](O)[C@H]%10CO)nn9)cc8)cc(c2c37)C(=O)N1Cc1cn(CCCN2C[C@H](O)[C@@H](O)[C@H](O)[C@H]2CO)nn1)c64)C(=O)N(Cc1cn(CCCN2C[C@H](O)[C@@H](O)[C@H](O)[C@H]2CO)nn1)C5=O,YPWXPSNTZOGYSJ-JVMLLWQNSA-N,0,CHEMBL5179216,False
CC(C)(Oc1ccc(Cl)cc1)C(=O)Oc1ccc(-c2cc(=S)ss2)cc1,YTZMIZNUZNUPNR-UHFFFAOYSA-N,0,CHEMBL4763541,False
C[C@H]1CCC/C=C/[C@@H]2C[C@H](OC(=O)OCc3cccnc3)C[C@H]2[C@H](O)/C=C/C(=O)O1,NIVPCXURXHMJGN-CIEKVUGRSA-N,0,CHEMBL5174852,False
Nc1nc(NCCCCN2CCN(c3cccc(Cl)c3Cl)CC2)nc(NCCc2c[nH]c3ccccc23)n1,XFPTZPCTBFZTJN-UHFFFAOYSA-N,0,CHEMBL5194614,False
Nc1nc(NCCc2cccc(Cl)c2Cl)nc(NCCc2c[nH]c3ccccc23)n1,ZOAXAKJUBSMZJB-UHFFFAOYSA-N,0,CHEMBL5177186,False
N#C[C@@H]1CC(F)(F)CN1C(=O)CNC(=O)c1ccnc2ccc(OCCCN3CCN(C(=O)c4ccc([211At])cc4)CC3)cc12,DBIHOPLBOZBNBM-CTCWLUDLSA-N,0,CHEMBL5182729,False
CCN(CC)CCOC(=O)c1ccc(N)cc1,MFDFERRIHVXMIY-UHFFFAOYSA-N,0,CHEMBL569,True
CC1CN(CCOC(=O)c2ccc(N)cc2)CC(C)O1,NUWQUNGNRRPJEQ-UHFFFAOYSA-N,0,CHEMBL5177357,False
O=C(O)CNC(=O)c1ncc(C2=CCN(S(=O)(=O)Cc3ccc(OC(F)(F)F)cc3)CC2)cc1O,MVSHGLCACIWIQM-UHFFFAOYSA-N,0,CHEMBL5193631,False
CCCC[C@H](NC(=O)[C@H](Cc1ccc(CS(=O)(=O)O)cc1)NC(=O)[C@H](CC(=O)O)NC(=O)COCCOCCNC(=O)COCCOCCNC(=O)[C@H](CCCNC(=N)N)NC(=O)CNC(=O)[C@H](CCCCN)NC(=O)[C@@H](NC(=O)[C@H](CC(C)C)NC(=O)[C@H](Cc1c[nH]c2ccccc12)NC(=O)[C@H](C)NC(=O)[C@@H](NC(=O)[C@H](Cc1ccccc1)NC(=O)[C@H](CCC(=O)O)NC(=O)[C@H](CCCCNC(=O)COCCOCCNC(=O)COCCOCCNC(=O)CC[C@H](NC(=O)CCCCCCCCCCCCCCCCC(=O)O)C(=O)O)NC(=O)[C@H](C)NC(=O)[C@H](C)NC(=O)[C@H](CCC(N)=O)NC(=O)CNC(=O)[C@H](CCC(=O)O)NC(=O)[C@H](CC(C)C)NC(=O)[C@H](Cc1ccc(O)cc1)NC(=O)[C@H](CO)NC(=O)[C@H](CO)NC(=O)[C@@H](NC(=O)[C@H](CC(=O)O)NC(=O)[C@H](CO)NC(=O)[C@@H](NC(=O)[C@H](Cc1ccccc1)NC(=O)[C@@H](NC(=O)CNC(=O)[C@H](CCC(=O)O)NC(=O)[C@H](C)NC(=O)[C@@H](N)Cc1cnc[nH]1)[C@@H](C)O)[C@@H](C)O)C(C)C)[C@@H](C)CC)C(C)C)C(=O)NCC(=O)N[C@@H](Cc1c[nH]c2ccccc12)C(=O)N[C@@H](CCCC)C(=O)N(C)[C@H](CC(=O)O)C(=O)N(C)[C@@H](Cc1ccccc1)C(N)=O,HUKZWONRCAQCTA-PYISVRNKSA-N,0,CHEMBL5181266,False
CCCC[C@H](NC(=O)[C@H](Cc1ccc(CS(=O)(=O)O)cc1)NC(=O)[C@H](CC(=O)O)NC(=O)COCCOCCNC(=O)COCCOCCNC(=O)[C@H](CCCCN)NC(=O)CNC(=O)[C@H](CCCCN)NC(=O)[C@@H](NC(=O)[C@H](CC(C)C)NC(=O)[C@H](Cc1c[nH]c2ccccc12)NC(=O)[C@H](CCC(=O)O)NC(=O)[C@@H](NC(=O)[C@H](Cc1ccccc1)NC(=O)[C@H](CCC(=O)O)NC(=O)[C@H](CCCCNC(=O)COCCOCCNC(=O)COCCOCCNC(=O)CC[C@H](NC(=O)CCCCCCCCCCCCCCCCC(=O)O)C(=O)O)NC(=O)[C@H](C)NC(=O)[C@H](C)NC(=O)[C@H](CCC(=O)O)NC(=O)[C@H](CCC(=O)O)NC(=O)[C@H](CCC(=O)O)NC(=O)[C@H](CC(C)C)NC(=O)[C@@H](NC(=O)[C@H](CCC(=O)O)NC(=O)[C@@H](NC(=O)[C@@H](NC(=O)[C@H](CC(=O)O)NC(=O)[C@H](CC(N)=O)NC(=O)[C@@H](NC(=O)[C@H](Cc1ccc(O)cc1)NC(=O)[C@@H](NC(=O)CNC(=O)[C@H](CCC(=O)O)NC(=O)C(C)(C)NC(=O)[C@@H](N)Cc1cnc[nH]1)[C@@H](C)O)[C@@H](C)O)C(C)C)[C@@H](C)O)[C@@H](C)O)[C@@H](C)CC)[C@@H](C)CC)C(=O)NCC(=O)N[C@@H](Cc1c[nH]c2ccccc12)C(=O)N[C@@H](CCCC)C(=O)N(C)[C@H](CC(=O)O)C(=O)N(C)[C@@H](Cc1ccccc1)C(N)=O,ZHPWSEYCGYZOHT-VPZKMCAASA-N,0,CHEMBL5182331,False
CCN1CCN(CCCN2CCCN(C(=O)c3ccc(NC(=O)c4ccccc4-c4ccccc4)cc3)c3ccccc32)CC1,GGOOYOFDSPJDBT-UHFFFAOYSA-N,0,CHEMBL5208751,False
CCN1CCN(c2ccc(Nc3ncc(C)c(Nc4ccc5cn[nH]c5c4)n3)cc2OC)CC1.Cl,JNHPASKPQFAGPP-UHFFFAOYSA-N,0,CHEMBL5187925,False
FC1(F)CCN(c2nc3ccccc3c3c2ccn3Cc2cccc(Cl)c2)CC1,PKKVQHSSLZVNAS-UHFFFAOYSA-N,0,CHEMBL5200705,False
O=C(Nc1ccc(F)c(F)c1)Nc1ccc(Sc2nc3cc(Cl)ccc3s2)c(Cl)c1,IHQDEVNEHAXQSH-UHFFFAOYSA-N,0,CHEMBL5175158,False
O=c1[nH]c(/C=C/c2cccc(F)c2)nc2ccccc12,ZFGIVIZXCYOWBK-CMDGGOBGSA-N,0,CHEMBL5267057,False
Cc1ccc(-c2noc(-c3cccc(OCC4CCN(Cc5cccc(F)c5)CC4)c3)n2)cn1,RRSJHXGJAMBCDJ-UHFFFAOYSA-N,0,CHEMBL5278087,False
COc1cc2c(cc1OC)C(Cc1ccc(OC)c(OCc3ccccc3)c1)N(C)CC2,VGJZVOUZZFXQBK-UHFFFAOYSA-N,0,CHEMBL5290318,False
Br.CN1CCOC(O)(c2ccc3c(c2)Sc2ccccc2N3)C1,DNBUKFHVIMCUQB-UHFFFAOYSA-N,0,CHEMBL5412312,False
CCOC(=O)c1c(S(=O)(=O)N2CCC[C@H](C(=O)Nc3ccc(F)c(C)c3)C2)c(C)n(CC(F)(F)F)c1C,WQSAZRPEGPROCC-KRWDZBQOSA-N,0,CHEMBL5428559,False
O=C(O)CNC(=O)c1ncc(C2CCN(C(=O)CNc3ccc(Cl)cc3)CC2)cc1O,PNWJJULLNCIIMB-UHFFFAOYSA-N,0,CHEMBL5394158,False
COc1cc(OC)c(Cl)c(NC(=O)N(C)c2cc(Nc3ccc(N4CCN(C(=O)C5CCN(c6ccc7c(c6)C(=O)N(C6CCC(=O)NC6=O)C7=O)CC5)CC4)cc3)ncn2)c1Cl,BUEXWHUMUYQITQ-UHFFFAOYSA-N,0,CHEMBL5403145,False
COc1ccc(CN(C(=O)CSC(=S)N2CCN(c3ccc(N)cc3)CC2)c2cc(OC)c(OC)c(OC)c2)cc1O,IQDDCWYNBRRRQG-UHFFFAOYSA-N,0,CHEMBL5440372,False
O=C(c1cc(Cl)c(O)c(Cl)c1)n1ccc2cccnc21,HVYNCNZJQZOKFM-UHFFFAOYSA-N,0,CHEMBL5439993,False
COc1ncc(-c2ccc3ncc(-c4cn(CCCN5CCOCC5)nn4)n3n2)cc1NS(=O)(=O)c1ccc(F)cc1F,SLVDFWRJWQJSRW-UHFFFAOYSA-N,0,CHEMBL5395998,False
COc1c(OCCCN2CCOCC2)ccc2c1N=C(NC(=O)c1cnc(N)nc1)N1CCN=C21,PZBCKZWLPGJMAO-UHFFFAOYSA-N,0,CHEMBL3218576,True
Cl.Cl.NCCCC(=O)OCCN1CCN(c2cccc3c2ccn3S(=O)(=O)c2ccccc2)CC1,LEFKFKCAMVAURB-UHFFFAOYSA-N,0,CHEMBL5412404,False
N#Cc1cncc(COc2cc(OCc3cccc(-c4ccccc4F)c3Cl)ccc2CNCCO)c1,DSELNKYPNSPLEU-UHFFFAOYSA-N,0,CHEMBL5398715,False
COc1cc(/N=C(\N)N2CCN(c3cnc(-c4cccc(Cl)c4Cl)c(N)n3)CC2)ccc1C#N,MZIJBZJSXSVRKO-UHFFFAOYSA-N,0,CHEMBL5428525,False
C=CCNC(=S)Nc1cc(C(=O)Nc2ccc(F)c(C)c2)c(C)cc1F,BPRUTWSXZJFFDR-UHFFFAOYSA-N,0,CHEMBL5412496,False
Cn1ncc2c(NC(P(=O)(O)O)P(=O)(O)O)nc(-c3cccc(C(=O)Nc4ccc(C(F)(F)F)cc4)c3)nc21,WUZPMXBCFREYEO-UHFFFAOYSA-N,0,CHEMBL5412066,False
C=CC(=O)N(C)[C@H]1C[C@@](C)(Oc2nc(-c3cnn(C)c3)cn3nccc23)C1,WBFSPPPOPIJCLF-DHFPXDALSA-N,0,CHEMBL5532458,False
NC1=C(Cl)C(=O)c2ccccc2C1=O,OBLNWSCLAYSJJR-UHFFFAOYSA-N,0,CHEMBL156959,False
O=C1C(Cl)=C(Cl)C(=O)c2ccccc21,SVPKNMBRVBMTLB-UHFFFAOYSA-N,0,CHEMBL318782,False
COc1ccc(C2C(Cl)C(=O)N2C2=C(Cl)C(=O)c3ccccc3C2=O)cc1,JKWDTWJMTFDQHA-UHFFFAOYSA-N,0,CHEMBL5558772,False
CCOc1cc(C2C(Cl)C(=O)N2C2=C(Cl)C(=O)c3ccccc3C2=O)ccc1O,NZFPWVYBYPMCFI-UHFFFAOYSA-N,0,CHEMBL5505901,False
O=C1C(Cl)=C(N2C(=O)C(Cl)C2c2ccc(Cl)cc2)C(=O)c2ccccc21,COYJCBXJGPKMHX-UHFFFAOYSA-N,0,CHEMBL5555020,False
CN(C)c1ccc(C2C(Cl)C(=O)N2C2=C(Cl)C(=O)c3ccccc3C2=O)cc1,CZYVPYRMFNSVDO-UHFFFAOYSA-N,0,CHEMBL5555799,False
O=C1C(Cl)=C(N2C(=O)C(Cl)C2c2ccc([N+](=O)[O-])cc2)C(=O)c2ccccc21,VUALIAFQBJAQQC-UHFFFAOYSA-N,0,CHEMBL5532252,False
C=C1C(=O)[C@]23[C@H](O)[C@H]1CC[C@H]2[C@]12C=CCC(C)(C)[C@H]1[C@H](O)[C@@]3(OCCC(=O)O)OC2,NFWAITKLWZRIGK-DMXDCXNVSA-N,0,CHEMBL5567870,False
CC[C@H](C)[C@@H](NC(=O)[C@@H](NC(=O)[C@H](CCC(=O)O)NC(=O)[C@H](Cc1ccccc1)NC(=O)[C@@H](CCN)NC(=O)[C@H](CCN)NC(=O)[C@H](CO)NC(=O)[C@@H](Cc1c[nH]c2ccccc12)NC(=O)[C@@H](CO)NC(=O)CNC(=O)[C@@H](CCN)NC(=O)[C@H](NC(=O)[C@H](C)N)C(C)C)C(C)C)C(=O)N[C@@H](C)C(=O)O,XWGKIGRJGLAOJC-AMVAKXGBSA-N,0,CHEMBL5561258,False
CC(=O)N/N=C/c1c(-c2nc(NCCN3CCCC3)c3ccccc3n2)[nH]c2ccccc12,FAZBBJPZVSGANF-JVWAILMASA-N,0,CHEMBL5561856,False
O=C(CNS(=O)(=O)c1ccccc1C(F)(F)F)Nc1ccc2c(=O)n3c(nc2c1)CCC3,ARXQHWQZSIQLPK-UHFFFAOYSA-N,0,CHEMBL5570362,False
O=c1c2ccccc2nc2n1CCC2,VARHXCYGZKSOOO-UHFFFAOYSA-N,0,CHEMBL456881,False
C=CC(=O)Nc1cc2c(Oc3ccc(NC(=O)n4c(=O)c(-c5ccccc5)c(C)n4C)cc3F)cccc2cc1OC,PZKGSVYNVAEKGQ-UHFFFAOYSA-N,0,CHEMBL5565127,False
CCCCC/C=C\C/C=C\C/C=C\C/C=C\CC/C=C(/OC(=O)C(C)c1ccc(C(=O)c2ccccc2)cc1)C(F)(F)F,IIWSKSOUOHOUAY-LVWSLPETSA-N,0,CHEMBL5591396,False
CCOc1ccc(C[C@@H](NC(=O)Cc2ccc(C(C)(C)C)cc2)C(=O)N[C@@H](Cc2ccc(F)cc2)C(=O)N[C@H](C(=O)N[C@@H](CC(N)=O)C(=O)N[C@@H](CC)C(=O)N2CCC[C@H]2C(=O)N[C@@H](CCCNC(=N)N)C(=O)N[C@@H](CCCNC(=N)N)C(N)=O)C(C)C)cc1,SNHJAZWMZSZXFM-XJKSQIOZSA-N,0,CHEMBL5575063,False
Cc1ccc(-n2nc(C(=O)N3CCCCC3)c(=O)n(Cc3ccccc3)c2=O)cc1C,MSIINHRFNXEONI-UHFFFAOYSA-N,0,CHEMBL5593199,False
CC(C)C[C@H](NC(=O)[C@H](C)NC(=O)[C@@H](NC(=O)[C@H](Cc1ccc(O)cc1)NC(=O)[C@H](Cc1c[nH]c2ccccc12)NC(=O)[C@H](CO)NC(=O)[C@H](CO)NC(=O)[C@H](Cc1ccc(O)cc1)NC(=O)[C@H](CCCCN)NC(=O)[C@H](CCCNC(=N)N)NC(=O)[C@H](CO)NC(=O)[C@H](CCCNC(=N)N)NC(=O)[C@@H](N)Cc1ccc(O)cc1)C(C)C)C(=O)N[C@@H](CCCCN)C(=O)N[C@@H](CCCNC(=N)N)C(=O)N[C@@H](CC(C)C)C(=O)N1CCC[C@H]1C(=O)N[C@@H](CCC(=O)O)C(=O)N[C@H](C(=O)NCC(=O)NCC(=O)NCC(=O)NCCOCCOCCOCCOCCOCCOc1ccc([N+](=O)[O-])cc1[N+](=O)[O-])[C@@H](C)O,FCEKBGGBXQNSAH-KNLLAKKMSA-N,0,CHEMBL5597178,False
N#Cc1cncc(COc2cc(OCc3cccc(-c4ccc5c(c4)OCCO5)c3C(F)F)ccc2CNCCO)c1,YNAHCBRGGPSNDZ-UHFFFAOYSA-N,0,CHEMBL5612053,False
CNc1ccc(C(=O)/C=C/c2cc(C)c(OC(C)(C)C(=O)OC(C)(C)C)c(C)c2)cc1,JMNQFYWMYKSSSA-NTEUORMPSA-N,0,CHEMBL5630731,False
N=C(CCl)NCCC[C@H](NC(=O)c1cc([N+](=O)[O-])c2nonc2c1)C(=O)NCc1cccc(B(O)O)c1,QVQLUTLQWGEXFG-HNNXBMFYSA-N,0,CHEMBL5630336,False
CCCc1ccc(OCC(O)Cn2cc(COc3ccc(Cl)cc3)nn2)c(OC)c1,CCABYDVHHITXSQ-UHFFFAOYSA-N,0,CHEMBL5624708,False
CCCc1ccc(OCC(O)Cn2cc(COc3ccc([N+](=O)[O-])cc3)nn2)c(OC)c1,RHPNOOKZJJVHHQ-UHFFFAOYSA-N,0,CHEMBL5630565,False
C=CC(=O)NCCCn1c(=O)c(-c2c(Cl)c(OC)cc(OC)c2Cl)cc2cnc(Nc3c(C)cccc3NC(=O)C=C)cc21,ZWQWTVLDLQPTSW-UHFFFAOYSA-N,0,CHEMBL5633060,False
OCCN1CCC(C2CCN(c3nc(NCc4cccc(F)c4F)c4ncn(C5CCCC5)c4n3)CC2)CC1,WYVDFOFDVCFARJ-UHFFFAOYSA-N,0,CHEMBL5641626,False
OCCN1CCC(C2CCN(c3nc(NCc4ccc(F)c(Cl)c4)c4ncn(CC5CC5)c4n3)CC2)CC1,LFXYFFIMEFNDHC-UHFFFAOYSA-N,0,CHEMBL5639257,False
O=C(Nc1ccccc1-c1cn2c(CN3CCNCC3)csc2n1)c1cnc2ccccc2n1,IASPBORHOMBZMY-UHFFFAOYSA-N,0,CHEMBL257991,False
Cc1ccc(S(=O)(=O)O)cc1.NC1CCN(C(=O)C[C@H]2CC[C@]3(CC2)OO[C@]2(O3)C3CC4CC(C3)CC2C4)CC1,FFSUNHDUVSRYRL-WEXWRLDCSA-N,0,CHEMBL584107,False
CC(C)(N)CNC(=O)C[C@H]1CC[C@]2(CC1)OO[C@]1(O2)C2CC3CC(C2)CC1C3.Cc1ccc(S(=O)(=O)O)cc1,ZNEZSLAXOUSCDT-KDJJSNTDSA-N,0,CHEMBL570680,False
CCCCCCCCCCCCCCCCOCCCOP(=O)(O)CO[C@H](CO)Cn1ccc(N)nc1=O,WXJFKKQWPMNTIM-VWLOTQADSA-N,0,CHEMBL203321,True
CC(=O)O[C@H]1CC[C@@]2(C)[C@@H](CC=C3[C@@H]2CC[C@]2(C)[C@@H]([C@H](C)COC=O)CC[C@@H]32)C1,ZMSGAXSBKXUQKY-PUCUFLQQSA-N,0,CHEMBL4167637,False
C[C@@]1(N2CCN(c3cc4c(cnn4-c4cnn(C56CC(C5)C6)c4)cc3Cl)CC2)COC[C@@H]1O,LVPXBXFMUREXPT-WJTHNFPRSA-N,0,CHEMBL5618734,False
