inchi_key,canonical_smiles,name,manual_label,source,reason
VGGGPCQERPFHOB-RDBSUJKOSA-N,CC(C)C[C@H](NC(=O)[C@@H](O)[C@H](N)Cc1ccccc1)C(=O)O,ubenimex,1,expert_curation,Hepatic enzyme elevation reports
AAGFPTSOPGCENQ-UHFFFAOYSA-N,O=C1C=CCC2C3CCCN4CCCC(CN12)C34,sophocarpine,1,expert_curation,Sophora alkaloid - hepatotoxicity case reports
INRQTVDUZFESAO-UHFFFAOYSA-N,CS(=O)(=O)c1ccc(C2=C(c3ccc(F)c(F)c3)C(=O)OC2)cc1,"3-(3,4-difluorophenyl)-4-(4-(methylsulfonyl)phenyl)-2(5H)-furanone",,non_drug,IUPAC chemistry name
YECLJVFSJHLBMZ-UHFFFAOYSA-N,CCCCCCCCCCCCCC(=O)OC1C(C)C2(O)C(C=C(CO)CC3(O)C(O)C(C)=CC32)C2C(C)(C)C12OC(C)=O,phorbolol myristate acetate,,non_drug,industrial/lab/non-drug chemical
DDNCQMVWWZOMLN-UHFFFAOYSA-N,CCOC(=O)C1=CC2(CC)CCCN3CCc4c(n1c1ccccc41)C32,vinpocetine,1,expert_curation,Supplement - hepatotoxicity case reports
AIGAZQPHXLWMOJ-UHFFFAOYSA-N,Cc1coc2c1C(=O)C(=O)c1c-2ccc2c(C)cccc12,tanshinone,,non_drug,Salvia - reports of hepatic effects mixed
KWTSZCJMWHGPOS-UHFFFAOYSA-M,C[Sn](C)(C)Cl,trimethyltin chloride,,non_drug,industrial/lab/non-drug chemical
BKIACVAZUKISOR-UHFFFAOYSA-N,CC(C)=CC(O)CC(C)=CCOc1c2ccoc2cc2oc(=O)ccc12,notopterol,0,expert_curation,Notopterygium coumarin - safe at dietary doses
BYSGBSNPRWKUQH-UHFFFAOYSA-N,OCC1OC(OCC2OC(OC3C(CO)OC(O)C(O)C3O)C(O)C(O)C2OC2OC(CO)C(O)C(O)C2O)C(O)C(O)C1O,Glycogen,,non_drug,industrial/lab/non-drug chemical
KBAFPSLPKGSANY-VXKWHMMOSA-N,CCN(CC)CCOC(=O)[C@@H](Cc1cccc2ccccc12)C[C@@H]1CCCO1,CHEMBL1443491,,non_drug,ChEMBL ID only
XKMLYUALXHKNFT-UHFFFAOYSA-N,Nc1nc2c(ncn2C2OC(COP(=O)(O)OP(=O)(O)OP(=O)(O)O)C(O)C2O)c(=O)[nH]1,Guanosine Triphosphate,,non_drug,industrial/lab/non-drug chemical
XFZJEEAOWLFHDH-UHFFFAOYSA-N,Oc1cc(O)c2c(c1)OC(c1ccc(O)c(O)c1)C(O)C2c1c(O)cc(O)c2c1OC(c1ccc(O)c(O)c1)C(O)C2,procyanidin B1,,non_drug,industrial/lab/non-drug chemical
VBTQNRFWXBXZQR-UHFFFAOYSA-N,CC(=O)NBr,N-bromoacetamide,,non_drug,industrial/lab/non-drug chemical
UMUPQWIGCOZEOY-JOCHJYFZSA-N,CC(C)(N)C(=O)N[C@H](COCc1ccccc1)C(=O)N1CCC2(CC1)CN(S(C)(=O)=O)c1ccccc12,CHEMBL13817,,non_drug,ChEMBL ID only
GODLCSLPZIBRMG-UHFFFAOYSA-N,COc1cc(C)c(C(=O)Oc2cc(C)c(C(=O)O)c(O)c2)c(O)c1,CHEMBL1484978,,non_drug,ChEMBL ID only
RUTGHCUXABPJTJ-UHFFFAOYSA-N,COc1cc(O)c2c(=O)cc(-c3ccc(O)cc3)oc2c1C1CC(O)C(O)C(C)O1,aciculatin,0,expert_curation,Chrysopogon flavonoid - safe at moderate doses
VDIFKDMFGPIVCQ-UHFFFAOYSA-N,CC(C)(C)c1ccccc1OP(=O)(Oc1ccccc1)Oc1ccccc1,tert-butylphenyl diphenyl phosphate,,non_drug,industrial/lab/non-drug chemical
MTKNDAQYHASLID-QXYWQCSFSA-N,C[C@]12CC[C@@H]3c4ccc(O)cc4CC[C@H]3[C@@H]1CC[C@@H]2O[C@@H]1O[C@H](C(=O)O)[C@@H](O)[C@H](O)[C@H]1O,CHEMBL1697724,,non_drug,ChEMBL ID only
JUSMHIGDXPKSID-UHFFFAOYSA-N,OCC1OC(S)C(O)C(O)C1O,Aurothioglucose,1,expert_curation,Gold compound - LiverTox A hepatic injury
GEHJIACZUFWBTK-UHFFFAOYSA-N,O=S(=O)(c1cccc2c(I)cccc12)N1CCCNCC1,ML 7,,non_drug,research compound MLCK inhibitor
YSKVBPGQYRAUQO-UHFFFAOYSA-N,CCC(CCC(C)C1CCC2C3=CCC4CC(O)CCC4(C)C3CCC21C)C(C)C,stigmast-7-enol,,non_drug,industrial/lab/non-drug chemical
SNKFFCBZYFGCQN-UHFFFAOYSA-N,O=C(C=Cc1ccc(O)c2c1C(C(=O)OC(Cc1ccc(O)c(O)c1)C(=O)O)C(c1ccc(O)c(O)c1)O2)OC(Cc1ccc(O)c(O)c1)C(=O)O,lithospermate B,,non_drug,industrial/lab/non-drug chemical
NXFQHRVNIOXGAQ-YCRREMRBSA-N,O=C1CN(/N=C/c2ccc([N+](=O)[O-])o2)C(=O)N1,CHEMBL572,,non_drug,ChEMBL ID only
WBSMIPAMAXNXFS-UHFFFAOYSA-N,O=C(O)c1cc([N+](=O)[O-])ccc1NCCCc1ccccc1,5-nitro-2-(3-phenylpropylamino)benzoic acid,,non_drug,IUPAC chemistry name
OJMIONKXNSYLSR-UHFFFAOYSA-N,OP(O)O,Organophosphonates,,non_drug,industrial/lab/non-drug chemical
VPAPPHOZFDSBAJ-UHFFFAOYSA-N,Cn1c(=O)c2c(nc3n2CCCN3Cc2ccccc2Br)n(C)c1=O,CHEMBL4535750,,non_drug,ChEMBL ID only
MRVWRDZEYURFSW-UHFFFAOYSA-N,COc1ccc(SCC(=S)N2CCc3c(sc4c3C(c3ccccc3Cl)=NCc3nnc(C)n3-4)C2)cc1OC,BN 50739,,non_drug,PAF antagonist research
OTLNLRCPPGPFDK-VBKFSLOCSA-N,C/C(O)=C(\C#N)C(=O)Nc1cc(OC(C)C)c(-c2cccc(C(F)(F)F)c2)cc1F,CHEMBL5169436,,non_drug,ChEMBL ID only
DDTDNCYHLGRFBM-YZEKDTGTSA-N,CC(=O)N[C@@H]1[C@H](Oc2c3cc4cc2Oc2ccc(cc2Cl)[C@@H](O[C@@H]2O[C@@H](CO)[C@@H](O)[C@H](O)[C@@H]2NC(C)=O)[C@@H]2NC(=O)[C@H](NC(=O)[C@@H]4NC(=O)[C@H]4NC(=O)[C@@H](Cc5ccc(c(Cl)c5)O3)NC(=O)[C@H](N)c3ccc(O)c(c3)Oc3cc(O)cc4c3)c3ccc(O)c(c3)-c3c(O[C@H]4O[C@H](CO)[C@@H](O)[C@@H](O)[C@@H]4O)cc(O)cc3[C@@H](C(=O)O)NC2=O)O[C@@H](CO)[C@@H](O)[C@@H]1O,CHEMBL2367892,,non_drug,ChEMBL ID only
SMPNJFHAPJOHPP-UHFFFAOYSA-N,Nc1ncnc2c1ncn2C1OC2COP(O)(=S)OC2C1O,"adenosine-3',5'-cyclic phosphorothioate",,non_drug,industrial/lab/non-drug chemical
LKQSEFCGKYFESN-UHFFFAOYSA-N,Cc1ccccc1OP1(=O)OCc2ccccc2O1,2-(2-cresyl)-4H-1-3-2-benzodioxaphosphorin-2-oxide,,non_drug,IUPAC chemistry name
RJYQLMILDVERHH-UHFFFAOYSA-N,CC(O)CCC(=O)c1ccoc1,CHEMBL1743358,,non_drug,ChEMBL ID only
KDZOUSULXZNDJH-UHFFFAOYSA-N,C=C(C)C1CCC(C)=CC1c1c(C)cc(O)cc1O,O-1602 compound,,non_drug,Research CB receptor
JCSREICEMHWFAY-HUUCEWRRSA-N,CCCN1CCO[C@@H]2c3cc(O)ccc3CC[C@H]21,CHEMBL69271,,non_drug,ChEMBL ID only
FOIVPCKZDPCJJY-UHFFFAOYSA-N,CC(=Cc1ccc(C(=O)O)cc1)c1ccc2c(c1)C(C)(C)CCC2(C)C,"4-(2-(5,6,7,8-tetrahydro-5,5,8,8-tetramethyl-2-naphthalenyl)-1-propenyl)benzoic acid",,non_drug,IUPAC chemistry name
NTNWOCRCBQPEKQ-UHFFFAOYSA-N,CN=C(N)NCCCC(N)C(=O)O,omega-N-Methylarginine,,non_drug,industrial/lab/non-drug chemical
OZKOMUDCMCEDTM-UHFFFAOYSA-N,c1cnc2c(c1)ccc1ncccc12,"1,7-phenanthroline",,non_drug,industrial/lab/non-drug chemical
DXYUAIFZCFRPTH-UHFFFAOYSA-N,COc1cc2c(=O)c(-c3ccc(O)cc3)coc2cc1O,glycitein,,non_drug,industrial/lab/non-drug chemical
GZIFEOYASATJEH-UHFFFAOYSA-N,Cc1cc(O)cc2c1OC(C)(CCCC(C)CCCC(C)CCCC(C)C)CC2,delta-tocopherol,,non_drug,industrial/lab/non-drug chemical
BGLUXFNVVSVEET-UHFFFAOYSA-N,CC1C=CC(=O)O1,angelica lactone,0,expert_curation,"Angelica lactone - food flavoring, safe at low doses"
ZFKKRRMUPBBYRS-UHFFFAOYSA-N,O=c1cc(-c2ccccc2)oc2c(O)c(O)cc(O)c12,norwogonin,,non_drug,industrial/lab/non-drug chemical
IOFUFYLETVNNRF-UHFFFAOYSA-N,O=C(O)CCC=CCCC1C(OCc2ccc(-c3ccccc3)cc2)CC(=O)C1N1CCOCC1,AH 23848,,non_drug,TX antagonist research
NEYQATXDZSNIOO-UHFFFAOYSA-N,CCC=CC=CC=CC=CCCC(O)CCCCCCC(=O)O,8-hydroxyeicosatetraenoic acid,,non_drug,industrial/lab/non-drug chemical
KJEBULYHNRNJTE-UHFFFAOYSA-N,COCCOC(=O)C1=C(C)NC(C)=C(C(=O)OCC=Cc2ccccc2)C1c1cccc([N+](=O)[O-])c1,cilnidipine,1,expert_curation,DHP calcium channel blocker - hepatotoxicity
BNQSTAOJRULKNX-UHFFFAOYSA-N,CC(=O)NCCCCCCNC(C)=O,hexamethylene bisacetamide,,non_drug,industrial/lab/non-drug chemical
ODADKLYLWWCHNB-UHFFFAOYSA-N,CC(C)=CCCC(C)=CCCC(C)=CCCC1(C)CCc2cc(O)cc(C)c2O1,"tocotrienol, delta",,non_drug,industrial/lab/non-drug chemical
WUUGFSXJNOTRMR-UHFFFAOYSA-N,CSCC1OC(n2cnc3c(N)ncnc32)C(O)C1O,5'-methylthioadenosine,,non_drug,industrial/lab/non-drug chemical
IVOMOUWHDPKRLL-UHFFFAOYSA-N,Nc1ncnc2c1ncn2C1OC2COP(=O)(O)OC2C1O,Cyclic AMP,,non_drug,industrial/lab/non-drug chemical
UATJOMSPNYCXIX-UHFFFAOYSA-N,O=[N+]([O-])c1cc([N+](=O)[O-])cc([N+](=O)[O-])c1,sym-trinitrobenzene,,non_drug,industrial/lab/non-drug chemical
AHEVKYYGXVEWNO-UEPZRUIBSA-N,CN(C)[C@@H]1C(O)=C(C(=O)NCNCCCC[C@H](N)C(=O)O)C(=O)[C@@]2(O)C(O)=C3C(=O)c4c(O)cccc4[C@@](C)(O)[C@H]3C[C@@H]12,lymecycline,1,expert_curation,Tetracycline - LiverTox B microvesicular steatosis
NVLPQIPTCCLBEU-UHFFFAOYSA-N,C=CCSC,allyl methyl sulfide,0,expert_curation,Garlic - safe at dietary
UUDAMDVQRQNNHZ-UHFFFAOYSA-N,Cc1o[nH]c(=O)c1CC(N)C(=O)O,alpha-Amino-3-hydroxy-5-methyl-4-isoxazolepropionic Acid,,non_drug,AMPA research agonist
GYKFWCDBQAFCLJ-RTWAWAEBSA-N,COc1ccc([C@@H]2Sc3cc(Cl)ccc3N(CCN(C)C)C(=O)[C@@H]2OC(C)=O)cc1,CHEMBL348763,,non_drug,ChEMBL ID only
NMUSYJAQQFHJEW-ARQDHWQXSA-N,Nc1ncn([C@@H]2O[C@H](CO)[C@@H](O)[C@@H]2O)c(=O)n1,CHEMBL2106666,,non_drug,ChEMBL ID only
QFVOYBUQQBFCRH-UHFFFAOYSA-N,C=C1CC23CCC4C(C)(C(=O)O)CCCC4(C)C2CCC1(O)C3,steviol,0,expert_curation,Stevia metabolite - safe at dietary doses
AFPLNGZPBSKHHQ-UHFFFAOYSA-N,CC(C)=CCCC(C)=CCCC(C)=CCCC(C)=CCCC(C)=CCCC(C)=CCCC(C)=CCCC(C)=CCCC(C)=CCO,solanesol,0,expert_curation,Long-chain alcohol - safe
BCDGQXUMWHRQCB-UHFFFAOYSA-N,CC(=O)CN,aminoacetone,,non_drug,endogenous metabolite
XEYBRNLFEZDVAW-UHFFFAOYSA-N,CCCCCC(O)C=CC1C(O)CC(=O)C1CC=CCCCC(=O)O,Dinoprostone,1,expert_curation,PGE2 - LiverTox C cholestasis with high dose
WBGUTGOSUBJTJZ-UHFFFAOYSA-N,Cc1[nH]ccc2c(C)c3nc4ccccc4c3cc12,olivacine,1,expert_curation,Hepatotoxic alkaloid (ellipticine analog)
OVGGLBAWFMIPPY-UHFFFAOYSA-N,COC(=O)NN=Cc1c[n+]([O-])c2ccccc2[n+]1[O-],Carbadox,1,expert_curation,"Quinoxaline antibiotic - hepatotoxic, banned"
HCAGTMLWEWVIJA-UHFFFAOYSA-N,COc1cc(-c2oc3c(OC)c(OC)c(OC)c(O)c3c(=O)c2OC)ccc1O,"5,4'-dihydroxy-3,6,7,8,3'-pentamethoxyflavone",,non_drug,IUPAC chemistry name
LCAFGJGYCUMTGS-UHFFFAOYSA-N,NCC1CC(=O)N(Cc2ccccc2)C1,CHEMBL2104682,,non_drug,ChEMBL ID only
JRFZSUMZAUHNSL-UHFFFAOYSA-N,COc1cc(OC)c2c(=O)cc(-c3ccccc3)oc2c1,"5,7-dimethoxyflavone",,non_drug,industrial/lab/non-drug chemical
SBMIVUVRFPGOEB-UHFFFAOYSA-N,Clc1cc2oc3cc(Cl)c(Cl)c(Cl)c3c2cc1Cl,"1,2,3,7,8-pentachlorodibenzofuran",,non_drug,IUPAC chemistry name
NBMKJKDGKREAPL-UHFFFAOYSA-N,CC1CC2C3CCC4=CC(=O)C=CC4(C)C3(Cl)C(O)CC2(C)C1(O)C(=O)CO,Beclomethasone,1,expert_curation,Inhaled corticosteroid - LiverTox C; minimal hepatic effect topically
XWMMEBCFHUKHEX-UHFFFAOYSA-N,C=C1CCC2(C)CCC3(C)C(CCC4C5(C)CCC(O)C(C)(C)C5CCC43C)C2C1C,taraxasterol,0,expert_curation,Triterpene - safe
DBTMGCOVALSLOR-UHFFFAOYSA-N,OCC1OC(OC2C(O)C(CO)OC(OC3C(O)C(O)OC(CO)C3O)C2O)C(O)C(O)C1O,laminaran,0,expert_curation,Algal polysaccharide - safe
GDTBXPJZTBHREO-UHFFFAOYSA-N,BrBr,Bromine,,non_drug,element / inorganic substance
NJGWOFRZMQRKHT-UHFFFAOYSA-N,CC(C)CCCCCCCCCC1CC(=O)NC(CCC(=O)O)C(=O)NC(CC(C)C)C(=O)NC(CC(C)C)C(=O)NC(C(C)C)C(=O)NC(CC(=O)O)C(=O)NC(CC(C)C)C(=O)NC(CC(C)C)C(=O)O1,surfactin peptide,,non_drug,Bacillus lipopeptide research surfactant
PHZOWSSBXJXFOR-UHFFFAOYSA-N,C=CCC(=NOS(=O)(=O)O)SC1OC(CO)C(O)C(O)C1O,sinigrin,0,expert_curation,Glucosinolate (mustard) - safe at dietary
QMQIQBOGXYYATH-UHFFFAOYSA-N,CC1CCC2(OC1)OC1CC3C4CC=C5CC(O)CC(O)C5(C)C4CCC3(C)C1C2C,ruscogenin,0,expert_curation,Sapogenin - safe
CEBXXEKPIIDJHL-UHFFFAOYSA-N,Cc1cc(O)cc2oc(=O)c3c(O)cc(O)cc3c12,alternariol,1,expert_curation,Mycotoxin - hepatic effects
UCZJPQIEFFTIEV-UHFFFAOYSA-N,COc1c2ccc(-c3ccccc3)oc-2cc(=O)c1C,dracorhodin,0,expert_curation,Dragon's blood anthocyanidin - safe at moderate doses
LUFAORPFSVMJIW-UHFFFAOYSA-N,COc1ccc2c(c1)CCC1C2CCC2(C)C(NCCCCCCN3C(=O)C=CC3=O)CCC12,"1-(6-((3-methoxyestra-1,3,5(10)-trien-17-yl)amino)hexyl)-1H-pyrrole-2,5-dione",,non_drug,IUPAC chemistry name
JAZBEHYOTPTENJ-UHFFFAOYSA-N,CCC=CCC=CCC=CCC=CCC=CCCCC(=O)O,Eicosapentaenoic Acid,0,expert_curation,Omega-3 - safe
RNOJGTHBMJBOSP-UHFFFAOYSA-N,CC1(C2CCCC2)Cc2cc(OCC(=O)O)c(Cl)c(Cl)c2C1=O,MK 473,,non_drug,research
BMZRVOVNUMQTIN-UHFFFAOYSA-N,N#CC(C#N)=NNc1ccc(OC(F)(F)F)cc1,Carbonyl Cyanide p-Trifluoromethoxyphenylhydrazone,1,expert_curation,FCCP uncoupler - hepatotoxic research tool
LGAWSVFQACGGJL-UHFFFAOYSA-N,CCCCCCCCCC(=O)NC(CN1CCOCC1)C(C)c1ccccc1,RV 538,,non_drug,research compound
PYXFVCFISTUSOO-UHFFFAOYSA-N,CC(C)=CCCC(C)(O)C1CCC2(C)C1C(O)CC1C3(C)CCC(O)C(C)(C)C3CCC12C,protopanaxadiol,0,expert_curation,Ginsenoside aglycone - safe at moderate
WRYCSMQKUKOKBP-UHFFFAOYSA-N,C1CNCN1,Imidazolidines,,non_drug,generic chemical class
UKOQVLAXCBRRGH-UHFFFAOYSA-N,CO/N=C(\N)c1ccc(-c2ccc(-c3ccc(/C(N)=N/OC)cc3)o2)cc1,Pafuramidine,1,expert_curation,Withdrawn due to hepatotoxicity in trials
LZAZURSABQIKGB-UHFFFAOYSA-N,O=C1NC2C(=CC(O)C(O)C2O)c2cc3c(c(O)c21)OCO3,narciclasine,1,expert_curation,Hepatotoxic alkaloid
XXYTXQGCRQLRHA-UHFFFAOYSA-N,Cc1ccc(S(=O)(=O)NC(=O)NC2CCCCC2)cc1N,metahexamide,1,expert_curation,Sulfonylurea withdrawn - LiverTox A acute hepatitis
WBYWAXJHAXSJNI-UHFFFAOYSA-N,O=C(O)C=Cc1ccccc1,cinnamic acid,0,expert_curation,Natural acid - safe
VFLDPWHFBUODDF-UHFFFAOYSA-N,COc1cc(C=CC(=O)CC(=O)C=Cc2ccc(O)c(OC)c2)ccc1O,Curcumin,0,expert_curation,"Generally regarded safe, no clear DILI signal at normal doses"
AGZXTDUDXXPCMJ-UHFFFAOYSA-N,O=C(O)C1CSC(C(O)C(O)C(O)CO)N1,"2-(1',2',3',4'-tetrahydroxybutyl)thiazolidine-4-carboxylic acid",,non_drug,IUPAC chemistry name
CHNUOJQWGUIOLD-NFZZJPOKSA-N,CC(/C=C1\SC(=S)N(CC(=O)O)C1=O)=C\c1ccccc1,EPALRESTAT,1,expert_curation,Clinical hepatotoxicity (Japan PMDA reports)
FRIJWEQBTIZQMD-UHFFFAOYSA-N,c1ccc2c(c1)Cc1ccc3ccccc3c1-2,benzo(c)fluorene,,non_drug,PAH
ZCGOMHNNNFPNMX-UHFFFAOYSA-N,CC1CN(C2CCC(C#N)(c3ccc(F)cc3)CC2)CCC1(C(=O)O)c1ccccc1,levocabastine,0,expert_curation,Antihistamine ophthalmic - LiverTox C
DBQHWMPFMCOGIW-UHFFFAOYSA-N,COc1ccc(NC(=O)C=C(C)C=CC=C(C)C=CC2=C(C)CCCC2(C)C)cc1,N-(4-methoxyphenyl)retinamide,,non_drug,IUPAC chemistry name
RANONBLIHMVXAJ-UHFFFAOYSA-N,O=P1(N(CCCl)CCCl)NC(O)CCO1,4-hydroxycyclophosphamide,1,expert_curation,Cyclophosphamide active metabolite - hepatotoxic
BOJKULTULYSRAS-UHFFFAOYSA-N,C=C1CCC2C(C)(CO)C(O)CCC2(C)C1CC=C1C(=O)OCC1O,andrographolide,0,expert_curation,Andrographis - generally regarded safe
HJRJRUMKQCMYDL-UHFFFAOYSA-N,O=[N+]([O-])c1cc([N+](=O)[O-])c(Cl)c([N+](=O)[O-])c1,Picryl Chloride,,non_drug,lab reagent - hapten
AUVVAXYIELKVAI-UHFFFAOYSA-N,CCC1CN2CCc3cc(OC)c(OC)cc3C2CC1CC1NCCc2cc(OC)c(OC)cc21,Emetine,1,expert_curation,"Antiprotozoal - LiverTox C cardiotoxic, hepatic effects"
WFDXOXNFNRHQEC-UHFFFAOYSA-N,COC=C(C(=O)OC)c1ccccc1Oc1cc(Oc2ccccc2C#N)ncn1,azoxystrobin,1,expert_curation,Fungicide - hepatic effects
AEMFNILZOJDQLW-UHFFFAOYSA-N,CC12CCC3C(CCC4=CC(=O)CCC43C)C1CCC2=O,Androstenedione,1,expert_curation,Anabolic - LiverTox B
QJVXKWHHAMZTBY-UHFFFAOYSA-N,COc1cc(C=CCO)cc(OC)c1OC1OC(CO)C(O)C(O)C1O,syringin,1,expert_curation,"Eleutherococcus phenylpropanoid - mostly safe, mark 0"
GRSZFWQUAKGDAV-UHFFFAOYSA-N,O=c1[nH]cnc2c1ncn2C1OC(COP(=O)(O)O)C(O)C1O,Inosine Monophosphate,0,expert_curation,Nucleotide - safe
AKNNEGZIBPJZJG-UHFFFAOYSA-N,COc1ccc2c(c1OC)C(=O)OC2C1c2c(cc3c(c2OC)OCO3)CCN1C,Noscapine,1,expert_curation,Hepatic enzyme elevations
KXDROGADUISDGY-UHFFFAOYSA-N,NC(=NCc1ccccc1)NC(=O)c1nc(Cl)c(N)nc1N,benzamil,1,expert_curation,Amiloride analog - hepatic
GIJPBJLOHMBSSM-UHFFFAOYSA-N,CCP(=O)(OC)c1ccc2oc(-c3cccc(C(F)(F)F)c3)nc2c1,CHEMBL4634268,,non_drug,ChEMBL ID only
CPAXNXCTPKOPTH-UHFFFAOYSA-N,Cc1ccc(S(=O)(=O)C(=C(Br)c2ccccc2)c2ccccc2)cc1,Sulfones,,non_drug,generic chemical class
USRHYDPUVLEVMC-UHFFFAOYSA-N,CN(C)C(CCOc1cccc2ccccc12)c1ccccc1,dapoxetine,1,expert_curation,PE drug - LiverTox C
JGWYPPCSIMCNLP-UHFFFAOYSA-N,CC(=O)Nc1ccc(S(=O)(=O)O)c2cc(S(=O)(=O)O)c(N=Nc3ccccc3)c(O)c12,Lignin,,non_drug,industrial/lab/non-drug chemical
RUDNHCHNENLLKM-UHFFFAOYSA-N,CCC(C)C1NC(=O)CNC(=O)C2Cc3c([nH]c4cc(O)ccc34)SCC(NC(=O)CNC1=O)C(=O)NC(CC(=O)O)C(=O)N1CC(O)CC1C(=O)NC(C(C)C(O)CO)C(=O)N2,Amanitins,1,expert_curation,LiverTox A - acute liver failure from Amanita
SJHPCNCNNSSLPL-UHFFFAOYSA-N,CCOC=C1N=C(c2ccccc2)OC1=O,Oxazolone,0,expert_curation,Lab reagent - NaN
QTONANGUNATZOU-UHFFFAOYSA-N,COc1c(Cl)cc2c(c1OC)N(C)C1N3C(=O)C4(C)SSC3(C(=O)N4C)C(O)C21O,sporidesmin,1,expert_curation,Hepatotoxic mycotoxin - cholestasis
XUHJBXVYNBQQBD-UHFFFAOYSA-N,COCC12CN(C)C3C4C(OC)C1C3(C(OC)CC2O)C1CC2(O)C(OC)C(O)C4(OC(C)=O)C1C2OC(=O)c1ccccc1,mesaconitine,1,expert_curation,Aconitum alkaloid - hepatotoxic
YUSWMAULDXZHPY-UHFFFAOYSA-N,O=c1cc(-c2ccc(O)c(-c3c(O)cc(O)c4c(=O)cc(-c5ccc(O)cc5)oc34)c2)oc2cc(O)cc(O)c12,amentoflavone,,non_drug,industrial/lab/non-drug chemical
GLZPCOQZEFWAFX-UHFFFAOYSA-N,CC(C)=CCCC(C)=CCO,geraniol,0,expert_curation,Terpene - safe at dietary levels
ROHFNLRQFUQHCH-UHFFFAOYSA-N,CC(C)CC(N)C(=O)O,Leucine,0,expert_curation,Amino acid - safe
VYVRIXWNTVOIRD-UHFFFAOYSA-N,CC1CC2OC3C(CC2OC2CC4OC5CC=CCC6OC7C=CC8OC9C(CC8OC7C=CC6OC5CC(O)C4(C)OC2C1)OC1CC=CC(C=CC(O)CO)OC1C9O)OC1C(C)C(C)C2(CC(O)CO2)OC1C(O)C3C,Ciguatoxins,1,expert_curation,Marine toxin - hepatic effects
XAKKNLNAJBNLPC-MAYKBZFQSA-N,CC[N+](C)(C/C=C/C1=C(C(=O)[O-])N2C(=O)[C@@H](NC(=O)/C(=N\OCF)c3nsc(N)n3)[C@H]2SC1)CC(N)=O,CHEMBL2074822,,non_drug,ChEMBL ID only
SMNCEXHPBATBIT-UHFFFAOYSA-N,O=C(O)CCCOc1cccc(CCCCCCOc2cc(-c3ccccc3)cc(-c3ccccc3)c2)c1CCC(=O)O,CHEMBL1099323,,non_drug,ChEMBL ID only
OMKHWTRUYNAGFG-UHFFFAOYSA-N,Nc1nccc2c1ncn2C1C=C(CO)C(O)C1O,3-deazaneplanocin,,non_drug,research compound
SWINWPBPEKHUOD-UHFFFAOYSA-N,CC12CCC3c4cc(O)c(O)cc4CCC3C1CCC2=O,2-hydroxyestrone,,non_drug,estrogen metabolite
MNQZXJOMYWMBOU-UHFFFAOYSA-N,O=CC(O)CO,Glyceraldehyde,0,expert_curation,Sugar - safe
OIUBYZLTFSLSBY-UHFFFAOYSA-N,O=c1c(O)c(-c2ccc(OC3OC(CO)C(O)C(O)C3O)c(O)c2)oc2cc(O)cc(O)c12,spiraeoside,0,expert_curation,Flavonoid - safe
JCXJVPUVTGWSNB-UHFFFAOYSA-N,[O]N=O,Nitrogen Dioxide,,non_drug,industrial gas
MJBWDEQAUQTVKK-UHFFFAOYSA-N,COc1cc2c(c3oc(=O)c4c(c13)CCC4=O)C1(O)C=COC1O2,Aflatoxin M1,1,expert_curation,LiverTox A - aflatoxin - hepatocarcinogen
JNBOAUIJLDEICX-UHFFFAOYSA-N,CCCCCC=CCC(O)C=Cc1cccc(CC(O)CCCCO)n1,U 75302,,non_drug,LTB4 antagonist research
ONFOSYPQQXJWGS-UHFFFAOYSA-N,CSCCC(O)C(=O)O,alpha-hydroxy-gamma-methylmercaptobutyric acid,0,expert_curation,Methionine analog/metabolite - safe
QCWXUUIWCKQGHC-UHFFFAOYSA-N,[Zr],Zirconium,,non_drug,element / inorganic substance
OINNEUNVOZHBOX-UHFFFAOYSA-N,CC(C)=CCCC(C)=CCCC(C)=CCCC(C)=CCOP(=O)(O)OP(=O)(O)O,geranylgeranyl pyrophosphate,0,expert_curation,Endogenous isoprenoid
DKPMWHFRUGMUKF-UHFFFAOYSA-N,CC(CCC(=O)O)C1CCC2C3C(O)C(O)C4CC(O)CCC4(C)C3CCC12C,muricholic acid,0,expert_curation,Endogenous bile acid
GNRIZKKCNOBBMO-UHFFFAOYSA-N,COc1c(O)cc2oc3cc(O)c(CC=C(C)C)c(O)c3c(=O)c2c1CC=C(C)C,mangostin,1,expert_curation,Garcinia - LiverTox C (mangosteen)
GXVBFMDZQMQKOU-UHFFFAOYSA-N,CC(=O)n1nc(-c2ccccc2)cc1-c1cn(-c2ccccc2)nc1-c1ccc(OCc2ccccc2)cc1,CHEMBL4449905,,non_drug,ChEMBL ID only
ORHBXUUXSCNDEV-UHFFFAOYSA-N,O=c1ccc2ccc(O)cc2o1,7-hydroxycoumarin,0,expert_curation,Coumarin - safe
DILDHNKDVHLEQB-UHFFFAOYSA-N,CC12CCC3c4cc(O)c(O)cc4CCC3C1CCC2O,2-hydroxyestradiol,,non_drug,estrogen metabolite
AMSZHSUEHGXXIY-UHFFFAOYSA-N,O=[Si](O[Si](O)(O)O)O[Si](O)(O)O[Si](=O)O[Si](O)(O)O[Si](O)(O)O[Si](=O)O[Si](O)(O)O,"Asbestos, Amosite",,non_drug,industrial/lab/non-drug chemical
OCHOKXCPKDPNQU-UHFFFAOYSA-N,ClC1=C(Cl)C2(Cl)C3C(Cl)C(Cl)C(Cl)C3C1(Cl)C2(Cl)Cl,nonachlor,,non_drug,Chlordane component - persistent pesticide - hepatic
BMWPPNAUMLRKML-UHFFFAOYSA-N,N#CC(Cl)Br,bromochloroacetonitrile,0,expert_curation,Listed
VLGATXOTCNBWIT-UHFFFAOYSA-N,COC(=O)c1c2c(c3ccccc3c1O)OC(C)(C)C=C2,rubimaillin,1,expert_curation,Trad Chinese - hepatic effects
VTRBOZNMGVDGHY-UHFFFAOYSA-N,Cc1ccc(Nc2ccc3cc(S(=O)(=O)O)ccc3c2)cc1,2-(4-toluidino)-6-naphthalenesulfonic acid,,non_drug,IUPAC chemistry name
JQJSFAJISYZPER-UHFFFAOYSA-N,O=C(Nc1ccc(Cl)cc1)NS(=O)(=O)c1ccc2c(c1)CCC2,CHEMBL7643,,non_drug,ChEMBL ID only
WYWNEDARFVJQSG-UHFFFAOYSA-N,Cc1[nH]c2ccc(O)cc2c1CCN,2-methyl-5-HT,,non_drug,research serotonin analog
MWOFPQAPILIIPR-UHFFFAOYSA-N,CC1(C)C2CC34CCCN3C(=O)C2(CC12Nc1ccccc1C2=O)NC4=O,brevianamide A,0,expert_curation,Listed
XEVQXKKKAVVSMW-UHFFFAOYSA-N,CC1(C)CC(O)CC2(C)OC(=O)C=C12,loliolide,0,expert_curation,Plant lactone - safe at moderate
DBUXSCUEGJMZAE-UHFFFAOYSA-N,C[Hg+],methylmercury hydroxide,,non_drug,industrial/lab/non-drug chemical
XSOLDPYUICCHJX-UHFFFAOYSA-N,CC(CCC(=O)NCCS(=O)(=O)O)C1CCC2C3C(O)C(O)C4CC(O)CCC4(C)C3CCC12C,tauromuricholic acid,0,expert_curation,Bile acid - safe in normal conc
HQCPTPHSOWKOST-UHFFFAOYSA-N,NC(CCC(=O)NC(CSc1cc(O)c(SCC(NC(=O)CCC(N)C(=O)O)C(=O)NCC(=O)O)c(SCC(NC(=O)CCC(N)C(=O)O)C(=O)NCC(=O)O)c1O)C(=O)NCC(=O)O)C(=O)O,"2,3,5-(triglutathion-S-yl)hydroquinone",,non_drug,IUPAC chemistry name
JZIQWNPPBKFOPT-UHFFFAOYSA-N,COC(=O)CC1C2(C)C3=C(C)C(c4ccoc4)CC3OC2C2OC(=O)C3(C)C=CC(=O)C1(C)C23,nimbolide,1,expert_curation,Neem - hepatotoxic
GMNAPBAUIVITMI-UHFFFAOYSA-N,CNC(C)C1C(O)CC2(C)C3CCC4C(C)(C)C(NC)CCC45CC35CCC12C,cyclovirobuxine D,1,expert_curation,Boxwood - hepatic effects
WDJUZGPOPHTGOT-UHFFFAOYSA-N,CC1OC(OC2C(O)CC(OC3C(O)CC(OC4CCC5(C)C(CCC6C5CCC5(C)C(C7=CC(=O)OC7)CCC65O)C4)OC3C)OC2C)CC(O)C1O,Digitoxin,1,expert_curation,Cardiac glycoside - LiverTox C hepatic congestion in toxicity
WSKWDMOVMQKKQI-UHFFFAOYSA-N,N#C[Se]Cc1ccccc1,benzyl selenocyanate,,non_drug,Lab Se compound
OKQHSIGMOWQUIK-UHFFFAOYSA-N,Nc1ncc2ncn(COCCO)c2n1,CHEMBL2106725,,non_drug,ChEMBL ID only
HUADITLKOCMHSB-ZPGVKDDISA-N,CCC(C)n1ncn(-c2ccc(N3CCN(c4ccc(OC[C@H]5CO[C@](Cn6cncn6)(c6ccc(F)cc6F)O5)cc4)CC3)cc2)c1=O,CHEMBL2105770,,non_drug,ChEMBL ID only
TWWQHCKLTXDWBD-UHFFFAOYSA-N,CCCCC(C)C=C(C)C=C(C)C(=O)NC1=CC(O)(C=CC=CC=CC(=O)NC2=C(O)CCC2=O)C2OC2C1=O,manumycin,1,expert_curation,Antibiotic - hepatic effects
DXDRHHKMWQZJHT-UHFFFAOYSA-N,O=C(C=Cc1ccc(O)cc1)c1ccc(O)cc1O,isoliquiritigenin,1,expert_curation,"Chalcone - mostly safe, some reports"
JARCFMKMOFFIGZ-UHFFFAOYSA-N,O=C1NC(=S)NC(=O)C1C(=O)Nc1ccccc1,CHEMBL1765797,,non_drug,ChEMBL ID only
RFKJHQXSLBUONF-UHFFFAOYSA-N,O=S(=O)(O)c1ccc(N=C2C=CC(=C(c3ccc(Nc4ccc(S(=O)(=O)O)cc4)cc3)c3ccc(Nc4ccc(S(=O)(=O)O)cc4)cc3)C=C2)cc1,aniline blue,,non_drug,lab dye
CBOMORHDRONZRN-UHFFFAOYSA-N,CCC=CCC(O)C=CC1C(O)CC(=O)C1CC=CCCCC(=O)O,prostaglandin E3,,non_drug,industrial/lab/non-drug chemical
CYSHNJQMYORNJI-UHFFFAOYSA-N,CC1=CCC2(C)CCC(O)(C(C)C)C2C(OC(=O)c2ccc(O)cc2)C1,"4-oxy-6-(4-oxybezoyloxy)dauc-8,9-en",,non_drug,IUPAC chemistry name
YBJHBAHKTGYVGT-UHFFFAOYSA-N,O=C(O)CCCCC1SCC2NC(=O)NC21,Biotin,0,expert_curation,Listed above
AXDXVEYHEODSPN-UHFFFAOYSA-N,CC(CCC(=O)O)C1CCC2C3CCC4CC(OS(=O)(=O)O)CCC4(C)C3CCC12C,sulfolithocholic acid,0,expert_curation,Bile acid metabolite
HJTVQHVGMGKONQ-UHFFFAOYSA-N,COc1cc(C=CC(=O)CC(=O)C=Cc2ccc(O)cc2)ccc1O,demethoxycurcumin,0,expert_curation,Curcumin metabolite - no clear DILI
WNYHOOQHJMHHQW-UHFFFAOYSA-N,Clc1ccc2ccc3cccc4ccc1c2c34,1-chloropyrene,,non_drug,PAH
ZRZWBWPDBOVIGQ-UHFFFAOYSA-N,CN1C(=O)C2(Cc3cn(C45CC67SSC(CO)(C(=O)N6C4Nc4ccccc45)N(C)C7=O)c4ccccc34)SSC1(CO)C(=O)N2C,chetomin,1,expert_curation,Mycotoxin - hepatotoxic
XFGRNAPKLGXDGF-UHFFFAOYSA-N,CCC(CCCC(=O)O)COC(=O)c1ccccc1C(=O)O,2-ethyl-5-carboxypentyl phthalate,1,expert_curation,Phthalate metabolite - hepatic effects
JAYAGJDXJIDEKI-UHFFFAOYSA-N,CC(=O)OC1CC(OC2C(O)CC(OC3C(O)CC(OC4CCC5(C)C(CCC6C5CC(O)C5(C)C(C7=CC(=O)OC7)CCC65O)C4)OC3C)OC2C)OC(C)C1OC1OC(CO)C(O)C(O)C1O,lanatoside C,1,expert_curation,Digoxin precursor - hepatic effects
APAJFZPFBHMFQR-UHFFFAOYSA-N,O=C1c2ccc(O)cc2C(=O)c2ccc(O)cc21,"2,6-dihydroxyanthraquinone",,non_drug,IUPAC chemistry name
DYAIAHUQIPBDIP-AXAPSJFSSA-N,O=C(O)C1=C(CSc2nnnn2CS(=O)(=O)O)CS[C@@H]2[C@H](NC(=O)[C@H](O)c3ccccc3)C(=O)N12,CEFONICID,1,expert_curation,Cephalosporin - cholestatic injury reports
DSXXEELGXBCYNQ-UHFFFAOYSA-N,Cn1cc(C2=C(c3cn(CCCSC(=N)N)c4ccccc34)C(=O)NC2=O)c2ccccc21,Ro 31-8220,1,expert_curation,PKC inhibitor research compound - liver findings
NKDFYOWSKOHCCO-UHFFFAOYSA-N,CC(C)(O)CCC(O)C(C)(O)C1CCC2(O)C3=CC(=O)C4CC(O)C(O)CC4(C)C3CCC12C,Ecdysterone,1,expert_curation,Ecdysteroid supplement - hepatic effects
OJLWVPDNBQAHRT-UHFFFAOYSA-N,CC(=O)OCC1(O)CC23CCC4c5ccoc5C=CC4(C)C2CCC1C3,kahweol acetate,0,expert_curation,Coffee diterpene - LiverTox C
ARUGKOZUKWAXDS-UHFFFAOYSA-N,CCC#CCC(C)C(O)C#CC1C(O)CC2CC(=CCOCC(=O)O)CC21,cicaprost,1,expert_curation,Prostacyclin analog - hepatic effects
FBWADIKARMIWNM-UHFFFAOYSA-N,O=C1C=CC(=Nc2cc(Cl)c(O)c(Cl)c2)C=C1,"2,6-Dichloroindophenol",,non_drug,IUPAC chemistry name
BRZYSWJRSDMWLG-UHFFFAOYSA-N,CNC1C(O)C(OC2C(N)CC(N)C(OC3OC(C(C)O)C(O)C(O)C3N)C2O)OCC1(C)O,antibiotic G 418,1,expert_curation,G418/geneticin lab antibiotic - hepatotoxic
GIHNTRQPEMKFKO-UHFFFAOYSA-N,CC1=CCC(C)(C)C=CC(=O)C(C)=CCC1,zerumbone,0,expert_curation,Listed safe (mild)
MXUNKHLAEDCYJL-UHFFFAOYSA-N,Cc1cccc(N2CC(CO)OC2=O)c1,TOLOXATONE,1,expert_curation,MAOI - LiverTox B hepatotoxic
HFEFVMLCQRYGPR-UHFFFAOYSA-N,O=C(Nc1nc2ccc(Cl)cc2s1)NN1C(=O)CSC1c1ccc([N+](=O)[O-])cc1,CHEMBL4452708,,non_drug,ChEMBL ID only
GYSCAQFHASJXRS-UHFFFAOYSA-N,CC(C)C1OC(=O)C(Cc2ccccc2)N(C)C(=O)C(C(C)C)OC(=O)C(Cc2ccccc2)N(C)C(=O)C(C(C)C)OC(=O)C(Cc2ccccc2)N(C)C1=O,beauvericin,1,expert_curation,Mycotoxin - hepatic effects
JYTUBIHWMKQZRB-UHFFFAOYSA-N,CCC(O)C=CC=O,4-hydroxy-2-hexenal,1,expert_curation,Lipid peroxidation product - hepatotoxic
QYOAUOAXCQAEMW-UHFFFAOYSA-N,Cc1c(N)nc(C(CC(N)=O)NCC(N)C(N)=O)nc1C(=O)NC(C(=O)NC(C)C(O)C(C)C(=O)NC(C(=O)NCCc1nc(-c2nc(C(=O)NCCCNCCCCN)cs2)cs1)C(C)O)C(OC1OC(CO)C(O)C(O)C1OC1OC(CO)C(O)C(OC(N)=O)C1O)c1cnc[nH]1,bleomycetin,1,expert_curation,Bleomycin family - hepatic effects
ZJUKTBDSGOFHSH-UHFFFAOYSA-N,Nc1ncnc2c1ncn2C1OC(CSCCC(N)C(=O)O)C(O)C1O,S-Adenosylhomocysteine,0,expert_curation,Endogenous metabolite - safe biomarker
QBYJBZPUGVGKQQ-UHFFFAOYSA-N,ClC1=C(Cl)C2(Cl)C3C4C=CC(C4)C3C1(Cl)C2(Cl)Cl,Aldrin,1,expert_curation,Organochlorine - LiverTox A liver tumors
CMFNMSMUKZHDEY-UHFFFAOYSA-N,O=NOO,Peroxynitrous Acid,,non_drug,ROS species
XVIRQUPKJKMFRN-UHFFFAOYSA-N,CC(C)NC(=O)c1ccccc1S(=O)(=O)NCC(=O)Nc1ccc(O)cc1,CHEMBL4748000,,non_drug,ChEMBL ID only
NOFOAYPPHIUXJR-UHFFFAOYSA-N,CC1(CO)C(O)CCC2(C)C1CCC1CC3CC12CCC3(O)CO,Aphidicolin,0,expert_curation,Antiviral research - hepatic effects
QWCNQXNAFCBLLV-UHFFFAOYSA-N,C=CC(O)C#CC#CC(O)C=CCCCCCCC,falcarindiol,0,expert_curation,Polyacetylene Apiaceae - safe at dietary
VXIMPSPISRVBPZ-NWUMPJBXSA-N,CC(=O)[C@@]1(O)CC[C@H]2[C@@H]3C=C(C)C4=CC(=O)CC[C@]4(C)[C@H]3CC[C@@]21C,CHEMBL4071215,,non_drug,ChEMBL ID only
MIBATSHDJRIUJK-UHFFFAOYSA-N,COc1ccc(CC2c3cc(Oc4cc(CC5c6cc(OC)c(OC)cc6CCN5C)ccc4O)c(OC)cc3CCN2C)cc1,neferine,1,expert_curation,"Lotus alkaloid - mixed reports, label NaN"
PJQLSMYMOKWUJG-UHFFFAOYSA-N,COc1ccc(-c2oc3cc(OC)c(OC)c(O)c3c(=O)c2OC)cc1O,casticin,1,expert_curation,Listed
FCKJYANJHNLEEP-UHFFFAOYSA-N,C=C1CCC(O)CC1=CC=C1CCCC2(C)C1CCC2C(C)CCC(O)C(C)(C)O,"24,25-Dihydroxyvitamin D 3",,non_drug,IUPAC chemistry name
HCWZEPKLWVAEOV-UHFFFAOYSA-N,Clc1ccc(Cl)c(-c2cc(Cl)ccc2Cl)c1,"2,5,2',5'-tetrachlorobiphenyl",,non_drug,IUPAC chemistry name
ASVDRLYVNFOSCI-UHFFFAOYSA-N,Cc1cc2c3ccccc3ccc2c2ccccc12,6-methylchrysene,,non_drug,PAH carcinogen
MQUQNUAYKLCRME-UHFFFAOYSA-N,Cc1ccc(S(=O)(=O)NC(Cc2ccccc2)C(=O)CCl)cc1,Tosylphenylalanyl Chloromethyl Ketone,,non_drug,TPCK lab protease inhibitor
YGXCETJZBDTKRY-DZCVGBHJSA-N,CC[C@H]1NC(=O)[C@@H](NC(=O)c2ncccc2O)[C@@H](C)OC(=O)[C@H](c2ccccc2)NC(=O)[C@@H]2CC(=O)CCN2C(=O)[C@H](Cc2ccc(N(C)C)cc2)N(C)C(=O)[C@@H]2CCCN2C1=O,CHEMBL1256399,,non_drug,ChEMBL ID only
CZWCKYRVOZZJNM-UHFFFAOYSA-N,CC12CCC3C(CC=C4CC(OS(=O)(=O)O)CCC43C)C1CCC2=O,Dehydroepiandrosterone Sulfate,,non_drug,DHEAS endogenous
CRDAMVZIKSXKFV-UHFFFAOYSA-N,CC(C)=CCCC(C)=CCCC(C)=CCO,Farnesol,0,expert_curation,Terpene - safe
RZRPZWGIOOZIBE-UHFFFAOYSA-N,Clc1ccccc1CNCC1CCC(CNCc2ccccc2Cl)CC1,"trans-1,4-Bis(2-chlorobenzaminomethyl)cyclohexane Dihydrochloride",,non_drug,IUPAC chemistry name
KJTLQQUUPVSXIM-UHFFFAOYSA-N,CC(O)(CCO)CC(=O)O,Mevalonic Acid,0,expert_curation,Endogenous metabolite
IXZISFNWUWKBOM-UHFFFAOYSA-N,NCC1(O)OCC(O)C(O)C1O,Fructosamine,0,expert_curation,Glucose adduct biomarker
JCMWSVNNSPUNER-UHFFFAOYSA-N,CNCCc1ccc(OC)cc1,p-Methoxy-N-methylphenethylamine,,non_drug,research amine
HCAJQHYUCKICQH-UHFFFAOYSA-N,Nc1nc2c([nH]c(=O)n2C2CC(O)C(CO)O2)c(=O)[nH]1,8-Hydroxy-2'-Deoxyguanosine,0,expert_curation,Oxidative biomarker
PSFDQSOCUJVVGF-UHFFFAOYSA-N,Cc1nccc2c1[nH]c1ccccc12,harman,1,expert_curation,Listed
ADWFEADZGIHPDE-UHFFFAOYSA-N,CC(=O)OC1CC2C3(C)CCCC(C)(C)C3CCC2(C)C2CC=C(C=O)C(C=O)C12C,scalaradial,1,expert_curation,Sea sponge - hepatic
LKMNXYDUQXAUCZ-UHFFFAOYSA-N,COc1ccc(-c2cc(=O)c3c(OC)c(OC)c(OC)cc3o2)cc1OC,sinensetin,1,expert_curation,"Polymethoxyflavone - safe at dietary, mark 0"
GUAFOGOEJLSQBT-UHFFFAOYSA-N,COc1cc2ccc(=O)oc2cc1OC,scoparone,1,expert_curation,Hepatic effects but generally considered protective
RZCKTPORLKUFGY-UHFFFAOYSA-N,Cc1cccc(Nc2cc(Cl)nc(SCC(=O)NCCO)n2)c1C,CHEMBL1908320,,non_drug,ChEMBL ID only
IZLRMTJLQCLMKF-UHFFFAOYSA-N,COc1ccc(C(=O)N2CCCc3cc(C4=NNC(=O)SC4C)ccc32)cc1OC,EMD 53998,,non_drug,research
DQTMTQZSOJMZSF-UHFFFAOYSA-N,CCCCCCCCCCCCCCCc1cccc(O)c1O,urushiol,1,expert_curation,Poison ivy - hepatic enzyme elevation
MKXGHWZEYYSQRA-UHFFFAOYSA-N,Nc1c2c(nc3cc(Br)ccc13)CCC(C(=O)NCCCc1ccccc1)C2,CHEMBL4206709,,non_drug,ChEMBL ID only
HEOCBCNFKCOKBX-UHFFFAOYSA-N,Cc1ccc(C=C2C(=O)C3(C)CCC2C3(C)C)cc1,enzacamene,1,expert_curation,Sunscreen UV filter - LiverTox C
KTXUOWUHFLBZPW-UHFFFAOYSA-N,Clc1cccc(-c2cccc(Cl)c2)c1,"3,3'-dichlorobiphenyl",,non_drug,IUPAC chemistry name
QCDLLIUTDGNCPO-UHFFFAOYSA-N,C=C1C(=O)OC2C3C(COC(=O)Cc4ccc(O)cc4)=CC(=O)C3=C(C)CC(O)C12,intybin,0,expert_curation,Chicory bitter - safe
LSPJWTULWKYRTQ-UHFFFAOYSA-N,COc1ncc(-c2ccc3ncc(-c4nnc(CCN5CCN(C)CC5)o4)n3c2)cc1NS(=O)(=O)c1ccc(F)cc1F,CHEMBL4440406,,non_drug,ChEMBL ID only
ATJFFYVFTNAWJD-UHFFFAOYSA-N,[Sn],tin sulfide,,non_drug,inorganic salt
OSENKJZWYQXHBN-UHFFFAOYSA-N,CC(CCC1OC1(C)C)C1CCC2C3CC=C4CC(O)CCC4(C)C3CCC12C,"24,25-epoxycholesterol",,non_drug,IUPAC chemistry name
QVLMUEOXQBUPAH-UHFFFAOYSA-N,Oc1ccc(C=Cc2ccccc2)cc1,4-hydroxystilbene,,non_drug,industrial/lab/non-drug chemical
FQWLMRXWKZGLFI-UHFFFAOYSA-N,Oc1ccc(C=Cc2cc(O)cc3c2C(c2cc(O)cc(O)c2)C(c2ccc(O)cc2)O3)cc1,epsilon-viniferin,0,expert_curation,Listed safe
QYYDXDSPYPOWRO-UHFFFAOYSA-N,CC(CC(=O)O)C1CCC2C3C(O)CC4CC(O)CCC4(C)C3CCC12C,24-norursodeoxycholic acid,0,expert_curation,UDCA analog - hepatoprotective candidate
SGEWCQFRYRRZDC-UHFFFAOYSA-N,O=c1cc(-c2ccc(O)cc2)oc2c(C3OC(CO)C(O)C(O)C3O)c(O)cc(O)c12,vitexin,0,expert_curation,Flavonoid - safe
IXELFRRANAOWSF-UHFFFAOYSA-N,C=CCSSC=CC[S+]([O-])CC=C,ajoene,0,expert_curation,Garlic - safe at dietary
INBGSXNNRGWLJU-UHFFFAOYSA-N,CC(CCCC(C)(C)O)C1CCC2C3CC=C4CC(O)CCC4(C)C3CCC12C,25-hydroxycholesterol,0,expert_curation,Oxysterol
GDBQQVLCIARPGH-UHFFFAOYSA-N,CC(=O)NC(CC(C)C)C(=O)NC(CC(C)C)C(=O)NC(C=O)CCCN=C(N)N,leupeptin,,non_drug,lab protease inhibitor
SJBVIACHVWONKG-UHFFFAOYSA-N,Nc1ccc([Hg+])cc1,4-aminophenylmercuriacetate,1,expert_curation,Mercury compound - hepatotoxic
WLOHNSSYAXHWNR-DWIOZXRMSA-N,CC[C@H]1OC(=O)[C@H](C)[C@@H](O[C@H]2C[C@@](C)(OC)[C@@H](O)[C@H](C)O2)[C@H](C)[C@@H](O[C@@H]2O[C@H](C)C[C@H](N(C)C)[C@H]2O)[C@](C)(O)C[C@@H](C)[C@@H]2N[C@@H](COCCOC)O[C@H]([C@H]2C)[C@]1(C)O,DIRITHROMYCIN,1,expert_curation,Macrolide - hepatic enzyme elevation; LiverTox B
FHKHGNFKBPFJCB-UHFFFAOYSA-N,CC1CCC2(OC1)OC1CC3C4CC=C5CC(O)CC(OC6OC(C)C(O)C(OC7OCC(O)C(O)C7O)C6OC6OC(C)C(O)C(O)C6O)C5(C)C4CCC3(C)C1C2C,ophiopogonin D,0,expert_curation,Listed safe
RSWGJHLUYNHPMX-UHFFFAOYSA-N,CC(C)C1=CC2=CCC3C(C)(C(=O)O)CCCC3(C)C2CC1,abietic acid,0,expert_curation,Pine diterpene - safe at low doses
JORWQECTVIFNQT-UHFFFAOYSA-N,CCP(=O)(OC)c1ccc2oc(-c3ccc(C(F)(F)F)cc3)nc2c1,CHEMBL4640211,,non_drug,ChEMBL ID only
BAWFJGJZGIEFAR-UHFFFAOYSA-N,NC(=O)c1ccc[n+](C2OC(COP(=O)([O-])OP(=O)(O)OCC3OC(n4cnc5c(N)ncnc54)C(O)C3O)C(O)C2O)c1,NAD,0,expert_curation,Coenzyme - endogenous
NCXMLFZGDNKEPB-UHFFFAOYSA-N,CC1CC=CC=CC=CC=CC(OC2OC(C)C(O)C(N)C2O)CC2OC(O)(CC(O)CC3OC3C=CC(=O)O1)CC(O)C2C(=O)O,Natamycin,1,expert_curation,Topical antifungal - rare hepatic effects (label 0 if topical only)
AKJHMTWEGVYYSE-UHFFFAOYSA-N,CC(C=CC1=C(C)CCCC1(C)C)=CC=CC(C)=CC(=O)Nc1ccc(O)cc1,Fenretinide,1,expert_curation,Retinoid - LiverTox C hepatic injury
OJSUENRPBJADBN-KJTFKGMVSA-N,CC[C@H](C)[C@@H]([C@@H](CC(=O)N1CCC[C@H]1[C@H](OC)[C@@H](C)C(=O)N[C@@H](Cc1ccccc1)c1nccs1)OC)N(C)C(=O)[C@@H](NC(=O)[C@H]([C@@H](C)CC)N(C)C)C(C)C,CHEMBL501233,,non_drug,ChEMBL ID only
UBAXRAHSPKWNCX-UHFFFAOYSA-N,C=CCSSSCC=C,diallyl trisulfide,0,expert_curation,Garlic - safe at dietary
FMYKJLXRRQTBOR-UHFFFAOYSA-N,CCCCC(C=O)NC(=O)C(CC(C)C)NC(=O)C(CC(C)C)NC(C)=O,acetylleucyl-leucyl-norleucinal,,non_drug,ALLN lab proteasome inhibitor
KETQAJRQOHHATG-UHFFFAOYSA-N,O=C1C=Cc2ccccc2C1=O,"1,2-naphthoquinone",,non_drug,lab oxidant
AAXVEMMRQDVLJB-UHFFFAOYSA-N,CC12CCC(=O)C=C1CCC1C3CCC(O)(C(=O)CO)C3(C)CC(O)C12F,Fludrocortisone,1,expert_curation,Mineralocorticoid - LiverTox potential
JQYMGXZJTCOARG-UHFFFAOYSA-N,Nc1c(S(=O)(=O)O)cc(Nc2ccc(Nc3nc(Cl)nc(Nc4cccc(S(=O)(=O)O)c4)n3)c(S(=O)(=O)O)c2)c2c1C(=O)c1ccccc1C2=O,Cibacron Blue F 3GA,,non_drug,lab dye
ZHTQCPCDXKMMLU-UHFFFAOYSA-N,O=c1c2cc(O)c(O)cc2oc2cc(O)cc(O)c12,norathyriol,0,expert_curation,Mangiferin metabolite - safe
XNQIOISZPFVUFG-UHFFFAOYSA-N,CC(N)Cc1cnc[nH]1,alpha-methylhistamine,,non_drug,research compound
PWQMZDDLPYUOLU-UHFFFAOYSA-N,C=Cc1c(C)c2cc3c(C=C)c(C)c(cc4nc(cc5nc(cc1[nH]2)C(C)=C5CCC(=O)O)C(CCC(=O)O)=C4C)n3C,N-methylprotoporphyrin IX,,non_drug,lab heme
ZYOUCRHWAYJCPN-UHFFFAOYSA-N,CC(=O)OCOC(=O)CN(CC(=O)O)c1ccccc1OCCOc1ccccc1N(CC(=O)O)CC(=O)O,"1,2-bis(2-aminophenoxy)ethane N,N,N',N'-tetraacetic acid acetoxymethyl ester",,non_drug,IUPAC chemistry name
JCYZMTMYPZHVBF-UHFFFAOYSA-N,Nc1nc(N)nc(Nc2ccc([As]3SCC(CO)S3)cc2)n1,melarsoprol,1,expert_curation,Arsenical antiparasitic - LiverTox A severe hepatic injury
XSQAQKNJHGGMRV-UHFFFAOYSA-N,C#CC1(O)CCC2C3CCC4=C(CCC(O)C4)C3CCC21C,"17alpha-ethynylestr-5(10)-ene-3alpha,17beta-diol",,non_drug,IUPAC chemistry name
QTTRZHGPGKRAFB-UHFFFAOYSA-N,CCC(=O)C1(C)C(C)CC2C3CCC4=CC(=O)C=CC4(C)C3C(O)CC21C,rimexolone,1,expert_curation,Corticosteroid - LiverTox C
AXNVHPCVMSNXNP-UHFFFAOYSA-N,CC=C(C)C(=O)OC1C(OC(C)=O)C2(CO)C(O)CC3(C)C(=CCC4C5(C)CCC(OC6OC(C(=O)O)C(OC7OC(CO)C(O)C(O)C7O)C(O)C6OC6OC(CO)C(O)C(O)C6O)C(C)(CO)C5CCC43C)C2CC1(C)C,Saponins,,non_drug,industrial/lab/non-drug chemical
PIHGQKMEAMSUNA-UHFFFAOYSA-N,O=[N+]([O-])c1ccc2c3c(cccc13)-c1ccccc1-2,3-nitrofluoranthene,,non_drug,PAH derivative
ABXZOXDTHTTZJW-UHFFFAOYSA-N,Oc1ccc(CC2NCCc3cc(O)c(O)cc32)cc1O,Tetrahydropapaveroline,0,expert_curation,Endogenous
AGSPXMVUFBBBMO-UHFFFAOYSA-N,N#CCCN,Aminopropionitrile,,non_drug,BAPN lab compound
PJIHCWJOTSJIPQ-UHFFFAOYSA-N,NC(CSC(Cl)=CCl)C(=O)O,"S-(1,2-dichlorovinyl)cysteine",,non_drug,lab nephrotoxic metabolite
BWGVNKXGVNDBDI-UHFFFAOYSA-N,CNC(=O)CNC(=O)CN,Fibrin,,non_drug,blood coagulation protein
YJXDGWUNRYLINJ-UHFFFAOYSA-N,CC(=O)OC1CC2C(C)(C)C(=O)C=CC2(C)C2CCC3(C)C(c4ccoc4)OC(=O)C4OC43C12C,gedunin,1,expert_curation,Neem limonoid - hepatic effects in animal studies
DAYLJWODMCOQEW-UHFFFAOYSA-N,NC(=O)c1ccc[n+](C2OC(COP(=O)([O-])O)C(O)C2O)c1,Nicotinamide Mononucleotide,0,expert_curation,Vitamin B3 form - safe
FDHNLHLOJLLXDH-UHFFFAOYSA-N,COc1ccc(C=CC(=O)c2c(O)cc(OC3OC(COC4OC(C)C(O)C(O)C4O)C(O)C(O)C3O)cc2OC)cc1O,hesperidin methylchalcone,0,expert_curation,Citrus flavonoid - safe
MFYSYFVPBJMHGN-UHFFFAOYSA-N,CC12CCC(=O)C=C1CCC1C2C(=O)CC2(C)C1CCC2(O)C(=O)CO,Cortisone,1,expert_curation,Corticosteroid - LiverTox B with prolonged systemic use
JWUBBDSIWDLEOM-UHFFFAOYSA-N,C=C1CCC(O)CC1=CC=C1CCCC2(C)C1CCC2C(C)CCCC(C)(C)O,Calcifediol,1,expert_curation,Vitamin D analog - LiverTox C
SWOVVKGLGOOUKI-UHFFFAOYSA-N,CC(C)C12OC1C1OC13C1(C)CCC4=C(COC4=O)C1CC1OC13C2=O,triptonide,1,expert_curation,Tripterygium - hepatotoxic
DUAGQYUORDTXOR-UHFFFAOYSA-N,C=CC1C2=CCOC(=O)C2=COC1OC1OC(CO)C(O)C(O)C1O,gentiopicroside,1,expert_curation,Gentiana - hepatic effects
FBOUIAKEJMZPQG-UHFFFAOYSA-N,CC(C)(C)C(O)C(=Cc1ccc(Cl)cc1Cl)n1cncn1,diniconazole,1,expert_curation,Triazole fungicide - hepatotoxic
MEANOSLIBWSCIT-UHFFFAOYSA-K,Cl[Gd](Cl)Cl,gadolinium chloride,,non_drug,MRI contrast salt - non-drug per se
FYEHYMARPSSOBO-UHFFFAOYSA-N,O=C1C=CC(=C(c2ccc(O)cc2)c2ccc(O)cc2)C=C1,aurin,1,expert_curation,Rosaniline dye - hepatic effects in animals
GZFGOTFRPZRKDS-UHFFFAOYSA-N,Oc1ccc(Br)cc1,CHEMBL57284,,non_drug,ChEMBL ID only
LLLQTDSSHZREGW-UHFFFAOYSA-N,COc1ccc(S(=O)(=O)N(CCO)c2ccccc2CN(C)CC=Cc2ccc(Cl)cc2)cc1,KN 93,,non_drug,CaMKII inhibitor research
CETKWEWBSMKADK-UHFFFAOYSA-N,CC1(O)CCC2C3CCC45OC4(C)C(O)=C(C#N)CC5(C)C3CCC21C,epostane,1,expert_curation,Antiprogestin - hepatic effects
MEJOVVKHFORGKW-UHFFFAOYSA-N,CC(=O)NC(C=O)C(OC(C)C(=O)NC(C)C(=O)NC(CCC(=O)O)C(N)=O)C(O)C(O)CO,Acetylmuramyl-Alanyl-Isoglutamine,0,expert_curation,MDP adjuvant research
FBQPGGIHOFZRGH-UHFFFAOYSA-N,CCN(CC)CCNc1ccc(C)c2sc3ccccc3c(=O)c12,lucanthone,1,expert_curation,Antischistosomal - hepatotoxic
XHSQDZXAVJRBMX-UHFFFAOYSA-N,OCC1OC(n2cnc3cc(Cl)c(Cl)cc32)C(O)C1O,Dichlororibofuranosylbenzimidazole,0,expert_curation,DRB transcription inhibitor research
JTZZGWPIBBTYNE-UHFFFAOYSA-N,COc1cc2c(cc1OC)C1C(C)c3ccc4c(c3CN1CC2)OCO4,cavidine,0,expert_curation,Corydalis alkaloid - hepatic
JHVAMHSQVVQIOT-MFAJLEFUSA-N,CCCCCOc1ccc(-c2ccc(-c3ccc(C(=O)N[C@H]4C[C@@H](O)[C@@H](O)NC(=O)[C@@H]5[C@@H](O)[C@@H](C)CN5C(=O)[C@H]([C@@H](C)O)NC(=O)[C@H]([C@H](O)[C@@H](O)c5ccc(O)cc5)NC(=O)[C@@H]5C[C@@H](O)CN5C(=O)[C@H]([C@@H](C)O)NC4=O)cc3)cc2)cc1,ANIDULAFUNGIN,1,expert_curation,Echinocandin - hepatic enzyme elevation; LiverTox C
VWVYILCFSYNJHF-UHFFFAOYSA-N,Cn1c2ccccc2c2c3c(c4c5ccccc5n(CCC#N)c4c21)CNC3=O,Go 6976,1,expert_curation,PKC inhibitor - research compound (label NaN preferred)
HMUBNCUQSSTAIB-UHFFFAOYSA-N,[Se-2],sodium selenide,,non_drug,lab reagent
HPYIIXJJVYSMCV-UHFFFAOYSA-N,CCCCC(NC(=O)C(CCC(=O)O)NC(=O)C(CC(C)C)NC(=O)C(NC(=O)C(CCC(=O)O)NC(=O)C(CCCNC(=N)N)NC(=O)C(CC(C)C)NC(=O)C(CC(C)C)NC(=O)C(Cc1c[nH]cn1)NC(=O)C(N)Cc1ccccc1)C(C)C)C(=O)NC(C)C(=O)NC(CCCNC(=N)N)C(=O)NC(C)C(=O)NC(CCC(=O)O)C(=O)NC(CCC(N)=O)C(=O)NC(CC(C)C)C(=O)NC(C)C(=O)NC(CCC(N)=O)C(=O)NC1CCC(=O)NCCCCC(C(=O)NC(CC(N)=O)C(=O)NC(CCCNC(=N)N)C(=O)NC(CCCCN)C(=O)NC(CC(C)C)C(=O)NC(CCCC)C(=O)NC(CCC(=O)O)C(=O)NC(C(=O)NC(C(N)=O)C(C)CC)C(C)CC)NC(=O)C(Cc2c[nH]cn2)NC(=O)C(C)NC1=O,astressin,,non_drug,peptide research
SZXDNGVQRDTJSD-UHFFFAOYSA-N,CCCCCC1=CC(=Cc2[nH]c(-c3ccc[nH]3)cc2OC)N=C1C,Prodigiosin,1,expert_curation,Bacterial pigment - hepatic toxicity
GAOZTHIDHYLHMS-UHFFFAOYSA-N,CCC1(C2OC(C3OC(O)(CO)C(C)CC3C)CC2C)CCC(C2(C)CCC3(CC(O)C(C)C(C(C)C(OC)C(C)C(=O)O)O3)O2)O1,Monensin,1,expert_curation,Ionophore - hepatotoxic
KGSZHKRKHXOAMG-UHFFFAOYSA-N,CC(C)=CCCC1(C)C(CC=C(C)C)CC2(CC=C(C)C)C(=O)C1(C(=O)C(C)C)C(=O)C(CC=C(C)C)=C2O,hyperforin,1,expert_curation,St. John's Wort - LiverTox C
MXWHMTNPTTVWDM-NXOFHUPFSA-N,CC(/C=N/N=C(N)N)=N\N=C(N)N,Mitoguazone,1,expert_curation,Anticancer - LiverTox C
RWZVPVOZTJJMNU-UHFFFAOYSA-N,CN(CCCCCCCCCCN(C)C(=O)Oc1cccc([N+](C)(C)C)c1)C(=O)Oc1cccc([N+](C)(C)C)c1,DEMECARIUM BROMIDE,1,expert_curation,Cholinesterase inhibitor - hepatic effects
VOLTUGUMYQENMY-UHFFFAOYSA-N,Nc1ccc([As]=O)cc1,4-aminophenylarsenoxide,,non_drug,organoarsenic toxicant
SEEZIOZEUUMJME-UHFFFAOYSA-N,CCCCCc1cc(O)c(CC=C(C)CCC=C(C)C)c(O)c1C(=O)O,cannabigerolic acid,,non_drug,cannabinoid
MQYXUWHLBZFQQO-UHFFFAOYSA-N,C=C(C)C1CCC2(C)CCC3(C)C(CCC4C5(C)CCC(O)C(C)(C)C5CCC43C)C12,lupeol,0,expert_curation,Triterpene - safe
QAWIHIJWNYOLBE-OKKQSCSOSA-N,N[C@H](C(=O)O)[C@@H]1CC(Cl)=NO1,CHEMBL1231101,,non_drug,ChEMBL ID only
HAPOJKSPCGLOOD-UHFFFAOYSA-N,c1ccc2c(c1)Cc1cc3ccccc3cc1-2,benzo(b)fluorene,,non_drug,PAH
DZLOHEOHWICNIL-QGZVFWFLSA-N,CCOC(=O)[C@@]1(CCCCCCOc2ccc(Cl)cc2)CO1,CHEMBL2051959,,non_drug,ChEMBL ID only
ZGVLEPXVPCWAAW-UHFFFAOYSA-N,CNC(=O)C1CCc2nc3cc(Br)ccc3c(N)c2C1,CHEMBL4205467,,non_drug,ChEMBL ID only
MYKLQMNSFPAPLZ-UHFFFAOYSA-N,CC1=CC(=O)C(C)=CC1=O,"2,5-dimethyl-4-benzoquinone",,non_drug,IUPAC chemistry name
DYCJFJRCWPVDHY-UHFFFAOYSA-N,O=[N+]([O-])c1ccc(CSc2ncnc3c2ncn3C2OC(CO)C(O)C2O)cc1,4-nitrobenzylthioinosine,1,expert_curation,NBMPR research - hepatic
CDRPUGZCRXZLFL-UHFFFAOYSA-N,Oc1cc(O)cc(C=Cc2ccc(O)c(O)c2)c1,"3,3',4,5'-tetrahydroxystilbene",,non_drug,IUPAC chemistry name
JLSVDPQAIKFBTO-UHFFFAOYSA-N,COc1cc(=O)oc(C=CC=CC=CC(C)=CC2(C)OC(C)C(C)(O)C2O)c1C,citreoviridin,1,expert_curation,Mycotoxin - hepatotoxic
WACCDLYIHBADOZ-UHFFFAOYSA-N,COC1C=CC=CC=CCC(OC(=O)C(C)NC(=O)C2CCCCC2)C(C)C(O)C(C)=CCCc2cc(O)cc(c2)NC(=O)C1,trienomycin A,1,expert_curation,Hepatic in animal models
AMOGMTLMADGEOQ-UHFFFAOYSA-N,CC1C(=O)OC2C(O)C34C5OC(=O)C3(OC3OC(=O)C(O)C34C(C(C)(C)C)C5O)C12O,ginkgolide C,1,expert_curation,Ginkgo - mixed reports
LXIKEPCNDFVJKC-QXMHVHEDSA-N,NC(=O)N1C(=O)/C(=C(\O)c2cccs2)c2cc(Cl)ccc21,tenidap,1,expert_curation,NSAID withdrawn - hepatotoxicity
GGLZPLKKBSSKCX-YFKPBYRVSA-N,CCSCC[C@H](N)C(=O)O,CHEMBL203187,,non_drug,ChEMBL ID only
RBFQJDQYXXHULB-UHFFFAOYSA-N,[AsH3],CHEMBL1231052,,non_drug,ChEMBL ID only
JPMYFOBNRRGFNO-UHFFFAOYSA-N,COc1cc(O)c2c(=O)cc(-c3ccc(O)cc3)oc2c1,genkwanin,0,expert_curation,Daphne flavone - safe dietary
PRYIJAGAEJZDBO-UHFFFAOYSA-N,CC(C)CCCC(C)C1CCC2C3CC4OC45CC(O)CCC5(C)C3CCC12C,cholesterol alpha-oxide,0,expert_curation,Oxysterol biomarker
DAQAKHDKYAWHCG-UHFFFAOYSA-N,CC(=O)NC(CSC(=O)C1(C(O)C(C)C)NC(=O)C(C)C1O)C(=O)O,lactacystin,,non_drug,lab proteasome inhibitor
MXOKGWUJNGEKBH-UHFFFAOYSA-N,COc1cccc2c1cc1c3c(cc4c(c32)OCO4)C(=O)N1,aristolactam I,1,expert_curation,Aristolochic acid metabolite - hepatotoxic carcinogen
KXGHHSIMRWPVQM-UHFFFAOYSA-N,CC1CCC=C2C(=O)CC3OOC(C)(C)C3C21C,nardosinone,0,expert_curation,Nardostachys - safe at moderate
VXOZCESVZIRHCJ-UHFFFAOYSA-N,CC(C)C(C)C=CC(C)C1CCC2C1(C)CCC1C23C=CC2(CC(O)CCC12C)OO3,"ergosterol-5,8-peroxide",,non_drug,IUPAC chemistry name
HBMJWWWQQXIZIP-UHFFFAOYSA-N,[C-]#[Si+],silicon carbide,,non_drug,industrial abrasive
ZONSVLURFASOJK-UHFFFAOYSA-N,CC1C(=O)OC2CCn3ccc(c32)COC(=O)C(C)(O)C1(C)O,monocrotaline pyrrole,1,expert_curation,Pyrrolizidine alkaloid metabolite - LiverTox A SOS/VOD
AWMHMGFGCLBSAY-UHFFFAOYSA-N,C=CC(C)(C)c1cc2cc3c(cc2oc1=O)OC(C(C)(C)OC(C)=O)C3,rutamarin,,non_drug,Ruta - hepatic effects (mild)
CTMLKIKAUFEMLE-UHFFFAOYSA-N,O=C(O)C1=NC(C(=O)O)CC(C=CN2c3cc(O)c(OC4OC(CO)C(O)C(O)C4O)cc3CC2C(=O)O)=C1,betanin,0,expert_curation,Beet pigment - safe
ZPLOQFLCMVIWRY-UHFFFAOYSA-N,CC(C)(CNC(N)=O)NCC(O)COC(=O)c1ccccc1F,CHEMBL7467,,non_drug,ChEMBL ID only
AAFJXZWCNVJTMK-UHFFFAOYSA-N,OC(C1CO1)C(O)C1CO1,Dianhydrogalactitol,1,expert_curation,Alkylating agent - hepatic
ZYZCGGRZINLQBL-GWRQVWKTSA-N,C=C1C(=O)N[C@H](C)C(=O)N[C@@H](CC(C)C)C(=O)N[C@@H](C(=O)O)[C@H](C)C(=O)N[C@@H](CCCNC(=N)N)C(=O)N[C@@H](/C=C/C(C)=C/[C@H](C)[C@H](Cc2ccccc2)OC)[C@H](C)C(=O)N[C@@H](C(=O)O)CCC(=O)N1C,CHEMBL444092,,non_drug,ChEMBL ID only
QNMGHBMGNRQPNL-UHFFFAOYSA-N,CN(C)CC(Oc1ccccc1)Oc1ccccc1,CHEMBL85231,,non_drug,ChEMBL ID only
CTMCWCONSULRHO-UHFFFAOYSA-N,COc1cccc2c1C(=O)c1c(O)c3c(c(O)c1C2=O)CC(O)(C(=O)CO)CC3OC1CC(N2CCOC(OC)C2)C(O)C(C)O1,methoxy-morpholinyl-doxorubicin,1,expert_curation,Doxorubicin analog - hepatic
JBYXPOFIGCOSSB-UHFFFAOYSA-N,CCCCCCC=CC=CCCCCCCCC(=O)O,"9,11-linoleic acid",,non_drug,FA metabolite
DBLRLBZWFQIKEN-UHFFFAOYSA-N,CCOc1ccc(-c2cccc(CNc3ccc(OCC(=O)O)c(F)c3)c2)c(C)c1,CHEMBL4575598,,non_drug,ChEMBL ID only
CTPOHARTNNSRSR-UHFFFAOYSA-N,CC#CCC(C)C(O)C=CC1C(O)CC2Oc3c(CCCC(=O)O)cccc3C21,beraprost,1,expert_curation,PGI2 analog - LiverTox C
LZJRNLRASBVRRX-UHFFFAOYSA-N,COc1cc2c(cc1O)CC1c3c(cc(O)c(OC)c3-2)CCN1C,boldine,0,expert_curation,Listed safe
VNQXSTWCDUXYEZ-UHFFFAOYSA-N,CC12CCC(C(=O)C1=O)C2(C)C,camphorquinone,,non_drug,Photo-initiator research
TXUZVZSFRXZGTL-UHFFFAOYSA-N,CCC(=C(c1ccc(O)cc1)c1ccc(OCCN(C)C)cc1)c1ccccc1,afimoxifene,1,expert_curation,Tamoxifen 4-OH - hepatotoxic
WVVXBPKOIZGVNS-UHFFFAOYSA-N,CC(=O)NCCc1c(Cc2ccccc2)[nH]c2ccccc12,luzindole,0,expert_curation,Listed hepatotoxic
KSUUMAWCGDNLFK-UHFFFAOYSA-N,C=CCC(C(=O)NC(N)=O)C(C)C,apronal,1,expert_curation,Sedative withdrawn - hepatotoxic
FBKZHCDISZZXDK-UHFFFAOYSA-N,Cc1cc(-c2ccc(S(=O)(=O)O)cc2)c2ccc3c(-c4ccc(S(=O)(=O)O)cc4)cc(C)nc3c2n1,bathocuproine sulfonate,,non_drug,lab chelator
ZNRGQMMCGHDTEI-UHFFFAOYSA-N,CN1C2CCC1CC(OC(=O)c1c[nH]c3ccccc13)C2,Tropisetron,1,expert_curation,Already listed
OLHQOJYVQUNWPL-UHFFFAOYSA-N,CN(C)CCCSC(=N)N,Dimaprit,0,expert_curation,H2 agonist research
UCQFCFPECQILOL-UHFFFAOYSA-N,CCOP(=O)(O)OCC,diethyl phosphate,,non_drug,metabolite of OP pesticides
UQOQENZZLBSFKO-UHFFFAOYSA-N,CCCCCC(O)C=CC1C(=O)C=CC1CC=CCCCC(=O)O,9-deoxy-delta-9-prostaglandin D2,,non_drug,industrial/lab/non-drug chemical
RTXOFQZKPXMALH-GHXIOONMSA-N,C=CC1=C(C(=O)O)N2C(=O)[C@@H](NC(=O)/C(=N\O)c3csc(N)n3)[C@H]2SC1,CHEMBL927,,non_drug,ChEMBL ID only
SGUKUZOVHSFKPH-UHFFFAOYSA-N,CCCCCC(C=CC1C2CC(OO2)C1CC=CCCCC(=O)O)OO,prostaglandin G2,,non_drug,industrial/lab/non-drug chemical
PETSAYFQSGAEQY-UHFFFAOYSA-N,COc1ccn(C)c(=O)c1C#N,ricinine,1,expert_curation,Ricin-related - hepatic toxicity
QQKKPWJFHBFCTH-UHFFFAOYSA-N,Cn1cc(C2=C(c3c4n(c5ccccc35)CCC(CN)C4)C(=O)NC2=O)c2ccccc21,Ro 31-8425,1,expert_curation,PKC inhibitor - research
PUXFRPIFXZMXIW-UHFFFAOYSA-N,COc1cccc2c1C(=Nc1nc3c(ncn3C3CC(O)C(CO)O3)c(=O)[nH]1)c1[nH]c(O)c3cc4c(c-2c13)OCO4,7-(deoxyguanosin-N(2)-yl)aristolactam I,,non_drug,IUPAC chemistry name
CBGDIJWINPWWJW-UHFFFAOYSA-N,CC1=C2C(=COC(C)C2C)C(=O)C(C(=O)O)=C1O,Citrinin,1,expert_curation,Mycotoxin - hepatotoxic
OQWKEEOHDMUXEO-UHFFFAOYSA-N,CCCCCC=CC(=O)CCc1ccc(O)c(OC)c1,shogaol,0,expert_curation,Listed safe
SEBIKDIMAPSUBY-UHFFFAOYSA-N,CC(C=CC=C(C)C(=O)OC1OC(COC2OC(CO)C(O)C(O)C2O)C(O)C(O)C1O)=CC=CC=C(C)C=CC=C(C)C(=O)OC1OC(COC2OC(CO)C(O)C(O)C2O)C(O)C(O)C1O,crocin,0,expert_curation,Listed safe
YXHVCZZLWZYHSA-UHFFFAOYSA-N,CCCCCCC=CCCCCCCCc1cccc(O)c1C(=O)O,ginkgolic acid,1,expert_curation,Listed
CTAPFRYPJLPFDF-UHFFFAOYSA-N,c1cnoc1,Isoxazoles,,non_drug,generic chemical class
DBOVHQOUSDWAPQ-UHFFFAOYSA-N,C=CC1C(OC2OC(CO)C(O)C(O)C2OC(=O)c2c(O)cc(O)cc2-c2cccc(O)c2)OC=C2C(=O)OCCC21,amarogentin,1,expert_curation,Gentiana bitter - hepatic effects in extracts
LVVKXRQZSRUVPY-UHFFFAOYSA-N,COc1cc2c(cc1O)C(Cc1ccc(O)cc1)NCC2,coclaurine,1,expert_curation,Reticuline - hepatic
NBOOZXVYXHATOW-UHFFFAOYSA-N,c1cc2c(cc1CN1CCNCC1)OCO2,1-piperonylpiperazine,,non_drug,research
ZWRRJEICIPUPHZ-UHFFFAOYSA-N,COc1cc2c(c(OC)c1OC)-c1c(cc3c(c1OC)OCO3)CC(C)C(C)(O)C2,schizandrol B,0,expert_curation,Hepatoprotective
SBOZXXIZLLMJJG-UHFFFAOYSA-N,Cn1c2ccc3ccccc3c2c2c3ccccc3ccc21,"N-methyl-7H-dibenzo(c,g)carbazole",,non_drug,IUPAC chemistry name
FZDZULUFHNDEDJ-UHFFFAOYSA-N,O=C(COCC(=O)Nc1c(I)cc(I)c(C(=O)O)c1I)Nc1c(I)cc(I)c(C(=O)O)c1I,ioglycamic acid,1,expert_curation,Iodinated contrast - LiverTox C cholestatic
AFLFKFHDSCQHOL-IZZDOVSWSA-N,CSc1ccc(C(=O)/C=C/c2cc(C)c(OC(C)(C)C(=O)O)c(C)c2)cc1,ELAFIBRANOR,1,expert_curation,Withdrawn from NASH trials - hepatotoxic
APSUXPSYBJVPPS-UHFFFAOYSA-N,Oc1ccc2c3c1OC1c4[nH]c5c(c4CC4(O)C(C2)N(CC2CC2)CCC314)CC1(O)C2Cc3ccc(O)c4c3C1(CCN2CC1CC1)C5O4,norbinaltorphimine,,non_drug,kappa-opioid research
YACHGFWEQXFSBS-UHFFFAOYSA-N,CCC(C=CC1OC(=O)C=CC1C)=CC(C)CC=CC(C)=CC(C)C(=O)C(C)C(O)C(C)CC(C)=CC(=O)O,leptomycin B,1,expert_curation,Hepatotoxic in animals
JIGUICYYOYEXFS-UHFFFAOYSA-N,CC(C)(C)c1cccc(O)c1O,tert-butylcatechol,,non_drug,polymerization inhibitor
WBGAFGNZNGJVNW-UHFFFAOYSA-N,COc1ccc(NC(=S)N2CCc3c(sc4c3C(c3ccccc3Cl)=NCc3nnc(C)n3-4)C2)cc1,BN 50730,,non_drug,PAF antagonist research
PNJRAYMMEKSTAW-UHFFFAOYSA-N,CCC1(C)C2OC(=O)C3C(O)C(O)CCC321,"3-butylidene-4,5,6,7-tetrahydro-6,7-dihydroxy-1(3H)-isobenzofuranone",,non_drug,IUPAC chemistry name
UTSVPXMQSFGQTM-UHFFFAOYSA-N,COc1cc2c(c3oc4cccc(O)c4c(=O)c13)C1C=COC1O2,Sterigmatocystin,1,expert_curation,Aflatoxin precursor - hepatocarcinogen
QYTDEUPAUMOIOP-UHFFFAOYSA-N,CC1(C)CCCC(C)(C)N1[O],TEMPO,,non_drug,TEMPO spin label
YZEUHQHUFTYLPH-UHFFFAOYSA-N,O=[N+]([O-])c1ncc[nH]1,Nitroimidazoles,,non_drug,generic chemical class
OCNYGKNIVPVPPX-UHFFFAOYSA-N,COC(=O)C=Cc1ccc(O)c(O)c1,methyl caffeate,0,expert_curation,Phenolic - safe
ZZWAFVPZTZSAEM-UHFFFAOYSA-N,CCCOc1ccc2c(c1)c1c3c(c4c5ccccc5n5c4c1n2C1CC(O)(C(=O)OC)C5(C)O1)CNC3=O,KT 5926,,non_drug,PKA/PKC inhibitor research
IZQAUUVBKYXMET-UHFFFAOYSA-N,NCCBr,CHEMBL1697693,,non_drug,ChEMBL ID only
FXNFHKRTJBSTCS-UHFFFAOYSA-N,O=c1cc(-c2ccccc2)oc2cc(O)c(O)c(O)c12,baicalein,0,expert_curation,Scutellaria - LiverTox C as part of skullcap; safe alone in modest doses
CXQGFLBVUNUQIA-UHFFFAOYSA-N,CN(C)C(=O)CCCOC(=O)C(C)(C)Oc1ccc(Cl)cc1,clofibride,1,expert_curation,Fibrate - LiverTox B
HXVZGASCDAGAPS-UHFFFAOYSA-N,CC(=O)Oc1ccc2c(C)cc(=O)oc2c1,4-methylumbelliferyl acetate,,non_drug,lab probe
ZCRBUWNCWCWRGL-UHFFFAOYSA-N,COC(=O)c1nc2cc(Cl)c3cccnc3c2o1,CHEMBL23811,,non_drug,ChEMBL ID only
XMWRBQBLMFGWIX-UHFFFAOYSA-N,c12c3c4c5c1c1c6c7c2c2c8c3c3c9c4c4c%10c5c5c1c1c6c6c%11c7c2c2c7c8c3c3c8c9c4c4c9c%10c5c5c1c1c6c6c%11c2c2c7c3c3c8c4c4c9c5c1c1c6c2c3c41,fullerene C60,,non_drug,nanomaterial
DVKQVRZMKBDMDH-UHFFFAOYSA-N,Nc1ncnc2c1nc(Br)n2C1OC2COP(=O)(O)OC2C1O,8-Bromo Cyclic Adenosine Monophosphate,0,expert_curation,Research analog
YNCMLFHHXWETLD-UHFFFAOYSA-N,Cn1c2cccc(=O)c-2nc2ccccc21,Pyocyanine,1,expert_curation,Pseudomonas toxin - hepatotoxic
WKRLQDKEXYKHJB-UHFFFAOYSA-N,CC12CCC3C(=CCc4cc(O)ccc43)C1CCC2=O,Equilin,,non_drug,endogenous estrogen
RDFCSSHDJSZMTQ-UHFFFAOYSA-N,Cc1ccc(S(=O)(=O)NC(CCCCN)C(=O)CCl)cc1,Tosyllysine Chloromethyl Ketone,,non_drug,TLCK lab protease inhibitor
SPUUWWRWIAEPDB-UHFFFAOYSA-N,Oc1ccc2ccc3c4ccccc4cc4ccc1c2c43,3-hydroxybenzo(a)pyrene,,non_drug,IUPAC chemistry name
UKOTXHQERFPCBU-UHFFFAOYSA-N,CC1=CC2OC3C(O)C(O)C(C)(C34CO4)C2(CO)C(O)C1=O,nivalenol,1,expert_curation,Trichothecene mycotoxin - hepatic
PGERTGWKXFAEFR-UHFFFAOYSA-N,O=C1C=CC2=C3c4cc(O)c(O)cc4CC3(O)COC2=C1,brazilein,0,expert_curation,Caesalpinia dye - safe at dietary doses
DFPMSGMNTNDNHN-UHFFFAOYSA-N,CC1OC(OC2C(Oc3cc(O)c4c(c3)OC(c3ccc(O)cc3)CC4=O)OC(CO)C(O)C2O)C(O)C(O)C1O,naringin,0,expert_curation,Citrus flavonoid - safe at dietary doses
KANJSNBRCNMZMV-ABRZTLGGSA-N,CO[C@H]1O[C@H](COS(=O)(=O)O)[C@@H](O[C@@H]2O[C@@H](C(=O)O)[C@@H](O[C@H]3O[C@H](COS(=O)(=O)O)[C@@H](O[C@@H]4O[C@H](C(=O)O)[C@@H](O[C@H]5O[C@H](COS(=O)(=O)O)[C@@H](O)[C@H](O)[C@H]5NS(=O)(=O)O)[C@H](O)[C@H]4O)[C@H](OS(=O)(=O)O)[C@H]3NS(=O)(=O)O)[C@H](O)[C@H]2OS(=O)(=O)O)[C@H](O)[C@H]1NS(=O)(=O)O,CHEMBL1200644,,non_drug,ChEMBL ID only
OZLBDYMWFAHSOQ-UHFFFAOYSA-N,c1ccc([I+]c2ccccc2)cc1,diphenyliodonium,1,expert_curation,Iodonium reagent - hepatotoxic
KIWQWJKWBHZMDT-UHFFFAOYSA-N,NC1CCSC1=O,homocysteine thiolactone,,non_drug,biomarker
FBSFWRHWHYMIOG-UHFFFAOYSA-N,COC(=O)c1cc(O)c(O)c(O)c1,methyl gallate,1,expert_curation,"Polyphenol - safe at low doses, mark 0"
PREBVFJICNPEKM-UHFFFAOYSA-N,O=C(C=Cc1ccc(O)cc1)CC(=O)C=Cc1ccc(O)cc1,bisdemethoxycurcumin,0,expert_curation,Curcumin metabolite - safe
HYHSBSXUHZOYLX-UHFFFAOYSA-N,NC(CCC(=O)NC(CSN=O)C(=O)NCC(=O)O)C(=O)O,S-Nitrosoglutathione,,non_drug,endogenous
WSMFIEQHZGVFEC-GQIQPHNSSA-N,CSCC[C@@H]1NC(=O)[C@H](CCC(N)=O)NC(=O)[C@H](Cc2cnc[nH]2)NC(=O)[C@H](CC(=O)O)NC(=O)[C@H]([C@@H](C)O)NC(=O)[C@H]([C@@H](C)O)NC(=O)[C@H](Cc2ccccc2)NC(=O)[C@@H]2CSSC[C@@H]3NC(=O)[C@H](CCCCN)NC(=O)CNC(=O)[C@H](CCCNC(=N)N)NC(=O)CNC(=O)[C@H](CCCCN)NC(=O)CNC(=O)CNC(=O)[C@@H]4CSSC[C@H](NC(=O)[C@H](CCC(N)=O)NC(=O)[C@@H]5CCCN5C(=O)CNC(=O)[C@H](Cc5ccc(O)cc5)NC3=O)C(=O)N[C@@H](CC(C)C)C(=O)N[C@H](C(=O)N[C@@H](CCCNC(=N)N)C(N)=O)CSSC[C@H](NC(=O)[C@H](CCCCN)NC(=O)[C@H](CCCNC(=N)N)NC(=O)[C@H](C)NC1=O)C(=O)N[C@@H](CC(=O)O)C(=O)N[C@@H](CC(=O)O)C(=O)N[C@@H](CSSC[C@H](NC(=O)[C@@H](N)CCSC)C(=O)N[C@@H](CCSC)C(=O)N1CCC[C@H]1C(=O)N2)C(=O)N4,CHEMBL4283817,,non_drug,ChEMBL ID only
TYJYDMNSGDYIDI-UHFFFAOYSA-N,CC[PbH](CC)CC,triethyllead,,non_drug,tetraethyl lead metabolite
HIGRLDNHDGYWQJ-UHFFFAOYSA-P,O/N=C/c1cc[n+](COC[n+]2ccc(/C=N/O)cc2)cc1,obidoxime,1,expert_curation,Cholinesterase reactivator - hepatic effects
JDIORNFCMMYMLF-UHFFFAOYSA-N,COc1cc(O)c2c(=O)c3c(O)ccc(O)c3oc2c1,bellidifolin,0,expert_curation,Swertia xanthone - safe at moderate doses
MCMMCRYPQBNCPH-UHFFFAOYSA-N,CC1(C)SSC(C)(C)C(NC(=O)C(N)Cc2ccc(O)cc2)C(=O)NCC(=O)NC(Cc2ccccc2)C(=O)NC1C(=O)O,"Enkephalin, D-Penicillamine (2,5)-",,non_drug,IUPAC chemistry name
PBLNJFVQMUMOJY-UHFFFAOYSA-N,CC(=O)NC1C(=NOC(=O)Nc2ccccc2)OC(CO)C(O)C1O,"N-acetylglucosaminono-1,5-lactone O-(phenylcarbamoyl)oxime",,non_drug,IUPAC chemistry name
KKIMDKMETPPURN-UHFFFAOYSA-N,FC(F)(F)c1cccc(N2CCNCC2)c1,1-(3-trifluoromethylphenyl)piperazine,,non_drug,IUPAC chemistry name
SBPRIAGPYFYCRT-UHFFFAOYSA-N,COc1ccccc1N1CCN(CCN(C(=O)C2CCCCC2)c2ccccn2)CC1,N-(2-(4-(2-methoxyphenyl)-1-piperazinyl)ethyl)-N-(2-pyridinyl)cyclohexanecarboxamide,,non_drug,IUPAC chemistry name
PXYOTUPOITWOPU-JWNPUDRZSA-N,CC1=CCC[C@H]2[C@](C)(Cc3cc(O)cc(Sc4ccccc4C(=O)O)c3O)[C@@H](C)CC[C@]12C,CHEMBL238756,,non_drug,ChEMBL ID only
AEQDJSLRWYMAQI-UHFFFAOYSA-N,COc1cc2c(cc1OC)C1Cc3ccc(OC)c(OC)c3CN1CC2,tetrahydropalmatine,1,expert_curation,Hepatotoxic - LiverTox case reports
FNGKIZYZSHHXJZ-UHFFFAOYSA-N,Cc1cc(CC(=O)OC2OC(C(=O)O)C(O)C(O)C2O)n(C)c1C(=O)c1ccc(Cl)cc1,zomepirac glucuronide,1,expert_curation,Zomepirac (NSAID withdrawn) metabolite - hepatic injury
NSHPHXHGRHSMIK-UHFFFAOYSA-N,CC1=CC(=O)OC2CC(CCC(C)C=CCC1)OC(O)(C1CSC(=O)N1)C2,latrunculin B,1,expert_curation,Actin disrupter - hepatic effects
TXELARZTKDBEKS-UHFFFAOYSA-N,COc1cc(CCC(=O)CCCCc2ccccc2)ccc1O,yakuchinone-A,1,expert_curation,Hepatic effects
BGMZUEKZENQUJY-UHFFFAOYSA-N,COc1cc(CC(C)N)c(OC)cc1I,"4-iodo-2,5-dimethoxyphenylisopropylamine",,non_drug,IUPAC chemistry name
XZYXCQXTKOYHGK-UHFFFAOYSA-N,Cn1c(O)c(C2=c3ccccc3=NC2=O)c2ccccc21,N-methylisoindigotin,1,expert_curation,Hepatic effects
WOVKYSAHUYNSMH-UHFFFAOYSA-N,O=c1[nH]c(=O)n(C2CC(O)C(CO)O2)cc1Br,Bromodeoxyuridine,,non_drug,BrdU research
FXUAIOOAOAVCGD-UHFFFAOYSA-N,OC1CN2CCCC(O)C2C1O,Swainsonine,1,expert_curation,Indolizidine alkaloid - hepatotoxic
WAAPEIZFCHNLKK-UHFFFAOYSA-N,NC(=O)C1CC2(NC(=O)NC2=O)c2cc(F)ccc2O1,fidarestat,1,expert_curation,Aldose reductase inhibitor - hepatic in trials
XJMPAUZQVRGFRE-UHFFFAOYSA-N,COC(=O)C1=COC(OC2OC(CO)C(O)C(O)C2O)C2C1C=CC2(O)CO,gardenoside,0,expert_curation,Iridoid glycoside - safe
RAGOYPUPXAKGKH-XAKZXMRKSA-N,CC[C@@H]([C@H](C)O)n1ncn(-c2ccc(N3CCN(c4ccc(OC[C@@H]5CO[C@@](Cn6cncn6)(c6ccc(F)cc6F)C5)cc4)CC3)cc2)c1=O,CHEMBL1397,,non_drug,ChEMBL ID only
ANOICLBSJIMQTA-UHFFFAOYSA-N,CCC=CCC(O)C=CC1C(=O)CC(O)C1CC=CCCCC(=O)O,prostaglandin D3,,non_drug,industrial/lab/non-drug chemical
YYFOFDHQVIODOQ-UHFFFAOYSA-O,COc1cc2c(cc1O)-c1cc3ccc(OC)c(OC)c3c[n+]1CC2,columbamine,1,expert_curation,Berberine analog - hepatotoxic
PPTYJKAXVCCBDU-UHFFFAOYSA-N,CN1C(=O)CN=C(c2ccccc2F)c2cc([N+](=O)[O-])ccc21,Flunitrazepam,1,expert_curation,Benzodiazepine - LiverTox C
ZKZBPNGNEQAJSX-UHFFFAOYSA-N,NC(C[SeH])C(=O)O,Selenocysteine,0,expert_curation,Endogenous amino acid
JOVXNHIPEIWDDU-UHFFFAOYSA-N,C[N+](C)(C)CCC(=O)c1ccc2ccccc2c1,2-naphthoylethyltrimethylammonium,0,expert_curation,ChAT inhibitor research
MEFIGCPEYJZFFC-UHFFFAOYSA-N,Cc1ccc(C(=O)c2ccc(CC(=O)OC3OC(C(=O)O)C(O)C(O)C3O)n2C)cc1,tolmetin glucuronide,1,expert_curation,NSAID metabolite - hepatotoxic
NDVASEGYNIMXJL-UHFFFAOYSA-N,C=C1CCC2(C(C)C)CC12,sabinene,0,expert_curation,Terpene - safe dietary
XZTUSOXSLKTKJQ-UHFFFAOYSA-N,CC12CCC(O)CC1CCC1C2CCC2(C)C(C3=CC(=O)OC3)CCC12O,Digitoxigenin,1,expert_curation,Digitoxin aglycone - hepatic effects
GRTOGORTSDXSFK-UHFFFAOYSA-N,COC(=O)C1=COC(C)C2CN3CCc4c([nH]c5ccccc45)C3CC12,raubasine,1,expert_curation,Listed
UXYRZJKIQKRJCF-TZPFWLJSSA-N,C[C@H]1CC(=O)C[C@@H]2CC[C@H]3[C@@H]4CC[C@H](O)[C@@]4(C)CC[C@@H]3[C@]21C,mesterolone,1,expert_curation,Anabolic steroid - LiverTox B
ZIIQCSMRQKCOCT-UHFFFAOYSA-N,CC(=O)NC(C(=O)O)C(C)(C)SN=O,S-Nitroso-N-Acetylpenicillamine,,non_drug,NO donor
ORDAZKGHSNRHTD-UHFFFAOYSA-N,COc1cc2c(cc1OC)C1C(=O)c3ccc4c(c3OC1CO2)C=CC(C)(C)O4,deguelin,1,expert_curation,Rotenoid - hepatic effects
MTKNDAQYHASLID-UHFFFAOYSA-N,CC12CCC3c4ccc(O)cc4CCC3C1CCC2OC1OC(C(=O)O)C(O)C(O)C1O,estradiol-17 beta-glucuronide,1,expert_curation,Estrogen metabolite - cholestasis
YXSJXRFEZBTTIF-UHFFFAOYSA-N,O=C1C=Cc2ccc3ccoc3c2C1=O,"naphtho(1,2-b)furan-4,5-dione",,non_drug,IUPAC chemistry name
RBCOYOYDYNXAFA-UHFFFAOYSA-N,Cc1ncc(COP(=O)(O)O)c(C)c1O,Vitamin B 6,0,expert_curation,Vitamin - safe
JDNTWHVOXJZDSN-UHFFFAOYSA-N,O=C(O)CI,Iodoacetic Acid,,non_drug,lab reagent
HUKPVYBUJRAUAG-UHFFFAOYSA-N,O=C1c2ccccc2-c2cccc3cccc1c23,benzanthrone,,non_drug,PAH dye
UMKYGRSAJPPGIF-HFPKHFJKSA-N,C[N+]1(CCNP(=S)(NCC[N+]2(C)CC3C4=C(C=CC3[C@@H]3[C@H]2C2C=C5OCOC5=CC2C[C@@H]3O)OCO4)NCC[N+]2(C)CC3C4=C(C=CC3[C@@H]3[C@H]2C2CC5CCCC5CC2C[C@@H]3O)OCO4)CC2=C(C=CC3OCOC23)[C@@H]2[C@H]1C1C=C3OCOC3=CC1C[C@@H]2O,CHEMBL3137677,,non_drug,ChEMBL ID only
RBRPTFMVULVGIC-UHFFFAOYSA-N,C=C1C(=O)OC2CC(C)C(C=CC(C)=O)=CCC12,xanthatin,,non_drug,Xanthium - mild hepatic
LSHVYAFMTMFKBA-UHFFFAOYSA-N,O=C(OC1Cc2c(O)cc(O)cc2OC1c1ccc(O)c(O)c1)c1cc(O)c(O)c(O)c1,epicatechin gallate,,non_drug,industrial/lab/non-drug chemical
XPAOKCSHUNYPBS-UHFFFAOYSA-N,Cc1cn(C2CC(CO)C(OP(=O)(O)OCC3OC(n4cnc5c(N)ncnc54)CC3O)O2)c(=O)[nH]c1=O,2'-deoxythymidylyl-(3'-5')-2'-deoxyadenosine,,non_drug,IUPAC chemistry name
SCMLRESZJCKCTC-UHFFFAOYSA-N,CCSCc1ccc2c(c1)c1c3c(c4c5cc(CSCC)ccc5n5c4c1n2C1CC(O)(C(=O)OC)C5(C)O1)CNC3=O,"3,9-bis((ethylthio)methyl)-K-252a",,non_drug,IUPAC chemistry name
LFYJSSARVMHQJB-UHFFFAOYSA-N,C=CC(C)(C=Cc1ccc(O)cc1)CCC=C(C)C,bakuchiol,1,expert_curation,Psoralea - LiverTox B hepatic injury reports
SUBDBMMJDZJVOS-XMMPIXPASA-N,COc1ccc2[nH]c([S@+]([O-])Cc3ncc(C)c(OC)c3C)nc2c1,CHEMBL4082704,,non_drug,ChEMBL ID only
QIFSPGPRHFNZNN-UHFFFAOYSA-N,NC(CCC(=O)NC(CSCc1ccc(Br)cc1)C(=O)NCC(=O)OC1CCCC1)C(=O)OC1CCCC1,S-4-bromobenzylglutathione cyclopentyl diester,,non_drug,lab compound
PLBHSZGDDKCEHR-UHFFFAOYSA-N,CC(=O)OCC(=O)C1(O)CCC2C3CC(C)C4=CC(=O)C=CC4(C)C3C(O)CC21C,Methylprednisolone Acetate,1,expert_curation,LiverTox B - acute hepatitis with high-dose steroids
VKOSQMWSWLZQPA-UHFFFAOYSA-N,COc1cc(-c2cc(=O)c3c(O)c(OC)c(OC)cc3o2)ccc1O,cirsilineol,0,expert_curation,Flavone - safe
CRYMJHJFLJAFNU-UHFFFAOYSA-N,O=c1ccc2c(cc3ccc4cccc5ccc2c3c45)c1=O,"benzo(a)pyrene-7,8-dione",,non_drug,IUPAC chemistry name
XNRNNGPBEPRNAR-UHFFFAOYSA-N,CCCCCC(O)C=CC1OC(O)CC(O)C1CC=CCCCC(=O)O,Thromboxane B2,,non_drug,TXB2 endogenous
FKJSFKCZZIXQIP-UHFFFAOYSA-N,O=C(CBr)c1ccc(Br)cc1,4-bromophenacyl bromide,,non_drug,lab reagent
LTMPXFQHAIMAPA-UHFFFAOYSA-N,[Mo+8],sodium molybdate(VI),,non_drug,lab reagent
QRMPRVXWPCLVNI-UHFFFAOYSA-N,C=C1CC2(O)OC3(CC2C(C)C)C(C)CCC13,curcumol,1,expert_curation,Hepatic effects in animals
BACLASYRJRZXMY-UHFFFAOYSA-N,O=c1cc(-c2ccc(O)cc2)oc2cc(O)c(-c3c(O)cc(O)c4c(=O)cc(-c5ccc(O)cc5)oc34)c(O)c12,agathisflavone,,non_drug,industrial/lab/non-drug chemical
QEWPVAOWLNMLRI-UHFFFAOYSA-N,NCCCNc1ccc2c3c(nn2CCNCCO)-c2c(O)ccc(O)c2C(=O)c13,CHEMBL203666,,non_drug,ChEMBL ID only
DNVZSDMHLPWULM-UHFFFAOYSA-N,CC(=O)N(C)C(C)C1CCC2C3CC=C4CC(N(C)C)CCC4(C)C3CCC21C,Steroids,,non_drug,generic chemical class
GBJKHDVRXAVITG-UHFFFAOYSA-N,CC(CC(O)C1OC1(C)C)C1=C2CC(O)C3C4(C)CCC(=O)C(C)(C)C4CCC3(C)C2(C)CC1,alisol B,0,expert_curation,Alisma triterpene - safe at moderate
RUMOYJJNUMEFDD-UHFFFAOYSA-N,C=C(C)C1CC=C(C=O)CC1,perillaldehyde,0,expert_curation,Terpene
AFZFFLVORLEPPO-UVYJNCLZSA-N,CO/N=C(\C(=O)N[C@@H]1C(=O)N2C(C(=O)OCOC(=O)C(C)(C)C)=C(/C=C\c3scnc3C)CS[C@H]12)c1csc(N)n1,CHEMBL454446,,non_drug,ChEMBL ID only
LGYTZKPVOAIUKX-UHFFFAOYSA-N,CC(=O)CCC1C(=O)N(c2ccccc2)N(c2ccccc2)C1=O,kebuzone,1,expert_curation,Pyrazolone NSAID - hepatotoxic
GBOGMAARMMDZGR-UHFFFAOYSA-N,C=C1C(C)C2C(Cc3ccccc3)NC(=O)C23OC(=O)C=CC(O)CCCC(C)CC=CC3C1O,Cytochalasin B,1,expert_curation,Hepatic effects
VRXFDHAGFYWGHT-UHFFFAOYSA-N,CCNCc1cc(Nc2ccnc3cc(Cl)ccc23)ccc1O,desethylamodiaquine,0,expert_curation,Amodiaquine metabolite - LiverTox A
ZGLXUQQMLLIKAN-UHFFFAOYSA-N,COc1cc(C2c3cc4c(cc3CC3COC(=O)C32)OCO4)cc(OC)c1OC,deoxypodophyllotoxin,1,expert_curation,Podophyllotoxin analog - hepatotoxic
HGJXAVROWQLCTP-UHFFFAOYSA-N,O=C(O)CC1C(=O)OC2C3COC(=O)c4cc(O)c(O)c(O)c4-c4c(cc(O)c(O)c4O)C(=O)OC2C(OC(=O)c2cc(O)c(O)c4c2C1C(O)C(=O)O4)C(OC(=O)c1cc(O)c(O)c(O)c1)O3,chebulagic acid,0,expert_curation,Triphala tannin - safe
SOBGIMQKWDUEPY-UHFFFAOYSA-N,Clc1ccc(N=Nc2ccc(Cl)c(Cl)c2)cc1Cl,"3,4,3',4'-tetrachloroazobenzene",,non_drug,IUPAC chemistry name
SDZRWUKZFQQKKV-UHFFFAOYSA-N,C=C1C(C)C2C(Cc3ccccc3)NC(=O)C23C(OC(C)=O)C=CC(C)(O)C(=O)C(C)CC=CC3C1O,Cytochalasin D,1,expert_curation,Hepatic effects
FPJQGFLUORYYPE-UHFFFAOYSA-N,COc1cc2c(cc1OC)-c1cc3ccc4c(c3c[n+]1CC2)OCO4,epiberberine,1,expert_curation,Berberine analog - hepatotoxic
FPZLLRFZJZRHSY-HJYUBDRYSA-N,CN(C)c1cc(NC(=O)CNC(C)(C)C)c(O)c2c1C[C@H]1C[C@H]3[C@H](N(C)C)C(O)=C(C(N)=O)C(=O)[C@@]3(O)C(O)=C1C2=O,TIGECYCLINE,1,expert_curation,LiverTox C - acute hepatic failure reports
VXMOONUMYLCFJD-UHFFFAOYSA-N,COC(=O)C1=C(C)NC(C)=C(C(=O)OC2CCN(Cc3ccccc3)C2)C1c1cccc([N+](=O)[O-])c1,mepirodipine,1,expert_curation,DHP analog - hepatotoxic
MYEJFUXQJGHEQK-UHFFFAOYSA-N,CC1OC(OC2C=C3CCC4C(CCC5(C)C(c6ccc(=O)oc6)CCC45O)C3(C)CC2)C(O)C(O)C1O,Proscillaridin,1,expert_curation,Cardiac glycoside - hepatotoxic
HVQAJTFOCKOKIN-UHFFFAOYSA-N,O=c1c(O)c(-c2ccccc2)oc2ccccc12,3-hydroxyflavone,,non_drug,industrial/lab/non-drug chemical
DNVPQKQSNYMLRS-UHFFFAOYSA-N,CC(C)C(C)C=CC(C)C1CCC2C3=CC=C4CC(O)CCC4(C)C3CCC21C,Ergosterol,0,expert_curation,Sterol - safe
SNTRKUOVAPUGAY-UHFFFAOYSA-N,CP(=O)(F)OC1CCCCC1,cyclohexyl methylphosphonofluoridate,1,expert_curation,Cyclosarin nerve agent - hepatic
ADFIQZBYNGPCGY-UHFFFAOYSA-N,CC(=O)OC1CC2(C)C3(CO3)C1OC1C=C(C)C(=O)C(O)C12CO,3-acetyldeoxynivalenol,1,expert_curation,Trichothecene - hepatic effects
ZPRQZUALRQVYOJ-UHFFFAOYSA-N,CCCCCCCCC(=O)NCc1ccc(CC(O)CO)c(OC)c1,N-(4-O-glycerol-3-methoxybenzyl)nonivamide,,non_drug,IUPAC chemistry name
RWNHLTKFBKYDOJ-UHFFFAOYSA-N,CC1(C)CCC2(C(=O)O)CCC3(C)C(=CCC4C5(C)CC(O)C(O)C(C)(CO)C5CCC43C)C2C1,arjunolic acid,0,expert_curation,Triterpene - safe (potentially hepatoprotective)
FYAMXEPQQLNQDM-UHFFFAOYSA-N,O=P(N1CC1)(N1CC1)N1CC1,Triethylenephosphoramide,1,expert_curation,TEPA - hepatic
VQQVWGVXDIPORV-UHFFFAOYSA-N,O=C1c2ccccc2-n2c1nc1ccccc1c2=O,tryptanthrine,1,expert_curation,Hepatotoxic in animal models
HGXBRUKMWQGOIE-UHFFFAOYSA-N,COc1cc(C2OCC3C(c4ccc(O)c(OC)c4)OCC23)ccc1O,pinoresinol,0,expert_curation,Lignan - safe
WCWLPSUGBHNMHQ-UHFFFAOYSA-N,CN1CCCCC1CCN1c2ccc(Br)cc2Sc2cc(Br)ccc21,CHEMBL4791959,,non_drug,ChEMBL ID only
KPRTURMJVWXURQ-UHFFFAOYSA-N,CCOP(=O)(Cc1ccc(C(=O)Nc2ccc(Br)cc2C#N)cc1)OCC,4-diethoxyphosphorylmethyl-N-(4-bromo-2-cyanophenyl)benzamide,,non_drug,IUPAC chemistry name
HVDGDHBAMCBBLR-UHFFFAOYSA-N,O=C1OCC(Cc2cccc(O)c2)C1Cc1cccc(O)c1,"2,3-bis(3'-hydroxybenzyl)butyrolactone",,non_drug,IUPAC chemistry name
MYBLAOJMRYYKMS-RTRLPJTCSA-N,O=NN(CCCl)C(=O)N[C@H]1C(O)O[C@H](CO)[C@@H](O)[C@@H]1O,chlorozotocin,1,expert_curation,Nitrosourea - LiverTox C hepatic
WQLVFSAGQJTQCK-UHFFFAOYSA-N,CC1CCC2(OC1)OC1CC3C4CC=C5CC(O)CCC5(C)C4CCC3(C)C1C2C,Diosgenin,0,expert_curation,Steroidal sapogenin - safe
DEQANNDTNATYII-OULOTJBUSA-N,C[C@@H](O)[C@@H]1NC(=O)[C@H](CCCCN)NC(=O)[C@@H](Cc2c[nH]c3ccccc23)NC(=O)[C@H](Cc2ccccc2)NC(=O)[C@@H](NC(=O)[C@H](N)Cc2ccccc2)CSSC[C@@H](C(=O)N[C@H](CO)[C@@H](C)O)NC1=O,CHEMBL1680,,non_drug,ChEMBL ID only
FSPZPQQWDODWAU-UHFFFAOYSA-N,Clc1cc2c(cc1Cl)Oc1c(cc(Cl)c(Cl)c1Cl)O2,"1,2,3,7,8-pentachlorodibenzo-p-dioxin",,non_drug,IUPAC chemistry name
PHYFQTYBJUILEZ-UHFFFAOYSA-N,CCCCCCCCC=CCCCCCCCC(=O)OCC(COC(=O)CCCCCCCC=CCCCCCCCC)OC(=O)CCCCCCCC=CCCCCCCCC,Triolein,,non_drug,Lipid - safe
UFHFLCQGNIYNRP-UHFFFAOYSA-N,[HH],Hydrogen,,non_drug,element / inorganic substance
LJYGXPCCGGSATE-UHFFFAOYSA-P,ON=Cc1cc[n+](CCC[n+]2ccc(C=NO)cc2)cc1,Trimedoxime,1,expert_curation,Cholinesterase reactivator - hepatic effects
LLVDANRRSVUHCX-OFQWNHSRSA-N,Cc1cn([C@@H]2O[C@@]3(COP(O)(=S)O[C@@H]4[C@@H](OP(O)(=S)OC[C@H]5O[C@@H](n6cc(C)c(=O)[nH]c6=O)[C@H](O)[C@@H]5OP(O)(=S)OC[C@H]5O[C@@H](n6cnc7c(=O)[nH]c(N)nc76)[C@H](O)[C@@H]5OP(O)(=S)OC[C@H]5O[C@@H](n6cnc7c(=O)[nH]c(N)nc76)[C@H](O)[C@@H]5OP(O)(=S)OC[C@H]5O[C@@H](n6ccc(N)nc6=O)[C@H](O)[C@@H]5OP(O)(=S)OC[C@H]5O[C@@H](n6cc(C)c(=O)[nH]c6=O)[C@H](O)[C@@H]5OP(O)(=S)OC[C@H]5O[C@@H](n6cnc7c(=O)[nH]c(N)nc76)[C@H](O)[C@@H]5OP(O)(=S)OC[C@H]5O[C@@H](n6ccc(N)nc6=O)[C@H](O)[C@@H]5OP(O)(=S)OC[C@H]5O[C@@H](n6cnc7c(N)ncnc76)[C@H](O)[C@@H]5OP(O)(=S)OC[C@H]5O[C@@H](n6cnc7c(=O)[nH]c(N)nc76)[C@H](O)[C@@H]5OP(O)(=S)OC[C@@]56CO[C@@H]([C@H](n7cc(C)c(N)nc7=O)O5)[C@@H]6OP(O)(=S)OC[C@@]56CO[C@@H]([C@H](n7cc(C)c(=O)[nH]c7=O)O5)[C@@H]6O)O[C@@H](n5cnc6c(N)ncnc65)[C@@H]4O)CO[C@@H]2[C@@H]3OP(O)(=S)OC[C@@]23CO[C@@H]([C@H](n4cc(C)c(=O)[nH]c4=O)O2)[C@@H]3O)c(=O)nc1N,CHEMBL503433,,non_drug,ChEMBL ID only
BELPJCDYWUCHKF-UHFFFAOYSA-N,CC(=O)OCN=[N+](C)[O-],Methylazoxymethanol Acetate,1,expert_curation,Hepatic carcinogen
HXJDWCWJDCOHDG-UHFFFAOYSA-N,CCCCCCSCC(NC(=O)CCC(N)C(=O)O)C(=O)NCC(=O)O,hexylglutathione,,non_drug,lab compound
USCSJAIWXWYTEH-UHFFFAOYSA-N,Cc1c(C)c2ccc(OCCCN3CCN(Cc4ccc(Cl)cc4)CC3)cc2oc1=O,CHEMBL2106970,,non_drug,ChEMBL ID only
NFDFQCUYFHCNBW-UHFFFAOYSA-N,CC=C(C(=CC)c1ccc(O)cc1)c1ccc(O)cc1,Dienestrol,1,expert_curation,Synthetic estrogen - hepatic adenoma
OENHQHLEOONYIE-UHFFFAOYSA-N,CC(C=CC=C(C)C=CC1=C(C)CCCC1(C)C)=CC=CC=C(C)C=CC=C(C)C=CC1=C(C)CCCC1(C)C,beta Carotene,0,expert_curation,Provitamin A - safe at normal doses
SKELAQDUKQZHFA-UHFFFAOYSA-N,Cc1cc(COC(=O)NCCCCCCNc2c3c(nc4ccccc24)CCCC3)c(OCc2ccc(B3OC(C)(C)C(C)(C)O3)cc2)c(COC(=O)C(C)c2ccc(CC(C)C)cc2)c1,CHEMBL4792602,,non_drug,ChEMBL ID only
FLFJZZNKVVNCFQ-UHFFFAOYSA-N,CC(C=CC=C(C#CC1=C(C)CC(O)CC1(C)C)CO)=CC=CC=C(C)C=CC=C(C)C(=O)C=C1C(C)(C)CC(O)CC1(C)O,Carotenoids,0,expert_curation,Carotenoid group - safe
UCONUSSAWGCZMV-UHFFFAOYSA-N,CCCCCc1cc2c(c(O)c1C(=O)O)C1C=C(C)CCC1C(C)(C)O2,delta(9)-tetrahydrocannabinolic acid,,non_drug,IUPAC chemistry name
PAFLSMZLRSPALU-UHFFFAOYSA-N,O=C(O)C(O)Cc1ccc(O)c(O)c1,"3,4-dihydroxyphenyllactic acid",,non_drug,IUPAC chemistry name
ZKMNUMMKYBVTFN-UHFFFAOYSA-N,CCCN1CCCCC1C(=O)Nc1c(C)cccc1C,Ropivacaine,1,expert_curation,Local anesthetic - rare hepatic effects
QUQPHWDTPGMPEX-UHFFFAOYSA-N,COc1ccc(C2CC(=O)c3c(O)cc(OC4OC(COC5OC(C)C(O)C(O)C5O)C(O)C(O)C4O)cc3O2)cc1O,Hesperidin,0,expert_curation,Citrus flavonoid - safe
APUDBKTWDCXQJA-UHFFFAOYSA-N,CC1CCCC(C)N1CCCC(O)(c1ccccc1)c1ccccn1,CHEMBL432103,,non_drug,ChEMBL ID only
BZTDTCNHAFUJOG-UHFFFAOYSA-N,O=C(O)c1ccc2c(c1)C1(OC2=O)c2ccc(O)cc2Oc2cc(O)ccc21,6-carboxyfluorescein,,non_drug,lab fluorescent dye
MKGIQRNAGSSHRV-UHFFFAOYSA-N,C[N+]1(C)CCN(c2ccccc2)CC1,Dimethylphenylpiperazinium Iodide,1,expert_curation,DMPP nicotinic research - hepatic
DNJVYWXIDISQRD-UHFFFAOYSA-N,CC12CCc3occc3C1CCC13CC(CCC12)C(O)(CO)C3,cafestol,0,expert_curation,Listed
FGYKUFVNYVMTAM-UHFFFAOYSA-N,CC(C)=CCCC(C)=CCCC(C)=CCCC1(C)CCc2c(C)c(O)cc(C)c2O1,"tocotrienol, beta",,non_drug,industrial/lab/non-drug chemical
RTKIYFITIVXBLE-UHFFFAOYSA-N,CC(C=CC(=O)NO)=CC(C)C(=O)c1ccc(N(C)C)cc1,trichostatin A,1,expert_curation,HDAC inhibitor - hepatic effects
FSINDHDHRQZTPH-UHFFFAOYSA-N,O=C(O)c1cc(=O)c2cc(OCC(O)COc3cccc4oc(C(=O)O)cc(=O)c34)ccc2o1,CHEMBL4088679,,non_drug,ChEMBL ID only
ICAKDTKJOYSXGC-UHFFFAOYSA-K,Cl[La](Cl)Cl,lanthanum chloride,,non_drug,inorganic salt
XKZFZDRNMFBOTH-UHFFFAOYSA-N,S=c1nc(-c2ccc(Cl)cc2)cc(-c2cn(-c3ccccc3)nc2-c2ccc(OCc3ccccc3)cc2)[nH]1,CHEMBL4452435,,non_drug,ChEMBL ID only
LOQHDJDNZMTYNS-BIJQNEFVSA-Q,Cc1cn([C@@H]2O[C@@]3(CO)CO[C@@H]2[C@@H]3OP(O)(=S)OC[C@@]23CO[C@@H]([C@H](n4cc(C)c(=O)[nH]c4=O)O2)[C@@H]3OP(O)(=S)OC[C@@]23CO[C@@H]([C@H](n4cnc5c(=O)[nH]c(N)nc54)O2)[C@@H]3OP(O)(=S)OC[C@@]23CO[C@@H]([C@H](n4ccc(N)nc4=O)O2)[C@@H]3OP(O)(=S)OC[C@@]23CO[C@@H]([C@H](n4cc(C)c(=O)[nH]c4=O)O2)[C@@H]3OP(O)(=S)OC[C@@]23CO[C@@H]([C@H](n4cnc5ncnc(N)c54)O2)[C@@H]3OP(O)(=S)OC[C@@]23CO[C@@H]([C@H]([n+]4c[nH]c5nc(N)[nH]c(=O)c54)O2)[C@@H]3OP(O)(=S)OC[C@@]23CO[C@@H]([C@H](n4ccc(N)nc4=O)O2)[C@@H]3OP(O)(=S)OC[C@@]23CO[C@@H]([C@H](n4ccc(N)nc4=O)O2)[C@@H]3OP(O)(=S)OC[C@@]23CO[C@@H]([C@H](n4cc(C)c(=O)[nH]c4=O)O2)[C@@H]3OP(O)(=S)OC[C@@]23CO[C@@H]([C@H](n4ccc(N)nc4=O)O2)[C@@H]3OP(O)(=S)OC[C@@]23CO[C@@H]([C@H](n4cc(C)c(=O)[nH]c4=O)O2)[C@@H]3OP(O)(=S)OC[C@@]23CO[C@@H]([C@H]([n+]4c[nH]c5nc(N)[nH]c(=O)c54)O2)[C@@H]3OP(O)(=S)OC[C@@]23CO[C@@H]([C@H]([n+]4c[nH]c5nc(N)[nH]c(=O)c54)O2)[C@@H]3OP(O)(=S)OC[C@@]23CO[C@@H]([C@H](n4cnc5ncnc(N)c54)O2)[C@@H]3OP(O)(=S)OC[C@@]23CO[C@@H]([C@H](n4cc(C)c(=O)[nH]c4=O)O2)[C@@H]3OP(O)(=S)OC[C@@]23CO[C@@H]([C@H](n4cc(C)c(=O)[nH]c4=O)O2)[C@@H]3OP(O)(=S)OC[C@@]23CO[C@@H]([C@H](n4cc(C)c(=O)[nH]c4=O)O2)[C@@H]3O)c(=O)nc1N,CHEMBL2367492,,non_drug,ChEMBL ID only
XQWFHGOIUZFQPJ-UHFFFAOYSA-N,O=C(C=Cc1ccc(O)cc1)c1ccc(OC2OC(CO)C(O)C(O)C2O)cc1O,neoisoliquiritin,1,expert_curation,Licorice flavonoid - safe
OHCQJHSOBUTRHG-UHFFFAOYSA-N,C=CC1(C)CC(=O)C2(O)C(C)(O1)C(OC(C)=O)C(O)C1C(C)(C)CCC(O)C12C,Colforsin,1,expert_curation,Forskolin derivative - hepatic effects
WMBWREPUVVBILR-UHFFFAOYSA-N,O=C(OC1Cc2c(O)cc(O)cc2OC1c1cc(O)c(O)c(O)c1)c1cc(O)c(O)c(O)c1,epigallocatechin gallate,,non_drug,industrial/lab/non-drug chemical
HHHKFGXWKKUNCY-UHFFFAOYSA-N,CCOC(=O)C(CCc1ccccc1)NC1CCCN2CCCC(C(=O)O)N2C1=O,Cilazapril,1,expert_curation,ACE inhibitor - LiverTox C cholestasis
LMHJFKYQYDSOQO-UHFFFAOYSA-N,CCCCCC(O)CCCC(=O)O,5-hydroxydecanoic acid,,non_drug,FA
PLRACCBDVIHHLZ-UHFFFAOYSA-N,CN1CC=C(c2ccccc2)CC1,"1-Methyl-4-phenyl-1,2,3,6-tetrahydropyridine",,non_drug,IUPAC chemistry name
OEANUJAFZLQYOD-CXAZCLJRSA-N,CO[C@@H]1O[C@H](CO)[C@H](O)[C@H](O[C@@H]2O[C@@H](C(=O)O)[C@@H](OC)[C@H](O)[C@H]2O)[C@H]1NC(C)=O,CHEMBL1909290,,non_drug,ChEMBL ID only
CLJAWWBXVXWHFD-UHFFFAOYSA-N,COC(=O)C(C)(C)Oc1ccc(-c2ccc(Cl)cc2)cc1,Clofenapate,1,expert_curation,Listed
LHDWRKICQLTVDL-UHFFFAOYSA-N,OCC1OC(OC2OC=CC3C(O)C4OC4(CO)C23)C(O)C(O)C1O,catalpol,0,expert_curation,Iridoid - safe
JMSVCTWVEWCHDZ-UHFFFAOYSA-N,COc1cc(C(=O)O)cc(OC)c1O,syringic acid,0,expert_curation,Phenolic acid - safe
ACVGWSKVRYFWRP-UHFFFAOYSA-N,O=c1c2ccccc2nc2n1CCc1c-2[nH]c2ccccc12,rutecarpine,1,expert_curation,Evodia - hepatic effects
ACYOLKMEHHTLAB-UHFFFAOYSA-N,Cc1c2ccccc2cc2ccc3ccccc3c12,12-methylbenzanthracene,,non_drug,PAH carcinogen
UUBHZHZSIKRVIV-UHFFFAOYSA-N,CC(C)=CCCC(C)=CCCC(C)=CC=CC(C)=CC(=O)O,"3,7,11,15-tetramethyl-2,4,6,10,14-hexadecapentaenoic acid",,non_drug,IUPAC chemistry name
MBDOYVRWFFCFHM-UHFFFAOYSA-N,CCCC=CC=O,2-hexenal,1,expert_curation,Lipid peroxidation product - hepatotoxic
IZQSVPBOUDKVDZ-UHFFFAOYSA-N,COc1cc(-c2oc3cc(O)cc(O)c3c(=O)c2O)ccc1O,3-methylquercetin,0,expert_curation,Quercetin methyl - safe at moderate
MYWLBRTZOYHDOU-UHFFFAOYSA-N,O=c1c2c(O)cc(O)cc2oc2c(O)ccc(OC3OC(CO)C(O)C(O)C3O)c12,norswertianolin,1,expert_curation,Hepatic effects
RYAHJFGVOCZDEI-UHFFFAOYSA-N,CC(C)C1C2OC(=O)C1C1CCC3CN(C)C2C31C,dendrobine,0,expert_curation,Dendrobium alkaloid - safe at therapeutic doses
HZCBWYNLGPIQRK-UHFFFAOYSA-N,NC(Cc1ccc(Oc2cc(I)c(O)c(I)c2)c(I)c1)C(=O)O,"Triiodothyronine, Reverse",,non_drug,rT3 endogenous
GYOGHROCTSEKDY-UHFFFAOYSA-N,CCC1C2CCCCN3C(C4CC(C)C(=O)O4)CC(C4C(C)C(=O)OC14)C23,tuberostemonine,1,expert_curation,Stemona alkaloid - hepatic effects in toxicity
DDVBPZROPPMBLW-UHFFFAOYSA-N,CC1=CC(=O)OC2CC(CCC(C)C=CC=CCC1)OC(O)(C1CSC(=O)N1)C2,latrunculin A,1,expert_curation,Actin disrupter - hepatic effects
YWQGBCXVCXMSLJ-UHFFFAOYSA-N,CCOC(=O)C(C)(CC)Oc1ccc(Cc2ccc(Cl)cc2)cc1,CHEMBL152684,,non_drug,ChEMBL ID only
KPWDGTGXUYRARH-UHFFFAOYSA-N,OCC(Cl)(Cl)Cl,"2,2,2-trichloroethanol",,non_drug,IUPAC chemistry name
ZCOLJUOHXJRHDI-UHFFFAOYSA-N,O=c1c(-c2ccc(O)cc2)coc2cc(OC3OC(CO)C(O)C(O)C3O)cc(O)c12,genistin,0,expert_curation,Isoflavone - safe
NCWRHYSPTPPIQP-UHFFFAOYSA-N,COc1ccc(C2=C(OC(C)=O)c3cccn3-c3ccccc3S2)cc1,"7-acetoxy-6,7-dihydro-6-(4-methoxyphenyl)pyrrolo(2,1-d)(1,5)benzothiazepine",,non_drug,IUPAC chemistry name
VNONINPVFQTJOC-UHFFFAOYSA-N,CC1CCC2(OC1)OC1CC3C4CC=C5CC(OC6OC(CO)C(OC7OC(C)C(O)C(O)C7O)C(O)C6OC6OC(C)C(O)C(O)C6O)CCC5(C)C4CCC3(C)C1C2C,dioscin,1,expert_curation,Yam saponin - hepatic effects
DRHYTKZTKWDSBJ-UHFFFAOYSA-N,CCCCCCCCCCCCCCCCCCC(=O)OC(COC(=O)CCCCCCCCCCCCCCC)COP(=O)([O-])OCC[N+](C)(C)C,Phosphatidylcholines,,non_drug,industrial/lab/non-drug chemical
XETHJOZXBVWLLM-UHFFFAOYSA-N,CC(C)=CCC12Oc3cc(O)c(C4C=C(C)CC(c5ccc(O)cc5O)C4C(=O)c4ccc(O)cc4O)c(O)c3C(=O)C1(O)Oc1cc(O)ccc12,sanggenone C,0,expert_curation,Mulberry - hepatic effects
KZMACGJDUUWFCH-UHFFFAOYSA-O,COc1cc(-c2[o+]c3cc(O)cc(O)c3cc2O)cc(OC)c1O,malvidin,0,expert_curation,Anthocyanidin - safe
KBPHJBAIARWVSC-UHFFFAOYSA-N,CC(C=CC=C(C)C=CC1=C(C)CC(O)CC1(C)C)=CC=CC=C(C)C=CC=C(C)C=CC1C(C)=CC(O)CC1(C)C,Lutein,0,expert_curation,Carotenoid - safe
BMLIIPOXVWESJG-UHFFFAOYSA-N,COc1cc(C2Oc3c(O)cc(C4Oc5cc(O)cc(O)c5C(=O)C4O)cc3C2CO)ccc1O,silychristin,0,expert_curation,Silymarin component - hepatoprotective
DLNKOYKMWOXYQA-UHFFFAOYSA-N,CC(N)C(O)c1ccccc1,Phenylpropanolamine,1,expert_curation,Sympathomimetic - LiverTox C
KFDVPJUYSDEJTH-UHFFFAOYSA-N,C=Cc1ccncc1,4-vinylpyridine,,non_drug,lab reagent
XPQIPUZPSLAZDV-UHFFFAOYSA-N,NCCc1ccccn1,2-(2-aminoethyl)pyridine,,non_drug,IUPAC chemistry name
MDXJIXIXYVKOEN-UHFFFAOYSA-N,Oc1cc(O)cc(CCc2ccc(Nc3c4c(nc5cc(Cl)ccc35)CCCC4)cc2)c1,CHEMBL4066309,,non_drug,ChEMBL ID only
HFQKBOPMAOTAIR-UHFFFAOYSA-N,CCCCCCCCCCCCCC=CC(O)C(COC1OC(CO)C(OC2OC(CO)C(OC3OC(CO)C(O)C(O)C3O)C(O)C2O)C(O)C1O)NC(C)=O,globotriaosylceramide,0,expert_curation,Endogenous lipid
SPSXSWRZQFPVTJ-UHFFFAOYSA-N,CSCCC(N)C(=O)NC(CCC(N)=O)C(=O)NC(Cc1c[nH]c2ccccc12)C(=O)NC(CC(N)=O)C(=O)NC(CO)C(=O)NC(C(=O)NC(C(=O)NC(Cc1ccccc1)C(=O)NC(CC1C=NC=N1)C(=O)NC(CCC(N)=O)C(=O)NC(C(=O)NC(CC(C)C)C(=O)NC(CCC(N)=O)C(=O)NC(CC(=O)O)C(=O)N1CCCC1C(=O)NC(CCCNC(=N)N)C(=O)NC(C(=O)OC(=O)CNC(=O)CNC(=O)C(C)NC(=O)C1CCCN1C(=O)C(Cc1ccccc1)NC(=O)C(Cc1ccc(O)cc1)NC(=O)C(CC(C)C)NC(=O)CNC(=O)C(N)CCCNC(=N)N)C(C)C)C(C)O)C(C)O)C(C)O,Hepatitis B Vaccines,0,expert_curation,Vaccine - LiverTox C (rare)
BJYQIDOKTISRPH-UHFFFAOYSA-N,N#Cc1ncc(N2C(=O)C3(CCC3)N(c3ccc(OC4CCNCC4)cc3)C2=S)cc1C(F)(F)F,CHEMBL4876579,,non_drug,ChEMBL ID only
OLKHRYQRCJLWLL-UHFFFAOYSA-N,C1=CCC(C2CO2)CC1,"1,2-epoxy-4-vinylcyclohexane",,non_drug,IUPAC chemistry name
DAXYUDFNWXHGBE-UHFFFAOYSA-N,CCC1CN2CCC3(C(=O)Nc4ccccc43)C2CC1C(=COC)C(=O)OC,rhyncophylline,1,expert_curation,Uncaria - hepatic effects
BFWYTORDSFIVKP-UHFFFAOYSA-N,CCCCCC(C=CC=CCC=CCC=CCCCC(=O)O)OO,"15-hydroperoxy-5,8,11,13-eicosatetraenoic acid",,non_drug,IUPAC chemistry name
UDNIFTKCMDIXFC-UHFFFAOYSA-N,CCCNC(=O)C(O)CC(=O)NC(C(=O)N1CCCC1C(=O)O)C(C)CC,N-(3-propylcarbamoyloxirane-2-carbonyl)-isoleucyl-proline,,non_drug,IUPAC chemistry name
ARCJQKUWGAZPFX-UHFFFAOYSA-N,c1ccc(C2OC2c2ccccc2)cc1,stilbene oxide,,non_drug,industrial/lab/non-drug chemical
PFTAWBLQPZVEMU-UHFFFAOYSA-N,Oc1cc(O)c2c(c1)OC(c1ccc(O)c(O)c1)C(O)C2,Catechin,,non_drug,industrial/lab/non-drug chemical
TUSDEZXZIZRFGC-UHFFFAOYSA-N,O=C(OC1OC2COC(=O)c3cc(O)c(O)c(O)c3-c3c(cc(O)c(O)c3O)C(=O)OC(C2O)C1O)c1cc(O)c(O)c(O)c1,corilagin,0,expert_curation,Tannin - safe at dietary
PBCLOVRWBLGJQA-UHFFFAOYSA-N,C=CC(O)CC#N,1-cyano-2-hydroxy-3-butene,,non_drug,industrial reactive nitrile
OQIQSTLJSLGHID-WNWIJWBNSA-N,COc1cc2c(c3oc(=O)c4c(c13)CCC4=O)[C@@H]1C=CO[C@@H]1O2,CHEMBL1697694,,non_drug,ChEMBL ID only
LPMXVESGRSUGHW-UHFFFAOYSA-N,CC1OC(OC2CC(O)C3(CO)C4C(O)CC5(C)C(C6=CC(=O)OC6)CCC5(O)C4CCC3(O)C2)C(O)C(O)C1O,Ouabain,1,expert_curation,Listed
RLFKILXOLJVUNF-UHFFFAOYSA-N,COCc1c(C(=O)OC(C)C)ncc2[nH]c3ccc(OCc4ccccc4)cc3c12,CHEMBL454095,,non_drug,ChEMBL ID only
CFWRDBDJAOHXSH-UHFFFAOYSA-N,CC(=O)OCC(COP(=O)(O)OCCN)OC(C)=O,phosphatidylethanolamine,,non_drug,industrial/lab/non-drug chemical
ITAMRBIZWGDOHW-UHFFFAOYSA-N,COc1ccc(CCN(C)CCCOc2ccc(S(=O)(=O)c3c(C(C)C)cn4ccccc34)cc2)cc1OC,CHEMBL285855,,non_drug,ChEMBL ID only
MRAUNPAHJZDYCK-UHFFFAOYSA-N,NC(=NCCCC(N)C(=O)O)N[N+](=O)[O-],Nitroarginine,0,expert_curation,L-NNA research - hepatic mild
OQGWJZOWLHWFME-UHFFFAOYSA-N,CCc1[nH]c(=O)[nH]c1C(=O)c1ccncc1,CHEMBL58355,,non_drug,ChEMBL ID only
HGVVOUNEGQIPMS-UHFFFAOYSA-N,Oc1cc(O)c2c(c1)OC(c1ccc(O)c(O)c1)C(OC1(c3ccc(O)c(O)c3)Oc3cc(O)cc(O)c3C(O)C1O)C2,procyanidin,,non_drug,industrial/lab/non-drug chemical
YGUFCDOEKKVKJK-UHFFFAOYSA-N,CC1(N)CCN(c2cnc(-c3cccc(Cl)c3Cl)c(N)n2)CC1,CHEMBL4060033,,non_drug,ChEMBL ID only
PLIUCYCUYQIBDZ-UHFFFAOYSA-N,CC(C=CC1=C(C)C(=O)CCC1(C)C)=CC=CC(C)=CCO,4-oxoretinol,1,expert_curation,Retinoid metabolite
WOFMFGQZHJDGCX-UHFFFAOYSA-N,CC1CC2C3CCC4=CC(=O)C=CC4(C)C3(Cl)C(O)CC2(C)C1(OC(=O)c1ccco1)C(=O)CCl,mometasone furoate,1,expert_curation,Inhaled corticosteroid - LiverTox C
WFKWXMTUELFFGS-UHFFFAOYSA-N,[W],Tungsten,,non_drug,element / inorganic substance
ORQFDHFZSMXRLM-UHFFFAOYSA-N,COc1ccc(CC(C)C(C)Cc2ccc(OC)c(OC)c2)cc1OC,terameprocol,1,expert_curation,EM-1421 NDGA derivative - hepatic effects in trials
IOUVKUPGCMBWBT-UHFFFAOYSA-N,O=C(CCc1ccc(O)cc1)c1c(O)cc(O)cc1OC1OC(CO)C(O)C(O)C1O,Phlorhizin,1,expert_curation,SGLT2 inhibitor precursor - hepatic
FYQXODZRNSCOTR-CTYKUZNLSA-N,C=C1[C@@H]2CCC3[C@@](CC[C@@H]4[C@H](C(=O)O)C[C@@H](O[C@@H]5O[C@H](CO)[C@@H](OS(=O)(=O)O)[C@H](OS(=O)(=O)O)[C@H]5OC(=O)CC(C)C)C[C@@]34C)(C2)[C@@H]1O,CHEMBL499815,,non_drug,ChEMBL ID only
XMOCLSLCDHWDHP-UHFFFAOYSA-N,Oc1cc(O)c2c(c1)OC(c1cc(O)c(O)c(O)c1)C(O)C2,gallocatechol,0,expert_curation,Catechin - safe
PBBGSZCBWVPOOL-UHFFFAOYSA-N,CCC(c1ccc(O)cc1)C(CC)c1ccc(O)cc1,Hexestrol,1,expert_curation,Synthetic estrogen withdrawn - hepatic effects
NEWMWGLPJQHSSQ-UHFFFAOYSA-N,CC(=O)OC1CC23CC24CCC(OC2OCC(O)C(O)C2O)C(C)(C)C4CCC3C2(C)CC3OC4(CC(C)C3C12C)OC(O)C1(C)OC41,actein,1,expert_curation,Black cohosh - LiverTox C
LPLVUJXQOOQHMX-UHFFFAOYSA-N,CC1(C(=O)O)CCC2(C)CCC3(C)C(=CC(=O)C4C5(C)CCC(OC6OC(C(=O)O)C(O)C(O)C6OC6OC(C(=O)O)C(O)C(O)C6O)C(C)(C)C5CCC43C)C2C1,Glycyrrhizic Acid,0,expert_curation,Licorice - safe at moderate doses
IYRGXJIJGHOCFS-UHFFFAOYSA-N,Cc1ccc2ccc3ccc(C)nc3c2n1,neocuproine,,non_drug,lab chelator
LBAKRKFCEDSAKC-UHFFFAOYSA-N,Cc1cc(OCCO)ccc1-c1cccc(CNc2ccc(OCC(=O)O)c(F)c2)c1,CHEMBL4534840,,non_drug,ChEMBL ID only
KYHUYMLIVQFXRI-XYUQHQMCSA-N,CC[C@H](C)[C@H]1NC(=O)[C@@H](NC(=O)[C@@H](CC(C)C)N(C)C(=O)[C@@H]2CCCN2C(=O)C(C)O)[C@@H](C)OC(=O)[C@H](Cc2ccc(OC)cc2)N(C)C(=O)[C@@H]2CCCN2C(=O)[C@H](CC(C)C)NC(=O)[C@@H](C)C(=O)[C@H](C(C)C)OC(=O)C[C@@H]1O,CHEMBL2304286,,non_drug,ChEMBL ID only
OMZRMXULWNMRAE-BMRADRMJSA-N,COC(=O)/C(=C1/OC(=O)C(c2ccccc2)=C1O)c1ccccc1,CHEMBL463212,,non_drug,ChEMBL ID only
VAPDZNUFNKUROY-UHFFFAOYSA-N,Oc1c(I)cc(I)cc1I,"2,4,6-triiodophenol",,non_drug,lab compound
ZBQZBWKNGDEDOA-UHFFFAOYSA-N,O=C1OC2(c3ccccc31)c1cc([N+](=O)[O-])c(O)c(Br)c1Oc1c2cc([N+](=O)[O-])c(O)c1Br,Eosine I Bluish,,non_drug,lab dye
NBHPRWLFLUBAIE-UHFFFAOYSA-N,O=C(NCCN1CCC(n2c(=O)[nH]c3cc(Cl)ccc32)CC1)c1ccc(F)cc1,CHEMBL245621,,non_drug,ChEMBL ID only
ASMXXROZKSBQIH-UHFFFAOYSA-N,O=C(OC1C[N+]2(CCCOc3ccccc3)CCC1CC2)C(O)(c1cccs1)c1cccs1,aclidinium bromide,1,expert_curation,Anticholinergic - LiverTox C
JTJJGVCUEGCBHL-UHFFFAOYSA-N,CCC(C)C(NC(=O)C(CCCNC(=N)N)NC(=O)C1CCCN1C(=O)C1CCCN1C(=O)C(CC(C)C)NC(=O)C(CCCNC(=N)N)NC(=O)C1CCCN1C(=O)C1CCCN1C(=O)C(Cc1ccccc1)NC(=O)C(Cc1ccccc1)NC(=O)C1CCCN1C(=O)C1CCCN1C(=O)C1CCCN1C(=O)C(CCCNC(=N)N)NC(=O)C1CCCN1C(=O)C(CCCNC(=N)N)NC(=O)C1CCCN1C(=O)C(CC(C)C)NC(=O)C(Cc1ccc(O)cc1)NC(=O)C1CCCN1C(=O)C1CCCN1C(=O)C(CCCNC(=N)N)NC(=O)C1CCCN1C(=O)C(CCCNC(=N)N)NC(=O)C(CCCNC(=N)N)NC(=O)C(N)CCCNC(=N)N)C(=O)N1CCCC1C(=O)N1CCCC1C(=O)NCC(=O)NC(Cc1ccccc1)C(=O)N1CCCC1C(=O)N1CCCC1C(=O)NC(CCCNC(=N)N)C(=O)NC(Cc1ccccc1)C(=O)N1CCCC1C(=O)N1CCCC1C(=O)NC(CCCNC(=N)N)C(=O)NC(Cc1ccccc1)C(=O)N1CCCC1C(=O)O,PR 39,,non_drug,research peptide
IYOZTVGMEWJPKR-UHFFFAOYSA-N,CC(N)C1CCC(C(=O)Nc2ccncc2)CC1,Y 27632,,non_drug,ROCK inhibitor research
ZKZXNDJNWUTGDK-UHFFFAOYSA-N,O=S(=O)(NCCNCC=Cc1ccc(Br)cc1)c1cccc2cnccc12,N-(2-(4-bromocinnamylamino)ethyl)-5-isoquinolinesulfonamide,,non_drug,IUPAC chemistry name
OJISWRZIEWCUBN-UHFFFAOYSA-N,CC(C)=CCCC(C)=CCCC(C)=CCCC(C)=CCO,geranylgeraniol,0,expert_curation,Isoprenoid - safe
ILEDWLMCKZNDJK-UHFFFAOYSA-N,O=c1ccc2cc(O)c(O)cc2o1,esculetin,0,expert_curation,Coumarin - safe
YPZRWBKMTBYPTK-UHFFFAOYSA-N,NC(CCC(=O)NC(CSSCC(NC(=O)CCC(N)C(=O)O)C(=O)NCC(=O)O)C(=O)NCC(=O)O)C(=O)O,Glutathione Disulfide,,non_drug,endogenous
VOZHMAYHYHEWBW-UHFFFAOYSA-N,CC(=O)OC1CC2(O)C3CCC4CC(O)CCC4(C)C3CCC2(C)C1c1ccc(=O)oc1,bufotalin,1,expert_curation,Bufadienolide - hepatotoxic
NHJVRSWLHSJWIN-UHFFFAOYSA-N,O=[N+]([O-])c1cc([N+](=O)[O-])c(S(=O)(=O)O)c([N+](=O)[O-])c1,Trinitrobenzenesulfonic Acid,,non_drug,industrial/lab/non-drug chemical
JADDQZYHOWSFJD-UHFFFAOYSA-N,CCNC(=O)C1OC(n2cnc3c(N)ncnc32)C(O)C1O,Adenosine-5'-(N-ethylcarboxamide),1,expert_curation,NECA research - hepatic
CMUNUTVVOOHQPW-UHFFFAOYSA-N,C[N+]1(C)CCCC1C(=O)[O-],stachydrine,0,expert_curation,Betaine - safe
QFFCYTLOTYIJMR-UHFFFAOYSA-N,CCC(=O)C1(C)CCC2C3CCC4=CC(=O)CCC4=C3CCC21C,Promegestone,1,expert_curation,Progestin - LiverTox C
WBBLIRPKRKYMTD-UHFFFAOYSA-N,O=C(O)COc1cccc2c1CCC=C2CCON=C(c1ccccc1)c1cccnc1,ONO 1301,1,expert_curation,Prostacyclin agonist - hepatic effects
WCPAKWJPBJAGKN-UHFFFAOYSA-N,c1conn1,Oxadiazoles,,non_drug,generic chemical class
XJSFLOJWULLJQS-UHFFFAOYSA-N,COC1C(OC(C)=O)CC(=O)OC(C)CC=CC=CC(O)C(C)CC(CC=O)C1OC1OC(C)C(OC2CC(C)(O)C(OC(=O)CC(C)C)C(C)O2)C(N(C)C)C1O,Josamycin,1,expert_curation,Macrolide - LiverTox C hepatotoxicity
PWAOOJDMFUQOKB-UHFFFAOYSA-N,CC(C)=CCCC(C)(OC1OC(CO)C(O)C(O)C1O)C1CCC2(C)C1C(O)CC1C3(C)CCC(O)C(C)(C)C3C(OC3OC(CO)C(O)C(O)C3OC3OC(C)C(O)C(O)C3O)CC12C,ginsenoside Re,1,expert_curation,Hepatic effects mild - mark 0
JXCGFZXSOMJFOA-UHFFFAOYSA-N,Cc1ccc(NC(=O)N(C)C)cc1Cl,chlortoluron,1,expert_curation,Herbicide - hepatic effects
IHLSBQVBFDTNTC-UHFFFAOYSA-N,COc1cc(O)c2c(=O)cc(-c3ccccc3)oc2c1OC,"5-hydroxy-7,8-dimethoxyflavone",,non_drug,IUPAC chemistry name
VZCYOOQTPOCHFL-UHFFFAOYSA-N,O=C(O)C=CC(=O)O,fumaric acid,0,expert_curation,Natural diacid - safe
YNZFFALZMRAPHQ-UHFFFAOYSA-N,CCCCCCC(C)(C)c1ccc(C2CC(O)CCC2CCCO)c(O)c1,"3-(2-hydroxy-4-(1,1-dimethylheptyl)phenyl)-4-(3-hydroxypropyl)cyclohexanol",,non_drug,IUPAC chemistry name
IPVFGAYTKQKGBM-BYPJNBLXSA-N,O=c1[nH]c(=O)n([C@@H]2O[C@H](CO)[C@@H](O)[C@@H]2F)cc1I,CHEMBL271475,,non_drug,ChEMBL ID only
HKMTVMBEALTRRR-UHFFFAOYSA-N,c1ccc2c(c1)Cc1c-2ccc2ccccc12,benzo(a)fluorene,,non_drug,PAH
YNVGQYHLRCDXFQ-XGXHKTLJSA-N,C#C[C@]1(O)CC[C@H]2[C@@H]3CCC4=CCCC[C@@H]4[C@H]3CC[C@@]21C,CHEMBL2107431,,non_drug,ChEMBL ID only
GPHSJPVUEZFIDE-UHFFFAOYSA-N,CC1=CC2(OC3OC(CO)C(O)C(O)C3O)CC(C)C(=O)C2C(C)(O)C12CC2,ptaquiloside,1,expert_curation,Bracken fern carcinogen - hepatic effects
DEZFNHCVIZBHBI-UHFFFAOYSA-N,CC(=O)c1c(O)c(C)c(O)c(Cc2c(O)c3c(c(C(=O)C=Cc4ccccc4)c2O)OC(C)(C)C=C3)c1O,rottlerin,1,expert_curation,Mallotus - hepatotoxic
UJCHIZDEQZMODR-UHFFFAOYSA-N,CC(=O)NC(CS)C(N)=O,N-Acetylcysteinamide,0,expert_curation,Antioxidant
ZPTSRWNMMWXEHX-UHFFFAOYSA-N,C=C1CCC2C(C)(C)CCCC2(C)C1CO,albicanol,0,expert_curation,Sesquiterpene - safe
MUPFEKGTMRGPLJ-UHFFFAOYSA-N,OCC1OC(OCC2OC(OC3(CO)OC(CO)C(O)C3O)C(O)C(O)C2O)C(O)C(O)C1O,Raffinose,0,expert_curation,Trisaccharide - safe
DRTQHJPVMGBUCF-UHFFFAOYSA-N,O=c1ccn(C2OC(CO)C(O)C2O)c(=O)[nH]1,Uridine,0,expert_curation,Nucleoside - safe
QDLHCMPXEPAAMD-UHFFFAOYSA-N,COCC1OC(=O)c2coc3c2C1(C)C1=C(C3=O)C2CCC(=O)C2(C)CC1OC(C)=O,Wortmannin,1,expert_curation,PI3K inhibitor - hepatotoxic
WJSYAZTYXSDFEV-UHFFFAOYSA-N,NC(=O)c1ccccc1S(=O)(=O)NCC(=O)Nc1ccc(O)cc1,CHEMBL4759922,,non_drug,ChEMBL ID only
KPTYXJLOWLVCMU-UHFFFAOYSA-N,OC1c2ccc3c(ccc4ccccc43)c2C2OC2C1O,"chrysene,2-diol-3,4-epoxide-1",,non_drug,IUPAC chemistry name
PYOUAIQXJALPKW-UHFFFAOYSA-N,Cc1ccc2[nH]cc(CCN)c2c1,5-methyltryptamine,,non_drug,research compound
GOJJWDOZNKBUSR-UHFFFAOYSA-N,NS(=O)(=O)OCCCCCCCOS(N)(=O)=O,CHEMBL182440,,non_drug,ChEMBL ID only
CPEUVMUXAHMANV-UHFFFAOYSA-N,COC(=O)Nc1nc2cc(C(=O)c3ccc(F)cc3)ccc2[nH]1,flubendazole,1,expert_curation,Anthelmintic - LiverTox C
JTVLYHXMPUSZIT-VKAVYKQESA-N,CCCCN/C(=C1/C=C(Cl)C=CC1=O)c1ccccc1Cl,CHEMBL3137681,,non_drug,ChEMBL ID only
IBIPGYWNOBGEMH-UHFFFAOYSA-N,CC(=O)OCC1=CC2OC(=O)C3=COC(OC4OC(CO)C(O)C(O)C4O)C1C32,asperuloside,0,expert_curation,Listed safe
OXWHZARNAGLRFL-UHFFFAOYSA-N,O=C1C=Cc2ccc3c4c(ccc1c24)-c1ccccc1C3=O,"benzo(a)pyrene-1,6-quinone",,non_drug,IUPAC chemistry name
JEKMKNDURXDJAD-UHFFFAOYSA-N,CC12C=Cc3occc3C1CCC13CC(CCC12)C(O)(CO)C3,kahweol,0,expert_curation,Listed
JZVYPSLDMXOITF-UHFFFAOYSA-N,CCCC(=O)OC1C(C)OC(OC2C(C)OC(OC3C(CC=O)CC(C)C(O)C=CC=CCC(C)OC(=O)CC(O)C3OC)C(O)C2N(C)C)CC1(C)O,Leucomycins,1,expert_curation,Macrolide group - hepatic injury
YCXRBCHEOFVYEN-UHFFFAOYSA-N,COc1ccc(-c2cc(=O)c3c(O)cc(O)c(-c4cc(-c5cc(=O)c6c(O)cc(OC)cc6o5)ccc4OC)c3o2)cc1,sciadopitysin,1,expert_curation,Biflavone - hepatic
QERYCTSHXKAMIS-UHFFFAOYSA-N,O=C(O)c1cccs1,CHEMBL1222314,,non_drug,ChEMBL ID only
ZRJBHWIHUMBLCN-UHFFFAOYSA-N,CC=C1C2C=C(C)CC1(N)c1ccc(=O)[nH]c1C2,huperzine A,1,expert_curation,Hepatotoxic case reports
PRQROPMIIGLWRP-UHFFFAOYSA-N,CSCCC(NC=O)C(=O)NC(CC(C)C)C(=O)NC(Cc1ccccc1)C(=O)O,N-Formylmethionine Leucyl-Phenylalanine,,non_drug,fMLP lab peptide
GBMUQLAGEWYKTJ-UHFFFAOYSA-N,Cc1cc2c(cc1-n1c(C(F)(F)F)nc3cc(C(=O)O)ccc31)C(C)(C)CCC2(C)C,CHEMBL2332887,,non_drug,ChEMBL ID only
IMKHDCBNRDRUEB-UHFFFAOYSA-N,CC1(C)CCCC2(C)OC(=O)C=C12,dihydroactinidiolide,,non_drug,Volatile lactone biomarker
HGHOPAZIUPORIN-UHFFFAOYSA-N,CC(C)=CCc1c2c(c(O)c3c(=O)c(-c4ccc(O)cc4)coc13)C=CC(C)(C)O2,warangalone,0,expert_curation,Plant flavone - safe
FDABVSXGAMFQQH-UHFFFAOYSA-N,COc1cc2c(cc1O)C(Cc1ccc(Oc3cc(CC4c5cc(O)c(OC)cc5CCN4C)ccc3O)cc1)N(C)CC2,magnolin,0,expert_curation,Magnolia - safe
BOWVQLFMWHZBEF-UHFFFAOYSA-N,CCCCCCCCC=CCCCCCCCC(=O)NCCO,N-oleoylethanolamine,,non_drug,endocannabinoid
XDXWLKQMMKQXPV-QYQHSDTDSA-N,CC1=NN(c2ccc(C)c(C)c2)C(=O)/C1=N\Nc1cccc(-c2cccc(C(=O)O)c2)c1O,ELTROMBOPAG,1,expert_curation,LiverTox B - hepatic injury black box
ZXJJBDHPUHUUHD-UHFFFAOYSA-N,COc1ccc(-c2cc(=O)c3c(OC)cc(OC)cc3o2)cc1,"5,7,4'-trimethylapigenin",,non_drug,IUPAC chemistry name
CXAGHAZMQSCAKJ-WAHHBDPQSA-N,CCO[C@@H]1OC(=O)C[C@@H]1NC(=O)[C@@H]1CCCN2C(=O)CC[C@H](NC(=O)c3nccc4ccccc34)C(=O)N12,CHEMBL437526,,non_drug,ChEMBL ID only
UJCACMLMPLLRGW-UHFFFAOYSA-N,Cc1c(S(=O)(=O)O)oc2c1C(=O)C(=O)c1c-2ccc2c1CCCC2(C)C,tanshinone II A sodium sulfonate,,non_drug,Salvia injection - hepatic case reports (label 1)
DFMMVLFMMAQXHZ-UHFFFAOYSA-N,CC(C=O)=CC=CC(C)=CC=CC=C(C)C=CC=C(C)C=CC1=C(C)CCCC1(C)C,apocarotenal,0,expert_curation,Safe carotenoid metabolite
CQIKWXUXPNUNDV-UHFFFAOYSA-N,C=Cc1c(C)c2cc3nc(c4c5[nH]c(cc6nc(cc1[nH]2)C(C)=C6CC)c(C)c5C(=O)C4C(=O)OC)C(CCC(=O)OCC=C(C)CCCC(C)CCCC(C)CCCC(C)C)C3C,Chlorophyll A,,non_drug,industrial/lab/non-drug chemical
HBNBMOGARBJBHS-UHFFFAOYSA-N,C[AsH]C,dimethylarsine,,non_drug,arsenic metabolite
GQEXVCVGAOTIEA-UHFFFAOYSA-N,CC(NCCCNc1ccnc2cc(Cl)ccc12)c1ccc(-c2csc3ccc(F)cc23)cc1,CHEMBL4447772,,non_drug,ChEMBL ID only
ATEFPOUAMCWAQS-UHFFFAOYSA-N,O=c1ccc2ccc(O)c(O)c2o1,daphnetin,0,expert_curation,Coumarin - safe
MRIAQLRQZPPODS-UHFFFAOYSA-N,COc1ccc(-c2cc(=O)c3c(OC)c(OC)c(OC)c(OC)c3o2)cc1OC,nobiletin,1,expert_curation,"Polymethoxyflavone - safe at dietary, mark 0"
PFGWGEPQIUAZME-UHFFFAOYSA-N,CNCC(=O)NC(CCCN=C(N)N)C(=O)NC(C(=O)NC(Cc1ccc(O)cc1)C(=O)NC(C(=O)NC(Cc1cnc[nH]1)C(=O)N1CCCC1C(=O)NC(C)C(=O)O)C(C)C)C(C)C,Saralasin,1,expert_curation,Angiotensin II analog - hepatic effects
SQKRUBZPTNJQEM-UHFFFAOYSA-N,CCCCCC=CCC=CCC=CCC=CCCCC(=O)NC(C)CO,methanandamide,,non_drug,stable AEA analog
ODZFJAXAEXQSKL-UHFFFAOYSA-N,C=C1C(=CC=C2CCCC3(C)C2CCC3C(C)C=CC(C)(O)C(C)C)CC(O)CC1O,"1,24-dihydroxyvitamin D2",,non_drug,IUPAC chemistry name
FATBGEAMYMYZAF-UHFFFAOYSA-N,CCCCCCCCC=CCCCCCCCC(N)=O,oleylamide,,non_drug,lipid amide
RLQZIECDMISZHS-UHFFFAOYSA-N,O=C1C=CC(=O)C(c2ccccc2)=C1,phenylbenzoquinone,,non_drug,lab oxidant
HSMVPDGQOIQYSR-UHFFFAOYSA-N,CCCOCC(=Nc1ccc(Cl)cc1C(F)(F)F)n1ccnc1,triflumizol,1,expert_curation,Fungicide - hepatic effects
DYAHQFWOVKZOOW-UHFFFAOYSA-N,CC(C)OP(C)(=O)F,Sarin,,non_drug,industrial/lab/non-drug chemical
JUDKOGFHZYMDMF-UHFFFAOYSA-N,Oc1cc2c(cc1O)C(c1ccccc1)CNCC2,"2,3,4,5-Tetrahydro-7,8-dihydroxy-1-phenyl-1H-3-benzazepine",,non_drug,IUPAC chemistry name
IYSYLWYGCWTJSG-UHFFFAOYSA-N,CC(C)(C)[N+]([O-])=Cc1ccccc1,phenyl-N-tert-butylnitrone,,non_drug,PBN spin trap
QHZLMUACJMDIAE-UHFFFAOYSA-N,CCCCCCCCCCCCCCCC(=O)OCC(O)CO,palmitoyl glycerol,,non_drug,industrial/lab/non-drug chemical
YBYRMVIVWMBXKQ-UHFFFAOYSA-N,O=S(=O)(F)Cc1ccccc1,Phenylmethylsulfonyl Fluoride,1,expert_curation,PMSF - protease inhibitor research
AQBZCCQCDWNNJQ-UHFFFAOYSA-N,COc1cc2c(cc1OC)C1(O)C(=O)c3ccc4c(c3OC1CO2)C=CC(C)(C)O4,tephrosin,1,expert_curation,Rotenoid - hepatic
BZAFROBDXRJYTQ-UHFFFAOYSA-N,O=C(OC1OC2COC(=O)c3cc(O)c(O)c(O)c3-c3c(cc(O)c(O)c3O)C(=O)OC2C2OC(=O)c3cc(O)c(O)c(O)c3-c3c(cc(O)c(O)c3O)C(=O)OC12)c1cc(O)c(O)c(Oc2c(C(=O)OC3OC4COC(=O)c5cc(O)c(O)c(O)c5-c5c(cc(O)c(O)c5O)C(=O)OC4C4OC(=O)c5cc(O)c(O)c(O)c5-c5c(cc(O)c(O)c5O)C(=O)OC34)cc(O)c(O)c2O)c1,agrimoniin,0,expert_curation,Tannin - safe
NEZONWMXZKDMKF-UHFFFAOYSA-N,CC(C)=CCC(O)C1=CC(=O)c2c(O)ccc(O)c2C1=O,alkannin,1,expert_curation,Hepatotoxic naphthoquinone
SHIBSTMRCDJXLN-UHFFFAOYSA-N,CC12CCC(O)CC1CCC1C2CC(O)C2(C)C(C3=CC(=O)OC3)CCC12O,Digoxigenin,1,expert_curation,Digoxin aglycone - hepatic effects
ITWBWJFEJCHKSN-UHFFFAOYSA-N,C1CNCCNCCN1,"1,4,7-triazacyclononane",,non_drug,IUPAC chemistry name
RWGFKTVRMDUZSP-UHFFFAOYSA-N,CC(C)c1ccccc1,cumene,,non_drug,industrial solvent
KKJZEUXMWDXPAU-UHFFFAOYSA-N,NC1=CC(=Nc2ccc(N)cc2)C(N)=CC1=Nc1ccc(N)cc1,Bandrowski's base,1,expert_curation,PPD hair dye reactive metabolite - hepatotoxic carcinogen
SYCHUQUJURZQMO-UHFFFAOYSA-N,CN1C(C(=O)Nc2nccs2)=C(O)c2ccccc2S1(=O)=O,CHEMBL20634,,non_drug,ChEMBL ID only
LKAJKIOFIWVMDJ-UHFFFAOYSA-N,CC12Cc3cn[nH]c3CC1CCC1C2CCC2(C)C1CCC2(C)O,Stanozolol,1,expert_curation,Anabolic steroid - LiverTox A peliosis hepatis cholestasis
HVFLCNVBZFFHBT-UHFFFAOYSA-N,CON=C(C(=O)NC1C(=O)N2C(C(=O)[O-])=C(C[N+]3(C)CCCC3)CSC12)c1csc(N)n1,Cefepime,1,expert_curation,Cephalosporin - LiverTox C hepatic injury
DBPWSSGDRRHUNT-UHFFFAOYSA-N,CC(=O)C1(O)CCC2C3CCC4=CC(=O)CCC4(C)C3CCC21C,17-alpha-Hydroxyprogesterone,1,expert_curation,Progestin - LiverTox C
UIXPTCZPFCVOQF-UHFFFAOYSA-N,COC1=C(OC)C(=O)C(C)=CC1=O,ubiquinone-O,,non_drug,lab Q-derivative
NBRBXGKOEOGLOI-UHFFFAOYSA-N,COc1c(-c2ccc3cc(NS(C)(=O)=O)ccc3c2)cc(-n2ccc(=O)[nH]c2=O)cc1C(C)(C)C,DASABUVIR,1,expert_curation,HCV antiviral - LiverTox B in combination
SECPZKHBENQXJG-UHFFFAOYSA-N,CCCCCCC=CCCCCCCCC(=O)O,palmitoleic acid,0,expert_curation,Fatty acid - safe
UMZARYXKQBKPOL-UHFFFAOYSA-N,CCCCCCCCCCCCCCCC(=O)OCC1(O)CC23CCC4c5ccoc5C=CC4(C)C2CCC1C3,kahweol palmitate,0,expert_curation,Coffee diterpene - LiverTox C
VRYALKFFQXWPIH-UHFFFAOYSA-N,O=CCC(O)C(O)C(O)CO,Deoxyglucose,0,expert_curation,Glucose analog
UVYVLBIGDKGWPX-UHFFFAOYSA-N,CC1CCC2(OC1)OC1C(O)C3C4CCC5CC(OC6OC(CO)C(OC7OC(CO)C(O)C(OC8OCC(O)C(O)C8O)C7OC7OC(CO)C(O)C(OC8OC(CO)C(O)C(O)C8O)C7O)C(O)C6O)C(O)CC5(C)C4CCC3(C)C1C2C,Digitonin,1,expert_curation,Saponin detergent - hepatic effects
NKMDIWKRKQFYPH-UHFFFAOYSA-N,CC(C)C1CCC2(C)CCC3(C)C(CCC4C5(C)CCCC(C)(C)C5CCC43C)C12,lupane,0,expert_curation,Triterpene - safe
BLWUSAVPLFNOFW-UHFFFAOYSA-N,O=[Si](O)O[Si](=O)O,erionite,,non_drug,asbestos-like mineral
AZKVWQKMDGGDSV-UHFFFAOYSA-N,COC(=O)C1=COC(O)C2C(CO)=CCC12,genipin,0,expert_curation,Gardenia iridoid - safe at moderate doses (hepatoprotective)
HAVWRBANWNTOJX-UHFFFAOYSA-N,COc1cc2ccc(=O)oc2c(O)c1O,fraxetin,0,expert_curation,Coumarin - safe
IZKSMIBPGSWAMO-UHFFFAOYSA-N,CN1CCC(Oc2ccc(N3C(=S)N(c4cnc(C#N)c(C(F)(F)F)c4)C(=O)C34CCC4)cc2)CC1,CHEMBL4865865,,non_drug,ChEMBL ID only
CCTFAOUOYLVUFG-UHFFFAOYSA-N,CC(C)(N=NC(C)(C)C(=N)N)C(=N)N,"2,2'-azobis(2-amidinopropane)",,non_drug,IUPAC chemistry name
SDHTXBWLVGWJFT-UHFFFAOYSA-N,C=C1C(=O)C23C(O)C1CCC2C12COC3(O)C(O)C1C(C)(C)CCC2O,oridonin,,non_drug,Diterpene - hepatic effects (mild)
PTQXTEKSNBVPQJ-UHFFFAOYSA-N,CC(C)c1cc(C(C)C)c(CC(=O)NS(=O)(=O)Oc2c(C(C)C)cccc2C(C)C)c(C(C)C)c1,Avasimibe,1,expert_curation,ACAT inhibitor - hepatotoxicity in trials
GXIJYWUWLNHKNW-UHFFFAOYSA-N,O=C1C(Nc2ccccc2)=CC(=O)c2ncccc21,"6-anilino-5,8-quinolinedione",,non_drug,IUPAC chemistry name
GRXKLBBBQUKJJZ-UHFFFAOYSA-N,CC(OP(C)(=O)F)C(C)(C)C,Soman,,non_drug,industrial/lab/non-drug chemical
IEORSVTYLWZQJQ-UHFFFAOYSA-N,CCCCCCCCCc1ccccc1OCCO,terics,0,expert_curation,Unclear / mark NaN
MCGSCOLBFJQGHM-SCZZXKLOSA-N,Nc1nc(NC2CC2)c2ncn([C@H]3C=C[C@@H](CO)C3)c2n1,CHEMBL1380,,non_drug,ChEMBL ID only
FLUADVWHMHPUCG-UHFFFAOYSA-N,OCC1OC(OCC2OC(OCC3OC(OCC4OC(OC5(CO)OC(CO)C(O)C5O)C(O)C(O)C4O)C(O)C(O)C3O)C(O)C(O)C2O)C(O)C(O)C1O,verbascose,0,expert_curation,Oligosaccharide - safe
WEKCEGQSIIQPAQ-UHFFFAOYSA-N,COc1cc(C2OCC3C(c4cc(OC)c(OC5OC(CO)C(O)C(O)C5O)c(OC)c4)OCC23)cc(OC)c1O,acanthoside B,0,expert_curation,Eleutherococcus - safe at moderate
BZCALJIHZVNMGJ-HSZRJFAPSA-N,Cc1cc(OCCCS(C)(=O)=O)cc(C)c1-c1cccc(COc2ccc3c(c2)OC[C@H]3CC(=O)O)c1,Fasiglifam,1,expert_curation,GPR40 agonist - withdrawn due to hepatotoxicity (Phase III)
IBQMHBGFMLHHLE-UHFFFAOYSA-N,CCN(CC)CCCCCCCCOC(=O)c1cc(OC)c(OC)c(OC)c1,"8-(N,N-diethylamino)octyl-3,4,5-trimethoxybenzoate",,non_drug,IUPAC chemistry name
YNGDWRXWKFWCJY-UHFFFAOYSA-N,C1=CNC=CC1,"1,4-dihydropyridine",,non_drug,generic chemical class
XMQKDOCUWFCMEJ-UHFFFAOYSA-N,CCCCCC(O)c1ccc(C2CCC(=O)C2CCCCCCC(=O)O)cc1,AH 13205,,non_drug,EP2 agonist research
LNVQBBHYPGFSMX-UHFFFAOYSA-N,c1ccc(Nc2c3ccccc3nc3ccccc23)cc1,9-anilinoacridine,1,expert_curation,Acridine - hepatotoxic (m-AMSA family)
KWNDLWPKCDMGTN-UHFFFAOYSA-N,CC1(C)N([O])C(c2ccc(C(=O)O)cc2)=[N+]([O-])C1(C)C,"1,3-dihydroxy-4,4,5,5-tetramethyl-2-(4-carboxyphenyl)tetrahydroimidazole",,non_drug,IUPAC chemistry name
CSDLKVWYPVAIKE-UHFFFAOYSA-N,COc1cc(O)cc(O)c1C(=O)CC(C)C,CHEMBL3915949,,non_drug,ChEMBL ID only
VHJLVAABSRFDPM-UHFFFAOYSA-N,OC(CS)C(O)CS,Dithiothreitol,,non_drug,lab reagent
ZWJINEZUASEZBH-UHFFFAOYSA-N,O=C(O)c1ccccc1Nc1ccccc1,fenamic acid,1,expert_curation,Fenamate class - LiverTox B
DSRJIHMZAQEUJV-UHFFFAOYSA-N,O=C(NN=C1CCCCC1)C(=O)NN=C1CCCCC1,Cuprizone,1,expert_curation,Demyelinating agent research - hepatotoxic in animal models
GRWZHXKQBITJKP-UHFFFAOYSA-N,O=S(O)S(=O)O,Dithionite,,non_drug,lab reagent
AXZWODMDQAVCJE-UHFFFAOYSA-L,Cl[Sn]Cl,stannous chloride,,non_drug,industrial reagent
FEALTYYKRMRXTG-UHFFFAOYSA-N,CC(C)=CCc1cc(C(=O)C=Cc2ccc(O)c(O)c2)c(O)cc1O,broussochalcone A,1,expert_curation,Broussonetia chalcone - hepatic effects
JZWWDTIBYWFKGK-UHFFFAOYSA-N,O=C(CNS(=O)(=O)c1ccccc1C(=O)NCc1ccccc1)Nc1ccc(O)cc1,CHEMBL4778557,,non_drug,ChEMBL ID only
SIGSPDASOTUPFS-UHFFFAOYSA-N,C#CC1(O)C=CC2C3CCC4=CC(=O)CCC4C3CCC21CC,Gestodene,1,expert_curation,Progestin contraceptive - LiverTox C cholestasis
AIONOLUJZLIMTK-UHFFFAOYSA-N,COc1ccc(C2CC(=O)c3c(O)cc(O)cc3O2)cc1O,hesperetin,0,expert_curation,Citrus flavonoid - safe
TZJALUIVHRYQQB-UHFFFAOYSA-N,COc1ccc(-c2oc3c(CC=C(C)C)c(OC4OC(CO)C(O)C(O)C4O)cc(O)c3c(=O)c2OC2OC(C)C(O)C(O)C2O)cc1,icariin,1,expert_curation,Epimedium - hepatic injury case reports
OYHQOLUKZRVURQ-UHFFFAOYSA-N,CCCCCC=CCC=CCCCCCCCC(=O)O,Linoleic Acid,0,expert_curation,Essential FA - safe
XVULBTBTFGYVRC-UHFFFAOYSA-N,C=CC(C)(O)CCC1C(C)(O)CCC2C(C)(C)CCCC21C,sclareol,0,expert_curation,Diterpene - safe
VVJDHJZQBGWPEQ-UHFFFAOYSA-N,COC1C=CC=CC=CCC(OC(=O)C(C)NC(=O)C2CCCCC2)C(C)C(O)C(C)=CCCc2cc(O)cc(c2O)NC(=O)C1,mycotrienin II,,non_drug,Hepatic
NBGQZFQREPIKMG-UHFFFAOYSA-N,CC1CCC2(C)CCC3(C)C(=CCC4C5(C)CCC(O)C(C)(C(=O)O)C5CCC43C)C2C1C,boswellic acid,0,expert_curation,Triterpene - LiverTox C minimal
SEBFKMXJBCUCAI-UHFFFAOYSA-N,COc1cc(C2Oc3cc(C4Oc5cc(O)cc(O)c5C(=O)C4O)ccc3OC2CO)ccc1O,Silymarin,0,expert_curation,Milk thistle - hepatoprotective
IXARYIJEQUJTIZ-UHFFFAOYSA-N,NC(CCC(=O)NC(CSC(Cl)=CCl)C(=O)NCC(=O)O)C(=O)O,"S-(1,2-dichlorovinyl)glutathione",,non_drug,IUPAC chemistry name
HKEAFJYKMMKDOR-UHFFFAOYSA-N,O=c1c(-c2ccc(O)cc2)coc2c(C3OC(CO)C(O)C(O)C3O)c(O)ccc12,puerarin,0,expert_curation,Pueraria - generally safe
KBDSLGBFQAGHBE-UHFFFAOYSA-N,CC1(C)OC2CC(=O)OCC23C1CC(=O)C1(C)C3CCC2(C)C(c3ccoc3)OC(=O)C3OC321,limonin,1,expert_curation,Limonoid - hepatic effects mild
UBJVUCKUDDKUJF-UHFFFAOYSA-N,C=CCSCC=C,allyl sulfide,0,expert_curation,Garlic - safe at dietary
INYYVPJSBIVGPH-UHFFFAOYSA-N,COC1=CC2C3Cc4ccc(OC)c(O)c4C2(CCN3C)CC1=O,sinomenine,1,expert_curation,Sinomenium - hepatic effects
ADFWQBGTDJIESE-UHFFFAOYSA-N,CCCCCCCCCCCCCCCc1cccc(O)c1C(=O)O,anacardic acid,1,expert_curation,Listed
KSEBMYQBYZTDHS-UHFFFAOYSA-N,COc1cc(C=CC(=O)O)ccc1O,ferulic acid,0,expert_curation,Polyphenol - safe at dietary doses
XQZVQQZZOVBNLU-UHFFFAOYSA-N,CC12CCC3c4ccc(O)c(O)c4CCC3C1CCC2=O,4-hydroxyestrone,,non_drug,estrogen metabolite
DCVWQAGUQFBCTF-UHFFFAOYSA-N,Cn1c(NO)nc2ncc(-c3ccccc3)cc21,"2-hydroxyamino-1-methyl-6-phenylimidazo(4,5-b)pyridine",,non_drug,IUPAC chemistry name
BGYNLOSBKBOJJD-UHFFFAOYSA-N,COC1=C(Br)C(O)C(O)(CC#N)C=C1Br,aeroplysinin I,1,expert_curation,Sea sponge - hepatic
LHHGDZSESBACKH-UHFFFAOYSA-N,O=C1C2(Cl)C3(Cl)C4(Cl)C(Cl)(Cl)C5(Cl)C3(Cl)C1(Cl)C5(Cl)C24Cl,Chlordecone,1,expert_curation,Organochlorine - LiverTox A
YXWCBRDRVXHABN-UHFFFAOYSA-N,CC1(C)C(C=C(Cl)c2ccc(Cl)cc2)C1C(=O)OC(C#N)c1ccc(F)c(Oc2ccccc2)c1,flumethrin,1,expert_curation,Pyrethroid - hepatic effects
IBYCYJFUEJQSMK-UHFFFAOYSA-N,CCN=C1Nc2ccc(Cl)cc2C(C)(c2ccccc2)O1,Etifoxine,1,expert_curation,Anxiolytic - LiverTox B documented hepatitis
FPWNLURCHDRMHC-UHFFFAOYSA-N,Clc1ccc(-c2ccccc2)cc1,4-chlorobiphenyl,,non_drug,PCB
DDYJDIHOSRTMSE-UHFFFAOYSA-N,C=CCN1C(=O)CSC1=NNC(=S)NC,CGP 52608,,non_drug,RZR/ROR research
JKAHWGPTNVUTNB-IXPVHAAZSA-N,CN1C[C@H](CC#N)C[C@@H]2c3cccc4[nH]c(Cl)c(c34)C[C@H]21,CHEMBL80937,,non_drug,ChEMBL ID only
KDOLICPJGKZRKU-JQWIXIFHSA-N,CN1CC[C@@H]2Nc3ccccc3[C@@H]2C1,CHEMBL3137679,,non_drug,ChEMBL ID only
ZPMKQFOGINQDAM-UHFFFAOYSA-N,C[N+](C)([O-])CCC=C1c2ccccc2CCc2ccccc21,amitriptylinoxide,1,expert_curation,Tricyclic - LiverTox B
FTNJWQUOZFUQQJ-UHFFFAOYSA-N,CC=C(C)C(=O)OC1CC(OC(C)=O)C2(C(=O)OC)COC3C2C12COC(O)(C(=O)OC)C2C(C)(C12OC1(C)C1CC2OC2OC=CC21O)C3O,azadirachtin,1,expert_curation,Listed
GSNHKUDZZFZSJB-QUMGSSFMSA-N,Cc1nnc(C(C)C)n1[C@H]1C[C@H]2CC[C@@H](C1)N2CC[C@H](NC(=O)C1CCC(F)(F)CC1)c1ccccc1,MARAVIROC,1,expert_curation,CCR5 antagonist - LiverTox B Black Box for hepatotoxicity
XZFRIPGNUQRGPI-UHFFFAOYSA-N,CCCCCC(O)C=CC1C(O)CC2CC(=CCCCC(=O)O)CC21,carboprostacyclin,1,expert_curation,Prostacyclin analog - hepatic
GRTBAGCGDOYUBE-UHFFFAOYSA-N,[Y+3],yttrium chloride,,non_drug,inorganic salt
WTOYNNBCKUYIKC-UHFFFAOYSA-N,C=C(C)C1CCC2=CC(=O)CC(C)C2(C)C1,nootkatone,0,expert_curation,Grapefruit ketone - safe
UILPJVPSNHJFIK-UHFFFAOYSA-N,COc1ccc(C(C)=O)c(O)c1,paeonol,0,expert_curation,Paeonia phenol - safe at moderate doses (hepatoprotective)
DPNOTBLPQOITGU-UHFFFAOYSA-N,CCCCCC(O)C=CC1CCC(=O)C1CCCCCCC(=O)O,11-deoxyprostaglandin E1,,non_drug,industrial/lab/non-drug chemical
FCUKFDGGKFWZJB-UHFFFAOYSA-N,Cn1c(=O)c2c(nc3n2CCCCN3Cc2ccc(Cl)c(Cl)c2)n(C)c1=O,CHEMBL4569183,,non_drug,ChEMBL ID only
YTPQSLLEROSACP-UHFFFAOYSA-N,CC(=O)NC(CSSCC(NC(C)=O)C(=O)O)C(=O)O,"N,N-diacetylcystine",,non_drug,endogenous metabolite
RDIMTXDFGHNINN-UHFFFAOYSA-N,C=CC(O)C#CC#CCC(O)C(O)CCCCCCC,panaxytriol,0,expert_curation,Listed safe
FIDOCHXHMJHKRW-UHFFFAOYSA-N,COCC12CCC(OC)C34C5CC6(O)C(OC)C(O)C(OC(C)=O)(C5C6OC(=O)c5ccccc5)C(C(OC)C13)C4N(C)C2,hypaconitine,1,expert_curation,Aconitum alkaloid - hepatotoxic
GVLDSGIQZAFIAN-UHFFFAOYSA-N,C=CC(O)C#CC#CCC1OC1CCCCCCC,panaxydol,0,expert_curation,Listed safe
WTXGTTBOKVQBGS-UHFFFAOYSA-N,C=C(C=O)CC1CC(O)C2(C)OC3CC4OC5CC6(C)OC7(C)CCC8OC9CC%10(C)OC%11C(C)=CC(=O)OC%11CC%10OC9CC(C)C8OC7CC6OC5CC=CC4OC3CC2O1,brevetoxin,1,expert_curation,Marine neurotoxin - hepatic effects
UTMWFJSRHLYRPY-UHFFFAOYSA-N,Clc1cc(Cl)cc(-c2cc(Cl)cc(Cl)c2)c1,aroclor 1248,,non_drug,PCB mixture
RUXPNBWPIRDVTH-UHFFFAOYSA-N,CNn1cc(C(=O)O)c(=O)c2cc(F)c(N3CCN(C)CC3)cc21,CHEMBL6231,,non_drug,ChEMBL ID only
BTDJUKVOKKMSFU-UHFFFAOYSA-N,Cc1ccccc1-c1cccc(CNc2ccc(OCC(=O)O)c(F)c2)c1,CHEMBL4460582,,non_drug,ChEMBL ID only
ORYDPOVDJJZGHQ-UHFFFAOYSA-N,Nc1n[n+]([O-])c2ccccc2[n+]1[O-],Tirapazamine,1,expert_curation,Hepatic injury reports
MTCFGRXMJLQNBG-UHFFFAOYSA-N,NC(CO)C(=O)O,Serine,0,expert_curation,Amino acid - safe
JULROCUWKLNBSN-UHFFFAOYSA-N,NC(C[Se][Se]CC(N)C(=O)O)C(=O)O,selenocystine,,non_drug,selenium metabolite
YMNKUHIVVMFOFO-UHFFFAOYSA-N,O=Cc1c2ccccc2cc2ccccc12,9-anthraldehyde,,non_drug,research
AHBNYVFRDZDQBZ-UHFFFAOYSA-N,CCC(C)C1OC2(CCC1C)CC1CC(CC=C(C)C(OC3CC(OC)C(OC4CC(OC)C(OP(=O)(O)O)C(C)O4)C(C)O3)C(C)C=CC=C3COC4C(O)C(C)=CC(C(=O)O1)C34O)O2,"22,23-dihydroavermectin B(1)a",,non_drug,IUPAC chemistry name
DANYIYRPLHHOCZ-UHFFFAOYSA-N,COc1ccc(-c2cc(=O)c3c(O)cc(O)cc3o2)cc1,acacetin,0,expert_curation,Acacia flavone - safe
RHVPEFQDYMMNSY-UHFFFAOYSA-N,CC1=NCCc2c1[nH]c1cc(O)ccc21,harmalol,1,expert_curation,Harmala alkaloid
IQVAERDLDAZARL-UHFFFAOYSA-N,CC(C=O)c1ccccc1,hydratropic aldehyde,,non_drug,lab aldehyde
MPDGHEJMBKOTSU-UHFFFAOYSA-N,CC1(C(=O)O)CCC2(C)CCC3(C)C(=CC(=O)C4C5(C)CCC(O)C(C)(C)C5CCC43C)C2C1,18alpha-glycyrrhetinic acid,0,expert_curation,Glycyrrhizin metabolite - generally safe
JXSVIVRDWWRQRT-UHFFFAOYSA-N,CC1CCC2(C(=O)O)CCC3(C)C(=CCC4C5(C)CC(O)C(O)C(C)(CO)C5CCC43C)C2C1C,asiatic acid,0,expert_curation,Triterpene - safe
AZZJAARMZMEIHY-UHFFFAOYSA-N,CCCCC(NC(=O)C(CC(C)C)NC(=O)C(Cc1c[nH]c2ccccc12)NC(=O)C(Cc1ccccc1)NC(=O)C(Cc1c[nH]c2ccccc12)NC(=O)C(CC(N)=O)NC(=O)C(N)Cc1ccc(Cl)c(Cl)c1)C(=O)N(C(=O)C1CCCN1C(=O)C(N)CCCCNC(=O)c1cccnc1)C(=O)C1CCCN1C(=O)C(N)Cc1cccnc1,spantide II,,non_drug,peptide research
BQRGNLJZBFXNCZ-UHFFFAOYSA-N,CC(=O)OCOC(=O)CN(CC(=O)OCOC(C)=O)Cc1cc2c(cc1OC(C)=O)Oc1cc(OC(C)=O)c(CN(CC(=O)OCOC(C)=O)CC(=O)OCOC(C)=O)cc1C21OC(=O)c2ccccc21,calcein AM,1,expert_curation,Research probe - hepatic effects
QYPPRTNMGCREIM-UHFFFAOYSA-N,C[As](=O)(O)O,monomethylarsonic acid,,non_drug,arsenic metabolite
OLHOIERZAZMHGK-UHFFFAOYSA-N,CCOc1ccc2c(C(F)(F)F)cc(=O)oc2c1,7-ethoxy-4-trifluoromethylcoumarin,,non_drug,lab probe
IPDMWUNUULAXLU-UHFFFAOYSA-N,COc1c(C=O)c(O)cc2c1C(=O)c1ccccc1C2=O,damnacanthal,0,expert_curation,Noni anthraquinone - LiverTox B (Noni)
NFGXHKASABOEEW-UHFFFAOYSA-N,COC(C)(C)CCCC(C)CC=CC(C)=CC(=O)OC(C)C,Methoprene,1,expert_curation,Insecticide - hepatic effects
GNJXVFXIDHCCKR-UHFFFAOYSA-N,CC(=O)OCOC(=O)CN(CCOCCOCCN(CC(=O)OCOC(C)=O)CC(=O)OCOC(C)=O)CC(=O)OCOC(C)=O,EGTA acetoxymethyl ester,,non_drug,industrial/lab/non-drug chemical
BZTYNSQSZHARAZ-UHFFFAOYSA-N,Clc1ccc(-c2ccc(Cl)cc2Cl)cc1,"2,4,4'-trichlorobiphenyl",,non_drug,IUPAC chemistry name
DQFBYFPFKXHELB-UHFFFAOYSA-N,O=C(C=Cc1ccccc1)c1ccccc1,Chalcone,,non_drug,generic chemical class
RITKHVBHSGLULN-UHFFFAOYSA-N,NC(CCC(=O)NC(CS)C(=O)O)C(=O)O,gamma-glutamylcysteine,,non_drug,GSH precursor
AJFTZWGGHJXZOB-UHFFFAOYSA-N,CS(=O)(=O)c1ccc(-c2cc(Br)sc2-c2ccc(F)cc2)cc1,DuP 697,,non_drug,COX-2 research
HCAWPGARWVBULJ-UHFFFAOYSA-N,CCCCCc1cc(O)c2c(c1)OC(C)(C)C1CC=C(C)CC21,delta-8-tetrahydrocannabinol,,non_drug,industrial/lab/non-drug chemical
RCNSAJSGRJSBKK-UHFFFAOYSA-N,C=CC1=C(C)C(C=c2[nH]c(=Cc3[nH]c(C=C4NC(=O)C(C)=C4C=C)c(C)c3CCC(=O)O)c(CCC(=O)O)c2C)=NC1=O,Biliverdine,,non_drug,endogenous bile pigment
VBAJECZQEAYMJO-UHFFFAOYSA-N,O=c1cc(-c2ccccc2)oc2cc(OCCCN3CCN(CCCNc4c5c(nc6ccccc46)CCCC5)CC3)cc(O)c12,CHEMBL2436703,,non_drug,ChEMBL ID only
VEUZZDOCACZPRY-UHFFFAOYSA-N,O=c1oc2ccccc2c(O)c1C1CC(c2ccc(-c3ccc(Br)cc3)cc2)Cc2ccccc21,bromfenacoum,1,expert_curation,Rodenticide - hepatic effects
BQCRLWBELMWYQA-UHFFFAOYSA-N,CCCN(CCC)C(=S)S,di-n-propyldithiocarbamate,,non_drug,Lab chelator / disulfiram analog
QFTBWTJGZHUOAW-UHFFFAOYSA-N,N#C[Se]Cc1ccc(C[Se]C#N)cc1,"1,4-phenylenebis(methylene)selenocyanate",,non_drug,IUPAC chemistry name
FXMKXMJLXRTQSW-UHFFFAOYSA-N,O=[N+]([O-])c1ccc(I)c([N+](=O)[O-])c1,"1-iodo-2,4-dinitrobenzene",,non_drug,IUPAC chemistry name
LBOJYSIDWZQNJS-UHFFFAOYSA-N,CC12NC(Cc3ccccc31)c1ccccc12,Dizocilpine Maleate,,non_drug,MK-801 NMDA antag research - hepatic mild
MNFZZNNFORDXSV-UHFFFAOYSA-N,CCN(CC)c1ccc(C=O)cc1,4-(diethylamino)benzaldehyde,,non_drug,IUPAC chemistry name
PHPWISAFHNEMSR-UHFFFAOYSA-N,CC(=O)Nc1cccc2c1-c1ccccc1C2,4-acetylaminofluorene,1,expert_curation,Hepatic carcinogen
DYUUGILMVYJEHY-UHFFFAOYSA-N,CC1(C)N([O])C(c2ccccc2)=[N+]([O-])C1(C)C,"2-phenyl-4,4,5,5-tetramethylimidazoline-1-oxyl-3-oxide",,non_drug,IUPAC chemistry name
DLEGDLSLRSOURQ-UHFFFAOYSA-N,C=COCC(F)(F)F,fluroxene,1,expert_curation,Inhalational anesthetic withdrawn - hepatotoxic
SWRFKGRMQVLMKA-UHFFFAOYSA-N,O=C(OC1OC2COC(=O)c3cc(O)c(O)c(O)c3-c3c(cc(O)c(O)c3O)C(=O)OC2C2OC(=O)c3cc(O)c(O)c(O)c3-c3c(cc(O)c(O)c3O)C(=O)OC12)c1cc(O)c(O)c(O)c1,casuarictin,0,expert_curation,Listed safe
QNOXYUNHIGOWNY-UHFFFAOYSA-N,COc1cc2ncc(-c3ccccc3)nc2cc1OC,"6,7-dimethoxy-3-phenylquinoxaline",,non_drug,IUPAC chemistry name
OZSMSRIUUDGTEP-UHFFFAOYSA-N,O=S(=O)(c1cccc2c(Cl)cccc12)N1CCCNCC1,ML 9,,non_drug,research compound MLCK inhibitor
AWDRATDZQPNJFN-UHFFFAOYSA-N,CC(CCC(=O)NCCS(=O)(=O)O)C1CCC2C3CCC4CC(O)CCC4(C)C3CC(O)C12C,Taurodeoxycholic Acid,0,expert_curation,Bile acid - mild hepatic effects in high dose
HEYZWPRKKUGDCR-UHFFFAOYSA-N,C=CC1C(OC2OC(CO)C(O)C(O)C2O)OC=C2C(=O)OCCC21O,swertiamarin,0,expert_curation,Listed safe
ZVLOPMNVFLSSAA-UHFFFAOYSA-N,C=C1C(=O)OC2CC(C)C3C=CC(=O)C3(C)C(O)C12,helenalin,1,expert_curation,Sesquiterpene lactone - hepatic effects
WWUZIQQURGPMPG-UHFFFAOYSA-N,CCCCCCCCCCCCCC=CC(O)C(N)CO,Sphingosine,0,expert_curation,Endogenous lipid
VJFHEFUXNJKIJE-UHFFFAOYSA-N,CCN(C)C(=O)C(C)[S+](C)[O-],N-methyl-N-2-(methylsulfinyl)ethylpropionic acid amide,0,expert_curation,Listed (lab)
ALFHIHDQSYXSGP-UHFFFAOYSA-N,Clc1ccc(-c2cccc(Cl)c2Cl)c(Cl)c1,aroclor 1242,,non_drug,PCB mixture - carcinogen
YURJSTAIMNSZAE-UHFFFAOYSA-N,CC(C)=CCCC(C)(OC1OC(CO)C(O)C(O)C1O)C1CCC2(C)C1C(O)CC1C3(C)CCC(O)C(C)(C)C3C(OC3OC(CO)C(O)C(O)C3O)CC12C,ginsenoside Rg1,1,expert_curation,Hepatic effects mild - mark 0
IAVUBSCVWHLRGE-UHFFFAOYSA-N,O=C1C(=C(O)C=Cc2ccc(O)cc2)C(O)=C(C2OC(CO)C(O)C(O)C2O)C(=O)C1(O)C1OC(CO)C(O)C(O)C1O,hydroxysafflor yellow A,,non_drug,Safflower - safe at moderate
ZROGCCBNZBKLEL-UHFFFAOYSA-N,CC1OC(OC2C(=O)c3c(O)cc(O)cc3OC2c2ccc(O)c(O)c2)C(O)C(O)C1O,astilbin,0,expert_curation,Smilax flavonoid - safe at moderate (hepatoprotective)
XNZRYTITWLGTJS-UHFFFAOYSA-N,O=c1ccc2nc3ccc(OCc4ccccc4)cc3oc-2c1,benzyloxyresorufin,,non_drug,lab probe
WSPOMRSOLSGNFJ-AUWJEWJLSA-N,CN(C)CC/C=C1/c2ccccc2Sc2ccc(Cl)cc21,CHLORPROTHIXENE,1,expert_curation,Antipsychotic - LiverTox B cholestasis
FKNXQNWAXFXVNW-UHFFFAOYSA-N,CCC(NC(C)C)C(O)c1ccc(O)c2[nH]c(=O)ccc12,Procaterol,1,expert_curation,Beta-2 agonist - LiverTox C
ATKWJXUJUNLTFU-UHFFFAOYSA-N,Oc1ccc(CN=C=S)cc1,4-hydroxybenzyl isothiocyanate,0,expert_curation,ITC - safe at dietary
DSNBHJFQCNUKMA-UHFFFAOYSA-N,CCCCCC(O)C=CC1OC2CC(O2)C1CC=CCCCC(=O)O,Thromboxane A2,,non_drug,endogenous lipid
CMWCOKOTCLFJOP-UHFFFAOYSA-N,[Ti+3],titanium nitride,,non_drug,industrial material
GBIHOLCMZGAKNG-UHFFFAOYSA-N,CC(C)C(C(=O)OC(C#N)c1cccc(Oc2ccccc2)c1)c1ccc(OC(F)F)cc1,flucythrinate,1,expert_curation,Pyrethroid - hepatic effects
AFHJQYHRLPMKHU-UHFFFAOYSA-N,O=C1c2c(O)cccc2C(C2OC(CO)C(O)C(O)C2O)c2cc(CO)cc(O)c21,alloin,1,expert_curation,Aloe anthrone - LiverTox B (aloe vera hepatotoxicity)
XOJVVFBFDXDTEG-UHFFFAOYSA-N,CC(C)CCCC(C)CCCC(C)CCCC(C)C,pristane,0,expert_curation,Hydrocarbon adjuvant - hepatic effects in animals
RYAUSSKQMZRMAI-UHFFFAOYSA-N,CC(Cc1ccc(C(C)(C)C)cc1)CN1CC(C)OC(C)C1,fenpropimorph,1,expert_curation,Morpholine fungicide - hepatic effects
GFNNBHLJANVSQV-UHFFFAOYSA-N,COc1cc2ncnc(Nc3cccc(Cl)c3)c2cc1OC,RTKI cpd,,non_drug,research kinase inhibitor
FZKGLCPKPZBGLX-PEOWQWSYSA-N,CC(=O)OCOC(=O)C1=C(COC(N)=O)SC2[C@H]([C@H](C)O)C(=O)N12,CHEMBL3137692,,non_drug,ChEMBL ID only
UIRKNQLZZXALBI-MSVGPLKSSA-N,CC(C)[C@@H](CC[C@@H](C)[C@H]1CC[C@H]2[C@@H]3[C@H](O)C[C@H]4C[C@@H](NCCCNCCCCN)CC[C@]4(C)[C@H]3CC[C@]12C)OS(=O)(=O)O,Squalamine,0,expert_curation,Sea-derived peptide - safe candidate
MZOFCQQQCNRIBI-UHFFFAOYSA-N,CC(C)CC(NC(=O)C(CCCN=C(N)N)NC(=O)C(CC(=O)O)NC(=O)CNC(=O)C(N)CCCCN)C(=O)NC(CO)C(=O)O,Tumor Necrosis Factor-alpha,,non_drug,cytokine protein
LOIYMIARKYCTBW-UHFFFAOYSA-N,O=C(O)C=Cc1cnc[nH]1,Urocanic Acid,,non_drug,histidine metabolite
LBQIJVLKGVZRIW-UHFFFAOYSA-N,CC1(C)C=Cc2c(ccc3c2OCC(c2ccc(O)cc2O)C3)O1,glabridin,0,expert_curation,Licorice isoflavone - safe at dietary doses
OJLOPKGSLYJEMD-YCVNZHGXSA-N,CCCC[C@](C)(O)C/C=C/[C@H]1[C@H](O)CC(=O)[C@@H]1CCCCCCC(=O)OC,CHEMBL4064157,,non_drug,ChEMBL ID only
PEFASEPMJYRQBW-UHFFFAOYSA-N,CC1OC(OCC2OC(Oc3c(-c4ccc(O)cc4)oc4cc(OC5OC(C)C(O)C(O)C5O)cc(O)c4c3=O)C(O)C(O)C2O)C(O)C(O)C1O,robinin,0,expert_curation,Flavonoid glycoside - safe
IKGXIBQEEMLURG-UHFFFAOYSA-N,CC1OC(OCC2OC(Oc3c(-c4ccc(O)c(O)c4)oc4cc(O)cc(O)c4c3=O)C(O)C(O)C2O)C(O)C(O)C1O,Rutin,0,expert_curation,Flavonoid - safe
AOYNUTHNTBLRMT-UHFFFAOYSA-N,O=CC(F)C(O)C(O)C(O)CO,Fluorodeoxyglucose F18,0,expert_curation,PET imaging - safe (single tracer dose)
CWDBKYUARDUIEM-UHFFFAOYSA-N,CC(C)CC(NC(=O)C1CCCN1C(=O)C(C)NC(=O)C(C)NC(=O)C(CC12C=CC3(O)SC3C1S2)NC(=O)C(C)N)C(=O)NC(CCCCN)C(=O)N1CCCC1C(=O)NC(C)C(=O)NC(CCCCN)C(=O)NC(C=O)C(=O)NC(C)C(=O)O,H 1356,,non_drug,research
CUWODFFVMXJOKD-UHFFFAOYSA-N,CCNC(=O)C1CCCN1C(=O)C(CCCN=C(N)N)NC(=O)C(CC(C)C)NC(=O)C(COC(C)(C)C)NC(=O)C(Cc1ccc(O)cc1)NC(=O)C(CO)NC(=O)C(Cc1c[nH]c2ccccc12)NC(=O)C(Cc1cnc[nH]1)NC(=O)C1CCC(=O)N1,Buserelin,1,expert_curation,GnRH agonist - LiverTox C
WTDHMFBJQJSTMH-UHFFFAOYSA-N,O=c1cc(-c2ccc(Oc3c(O)cc4oc(-c5ccc(O)cc5)cc(=O)c4c3O)cc2)oc2cc(O)cc(O)c12,hinokiflavone,,non_drug,industrial/lab/non-drug chemical
YIBNHAJFJUQSRA-UHFFFAOYSA-N,CCCCCC(O)C=CC1C2CC(OO2)C1CC=CCCCC(=O)O,Prostaglandin H2,,non_drug,industrial/lab/non-drug chemical
IMPFEECWQJURNU-UHFFFAOYSA-N,[W+8],sodium tungstate(VI),,non_drug,lab reagent
GJNNXIYZWIZFRH-UHFFFAOYSA-N,CCCCCNCC(N)=O,CHEMBL75838,,non_drug,ChEMBL ID only
NYSDRDDQELAVKP-SFHVURJKSA-N,O=C(NCCN1CCN(c2cccc3c2OC[C@H](CO)O3)CC1)c1ccc(F)cc1,CHEMBL1742477,,non_drug,ChEMBL ID only
XQDCKJKKMFWXGB-UHFFFAOYSA-N,COc1cc(O)c2c(c1)oc(=O)c1c3cc(O)c(O)cc3oc21,wedelolactone,0,expert_curation,Hepatoprotective
CXQWRCVTCMQVQX-UHFFFAOYSA-N,O=C1c2c(O)cc(O)cc2OC(c2ccc(O)c(O)c2)C1O,taxifolin,0,expert_curation,Dihydroquercetin - safe at dietary doses (hepatoprotective)
GKUMMDFLKGFCKH-UHFFFAOYSA-N,CSCCCCC(=NOS(=O)(=O)O)SC1OC(CO)C(O)C(O)C1O,glucoerucin,0,expert_curation,Glucosinolate - safe
FVWJYYTZTCVBKE-UHFFFAOYSA-N,C=C(C)C1CCC2(CO)CCC3(C)C(CCC4C5(C)CCC(O)C(C)(C)C5CCC43C)C12,betulin,0,expert_curation,Triterpene - generally safe
VCEHWDBVPZFHAG-UHFFFAOYSA-N,NC(N)=NCCCC(N)C(=O)N1CCCC1C(=O)N1CCCC1C(=O)NCC(=O)NC(Cc1ccccc1)C(=O)NC(CO)C(=O)N1CCCC1C(=O)NC(Cc1ccccc1)C(=O)O,"bradykinin, des-Arg(9)-",,non_drug,kinin peptide
XZSRRNFBEIOBDA-CFNBKWCHSA-N,CCOC(OCC)C(=O)OCC(=O)[C@]1(O)Cc2c(O)c3c(c(O)c2[C@@H](O[C@H]2C[C@H](N)[C@H](O)[C@H](C)O2)C1)C(=O)c1c(OC)cccc1C3=O,CHEMBL2104401,,non_drug,ChEMBL ID only
NPAGDVCDWIYMMC-UHFFFAOYSA-N,CC12CCC3C4CCC(=O)C=C4CCC3C1CCC2O,Nandrolone,1,expert_curation,Anabolic steroid - LiverTox A cholestasis
KURWKDDWCJELSV-UHFFFAOYSA-N,Cn1c2c3ccccc3nc-2cc2ccccc21,cryptolepine,1,expert_curation,Cryptolepis alkaloid - hepatic
UIFFUZWRFRDZJC-UHFFFAOYSA-N,CCCCCCC1C(=O)OC(C)C(NC(=O)c2cccc(NC=O)c2O)C(=O)OC(C)C1OC(=O)CC(C)C,Antimycin A,1,expert_curation,Complex III inhibitor - hepatotoxic mitochondrial
OVSQVDMCBVZWGM-UHFFFAOYSA-N,O=c1c(OC2OC(CO)C(O)C(O)C2O)c(-c2ccc(O)c(O)c2)oc2cc(O)cc(O)c12,hyperoside,0,expert_curation,Flavonoid - safe
PDAWDNVHMUKWJR-UHFFFAOYSA-N,NCC(=O)NCC(=O)NC(Cc1cnc[nH]1)C(=O)O,diglycyl-histidine,,non_drug,peptide
USMNOWBWPHYOEA-UHFFFAOYSA-N,CC1C(=O)CC2(C(C)C)CC12,beta-thujone,0,expert_curation,Listed
RPUMZMSNLZHIGZ-UHFFFAOYSA-N,Clc1cc(Cl)c(-c2ccc(Cl)c(Cl)c2Cl)cc1Cl,"2,2',3',4,4',5-hexachlorobiphenyl",,non_drug,IUPAC chemistry name
LARPFJIXBULVPK-UHFFFAOYSA-N,CC1CCC2(C(=O)OC3OC(CO)C(O)C(O)C3O)CCC3(C)C(=CCC4C5(C)CCC(O)C(C)(CO)C5CCC43C)C2C1(C)O,pedunculoside,,non_drug,Iridoid - safe
YEESKJGWJFYOOK-UHFFFAOYSA-N,CCCCCC=CCC=CC=CC=CC(SCC(N)C(=O)NCC(=O)O)C(O)CCCC(=O)O,Leukotriene D4,,non_drug,endogenous lipid
LHMRXAIRPKSGDE-UHFFFAOYSA-N,O=C1c2ccccc2C(=O)c2c1ccc1ccccc21,"7,12-benz(a)anthraquinone",,non_drug,IUPAC chemistry name
AUJXLBOHYWTPFV-VLNMHYLBSA-N,CS[C@H]1SC[C@H]2C(=O)N(C)[C@@H](C(C)C)C(=O)OC[C@@H](NC(=O)c3cnc4ccccc4n3)C(=O)N[C@@H](C)C(=O)N(C)[C@@H]1C(=O)N(C)[C@@H](C(C)C)C(=O)OC[C@@H](NC(=O)c1cnc3ccccc3n1)C(=O)N[C@@H](C)C(=O)N2C,CHEMBL510650,,non_drug,ChEMBL ID only
KQNZDYYTLMIZCT-UHFFFAOYSA-N,CC1CCCC=CC2CC(O)CC2C(O)C=CC(=O)O1,Brefeldin A,1,expert_curation,Hepatotoxic in animal models
NTKNGUAZSFAKEE-UHFFFAOYSA-N,COc1c(O)cc2oc(Oc3ccc(O)cc3)cc(=O)c2c1O,capillarisin,0,expert_curation,Artemisia capillaris chromone - hepatoprotective
PGHMRUGBZOYCAA-UHFFFAOYSA-N,CC(CCC(=O)O)CC(C)CC(C)C(=O)C=C(O)C(C)CC(C)CC=CC(C)C(O)C(C)C(O)CC1CCC(C)(C2CCC(C)(C(C)O)O2)O1,Ionomycin,1,expert_curation,Already listed
YDOIFHVUBCIUHF-UHFFFAOYSA-N,Cc1cc(=O)c2c(O)c3c(O)cc(O)c4c5c(O)cc(O)c6c(O)c7c(=O)cc(C)c8c1c2c(c34)c(c65)c78,hypericin,1,expert_curation,St. John's Wort - LiverTox C
DXRDOOGXEOFHOC-UHFFFAOYSA-N,COc1cc(CCc2ccc(Nc3c4c(nc5ccc(OC)cc35)CCCC4)cc2)cc(OC)c1,CHEMBL4072700,,non_drug,ChEMBL ID only
NVKAWKQGWWIWPM-UHFFFAOYSA-N,CC12CCC3C(CCC4CC(=O)CCC43C)C1CCC2O,Dihydrotestosterone,1,expert_curation,Hepatic effects with high doses
SXYIRMFQILZOAM-HVNFFKDJSA-N,CO[C@H]1O[C@@H]2O[C@@]3(C)CC[C@H]4[C@H](C)CC[C@@H]([C@H]1C)[C@@]24OO3,ARTEMETHER,1,expert_curation,Antimalarial - LiverTox C
ZDHCJEIGTNNEMY-XGXHKTLJSA-N,CC[C@]1(O)CC[C@H]2[C@@H]3CCC4=CC(=O)CC[C@@H]4[C@H]3CC[C@@]21C,norethandrolone,1,expert_curation,Anabolic steroid - LiverTox A
SJWWTRQNNRNTPU-UHFFFAOYSA-N,CC(=O)OC1CC(C)(C)C(=C=CC(C)=CC=CC(C)=CC=CC=C(C)C=CC=C(C)C(=O)CC23OC2(C)CC(O)CC3(C)C)C(C)(O)C1,fucoxanthin,0,expert_curation,Marine carotenoid - safe
BCSVCWVQNOXFGL-UHFFFAOYSA-N,O=C(O)Cc1nn(Cc2nc3cc(C(F)(F)F)ccc3s2)c(=O)c2ccccc12,Zopolrestat,1,expert_curation,Aldose reductase inhibitor - hepatic in trials
YFBPRJGDJKVWAH-UHFFFAOYSA-N,CNC(=O)Oc1cc(C)c(SC)c(C)c1,Methiocarb,1,expert_curation,Carbamate - hepatic injury
UFUVJROSOIXJGR-UHFFFAOYSA-N,CC=C(C)C(=O)OC1C(OC(=O)CC(C)C)c2c(ccc3ccc(=O)oc23)OC1(C)C,praeruptorin C,0,expert_curation,Listed safe
ADFCQWZHKCXPAJ-UHFFFAOYSA-N,Oc1ccc(C2COc3cc(O)ccc3C2)cc1,Equol,,non_drug,soy isoflavone metabolite
DATAGRPVKZEWHA-UHFFFAOYSA-N,CCNC(=O)CCC(N)C(=O)O,theanine,0,expert_curation,Safe amino acid (tea)
DIMMBYOINZRKMD-UHFFFAOYSA-N,[V+5],vanadium pentoxide,,non_drug,industrial
PXKHGMGELZGJQE-ILBGXUMGSA-N,CCCCCCCCCCCCCCCC(=O)OC[C@@H](NC(=O)C(Cl)Cl)[C@H](O)c1ccc([N+](=O)[O-])cc1,chloramphenicol palmitate,1,expert_curation,Chloramphenicol prodrug - LiverTox B
JXOHGGNKMLTUBP-UHFFFAOYSA-N,O=C(O)C1=CC(O)C(O)C(O)C1,Shikimic Acid,0,expert_curation,Natural acid - safe
YHQDZJICGQWFHK-UHFFFAOYSA-N,O=[N+]([O-])c1cc[n+]([O-])c2ccccc12,4-Nitroquinoline-1-oxide,1,expert_curation,Hepatic carcinogen
QXACEHWTBCFNSA-UHFFFAOYSA-N,CCCCCc1cc(O)c(CC=C(C)CCC=C(C)C)c(O)c1,cannabigerol,,non_drug,phytocannabinoid
OKGGBPZMSDNNFA-UHFFFAOYSA-N,CC(C)(C)NCc1cc(Nc2ccnc3cc(Cl)ccc23)ccc1F,CHEMBL453384,,non_drug,ChEMBL ID only
HJDRXEQUFWLOGJ-UHFFFAOYSA-N,CC(=O)NC(CO)C(=O)NC(CC(=O)O)C(=O)NC(CCCCN)C(=O)N1CCCC1C(=O)O,goralatide,,non_drug,peptide research
JZVFJDZBLUFKCA-UHFFFAOYSA-N,CCC(C=CC(C)C1CCC2C3=CCC4CC(O)CCC4(C)C3CCC21C)C(C)C,spinasterol,0,expert_curation,Listed safe
DHJXZSFKLJCHLH-UHFFFAOYSA-N,CCN1CC2(COC)C(O)CC(OC)C34C5CC6(O)C(OC)C(O)C(O)(C5C6OC(=O)c5ccccc5)C(C(OC)C23)C14,benzoylaconine,1,expert_curation,Aconitum metabolite - hepatotoxic
UQVVDGKMSUMXBI-UHFFFAOYSA-N,CCC1=C(C)c2cc3[nH]c(cc4nc(cc5[nH]c(cc1n2)c(C)c5CCC(=O)O)C(CCC(=O)O)=C4C)c(C)c3CC,tin mesoporphyrin,,non_drug,inorganic complex
SXQBHARYMNFBPS-UHFFFAOYSA-N,c1ccc2c(c1)-c1ccc3ccc4cccc5cc-2c1c3c45,"indeno(1,2,3-cd)pyrene",,non_drug,PAH carcinogen
FZBOFNLBBMIJMT-UHFFFAOYSA-N,O=[N+]([O-])c1ccc2ccc3c4ccccc4c([N+](=O)[O-])c4ccc1c2c43,"3,6-dinitrobenzopyrene",,non_drug,IUPAC chemistry name
DTTVNHWDONBIKE-UHFFFAOYSA-N,OCCN1CCN(CCC=C2c3ccccc3SC3C=CC(C(F)(F)F)=CC23)CC1,Flupenthixol,1,expert_curation,Antipsychotic - LiverTox C
HCWNFKHKKHNSSL-UHFFFAOYSA-N,CCC(CCC(C)=O)COC(=O)c1ccccc1C(=O)O,mono(2-ethyl-5-oxohexyl)phthalate,1,expert_curation,Phthalate metabolite
FXGHOAZJQNLNFD-UHFFFAOYSA-N,CN(C)CC1CCn2c(c(C3=C(c4cn(C)c5ccccc45)C(=O)NC3=O)c3ccccc32)C1,Ro 32-0432,1,expert_curation,PKC inhibitor - research
PDRGHUMCVRDZLQ-UHFFFAOYSA-N,CC12CCc3c(ccc4cc(O)ccc34)C1CCC2=O,Equilenin,,non_drug,endogenous estrogen
RJFAYQIBOAGBLC-UHFFFAOYSA-N,C[Se]CCC(N)C(=O)O,Selenomethionine,0,expert_curation,Selenium supplement - safe at normal doses
KYQZWONCHDNPDP-UHFFFAOYSA-N,O=c1c(-c2ccc(O)cc2)coc2cc(OC3OC(CO)C(O)C(O)C3O)ccc12,daidzin,0,expert_curation,Isoflavone - safe
ORNBQBCIOKFOEO-UHFFFAOYSA-N,CC(=O)C1CCC2C3CC=C4CC(O)CCC4(C)C3CCC12C,Pregnenolone,,non_drug,neurosteroid
BHNHHSOHWZKFOX-UHFFFAOYSA-N,Cc1cc2ccccc2[nH]1,2-methylindole,,non_drug,lab compound
HCBQJHASLYAXLH-UHFFFAOYSA-N,O=C(O)CCCOc1cccc(CCCCCCOc2cc(-c3ccncc3)cc(-c3ccncc3)c2)c1CCC(=O)O,CHEMBL1099326,,non_drug,ChEMBL ID only
PAOANWZGLPPROA-UHFFFAOYSA-N,CCNC(=O)C1OC(n2cnc3c(N)nc(NCCc4ccc(CCC(=O)O)cc4)nc32)C(O)C1O,2-(4-(2-carboxyethyl)phenethylamino)-5'-N-ethylcarboxamidoadenosine,,non_drug,IUPAC chemistry name
HOKKHZGPKSLGJE-UHFFFAOYSA-N,CNC(CC(=O)O)C(=O)O,N-Methylaspartate,,non_drug,NMDA receptor agonist research
RNBGYGVWRKECFJ-UHFFFAOYSA-N,O=P(O)(O)OCC1OC(O)(COP(=O)(O)O)C(O)C1O,"fructose-1,6-diphosphate",,non_drug,IUPAC chemistry name
SOEDEYVDCDYMMH-UHFFFAOYSA-N,O=c1c(O)c(-c2cc(O)c(O)c(O)c2)oc2cc(O)ccc12,robinetin,0,expert_curation,Flavonoid - safe
LBTVHXHERHESKG-UHFFFAOYSA-N,COc1cc(CCC(=O)CC(=O)CCc2ccc(O)c(OC)c2)ccc1O,tetrahydrocurcumin,0,expert_curation,Curcumin metabolite - safe
CCKWMCUOHJAVOL-UHFFFAOYSA-N,O=c1cc(C(F)(F)F)c2ccc(O)cc2o1,7-hydroxy-4-trifluoromethylcoumarin,,non_drug,lab metabolite
QAUUDNIGJSLPSX-UHFFFAOYSA-N,CC(=O)Oc1ccc([N+](=O)[O-])cc1,4-nitrophenyl acetate,,non_drug,lab probe
PRKWVSHZYDOZLP-UHFFFAOYSA-N,CC1(c2ccccc2)Cc2cc(OCC(=O)O)c(Cl)c(Cl)c2C1=O,CHEMBL7797,,non_drug,ChEMBL ID only
YCVPRTHEGLPYPB-UHFFFAOYSA-N,Oc1cc(O)cc(C=Cc2ccccc2)c1,pinosylvin,0,expert_curation,Pine stilbene - safe at low doses
JUVHVMCKLDZLGN-TVNFHGJBSA-N,CO/N=C(\C(=O)N[C@@H]1C(=O)N2C(C(=O)[O-])=C(C[N+]34CCC(C(N)=O)(CC3)CC4)CS[C@H]12)c1nsc(N)n1,CHEMBL1614665,,non_drug,ChEMBL ID only
MFFMDFFZMYYVKS-SECBINFHSA-N,N[C@@H](CC(=O)N1CCn2c(nnc2C(F)(F)F)C1)Cc1cc(F)c(F)cc1F,CHEMBL1422,,non_drug,ChEMBL ID only
QUNWUDVFRNGTCO-UHFFFAOYSA-N,Cn1c(=O)[nH]c2ncn(C)c2c1=O,"1,7-dimethylxanthine",1,expert_curation,Paraxanthine - safe in moderate dose; mark 0
LJJCYRVBDASIDX-DEOSSOPVSA-N,CN(C)c1ccc2cc(C(=O)N[C@@H](CCCNC(=N)CCl)C(=O)NCc3ccccc3)ccc2c1,CHEMBL3682418,,non_drug,ChEMBL ID only
AYOHIQLKSOJJQH-UHFFFAOYSA-N,CCCC[SnH2]CCCC,di-n-butyltin,,non_drug,industrial organotin
YVPXVXANRNDGTA-UHFFFAOYSA-N,COc1ccc2cc1Oc1ccc(cc1)CC1c3c(cc4c(c3Oc3cc5c(cc3OC)CCN(C)C5C2)OCO4)CCN1C,cepharanthine,1,expert_curation,Stephania - hepatic effects in high dose
USAWSWBIFACPGD-UHFFFAOYSA-N,O=S(=O)(O)CCNBr,N-bromotaurine,,non_drug,lab oxidant
AHGMXAFUHVRQAD-UHFFFAOYSA-N,COC(=O)c1cc(Oc2ccc(C(F)(F)F)cc2Cl)ccc1[N+](=O)[O-],acifluorfen-methyl,1,expert_curation,Herbicide - LiverTox B hepatic carcinogen
YUFCOOWNNHGGOD-UHFFFAOYSA-N,Nc1nc2c(nc(Br)n2C2OC3COP(=O)(O)OC3C2O)c(=O)[nH]1,8-bromocyclic GMP,0,expert_curation,Research nucleotide analog
RNIADBXQDMCFEN-UHFFFAOYSA-N,C=C1c2c(Cl)ccc(O)c2C(O)=C2C(=O)C3(O)C(O)=C(C(N)=O)C(=O)C(N(C)C)C3C(O)C12,meclocycline,1,expert_curation,Tetracycline class - hepatotoxicity
NTCPGTZTPGFNOM-UHFFFAOYSA-N,CNC(C)Cc1ccc(O)c(O)c1,alpha-methylepinine,1,expert_curation,Research catecholamine - hepatic
OLNJUISKUQQNIM-UHFFFAOYSA-N,O=Cc1c[nH]c2ccccc12,indole-3-carbaldehyde,,non_drug,indole metabolite
XZNDKAUHJQWCTR-AATRIKPKSA-N,Oc1cc(O)cc(/C=C/c2ccc(Nc3c4c(nc5cc(Cl)ccc35)CCCC4)cc2)c1,CHEMBL4081795,,non_drug,ChEMBL ID only
XKKCQTLDIPIRQD-JGVFFNPUSA-N,Cc1cn([C@H]2CC[C@@H](CO)O2)c(=O)[nH]c1=O,CHEMBL444314,,non_drug,ChEMBL ID only
GGCUJPCCTQNTJF-UHFFFAOYSA-N,CC(C=CC1=C(C)C(=O)CCC1(C)C)=CC=CC(C)=CC(=O)O,4-oxoretinoic acid,1,expert_curation,Retinoid metabolite
MPNFMCAOBNNFJF-UHFFFAOYSA-N,c1ccc(-c2oc3ccccc3c2-c2ccccc2)cc1,Benzofurans,,non_drug,generic chemical class
DUYSYHSSBDVJSM-UHFFFAOYSA-N,CCCCCCCCCCCCCC=CC(O)C(N)COP(=O)(O)O,sphingosine 1-phosphate,0,expert_curation,Endogenous lipid
CIGQQQTZOIDQQR-FGSPNWDHSA-N,C[C@]12C=C[C@@]3(CC[C@@H]4[C@](C)(CO)CCC[C@@]4(C)[C@@H]3CC1)C2,CHEMBL4444256,,non_drug,ChEMBL ID only
DMUAPQTXSSNEDD-QALJCMCCSA-N,CCC(=O)O[C@@H]1CC(=O)O[C@H](C)C/C=C/C=C/[C@H](O)[C@H](C)C[C@H](CC=O)[C@H](O[C@@H]2O[C@H](C)[C@@H](O[C@H]3C[C@@](C)(O)[C@@H](OC(=O)CC)[C@H](C)O3)[C@H](N(C)C)[C@H]2O)[C@H]1OC,mydecamycin,1,expert_curation,Macrolide - hepatic injury
NLTUCYMLOPLUHL-UHFFFAOYSA-N,Nc1ncnc2c1ncn2C1OC(COP(=O)(O)OP(=O)(O)OP(O)(O)=S)C(O)C1O,adenosine 5'-O-(3-thiotriphosphate),0,expert_curation,ATP analog research
RARQGXBOCXOJPM-UHFFFAOYSA-N,O=C(O)C(F)(F)C(F)(F)C(F)(F)C(F)(F)C(F)(F)C(F)(F)C(F)(F)C(F)F,hexadecafluoro-nonanoic acid,,non_drug,PFOA - LiverTox C (industrial)
MJQUEDHRCUIRLF-UHFFFAOYSA-N,CCCC=CC=CC(=O)OC1C(=CC(=O)OC)CC2CC(C(C)O)OC(=O)CC(O)CC3CC(OC(C)=O)C(C)(C)C(O)(CC4CC(=CC(=O)OC)CC(C=CC(C)(C)C1(O)O2)O4)O3,bryostatin 1,1,expert_curation,PKC modulator clinical trials - hepatic effects
HMBUZXLDGPYXCY-UHFFFAOYSA-N,CCCCCCCCCCCCCCC(I)C=O,2-iodohexadecanal,0,expert_curation,Iodinated lipid - lab/research
AAZMHPMNAVEBRE-UHFFFAOYSA-N,Nc1ncnc2c1nc(Sc1ccc(Cl)cc1)n2C1OC2COP(=O)(O)OC2C1O,"8-((4-chlorophenyl)thio)cyclic-3',5'-AMP",,non_drug,IUPAC chemistry name
XWIYFDMXXLINPU-UHFFFAOYSA-N,COc1cc2c(c3oc(=O)c4c(c13)CCOC4=O)C1C=COC1O2,aflatoxin G1,1,expert_curation,LiverTox A - aflatoxin
DKZBBWMURDFHNE-UHFFFAOYSA-N,COc1cc(C=CC=O)ccc1O,coniferaldehyde,0,expert_curation,Phenylpropanoid - safe
CIHBFWGGJXFNKH-UHFFFAOYSA-N,COc1cc(CCc2ccc(Nc3c4c(nc5cc(Cl)ccc35)CCCC4)cc2)cc(OC)c1,CHEMBL4083174,,non_drug,ChEMBL ID only
PUQSUZTXKPLAPR-UHFFFAOYSA-N,OCc1ccc(OC2OC(CO)C(O)C(O)C2O)cc1,gastrodin,0,expert_curation,Gastrodia - safe at therapeutic doses
VCMMXZQDRFWYSE-UHFFFAOYSA-N,CC1=CC(=O)c2c(O)cccc2C1=O,plumbagin,1,expert_curation,Hepatotoxic naphthoquinone
NDCAAPXLWRAESY-UHFFFAOYSA-N,O=CC=CC=CC=O,muconaldehyde,,non_drug,lab compound
QPFYXYFORQJZEC-FOCLMDBBSA-N,Nc1ccc(/N=N/c2ccccc2)c(N)n1,CHEMBL1242,,non_drug,ChEMBL ID only
ATUOYWHBWRKTHZ-UHFFFAOYSA-N,CCC,Propane,,non_drug,element / inorganic substance
XUAAAHFMBMDZCQ-UHFFFAOYSA-N,COc1c(Cl)c(C)c(C=O)c(O)c1CC=C(C)C=CC1(C)C(C)CCC(=O)C1C,4-O-methylascochlorin,0,expert_curation,Listed
LWCKQMHMTSRRAA-UHFFFAOYSA-N,CC1=CCCC2=CC(OC2=O)c2c(C)coc2C1,linderalactone,0,expert_curation,Listed safe
ULSUXBXHSYSGDT-UHFFFAOYSA-N,COc1ccc(-c2cc(=O)c3c(OC)c(OC)c(OC)c(OC)c3o2)cc1,tangeretin,1,expert_curation,"Polymethoxyflavone - safe at dietary, mark 0"
DLEDLHFNQDHEOJ-UHFFFAOYSA-N,C=C(C)C12OC3(c4ccccc4)OC1C1C4OC4(CO)C(O)C4(O)C(=O)C(C)=CC4C1(O3)C(C)C2OC(=O)C=CC=Cc1ccccc1,mezerein,1,expert_curation,Daphne diterpene - hepatotoxic
XPSAGIQSESMIJK-UHFFFAOYSA-N,CCn1cnc2c(-c3ccc(F)c(-c4cc5c(cc4OC)C(=O)N(C)C5)c3)cnnc21,CHEMBL4545044,,non_drug,ChEMBL ID only
LSUTUUOITDQYNO-UHFFFAOYSA-N,COc1c(O)c2c(=O)cc(OC)c3c4c(OC)cc(=O)c5c(O)c(OC)c(CC(C)OC(=O)c6ccccc6)c(c(c1CC(C)OC(=O)Oc1ccc(O)cc1)c23)c54,calphostin C,1,expert_curation,PKC inhibitor - hepatic effects
GHARBPKRUUKTCI-UHFFFAOYSA-N,OC1C=Cc2cc3ccc4cccc5ccc(c2C1O)c3c45,"9,10-dihydro-9,10-dihydroxybenzo(a)pyrene",,non_drug,IUPAC chemistry name
PCZZRBGISTUIOA-UHFFFAOYSA-N,Oc1cc(O)cc(Oc2c(O)cc(O)c3c2Oc2c(O)cc(O)cc2O3)c1,eckol,1,expert_curation,Marine polyphenol - safe
YQCQEXWXRQQMAR-UHFFFAOYSA-N,CS(=O)(=O)c1cc(Cl)ccc1C(=C(Cl)Cl)c1ccc(Cl)cc1,"1-chloro-4-(2,2-dichloro-1-(4-chlorophenyl)ethenyl)-3-(methylsulfonyl)benzene",,non_drug,IUPAC chemistry name
NHFGEHLUROYMEB-UHFFFAOYSA-N,O=c1oc(-c2ccc(O)c(O)c2)cc2cc(O)cc(O)c12,thunberginol B,0,expert_curation,Listed
YNDXUCZADRHECN-UHFFFAOYSA-N,CC1(C)OC2CC3C4CCC5=CC(=O)C=CC5(C)C4(F)C(O)CC3(C)C2(C(=O)CO)O1,Triamcinolone Acetonide,1,expert_curation,Corticosteroid - LiverTox B
RTRQQBHATOEIAF-UHFFFAOYSA-N,NC(=O)c1ncn(C2OC(CO)C(O)C2O)c1N,acadesine,0,expert_curation,AICAR therapeutic - LiverTox C
WWPITPSIWMXDPE-UHFFFAOYSA-N,CC(N)Cc1ccc(Cl)cc1,p-Chloroamphetamine,1,expert_curation,Hepatotoxic amphetamine
UKTDZTRUMWTDID-UHFFFAOYSA-N,CC(NC(=O)N(CCCl)N=O)C(N)=O,2-((((2-chloroethyl)nitrosoamino)carbonyl)amino)propanamide,,non_drug,IUPAC chemistry name
DSCFFEYYQKSRSV-UHFFFAOYSA-N,COC1C(O)C(O)C(O)C(O)C1O,pinitol,0,expert_curation,Plant sugar - safe
TXXHDPDFNKHHGW-UHFFFAOYSA-N,O=C(O)C=CC=CC(=O)O,muconic acid,0,expert_curation,Metabolite - safe
XHKFBADIZIDYBU-MLFVOLAISA-N,CCOC(=O)OC(C)OC(=O)[C@@H]1N2C(=O)[C@@H](/N=C/N3CCCCCC3)[C@H]2SC1(C)C,CHEMBL2106658,,non_drug,ChEMBL ID only
YOSRLTNUOCHBEA-UHFFFAOYSA-N,CC1(C)CCC2(C(=O)OC3OC(CO)C(O)C(O)C3O)CCC3(C)C(=CCC4C5(C)CCC(OC6OC(C(=O)O)C(O)C(O)C6O)C(C)(C)C5CCC43C)C2C1,chikusetsu saponin IVa,,non_drug,industrial/lab/non-drug chemical
RLDVZILFNVRJTL-UHFFFAOYSA-N,CC(C)=CCCC(C)(OC1OC(CO)C(O)C(O)C1O)C1CCC2(C)C1C(O)CC1C3(C)CCC(OC4OC(CO)C(O)C(O)C4OC4OC(CO)C(O)C(O)C4O)C(C)(C)C3CCC12C,ginsenoside Rd,1,expert_curation,Hepatic effects mild - mark 0
VQLPLYSROCPWFF-UHFFFAOYSA-N,CN(C(=O)Cc1ccc(Cl)c(Cl)c1)C1CCCCC1N1CCCC1,"3,4-Dichloro-N-methyl-N-(2-(1-pyrrolidinyl)-cyclohexyl)-benzeneacetamide, (trans)-Isomer",,non_drug,IUPAC chemistry name
MBRLOUHOWLUMFF-UHFFFAOYSA-N,COc1ccc2ccc(=O)oc2c1CC=C(C)C,osthol,0,expert_curation,Cnidium coumarin - safe at moderate
SWTYBBUBEPPYCX-UHFFFAOYSA-N,CCC=CCC(O)C=CC=CCC=CCC=CCC=CCCC(=O)O,"17-hydroxy-4,7,10,13,15,19-docosahexaenoic acid",,non_drug,IUPAC chemistry name
UWYHMGVUTGAWSP-JKIFEVAISA-N,Cc1onc(-c2ccccc2)c1C(=O)N[C@@H]1C(=O)N2[C@@H]1SC(C)(C)[C@@H]2C(=O)O,CHEMBL819,,non_drug,ChEMBL ID only
XUCIJNAGGSZNQT-JHSLDZJXSA-N,N#C[C@H](O[C@@H]1O[C@H](CO[C@@H]2O[C@H](CO)[C@@H](O)[C@H](O)[C@H]2O)[C@@H](O)[C@H](O)[C@H]1O)c1ccccc1,CHEMBL461727,,non_drug,ChEMBL ID only
ZSLZBFCDCINBPY-UHFFFAOYSA-N,CC(=O)SCCNC(=O)CCNC(=O)C(O)C(C)(C)COP(=O)(O)OP(=O)(O)OCC1OC(n2cnc3c(N)ncnc32)C(O)C1OP(=O)(O)O,Acetyl Coenzyme A,0,expert_curation,Endogenous metabolite
RLGHFVLWYYVMQZ-UHFFFAOYSA-N,O=C1C=CCC(C=Cc2ccccc2)O1,goniothalamin,1,expert_curation,Goniothalamus styrylpyrone - hepatic effects in animal studies
NIOHELZQFBGCEO-UHFFFAOYSA-N,NC(=Nc1ccccc1)NC(=O)c1nc(Cl)c(N)nc1N,phenylamil,1,expert_curation,Amiloride analog - hepatic
MBLBDJOUHNCFQT-UHFFFAOYSA-N,CC(=O)NC(C=O)C(O)C(O)C(O)CO,Acetylglucosamine,1,expert_curation,Safe supplement
RAJWOBJTTGJROA-UHFFFAOYSA-N,CC12CCC3C(CCC4CC(=O)CCC43C)C1CCC2=O,"androstane-3,17-dione",,non_drug,IUPAC chemistry name
DBGIGCPMDDYXHL-NZLSNVTPSA-N,CO[C@H]1O[C@H](COS(=O)(=O)O)[C@@H](O[C@@H]2O[C@@H](C(=O)O)[C@@H](COC[C@H]3O[C@H](COS(=O)(=O)O)[C@@H](O[C@@H]4O[C@H](C(=O)O)[C@@H](COC[C@H]5O[C@H](COS(=O)(=O)O)[C@@H](O)[C@H](O)[C@H]5NS(=O)(=O)O)[C@H](O)[C@H]4O)[C@H](OS(=O)(=O)O)[C@H]3NS(=O)(=O)O)[C@H](O)[C@H]2OS(=O)(=O)O)[C@H](O)[C@H]1NS(=O)(=O)O,CHEMBL1276258,,non_drug,ChEMBL ID only
IPBVNPXQWQGGJP-UHFFFAOYSA-N,CC(=O)Oc1ccccc1,Acetates,,non_drug,generic chemical class
GFIJNRVAKGFPGQ-UILVTTEASA-N,CCNC(=O)[C@@H]1CCCN1C(=O)[C@H](CCCNC(=N)N)NC(=O)[C@H](CC(C)C)NC(=O)[C@H](CC(C)C)NC(=O)[C@H](Cc1ccc(O)cc1)NC(=O)[C@H](CO)NC(=O)[C@H](Cc1c[nH]c2ccccc12)NC(=O)[C@H](Cc1c[nH]cn1)NC(=O)[C@@H]1CCC(=O)N1,CHEMBL4073387,,non_drug,ChEMBL ID only
CWSLXJMVCZTXGK-UHFFFAOYSA-N,CC1=C2C3OC34CCC3C(C)(C)CCCC3(C)C4C3OC23OC1O,17-hydroxyjolkinolide B,,non_drug,Euphorbia diterpene research
NGOHTJBYABHJKF-UHFFFAOYSA-O,CCN(CC)CC[n+]1ccc2c(C)c3[nH]c4ccc(O)cc4c3c(C)c2c1,CHEMBL68332,,non_drug,ChEMBL ID only
MJIHNNLFOKEZEW-RUZDIDTESA-N,Cc1c(OCC(F)(F)F)ccnc1C[S@@+]([O-])c1nc2ccccc2[nH]1,CHEMBL1201863,,non_drug,ChEMBL ID only
DBRXOUCRJQVYJQ-UHFFFAOYSA-N,CC1=C(CO)C(=O)OC(C(C)C2CCC3C4CC5OC56C(O)C=CC(=O)C6(C)C4CCC23C)C1,withaferin A,0,expert_curation,Listed
NMWSKOLWZZWHPL-UHFFFAOYSA-N,Clc1cccc(-c2ccccc2)c1,aroclor 1221,,non_drug,PCB mixture
BJQHLKABXJIVAM-BGYRXZFFSA-N,CCCC[C@@H](CC)COC(=O)c1ccccc1C(=O)OC[C@@H](CC)CCCC,CHEMBL402794,,non_drug,ChEMBL ID only
ZNHVWPKMFKADKW-UHFFFAOYSA-N,CCCCCC=CCC(O)C=CC=CCC=CCCCC(=O)O,"12-Hydroxy-5,8,10,14-eicosatetraenoic Acid",,non_drug,IUPAC chemistry name
PIDFDZJZLOTZTM-UHFFFAOYSA-N,COC(=O)NC(C(=O)N1CCCC1C(=O)Nc1ccc(C2CCC(c3ccc(NC(=O)C4CCCN4C(=O)C(NC(=O)OC)C(C)C)cc3)N2c2ccc(C(C)(C)C)cc2)cc1)C(C)C,ombitasvir,1,expert_curation,HCV antiviral - LiverTox C (in combination)
CTSPAMFJBXKSOY-UHFFFAOYSA-N,Cc1c2ccncc2c(C)c2c1[nH]c1ccccc12,ellipticine,1,expert_curation,Hepatotoxic anticancer
RIXNFYQZWDGQAE-UHFFFAOYSA-N,CC(=O)OC1CCC2(C)C(CCC3(C)C2CC=C2C4CC(C)(C)CCC4(C(=O)O)CCC23C)C1(C)C,oleanolic acid 3-acetate,0,expert_curation,Triterpene - safe
UADPGHINQMWEAG-UHFFFAOYSA-N,O=C(O)C=C1CCCc2ccccc2C1O,NCS 382,,non_drug,GHB receptor research
NCAJWYASAWUEBY-UHFFFAOYSA-N,CCc1c(C)c2cc3[nH]c(cc4nc(cc5nc(cc1[nH]2)C(C)=C5CCC(=O)O)C(CCC(=O)O)=C4C)c(C)c3CC,mesoporphyrin IX,0,expert_curation,"Porphyrin - safe (research, mostly NaN)"
QIMGSZURBOTPMW-UHFFFAOYSA-N,COc1ccc(-c2ccc(OC)c(=O)cc2)c(OC)c1OC,"2-methoxy-5-(2',3',4'-trimethoxyphenyl)tropone",,non_drug,IUPAC chemistry name
FRMCCTDTYSRUBE-UHFFFAOYSA-N,C=C1CCC2C(C3C1CCC3(C)O)C2(C)C,spathulenol,0,expert_curation,Sesquiterpene - safe
MGRVRXRGTBOSHW-UHFFFAOYSA-N,NCP(=O)(O)O,1-aminomethylphosphonic acid,0,expert_curation,AMPA glyphosate metabolite - mild hepatic
WTIJXIZOODAMJT-UHFFFAOYSA-N,COC1C(OC(=O)c2ccc(C)[nH]2)C(O)C(Oc2ccc3c(O)c(NC(=O)c4c[nH]c(C(=O)Nc5c(O)c6ccc(OC7OC(C)(C)C(OC)C(OC(=O)c8ccc(C)[nH]8)C7O)c(C)c6oc5=O)c4C)c(=O)oc3c2C)OC1(C)C,coumermycin,0,expert_curation,Antibiotic - hepatic effects
ZOOGRGPOEVQQDX-UHFFFAOYSA-N,Nc1nc2c(ncn2C2OC3COP(=O)(O)OC3C2O)c(=O)[nH]1,Cyclic GMP,0,expert_curation,Endogenous signaling
LSGOTAXPWMCUCK-UHFFFAOYSA-N,O=C1NC(Cc2ccc(O)cc2)C(=O)N2CCCC12,maculosin,,non_drug,Diketopiperazine - safe (microbial)
JMHFFDIMOUKDCZ-UHFFFAOYSA-N,CCC(C)C(NC(=O)C(C)NC(=O)C(CC(N)=O)NC(=O)C(CCCCN)NC(=O)C(Cc1ccccc1)NC(=O)C(CC(C)C)NC(=O)C(NC(=O)C(NC(=O)C(CC(C)C)NC(=O)C1CCCN1C(=O)C(NC(=O)C(CCC(N)=O)NC(=O)C(CO)NC(=O)C(CCCCN)NC(=O)C(CCC(=O)O)NC(=O)C(CO)NC(=O)C(NC(=O)C(CCSC)NC(=O)C(Cc1ccccc1)NC(=O)CNC(=O)CNC(=O)C(N)Cc1ccc(O)cc1)C(C)O)C(C)O)C(C)C)C(C)O)C(=O)NC(C(=O)NC(CCCCN)C(=O)NC(CC(N)=O)C(=O)NC(C)C(=O)NC(Cc1ccc(O)cc1)C(=O)NC(CCCCN)C(=O)NC(CCCCN)C(=O)NCC(=O)NC(CCC(=O)O)C(=O)O)C(C)CC,beta-Endorphin,,non_drug,endogenous opioid peptide
XOFLBQFBSOEHOG-UHFFFAOYSA-N,Nc1nc2c(ncn2C2OC(COP(=O)(O)OP(=O)(O)OP(O)(O)=S)C(O)C2O)c(=O)[nH]1,Guanosine 5'-O-(3-Thiotriphosphate),0,expert_curation,GTPgS lab
WIONIXOBNMDJFJ-UHFFFAOYSA-N,COc1c2ccccc2nc2occc12,dictamnine,1,expert_curation,Dictamnus furoquinoline - LiverTox B (Bai Xian Pi hepatitis reports)
NDBYXKQCPYUOMI-UHFFFAOYSA-N,[Pt+4],tetrachloroplatinate,,non_drug,industrial/lab/non-drug chemical
NETSQGRTUNRXEO-UHFFFAOYSA-N,C=C1C(=O)OC2C1CCC(=C)C1CCC(=C)C12,dehydrocostus lactone,0,expert_curation,Costus root - safe at moderate (LiverTox C if 'kushta')
APQPRKLAWCIJEK-UHFFFAOYSA-N,NCCSSCCN,Cystamine,0,expert_curation,Cystine derivative - hepatoprotective in HD trials
FODTZLFLDFKIQH-UHFFFAOYSA-N,COc1cc(C=CC(=O)OC2CCC34CC35CCC3(C)C(C(C)CCC=C(C)C)CCC3(C)C5CCC4C2(C)C)ccc1O,gamma-oryzanol,0,expert_curation,Rice bran sterol ester - safe supplement
IAYPIBMASNFSPL-UHFFFAOYSA-N,C1CO1,Ethylene Oxide,,non_drug,industrial sterilant carcinogen
AILVBOHFGXNHCC-UHFFFAOYSA-N,NCCCCC(N)C(=O)NC(CCCN=C(N)N)C(=O)N1CCCC1C(=O)N1CCCC1C(=O)NCC(=O)NC(Cc1ccccc1)C(=O)NC(CO)C(=O)N1CCCC1C(=O)NC(Cc1ccccc1)C(=O)O,"kallidin, des-Arg(10)-",,non_drug,kinin peptide
GKJHBAGJUMHZCI-UHFFFAOYSA-N,CC1NC(=O)C(C(C)O)NC(=O)CNC(=O)C(Cc2cnc[nH]2)NC(=O)C(Cc2c[nH]c3ccccc23)NC(=O)CC(C(N)=O)NC(=O)CNC(=O)CC(C(=O)NC(Cc2c[nH]c3ccccc23)C(=O)NC(Cc2ccccc2)C(=O)NC(Cc2ccccc2)C(=O)NC(CC(N)=O)C(=O)NC(Cc2ccc(O)cc2)C(=O)NC(Cc2ccc(O)cc2)C(=O)NC(Cc2c[nH]c3ccccc23)C(=O)O)NC(=O)C2CCCN2C1=O,RES 701-1,,non_drug,ETB antagonist research
DEXMLDCINRCPNE-UHFFFAOYSA-N,CCCCCCCCCCCCCCCC(=O)NC(CSCC(COC(=O)CCCCCCCCCCCCCCC)OC(=O)CCCCCCCCCCCCCCC)C(=O)NC(CO)C(=O)O,"2,3-bis-(palmitoyloxy)-2-propyl-N-palmitoyl-cysteinylserine",,non_drug,IUPAC chemistry name
BQOURLGXLYRASY-UHFFFAOYSA-N,N#CC(C#N)=Cc1ccc(O)c([N+](=O)[O-])c1,AG 127,,non_drug,research
IXQKXEUSCPEQRD-UHFFFAOYSA-N,CC(=O)OC(C)(C)C=CC(=O)C(C)(O)C1C(O)CC2(C)C3CC=C4C(CC(O)C(=O)C4(C)C)C3(C)C(=O)CC12C,cucurbitacin B,0,expert_curation,Bitter principle - somewhat toxic but tolerable
YWQARFYIYSOBIS-UHFFFAOYSA-N,C=CC1=C(C)C2=CC3=NC(=C(CC(=O)O)C4=NC(=C(C)C4=C(O)O)C=c4[nH]c(c(C)c4CC)=CC1=N2)C(CCC(=O)O)C3C,chlorophyllin,,non_drug,industrial/lab/non-drug chemical
KLIDCXVFHGNTTM-UHFFFAOYSA-N,COc1cccc(OC)c1O,"pyrogallol 1,3-dimethyl ether",,non_drug,lab compound
YOVRGSHRZRJTLZ-UHFFFAOYSA-N,CCCCCc1cc(O)c2c(c1)OC(C)(C)C1CCC(C(=O)O)=CC21,11-nor-delta(9)-tetrahydrocannabinol-9-carboxylic acid,,non_drug,IUPAC chemistry name
JJQCWPWUHZFKBN-UHFFFAOYSA-N,C=C1C=C(C(C)(C)C)C(=O)C(C(C)(C)C)=C1,"2,6-di-tert-butyl-4-methylene-2,5-cyclohexadienone",,non_drug,IUPAC chemistry name
XVMZDZFTCKLZTF-UHFFFAOYSA-N,CCC1(O)C(=O)OCc2c1cc1n(c2=O)Cc2cc3c(OC)cccc3nc2-1,9-methoxycamptothecin,1,expert_curation,Camptothecin analog - hepatotoxic
GHKISGDRQRSCII-UHFFFAOYSA-N,CN1Cc2c(ccc3c2OCO3)C2C(O)Cc3cc4c(cc3C21)OCO4,chelidonine,1,expert_curation,Greater celandine alkaloid - LiverTox B documented hepatitis
AKNILCMFRRDTEY-UHFFFAOYSA-N,COc1cc(C(=O)OC2C3C=COC(OC4OC(CO)C(O)C(O)C4O)C3C3(CO)OC23)ccc1O,picroside II,0,expert_curation,Iridoid - safe at moderate doses
MRSWRSDZIPNFCN-UHFFFAOYSA-N,CC12CCc3c(ccc4c(O)c(O)ccc34)C1CCC2=O,4-hydroxy-equilenin,,non_drug,estrogen metabolite
YJVFSITVRZYTHO-UHFFFAOYSA-N,CCC(=C(c1ccccc1)c1ccc(O)cc1)c1ccccc1,"1-(4-hydroxyphenyl)-1,2-diphenyl-1-butene",,non_drug,IUPAC chemistry name
FQSRGOGWCPXJIN-UHFFFAOYSA-N,CCN(CC)C(=O)[S+](C)[O-],"S-methyl N,N-diethylthiolcarbamate sulfoxide",,non_drug,Disulfiram metabolite research
JLNNQCUATONMIT-UHFFFAOYSA-N,CC(=O)OC1C=CC(=O)N(C(=O)CCc2ccccc2)C1,pipermethystine,1,expert_curation,Kava - LiverTox B
TUJUPTAJHFFHJT-UHFFFAOYSA-N,CCOC1(NC(=O)c2ccccc2)CC1,benzcoprine,,non_drug,Research
BGKHCLZFGPIKKU-UHFFFAOYSA-N,CCCCCC(O)C=CC1C=CC(=O)C1CCCCCCC(=O)O,prostaglandin A1,,non_drug,industrial/lab/non-drug chemical
QKDVYBBXPCCURL-UHFFFAOYSA-N,Nc1cc([As]2[As](c3ccc(O)c(N)c3)[As](c3ccc(O)c(N)c3)[As](c3ccc(O)c(N)c3)[As]2c2ccc(O)c(N)c2)ccc1O,CHEMBL3137672,,non_drug,ChEMBL ID only
IAJOBQBIJHVGMQ-UHFFFAOYSA-N,CP(=O)(O)CCC(N)C(=O)O,phosphinothricin,0,expert_curation,Glufosinate - hepatic effects
XHCADAYNFIFUHF-UHFFFAOYSA-N,O=c1ccc2cc(OC3OC(CO)C(O)C(O)C3O)c(O)cc2o1,Esculin,0,expert_curation,Listed
YKQOSKADJPQZHB-UHFFFAOYSA-N,CCC(C)CCCC(=O)NC(CCN)C(=O)NC(C(=O)NC(CCN)C(=O)NC1CCNC(=O)C(C(C)O)NC(=O)C(CCN)NC(=O)C(CCN)NC(=O)C(CC(C)C)NC(=O)C(CC(C)C)NC(=O)C(CCN)NC1=O)C(C)O,Colistin,1,expert_curation,LiverTox C - rare hepatic injury
UGYXPZQILZRKJJ-UHFFFAOYSA-N,Cc1[nH]cnc1CCN,4-methylhistamine,,non_drug,research compound
NGNZQSPFQJCBJQ-UHFFFAOYSA-N,CC(C)CC(NC(=O)C(Cc1ccccc1)NC(=O)C(CC(C)C)NC(=O)C(Cc1ccccc1)NC(=O)OC(C)(C)C)C(=O)NC(Cc1ccccc1)C(=O)O,butyloxycarbonyl-phenylalanyl-leucyl-phenylalanyl-leucyl-phenylalanine,,non_drug,Research peptide
KJTLSVCANCCWHF-UHFFFAOYSA-N,[Ru],Ruthenium,,non_drug,element / inorganic substance
OHYGPBKGZGRQKT-UHFFFAOYSA-N,CCC(=O)OC1(C(=O)CO)C(C)CC2C3CCC4=CC(=O)C=CC4(C)C3(Cl)C(O)CC21C,beclomethasone 17-monopropionate,1,expert_curation,Beclomethasone metabolite
DTOSIQBPPRVQHS-UHFFFAOYSA-N,CCC=CCC=CCC=CCCCCCCCC(=O)O,alpha-Linolenic Acid,0,expert_curation,Essential FA - safe
XEAQIWGXBXCYFX-UHFFFAOYSA-N,COC1=CC(=O)OC(C=Cc2ccccc2)C1,kavain,1,expert_curation,Kava component - LiverTox B documented hepatitis
JPKKMFOXWKNEEN-UHFFFAOYSA-N,CC(O)C[N+](C)(C)C,beta-methylcholine,,non_drug,Choline analog research
VDNVVLOBNHIMQA-UHFFFAOYSA-N,CSCCC(NC(=O)C1CSSCC(NC(=O)C(NC(=O)C(CO)NC(=O)C(Cc2c[nH]c3ccccc23)NC(=O)C2CSSCC(NC(=O)C(CC(=O)O)NC(=O)C(NC(=O)C(CC(=O)O)NC(=O)C(NC(=O)C(Cc3ccccc3)NC(=O)C3CCC(=O)N3)C(C)O)C(C)C)C(=O)NC(CO)C(=O)NC(C(C)C)C(=O)NC(CO)C(=O)NC(CCCCN)C(=O)NC(CCC(=O)O)C(=O)N2)C(C)C)C(=O)NC(CCCCN)C(=O)NC(CC(=O)O)C(=O)NC(CC(C)C)C(=O)NC(Cc2ccccc2)C(=O)NCC(=O)NC(C(C)C)C(=O)NC(CC(=O)O)C(=O)NC(CCCNC(=N)N)C(=O)NCC(=O)NC(CCCCN)C(=O)N1)C(=O)NCC(=O)NC(CCCCN)C(=O)NC(CCCCN)C(=O)NC1CSSCC(C(=O)NC(Cc2ccc(O)cc2)C(=O)NC(CCC(N)=O)C(=O)O)NC(=O)C(CCCNC(=N)N)NC1=O,iberiotoxin,,non_drug,peptide toxin research
IORISFYTXJVNFE-UHFFFAOYSA-N,O=[N+]([O-])c1cccc(S(=O)(=O)O)c1[N+](=O)[O-],dinitrobenzenesulfonic acid,,non_drug,industrial/lab/non-drug chemical
IBRKLUSXDYATLG-UHFFFAOYSA-N,CC1NCCc2cc(O)c(O)cc21,salsolinol,0,expert_curation,Tetrahydroisoquinoline - endogenous
BHMBVRSPMRCCGG-UHFFFAOYSA-N,CCCCCC(O)C=CC1C(=O)CC(O)C1CC=CCCCC(=O)O,Prostaglandin D2,,non_drug,industrial/lab/non-drug chemical
AAWZDTNXLSGCEK-UHFFFAOYSA-N,O=C(O)C1(O)CC(O)C(O)C(O)C1,Quinic Acid,0,expert_curation,Natural compound - safe
KXPSZHIUQPHVGH-UHFFFAOYSA-N,O=C(O)C1CCCN1C(=S)S,prolinedithiocarbamate,0,expert_curation,Lab chelator
JTIGKVIOEQASGT-UHFFFAOYSA-N,Cc1ccc2c(-c3ccccc3)nc(=O)n(C(C)C)c2c1,proquazone,1,expert_curation,NSAID - hepatic effects
IRPXADUBAQAOKL-UHFFFAOYSA-N,O=S(=O)(O)c1ccc2c(N=Nc3ccc(S(=O)(=O)O)c4ccccc34)c(O)c(S(=O)(=O)O)cc2c1,Amaranth Dye,,non_drug,food dye - safety controversial
YDRYQBCOLJPFFX-UHFFFAOYSA-N,NC(CSC(F)(F)C(F)F)C(=O)O,"S-(1,1,2,2-tetrafluoroethyl)cysteine",,non_drug,IUPAC chemistry name
SCULJPGYOQQXTK-UHFFFAOYSA-N,CC(=O)OC1C(c2ccc(=O)oc2)C2(C)CCC3C(CCC4CC(O)CCC43C)C23OC13,cinobufagin,1,expert_curation,Bufadienolide - hepatotoxic
QNDVLZJODHBUFM-UHFFFAOYSA-N,C=C1C(O)C2OC3(CCC(C=CC(C)C4CC(C)=CC5(OC(CC(C)(O)C(=O)O)CCC5O)O4)O3)CCC2OC1C(O)CC(C)C1OC2(CCCCO2)CCC1C,Okadaic Acid,1,expert_curation,Tumor promoter - hepatotoxic
JXLKFRGVAKGKLT-AJDNJWQDSA-N,Cc1cn([C@@H]2O[C@]3(CO)CO[C@@H]2[C@@H]3OP(O)(=S)OC[C@]23CC([C@H](n4cc(C)c(=O)[nH]c4=O)O2)[C@@H]3OP(O)(=S)OC[C@H]2O[C@@H](n3cc(C)c(=O)[nH]c3=O)C[C@@H]2OP(O)(=S)OC[C@H]2O[C@@H](n3cnc4c(N)ncnc43)[C@H](O)[C@@H]2OP(O)(=S)OC[C@H]2O[C@@H](n3cnc4c(=O)[nH]c(N)nc43)[C@H](O)[C@@H]2OP(O)(=S)OC[C@H]2O[C@@H](n3ccc(N)nc3=O)[C@H](O)[C@@H]2OP(O)(=S)OC[C@H]2O[C@@H](n3cnc4c(N)ncnc43)[C@H](O)[C@@H]2OP(O)(=S)OC[C@H]2O[C@@H](n3ccc(N)nc3=O)[C@H](O)[C@@H]2OP(O)(=S)OC[C@H]2O[C@@H](n3cc(C)c(=O)[nH]c3=O)C[C@@H]2OP(O)(=S)OC[C@H]2O[C@@H](n3cnc4c(=O)[nH]c(N)nc43)[C@H](O)[C@@H]2OP(O)(=S)OC[C@H]2O[C@@H](n3cnc4c(=O)[nH]c(N)nc43)[C@H](O)[C@@H]2OP(O)(=S)OC[C@H]2O[C@@H](n3ccc(N)nc3=O)[C@H](O)[C@@H]2OP(O)(=S)OC[C@]23CO[C@@H]([C@H](n4cc(C)c(N)nc4=O)O2)[C@@H]3OP(O)(=S)OC[C@]23CC([C@H](n4cc(C)c(=O)[nH]c4=O)O2)[C@@H]3O)c(=O)nc1N,CHEMBL1093000,,non_drug,ChEMBL ID only
SJJCQDRGABAVBB-UHFFFAOYSA-N,O=C(O)c1ccc2ccccc2c1O,1-hydroxy-2-naphthoic acid,1,expert_curation,Industrial intermediate - hepatic
JGEMYUOFGVHXKV-UHFFFAOYSA-N,O=CC=CC=O,malealdehyde,,non_drug,lab compound
WGQHFCXVVFMQEB-UHFFFAOYSA-N,C=CC(C)(C)C1=Nc2cc(CC=C(C)C)ccc2C1=Cc1[nH]c(=O)c(=O)[nH]c1O,neoechinulin,1,expert_curation,Aspergillus mycotoxin - hepatic effects
CKTSBUTUHBMZGZ-UHFFFAOYSA-N,Nc1ccn(C2CC(O)C(CO)O2)c(=O)n1,Deoxycytidine,0,expert_curation,Nucleoside - safe
ZGONASGBWOJHDD-UHFFFAOYSA-N,CCN(N=O)C(=N)N[N+](=O)[O-],ENNG,1,expert_curation,N-ethyl-N'-nitro-N-nitrosoguanidine - hepatic carcinogen
GGNQRNBDZQJCCN-UHFFFAOYSA-N,Oc1ccc(O)c(O)c1,hydroxyhydroquinone,,non_drug,lab
VLLFGVHGKLDDLW-SFHVURJKSA-N,C[C@@]1(c2cc(NC(=O)c3ccc(C#N)cn3)ccc2F)C=CSC(N)=N1,Atabecestat,1,expert_curation,BACE inhibitor - withdrawn due to liver toxicity in trials
RPMARRQIRRJWEZ-UHFFFAOYSA-N,Cc1cc(Cl)cc2c1oc1cc(Cl)cc(Cl)c12,"6-methyl-1,3,8-trichlorodibenzofuran",,non_drug,IUPAC chemistry name
KYYQSAMPTLGNIQ-KNFYDQAFSA-N,Cc1c(N)nc([C@@H](CC(N)=O)NC[C@@H](N)C(N)=O)nc1C(=O)N[C@@H](C(=O)N[C@@H](C)[C@H](O)[C@@H](C)C(=O)N[C@H](C(=O)NCCc1nc(-c2nc(C(=O)NCCCN(C)CCCN(Cc3ccc(OCc4ccccc4)c(OCc4ccccc4)c3)Cc3ccc(OCc4ccccc4)c(OCc4ccccc4)c3)cs2)cs1)[C@@H](C)O)C(O[C@H]1O[C@@H](CO)[C@H](O)[C@@H](O)[C@H]1O[C@H]1O[C@@H](CO)[C@@H](O)[C@H](OC(N)=O)[C@@H]1O)c1c[nH]cn1,CHEMBL3137684,,non_drug,ChEMBL ID only
LFWHFZJPXXOYNR-UHFFFAOYSA-N,CSc1ccc(C=C2C(C)=C(CC(=O)O)c3cc(F)ccc32)cc1,sulindac sulfide,1,expert_curation,Sulindac metabolite - LiverTox A acute liver failure
OJCKRNPLOZHAOU-UHFFFAOYSA-N,CC1CC(C)CC(C)C(O)C(C#N)=CC=CCC(C2CCCC2C(=O)O)OC(=O)CC(O)C(C)C1,borrelidin,1,expert_curation,Antibiotic - hepatic effects
LEBVLXFERQHONN-UHFFFAOYSA-N,CCCCN1CCCCC1C(=O)Nc1c(C)cccc1C,BUPIVACAINE,1,expert_curation,Local anesthetic - LiverTox C
MLEBFEHOJICQQS-UHFFFAOYSA-N,CN(C)c1cccc2c(S(=O)(=O)NCCCCCN)cccc12,monodansylcadaverine,,non_drug,lab probe
ZHHZHHSFKCANOC-UHFFFAOYSA-N,C=CCOC=O,CHEMBL1697703,,non_drug,ChEMBL ID only
GTONGKBINDTWOM-UHFFFAOYSA-N,CC1=CC2OC3CC4OC(=O)C=CC=CC5(C(C)O)OCCC6(OC6C(=O)OCC2(CC1)C4(C)C31CO1)C5O,satratoxin G,1,expert_curation,Trichothecene - hepatotoxic
MASNOZXLGMXCHN-UHFFFAOYSA-N,CSCCC(NC(=O)C(CC(C)C)NC(=O)C(Cc1c[nH]c2ccccc12)NC(=O)C(CCC(N)=O)NC(=O)C(NC(=O)C(Cc1ccccc1)NC(=O)C(CC(=O)O)NC(=O)C(CCC(N)=O)NC(=O)C(C)NC(=O)C(CCCNC(=N)N)NC(=O)C(CCCNC(=N)N)NC(=O)C(CO)NC(=O)C(CC(=O)O)NC(=O)C(CC(C)C)NC(=O)C(Cc1ccc(O)cc1)NC(=O)C(CCCCN)NC(=O)C(CO)NC(=O)C(Cc1ccc(O)cc1)NC(=O)C(CC(=O)O)NC(=O)C(CO)NC(=O)C(NC(=O)C(Cc1ccccc1)NC(=O)C(NC(=O)CNC(=O)C(CCC(N)=O)NC(=O)C(CO)NC(=O)C(N)Cc1cnc[nH]1)C(C)O)C(C)O)C(C)C)C(=O)NC(CC(N)=O)C(=O)NC(C(=O)O)C(C)O,Glucagon,1,expert_curation,Therapeutic protein - LiverTox E (but listed for completeness)
SCLDJNREJBDLHE-UHFFFAOYSA-N,COc1ccc(C2CC2N)cc1,4-methoxytranylcypromine,1,expert_curation,Tranylcypromine analog - hepatic
AWJJLYZBWRIBCZ-UHFFFAOYSA-N,Nc1ncnc2c1ncn2C1OC(COP(=O)(O)OP(=O)(O)OP(=O)(O)O)C(OC(=O)c2ccc(C(=O)c3ccccc3)cc2)C1O,3'-O-(4-benzoyl)benzoyladenosine 5'-triphosphate,,non_drug,IUPAC chemistry name
FCWWXLDADWPWDG-UHFFFAOYSA-N,COC(=O)C(Cc1ccc(N(CCCl)CCCl)cc1)NC(=O)C(CC(C)C)NC(=O)C(Cc1ccccc1)NC(=O)CNC(=O)C(C)NC(=O)C(N)Cc1ccc(O)cc1,"enkephalin-Leu, Ala(2)-melphalan methyl ester-",,non_drug,IUPAC chemistry name
JEIWQRITHXYGIF-UHFFFAOYSA-N,CCCCCCCOc1cc2c(cc1C(C)=Cc1ccc(C(=O)O)cc1)C(C)(C)CCS2(=O)=O,Ro 41-5253,,non_drug,RAR antagonist research
NDTYTMIUWGWIMO-UHFFFAOYSA-N,C=C(C)C1CC=C(CO)CC1,perillyl alcohol,0,expert_curation,Terpene - cancer prevention research
OGFXBIXJCWAUCH-UHFFFAOYSA-N,COc1cc(C2c3cc(O)c(OC)cc3CC(CO)C2CO)ccc1O,isolariciresinol,0,expert_curation,Lignan - safe
YBZZWMVMQHZXIN-UHFFFAOYSA-N,O=C(O)COc1ccc(NCc2cccc(-c3ccccc3C(F)(F)F)c2)cc1F,CHEMBL4593950,,non_drug,ChEMBL ID only
DFMAXQKDIGCMTL-UHFFFAOYSA-N,COc1c2ccoc2c(OC)c2oc(=O)ccc12,isopimpinellin,1,expert_curation,Coumarin - hepatic effects
XRWQIKFCERFKOD-UHFFFAOYSA-N,Clc1nccc(Nc2nnnn2Cc2ccccc2)n1,CHEMBL5205086,,non_drug,ChEMBL ID only
YKJYKKNCCRKFSL-UHFFFAOYSA-N,COc1ccc(CC2NCC(O)C2OC(C)=O)cc1,Anisomycin,1,expert_curation,Antibiotic - hepatic
OLVCFLKTBJRLHI-AXAPSJFSSA-N,Cn1nnnc1SCC1=C(C(=O)O)N2C(=O)[C@@H](NC(=O)[C@H](O)c3ccccc3)[C@H]2SC1,cefamandole,1,expert_curation,Cephalosporin - LiverTox C
YWDUZLFWHVQCHY-UHFFFAOYSA-N,Brc1cc(Br)cc(Br)c1,"1,3,5-tribromobenzene",,non_drug,IUPAC chemistry name
XQNAUQUKWRBODG-UHFFFAOYSA-N,O=[N+]([O-])c1ccc(Oc2c(Cl)cc(Cl)cc2Cl)cc1,"2,4,6-trichlorophenyl 4-nitrophenyl ether",,non_drug,IUPAC chemistry name
WPBZMCGPFHZRHJ-UHFFFAOYSA-N,NNC(=O)c1ccc(N)cc1,4-aminobenzhydrazide,0,expert_curation,INH analog - hepatic potential
HZQDCMWJEBCWBR-UHFFFAOYSA-N,NC(=O)c1ncn(C2OC(CO)C(O)C2O)c1O,mizoribine,1,expert_curation,Immunosuppressant - hepatotoxicity reports
GHNQGDUYHCZZPT-UHFFFAOYSA-N,Cc1cc(NS(=O)(=O)c2ccc(N=O)cc2)no1,4-nitrososulfamethoxazole,1,expert_curation,Sulfa metabolite - immune-mediated DILI
LAHWLEDBADHJGA-UHFFFAOYSA-N,Clc1ccc(Cl)c(-c2cc(Cl)c(Cl)cc2Cl)c1,"2,4,5,2',5'-pentachlorobiphenyl",,non_drug,IUPAC chemistry name
YSCNMFDFYJUPEF-UHFFFAOYSA-N,O=S(=O)(O)c1cc(N=C=S)ccc1C=Cc1ccc(N=C=S)cc1S(=O)(=O)O,"4,4'-Diisothiocyanostilbene-2,2'-Disulfonic Acid",,non_drug,IUPAC chemistry name
DNPINJJWFMWFRD-UHFFFAOYSA-N,COc1cc(COP2(=O)OCC3OC(n4c(Br)nc5c(N)ncnc54)C(O)C3O2)c([N+](=O)[O-])cc1OC,"4,5-dimethoxy-2-nitrobenzyl-8-bromo-cAMP",,non_drug,IUPAC chemistry name
RXWNCPJZOCPEPQ-UHFFFAOYSA-N,COc1ccc(CC(N)C(=O)NC2C(CO)OC(n3cnc4c(N(C)C)ncnc43)C2O)cc1,Puromycin,1,expert_curation,Antibiotic - hepatic effects
ZTXDHEQQZVFGPK-UHFFFAOYSA-N,O=c1n(CC2CO2)c(=O)n(CC2CO2)n1CC1CO1,CHEMBL2105991,,non_drug,ChEMBL ID only
RAQNTCRNSXYLAH-UHFFFAOYSA-N,CC(C)=CCCC(C)(O)C1CCC2(C)C1C(O)CC1C3(C)CCC(O)C(C)(C)C3C(OC3OC(CO)C(O)C(O)C3O)CC12C,ginsenoside Rh1,1,expert_curation,Hepatic effects mild - mark 0
WBZKQQHYRPRKNJ-UHFFFAOYSA-N,O=S(O)S(=O)(=O)O,sodium metabisulfite,,non_drug,preservative
DUGOZIWVEXMGBE-CHWSQXEVSA-N,COC(=O)[C@H](c1ccccc1)[C@H]1CCCCN1,CHEMBL827,,non_drug,ChEMBL ID only
FTAGQROYQYQRHF-UHFFFAOYSA-N,CCC=CCC=CCC=CCC=CC=CC(O)CCCC(=O)O,"5-hydroxy-6,8,11,14,17-eicosapentaenoic acid",,non_drug,IUPAC chemistry name
RZPAXNJLEKLXNO-UHFFFAOYSA-N,CC(C)CCC(O)C(C)C1CCC2C3CC=C4CC(O)CCC4(C)C3CCC12C,22-hydroxycholesterol,0,expert_curation,Oxysterol biomarker
AYMYWHCQALZEGT-UHFFFAOYSA-N,O=C(C=Cc1ccc(O)c(O)c1)c1ccc(O)cc1O,butein,,non_drug,Chalcone - safe at moderate dietary
QUKPALAWEPMWOS-UHFFFAOYSA-N,c1ncc2cn[nH]c2n1,"pyrazolo(3,4-d)pyrimidine",,non_drug,IUPAC chemistry name
XJLXINKUBYWONI-UHFFFAOYSA-N,NC(=O)c1ccc[n+](C2OC(COP(=O)([O-])OP(=O)(O)OCC3OC(n4cnc5c(N)ncnc54)C(OP(=O)(O)O)C3O)C(O)C2O)c1,NADP,0,expert_curation,Coenzyme - endogenous
WOAHJDHKFWSLKE-UHFFFAOYSA-N,O=C1C=CC=CC1=O,2-benzoquinone,,non_drug,lab oxidant
VLSMHEGGTFMBBZ-UHFFFAOYSA-N,C=C(C)C1CNC(C(=O)O)C1CC(=O)O,Kainic Acid,,non_drug,neurotoxic research compound
YSLFLCIPPPJEHH-UHFFFAOYSA-N,O=C(OC1C2OC(=O)c3cc(O)c(O)c(O)c3Oc3cc4c(c(O)c3O)-c3c(cc(O)c(O)c3O)C(=O)OCC3OC(O)C(OC(=O)c5cc(O)c(O)c(O)c5Oc5cc6c(c(O)c5O)-c5c(cc(O)c(O)c5O)C(=O)OC1C(COC6=O)OC2O)C(OC(=O)c1cc(O)c(O)c(O)c1)C3OC4=O)c1cc(O)c(O)c(O)c1,oenothein B,0,expert_curation,Polyphenol - safe
KXMTXZACPVCDMH-UHFFFAOYSA-N,COC(=O)c1cc(OC)c2c(c1-c1c(CO)cc(OC)c3c1OCO3)OCO2,bicyclol,0,expert_curation,Hepatoprotective drug (China)
JXMYTVOBSFOHAF-UHFFFAOYSA-N,Cc1cccc(C2CN(C)CCc3c2cc(O)c(O)c3Cl)c1,SK&F 83959,,non_drug,DA agonist research
ZPHBZEQOLSRPAK-UHFFFAOYSA-N,CC(C)CC(NP(=O)(O)OC1OC(C)C(O)C(O)C1O)C(=O)NC(Cc1c[nH]c2ccccc12)C(=O)O,phosphoramidon,,non_drug,peptide protease inhibitor
HIYAVKIYRIFSCZ-UHFFFAOYSA-N,CNc1ccc2oc(CC3OC4(CCC3C)OC(C(C)C(=O)c3ccc[nH]3)C(C)CC4C)nc2c1C(=O)O,Calcimycin,1,expert_curation,Ionophore - hepatic effects
GEZHEQNLKAOMCA-UHFFFAOYSA-N,CC(C)=CCCC1(C)C=Cc2c(O)c3c(c(CC=C(C)C)c2O1)OC12C(=CC4CC1C(C)(C)OC2(CC=C(C)C(=O)O)C4=O)C3=O,gambogic acid,1,expert_curation,Gamboge - hepatotoxic
FSEUPUDHEBLWJY-UHFFFAOYSA-N,CC(=O)C(C)=NO,diacetylmonoxime,,non_drug,lab reagent
RRRSSAVLTCVNIQ-UHFFFAOYSA-N,COc1cc(O)c2c(=O)cc(-c3ccc(O)c(O)c3)oc2c1,hydroxygenkwanin,0,expert_curation,Flavone - safe
OMFXVFTZEKFJBZ-UHFFFAOYSA-N,CC12CCC(=O)C=C1CCC1C2C(O)CC2(C)C(C(=O)CO)CCC12,Corticosterone,1,expert_curation,Endogenous corticosteroid
MRQIXHXHHPWVIL-UHFFFAOYSA-N,Oc1ccc2ccccc2c1N=Nc1ccccc1,1-phenylazo-2-naphthol,1,expert_curation,Azo dye - hepatic carcinogen
IXVMHGVQKLDRKH-UHFFFAOYSA-N,CC(C)C(C)C(O)C(O)C(C)C1CCC2C3COC(=O)C4CC(O)C(O)CC4(C)C3CCC12C,brassinolide,1,expert_curation,Brassinosteroid - hepatic effects
OFHCOWSQAMBJIW-UHFFFAOYSA-N,C=C1C(=CC=C2CCCC3(C)C2CCC3C(C)CCCC(C)C)CC(O)CC1O,alfacalcidol,1,expert_curation,Vitamin D analog - LiverTox C with hypercalcemia
NNDIXBJHNLFJJP-UHFFFAOYSA-N,O=C(O)CCCC=CCC=CCC=CCC=CCCCCCO,"20-hydroxy-5,8,11,14-eicosatetraenoic acid",,non_drug,IUPAC chemistry name
XYHOBCMEDLZUMP-UHFFFAOYSA-N,c1c2c(cc3c1OCO3)-c1cc3ccc4c(c3c[n+]1CC2)OCO4,coptisine,1,expert_curation,Berberine analog - hepatotoxicity
AQFFXPQJLZFABJ-UHFFFAOYSA-N,CC(C)Oc1ccc2c(=O)c3cc(C(=O)O)ccc3oc2c1,6-isopropoxy-9-oxoxanthene-2-carboxylic acid,,non_drug,Research
WUHOQZCJWKCYCC-UHFFFAOYSA-N,Nc1nc(-c2ccccc2)cc(-c2cn(-c3ccccc3)nc2-c2ccc(OCc3ccccc3)cc2)n1,CHEMBL4451192,,non_drug,ChEMBL ID only
DBHGMZQRJDUFGS-UHFFFAOYSA-N,C1=C(c2ccccc2)C(c2ccc(OCCN3CCCCC3)cc2)Oc2ccccc21,CDRI 85-287,,non_drug,research compound
GOEJQGGEIVSVOK-UHFFFAOYSA-N,COc1cc2cc3c4cc(OC)c(OC)cc4cc[n+]3c(C)c2cc1OC,coralyne,1,expert_curation,Hepatotoxic alkaloid
DBWQSCSXHFNTMO-UHFFFAOYSA-N,CCCCCC=CCC=CCC1OC1CC=CCCCC(=O)O,"8,9-epoxyeicosatrienoic acid",,non_drug,IUPAC chemistry name
JFALSRSLKYAFGM-UHFFFAOYSA-N,[U],Uranium,,non_drug,element / inorganic substance
FRASJONUBLZVQX-UHFFFAOYSA-N,O=C1C=CC(=O)c2ccccc21,"1,4-naphthoquinone",,non_drug,lab compound
ZRVAAGAZUWXRIP-UHFFFAOYSA-N,CC(C)N(CCc1c[nH]c2ccccc12)C(C)C,"N,N-diisopropyltryptamine",,non_drug,DiPT - psychoactive research
WNGSUWLDMZFYNZ-UHFFFAOYSA-N,COc1cc(C(=O)OCCCCN=C(N)N)cc(OC)c1O,leonurine,1,expert_curation,Leonurus - hepatic effects
ZUINPPQIQARTKX-UHFFFAOYSA-N,NCCCNCCCCNCCCNC(=O)Cc1cccc2ccccc12,1-naphthylacetylspermine,,non_drug,research
BLRHMMGNCXNXJL-UHFFFAOYSA-N,Cn1ccc2ccccc21,1-methylindole,,non_drug,lab compound
JQQBXPCJFAKSPG-UHFFFAOYSA-N,O=C1OC2C3COC(=O)c4cc(O)c(O)c(O)c4-c4c(cc(O)c(O)c4O)C(=O)OC2C(OC(=O)c2cc(O)c(O)c4c2C2C1=CC(=O)C(O)(O4)C2(O)O)C(OC(=O)c1cc(O)c(O)c(O)c1)O3,Geraniin,0,expert_curation,Listed safe
QVDXUKJJGUSGLS-UHFFFAOYSA-N,COC(=O)C(N)CC(C)C,leucine methyl ester,,non_drug,industrial/lab/non-drug chemical
VQVUBYASAICPFU-UHFFFAOYSA-N,CC(=O)Oc1cc2c(cc1Cl)C1(OC(=O)c3ccccc31)c1cc(Cl)c(OC(C)=O)cc1O2,diacetyldichlorofluorescein,,non_drug,DCFDA lab probe
RPCHOOHBCZMYSY-UHFFFAOYSA-N,O=C(CNS(=O)(=O)c1ccccc1C(=O)NCCc1ccccc1)Nc1ccc(O)cc1,CHEMBL4762179,,non_drug,ChEMBL ID only
OYHDIURQIIDFSG-UHFFFAOYSA-N,Nc1c2c(nc3ccccc13)CCC(C(=O)NCCCc1ccccc1)C2,CHEMBL4213301,,non_drug,ChEMBL ID only
BHWMRBGNDAWZAO-UHFFFAOYSA-N,COc1cc2c(cc1OC)C(Cc1ccc(O)c(Oc3ccc(CC4c5cc(OC)c(OC)cc5CCN4C)cc3)c1)NCC2,N-desmethyldauricine,1,expert_curation,Dauricine alkaloid metabolite - hepatic
AHCBJGYELJNPOC-UHFFFAOYSA-N,CC(C)(C)c1cc2nc3ccccc3nc2s1,CHEMBL3330077,,non_drug,ChEMBL ID only
RETJLKUBHXTIGH-UHFFFAOYSA-N,COc1cc2oc(-c3ccc(OC4OC(CO)C(O)C(O)C4O)cc3)cc(=O)c2c(O)c1OC,cirsimarin,0,expert_curation,Flavone glycoside - safe
MWBJDDYEYGDWCZ-UHFFFAOYSA-N,CC1CCC2C(C)C3CCC4C(CC5C4CC(=O)C4CC(O)CCC45C)C3CN2C1,sinpeinine A,,non_drug,Trad alkaloid - hepatic
CYBWUNOAQPMRBA-UHFFFAOYSA-N,CC1OC(OC2C(OC(=O)C34CCC(C)(C)CC3C3=CCC5C6(C)CC(O)C(OC7OC(CO)C(O)C(O)C7O)C(CO)(CO)C6CCC5(C)C3(C)CC4O)OCC(O)C2O)C(O)C(O)C1OC1OCC(O)C(OC2OCC(O)(CO)C2O)C1O,platycodin D,1,expert_curation,Platycodon saponin - hepatic effects
BWTYSDDDRNNKFV-UHFFFAOYSA-N,CCCOc1ccc(-c2cc(C(C(=O)OCCOCCO)n3cc4nc(-c5cccc(F)c5F)nc-4cn3)on2)c(C(F)(F)F)c1,CHEMBL3121664,,non_drug,ChEMBL ID only
FTVWIRXFELQLPI-UHFFFAOYSA-N,O=C1CC(c2ccc(O)cc2)Oc2cc(O)cc(O)c21,naringenin,0,expert_curation,Flavonoid - safe
ODJLBQGVINUMMR-UHFFFAOYSA-N,CC12CCC3C(CCC4(O)CC(O)CCC34C=O)C1(O)CCC2C1=CC(=O)OC1,Strophanthidin,1,expert_curation,Cardiac glycoside - hepatic effects
CGHUQJRRADEHTQ-UHFFFAOYSA-N,NCCc1c[nH]c2ccc(Br)cc12,5-bromotryptamine,,non_drug,research
RCKCYCDBDYUIGM-UHFFFAOYSA-N,O=C(OC1C(Oc2ccccc2COC(=O)C2(O)C=CCCC2=O)OC(CO)C(O)C1O)c1ccccc1,tremulacin,0,expert_curation,Salicaceae - safe at moderate
APKHDKJWSHYLEU-UHFFFAOYSA-N,C[SeH],methaneselenol,,non_drug,metabolite
AUNGANRZJHBGPY-UHFFFAOYSA-N,Cc1cc2nc3c(=O)[nH]c(=O)nc-3n(CC(O)C(O)C(O)CO)c2cc1C,Riboflavin,0,expert_curation,Vitamin B2 - safe
PAAJKELBUMNQHC-VAWYXSNFSA-N,COc1cc(/C=C/c2ccc(Nc3c4c(nc5ccccc35)CCCC4)cc2)cc(OC)c1,CHEMBL4075223,,non_drug,ChEMBL ID only
CQOVPNPJLQNMDC-UHFFFAOYSA-N,NCCC(=O)NC(Cc1cnc[nH]1)C(=O)O,Carnosine,0,expert_curation,Dipeptide - safe
RVIXKDRPFPUUOO-UHFFFAOYSA-N,C[Se]C,dimethylselenide,,non_drug,metabolite
KQMVAGISDHMXJJ-UHFFFAOYSA-N,COc1cc(O)c2c(=O)c(-c3ccc(O)cc3)coc2c1,prunetin,0,expert_curation,Isoflavone - safe
QUGPSPNIFZMGKK-INMPTZRCSA-N,CC[C@H](C)C1=C2N=C3OC=CC=C[C@@]34OC[C@H]3O[C@@]4(OC3(C)C)N2[C@@H](Cc2ccccc2)C(=O)N1,CHEMBL4789198,,non_drug,ChEMBL ID only
DQEPMTIXHXSFOR-UHFFFAOYSA-N,OC1c2cc3ccc4cccc5ccc(c2C2OC2C1O)c3c45,"7,8-Dihydro-7,8-dihydroxybenzo(a)pyrene 9,10-oxide",,non_drug,IUPAC chemistry name
LJQQFQHBKUKHIS-IIZLOWFNSA-N,C=C(OC)C(=O)Nc1cc(OC)c(OC)cc1C(=O)O[C@H]1C[C@H](O[C@@H]2C(=O)C(NC(=O)OC)=C3/C(=C\CSSSC)[C@]2(O)C#C/C=C\C#C[C@@H]3O[C@@H]2O[C@H](C)[C@@H](NO[C@H]3C[C@H](O)[C@H](SC)[C@@H](C)O3)[C@H](O)[C@H]2O[C@H]2C[C@H](OC)[C@@H](NC(C)C)CO2)O[C@@H](C)[C@H]1O,CHEMBL449274,,non_drug,ChEMBL ID only
CSXAHYACQIWDLT-UHFFFAOYSA-N,CCCCCCCCCCCCCC=CC(O)C(COC1OC(CO)C(OC2OC(CO)C(O)C(OC3(C(=O)O)CC(O)C(NC(C)=O)C(C(O)C(CO)OC4(C(=O)O)CC(O)C(NC(C)=O)C(C(O)C(O)CO)O4)O3)C2O)C(O)C1O)NC(=O)CCCCCCCCCCCCCCCCC,"ganglioside, GD3",0,expert_curation,Endogenous lipid
NYWSLZMTZNODJM-UHFFFAOYSA-N,CCCCC1C(=O)OC(C(C)C(O)CCCN=C(N)N)C(C)C=C(C)CCCCC(O)CC(O)CC(O)CC(O)CC(O)C(OC2OC(CO)C(O)C2O)C=C(C)C(O)CCCC(O)CCCC(O)CCC(C)C1O,primycin,1,expert_curation,Macrolide antibiotic - hepatic
ZDTPXUKLGIDOCS-SFHVURJKSA-N,c1ccc2cc(NC3=NC[C@@]4(CN5CCC4CC5)O3)ncc2c1,CHEMBL3918431,,non_drug,ChEMBL ID only
HPJFXFRNEJHDFR-UHFFFAOYSA-N,CN(C)CCN1C(=O)c2ccc3c4c(ccc(c24)C1=O)C(=O)N(CCN(C)C)C3=O,naphthalenediimide,,non_drug,lab compound
NSUUUQRFPXZFLI-UHFFFAOYSA-N,CC#CC1(O)CCC2C3CCC4=CC(=O)CCC4(Cc4ccc(C)cc4)C3=CCC21C,RU 43044,0,expert_curation,Research compound
CYDMQBQPVICBEU-XRNKAMNCSA-N,CN(C)[C@@H]1C(O)=C(C(N)=O)C(=O)[C@@]2(O)C(O)=C3C(=O)c4c(O)ccc(Cl)c4[C@@](C)(O)[C@H]3C[C@@H]12,CHLORTETRACYCLINE,1,expert_curation,Tetracycline class - LiverTox B microvesicular steatosis
XWHXBDJVKUBUPH-UHFFFAOYSA-N,Nc1c2c(nc3cc(Br)ccc13)CCC(C(=O)NCCc1ccccc1)C2,CHEMBL4208905,,non_drug,ChEMBL ID only
XJSFLOJWULLJQS-NGVXBBESSA-N,CO[C@@H]1[C@@H](O[C@@H]2O[C@H](C)[C@@H](O[C@H]3C[C@@](C)(O)[C@@H](OC(=O)CC(C)C)[C@H](C)O3)[C@H](N(C)C)[C@H]2O)[C@@H](CC=O)C[C@@H](C)[C@@H](O)/C=C/C=C/C[C@@H](C)OC(=O)C[C@H]1OC(C)=O,josamycin,1,expert_curation,Macrolide - LiverTox C hepatotoxicity
QAOAOVKBIIKRNL-UHFFFAOYSA-N,CC(C)c1ccc2c(c1)c(SC(C)(C)C)c(CC(C)(C)C(=O)O)n2Cc1ccc(Cl)cc1,MK-886,,non_drug,5-LO research
ORXQGKIUCDPEAJ-UHFFFAOYSA-N,COc1cc(O)c(CC=C(C)C)c(O)c1C(=O)C=Cc1ccc(O)cc1,xanthohumol,0,expert_curation,Hops - safe at low doses
XNZOTQPMYMCTBZ-UHFFFAOYSA-N,C=CCSSC,allyl methyl disulfide,0,expert_curation,Listed safe
QTYMDECKVKSGSM-UHFFFAOYSA-N,COC(=O)C1(OC)CC2OC1(C)n1c3ccccc3c3c4c(c5c6ccccc6n2c5c31)C(=O)N(C)C4,KT 5823,,non_drug,PKG inhibitor research
RPMBYDYUVKEZJA-UHFFFAOYSA-N,COc1ccccc1CNCCCCCCNCCCCCCCCNCCCCCCNCc1ccccc1OC,methoctramine,1,expert_curation,Muscarinic antagonist research - hepatic effects
JWOWJQPAYGEFFK-UHFFFAOYSA-N,C[As](C)(C)=O,trimethylarsine oxide,,non_drug,arsenic metabolite
UEDUENGHJMELGK-UHFFFAOYSA-N,C=C1CC23CCC4C(C)(C(=O)OC5OC(CO)C(O)C(O)C5O)CCCC4(C)C2CCC1(OC1OC(CO)C(O)C(O)C1OC1OC(CO)C(O)C(O)C1O)C3,stevioside,0,expert_curation,Stevia - safe
ZLWYEPMDOUQDBW-UHFFFAOYSA-N,NC(=O)c1ccc(N)nc1,6-Aminonicotinamide,0,expert_curation,Listed
GVKKJJOMQCNPGB-UHFFFAOYSA-N,CC1COC2=C1C(=O)C(=O)c1c2ccc2c1CCCC2(C)C,cryptotanshinone,,non_drug,Salvia - mixed effects
NGGRGTWYSXYVDK-UHFFFAOYSA-N,Nc1nc(=O)n(C2CC(O)C(CO)O2)cc1Cl,5-chloro-2'-deoxycytidine,,non_drug,research nucleoside
KOYMTVWMCXDJNV-UHFFFAOYSA-N,COc1nc(C)ccc1CN1CC1C#N,CHEMBL2104100,,non_drug,ChEMBL ID only
OWPCHSCAPHNHAV-QIPOKPRISA-N,CO[C@@H](/C(C)=C/C=C/C(C)=C/c1coc(C)n1)[C@@H](C)[C@@H]1C[C@H](O)[C@@]2(C)O[C@@H]2/C=C/[C@@H](C)[C@H]2C[C@H](CC(=O)O2)C[C@@H]2O[C@H]2C(=O)O1,CHEMBL379989,,non_drug,ChEMBL ID only
FAOZLTXFLGPHNG-UHFFFAOYSA-N,CC(=O)C1(O)CCC2C3CC(C)C4=CC(=O)C=CC4(C)C3(F)C(O)CC21C,Fluorometholone,1,expert_curation,Corticosteroid topical (label 0 if ophthalmic)
ZCNBZFRECRPCKU-UHFFFAOYSA-N,O=c1c2ccccc2[nH]c(=S)n1CCN1CCC(=C(c2ccc(F)cc2)c2ccc(F)cc2)CC1,R 59949,,non_drug,DAG kinase research
KWVJHCQQUFDPLU-UHFFFAOYSA-N,CCCCCCCCC=CCCCCCCCC(=O)OCC(C[N+](C)(C)C)OC(=O)CCCCCCCC=CCCCCCCCC,"1,2-dioleoyloxy-3-(trimethylammonium)propane",,non_drug,IUPAC chemistry name
WMBOCUXXNSOQHM-UHFFFAOYSA-N,CCCC=C1OC(=O)c2ccccc21,butylidenephthalide,0,expert_curation,Angelica - safe
WVTKBKWTSCPRNU-UHFFFAOYSA-N,COc1ccc2cc1Oc1ccc(cc1)CC1c3cc(c(OC)cc3CCN1C)Oc1c(OC)c(OC)cc3c1C(C2)N(C)CC3,tetrandrine,1,expert_curation,Hepatotoxic - documented in Asian literature
KWVISVAMQJWJSZ-UHFFFAOYSA-N,CC1CCC2(NC1)OC1CC3C4CC=C5CC(O)CCC5(C)C4CCC3(C)C1C2C,solasodine,0,expert_curation,Solanum alkaloid - safe at low doses
PCMORTLOPMLEFB-UHFFFAOYSA-N,COc1cc(C=CC(=O)O)cc(OC)c1O,sinapinic acid,0,expert_curation,Phenolic - safe
VVNCNSJFMMFHPL-VKHMYHEASA-N,CC(C)(S)[C@@H](N)C(=O)O,CHEMBL1430,,non_drug,ChEMBL ID only
IADQVXRMSNIUEL-UHFFFAOYSA-N,O=CCc1ccc(O)c(O)c1,"3,4-dihydroxyphenylacetaldehyde",,non_drug,IUPAC chemistry name
PGOGEOISASKDLL-UHFFFAOYSA-N,CC(=O)OCN(CCCC(=O)c1cccnc1)N=O,4-(acetoxymethylnitrosamino)-1-(3-pyridyl)-1-butanone,,non_drug,IUPAC chemistry name
AHMMSNQYOPMLSX-UHFFFAOYSA-N,C=CCCCCCCCCC(=O)OC1CCC2C3CCC4=CC(=O)C=CC4(C)C3CCC12C,boldenone undecylenate,1,expert_curation,Anabolic steroid - LiverTox A
XLCISDOVNFLSGO-UHFFFAOYSA-N,CCCCCCCCCCCCCC(=O)OC1C(C)C2(O)C(C=C(CO)CC3(O)C(=O)C(C)=CC32)C2C(C)(C)C12O,phorbol-12-myristate,,non_drug,industrial/lab/non-drug chemical
SKNLUADAGHCXKF-UHFFFAOYSA-N,O=CC1OC(=O)c2cc(O)c(O)c(O)c2-c2c(cc(O)c(O)c2O)C(=O)OC1C1OC(=O)c2cc(O)c(O)c(O)c2-c2c(O)c(O)c3oc(=O)c4c(c(O)c(O)c5oc(=O)c2c3c54)-c2c(cc(O)c(O)c2O)C(=O)OCC1O,punicalagin,0,expert_curation,Listed safe
OAIJSZIZWZSQBC-UHFFFAOYSA-N,CC(C)=CCCC(C)=CC=CC(C)=CC=CC(C)=CC=CC=C(C)C=CC=C(C)C=CC=C(C)CCC=C(C)C,Lycopene,0,expert_curation,Carotenoid - safe
RHGKLRLOHDJJDR-UHFFFAOYSA-N,NC(=O)NCCCC(N)C(=O)O,Citrulline,0,expert_curation,Amino acid - safe
MMWCIQZXVOZEGG-UHFFFAOYSA-N,O=P(O)(O)OC1C(O)C(O)C(OP(=O)(O)O)C(OP(=O)(O)O)C1O,"Inositol 1,4,5-Trisphosphate",0,expert_curation,Endogenous signaling
SPVXKVOXSXTJOY-UHFFFAOYSA-N,[SeH2],CHEMBL1235891,,non_drug,ChEMBL ID only
FJTNLJLPLJDTRM-UHFFFAOYSA-N,Nc1ccc2c(n1)[nH]c1ccccc12,"2-amino-9H-pyrido(2,3-b)indole",,non_drug,IUPAC chemistry name
FDQAOULAVFHKBX-UHFFFAOYSA-N,COc1cc(C2Oc3ccc(C4Oc5cc(O)cc(O)c5C(=O)C4O)cc3OC2CO)ccc1O,isosilybin,0,expert_curation,Silybin isomer - hepatoprotective
WWUVMHRJRCRFSL-UHFFFAOYSA-N,COC1C=CC=CC=CCC(OC(=O)C(C)NC(=O)C2CCCCC2)C(C)C(O)C(C)=CCCC2=CC(=O)C=C(NC(=O)C1)C2=O,mycotrienin I,,non_drug,Hepatic
DLWSRGHNJVLJAH-UHFFFAOYSA-N,CC(C(=O)OCCCCO[N+](=O)[O-])c1ccc(-c2ccccc2)c(F)c1,nitroflurbiprofen,1,expert_curation,NSAID derivative - hepatic injury
JYGFTBXVXVMTGB-UHFFFAOYSA-N,O=C1Cc2ccccc2N1,2-oxindole,0,expert_curation,Lab reagent - mark NaN
CKUVNOCSBYYHIS-UHFFFAOYSA-N,CC(C)=CCCC(C)(O)C1CCC2(C)C1C(O)CC1C3(C)CCC(OC4OC(CO)C(O)C(O)C4O)C(C)(C)C3CCC12C,ginsenoside Rh2,1,expert_curation,Hepatic effects mild - mark 0
DJHGAFSJWGLOIV-UHFFFAOYSA-N,O=[As](O)(O)O,arsenic acid,,non_drug,inorganic arsenic
HJBWJAPEBGSQPR-UHFFFAOYSA-N,COc1ccc(C=CC(=O)O)cc1OC,"3-(3,4-dimethoxyphenyl)propenoic acid",,non_drug,IUPAC chemistry name
CUKSFECWKQBVED-UHFFFAOYSA-N,CC(C)=CC(=O)OC1Cc2cc3ccc(=O)oc3cc2OC1(C)C,decursin,1,expert_curation,Hepatic effects
IYBLVRRCNVHZQJ-UHFFFAOYSA-N,O=c1cc(-c2ccccc2)oc2cccc(O)c12,5-hydroxyflavone,,non_drug,industrial/lab/non-drug chemical
ACTOXUHEUCPTEW-UHFFFAOYSA-N,COC1C(O)CC(=O)OC(C)CC=CC=CC(OC2CCC(N(C)C)C(C)O2)C(C)CC(CC=O)C1OC1OC(C)C(OC2CC(C)(O)C(O)C(C)O2)C(N(C)C)C1O,Spiramycin,1,expert_curation,Macrolide - LiverTox C
QTQAWLPCGQOSGP-UHFFFAOYSA-N,COC1=C2CC(C)CC(OC)C(O)C(C)C=C(C)C(OC(N)=O)C(OC)C=CC=C(C)C(=O)NC(=CC1=O)C2=O,geldanamycin,1,expert_curation,HSP90 inhibitor - hepatotoxic
ZKIORVIXEWIOGB-UHFFFAOYSA-N,NCCc1c[nH]c2ccc(F)cc12,5-fluorotryptamine,,non_drug,research compound
KCWZGJVSDFYRIX-UHFFFAOYSA-N,COC(=O)C(N)CCCN=C(N)N[N+](=O)[O-],NG-Nitroarginine Methyl Ester,,non_drug,industrial/lab/non-drug chemical
IYVFNTXFRYQLRP-UHFFFAOYSA-N,CC1OC(OCC2OC(Oc3c(-c4ccc(OCCO)c(OCCO)c4)oc4cc(OCCO)cc(O)c4c3=O)C(O)C(O)C2O)C(O)C(O)C1O,troxerutin,0,expert_curation,Rutoside - safe (mild flavonoid)
MMURVNDSFNJHAM-OWOJBTEDSA-N,N=C(N)c1ccc(/C=C/c2ccc(C(=N)N)cc2)cc1,CHEMBL142304,,non_drug,ChEMBL ID only
LVKZSFMYNWRPJX-UHFFFAOYSA-N,O=[As](O)(O)c1ccccc1,benzenearsonic acid,,non_drug,organoarsenic toxicant
JDSRHVWSAMTSSN-UHFFFAOYSA-N,CCCCCC(C=CC=CCCCCCCCC(=O)O)OO,"13-hydroperoxy-9,11-octadecadienoic acid",,non_drug,IUPAC chemistry name
DZTWAOVNNLDWNH-UHFFFAOYSA-N,C=C1C(=O)OC2C=C(C)C(O)CC3OC3(C)CC(OC(=O)C(C)=CC)C12,leptocarpin,1,expert_curation,Sesquiterpene lactone - hepatic
KGPQKNJSZNXOPV-UHFFFAOYSA-N,O=c1cc(O)c1=O,moniliformin,1,expert_curation,Mycotoxin - hepatic effects
HCXVJBMSMIARIN-UHFFFAOYSA-N,CCC(C=CC(C)C1CCC2C3CC=C4CC(O)CCC4(C)C3CCC12C)C(C)C,Stigmasterol,0,expert_curation,Sterol - safe
XGCUCFKWVIWWNW-UHFFFAOYSA-N,CC(=O)OC1C(O)C2OC3C=C(C)C(=O)C(O)C3(CO)C1(C)C21CO1,fusarenon-X,1,expert_curation,Trichothecene - hepatotoxic
QAQJMLQRFWZOBN-UHFFFAOYSA-N,CCCCCCCCCCCCCCCC(=O)OCC(O)C1OC(=O)C(O)=C1O,6-O-palmitoylascorbic acid,,non_drug,industrial/lab/non-drug chemical
BLDWFKHVHHINGR-UHFFFAOYSA-N,CC(C)=CCCC1(C)CC(O)c2c(O)c3c(c(CC=C(C)C)c2O1)OC12C(=CC4CC1C(C)(C)OC2(CC=C(C)C(=O)O)C4=O)C3=O,neo-gambogic acid,1,expert_curation,Gamboge - hepatotoxic
KDXFPEKLLFWHMN-UHFFFAOYSA-N,O=c1c2cc(O)ccc2oc2cccc(O)c12,euxanthone,1,expert_curation,Xanthone - hepatic effects
SQOJOAFXDQDRGF-UHFFFAOYSA-N,CC1C(=O)OC2C(O)C34C5CC(C(C)(C)C)C36C(OC(=O)C6O)OC4(C(=O)O5)C12O,ginkgolide B,1,expert_curation,Ginkgo - mixed reports
UJUDOVXXLPFCGM-UHFFFAOYSA-N,COc1cccc2c1C(=Nc1ncnc3c1ncn3C1CC(O)C(CO)O1)c1[nH]c(O)c3cc4c(c-2c13)OCO4,7-(deoxyadenosin-N(6)-yl)aristolactam I,,non_drug,IUPAC chemistry name
NGXUJKBJBFLCAR-UHFFFAOYSA-N,CN(Cc1ccccc1)N=O,nitrosobenzylmethylamine,1,expert_curation,Nitrosamine - hepatic carcinogen
ATHHXGZTWNVVOU-UHFFFAOYSA-N,CNC=O,methylformamide,,non_drug,industrial solvent
HSHGZXNAXBPPDL-UHFFFAOYSA-N,CC(=O)OCC1=C(C(=O)O)N2C(=O)C(N)C2SC1,7-aminocephalosporanic acid,0,expert_curation,Beta-lactam intermediate - mark NaN (intermediate)
WVPAABNYMHNFJG-QDVBXLKVSA-N,CC/C=C(\C(=O)N[C@@H]1C(=O)N2C(C(=O)OCOC(=O)C(C)(C)C)=C(COC(N)=O)CS[C@H]12)c1csc(N)n1,cefcapene pivoxil,1,expert_curation,Cephalosporin pivalate prodrug - hepatotoxicity
XMRPGKVKISIQBV-UHFFFAOYSA-N,CC(=O)C1CCC2C3CCC4CC(=O)CCC4(C)C3CCC12C,5-alpha-Dihydroprogesterone,,non_drug,neurosteroid
IQIBKLWBVJPOQO-UHFFFAOYSA-N,CC1(C)CCSc2ccc(C#Cc3ccc(C(=O)O)cn3)cc21,CHEMBL1201375,,non_drug,ChEMBL ID only
CCCIJQPRIXGQOE-UHFFFAOYSA-N,CC1(O)CCC2C3CCC4=CC(=O)CCC4=C3C=CC21C,Metribolone,1,expert_curation,Synthetic anabolic - hepatotoxic
FCOAHACKGGIURQ-UHFFFAOYSA-N,CC(C)OP(=O)(OC(C)C)SCc1ccccc1,"O,O-diisopropyl-S-benzylthiophosphate",1,expert_curation,OP - hepatic
JKAYAIYRZARNRQ-YTQUADARSA-N,CC(F)(F)c1nnc(N[C@H](c2cn3ncc([C@@H](C4CC4)N4C[C@@H](C(F)(F)F)NC4=O)cc3n2)C2CCC(F)(F)CC2)o1,CHEMBL5592636,,non_drug,ChEMBL ID only
LVLLALCJVJNGQQ-UHFFFAOYSA-N,C=C1C(=CC=C2CCCC3(C)C2CCC3C(C)C=CC=CC(O)(CC)CC)CC(O)CC1O,seocalcitol,1,expert_curation,Vitamin D analog - hepatic effects
SLGBZMMZGDRARJ-UHFFFAOYSA-N,c1ccc2c(c1)c1ccccc1c1ccccc21,triphenylene,,non_drug,PAH
RXMUPNVSYKGKMY-UHFFFAOYSA-N,CN(C)c1nc(N)c(C(=O)N=C(N)N)nc1Cl,5-dimethylamiloride,1,expert_curation,Amiloride analog - hepatic
FMGYKKMPNATWHP-UHFFFAOYSA-N,C[n+]1ccc(-c2ccccc2)cc1,1-Methyl-4-phenylpyridinium,1,expert_curation,MPP+ neurotoxic research - hepatic
YPKBCLZFIYBSHK-UHFFFAOYSA-N,Cc1ccc2[nH]ccc2c1,5-methylindole,,non_drug,lab compound
JBSCUHKPLGKXKH-UHFFFAOYSA-N,CCCCCC1OC1CC=CCC=CCC=CCCCC(=O)O,"14,15-epoxy-5,8,11-eicosatrienoic acid",,non_drug,IUPAC chemistry name
FZLIPJUXYLNCLC-UHFFFAOYSA-N,[La],Lanthanum,,non_drug,element / inorganic substance
UXGNARZDONUMMK-UHFFFAOYSA-N,CCC(C)C(NC(=O)C1CCCN1C(=O)C(Cc1cnc[nH]1)NC(=O)C(CCCCNC(=O)C(CCCN=C(N)N)NC(=O)OCc1ccccc1)NC(=O)C(Cc1ccc(O)cc1)NC(=O)c1cccnc1)C(=O)O,CGP 42112A,,non_drug,AT2 research
AGBCLJAHARWNLA-UHFFFAOYSA-N,CC(C)=CCCC(C)(O)C1CCC2(C)C1C(O)CC1C3(C)CCC(O)C(C)(C)C3C(OC3OC(CO)C(O)C(O)C3OC3OC(C)C(O)C(O)C3O)CC12C,ginsenoside Rg2,1,expert_curation,Hepatic effects mild - mark 0
QASFUMOKHFSJGL-UHFFFAOYSA-N,CC1=C2CC3C(CC=C4CC(O)CCC43C)C2CCC12OC1CC(C)CNC1C2C,cyclopamine,1,expert_curation,Teratogenic alkaloid - hepatotoxic in animals
SSISHJJTAXXQAX-UHFFFAOYSA-N,C[N+](C)(C)C(Cc1c[nH]c(=S)[nH]1)C(=O)[O-],Ergothioneine,0,expert_curation,Antioxidant amino acid - safe
HMWAJFNEGAJETK-UHFFFAOYSA-N,C=CC(=O)c1ccc2cc(N(C)C)ccc2c1,acrylodan,0,expert_curation,Lab fluorescent probe
VEAUNWQYYMXIRB-UHFFFAOYSA-N,C=CC(C=Cc1ccc(O)cc1)c1ccc(O)cc1,hinokiresinol,0,expert_curation,Lignan - safe
PROQIPRRNZUXQM-UHFFFAOYSA-N,CC12CCC3c4ccc(O)cc4CCC3C1CC(O)C2O,Estriol,,non_drug,endogenous estrogen
XAXVWWYPKOGXSY-UHFFFAOYSA-N,Oc1ccc(C2Oc3cc(O)cc(C=Cc4ccc(O)c(C5c6cc(O)cc7c6C(c6cc(O)cc(O)c6C5c5ccc(O)cc5)C(c5ccc(O)cc5)O7)c4)c3C2c2cc(O)cc(O)c2)cc1,vitisin A,0,expert_curation,Listed safe
ATBAMAFKBVZNFJ-UHFFFAOYSA-N,[Be],Beryllium,,non_drug,element / inorganic substance
NKTGCVUIESDXPU-UHFFFAOYSA-N,CCCC=CCC=CC=CC=NNN=O,triacsin C,,non_drug,Acyl-CoA synthetase inhibitor research
PGAUJQOPTMSERF-QWQRBHLCSA-N,CC(=O)O[C@H]1CC[C@H]2[C@@H]3CC[C@H]4CC(=O)C=C(C)[C@]4(C)[C@H]3CC[C@]12C,CHEMBL2106880,,non_drug,ChEMBL ID only
XUCIJNAGGSZNQT-UHFFFAOYSA-N,N#CC(OC1OC(COC2OC(CO)C(O)C(O)C2O)C(O)C(O)C1O)c1ccccc1,Amygdalin,0,expert_curation,Apricot kernel - controversial but no clear hepatic DILI
PXUQTDZNOHRWLI-UHFFFAOYSA-O,COc1cc(-c2[o+]c3cc(O)cc(O)c3cc2OC2OC(CO)C(O)C(O)C2O)cc(OC)c1O,malvidin-3-glucoside,0,expert_curation,Anthocyanin - safe
KVRQGMOSZKPBNS-UHFFFAOYSA-N,CC1(OC(=O)C=Cc2ccccc2)CC(O)C2(O)C=COC(OC3OC(CO)C(O)C(O)C3O)C12,harpagoside,0,expert_curation,Listed
OZOMQRBLCMDCEG-VIZOYTHASA-N,O=C1CN(/N=C/c2ccc(-c3ccc([N+](=O)[O-])cc3)o2)C(=O)N1,CHEMBL1201288,,non_drug,ChEMBL ID only
IVLCGFRPPGNALI-UHFFFAOYSA-N,Cc1cc2c(nc1N)[nH]c1ccccc12,"2-amino-3-methyl-9H-pyrido(2,3-b)indole",,non_drug,IUPAC chemistry name
RZFHLOLGZPDCHJ-UHFFFAOYSA-N,CC(C)=CCCC(C)=CCCC(C)=CCCC1(C)CCc2c(C)c(O)c(C)c(C)c2O1,"tocotrienol, alpha",,non_drug,industrial/lab/non-drug chemical
OGBQILNBLMPPDP-UHFFFAOYSA-N,Clc1cc2oc3c(Cl)c(Cl)c(Cl)cc3c2cc1Cl,"2,3,4,7,8-pentachlorodibenzofuran",,non_drug,IUPAC chemistry name
CQOQDQWUFQDJMK-UHFFFAOYSA-N,COc1cc2c(cc1O)CCC1C2CCC2(C)C(O)CCC12,2-Methoxyestradiol,,non_drug,estrogen metabolite
PTDAHAWQAGSZDD-UHFFFAOYSA-N,CC1OC(OC2C(OC3C(OC4CCC5(C)C(CCC6(C)C5CC=C5C7CC(C)(C)CC(O)C7(C)CCC56C)C4(C)CO)OC(C(=O)O)C(O)C3O)OC(CO)C(O)C2O)C(O)C(O)C1O,soyasaponin I,,non_drug,industrial/lab/non-drug chemical
PWWCDTYUYPOAIU-UHFFFAOYSA-N,O=C(C=Cc1ccc(O)cc1)c1ccccc1,4-hydroxychalcone,1,expert_curation,Synthetic chalcone - hepatic effects
GOZCEKPKECLKNO-UHFFFAOYSA-N,CC(=O)c1ccc(OC2OC(CO)C(O)C(O)C2O)cc1,picein,0,expert_curation,Phenolic glycoside - safe
OZIHYFWYFUSXIS-UHFFFAOYSA-N,CC1CCC2(OC1)OC1CC3C4CC=C5CC(OC6OC(CO)C(OC7OC(C)C(OC8OC(C)C(O)C(O)C8O)C(O)C7O)C(O)C6OC6OC(C)C(O)C(O)C6O)CCC5(C)C4CCC3(C)C1C2C,formosanin C,1,expert_curation,Paris saponin - hepatotoxic
QLFZZSKTJWDQOS-UHFFFAOYSA-N,COC1CC(OC2C(C)OC(OC3C(C)=CCC4CC(CC5(C=CC(C)C(C6CCCCC6)O5)O4)OC(=O)C4C=C(C)C(O)C5OCC(=CC=CC3C)C45O)CC2OC)OC(C)C1O,doramectin,1,expert_curation,Listed
CLXVBVLQKLQNRQ-UHFFFAOYSA-N,COc1cc(OC)c2c(=O)cc(-c3ccc(OC)c(OC)c3)oc2c1,"5,7,3',4'-tetramethylluteolin",,non_drug,IUPAC chemistry name
BJRNKVDFDLYUGJ-UHFFFAOYSA-N,OCC1OC(Oc2ccc(O)cc2)C(O)C(O)C1O,Arbutin,0,expert_curation,Cosmetic - safe at low doses
SBJKKFFYIZUCET-UHFFFAOYSA-N,O=C1OC(C(O)CO)C(=O)C1=O,Dehydroascorbic Acid,0,expert_curation,Vitamin C oxidized
YWJXCIXBAKGUKZ-UHFFFAOYSA-N,COc1c(O)cc2c(c1O)C1OC(CO)C(O)C(O)C1OC2=O,bergenin,0,expert_curation,Polyphenol - safe (hepatoprotective)
OEYOHULQRFXULB-UHFFFAOYSA-N,Cl[As](Cl)Cl,arsenic trichloride,,non_drug,inorganic arsenic
KVKRFLVYJLIZFD-UHFFFAOYSA-N,CC(C)=CC1CC(C)(O)C2C3CCC4C5(C)CCC(OC6OCC(O)C(OC7OC(COC8OC(CO)C(O)C(O)C8O)C(O)C(O)C7OC7OCC(O)C(O)C7O)C6OC6OC(C)C(O)C(O)C6O)C(C)(C)C5CCC4(C)C34COC2(C4)O1,jujuboside A,1,expert_curation,Ziziphus - hepatic effects
PBCZSGKMGDDXIJ-UHFFFAOYSA-N,CNC1CC2OC(C)(C1OC)n1c3ccccc3c3c4c(c5c6ccccc6n2c5c31)C(=O)NC4O,7-hydroxystaurosporine,1,expert_curation,UCN-01 - hepatic effects
BAXOFTOLAUCFNW-UHFFFAOYSA-N,c1ccc2[nH]ncc2c1,Indazoles,,non_drug,generic chemical class
XVFMGWDSJLBXDZ-UHFFFAOYSA-O,Oc1ccc(-c2[o+]c3cc(O)cc(O)c3cc2O)cc1,pelargonidin,0,expert_curation,Anthocyanidin - safe
HFGZFHCWKKQGIS-NOZJJQNGSA-N,C[C@H]([C@](O)(Cn1cncn1)c1ccc(F)cc1F)S(C)(=O)=O,CHEMBL34139,,non_drug,ChEMBL ID only
WHWHDGKOSUKYOV-UHFFFAOYSA-N,CC1C(=O)CCC2C1(C)CCC1C2(C)CCC2(C)C3CC(C)(C(=O)O)CCC3(C)CCC12C,maytenonic acid,0,expert_curation,Hepatic effects in animal models
WAOQONBSWFLFPE-UHFFFAOYSA-N,CCN1CCCC1CNC(=O)c1c(O)c(Cl)cc(Cl)c1OC,Raclopride,1,expert_curation,Dopamine antagonist - LiverTox C
HKVAMNSJSFKALM-GKUWKFKPSA-N,CO[C@H]1C[C@@H]2CC[C@@H](C)[C@@](O)(O2)C(=O)C(=O)N2CCCC[C@H]2C(=O)O[C@H]([C@H](C)C[C@@H]2CC[C@@H](OCCO)[C@H](OC)C2)CC(=O)[C@H](C)/C=C(\C)[C@@H](O)[C@@H](OC)C(=O)[C@H](C)C[C@H](C)/C=C/C=C/C=C/1C,CHEMBL1908360,,non_drug,ChEMBL ID only
HVFLCNVBZFFHBT-ZKDACBOMSA-N,CO/N=C(\C(=O)N[C@@H]1C(=O)N2C(C(=O)[O-])=C(C[N+]3(C)CCCC3)CS[C@H]12)c1csc(N)n1,CEFEPIME,1,expert_curation,Cephalosporin - LiverTox C hepatic injury
VOYSBLXNXXZINO-UHFFFAOYSA-N,OC1c2ccc3c(c2C2OC2C1O)-c1ccccc1C1C=CC=CC31,"benzo(g)chrysene-11,12-dihydrodiol-13,14-epoxide",,non_drug,IUPAC chemistry name
IWIACDUBSJLWEJ-UHFFFAOYSA-N,[W+5],tungsten carbide,,non_drug,industrial
JICJBGPOMZQUBB-UHFFFAOYSA-N,CN1c2ccccc2C(NCCCCCCC(=O)O)c2ccc(Cl)cc2S1(=O)=O,tianeptine,1,expert_curation,LiverTox B - hepatic injury
FTSUPYGMFAPCFZ-UHFFFAOYSA-N,CCCN1CCCC2Cc3[nH]ncc3CC21,Quinpirole,,non_drug,D2/D3 dopamine agonist research compound
FWYVRZOREBYLCY-UHFFFAOYSA-N,Cc1nnc2n1-c1sc3c(c1C(c1ccccc1Cl)=NC2)CC(C(=O)N1CCOCC1)C3,bepafant,1,expert_curation,PAF antagonist - hepatic effects
KKVZAVRSVHUSPL-UHFFFAOYSA-N,COc1ccccc1C=CC=O,2-methoxycinnamaldehyde,0,expert_curation,Cinnamon - safe at moderate
ZROVOGSXAWNIQB-UHFFFAOYSA-N,CCn1c(=O)ccc2cc(COc3cc(F)cc(C4(OC)CCOCC4)c3)ccc21,ZM 230487,,non_drug,research
HNEGQIOMVPPMNR-UHFFFAOYSA-N,CC(=CC(=O)O)C(=O)O,citraconic acid,0,expert_curation,Diacid - safe
KNSPHZFVYBNOPU-UHFFFAOYSA-N,O=C(CNC(=O)c1ccccc1)NN1C(=O)CSC1c1ccccc1,CHEMBL3357331,,non_drug,ChEMBL ID only
NCYCYZXNIZJOKI-UHFFFAOYSA-N,CC(C=CC=C(C)C=CC1=C(C)CCCC1(C)C)=CC=O,9-cis-retinal,0,expert_curation,Listed safe
HDTRYLNUVZCQOY-UHFFFAOYSA-N,OCC1OC(OC2OC(CO)C(O)C(O)C2O)C(O)C(O)C1O,Trehalose,0,expert_curation,Listed
ZHEHVZXPFVXKEY-UHFFFAOYSA-N,CCCCCCOC(=O)C1(O)CC2OC1(C)n1c3ccccc3c3c4c(c5c6ccccc6n2c5c31)C(=O)NC4,KT 5720,,non_drug,PKA inhibitor research
PWTCCMJTPHCGMS-UHFFFAOYSA-N,CCCCCCCCC=CCCCCCCCC(=O)OCC(CO)OC(C)=O,1-oleoyl-2-acetylglycerol,,non_drug,DAG analog
GWNVDXQDILPJIG-UHFFFAOYSA-N,CCCCCC=CCC=CC=CC=CC(SCC(NC(=O)CCC(N)C(=O)O)C(=O)NCC(=O)O)C(O)CCCC(=O)O,Leukotriene C4,,non_drug,endogenous lipid
HLVSZSQYBQCBQG-UHFFFAOYSA-N,c1ccc2c(c1)N=c1cc3c(cc1-2)=Nc1ccccc1-3,"indolo(3,2-b)carbazole",,non_drug,lab AhR ligand
XRUSWEPHMVIRMS-CMDGGOBGSA-N,COc1cc(/C=C/c2ccc(Nc3c4c(nc5ccc(OC)cc35)CCCC4)cc2)cc(OC)c1,CHEMBL4063963,,non_drug,ChEMBL ID only
NEHDRDVHPTWWFG-UHFFFAOYSA-N,CCCCCCCCOC(=O)CCCCC(=O)OCCCCCCCC,dioctyl adipate,1,expert_curation,Plasticizer - hepatic effects
IBALRBWGSVJPAP-HEHNFIMWSA-N,NC(=O)CCC/N=C(\c1ccc(Cl)cc1)c1cc(F)ccc1O,CHEMBL287631,,non_drug,ChEMBL ID only
VLSDXINSOMDCBK-UHFFFAOYSA-N,CN(C)C(=O)N=NC(=O)N(C)C,Diamide,,non_drug,lab reagent
YSTVFDAKLDMYCR-UHFFFAOYSA-N,Cc1cc(Cn2cnc3c2CC(C(=O)O)N(C(=O)C(c2ccccc2)c2ccccc2)C3)ccc1N(C)C,PD 123319,,non_drug,AT2 antagonist research
CYFLXLSBHQBMFT-UHFFFAOYSA-N,Cc1nc(NS(=O)(=O)c2ccc(N)cc2)oc1C,sulfamoxole,1,expert_curation,Sulfonamide - LiverTox B
YEJZJVJJPVZXGX-UHFFFAOYSA-N,CN(C)C(Cc1ccccc1)c1ccccc1,lephetamine,1,expert_curation,Opioid analgesic - hepatic effects
HSNPMXROZIQAQD-UHFFFAOYSA-N,CC(CCC(=O)NCCS(=O)(=O)O)C1CCC2C3CCC4CC(OS(=O)(=O)O)CCC4(C)C3CCC12C,taurolithocholic acid 3-sulfate,0,expert_curation,Bile acid metabolite
BVQVLAIMHVDZEL-UHFFFAOYSA-N,CC(=O)C(=O)c1ccccc1,"1-phenyl-1,2-propanedione",,non_drug,IUPAC chemistry name
TYNQWWGVEGFKRU-UHFFFAOYSA-N,CC1CCC2C(C)C3C(CC4C5CC=C6CC(OC7OC(CO)C(OC8OC(C)C(O)C(O)C8O)C(O)C7OC7OC(C)C(O)C(O)C7O)CCC6(C)C5CCC43C)N2C1,alpha-chaconine,0,expert_curation,Potato alkaloid
VCUVETGKTILCLC-UHFFFAOYSA-N,CC1(C)CCC=[N+]1[O-],"5,5-dimethyl-1-pyrroline-1-oxide",,non_drug,IUPAC chemistry name
DWTTZBARDOXEAM-UHFFFAOYSA-N,CC1CCCC(O)CCCCCc2cc(O)cc(O)c2C(=O)O1,Zeranol,1,expert_curation,Estrogenic anabolic - hepatic effects
MGLDCXPLYOWQRP-UHFFFAOYSA-N,CCCCCC#CCC#CCC#CCC#CCCCC(=O)O,"5,8,11,14-Eicosatetraynoic Acid",,non_drug,IUPAC chemistry name
QRMZSPFSDQBLIX-UHFFFAOYSA-N,COc1cc(CC(=O)O)ccc1O,Homovanillic Acid,0,expert_curation,DA metabolite
UBVHBTLDPUYTDO-UHFFFAOYSA-N,O=C1CCC2(O)c3c(ccc(O)c31)-c1ccc(O)c3c1C2C1OC1C3=O,altertoxin II,1,expert_curation,Alternaria mycotoxin - hepatotoxic
KIAKLFLISZCITK-UHFFFAOYSA-N,CC1(C)C(O)CCC2(C)C1CCC1(C)C2C=CC2=C(O)C(=O)C(=O)C21C,palbinone,,non_drug,Paeonia - hepatic effects (mild)
FOANIXZHAMJWOI-UHFFFAOYSA-N,CC(C)OC(=O)C(O)(c1ccc(Br)cc1)c1ccc(Br)cc1,"isopropyl 4,4'-dibromobenzilate",1,expert_curation,Acaricide - hepatic
LKXMXUPYWQQHNY-UHFFFAOYSA-N,COC(=O)C1=COC(OC2OC(COC(C)=O)C(OC(C)=O)C(OC(C)=O)C2OC(C)=O)C2C(COC(C)=O)=CCC12,pentaacetyl geniposide,0,expert_curation,Listed
FQELZLMTAPJJOL-UHFFFAOYSA-N,COc1cc2oc(=O)c(C)c(C)c2cc1OCCCN1CCN(c2ccccc2OC)CC1,CHEMBL1963107,,non_drug,ChEMBL ID only
ARPYQKTVRGFPIS-VIFPVBQESA-N,C[C@H](C(=O)O)c1ccc2oc(-c3ccc(F)cc3)nc2c1,flunoxaprofen,1,expert_curation,NSAID withdrawn - hepatotoxicity
XASBSYHEEHVCSJ-UHFFFAOYSA-N,CNCCNc1ccc2c3c(nn2CCNCCO)-c2c(O)ccc(O)c2C(=O)c13,CHEMBL24329,,non_drug,ChEMBL ID only
TZMFJUDUGYTVRY-UHFFFAOYSA-N,CCC(=O)C(C)=O,"2,3-pentanedione",0,expert_curation,Industrial flavor - hepatic effects in inhalation
FLOSMHQXBMRNHR-QPJJXVBHSA-N,CC(=O)/N=c1/sc(S(N)(=O)=O)nn1C,CHEMBL19,,non_drug,ChEMBL ID only
KBEZZLAAKIIPFK-UHFFFAOYSA-N,Cc1ccc2c(c1)C13CCCCC1C(C2)N(C)CC3,dimemorfan,1,expert_curation,Listed
ZSKVGTPCRGIANV-UHFFFAOYSA-N,CC(O)C1C(=O)N2C(C(=O)O)=C(SCCN=CN)CC12,Imipenem,1,expert_curation,LiverTox C - hepatic injury reports
XFFOMNJIDRDDLQ-UHFFFAOYSA-N,CC(C)=CCc1c(-c2ccc(O)cc2O)oc2c3c(cc(O)c2c1=O)OC(C)(C)C=C3,morusin,1,expert_curation,Morus - hepatic effects
RVPVRDXYQKGNMQ-UHFFFAOYSA-N,[Pb+2],lead chromate,,non_drug,industrial pigment
FBTUMDXHSRTGRV-ALTNURHMSA-N,COc1cccc2c1C(=O)c1c(O)c3c(c(O)c1C2=O)C[C@@](O)(/C(C)=N/NC(=O)c1ccccc1)C[C@@H]3O[C@H]1C[C@H](N)[C@H](O)[C@H](C)O1,CHEMBL1697854,,non_drug,ChEMBL ID only
PDHSAQOQVUXZGQ-JKSUJKDBSA-N,CO[C@H]1Cc2c(O)cc(O)cc2O[C@@H]1c1ccc(O)c(O)c1,CHEMBL2106853,,non_drug,ChEMBL ID only
DIIFUCUPDHMNIV-UHFFFAOYSA-N,Cc1c2ccccc2cc2c1ccc1ccccc12,7-methylbenzanthracene,,non_drug,PAH carcinogen
KUTVNHOAKHJJFL-UHFFFAOYSA-N,Oc1ccc(C2Oc3cc(O)cc4c3C2c2cc(O)cc3c2C(c2cc(O)cc5c2C4C(c2ccc(O)cc2)O5)C(c2ccc(O)cc2)O3)cc1,alpha-viniferin,0,expert_curation,Listed safe
GFNANZIMVAIWHM-UHFFFAOYSA-N,CC12C=CC(=O)C=C1CCC1C3CC(O)C(O)(C(=O)CO)C3(C)CC(O)C12F,Triamcinolone,1,expert_curation,Corticosteroid - LiverTox B with prolonged use
LPIARALSGDVZEP-UHFFFAOYSA-N,CC(=O)NC(Cc1ccc(O)cc1)C(=O)NC(C(=O)NC(C)C(=O)NC(C=O)CC(=O)O)C(C)C,L 709049,,non_drug,research
WYEPBHZLDUPIOD-UHFFFAOYSA-N,CC(=O)CC(=O)CCC(=O)O,succinylacetone,,non_drug,tyrosinemia biomarker
QYSXJUFSXHHAJI-UHFFFAOYSA-N,C=C1CCC(O)CC1=CC=C1CCCC2(C)C1CCC2C(C)CCCC(C)C,Cholecalciferol,1,expert_curation,Vitamin D - LiverTox C high dose
BLYXNIHKOMELAP-UHFFFAOYSA-N,O=[N+]([O-])c1ccc2ccc3ccc([N+](=O)[O-])c4ccc1c2c34,"1,8-dinitropyrene",,non_drug,PAH carcinogen
RMKCQUWJDRTEHE-UHFFFAOYSA-N,C=CCSSSSCC=C,diallyl tetrasulfide,0,expert_curation,Listed safe
FPVKHBSQESCIEP-JQCXWYLXSA-N,OC[C@H]1O[C@@H](n2cnc3c2N=CNC[C@H]3O)C[C@@H]1O,CHEMBL1580,,non_drug,ChEMBL ID only
RVIUMPLAOXSSGN-UHFFFAOYSA-N,CC(C)CN(C)c1nc(N)c(C(=O)N=C(N)N)nc1Cl,5-(N-methyl-N-isobutyl)amiloride,,non_drug,IUPAC chemistry name
KZNJSFHJUQDYHE-UHFFFAOYSA-N,Cc1cccc2cc3ccccc3cc12,1-methylanthracene,,non_drug,PAH
ZESRJSPZRDMNHY-UHFFFAOYSA-N,CC12CCC(=O)C=C1CCC1C2CCC2(C)C(C(=O)CO)CCC12,Desoxycorticosterone,,non_drug,DOC endogenous
FBSKJMQYURKNSU-UHFFFAOYSA-N,CC1OC(OC2C(O)C(OCCc3ccc(O)c(O)c3)OC(CO)C2OC(=O)C=Cc2ccc(O)c(O)c2)C(O)C(O)C1O,acteoside,0,expert_curation,Verbascoside polyphenol - safe at moderate doses
BQVCCPGCDUSGOE-UHFFFAOYSA-N,O=[As]c1ccccc1,oxophenylarsine,,non_drug,arsenoxide research compound
XWYBFXIUISNTQG-VKMGZQQJSA-N,C[C@]12CC[C@@H](O)C[C@@H]1CC[C@H]1[C@@H]3CC[C@H](C(=O)CO)[C@@]3(C)CC(=O)[C@@H]12,CHEMBL3137670,,non_drug,ChEMBL ID only
YGJTUEISKATQSM-UHFFFAOYSA-N,CCCCCC(=O)C=CC=CCC=CCC=CCCCC(=O)O,"15-keto-5,8,11,13-eicosatetraenoic acid",,non_drug,IUPAC chemistry name
RODXRVNMMDRFIK-UHFFFAOYSA-N,COc1cc2ccc(=O)oc2cc1O,Scopoletin,0,expert_curation,Listed
HMFDVPSBWOHOAP-UHFFFAOYSA-N,CCSCC(NC(=O)CCC(N)C(=O)O)C(=O)NCC(=O)O,S-ethyl glutathione,,non_drug,lab compound
LPPJGTSPIBSYQO-UHFFFAOYSA-N,CC(=O)NC(CSC(Cl)=CCl)C(=O)O,"S-1,2-dichlorovinyl-N-acetylcysteine",,non_drug,IUPAC chemistry name
DRRWBCNQOKKKOL-UHFFFAOYSA-N,COc1ccc(-c2cc(=O)c3c(O)c(OC)c(O)cc3o2)cc1OC,eupatilin,1,expert_curation,"Polymethoxyflavone - safe at dietary, mark 0"
HWXMVNJHAQBMGN-UHFFFAOYSA-N,Nc1c2c(nc3ccccc13)CCC(C(=O)NCCc1ccccc1)C2,CHEMBL4218238,,non_drug,ChEMBL ID only
FVYXIJYOAGAUQK-UHFFFAOYSA-N,C=CCc1ccc(O)c(-c2ccc(O)c(CC=C)c2)c1,honokiol,0,expert_curation,Magnolia - generally safe (cancer prevention research)
OUMWCYMRLMEZJH-UHFFFAOYSA-N,CC1=CC(C)CC=CC2C3OC3(C)C(C)C3C(Cc4c[nH]c5ccccc45)NC(=O)C23C(=O)C=CC(=O)C1O,chaetoglobosins,1,expert_curation,Mycotoxin - hepatic effects
BQJRUJTZSGYBEZ-UHFFFAOYSA-N,CCCC(=O)OC1C(C)C2(O)C(C=C(CO)CC3(O)C(=O)C(C)=CC32)C2C(C)(C)C12OC(=O)CCC,"Phorbol 12,13-Dibutyrate",,non_drug,industrial/lab/non-drug chemical
JZOIZKBKSZMVRV-UHFFFAOYSA-N,c1ccc2c(c1)ccc1c3ccccc3c3ccccc3c21,benzo(g)chrysene,,non_drug,PAH
ZFZPJDFBJFHYIV-UHFFFAOYSA-N,O=C1CC2(CCCC2)CC(=O)N1CCCCN1CCN(c2nsc3ccccc23)CC1,CHEMBL35057,,non_drug,ChEMBL ID only
RDHQFKQIGNGIED-UHFFFAOYSA-N,CC(=O)OC(CC(=O)[O-])C[N+](C)(C)C,Acetylcarnitine,0,expert_curation,Safe
GCQYYIHYQMVWLT-HQNLTJAPSA-N,O=c1[nH]c(=O)n([C@@H]2O[C@H](CO)[C@@H](O)[C@@H]2O)cc1/C=C/Br,CHEMBL70046,,non_drug,ChEMBL ID only
XUFUYOGWFZSHGE-UHFFFAOYSA-N,CC(C)c1cc(C(=O)O)c(O)c(C(C)C)c1,"copper bis(3,5-diisopropylsalicylate)",,non_drug,IUPAC chemistry name
XXRVYAFBUDSLJX-UHFFFAOYSA-N,CC(C)(Oc1ccc(Cl)cc1)C(=O)OCCOC(=O)c1cccnc1,etofibrate,1,expert_curation,Listed
WDXXEUARVHTWQF-UHFFFAOYSA-N,C=C(C)C1CCC(C)=CC1C1=C(O)C(=O)C(CCCCC)=CC1=O,cannabidiol hydroxyquinone,,non_drug,cannabinoid metabolite
UAUIUKWPKRJZJV-UHFFFAOYSA-N,Cc1cnc(C(=O)NC2CCCCCC=CC3CC3(C(=O)NS(=O)(=O)C3CC3)NC(=O)C3CC(Oc4nc5ccccc5c5ccccc45)CN3C2=O)cn1,paritaprevir,1,expert_curation,HCV antiviral - LiverTox B with ombitasvir
XWDAZJYJVQULHQ-UHFFFAOYSA-N,O=Cc1c(-c2nc(NCCC3CCCC3)c3ccccc3n2)[nH]c2ccccc12,CHEMBL5560184,,non_drug,ChEMBL ID only
ILRYLPWNYFXEMH-UHFFFAOYSA-N,NC(CCSCC(N)C(=O)O)C(=O)O,Cystathionine,0,expert_curation,Endogenous amino acid - safe
JSPUCPNQXKTYRO-UHFFFAOYSA-N,CC1=CCCC2C1(C)CCC(C)C2(C)Cc1cc(O)ccc1O,avarol,1,expert_curation,Marine sesquiterpene - hepatic
WDFZWSZNOFELJY-UHFFFAOYSA-N,C1=CC2OC2C=C1,benzene oxide,1,expert_curation,Benzene metabolite - hepatic carcinogen
JQXXHWHPUNPDRT-WLSIYKJHSA-N,CO[C@H]1/C=C/O[C@@]2(C)Oc3c(C)c(O)c4c(O)c(c(/C=N/N5CCN(C)CC5)c(O)c4c3C2=O)NC(=O)/C(C)=C\C=C\[C@H](C)[C@H](O)[C@@H](C)[C@@H](O)[C@@H](C)[C@H](OC(C)=O)[C@@H]1C,CHEMBL374478,,non_drug,ChEMBL ID only
ZROUQTNYPCANTN-UHFFFAOYSA-N,COc1ccc(CCN(C)CCCC2(c3ccc(OC)c(OC)c3)S(=O)(=O)CCCS2(=O)=O)cc1OC,CHEMBL125737,,non_drug,ChEMBL ID only
ZZIKIHCNFWXKDY-UHFFFAOYSA-N,CCCCCCC(=O)CCCCCCC=CCC(O)C(O)C(N)(CO)C(=O)O,thermozymocidin,1,expert_curation,Antifungal mycotoxin - hepatic effects
HJXMNVQARNZTEE-UHFFFAOYSA-N,CCCCC1OC(=O)c2ccccc21,butylphthalide,0,expert_curation,n-Butylphthalide - LiverTox C
HLMBXBGDBBCYII-UHFFFAOYSA-N,COc1ccc(CCCOC(Cn2ccnc2)c2ccc(OC)cc2)cc1,1-(2-(3-(4-methoxyphenyl)propoxy)-4-methoxyphenylethyl)-1H-imidazole,,non_drug,IUPAC chemistry name
MVORZMQFXBLMHM-UHFFFAOYSA-N,NCCCCC(NC(=O)C(Cc1cnc[nH]1)NC(=O)CN)C(=O)O,glycyl-histidyl-lysine,,non_drug,GHK peptide
SMEROWZSTRWXGI-XBNKRGGSSA-N,CC(CCC(=O)O)C1CC[C@H]2[C@@H]3CC[C@@H]4C[C@H](O)CC[C@]4(C)[C@H]3CC[C@]12C,CHEMBL3137668,,non_drug,ChEMBL ID only
NSFWWJIQIKBZMJ-UHFFFAOYSA-N,CC1=CC2OC3CC4OC(=O)C=CC=CC(C(C)O)OCCC(C)C(O)C(=O)OCC2(CC1)C4(C)C31CO1,roridin A,1,expert_curation,Trichothecene - hepatotoxic
LERNTVKEWCAPOY-UHFFFAOYSA-N,C[N+]1(C)C2CC(OC(=O)C(O)(c3cccs3)c3cccs3)CC1C1OC12,tiotropium bromide,1,expert_curation,Anticholinergic inhaled - LiverTox C
IAOZJIPTCAWIRG-UHFFFAOYSA-N,COC(=O)C(Cc1ccccc1)NC(=O)C(N)CC(=O)O,Aspartame,0,expert_curation,Sweetener - safe
ZFLWDHHVRRZMEI-UHFFFAOYSA-N,COC(=O)C1=C(C)NC(C)=C([N+](=O)[O-])C1c1ccccc1C(F)(F)F,"3-Pyridinecarboxylic acid, 1,4-dihydro-2,6-dimethyl-5-nitro-4-(2-(trifluoromethyl)phenyl)-, Methyl ester",,non_drug,IUPAC chemistry name
UICBHOXXGLYZJH-UHFFFAOYSA-N,c1ccc2c(c1)CC[n+]1cc3ccccc3cc1-2,protoberberine,1,expert_curation,Berberine class - hepatotoxic alkaloid class
ONKNPOPIGWHAQC-UHFFFAOYSA-N,CC1COCc2cc3c(cc21)C(C)(C)C(C)C3(C)C,galaxolide,0,expert_curation,Synthetic musk - hepatic effects
QXAITBQSYVNQDR-UHFFFAOYSA-N,Cc1ccc(N=CN(C)C=Nc2ccc(C)cc2C)c(C)c1,Amitraz,1,expert_curation,Amidine pesticide - hepatic effects
QRYRORQUOLYVBU-UHFFFAOYSA-N,CC(C)c1cc2c(c(O)c1O)C1(C(=O)O)CCCC(C)(C)C1CC2,salvin,1,expert_curation,Hepatic effects
QHSRPPJQBFQWSC-UHFFFAOYSA-N,CC(C)CC(NC(=O)N1CCCCCC1)C(=O)NC(Cc1cn(C=O)c2ccccc12)C(=O)NC(Cc1c[nH]c2ccccc12)C(=O)O,BQ 610,,non_drug,endothelin research
UMQUQWCJKFOUGV-UHFFFAOYSA-N,CC(C)(C)NCC(O)COc1cccc2[nH]c(=O)[nH]c12,CGP 12177,,non_drug,beta-AR research
VRTWBAAJJOHBQU-UHFFFAOYSA-N,COC(=O)NC(C(=O)N1CC2(CC2)CC1c1ncc(-c2ccc3c(c2)C(F)(F)c2cc(-c4ccc5nc(C6C7CCC(C7)N6C(=O)C(NC(=O)OC)C(C)C)[nH]c5c4)ccc2-3)[nH]1)C(C)C,ledipasvir and sofosbuvir,1,expert_curation,LiverTox B - HCV antiviral combo
YOOVTUPUBVHMPG-UHFFFAOYSA-N,OCC1OC(n2cnc3c2NC=NCC3O)C(O)C1O,Coformycin,0,expert_curation,PNP inhibitor research - hepatic
DYHOLQACRGJEHX-UHFFFAOYSA-N,Cc1c(O)c(C)c2c(c1O)C(=O)CC(c1ccc(O)cc1)O2,farrerol,0,expert_curation,Flavanone - safe
VYWWNRMSAPEJLS-MDWYKHENSA-N,CCCC(=O)O[C@H]1[C@H](C)O[C@@H](O[C@H]2[C@H](N(C)C)[C@@H](O)[C@H](O[C@H]3[C@@H](CC=O)C[C@@H](C)[C@@H](O)/C=C/C=C/C[C@@H](C)OC(=O)C[C@@H](O)[C@@H]3OC)O[C@@H]2C)C[C@@]1(C)OC(=O)CC,rokitamycin,1,expert_curation,Macrolide - hepatotoxic potential
DLAMVQGYEVKIRE-UHFFFAOYSA-N,CNC(C)(C)C(=O)O,2-(methylamino)isobutyric acid,,non_drug,IUPAC chemistry name
RJWJHRPNHPHBRN-UHFFFAOYSA-N,OCC1=CC(O)C2C=COC(OC3OC(CO)C(O)C(O)C3O)C12,aucubin,0,expert_curation,Iridoid glycoside - safe
AXAYHWMZHPSWKD-UHFFFAOYSA-N,O=C(CNS(=O)(=O)c1ccccc1C(=O)N1CCN(Cc2ccccc2)CC1)Nc1ccc(O)cc1,CHEMBL4762070,,non_drug,ChEMBL ID only
KQSFNXMDCOFFGW-UHFFFAOYSA-N,CC1(C)CCC2(C(=O)OC3OC(CO)C(O)C(O)C3O)CCC3(C)C(=CCC4C5(C)CCC(OC6OC(C(=O)O)C(OC7OC(CO)C(O)C7O)C(O)C6O)C(C)(C)C5CCC43C)C2C1,araloside A,1,expert_curation,Aralia saponin - hepatic effects
GTZCVFVGUGFEME-UHFFFAOYSA-N,O=C(O)C=C(CC(=O)O)C(=O)O,Aconitic Acid,0,expert_curation,Natural acid - safe
CJGYSWNGNKCJSB-UHFFFAOYSA-N,CCCC(=O)Nc1ncnc2c1ncn2C1OC2COP(=O)(O)OC2C1OC(=O)CCC,Bucladesine,1,expert_curation,cAMP analog - hepatic effects
HPDHKHMHQGCNPE-UHFFFAOYSA-N,CC=C1CC(C)C(C)(O)C(=O)OCC2=CCN(C)CCC(OC1=O)C2=O,senkirkine,1,expert_curation,Pyrrolizidine alkaloid - LiverTox A SOS/VOD
VCCRNZQBSJXYJD-UHFFFAOYSA-N,O=c1c(O)c(-c2ccccc2)oc2cc(O)cc(O)c12,galangin,0,expert_curation,Listed safe
NOTGFIUVDGNKRI-UHFFFAOYSA-N,NC(=O)c1ncn(C2OC(COP(=O)(O)O)C(O)C2O)c1N,AICA ribonucleotide,0,expert_curation,AICAR endogenous metabolite
PKTBUSPVTXIOCN-UHFFFAOYSA-N,CN(C)c1ccc(N=Nc2ccc(OC3OC(CO)C(OC4OC(CO)C(O)C(O)C4O)C(O)C3O)cc2)cc1,lac dye,,non_drug,natural dye
DHPZADPFGZNIIV-UHFFFAOYSA-N,O=C(O)C(c1ccc(Cl)cc1)c1ccccc1Cl,"2,2-(2-chlorophenyl-4'-chlorophenyl)acetic acid",,non_drug,IUPAC chemistry name
IYMAXBFPHPZYIK-UHFFFAOYSA-N,NC(N)=NCCCC(N)C(=O)NCC(=O)NC(CC(=O)O)C(=O)O,arginyl-glycyl-aspartic acid,,non_drug,RGD peptide
IDPUKCWIGUEADI-UHFFFAOYSA-N,Oc1ncc(N(CCCl)CCCl)c(O)n1,CHEMBL1488,,non_drug,ChEMBL ID only
MIJPAVRNWPDMOR-UHFFFAOYSA-N,O=C1OC(C(O)CO)C(O)=C1OP(=O)(O)O,ascorbate-2-phosphate,0,expert_curation,Vitamin C phosphate ester
QDERNBXNXJCIQK-UHFFFAOYSA-N,CCN(c1nc(N)c(C(=O)N=C(N)N)nc1Cl)C(C)C,ethylisopropylamiloride,1,expert_curation,Amiloride analog - hepatic
BBPLSOGERZQYQC-UHFFFAOYSA-N,CC(C)CCCCCOC(=O)COc1ccc(Cl)cc1Cl,"2,4-dichlorophenoxyacetic acid isooctyl ester",,non_drug,IUPAC chemistry name
OBZHEBDUNPOCJG-UHFFFAOYSA-N,CC1(C(=O)O)CCC2(C)CCC3(C)C(=CC(=O)C4C5(C)CCC(OC(=O)CCC(=O)O)C(C)(C)C5CCC43C)C2C1,Carbenoxolone,1,expert_curation,LiverTox B - reported hepatic injury
CMMIGIRGSXYBDN-UHFFFAOYSA-P,ON=Cc1cc[n+](C[n+]2ccc(C=NO)cc2)cc1,"N,N'-monomethylenebis(pyridiniumaldoxime)",,non_drug,research
FHEHIXJLCWUPCZ-UHFFFAOYSA-N,C=CCc1ccc(O)c(O)c1,2-hydroxychavicol,,non_drug,"Piper polyphenol - dietary, low concern"
QQBDLJCYGRGAKP-FOCLMDBBSA-N,O=C(O)c1cc(/N=N/c2ccc(O)c(C(=O)O)c2)ccc1O,CHEMBL425,,non_drug,ChEMBL ID only
JZQKTMZYLHNFPL-UHFFFAOYSA-N,CCCCCC=CC=CC=O,"2,4-decadienal",1,expert_curation,Lipid peroxidation - hepatotoxic
ZWAOHEXOSAUJHY-UHFFFAOYSA-N,CC1OC(n2cc(F)c(=O)[nH]c2=O)C(O)C1O,doxifluridine,1,expert_curation,Capecitabine prodrug - LiverTox C
CICOZWHZVMOPJS-UHFFFAOYSA-N,CC(=O)NC(CSc1ccccc1)C(=O)O,S-phenyl-N-acetylcysteine,,non_drug,lab metabolite biomarker
DZLOHEOHWICNIL-UHFFFAOYSA-N,CCOC(=O)C1(CCCCCCOc2ccc(Cl)cc2)CO1,etomoxir,1,expert_curation,Withdrawn due to hepatotoxicity
YTBDPHYVGACIPC-UHFFFAOYSA-N,Cc1[nH]cnc1CSCCNc1nc(=O)c(Cc2ccc3c(c2)OCO3)c[nH]1,CHEMBL2110657,,non_drug,ChEMBL ID only
RKFAZBXYICVSKP-UHFFFAOYSA-N,CC=Cc1cc(OC)c(OC)cc1OC,asarone,0,expert_curation,Listed
MWBWWFOAEOYUST-UHFFFAOYSA-N,Nc1ncc2[nH]cnc2n1,2-Aminopurine,,non_drug,research nucleoside
XRISENIKJUKIHD-UHFFFAOYSA-N,CCCC1(C(O)CC=CC2C(O)CC(=O)C2CCCCCCC(=O)OC)CCC1,butaprost,1,expert_curation,EP2 agonist research
AEDDIBAIWPIIBD-UHFFFAOYSA-N,O=c1c2cc(O)c(O)cc2oc2cc(O)c(C3OC(CO)C(O)C(O)C3O)c(O)c12,mangiferin,0,expert_curation,Mango polyphenol - safe
MUKYVRVYBBYJSI-UHFFFAOYSA-N,O=C1COc2cc(O)ccc2-c2cc(O)c(O)cc2C1,protosappanin A,0,expert_curation,Caesalpinia chromene - safe at moderate doses
COCFEDIXXNGUNL-UHFFFAOYSA-N,CCC(C)C(NC(=O)CN)C(=O)NC(C(=O)NC(CCC(=O)O)C(=O)NC(CCC(N)=O)C(=O)NC1CSSCC2NC(=O)C(C(C)CC)NC(=O)C(CO)NC(=O)C(C(C)O)NC(=O)C(CSSCC(NC(=O)C(CC(C)C)NC(=O)C(Cc3c[nH]cn3)NC(=O)C(CCC(N)=O)NC(=O)C(CC(N)=O)NC(=O)C(NC(=O)C(N)Cc3ccccc3)C(C)C)C(=O)NCC(=O)NC(CO)C(=O)NC(Cc3c[nH]cn3)C(=O)NC(CC(C)C)C(=O)NC(C(C)C)C(=O)NC(CCC(=O)O)C(=O)NC(C)C(=O)NC(CC(C)C)C(=O)NC(Cc3ccc(O)cc3)C(=O)NC(CC(C)C)C(=O)NC(C(C)C)C(=O)NC(C(=O)NCC(=O)NC(CCC(=O)O)C(=O)NC(CCCNC(=N)N)C(=O)NCC(=O)NC(Cc3ccccc3)C(=O)NC(Cc3ccccc3)C(=O)NC(Cc3ccc(O)cc3)C(=O)NC(C(=O)N3CCCC3C(=O)NC(CCCCN)C(=O)NC(C(=O)NC(CCCNC(=N)N)C(=O)NC(CCCNC(=N)N)C(=O)O)C(C)O)C(C)O)CSSCC(C(=O)NCC(=O)O)NC(=O)C(Cc3ccc(O)cc3)NC(=O)C(CC(N)=O)NC(=O)C(CCC(=O)O)NC(=O)C(CC(C)C)NC(=O)C(CCC(N)=O)NC(=O)C(Cc3ccc(O)cc3)NC(=O)C(CC(C)C)NC(=O)C(CO)NC2=O)NC1=O)C(C)C,insulin glargine,0,expert_curation,Insulin analog - LiverTox C
FKAWLXNLHHIHLA-UHFFFAOYSA-N,COCC(C(O)C(O)C(=O)NCCC(C)c1nc(C=CCC2OC3(CC(O)C2C)OC(C(CC(O)C(C)C(O)C(C)C=C(C)C(C)=CC=CC(C)=CC#N)OC)C(OP(=O)(O)O)C3(C)C)co1)N(C)C,calyculin A,1,expert_curation,Hepatotoxic phosphatase inhibitor
UYIFTLBWAOGQBI-UHFFFAOYSA-N,CC12CCC3c4ccc(OC(=O)c5ccccc5)cc4CCC3C1CCC2O,estradiol 3-benzoate,1,expert_curation,Estrogen ester - cholestasis
WMYNTTGGSSIVHK-UHFFFAOYSA-N,O=C(O)CCCOc1cccc(CCCCCCOc2cc(-c3ccc4c(c3)OCO4)cc(-c3ccccc3F)c2)c1CCC(=O)O,CHEMBL1094349,,non_drug,ChEMBL ID only
CTGFDWBZMCPVED-UHFFFAOYSA-N,CC(N)Cc1c[nH]c2ccc(F)cc12,5-fluoro-alpha-methyltryptamine,,non_drug,research psychoactive
JVGNTXGHBHMJDO-UHFFFAOYSA-N,COc1cc(O)ccc1C(=O)C=Cc1ccc(O)c(O)c1,sappanchalcone,1,expert_curation,Caesalpinia chalcone - hepatic
RXPRRQLKFXBCSJ-UHFFFAOYSA-N,CCC12CCCN3CCc4c(n(c5ccccc45)C(O)(C(=O)OC)C1)C32,Vincamine,1,expert_curation,Listed
KOPVBVBUIYTJBG-UHFFFAOYSA-N,O=[N+]([O-])c1c2ccccc2cc2c1ccc1ccccc12,7-nitrobenzanthracene,,non_drug,PAH carcinogen
NKZRZOVSJNSBFR-UHFFFAOYSA-N,COc1cccc2c1C(=O)c1c(O)c3c(c(O)c1C2=O)CC(O)(C(O)CO)CC3OC1CC(N)C(O)C(C)O1,adriamycinol,1,expert_curation,Doxorubicin metabolite - hepatic
NSFFHOGKXHRQEW-UHFFFAOYSA-N,C=C(NC(=O)C(=C)NC(=O)c1csc(C2=NC3c4csc(n4)C4NC(=O)c5csc(n5)C(C(C)(O)C(C)O)NC(=O)C5CSC(=N5)C(=CC)NC(=O)C(C(C)O)NC(=O)c5csc(n5)C3(CC2)NC(=O)C(C)NC(=O)C(=C)NC(=O)C(C)NC(=O)C(C(C)CC)NC2C=Cc3c(C(C)O)cc(nc3C2O)C(=O)OC4C)n1)C(N)=O,Thiostrepton,1,expert_curation,Antibiotic - hepatic effects
HVCATJDIMKDNQF-UHFFFAOYSA-N,Clc1ccc(-c2cc(-c3cn(-c4ccccc4)nc3-c3ccc(OCc4ccccc4)cc3)on2)cc1,CHEMBL4440931,,non_drug,ChEMBL ID only
IHQDGXUYTSZGOG-UHFFFAOYSA-N,CSCCCCN=C=S,erucin,0,expert_curation,Brassica isothiocyanate - safe
GUXACCKTQWVTLG-UHFFFAOYSA-N,O=[N+]([O-])c1ccc2ccc3c([N+](=O)[O-])ccc4ccc1c2c43,"1,6-dinitropyrene",,non_drug,PAH carcinogen
DHHFDKNIEVKVKS-UHFFFAOYSA-N,O=C(O)C1=CC(=CC=[N+]2c3cc(O)c(OC4OC(CO)C(O)C(O)C4O)cc3CC2C(=O)[O-])CC(C(=O)O)N1,Betalains,0,expert_curation,Beet pigment - safe
JFPVXVDWJQMJEE-IZRZKJBUSA-N,CO/N=C(\C(=O)N[C@@H]1C(=O)N2C(C(=O)O)=C(COC(N)=O)CS[C@H]12)c1ccco1,CHEMBL1436,,non_drug,ChEMBL ID only
MYXNWGACZJSMBT-UHFFFAOYSA-N,O=c1cc(-c2ccc(O)cc2)oc2cc(O)c(C3OC(CO)C(O)C(O)C3O)c(O)c12,isovitexin,0,expert_curation,Flavonoid - safe
AVSXSVCZWQODGV-UHFFFAOYSA-N,CC(C)=CCCC(C)C1CCC2C3CC=C4CC(O)CCC4(C)C3CCC12C,Desmosterol,0,expert_curation,Sterol - safe
GBROPGWFBFCKAG-UHFFFAOYSA-N,c1ccc2c(c1)ccc1c2ccc2c3ccccc3ccc21,picene,,non_drug,PAH
STOSPPMGXZPHKP-UHFFFAOYSA-N,Oc1c(Cl)c(Cl)c(O)c(Cl)c1Cl,"2,3,5,6-tetrachlorohydroquinone",,non_drug,IUPAC chemistry name
APPXYONGBIXGRO-UHFFFAOYSA-N,CC(C)=CCc1c(-c2ccc(O)cc2O)oc2c(C3C=C(C)CC(c4ccc(O)cc4O)C3C(=O)c3ccc(O)cc3O)c(O)cc(O)c2c1=O,kuwanon G,0,expert_curation,Listed safe
MNOILHPDHOHILI-UHFFFAOYSA-N,CN(C)C(=S)N(C)C,tetramethylthiourea,1,expert_curation,TMTU - hepatic effects (TU class)
CWODDUGJZSCNGB-UHFFFAOYSA-N,C=C(C=CCC(O)C(O)C(O)CC=CC=CC(O)CC1OC(CC(O)C(O)CC2OC(C(O)C(O)CCC(O)C=CC(C)C(O)CC3(O)OC(CC(O)CCCCCCCC45CC(C)CC(C)(O4)C(CC(C)CCCCCC(O)C(O)C(O)C(O)C(O)C4OC(CC(O)C(O)C(C)=CC(O)CC(C)C(O)C(=O)NC=CC(=O)NCCCO)C(O)C(O)C4O)O5)C(O)C(O)C3O)CC(O)C2O)C(O)C(O)C1O)CCC(O)C(O)C(O)C(C)CC1OC(C=CC(O)C(O)CC2CC3CC(O2)C(CCC2OC(CN)CC2O)O3)C(O)C(O)C1O,palytoxin,1,expert_curation,Severe toxin - hepatic injury
UORVGPXVDQYIDP-UHFFFAOYSA-N,B,sodium borohydride,,non_drug,lab reducing agent
SNHRLVCMMWUAJD-UHFFFAOYSA-N,CCCCC(=O)OC1(C(=O)CO)C(C)CC2C3CCC4=CC(=O)C=CC4(C)C3(F)C(O)CC21C,Betamethasone Valerate,1,expert_curation,Corticosteroid - LiverTox C
ZFGMDIBRIDKWMY-PASTXAENSA-N,CC(=O)N[C@H]1[C@@H](O[C@H]2[C@H](O)[C@@H](O)[C@H](O[C@H]3[C@H](CS(=O)(=O)O)[C@@H](OS(=O)(=O)O)[C@@H](O[C@H]4[C@H](O)[C@@H](OS(=O)(=O)O)C(O)O[C@H]4C(=O)O)O[C@@H]3O)O[C@@H]2C(=O)O)O[C@H](COS(=O)(=O)O)[C@@H](O)[C@@H]1O,CHEMBL526514,,non_drug,ChEMBL ID only
IPMYMEWFZKHGAX-UHFFFAOYSA-N,O=c1c(O)cc(C2Oc3cc(O)cc(O)c3CC2O)cc2c(C3Oc4cc(O)cc(O)c4CC3O)cc(O)c(O)c12,theaflavin,0,expert_curation,Tea polyphenol - safe at dietary
JQSHBVHOMNKWFT-DTORHVGOSA-N,c1cnc2cc3c(cc2n1)[C@@H]1CNC[C@H]3C1,CHEMBL1076903,,non_drug,ChEMBL ID only
RQAMSFTXEFSBPK-UHFFFAOYSA-N,CC1(C)C=Cc2c(cc3occ(-c4ccc(O)cc4)c(=O)c3c2O)O1,alpinumisoflavone,,non_drug,industrial/lab/non-drug chemical
IQVQXVFMNOFTMU-UHFFFAOYSA-N,CCCC=C1OC(=O)C2=C1CCC=C2,ligustilide,0,expert_curation,Angelica - safe at therapeutic
KHVMAMXQPVHXTJ-UHFFFAOYSA-N,O=C(O)C1OC(Oc2c(O)cc(O)c3c(=O)c(O)c(-c4ccc(O)c(O)c4)oc23)C(O)C(O)C1O,hibifolin,0,expert_curation,Flavonol - safe
DBZQFUNLCALWDY-UHFFFAOYSA-N,Nc1nccc2c1ncn2C1OC(CO)C(O)C1O,3-deazaadenosine,,non_drug,research analog
FGJIDQWRRLDGDB-UHFFFAOYSA-N,CC(=CCCC1=CCC(C2=CC(=O)OC2O)OC1O)CCC1=C(C)CCCC1(C)C,manoalide,1,expert_curation,Sea sponge - hepatic effects
KVJXBPDAXMEYOA-UHFFFAOYSA-N,CC12CCC3C(CCC45OC4C(O)=C(C#N)CC35C)C1CCC2O,trilostane,1,expert_curation,Adrenal steroidogenesis inhibitor - LiverTox C
XDHNQDDQEHDUTM-UHFFFAOYSA-N,COC1=CC(C)=CC(C)C(O)C(C)CC(C)=CC=CC(OC)C(C(C)C(O)C(C)C2(O)CC(O)C(C)C(C(C)C)O2)OC1=O,bafilomycin A,1,expert_curation,V-ATPase inhibitor - hepatotoxic
GVEZIHKRYBHEFX-UHFFFAOYSA-N,CC=CCC=CCCC(=O)C1OC1C(N)=O,Cerulenin,1,expert_curation,FAS inhibitor - hepatic effects
OLXZPDWKRNYJJZ-UHFFFAOYSA-N,Nc1ncnc2c1ncn2C1CC(O)C(CO)O1,2'-deoxyadenosine,0,expert_curation,Nucleoside - safe
GHBNZZJYBXQAHG-UHFFFAOYSA-N,CC(CCC(OC1OC(COC2OC(CO)C(O)C(O)C2O)C(O)C(O)C1OC1OC(CO)C(O)C(O)C1O)C(C)(C)O)C1CCC2(C)C3CC=C4C(CCC(OC5OC(COC6OC(CO)C(O)C(O)C6O)C(O)C(O)C5O)C4(C)C)C3(C)C(O)CC12C,mogroside V,0,expert_curation,Monk fruit sweetener - safe (GRAS)
SRNPMQHYWVKBAV-UHFFFAOYSA-N,O=c1cc(-c2ccc(O)c(O)c2)oc2ccccc12,"3',4'-dihydroxyflavone",,non_drug,IUPAC chemistry name
FVYHTJOFZUDSPQ-UHFFFAOYSA-N,N#CC1=C(N)OC(c2ccccc2)=CC1c1cn(-c2ccccc2)nc1-c1ccc(OCc2ccccc2)cc1,CHEMBL4582667,,non_drug,ChEMBL ID only
MBCZYLSVSCJJJQ-UHFFFAOYSA-N,N#CCC(=O)NN=Cc1c[n+]([O-])c2ccccc2[n+]1[O-],cyadox,1,expert_curation,Quinoxaline - hepatotoxicity
UPALIKSFLSVKIS-UHFFFAOYSA-N,CN(C)CCN1C(=O)c2cccc3cc(N)cc(c23)C1=O,Amonafide,1,expert_curation,"Hepatotoxic, withdrawn"
IZFHEQBZOYJLPK-UHFFFAOYSA-N,O=C(O)CCCCC(S)CCS,dihydrolipoic acid,,non_drug,metabolite
FCSHDIVRCWTZOX-UHFFFAOYSA-N,CC1CC2C3CCC4=CC(=O)C=CC4(C)C3(F)C(O)CC2(C)C1(O)C(=O)CCl,Clobetasol,1,expert_curation,Corticosteroid topical (label 0 if topical only)
SLWPBUMYPRVYIJ-UHFFFAOYSA-N,Oc1cc(O)cc(Oc2c(O)cc(O)c3c2Oc2c(O)cc4oc5c(Oc6cc(O)cc(O)c6)c(O)cc(O)c5c4c2O3)c1,phlorofucofuroeckol A,1,expert_curation,Marine polyphenol - safe
DANUORFCFTYTSZ-UHFFFAOYSA-N,COC1CC(CC2CCC(C)C(C(C)C(=O)O)O2)OC2(OC(C)(C3CCC(C)(C4OC(C5OC(O)(CO)C(C)CC5C)CC4C)O3)CC2C)C1C,Nigericin,1,expert_curation,Ionophore - hepatic effects
KZSNJWFQEVHDMF-UHFFFAOYSA-N,CC(C)C(N)C(=O)O,Valine,0,expert_curation,Amino acid - safe
DQYBRTASHMYDJG-UHFFFAOYSA-N,O=C1NC(=O)C(c2c[nH]c3ccccc23)=C1c1c[nH]c2ccccc12,bisindolylmaleimide,1,expert_curation,PKC inhibitor research - hepatic
WCYYQNSQJHPVMG-UHFFFAOYSA-N,Clc1cc2c(cc1Cl)Oc1c(Cl)c(Cl)c(Cl)c(Cl)c1O2,"1,2,3,4,7,8-hexachlorodibenzodioxin",,non_drug,IUPAC chemistry name
PKZPCVLZVDCNKZ-UHFFFAOYSA-N,CCC1CCC(CCC(=O)O)CC1,naphthenic acid,,non_drug,industrial
YKPUWZUDDOIDPM-UHFFFAOYSA-N,COc1cc(CNC(=O)CCCCC=CC(C)C)ccc1O,Capsaicin,1,expert_curation,TRPV1 agonist - LiverTox C
LWYJUZBXGAFFLP-OCNCTQISSA-N,CO[C@@H]1C[C@](C)(O)Cc2cc3c(c(O)c21)C(=O)c1c(O)cc2c(c1C3=O)O[C@@H]1O[C@@]2(C)[C@H](O)[C@@H](N(C)C)[C@@H]1O,CHEMBL1234391,,non_drug,ChEMBL ID only
MHMNJMPURVTYEJ-UHFFFAOYSA-N,O=C1OC2(c3ccc(O)cc3Oc3cc(O)ccc32)c2ccc(N=C=S)cc21,Fluorescein-5-isothiocyanate,0,expert_curation,Diagnostic dye - safe
KAESVJOAVNADME-UHFFFAOYSA-N,c1cc[nH]c1,Pyrroles,,non_drug,generic chemical class
BQYIXOPJPLGCRZ-UHFFFAOYSA-N,Cc1ncc(CO)c(C=NNC(=O)c2ccncc2)c1O,pyridoxal isonicotinoyl hydrazone,1,expert_curation,PIH chelator - hepatic effects
BBMULGJBVDDDNI-UHFFFAOYSA-N,CCC(C(=O)C(C)C(O)C(C)CCc1ccc(C)c(O)c1C(=O)O)C1OC(CC)(C2CCC(O)(CC)C(C)O2)CC1C,Lasalocid,1,expert_curation,Already listed
VJGGHXVGBSZVMZ-UHFFFAOYSA-N,O=C(O)CCCC=CCC1C(O)CC(O)C1C=CC(O)COc1cccc(Cl)c1,Cloprostenol,1,expert_curation,PGF analog - hepatic effects
ZRWWEEVEIOGMMT-UHFFFAOYSA-N,NC(=O)N1c2ccccc2C2OC2c2ccccc21,carbamazepine epoxide,1,expert_curation,Carbamazepine metabolite - LiverTox A
RJMMFJHMVBOLGY-UHFFFAOYSA-N,[In+3],indium oxide,,non_drug,industrial
LNWGWFVAPQTGMG-UHFFFAOYSA-N,NC(=NCCCC(N)C(=O)Nc1ccc([N+](=O)[O-])cc1)N[N+](=O)[O-],N(G)-nitroarginine-4-nitroanilide,0,expert_curation,L-NIO research - hepatic
HELXLJCILKEWJH-UHFFFAOYSA-N,C=C1CC23CCC4C(C)(C(=O)OC5OC(CO)C(O)C(O)C5O)CCCC4(C)C2CCC1(OC1OC(CO)C(O)C(OC2OC(CO)C(O)C(O)C2O)C1OC1OC(CO)C(O)C(O)C1O)C3,rebaudioside A,0,expert_curation,Stevia sweetener - safe
MCEHFIXEKNKSRW-LBPRGKRZSA-N,CN(Cc1cnc2nc(=N)[nH]c(N)c2n1)c1c(Cl)cc(C(=O)N[C@@H](CCC(=O)O)C(=O)O)cc1Cl,CHEMBL3137680,,non_drug,ChEMBL ID only
BJBCSGQLZQGGIQ-UHFFFAOYSA-N,CC(=O)NCCOC(=O)C(Oc1cccc(C(F)(F)F)c1)c1ccc(Cl)cc1,CHEMBL456071,,non_drug,ChEMBL ID only
FTEDXVNDVHYDQW-UHFFFAOYSA-N,O=C(O)CN(CC(=O)O)c1ccccc1OCCOc1ccccc1N(CC(=O)O)CC(=O)O,"1,2-bis(2-aminophenoxy)ethane-N,N,N',N'-tetraacetic acid",,non_drug,IUPAC chemistry name
YGEWFDRAVXXZQR-UHFFFAOYSA-N,Cn1c(N)nc2nc(-c3ccc(O)cc3)ccc21,"2-amino-1-methyl-6-(4-hydroxyphenyl)imidazo(4,5-b)pyridine",,non_drug,IUPAC chemistry name
YYJNOYZRYGDPNH-UHFFFAOYSA-N,Cc1nn(C)c(Oc2ccccc2)c1C=NOCc1ccc(C(=O)OC(C)(C)C)cc1,fenpyroximate,1,expert_curation,Acaricide - hepatic effects
DOAKLVKFURWEDJ-RWDRXURGSA-N,CCCCCCCCCC(=O)N[C@@H](Cc1c[nH]c2ccccc12)C(=O)N[C@@H](CC(N)=O)C(=O)N[C@@H](CC(=O)O)C(=O)N[C@@H]1C(=O)NCC(=O)N[C@@H](CCCN)C(=O)N[C@@H](CC(=O)O)C(=O)N[C@H](C)C(=O)N[C@@H](CC(=O)O)C(=O)NCC(=O)N[C@H](CO)C(=O)N[C@@H]([C@H](C)CC(=O)O)C(=O)N[C@@H](CC(=O)c2ccccc2N)C(=O)O[C@@H]1C,CHEMBL387675,,non_drug,ChEMBL ID only
JHBIMJKLBUMNAU-UHFFFAOYSA-N,CS(=O)(=O)c1ccc(-n2nc(C(F)(F)F)cc2-c2ccc(F)cc2)cc1,1-((4-methylsulfonyl)phenyl)-3-trifluoromethyl-5-(4-fluorophenyl)pyrazole,,non_drug,IUPAC chemistry name
YIKKMWSQVKJCOP-UHFFFAOYSA-N,CC(C)CCCC(C)C1CCC2C3C(=O)C=C4CC(O)CCC4(C)C3CCC12C,7-ketocholesterol,0,expert_curation,Oxysterol biomarker
BZNDWPRGXNILMS-UHFFFAOYSA-N,CCNP(=S)(OC)OC(C)=CC(=O)OC(C)C,propetamphos,1,expert_curation,Organophosphate - hepatic injury
ZKLPARSLTMPFCP-OAQYLSRUSA-N,O=C(O)COCCN1CCN([C@H](c2ccccc2)c2ccc(Cl)cc2)CC1,CHEMBL1201190,,non_drug,ChEMBL ID only
DGYHPLMPMRKMPD-UHFFFAOYSA-N,C#CCC(N)C(=O)O,propargylglycine,,non_drug,lab CSE inhibitor
HKSZLNNOFSGOKW-UHFFFAOYSA-N,CNC1CC2OC(C)(C1OC)n1c3ccccc3c3c4c(c5c6ccccc6n2c5c31)C(=O)NC4,Staurosporine,1,expert_curation,Hepatotoxic kinase inhibitor
DAEFUOXKPZLQMM-UHFFFAOYSA-N,CCCCCCC(O)CCCC(O)C1CCC(C2CCC(C(O)CCCCCCCCCCCCC3=CC(C)OC3=O)O2)O1,squamocin,1,expert_curation,Annonaceous acetogenin - hepatic neurotoxic
GXNNLIMMEXHBKV-UHFFFAOYSA-N,Clc1ccc(Cl)c(-c2c(Cl)ccc(Cl)c2Cl)c1,"2,2',3,5',6-pentachlorobiphenyl",,non_drug,IUPAC chemistry name
RUYUCCQRWINUHE-UHFFFAOYSA-N,ClC(Cl)=C(Cl)c1c(Cl)c(Cl)c(Cl)c(Cl)c1Cl,octachlorostyrene,,non_drug,POP
AVJBPWGFOQAPRH-FWMKGIEWSA-N,CC(=O)N[C@@H]1[C@@H](O[C@@H]2O[C@@H](C(=O)O)[C@@H](O)[C@H](O)[C@H]2O)[C@@H](OS(=O)(=O)O)[C@@H](CO)O[C@H]1O,CHEMBL4071896,,non_drug,ChEMBL ID only
IDGRYIRJIFKTAN-UHFFFAOYSA-N,CC(=O)OCC12C(C=C(C)C(=O)C1O)OC1C(O)CC2(C)C12CO2,15-acetyldeoxynivalenol,1,expert_curation,Trichothecene - hepatic effects
KDFQABSFVYLGPM-UHFFFAOYSA-N,Cc1cccc(NC(=O)NC2N=C(c3ccccc3)c3ccccc3N(C)C2=O)c1,L 365260,,non_drug,CCK research
YJGVMLPVUAXIQN-UHFFFAOYSA-N,COc1cc(C2c3cc4c(cc3C(O)C3COC(=O)C23)OCO4)cc(OC)c1OC,Podophyllotoxin,1,expert_curation,Antimitotic - LiverTox B hepatotoxicity
GAPOASFZXBWUGS-UHFFFAOYSA-N,C[Si](C)(C)c1cccc(C(=O)C(F)(F)F)c1,CHEMBL3137700,,non_drug,ChEMBL ID only
IQUGPRHKZNCHGC-UHFFFAOYSA-N,CN1Cc2c(ccc3c2OCO3)C2(C)C(O)Cc3cc4c(cc3C12)OCO4,corynoline,1,expert_curation,Corydalis alkaloid - hepatic effects
MRXDGVXSWIXTQL-UHFFFAOYSA-N,CC(C)CC(NC(=O)C(NC(=O)NC(Cc1ccccc1)C(=O)O)C1CCN=C(N)N1)C(=O)NC(C=O)Cc1ccccc1,chymostatin,,non_drug,lab protease inhibitor
XOSAHGWVGLNMBK-UHFFFAOYSA-N,O=C1OC2(c3cc(Br)c(O)c(Br)c3Oc3c2cc(Br)c(O)c3Br)c2c(Cl)ccc(Cl)c21,phloxine,1,expert_curation,Dye - safe per FDA
XHMJOUIAFHJHBW-UHFFFAOYSA-N,NC1C(O)OC(COP(=O)(O)O)C(O)C1O,glucosamine 6-phosphate,0,expert_curation,Safe metabolite
VSWICNJIUPRZIK-UHFFFAOYSA-N,C1=CNCCC1,Pyrrolidines,,non_drug,generic chemical class
IMSDOBUYDTVEHN-UHFFFAOYSA-N,CC(C)n1cc2c3c(cccc31)C1CC(C(=O)NC3CCCC3O)CN(C)C1C2,LY 215840,,non_drug,5-HT2 research
WVOLTBSCXRRQFR-UHFFFAOYSA-N,C=C(C)C1CCC(C)=CC1c1c(O)cc(CCCCC)c(C(=O)O)c1O,cannabidiolic acid,,non_drug,cannabinoid
XTWYTFMLZFPYCI-UHFFFAOYSA-N,Nc1ncnc2c1ncn2C1OC(COP(=O)(O)OP(=O)(O)O)C(O)C1O,Adenosine Diphosphate,0,expert_curation,Endogenous nucleotide
XCUCMLUTCAKSOZ-UHFFFAOYSA-N,COc1cc2c(cc1OC)C(Cc1ccc(O)c(Oc3cc4c(cc3OC)CCN(C)C4Cc3ccc(O)cc3)c1)N(C)CC2,liensinine,1,expert_curation,Lotus alkaloid - hepatic effects in animal studies
WWSYXEZEXMQWHT-UHFFFAOYSA-N,COc1cc2c(c3oc(=O)c4c(c13)CCC4=O)C1CCOC1O2,aflatoxin B2,1,expert_curation,LiverTox A - aflatoxin
NNKXVWNQZVYIDG-UHFFFAOYSA-N,O[Si]12O[Si]3(O)O[Si](O)(O1)O[Si](O)(O2)O3,Talc,,non_drug,element / inorganic substance
WYQIPCUPNMRAKP-UHFFFAOYSA-O,O=C1c2ccccc2-[n+]2ccc3c([nH]c4ccccc43)c21,fascaplysine,1,expert_curation,Anticancer - hepatic effects
HUMXMXKZASBHLD-UHFFFAOYSA-N,CCn1c(=O)n(Cc2cnn(C)c2)c(=O)c2cc(S(=O)(=O)NC3(CF)CC3)ccc21,CHEMBL4438105,,non_drug,ChEMBL ID only
XVPBINOPNYFXID-UHFFFAOYSA-N,O=C1CCCC2C3CCC[N+]4([O-])CCCC(CN12)C34,oxymatrine,1,expert_curation,Sophora alkaloid - LiverTox C hepatic case reports
OZHJEQVYCBTHJT-UHFFFAOYSA-N,Cc1c(Br)c(Br)c(Br)c(Br)c1Br,"2,3,4,5,6-pentabromotoluene",,non_drug,IUPAC chemistry name
UZEDIBTVIIJELN-UHFFFAOYSA-N,[Cr+2],chromous chloride,,non_drug,lab reagent
IOWMKBFJCNLRTC-UHFFFAOYSA-N,CC(C)C(O)CCC(C)C1CCC2C3CC=C4CC(O)CCC4(C)C3CCC12C,24-hydroxycholesterol,0,expert_curation,Brain oxysterol
AVJBPWGFOQAPRH-UHFFFAOYSA-N,CC(=O)NC1C(O)OC(CO)C(OS(=O)(=O)O)C1OC1OC(C(=O)O)C(O)C(O)C1O,Dermatan Sulfate,0,expert_curation,GAG
BOPIMTNSYWYZOC-UHFFFAOYSA-N,C=C1CCCC2(C)CCC(C(C)(C)O)CC12,beta-eudesmol,0,expert_curation,Sesquiterpene - safe at low doses
JRLOEMCOOZSCQP-UHFFFAOYSA-N,CCCCCC(O)c1cccc(OCc2ccc3ccccc3n2)c1,alpha-pentyl-3-(2-quinolinylmethoxy)benzenemethanol,,non_drug,IUPAC chemistry name
ANJTVLIZGCUXLD-UHFFFAOYSA-N,O=c1cccc2n1CC1CNCC2C1,cytisine,1,expert_curation,Smoking cessation - LiverTox C
RJPPRBMGVWEZRR-UHFFFAOYSA-N,O=C(CO)C(O)C(O)C(O)COC1OC(CO)C(O)C(O)C1O,isomaltulose,0,expert_curation,Sugar - safe
CKHJPWQVLKHBIH-UHFFFAOYSA-N,CC(=C(CCOC(=O)C(C)C)SSC(CCOC(=O)C(C)C)=C(C)N(C=O)Cc1cnc(C)nc1N)N(C=O)Cc1cnc(C)nc1N,sulbutiamine,0,expert_curation,Lipophilic thiamine - LiverTox C minimal
LPQZKKCYTLCDGQ-UHFFFAOYSA-N,CC1(Cn2ccnn2)C(C(=O)O)N2C(=O)CC2S1(=O)=O,Tazobactam,0,expert_curation,Beta-lactamase inhibitor - LiverTox B (with piperacillin)
MEEXETVZNQYRSP-UHFFFAOYSA-N,O=C(O)c1cc2c(c3c1c([N+](=O)[O-])cc1ccccc13)OCO2,aristolochic acid II,1,expert_curation,LiverTox A - aristolochic acid nephrotoxic/hepatotoxic; carcinogenic
DSDNAKHZNJAGHN-UHFFFAOYSA-N,C=C(C)C12CC(C)C34OC(Cc5ccccc5)(OC1C3C=C(COC(=O)Cc1ccc(O)c(OC)c1)CC1(O)C(=O)C(C)=CC14)O2,resiniferatoxin,1,expert_curation,Ultrapotent TRPV1 - hepatic
QEEBRPGZBVVINN-UHFFFAOYSA-N,CC12CCC(O)CC1CCC1C2CCC2(C)C(c3ccc(=O)oc3)CCC12O,bufalin,1,expert_curation,Bufadienolide - hepatotoxic
IRSFLDGTOHBADP-UHFFFAOYSA-N,CCCCCCCCCCCC1=C(O)C(=O)C=C(O)C1=O,embelin,1,expert_curation,Hepatic effects
ZXSWTMLNIIZPET-ZOFHRBRSSA-N,C[C@]1(O)CC[C@H]2[C@@H]3CCC4=CC(=O)CC[C@@H]4[C@H]3CC[C@@]21C,methylestrenolone,1,expert_curation,Anabolic steroid - LiverTox A
NISPVUDLMHQFRQ-UHFFFAOYSA-N,CC(C)(O)C=CC(=O)C(C)(O)C1C(O)CC2(C)C3CC=C4C(C=C(O)C(=O)C4(C)C)C3(C)C(=O)CC12C,cucurbitacin I,0,expert_curation,Cucurbitacin
MVLAQMAASMXVFP-UHFFFAOYSA-N,O=CC(Oc1c(O)cc(O)cc1C=Cc1ccc(O)cc1)C(O)C(O)C(O)CO,"2,3,5,4'-tetrahydroxystilbene 2-O-glucopyranoside",,non_drug,IUPAC chemistry name
VXOKDLACQICQFA-UHFFFAOYSA-N,CCCCc1oc2ccccc2c1C(=O)c1cc(I)c(OCCNCC)c(I)c1,desethylamiodarone,1,expert_curation,Amiodarone metabolite - LiverTox A steatohepatitis
LLEJIEBFSOEYIV-UHFFFAOYSA-N,COc1ccc2c(c[n+](C)c3c4cc5c(cc4ccc23)OCO5)c1OC,chelerythrine,1,expert_curation,Hepatotoxic alkaloid
RPQXVSUAYFXFJA-UHFFFAOYSA-N,NC(=O)OCC1N=C(N)N2CCC(O)(O)C23NC(N)=NC13,Saxitoxin,1,expert_curation,Marine biotoxin - hepatic stress
SUWYPNNPLSRNPS-UHFFFAOYSA-N,CC(C)=CCCC(C)=CCCC(=CCCC(C)=CCO)CO,plaunotol,0,expert_curation,Anti-ulcer Japan - LiverTox C
NPNNKDMSXVRADT-UHFFFAOYSA-N,COc1cc(C=CC(=O)NCCc2ccc(O)cc2)ccc1O,feruloyltyramine,1,expert_curation,Capsaicin analog - hepatic
SWZMSZQQJRKFBP-UHFFFAOYSA-N,O=C1C=C2C=CC3CC2(O1)C1CCCCN31,securinine,1,expert_curation,Securinega alkaloid - hepatic effects in toxicity
DHSUYTOATWAVLW-UHFFFAOYSA-N,CC1(C)CC1C(=O)NC(=CCCCCSCC(N)C(=O)O)C(=O)O,"Cilastatin, Imipenem Drug Combination",1,expert_curation,LiverTox C
ILYQAUGSZQOWCA-UHFFFAOYSA-N,NC(CCC(=O)NC(CSc1c(C=CC(=O)O)ccc(O)c1O)C(=O)NCC(=O)O)C(=O)O,2-S-glutathionylcaffeic acid,,non_drug,metabolite
DNAWGBOKUFFVMB-PZIGJSDBSA-N,CC(C)[C@](O)(C(=O)OCC1=CC[N+]2([O-])CC[C@@H](O)[C@@H]12)[C@H](C)O,CHEMBL512655,,non_drug,ChEMBL ID only
GGHMUJBZYLPWFD-UHFFFAOYSA-N,CC1CCC2(O)C(C)(C)C3CCC2(C)C1C3,patchouli alcohol,0,expert_curation,Patchouli - safe topical
VIKNJXKGJWUCNN-JBKQDOAHSA-N,C#C[C@@]1(O)CC[C@H]2[C@@H]3CCC4=CC(=O)CC[C@@H]4[C@H]3CC[C@@]21C,CHEMBL4082273,,non_drug,ChEMBL ID only
IXFPJGBNCFXKPI-UHFFFAOYSA-N,CC=C(C)C(=O)OC1C(C)=C2C(C1OC(=O)CCCCCCC)C(C)(OC(C)=O)CC(OC(=O)CCC)C1(O)C2OC(=O)C1(C)O,Thapsigargin,1,expert_curation,Already listed
QAOBBBBDJSWHMU-UHFFFAOYSA-N,CCCCC(C)(C)C(O)C=CC1C(O)CC(=O)C1CC=CCCCC(=O)O,"16,16-Dimethylprostaglandin E2",,non_drug,IUPAC chemistry name
ORJVQPIHKOARKV-UHFFFAOYSA-N,COc1cc2c3c(c1OC)-c1ccccc1CC3N(C)CC2,nuciferine,1,expert_curation,Nelumbo alkaloid - hepatic effects
WYQVAPGDARQUBT-UHFFFAOYSA-N,CC1CCC2(C(=O)OC3OC(COC4OC(CO)C(OC5OC(C)C(O)C(O)C5O)C(O)C4O)C(O)C(O)C3O)CCC3(C)C(=CCC4C5(C)CC(O)C(O)C(C)(CO)C5CCC43C)C2C1C,asiaticoside,0,expert_curation,Triterpene - safe
VFIDUCMKNJIJTO-UHFFFAOYSA-N,Cc1ccc(OCC(O)C(C)NC(C)C)c2c1CCC2,ICI 118551,,non_drug,beta-AR research
MGQRRMONVLMKJL-KWJIQSIXSA-N,CO[C@@H]1[C@@H](N)[C@@H](O[C@H]2[C@H](Oc3cccc4c(O)c5c(=O)oc6ccc(C)c7c(=O)oc(c34)c5c67)O[C@H](C)[C@H](O)[C@]2(C)O)O[C@H](C)[C@@H]1O,Elsamitrucin,1,expert_curation,Hepatotoxic anticancer
NKBRWLDMUXONRI-UHFFFAOYSA-N,Nc1ncc2nc(Br)n(C3OC(COP(O)(O)=S)C(O)=C3O)c2n1,"8-bromoguanosino-3',5'-cyclic monophosphorothioate",,non_drug,IUPAC chemistry name
MCAHMSDENAOJFZ-UHFFFAOYSA-N,COC1C=CC=C(C)C(=O)NC2=CC(=O)C=C(C2=O)C(OC)C(C)CC(OC)C(OC)C(C)C=C(C)C1OC(N)=O,herbimycin,1,expert_curation,HSP90 inhibitor - hepatotoxic
ZZZYHIMVKOHVIH-UHFFFAOYSA-N,COC(=O)C12OCC34C(CC5C(C)=C(O)C(=O)CC5(C)C3C(O)C1O)OC(=O)C(OC(=O)C=C(C)C)C24,brusatol,,non_drug,Quassinoid - hepatic effects
NCYSTSFUYSFMEO-UHFFFAOYSA-N,CCC=CCC(O)C=CC1C(O)CC2OC(=CCCCC(=O)O)CC21,prostaglandin I3,,non_drug,industrial/lab/non-drug chemical
OUQGDTNNZRAKIB-UHFFFAOYSA-N,O=C(O)CCCCCCCn1ccnc1,1-carboxyheptylimidazole,0,expert_curation,Carnitine-like research - mark NaN
JEDJMKTVUPSHFW-UHFFFAOYSA-N,CC(Cc1ccc2c(c1)OC(C(=O)O)(C(=O)O)O2)NCC(O)c1cccc(Cl)c1,"disodium (R,R)-5-(2-((2-(3-chlorophenyl)-2-hydroxyethyl)-amino)propyl)-1,3-benzodioxole-2,3-dicarboxylate",,non_drug,IUPAC chemistry name
PDMUULPVBYQBBK-UHFFFAOYSA-N,CCCCOc1cc(CC2CNC(=O)N2)ccc1OC,4-(3-Butoxy-4-methoxybenzyl)-2-imidazolidinone,,non_drug,IUPAC chemistry name
HLULTZRXKIQNBX-UHFFFAOYSA-N,O=C(Nc1nc2ccc(Cl)cc2s1)NN1C(=O)C(Cl)C1c1ccc(Cl)cc1Cl,CHEMBL4569177,,non_drug,ChEMBL ID only
QSQFARNGNIZGAW-UHFFFAOYSA-N,CS(=O)(=O)OCCOS(C)(=O)=O,CHEMBL170630,,non_drug,ChEMBL ID only
GIKLTQKNOXNBNY-UHFFFAOYSA-N,ClC=C[As](Cl)Cl,lewisite,1,expert_curation,Arsenical war agent - hepatotoxic
ZROLHBHDLIHEMS-UHFFFAOYSA-N,CCCc1cc(O)c2c(c1)OC(C)(C)C1CCC(C)=CC21,tetrahydrocannabivarin 9,,non_drug,THCV cannabinoid
WZNJWVWKTVETCG-UHFFFAOYSA-N,NC(Cn1ccc(=O)c(O)c1)C(=O)O,Mimosine,0,expert_curation,Mimosa amino acid - hepatic in animals
SSEUDFYBEOIWGF-UHFFFAOYSA-N,COc1cc2c3c(c4cc(OC)c(OC)cc4c2cc1OC)CN1CCCC1C3,tylophorine,1,expert_curation,Hepatotoxic alkaloid (animal data)
RJXQSIKBGKVNRT-UHFFFAOYSA-N,NP(=O)(O)N(CCCl)CCCl,phosphoramide mustard,1,expert_curation,Cyclophosphamide metabolite - hepatic
JFJZZMVDLULRGK-UHFFFAOYSA-O,COc1cc2c3cc1Oc1cc(ccc1O)CC1c4c(cc(OC)c(O)c4Oc4ccc(cc4)CC3N(C)CC2)CC[N+]1(C)C,Tubocurarine,1,expert_curation,NMB - rare hepatic effects
YYGNTYWPHWGJRM-UHFFFAOYSA-N,CC(C)=CCCC(C)=CCCC(C)=CCCC=C(C)CCC=C(C)CCC=C(C)C,Squalene,0,expert_curation,Endogenous lipid
HSJQJGAVYCLWJA-UHFFFAOYSA-N,O=c1c2ccc3cccc4c(=O)cc(c5ccccc15)-c2c34,"benzo(a)pyrene-6,12-quinone",,non_drug,IUPAC chemistry name
GQWYWHOHRVVHAP-UHFFFAOYSA-N,CC1=CC(C)CC(C)OC(=O)CC(c2ccc(O)cc2)NC(=O)C(Cc2c(Br)[nH]c3ccccc23)N(C)C(=O)C(C)NC(=O)C(C)C1,jasplakinolide,1,expert_curation,Actin stabilizer - hepatic effects
ZONYXWQDUYMKFB-UHFFFAOYSA-N,O=C1CC(c2ccccc2)Oc2ccccc21,flavanone,,non_drug,industrial/lab/non-drug chemical
YNRCBOXEDICOIX-UHFFFAOYSA-N,NCCN(CCN)[N+]([O-])=NO,"2,2'-(hydroxynitrosohydrazono)bis-ethanamine",,non_drug,IUPAC chemistry name
NNWHUJCUHAELCL-UHFFFAOYSA-N,CC=Cc1ccc(OC)c(OC)c1,isomethyleugenol,0,expert_curation,Listed
XOEUHCONYHZURQ-HNUBZJOYSA-N,CC[C@H]1OC(=O)[C@H](C)[C@@H](O[C@H]2C[C@@](C)(OC)[C@@H](O)[C@H](C)O2)[C@H](C)[C@@H](O[C@@H]2O[C@H](C)C[C@H](N(C)C)[C@H]2O)[C@](C)(O)C[C@](C)(F)C(=O)[C@H](C)[C@@H](O)[C@]1(C)O,flurithromycin,1,expert_curation,Macrolide - hepatic injury reports
SDXKZPQOVUDXIY-UHFFFAOYSA-N,COc1cc(O)cc(CCc2ccc(OC)c(O)c2)c1,gigantol,0,expert_curation,Stilbene/lignan - safe
KEQHJBNSCLWCAE-UHFFFAOYSA-N,CC1=CC(=O)C(C(C)C)=CC1=O,thymoquinone,0,expert_curation,Black seed - generally safe
IOEPXYJOHIZYGQ-UHFFFAOYSA-N,Cc1ccc2c(c1)C(N1CCN(C)CC1)=Nc1ccccc1S2,CHEMBL2106892,,non_drug,ChEMBL ID only
VVOAZFWZEDHOOU-UHFFFAOYSA-N,C=CCc1ccc(O)c(-c2cc(CC=C)ccc2O)c1,magnolol,0,expert_curation,Magnolia - safe
KFGOFTHODYBSGM-UHFFFAOYSA-N,CCCCCC(O)C=CC1C(O)CC(O)C1CC(=O)CCCCC(=O)O,6-Ketoprostaglandin F1 alpha,,non_drug,industrial/lab/non-drug chemical
QZVNQOLPLYWLHQ-UHFFFAOYSA-N,COC(=O)C1=C(C)NC(C)=C(C(=O)OC2CCCN(Cc3ccccc3)C2)C1c1cccc([N+](=O)[O-])c1,benidipine,1,expert_curation,DHP calcium channel blocker - hepatotoxicity
NLDDIKRKFXEWBK-UHFFFAOYSA-N,CCCCCC(O)CC(=O)CCc1ccc(O)c(OC)c1,gingerol,0,expert_curation,Listed safe
WJRBRSLFGCUECM-UHFFFAOYSA-N,O=C1CNC(=O)N1,Hydantoins,,non_drug,generic chemical class
IAIWVQXQOWNYOU-UHFFFAOYSA-N,NC(=O)NN=Cc1ccc([N+](=O)[O-])o1,Nitrofurazone,1,expert_curation,Nitrofuran - LiverTox B chronic hepatitis
VZFRNCSOCOPNDB-UHFFFAOYSA-N,CC(=CC=CC(C)C(=O)O)C1CNC(C(=O)O)C1CC(=O)O,domoic acid,1,expert_curation,Excitotoxin - hepatic effects
STBMTRPPGSYEFD-UHFFFAOYSA-N,CN(C)CCN1C(=O)c2ccccc2Nc2ccccc21,CHEMBL99486,,non_drug,ChEMBL ID only
QJTJIQBSZLFWFS-UHFFFAOYSA-N,O=C(O)c1cc(C(F)(F)F)nc2c(C(F)(F)F)cccc12,Ro 21-5104,,non_drug,research
LIOKMIQQPDDTNO-UHFFFAOYSA-N,CC(C)CC(NC(=O)N1CCCCCC1)C(=O)NC(Cc1cn(C)c2ccccc12)C(=O)NC(Cc1ccccn1)C(=O)O,FR 139317,,non_drug,ETA antagonist research
FNFHZBKBDFRYHS-UHFFFAOYSA-N,CCCCCCCCCCCCCCCCOCC(COP(=O)([O-])OCC[N+](C)(C)C)OC(=O)NC,1-O-hexadecyl-2-N-methylcarbamylphosphatidylcholine,,non_drug,industrial/lab/non-drug chemical
CVRXLMUYFMERMJ-UHFFFAOYSA-N,c1ccc(CN(CCN(Cc2ccccn2)Cc2ccccn2)Cc2ccccn2)nc1,"N,N,N',N'-tetrakis(2-pyridylmethyl)ethylenediamine",,non_drug,IUPAC chemistry name
MGMQAZXDRJETOM-UHFFFAOYSA-M,O=C([O-])c1ccc([Hg+])cc1,4-hydroxymercuribenzoate,1,expert_curation,Mercury compound - hepatotoxic
HFXRJLLAJRGFLY-LGMDPLHJSA-N,CCC(C)Oc1cc(NC(=O)/C(C#N)=C(/C)O)c(F)cc1-c1cccc(C(F)(F)F)c1,CHEMBL5193565,,non_drug,ChEMBL ID only
PDHAOJSHSJQANO-UHFFFAOYSA-N,Oc1cc(O)cc(C=Cc2ccc(O)cc2O)c1,puag-haad,0,expert_curation,Listed
PXGWEUQZDRUMRE-UHFFFAOYSA-N,O=C(OC1C(Oc2c(-c3ccc(O)c(O)c3)oc3cc(O)cc(O)c3c2=O)OC(CO)C(O)C1O)c1cc(O)c(O)c(O)c1,2''-galloylhyperin,0,expert_curation,Tannin - safe
XLTFNNCXVBYBSX-UHFFFAOYSA-N,COc1c(O)cc(O)c2c(=O)cc(-c3ccccc3)oc12,wogonin,0,expert_curation,Scutellaria flavone - some hepatic effects but generally safe at low doses
KQPYUDDGWXQXHS-UHFFFAOYSA-N,O=C1C=CC(=O)c2c(O)cccc21,juglone,1,expert_curation,Hepatotoxic naphthoquinone
MNCZMYLRBLYUPR-UHFFFAOYSA-N,CCP(=O)(OC)c1ccc2oc(-c3ccc(F)cc3)nc2c1,CHEMBL4638592,,non_drug,ChEMBL ID only
PFRQBZFETXBLTP-UHFFFAOYSA-N,CC(C)=CCCC(C)=CCCC(C)=CCCC(C)=CCCC(C)=CCCC(C)=CCC1=C(C)C(=O)c2ccccc2C1=O,Vitamin K 2,1,expert_curation,LiverTox C high dose
SGUAFYQXFOLMHL-ACJLOTCBSA-N,C[C@H](CCc1ccccc1)NC[C@H](O)c1ccc(O)c(C(N)=O)c1,CHEMBL27193,,non_drug,ChEMBL ID only
YZVWKHVRBDQPMQ-UHFFFAOYSA-N,Nc1ccc2ccc3cccc4ccc1c2c34,1-aminopyrene,,non_drug,PAH
LELAOEBVZLPXAZ-UHFFFAOYSA-N,C[S+]([O-])CCCN=C=S,iberin,0,expert_curation,Brassica isothiocyanate - safe
UKHMZCMKHPHFOT-UHFFFAOYSA-N,Nc1ncnc2c1ncn2C1CCCO1,9-(tetrahydro-2-furyl)-adenine,,non_drug,IUPAC chemistry name
IFXSWTIWFGIXQO-AOOOYVTPSA-N,C[C@@H]1C[C@H](C)CN(S(=O)(=O)c2ccc(Cl)c(C(=O)O)c2)C1,CHEMBL2104748,,non_drug,ChEMBL ID only
ITVGXXMINPYUHD-UHFFFAOYSA-N,COc1ccc(CCC(=O)c2c(O)cc(OC3OC(CO)C(O)C(O)C3OC3OC(C)C(O)C(O)C3O)cc2O)cc1O,neohesperidin dihydrochalcone,1,expert_curation,"Sweetener - safe, mark 0"
SQMWSBKSHWARHU-UHFFFAOYSA-N,OCC1OC(n2cnc3c(NC4CCCC4)ncnc32)C(O)C1O,N(6)-cyclopentyladenosine,,non_drug,IUPAC chemistry name
QFXKXRXFBRLLPQ-UHFFFAOYSA-N,c1ccc2c(c1)[I+]c1ccccc1-2,diphenyleneiodonium,1,expert_curation,NADPH oxidase inhibitor - hepatotoxic
QNBTYORWCCMPQP-UHFFFAOYSA-N,COc1ccc(C(=CC(=O)N2CCOCC2)c2ccc(Cl)cc2)cc1OC,dimethomorph,1,expert_curation,Fungicide - hepatic effects
VQODGRNSFPNSQE-UHFFFAOYSA-N,CC1CC2C3CCC4=CC(=O)C=CC4(C)C3(F)C(O)CC2(C)C1(O)C(=O)COP(=O)(O)O,dexamethasone 21-phosphate,1,expert_curation,Dexamethasone prodrug - LiverTox B steatosis
OPJZLUXFQFQYAI-UHFFFAOYSA-N,O=c1c(OC2OC(C(O)CO)C(O)C2O)c(-c2ccc(O)c(O)c2)oc2cc(O)cc(O)c12,isoquercitrin,0,expert_curation,Flavonoid glycoside - safe
NNJPGOLRFBJNIW-UHFFFAOYSA-N,CNC1CCc2cc(OC)c(OC)c(OC)c2-c2ccc(OC)c(=O)cc21,Demecolcine,1,expert_curation,Already listed
XCBWMEWFFNUFLV-UHFFFAOYSA-N,COc1cc(N(CC(=O)O)CC(=O)O)c2nc(COc3cc(C)ccc3N(CC(=O)O)CC(=O)O)ccc2c1,Quin2,0,expert_curation,Listed (lab Ca probe)
LPQDGVLVYVULMX-UHFFFAOYSA-N,CCOC(=O)CC(SP(=O)(OC)SC)C(=O)OCC,isomalathion,1,expert_curation,Malathion impurity - hepatic effects
KUGUNHHHNWFJTM-UHFFFAOYSA-N,Cn1c(=O)c2c(nc3n2CCCN3Cc2c(F)cccc2Cl)n(C)c1=O,CHEMBL4521517,,non_drug,ChEMBL ID only
GWXLDORMOJMVQZ-UHFFFAOYSA-N,[Ce],Cerium,,non_drug,element / inorganic substance
VUAFHZCUKUDDBC-UHFFFAOYSA-N,CC(C)(S)C(=O)NC(CS)C(=O)O,bucillamine,1,expert_curation,DMARD - LiverTox B hepatic injury
RFWGABANNQMHMZ-UHFFFAOYSA-N,CC=C1C(OC2OC(CO)C(O)C(O)C2O)OC=C(C(=O)OC)C1CC(=O)OCCc1ccc(O)c(O)c1,oleuropein,0,expert_curation,Olive leaf polyphenol - safe at dietary doses
XGVJWXAYKUHDOO-UHFFFAOYSA-N,OC1C=C2CCN3Cc4cc5c(cc4C(C1O)C23)OCO5,lycorine,1,expert_curation,Amaryllidaceae alkaloid - hepatotoxic
FXLOVSHXALFLKQ-UHFFFAOYSA-N,Cc1ccc(C=O)cc1,4-methylbenzaldehyde,0,expert_curation,Industrial aromatic aldehyde - mild hepatic
NLVFBUXFDBBNBW-UHFFFAOYSA-N,NCC1OC(OC2C(N)CC(N)C(OC3OC(CO)C(O)C(N)C3O)C2O)C(N)CC1O,Tobramycin,1,expert_curation,LiverTox B - cholestatic injury reports
XYTOFZZIIYJECI-CTTKUTITSA-N,Cc1cn([C@@H]2O[C@@]3(COP(O)(=S)O[C@H]4[C@H]5O[C@H](C)[C@]4(COP(O)(=S)O[C@H]4C[C@H](n6cc(C)c(=O)[nH]c6=O)O[C@@H]4COP(O)(=S)O[C@H]4[C@@H](O)[C@H](n6cnc7c6N=CNC7N)O[C@@H]4COP(O)(=S)O[C@H]4[C@@H](O)[C@H](n6cnc7c(=O)[nH]c(N)nc76)O[C@@H]4COP(O)(=S)O[C@H]4[C@@H](O)[C@H](n6ccc(N)nc6=O)O[C@@H]4COP(O)(=S)O[C@H]4[C@@H](O)[C@H](n6cnc7c(N)ncnc76)O[C@@H]4COP(O)(=S)O[C@H]4[C@@H](O)[C@H](n6ccc(N)nc6=O)O[C@@H]4COP(O)(=S)O[C@H]4[C@@H](O)[C@H](n6cc(C)c(=O)[nH]c6=O)O[C@@H]4COP(O)(=S)O[C@H]4[C@@H](O)[C@H](n6cnc7c(=O)[nH]c(N)nc76)O[C@@H]4COP(O)(=S)O[C@H]4[C@@H](O)[C@H](n6cnc7c(=O)[nH]c(N)nc76)O[C@@H]4COP(O)(=S)O[C@H]4[C@@H](O)[C@H](n6ccc(N)nc6=O)O[C@@H]4COP(O)(=S)O[C@H]4[C@H]6O[C@H](C)[C@]4(COP(O)(=S)O[C@H]4[C@H]7O[C@H](C)[C@]4(CO)O[C@H]7n4ccc(=O)[nH]c4=O)O[C@H]6n4cc(C)c(N)nc4=O)O[C@H]5n4ccc(=O)[nH]c4=O)[C@@H](C)O[C@@H]2[C@@H]3O)c(=O)nc1N,CHEMBL501528,,non_drug,ChEMBL ID only
GHOKWGTUZJEAQD-UHFFFAOYSA-N,CC(C)(CO)C(O)C(=O)NCCC(=O)O,Pantothenic Acid,0,expert_curation,Vitamin B5 - safe
MATGKVZWFZHCLI-UHFFFAOYSA-N,COc1cc(CC2COC(=O)C2Cc2ccc(O)c(OC)c2)ccc1O,matairesinol,0,expert_curation,Lignan - safe
PTMZTTPJFDLIOR-UHFFFAOYSA-N,CC(C)=CCCC(C)=CCCC(C)=CCCC(C)=CCCC(C)=CCCC(C)=CCCC(C)=CCCC(C)=CCCC1(C)CCc2cc(O)c(C)c(C)c2O1,plastochromanol 8,,non_drug,Plant tocopherol-like antioxidant
QBYUNVOYXHFVKC-GBURMNQMSA-N,C[C@H](CCC(=O)NCCS(=O)(=O)O)[C@H]1CC[C@H]2[C@@H]3CC[C@@H]4C[C@H](O)CC[C@]4(C)[C@H]3CC[C@]12C,CHEMBL408701,,non_drug,ChEMBL ID only
ZCBUQCWBWNUWSU-UHFFFAOYSA-N,CN(C)CC1CCn2cc(c3ccccc32)C2=C(C(=O)NC2=O)c2cn(c3ccccc23)CCO1,ruboxistaurin,1,expert_curation,PKC inhibitor - LiverTox C
GOZUADYOHPCXLE-UHFFFAOYSA-N,CC(C)/N=C/Nc1ccc(-c2c[nH]cn2)cc1,CHEMBL308005,,non_drug,ChEMBL ID only
HEBKCHPVOIAQTA-UHFFFAOYSA-N,OCC(O)C(O)C(O)CO,Xylitol,0,expert_curation,Listed
WBEFUVAYFSOUEA-UHFFFAOYSA-N,O=C1C(=Cc2ccc(O)c(O)c2)Oc2cc(O)cc(O)c21,aureusidin,0,expert_curation,Aurone flavonoid - safe at dietary doses
DOWJXOHBNXRUOD-UHFFFAOYSA-N,Cc1cccc2c1ccc1ccccc12,1-methylphenanthrene,,non_drug,PAH
JSFATNQSLKRBCI-UHFFFAOYSA-N,CCCCCC(O)C=CC=CCC=CCC=CCCCC(=O)O,"15-hydroxy-5,8,11,13-eicosatetraenoic acid",,non_drug,IUPAC chemistry name
LQANGKSBLPMBTJ-UHFFFAOYSA-N,CCCCCC(O)C=CC1C2CC(CO2)C1CC=CCCCC(=O)O,"15-Hydroxy-11 alpha,9 alpha-(epoxymethano)prosta-5,13-dienoic Acid",,non_drug,IUPAC chemistry name
JZLQUWSWOJPCAK-UHFFFAOYSA-N,Brc1cc2c(cc1Br)Oc1cc(Br)c(Br)cc1O2,"2,3,7,8-tetrabromodibenzo-4-dioxin",,non_drug,IUPAC chemistry name
OOAHNJDZICJECC-BHWPLRMJSA-N,CCCCC(C)(C)[C@H](O)/C=C/[C@H]1[C@H](C)CC(=O)[C@@H]1C/C=C\CCCC(=O)O,CHEMBL2104498,,non_drug,ChEMBL ID only
VSWDORGPIHIGNW-UHFFFAOYSA-N,S=C(S)N1CCCC1,pyrrolidine dithiocarbamic acid,0,expert_curation,Lab NFkB inhibitor
VEUMANXWQDHAJV-UHFFFAOYSA-N,Oc1ccccc1C=NCCN=Cc1ccccc1O,"N,N'-bis(salicylideneamino)ethane-manganese(II)",0,expert_curation,Lab catalyst
KJHHAPASNNVTSN-UHFFFAOYSA-N,COc1ccc(C(=O)C=Cc2ccccc2)cc1,4'-methoxychalcone,1,expert_curation,Chalcone - hepatic effects
VDXZNPDIRNWWCW-UHFFFAOYSA-N,CCC(C)C(NC(=O)CN)C(=O)NCC(=O)NC(C)C(=O)NC(C(=O)NC(CC(C)C)C(=O)NC(CCCCN)C(=O)NC(C(=O)NC(CC(C)C)C(=O)NC(C(=O)NC(C(=O)NCC(=O)NC(CC(C)C)C(=O)N1CCCC1C(=O)NC(C)C(=O)NC(CC(C)C)C(=O)NC(C(=O)NC(CO)C(=O)NC(Cc1c[nH]c2ccccc12)C(=O)NC(C(=O)NC(CCCCN)C(=O)NC(CCCNC(=N)N)C(=O)NC(CCCCN)C(=O)NC(CCCNC(=N)N)C(=O)NC(CCC(N)=O)C(=O)NC(CCC(N)=O)C(N)=O)C(C)CC)C(C)CC)C(C)O)C(C)O)C(C)C)C(C)C,Melitten,,non_drug,bee venom peptide
OXGUCUVFOIWWQJ-UHFFFAOYSA-N,CC1OC(Oc2c(-c3ccc(O)c(O)c3)oc3cc(O)cc(O)c3c2=O)C(O)C(O)C1O,quercitrin,0,expert_curation,Flavonoid - safe
CUXYLFPMQMFGPL-UHFFFAOYSA-N,CCCCC=CC=CC=CCCCCCCCC(=O)O,eleostearic acid,0,expert_curation,FA - safe
QIRUFAFQGKOTKA-UHFFFAOYSA-N,CC1=C(O)C(=O)C=C2C1=CC=C1C2(C)CCC2(C)C3CC(C)C(=O)C(O)C3(C)CCC12C,tingenin B,,non_drug,Maytenus triterpene
CMLFRMDBDNHMRA-UHFFFAOYSA-N,C1=Cc2ccccc2ON1,Benzoxazines,,non_drug,generic chemical class
FHNINJWBTRXEBC-UHFFFAOYSA-N,Oc1ccc2ccccc2c1N=Nc1ccc(N=Nc2ccccc2)cc1,sudan III,,non_drug,lab dye - carcinogen
XOJVHLIYNSOZOO-UHFFFAOYSA-N,COc1ccc(CC2COC(=O)C2Cc2ccc(OC3OC(CO)C(O)C(O)C3O)c(OC)c2)cc1OC,arctiin,0,expert_curation,Burdock lignan - safe at moderate doses
SGGBZKQTWMKXHD-UHFFFAOYSA-N,Cc1cccc2c(CCN)c[nH]c12,7-methyltryptamine,,non_drug,research compound
HCCRRLVJBLDSLL-UHFFFAOYSA-N,NC(N)=NCCCC(NC(=O)C(Cc1ccccc1)NC(=O)C1CCCN1)C(=O)CCl,phenylalanyl-prolyl-arginine-chloromethyl ketone,,non_drug,research
QWUGXIXRFGEYBD-UHFFFAOYSA-M,CC[Hg]Cl,Ethylmercuric Chloride,,non_drug,thimerosal metabolite - toxicant
NYDCDZSEEAUOHN-UHFFFAOYSA-N,CCC(=C(c1ccccc1)c1ccc(OCCNC)cc1)c1ccccc1,N-desmethyltamoxifen,1,expert_curation,Tamoxifen metabolite - hepatotoxicity
OQQVFCKUDYMWGV-UHFFFAOYSA-N,OCc1ccc(-c2nn(Cc3ccccc3)c3ccccc23)o1,3-(5'-hydroxymethyl-2'-furyl)-1-benzylindazole,,non_drug,IUPAC chemistry name
CFZLNRGUBAVQNO-UHFFFAOYSA-N,O=C1CCC(=O)N1c1cc(Cl)cc(Cl)c1,CHEMBL561915,,non_drug,ChEMBL ID only
FPQNRXITKTZFMF-NWDGAFQWSA-N,NC(=O)c1nnc(N[C@@H]2CCCC[C@@H]2N)nc1Nc1cccc2cc[nH]c12,CHEMBL3416026,,non_drug,ChEMBL ID only
FZWGECJQACGGTI-UHFFFAOYSA-N,Cn1cnc2nc(N)[nH]c(=O)c21,7-methylguanine,0,expert_curation,Endogenous metabolite
MTDHILKWIRSIHB-UHFFFAOYSA-N,NC1C(O)OC(COS(=O)(=O)O)C(O)C1O,glucosamine 6-O-sulfate,0,expert_curation,Safe metabolite
UFCGDBKFOKKVAC-UHFFFAOYSA-N,COc1cc2c(c(OC)c1OC)-c1c(cc3c(c1OC)OCO3)CC(C)C(C)(O)C2OC(=O)c1ccccc1,schizandrer A,0,expert_curation,Hepatoprotective
QIXJMCNCXLOJKZ-LGUFXXKBSA-N,C/C(=C\Cc1cc(O)cc(Sc2ccccc2C(=O)O)c1O)CCCC(C)CCCC(C)CCCC(C)C,CHEMBL3922437,,non_drug,ChEMBL ID only
XLFLNLAIJULEFF-UHFFFAOYSA-N,CC1=C2N=C(C=C3N=C(C(C)=C4NC(C)(C5N=C1C(C)(CCC(=O)NCC(C)OP(=O)(O)OC1C(CO)OC(n6cnc7cc(C)c(C)cc76)C1O)C5CC(N)=O)C(C)(CC(N)=O)C4CCC(N)=O)C(C)(CC(N)=O)C3CCC(N)=O)C(C)(C)C2CCC(N)=O,mecobalamin,0,expert_curation,Listed safe
PDMMFKSKQVNJMI-UHFFFAOYSA-N,CCC(=O)OC1CCC2C3CCC4=CC(=O)CCC4(C)C3CCC12C,Testosterone Propionate,1,expert_curation,Anabolic - LiverTox B
BJHIKXHVCXFQLS-UYFOZJQFSA-N,O=C(CO)[C@@H](O)[C@H](O)[C@H](O)CO,CHEMBL1232863,,non_drug,ChEMBL ID only
MEFKEPWMEQBLKI-UHFFFAOYSA-N,C[S+](CCC(N)C(=O)[O-])CC1OC(n2cnc3c(N)ncnc32)C(O)C1O,S-Adenosylmethionine,0,expert_curation,SAMe - hepatoprotective
BTGAJCKRXPNBFI-UHFFFAOYSA-N,CCCN1CCc2cccc3c2C1Cc1ccc(O)c(O)c1-3,N-n-propylnorapomorphine,1,expert_curation,DA agonist research - hepatic
WHSUEVLJUHPROF-UHFFFAOYSA-N,C=C1C(=O)C23C(O)CC4C(C)(C)CCC(O)C4(CO)C2CCC1C3O,kamebakaurin,,non_drug,Diterpene - hepatic effects mild
JJWKPURADFRFRB-UHFFFAOYSA-N,O=C=S,carbonyl sulfide,,non_drug,industrial gas
RHGJXZFAEALZIR-GSSWQMCCSA-O,CCN(CC)c1ccc2c(-c3ccccc3C(=O)NCC(=O)NCC(=O)N[C@@H](CC(C)C)C(=O)N[C@@H](CCCCN)C(=O)N[C@H](CC(C)C)C(=O)N[C@@H](CC(C)C)C(=O)N[C@@H](CCCCN)C(=O)N[C@H](CCCCN)C(=O)N[C@@H](CC(C)C)C(=O)N[C@H](CC(C)C)C(=O)N[C@H](CCCCN)C(=O)N[C@@H](CCCCN)C(=O)N[C@@H](CC(C)C)C(=O)N[C@@H](CC(C)C)C(=O)N[C@H](CCCCN)C(=O)N[C@@H](CC(C)C)C(=O)N[C@@H](CC(C)C)C(N)=O)c3ccc(=[N+](CC)CC)cc-3oc2c1,CHEMBL4855781,,non_drug,ChEMBL ID only
LAZSIJHHPMHKQI-UHFFFAOYSA-N,Cc1cnc2cc(C)c3c(nc(N)n3C)c2n1,"3,4,8-trimethylimidazo(4,5-f)quinoxalin-2-amine",,non_drug,IUPAC chemistry name
XFSBVAOIAHNAPC-UHFFFAOYSA-N,CCN1CC2(COC)C(O)CC(OC)C34C5CC6(O)C(OC)C(O)C(OC(C)=O)(C5C6OC(=O)c5ccccc5)C(C(OC)C23)C14,Aconitine,1,expert_curation,Aconitum alkaloid - hepatotoxicity
SMKRKQBMYOFFMU-UHFFFAOYSA-N,C#CCC1=C(C)C(OC(=O)C2C(C=C(C)C)C2(C)C)CC1=O,"d,d-T80-prallethrin",1,expert_curation,Pyrethroid - hepatic effects
WHGYBXFWUBPSRW-UHFFFAOYSA-N,OCC1OC2OC3C(CO)OC(OC4C(CO)OC(OC5C(CO)OC(OC6C(CO)OC(OC7C(CO)OC(OC8C(CO)OC(OC1C(O)C2O)C(O)C8O)C(O)C7O)C(O)C6O)C(O)C5O)C(O)C4O)C(O)C3O,betadex,0,expert_curation,Cyclodextrin excipient - safe
WADMTJKRYLAHQV-UHFFFAOYSA-N,CCC(C(C)C)C(O)C(O)C(C)C1CCC2C3CC(=O)C4CC(O)C(O)CC4(C)C3CCC12C,homocastasterone,1,expert_curation,Brassinosteroid - hepatic effects
LGEQQWMQCRIYKG-UHFFFAOYSA-N,CCCCCC=CCC=CCC=CCC=CCCCC(=O)NCCO,anandamide,,non_drug,endocannabinoid
VAAUVRVFOQPIGI-TYHRLYECSA-N,CO/N=C(/C(=O)N[C@@H]1C(=O)N2C(C(=O)O)=C(CSc3nc(=O)c(O)nn3C)CS[C@H]12)c1csc(N)n1,CHEMBL1697718,,non_drug,ChEMBL ID only
XYNPYHXGMWJBLV-UHFFFAOYSA-N,CC1CCC2(NC1)OC1CC3C4CCC5CC(O)CCC5(C)C4CCC3(C)C1C2C,tomatidine,0,expert_curation,Tomato alkaloid - safe at dietary
FAXWFCTVSHEODL-UHFFFAOYSA-N,Oc1ccc(Br)cc1Br,"2,4-dibromophenol",1,expert_curation,Halogenated phenol - hepatic effects
LVSCWEDTMWAASP-UHFFFAOYSA-N,CC1=CCCC2C1(C)CCC(C)C2(C)CCC1=CC(=O)OC1O,"16-hydroxycleroda-3,13(14)-dien-15,16-olide",,non_drug,IUPAC chemistry name
UIKROCXWUNQSPJ-UHFFFAOYSA-N,CN1C(=O)CCC1c1cccnc1,Cotinine,0,expert_curation,Nicotine metabolite - safe biomarker
XOBRUPBUBNAFDI-UHFFFAOYSA-N,CCC(C)C(NC(=O)C(CCSC)NC(=O)OC(C)(C)C)C(=O)NC(Cc1ccccc1)C(=O)O,t-butyloxycarbonyl-methionyl-leucyl-phenylalanine,,non_drug,Research peptide
UFDHNJJHPSGMFX-UHFFFAOYSA-N,CC(=O)OC1(C)CC(C)C(=O)C(C(O)CC2CC(=O)NC(=O)C2)C1,acetoxycycloheximide,1,expert_curation,Cycloheximide - hepatotoxic
NAHCWQNNENHGNH-UHFFFAOYSA-N,C/N=C(/Cc1ccc2ccccc2c1)NC,CHEMBL1192539,,non_drug,ChEMBL ID only
VEENJGZXVHKXNB-UHFFFAOYSA-N,COP(=O)(OC)OC(C)=CC(=O)N(C)C,dicrotophos,1,expert_curation,Organophosphate - hepatic effects
NIXVOFULDIFBLB-UHFFFAOYSA-N,Nc1nc([S+](N)[O-])c2ncn(C3OC(CO)C(O)C3O)c2n1,sulfinosine,1,expert_curation,Anticancer - hepatic effects
KEJCWVGMRLCZQQ-YJBYXUATSA-N,CO/N=C(\C(=O)N[C@@H]1C(=O)N2C(C(=O)OC(C)OC(C)=O)=C(COC(N)=O)CS[C@H]12)c1ccco1,CEFUROXIME AXETIL,1,expert_curation,LiverTox C - cholestatic injury
IZXIZTKNFFYFOF-UHFFFAOYSA-N,O=C1NCCO1,Oxazolidinones,,non_drug,generic chemical class
SWUARLUWKZWEBQ-UHFFFAOYSA-N,O=C(C=Cc1ccc(O)c(O)c1)OCCc1ccccc1,caffeic acid phenethyl ester,,non_drug,industrial/lab/non-drug chemical
HUJXGQILHAUCCV-UHFFFAOYSA-N,CNC(=O)C1OC(n2cnc3c(NCc4cccc(I)c4)ncnc32)C(O)C1O,N(6)-(3-iodobenzyl)-5'-N-methylcarboxamidoadenosine,,non_drug,IUPAC chemistry name
KIVUHCNVDWYUNP-UHFFFAOYSA-N,Nc1cc2c3ccccc3ccc2c2ccccc12,6-chrysenamine,,non_drug,PAH
VXKHXGOKWPXYNA-YDFDUYJKSA-N,CC(C)C[C@H](NC(=O)[C@H](Cc1c[nH]c2ccccc12)NC(=O)[C@H](Cc1ccc(O)cc1)NC(=O)[C@H](CO)NC(=O)[C@H](Cc1c[nH]c2ccccc12)NC(=O)[C@H](Cc1c[nH]cn1)NC(=O)[C@@H]1CCC(=O)N1)C(=O)N[C@@H](CCCNC(=N)N)C(=O)N1CCC[C@H]1C(=O)NCC(N)=O,CHEMBL4068871,,non_drug,ChEMBL ID only
XBZYWSMVVKYHQN-UHFFFAOYSA-N,CC1(C)CCC2(C(=O)O)CCC3(C)C(=CCC4C5(C)CCC(O)C(C)(COS(=O)(=O)O)C5CCC43C)C2C1,Triterpenes,,non_drug,generic chemical class
CIGQQQTZOIDQQR-BGSOWLKRSA-N,C[C@]12C=C[C@@]3(CC[C@@H]4[C@@](C)(CO)CCC[C@@]4(C)[C@@H]3CC1)C2,CHEMBL3589110,,non_drug,ChEMBL ID only
CZGIUGHMJZYXNX-UHFFFAOYSA-N,CCCCCC(O)C=CC(=O)CCCCCCCCC(=O)O,13-hydroxy-10-oxo-11-octadecenoic acid,,non_drug,FA oxidation product
SZBULDQSDUXAPJ-UHFFFAOYSA-N,OCC1OC(n2cnc3c(NC4CCCCC4)ncnc32)C(O)C1O,N(6)-cyclohexyladenosine,,non_drug,IUPAC chemistry name
RJVLFQBBRSMWHX-UHFFFAOYSA-N,CN(C(Cc1ccc(OS(=O)(=O)c2cccc3cnccc23)cc1)C(=O)N1CCN(c2ccccc2)CC1)S(=O)(=O)c1cccc2cnccc12,KN 62,,non_drug,CaMKII inhibitor research
SJRXVLUZMMDCNG-UHFFFAOYSA-N,O=c1c(O)c(-c2ccc(O)c(O)c2)oc2c(OC3OC(CO)C(O)C(O)C3O)c(O)cc(O)c12,gossypin,0,expert_curation,Flavonol - safe
DUSHUSLJJMDGTE-ZJPMUUANSA-N,CC(=O)[C@@]1(O)CC[C@H]2[C@@H]3C=C(Cl)C4=CC(=O)[C@@H]5C[C@@H]5[C@]4(C)[C@H]3CC[C@@]21C,CHEMBL142130,,non_drug,ChEMBL ID only
NWJMUYNQRYAJIB-KLISCUKASA-N,COc1cc2c(cc1O)CC[C@@H]1[C@@H]2CC[C@]2(C)C(=O)/C(=C/c3ccc(Cl)cc3)C[C@@H]12,CHEMBL4463259,,non_drug,ChEMBL ID only
LUKZNWIVRBCLON-UHFFFAOYSA-N,CC(C)C(=O)OCC(=O)C12OC(C3CCCCC3)OC1CC1C3CCC4=CC(=O)C=CC4(C)C3C(O)CC12C,ciclesonide,1,expert_curation,Inhaled corticosteroid - LiverTox C
UDKABVSQKJNZBH-UHFFFAOYSA-N,C=C1CC2C3C=C(C)C4=CC(=O)CCC4(C)C3CCC2(C)C1(OC(C)=O)C(C)=O,Melengestrol Acetate,1,expert_curation,Progestin - hepatic effects
LVWAKZBZWYHYCJ-UHFFFAOYSA-N,COc1ccc2c(c1OC)C(OC)N(C)c1c-2ccc2cc3c(cc12)OCO3,angoline,,non_drug,Toddalia alkaloid - limited data
SYUHGPGVQRZVTB-UHFFFAOYSA-N,[Rn],Radon,,non_drug,element / inorganic substance
OFEZSBMBBKLLBJ-UHFFFAOYSA-N,Nc1ncnc2c1ncn2C1OC(CO)CC1O,cordycepin,0,expert_curation,Listed safe
KHBXRZGALJGBPA-UHFFFAOYSA-N,COc1cc2c(c3oc(=O)c4c(c13)CCC4=O)C1C(O2)OC2OC21,"aflatoxin B1-2,3-oxide",,non_drug,IUPAC chemistry name
MJQUEDHRCUIRLF-TVIXENOKSA-N,CCC/C=C/C=C/C(=O)O[C@H]1/C(=C/C(=O)OC)C[C@H]2C[C@H]([C@@H](C)O)OC(=O)C[C@H](O)C[C@@H]3C[C@H](OC(C)=O)C(C)(C)[C@](O)(C[C@@H]4C/C(=C/C(=O)OC)C[C@H](/C=C/C(C)(C)[C@]1(O)O2)O4)O3,CHEMBL449158,,non_drug,ChEMBL ID only
GRBKWAXRYIITKG-UHFFFAOYSA-N,CC=CC#CC#CC=Cc1ccco1,atractylodin,0,expert_curation,Listed safe
DCYOADKBABEMIQ-UHFFFAOYSA-N,CC1OC(Oc2c(-c3cc(O)c(O)c(O)c3)oc3cc(O)cc(O)c3c2=O)C(O)C(O)C1O,myricitrin,0,expert_curation,Flavonoid - safe
GMWISVUOUTUEHN-UHFFFAOYSA-N,CC(=O)C1C(CC#N)CC2C3CC=C4CC(O)CCC4(C)C3CCC21C,pregnenolone 16-acetonitrile,,non_drug,research progestin
GKAJCVFOJGXVIA-UHFFFAOYSA-N,COc1ccc(C=Cc2cc(O)cc(OC3OC(CO)C(O)C(O)C3O)c2)cc1O,rhapontin,0,expert_curation,Listed (cautious - LiverTox C for HSO)
NGYIMTKLQULBOO-UHFFFAOYSA-L,Br[Hg]Br,mercuric bromide,,non_drug,industrial mercury salt
STNJBCKSHOAVAJ-UHFFFAOYSA-N,C=C(C)C=O,methacrylaldehyde,,non_drug,industrial
OOUFTJQAYCNJGB-UHFFFAOYSA-N,C[As]=O,methylarsine oxide,,non_drug,arsenic metabolite
XJQPQKLURWNAAH-UHFFFAOYSA-N,COc1cc(CNC(=O)CCCCCCC(C)C)ccc1O,dihydrocapsaicin,1,expert_curation,Capsaicin analog - hepatic
SRPFDFNVILUDAI-UHFFFAOYSA-N,O=C(O)CCCOc1cccc(CCCCCCOc2cc(-c3ccsc3)cc(-c3ccc4c(c3)OCO4)c2)c1CCC(=O)O,CHEMBL1098560,,non_drug,ChEMBL ID only
YDXRLMMGARHIIC-UHFFFAOYSA-N,OC1C=Cc2c(cc3ccc4cccc5ccc2c3c45)C1O,"benzo(a)pyrene 7,8-dihydrodiol",,non_drug,IUPAC chemistry name
IJLXLZGJDSJGIQ-UHFFFAOYSA-N,CCC1CC2C3CCC4=CC(=O)CCC4C3CCC2(C)C1C(=O)CO,"16 alpha-ethyl-21-hydroxy-19-nor-4-pregnene-3,20-dione",,non_drug,IUPAC chemistry name
ZBQFYVZOWLAJKN-UHFFFAOYSA-N,FCCCCCF,CHEMBL1697728,,non_drug,ChEMBL ID only
LQCLVBQBTUVCEQ-QTFUVMRISA-N,CO[C@H]1C[C@H](O[C@H]2[C@H](C)[C@@H](O[C@@H]3O[C@H](C)C[C@H](N(C)C)[C@H]3OC(C)=O)[C@@H](C)C[C@@]3(CO3)C(=O)[C@H](C)[C@@H](OC(C)=O)[C@@H](C)[C@@H](C)OC(=O)[C@@H]2C)O[C@@H](C)[C@@H]1OC(C)=O,TROLEANDOMYCIN,1,expert_curation,LiverTox B - well-documented cholestasis
UAUHEPXILIZYCU-UUEXUKNBSA-N,CCC[N+]12[C@H](O)[C@@H](CC)[C@@H]3C[C@H]1[C@@H]1N(C)c4ccccc4[C@]14C[C@H]2C3[C@H]4O,CHEMBL3137688,,non_drug,ChEMBL ID only
YDNKGFDKKRUKPY-UHFFFAOYSA-N,CCCCCCCCCCCCCC=CC(O)C(CO)NC(=O)CCCCCCCCCCCCCCC,N-palmitoylsphingosine,,non_drug,industrial/lab/non-drug chemical
XVARCVCWNFACQC-UHFFFAOYSA-N,OCC1OC(Oc2c[nH]c3ccccc23)C(O)C(O)C1O,Indican,0,expert_curation,Indoxyl sulfate precursor - endogenous
XUWSHXDEJOOIND-UHFFFAOYSA-N,CC1(O)CC(O)C2(O)C=COC(OC3OC(CO)C(O)C(O)C3O)C12,harpagide,0,expert_curation,Listed
WYZWZEOGROVVHK-UHFFFAOYSA-N,CC1CC2OC2C=CC=CC(=O)Cc2c(Cl)c(O)cc(O)c2C(=O)O1,monorden,1,expert_curation,Hepatic effects
ISFPDBUKMJDAJH-UHFFFAOYSA-N,O=C1CCc2c(ccc3ccccc23)O1,splitomicin,1,expert_curation,Sirtuin inhibitor - hepatic effects
IAAPVNQZSBLWKH-UHFFFAOYSA-N,CC=CC=CC=CC(=O)O,"octa-2,4,6-trienoic acid",,non_drug,IUPAC chemistry name
FNGGIPWAZSFKCN-UHFFFAOYSA-N,CCC12C=CCN3CCC4(C(=C(C(=O)OC)C1)Nc1ccccc14)C32,tabersonine,1,expert_curation,Listed
PZFZLRNAOHUQPH-UHFFFAOYSA-N,CCCCCCCCCCCCCCCC(=O)NC(CSCC(COC(=O)CCCCCCCCCCCCCCC)OC(=O)CCCCCCCCCCCCCCC)C(=O)O,"2,3-bis(palmitoyloxy)-2-propyl-1-palmitoylcysteine",,non_drug,IUPAC chemistry name
IUPDWMUZBVKRGM-UHFFFAOYSA-N,Cc1cnc(C(=O)Nc2ccc(S(=O)(=O)NC(C)C)cc2)cn1,L-Lactate Dehydrogenase,0,expert_curation,Enzyme - non-drug
BOGAHAUMRNNWPE-UHFFFAOYSA-N,COc1cc(CCc2ccc(Nc3c4c(nc5ccccc35)CCCC4)cc2)cc(OC)c1,CHEMBL4093419,,non_drug,ChEMBL ID only
VTYQXQQQKWLGBA-UHFFFAOYSA-N,CC1CCC2(NC1)OC1CC3C4CC=C5CC(OC6OC(CO)C(OC7OC(C)C(O)C(O)C7OC7OC(C)C(O)C(O)C7O)C(O)C6O)CCC5(C)C4CCC3(C)C1C2C,alpha-solamargine,0,expert_curation,Solanum glycoalkaloid
IRHTZOCLLONTOC-UHFFFAOYSA-N,CCCCCCCCCCCCCCCCCCCCCCCCCCO,1-hexacosanol,0,expert_curation,Plant alcohol supplement - safe
TUAHORSUHVUKBD-UHFFFAOYSA-N,c1ccc2c(c1)ccc1ccc3ccccc3c12,benzo(c)phenanthrene,,non_drug,PAH
VWFJDQUYCIWHTN-UHFFFAOYSA-N,CC(C)=CCCC(C)=CCCC(C)=CCOP(=O)(O)OP(=O)(O)O,farnesyl pyrophosphate,0,expert_curation,Endogenous isoprenoid
COBXSLRIXGQVGS-UHFFFAOYSA-N,O=c1[nH]c2ccc(-c3c(Cl)cccc3OC(F)(F)F)cc2[nH]1,CHEMBL4214902,,non_drug,ChEMBL ID only
PCXMKBOWWVXEDT-UHFFFAOYSA-N,CC(C(=O)Nc1cc(-c2ccccc2)nn1-c1ccccc1)N(C)C,CHEMBL2105587,,non_drug,ChEMBL ID only
XLHIYUYCSMZCCC-UHFFFAOYSA-N,COc1ccc(C=Cc2cc(OC)cc(=O)o2)cc1,yangonin,1,expert_curation,Kava component - LiverTox B
PEYUIKBAABKQKQ-UHFFFAOYSA-N,c1cc2c(cc1C1OCC3C(c4ccc5c(c4)OCO5)OCC13)OCO2,sesamin,0,expert_curation,Lignan - safe
WDXRGPWQVHZTQJ-UHFFFAOYSA-N,CC=C1C(=O)CC2C3CCC4=CC(=O)CCC4(C)C3CCC12C,"pregna-4,17-diene-3,16-dione",,non_drug,IUPAC chemistry name
UCDVIBNDYLUWFP-UHFFFAOYSA-N,C=C1C(=O)C23C(O)CC4C(C)(C)C(=O)CCC4(C)C2CCC1C3O,glaucocalyxin A,,non_drug,Diterpene - hepatic effects (mild)
CWVRJTMFETXNAD-UHFFFAOYSA-N,O=C(C=Cc1ccc(O)c(O)c1)OC1CC(O)(C(=O)O)CC(O)C1O,Chlorogenic Acid,0,expert_curation,Coffee polyphenol - safe at dietary doses
OKTJSMMVPCPJKN-UHFFFAOYSA-N,[C],Carbon,,non_drug,element / inorganic substance
ZFAHNWWNDFHPOH-UHFFFAOYSA-N,C=CCSCC(N)C(=O)O,S-allylcysteine,,non_drug,garlic metabolite
XIFVTSIIYVGRHJ-UHFFFAOYSA-N,CNc1nc(N(C)C)nc(N(C)C)n1,CHEMBL457723,,non_drug,ChEMBL ID only
JKHRCGUTYDNCLE-UHFFFAOYSA-O,Oc1cc(O)c2cc(O)c(-c3cc(O)c(O)c(O)c3)[o+]c2c1,delphinidin,0,expert_curation,Anthocyanidin - safe
LBBJNGFCXDOYMQ-UHFFFAOYSA-N,Cc1[nH]ccc2c1[nH]c1cc(=O)ccc12,harmol,1,expert_curation,beta-carboline metabolite
QSXXLDDWVCEBFP-UHFFFAOYSA-N,CCOCn1cnc2c1c(=O)n(CCCCC(C)(C)O)c(=O)n2C,torbafylline,1,expert_curation,Hepatotoxicity reports
UKHQRARQNZOXRL-UHFFFAOYSA-N,C[SnH](C)C,trimethyltin,,non_drug,industrial/lab/non-drug chemical
GIMNAEMRNXUAQP-UHFFFAOYSA-N,Cc1ncc(-c2csc(N=C(N)N)n2)[nH]1,CHEMBL70209,,non_drug,ChEMBL ID only
YYVYAPXYZVYDHN-UHFFFAOYSA-N,O=C1C(=O)c2ccccc2-c2ccccc21,"9,10-phenanthrenequinone",,non_drug,IUPAC chemistry name
XSOKHXFFCGXDJZ-UHFFFAOYSA-N,[Te-2],cadmium telluride,,non_drug,semiconductor
WWNNZCOKKKDOPX-UHFFFAOYSA-N,C[n+]1cccc(C(=O)[O-])c1,trigonelline,0,expert_curation,Methylnicotinic acid - safe
MHVJRKBZMUDEEV-UHFFFAOYSA-N,C=CC1(C)C=C2CCC3C(C)(C(=O)O)CCCC3(C)C2CC1,pimaric acid,0,expert_curation,Pine diterpene - safe at low doses
AIZFEOPQVZBNGH-UHFFFAOYSA-N,O=C1CN=C(c2ccccc2)c2c(sc3c2CCCC3)N1,bentazepam,1,expert_curation,Benzodiazepine - LiverTox B hepatic injury
QOZFCKXEVSGWGS-UHFFFAOYSA-N,CC12CCC3c4ccc(O)c(O)c4CCC3C1CCC2O,4-hydroxyestradiol,,non_drug,estrogen metabolite
DTGZHCFJNDAHEN-UHFFFAOYSA-N,CCC1CN2CCc3cc(OC)c(OC)cc3C2CC1CC1NCCc2cc(O)c(OC)cc21,cephaelin,1,expert_curation,Emetine - listed
WQCWELFQKXIPCN-UHFFFAOYSA-N,O=C(C=Cc1ccc(O)cc1)c1c(O)cc(O)cc1OC1OC(CO)C(O)C(O)C1O,isosalipurposide,0,expert_curation,Tannin - safe
NYHBQMYGNKIUIF-UHFFFAOYSA-N,Nc1nc2c(ncn2C2OC(CO)C(O)C2O)c(=O)[nH]1,Guanosine,0,expert_curation,Nucleoside - safe
LELBFTMXCIIKKX-UHFFFAOYSA-N,CCC1CN2CCc3c([nH]c4cccc(OC)c34)C2CC1C(=COC)C(=O)OC,mitragynine,1,expert_curation,Listed
PIMZUZSSNYHVCU-UHFFFAOYSA-N,C=C(C)C1C2OC(=O)C1C1(O)CC3OC34C(=O)OC2C14C,picrotoxinin,1,expert_curation,GABA antagonist - hepatic in toxicity
XDOTVMNBCQVZKG-UHFFFAOYSA-N,CSC(C)=NOC(=O)N(C)SN(C)C(=O)ON=C(C)SC,thiodicarb,1,expert_curation,Carbamate - hepatic effects
CFMYXEVWODSLAX-UHFFFAOYSA-N,NC1=NC(O)C2C3OC4(O)OC(C(O)C2(N1)C4O)C3(O)CO,Tetrodotoxin,1,expert_curation,Hepatic effects
KYFBXCHUXFKMGQ-UHFFFAOYSA-N,CC(C)=CCc1c(O)ccc2c1OC(c1ccc(O)cc1)CC2=O,isobavachin,1,expert_curation,Psoralea - LiverTox B documented hepatic injury
SDIVYZXRQHWCKF-UHFFFAOYSA-N,O=c1c2ccccc2nc2n1CCC2O,vasicinone,1,expert_curation,Adhatoda alkaloid - hepatic effects in toxicity
AERBNCYCJBRYDG-UHFFFAOYSA-N,CCCCCCCCCCCCCCC(O)C(O)C(N)CO,phytosphingosine,0,expert_curation,Endogenous lipid
JETQIUPBHQNHNZ-OAYJICASSA-N,CC1(C)S[C@@H]2[C@H](NC(=O)C(c3ccccc3)S(=O)(=O)O)C(=O)N2[C@H]1C(=O)O,CHEMBL1256734,,non_drug,ChEMBL ID only
XDEURYRPQDIBSL-UHFFFAOYSA-N,O=C1C=C2CCNC2=CC1=O,aminochrome 1,,non_drug,Dopamine oxidation product - endogenous
MQZIGYBFDRPAKN-UHFFFAOYSA-N,CC(C=CC=C(C)C=CC1=C(C)C(=O)C(O)CC1(C)C)=CC=CC=C(C)C=CC=C(C)C=CC1=C(C)C(=O)C(O)CC1(C)C,astaxanthine,0,expert_curation,Carotenoid - safe
ACNHBCIZLNNLRS-UHFFFAOYSA-N,CC(C)(O)C1OC2CCC3(C)C(O)(CCC4Cc5c([nH]c6ccccc56)C43C)C2=CC1=O,paxilline,1,expert_curation,Tremorgenic mycotoxin
YWXYYJSYQOXTPL-KVTDHHQDSA-N,O=[N+]([O-])O[C@@H]1CO[C@H]2[C@@H]1OC[C@H]2O,CHEMBL4076736,,non_drug,ChEMBL ID only
OUADMZZEIRSDSG-UHFFFAOYSA-N,COC12C(CO)C3=C(C(=O)C(C)=C(N)C3=O)N1CC1NC12,10-decarbamoylmitomycin C,1,expert_curation,Mitomycin analog - hepatic
SONNWYBIRXJNDC-UHFFFAOYSA-N,CNCC(O)c1cccc(O)c1,Phenylephrine,1,expert_curation,Sympathomimetic - LiverTox C
XLTANAWLDBYGFU-UHFFFAOYSA-N,CCN1CC2(COC(=O)c3ccccc3N3C(=O)CC(C)C3=O)CCC(OC)C34C5CC6C(OC)CC(O)(C5C6OC)C(O)(C(OC)C23)C14,methyllycaconitine,1,expert_curation,Aconitum - hepatic neurotoxic
ASXGJMSKWNBENU-UHFFFAOYSA-N,CCCN(CCC)C1CCc2cccc(O)c2C1,8-Hydroxy-2-(di-n-propylamino)tetralin,,non_drug,IUPAC chemistry name
NAAJVHHFAXWBOK-UHFFFAOYSA-N,CC(C)=CC(=O)CC(C)c1ccc(C)cc1,ar-turmerone,1,expert_curation,Turmeric - hepatic effects (curcumin family)
WFUGQJXVXHBTEM-UHFFFAOYSA-N,CCC(C)(OO)OOC(C)(CC)OO,methyl ethyl ketone peroxide,1,expert_curation,Industrial - hepatic
QMGVPVSNSZLJIA-UHFFFAOYSA-N,O=C1CC2OCC=C3CN4CCC56c7ccccc7N1C5C2C3CC46,Strychnine,1,expert_curation,LiverTox - hepatic effects in toxicity
RGZSQWQPBWRIAQ-UHFFFAOYSA-N,CC(C)=CCCC(C)(O)C1CC=C(C)CC1,bisabolol,0,expert_curation,Listed safe
MAYJEFRPIKEYBL-UHFFFAOYSA-N,CC1(C)OC(=O)C=CC2(C)C1CC(=O)C1(C)C2CCC2(C)C(c3ccoc3)OC(=O)C3OC321,obacunone,1,expert_curation,Limonoid - hepatic effects
ACTRVOBWPAIOHC-XIXRPRMCSA-N,O=C(O)[C@@H](S)[C@@H](S)C(=O)O,CHEMBL1201073,,non_drug,ChEMBL ID only
NZHGWWWHIYHZNX-UHFFFAOYSA-N,COc1ccc(C=CC(=O)Nc2ccccc2C(=O)O)cc1OC,tranilast,1,expert_curation,Antifibrotic - LiverTox B hepatic injury
AADCDMQTJNYOSS-UHFFFAOYSA-N,CCc1cc(Cl)c(OC)c(C(=O)NCC2CCCN2CC)c1O,eticlopride,,non_drug,D2 antagonist research compound
YGYAWVDWMABLBF-UHFFFAOYSA-N,O=C(Cl)Cl,Phosgene,1,expert_curation,Industrial poison - severe hepatic injury
IFFPICMESYHZPQ-UHFFFAOYSA-N,CC(Cc1ccccc1)NCCC(c1ccccc1)c1ccccc1,CHEMBL24072,,non_drug,ChEMBL ID only
SZINUGQCTHLQAZ-UHFFFAOYSA-N,CC(=O)C1=C(O)C2C3c4c[nH]c5cccc(c45)CC3C(C)(C)N2C1=O,cyclopiazonic acid,1,expert_curation,Mycotoxin - hepatic effects
SDCUWFRXMLQNCS-UHFFFAOYSA-N,CC12CC(c3ccc(OCCCCCS(=O)(=O)CCCC(F)(F)C(F)(F)F)cc3)C3c4ccc(O)cc4CCC3C1CCC2O,RU 58668,0,expert_curation,Research compound
