inchi_key,canonical_smiles,name,vivo_dilirank,vivo_livertox,vivo_dailymed,vivo_pubmed,vivo_ctd,vivo_chembl,vivo_faers
VGGGPCQERPFHOB-RDBSUJKOSA-N,CC(C)C[C@H](NC(=O)[C@@H](O)[C@H](N)Cc1ccccc1)C(=O)O,ubenimex,unknown,,,,,1.0,
AAGFPTSOPGCENQ-UHFFFAOYSA-N,O=C1C=CCC2C3CCCN4CCCC(CN12)C34,sophocarpine,,,,,medium,,
INRQTVDUZFESAO-UHFFFAOYSA-N,CS(=O)(=O)c1ccc(C2=C(c3ccc(F)c(F)c3)C(=O)OC2)cc1,"3-(3,4-difluorophenyl)-4-(4-(methylsulfonyl)phenyl)-2(5H)-furanone",,,,,weak,,
YECLJVFSJHLBMZ-UHFFFAOYSA-N,CCCCCCCCCCCCCC(=O)OC1C(C)C2(O)C(C=C(CO)CC3(O)C(O)C(C)=CC32)C2C(C)(C)C12OC(C)=O,phorbolol myristate acetate,,,,,weak,,
DDNCQMVWWZOMLN-UHFFFAOYSA-N,CCOC(=O)C1=CC2(CC)CCCN3CCc4c(n1c1ccccc41)C32,vinpocetine,,,,,medium,,
AIGAZQPHXLWMOJ-UHFFFAOYSA-N,Cc1coc2c1C(=O)C(=O)c1c-2ccc2c(C)cccc12,tanshinone,,,,,medium,,
KWTSZCJMWHGPOS-UHFFFAOYSA-M,C[Sn](C)(C)Cl,trimethyltin chloride,,,,,medium,,
BKIACVAZUKISOR-UHFFFAOYSA-N,CC(C)=CC(O)CC(C)=CCOc1c2ccoc2cc2oc(=O)ccc12,notopterol,,,,,weak,,
BYSGBSNPRWKUQH-UHFFFAOYSA-N,OCC1OC(OCC2OC(OC3C(CO)OC(O)C(O)C3O)C(O)C(O)C2OC2OC(CO)C(O)C(O)C2O)C(O)C(O)C1O,Glycogen,,,,,weak,,
KBAFPSLPKGSANY-VXKWHMMOSA-N,CCN(CC)CCOC(=O)[C@@H](Cc1cccc2ccccc12)C[C@@H]1CCCO1,CHEMBL1443491,,,,,,1.0,
XKMLYUALXHKNFT-UHFFFAOYSA-N,Nc1nc2c(ncn2C2OC(COP(=O)(O)OP(=O)(O)OP(=O)(O)O)C(O)C2O)c(=O)[nH]1,Guanosine Triphosphate,,,,,medium,,
XFZJEEAOWLFHDH-UHFFFAOYSA-N,Oc1cc(O)c2c(c1)OC(c1ccc(O)c(O)c1)C(O)C2c1c(O)cc(O)c2c1OC(c1ccc(O)c(O)c1)C(O)C2,procyanidin B1,,,,,medium,,
VBTQNRFWXBXZQR-UHFFFAOYSA-N,CC(=O)NBr,N-bromoacetamide,,,,,weak,,
UMUPQWIGCOZEOY-JOCHJYFZSA-N,CC(C)(N)C(=O)N[C@H](COCc1ccccc1)C(=O)N1CCC2(CC1)CN(S(C)(=O)=O)c1ccccc12,CHEMBL13817,,,,,,1.0,
GODLCSLPZIBRMG-UHFFFAOYSA-N,COc1cc(C)c(C(=O)Oc2cc(C)c(C(=O)O)c(O)c2)c(O)c1,CHEMBL1484978,,,,,,1.0,
RUTGHCUXABPJTJ-UHFFFAOYSA-N,COc1cc(O)c2c(=O)cc(-c3ccc(O)cc3)oc2c1C1CC(O)C(O)C(C)O1,aciculatin,,,,,weak,,
VDIFKDMFGPIVCQ-UHFFFAOYSA-N,CC(C)(C)c1ccccc1OP(=O)(Oc1ccccc1)Oc1ccccc1,tert-butylphenyl diphenyl phosphate,,,,,medium,,
MTKNDAQYHASLID-QXYWQCSFSA-N,C[C@]12CC[C@@H]3c4ccc(O)cc4CC[C@H]3[C@@H]1CC[C@@H]2O[C@@H]1O[C@H](C(=O)O)[C@@H](O)[C@H](O)[C@H]1O,CHEMBL1697724,,,,,,1.0,
JUSMHIGDXPKSID-UHFFFAOYSA-N,OCC1OC(S)C(O)C(O)C1O,Aurothioglucose,,,,weak,medium,,
GEHJIACZUFWBTK-UHFFFAOYSA-N,O=S(=O)(c1cccc2c(I)cccc12)N1CCCNCC1,ML 7,,,,,medium,,
YSKVBPGQYRAUQO-UHFFFAOYSA-N,CCC(CCC(C)C1CCC2C3=CCC4CC(O)CCC4(C)C3CCC21C)C(C)C,stigmast-7-enol,,,,,medium,,
SNKFFCBZYFGCQN-UHFFFAOYSA-N,O=C(C=Cc1ccc(O)c2c1C(C(=O)OC(Cc1ccc(O)c(O)c1)C(=O)O)C(c1ccc(O)c(O)c1)O2)OC(Cc1ccc(O)c(O)c1)C(=O)O,lithospermate B,,,,,medium,,
NXFQHRVNIOXGAQ-YCRREMRBSA-N,O=C1CN(/N=C/c2ccc([N+](=O)[O-])o2)C(=O)N1,CHEMBL572,,,,,,1.0,
WBSMIPAMAXNXFS-UHFFFAOYSA-N,O=C(O)c1cc([N+](=O)[O-])ccc1NCCCc1ccccc1,5-nitro-2-(3-phenylpropylamino)benzoic acid,,,,,medium,,
OJMIONKXNSYLSR-UHFFFAOYSA-N,OP(O)O,Organophosphonates,,,,weak,,,
VPAPPHOZFDSBAJ-UHFFFAOYSA-N,Cn1c(=O)c2c(nc3n2CCCN3Cc2ccccc2Br)n(C)c1=O,CHEMBL4535750,,,,,,1.0,
MRVWRDZEYURFSW-UHFFFAOYSA-N,COc1ccc(SCC(=S)N2CCc3c(sc4c3C(c3ccccc3Cl)=NCc3nnc(C)n3-4)C2)cc1OC,BN 50739,,,,,weak,,
OTLNLRCPPGPFDK-VBKFSLOCSA-N,C/C(O)=C(\C#N)C(=O)Nc1cc(OC(C)C)c(-c2cccc(C(F)(F)F)c2)cc1F,CHEMBL5169436,,,,,,1.0,
DDTDNCYHLGRFBM-YZEKDTGTSA-N,CC(=O)N[C@@H]1[C@H](Oc2c3cc4cc2Oc2ccc(cc2Cl)[C@@H](O[C@@H]2O[C@@H](CO)[C@@H](O)[C@H](O)[C@@H]2NC(C)=O)[C@@H]2NC(=O)[C@H](NC(=O)[C@@H]4NC(=O)[C@H]4NC(=O)[C@@H](Cc5ccc(c(Cl)c5)O3)NC(=O)[C@H](N)c3ccc(O)c(c3)Oc3cc(O)cc4c3)c3ccc(O)c(c3)-c3c(O[C@H]4O[C@H](CO)[C@@H](O)[C@@H](O)[C@@H]4O)cc(O)cc3[C@@H](C(=O)O)NC2=O)O[C@@H](CO)[C@@H](O)[C@@H]1O,CHEMBL2367892,,,,,,1.0,
SMPNJFHAPJOHPP-UHFFFAOYSA-N,Nc1ncnc2c1ncn2C1OC2COP(O)(=S)OC2C1O,"adenosine-3',5'-cyclic phosphorothioate",,,,,medium,,
LKQSEFCGKYFESN-UHFFFAOYSA-N,Cc1ccccc1OP1(=O)OCc2ccccc2O1,2-(2-cresyl)-4H-1-3-2-benzodioxaphosphorin-2-oxide,,,,,medium,,
RJYQLMILDVERHH-UHFFFAOYSA-N,CC(O)CCC(=O)c1ccoc1,CHEMBL1743358,,,,,,1.0,
KDZOUSULXZNDJH-UHFFFAOYSA-N,C=C(C)C1CCC(C)=CC1c1c(C)cc(O)cc1O,O-1602 compound,,,,,medium,,
JCSREICEMHWFAY-HUUCEWRRSA-N,CCCN1CCO[C@@H]2c3cc(O)ccc3CC[C@H]21,CHEMBL69271,,,,,,1.0,
FOIVPCKZDPCJJY-UHFFFAOYSA-N,CC(=Cc1ccc(C(=O)O)cc1)c1ccc2c(c1)C(C)(C)CCC2(C)C,"4-(2-(5,6,7,8-tetrahydro-5,5,8,8-tetramethyl-2-naphthalenyl)-1-propenyl)benzoic acid",,,,,medium,,
NTNWOCRCBQPEKQ-UHFFFAOYSA-N,CN=C(N)NCCCC(N)C(=O)O,omega-N-Methylarginine,,,,,medium,,
OZKOMUDCMCEDTM-UHFFFAOYSA-N,c1cnc2c(c1)ccc1ncccc12,"1,7-phenanthroline",,,,,weak,,
DXYUAIFZCFRPTH-UHFFFAOYSA-N,COc1cc2c(=O)c(-c3ccc(O)cc3)coc2cc1O,glycitein,,,,,medium,,
GZIFEOYASATJEH-UHFFFAOYSA-N,Cc1cc(O)cc2c1OC(C)(CCCC(C)CCCC(C)CCCC(C)C)CC2,delta-tocopherol,,,,,medium,,
BGLUXFNVVSVEET-UHFFFAOYSA-N,CC1C=CC(=O)O1,angelica lactone,,,,,medium,,
ZFKKRRMUPBBYRS-UHFFFAOYSA-N,O=c1cc(-c2ccccc2)oc2c(O)c(O)cc(O)c12,norwogonin,,,,,medium,,
IOFUFYLETVNNRF-UHFFFAOYSA-N,O=C(O)CCC=CCCC1C(OCc2ccc(-c3ccccc3)cc2)CC(=O)C1N1CCOCC1,AH 23848,,,,,medium,,
NEYQATXDZSNIOO-UHFFFAOYSA-N,CCC=CC=CC=CC=CCCC(O)CCCCCCC(=O)O,8-hydroxyeicosatetraenoic acid,,,,,weak,,
KJEBULYHNRNJTE-UHFFFAOYSA-N,COCCOC(=O)C1=C(C)NC(C)=C(C(=O)OCC=Cc2ccccc2)C1c1cccc([N+](=O)[O-])c1,cilnidipine,,,,,medium,,
BNQSTAOJRULKNX-UHFFFAOYSA-N,CC(=O)NCCCCCCNC(C)=O,hexamethylene bisacetamide,,,,,medium,1.0,
ODADKLYLWWCHNB-UHFFFAOYSA-N,CC(C)=CCCC(C)=CCCC(C)=CCCC1(C)CCc2cc(O)cc(C)c2O1,"tocotrienol, delta",,,,,medium,,
WUUGFSXJNOTRMR-UHFFFAOYSA-N,CSCC1OC(n2cnc3c(N)ncnc32)C(O)C1O,5'-methylthioadenosine,,,,,medium,,
IVOMOUWHDPKRLL-UHFFFAOYSA-N,Nc1ncnc2c1ncn2C1OC2COP(=O)(O)OC2C1O,Cyclic AMP,,,,,medium,,
UATJOMSPNYCXIX-UHFFFAOYSA-N,O=[N+]([O-])c1cc([N+](=O)[O-])cc([N+](=O)[O-])c1,sym-trinitrobenzene,,,,,medium,,
AHEVKYYGXVEWNO-UEPZRUIBSA-N,CN(C)[C@@H]1C(O)=C(C(=O)NCNCCCC[C@H](N)C(=O)O)C(=O)[C@@]2(O)C(O)=C3C(=O)c4c(O)cccc4[C@@](C)(O)[C@H]3C[C@@H]12,lymecycline,unknown,,,,,1.0,
NVLPQIPTCCLBEU-UHFFFAOYSA-N,C=CCSC,allyl methyl sulfide,,,,,weak,,
UUDAMDVQRQNNHZ-UHFFFAOYSA-N,Cc1o[nH]c(=O)c1CC(N)C(=O)O,alpha-Amino-3-hydroxy-5-methyl-4-isoxazolepropionic Acid,,,,,medium,,
GYKFWCDBQAFCLJ-RTWAWAEBSA-N,COc1ccc([C@@H]2Sc3cc(Cl)ccc3N(CCN(C)C)C(=O)[C@@H]2OC(C)=O)cc1,CHEMBL348763,,,,,,1.0,
NMUSYJAQQFHJEW-ARQDHWQXSA-N,Nc1ncn([C@@H]2O[C@H](CO)[C@@H](O)[C@@H]2O)c(=O)n1,CHEMBL2106666,,,,,,1.0,
QFVOYBUQQBFCRH-UHFFFAOYSA-N,C=C1CC23CCC4C(C)(C(=O)O)CCCC4(C)C2CCC1(O)C3,steviol,,,,,medium,,
AFPLNGZPBSKHHQ-UHFFFAOYSA-N,CC(C)=CCCC(C)=CCCC(C)=CCCC(C)=CCCC(C)=CCCC(C)=CCCC(C)=CCCC(C)=CCCC(C)=CCO,solanesol,,,,,medium,,
BCDGQXUMWHRQCB-UHFFFAOYSA-N,CC(=O)CN,aminoacetone,,,,,weak,,
XEYBRNLFEZDVAW-UHFFFAOYSA-N,CCCCCC(O)C=CC1C(O)CC(=O)C1CC=CCCCC(=O)O,Dinoprostone,,,,,medium,,
WBGUTGOSUBJTJZ-UHFFFAOYSA-N,Cc1[nH]ccc2c(C)c3nc4ccccc4c3cc12,olivacine,,,,,weak,,
OVGGLBAWFMIPPY-UHFFFAOYSA-N,COC(=O)NN=Cc1c[n+]([O-])c2ccccc2[n+]1[O-],Carbadox,,,,,weak,,
HCAGTMLWEWVIJA-UHFFFAOYSA-N,COc1cc(-c2oc3c(OC)c(OC)c(OC)c(O)c3c(=O)c2OC)ccc1O,"5,4'-dihydroxy-3,6,7,8,3'-pentamethoxyflavone",,,,,weak,,
LCAFGJGYCUMTGS-UHFFFAOYSA-N,NCC1CC(=O)N(Cc2ccccc2)C1,CHEMBL2104682,,,,,,1.0,
JRFZSUMZAUHNSL-UHFFFAOYSA-N,COc1cc(OC)c2c(=O)cc(-c3ccccc3)oc2c1,"5,7-dimethoxyflavone",,,,,medium,,
SBMIVUVRFPGOEB-UHFFFAOYSA-N,Clc1cc2oc3cc(Cl)c(Cl)c(Cl)c3c2cc1Cl,"1,2,3,7,8-pentachlorodibenzofuran",,,,,weak,,
NBMKJKDGKREAPL-UHFFFAOYSA-N,CC1CC2C3CCC4=CC(=O)C=CC4(C)C3(Cl)C(O)CC2(C)C1(O)C(=O)CO,Beclomethasone,,,,,medium,,
XWMMEBCFHUKHEX-UHFFFAOYSA-N,C=C1CCC2(C)CCC3(C)C(CCC4C5(C)CCC(O)C(C)(C)C5CCC43C)C2C1C,taraxasterol,,,,,medium,,
DBTMGCOVALSLOR-UHFFFAOYSA-N,OCC1OC(OC2C(O)C(CO)OC(OC3C(O)C(O)OC(CO)C3O)C2O)C(O)C(O)C1O,laminaran,,,,,weak,,
GDTBXPJZTBHREO-UHFFFAOYSA-N,BrBr,Bromine,,,,,medium,,
NJGWOFRZMQRKHT-UHFFFAOYSA-N,CC(C)CCCCCCCCCC1CC(=O)NC(CCC(=O)O)C(=O)NC(CC(C)C)C(=O)NC(CC(C)C)C(=O)NC(C(C)C)C(=O)NC(CC(=O)O)C(=O)NC(CC(C)C)C(=O)NC(CC(C)C)C(=O)O1,surfactin peptide,,,,,medium,,
PHZOWSSBXJXFOR-UHFFFAOYSA-N,C=CCC(=NOS(=O)(=O)O)SC1OC(CO)C(O)C(O)C1O,sinigrin,,,,,weak,,
QMQIQBOGXYYATH-UHFFFAOYSA-N,CC1CCC2(OC1)OC1CC3C4CC=C5CC(O)CC(O)C5(C)C4CCC3(C)C1C2C,ruscogenin,,,,,medium,,
CEBXXEKPIIDJHL-UHFFFAOYSA-N,Cc1cc(O)cc2oc(=O)c3c(O)cc(O)cc3c12,alternariol,,,,,medium,,
UCZJPQIEFFTIEV-UHFFFAOYSA-N,COc1c2ccc(-c3ccccc3)oc-2cc(=O)c1C,dracorhodin,,,,,weak,,
LUFAORPFSVMJIW-UHFFFAOYSA-N,COc1ccc2c(c1)CCC1C2CCC2(C)C(NCCCCCCN3C(=O)C=CC3=O)CCC12,"1-(6-((3-methoxyestra-1,3,5(10)-trien-17-yl)amino)hexyl)-1H-pyrrole-2,5-dione",,,,,medium,,
JAZBEHYOTPTENJ-UHFFFAOYSA-N,CCC=CCC=CCC=CCC=CCC=CCCCC(=O)O,Eicosapentaenoic Acid,,,,,medium,,
RNOJGTHBMJBOSP-UHFFFAOYSA-N,CC1(C2CCCC2)Cc2cc(OCC(=O)O)c(Cl)c(Cl)c2C1=O,MK 473,,,,,weak,,
BMZRVOVNUMQTIN-UHFFFAOYSA-N,N#CC(C#N)=NNc1ccc(OC(F)(F)F)cc1,Carbonyl Cyanide p-Trifluoromethoxyphenylhydrazone,,,,,medium,1.0,
LGAWSVFQACGGJL-UHFFFAOYSA-N,CCCCCCCCCC(=O)NC(CN1CCOCC1)C(C)c1ccccc1,RV 538,,,,,medium,,
PYXFVCFISTUSOO-UHFFFAOYSA-N,CC(C)=CCCC(C)(O)C1CCC2(C)C1C(O)CC1C3(C)CCC(O)C(C)(C)C3CCC12C,protopanaxadiol,,,,,medium,,
WRYCSMQKUKOKBP-UHFFFAOYSA-N,C1CNCN1,Imidazolidines,,,,weak,,,
UKOQVLAXCBRRGH-UHFFFAOYSA-N,CO/N=C(\N)c1ccc(-c2ccc(-c3ccc(/C(N)=N/OC)cc3)o2)cc1,Pafuramidine,unknown,,,,,1.0,
LZAZURSABQIKGB-UHFFFAOYSA-N,O=C1NC2C(=CC(O)C(O)C2O)c2cc3c(c(O)c21)OCO3,narciclasine,,,,,medium,,
XXYTXQGCRQLRHA-UHFFFAOYSA-N,Cc1ccc(S(=O)(=O)NC(=O)NC2CCCCC2)cc1N,metahexamide,unknown,,,,,1.0,
WBYWAXJHAXSJNI-UHFFFAOYSA-N,O=C(O)C=Cc1ccccc1,cinnamic acid,,,,,medium,,
VFLDPWHFBUODDF-UHFFFAOYSA-N,COc1cc(C=CC(=O)CC(=O)C=Cc2ccc(O)c(OC)c2)ccc1O,Curcumin,,,,,medium,,
AGZXTDUDXXPCMJ-UHFFFAOYSA-N,O=C(O)C1CSC(C(O)C(O)C(O)CO)N1,"2-(1',2',3',4'-tetrahydroxybutyl)thiazolidine-4-carboxylic acid",,,,,weak,,
CHNUOJQWGUIOLD-NFZZJPOKSA-N,CC(/C=C1\SC(=S)N(CC(=O)O)C1=O)=C\c1ccccc1,EPALRESTAT,unknown,,,,,1.0,
FRIJWEQBTIZQMD-UHFFFAOYSA-N,c1ccc2c(c1)Cc1ccc3ccccc3c1-2,benzo(c)fluorene,,,,,weak,,
ZCGOMHNNNFPNMX-UHFFFAOYSA-N,CC1CN(C2CCC(C#N)(c3ccc(F)cc3)CC2)CCC1(C(=O)O)c1ccccc1,levocabastine,,,,,medium,,
DBQHWMPFMCOGIW-UHFFFAOYSA-N,COc1ccc(NC(=O)C=C(C)C=CC=C(C)C=CC2=C(C)CCCC2(C)C)cc1,N-(4-methoxyphenyl)retinamide,,,,,weak,,
RANONBLIHMVXAJ-UHFFFAOYSA-N,O=P1(N(CCCl)CCCl)NC(O)CCO1,4-hydroxycyclophosphamide,,,,,weak,,
BOJKULTULYSRAS-UHFFFAOYSA-N,C=C1CCC2C(C)(CO)C(O)CCC2(C)C1CC=C1C(=O)OCC1O,andrographolide,,,,,medium,,
HJRJRUMKQCMYDL-UHFFFAOYSA-N,O=[N+]([O-])c1cc([N+](=O)[O-])c(Cl)c([N+](=O)[O-])c1,Picryl Chloride,,,,,medium,,
AUVVAXYIELKVAI-UHFFFAOYSA-N,CCC1CN2CCc3cc(OC)c(OC)cc3C2CC1CC1NCCc2cc(OC)c(OC)cc21,Emetine,,,,,medium,,
WFDXOXNFNRHQEC-UHFFFAOYSA-N,COC=C(C(=O)OC)c1ccccc1Oc1cc(Oc2ccccc2C#N)ncn1,azoxystrobin,,,,,medium,,
AEMFNILZOJDQLW-UHFFFAOYSA-N,CC12CCC3C(CCC4=CC(=O)CCC43C)C1CCC2=O,Androstenedione,,,,,medium,,
QJVXKWHHAMZTBY-UHFFFAOYSA-N,COc1cc(C=CCO)cc(OC)c1OC1OC(CO)C(O)C(O)C1O,syringin,,,,,medium,,
GRSZFWQUAKGDAV-UHFFFAOYSA-N,O=c1[nH]cnc2c1ncn2C1OC(COP(=O)(O)O)C(O)C1O,Inosine Monophosphate,,,,,weak,,
AKNNEGZIBPJZJG-UHFFFAOYSA-N,COc1ccc2c(c1OC)C(=O)OC2C1c2c(cc3c(c2OC)OCO3)CCN1C,Noscapine,,,,,weak,,
KXDROGADUISDGY-UHFFFAOYSA-N,NC(=NCc1ccccc1)NC(=O)c1nc(Cl)c(N)nc1N,benzamil,,,,,weak,,
GIJPBJLOHMBSSM-UHFFFAOYSA-N,CCP(=O)(OC)c1ccc2oc(-c3cccc(C(F)(F)F)c3)nc2c1,CHEMBL4634268,,,,,,1.0,
CPAXNXCTPKOPTH-UHFFFAOYSA-N,Cc1ccc(S(=O)(=O)C(=C(Br)c2ccccc2)c2ccccc2)cc1,Sulfones,,,,medium,,,
USRHYDPUVLEVMC-UHFFFAOYSA-N,CN(C)C(CCOc1cccc2ccccc12)c1ccccc1,dapoxetine,,,,,medium,,
JGWYPPCSIMCNLP-UHFFFAOYSA-N,CC(=O)Nc1ccc(S(=O)(=O)O)c2cc(S(=O)(=O)O)c(N=Nc3ccccc3)c(O)c12,Lignin,,,,,weak,,
RUDNHCHNENLLKM-UHFFFAOYSA-N,CCC(C)C1NC(=O)CNC(=O)C2Cc3c([nH]c4cc(O)ccc34)SCC(NC(=O)CNC1=O)C(=O)NC(CC(=O)O)C(=O)N1CC(O)CC1C(=O)NC(C(C)C(O)CO)C(=O)N2,Amanitins,,,,medium,,,
SJHPCNCNNSSLPL-UHFFFAOYSA-N,CCOC=C1N=C(c2ccccc2)OC1=O,Oxazolone,,,,,medium,,
QTONANGUNATZOU-UHFFFAOYSA-N,COc1c(Cl)cc2c(c1OC)N(C)C1N3C(=O)C4(C)SSC3(C(=O)N4C)C(O)C21O,sporidesmin,,,,,medium,,
XUHJBXVYNBQQBD-UHFFFAOYSA-N,COCC12CN(C)C3C4C(OC)C1C3(C(OC)CC2O)C1CC2(O)C(OC)C(O)C4(OC(C)=O)C1C2OC(=O)c1ccccc1,mesaconitine,,,,,medium,,
YUSWMAULDXZHPY-UHFFFAOYSA-N,O=c1cc(-c2ccc(O)c(-c3c(O)cc(O)c4c(=O)cc(-c5ccc(O)cc5)oc34)c2)oc2cc(O)cc(O)c12,amentoflavone,,,,,medium,,
GLZPCOQZEFWAFX-UHFFFAOYSA-N,CC(C)=CCCC(C)=CCO,geraniol,,,,,medium,,
ROHFNLRQFUQHCH-UHFFFAOYSA-N,CC(C)CC(N)C(=O)O,Leucine,,,,,medium,,
VYVRIXWNTVOIRD-UHFFFAOYSA-N,CC1CC2OC3C(CC2OC2CC4OC5CC=CCC6OC7C=CC8OC9C(CC8OC7C=CC6OC5CC(O)C4(C)OC2C1)OC1CC=CC(C=CC(O)CO)OC1C9O)OC1C(C)C(C)C2(CC(O)CO2)OC1C(O)C3C,Ciguatoxins,,,,,medium,,
XAKKNLNAJBNLPC-MAYKBZFQSA-N,CC[N+](C)(C/C=C/C1=C(C(=O)[O-])N2C(=O)[C@@H](NC(=O)/C(=N\OCF)c3nsc(N)n3)[C@H]2SC1)CC(N)=O,CHEMBL2074822,,,,,,1.0,
SMNCEXHPBATBIT-UHFFFAOYSA-N,O=C(O)CCCOc1cccc(CCCCCCOc2cc(-c3ccccc3)cc(-c3ccccc3)c2)c1CCC(=O)O,CHEMBL1099323,,,,,,1.0,
OMKHWTRUYNAGFG-UHFFFAOYSA-N,Nc1nccc2c1ncn2C1C=C(CO)C(O)C1O,3-deazaneplanocin,,,,,medium,,
SWINWPBPEKHUOD-UHFFFAOYSA-N,CC12CCC3c4cc(O)c(O)cc4CCC3C1CCC2=O,2-hydroxyestrone,,,,,weak,,
MNQZXJOMYWMBOU-UHFFFAOYSA-N,O=CC(O)CO,Glyceraldehyde,,,,,medium,,
OIUBYZLTFSLSBY-UHFFFAOYSA-N,O=c1c(O)c(-c2ccc(OC3OC(CO)C(O)C(O)C3O)c(O)c2)oc2cc(O)cc(O)c12,spiraeoside,,,,,medium,,
JCXJVPUVTGWSNB-UHFFFAOYSA-N,[O]N=O,Nitrogen Dioxide,,,,,medium,,
MJBWDEQAUQTVKK-UHFFFAOYSA-N,COc1cc2c(c3oc(=O)c4c(c13)CCC4=O)C1(O)C=COC1O2,Aflatoxin M1,,,,,medium,,
JNBOAUIJLDEICX-UHFFFAOYSA-N,CCCCCC=CCC(O)C=Cc1cccc(CC(O)CCCCO)n1,U 75302,,,,,weak,,
ONFOSYPQQXJWGS-UHFFFAOYSA-N,CSCCC(O)C(=O)O,alpha-hydroxy-gamma-methylmercaptobutyric acid,,,,,medium,,
QCWXUUIWCKQGHC-UHFFFAOYSA-N,[Zr],Zirconium,,,,,weak,,
OINNEUNVOZHBOX-UHFFFAOYSA-N,CC(C)=CCCC(C)=CCCC(C)=CCCC(C)=CCOP(=O)(O)OP(=O)(O)O,geranylgeranyl pyrophosphate,,,,,medium,,
DKPMWHFRUGMUKF-UHFFFAOYSA-N,CC(CCC(=O)O)C1CCC2C3C(O)C(O)C4CC(O)CCC4(C)C3CCC12C,muricholic acid,,,,,medium,,
GNRIZKKCNOBBMO-UHFFFAOYSA-N,COc1c(O)cc2oc3cc(O)c(CC=C(C)C)c(O)c3c(=O)c2c1CC=C(C)C,mangostin,,,,,medium,,
GXVBFMDZQMQKOU-UHFFFAOYSA-N,CC(=O)n1nc(-c2ccccc2)cc1-c1cn(-c2ccccc2)nc1-c1ccc(OCc2ccccc2)cc1,CHEMBL4449905,,,,,,1.0,
ORHBXUUXSCNDEV-UHFFFAOYSA-N,O=c1ccc2ccc(O)cc2o1,7-hydroxycoumarin,,,,,medium,,
DILDHNKDVHLEQB-UHFFFAOYSA-N,CC12CCC3c4cc(O)c(O)cc4CCC3C1CCC2O,2-hydroxyestradiol,,,,,medium,,
AMSZHSUEHGXXIY-UHFFFAOYSA-N,O=[Si](O[Si](O)(O)O)O[Si](O)(O)O[Si](=O)O[Si](O)(O)O[Si](O)(O)O[Si](=O)O[Si](O)(O)O,"Asbestos, Amosite",,,,,medium,,
OCHOKXCPKDPNQU-UHFFFAOYSA-N,ClC1=C(Cl)C2(Cl)C3C(Cl)C(Cl)C(Cl)C3C1(Cl)C2(Cl)Cl,nonachlor,,,,,medium,,
BMWPPNAUMLRKML-UHFFFAOYSA-N,N#CC(Cl)Br,bromochloroacetonitrile,,,,,weak,,
VLGATXOTCNBWIT-UHFFFAOYSA-N,COC(=O)c1c2c(c3ccccc3c1O)OC(C)(C)C=C2,rubimaillin,,,,,medium,,
VTRBOZNMGVDGHY-UHFFFAOYSA-N,Cc1ccc(Nc2ccc3cc(S(=O)(=O)O)ccc3c2)cc1,2-(4-toluidino)-6-naphthalenesulfonic acid,,,,,weak,,
JQJSFAJISYZPER-UHFFFAOYSA-N,O=C(Nc1ccc(Cl)cc1)NS(=O)(=O)c1ccc2c(c1)CCC2,CHEMBL7643,,,,,,1.0,
WYWNEDARFVJQSG-UHFFFAOYSA-N,Cc1[nH]c2ccc(O)cc2c1CCN,2-methyl-5-HT,,,,,weak,,
MWOFPQAPILIIPR-UHFFFAOYSA-N,CC1(C)C2CC34CCCN3C(=O)C2(CC12Nc1ccccc1C2=O)NC4=O,brevianamide A,,,,,medium,,
XEVQXKKKAVVSMW-UHFFFAOYSA-N,CC1(C)CC(O)CC2(C)OC(=O)C=C12,loliolide,,,,,medium,,
DBUXSCUEGJMZAE-UHFFFAOYSA-N,C[Hg+],methylmercury hydroxide,,,,,weak,,
XSOLDPYUICCHJX-UHFFFAOYSA-N,CC(CCC(=O)NCCS(=O)(=O)O)C1CCC2C3C(O)C(O)C4CC(O)CCC4(C)C3CCC12C,tauromuricholic acid,,,,,medium,,
HQCPTPHSOWKOST-UHFFFAOYSA-N,NC(CCC(=O)NC(CSc1cc(O)c(SCC(NC(=O)CCC(N)C(=O)O)C(=O)NCC(=O)O)c(SCC(NC(=O)CCC(N)C(=O)O)C(=O)NCC(=O)O)c1O)C(=O)NCC(=O)O)C(=O)O,"2,3,5-(triglutathion-S-yl)hydroquinone",,,,,medium,,
JZIQWNPPBKFOPT-UHFFFAOYSA-N,COC(=O)CC1C2(C)C3=C(C)C(c4ccoc4)CC3OC2C2OC(=O)C3(C)C=CC(=O)C1(C)C23,nimbolide,,,,,medium,,
GMNAPBAUIVITMI-UHFFFAOYSA-N,CNC(C)C1C(O)CC2(C)C3CCC4C(C)(C)C(NC)CCC45CC35CCC12C,cyclovirobuxine D,,,,,weak,,
WDJUZGPOPHTGOT-UHFFFAOYSA-N,CC1OC(OC2C(O)CC(OC3C(O)CC(OC4CCC5(C)C(CCC6C5CCC5(C)C(C7=CC(=O)OC7)CCC65O)C4)OC3C)OC2C)CC(O)C1O,Digitoxin,,,,,medium,,
WSKWDMOVMQKKQI-UHFFFAOYSA-N,N#C[Se]Cc1ccccc1,benzyl selenocyanate,,,,,weak,,
OKQHSIGMOWQUIK-UHFFFAOYSA-N,Nc1ncc2ncn(COCCO)c2n1,CHEMBL2106725,,,,,,1.0,
HUADITLKOCMHSB-ZPGVKDDISA-N,CCC(C)n1ncn(-c2ccc(N3CCN(c4ccc(OC[C@H]5CO[C@](Cn6cncn6)(c6ccc(F)cc6F)O5)cc4)CC3)cc2)c1=O,CHEMBL2105770,,,,,,1.0,
TWWQHCKLTXDWBD-UHFFFAOYSA-N,CCCCC(C)C=C(C)C=C(C)C(=O)NC1=CC(O)(C=CC=CC=CC(=O)NC2=C(O)CCC2=O)C2OC2C1=O,manumycin,,,,,medium,,
DXDRHHKMWQZJHT-UHFFFAOYSA-N,O=C(C=Cc1ccc(O)cc1)c1ccc(O)cc1O,isoliquiritigenin,,,,,medium,,
JARCFMKMOFFIGZ-UHFFFAOYSA-N,O=C1NC(=S)NC(=O)C1C(=O)Nc1ccccc1,CHEMBL1765797,,,,,,1.0,
RFKJHQXSLBUONF-UHFFFAOYSA-N,O=S(=O)(O)c1ccc(N=C2C=CC(=C(c3ccc(Nc4ccc(S(=O)(=O)O)cc4)cc3)c3ccc(Nc4ccc(S(=O)(=O)O)cc4)cc3)C=C2)cc1,aniline blue,,,,,weak,,
CBOMORHDRONZRN-UHFFFAOYSA-N,CCC=CCC(O)C=CC1C(O)CC(=O)C1CC=CCCCC(=O)O,prostaglandin E3,,,,,weak,,
CYSHNJQMYORNJI-UHFFFAOYSA-N,CC1=CCC2(C)CCC(O)(C(C)C)C2C(OC(=O)c2ccc(O)cc2)C1,"4-oxy-6-(4-oxybezoyloxy)dauc-8,9-en",,,,,weak,,
YBJHBAHKTGYVGT-UHFFFAOYSA-N,O=C(O)CCCCC1SCC2NC(=O)NC21,Biotin,,,,,medium,,
AXDXVEYHEODSPN-UHFFFAOYSA-N,CC(CCC(=O)O)C1CCC2C3CCC4CC(OS(=O)(=O)O)CCC4(C)C3CCC12C,sulfolithocholic acid,,,,,weak,,
HJTVQHVGMGKONQ-UHFFFAOYSA-N,COc1cc(C=CC(=O)CC(=O)C=Cc2ccc(O)cc2)ccc1O,demethoxycurcumin,,,,,medium,,
WNYHOOQHJMHHQW-UHFFFAOYSA-N,Clc1ccc2ccc3cccc4ccc1c2c34,1-chloropyrene,,,,,weak,,
ZRZWBWPDBOVIGQ-UHFFFAOYSA-N,CN1C(=O)C2(Cc3cn(C45CC67SSC(CO)(C(=O)N6C4Nc4ccccc45)N(C)C7=O)c4ccccc34)SSC1(CO)C(=O)N2C,chetomin,,,,,weak,,
XFGRNAPKLGXDGF-UHFFFAOYSA-N,CCC(CCCC(=O)O)COC(=O)c1ccccc1C(=O)O,2-ethyl-5-carboxypentyl phthalate,,,,,medium,,
JAYAGJDXJIDEKI-UHFFFAOYSA-N,CC(=O)OC1CC(OC2C(O)CC(OC3C(O)CC(OC4CCC5(C)C(CCC6C5CC(O)C5(C)C(C7=CC(=O)OC7)CCC65O)C4)OC3C)OC2C)OC(C)C1OC1OC(CO)C(O)C(O)C1O,lanatoside C,,,,,weak,,
APAJFZPFBHMFQR-UHFFFAOYSA-N,O=C1c2ccc(O)cc2C(=O)c2ccc(O)cc21,"2,6-dihydroxyanthraquinone",,,,,weak,,
DYAIAHUQIPBDIP-AXAPSJFSSA-N,O=C(O)C1=C(CSc2nnnn2CS(=O)(=O)O)CS[C@@H]2[C@H](NC(=O)[C@H](O)c3ccccc3)C(=O)N12,CEFONICID,unknown,,,,,1.0,
DSXXEELGXBCYNQ-UHFFFAOYSA-N,Cn1cc(C2=C(c3cn(CCCSC(=N)N)c4ccccc34)C(=O)NC2=O)c2ccccc21,Ro 31-8220,,,,,medium,,
NKDFYOWSKOHCCO-UHFFFAOYSA-N,CC(C)(O)CCC(O)C(C)(O)C1CCC2(O)C3=CC(=O)C4CC(O)C(O)CC4(C)C3CCC12C,Ecdysterone,,,,,medium,,
OJLWVPDNBQAHRT-UHFFFAOYSA-N,CC(=O)OCC1(O)CC23CCC4c5ccoc5C=CC4(C)C2CCC1C3,kahweol acetate,,,,,weak,,
ARUGKOZUKWAXDS-UHFFFAOYSA-N,CCC#CCC(C)C(O)C#CC1C(O)CC2CC(=CCOCC(=O)O)CC21,cicaprost,,,,,weak,,
FBWADIKARMIWNM-UHFFFAOYSA-N,O=C1C=CC(=Nc2cc(Cl)c(O)c(Cl)c2)C=C1,"2,6-Dichloroindophenol",,,,,medium,,
BRZYSWJRSDMWLG-UHFFFAOYSA-N,CNC1C(O)C(OC2C(N)CC(N)C(OC3OC(C(C)O)C(O)C(O)C3N)C2O)OCC1(C)O,antibiotic G 418,,,,,weak,,
GIHNTRQPEMKFKO-UHFFFAOYSA-N,CC1=CCC(C)(C)C=CC(=O)C(C)=CCC1,zerumbone,,,,,medium,,
MXUNKHLAEDCYJL-UHFFFAOYSA-N,Cc1cccc(N2CC(CO)OC2=O)c1,TOLOXATONE,unknown,,,,,1.0,
HFEFVMLCQRYGPR-UHFFFAOYSA-N,O=C(Nc1nc2ccc(Cl)cc2s1)NN1C(=O)CSC1c1ccc([N+](=O)[O-])cc1,CHEMBL4452708,,,,,,1.0,
GYSCAQFHASJXRS-UHFFFAOYSA-N,CC(C)C1OC(=O)C(Cc2ccccc2)N(C)C(=O)C(C(C)C)OC(=O)C(Cc2ccccc2)N(C)C(=O)C(C(C)C)OC(=O)C(Cc2ccccc2)N(C)C1=O,beauvericin,,,,,medium,,
JYTUBIHWMKQZRB-UHFFFAOYSA-N,CCC(O)C=CC=O,4-hydroxy-2-hexenal,,,,,weak,,
QYOAUOAXCQAEMW-UHFFFAOYSA-N,Cc1c(N)nc(C(CC(N)=O)NCC(N)C(N)=O)nc1C(=O)NC(C(=O)NC(C)C(O)C(C)C(=O)NC(C(=O)NCCc1nc(-c2nc(C(=O)NCCCNCCCCN)cs2)cs1)C(C)O)C(OC1OC(CO)C(O)C(O)C1OC1OC(CO)C(O)C(OC(N)=O)C1O)c1cnc[nH]1,bleomycetin,,,,,medium,,
ZJUKTBDSGOFHSH-UHFFFAOYSA-N,Nc1ncnc2c1ncn2C1OC(CSCCC(N)C(=O)O)C(O)C1O,S-Adenosylhomocysteine,,,,,medium,,
QBYJBZPUGVGKQQ-UHFFFAOYSA-N,ClC1=C(Cl)C2(Cl)C3C4C=CC(C4)C3C1(Cl)C2(Cl)Cl,Aldrin,,,,,medium,,
CMFNMSMUKZHDEY-UHFFFAOYSA-N,O=NOO,Peroxynitrous Acid,,,,,medium,,
XVIRQUPKJKMFRN-UHFFFAOYSA-N,CC(C)NC(=O)c1ccccc1S(=O)(=O)NCC(=O)Nc1ccc(O)cc1,CHEMBL4748000,,,,,,1.0,
NOFOAYPPHIUXJR-UHFFFAOYSA-N,CC1(CO)C(O)CCC2(C)C1CCC1CC3CC12CCC3(O)CO,Aphidicolin,,,,,weak,,
QWCNQXNAFCBLLV-UHFFFAOYSA-N,C=CC(O)C#CC#CC(O)C=CCCCCCCC,falcarindiol,,,,,weak,,
VXIMPSPISRVBPZ-NWUMPJBXSA-N,CC(=O)[C@@]1(O)CC[C@H]2[C@@H]3C=C(C)C4=CC(=O)CC[C@]4(C)[C@H]3CC[C@@]21C,CHEMBL4071215,,,,,,1.0,
MIBATSHDJRIUJK-UHFFFAOYSA-N,COc1ccc(CC2c3cc(Oc4cc(CC5c6cc(OC)c(OC)cc6CCN5C)ccc4O)c(OC)cc3CCN2C)cc1,neferine,,,,,medium,,
PJQLSMYMOKWUJG-UHFFFAOYSA-N,COc1ccc(-c2oc3cc(OC)c(OC)c(O)c3c(=O)c2OC)cc1O,casticin,,,,,medium,,
FCKJYANJHNLEEP-UHFFFAOYSA-N,C=C1CCC(O)CC1=CC=C1CCCC2(C)C1CCC2C(C)CCC(O)C(C)(C)O,"24,25-Dihydroxyvitamin D 3",,,,,weak,,
HCWZEPKLWVAEOV-UHFFFAOYSA-N,Clc1ccc(Cl)c(-c2cc(Cl)ccc2Cl)c1,"2,5,2',5'-tetrachlorobiphenyl",,,,,medium,,
ASVDRLYVNFOSCI-UHFFFAOYSA-N,Cc1cc2c3ccccc3ccc2c2ccccc12,6-methylchrysene,,,,,weak,,
MQUQNUAYKLCRME-UHFFFAOYSA-N,Cc1ccc(S(=O)(=O)NC(Cc2ccccc2)C(=O)CCl)cc1,Tosylphenylalanyl Chloromethyl Ketone,,,,,medium,,
YGXCETJZBDTKRY-DZCVGBHJSA-N,CC[C@H]1NC(=O)[C@@H](NC(=O)c2ncccc2O)[C@@H](C)OC(=O)[C@H](c2ccccc2)NC(=O)[C@@H]2CC(=O)CCN2C(=O)[C@H](Cc2ccc(N(C)C)cc2)N(C)C(=O)[C@@H]2CCCN2C1=O,CHEMBL1256399,,,,,,1.0,
CZWCKYRVOZZJNM-UHFFFAOYSA-N,CC12CCC3C(CC=C4CC(OS(=O)(=O)O)CCC43C)C1CCC2=O,Dehydroepiandrosterone Sulfate,,,,,medium,,
CRDAMVZIKSXKFV-UHFFFAOYSA-N,CC(C)=CCCC(C)=CCCC(C)=CCO,Farnesol,,,,,medium,,
RZRPZWGIOOZIBE-UHFFFAOYSA-N,Clc1ccccc1CNCC1CCC(CNCc2ccccc2Cl)CC1,"trans-1,4-Bis(2-chlorobenzaminomethyl)cyclohexane Dihydrochloride",,,,,medium,,
KJTLQQUUPVSXIM-UHFFFAOYSA-N,CC(O)(CCO)CC(=O)O,Mevalonic Acid,,,,,medium,,
IXZISFNWUWKBOM-UHFFFAOYSA-N,NCC1(O)OCC(O)C(O)C1O,Fructosamine,,,,,weak,,
JCMWSVNNSPUNER-UHFFFAOYSA-N,CNCCc1ccc(OC)cc1,p-Methoxy-N-methylphenethylamine,,,,,medium,,
HCAJQHYUCKICQH-UHFFFAOYSA-N,Nc1nc2c([nH]c(=O)n2C2CC(O)C(CO)O2)c(=O)[nH]1,8-Hydroxy-2'-Deoxyguanosine,,,,,medium,,
PSFDQSOCUJVVGF-UHFFFAOYSA-N,Cc1nccc2c1[nH]c1ccccc12,harman,,,,,medium,,
ADWFEADZGIHPDE-UHFFFAOYSA-N,CC(=O)OC1CC2C3(C)CCCC(C)(C)C3CCC2(C)C2CC=C(C=O)C(C=O)C12C,scalaradial,,,,,medium,,
LKMNXYDUQXAUCZ-UHFFFAOYSA-N,COc1ccc(-c2cc(=O)c3c(OC)c(OC)c(OC)cc3o2)cc1OC,sinensetin,,,,,medium,,
GUAFOGOEJLSQBT-UHFFFAOYSA-N,COc1cc2ccc(=O)oc2cc1OC,scoparone,,,,,medium,,
RZCKTPORLKUFGY-UHFFFAOYSA-N,Cc1cccc(Nc2cc(Cl)nc(SCC(=O)NCCO)n2)c1C,CHEMBL1908320,,,,,,1.0,
IZLRMTJLQCLMKF-UHFFFAOYSA-N,COc1ccc(C(=O)N2CCCc3cc(C4=NNC(=O)SC4C)ccc32)cc1OC,EMD 53998,,,,,medium,,
DQTMTQZSOJMZSF-UHFFFAOYSA-N,CCCCCCCCCCCCCCCc1cccc(O)c1O,urushiol,,,,,medium,,
MKXGHWZEYYSQRA-UHFFFAOYSA-N,Nc1c2c(nc3cc(Br)ccc13)CCC(C(=O)NCCCc1ccccc1)C2,CHEMBL4206709,,,,,,1.0,
HEOCBCNFKCOKBX-UHFFFAOYSA-N,Cc1ccc(C=C2C(=O)C3(C)CCC2C3(C)C)cc1,enzacamene,,,,,medium,,
KTXUOWUHFLBZPW-UHFFFAOYSA-N,Clc1cccc(-c2cccc(Cl)c2)c1,"3,3'-dichlorobiphenyl",,,,,weak,,
QCDLLIUTDGNCPO-UHFFFAOYSA-N,C=C1C(=O)OC2C3C(COC(=O)Cc4ccc(O)cc4)=CC(=O)C3=C(C)CC(O)C12,intybin,,,,,medium,,
LSPJWTULWKYRTQ-UHFFFAOYSA-N,COc1ncc(-c2ccc3ncc(-c4nnc(CCN5CCN(C)CC5)o4)n3c2)cc1NS(=O)(=O)c1ccc(F)cc1F,CHEMBL4440406,,,,,,1.0,
ATJFFYVFTNAWJD-UHFFFAOYSA-N,[Sn],tin sulfide,,,,,medium,,
OSENKJZWYQXHBN-UHFFFAOYSA-N,CC(CCC1OC1(C)C)C1CCC2C3CC=C4CC(O)CCC4(C)C3CCC12C,"24,25-epoxycholesterol",,,,,weak,,
QVLMUEOXQBUPAH-UHFFFAOYSA-N,Oc1ccc(C=Cc2ccccc2)cc1,4-hydroxystilbene,,,,,weak,,
FQWLMRXWKZGLFI-UHFFFAOYSA-N,Oc1ccc(C=Cc2cc(O)cc3c2C(c2cc(O)cc(O)c2)C(c2ccc(O)cc2)O3)cc1,epsilon-viniferin,,,,,medium,,
QYYDXDSPYPOWRO-UHFFFAOYSA-N,CC(CC(=O)O)C1CCC2C3C(O)CC4CC(O)CCC4(C)C3CCC12C,24-norursodeoxycholic acid,,,,,medium,,
SGEWCQFRYRRZDC-UHFFFAOYSA-N,O=c1cc(-c2ccc(O)cc2)oc2c(C3OC(CO)C(O)C(O)C3O)c(O)cc(O)c12,vitexin,,,,,medium,,
IXELFRRANAOWSF-UHFFFAOYSA-N,C=CCSSC=CC[S+]([O-])CC=C,ajoene,,,,,medium,,
INBGSXNNRGWLJU-UHFFFAOYSA-N,CC(CCCC(C)(C)O)C1CCC2C3CC=C4CC(O)CCC4(C)C3CCC12C,25-hydroxycholesterol,,,,,medium,,
GDBQQVLCIARPGH-UHFFFAOYSA-N,CC(=O)NC(CC(C)C)C(=O)NC(CC(C)C)C(=O)NC(C=O)CCCN=C(N)N,leupeptin,,,,,medium,,
SJBVIACHVWONKG-UHFFFAOYSA-N,Nc1ccc([Hg+])cc1,4-aminophenylmercuriacetate,,,,,weak,,
WLOHNSSYAXHWNR-DWIOZXRMSA-N,CC[C@H]1OC(=O)[C@H](C)[C@@H](O[C@H]2C[C@@](C)(OC)[C@@H](O)[C@H](C)O2)[C@H](C)[C@@H](O[C@@H]2O[C@H](C)C[C@H](N(C)C)[C@H]2O)[C@](C)(O)C[C@@H](C)[C@@H]2N[C@@H](COCCOC)O[C@H]([C@H]2C)[C@]1(C)O,DIRITHROMYCIN,unknown,,,,,1.0,
FHKHGNFKBPFJCB-UHFFFAOYSA-N,CC1CCC2(OC1)OC1CC3C4CC=C5CC(O)CC(OC6OC(C)C(O)C(OC7OCC(O)C(O)C7O)C6OC6OC(C)C(O)C(O)C6O)C5(C)C4CCC3(C)C1C2C,ophiopogonin D,,,,,medium,,
RSWGJHLUYNHPMX-UHFFFAOYSA-N,CC(C)C1=CC2=CCC3C(C)(C(=O)O)CCCC3(C)C2CC1,abietic acid,,,,,weak,,
JORWQECTVIFNQT-UHFFFAOYSA-N,CCP(=O)(OC)c1ccc2oc(-c3ccc(C(F)(F)F)cc3)nc2c1,CHEMBL4640211,,,,,,1.0,
BAWFJGJZGIEFAR-UHFFFAOYSA-N,NC(=O)c1ccc[n+](C2OC(COP(=O)([O-])OP(=O)(O)OCC3OC(n4cnc5c(N)ncnc54)C(O)C3O)C(O)C2O)c1,NAD,,,,,medium,,
NCXMLFZGDNKEPB-UHFFFAOYSA-N,CC1CC=CC=CC=CC=CC(OC2OC(C)C(O)C(N)C2O)CC2OC(O)(CC(O)CC3OC3C=CC(=O)O1)CC(O)C2C(=O)O,Natamycin,,,,,weak,,
AKJHMTWEGVYYSE-UHFFFAOYSA-N,CC(C=CC1=C(C)CCCC1(C)C)=CC=CC(C)=CC(=O)Nc1ccc(O)cc1,Fenretinide,,,,,medium,,
OJSUENRPBJADBN-KJTFKGMVSA-N,CC[C@H](C)[C@@H]([C@@H](CC(=O)N1CCC[C@H]1[C@H](OC)[C@@H](C)C(=O)N[C@@H](Cc1ccccc1)c1nccs1)OC)N(C)C(=O)[C@@H](NC(=O)[C@H]([C@@H](C)CC)N(C)C)C(C)C,CHEMBL501233,,,,,,1.0,
UBAXRAHSPKWNCX-UHFFFAOYSA-N,C=CCSSSCC=C,diallyl trisulfide,,,,,medium,,
FMYKJLXRRQTBOR-UHFFFAOYSA-N,CCCCC(C=O)NC(=O)C(CC(C)C)NC(=O)C(CC(C)C)NC(C)=O,acetylleucyl-leucyl-norleucinal,,,,,medium,,
KETQAJRQOHHATG-UHFFFAOYSA-N,O=C1C=Cc2ccccc2C1=O,"1,2-naphthoquinone",,,,,medium,,
AAXVEMMRQDVLJB-UHFFFAOYSA-N,CC12CCC(=O)C=C1CCC1C3CCC(O)(C(=O)CO)C3(C)CC(O)C12F,Fludrocortisone,,,,,medium,,
JQYMGXZJTCOARG-UHFFFAOYSA-N,Nc1c(S(=O)(=O)O)cc(Nc2ccc(Nc3nc(Cl)nc(Nc4cccc(S(=O)(=O)O)c4)n3)c(S(=O)(=O)O)c2)c2c1C(=O)c1ccccc1C2=O,Cibacron Blue F 3GA,,,,,weak,,
ZHTQCPCDXKMMLU-UHFFFAOYSA-N,O=c1c2cc(O)c(O)cc2oc2cc(O)cc(O)c12,norathyriol,,,,,weak,,
XNQIOISZPFVUFG-UHFFFAOYSA-N,CC(N)Cc1cnc[nH]1,alpha-methylhistamine,,,,,medium,,
PWQMZDDLPYUOLU-UHFFFAOYSA-N,C=Cc1c(C)c2cc3c(C=C)c(C)c(cc4nc(cc5nc(cc1[nH]2)C(C)=C5CCC(=O)O)C(CCC(=O)O)=C4C)n3C,N-methylprotoporphyrin IX,,,,,weak,,
ZYOUCRHWAYJCPN-UHFFFAOYSA-N,CC(=O)OCOC(=O)CN(CC(=O)O)c1ccccc1OCCOc1ccccc1N(CC(=O)O)CC(=O)O,"1,2-bis(2-aminophenoxy)ethane N,N,N',N'-tetraacetic acid acetoxymethyl ester",,,,,medium,,
JCYZMTMYPZHVBF-UHFFFAOYSA-N,Nc1nc(N)nc(Nc2ccc([As]3SCC(CO)S3)cc2)n1,melarsoprol,unknown,,,,weak,1.0,
XSQAQKNJHGGMRV-UHFFFAOYSA-N,C#CC1(O)CCC2C3CCC4=C(CCC(O)C4)C3CCC21C,"17alpha-ethynylestr-5(10)-ene-3alpha,17beta-diol",,,,,weak,,
QTTRZHGPGKRAFB-UHFFFAOYSA-N,CCC(=O)C1(C)C(C)CC2C3CCC4=CC(=O)C=CC4(C)C3C(O)CC21C,rimexolone,,,,,medium,,
AXNVHPCVMSNXNP-UHFFFAOYSA-N,CC=C(C)C(=O)OC1C(OC(C)=O)C2(CO)C(O)CC3(C)C(=CCC4C5(C)CCC(OC6OC(C(=O)O)C(OC7OC(CO)C(O)C(O)C7O)C(O)C6OC6OC(CO)C(O)C(O)C6O)C(C)(CO)C5CCC43C)C2CC1(C)C,Saponins,,,,weak,medium,,
PIHGQKMEAMSUNA-UHFFFAOYSA-N,O=[N+]([O-])c1ccc2c3c(cccc13)-c1ccccc1-2,3-nitrofluoranthene,,,,,medium,,
ABXZOXDTHTTZJW-UHFFFAOYSA-N,Oc1ccc(CC2NCCc3cc(O)c(O)cc32)cc1O,Tetrahydropapaveroline,,,,,medium,,
AGSPXMVUFBBBMO-UHFFFAOYSA-N,N#CCCN,Aminopropionitrile,,,,,weak,,
PJIHCWJOTSJIPQ-UHFFFAOYSA-N,NC(CSC(Cl)=CCl)C(=O)O,"S-(1,2-dichlorovinyl)cysteine",,,,,medium,,
BWGVNKXGVNDBDI-UHFFFAOYSA-N,CNC(=O)CNC(=O)CN,Fibrin,,,,weak,,,
YJXDGWUNRYLINJ-UHFFFAOYSA-N,CC(=O)OC1CC2C(C)(C)C(=O)C=CC2(C)C2CCC3(C)C(c4ccoc4)OC(=O)C4OC43C12C,gedunin,,,,,medium,,
DAYLJWODMCOQEW-UHFFFAOYSA-N,NC(=O)c1ccc[n+](C2OC(COP(=O)([O-])O)C(O)C2O)c1,Nicotinamide Mononucleotide,,,,,medium,,
FDHNLHLOJLLXDH-UHFFFAOYSA-N,COc1ccc(C=CC(=O)c2c(O)cc(OC3OC(COC4OC(C)C(O)C(O)C4O)C(O)C(O)C3O)cc2OC)cc1O,hesperidin methylchalcone,,,,,medium,,
MFYSYFVPBJMHGN-UHFFFAOYSA-N,CC12CCC(=O)C=C1CCC1C2C(=O)CC2(C)C1CCC2(O)C(=O)CO,Cortisone,,,,,medium,,
JWUBBDSIWDLEOM-UHFFFAOYSA-N,C=C1CCC(O)CC1=CC=C1CCCC2(C)C1CCC2C(C)CCCC(C)(C)O,Calcifediol,,,,,medium,,
SWOVVKGLGOOUKI-UHFFFAOYSA-N,CC(C)C12OC1C1OC13C1(C)CCC4=C(COC4=O)C1CC1OC13C2=O,triptonide,,,,,medium,,
DUAGQYUORDTXOR-UHFFFAOYSA-N,C=CC1C2=CCOC(=O)C2=COC1OC1OC(CO)C(O)C(O)C1O,gentiopicroside,,,,,weak,,
FBOUIAKEJMZPQG-UHFFFAOYSA-N,CC(C)(C)C(O)C(=Cc1ccc(Cl)cc1Cl)n1cncn1,diniconazole,,,,,weak,,
MEANOSLIBWSCIT-UHFFFAOYSA-K,Cl[Gd](Cl)Cl,gadolinium chloride,,,,,medium,,
FYEHYMARPSSOBO-UHFFFAOYSA-N,O=C1C=CC(=C(c2ccc(O)cc2)c2ccc(O)cc2)C=C1,aurin,,,,,medium,,
GZFGOTFRPZRKDS-UHFFFAOYSA-N,Oc1ccc(Br)cc1,CHEMBL57284,,,,,,1.0,
LLLQTDSSHZREGW-UHFFFAOYSA-N,COc1ccc(S(=O)(=O)N(CCO)c2ccccc2CN(C)CC=Cc2ccc(Cl)cc2)cc1,KN 93,,,,,medium,,
CETKWEWBSMKADK-UHFFFAOYSA-N,CC1(O)CCC2C3CCC45OC4(C)C(O)=C(C#N)CC5(C)C3CCC21C,epostane,,,,,weak,,
MEJOVVKHFORGKW-UHFFFAOYSA-N,CC(=O)NC(C=O)C(OC(C)C(=O)NC(C)C(=O)NC(CCC(=O)O)C(N)=O)C(O)C(O)CO,Acetylmuramyl-Alanyl-Isoglutamine,,,,,medium,,
FBQPGGIHOFZRGH-UHFFFAOYSA-N,CCN(CC)CCNc1ccc(C)c2sc3ccccc3c(=O)c12,lucanthone,unknown,,,,medium,,
XHSQDZXAVJRBMX-UHFFFAOYSA-N,OCC1OC(n2cnc3cc(Cl)c(Cl)cc32)C(O)C1O,Dichlororibofuranosylbenzimidazole,,,,,medium,,
JTZZGWPIBBTYNE-UHFFFAOYSA-N,COc1cc2c(cc1OC)C1C(C)c3ccc4c(c3CN1CC2)OCO4,cavidine,,,,,weak,,
JHVAMHSQVVQIOT-MFAJLEFUSA-N,CCCCCOc1ccc(-c2ccc(-c3ccc(C(=O)N[C@H]4C[C@@H](O)[C@@H](O)NC(=O)[C@@H]5[C@@H](O)[C@@H](C)CN5C(=O)[C@H]([C@@H](C)O)NC(=O)[C@H]([C@H](O)[C@@H](O)c5ccc(O)cc5)NC(=O)[C@@H]5C[C@@H](O)CN5C(=O)[C@H]([C@@H](C)O)NC4=O)cc3)cc2)cc1,ANIDULAFUNGIN,unknown,,,,,1.0,
VWVYILCFSYNJHF-UHFFFAOYSA-N,Cn1c2ccccc2c2c3c(c4c5ccccc5n(CCC#N)c4c21)CNC3=O,Go 6976,,,,,medium,,
HMUBNCUQSSTAIB-UHFFFAOYSA-N,[Se-2],sodium selenide,,,,,weak,,
HPYIIXJJVYSMCV-UHFFFAOYSA-N,CCCCC(NC(=O)C(CCC(=O)O)NC(=O)C(CC(C)C)NC(=O)C(NC(=O)C(CCC(=O)O)NC(=O)C(CCCNC(=N)N)NC(=O)C(CC(C)C)NC(=O)C(CC(C)C)NC(=O)C(Cc1c[nH]cn1)NC(=O)C(N)Cc1ccccc1)C(C)C)C(=O)NC(C)C(=O)NC(CCCNC(=N)N)C(=O)NC(C)C(=O)NC(CCC(=O)O)C(=O)NC(CCC(N)=O)C(=O)NC(CC(C)C)C(=O)NC(C)C(=O)NC(CCC(N)=O)C(=O)NC1CCC(=O)NCCCCC(C(=O)NC(CC(N)=O)C(=O)NC(CCCNC(=N)N)C(=O)NC(CCCCN)C(=O)NC(CC(C)C)C(=O)NC(CCCC)C(=O)NC(CCC(=O)O)C(=O)NC(C(=O)NC(C(N)=O)C(C)CC)C(C)CC)NC(=O)C(Cc2c[nH]cn2)NC(=O)C(C)NC1=O,astressin,,,,,weak,,
SZXDNGVQRDTJSD-UHFFFAOYSA-N,CCCCCC1=CC(=Cc2[nH]c(-c3ccc[nH]3)cc2OC)N=C1C,Prodigiosin,,,,,medium,,
GAOZTHIDHYLHMS-UHFFFAOYSA-N,CCC1(C2OC(C3OC(O)(CO)C(C)CC3C)CC2C)CCC(C2(C)CCC3(CC(O)C(C)C(C(C)C(OC)C(C)C(=O)O)O3)O2)O1,Monensin,,,,,medium,,
KGSZHKRKHXOAMG-UHFFFAOYSA-N,CC(C)=CCCC1(C)C(CC=C(C)C)CC2(CC=C(C)C)C(=O)C1(C(=O)C(C)C)C(=O)C(CC=C(C)C)=C2O,hyperforin,,,,,medium,,
MXWHMTNPTTVWDM-NXOFHUPFSA-N,CC(/C=N/N=C(N)N)=N\N=C(N)N,Mitoguazone,unknown,,,,,1.0,
RWZVPVOZTJJMNU-UHFFFAOYSA-N,CN(CCCCCCCCCCN(C)C(=O)Oc1cccc([N+](C)(C)C)c1)C(=O)Oc1cccc([N+](C)(C)C)c1,DEMECARIUM BROMIDE,unknown,,,,,1.0,
VOLTUGUMYQENMY-UHFFFAOYSA-N,Nc1ccc([As]=O)cc1,4-aminophenylarsenoxide,,,,,medium,,
SEEZIOZEUUMJME-UHFFFAOYSA-N,CCCCCc1cc(O)c(CC=C(C)CCC=C(C)C)c(O)c1C(=O)O,cannabigerolic acid,,,,,weak,,
MQYXUWHLBZFQQO-UHFFFAOYSA-N,C=C(C)C1CCC2(C)CCC3(C)C(CCC4C5(C)CCC(O)C(C)(C)C5CCC43C)C12,lupeol,,,,,medium,,
QAWIHIJWNYOLBE-OKKQSCSOSA-N,N[C@H](C(=O)O)[C@@H]1CC(Cl)=NO1,CHEMBL1231101,,,,,,1.0,
HAPOJKSPCGLOOD-UHFFFAOYSA-N,c1ccc2c(c1)Cc1cc3ccccc3cc1-2,benzo(b)fluorene,,,,,medium,,
DZLOHEOHWICNIL-QGZVFWFLSA-N,CCOC(=O)[C@@]1(CCCCCCOc2ccc(Cl)cc2)CO1,CHEMBL2051959,,,,,,1.0,
ZGVLEPXVPCWAAW-UHFFFAOYSA-N,CNC(=O)C1CCc2nc3cc(Br)ccc3c(N)c2C1,CHEMBL4205467,,,,,,1.0,
MYKLQMNSFPAPLZ-UHFFFAOYSA-N,CC1=CC(=O)C(C)=CC1=O,"2,5-dimethyl-4-benzoquinone",,,,,weak,,
DYCJFJRCWPVDHY-UHFFFAOYSA-N,O=[N+]([O-])c1ccc(CSc2ncnc3c2ncn3C2OC(CO)C(O)C2O)cc1,4-nitrobenzylthioinosine,,,,,weak,,
CDRPUGZCRXZLFL-UHFFFAOYSA-N,Oc1cc(O)cc(C=Cc2ccc(O)c(O)c2)c1,"3,3',4,5'-tetrahydroxystilbene",,,,,medium,,
JLSVDPQAIKFBTO-UHFFFAOYSA-N,COc1cc(=O)oc(C=CC=CC=CC(C)=CC2(C)OC(C)C(C)(O)C2O)c1C,citreoviridin,,,,,weak,,
WACCDLYIHBADOZ-UHFFFAOYSA-N,COC1C=CC=CC=CCC(OC(=O)C(C)NC(=O)C2CCCCC2)C(C)C(O)C(C)=CCCc2cc(O)cc(c2)NC(=O)C1,trienomycin A,,,,,weak,,
AMOGMTLMADGEOQ-UHFFFAOYSA-N,CC1C(=O)OC2C(O)C34C5OC(=O)C3(OC3OC(=O)C(O)C34C(C(C)(C)C)C5O)C12O,ginkgolide C,,,,,medium,,
LXIKEPCNDFVJKC-QXMHVHEDSA-N,NC(=O)N1C(=O)/C(=C(\O)c2cccs2)c2cc(Cl)ccc21,tenidap,unknown,,,,,1.0,
GGLZPLKKBSSKCX-YFKPBYRVSA-N,CCSCC[C@H](N)C(=O)O,CHEMBL203187,,,,,,1.0,
RBFQJDQYXXHULB-UHFFFAOYSA-N,[AsH3],CHEMBL1231052,,,,,,1.0,
JPMYFOBNRRGFNO-UHFFFAOYSA-N,COc1cc(O)c2c(=O)cc(-c3ccc(O)cc3)oc2c1,genkwanin,,,,,medium,,
PRYIJAGAEJZDBO-UHFFFAOYSA-N,CC(C)CCCC(C)C1CCC2C3CC4OC45CC(O)CCC5(C)C3CCC12C,cholesterol alpha-oxide,,,,,weak,,
DAQAKHDKYAWHCG-UHFFFAOYSA-N,CC(=O)NC(CSC(=O)C1(C(O)C(C)C)NC(=O)C(C)C1O)C(=O)O,lactacystin,,,,,medium,,
MXOKGWUJNGEKBH-UHFFFAOYSA-N,COc1cccc2c1cc1c3c(cc4c(c32)OCO4)C(=O)N1,aristolactam I,,,,,weak,,
KXGHHSIMRWPVQM-UHFFFAOYSA-N,CC1CCC=C2C(=O)CC3OOC(C)(C)C3C21C,nardosinone,,,,,medium,,
VXOZCESVZIRHCJ-UHFFFAOYSA-N,CC(C)C(C)C=CC(C)C1CCC2C1(C)CCC1C23C=CC2(CC(O)CCC12C)OO3,"ergosterol-5,8-peroxide",,,,,weak,,
HBMJWWWQQXIZIP-UHFFFAOYSA-N,[C-]#[Si+],silicon carbide,,,,,weak,,
ZONSVLURFASOJK-UHFFFAOYSA-N,CC1C(=O)OC2CCn3ccc(c32)COC(=O)C(C)(O)C1(C)O,monocrotaline pyrrole,,,,,weak,,
AWMHMGFGCLBSAY-UHFFFAOYSA-N,C=CC(C)(C)c1cc2cc3c(cc2oc1=O)OC(C(C)(C)OC(C)=O)C3,rutamarin,,,,,weak,,
CTMLKIKAUFEMLE-UHFFFAOYSA-N,O=C(O)C1=NC(C(=O)O)CC(C=CN2c3cc(O)c(OC4OC(CO)C(O)C(O)C4O)cc3CC2C(=O)O)=C1,betanin,,,,,medium,,
ZPLOQFLCMVIWRY-UHFFFAOYSA-N,CC(C)(CNC(N)=O)NCC(O)COC(=O)c1ccccc1F,CHEMBL7467,,,,,,1.0,
AAFJXZWCNVJTMK-UHFFFAOYSA-N,OC(C1CO1)C(O)C1CO1,Dianhydrogalactitol,,,,,medium,,
ZYZCGGRZINLQBL-GWRQVWKTSA-N,C=C1C(=O)N[C@H](C)C(=O)N[C@@H](CC(C)C)C(=O)N[C@@H](C(=O)O)[C@H](C)C(=O)N[C@@H](CCCNC(=N)N)C(=O)N[C@@H](/C=C/C(C)=C/[C@H](C)[C@H](Cc2ccccc2)OC)[C@H](C)C(=O)N[C@@H](C(=O)O)CCC(=O)N1C,CHEMBL444092,,,,,,1.0,
QNMGHBMGNRQPNL-UHFFFAOYSA-N,CN(C)CC(Oc1ccccc1)Oc1ccccc1,CHEMBL85231,,,,,,1.0,
CTMCWCONSULRHO-UHFFFAOYSA-N,COc1cccc2c1C(=O)c1c(O)c3c(c(O)c1C2=O)CC(O)(C(=O)CO)CC3OC1CC(N2CCOC(OC)C2)C(O)C(C)O1,methoxy-morpholinyl-doxorubicin,,,,,weak,,
JBYXPOFIGCOSSB-UHFFFAOYSA-N,CCCCCCC=CC=CCCCCCCCC(=O)O,"9,11-linoleic acid",,,,,medium,,
DBLRLBZWFQIKEN-UHFFFAOYSA-N,CCOc1ccc(-c2cccc(CNc3ccc(OCC(=O)O)c(F)c3)c2)c(C)c1,CHEMBL4575598,,,,,,1.0,
CTPOHARTNNSRSR-UHFFFAOYSA-N,CC#CCC(C)C(O)C=CC1C(O)CC2Oc3c(CCCC(=O)O)cccc3C21,beraprost,,,,,medium,,
LZJRNLRASBVRRX-UHFFFAOYSA-N,COc1cc2c(cc1O)CC1c3c(cc(O)c(OC)c3-2)CCN1C,boldine,,,,,medium,,
VNQXSTWCDUXYEZ-UHFFFAOYSA-N,CC12CCC(C(=O)C1=O)C2(C)C,camphorquinone,,,,,medium,,
TXUZVZSFRXZGTL-UHFFFAOYSA-N,CCC(=C(c1ccc(O)cc1)c1ccc(OCCN(C)C)cc1)c1ccccc1,afimoxifene,,,,,medium,,
WVVXBPKOIZGVNS-UHFFFAOYSA-N,CC(=O)NCCc1c(Cc2ccccc2)[nH]c2ccccc12,luzindole,,,,,medium,,
KSUUMAWCGDNLFK-UHFFFAOYSA-N,C=CCC(C(=O)NC(N)=O)C(C)C,apronal,unknown,,,,,1.0,
FBKZHCDISZZXDK-UHFFFAOYSA-N,Cc1cc(-c2ccc(S(=O)(=O)O)cc2)c2ccc3c(-c4ccc(S(=O)(=O)O)cc4)cc(C)nc3c2n1,bathocuproine sulfonate,,,,,medium,,
ZNRGQMMCGHDTEI-UHFFFAOYSA-N,CN1C2CCC1CC(OC(=O)c1c[nH]c3ccccc13)C2,Tropisetron,,,,,medium,,
OLHQOJYVQUNWPL-UHFFFAOYSA-N,CN(C)CCCSC(=N)N,Dimaprit,,,,,medium,,
UCQFCFPECQILOL-UHFFFAOYSA-N,CCOP(=O)(O)OCC,diethyl phosphate,,,,,weak,,
UQOQENZZLBSFKO-UHFFFAOYSA-N,CCCCCC(O)C=CC1C(=O)C=CC1CC=CCCCC(=O)O,9-deoxy-delta-9-prostaglandin D2,,,,,medium,,
RTXOFQZKPXMALH-GHXIOONMSA-N,C=CC1=C(C(=O)O)N2C(=O)[C@@H](NC(=O)/C(=N\O)c3csc(N)n3)[C@H]2SC1,CHEMBL927,,,,,,1.0,
SGUKUZOVHSFKPH-UHFFFAOYSA-N,CCCCCC(C=CC1C2CC(OO2)C1CC=CCCCC(=O)O)OO,prostaglandin G2,,,,,weak,,
PETSAYFQSGAEQY-UHFFFAOYSA-N,COc1ccn(C)c(=O)c1C#N,ricinine,,,,,weak,,
QQKKPWJFHBFCTH-UHFFFAOYSA-N,Cn1cc(C2=C(c3c4n(c5ccccc35)CCC(CN)C4)C(=O)NC2=O)c2ccccc21,Ro 31-8425,,,,,weak,,
PUXFRPIFXZMXIW-UHFFFAOYSA-N,COc1cccc2c1C(=Nc1nc3c(ncn3C3CC(O)C(CO)O3)c(=O)[nH]1)c1[nH]c(O)c3cc4c(c-2c13)OCO4,7-(deoxyguanosin-N(2)-yl)aristolactam I,,,,,weak,,
CBGDIJWINPWWJW-UHFFFAOYSA-N,CC1=C2C(=COC(C)C2C)C(=O)C(C(=O)O)=C1O,Citrinin,,,,,medium,,
OQWKEEOHDMUXEO-UHFFFAOYSA-N,CCCCCC=CC(=O)CCc1ccc(O)c(OC)c1,shogaol,,,,,medium,,
SEBIKDIMAPSUBY-UHFFFAOYSA-N,CC(C=CC=C(C)C(=O)OC1OC(COC2OC(CO)C(O)C(O)C2O)C(O)C(O)C1O)=CC=CC=C(C)C=CC=C(C)C(=O)OC1OC(COC2OC(CO)C(O)C(O)C2O)C(O)C(O)C1O,crocin,,,,,medium,,
YXHVCZZLWZYHSA-UHFFFAOYSA-N,CCCCCCC=CCCCCCCCc1cccc(O)c1C(=O)O,ginkgolic acid,,,,,medium,,
CTAPFRYPJLPFDF-UHFFFAOYSA-N,c1cnoc1,Isoxazoles,,,,medium,,,
DBOVHQOUSDWAPQ-UHFFFAOYSA-N,C=CC1C(OC2OC(CO)C(O)C(O)C2OC(=O)c2c(O)cc(O)cc2-c2cccc(O)c2)OC=C2C(=O)OCCC21,amarogentin,,,,,weak,,
LVVKXRQZSRUVPY-UHFFFAOYSA-N,COc1cc2c(cc1O)C(Cc1ccc(O)cc1)NCC2,coclaurine,,,,,medium,,
NBOOZXVYXHATOW-UHFFFAOYSA-N,c1cc2c(cc1CN1CCNCC1)OCO2,1-piperonylpiperazine,,,,,medium,,
ZWRRJEICIPUPHZ-UHFFFAOYSA-N,COc1cc2c(c(OC)c1OC)-c1c(cc3c(c1OC)OCO3)CC(C)C(C)(O)C2,schizandrol B,,,,,medium,,
SBOZXXIZLLMJJG-UHFFFAOYSA-N,Cn1c2ccc3ccccc3c2c2c3ccccc3ccc21,"N-methyl-7H-dibenzo(c,g)carbazole",,,,,weak,,
FZDZULUFHNDEDJ-UHFFFAOYSA-N,O=C(COCC(=O)Nc1c(I)cc(I)c(C(=O)O)c1I)Nc1c(I)cc(I)c(C(=O)O)c1I,ioglycamic acid,unknown,,,,,1.0,
AFLFKFHDSCQHOL-IZZDOVSWSA-N,CSc1ccc(C(=O)/C=C/c2cc(C)c(OC(C)(C)C(=O)O)c(C)c2)cc1,ELAFIBRANOR,unknown,,,,,1.0,
APSUXPSYBJVPPS-UHFFFAOYSA-N,Oc1ccc2c3c1OC1c4[nH]c5c(c4CC4(O)C(C2)N(CC2CC2)CCC314)CC1(O)C2Cc3ccc(O)c4c3C1(CCN2CC1CC1)C5O4,norbinaltorphimine,,,,,weak,,
YACHGFWEQXFSBS-UHFFFAOYSA-N,CCC(C=CC1OC(=O)C=CC1C)=CC(C)CC=CC(C)=CC(C)C(=O)C(C)C(O)C(C)CC(C)=CC(=O)O,leptomycin B,,,,,medium,,
JIGUICYYOYEXFS-UHFFFAOYSA-N,CC(C)(C)c1cccc(O)c1O,tert-butylcatechol,,,,,weak,,
WBGAFGNZNGJVNW-UHFFFAOYSA-N,COc1ccc(NC(=S)N2CCc3c(sc4c3C(c3ccccc3Cl)=NCc3nnc(C)n3-4)C2)cc1,BN 50730,,,,,weak,,
PNJRAYMMEKSTAW-UHFFFAOYSA-N,CCC1(C)C2OC(=O)C3C(O)C(O)CCC321,"3-butylidene-4,5,6,7-tetrahydro-6,7-dihydroxy-1(3H)-isobenzofuranone",,,,,weak,,
UTSVPXMQSFGQTM-UHFFFAOYSA-N,COc1cc2c(c3oc4cccc(O)c4c(=O)c13)C1C=COC1O2,Sterigmatocystin,,,,,medium,,
QYTDEUPAUMOIOP-UHFFFAOYSA-N,CC1(C)CCCC(C)(C)N1[O],TEMPO,,,,,medium,,
YZEUHQHUFTYLPH-UHFFFAOYSA-N,O=[N+]([O-])c1ncc[nH]1,Nitroimidazoles,,,,weak,,,
OCNYGKNIVPVPPX-UHFFFAOYSA-N,COC(=O)C=Cc1ccc(O)c(O)c1,methyl caffeate,,,,,medium,,
ZZWAFVPZTZSAEM-UHFFFAOYSA-N,CCCOc1ccc2c(c1)c1c3c(c4c5ccccc5n5c4c1n2C1CC(O)(C(=O)OC)C5(C)O1)CNC3=O,KT 5926,,,,,weak,,
IZQAUUVBKYXMET-UHFFFAOYSA-N,NCCBr,CHEMBL1697693,,,,,,1.0,
FXNFHKRTJBSTCS-UHFFFAOYSA-N,O=c1cc(-c2ccccc2)oc2cc(O)c(O)c(O)c12,baicalein,,,,,medium,,
CXQGFLBVUNUQIA-UHFFFAOYSA-N,CN(C)C(=O)CCCOC(=O)C(C)(C)Oc1ccc(Cl)cc1,clofibride,unknown,,,,,1.0,
HXVZGASCDAGAPS-UHFFFAOYSA-N,CC(=O)Oc1ccc2c(C)cc(=O)oc2c1,4-methylumbelliferyl acetate,,,,,medium,,
ZCRBUWNCWCWRGL-UHFFFAOYSA-N,COC(=O)c1nc2cc(Cl)c3cccnc3c2o1,CHEMBL23811,,,,,,1.0,
XMWRBQBLMFGWIX-UHFFFAOYSA-N,c12c3c4c5c1c1c6c7c2c2c8c3c3c9c4c4c%10c5c5c1c1c6c6c%11c7c2c2c7c8c3c3c8c9c4c4c9c%10c5c5c1c1c6c6c%11c2c2c7c3c3c8c4c4c9c5c1c1c6c2c3c41,fullerene C60,,,,,medium,,
DVKQVRZMKBDMDH-UHFFFAOYSA-N,Nc1ncnc2c1nc(Br)n2C1OC2COP(=O)(O)OC2C1O,8-Bromo Cyclic Adenosine Monophosphate,,,,,medium,,
YNCMLFHHXWETLD-UHFFFAOYSA-N,Cn1c2cccc(=O)c-2nc2ccccc21,Pyocyanine,,,,,medium,,
WKRLQDKEXYKHJB-UHFFFAOYSA-N,CC12CCC3C(=CCc4cc(O)ccc43)C1CCC2=O,Equilin,,,,,weak,,
RDFCSSHDJSZMTQ-UHFFFAOYSA-N,Cc1ccc(S(=O)(=O)NC(CCCCN)C(=O)CCl)cc1,Tosyllysine Chloromethyl Ketone,,,,,medium,,
SPUUWWRWIAEPDB-UHFFFAOYSA-N,Oc1ccc2ccc3c4ccccc4cc4ccc1c2c43,3-hydroxybenzo(a)pyrene,,,,,weak,,
UKOTXHQERFPCBU-UHFFFAOYSA-N,CC1=CC2OC3C(O)C(O)C(C)(C34CO4)C2(CO)C(O)C1=O,nivalenol,,,,,medium,,
PGERTGWKXFAEFR-UHFFFAOYSA-N,O=C1C=CC2=C3c4cc(O)c(O)cc4CC3(O)COC2=C1,brazilein,,,,,weak,,
DFPMSGMNTNDNHN-UHFFFAOYSA-N,CC1OC(OC2C(Oc3cc(O)c4c(c3)OC(c3ccc(O)cc3)CC4=O)OC(CO)C(O)C2O)C(O)C(O)C1O,naringin,,,,,medium,,
KANJSNBRCNMZMV-ABRZTLGGSA-N,CO[C@H]1O[C@H](COS(=O)(=O)O)[C@@H](O[C@@H]2O[C@@H](C(=O)O)[C@@H](O[C@H]3O[C@H](COS(=O)(=O)O)[C@@H](O[C@@H]4O[C@H](C(=O)O)[C@@H](O[C@H]5O[C@H](COS(=O)(=O)O)[C@@H](O)[C@H](O)[C@H]5NS(=O)(=O)O)[C@H](O)[C@H]4O)[C@H](OS(=O)(=O)O)[C@H]3NS(=O)(=O)O)[C@H](O)[C@H]2OS(=O)(=O)O)[C@H](O)[C@H]1NS(=O)(=O)O,CHEMBL1200644,,,,,,1.0,
OZLBDYMWFAHSOQ-UHFFFAOYSA-N,c1ccc([I+]c2ccccc2)cc1,diphenyliodonium,,,,,medium,,
KIWQWJKWBHZMDT-UHFFFAOYSA-N,NC1CCSC1=O,homocysteine thiolactone,,,,,weak,,
FBSFWRHWHYMIOG-UHFFFAOYSA-N,COC(=O)c1cc(O)c(O)c(O)c1,methyl gallate,,,,,medium,,
PREBVFJICNPEKM-UHFFFAOYSA-N,O=C(C=Cc1ccc(O)cc1)CC(=O)C=Cc1ccc(O)cc1,bisdemethoxycurcumin,,,,,medium,,
HYHSBSXUHZOYLX-UHFFFAOYSA-N,NC(CCC(=O)NC(CSN=O)C(=O)NCC(=O)O)C(=O)O,S-Nitrosoglutathione,,,,,medium,,
WSMFIEQHZGVFEC-GQIQPHNSSA-N,CSCC[C@@H]1NC(=O)[C@H](CCC(N)=O)NC(=O)[C@H](Cc2cnc[nH]2)NC(=O)[C@H](CC(=O)O)NC(=O)[C@H]([C@@H](C)O)NC(=O)[C@H]([C@@H](C)O)NC(=O)[C@H](Cc2ccccc2)NC(=O)[C@@H]2CSSC[C@@H]3NC(=O)[C@H](CCCCN)NC(=O)CNC(=O)[C@H](CCCNC(=N)N)NC(=O)CNC(=O)[C@H](CCCCN)NC(=O)CNC(=O)CNC(=O)[C@@H]4CSSC[C@H](NC(=O)[C@H](CCC(N)=O)NC(=O)[C@@H]5CCCN5C(=O)CNC(=O)[C@H](Cc5ccc(O)cc5)NC3=O)C(=O)N[C@@H](CC(C)C)C(=O)N[C@H](C(=O)N[C@@H](CCCNC(=N)N)C(N)=O)CSSC[C@H](NC(=O)[C@H](CCCCN)NC(=O)[C@H](CCCNC(=N)N)NC(=O)[C@H](C)NC1=O)C(=O)N[C@@H](CC(=O)O)C(=O)N[C@@H](CC(=O)O)C(=O)N[C@@H](CSSC[C@H](NC(=O)[C@@H](N)CCSC)C(=O)N[C@@H](CCSC)C(=O)N1CCC[C@H]1C(=O)N2)C(=O)N4,CHEMBL4283817,,,,,,1.0,
TYJYDMNSGDYIDI-UHFFFAOYSA-N,CC[PbH](CC)CC,triethyllead,,,,,weak,,
HIGRLDNHDGYWQJ-UHFFFAOYSA-P,O/N=C/c1cc[n+](COC[n+]2ccc(/C=N/O)cc2)cc1,obidoxime,unknown,,,,medium,,
JDIORNFCMMYMLF-UHFFFAOYSA-N,COc1cc(O)c2c(=O)c3c(O)ccc(O)c3oc2c1,bellidifolin,,,,,medium,,
MCMMCRYPQBNCPH-UHFFFAOYSA-N,CC1(C)SSC(C)(C)C(NC(=O)C(N)Cc2ccc(O)cc2)C(=O)NCC(=O)NC(Cc2ccccc2)C(=O)NC1C(=O)O,"Enkephalin, D-Penicillamine (2,5)-",,,,,weak,,
PBLNJFVQMUMOJY-UHFFFAOYSA-N,CC(=O)NC1C(=NOC(=O)Nc2ccccc2)OC(CO)C(O)C1O,"N-acetylglucosaminono-1,5-lactone O-(phenylcarbamoyl)oxime",,,,,weak,,
KKIMDKMETPPURN-UHFFFAOYSA-N,FC(F)(F)c1cccc(N2CCNCC2)c1,1-(3-trifluoromethylphenyl)piperazine,,,,,weak,,
SBPRIAGPYFYCRT-UHFFFAOYSA-N,COc1ccccc1N1CCN(CCN(C(=O)C2CCCCC2)c2ccccn2)CC1,N-(2-(4-(2-methoxyphenyl)-1-piperazinyl)ethyl)-N-(2-pyridinyl)cyclohexanecarboxamide,,,,,medium,,
PXYOTUPOITWOPU-JWNPUDRZSA-N,CC1=CCC[C@H]2[C@](C)(Cc3cc(O)cc(Sc4ccccc4C(=O)O)c3O)[C@@H](C)CC[C@]12C,CHEMBL238756,,,,,,1.0,
AEQDJSLRWYMAQI-UHFFFAOYSA-N,COc1cc2c(cc1OC)C1Cc3ccc(OC)c(OC)c3CN1CC2,tetrahydropalmatine,,,,,medium,,
FNGKIZYZSHHXJZ-UHFFFAOYSA-N,Cc1cc(CC(=O)OC2OC(C(=O)O)C(O)C(O)C2O)n(C)c1C(=O)c1ccc(Cl)cc1,zomepirac glucuronide,,,,,medium,,
NSHPHXHGRHSMIK-UHFFFAOYSA-N,CC1=CC(=O)OC2CC(CCC(C)C=CCC1)OC(O)(C1CSC(=O)N1)C2,latrunculin B,,,,,medium,,
TXELARZTKDBEKS-UHFFFAOYSA-N,COc1cc(CCC(=O)CCCCc2ccccc2)ccc1O,yakuchinone-A,,,,,medium,,
BGMZUEKZENQUJY-UHFFFAOYSA-N,COc1cc(CC(C)N)c(OC)cc1I,"4-iodo-2,5-dimethoxyphenylisopropylamine",,,,,medium,,
XZYXCQXTKOYHGK-UHFFFAOYSA-N,Cn1c(O)c(C2=c3ccccc3=NC2=O)c2ccccc21,N-methylisoindigotin,,,,,weak,,
WOVKYSAHUYNSMH-UHFFFAOYSA-N,O=c1[nH]c(=O)n(C2CC(O)C(CO)O2)cc1Br,Bromodeoxyuridine,,,,,medium,,
FXUAIOOAOAVCGD-UHFFFAOYSA-N,OC1CN2CCCC(O)C2C1O,Swainsonine,,,,,medium,,
WAAPEIZFCHNLKK-UHFFFAOYSA-N,NC(=O)C1CC2(NC(=O)NC2=O)c2cc(F)ccc2O1,fidarestat,,,,,medium,,
XJMPAUZQVRGFRE-UHFFFAOYSA-N,COC(=O)C1=COC(OC2OC(CO)C(O)C(O)C2O)C2C1C=CC2(O)CO,gardenoside,,,,,medium,,
RAGOYPUPXAKGKH-XAKZXMRKSA-N,CC[C@@H]([C@H](C)O)n1ncn(-c2ccc(N3CCN(c4ccc(OC[C@@H]5CO[C@@](Cn6cncn6)(c6ccc(F)cc6F)C5)cc4)CC3)cc2)c1=O,CHEMBL1397,,,,,,1.0,
ANOICLBSJIMQTA-UHFFFAOYSA-N,CCC=CCC(O)C=CC1C(=O)CC(O)C1CC=CCCCC(=O)O,prostaglandin D3,,,,,weak,,
YYFOFDHQVIODOQ-UHFFFAOYSA-O,COc1cc2c(cc1O)-c1cc3ccc(OC)c(OC)c3c[n+]1CC2,columbamine,,,,,weak,,
PPTYJKAXVCCBDU-UHFFFAOYSA-N,CN1C(=O)CN=C(c2ccccc2F)c2cc([N+](=O)[O-])ccc21,Flunitrazepam,,,,,medium,,
ZKZBPNGNEQAJSX-UHFFFAOYSA-N,NC(C[SeH])C(=O)O,Selenocysteine,,,,,weak,,
JOVXNHIPEIWDDU-UHFFFAOYSA-N,C[N+](C)(C)CCC(=O)c1ccc2ccccc2c1,2-naphthoylethyltrimethylammonium,,,,,medium,,
MEFIGCPEYJZFFC-UHFFFAOYSA-N,Cc1ccc(C(=O)c2ccc(CC(=O)OC3OC(C(=O)O)C(O)C(O)C3O)n2C)cc1,tolmetin glucuronide,,,,,medium,,
NDVASEGYNIMXJL-UHFFFAOYSA-N,C=C1CCC2(C(C)C)CC12,sabinene,,,,,medium,,
XZTUSOXSLKTKJQ-UHFFFAOYSA-N,CC12CCC(O)CC1CCC1C2CCC2(C)C(C3=CC(=O)OC3)CCC12O,Digitoxigenin,,,,,weak,,
GRTOGORTSDXSFK-UHFFFAOYSA-N,COC(=O)C1=COC(C)C2CN3CCc4c([nH]c5ccccc45)C3CC12,raubasine,,,,,medium,,
UXYRZJKIQKRJCF-TZPFWLJSSA-N,C[C@H]1CC(=O)C[C@@H]2CC[C@H]3[C@@H]4CC[C@H](O)[C@@]4(C)CC[C@@H]3[C@]21C,mesterolone,unknown,,,,,1.0,
ZIIQCSMRQKCOCT-UHFFFAOYSA-N,CC(=O)NC(C(=O)O)C(C)(C)SN=O,S-Nitroso-N-Acetylpenicillamine,,,,,medium,,
ORDAZKGHSNRHTD-UHFFFAOYSA-N,COc1cc2c(cc1OC)C1C(=O)c3ccc4c(c3OC1CO2)C=CC(C)(C)O4,deguelin,,,,,medium,,
MTKNDAQYHASLID-UHFFFAOYSA-N,CC12CCC3c4ccc(O)cc4CCC3C1CCC2OC1OC(C(=O)O)C(O)C(O)C1O,estradiol-17 beta-glucuronide,,,,,medium,,
YXSJXRFEZBTTIF-UHFFFAOYSA-N,O=C1C=Cc2ccc3ccoc3c2C1=O,"naphtho(1,2-b)furan-4,5-dione",,,,,weak,,
RBCOYOYDYNXAFA-UHFFFAOYSA-N,Cc1ncc(COP(=O)(O)O)c(C)c1O,Vitamin B 6,,,,,medium,,
JDNTWHVOXJZDSN-UHFFFAOYSA-N,O=C(O)CI,Iodoacetic Acid,,,,,medium,,
HUKPVYBUJRAUAG-UHFFFAOYSA-N,O=C1c2ccccc2-c2cccc3cccc1c23,benzanthrone,,,,,medium,,
UMKYGRSAJPPGIF-HFPKHFJKSA-N,C[N+]1(CCNP(=S)(NCC[N+]2(C)CC3C4=C(C=CC3[C@@H]3[C@H]2C2C=C5OCOC5=CC2C[C@@H]3O)OCO4)NCC[N+]2(C)CC3C4=C(C=CC3[C@@H]3[C@H]2C2CC5CCCC5CC2C[C@@H]3O)OCO4)CC2=C(C=CC3OCOC23)[C@@H]2[C@H]1C1C=C3OCOC3=CC1C[C@@H]2O,CHEMBL3137677,,,,,,1.0,
RBRPTFMVULVGIC-UHFFFAOYSA-N,C=C1C(=O)OC2CC(C)C(C=CC(C)=O)=CCC12,xanthatin,,,,,medium,,
LSHVYAFMTMFKBA-UHFFFAOYSA-N,O=C(OC1Cc2c(O)cc(O)cc2OC1c1ccc(O)c(O)c1)c1cc(O)c(O)c(O)c1,epicatechin gallate,,,,,medium,,
XPAOKCSHUNYPBS-UHFFFAOYSA-N,Cc1cn(C2CC(CO)C(OP(=O)(O)OCC3OC(n4cnc5c(N)ncnc54)CC3O)O2)c(=O)[nH]c1=O,2'-deoxythymidylyl-(3'-5')-2'-deoxyadenosine,,,,,weak,,
SCMLRESZJCKCTC-UHFFFAOYSA-N,CCSCc1ccc2c(c1)c1c3c(c4c5cc(CSCC)ccc5n5c4c1n2C1CC(O)(C(=O)OC)C5(C)O1)CNC3=O,"3,9-bis((ethylthio)methyl)-K-252a",,,,,medium,,
LFYJSSARVMHQJB-UHFFFAOYSA-N,C=CC(C)(C=Cc1ccc(O)cc1)CCC=C(C)C,bakuchiol,,,,,medium,,
SUBDBMMJDZJVOS-XMMPIXPASA-N,COc1ccc2[nH]c([S@+]([O-])Cc3ncc(C)c(OC)c3C)nc2c1,CHEMBL4082704,,,,,,1.0,
QIFSPGPRHFNZNN-UHFFFAOYSA-N,NC(CCC(=O)NC(CSCc1ccc(Br)cc1)C(=O)NCC(=O)OC1CCCC1)C(=O)OC1CCCC1,S-4-bromobenzylglutathione cyclopentyl diester,,,,,weak,,
PLBHSZGDDKCEHR-UHFFFAOYSA-N,CC(=O)OCC(=O)C1(O)CCC2C3CC(C)C4=CC(=O)C=CC4(C)C3C(O)CC21C,Methylprednisolone Acetate,,,,,weak,,
VKOSQMWSWLZQPA-UHFFFAOYSA-N,COc1cc(-c2cc(=O)c3c(O)c(OC)c(OC)cc3o2)ccc1O,cirsilineol,,,,,medium,,
CRYMJHJFLJAFNU-UHFFFAOYSA-N,O=c1ccc2c(cc3ccc4cccc5ccc2c3c45)c1=O,"benzo(a)pyrene-7,8-dione",,,,,medium,,
XNRNNGPBEPRNAR-UHFFFAOYSA-N,CCCCCC(O)C=CC1OC(O)CC(O)C1CC=CCCCC(=O)O,Thromboxane B2,,,,,medium,,
FKJSFKCZZIXQIP-UHFFFAOYSA-N,O=C(CBr)c1ccc(Br)cc1,4-bromophenacyl bromide,,,,,weak,,
LTMPXFQHAIMAPA-UHFFFAOYSA-N,[Mo+8],sodium molybdate(VI),,,,,medium,,
QRMPRVXWPCLVNI-UHFFFAOYSA-N,C=C1CC2(O)OC3(CC2C(C)C)C(C)CCC13,curcumol,,,,,medium,,
BACLASYRJRZXMY-UHFFFAOYSA-N,O=c1cc(-c2ccc(O)cc2)oc2cc(O)c(-c3c(O)cc(O)c4c(=O)cc(-c5ccc(O)cc5)oc34)c(O)c12,agathisflavone,,,,,medium,,
QEWPVAOWLNMLRI-UHFFFAOYSA-N,NCCCNc1ccc2c3c(nn2CCNCCO)-c2c(O)ccc(O)c2C(=O)c13,CHEMBL203666,,,,,,1.0,
DNVZSDMHLPWULM-UHFFFAOYSA-N,CC(=O)N(C)C(C)C1CCC2C3CC=C4CC(N(C)C)CCC4(C)C3CCC21C,Steroids,,,,medium,,,
GBJKHDVRXAVITG-UHFFFAOYSA-N,CC(CC(O)C1OC1(C)C)C1=C2CC(O)C3C4(C)CCC(=O)C(C)(C)C4CCC3(C)C2(C)CC1,alisol B,,,,,medium,,
RUMOYJJNUMEFDD-UHFFFAOYSA-N,C=C(C)C1CC=C(C=O)CC1,perillaldehyde,,,,,weak,,
AFZFFLVORLEPPO-UVYJNCLZSA-N,CO/N=C(\C(=O)N[C@@H]1C(=O)N2C(C(=O)OCOC(=O)C(C)(C)C)=C(/C=C\c3scnc3C)CS[C@H]12)c1csc(N)n1,CHEMBL454446,,,,,,1.0,
LGYTZKPVOAIUKX-UHFFFAOYSA-N,CC(=O)CCC1C(=O)N(c2ccccc2)N(c2ccccc2)C1=O,kebuzone,unknown,,,,,1.0,
GBOGMAARMMDZGR-UHFFFAOYSA-N,C=C1C(C)C2C(Cc3ccccc3)NC(=O)C23OC(=O)C=CC(O)CCCC(C)CC=CC3C1O,Cytochalasin B,,,,,medium,,
VRXFDHAGFYWGHT-UHFFFAOYSA-N,CCNCc1cc(Nc2ccnc3cc(Cl)ccc23)ccc1O,desethylamodiaquine,,,,,medium,,
ZGLXUQQMLLIKAN-UHFFFAOYSA-N,COc1cc(C2c3cc4c(cc3CC3COC(=O)C32)OCO4)cc(OC)c1OC,deoxypodophyllotoxin,,,,,weak,,
HGJXAVROWQLCTP-UHFFFAOYSA-N,O=C(O)CC1C(=O)OC2C3COC(=O)c4cc(O)c(O)c(O)c4-c4c(cc(O)c(O)c4O)C(=O)OC2C(OC(=O)c2cc(O)c(O)c4c2C1C(O)C(=O)O4)C(OC(=O)c1cc(O)c(O)c(O)c1)O3,chebulagic acid,,,,,medium,,
SOBGIMQKWDUEPY-UHFFFAOYSA-N,Clc1ccc(N=Nc2ccc(Cl)c(Cl)c2)cc1Cl,"3,4,3',4'-tetrachloroazobenzene",,,,,weak,,
SDZRWUKZFQQKKV-UHFFFAOYSA-N,C=C1C(C)C2C(Cc3ccccc3)NC(=O)C23C(OC(C)=O)C=CC(C)(O)C(=O)C(C)CC=CC3C1O,Cytochalasin D,,,,,medium,,
FPJQGFLUORYYPE-UHFFFAOYSA-N,COc1cc2c(cc1OC)-c1cc3ccc4c(c3c[n+]1CC2)OCO4,epiberberine,,,,,weak,,
FPZLLRFZJZRHSY-HJYUBDRYSA-N,CN(C)c1cc(NC(=O)CNC(C)(C)C)c(O)c2c1C[C@H]1C[C@H]3[C@H](N(C)C)C(O)=C(C(N)=O)C(=O)[C@@]3(O)C(O)=C1C2=O,TIGECYCLINE,unknown,,,,,1.0,
VXMOONUMYLCFJD-UHFFFAOYSA-N,COC(=O)C1=C(C)NC(C)=C(C(=O)OC2CCN(Cc3ccccc3)C2)C1c1cccc([N+](=O)[O-])c1,mepirodipine,,,,,weak,,
MYEJFUXQJGHEQK-UHFFFAOYSA-N,CC1OC(OC2C=C3CCC4C(CCC5(C)C(c6ccc(=O)oc6)CCC45O)C3(C)CC2)C(O)C(O)C1O,Proscillaridin,,,,,medium,,
HVQAJTFOCKOKIN-UHFFFAOYSA-N,O=c1c(O)c(-c2ccccc2)oc2ccccc12,3-hydroxyflavone,,,,,medium,,
DNVPQKQSNYMLRS-UHFFFAOYSA-N,CC(C)C(C)C=CC(C)C1CCC2C3=CC=C4CC(O)CCC4(C)C3CCC21C,Ergosterol,,,,,medium,,
SNTRKUOVAPUGAY-UHFFFAOYSA-N,CP(=O)(F)OC1CCCCC1,cyclohexyl methylphosphonofluoridate,,,,,weak,,
ADFIQZBYNGPCGY-UHFFFAOYSA-N,CC(=O)OC1CC2(C)C3(CO3)C1OC1C=C(C)C(=O)C(O)C12CO,3-acetyldeoxynivalenol,,,,,medium,,
ZPRQZUALRQVYOJ-UHFFFAOYSA-N,CCCCCCCCC(=O)NCc1ccc(CC(O)CO)c(OC)c1,N-(4-O-glycerol-3-methoxybenzyl)nonivamide,,,,,medium,,
RWNHLTKFBKYDOJ-UHFFFAOYSA-N,CC1(C)CCC2(C(=O)O)CCC3(C)C(=CCC4C5(C)CC(O)C(O)C(C)(CO)C5CCC43C)C2C1,arjunolic acid,,,,,medium,,
FYAMXEPQQLNQDM-UHFFFAOYSA-N,O=P(N1CC1)(N1CC1)N1CC1,Triethylenephosphoramide,,,,,weak,,
VQQVWGVXDIPORV-UHFFFAOYSA-N,O=C1c2ccccc2-n2c1nc1ccccc1c2=O,tryptanthrine,,,,,medium,,
HGXBRUKMWQGOIE-UHFFFAOYSA-N,COc1cc(C2OCC3C(c4ccc(O)c(OC)c4)OCC23)ccc1O,pinoresinol,,,,,medium,,
WCWLPSUGBHNMHQ-UHFFFAOYSA-N,CN1CCCCC1CCN1c2ccc(Br)cc2Sc2cc(Br)ccc21,CHEMBL4791959,,,,,,1.0,
KPRTURMJVWXURQ-UHFFFAOYSA-N,CCOP(=O)(Cc1ccc(C(=O)Nc2ccc(Br)cc2C#N)cc1)OCC,4-diethoxyphosphorylmethyl-N-(4-bromo-2-cyanophenyl)benzamide,,,,,weak,,
HVDGDHBAMCBBLR-UHFFFAOYSA-N,O=C1OCC(Cc2cccc(O)c2)C1Cc1cccc(O)c1,"2,3-bis(3'-hydroxybenzyl)butyrolactone",,,,,medium,,
MYBLAOJMRYYKMS-RTRLPJTCSA-N,O=NN(CCCl)C(=O)N[C@H]1C(O)O[C@H](CO)[C@@H](O)[C@@H]1O,chlorozotocin,unknown,,,,,1.0,
WQLVFSAGQJTQCK-UHFFFAOYSA-N,CC1CCC2(OC1)OC1CC3C4CC=C5CC(O)CCC5(C)C4CCC3(C)C1C2C,Diosgenin,,,,,medium,,
DEQANNDTNATYII-OULOTJBUSA-N,C[C@@H](O)[C@@H]1NC(=O)[C@H](CCCCN)NC(=O)[C@@H](Cc2c[nH]c3ccccc23)NC(=O)[C@H](Cc2ccccc2)NC(=O)[C@@H](NC(=O)[C@H](N)Cc2ccccc2)CSSC[C@@H](C(=O)N[C@H](CO)[C@@H](C)O)NC1=O,CHEMBL1680,,,,,,1.0,
FSPZPQQWDODWAU-UHFFFAOYSA-N,Clc1cc2c(cc1Cl)Oc1c(cc(Cl)c(Cl)c1Cl)O2,"1,2,3,7,8-pentachlorodibenzo-p-dioxin",,,,,weak,,
PHYFQTYBJUILEZ-UHFFFAOYSA-N,CCCCCCCCC=CCCCCCCCC(=O)OCC(COC(=O)CCCCCCCC=CCCCCCCCC)OC(=O)CCCCCCCC=CCCCCCCCC,Triolein,,,,,medium,,
UFHFLCQGNIYNRP-UHFFFAOYSA-N,[HH],Hydrogen,,,,,medium,,
LJYGXPCCGGSATE-UHFFFAOYSA-P,ON=Cc1cc[n+](CCC[n+]2ccc(C=NO)cc2)cc1,Trimedoxime,,,,,weak,,
LLVDANRRSVUHCX-OFQWNHSRSA-N,Cc1cn([C@@H]2O[C@@]3(COP(O)(=S)O[C@@H]4[C@@H](OP(O)(=S)OC[C@H]5O[C@@H](n6cc(C)c(=O)[nH]c6=O)[C@H](O)[C@@H]5OP(O)(=S)OC[C@H]5O[C@@H](n6cnc7c(=O)[nH]c(N)nc76)[C@H](O)[C@@H]5OP(O)(=S)OC[C@H]5O[C@@H](n6cnc7c(=O)[nH]c(N)nc76)[C@H](O)[C@@H]5OP(O)(=S)OC[C@H]5O[C@@H](n6ccc(N)nc6=O)[C@H](O)[C@@H]5OP(O)(=S)OC[C@H]5O[C@@H](n6cc(C)c(=O)[nH]c6=O)[C@H](O)[C@@H]5OP(O)(=S)OC[C@H]5O[C@@H](n6cnc7c(=O)[nH]c(N)nc76)[C@H](O)[C@@H]5OP(O)(=S)OC[C@H]5O[C@@H](n6ccc(N)nc6=O)[C@H](O)[C@@H]5OP(O)(=S)OC[C@H]5O[C@@H](n6cnc7c(N)ncnc76)[C@H](O)[C@@H]5OP(O)(=S)OC[C@H]5O[C@@H](n6cnc7c(=O)[nH]c(N)nc76)[C@H](O)[C@@H]5OP(O)(=S)OC[C@@]56CO[C@@H]([C@H](n7cc(C)c(N)nc7=O)O5)[C@@H]6OP(O)(=S)OC[C@@]56CO[C@@H]([C@H](n7cc(C)c(=O)[nH]c7=O)O5)[C@@H]6O)O[C@@H](n5cnc6c(N)ncnc65)[C@@H]4O)CO[C@@H]2[C@@H]3OP(O)(=S)OC[C@@]23CO[C@@H]([C@H](n4cc(C)c(=O)[nH]c4=O)O2)[C@@H]3O)c(=O)nc1N,CHEMBL503433,,,,,,1.0,
BELPJCDYWUCHKF-UHFFFAOYSA-N,CC(=O)OCN=[N+](C)[O-],Methylazoxymethanol Acetate,,,,,medium,,
HXJDWCWJDCOHDG-UHFFFAOYSA-N,CCCCCCSCC(NC(=O)CCC(N)C(=O)O)C(=O)NCC(=O)O,hexylglutathione,,,,,weak,,
USCSJAIWXWYTEH-UHFFFAOYSA-N,Cc1c(C)c2ccc(OCCCN3CCN(Cc4ccc(Cl)cc4)CC3)cc2oc1=O,CHEMBL2106970,,,,,,1.0,
NFDFQCUYFHCNBW-UHFFFAOYSA-N,CC=C(C(=CC)c1ccc(O)cc1)c1ccc(O)cc1,Dienestrol,,,,,weak,,
OENHQHLEOONYIE-UHFFFAOYSA-N,CC(C=CC=C(C)C=CC1=C(C)CCCC1(C)C)=CC=CC=C(C)C=CC=C(C)C=CC1=C(C)CCCC1(C)C,beta Carotene,,,,,medium,,
SKELAQDUKQZHFA-UHFFFAOYSA-N,Cc1cc(COC(=O)NCCCCCCNc2c3c(nc4ccccc24)CCCC3)c(OCc2ccc(B3OC(C)(C)C(C)(C)O3)cc2)c(COC(=O)C(C)c2ccc(CC(C)C)cc2)c1,CHEMBL4792602,,,,,,1.0,
FLFJZZNKVVNCFQ-UHFFFAOYSA-N,CC(C=CC=C(C#CC1=C(C)CC(O)CC1(C)C)CO)=CC=CC=C(C)C=CC=C(C)C(=O)C=C1C(C)(C)CC(O)CC1(C)O,Carotenoids,,,,,weak,,
UCONUSSAWGCZMV-UHFFFAOYSA-N,CCCCCc1cc2c(c(O)c1C(=O)O)C1C=C(C)CCC1C(C)(C)O2,delta(9)-tetrahydrocannabinolic acid,,,,,medium,,
PAFLSMZLRSPALU-UHFFFAOYSA-N,O=C(O)C(O)Cc1ccc(O)c(O)c1,"3,4-dihydroxyphenyllactic acid",,,,,medium,,
ZKMNUMMKYBVTFN-UHFFFAOYSA-N,CCCN1CCCCC1C(=O)Nc1c(C)cccc1C,Ropivacaine,,,,,medium,,
QUQPHWDTPGMPEX-UHFFFAOYSA-N,COc1ccc(C2CC(=O)c3c(O)cc(OC4OC(COC5OC(C)C(O)C(O)C5O)C(O)C(O)C4O)cc3O2)cc1O,Hesperidin,,,,,medium,,
APUDBKTWDCXQJA-UHFFFAOYSA-N,CC1CCCC(C)N1CCCC(O)(c1ccccc1)c1ccccn1,CHEMBL432103,,,,,,1.0,
BZTDTCNHAFUJOG-UHFFFAOYSA-N,O=C(O)c1ccc2c(c1)C1(OC2=O)c2ccc(O)cc2Oc2cc(O)ccc21,6-carboxyfluorescein,,,,,weak,,
MKGIQRNAGSSHRV-UHFFFAOYSA-N,C[N+]1(C)CCN(c2ccccc2)CC1,Dimethylphenylpiperazinium Iodide,,,,,weak,,
DNJVYWXIDISQRD-UHFFFAOYSA-N,CC12CCc3occc3C1CCC13CC(CCC12)C(O)(CO)C3,cafestol,,,,,medium,,
FGYKUFVNYVMTAM-UHFFFAOYSA-N,CC(C)=CCCC(C)=CCCC(C)=CCCC1(C)CCc2c(C)c(O)cc(C)c2O1,"tocotrienol, beta",,,,,weak,,
RTKIYFITIVXBLE-UHFFFAOYSA-N,CC(C=CC(=O)NO)=CC(C)C(=O)c1ccc(N(C)C)cc1,trichostatin A,,,,,medium,,
FSINDHDHRQZTPH-UHFFFAOYSA-N,O=C(O)c1cc(=O)c2cc(OCC(O)COc3cccc4oc(C(=O)O)cc(=O)c34)ccc2o1,CHEMBL4088679,,,,,,1.0,
ICAKDTKJOYSXGC-UHFFFAOYSA-K,Cl[La](Cl)Cl,lanthanum chloride,,,,,medium,,
XKZFZDRNMFBOTH-UHFFFAOYSA-N,S=c1nc(-c2ccc(Cl)cc2)cc(-c2cn(-c3ccccc3)nc2-c2ccc(OCc3ccccc3)cc2)[nH]1,CHEMBL4452435,,,,,,1.0,
LOQHDJDNZMTYNS-BIJQNEFVSA-Q,Cc1cn([C@@H]2O[C@@]3(CO)CO[C@@H]2[C@@H]3OP(O)(=S)OC[C@@]23CO[C@@H]([C@H](n4cc(C)c(=O)[nH]c4=O)O2)[C@@H]3OP(O)(=S)OC[C@@]23CO[C@@H]([C@H](n4cnc5c(=O)[nH]c(N)nc54)O2)[C@@H]3OP(O)(=S)OC[C@@]23CO[C@@H]([C@H](n4ccc(N)nc4=O)O2)[C@@H]3OP(O)(=S)OC[C@@]23CO[C@@H]([C@H](n4cc(C)c(=O)[nH]c4=O)O2)[C@@H]3OP(O)(=S)OC[C@@]23CO[C@@H]([C@H](n4cnc5ncnc(N)c54)O2)[C@@H]3OP(O)(=S)OC[C@@]23CO[C@@H]([C@H]([n+]4c[nH]c5nc(N)[nH]c(=O)c54)O2)[C@@H]3OP(O)(=S)OC[C@@]23CO[C@@H]([C@H](n4ccc(N)nc4=O)O2)[C@@H]3OP(O)(=S)OC[C@@]23CO[C@@H]([C@H](n4ccc(N)nc4=O)O2)[C@@H]3OP(O)(=S)OC[C@@]23CO[C@@H]([C@H](n4cc(C)c(=O)[nH]c4=O)O2)[C@@H]3OP(O)(=S)OC[C@@]23CO[C@@H]([C@H](n4ccc(N)nc4=O)O2)[C@@H]3OP(O)(=S)OC[C@@]23CO[C@@H]([C@H](n4cc(C)c(=O)[nH]c4=O)O2)[C@@H]3OP(O)(=S)OC[C@@]23CO[C@@H]([C@H]([n+]4c[nH]c5nc(N)[nH]c(=O)c54)O2)[C@@H]3OP(O)(=S)OC[C@@]23CO[C@@H]([C@H]([n+]4c[nH]c5nc(N)[nH]c(=O)c54)O2)[C@@H]3OP(O)(=S)OC[C@@]23CO[C@@H]([C@H](n4cnc5ncnc(N)c54)O2)[C@@H]3OP(O)(=S)OC[C@@]23CO[C@@H]([C@H](n4cc(C)c(=O)[nH]c4=O)O2)[C@@H]3OP(O)(=S)OC[C@@]23CO[C@@H]([C@H](n4cc(C)c(=O)[nH]c4=O)O2)[C@@H]3OP(O)(=S)OC[C@@]23CO[C@@H]([C@H](n4cc(C)c(=O)[nH]c4=O)O2)[C@@H]3O)c(=O)nc1N,CHEMBL2367492,,,,,,1.0,
XQWFHGOIUZFQPJ-UHFFFAOYSA-N,O=C(C=Cc1ccc(O)cc1)c1ccc(OC2OC(CO)C(O)C(O)C2O)cc1O,neoisoliquiritin,,,,,medium,,
OHCQJHSOBUTRHG-UHFFFAOYSA-N,C=CC1(C)CC(=O)C2(O)C(C)(O1)C(OC(C)=O)C(O)C1C(C)(C)CCC(O)C12C,Colforsin,,,,,medium,,
WMBWREPUVVBILR-UHFFFAOYSA-N,O=C(OC1Cc2c(O)cc(O)cc2OC1c1cc(O)c(O)c(O)c1)c1cc(O)c(O)c(O)c1,epigallocatechin gallate,,,,weak,medium,,
HHHKFGXWKKUNCY-UHFFFAOYSA-N,CCOC(=O)C(CCc1ccccc1)NC1CCCN2CCCC(C(=O)O)N2C1=O,Cilazapril,,,,,weak,,
LMHJFKYQYDSOQO-UHFFFAOYSA-N,CCCCCC(O)CCCC(=O)O,5-hydroxydecanoic acid,,,,,medium,,
PLRACCBDVIHHLZ-UHFFFAOYSA-N,CN1CC=C(c2ccccc2)CC1,"1-Methyl-4-phenyl-1,2,3,6-tetrahydropyridine",,,,,medium,,
OEANUJAFZLQYOD-CXAZCLJRSA-N,CO[C@@H]1O[C@H](CO)[C@H](O)[C@H](O[C@@H]2O[C@@H](C(=O)O)[C@@H](OC)[C@H](O)[C@H]2O)[C@H]1NC(C)=O,CHEMBL1909290,,,,,,1.0,
CLJAWWBXVXWHFD-UHFFFAOYSA-N,COC(=O)C(C)(C)Oc1ccc(-c2ccc(Cl)cc2)cc1,Clofenapate,,,,,weak,,
LHDWRKICQLTVDL-UHFFFAOYSA-N,OCC1OC(OC2OC=CC3C(O)C4OC4(CO)C23)C(O)C(O)C1O,catalpol,,,,,medium,,
JMSVCTWVEWCHDZ-UHFFFAOYSA-N,COc1cc(C(=O)O)cc(OC)c1O,syringic acid,,,,,medium,,
ACVGWSKVRYFWRP-UHFFFAOYSA-N,O=c1c2ccccc2nc2n1CCc1c-2[nH]c2ccccc12,rutecarpine,,,,,medium,,
ACYOLKMEHHTLAB-UHFFFAOYSA-N,Cc1c2ccccc2cc2ccc3ccccc3c12,12-methylbenzanthracene,,,,,weak,,
UUBHZHZSIKRVIV-UHFFFAOYSA-N,CC(C)=CCCC(C)=CCCC(C)=CC=CC(C)=CC(=O)O,"3,7,11,15-tetramethyl-2,4,6,10,14-hexadecapentaenoic acid",,,,,medium,,
MBDOYVRWFFCFHM-UHFFFAOYSA-N,CCCC=CC=O,2-hexenal,,,,,medium,,
IZQSVPBOUDKVDZ-UHFFFAOYSA-N,COc1cc(-c2oc3cc(O)cc(O)c3c(=O)c2O)ccc1O,3-methylquercetin,,,,,medium,,
MYWLBRTZOYHDOU-UHFFFAOYSA-N,O=c1c2c(O)cc(O)cc2oc2c(O)ccc(OC3OC(CO)C(O)C(O)C3O)c12,norswertianolin,,,,,weak,,
RYAHJFGVOCZDEI-UHFFFAOYSA-N,CC(C)C1C2OC(=O)C1C1CCC3CN(C)C2C31C,dendrobine,,,,,medium,,
HZCBWYNLGPIQRK-UHFFFAOYSA-N,NC(Cc1ccc(Oc2cc(I)c(O)c(I)c2)c(I)c1)C(=O)O,"Triiodothyronine, Reverse",,,,,medium,,
GYOGHROCTSEKDY-UHFFFAOYSA-N,CCC1C2CCCCN3C(C4CC(C)C(=O)O4)CC(C4C(C)C(=O)OC14)C23,tuberostemonine,,,,,weak,,
DDVBPZROPPMBLW-UHFFFAOYSA-N,CC1=CC(=O)OC2CC(CCC(C)C=CC=CCC1)OC(O)(C1CSC(=O)N1)C2,latrunculin A,,,,,weak,,
YWQGBCXVCXMSLJ-UHFFFAOYSA-N,CCOC(=O)C(C)(CC)Oc1ccc(Cc2ccc(Cl)cc2)cc1,CHEMBL152684,,,,,,1.0,
KPWDGTGXUYRARH-UHFFFAOYSA-N,OCC(Cl)(Cl)Cl,"2,2,2-trichloroethanol",,,,,medium,,
ZCOLJUOHXJRHDI-UHFFFAOYSA-N,O=c1c(-c2ccc(O)cc2)coc2cc(OC3OC(CO)C(O)C(O)C3O)cc(O)c12,genistin,,,,,medium,,
NCWRHYSPTPPIQP-UHFFFAOYSA-N,COc1ccc(C2=C(OC(C)=O)c3cccn3-c3ccccc3S2)cc1,"7-acetoxy-6,7-dihydro-6-(4-methoxyphenyl)pyrrolo(2,1-d)(1,5)benzothiazepine",,,,,weak,,
VNONINPVFQTJOC-UHFFFAOYSA-N,CC1CCC2(OC1)OC1CC3C4CC=C5CC(OC6OC(CO)C(OC7OC(C)C(O)C(O)C7O)C(O)C6OC6OC(C)C(O)C(O)C6O)CCC5(C)C4CCC3(C)C1C2C,dioscin,,,,,medium,,
DRHYTKZTKWDSBJ-UHFFFAOYSA-N,CCCCCCCCCCCCCCCCCCC(=O)OC(COC(=O)CCCCCCCCCCCCCCC)COP(=O)([O-])OCC[N+](C)(C)C,Phosphatidylcholines,,,,medium,,,
XETHJOZXBVWLLM-UHFFFAOYSA-N,CC(C)=CCC12Oc3cc(O)c(C4C=C(C)CC(c5ccc(O)cc5O)C4C(=O)c4ccc(O)cc4O)c(O)c3C(=O)C1(O)Oc1cc(O)ccc12,sanggenone C,,,,,medium,,
KZMACGJDUUWFCH-UHFFFAOYSA-O,COc1cc(-c2[o+]c3cc(O)cc(O)c3cc2O)cc(OC)c1O,malvidin,,,,,medium,,
KBPHJBAIARWVSC-UHFFFAOYSA-N,CC(C=CC=C(C)C=CC1=C(C)CC(O)CC1(C)C)=CC=CC=C(C)C=CC=C(C)C=CC1C(C)=CC(O)CC1(C)C,Lutein,,,,,medium,,
BMLIIPOXVWESJG-UHFFFAOYSA-N,COc1cc(C2Oc3c(O)cc(C4Oc5cc(O)cc(O)c5C(=O)C4O)cc3C2CO)ccc1O,silychristin,,,,,medium,,
DLNKOYKMWOXYQA-UHFFFAOYSA-N,CC(N)C(O)c1ccccc1,Phenylpropanolamine,,,,weak,medium,,
KFDVPJUYSDEJTH-UHFFFAOYSA-N,C=Cc1ccncc1,4-vinylpyridine,,,,,weak,,
XPQIPUZPSLAZDV-UHFFFAOYSA-N,NCCc1ccccn1,2-(2-aminoethyl)pyridine,,,,,weak,,
MDXJIXIXYVKOEN-UHFFFAOYSA-N,Oc1cc(O)cc(CCc2ccc(Nc3c4c(nc5cc(Cl)ccc35)CCCC4)cc2)c1,CHEMBL4066309,,,,,,1.0,
HFQKBOPMAOTAIR-UHFFFAOYSA-N,CCCCCCCCCCCCCC=CC(O)C(COC1OC(CO)C(OC2OC(CO)C(OC3OC(CO)C(O)C(O)C3O)C(O)C2O)C(O)C1O)NC(C)=O,globotriaosylceramide,,,,,medium,,
SPSXSWRZQFPVTJ-UHFFFAOYSA-N,CSCCC(N)C(=O)NC(CCC(N)=O)C(=O)NC(Cc1c[nH]c2ccccc12)C(=O)NC(CC(N)=O)C(=O)NC(CO)C(=O)NC(C(=O)NC(C(=O)NC(Cc1ccccc1)C(=O)NC(CC1C=NC=N1)C(=O)NC(CCC(N)=O)C(=O)NC(C(=O)NC(CC(C)C)C(=O)NC(CCC(N)=O)C(=O)NC(CC(=O)O)C(=O)N1CCCC1C(=O)NC(CCCNC(=N)N)C(=O)NC(C(=O)OC(=O)CNC(=O)CNC(=O)C(C)NC(=O)C1CCCN1C(=O)C(Cc1ccccc1)NC(=O)C(Cc1ccc(O)cc1)NC(=O)C(CC(C)C)NC(=O)CNC(=O)C(N)CCCNC(=N)N)C(C)C)C(C)O)C(C)O)C(C)O,Hepatitis B Vaccines,,,,weak,,,
BJYQIDOKTISRPH-UHFFFAOYSA-N,N#Cc1ncc(N2C(=O)C3(CCC3)N(c3ccc(OC4CCNCC4)cc3)C2=S)cc1C(F)(F)F,CHEMBL4876579,,,,,,1.0,
OLKHRYQRCJLWLL-UHFFFAOYSA-N,C1=CCC(C2CO2)CC1,"1,2-epoxy-4-vinylcyclohexane",,,,,weak,,
DAXYUDFNWXHGBE-UHFFFAOYSA-N,CCC1CN2CCC3(C(=O)Nc4ccccc43)C2CC1C(=COC)C(=O)OC,rhyncophylline,,,,,medium,,
BFWYTORDSFIVKP-UHFFFAOYSA-N,CCCCCC(C=CC=CCC=CCC=CCCCC(=O)O)OO,"15-hydroperoxy-5,8,11,13-eicosatetraenoic acid",,,,,weak,,
UDNIFTKCMDIXFC-UHFFFAOYSA-N,CCCNC(=O)C(O)CC(=O)NC(C(=O)N1CCCC1C(=O)O)C(C)CC,N-(3-propylcarbamoyloxirane-2-carbonyl)-isoleucyl-proline,,,,,medium,,
ARCJQKUWGAZPFX-UHFFFAOYSA-N,c1ccc(C2OC2c2ccccc2)cc1,stilbene oxide,,,,,medium,,
PFTAWBLQPZVEMU-UHFFFAOYSA-N,Oc1cc(O)c2c(c1)OC(c1ccc(O)c(O)c1)C(O)C2,Catechin,,,,medium,medium,1.0,
TUSDEZXZIZRFGC-UHFFFAOYSA-N,O=C(OC1OC2COC(=O)c3cc(O)c(O)c(O)c3-c3c(cc(O)c(O)c3O)C(=O)OC(C2O)C1O)c1cc(O)c(O)c(O)c1,corilagin,,,,,medium,,
PBCLOVRWBLGJQA-UHFFFAOYSA-N,C=CC(O)CC#N,1-cyano-2-hydroxy-3-butene,,,,,weak,,
OQIQSTLJSLGHID-WNWIJWBNSA-N,COc1cc2c(c3oc(=O)c4c(c13)CCC4=O)[C@@H]1C=CO[C@@H]1O2,CHEMBL1697694,,,,,,1.0,
LPMXVESGRSUGHW-UHFFFAOYSA-N,CC1OC(OC2CC(O)C3(CO)C4C(O)CC5(C)C(C6=CC(=O)OC6)CCC5(O)C4CCC3(O)C2)C(O)C(O)C1O,Ouabain,,,,,medium,,
RLFKILXOLJVUNF-UHFFFAOYSA-N,COCc1c(C(=O)OC(C)C)ncc2[nH]c3ccc(OCc4ccccc4)cc3c12,CHEMBL454095,,,,,,1.0,
CFWRDBDJAOHXSH-UHFFFAOYSA-N,CC(=O)OCC(COP(=O)(O)OCCN)OC(C)=O,phosphatidylethanolamine,,,,,weak,,
ITAMRBIZWGDOHW-UHFFFAOYSA-N,COc1ccc(CCN(C)CCCOc2ccc(S(=O)(=O)c3c(C(C)C)cn4ccccc34)cc2)cc1OC,CHEMBL285855,,,,,,1.0,
MRAUNPAHJZDYCK-UHFFFAOYSA-N,NC(=NCCCC(N)C(=O)O)N[N+](=O)[O-],Nitroarginine,,,,,medium,,
OQGWJZOWLHWFME-UHFFFAOYSA-N,CCc1[nH]c(=O)[nH]c1C(=O)c1ccncc1,CHEMBL58355,,,,,,1.0,
HGVVOUNEGQIPMS-UHFFFAOYSA-N,Oc1cc(O)c2c(c1)OC(c1ccc(O)c(O)c1)C(OC1(c3ccc(O)c(O)c3)Oc3cc(O)cc(O)c3C(O)C1O)C2,procyanidin,,,,,medium,,
YGUFCDOEKKVKJK-UHFFFAOYSA-N,CC1(N)CCN(c2cnc(-c3cccc(Cl)c3Cl)c(N)n2)CC1,CHEMBL4060033,,,,,,1.0,
PLIUCYCUYQIBDZ-UHFFFAOYSA-N,CC(C=CC1=C(C)C(=O)CCC1(C)C)=CC=CC(C)=CCO,4-oxoretinol,,,,,medium,,
WOFMFGQZHJDGCX-UHFFFAOYSA-N,CC1CC2C3CCC4=CC(=O)C=CC4(C)C3(Cl)C(O)CC2(C)C1(OC(=O)c1ccco1)C(=O)CCl,mometasone furoate,,,,,,,weak
WFKWXMTUELFFGS-UHFFFAOYSA-N,[W],Tungsten,,,,,medium,,
ORQFDHFZSMXRLM-UHFFFAOYSA-N,COc1ccc(CC(C)C(C)Cc2ccc(OC)c(OC)c2)cc1OC,terameprocol,,,,,medium,,
IOUVKUPGCMBWBT-UHFFFAOYSA-N,O=C(CCc1ccc(O)cc1)c1c(O)cc(O)cc1OC1OC(CO)C(O)C(O)C1O,Phlorhizin,,,,,medium,,
FYQXODZRNSCOTR-CTYKUZNLSA-N,C=C1[C@@H]2CCC3[C@@](CC[C@@H]4[C@H](C(=O)O)C[C@@H](O[C@@H]5O[C@H](CO)[C@@H](OS(=O)(=O)O)[C@H](OS(=O)(=O)O)[C@H]5OC(=O)CC(C)C)C[C@@]34C)(C2)[C@@H]1O,CHEMBL499815,,,,,,1.0,
XMOCLSLCDHWDHP-UHFFFAOYSA-N,Oc1cc(O)c2c(c1)OC(c1cc(O)c(O)c(O)c1)C(O)C2,gallocatechol,,,,,medium,,
PBBGSZCBWVPOOL-UHFFFAOYSA-N,CCC(c1ccc(O)cc1)C(CC)c1ccc(O)cc1,Hexestrol,,,,,medium,,
NEWMWGLPJQHSSQ-UHFFFAOYSA-N,CC(=O)OC1CC23CC24CCC(OC2OCC(O)C(O)C2O)C(C)(C)C4CCC3C2(C)CC3OC4(CC(C)C3C12C)OC(O)C1(C)OC41,actein,,,,,medium,,
LPLVUJXQOOQHMX-UHFFFAOYSA-N,CC1(C(=O)O)CCC2(C)CCC3(C)C(=CC(=O)C4C5(C)CCC(OC6OC(C(=O)O)C(O)C(O)C6OC6OC(C(=O)O)C(O)C(O)C6O)C(C)(C)C5CCC43C)C2C1,Glycyrrhizic Acid,,,,medium,medium,,
IYRGXJIJGHOCFS-UHFFFAOYSA-N,Cc1ccc2ccc3ccc(C)nc3c2n1,neocuproine,,,,,medium,,
LBAKRKFCEDSAKC-UHFFFAOYSA-N,Cc1cc(OCCO)ccc1-c1cccc(CNc2ccc(OCC(=O)O)c(F)c2)c1,CHEMBL4534840,,,,,,1.0,
KYHUYMLIVQFXRI-XYUQHQMCSA-N,CC[C@H](C)[C@H]1NC(=O)[C@@H](NC(=O)[C@@H](CC(C)C)N(C)C(=O)[C@@H]2CCCN2C(=O)C(C)O)[C@@H](C)OC(=O)[C@H](Cc2ccc(OC)cc2)N(C)C(=O)[C@@H]2CCCN2C(=O)[C@H](CC(C)C)NC(=O)[C@@H](C)C(=O)[C@H](C(C)C)OC(=O)C[C@@H]1O,CHEMBL2304286,,,,,,1.0,
OMZRMXULWNMRAE-BMRADRMJSA-N,COC(=O)/C(=C1/OC(=O)C(c2ccccc2)=C1O)c1ccccc1,CHEMBL463212,,,,,,1.0,
VAPDZNUFNKUROY-UHFFFAOYSA-N,Oc1c(I)cc(I)cc1I,"2,4,6-triiodophenol",,,,,weak,,
ZBQZBWKNGDEDOA-UHFFFAOYSA-N,O=C1OC2(c3ccccc31)c1cc([N+](=O)[O-])c(O)c(Br)c1Oc1c2cc([N+](=O)[O-])c(O)c1Br,Eosine I Bluish,,,,,weak,,
NBHPRWLFLUBAIE-UHFFFAOYSA-N,O=C(NCCN1CCC(n2c(=O)[nH]c3cc(Cl)ccc32)CC1)c1ccc(F)cc1,CHEMBL245621,,,,,,1.0,
ASMXXROZKSBQIH-UHFFFAOYSA-N,O=C(OC1C[N+]2(CCCOc3ccccc3)CCC1CC2)C(O)(c1cccs1)c1cccs1,aclidinium bromide,,,,,,,weak
JTJJGVCUEGCBHL-UHFFFAOYSA-N,CCC(C)C(NC(=O)C(CCCNC(=N)N)NC(=O)C1CCCN1C(=O)C1CCCN1C(=O)C(CC(C)C)NC(=O)C(CCCNC(=N)N)NC(=O)C1CCCN1C(=O)C1CCCN1C(=O)C(Cc1ccccc1)NC(=O)C(Cc1ccccc1)NC(=O)C1CCCN1C(=O)C1CCCN1C(=O)C1CCCN1C(=O)C(CCCNC(=N)N)NC(=O)C1CCCN1C(=O)C(CCCNC(=N)N)NC(=O)C1CCCN1C(=O)C(CC(C)C)NC(=O)C(Cc1ccc(O)cc1)NC(=O)C1CCCN1C(=O)C1CCCN1C(=O)C(CCCNC(=N)N)NC(=O)C1CCCN1C(=O)C(CCCNC(=N)N)NC(=O)C(CCCNC(=N)N)NC(=O)C(N)CCCNC(=N)N)C(=O)N1CCCC1C(=O)N1CCCC1C(=O)NCC(=O)NC(Cc1ccccc1)C(=O)N1CCCC1C(=O)N1CCCC1C(=O)NC(CCCNC(=N)N)C(=O)NC(Cc1ccccc1)C(=O)N1CCCC1C(=O)N1CCCC1C(=O)NC(CCCNC(=N)N)C(=O)NC(Cc1ccccc1)C(=O)N1CCCC1C(=O)O,PR 39,,,,,weak,,
IYOZTVGMEWJPKR-UHFFFAOYSA-N,CC(N)C1CCC(C(=O)Nc2ccncc2)CC1,Y 27632,,,,,medium,,
ZKZXNDJNWUTGDK-UHFFFAOYSA-N,O=S(=O)(NCCNCC=Cc1ccc(Br)cc1)c1cccc2cnccc12,N-(2-(4-bromocinnamylamino)ethyl)-5-isoquinolinesulfonamide,,,,,medium,,
OJISWRZIEWCUBN-UHFFFAOYSA-N,CC(C)=CCCC(C)=CCCC(C)=CCCC(C)=CCO,geranylgeraniol,,,,,medium,,
ILEDWLMCKZNDJK-UHFFFAOYSA-N,O=c1ccc2cc(O)c(O)cc2o1,esculetin,,,,,medium,,
YPZRWBKMTBYPTK-UHFFFAOYSA-N,NC(CCC(=O)NC(CSSCC(NC(=O)CCC(N)C(=O)O)C(=O)NCC(=O)O)C(=O)NCC(=O)O)C(=O)O,Glutathione Disulfide,,,,,medium,,
VOZHMAYHYHEWBW-UHFFFAOYSA-N,CC(=O)OC1CC2(O)C3CCC4CC(O)CCC4(C)C3CCC2(C)C1c1ccc(=O)oc1,bufotalin,,,,,medium,,
NHJVRSWLHSJWIN-UHFFFAOYSA-N,O=[N+]([O-])c1cc([N+](=O)[O-])c(S(=O)(=O)O)c([N+](=O)[O-])c1,Trinitrobenzenesulfonic Acid,,,,,medium,,
JADDQZYHOWSFJD-UHFFFAOYSA-N,CCNC(=O)C1OC(n2cnc3c(N)ncnc32)C(O)C1O,Adenosine-5'-(N-ethylcarboxamide),,,,,medium,,
CMUNUTVVOOHQPW-UHFFFAOYSA-N,C[N+]1(C)CCCC1C(=O)[O-],stachydrine,,,,,medium,,
QFFCYTLOTYIJMR-UHFFFAOYSA-N,CCC(=O)C1(C)CCC2C3CCC4=CC(=O)CCC4=C3CCC21C,Promegestone,,,,,medium,,
WBBLIRPKRKYMTD-UHFFFAOYSA-N,O=C(O)COc1cccc2c1CCC=C2CCON=C(c1ccccc1)c1cccnc1,ONO 1301,,,,,medium,,
WCPAKWJPBJAGKN-UHFFFAOYSA-N,c1conn1,Oxadiazoles,,,,weak,,,
XJSFLOJWULLJQS-UHFFFAOYSA-N,COC1C(OC(C)=O)CC(=O)OC(C)CC=CC=CC(O)C(C)CC(CC=O)C1OC1OC(C)C(OC2CC(C)(O)C(OC(=O)CC(C)C)C(C)O2)C(N(C)C)C1O,Josamycin,,,,,weak,,
PWAOOJDMFUQOKB-UHFFFAOYSA-N,CC(C)=CCCC(C)(OC1OC(CO)C(O)C(O)C1O)C1CCC2(C)C1C(O)CC1C3(C)CCC(O)C(C)(C)C3C(OC3OC(CO)C(O)C(O)C3OC3OC(C)C(O)C(O)C3O)CC12C,ginsenoside Re,,,,,medium,,
JXCGFZXSOMJFOA-UHFFFAOYSA-N,Cc1ccc(NC(=O)N(C)C)cc1Cl,chlortoluron,,,,,medium,,
IHLSBQVBFDTNTC-UHFFFAOYSA-N,COc1cc(O)c2c(=O)cc(-c3ccccc3)oc2c1OC,"5-hydroxy-7,8-dimethoxyflavone",,,,,weak,,
VZCYOOQTPOCHFL-UHFFFAOYSA-N,O=C(O)C=CC(=O)O,fumaric acid,,,,,medium,,
YNZFFALZMRAPHQ-UHFFFAOYSA-N,CCCCCCC(C)(C)c1ccc(C2CC(O)CCC2CCCO)c(O)c1,"3-(2-hydroxy-4-(1,1-dimethylheptyl)phenyl)-4-(3-hydroxypropyl)cyclohexanol",,,,,medium,,
IPVFGAYTKQKGBM-BYPJNBLXSA-N,O=c1[nH]c(=O)n([C@@H]2O[C@H](CO)[C@@H](O)[C@@H]2F)cc1I,CHEMBL271475,,,,,,1.0,
HKMTVMBEALTRRR-UHFFFAOYSA-N,c1ccc2c(c1)Cc1c-2ccc2ccccc12,benzo(a)fluorene,,,,,medium,,
YNVGQYHLRCDXFQ-XGXHKTLJSA-N,C#C[C@]1(O)CC[C@H]2[C@@H]3CCC4=CCCC[C@@H]4[C@H]3CC[C@@]21C,CHEMBL2107431,,,,,,1.0,
GPHSJPVUEZFIDE-UHFFFAOYSA-N,CC1=CC2(OC3OC(CO)C(O)C(O)C3O)CC(C)C(=O)C2C(C)(O)C12CC2,ptaquiloside,,,,,medium,,
DEZFNHCVIZBHBI-UHFFFAOYSA-N,CC(=O)c1c(O)c(C)c(O)c(Cc2c(O)c3c(c(C(=O)C=Cc4ccccc4)c2O)OC(C)(C)C=C3)c1O,rottlerin,,,,,medium,,
UJCHIZDEQZMODR-UHFFFAOYSA-N,CC(=O)NC(CS)C(N)=O,N-Acetylcysteinamide,,,,,medium,,
ZPTSRWNMMWXEHX-UHFFFAOYSA-N,C=C1CCC2C(C)(C)CCCC2(C)C1CO,albicanol,,,,,medium,,
MUPFEKGTMRGPLJ-UHFFFAOYSA-N,OCC1OC(OCC2OC(OC3(CO)OC(CO)C(O)C3O)C(O)C(O)C2O)C(O)C(O)C1O,Raffinose,,,,,weak,,
DRTQHJPVMGBUCF-UHFFFAOYSA-N,O=c1ccn(C2OC(CO)C(O)C2O)c(=O)[nH]1,Uridine,,,,,weak,,
QDLHCMPXEPAAMD-UHFFFAOYSA-N,COCC1OC(=O)c2coc3c2C1(C)C1=C(C3=O)C2CCC(=O)C2(C)CC1OC(C)=O,Wortmannin,,,,,medium,,
WJSYAZTYXSDFEV-UHFFFAOYSA-N,NC(=O)c1ccccc1S(=O)(=O)NCC(=O)Nc1ccc(O)cc1,CHEMBL4759922,,,,,,1.0,
KPTYXJLOWLVCMU-UHFFFAOYSA-N,OC1c2ccc3c(ccc4ccccc43)c2C2OC2C1O,"chrysene,2-diol-3,4-epoxide-1",,,,,weak,,
PYOUAIQXJALPKW-UHFFFAOYSA-N,Cc1ccc2[nH]cc(CCN)c2c1,5-methyltryptamine,,,,,weak,,
GOJJWDOZNKBUSR-UHFFFAOYSA-N,NS(=O)(=O)OCCCCCCCOS(N)(=O)=O,CHEMBL182440,,,,,,1.0,
CPEUVMUXAHMANV-UHFFFAOYSA-N,COC(=O)Nc1nc2cc(C(=O)c3ccc(F)cc3)ccc2[nH]1,flubendazole,unknown,,,,,1.0,
JTVLYHXMPUSZIT-VKAVYKQESA-N,CCCCN/C(=C1/C=C(Cl)C=CC1=O)c1ccccc1Cl,CHEMBL3137681,,,,,,1.0,
IBIPGYWNOBGEMH-UHFFFAOYSA-N,CC(=O)OCC1=CC2OC(=O)C3=COC(OC4OC(CO)C(O)C(O)C4O)C1C32,asperuloside,,,,,medium,,
OXWHZARNAGLRFL-UHFFFAOYSA-N,O=C1C=Cc2ccc3c4c(ccc1c24)-c1ccccc1C3=O,"benzo(a)pyrene-1,6-quinone",,,,,weak,,
JEKMKNDURXDJAD-UHFFFAOYSA-N,CC12C=Cc3occc3C1CCC13CC(CCC12)C(O)(CO)C3,kahweol,,,,,medium,,
JZVYPSLDMXOITF-UHFFFAOYSA-N,CCCC(=O)OC1C(C)OC(OC2C(C)OC(OC3C(CC=O)CC(C)C(O)C=CC=CCC(C)OC(=O)CC(O)C3OC)C(O)C2N(C)C)CC1(C)O,Leucomycins,,,,medium,,,
YCXRBCHEOFVYEN-UHFFFAOYSA-N,COc1ccc(-c2cc(=O)c3c(O)cc(O)c(-c4cc(-c5cc(=O)c6c(O)cc(OC)cc6o5)ccc4OC)c3o2)cc1,sciadopitysin,,,,,medium,,
QERYCTSHXKAMIS-UHFFFAOYSA-N,O=C(O)c1cccs1,CHEMBL1222314,,,,,,1.0,
ZRJBHWIHUMBLCN-UHFFFAOYSA-N,CC=C1C2C=C(C)CC1(N)c1ccc(=O)[nH]c1C2,huperzine A,,,,,medium,,
PRQROPMIIGLWRP-UHFFFAOYSA-N,CSCCC(NC=O)C(=O)NC(CC(C)C)C(=O)NC(Cc1ccccc1)C(=O)O,N-Formylmethionine Leucyl-Phenylalanine,,,,,medium,,
GBMUQLAGEWYKTJ-UHFFFAOYSA-N,Cc1cc2c(cc1-n1c(C(F)(F)F)nc3cc(C(=O)O)ccc31)C(C)(C)CCC2(C)C,CHEMBL2332887,,,,,,1.0,
IMKHDCBNRDRUEB-UHFFFAOYSA-N,CC1(C)CCCC2(C)OC(=O)C=C12,dihydroactinidiolide,,,,,medium,,
HGHOPAZIUPORIN-UHFFFAOYSA-N,CC(C)=CCc1c2c(c(O)c3c(=O)c(-c4ccc(O)cc4)coc13)C=CC(C)(C)O2,warangalone,,,,,medium,,
FDABVSXGAMFQQH-UHFFFAOYSA-N,COc1cc2c(cc1O)C(Cc1ccc(Oc3cc(CC4c5cc(O)c(OC)cc5CCN4C)ccc3O)cc1)N(C)CC2,magnolin,,,,,medium,,
BOWVQLFMWHZBEF-UHFFFAOYSA-N,CCCCCCCCC=CCCCCCCCC(=O)NCCO,N-oleoylethanolamine,,,,,weak,,
XDXWLKQMMKQXPV-QYQHSDTDSA-N,CC1=NN(c2ccc(C)c(C)c2)C(=O)/C1=N\Nc1cccc(-c2cccc(C(=O)O)c2)c1O,ELTROMBOPAG,unknown,,,,,1.0,
ZXJJBDHPUHUUHD-UHFFFAOYSA-N,COc1ccc(-c2cc(=O)c3c(OC)cc(OC)cc3o2)cc1,"5,7,4'-trimethylapigenin",,,,,weak,,
CXAGHAZMQSCAKJ-WAHHBDPQSA-N,CCO[C@@H]1OC(=O)C[C@@H]1NC(=O)[C@@H]1CCCN2C(=O)CC[C@H](NC(=O)c3nccc4ccccc34)C(=O)N12,CHEMBL437526,,,,,,1.0,
UJCACMLMPLLRGW-UHFFFAOYSA-N,Cc1c(S(=O)(=O)O)oc2c1C(=O)C(=O)c1c-2ccc2c1CCCC2(C)C,tanshinone II A sodium sulfonate,,,,,weak,,
DFMMVLFMMAQXHZ-UHFFFAOYSA-N,CC(C=O)=CC=CC(C)=CC=CC=C(C)C=CC=C(C)C=CC1=C(C)CCCC1(C)C,apocarotenal,,,,,medium,,
CQIKWXUXPNUNDV-UHFFFAOYSA-N,C=Cc1c(C)c2cc3nc(c4c5[nH]c(cc6nc(cc1[nH]2)C(C)=C6CC)c(C)c5C(=O)C4C(=O)OC)C(CCC(=O)OCC=C(C)CCCC(C)CCCC(C)CCCC(C)C)C3C,Chlorophyll A,,,,,weak,,
HBNBMOGARBJBHS-UHFFFAOYSA-N,C[AsH]C,dimethylarsine,,,,,medium,,
GQEXVCVGAOTIEA-UHFFFAOYSA-N,CC(NCCCNc1ccnc2cc(Cl)ccc12)c1ccc(-c2csc3ccc(F)cc23)cc1,CHEMBL4447772,,,,,,1.0,
ATEFPOUAMCWAQS-UHFFFAOYSA-N,O=c1ccc2ccc(O)c(O)c2o1,daphnetin,,,,,medium,,
MRIAQLRQZPPODS-UHFFFAOYSA-N,COc1ccc(-c2cc(=O)c3c(OC)c(OC)c(OC)c(OC)c3o2)cc1OC,nobiletin,,,,,medium,,
PFGWGEPQIUAZME-UHFFFAOYSA-N,CNCC(=O)NC(CCCN=C(N)N)C(=O)NC(C(=O)NC(Cc1ccc(O)cc1)C(=O)NC(C(=O)NC(Cc1cnc[nH]1)C(=O)N1CCCC1C(=O)NC(C)C(=O)O)C(C)C)C(C)C,Saralasin,,,,,weak,,
SQKRUBZPTNJQEM-UHFFFAOYSA-N,CCCCCC=CCC=CCC=CCC=CCCCC(=O)NC(C)CO,methanandamide,,,,,medium,,
ODZFJAXAEXQSKL-UHFFFAOYSA-N,C=C1C(=CC=C2CCCC3(C)C2CCC3C(C)C=CC(C)(O)C(C)C)CC(O)CC1O,"1,24-dihydroxyvitamin D2",,,,,weak,,
FATBGEAMYMYZAF-UHFFFAOYSA-N,CCCCCCCCC=CCCCCCCCC(N)=O,oleylamide,,,,,weak,,
RLQZIECDMISZHS-UHFFFAOYSA-N,O=C1C=CC(=O)C(c2ccccc2)=C1,phenylbenzoquinone,,,,,medium,,
HSMVPDGQOIQYSR-UHFFFAOYSA-N,CCCOCC(=Nc1ccc(Cl)cc1C(F)(F)F)n1ccnc1,triflumizol,,,,,medium,,
DYAHQFWOVKZOOW-UHFFFAOYSA-N,CC(C)OP(C)(=O)F,Sarin,,,,,medium,,
JUDKOGFHZYMDMF-UHFFFAOYSA-N,Oc1cc2c(cc1O)C(c1ccccc1)CNCC2,"2,3,4,5-Tetrahydro-7,8-dihydroxy-1-phenyl-1H-3-benzazepine",,,,,medium,,
IYSYLWYGCWTJSG-UHFFFAOYSA-N,CC(C)(C)[N+]([O-])=Cc1ccccc1,phenyl-N-tert-butylnitrone,,,,,medium,,
QHZLMUACJMDIAE-UHFFFAOYSA-N,CCCCCCCCCCCCCCCC(=O)OCC(O)CO,palmitoyl glycerol,,,,,weak,,
YBYRMVIVWMBXKQ-UHFFFAOYSA-N,O=S(=O)(F)Cc1ccccc1,Phenylmethylsulfonyl Fluoride,,,,,weak,,
AQBZCCQCDWNNJQ-UHFFFAOYSA-N,COc1cc2c(cc1OC)C1(O)C(=O)c3ccc4c(c3OC1CO2)C=CC(C)(C)O4,tephrosin,,,,,medium,,
BZAFROBDXRJYTQ-UHFFFAOYSA-N,O=C(OC1OC2COC(=O)c3cc(O)c(O)c(O)c3-c3c(cc(O)c(O)c3O)C(=O)OC2C2OC(=O)c3cc(O)c(O)c(O)c3-c3c(cc(O)c(O)c3O)C(=O)OC12)c1cc(O)c(O)c(Oc2c(C(=O)OC3OC4COC(=O)c5cc(O)c(O)c(O)c5-c5c(cc(O)c(O)c5O)C(=O)OC4C4OC(=O)c5cc(O)c(O)c(O)c5-c5c(cc(O)c(O)c5O)C(=O)OC34)cc(O)c(O)c2O)c1,agrimoniin,,,,,weak,,
NEZONWMXZKDMKF-UHFFFAOYSA-N,CC(C)=CCC(O)C1=CC(=O)c2c(O)ccc(O)c2C1=O,alkannin,,,,,medium,,
SHIBSTMRCDJXLN-UHFFFAOYSA-N,CC12CCC(O)CC1CCC1C2CC(O)C2(C)C(C3=CC(=O)OC3)CCC12O,Digoxigenin,,,,,medium,,
ITWBWJFEJCHKSN-UHFFFAOYSA-N,C1CNCCNCCN1,"1,4,7-triazacyclononane",,,,,weak,,
RWGFKTVRMDUZSP-UHFFFAOYSA-N,CC(C)c1ccccc1,cumene,,,,,medium,,
KKJZEUXMWDXPAU-UHFFFAOYSA-N,NC1=CC(=Nc2ccc(N)cc2)C(N)=CC1=Nc1ccc(N)cc1,Bandrowski's base,,,,,medium,,
SYCHUQUJURZQMO-UHFFFAOYSA-N,CN1C(C(=O)Nc2nccs2)=C(O)c2ccccc2S1(=O)=O,CHEMBL20634,,,,,,1.0,
LKAJKIOFIWVMDJ-UHFFFAOYSA-N,CC12Cc3cn[nH]c3CC1CCC1C2CCC2(C)C1CCC2(C)O,Stanozolol,,,,medium,,,
HVFLCNVBZFFHBT-UHFFFAOYSA-N,CON=C(C(=O)NC1C(=O)N2C(C(=O)[O-])=C(C[N+]3(C)CCCC3)CSC12)c1csc(N)n1,Cefepime,,,,,weak,,
DBPWSSGDRRHUNT-UHFFFAOYSA-N,CC(=O)C1(O)CCC2C3CCC4=CC(=O)CCC4(C)C3CCC21C,17-alpha-Hydroxyprogesterone,,,,,medium,,
UIXPTCZPFCVOQF-UHFFFAOYSA-N,COC1=C(OC)C(=O)C(C)=CC1=O,ubiquinone-O,,,,,medium,,
NBRBXGKOEOGLOI-UHFFFAOYSA-N,COc1c(-c2ccc3cc(NS(C)(=O)=O)ccc3c2)cc(-n2ccc(=O)[nH]c2=O)cc1C(C)(C)C,DASABUVIR,unknown,,,weak,,,
SECPZKHBENQXJG-UHFFFAOYSA-N,CCCCCCC=CCCCCCCCC(=O)O,palmitoleic acid,,,,,weak,,
UMZARYXKQBKPOL-UHFFFAOYSA-N,CCCCCCCCCCCCCCCC(=O)OCC1(O)CC23CCC4c5ccoc5C=CC4(C)C2CCC1C3,kahweol palmitate,,,,,medium,,
VRYALKFFQXWPIH-UHFFFAOYSA-N,O=CCC(O)C(O)C(O)CO,Deoxyglucose,,,,,medium,,
UVYVLBIGDKGWPX-UHFFFAOYSA-N,CC1CCC2(OC1)OC1C(O)C3C4CCC5CC(OC6OC(CO)C(OC7OC(CO)C(O)C(OC8OCC(O)C(O)C8O)C7OC7OC(CO)C(O)C(OC8OC(CO)C(O)C(O)C8O)C7O)C(O)C6O)C(O)CC5(C)C4CCC3(C)C1C2C,Digitonin,,,,,weak,,
NKMDIWKRKQFYPH-UHFFFAOYSA-N,CC(C)C1CCC2(C)CCC3(C)C(CCC4C5(C)CCCC(C)(C)C5CCC43C)C12,lupane,,,,,medium,,
BLWUSAVPLFNOFW-UHFFFAOYSA-N,O=[Si](O)O[Si](=O)O,erionite,,,,,medium,,
AZKVWQKMDGGDSV-UHFFFAOYSA-N,COC(=O)C1=COC(O)C2C(CO)=CCC12,genipin,,,,,medium,,
HAVWRBANWNTOJX-UHFFFAOYSA-N,COc1cc2ccc(=O)oc2c(O)c1O,fraxetin,,,,,medium,,
IZKSMIBPGSWAMO-UHFFFAOYSA-N,CN1CCC(Oc2ccc(N3C(=S)N(c4cnc(C#N)c(C(F)(F)F)c4)C(=O)C34CCC4)cc2)CC1,CHEMBL4865865,,,,,,1.0,
CCTFAOUOYLVUFG-UHFFFAOYSA-N,CC(C)(N=NC(C)(C)C(=N)N)C(=N)N,"2,2'-azobis(2-amidinopropane)",,,,,medium,,
SDHTXBWLVGWJFT-UHFFFAOYSA-N,C=C1C(=O)C23C(O)C1CCC2C12COC3(O)C(O)C1C(C)(C)CCC2O,oridonin,,,,,medium,,
PTQXTEKSNBVPQJ-UHFFFAOYSA-N,CC(C)c1cc(C(C)C)c(CC(=O)NS(=O)(=O)Oc2c(C(C)C)cccc2C(C)C)c(C(C)C)c1,Avasimibe,unknown,,,,weak,,
GXIJYWUWLNHKNW-UHFFFAOYSA-N,O=C1C(Nc2ccccc2)=CC(=O)c2ncccc21,"6-anilino-5,8-quinolinedione",,,,,weak,,
GRXKLBBBQUKJJZ-UHFFFAOYSA-N,CC(OP(C)(=O)F)C(C)(C)C,Soman,,,,,medium,,
IEORSVTYLWZQJQ-UHFFFAOYSA-N,CCCCCCCCCc1ccccc1OCCO,terics,,,,,weak,,
MCGSCOLBFJQGHM-SCZZXKLOSA-N,Nc1nc(NC2CC2)c2ncn([C@H]3C=C[C@@H](CO)C3)c2n1,CHEMBL1380,,,,,,1.0,
FLUADVWHMHPUCG-UHFFFAOYSA-N,OCC1OC(OCC2OC(OCC3OC(OCC4OC(OC5(CO)OC(CO)C(O)C5O)C(O)C(O)C4O)C(O)C(O)C3O)C(O)C(O)C2O)C(O)C(O)C1O,verbascose,,,,,medium,,
WEKCEGQSIIQPAQ-UHFFFAOYSA-N,COc1cc(C2OCC3C(c4cc(OC)c(OC5OC(CO)C(O)C(O)C5O)c(OC)c4)OCC23)cc(OC)c1O,acanthoside B,,,,,medium,,
BZCALJIHZVNMGJ-HSZRJFAPSA-N,Cc1cc(OCCCS(C)(=O)=O)cc(C)c1-c1cccc(COc2ccc3c(c2)OC[C@H]3CC(=O)O)c1,Fasiglifam,unknown,,,,,1.0,
IBQMHBGFMLHHLE-UHFFFAOYSA-N,CCN(CC)CCCCCCCCOC(=O)c1cc(OC)c(OC)c(OC)c1,"8-(N,N-diethylamino)octyl-3,4,5-trimethoxybenzoate",,,,,weak,,
YNGDWRXWKFWCJY-UHFFFAOYSA-N,C1=CNC=CC1,"1,4-dihydropyridine",,,,,weak,,
XMQKDOCUWFCMEJ-UHFFFAOYSA-N,CCCCCC(O)c1ccc(C2CCC(=O)C2CCCCCCC(=O)O)cc1,AH 13205,,,,,weak,,
LNVQBBHYPGFSMX-UHFFFAOYSA-N,c1ccc(Nc2c3ccccc3nc3ccccc23)cc1,9-anilinoacridine,,,,,weak,,
KWNDLWPKCDMGTN-UHFFFAOYSA-N,CC1(C)N([O])C(c2ccc(C(=O)O)cc2)=[N+]([O-])C1(C)C,"1,3-dihydroxy-4,4,5,5-tetramethyl-2-(4-carboxyphenyl)tetrahydroimidazole",,,,,medium,,
CSDLKVWYPVAIKE-UHFFFAOYSA-N,COc1cc(O)cc(O)c1C(=O)CC(C)C,CHEMBL3915949,,,,,,1.0,
VHJLVAABSRFDPM-UHFFFAOYSA-N,OC(CS)C(O)CS,Dithiothreitol,,,,,medium,,
ZWJINEZUASEZBH-UHFFFAOYSA-N,O=C(O)c1ccccc1Nc1ccccc1,fenamic acid,,,,,medium,,
DSRJIHMZAQEUJV-UHFFFAOYSA-N,O=C(NN=C1CCCCC1)C(=O)NN=C1CCCCC1,Cuprizone,,,,,medium,,
GRWZHXKQBITJKP-UHFFFAOYSA-N,O=S(O)S(=O)O,Dithionite,,,,,medium,,
AXZWODMDQAVCJE-UHFFFAOYSA-L,Cl[Sn]Cl,stannous chloride,,,,,medium,,
FEALTYYKRMRXTG-UHFFFAOYSA-N,CC(C)=CCc1cc(C(=O)C=Cc2ccc(O)c(O)c2)c(O)cc1O,broussochalcone A,,,,,weak,,
JZWWDTIBYWFKGK-UHFFFAOYSA-N,O=C(CNS(=O)(=O)c1ccccc1C(=O)NCc1ccccc1)Nc1ccc(O)cc1,CHEMBL4778557,,,,,,1.0,
SIGSPDASOTUPFS-UHFFFAOYSA-N,C#CC1(O)C=CC2C3CCC4=CC(=O)CCC4C3CCC21CC,Gestodene,,,,,medium,,
AIONOLUJZLIMTK-UHFFFAOYSA-N,COc1ccc(C2CC(=O)c3c(O)cc(O)cc3O2)cc1O,hesperetin,,,,,medium,,
TZJALUIVHRYQQB-UHFFFAOYSA-N,COc1ccc(-c2oc3c(CC=C(C)C)c(OC4OC(CO)C(O)C(O)C4O)cc(O)c3c(=O)c2OC2OC(C)C(O)C(O)C2O)cc1,icariin,,,,,medium,,
OYHQOLUKZRVURQ-UHFFFAOYSA-N,CCCCCC=CCC=CCCCCCCCC(=O)O,Linoleic Acid,,,,,medium,,
XVULBTBTFGYVRC-UHFFFAOYSA-N,C=CC(C)(O)CCC1C(C)(O)CCC2C(C)(C)CCCC21C,sclareol,,,,,medium,,
VVJDHJZQBGWPEQ-UHFFFAOYSA-N,COC1C=CC=CC=CCC(OC(=O)C(C)NC(=O)C2CCCCC2)C(C)C(O)C(C)=CCCc2cc(O)cc(c2O)NC(=O)C1,mycotrienin II,,,,,weak,,
NBGQZFQREPIKMG-UHFFFAOYSA-N,CC1CCC2(C)CCC3(C)C(=CCC4C5(C)CCC(O)C(C)(C(=O)O)C5CCC43C)C2C1C,boswellic acid,,,,,weak,,
SEBFKMXJBCUCAI-UHFFFAOYSA-N,COc1cc(C2Oc3cc(C4Oc5cc(O)cc(O)c5C(=O)C4O)ccc3OC2CO)ccc1O,Silymarin,,,,medium,medium,,
IXARYIJEQUJTIZ-UHFFFAOYSA-N,NC(CCC(=O)NC(CSC(Cl)=CCl)C(=O)NCC(=O)O)C(=O)O,"S-(1,2-dichlorovinyl)glutathione",,,,,weak,,
HKEAFJYKMMKDOR-UHFFFAOYSA-N,O=c1c(-c2ccc(O)cc2)coc2c(C3OC(CO)C(O)C(O)C3O)c(O)ccc12,puerarin,,,,,medium,,
KBDSLGBFQAGHBE-UHFFFAOYSA-N,CC1(C)OC2CC(=O)OCC23C1CC(=O)C1(C)C3CCC2(C)C(c3ccoc3)OC(=O)C3OC321,limonin,,,,,medium,,
UBJVUCKUDDKUJF-UHFFFAOYSA-N,C=CCSCC=C,allyl sulfide,,,,,medium,,
INYYVPJSBIVGPH-UHFFFAOYSA-N,COC1=CC2C3Cc4ccc(OC)c(O)c4C2(CCN3C)CC1=O,sinomenine,,,,,medium,,
ADFWQBGTDJIESE-UHFFFAOYSA-N,CCCCCCCCCCCCCCCc1cccc(O)c1C(=O)O,anacardic acid,,,,,medium,,
KSEBMYQBYZTDHS-UHFFFAOYSA-N,COc1cc(C=CC(=O)O)ccc1O,ferulic acid,,,,,medium,,
XQZVQQZZOVBNLU-UHFFFAOYSA-N,CC12CCC3c4ccc(O)c(O)c4CCC3C1CCC2=O,4-hydroxyestrone,,,,,weak,,
DCVWQAGUQFBCTF-UHFFFAOYSA-N,Cn1c(NO)nc2ncc(-c3ccccc3)cc21,"2-hydroxyamino-1-methyl-6-phenylimidazo(4,5-b)pyridine",,,,,medium,,
BGYNLOSBKBOJJD-UHFFFAOYSA-N,COC1=C(Br)C(O)C(O)(CC#N)C=C1Br,aeroplysinin I,,,,,weak,,
LHHGDZSESBACKH-UHFFFAOYSA-N,O=C1C2(Cl)C3(Cl)C4(Cl)C(Cl)(Cl)C5(Cl)C3(Cl)C1(Cl)C5(Cl)C24Cl,Chlordecone,,,,,medium,,
YXWCBRDRVXHABN-UHFFFAOYSA-N,CC1(C)C(C=C(Cl)c2ccc(Cl)cc2)C1C(=O)OC(C#N)c1ccc(F)c(Oc2ccccc2)c1,flumethrin,,,,,weak,,
IBYCYJFUEJQSMK-UHFFFAOYSA-N,CCN=C1Nc2ccc(Cl)cc2C(C)(c2ccccc2)O1,Etifoxine,unknown,,,,,1.0,
FPWNLURCHDRMHC-UHFFFAOYSA-N,Clc1ccc(-c2ccccc2)cc1,4-chlorobiphenyl,,,,,weak,,
DDYJDIHOSRTMSE-UHFFFAOYSA-N,C=CCN1C(=O)CSC1=NNC(=S)NC,CGP 52608,,,,,medium,,
JKAHWGPTNVUTNB-IXPVHAAZSA-N,CN1C[C@H](CC#N)C[C@@H]2c3cccc4[nH]c(Cl)c(c34)C[C@H]21,CHEMBL80937,,,,,,1.0,
KDOLICPJGKZRKU-JQWIXIFHSA-N,CN1CC[C@@H]2Nc3ccccc3[C@@H]2C1,CHEMBL3137679,,,,,,1.0,
ZPMKQFOGINQDAM-UHFFFAOYSA-N,C[N+](C)([O-])CCC=C1c2ccccc2CCc2ccccc21,amitriptylinoxide,unknown,,,,weak,,
FTNJWQUOZFUQQJ-UHFFFAOYSA-N,CC=C(C)C(=O)OC1CC(OC(C)=O)C2(C(=O)OC)COC3C2C12COC(O)(C(=O)OC)C2C(C)(C12OC1(C)C1CC2OC2OC=CC21O)C3O,azadirachtin,,,,,medium,,
GSNHKUDZZFZSJB-QUMGSSFMSA-N,Cc1nnc(C(C)C)n1[C@H]1C[C@H]2CC[C@@H](C1)N2CC[C@H](NC(=O)C1CCC(F)(F)CC1)c1ccccc1,MARAVIROC,unknown,,,,,1.0,
XZFRIPGNUQRGPI-UHFFFAOYSA-N,CCCCCC(O)C=CC1C(O)CC2CC(=CCCCC(=O)O)CC21,carboprostacyclin,,,,,weak,,
GRTBAGCGDOYUBE-UHFFFAOYSA-N,[Y+3],yttrium chloride,,,,,medium,,
WTOYNNBCKUYIKC-UHFFFAOYSA-N,C=C(C)C1CCC2=CC(=O)CC(C)C2(C)C1,nootkatone,,,,,medium,,
UILPJVPSNHJFIK-UHFFFAOYSA-N,COc1ccc(C(C)=O)c(O)c1,paeonol,,,,,medium,,
DPNOTBLPQOITGU-UHFFFAOYSA-N,CCCCCC(O)C=CC1CCC(=O)C1CCCCCCC(=O)O,11-deoxyprostaglandin E1,,,,,weak,,
FCUKFDGGKFWZJB-UHFFFAOYSA-N,Cn1c(=O)c2c(nc3n2CCCCN3Cc2ccc(Cl)c(Cl)c2)n(C)c1=O,CHEMBL4569183,,,,,,1.0,
YTPQSLLEROSACP-UHFFFAOYSA-N,CC(=O)NC(CSSCC(NC(C)=O)C(=O)O)C(=O)O,"N,N-diacetylcystine",,,,,weak,,
RDIMTXDFGHNINN-UHFFFAOYSA-N,C=CC(O)C#CC#CCC(O)C(O)CCCCCCC,panaxytriol,,,,,medium,,
FIDOCHXHMJHKRW-UHFFFAOYSA-N,COCC12CCC(OC)C34C5CC6(O)C(OC)C(O)C(OC(C)=O)(C5C6OC(=O)c5ccccc5)C(C(OC)C13)C4N(C)C2,hypaconitine,,,,,medium,,
GVLDSGIQZAFIAN-UHFFFAOYSA-N,C=CC(O)C#CC#CCC1OC1CCCCCCC,panaxydol,,,,,weak,,
WTXGTTBOKVQBGS-UHFFFAOYSA-N,C=C(C=O)CC1CC(O)C2(C)OC3CC4OC5CC6(C)OC7(C)CCC8OC9CC%10(C)OC%11C(C)=CC(=O)OC%11CC%10OC9CC(C)C8OC7CC6OC5CC=CC4OC3CC2O1,brevetoxin,,,,,weak,,
UTMWFJSRHLYRPY-UHFFFAOYSA-N,Clc1cc(Cl)cc(-c2cc(Cl)cc(Cl)c2)c1,aroclor 1248,,,,,medium,,
RUXPNBWPIRDVTH-UHFFFAOYSA-N,CNn1cc(C(=O)O)c(=O)c2cc(F)c(N3CCN(C)CC3)cc21,CHEMBL6231,,,,,,1.0,
BTDJUKVOKKMSFU-UHFFFAOYSA-N,Cc1ccccc1-c1cccc(CNc2ccc(OCC(=O)O)c(F)c2)c1,CHEMBL4460582,,,,,,1.0,
ORYDPOVDJJZGHQ-UHFFFAOYSA-N,Nc1n[n+]([O-])c2ccccc2[n+]1[O-],Tirapazamine,unknown,,,,weak,,
MTCFGRXMJLQNBG-UHFFFAOYSA-N,NC(CO)C(=O)O,Serine,,,,,medium,,
JULROCUWKLNBSN-UHFFFAOYSA-N,NC(C[Se][Se]CC(N)C(=O)O)C(=O)O,selenocystine,,,,,medium,,
YMNKUHIVVMFOFO-UHFFFAOYSA-N,O=Cc1c2ccccc2cc2ccccc12,9-anthraldehyde,,,,,weak,,
AHBNYVFRDZDQBZ-UHFFFAOYSA-N,CCC(C)C1OC2(CCC1C)CC1CC(CC=C(C)C(OC3CC(OC)C(OC4CC(OC)C(OP(=O)(O)O)C(C)O4)C(C)O3)C(C)C=CC=C3COC4C(O)C(C)=CC(C(=O)O1)C34O)O2,"22,23-dihydroavermectin B(1)a",,,,,weak,,
DANYIYRPLHHOCZ-UHFFFAOYSA-N,COc1ccc(-c2cc(=O)c3c(O)cc(O)cc3o2)cc1,acacetin,,,,,medium,,
RHVPEFQDYMMNSY-UHFFFAOYSA-N,CC1=NCCc2c1[nH]c1cc(O)ccc21,harmalol,,,,,weak,,
IQVAERDLDAZARL-UHFFFAOYSA-N,CC(C=O)c1ccccc1,hydratropic aldehyde,,,,,weak,,
MPDGHEJMBKOTSU-UHFFFAOYSA-N,CC1(C(=O)O)CCC2(C)CCC3(C)C(=CC(=O)C4C5(C)CCC(O)C(C)(C)C5CCC43C)C2C1,18alpha-glycyrrhetinic acid,,,,,medium,,
JXSVIVRDWWRQRT-UHFFFAOYSA-N,CC1CCC2(C(=O)O)CCC3(C)C(=CCC4C5(C)CC(O)C(O)C(C)(CO)C5CCC43C)C2C1C,asiatic acid,,,,,medium,,
AZZJAARMZMEIHY-UHFFFAOYSA-N,CCCCC(NC(=O)C(CC(C)C)NC(=O)C(Cc1c[nH]c2ccccc12)NC(=O)C(Cc1ccccc1)NC(=O)C(Cc1c[nH]c2ccccc12)NC(=O)C(CC(N)=O)NC(=O)C(N)Cc1ccc(Cl)c(Cl)c1)C(=O)N(C(=O)C1CCCN1C(=O)C(N)CCCCNC(=O)c1cccnc1)C(=O)C1CCCN1C(=O)C(N)Cc1cccnc1,spantide II,,,,,medium,,
BQRGNLJZBFXNCZ-UHFFFAOYSA-N,CC(=O)OCOC(=O)CN(CC(=O)OCOC(C)=O)Cc1cc2c(cc1OC(C)=O)Oc1cc(OC(C)=O)c(CN(CC(=O)OCOC(C)=O)CC(=O)OCOC(C)=O)cc1C21OC(=O)c2ccccc21,calcein AM,,,,,medium,,
QYPPRTNMGCREIM-UHFFFAOYSA-N,C[As](=O)(O)O,monomethylarsonic acid,,,,,medium,,
OLHOIERZAZMHGK-UHFFFAOYSA-N,CCOc1ccc2c(C(F)(F)F)cc(=O)oc2c1,7-ethoxy-4-trifluoromethylcoumarin,,,,,weak,,
IPDMWUNUULAXLU-UHFFFAOYSA-N,COc1c(C=O)c(O)cc2c1C(=O)c1ccccc1C2=O,damnacanthal,,,,,weak,,
NFGXHKASABOEEW-UHFFFAOYSA-N,COC(C)(C)CCCC(C)CC=CC(C)=CC(=O)OC(C)C,Methoprene,,,,,medium,,
GNJXVFXIDHCCKR-UHFFFAOYSA-N,CC(=O)OCOC(=O)CN(CCOCCOCCN(CC(=O)OCOC(C)=O)CC(=O)OCOC(C)=O)CC(=O)OCOC(C)=O,EGTA acetoxymethyl ester,,,,,weak,,
BZTYNSQSZHARAZ-UHFFFAOYSA-N,Clc1ccc(-c2ccc(Cl)cc2Cl)cc1,"2,4,4'-trichlorobiphenyl",,,,,medium,,
DQFBYFPFKXHELB-UHFFFAOYSA-N,O=C(C=Cc1ccccc1)c1ccccc1,Chalcone,,,,,medium,,
RITKHVBHSGLULN-UHFFFAOYSA-N,NC(CCC(=O)NC(CS)C(=O)O)C(=O)O,gamma-glutamylcysteine,,,,,medium,,
AJFTZWGGHJXZOB-UHFFFAOYSA-N,CS(=O)(=O)c1ccc(-c2cc(Br)sc2-c2ccc(F)cc2)cc1,DuP 697,,,,,weak,,
HCAWPGARWVBULJ-UHFFFAOYSA-N,CCCCCc1cc(O)c2c(c1)OC(C)(C)C1CC=C(C)CC21,delta-8-tetrahydrocannabinol,,,,,medium,,
RCNSAJSGRJSBKK-UHFFFAOYSA-N,C=CC1=C(C)C(C=c2[nH]c(=Cc3[nH]c(C=C4NC(=O)C(C)=C4C=C)c(C)c3CCC(=O)O)c(CCC(=O)O)c2C)=NC1=O,Biliverdine,,,,,medium,,
VBAJECZQEAYMJO-UHFFFAOYSA-N,O=c1cc(-c2ccccc2)oc2cc(OCCCN3CCN(CCCNc4c5c(nc6ccccc46)CCCC5)CC3)cc(O)c12,CHEMBL2436703,,,,,,1.0,
VEUZZDOCACZPRY-UHFFFAOYSA-N,O=c1oc2ccccc2c(O)c1C1CC(c2ccc(-c3ccc(Br)cc3)cc2)Cc2ccccc21,bromfenacoum,,,,,medium,,
BQCRLWBELMWYQA-UHFFFAOYSA-N,CCCN(CCC)C(=S)S,di-n-propyldithiocarbamate,,,,,weak,,
QFTBWTJGZHUOAW-UHFFFAOYSA-N,N#C[Se]Cc1ccc(C[Se]C#N)cc1,"1,4-phenylenebis(methylene)selenocyanate",,,,,medium,,
FXMKXMJLXRTQSW-UHFFFAOYSA-N,O=[N+]([O-])c1ccc(I)c([N+](=O)[O-])c1,"1-iodo-2,4-dinitrobenzene",,,,,weak,,
LBOJYSIDWZQNJS-UHFFFAOYSA-N,CC12NC(Cc3ccccc31)c1ccccc12,Dizocilpine Maleate,,,,,medium,,
MNFZZNNFORDXSV-UHFFFAOYSA-N,CCN(CC)c1ccc(C=O)cc1,4-(diethylamino)benzaldehyde,,,,,weak,,
PHPWISAFHNEMSR-UHFFFAOYSA-N,CC(=O)Nc1cccc2c1-c1ccccc1C2,4-acetylaminofluorene,,,,,medium,,
DYUUGILMVYJEHY-UHFFFAOYSA-N,CC1(C)N([O])C(c2ccccc2)=[N+]([O-])C1(C)C,"2-phenyl-4,4,5,5-tetramethylimidazoline-1-oxyl-3-oxide",,,,,weak,,
DLEGDLSLRSOURQ-UHFFFAOYSA-N,C=COCC(F)(F)F,fluroxene,unknown,,,,,1.0,
SWRFKGRMQVLMKA-UHFFFAOYSA-N,O=C(OC1OC2COC(=O)c3cc(O)c(O)c(O)c3-c3c(cc(O)c(O)c3O)C(=O)OC2C2OC(=O)c3cc(O)c(O)c(O)c3-c3c(cc(O)c(O)c3O)C(=O)OC12)c1cc(O)c(O)c(O)c1,casuarictin,,,,,weak,,
QNOXYUNHIGOWNY-UHFFFAOYSA-N,COc1cc2ncc(-c3ccccc3)nc2cc1OC,"6,7-dimethoxy-3-phenylquinoxaline",,,,,weak,,
OZSMSRIUUDGTEP-UHFFFAOYSA-N,O=S(=O)(c1cccc2c(Cl)cccc12)N1CCCNCC1,ML 9,,,,,weak,,
AWDRATDZQPNJFN-UHFFFAOYSA-N,CC(CCC(=O)NCCS(=O)(=O)O)C1CCC2C3CCC4CC(O)CCC4(C)C3CC(O)C12C,Taurodeoxycholic Acid,,,,,medium,,
HEYZWPRKKUGDCR-UHFFFAOYSA-N,C=CC1C(OC2OC(CO)C(O)C(O)C2O)OC=C2C(=O)OCCC21O,swertiamarin,,,,,medium,,
ZVLOPMNVFLSSAA-UHFFFAOYSA-N,C=C1C(=O)OC2CC(C)C3C=CC(=O)C3(C)C(O)C12,helenalin,,,,,medium,,
WWUZIQQURGPMPG-UHFFFAOYSA-N,CCCCCCCCCCCCCC=CC(O)C(N)CO,Sphingosine,,,,,weak,,
VJFHEFUXNJKIJE-UHFFFAOYSA-N,CCN(C)C(=O)C(C)[S+](C)[O-],N-methyl-N-2-(methylsulfinyl)ethylpropionic acid amide,,,,,weak,,
ALFHIHDQSYXSGP-UHFFFAOYSA-N,Clc1ccc(-c2cccc(Cl)c2Cl)c(Cl)c1,aroclor 1242,,,,,medium,,
YURJSTAIMNSZAE-UHFFFAOYSA-N,CC(C)=CCCC(C)(OC1OC(CO)C(O)C(O)C1O)C1CCC2(C)C1C(O)CC1C3(C)CCC(O)C(C)(C)C3C(OC3OC(CO)C(O)C(O)C3O)CC12C,ginsenoside Rg1,,,,,medium,,
IAVUBSCVWHLRGE-UHFFFAOYSA-N,O=C1C(=C(O)C=Cc2ccc(O)cc2)C(O)=C(C2OC(CO)C(O)C(O)C2O)C(=O)C1(O)C1OC(CO)C(O)C(O)C1O,hydroxysafflor yellow A,,,,,medium,,
ZROGCCBNZBKLEL-UHFFFAOYSA-N,CC1OC(OC2C(=O)c3c(O)cc(O)cc3OC2c2ccc(O)c(O)c2)C(O)C(O)C1O,astilbin,,,,,medium,,
XNZRYTITWLGTJS-UHFFFAOYSA-N,O=c1ccc2nc3ccc(OCc4ccccc4)cc3oc-2c1,benzyloxyresorufin,,,,,weak,,
WSPOMRSOLSGNFJ-AUWJEWJLSA-N,CN(C)CC/C=C1/c2ccccc2Sc2ccc(Cl)cc21,CHLORPROTHIXENE,unknown,,,,,1.0,
FKNXQNWAXFXVNW-UHFFFAOYSA-N,CCC(NC(C)C)C(O)c1ccc(O)c2[nH]c(=O)ccc12,Procaterol,,,,,weak,,
ATKWJXUJUNLTFU-UHFFFAOYSA-N,Oc1ccc(CN=C=S)cc1,4-hydroxybenzyl isothiocyanate,,,,,medium,,
DSNBHJFQCNUKMA-UHFFFAOYSA-N,CCCCCC(O)C=CC1OC2CC(O2)C1CC=CCCCC(=O)O,Thromboxane A2,,,,,medium,,
CMWCOKOTCLFJOP-UHFFFAOYSA-N,[Ti+3],titanium nitride,,,,,weak,,
GBIHOLCMZGAKNG-UHFFFAOYSA-N,CC(C)C(C(=O)OC(C#N)c1cccc(Oc2ccccc2)c1)c1ccc(OC(F)F)cc1,flucythrinate,,,,,weak,,
AFHJQYHRLPMKHU-UHFFFAOYSA-N,O=C1c2c(O)cccc2C(C2OC(CO)C(O)C(O)C2O)c2cc(CO)cc(O)c21,alloin,,,,,medium,,
XOJVVFBFDXDTEG-UHFFFAOYSA-N,CC(C)CCCC(C)CCCC(C)CCCC(C)C,pristane,,,,,medium,,
RYAUSSKQMZRMAI-UHFFFAOYSA-N,CC(Cc1ccc(C(C)(C)C)cc1)CN1CC(C)OC(C)C1,fenpropimorph,,,,,weak,,
GFNNBHLJANVSQV-UHFFFAOYSA-N,COc1cc2ncnc(Nc3cccc(Cl)c3)c2cc1OC,RTKI cpd,,,,,medium,,
FZKGLCPKPZBGLX-PEOWQWSYSA-N,CC(=O)OCOC(=O)C1=C(COC(N)=O)SC2[C@H]([C@H](C)O)C(=O)N12,CHEMBL3137692,,,,,,1.0,
UIRKNQLZZXALBI-MSVGPLKSSA-N,CC(C)[C@@H](CC[C@@H](C)[C@H]1CC[C@H]2[C@@H]3[C@H](O)C[C@H]4C[C@@H](NCCCNCCCCN)CC[C@]4(C)[C@H]3CC[C@]12C)OS(=O)(=O)O,Squalamine,unknown,,,,,1.0,
MZOFCQQQCNRIBI-UHFFFAOYSA-N,CC(C)CC(NC(=O)C(CCCN=C(N)N)NC(=O)C(CC(=O)O)NC(=O)CNC(=O)C(N)CCCCN)C(=O)NC(CO)C(=O)O,Tumor Necrosis Factor-alpha,,,,medium,,,
LOIYMIARKYCTBW-UHFFFAOYSA-N,O=C(O)C=Cc1cnc[nH]1,Urocanic Acid,,,,,weak,,
LBQIJVLKGVZRIW-UHFFFAOYSA-N,CC1(C)C=Cc2c(ccc3c2OCC(c2ccc(O)cc2O)C3)O1,glabridin,,,,,medium,,
OJLOPKGSLYJEMD-YCVNZHGXSA-N,CCCC[C@](C)(O)C/C=C/[C@H]1[C@H](O)CC(=O)[C@@H]1CCCCCCC(=O)OC,CHEMBL4064157,,,,,,1.0,
PEFASEPMJYRQBW-UHFFFAOYSA-N,CC1OC(OCC2OC(Oc3c(-c4ccc(O)cc4)oc4cc(OC5OC(C)C(O)C(O)C5O)cc(O)c4c3=O)C(O)C(O)C2O)C(O)C(O)C1O,robinin,,,,,medium,,
IKGXIBQEEMLURG-UHFFFAOYSA-N,CC1OC(OCC2OC(Oc3c(-c4ccc(O)c(O)c4)oc4cc(O)cc(O)c4c3=O)C(O)C(O)C2O)C(O)C(O)C1O,Rutin,,,,weak,medium,,
AOYNUTHNTBLRMT-UHFFFAOYSA-N,O=CC(F)C(O)C(O)C(O)CO,Fluorodeoxyglucose F18,,,,weak,,,
CWDBKYUARDUIEM-UHFFFAOYSA-N,CC(C)CC(NC(=O)C1CCCN1C(=O)C(C)NC(=O)C(C)NC(=O)C(CC12C=CC3(O)SC3C1S2)NC(=O)C(C)N)C(=O)NC(CCCCN)C(=O)N1CCCC1C(=O)NC(C)C(=O)NC(CCCCN)C(=O)NC(C=O)C(=O)NC(C)C(=O)O,H 1356,,,,,medium,,
CUWODFFVMXJOKD-UHFFFAOYSA-N,CCNC(=O)C1CCCN1C(=O)C(CCCN=C(N)N)NC(=O)C(CC(C)C)NC(=O)C(COC(C)(C)C)NC(=O)C(Cc1ccc(O)cc1)NC(=O)C(CO)NC(=O)C(Cc1c[nH]c2ccccc12)NC(=O)C(Cc1cnc[nH]1)NC(=O)C1CCC(=O)N1,Buserelin,,,,,weak,,
WTDHMFBJQJSTMH-UHFFFAOYSA-N,O=c1cc(-c2ccc(Oc3c(O)cc4oc(-c5ccc(O)cc5)cc(=O)c4c3O)cc2)oc2cc(O)cc(O)c12,hinokiflavone,,,,,medium,,
YIBNHAJFJUQSRA-UHFFFAOYSA-N,CCCCCC(O)C=CC1C2CC(OO2)C1CC=CCCCC(=O)O,Prostaglandin H2,,,,,weak,,
IMPFEECWQJURNU-UHFFFAOYSA-N,[W+8],sodium tungstate(VI),,,,,medium,,
GJNNXIYZWIZFRH-UHFFFAOYSA-N,CCCCCNCC(N)=O,CHEMBL75838,,,,,,1.0,
NYSDRDDQELAVKP-SFHVURJKSA-N,O=C(NCCN1CCN(c2cccc3c2OC[C@H](CO)O3)CC1)c1ccc(F)cc1,CHEMBL1742477,,,,,,1.0,
XQDCKJKKMFWXGB-UHFFFAOYSA-N,COc1cc(O)c2c(c1)oc(=O)c1c3cc(O)c(O)cc3oc21,wedelolactone,,,,,medium,,
CXQWRCVTCMQVQX-UHFFFAOYSA-N,O=C1c2c(O)cc(O)cc2OC(c2ccc(O)c(O)c2)C1O,taxifolin,,,,,medium,,
GKUMMDFLKGFCKH-UHFFFAOYSA-N,CSCCCCC(=NOS(=O)(=O)O)SC1OC(CO)C(O)C(O)C1O,glucoerucin,,,,,weak,,
FVWJYYTZTCVBKE-UHFFFAOYSA-N,C=C(C)C1CCC2(CO)CCC3(C)C(CCC4C5(C)CCC(O)C(C)(C)C5CCC43C)C12,betulin,,,,,medium,,
VCEHWDBVPZFHAG-UHFFFAOYSA-N,NC(N)=NCCCC(N)C(=O)N1CCCC1C(=O)N1CCCC1C(=O)NCC(=O)NC(Cc1ccccc1)C(=O)NC(CO)C(=O)N1CCCC1C(=O)NC(Cc1ccccc1)C(=O)O,"bradykinin, des-Arg(9)-",,,,,weak,,
XZSRRNFBEIOBDA-CFNBKWCHSA-N,CCOC(OCC)C(=O)OCC(=O)[C@]1(O)Cc2c(O)c3c(c(O)c2[C@@H](O[C@H]2C[C@H](N)[C@H](O)[C@H](C)O2)C1)C(=O)c1c(OC)cccc1C3=O,CHEMBL2104401,,,,,,1.0,
NPAGDVCDWIYMMC-UHFFFAOYSA-N,CC12CCC3C4CCC(=O)C=C4CCC3C1CCC2O,Nandrolone,,,,,weak,,
KURWKDDWCJELSV-UHFFFAOYSA-N,Cn1c2c3ccccc3nc-2cc2ccccc21,cryptolepine,,,,,weak,,
UIFFUZWRFRDZJC-UHFFFAOYSA-N,CCCCCCC1C(=O)OC(C)C(NC(=O)c2cccc(NC=O)c2O)C(=O)OC(C)C1OC(=O)CC(C)C,Antimycin A,,,,,medium,,
OVSQVDMCBVZWGM-UHFFFAOYSA-N,O=c1c(OC2OC(CO)C(O)C(O)C2O)c(-c2ccc(O)c(O)c2)oc2cc(O)cc(O)c12,hyperoside,,,,,medium,,
PDAWDNVHMUKWJR-UHFFFAOYSA-N,NCC(=O)NCC(=O)NC(Cc1cnc[nH]1)C(=O)O,diglycyl-histidine,,,,,weak,,
USMNOWBWPHYOEA-UHFFFAOYSA-N,CC1C(=O)CC2(C(C)C)CC12,beta-thujone,,,,,medium,,
RPUMZMSNLZHIGZ-UHFFFAOYSA-N,Clc1cc(Cl)c(-c2ccc(Cl)c(Cl)c2Cl)cc1Cl,"2,2',3',4,4',5-hexachlorobiphenyl",,,,,medium,,
LARPFJIXBULVPK-UHFFFAOYSA-N,CC1CCC2(C(=O)OC3OC(CO)C(O)C(O)C3O)CCC3(C)C(=CCC4C5(C)CCC(O)C(C)(CO)C5CCC43C)C2C1(C)O,pedunculoside,,,,,medium,,
YEESKJGWJFYOOK-UHFFFAOYSA-N,CCCCCC=CCC=CC=CC=CC(SCC(N)C(=O)NCC(=O)O)C(O)CCCC(=O)O,Leukotriene D4,,,,,medium,,
LHMRXAIRPKSGDE-UHFFFAOYSA-N,O=C1c2ccccc2C(=O)c2c1ccc1ccccc21,"7,12-benz(a)anthraquinone",,,,,medium,,
AUJXLBOHYWTPFV-VLNMHYLBSA-N,CS[C@H]1SC[C@H]2C(=O)N(C)[C@@H](C(C)C)C(=O)OC[C@@H](NC(=O)c3cnc4ccccc4n3)C(=O)N[C@@H](C)C(=O)N(C)[C@@H]1C(=O)N(C)[C@@H](C(C)C)C(=O)OC[C@@H](NC(=O)c1cnc3ccccc3n1)C(=O)N[C@@H](C)C(=O)N2C,CHEMBL510650,,,,,,1.0,
KQNZDYYTLMIZCT-UHFFFAOYSA-N,CC1CCCC=CC2CC(O)CC2C(O)C=CC(=O)O1,Brefeldin A,,,,,medium,,
NTKNGUAZSFAKEE-UHFFFAOYSA-N,COc1c(O)cc2oc(Oc3ccc(O)cc3)cc(=O)c2c1O,capillarisin,,,,,medium,,
PGHMRUGBZOYCAA-UHFFFAOYSA-N,CC(CCC(=O)O)CC(C)CC(C)C(=O)C=C(O)C(C)CC(C)CC=CC(C)C(O)C(C)C(O)CC1CCC(C)(C2CCC(C)(C(C)O)O2)O1,Ionomycin,,,,,medium,,
YDOIFHVUBCIUHF-UHFFFAOYSA-N,Cc1cc(=O)c2c(O)c3c(O)cc(O)c4c5c(O)cc(O)c6c(O)c7c(=O)cc(C)c8c1c2c(c34)c(c65)c78,hypericin,,,,,medium,,
DXRDOOGXEOFHOC-UHFFFAOYSA-N,COc1cc(CCc2ccc(Nc3c4c(nc5ccc(OC)cc35)CCCC4)cc2)cc(OC)c1,CHEMBL4072700,,,,,,1.0,
NVKAWKQGWWIWPM-UHFFFAOYSA-N,CC12CCC3C(CCC4CC(=O)CCC43C)C1CCC2O,Dihydrotestosterone,,,,,medium,,
SXYIRMFQILZOAM-HVNFFKDJSA-N,CO[C@H]1O[C@@H]2O[C@@]3(C)CC[C@H]4[C@H](C)CC[C@@H]([C@H]1C)[C@@]24OO3,ARTEMETHER,unknown,,,,,1.0,
ZDHCJEIGTNNEMY-XGXHKTLJSA-N,CC[C@]1(O)CC[C@H]2[C@@H]3CCC4=CC(=O)CC[C@@H]4[C@H]3CC[C@@]21C,norethandrolone,unknown,,,,,1.0,
SJWWTRQNNRNTPU-UHFFFAOYSA-N,CC(=O)OC1CC(C)(C)C(=C=CC(C)=CC=CC(C)=CC=CC=C(C)C=CC=C(C)C(=O)CC23OC2(C)CC(O)CC3(C)C)C(C)(O)C1,fucoxanthin,,,,,medium,,
BCSVCWVQNOXFGL-UHFFFAOYSA-N,O=C(O)Cc1nn(Cc2nc3cc(C(F)(F)F)ccc3s2)c(=O)c2ccccc12,Zopolrestat,unknown,,,,medium,1.0,
YFBPRJGDJKVWAH-UHFFFAOYSA-N,CNC(=O)Oc1cc(C)c(SC)c(C)c1,Methiocarb,,,,,medium,,
UFUVJROSOIXJGR-UHFFFAOYSA-N,CC=C(C)C(=O)OC1C(OC(=O)CC(C)C)c2c(ccc3ccc(=O)oc23)OC1(C)C,praeruptorin C,,,,,medium,,
ADFCQWZHKCXPAJ-UHFFFAOYSA-N,Oc1ccc(C2COc3cc(O)ccc3C2)cc1,Equol,,,,,medium,,
DATAGRPVKZEWHA-UHFFFAOYSA-N,CCNC(=O)CCC(N)C(=O)O,theanine,,,,,medium,,
DIMMBYOINZRKMD-UHFFFAOYSA-N,[V+5],vanadium pentoxide,,,,,medium,,
PXKHGMGELZGJQE-ILBGXUMGSA-N,CCCCCCCCCCCCCCCC(=O)OC[C@@H](NC(=O)C(Cl)Cl)[C@H](O)c1ccc([N+](=O)[O-])cc1,chloramphenicol palmitate,unknown,,,,,1.0,
JXOHGGNKMLTUBP-UHFFFAOYSA-N,O=C(O)C1=CC(O)C(O)C(O)C1,Shikimic Acid,,,,,medium,,
YHQDZJICGQWFHK-UHFFFAOYSA-N,O=[N+]([O-])c1cc[n+]([O-])c2ccccc12,4-Nitroquinoline-1-oxide,,,,,medium,,
QXACEHWTBCFNSA-UHFFFAOYSA-N,CCCCCc1cc(O)c(CC=C(C)CCC=C(C)C)c(O)c1,cannabigerol,,,,,medium,,
OKGGBPZMSDNNFA-UHFFFAOYSA-N,CC(C)(C)NCc1cc(Nc2ccnc3cc(Cl)ccc23)ccc1F,CHEMBL453384,,,,,,1.0,
HJDRXEQUFWLOGJ-UHFFFAOYSA-N,CC(=O)NC(CO)C(=O)NC(CC(=O)O)C(=O)NC(CCCCN)C(=O)N1CCCC1C(=O)O,goralatide,,,,,weak,,
JZVFJDZBLUFKCA-UHFFFAOYSA-N,CCC(C=CC(C)C1CCC2C3=CCC4CC(O)CCC4(C)C3CCC21C)C(C)C,spinasterol,,,,,medium,,
DHJXZSFKLJCHLH-UHFFFAOYSA-N,CCN1CC2(COC)C(O)CC(OC)C34C5CC6(O)C(OC)C(O)C(O)(C5C6OC(=O)c5ccccc5)C(C(OC)C23)C14,benzoylaconine,,,,,weak,,
UQVVDGKMSUMXBI-UHFFFAOYSA-N,CCC1=C(C)c2cc3[nH]c(cc4nc(cc5[nH]c(cc1n2)c(C)c5CCC(=O)O)C(CCC(=O)O)=C4C)c(C)c3CC,tin mesoporphyrin,,,,,medium,,
SXQBHARYMNFBPS-UHFFFAOYSA-N,c1ccc2c(c1)-c1ccc3ccc4cccc5cc-2c1c3c45,"indeno(1,2,3-cd)pyrene",,,,,medium,,
FZBOFNLBBMIJMT-UHFFFAOYSA-N,O=[N+]([O-])c1ccc2ccc3c4ccccc4c([N+](=O)[O-])c4ccc1c2c43,"3,6-dinitrobenzopyrene",,,,,weak,,
DTTVNHWDONBIKE-UHFFFAOYSA-N,OCCN1CCN(CCC=C2c3ccccc3SC3C=CC(C(F)(F)F)=CC23)CC1,Flupenthixol,,,,,weak,,
HCWNFKHKKHNSSL-UHFFFAOYSA-N,CCC(CCC(C)=O)COC(=O)c1ccccc1C(=O)O,mono(2-ethyl-5-oxohexyl)phthalate,,,,,medium,,
FXGHOAZJQNLNFD-UHFFFAOYSA-N,CN(C)CC1CCn2c(c(C3=C(c4cn(C)c5ccccc45)C(=O)NC3=O)c3ccccc32)C1,Ro 32-0432,,,,,medium,,
PDRGHUMCVRDZLQ-UHFFFAOYSA-N,CC12CCc3c(ccc4cc(O)ccc34)C1CCC2=O,Equilenin,,,,,weak,,
RJFAYQIBOAGBLC-UHFFFAOYSA-N,C[Se]CCC(N)C(=O)O,Selenomethionine,,,,,medium,,
KYQZWONCHDNPDP-UHFFFAOYSA-N,O=c1c(-c2ccc(O)cc2)coc2cc(OC3OC(CO)C(O)C(O)C3O)ccc12,daidzin,,,,,medium,,
ORNBQBCIOKFOEO-UHFFFAOYSA-N,CC(=O)C1CCC2C3CC=C4CC(O)CCC4(C)C3CCC12C,Pregnenolone,,,,,medium,,
BHNHHSOHWZKFOX-UHFFFAOYSA-N,Cc1cc2ccccc2[nH]1,2-methylindole,,,,,medium,,
HCBQJHASLYAXLH-UHFFFAOYSA-N,O=C(O)CCCOc1cccc(CCCCCCOc2cc(-c3ccncc3)cc(-c3ccncc3)c2)c1CCC(=O)O,CHEMBL1099326,,,,,,1.0,
PAOANWZGLPPROA-UHFFFAOYSA-N,CCNC(=O)C1OC(n2cnc3c(N)nc(NCCc4ccc(CCC(=O)O)cc4)nc32)C(O)C1O,2-(4-(2-carboxyethyl)phenethylamino)-5'-N-ethylcarboxamidoadenosine,,,,,medium,,
HOKKHZGPKSLGJE-UHFFFAOYSA-N,CNC(CC(=O)O)C(=O)O,N-Methylaspartate,,,,,weak,,
RNBGYGVWRKECFJ-UHFFFAOYSA-N,O=P(O)(O)OCC1OC(O)(COP(=O)(O)O)C(O)C1O,"fructose-1,6-diphosphate",,,,,weak,,
SOEDEYVDCDYMMH-UHFFFAOYSA-N,O=c1c(O)c(-c2cc(O)c(O)c(O)c2)oc2cc(O)ccc12,robinetin,,,,,weak,,
LBTVHXHERHESKG-UHFFFAOYSA-N,COc1cc(CCC(=O)CC(=O)CCc2ccc(O)c(OC)c2)ccc1O,tetrahydrocurcumin,,,,,medium,,
CCKWMCUOHJAVOL-UHFFFAOYSA-N,O=c1cc(C(F)(F)F)c2ccc(O)cc2o1,7-hydroxy-4-trifluoromethylcoumarin,,,,,weak,,
QAUUDNIGJSLPSX-UHFFFAOYSA-N,CC(=O)Oc1ccc([N+](=O)[O-])cc1,4-nitrophenyl acetate,,,,,weak,,
PRKWVSHZYDOZLP-UHFFFAOYSA-N,CC1(c2ccccc2)Cc2cc(OCC(=O)O)c(Cl)c(Cl)c2C1=O,CHEMBL7797,,,,,,1.0,
YCVPRTHEGLPYPB-UHFFFAOYSA-N,Oc1cc(O)cc(C=Cc2ccccc2)c1,pinosylvin,,,,,medium,,
JUVHVMCKLDZLGN-TVNFHGJBSA-N,CO/N=C(\C(=O)N[C@@H]1C(=O)N2C(C(=O)[O-])=C(C[N+]34CCC(C(N)=O)(CC3)CC4)CS[C@H]12)c1nsc(N)n1,CHEMBL1614665,,,,,,1.0,
MFFMDFFZMYYVKS-SECBINFHSA-N,N[C@@H](CC(=O)N1CCn2c(nnc2C(F)(F)F)C1)Cc1cc(F)c(F)cc1F,CHEMBL1422,,,,,,1.0,
QUNWUDVFRNGTCO-UHFFFAOYSA-N,Cn1c(=O)[nH]c2ncn(C)c2c1=O,"1,7-dimethylxanthine",,,,,medium,,
LJJCYRVBDASIDX-DEOSSOPVSA-N,CN(C)c1ccc2cc(C(=O)N[C@@H](CCCNC(=N)CCl)C(=O)NCc3ccccc3)ccc2c1,CHEMBL3682418,,,,,,1.0,
AYOHIQLKSOJJQH-UHFFFAOYSA-N,CCCC[SnH2]CCCC,di-n-butyltin,,,,,medium,,
YVPXVXANRNDGTA-UHFFFAOYSA-N,COc1ccc2cc1Oc1ccc(cc1)CC1c3c(cc4c(c3Oc3cc5c(cc3OC)CCN(C)C5C2)OCO4)CCN1C,cepharanthine,,,,,weak,,
USAWSWBIFACPGD-UHFFFAOYSA-N,O=S(=O)(O)CCNBr,N-bromotaurine,,,,,medium,,
AHGMXAFUHVRQAD-UHFFFAOYSA-N,COC(=O)c1cc(Oc2ccc(C(F)(F)F)cc2Cl)ccc1[N+](=O)[O-],acifluorfen-methyl,,,,,weak,,
YUFCOOWNNHGGOD-UHFFFAOYSA-N,Nc1nc2c(nc(Br)n2C2OC3COP(=O)(O)OC3C2O)c(=O)[nH]1,8-bromocyclic GMP,,,,,medium,,
RNIADBXQDMCFEN-UHFFFAOYSA-N,C=C1c2c(Cl)ccc(O)c2C(O)=C2C(=O)C3(O)C(O)=C(C(N)=O)C(=O)C(N(C)C)C3C(O)C12,meclocycline,,,,,weak,,
NTCPGTZTPGFNOM-UHFFFAOYSA-N,CNC(C)Cc1ccc(O)c(O)c1,alpha-methylepinine,,,,,weak,,
OLNJUISKUQQNIM-UHFFFAOYSA-N,O=Cc1c[nH]c2ccccc12,indole-3-carbaldehyde,,,,,weak,,
XZNDKAUHJQWCTR-AATRIKPKSA-N,Oc1cc(O)cc(/C=C/c2ccc(Nc3c4c(nc5cc(Cl)ccc35)CCCC4)cc2)c1,CHEMBL4081795,,,,,,1.0,
XKKCQTLDIPIRQD-JGVFFNPUSA-N,Cc1cn([C@H]2CC[C@@H](CO)O2)c(=O)[nH]c1=O,CHEMBL444314,,,,,,1.0,
GGCUJPCCTQNTJF-UHFFFAOYSA-N,CC(C=CC1=C(C)C(=O)CCC1(C)C)=CC=CC(C)=CC(=O)O,4-oxoretinoic acid,,,,,medium,,
MPNFMCAOBNNFJF-UHFFFAOYSA-N,c1ccc(-c2oc3ccccc3c2-c2ccccc2)cc1,Benzofurans,,,,medium,,,
DUYSYHSSBDVJSM-UHFFFAOYSA-N,CCCCCCCCCCCCCC=CC(O)C(N)COP(=O)(O)O,sphingosine 1-phosphate,,,,,medium,,
CIGQQQTZOIDQQR-FGSPNWDHSA-N,C[C@]12C=C[C@@]3(CC[C@@H]4[C@](C)(CO)CCC[C@@]4(C)[C@@H]3CC1)C2,CHEMBL4444256,,,,,,1.0,
DMUAPQTXSSNEDD-QALJCMCCSA-N,CCC(=O)O[C@@H]1CC(=O)O[C@H](C)C/C=C/C=C/[C@H](O)[C@H](C)C[C@H](CC=O)[C@H](O[C@@H]2O[C@H](C)[C@@H](O[C@H]3C[C@@](C)(O)[C@@H](OC(=O)CC)[C@H](C)O3)[C@H](N(C)C)[C@H]2O)[C@H]1OC,mydecamycin,unknown,,,,,1.0,
NLTUCYMLOPLUHL-UHFFFAOYSA-N,Nc1ncnc2c1ncn2C1OC(COP(=O)(O)OP(=O)(O)OP(O)(O)=S)C(O)C1O,adenosine 5'-O-(3-thiotriphosphate),,,,,medium,,
RARQGXBOCXOJPM-UHFFFAOYSA-N,O=C(O)C(F)(F)C(F)(F)C(F)(F)C(F)(F)C(F)(F)C(F)(F)C(F)(F)C(F)F,hexadecafluoro-nonanoic acid,,,,,medium,,
MJQUEDHRCUIRLF-UHFFFAOYSA-N,CCCC=CC=CC(=O)OC1C(=CC(=O)OC)CC2CC(C(C)O)OC(=O)CC(O)CC3CC(OC(C)=O)C(C)(C)C(O)(CC4CC(=CC(=O)OC)CC(C=CC(C)(C)C1(O)O2)O4)O3,bryostatin 1,,,,,weak,,
HMBUZXLDGPYXCY-UHFFFAOYSA-N,CCCCCCCCCCCCCCC(I)C=O,2-iodohexadecanal,,,,,weak,,
AAZMHPMNAVEBRE-UHFFFAOYSA-N,Nc1ncnc2c1nc(Sc1ccc(Cl)cc1)n2C1OC2COP(=O)(O)OC2C1O,"8-((4-chlorophenyl)thio)cyclic-3',5'-AMP",,,,,medium,,
XWIYFDMXXLINPU-UHFFFAOYSA-N,COc1cc2c(c3oc(=O)c4c(c13)CCOC4=O)C1C=COC1O2,aflatoxin G1,,,,,medium,,
DKZBBWMURDFHNE-UHFFFAOYSA-N,COc1cc(C=CC=O)ccc1O,coniferaldehyde,,,,,medium,,
CIHBFWGGJXFNKH-UHFFFAOYSA-N,COc1cc(CCc2ccc(Nc3c4c(nc5cc(Cl)ccc35)CCCC4)cc2)cc(OC)c1,CHEMBL4083174,,,,,,1.0,
PUQSUZTXKPLAPR-UHFFFAOYSA-N,OCc1ccc(OC2OC(CO)C(O)C(O)C2O)cc1,gastrodin,,,,,medium,,
VCMMXZQDRFWYSE-UHFFFAOYSA-N,CC1=CC(=O)c2c(O)cccc2C1=O,plumbagin,,,,,medium,,
NDCAAPXLWRAESY-UHFFFAOYSA-N,O=CC=CC=CC=O,muconaldehyde,,,,,weak,,
QPFYXYFORQJZEC-FOCLMDBBSA-N,Nc1ccc(/N=N/c2ccccc2)c(N)n1,CHEMBL1242,,,,,,1.0,
ATUOYWHBWRKTHZ-UHFFFAOYSA-N,CCC,Propane,,,,medium,,,
XUAAAHFMBMDZCQ-UHFFFAOYSA-N,COc1c(Cl)c(C)c(C=O)c(O)c1CC=C(C)C=CC1(C)C(C)CCC(=O)C1C,4-O-methylascochlorin,,,,,weak,,
LWCKQMHMTSRRAA-UHFFFAOYSA-N,CC1=CCCC2=CC(OC2=O)c2c(C)coc2C1,linderalactone,,,,,medium,,
ULSUXBXHSYSGDT-UHFFFAOYSA-N,COc1ccc(-c2cc(=O)c3c(OC)c(OC)c(OC)c(OC)c3o2)cc1,tangeretin,,,,,medium,,
DLEDLHFNQDHEOJ-UHFFFAOYSA-N,C=C(C)C12OC3(c4ccccc4)OC1C1C4OC4(CO)C(O)C4(O)C(=O)C(C)=CC4C1(O3)C(C)C2OC(=O)C=CC=Cc1ccccc1,mezerein,,,,,medium,,
XPSAGIQSESMIJK-UHFFFAOYSA-N,CCn1cnc2c(-c3ccc(F)c(-c4cc5c(cc4OC)C(=O)N(C)C5)c3)cnnc21,CHEMBL4545044,,,,,,1.0,
LSUTUUOITDQYNO-UHFFFAOYSA-N,COc1c(O)c2c(=O)cc(OC)c3c4c(OC)cc(=O)c5c(O)c(OC)c(CC(C)OC(=O)c6ccccc6)c(c(c1CC(C)OC(=O)Oc1ccc(O)cc1)c23)c54,calphostin C,,,,,medium,,
GHARBPKRUUKTCI-UHFFFAOYSA-N,OC1C=Cc2cc3ccc4cccc5ccc(c2C1O)c3c45,"9,10-dihydro-9,10-dihydroxybenzo(a)pyrene",,,,,medium,,
PCZZRBGISTUIOA-UHFFFAOYSA-N,Oc1cc(O)cc(Oc2c(O)cc(O)c3c2Oc2c(O)cc(O)cc2O3)c1,eckol,,,,,weak,,
YQCQEXWXRQQMAR-UHFFFAOYSA-N,CS(=O)(=O)c1cc(Cl)ccc1C(=C(Cl)Cl)c1ccc(Cl)cc1,"1-chloro-4-(2,2-dichloro-1-(4-chlorophenyl)ethenyl)-3-(methylsulfonyl)benzene",,,,,weak,,
NHFGEHLUROYMEB-UHFFFAOYSA-N,O=c1oc(-c2ccc(O)c(O)c2)cc2cc(O)cc(O)c12,thunberginol B,,,,,medium,,
YNDXUCZADRHECN-UHFFFAOYSA-N,CC1(C)OC2CC3C4CCC5=CC(=O)C=CC5(C)C4(F)C(O)CC3(C)C2(C(=O)CO)O1,Triamcinolone Acetonide,,,,,medium,,
RTRQQBHATOEIAF-UHFFFAOYSA-N,NC(=O)c1ncn(C2OC(CO)C(O)C2O)c1N,acadesine,,,,,medium,,
WWPITPSIWMXDPE-UHFFFAOYSA-N,CC(N)Cc1ccc(Cl)cc1,p-Chloroamphetamine,,,,,weak,,
UKTDZTRUMWTDID-UHFFFAOYSA-N,CC(NC(=O)N(CCCl)N=O)C(N)=O,2-((((2-chloroethyl)nitrosoamino)carbonyl)amino)propanamide,,,,,weak,,
DSCFFEYYQKSRSV-UHFFFAOYSA-N,COC1C(O)C(O)C(O)C(O)C1O,pinitol,,,,,medium,,
TXXHDPDFNKHHGW-UHFFFAOYSA-N,O=C(O)C=CC=CC(=O)O,muconic acid,,,,,weak,,
XHKFBADIZIDYBU-MLFVOLAISA-N,CCOC(=O)OC(C)OC(=O)[C@@H]1N2C(=O)[C@@H](/N=C/N3CCCCCC3)[C@H]2SC1(C)C,CHEMBL2106658,,,,,,1.0,
YOSRLTNUOCHBEA-UHFFFAOYSA-N,CC1(C)CCC2(C(=O)OC3OC(CO)C(O)C(O)C3O)CCC3(C)C(=CCC4C5(C)CCC(OC6OC(C(=O)O)C(O)C(O)C6O)C(C)(C)C5CCC43C)C2C1,chikusetsu saponin IVa,,,,,medium,,
RLDVZILFNVRJTL-UHFFFAOYSA-N,CC(C)=CCCC(C)(OC1OC(CO)C(O)C(O)C1O)C1CCC2(C)C1C(O)CC1C3(C)CCC(OC4OC(CO)C(O)C(O)C4OC4OC(CO)C(O)C(O)C4O)C(C)(C)C3CCC12C,ginsenoside Rd,,,,,weak,,
VQLPLYSROCPWFF-UHFFFAOYSA-N,CN(C(=O)Cc1ccc(Cl)c(Cl)c1)C1CCCCC1N1CCCC1,"3,4-Dichloro-N-methyl-N-(2-(1-pyrrolidinyl)-cyclohexyl)-benzeneacetamide, (trans)-Isomer",,,,,weak,,
MBRLOUHOWLUMFF-UHFFFAOYSA-N,COc1ccc2ccc(=O)oc2c1CC=C(C)C,osthol,,,,,medium,,
SWTYBBUBEPPYCX-UHFFFAOYSA-N,CCC=CCC(O)C=CC=CCC=CCC=CCC=CCCC(=O)O,"17-hydroxy-4,7,10,13,15,19-docosahexaenoic acid",,,,,medium,,
UWYHMGVUTGAWSP-JKIFEVAISA-N,Cc1onc(-c2ccccc2)c1C(=O)N[C@@H]1C(=O)N2[C@@H]1SC(C)(C)[C@@H]2C(=O)O,CHEMBL819,,,,,,1.0,
XUCIJNAGGSZNQT-JHSLDZJXSA-N,N#C[C@H](O[C@@H]1O[C@H](CO[C@@H]2O[C@H](CO)[C@@H](O)[C@H](O)[C@H]2O)[C@@H](O)[C@H](O)[C@H]1O)c1ccccc1,CHEMBL461727,,,,,,1.0,
ZSLZBFCDCINBPY-UHFFFAOYSA-N,CC(=O)SCCNC(=O)CCNC(=O)C(O)C(C)(C)COP(=O)(O)OP(=O)(O)OCC1OC(n2cnc3c(N)ncnc32)C(O)C1OP(=O)(O)O,Acetyl Coenzyme A,,,,,weak,,
RLGHFVLWYYVMQZ-UHFFFAOYSA-N,O=C1C=CCC(C=Cc2ccccc2)O1,goniothalamin,,,,,medium,,
NIOHELZQFBGCEO-UHFFFAOYSA-N,NC(=Nc1ccccc1)NC(=O)c1nc(Cl)c(N)nc1N,phenylamil,,,,,weak,,
MBLBDJOUHNCFQT-UHFFFAOYSA-N,CC(=O)NC(C=O)C(O)C(O)C(O)CO,Acetylglucosamine,,,,,medium,,
RAJWOBJTTGJROA-UHFFFAOYSA-N,CC12CCC3C(CCC4CC(=O)CCC43C)C1CCC2=O,"androstane-3,17-dione",,,,,weak,,
DBGIGCPMDDYXHL-NZLSNVTPSA-N,CO[C@H]1O[C@H](COS(=O)(=O)O)[C@@H](O[C@@H]2O[C@@H](C(=O)O)[C@@H](COC[C@H]3O[C@H](COS(=O)(=O)O)[C@@H](O[C@@H]4O[C@H](C(=O)O)[C@@H](COC[C@H]5O[C@H](COS(=O)(=O)O)[C@@H](O)[C@H](O)[C@H]5NS(=O)(=O)O)[C@H](O)[C@H]4O)[C@H](OS(=O)(=O)O)[C@H]3NS(=O)(=O)O)[C@H](O)[C@H]2OS(=O)(=O)O)[C@H](O)[C@H]1NS(=O)(=O)O,CHEMBL1276258,,,,,,1.0,
IPBVNPXQWQGGJP-UHFFFAOYSA-N,CC(=O)Oc1ccccc1,Acetates,,,,medium,,,
GFIJNRVAKGFPGQ-UILVTTEASA-N,CCNC(=O)[C@@H]1CCCN1C(=O)[C@H](CCCNC(=N)N)NC(=O)[C@H](CC(C)C)NC(=O)[C@H](CC(C)C)NC(=O)[C@H](Cc1ccc(O)cc1)NC(=O)[C@H](CO)NC(=O)[C@H](Cc1c[nH]c2ccccc12)NC(=O)[C@H](Cc1c[nH]cn1)NC(=O)[C@@H]1CCC(=O)N1,CHEMBL4073387,,,,,,1.0,
CWSLXJMVCZTXGK-UHFFFAOYSA-N,CC1=C2C3OC34CCC3C(C)(C)CCCC3(C)C4C3OC23OC1O,17-hydroxyjolkinolide B,,,,,medium,,
NGOHTJBYABHJKF-UHFFFAOYSA-O,CCN(CC)CC[n+]1ccc2c(C)c3[nH]c4ccc(O)cc4c3c(C)c2c1,CHEMBL68332,,,,,,1.0,
MJIHNNLFOKEZEW-RUZDIDTESA-N,Cc1c(OCC(F)(F)F)ccnc1C[S@@+]([O-])c1nc2ccccc2[nH]1,CHEMBL1201863,,,,,,1.0,
DBRXOUCRJQVYJQ-UHFFFAOYSA-N,CC1=C(CO)C(=O)OC(C(C)C2CCC3C4CC5OC56C(O)C=CC(=O)C6(C)C4CCC23C)C1,withaferin A,,,,,medium,,
NMWSKOLWZZWHPL-UHFFFAOYSA-N,Clc1cccc(-c2ccccc2)c1,aroclor 1221,,,,,weak,,
BJQHLKABXJIVAM-BGYRXZFFSA-N,CCCC[C@@H](CC)COC(=O)c1ccccc1C(=O)OC[C@@H](CC)CCCC,CHEMBL402794,,,,,,1.0,
ZNHVWPKMFKADKW-UHFFFAOYSA-N,CCCCCC=CCC(O)C=CC=CCC=CCCCC(=O)O,"12-Hydroxy-5,8,10,14-eicosatetraenoic Acid",,,,,weak,,
PIDFDZJZLOTZTM-UHFFFAOYSA-N,COC(=O)NC(C(=O)N1CCCC1C(=O)Nc1ccc(C2CCC(c3ccc(NC(=O)C4CCCN4C(=O)C(NC(=O)OC)C(C)C)cc3)N2c2ccc(C(C)(C)C)cc2)cc1)C(C)C,ombitasvir,,,,weak,,,
CTSPAMFJBXKSOY-UHFFFAOYSA-N,Cc1c2ccncc2c(C)c2c1[nH]c1ccccc12,ellipticine,,,,,medium,,
RIXNFYQZWDGQAE-UHFFFAOYSA-N,CC(=O)OC1CCC2(C)C(CCC3(C)C2CC=C2C4CC(C)(C)CCC4(C(=O)O)CCC23C)C1(C)C,oleanolic acid 3-acetate,,,,,medium,,
UADPGHINQMWEAG-UHFFFAOYSA-N,O=C(O)C=C1CCCc2ccccc2C1O,NCS 382,,,,,weak,,
NCAJWYASAWUEBY-UHFFFAOYSA-N,CCc1c(C)c2cc3[nH]c(cc4nc(cc5nc(cc1[nH]2)C(C)=C5CCC(=O)O)C(CCC(=O)O)=C4C)c(C)c3CC,mesoporphyrin IX,,,,,weak,,
QIMGSZURBOTPMW-UHFFFAOYSA-N,COc1ccc(-c2ccc(OC)c(=O)cc2)c(OC)c1OC,"2-methoxy-5-(2',3',4'-trimethoxyphenyl)tropone",,,,,medium,,
FRMCCTDTYSRUBE-UHFFFAOYSA-N,C=C1CCC2C(C3C1CCC3(C)O)C2(C)C,spathulenol,,,,,medium,,
MGRVRXRGTBOSHW-UHFFFAOYSA-N,NCP(=O)(O)O,1-aminomethylphosphonic acid,,,,,medium,,
WTIJXIZOODAMJT-UHFFFAOYSA-N,COC1C(OC(=O)c2ccc(C)[nH]2)C(O)C(Oc2ccc3c(O)c(NC(=O)c4c[nH]c(C(=O)Nc5c(O)c6ccc(OC7OC(C)(C)C(OC)C(OC(=O)c8ccc(C)[nH]8)C7O)c(C)c6oc5=O)c4C)c(=O)oc3c2C)OC1(C)C,coumermycin,,,,,medium,,
ZOOGRGPOEVQQDX-UHFFFAOYSA-N,Nc1nc2c(ncn2C2OC3COP(=O)(O)OC3C2O)c(=O)[nH]1,Cyclic GMP,,,,,medium,,
LSGOTAXPWMCUCK-UHFFFAOYSA-N,O=C1NC(Cc2ccc(O)cc2)C(=O)N2CCCC12,maculosin,,,,,weak,,
JMHFFDIMOUKDCZ-UHFFFAOYSA-N,CCC(C)C(NC(=O)C(C)NC(=O)C(CC(N)=O)NC(=O)C(CCCCN)NC(=O)C(Cc1ccccc1)NC(=O)C(CC(C)C)NC(=O)C(NC(=O)C(NC(=O)C(CC(C)C)NC(=O)C1CCCN1C(=O)C(NC(=O)C(CCC(N)=O)NC(=O)C(CO)NC(=O)C(CCCCN)NC(=O)C(CCC(=O)O)NC(=O)C(CO)NC(=O)C(NC(=O)C(CCSC)NC(=O)C(Cc1ccccc1)NC(=O)CNC(=O)CNC(=O)C(N)Cc1ccc(O)cc1)C(C)O)C(C)O)C(C)C)C(C)O)C(=O)NC(C(=O)NC(CCCCN)C(=O)NC(CC(N)=O)C(=O)NC(C)C(=O)NC(Cc1ccc(O)cc1)C(=O)NC(CCCCN)C(=O)NC(CCCCN)C(=O)NCC(=O)NC(CCC(=O)O)C(=O)O)C(C)CC,beta-Endorphin,,,,,weak,,
XOFLBQFBSOEHOG-UHFFFAOYSA-N,Nc1nc2c(ncn2C2OC(COP(=O)(O)OP(=O)(O)OP(O)(O)=S)C(O)C2O)c(=O)[nH]1,Guanosine 5'-O-(3-Thiotriphosphate),,,,,weak,,
WIONIXOBNMDJFJ-UHFFFAOYSA-N,COc1c2ccccc2nc2occc12,dictamnine,,,,,medium,,
NDBYXKQCPYUOMI-UHFFFAOYSA-N,[Pt+4],tetrachloroplatinate,,,,,weak,,
NETSQGRTUNRXEO-UHFFFAOYSA-N,C=C1C(=O)OC2C1CCC(=C)C1CCC(=C)C12,dehydrocostus lactone,,,,,medium,,
APQPRKLAWCIJEK-UHFFFAOYSA-N,NCCSSCCN,Cystamine,,,,,weak,,
FODTZLFLDFKIQH-UHFFFAOYSA-N,COc1cc(C=CC(=O)OC2CCC34CC35CCC3(C)C(C(C)CCC=C(C)C)CCC3(C)C5CCC4C2(C)C)ccc1O,gamma-oryzanol,,,,,weak,,
IAYPIBMASNFSPL-UHFFFAOYSA-N,C1CO1,Ethylene Oxide,,,,,weak,,
AILVBOHFGXNHCC-UHFFFAOYSA-N,NCCCCC(N)C(=O)NC(CCCN=C(N)N)C(=O)N1CCCC1C(=O)N1CCCC1C(=O)NCC(=O)NC(Cc1ccccc1)C(=O)NC(CO)C(=O)N1CCCC1C(=O)NC(Cc1ccccc1)C(=O)O,"kallidin, des-Arg(10)-",,,,,medium,,
GKJHBAGJUMHZCI-UHFFFAOYSA-N,CC1NC(=O)C(C(C)O)NC(=O)CNC(=O)C(Cc2cnc[nH]2)NC(=O)C(Cc2c[nH]c3ccccc23)NC(=O)CC(C(N)=O)NC(=O)CNC(=O)CC(C(=O)NC(Cc2c[nH]c3ccccc23)C(=O)NC(Cc2ccccc2)C(=O)NC(Cc2ccccc2)C(=O)NC(CC(N)=O)C(=O)NC(Cc2ccc(O)cc2)C(=O)NC(Cc2ccc(O)cc2)C(=O)NC(Cc2c[nH]c3ccccc23)C(=O)O)NC(=O)C2CCCN2C1=O,RES 701-1,,,,,weak,,
DEXMLDCINRCPNE-UHFFFAOYSA-N,CCCCCCCCCCCCCCCC(=O)NC(CSCC(COC(=O)CCCCCCCCCCCCCCC)OC(=O)CCCCCCCCCCCCCCC)C(=O)NC(CO)C(=O)O,"2,3-bis-(palmitoyloxy)-2-propyl-N-palmitoyl-cysteinylserine",,,,,weak,,
BQOURLGXLYRASY-UHFFFAOYSA-N,N#CC(C#N)=Cc1ccc(O)c([N+](=O)[O-])c1,AG 127,,,,,medium,,
IXQKXEUSCPEQRD-UHFFFAOYSA-N,CC(=O)OC(C)(C)C=CC(=O)C(C)(O)C1C(O)CC2(C)C3CC=C4C(CC(O)C(=O)C4(C)C)C3(C)C(=O)CC12C,cucurbitacin B,,,,,medium,,
YWQARFYIYSOBIS-UHFFFAOYSA-N,C=CC1=C(C)C2=CC3=NC(=C(CC(=O)O)C4=NC(=C(C)C4=C(O)O)C=c4[nH]c(c(C)c4CC)=CC1=N2)C(CCC(=O)O)C3C,chlorophyllin,,,,,medium,,
KLIDCXVFHGNTTM-UHFFFAOYSA-N,COc1cccc(OC)c1O,"pyrogallol 1,3-dimethyl ether",,,,,medium,,
YOVRGSHRZRJTLZ-UHFFFAOYSA-N,CCCCCc1cc(O)c2c(c1)OC(C)(C)C1CCC(C(=O)O)=CC21,11-nor-delta(9)-tetrahydrocannabinol-9-carboxylic acid,,,,,medium,,
JJQCWPWUHZFKBN-UHFFFAOYSA-N,C=C1C=C(C(C)(C)C)C(=O)C(C(C)(C)C)=C1,"2,6-di-tert-butyl-4-methylene-2,5-cyclohexadienone",,,,,weak,,
XVMZDZFTCKLZTF-UHFFFAOYSA-N,CCC1(O)C(=O)OCc2c1cc1n(c2=O)Cc2cc3c(OC)cccc3nc2-1,9-methoxycamptothecin,,,,,medium,,
GHKISGDRQRSCII-UHFFFAOYSA-N,CN1Cc2c(ccc3c2OCO3)C2C(O)Cc3cc4c(cc3C21)OCO4,chelidonine,,,,,weak,,
AKNILCMFRRDTEY-UHFFFAOYSA-N,COc1cc(C(=O)OC2C3C=COC(OC4OC(CO)C(O)C(O)C4O)C3C3(CO)OC23)ccc1O,picroside II,,,,,weak,,
MRSWRSDZIPNFCN-UHFFFAOYSA-N,CC12CCc3c(ccc4c(O)c(O)ccc34)C1CCC2=O,4-hydroxy-equilenin,,,,,medium,,
YJVFSITVRZYTHO-UHFFFAOYSA-N,CCC(=C(c1ccccc1)c1ccc(O)cc1)c1ccccc1,"1-(4-hydroxyphenyl)-1,2-diphenyl-1-butene",,,,,weak,,
FQSRGOGWCPXJIN-UHFFFAOYSA-N,CCN(CC)C(=O)[S+](C)[O-],"S-methyl N,N-diethylthiolcarbamate sulfoxide",,,,,weak,,
JLNNQCUATONMIT-UHFFFAOYSA-N,CC(=O)OC1C=CC(=O)N(C(=O)CCc2ccccc2)C1,pipermethystine,,,,,medium,,
TUJUPTAJHFFHJT-UHFFFAOYSA-N,CCOC1(NC(=O)c2ccccc2)CC1,benzcoprine,,,,,weak,,
BGKHCLZFGPIKKU-UHFFFAOYSA-N,CCCCCC(O)C=CC1C=CC(=O)C1CCCCCCC(=O)O,prostaglandin A1,,,,,medium,,
QKDVYBBXPCCURL-UHFFFAOYSA-N,Nc1cc([As]2[As](c3ccc(O)c(N)c3)[As](c3ccc(O)c(N)c3)[As](c3ccc(O)c(N)c3)[As]2c2ccc(O)c(N)c2)ccc1O,CHEMBL3137672,,,,,,1.0,
IAJOBQBIJHVGMQ-UHFFFAOYSA-N,CP(=O)(O)CCC(N)C(=O)O,phosphinothricin,,,,,medium,,
XHCADAYNFIFUHF-UHFFFAOYSA-N,O=c1ccc2cc(OC3OC(CO)C(O)C(O)C3O)c(O)cc2o1,Esculin,,,,,medium,,
YKQOSKADJPQZHB-UHFFFAOYSA-N,CCC(C)CCCC(=O)NC(CCN)C(=O)NC(C(=O)NC(CCN)C(=O)NC1CCNC(=O)C(C(C)O)NC(=O)C(CCN)NC(=O)C(CCN)NC(=O)C(CC(C)C)NC(=O)C(CC(C)C)NC(=O)C(CCN)NC1=O)C(C)O,Colistin,,,,,medium,,
UGYXPZQILZRKJJ-UHFFFAOYSA-N,Cc1[nH]cnc1CCN,4-methylhistamine,,,,,medium,,
NGNZQSPFQJCBJQ-UHFFFAOYSA-N,CC(C)CC(NC(=O)C(Cc1ccccc1)NC(=O)C(CC(C)C)NC(=O)C(Cc1ccccc1)NC(=O)OC(C)(C)C)C(=O)NC(Cc1ccccc1)C(=O)O,butyloxycarbonyl-phenylalanyl-leucyl-phenylalanyl-leucyl-phenylalanine,,,,,medium,,
KJTLSVCANCCWHF-UHFFFAOYSA-N,[Ru],Ruthenium,,,,,medium,,
OHYGPBKGZGRQKT-UHFFFAOYSA-N,CCC(=O)OC1(C(=O)CO)C(C)CC2C3CCC4=CC(=O)C=CC4(C)C3(Cl)C(O)CC21C,beclomethasone 17-monopropionate,,,,,medium,,
DTOSIQBPPRVQHS-UHFFFAOYSA-N,CCC=CCC=CCC=CCCCCCCCC(=O)O,alpha-Linolenic Acid,,,,,medium,,
XEAQIWGXBXCYFX-UHFFFAOYSA-N,COC1=CC(=O)OC(C=Cc2ccccc2)C1,kavain,,,,,weak,,
JPKKMFOXWKNEEN-UHFFFAOYSA-N,CC(O)C[N+](C)(C)C,beta-methylcholine,,,,,medium,,
VDNVVLOBNHIMQA-UHFFFAOYSA-N,CSCCC(NC(=O)C1CSSCC(NC(=O)C(NC(=O)C(CO)NC(=O)C(Cc2c[nH]c3ccccc23)NC(=O)C2CSSCC(NC(=O)C(CC(=O)O)NC(=O)C(NC(=O)C(CC(=O)O)NC(=O)C(NC(=O)C(Cc3ccccc3)NC(=O)C3CCC(=O)N3)C(C)O)C(C)C)C(=O)NC(CO)C(=O)NC(C(C)C)C(=O)NC(CO)C(=O)NC(CCCCN)C(=O)NC(CCC(=O)O)C(=O)N2)C(C)C)C(=O)NC(CCCCN)C(=O)NC(CC(=O)O)C(=O)NC(CC(C)C)C(=O)NC(Cc2ccccc2)C(=O)NCC(=O)NC(C(C)C)C(=O)NC(CC(=O)O)C(=O)NC(CCCNC(=N)N)C(=O)NCC(=O)NC(CCCCN)C(=O)N1)C(=O)NCC(=O)NC(CCCCN)C(=O)NC(CCCCN)C(=O)NC1CSSCC(C(=O)NC(Cc2ccc(O)cc2)C(=O)NC(CCC(N)=O)C(=O)O)NC(=O)C(CCCNC(=N)N)NC1=O,iberiotoxin,,,,,weak,,
IORISFYTXJVNFE-UHFFFAOYSA-N,O=[N+]([O-])c1cccc(S(=O)(=O)O)c1[N+](=O)[O-],dinitrobenzenesulfonic acid,,,,,medium,,
IBRKLUSXDYATLG-UHFFFAOYSA-N,CC1NCCc2cc(O)c(O)cc21,salsolinol,,,,,weak,,
BHMBVRSPMRCCGG-UHFFFAOYSA-N,CCCCCC(O)C=CC1C(=O)CC(O)C1CC=CCCCC(=O)O,Prostaglandin D2,,,,,medium,,
AAWZDTNXLSGCEK-UHFFFAOYSA-N,O=C(O)C1(O)CC(O)C(O)C(O)C1,Quinic Acid,,,,,medium,,
KXPSZHIUQPHVGH-UHFFFAOYSA-N,O=C(O)C1CCCN1C(=S)S,prolinedithiocarbamate,,,,,medium,,
JTIGKVIOEQASGT-UHFFFAOYSA-N,Cc1ccc2c(-c3ccccc3)nc(=O)n(C(C)C)c2c1,proquazone,unknown,,,,,1.0,
IRPXADUBAQAOKL-UHFFFAOYSA-N,O=S(=O)(O)c1ccc2c(N=Nc3ccc(S(=O)(=O)O)c4ccccc34)c(O)c(S(=O)(=O)O)cc2c1,Amaranth Dye,,,,,weak,,
YDRYQBCOLJPFFX-UHFFFAOYSA-N,NC(CSC(F)(F)C(F)F)C(=O)O,"S-(1,1,2,2-tetrafluoroethyl)cysteine",,,,,medium,,
SCULJPGYOQQXTK-UHFFFAOYSA-N,CC(=O)OC1C(c2ccc(=O)oc2)C2(C)CCC3C(CCC4CC(O)CCC43C)C23OC13,cinobufagin,,,,,medium,,
QNDVLZJODHBUFM-UHFFFAOYSA-N,C=C1C(O)C2OC3(CCC(C=CC(C)C4CC(C)=CC5(OC(CC(C)(O)C(=O)O)CCC5O)O4)O3)CCC2OC1C(O)CC(C)C1OC2(CCCCO2)CCC1C,Okadaic Acid,,,,,medium,,
JXLKFRGVAKGKLT-AJDNJWQDSA-N,Cc1cn([C@@H]2O[C@]3(CO)CO[C@@H]2[C@@H]3OP(O)(=S)OC[C@]23CC([C@H](n4cc(C)c(=O)[nH]c4=O)O2)[C@@H]3OP(O)(=S)OC[C@H]2O[C@@H](n3cc(C)c(=O)[nH]c3=O)C[C@@H]2OP(O)(=S)OC[C@H]2O[C@@H](n3cnc4c(N)ncnc43)[C@H](O)[C@@H]2OP(O)(=S)OC[C@H]2O[C@@H](n3cnc4c(=O)[nH]c(N)nc43)[C@H](O)[C@@H]2OP(O)(=S)OC[C@H]2O[C@@H](n3ccc(N)nc3=O)[C@H](O)[C@@H]2OP(O)(=S)OC[C@H]2O[C@@H](n3cnc4c(N)ncnc43)[C@H](O)[C@@H]2OP(O)(=S)OC[C@H]2O[C@@H](n3ccc(N)nc3=O)[C@H](O)[C@@H]2OP(O)(=S)OC[C@H]2O[C@@H](n3cc(C)c(=O)[nH]c3=O)C[C@@H]2OP(O)(=S)OC[C@H]2O[C@@H](n3cnc4c(=O)[nH]c(N)nc43)[C@H](O)[C@@H]2OP(O)(=S)OC[C@H]2O[C@@H](n3cnc4c(=O)[nH]c(N)nc43)[C@H](O)[C@@H]2OP(O)(=S)OC[C@H]2O[C@@H](n3ccc(N)nc3=O)[C@H](O)[C@@H]2OP(O)(=S)OC[C@]23CO[C@@H]([C@H](n4cc(C)c(N)nc4=O)O2)[C@@H]3OP(O)(=S)OC[C@]23CC([C@H](n4cc(C)c(=O)[nH]c4=O)O2)[C@@H]3O)c(=O)nc1N,CHEMBL1093000,,,,,,1.0,
SJJCQDRGABAVBB-UHFFFAOYSA-N,O=C(O)c1ccc2ccccc2c1O,1-hydroxy-2-naphthoic acid,,,,,medium,,
JGEMYUOFGVHXKV-UHFFFAOYSA-N,O=CC=CC=O,malealdehyde,,,,,weak,,
WGQHFCXVVFMQEB-UHFFFAOYSA-N,C=CC(C)(C)C1=Nc2cc(CC=C(C)C)ccc2C1=Cc1[nH]c(=O)c(=O)[nH]c1O,neoechinulin,,,,,medium,,
CKTSBUTUHBMZGZ-UHFFFAOYSA-N,Nc1ccn(C2CC(O)C(CO)O2)c(=O)n1,Deoxycytidine,,,,medium,,,
ZGONASGBWOJHDD-UHFFFAOYSA-N,CCN(N=O)C(=N)N[N+](=O)[O-],ENNG,,,,,medium,,
GGNQRNBDZQJCCN-UHFFFAOYSA-N,Oc1ccc(O)c(O)c1,hydroxyhydroquinone,,,,,medium,,
VLLFGVHGKLDDLW-SFHVURJKSA-N,C[C@@]1(c2cc(NC(=O)c3ccc(C#N)cn3)ccc2F)C=CSC(N)=N1,Atabecestat,unknown,,,,,1.0,
RPMARRQIRRJWEZ-UHFFFAOYSA-N,Cc1cc(Cl)cc2c1oc1cc(Cl)cc(Cl)c12,"6-methyl-1,3,8-trichlorodibenzofuran",,,,,medium,,
KYYQSAMPTLGNIQ-KNFYDQAFSA-N,Cc1c(N)nc([C@@H](CC(N)=O)NC[C@@H](N)C(N)=O)nc1C(=O)N[C@@H](C(=O)N[C@@H](C)[C@H](O)[C@@H](C)C(=O)N[C@H](C(=O)NCCc1nc(-c2nc(C(=O)NCCCN(C)CCCN(Cc3ccc(OCc4ccccc4)c(OCc4ccccc4)c3)Cc3ccc(OCc4ccccc4)c(OCc4ccccc4)c3)cs2)cs1)[C@@H](C)O)C(O[C@H]1O[C@@H](CO)[C@H](O)[C@@H](O)[C@H]1O[C@H]1O[C@@H](CO)[C@@H](O)[C@H](OC(N)=O)[C@@H]1O)c1c[nH]cn1,CHEMBL3137684,,,,,,1.0,
LFWHFZJPXXOYNR-UHFFFAOYSA-N,CSc1ccc(C=C2C(C)=C(CC(=O)O)c3cc(F)ccc32)cc1,sulindac sulfide,,,,,medium,,
OJCKRNPLOZHAOU-UHFFFAOYSA-N,CC1CC(C)CC(C)C(O)C(C#N)=CC=CCC(C2CCCC2C(=O)O)OC(=O)CC(O)C(C)C1,borrelidin,,,,,weak,,
LEBVLXFERQHONN-UHFFFAOYSA-N,CCCCN1CCCCC1C(=O)Nc1c(C)cccc1C,BUPIVACAINE,unknown,,,weak,medium,,
MLEBFEHOJICQQS-UHFFFAOYSA-N,CN(C)c1cccc2c(S(=O)(=O)NCCCCCN)cccc12,monodansylcadaverine,,,,,medium,,
ZHHZHHSFKCANOC-UHFFFAOYSA-N,C=CCOC=O,CHEMBL1697703,,,,,,1.0,
GTONGKBINDTWOM-UHFFFAOYSA-N,CC1=CC2OC3CC4OC(=O)C=CC=CC5(C(C)O)OCCC6(OC6C(=O)OCC2(CC1)C4(C)C31CO1)C5O,satratoxin G,,,,,medium,,
MASNOZXLGMXCHN-UHFFFAOYSA-N,CSCCC(NC(=O)C(CC(C)C)NC(=O)C(Cc1c[nH]c2ccccc12)NC(=O)C(CCC(N)=O)NC(=O)C(NC(=O)C(Cc1ccccc1)NC(=O)C(CC(=O)O)NC(=O)C(CCC(N)=O)NC(=O)C(C)NC(=O)C(CCCNC(=N)N)NC(=O)C(CCCNC(=N)N)NC(=O)C(CO)NC(=O)C(CC(=O)O)NC(=O)C(CC(C)C)NC(=O)C(Cc1ccc(O)cc1)NC(=O)C(CCCCN)NC(=O)C(CO)NC(=O)C(Cc1ccc(O)cc1)NC(=O)C(CC(=O)O)NC(=O)C(CO)NC(=O)C(NC(=O)C(Cc1ccccc1)NC(=O)C(NC(=O)CNC(=O)C(CCC(N)=O)NC(=O)C(CO)NC(=O)C(N)Cc1cnc[nH]1)C(C)O)C(C)O)C(C)C)C(=O)NC(CC(N)=O)C(=O)NC(C(=O)O)C(C)O,Glucagon,,,,,medium,,
SCLDJNREJBDLHE-UHFFFAOYSA-N,COc1ccc(C2CC2N)cc1,4-methoxytranylcypromine,,,,,weak,,
AWJJLYZBWRIBCZ-UHFFFAOYSA-N,Nc1ncnc2c1ncn2C1OC(COP(=O)(O)OP(=O)(O)OP(=O)(O)O)C(OC(=O)c2ccc(C(=O)c3ccccc3)cc2)C1O,3'-O-(4-benzoyl)benzoyladenosine 5'-triphosphate,,,,,medium,,
FCWWXLDADWPWDG-UHFFFAOYSA-N,COC(=O)C(Cc1ccc(N(CCCl)CCCl)cc1)NC(=O)C(CC(C)C)NC(=O)C(Cc1ccccc1)NC(=O)CNC(=O)C(C)NC(=O)C(N)Cc1ccc(O)cc1,"enkephalin-Leu, Ala(2)-melphalan methyl ester-",,,,,weak,,
JEIWQRITHXYGIF-UHFFFAOYSA-N,CCCCCCCOc1cc2c(cc1C(C)=Cc1ccc(C(=O)O)cc1)C(C)(C)CCS2(=O)=O,Ro 41-5253,,,,,medium,,
NDTYTMIUWGWIMO-UHFFFAOYSA-N,C=C(C)C1CC=C(CO)CC1,perillyl alcohol,,,,,medium,,
OGFXBIXJCWAUCH-UHFFFAOYSA-N,COc1cc(C2c3cc(O)c(OC)cc3CC(CO)C2CO)ccc1O,isolariciresinol,,,,,weak,,
YBZZWMVMQHZXIN-UHFFFAOYSA-N,O=C(O)COc1ccc(NCc2cccc(-c3ccccc3C(F)(F)F)c2)cc1F,CHEMBL4593950,,,,,,1.0,
DFMAXQKDIGCMTL-UHFFFAOYSA-N,COc1c2ccoc2c(OC)c2oc(=O)ccc12,isopimpinellin,,,,,medium,,
XRWQIKFCERFKOD-UHFFFAOYSA-N,Clc1nccc(Nc2nnnn2Cc2ccccc2)n1,CHEMBL5205086,,,,,,1.0,
YKJYKKNCCRKFSL-UHFFFAOYSA-N,COc1ccc(CC2NCC(O)C2OC(C)=O)cc1,Anisomycin,,,,,medium,,
OLVCFLKTBJRLHI-AXAPSJFSSA-N,Cn1nnnc1SCC1=C(C(=O)O)N2C(=O)[C@@H](NC(=O)[C@H](O)c3ccccc3)[C@H]2SC1,cefamandole,unknown,,,,,1.0,
YWDUZLFWHVQCHY-UHFFFAOYSA-N,Brc1cc(Br)cc(Br)c1,"1,3,5-tribromobenzene",,,,,weak,,
XQNAUQUKWRBODG-UHFFFAOYSA-N,O=[N+]([O-])c1ccc(Oc2c(Cl)cc(Cl)cc2Cl)cc1,"2,4,6-trichlorophenyl 4-nitrophenyl ether",,,,,medium,,
WPBZMCGPFHZRHJ-UHFFFAOYSA-N,NNC(=O)c1ccc(N)cc1,4-aminobenzhydrazide,,,,,medium,,
HZQDCMWJEBCWBR-UHFFFAOYSA-N,NC(=O)c1ncn(C2OC(CO)C(O)C2O)c1O,mizoribine,,,,,weak,,
GHNQGDUYHCZZPT-UHFFFAOYSA-N,Cc1cc(NS(=O)(=O)c2ccc(N=O)cc2)no1,4-nitrososulfamethoxazole,,,,,medium,,
LAHWLEDBADHJGA-UHFFFAOYSA-N,Clc1ccc(Cl)c(-c2cc(Cl)c(Cl)cc2Cl)c1,"2,4,5,2',5'-pentachlorobiphenyl",,,,,medium,,
YSCNMFDFYJUPEF-UHFFFAOYSA-N,O=S(=O)(O)c1cc(N=C=S)ccc1C=Cc1ccc(N=C=S)cc1S(=O)(=O)O,"4,4'-Diisothiocyanostilbene-2,2'-Disulfonic Acid",,,,,medium,,
DNPINJJWFMWFRD-UHFFFAOYSA-N,COc1cc(COP2(=O)OCC3OC(n4c(Br)nc5c(N)ncnc54)C(O)C3O2)c([N+](=O)[O-])cc1OC,"4,5-dimethoxy-2-nitrobenzyl-8-bromo-cAMP",,,,,weak,,
RXWNCPJZOCPEPQ-UHFFFAOYSA-N,COc1ccc(CC(N)C(=O)NC2C(CO)OC(n3cnc4c(N(C)C)ncnc43)C2O)cc1,Puromycin,,,,,medium,,
ZTXDHEQQZVFGPK-UHFFFAOYSA-N,O=c1n(CC2CO2)c(=O)n(CC2CO2)n1CC1CO1,CHEMBL2105991,,,,,,1.0,
RAQNTCRNSXYLAH-UHFFFAOYSA-N,CC(C)=CCCC(C)(O)C1CCC2(C)C1C(O)CC1C3(C)CCC(O)C(C)(C)C3C(OC3OC(CO)C(O)C(O)C3O)CC12C,ginsenoside Rh1,,,,,medium,,
WBZKQQHYRPRKNJ-UHFFFAOYSA-N,O=S(O)S(=O)(=O)O,sodium metabisulfite,,,,,medium,,
DUGOZIWVEXMGBE-CHWSQXEVSA-N,COC(=O)[C@H](c1ccccc1)[C@H]1CCCCN1,CHEMBL827,,,,,,1.0,
FTAGQROYQYQRHF-UHFFFAOYSA-N,CCC=CCC=CCC=CCC=CC=CC(O)CCCC(=O)O,"5-hydroxy-6,8,11,14,17-eicosapentaenoic acid",,,,,weak,,
RZPAXNJLEKLXNO-UHFFFAOYSA-N,CC(C)CCC(O)C(C)C1CCC2C3CC=C4CC(O)CCC4(C)C3CCC12C,22-hydroxycholesterol,,,,,medium,,
AYMYWHCQALZEGT-UHFFFAOYSA-N,O=C(C=Cc1ccc(O)c(O)c1)c1ccc(O)cc1O,butein,,,,,medium,,
QUKPALAWEPMWOS-UHFFFAOYSA-N,c1ncc2cn[nH]c2n1,"pyrazolo(3,4-d)pyrimidine",,,,,medium,,
XJLXINKUBYWONI-UHFFFAOYSA-N,NC(=O)c1ccc[n+](C2OC(COP(=O)([O-])OP(=O)(O)OCC3OC(n4cnc5c(N)ncnc54)C(OP(=O)(O)O)C3O)C(O)C2O)c1,NADP,,,,,medium,,
WOAHJDHKFWSLKE-UHFFFAOYSA-N,O=C1C=CC=CC1=O,2-benzoquinone,,,,,weak,,
VLSMHEGGTFMBBZ-UHFFFAOYSA-N,C=C(C)C1CNC(C(=O)O)C1CC(=O)O,Kainic Acid,,,,,medium,,
YSLFLCIPPPJEHH-UHFFFAOYSA-N,O=C(OC1C2OC(=O)c3cc(O)c(O)c(O)c3Oc3cc4c(c(O)c3O)-c3c(cc(O)c(O)c3O)C(=O)OCC3OC(O)C(OC(=O)c5cc(O)c(O)c(O)c5Oc5cc6c(c(O)c5O)-c5c(cc(O)c(O)c5O)C(=O)OC1C(COC6=O)OC2O)C(OC(=O)c1cc(O)c(O)c(O)c1)C3OC4=O)c1cc(O)c(O)c(O)c1,oenothein B,,,,,weak,,
KXMTXZACPVCDMH-UHFFFAOYSA-N,COC(=O)c1cc(OC)c2c(c1-c1c(CO)cc(OC)c3c1OCO3)OCO2,bicyclol,,,,weak,,,
JXMYTVOBSFOHAF-UHFFFAOYSA-N,Cc1cccc(C2CN(C)CCc3c2cc(O)c(O)c3Cl)c1,SK&F 83959,,,,,medium,,
ZPHBZEQOLSRPAK-UHFFFAOYSA-N,CC(C)CC(NP(=O)(O)OC1OC(C)C(O)C(O)C1O)C(=O)NC(Cc1c[nH]c2ccccc12)C(=O)O,phosphoramidon,,,,,weak,,
HIYAVKIYRIFSCZ-UHFFFAOYSA-N,CNc1ccc2oc(CC3OC4(CCC3C)OC(C(C)C(=O)c3ccc[nH]3)C(C)CC4C)nc2c1C(=O)O,Calcimycin,,,,,medium,,
GEZHEQNLKAOMCA-UHFFFAOYSA-N,CC(C)=CCCC1(C)C=Cc2c(O)c3c(c(CC=C(C)C)c2O1)OC12C(=CC4CC1C(C)(C)OC2(CC=C(C)C(=O)O)C4=O)C3=O,gambogic acid,,,,,weak,,
FSEUPUDHEBLWJY-UHFFFAOYSA-N,CC(=O)C(C)=NO,diacetylmonoxime,,,,,weak,,
RRRSSAVLTCVNIQ-UHFFFAOYSA-N,COc1cc(O)c2c(=O)cc(-c3ccc(O)c(O)c3)oc2c1,hydroxygenkwanin,,,,,medium,,
OMFXVFTZEKFJBZ-UHFFFAOYSA-N,CC12CCC(=O)C=C1CCC1C2C(O)CC2(C)C(C(=O)CO)CCC12,Corticosterone,,,,,medium,,
MRQIXHXHHPWVIL-UHFFFAOYSA-N,Oc1ccc2ccccc2c1N=Nc1ccccc1,1-phenylazo-2-naphthol,,,,,medium,,
IXVMHGVQKLDRKH-UHFFFAOYSA-N,CC(C)C(C)C(O)C(O)C(C)C1CCC2C3COC(=O)C4CC(O)C(O)CC4(C)C3CCC12C,brassinolide,,,,,weak,,
OFHCOWSQAMBJIW-UHFFFAOYSA-N,C=C1C(=CC=C2CCCC3(C)C2CCC3C(C)CCCC(C)C)CC(O)CC1O,alfacalcidol,,,,,medium,,
NNDIXBJHNLFJJP-UHFFFAOYSA-N,O=C(O)CCCC=CCC=CCC=CCC=CCCCCCO,"20-hydroxy-5,8,11,14-eicosatetraenoic acid",,,,,weak,,
XYHOBCMEDLZUMP-UHFFFAOYSA-N,c1c2c(cc3c1OCO3)-c1cc3ccc4c(c3c[n+]1CC2)OCO4,coptisine,,,,,weak,,
AQFFXPQJLZFABJ-UHFFFAOYSA-N,CC(C)Oc1ccc2c(=O)c3cc(C(=O)O)ccc3oc2c1,6-isopropoxy-9-oxoxanthene-2-carboxylic acid,,,,,medium,,
WUHOQZCJWKCYCC-UHFFFAOYSA-N,Nc1nc(-c2ccccc2)cc(-c2cn(-c3ccccc3)nc2-c2ccc(OCc3ccccc3)cc2)n1,CHEMBL4451192,,,,,,1.0,
DBHGMZQRJDUFGS-UHFFFAOYSA-N,C1=C(c2ccccc2)C(c2ccc(OCCN3CCCCC3)cc2)Oc2ccccc21,CDRI 85-287,,,,,weak,,
GOEJQGGEIVSVOK-UHFFFAOYSA-N,COc1cc2cc3c4cc(OC)c(OC)cc4cc[n+]3c(C)c2cc1OC,coralyne,,,,,weak,,
DBWQSCSXHFNTMO-UHFFFAOYSA-N,CCCCCC=CCC=CCC1OC1CC=CCCCC(=O)O,"8,9-epoxyeicosatrienoic acid",,,,,weak,,
JFALSRSLKYAFGM-UHFFFAOYSA-N,[U],Uranium,,,,,medium,,
FRASJONUBLZVQX-UHFFFAOYSA-N,O=C1C=CC(=O)c2ccccc21,"1,4-naphthoquinone",,,,,medium,,
ZRVAAGAZUWXRIP-UHFFFAOYSA-N,CC(C)N(CCc1c[nH]c2ccccc12)C(C)C,"N,N-diisopropyltryptamine",,,,,weak,,
WNGSUWLDMZFYNZ-UHFFFAOYSA-N,COc1cc(C(=O)OCCCCN=C(N)N)cc(OC)c1O,leonurine,,,,,medium,,
ZUINPPQIQARTKX-UHFFFAOYSA-N,NCCCNCCCCNCCCNC(=O)Cc1cccc2ccccc12,1-naphthylacetylspermine,,,,,weak,,
BLRHMMGNCXNXJL-UHFFFAOYSA-N,Cn1ccc2ccccc21,1-methylindole,,,,,weak,,
JQQBXPCJFAKSPG-UHFFFAOYSA-N,O=C1OC2C3COC(=O)c4cc(O)c(O)c(O)c4-c4c(cc(O)c(O)c4O)C(=O)OC2C(OC(=O)c2cc(O)c(O)c4c2C2C1=CC(=O)C(O)(O4)C2(O)O)C(OC(=O)c1cc(O)c(O)c(O)c1)O3,Geraniin,,,,,medium,,
QVDXUKJJGUSGLS-UHFFFAOYSA-N,COC(=O)C(N)CC(C)C,leucine methyl ester,,,,,weak,,
VQVUBYASAICPFU-UHFFFAOYSA-N,CC(=O)Oc1cc2c(cc1Cl)C1(OC(=O)c3ccccc31)c1cc(Cl)c(OC(C)=O)cc1O2,diacetyldichlorofluorescein,,,,,medium,,
RPCHOOHBCZMYSY-UHFFFAOYSA-N,O=C(CNS(=O)(=O)c1ccccc1C(=O)NCCc1ccccc1)Nc1ccc(O)cc1,CHEMBL4762179,,,,,,1.0,
OYHDIURQIIDFSG-UHFFFAOYSA-N,Nc1c2c(nc3ccccc13)CCC(C(=O)NCCCc1ccccc1)C2,CHEMBL4213301,,,,,,1.0,
BHWMRBGNDAWZAO-UHFFFAOYSA-N,COc1cc2c(cc1OC)C(Cc1ccc(O)c(Oc3ccc(CC4c5cc(OC)c(OC)cc5CCN4C)cc3)c1)NCC2,N-desmethyldauricine,,,,,weak,,
AHCBJGYELJNPOC-UHFFFAOYSA-N,CC(C)(C)c1cc2nc3ccccc3nc2s1,CHEMBL3330077,,,,,,1.0,
RETJLKUBHXTIGH-UHFFFAOYSA-N,COc1cc2oc(-c3ccc(OC4OC(CO)C(O)C(O)C4O)cc3)cc(=O)c2c(O)c1OC,cirsimarin,,,,,medium,,
MWBJDDYEYGDWCZ-UHFFFAOYSA-N,CC1CCC2C(C)C3CCC4C(CC5C4CC(=O)C4CC(O)CCC45C)C3CN2C1,sinpeinine A,,,,,medium,,
CYBWUNOAQPMRBA-UHFFFAOYSA-N,CC1OC(OC2C(OC(=O)C34CCC(C)(C)CC3C3=CCC5C6(C)CC(O)C(OC7OC(CO)C(O)C(O)C7O)C(CO)(CO)C6CCC5(C)C3(C)CC4O)OCC(O)C2O)C(O)C(O)C1OC1OCC(O)C(OC2OCC(O)(CO)C2O)C1O,platycodin D,,,,,medium,,
BWTYSDDDRNNKFV-UHFFFAOYSA-N,CCCOc1ccc(-c2cc(C(C(=O)OCCOCCO)n3cc4nc(-c5cccc(F)c5F)nc-4cn3)on2)c(C(F)(F)F)c1,CHEMBL3121664,,,,,,1.0,
FTVWIRXFELQLPI-UHFFFAOYSA-N,O=C1CC(c2ccc(O)cc2)Oc2cc(O)cc(O)c21,naringenin,,,,,medium,,
ODJLBQGVINUMMR-UHFFFAOYSA-N,CC12CCC3C(CCC4(O)CC(O)CCC34C=O)C1(O)CCC2C1=CC(=O)OC1,Strophanthidin,,,,,weak,,
CGHUQJRRADEHTQ-UHFFFAOYSA-N,NCCc1c[nH]c2ccc(Br)cc12,5-bromotryptamine,,,,,weak,,
RCKCYCDBDYUIGM-UHFFFAOYSA-N,O=C(OC1C(Oc2ccccc2COC(=O)C2(O)C=CCCC2=O)OC(CO)C(O)C1O)c1ccccc1,tremulacin,,,,,medium,,
APKHDKJWSHYLEU-UHFFFAOYSA-N,C[SeH],methaneselenol,,,,,weak,,
AUNGANRZJHBGPY-UHFFFAOYSA-N,Cc1cc2nc3c(=O)[nH]c(=O)nc-3n(CC(O)C(O)C(O)CO)c2cc1C,Riboflavin,,,,,medium,,
PAAJKELBUMNQHC-VAWYXSNFSA-N,COc1cc(/C=C/c2ccc(Nc3c4c(nc5ccccc35)CCCC4)cc2)cc(OC)c1,CHEMBL4075223,,,,,,1.0,
CQOVPNPJLQNMDC-UHFFFAOYSA-N,NCCC(=O)NC(Cc1cnc[nH]1)C(=O)O,Carnosine,,,,,medium,,
RVIXKDRPFPUUOO-UHFFFAOYSA-N,C[Se]C,dimethylselenide,,,,,medium,,
KQMVAGISDHMXJJ-UHFFFAOYSA-N,COc1cc(O)c2c(=O)c(-c3ccc(O)cc3)coc2c1,prunetin,,,,,medium,,
QUGPSPNIFZMGKK-INMPTZRCSA-N,CC[C@H](C)C1=C2N=C3OC=CC=C[C@@]34OC[C@H]3O[C@@]4(OC3(C)C)N2[C@@H](Cc2ccccc2)C(=O)N1,CHEMBL4789198,,,,,,1.0,
DQEPMTIXHXSFOR-UHFFFAOYSA-N,OC1c2cc3ccc4cccc5ccc(c2C2OC2C1O)c3c45,"7,8-Dihydro-7,8-dihydroxybenzo(a)pyrene 9,10-oxide",,,,,medium,,
LJQQFQHBKUKHIS-IIZLOWFNSA-N,C=C(OC)C(=O)Nc1cc(OC)c(OC)cc1C(=O)O[C@H]1C[C@H](O[C@@H]2C(=O)C(NC(=O)OC)=C3/C(=C\CSSSC)[C@]2(O)C#C/C=C\C#C[C@@H]3O[C@@H]2O[C@H](C)[C@@H](NO[C@H]3C[C@H](O)[C@H](SC)[C@@H](C)O3)[C@H](O)[C@H]2O[C@H]2C[C@H](OC)[C@@H](NC(C)C)CO2)O[C@@H](C)[C@H]1O,CHEMBL449274,,,,,,1.0,
CSXAHYACQIWDLT-UHFFFAOYSA-N,CCCCCCCCCCCCCC=CC(O)C(COC1OC(CO)C(OC2OC(CO)C(O)C(OC3(C(=O)O)CC(O)C(NC(C)=O)C(C(O)C(CO)OC4(C(=O)O)CC(O)C(NC(C)=O)C(C(O)C(O)CO)O4)O3)C2O)C(O)C1O)NC(=O)CCCCCCCCCCCCCCCCC,"ganglioside, GD3",,,,,weak,,
NYWSLZMTZNODJM-UHFFFAOYSA-N,CCCCC1C(=O)OC(C(C)C(O)CCCN=C(N)N)C(C)C=C(C)CCCCC(O)CC(O)CC(O)CC(O)CC(O)C(OC2OC(CO)C(O)C2O)C=C(C)C(O)CCCC(O)CCCC(O)CCC(C)C1O,primycin,,,,,weak,,
ZDTPXUKLGIDOCS-SFHVURJKSA-N,c1ccc2cc(NC3=NC[C@@]4(CN5CCC4CC5)O3)ncc2c1,CHEMBL3918431,,,,,,1.0,
HPJFXFRNEJHDFR-UHFFFAOYSA-N,CN(C)CCN1C(=O)c2ccc3c4c(ccc(c24)C1=O)C(=O)N(CCN(C)C)C3=O,naphthalenediimide,,,,,medium,,
NSUUUQRFPXZFLI-UHFFFAOYSA-N,CC#CC1(O)CCC2C3CCC4=CC(=O)CCC4(Cc4ccc(C)cc4)C3=CCC21C,RU 43044,,,,,weak,,
CYDMQBQPVICBEU-XRNKAMNCSA-N,CN(C)[C@@H]1C(O)=C(C(N)=O)C(=O)[C@@]2(O)C(O)=C3C(=O)c4c(O)ccc(Cl)c4[C@@](C)(O)[C@H]3C[C@@H]12,CHLORTETRACYCLINE,unknown,,,,,1.0,
XWHXBDJVKUBUPH-UHFFFAOYSA-N,Nc1c2c(nc3cc(Br)ccc13)CCC(C(=O)NCCc1ccccc1)C2,CHEMBL4208905,,,,,,1.0,
XJSFLOJWULLJQS-NGVXBBESSA-N,CO[C@@H]1[C@@H](O[C@@H]2O[C@H](C)[C@@H](O[C@H]3C[C@@](C)(O)[C@@H](OC(=O)CC(C)C)[C@H](C)O3)[C@H](N(C)C)[C@H]2O)[C@@H](CC=O)C[C@@H](C)[C@@H](O)/C=C/C=C/C[C@@H](C)OC(=O)C[C@H]1OC(C)=O,josamycin,unknown,,,,,1.0,
QAOAOVKBIIKRNL-UHFFFAOYSA-N,CC(C)c1ccc2c(c1)c(SC(C)(C)C)c(CC(C)(C)C(=O)O)n2Cc1ccc(Cl)cc1,MK-886,,,,,medium,,
ORXQGKIUCDPEAJ-UHFFFAOYSA-N,COc1cc(O)c(CC=C(C)C)c(O)c1C(=O)C=Cc1ccc(O)cc1,xanthohumol,,,,,medium,,
XNZOTQPMYMCTBZ-UHFFFAOYSA-N,C=CCSSC,allyl methyl disulfide,,,,,medium,,
QTYMDECKVKSGSM-UHFFFAOYSA-N,COC(=O)C1(OC)CC2OC1(C)n1c3ccccc3c3c4c(c5c6ccccc6n2c5c31)C(=O)N(C)C4,KT 5823,,,,,medium,,
RPMBYDYUVKEZJA-UHFFFAOYSA-N,COc1ccccc1CNCCCCCCNCCCCCCCCNCCCCCCNCc1ccccc1OC,methoctramine,,,,,weak,,
JWOWJQPAYGEFFK-UHFFFAOYSA-N,C[As](C)(C)=O,trimethylarsine oxide,,,,,medium,,
UEDUENGHJMELGK-UHFFFAOYSA-N,C=C1CC23CCC4C(C)(C(=O)OC5OC(CO)C(O)C(O)C5O)CCCC4(C)C2CCC1(OC1OC(CO)C(O)C(O)C1OC1OC(CO)C(O)C(O)C1O)C3,stevioside,,,,,medium,,
ZLWYEPMDOUQDBW-UHFFFAOYSA-N,NC(=O)c1ccc(N)nc1,6-Aminonicotinamide,,,,,medium,,
GVKKJJOMQCNPGB-UHFFFAOYSA-N,CC1COC2=C1C(=O)C(=O)c1c2ccc2c1CCCC2(C)C,cryptotanshinone,,,,,medium,,
NGGRGTWYSXYVDK-UHFFFAOYSA-N,Nc1nc(=O)n(C2CC(O)C(CO)O2)cc1Cl,5-chloro-2'-deoxycytidine,,,,,weak,,
KOYMTVWMCXDJNV-UHFFFAOYSA-N,COc1nc(C)ccc1CN1CC1C#N,CHEMBL2104100,,,,,,1.0,
OWPCHSCAPHNHAV-QIPOKPRISA-N,CO[C@@H](/C(C)=C/C=C/C(C)=C/c1coc(C)n1)[C@@H](C)[C@@H]1C[C@H](O)[C@@]2(C)O[C@@H]2/C=C/[C@@H](C)[C@H]2C[C@H](CC(=O)O2)C[C@@H]2O[C@H]2C(=O)O1,CHEMBL379989,,,,,,1.0,
FAOZLTXFLGPHNG-UHFFFAOYSA-N,CC(=O)C1(O)CCC2C3CC(C)C4=CC(=O)C=CC4(C)C3(F)C(O)CC21C,Fluorometholone,,,,,medium,,
ZCNBZFRECRPCKU-UHFFFAOYSA-N,O=c1c2ccccc2[nH]c(=S)n1CCN1CCC(=C(c2ccc(F)cc2)c2ccc(F)cc2)CC1,R 59949,,,,,weak,,
KWVJHCQQUFDPLU-UHFFFAOYSA-N,CCCCCCCCC=CCCCCCCCC(=O)OCC(C[N+](C)(C)C)OC(=O)CCCCCCCC=CCCCCCCCC,"1,2-dioleoyloxy-3-(trimethylammonium)propane",,,,,medium,,
WMBOCUXXNSOQHM-UHFFFAOYSA-N,CCCC=C1OC(=O)c2ccccc21,butylidenephthalide,,,,,medium,,
WVTKBKWTSCPRNU-UHFFFAOYSA-N,COc1ccc2cc1Oc1ccc(cc1)CC1c3cc(c(OC)cc3CCN1C)Oc1c(OC)c(OC)cc3c1C(C2)N(C)CC3,tetrandrine,,,,,medium,,
KWVISVAMQJWJSZ-UHFFFAOYSA-N,CC1CCC2(NC1)OC1CC3C4CC=C5CC(O)CCC5(C)C4CCC3(C)C1C2C,solasodine,,,,,medium,,
PCMORTLOPMLEFB-UHFFFAOYSA-N,COc1cc(C=CC(=O)O)cc(OC)c1O,sinapinic acid,,,,,medium,,
VVNCNSJFMMFHPL-VKHMYHEASA-N,CC(C)(S)[C@@H](N)C(=O)O,CHEMBL1430,,,,,,1.0,
IADQVXRMSNIUEL-UHFFFAOYSA-N,O=CCc1ccc(O)c(O)c1,"3,4-dihydroxyphenylacetaldehyde",,,,,weak,,
PGOGEOISASKDLL-UHFFFAOYSA-N,CC(=O)OCN(CCCC(=O)c1cccnc1)N=O,4-(acetoxymethylnitrosamino)-1-(3-pyridyl)-1-butanone,,,,,weak,,
AHMMSNQYOPMLSX-UHFFFAOYSA-N,C=CCCCCCCCCC(=O)OC1CCC2C3CCC4=CC(=O)C=CC4(C)C3CCC12C,boldenone undecylenate,,,,,medium,,
XLCISDOVNFLSGO-UHFFFAOYSA-N,CCCCCCCCCCCCCC(=O)OC1C(C)C2(O)C(C=C(CO)CC3(O)C(=O)C(C)=CC32)C2C(C)(C)C12O,phorbol-12-myristate,,,,,weak,,
SKNLUADAGHCXKF-UHFFFAOYSA-N,O=CC1OC(=O)c2cc(O)c(O)c(O)c2-c2c(cc(O)c(O)c2O)C(=O)OC1C1OC(=O)c2cc(O)c(O)c(O)c2-c2c(O)c(O)c3oc(=O)c4c(c(O)c(O)c5oc(=O)c2c3c54)-c2c(cc(O)c(O)c2O)C(=O)OCC1O,punicalagin,,,,,medium,,
OAIJSZIZWZSQBC-UHFFFAOYSA-N,CC(C)=CCCC(C)=CC=CC(C)=CC=CC(C)=CC=CC=C(C)C=CC=C(C)C=CC=C(C)CCC=C(C)C,Lycopene,,,,,medium,,
RHGKLRLOHDJJDR-UHFFFAOYSA-N,NC(=O)NCCCC(N)C(=O)O,Citrulline,,,,,medium,,
MMWCIQZXVOZEGG-UHFFFAOYSA-N,O=P(O)(O)OC1C(O)C(O)C(OP(=O)(O)O)C(OP(=O)(O)O)C1O,"Inositol 1,4,5-Trisphosphate",,,,,medium,,
SPVXKVOXSXTJOY-UHFFFAOYSA-N,[SeH2],CHEMBL1235891,,,,,,1.0,
FJTNLJLPLJDTRM-UHFFFAOYSA-N,Nc1ccc2c(n1)[nH]c1ccccc12,"2-amino-9H-pyrido(2,3-b)indole",,,,,medium,,
FDQAOULAVFHKBX-UHFFFAOYSA-N,COc1cc(C2Oc3ccc(C4Oc5cc(O)cc(O)c5C(=O)C4O)cc3OC2CO)ccc1O,isosilybin,,,,,weak,,
WWUVMHRJRCRFSL-UHFFFAOYSA-N,COC1C=CC=CC=CCC(OC(=O)C(C)NC(=O)C2CCCCC2)C(C)C(O)C(C)=CCCC2=CC(=O)C=C(NC(=O)C1)C2=O,mycotrienin I,,,,,weak,,
DLWSRGHNJVLJAH-UHFFFAOYSA-N,CC(C(=O)OCCCCO[N+](=O)[O-])c1ccc(-c2ccccc2)c(F)c1,nitroflurbiprofen,,,,,medium,,
JYGFTBXVXVMTGB-UHFFFAOYSA-N,O=C1Cc2ccccc2N1,2-oxindole,,,,,medium,,
CKUVNOCSBYYHIS-UHFFFAOYSA-N,CC(C)=CCCC(C)(O)C1CCC2(C)C1C(O)CC1C3(C)CCC(OC4OC(CO)C(O)C(O)C4O)C(C)(C)C3CCC12C,ginsenoside Rh2,,,,,weak,,
DJHGAFSJWGLOIV-UHFFFAOYSA-N,O=[As](O)(O)O,arsenic acid,,,,,medium,,
HJBWJAPEBGSQPR-UHFFFAOYSA-N,COc1ccc(C=CC(=O)O)cc1OC,"3-(3,4-dimethoxyphenyl)propenoic acid",,,,,weak,,
CUKSFECWKQBVED-UHFFFAOYSA-N,CC(C)=CC(=O)OC1Cc2cc3ccc(=O)oc3cc2OC1(C)C,decursin,,,,,medium,,
IYBLVRRCNVHZQJ-UHFFFAOYSA-N,O=c1cc(-c2ccccc2)oc2cccc(O)c12,5-hydroxyflavone,,,,,medium,,
ACTOXUHEUCPTEW-UHFFFAOYSA-N,COC1C(O)CC(=O)OC(C)CC=CC=CC(OC2CCC(N(C)C)C(C)O2)C(C)CC(CC=O)C1OC1OC(C)C(OC2CC(C)(O)C(O)C(C)O2)C(N(C)C)C1O,Spiramycin,,,,weak,,,
QTQAWLPCGQOSGP-UHFFFAOYSA-N,COC1=C2CC(C)CC(OC)C(O)C(C)C=C(C)C(OC(N)=O)C(OC)C=CC=C(C)C(=O)NC(=CC1=O)C2=O,geldanamycin,,,,,medium,,
ZKIORVIXEWIOGB-UHFFFAOYSA-N,NCCc1c[nH]c2ccc(F)cc12,5-fluorotryptamine,,,,,weak,,
KCWZGJVSDFYRIX-UHFFFAOYSA-N,COC(=O)C(N)CCCN=C(N)N[N+](=O)[O-],NG-Nitroarginine Methyl Ester,,,,,medium,,
IYVFNTXFRYQLRP-UHFFFAOYSA-N,CC1OC(OCC2OC(Oc3c(-c4ccc(OCCO)c(OCCO)c4)oc4cc(OCCO)cc(O)c4c3=O)C(O)C(O)C2O)C(O)C(O)C1O,troxerutin,,,,,medium,,
MMURVNDSFNJHAM-OWOJBTEDSA-N,N=C(N)c1ccc(/C=C/c2ccc(C(=N)N)cc2)cc1,CHEMBL142304,,,,,,1.0,
LVKZSFMYNWRPJX-UHFFFAOYSA-N,O=[As](O)(O)c1ccccc1,benzenearsonic acid,,,,,weak,,
JDSRHVWSAMTSSN-UHFFFAOYSA-N,CCCCCC(C=CC=CCCCCCCCC(=O)O)OO,"13-hydroperoxy-9,11-octadecadienoic acid",,,,,weak,,
DZTWAOVNNLDWNH-UHFFFAOYSA-N,C=C1C(=O)OC2C=C(C)C(O)CC3OC3(C)CC(OC(=O)C(C)=CC)C12,leptocarpin,,,,,weak,,
KGPQKNJSZNXOPV-UHFFFAOYSA-N,O=c1cc(O)c1=O,moniliformin,,,,,medium,,
HCXVJBMSMIARIN-UHFFFAOYSA-N,CCC(C=CC(C)C1CCC2C3CC=C4CC(O)CCC4(C)C3CCC12C)C(C)C,Stigmasterol,,,,,medium,,
XGCUCFKWVIWWNW-UHFFFAOYSA-N,CC(=O)OC1C(O)C2OC3C=C(C)C(=O)C(O)C3(CO)C1(C)C21CO1,fusarenon-X,,,,,medium,,
QAQJMLQRFWZOBN-UHFFFAOYSA-N,CCCCCCCCCCCCCCCC(=O)OCC(O)C1OC(=O)C(O)=C1O,6-O-palmitoylascorbic acid,,,,,weak,,
BLDWFKHVHHINGR-UHFFFAOYSA-N,CC(C)=CCCC1(C)CC(O)c2c(O)c3c(c(CC=C(C)C)c2O1)OC12C(=CC4CC1C(C)(C)OC2(CC=C(C)C(=O)O)C4=O)C3=O,neo-gambogic acid,,,,,weak,,
KDXFPEKLLFWHMN-UHFFFAOYSA-N,O=c1c2cc(O)ccc2oc2cccc(O)c12,euxanthone,,,,,weak,,
SQOJOAFXDQDRGF-UHFFFAOYSA-N,CC1C(=O)OC2C(O)C34C5CC(C(C)(C)C)C36C(OC(=O)C6O)OC4(C(=O)O5)C12O,ginkgolide B,,,,,medium,,
UJUDOVXXLPFCGM-UHFFFAOYSA-N,COc1cccc2c1C(=Nc1ncnc3c1ncn3C1CC(O)C(CO)O1)c1[nH]c(O)c3cc4c(c-2c13)OCO4,7-(deoxyadenosin-N(6)-yl)aristolactam I,,,,,weak,,
NGXUJKBJBFLCAR-UHFFFAOYSA-N,CN(Cc1ccccc1)N=O,nitrosobenzylmethylamine,,,,,medium,,
ATHHXGZTWNVVOU-UHFFFAOYSA-N,CNC=O,methylformamide,,,,,medium,1.0,
HSHGZXNAXBPPDL-UHFFFAOYSA-N,CC(=O)OCC1=C(C(=O)O)N2C(=O)C(N)C2SC1,7-aminocephalosporanic acid,,,,,weak,,
WVPAABNYMHNFJG-QDVBXLKVSA-N,CC/C=C(\C(=O)N[C@@H]1C(=O)N2C(C(=O)OCOC(=O)C(C)(C)C)=C(COC(N)=O)CS[C@H]12)c1csc(N)n1,cefcapene pivoxil,unknown,,,,,1.0,
XMRPGKVKISIQBV-UHFFFAOYSA-N,CC(=O)C1CCC2C3CCC4CC(=O)CCC4(C)C3CCC12C,5-alpha-Dihydroprogesterone,,,,,weak,,
IQIBKLWBVJPOQO-UHFFFAOYSA-N,CC1(C)CCSc2ccc(C#Cc3ccc(C(=O)O)cn3)cc21,CHEMBL1201375,,,,,,1.0,
CCCIJQPRIXGQOE-UHFFFAOYSA-N,CC1(O)CCC2C3CCC4=CC(=O)CCC4=C3C=CC21C,Metribolone,,,,,medium,,
FCOAHACKGGIURQ-UHFFFAOYSA-N,CC(C)OP(=O)(OC(C)C)SCc1ccccc1,"O,O-diisopropyl-S-benzylthiophosphate",,,,,weak,,
JKAYAIYRZARNRQ-YTQUADARSA-N,CC(F)(F)c1nnc(N[C@H](c2cn3ncc([C@@H](C4CC4)N4C[C@@H](C(F)(F)F)NC4=O)cc3n2)C2CCC(F)(F)CC2)o1,CHEMBL5592636,,,,,,1.0,
LVLLALCJVJNGQQ-UHFFFAOYSA-N,C=C1C(=CC=C2CCCC3(C)C2CCC3C(C)C=CC=CC(O)(CC)CC)CC(O)CC1O,seocalcitol,,,,,medium,,
SLGBZMMZGDRARJ-UHFFFAOYSA-N,c1ccc2c(c1)c1ccccc1c1ccccc21,triphenylene,,,,,weak,,
RXMUPNVSYKGKMY-UHFFFAOYSA-N,CN(C)c1nc(N)c(C(=O)N=C(N)N)nc1Cl,5-dimethylamiloride,,,,,weak,,
FMGYKKMPNATWHP-UHFFFAOYSA-N,C[n+]1ccc(-c2ccccc2)cc1,1-Methyl-4-phenylpyridinium,,,,,medium,,
YPKBCLZFIYBSHK-UHFFFAOYSA-N,Cc1ccc2[nH]ccc2c1,5-methylindole,,,,,medium,,
JBSCUHKPLGKXKH-UHFFFAOYSA-N,CCCCCC1OC1CC=CCC=CCC=CCCCC(=O)O,"14,15-epoxy-5,8,11-eicosatrienoic acid",,,,,weak,,
FZLIPJUXYLNCLC-UHFFFAOYSA-N,[La],Lanthanum,,,,,weak,,
UXGNARZDONUMMK-UHFFFAOYSA-N,CCC(C)C(NC(=O)C1CCCN1C(=O)C(Cc1cnc[nH]1)NC(=O)C(CCCCNC(=O)C(CCCN=C(N)N)NC(=O)OCc1ccccc1)NC(=O)C(Cc1ccc(O)cc1)NC(=O)c1cccnc1)C(=O)O,CGP 42112A,,,,,weak,,
AGBCLJAHARWNLA-UHFFFAOYSA-N,CC(C)=CCCC(C)(O)C1CCC2(C)C1C(O)CC1C3(C)CCC(O)C(C)(C)C3C(OC3OC(CO)C(O)C(O)C3OC3OC(C)C(O)C(O)C3O)CC12C,ginsenoside Rg2,,,,,weak,,
QASFUMOKHFSJGL-UHFFFAOYSA-N,CC1=C2CC3C(CC=C4CC(O)CCC43C)C2CCC12OC1CC(C)CNC1C2C,cyclopamine,,,,,medium,,
SSISHJJTAXXQAX-UHFFFAOYSA-N,C[N+](C)(C)C(Cc1c[nH]c(=S)[nH]1)C(=O)[O-],Ergothioneine,,,,,medium,,
HMWAJFNEGAJETK-UHFFFAOYSA-N,C=CC(=O)c1ccc2cc(N(C)C)ccc2c1,acrylodan,,,,,weak,,
VEAUNWQYYMXIRB-UHFFFAOYSA-N,C=CC(C=Cc1ccc(O)cc1)c1ccc(O)cc1,hinokiresinol,,,,,weak,,
PROQIPRRNZUXQM-UHFFFAOYSA-N,CC12CCC3c4ccc(O)cc4CCC3C1CC(O)C2O,Estriol,,,,,medium,,
XAXVWWYPKOGXSY-UHFFFAOYSA-N,Oc1ccc(C2Oc3cc(O)cc(C=Cc4ccc(O)c(C5c6cc(O)cc7c6C(c6cc(O)cc(O)c6C5c5ccc(O)cc5)C(c5ccc(O)cc5)O7)c4)c3C2c2cc(O)cc(O)c2)cc1,vitisin A,,,,,medium,,
ATBAMAFKBVZNFJ-UHFFFAOYSA-N,[Be],Beryllium,,,,,medium,,
NKTGCVUIESDXPU-UHFFFAOYSA-N,CCCC=CCC=CC=CC=NNN=O,triacsin C,,,,,medium,,
PGAUJQOPTMSERF-QWQRBHLCSA-N,CC(=O)O[C@H]1CC[C@H]2[C@@H]3CC[C@H]4CC(=O)C=C(C)[C@]4(C)[C@H]3CC[C@]12C,CHEMBL2106880,,,,,,1.0,
XUCIJNAGGSZNQT-UHFFFAOYSA-N,N#CC(OC1OC(COC2OC(CO)C(O)C(O)C2O)C(O)C(O)C1O)c1ccccc1,Amygdalin,,,,,weak,,
PXUQTDZNOHRWLI-UHFFFAOYSA-O,COc1cc(-c2[o+]c3cc(O)cc(O)c3cc2OC2OC(CO)C(O)C(O)C2O)cc(OC)c1O,malvidin-3-glucoside,,,,,medium,,
KVRQGMOSZKPBNS-UHFFFAOYSA-N,CC1(OC(=O)C=Cc2ccccc2)CC(O)C2(O)C=COC(OC3OC(CO)C(O)C(O)C3O)C12,harpagoside,,,,,medium,,
OZOMQRBLCMDCEG-VIZOYTHASA-N,O=C1CN(/N=C/c2ccc(-c3ccc([N+](=O)[O-])cc3)o2)C(=O)N1,CHEMBL1201288,,,,,,1.0,
IVLCGFRPPGNALI-UHFFFAOYSA-N,Cc1cc2c(nc1N)[nH]c1ccccc12,"2-amino-3-methyl-9H-pyrido(2,3-b)indole",,,,,weak,,
RZFHLOLGZPDCHJ-UHFFFAOYSA-N,CC(C)=CCCC(C)=CCCC(C)=CCCC1(C)CCc2c(C)c(O)c(C)c(C)c2O1,"tocotrienol, alpha",,,,,medium,,
OGBQILNBLMPPDP-UHFFFAOYSA-N,Clc1cc2oc3c(Cl)c(Cl)c(Cl)cc3c2cc1Cl,"2,3,4,7,8-pentachlorodibenzofuran",,,,,medium,,
CQOQDQWUFQDJMK-UHFFFAOYSA-N,COc1cc2c(cc1O)CCC1C2CCC2(C)C(O)CCC12,2-Methoxyestradiol,,,,,medium,,
PTDAHAWQAGSZDD-UHFFFAOYSA-N,CC1OC(OC2C(OC3C(OC4CCC5(C)C(CCC6(C)C5CC=C5C7CC(C)(C)CC(O)C7(C)CCC56C)C4(C)CO)OC(C(=O)O)C(O)C3O)OC(CO)C(O)C2O)C(O)C(O)C1O,soyasaponin I,,,,,medium,,
PWWCDTYUYPOAIU-UHFFFAOYSA-N,O=C(C=Cc1ccc(O)cc1)c1ccccc1,4-hydroxychalcone,,,,,weak,,
GOZCEKPKECLKNO-UHFFFAOYSA-N,CC(=O)c1ccc(OC2OC(CO)C(O)C(O)C2O)cc1,picein,,,,,medium,,
OZIHYFWYFUSXIS-UHFFFAOYSA-N,CC1CCC2(OC1)OC1CC3C4CC=C5CC(OC6OC(CO)C(OC7OC(C)C(OC8OC(C)C(O)C(O)C8O)C(O)C7O)C(O)C6OC6OC(C)C(O)C(O)C6O)CCC5(C)C4CCC3(C)C1C2C,formosanin C,,,,,weak,,
QLFZZSKTJWDQOS-UHFFFAOYSA-N,COC1CC(OC2C(C)OC(OC3C(C)=CCC4CC(CC5(C=CC(C)C(C6CCCCC6)O5)O4)OC(=O)C4C=C(C)C(O)C5OCC(=CC=CC3C)C45O)CC2OC)OC(C)C1O,doramectin,,,,,medium,,
CLXVBVLQKLQNRQ-UHFFFAOYSA-N,COc1cc(OC)c2c(=O)cc(-c3ccc(OC)c(OC)c3)oc2c1,"5,7,3',4'-tetramethylluteolin",,,,,medium,,
BJRNKVDFDLYUGJ-UHFFFAOYSA-N,OCC1OC(Oc2ccc(O)cc2)C(O)C(O)C1O,Arbutin,,,,,medium,,
SBJKKFFYIZUCET-UHFFFAOYSA-N,O=C1OC(C(O)CO)C(=O)C1=O,Dehydroascorbic Acid,,,,,medium,,
YWJXCIXBAKGUKZ-UHFFFAOYSA-N,COc1c(O)cc2c(c1O)C1OC(CO)C(O)C(O)C1OC2=O,bergenin,,,,,medium,,
OEYOHULQRFXULB-UHFFFAOYSA-N,Cl[As](Cl)Cl,arsenic trichloride,,,,,medium,,
KVKRFLVYJLIZFD-UHFFFAOYSA-N,CC(C)=CC1CC(C)(O)C2C3CCC4C5(C)CCC(OC6OCC(O)C(OC7OC(COC8OC(CO)C(O)C(O)C8O)C(O)C(O)C7OC7OCC(O)C(O)C7O)C6OC6OC(C)C(O)C(O)C6O)C(C)(C)C5CCC4(C)C34COC2(C4)O1,jujuboside A,,,,,medium,,
PBCZSGKMGDDXIJ-UHFFFAOYSA-N,CNC1CC2OC(C)(C1OC)n1c3ccccc3c3c4c(c5c6ccccc6n2c5c31)C(=O)NC4O,7-hydroxystaurosporine,,,,,weak,,
BAXOFTOLAUCFNW-UHFFFAOYSA-N,c1ccc2[nH]ncc2c1,Indazoles,,,,medium,,,
XVFMGWDSJLBXDZ-UHFFFAOYSA-O,Oc1ccc(-c2[o+]c3cc(O)cc(O)c3cc2O)cc1,pelargonidin,,,,,medium,,
HFGZFHCWKKQGIS-NOZJJQNGSA-N,C[C@H]([C@](O)(Cn1cncn1)c1ccc(F)cc1F)S(C)(=O)=O,CHEMBL34139,,,,,,1.0,
WHWHDGKOSUKYOV-UHFFFAOYSA-N,CC1C(=O)CCC2C1(C)CCC1C2(C)CCC2(C)C3CC(C)(C(=O)O)CCC3(C)CCC12C,maytenonic acid,,,,,medium,,
WAOQONBSWFLFPE-UHFFFAOYSA-N,CCN1CCCC1CNC(=O)c1c(O)c(Cl)cc(Cl)c1OC,Raclopride,,,,,weak,,
HKVAMNSJSFKALM-GKUWKFKPSA-N,CO[C@H]1C[C@@H]2CC[C@@H](C)[C@@](O)(O2)C(=O)C(=O)N2CCCC[C@H]2C(=O)O[C@H]([C@H](C)C[C@@H]2CC[C@@H](OCCO)[C@H](OC)C2)CC(=O)[C@H](C)/C=C(\C)[C@@H](O)[C@@H](OC)C(=O)[C@H](C)C[C@H](C)/C=C/C=C/C=C/1C,CHEMBL1908360,,,,,,1.0,
HVFLCNVBZFFHBT-ZKDACBOMSA-N,CO/N=C(\C(=O)N[C@@H]1C(=O)N2C(C(=O)[O-])=C(C[N+]3(C)CCCC3)CS[C@H]12)c1csc(N)n1,CEFEPIME,unknown,,,,,1.0,
VOYSBLXNXXZINO-UHFFFAOYSA-N,OC1c2ccc3c(c2C2OC2C1O)-c1ccccc1C1C=CC=CC31,"benzo(g)chrysene-11,12-dihydrodiol-13,14-epoxide",,,,,weak,,
IWIACDUBSJLWEJ-UHFFFAOYSA-N,[W+5],tungsten carbide,,,,,medium,,
JICJBGPOMZQUBB-UHFFFAOYSA-N,CN1c2ccccc2C(NCCCCCCC(=O)O)c2ccc(Cl)cc2S1(=O)=O,tianeptine,,,,weak,,1.0,
FTSUPYGMFAPCFZ-UHFFFAOYSA-N,CCCN1CCCC2Cc3[nH]ncc3CC21,Quinpirole,,,,,weak,,
FWYVRZOREBYLCY-UHFFFAOYSA-N,Cc1nnc2n1-c1sc3c(c1C(c1ccccc1Cl)=NC2)CC(C(=O)N1CCOCC1)C3,bepafant,,,,,weak,,
KKVZAVRSVHUSPL-UHFFFAOYSA-N,COc1ccccc1C=CC=O,2-methoxycinnamaldehyde,,,,,weak,,
ZROVOGSXAWNIQB-UHFFFAOYSA-N,CCn1c(=O)ccc2cc(COc3cc(F)cc(C4(OC)CCOCC4)c3)ccc21,ZM 230487,,,,,weak,,
HNEGQIOMVPPMNR-UHFFFAOYSA-N,CC(=CC(=O)O)C(=O)O,citraconic acid,,,,,medium,,
KNSPHZFVYBNOPU-UHFFFAOYSA-N,O=C(CNC(=O)c1ccccc1)NN1C(=O)CSC1c1ccccc1,CHEMBL3357331,,,,,,1.0,
NCYCYZXNIZJOKI-UHFFFAOYSA-N,CC(C=CC=C(C)C=CC1=C(C)CCCC1(C)C)=CC=O,9-cis-retinal,,,,,weak,,
HDTRYLNUVZCQOY-UHFFFAOYSA-N,OCC1OC(OC2OC(CO)C(O)C(O)C2O)C(O)C(O)C1O,Trehalose,,,,,medium,,
ZHEHVZXPFVXKEY-UHFFFAOYSA-N,CCCCCCOC(=O)C1(O)CC2OC1(C)n1c3ccccc3c3c4c(c5c6ccccc6n2c5c31)C(=O)NC4,KT 5720,,,,,medium,,
PWTCCMJTPHCGMS-UHFFFAOYSA-N,CCCCCCCCC=CCCCCCCCC(=O)OCC(CO)OC(C)=O,1-oleoyl-2-acetylglycerol,,,,,weak,,
GWNVDXQDILPJIG-UHFFFAOYSA-N,CCCCCC=CCC=CC=CC=CC(SCC(NC(=O)CCC(N)C(=O)O)C(=O)NCC(=O)O)C(O)CCCC(=O)O,Leukotriene C4,,,,,medium,,
HLVSZSQYBQCBQG-UHFFFAOYSA-N,c1ccc2c(c1)N=c1cc3c(cc1-2)=Nc1ccccc1-3,"indolo(3,2-b)carbazole",,,,,medium,,
XRUSWEPHMVIRMS-CMDGGOBGSA-N,COc1cc(/C=C/c2ccc(Nc3c4c(nc5ccc(OC)cc35)CCCC4)cc2)cc(OC)c1,CHEMBL4063963,,,,,,1.0,
NEHDRDVHPTWWFG-UHFFFAOYSA-N,CCCCCCCCOC(=O)CCCCC(=O)OCCCCCCCC,dioctyl adipate,,,,,weak,,
IBALRBWGSVJPAP-HEHNFIMWSA-N,NC(=O)CCC/N=C(\c1ccc(Cl)cc1)c1cc(F)ccc1O,CHEMBL287631,,,,,,1.0,
VLSDXINSOMDCBK-UHFFFAOYSA-N,CN(C)C(=O)N=NC(=O)N(C)C,Diamide,,,,,medium,,
YSTVFDAKLDMYCR-UHFFFAOYSA-N,Cc1cc(Cn2cnc3c2CC(C(=O)O)N(C(=O)C(c2ccccc2)c2ccccc2)C3)ccc1N(C)C,PD 123319,,,,,medium,,
CYFLXLSBHQBMFT-UHFFFAOYSA-N,Cc1nc(NS(=O)(=O)c2ccc(N)cc2)oc1C,sulfamoxole,unknown,,,,,1.0,
YEJZJVJJPVZXGX-UHFFFAOYSA-N,CN(C)C(Cc1ccccc1)c1ccccc1,lephetamine,,,,,weak,,
HSNPMXROZIQAQD-UHFFFAOYSA-N,CC(CCC(=O)NCCS(=O)(=O)O)C1CCC2C3CCC4CC(OS(=O)(=O)O)CCC4(C)C3CCC12C,taurolithocholic acid 3-sulfate,,,,,weak,,
BVQVLAIMHVDZEL-UHFFFAOYSA-N,CC(=O)C(=O)c1ccccc1,"1-phenyl-1,2-propanedione",,,,,weak,,
TYNQWWGVEGFKRU-UHFFFAOYSA-N,CC1CCC2C(C)C3C(CC4C5CC=C6CC(OC7OC(CO)C(OC8OC(C)C(O)C(O)C8O)C(O)C7OC7OC(C)C(O)C(O)C7O)CCC6(C)C5CCC43C)N2C1,alpha-chaconine,,,,,medium,,
VCUVETGKTILCLC-UHFFFAOYSA-N,CC1(C)CCC=[N+]1[O-],"5,5-dimethyl-1-pyrroline-1-oxide",,,,,weak,,
DWTTZBARDOXEAM-UHFFFAOYSA-N,CC1CCCC(O)CCCCCc2cc(O)cc(O)c2C(=O)O1,Zeranol,,,,,medium,,
MGLDCXPLYOWQRP-UHFFFAOYSA-N,CCCCCC#CCC#CCC#CCC#CCCCC(=O)O,"5,8,11,14-Eicosatetraynoic Acid",,,,,medium,,
QRMZSPFSDQBLIX-UHFFFAOYSA-N,COc1cc(CC(=O)O)ccc1O,Homovanillic Acid,,,,,weak,,
UBVHBTLDPUYTDO-UHFFFAOYSA-N,O=C1CCC2(O)c3c(ccc(O)c31)-c1ccc(O)c3c1C2C1OC1C3=O,altertoxin II,,,,,medium,,
KIAKLFLISZCITK-UHFFFAOYSA-N,CC1(C)C(O)CCC2(C)C1CCC1(C)C2C=CC2=C(O)C(=O)C(=O)C21C,palbinone,,,,,medium,,
FOANIXZHAMJWOI-UHFFFAOYSA-N,CC(C)OC(=O)C(O)(c1ccc(Br)cc1)c1ccc(Br)cc1,"isopropyl 4,4'-dibromobenzilate",,,,,weak,,
LKXMXUPYWQQHNY-UHFFFAOYSA-N,COC(=O)C1=COC(OC2OC(COC(C)=O)C(OC(C)=O)C(OC(C)=O)C2OC(C)=O)C2C(COC(C)=O)=CCC12,pentaacetyl geniposide,,,,,medium,,
FQELZLMTAPJJOL-UHFFFAOYSA-N,COc1cc2oc(=O)c(C)c(C)c2cc1OCCCN1CCN(c2ccccc2OC)CC1,CHEMBL1963107,,,,,,1.0,
ARPYQKTVRGFPIS-VIFPVBQESA-N,C[C@H](C(=O)O)c1ccc2oc(-c3ccc(F)cc3)nc2c1,flunoxaprofen,unknown,,,,,1.0,
XASBSYHEEHVCSJ-UHFFFAOYSA-N,CNCCNc1ccc2c3c(nn2CCNCCO)-c2c(O)ccc(O)c2C(=O)c13,CHEMBL24329,,,,,,1.0,
TZMFJUDUGYTVRY-UHFFFAOYSA-N,CCC(=O)C(C)=O,"2,3-pentanedione",,,,,medium,,
FLOSMHQXBMRNHR-QPJJXVBHSA-N,CC(=O)/N=c1/sc(S(N)(=O)=O)nn1C,CHEMBL19,,,,,,1.0,
KBEZZLAAKIIPFK-UHFFFAOYSA-N,Cc1ccc2c(c1)C13CCCCC1C(C2)N(C)CC3,dimemorfan,,,,,medium,,
ZSKVGTPCRGIANV-UHFFFAOYSA-N,CC(O)C1C(=O)N2C(C(=O)O)=C(SCCN=CN)CC12,Imipenem,,,,,medium,,
XFFOMNJIDRDDLQ-UHFFFAOYSA-N,CC(C)=CCc1c(-c2ccc(O)cc2O)oc2c3c(cc(O)c2c1=O)OC(C)(C)C=C3,morusin,,,,,medium,,
RVPVRDXYQKGNMQ-UHFFFAOYSA-N,[Pb+2],lead chromate,,,,,medium,,
FBTUMDXHSRTGRV-ALTNURHMSA-N,COc1cccc2c1C(=O)c1c(O)c3c(c(O)c1C2=O)C[C@@](O)(/C(C)=N/NC(=O)c1ccccc1)C[C@@H]3O[C@H]1C[C@H](N)[C@H](O)[C@H](C)O1,CHEMBL1697854,,,,,,1.0,
PDHSAQOQVUXZGQ-JKSUJKDBSA-N,CO[C@H]1Cc2c(O)cc(O)cc2O[C@@H]1c1ccc(O)c(O)c1,CHEMBL2106853,,,,,,1.0,
DIIFUCUPDHMNIV-UHFFFAOYSA-N,Cc1c2ccccc2cc2c1ccc1ccccc12,7-methylbenzanthracene,,,,,weak,,
KUTVNHOAKHJJFL-UHFFFAOYSA-N,Oc1ccc(C2Oc3cc(O)cc4c3C2c2cc(O)cc3c2C(c2cc(O)cc5c2C4C(c2ccc(O)cc2)O5)C(c2ccc(O)cc2)O3)cc1,alpha-viniferin,,,,,medium,,
GFNANZIMVAIWHM-UHFFFAOYSA-N,CC12C=CC(=O)C=C1CCC1C3CC(O)C(O)(C(=O)CO)C3(C)CC(O)C12F,Triamcinolone,,,,,medium,,
LPIARALSGDVZEP-UHFFFAOYSA-N,CC(=O)NC(Cc1ccc(O)cc1)C(=O)NC(C(=O)NC(C)C(=O)NC(C=O)CC(=O)O)C(C)C,L 709049,,,,,medium,,
WYEPBHZLDUPIOD-UHFFFAOYSA-N,CC(=O)CC(=O)CCC(=O)O,succinylacetone,,,,,weak,,
QYSXJUFSXHHAJI-UHFFFAOYSA-N,C=C1CCC(O)CC1=CC=C1CCCC2(C)C1CCC2C(C)CCCC(C)C,Cholecalciferol,,,,,medium,,
BLYXNIHKOMELAP-UHFFFAOYSA-N,O=[N+]([O-])c1ccc2ccc3ccc([N+](=O)[O-])c4ccc1c2c34,"1,8-dinitropyrene",,,,,weak,,
RMKCQUWJDRTEHE-UHFFFAOYSA-N,C=CCSSSSCC=C,diallyl tetrasulfide,,,,,medium,,
FPVKHBSQESCIEP-JQCXWYLXSA-N,OC[C@H]1O[C@@H](n2cnc3c2N=CNC[C@H]3O)C[C@@H]1O,CHEMBL1580,,,,,,1.0,
RVIUMPLAOXSSGN-UHFFFAOYSA-N,CC(C)CN(C)c1nc(N)c(C(=O)N=C(N)N)nc1Cl,5-(N-methyl-N-isobutyl)amiloride,,,,,medium,,
KZNJSFHJUQDYHE-UHFFFAOYSA-N,Cc1cccc2cc3ccccc3cc12,1-methylanthracene,,,,,medium,,
ZESRJSPZRDMNHY-UHFFFAOYSA-N,CC12CCC(=O)C=C1CCC1C2CCC2(C)C(C(=O)CO)CCC12,Desoxycorticosterone,,,,,medium,,
FBSKJMQYURKNSU-UHFFFAOYSA-N,CC1OC(OC2C(O)C(OCCc3ccc(O)c(O)c3)OC(CO)C2OC(=O)C=Cc2ccc(O)c(O)c2)C(O)C(O)C1O,acteoside,,,,,medium,,
BQVCCPGCDUSGOE-UHFFFAOYSA-N,O=[As]c1ccccc1,oxophenylarsine,,,,,medium,,
XWYBFXIUISNTQG-VKMGZQQJSA-N,C[C@]12CC[C@@H](O)C[C@@H]1CC[C@H]1[C@@H]3CC[C@H](C(=O)CO)[C@@]3(C)CC(=O)[C@@H]12,CHEMBL3137670,,,,,,1.0,
YGJTUEISKATQSM-UHFFFAOYSA-N,CCCCCC(=O)C=CC=CCC=CCC=CCCCC(=O)O,"15-keto-5,8,11,13-eicosatetraenoic acid",,,,,medium,,
RODXRVNMMDRFIK-UHFFFAOYSA-N,COc1cc2ccc(=O)oc2cc1O,Scopoletin,,,,,medium,,
HMFDVPSBWOHOAP-UHFFFAOYSA-N,CCSCC(NC(=O)CCC(N)C(=O)O)C(=O)NCC(=O)O,S-ethyl glutathione,,,,,medium,,
LPPJGTSPIBSYQO-UHFFFAOYSA-N,CC(=O)NC(CSC(Cl)=CCl)C(=O)O,"S-1,2-dichlorovinyl-N-acetylcysteine",,,,,medium,,
DRRWBCNQOKKKOL-UHFFFAOYSA-N,COc1ccc(-c2cc(=O)c3c(O)c(OC)c(O)cc3o2)cc1OC,eupatilin,,,,,medium,,
HWXMVNJHAQBMGN-UHFFFAOYSA-N,Nc1c2c(nc3ccccc13)CCC(C(=O)NCCc1ccccc1)C2,CHEMBL4218238,,,,,,1.0,
FVYXIJYOAGAUQK-UHFFFAOYSA-N,C=CCc1ccc(O)c(-c2ccc(O)c(CC=C)c2)c1,honokiol,,,,,medium,,
OUMWCYMRLMEZJH-UHFFFAOYSA-N,CC1=CC(C)CC=CC2C3OC3(C)C(C)C3C(Cc4c[nH]c5ccccc45)NC(=O)C23C(=O)C=CC(=O)C1O,chaetoglobosins,,,,,medium,,
BQJRUJTZSGYBEZ-UHFFFAOYSA-N,CCCC(=O)OC1C(C)C2(O)C(C=C(CO)CC3(O)C(=O)C(C)=CC32)C2C(C)(C)C12OC(=O)CCC,"Phorbol 12,13-Dibutyrate",,,,,medium,,
JZOIZKBKSZMVRV-UHFFFAOYSA-N,c1ccc2c(c1)ccc1c3ccccc3c3ccccc3c21,benzo(g)chrysene,,,,,weak,,
ZFZPJDFBJFHYIV-UHFFFAOYSA-N,O=C1CC2(CCCC2)CC(=O)N1CCCCN1CCN(c2nsc3ccccc23)CC1,CHEMBL35057,,,,,,1.0,
RDHQFKQIGNGIED-UHFFFAOYSA-N,CC(=O)OC(CC(=O)[O-])C[N+](C)(C)C,Acetylcarnitine,,,,,medium,,
GCQYYIHYQMVWLT-HQNLTJAPSA-N,O=c1[nH]c(=O)n([C@@H]2O[C@H](CO)[C@@H](O)[C@@H]2O)cc1/C=C/Br,CHEMBL70046,,,,,,1.0,
XUFUYOGWFZSHGE-UHFFFAOYSA-N,CC(C)c1cc(C(=O)O)c(O)c(C(C)C)c1,"copper bis(3,5-diisopropylsalicylate)",,,,,weak,,
XXRVYAFBUDSLJX-UHFFFAOYSA-N,CC(C)(Oc1ccc(Cl)cc1)C(=O)OCCOC(=O)c1cccnc1,etofibrate,unknown,,,,,1.0,
WDXXEUARVHTWQF-UHFFFAOYSA-N,C=C(C)C1CCC(C)=CC1C1=C(O)C(=O)C(CCCCC)=CC1=O,cannabidiol hydroxyquinone,,,,,medium,,
UAUIUKWPKRJZJV-UHFFFAOYSA-N,Cc1cnc(C(=O)NC2CCCCCC=CC3CC3(C(=O)NS(=O)(=O)C3CC3)NC(=O)C3CC(Oc4nc5ccccc5c5ccccc45)CN3C2=O)cn1,paritaprevir,,,,weak,,,
XWDAZJYJVQULHQ-UHFFFAOYSA-N,O=Cc1c(-c2nc(NCCC3CCCC3)c3ccccc3n2)[nH]c2ccccc12,CHEMBL5560184,,,,,,1.0,
ILRYLPWNYFXEMH-UHFFFAOYSA-N,NC(CCSCC(N)C(=O)O)C(=O)O,Cystathionine,,,,,weak,,
JSPUCPNQXKTYRO-UHFFFAOYSA-N,CC1=CCCC2C1(C)CCC(C)C2(C)Cc1cc(O)ccc1O,avarol,,,,,weak,,
WDFZWSZNOFELJY-UHFFFAOYSA-N,C1=CC2OC2C=C1,benzene oxide,,,,,weak,,
JQXXHWHPUNPDRT-WLSIYKJHSA-N,CO[C@H]1/C=C/O[C@@]2(C)Oc3c(C)c(O)c4c(O)c(c(/C=N/N5CCN(C)CC5)c(O)c4c3C2=O)NC(=O)/C(C)=C\C=C\[C@H](C)[C@H](O)[C@@H](C)[C@@H](O)[C@@H](C)[C@H](OC(C)=O)[C@@H]1C,CHEMBL374478,,,,,,1.0,
ZROUQTNYPCANTN-UHFFFAOYSA-N,COc1ccc(CCN(C)CCCC2(c3ccc(OC)c(OC)c3)S(=O)(=O)CCCS2(=O)=O)cc1OC,CHEMBL125737,,,,,,1.0,
ZZIKIHCNFWXKDY-UHFFFAOYSA-N,CCCCCCC(=O)CCCCCCC=CCC(O)C(O)C(N)(CO)C(=O)O,thermozymocidin,,,,,medium,,
HJXMNVQARNZTEE-UHFFFAOYSA-N,CCCCC1OC(=O)c2ccccc21,butylphthalide,unknown,,,,weak,,
HLMBXBGDBBCYII-UHFFFAOYSA-N,COc1ccc(CCCOC(Cn2ccnc2)c2ccc(OC)cc2)cc1,1-(2-(3-(4-methoxyphenyl)propoxy)-4-methoxyphenylethyl)-1H-imidazole,,,,,weak,,
MVORZMQFXBLMHM-UHFFFAOYSA-N,NCCCCC(NC(=O)C(Cc1cnc[nH]1)NC(=O)CN)C(=O)O,glycyl-histidyl-lysine,,,,,medium,,
SMEROWZSTRWXGI-XBNKRGGSSA-N,CC(CCC(=O)O)C1CC[C@H]2[C@@H]3CC[C@@H]4C[C@H](O)CC[C@]4(C)[C@H]3CC[C@]12C,CHEMBL3137668,,,,,,1.0,
NSFWWJIQIKBZMJ-UHFFFAOYSA-N,CC1=CC2OC3CC4OC(=O)C=CC=CC(C(C)O)OCCC(C)C(O)C(=O)OCC2(CC1)C4(C)C31CO1,roridin A,,,,,medium,,
LERNTVKEWCAPOY-UHFFFAOYSA-N,C[N+]1(C)C2CC(OC(=O)C(O)(c3cccs3)c3cccs3)CC1C1OC12,tiotropium bromide,,,,,,,weak
IAOZJIPTCAWIRG-UHFFFAOYSA-N,COC(=O)C(Cc1ccccc1)NC(=O)C(N)CC(=O)O,Aspartame,,,,,medium,,
ZFLWDHHVRRZMEI-UHFFFAOYSA-N,COC(=O)C1=C(C)NC(C)=C([N+](=O)[O-])C1c1ccccc1C(F)(F)F,"3-Pyridinecarboxylic acid, 1,4-dihydro-2,6-dimethyl-5-nitro-4-(2-(trifluoromethyl)phenyl)-, Methyl ester",,,,,weak,,
UICBHOXXGLYZJH-UHFFFAOYSA-N,c1ccc2c(c1)CC[n+]1cc3ccccc3cc1-2,protoberberine,,,,,weak,,
ONKNPOPIGWHAQC-UHFFFAOYSA-N,CC1COCc2cc3c(cc21)C(C)(C)C(C)C3(C)C,galaxolide,,,,,medium,,
QXAITBQSYVNQDR-UHFFFAOYSA-N,Cc1ccc(N=CN(C)C=Nc2ccc(C)cc2C)c(C)c1,Amitraz,unknown,,,,medium,,
QRYRORQUOLYVBU-UHFFFAOYSA-N,CC(C)c1cc2c(c(O)c1O)C1(C(=O)O)CCCC(C)(C)C1CC2,salvin,,,,,medium,,
QHSRPPJQBFQWSC-UHFFFAOYSA-N,CC(C)CC(NC(=O)N1CCCCCC1)C(=O)NC(Cc1cn(C=O)c2ccccc12)C(=O)NC(Cc1c[nH]c2ccccc12)C(=O)O,BQ 610,,,,,weak,,
UMQUQWCJKFOUGV-UHFFFAOYSA-N,CC(C)(C)NCC(O)COc1cccc2[nH]c(=O)[nH]c12,CGP 12177,,,,,weak,,
VRTWBAAJJOHBQU-UHFFFAOYSA-N,COC(=O)NC(C(=O)N1CC2(CC2)CC1c1ncc(-c2ccc3c(c2)C(F)(F)c2cc(-c4ccc5nc(C6C7CCC(C7)N6C(=O)C(NC(=O)OC)C(C)C)[nH]c5c4)ccc2-3)[nH]1)C(C)C,ledipasvir and sofosbuvir,,,,,,,medium
YOOVTUPUBVHMPG-UHFFFAOYSA-N,OCC1OC(n2cnc3c2NC=NCC3O)C(O)C1O,Coformycin,,,,,weak,,
DYHOLQACRGJEHX-UHFFFAOYSA-N,Cc1c(O)c(C)c2c(c1O)C(=O)CC(c1ccc(O)cc1)O2,farrerol,,,,,medium,,
VYWWNRMSAPEJLS-MDWYKHENSA-N,CCCC(=O)O[C@H]1[C@H](C)O[C@@H](O[C@H]2[C@H](N(C)C)[C@@H](O)[C@H](O[C@H]3[C@@H](CC=O)C[C@@H](C)[C@@H](O)/C=C/C=C/C[C@@H](C)OC(=O)C[C@@H](O)[C@@H]3OC)O[C@@H]2C)C[C@@]1(C)OC(=O)CC,rokitamycin,unknown,,,,,1.0,
DLAMVQGYEVKIRE-UHFFFAOYSA-N,CNC(C)(C)C(=O)O,2-(methylamino)isobutyric acid,,,,,weak,,
RJWJHRPNHPHBRN-UHFFFAOYSA-N,OCC1=CC(O)C2C=COC(OC3OC(CO)C(O)C(O)C3O)C12,aucubin,,,,,medium,,
AXAYHWMZHPSWKD-UHFFFAOYSA-N,O=C(CNS(=O)(=O)c1ccccc1C(=O)N1CCN(Cc2ccccc2)CC1)Nc1ccc(O)cc1,CHEMBL4762070,,,,,,1.0,
KQSFNXMDCOFFGW-UHFFFAOYSA-N,CC1(C)CCC2(C(=O)OC3OC(CO)C(O)C(O)C3O)CCC3(C)C(=CCC4C5(C)CCC(OC6OC(C(=O)O)C(OC7OC(CO)C(O)C7O)C(O)C6O)C(C)(C)C5CCC43C)C2C1,araloside A,,,,,weak,,
GTZCVFVGUGFEME-UHFFFAOYSA-N,O=C(O)C=C(CC(=O)O)C(=O)O,Aconitic Acid,,,,,weak,,
CJGYSWNGNKCJSB-UHFFFAOYSA-N,CCCC(=O)Nc1ncnc2c1ncn2C1OC2COP(=O)(O)OC2C1OC(=O)CCC,Bucladesine,,,,,medium,,
HPDHKHMHQGCNPE-UHFFFAOYSA-N,CC=C1CC(C)C(C)(O)C(=O)OCC2=CCN(C)CCC(OC1=O)C2=O,senkirkine,,,,,medium,,
VCCRNZQBSJXYJD-UHFFFAOYSA-N,O=c1c(O)c(-c2ccccc2)oc2cc(O)cc(O)c12,galangin,,,,,medium,,
NOTGFIUVDGNKRI-UHFFFAOYSA-N,NC(=O)c1ncn(C2OC(COP(=O)(O)O)C(O)C2O)c1N,AICA ribonucleotide,,,,,medium,,
PKTBUSPVTXIOCN-UHFFFAOYSA-N,CN(C)c1ccc(N=Nc2ccc(OC3OC(CO)C(OC4OC(CO)C(O)C(O)C4O)C(O)C3O)cc2)cc1,lac dye,,,,,medium,,
DHPZADPFGZNIIV-UHFFFAOYSA-N,O=C(O)C(c1ccc(Cl)cc1)c1ccccc1Cl,"2,2-(2-chlorophenyl-4'-chlorophenyl)acetic acid",,,,,weak,,
IYMAXBFPHPZYIK-UHFFFAOYSA-N,NC(N)=NCCCC(N)C(=O)NCC(=O)NC(CC(=O)O)C(=O)O,arginyl-glycyl-aspartic acid,,,,,weak,,
IDPUKCWIGUEADI-UHFFFAOYSA-N,Oc1ncc(N(CCCl)CCCl)c(O)n1,CHEMBL1488,,,,,,1.0,
MIJPAVRNWPDMOR-UHFFFAOYSA-N,O=C1OC(C(O)CO)C(O)=C1OP(=O)(O)O,ascorbate-2-phosphate,,,,,medium,,
QDERNBXNXJCIQK-UHFFFAOYSA-N,CCN(c1nc(N)c(C(=O)N=C(N)N)nc1Cl)C(C)C,ethylisopropylamiloride,,,,,medium,,
BBPLSOGERZQYQC-UHFFFAOYSA-N,CC(C)CCCCCOC(=O)COc1ccc(Cl)cc1Cl,"2,4-dichlorophenoxyacetic acid isooctyl ester",,,,,medium,,
OBZHEBDUNPOCJG-UHFFFAOYSA-N,CC1(C(=O)O)CCC2(C)CCC3(C)C(=CC(=O)C4C5(C)CCC(OC(=O)CCC(=O)O)C(C)(C)C5CCC43C)C2C1,Carbenoxolone,,,,,medium,,
CMMIGIRGSXYBDN-UHFFFAOYSA-P,ON=Cc1cc[n+](C[n+]2ccc(C=NO)cc2)cc1,"N,N'-monomethylenebis(pyridiniumaldoxime)",,,,,weak,,
FHEHIXJLCWUPCZ-UHFFFAOYSA-N,C=CCc1ccc(O)c(O)c1,2-hydroxychavicol,,,,,weak,,
QQBDLJCYGRGAKP-FOCLMDBBSA-N,O=C(O)c1cc(/N=N/c2ccc(O)c(C(=O)O)c2)ccc1O,CHEMBL425,,,,,,1.0,
JZQKTMZYLHNFPL-UHFFFAOYSA-N,CCCCCC=CC=CC=O,"2,4-decadienal",,,,,medium,,
ZWAOHEXOSAUJHY-UHFFFAOYSA-N,CC1OC(n2cc(F)c(=O)[nH]c2=O)C(O)C1O,doxifluridine,,,,,medium,,
CICOZWHZVMOPJS-UHFFFAOYSA-N,CC(=O)NC(CSc1ccccc1)C(=O)O,S-phenyl-N-acetylcysteine,,,,,weak,,
DZLOHEOHWICNIL-UHFFFAOYSA-N,CCOC(=O)C1(CCCCCCOc2ccc(Cl)cc2)CO1,etomoxir,,,,,medium,,
YTBDPHYVGACIPC-UHFFFAOYSA-N,Cc1[nH]cnc1CSCCNc1nc(=O)c(Cc2ccc3c(c2)OCO3)c[nH]1,CHEMBL2110657,,,,,,1.0,
RKFAZBXYICVSKP-UHFFFAOYSA-N,CC=Cc1cc(OC)c(OC)cc1OC,asarone,,,,,medium,,
MWBWWFOAEOYUST-UHFFFAOYSA-N,Nc1ncc2[nH]cnc2n1,2-Aminopurine,,,,,medium,,
XRISENIKJUKIHD-UHFFFAOYSA-N,CCCC1(C(O)CC=CC2C(O)CC(=O)C2CCCCCCC(=O)OC)CCC1,butaprost,,,,,medium,,
AEDDIBAIWPIIBD-UHFFFAOYSA-N,O=c1c2cc(O)c(O)cc2oc2cc(O)c(C3OC(CO)C(O)C(O)C3O)c(O)c12,mangiferin,,,,,medium,,
MUKYVRVYBBYJSI-UHFFFAOYSA-N,O=C1COc2cc(O)ccc2-c2cc(O)c(O)cc2C1,protosappanin A,,,,,medium,,
COCFEDIXXNGUNL-UHFFFAOYSA-N,CCC(C)C(NC(=O)CN)C(=O)NC(C(=O)NC(CCC(=O)O)C(=O)NC(CCC(N)=O)C(=O)NC1CSSCC2NC(=O)C(C(C)CC)NC(=O)C(CO)NC(=O)C(C(C)O)NC(=O)C(CSSCC(NC(=O)C(CC(C)C)NC(=O)C(Cc3c[nH]cn3)NC(=O)C(CCC(N)=O)NC(=O)C(CC(N)=O)NC(=O)C(NC(=O)C(N)Cc3ccccc3)C(C)C)C(=O)NCC(=O)NC(CO)C(=O)NC(Cc3c[nH]cn3)C(=O)NC(CC(C)C)C(=O)NC(C(C)C)C(=O)NC(CCC(=O)O)C(=O)NC(C)C(=O)NC(CC(C)C)C(=O)NC(Cc3ccc(O)cc3)C(=O)NC(CC(C)C)C(=O)NC(C(C)C)C(=O)NC(C(=O)NCC(=O)NC(CCC(=O)O)C(=O)NC(CCCNC(=N)N)C(=O)NCC(=O)NC(Cc3ccccc3)C(=O)NC(Cc3ccccc3)C(=O)NC(Cc3ccc(O)cc3)C(=O)NC(C(=O)N3CCCC3C(=O)NC(CCCCN)C(=O)NC(C(=O)NC(CCCNC(=N)N)C(=O)NC(CCCNC(=N)N)C(=O)O)C(C)O)C(C)O)CSSCC(C(=O)NCC(=O)O)NC(=O)C(Cc3ccc(O)cc3)NC(=O)C(CC(N)=O)NC(=O)C(CCC(=O)O)NC(=O)C(CC(C)C)NC(=O)C(CCC(N)=O)NC(=O)C(Cc3ccc(O)cc3)NC(=O)C(CC(C)C)NC(=O)C(CO)NC2=O)NC1=O)C(C)C,insulin glargine,,,,,,,weak
FKAWLXNLHHIHLA-UHFFFAOYSA-N,COCC(C(O)C(O)C(=O)NCCC(C)c1nc(C=CCC2OC3(CC(O)C2C)OC(C(CC(O)C(C)C(O)C(C)C=C(C)C(C)=CC=CC(C)=CC#N)OC)C(OP(=O)(O)O)C3(C)C)co1)N(C)C,calyculin A,,,,,medium,,
UYIFTLBWAOGQBI-UHFFFAOYSA-N,CC12CCC3c4ccc(OC(=O)c5ccccc5)cc4CCC3C1CCC2O,estradiol 3-benzoate,,,,,medium,,
WMYNTTGGSSIVHK-UHFFFAOYSA-N,O=C(O)CCCOc1cccc(CCCCCCOc2cc(-c3ccc4c(c3)OCO4)cc(-c3ccccc3F)c2)c1CCC(=O)O,CHEMBL1094349,,,,,,1.0,
CTGFDWBZMCPVED-UHFFFAOYSA-N,CC(N)Cc1c[nH]c2ccc(F)cc12,5-fluoro-alpha-methyltryptamine,,,,,weak,,
JVGNTXGHBHMJDO-UHFFFAOYSA-N,COc1cc(O)ccc1C(=O)C=Cc1ccc(O)c(O)c1,sappanchalcone,,,,,weak,,
RXPRRQLKFXBCSJ-UHFFFAOYSA-N,CCC12CCCN3CCc4c(n(c5ccccc45)C(O)(C(=O)OC)C1)C32,Vincamine,,,,,medium,,
KOPVBVBUIYTJBG-UHFFFAOYSA-N,O=[N+]([O-])c1c2ccccc2cc2c1ccc1ccccc12,7-nitrobenzanthracene,,,,,weak,,
NKZRZOVSJNSBFR-UHFFFAOYSA-N,COc1cccc2c1C(=O)c1c(O)c3c(c(O)c1C2=O)CC(O)(C(O)CO)CC3OC1CC(N)C(O)C(C)O1,adriamycinol,,,,,medium,,
NSFFHOGKXHRQEW-UHFFFAOYSA-N,C=C(NC(=O)C(=C)NC(=O)c1csc(C2=NC3c4csc(n4)C4NC(=O)c5csc(n5)C(C(C)(O)C(C)O)NC(=O)C5CSC(=N5)C(=CC)NC(=O)C(C(C)O)NC(=O)c5csc(n5)C3(CC2)NC(=O)C(C)NC(=O)C(=C)NC(=O)C(C)NC(=O)C(C(C)CC)NC2C=Cc3c(C(C)O)cc(nc3C2O)C(=O)OC4C)n1)C(N)=O,Thiostrepton,,,,,medium,,
HVCATJDIMKDNQF-UHFFFAOYSA-N,Clc1ccc(-c2cc(-c3cn(-c4ccccc4)nc3-c3ccc(OCc4ccccc4)cc3)on2)cc1,CHEMBL4440931,,,,,,1.0,
IHQDGXUYTSZGOG-UHFFFAOYSA-N,CSCCCCN=C=S,erucin,,,,,medium,,
GUXACCKTQWVTLG-UHFFFAOYSA-N,O=[N+]([O-])c1ccc2ccc3c([N+](=O)[O-])ccc4ccc1c2c43,"1,6-dinitropyrene",,,,,weak,,
DHHFDKNIEVKVKS-UHFFFAOYSA-N,O=C(O)C1=CC(=CC=[N+]2c3cc(O)c(OC4OC(CO)C(O)C(O)C4O)cc3CC2C(=O)[O-])CC(C(=O)O)N1,Betalains,,,,,medium,,
JFPVXVDWJQMJEE-IZRZKJBUSA-N,CO/N=C(\C(=O)N[C@@H]1C(=O)N2C(C(=O)O)=C(COC(N)=O)CS[C@H]12)c1ccco1,CHEMBL1436,,,,,,1.0,
MYXNWGACZJSMBT-UHFFFAOYSA-N,O=c1cc(-c2ccc(O)cc2)oc2cc(O)c(C3OC(CO)C(O)C(O)C3O)c(O)c12,isovitexin,,,,,medium,,
AVSXSVCZWQODGV-UHFFFAOYSA-N,CC(C)=CCCC(C)C1CCC2C3CC=C4CC(O)CCC4(C)C3CCC12C,Desmosterol,,,,,weak,,
GBROPGWFBFCKAG-UHFFFAOYSA-N,c1ccc2c(c1)ccc1c2ccc2c3ccccc3ccc21,picene,,,,,medium,,
STOSPPMGXZPHKP-UHFFFAOYSA-N,Oc1c(Cl)c(Cl)c(O)c(Cl)c1Cl,"2,3,5,6-tetrachlorohydroquinone",,,,,weak,,
APPXYONGBIXGRO-UHFFFAOYSA-N,CC(C)=CCc1c(-c2ccc(O)cc2O)oc2c(C3C=C(C)CC(c4ccc(O)cc4O)C3C(=O)c3ccc(O)cc3O)c(O)cc(O)c2c1=O,kuwanon G,,,,,medium,,
MNOILHPDHOHILI-UHFFFAOYSA-N,CN(C)C(=S)N(C)C,tetramethylthiourea,,,,,medium,,
CWODDUGJZSCNGB-UHFFFAOYSA-N,C=C(C=CCC(O)C(O)C(O)CC=CC=CC(O)CC1OC(CC(O)C(O)CC2OC(C(O)C(O)CCC(O)C=CC(C)C(O)CC3(O)OC(CC(O)CCCCCCCC45CC(C)CC(C)(O4)C(CC(C)CCCCCC(O)C(O)C(O)C(O)C(O)C4OC(CC(O)C(O)C(C)=CC(O)CC(C)C(O)C(=O)NC=CC(=O)NCCCO)C(O)C(O)C4O)O5)C(O)C(O)C3O)CC(O)C2O)C(O)C(O)C1O)CCC(O)C(O)C(O)C(C)CC1OC(C=CC(O)C(O)CC2CC3CC(O2)C(CCC2OC(CN)CC2O)O3)C(O)C(O)C1O,palytoxin,,,,,medium,,
UORVGPXVDQYIDP-UHFFFAOYSA-N,B,sodium borohydride,,,,,weak,,
SNHRLVCMMWUAJD-UHFFFAOYSA-N,CCCCC(=O)OC1(C(=O)CO)C(C)CC2C3CCC4=CC(=O)C=CC4(C)C3(F)C(O)CC21C,Betamethasone Valerate,,,,,weak,,
ZFGMDIBRIDKWMY-PASTXAENSA-N,CC(=O)N[C@H]1[C@@H](O[C@H]2[C@H](O)[C@@H](O)[C@H](O[C@H]3[C@H](CS(=O)(=O)O)[C@@H](OS(=O)(=O)O)[C@@H](O[C@H]4[C@H](O)[C@@H](OS(=O)(=O)O)C(O)O[C@H]4C(=O)O)O[C@@H]3O)O[C@@H]2C(=O)O)O[C@H](COS(=O)(=O)O)[C@@H](O)[C@@H]1O,CHEMBL526514,,,,,,1.0,
IPMYMEWFZKHGAX-UHFFFAOYSA-N,O=c1c(O)cc(C2Oc3cc(O)cc(O)c3CC2O)cc2c(C3Oc4cc(O)cc(O)c4CC3O)cc(O)c(O)c12,theaflavin,,,,,medium,,
JQSHBVHOMNKWFT-DTORHVGOSA-N,c1cnc2cc3c(cc2n1)[C@@H]1CNC[C@H]3C1,CHEMBL1076903,,,,,,1.0,
RQAMSFTXEFSBPK-UHFFFAOYSA-N,CC1(C)C=Cc2c(cc3occ(-c4ccc(O)cc4)c(=O)c3c2O)O1,alpinumisoflavone,,,,,weak,,
IQVQXVFMNOFTMU-UHFFFAOYSA-N,CCCC=C1OC(=O)C2=C1CCC=C2,ligustilide,,,,,medium,,
KHVMAMXQPVHXTJ-UHFFFAOYSA-N,O=C(O)C1OC(Oc2c(O)cc(O)c3c(=O)c(O)c(-c4ccc(O)c(O)c4)oc23)C(O)C(O)C1O,hibifolin,,,,,weak,,
DBZQFUNLCALWDY-UHFFFAOYSA-N,Nc1nccc2c1ncn2C1OC(CO)C(O)C1O,3-deazaadenosine,,,,,medium,,
FGJIDQWRRLDGDB-UHFFFAOYSA-N,CC(=CCCC1=CCC(C2=CC(=O)OC2O)OC1O)CCC1=C(C)CCCC1(C)C,manoalide,,,,,medium,,
KVJXBPDAXMEYOA-UHFFFAOYSA-N,CC12CCC3C(CCC45OC4C(O)=C(C#N)CC35C)C1CCC2O,trilostane,,,,,weak,,
XDHNQDDQEHDUTM-UHFFFAOYSA-N,COC1=CC(C)=CC(C)C(O)C(C)CC(C)=CC=CC(OC)C(C(C)C(O)C(C)C2(O)CC(O)C(C)C(C(C)C)O2)OC1=O,bafilomycin A,,,,,medium,,
GVEZIHKRYBHEFX-UHFFFAOYSA-N,CC=CCC=CCCC(=O)C1OC1C(N)=O,Cerulenin,,,,,weak,,
OLXZPDWKRNYJJZ-UHFFFAOYSA-N,Nc1ncnc2c1ncn2C1CC(O)C(CO)O1,2'-deoxyadenosine,,,,,weak,,
GHBNZZJYBXQAHG-UHFFFAOYSA-N,CC(CCC(OC1OC(COC2OC(CO)C(O)C(O)C2O)C(O)C(O)C1OC1OC(CO)C(O)C(O)C1O)C(C)(C)O)C1CCC2(C)C3CC=C4C(CCC(OC5OC(COC6OC(CO)C(O)C(O)C6O)C(O)C(O)C5O)C4(C)C)C3(C)C(O)CC12C,mogroside V,,,,,medium,,
SRNPMQHYWVKBAV-UHFFFAOYSA-N,O=c1cc(-c2ccc(O)c(O)c2)oc2ccccc12,"3',4'-dihydroxyflavone",,,,,medium,,
FVYHTJOFZUDSPQ-UHFFFAOYSA-N,N#CC1=C(N)OC(c2ccccc2)=CC1c1cn(-c2ccccc2)nc1-c1ccc(OCc2ccccc2)cc1,CHEMBL4582667,,,,,,1.0,
MBCZYLSVSCJJJQ-UHFFFAOYSA-N,N#CCC(=O)NN=Cc1c[n+]([O-])c2ccccc2[n+]1[O-],cyadox,,,,,medium,,
UPALIKSFLSVKIS-UHFFFAOYSA-N,CN(C)CCN1C(=O)c2cccc3cc(N)cc(c23)C1=O,Amonafide,unknown,,,,,1.0,
IZFHEQBZOYJLPK-UHFFFAOYSA-N,O=C(O)CCCCC(S)CCS,dihydrolipoic acid,,,,,medium,,
FCSHDIVRCWTZOX-UHFFFAOYSA-N,CC1CC2C3CCC4=CC(=O)C=CC4(C)C3(F)C(O)CC2(C)C1(O)C(=O)CCl,Clobetasol,,,,,medium,,
SLWPBUMYPRVYIJ-UHFFFAOYSA-N,Oc1cc(O)cc(Oc2c(O)cc(O)c3c2Oc2c(O)cc4oc5c(Oc6cc(O)cc(O)c6)c(O)cc(O)c5c4c2O3)c1,phlorofucofuroeckol A,,,,,medium,,
DANUORFCFTYTSZ-UHFFFAOYSA-N,COC1CC(CC2CCC(C)C(C(C)C(=O)O)O2)OC2(OC(C)(C3CCC(C)(C4OC(C5OC(O)(CO)C(C)CC5C)CC4C)O3)CC2C)C1C,Nigericin,,,,,medium,,
KZSNJWFQEVHDMF-UHFFFAOYSA-N,CC(C)C(N)C(=O)O,Valine,,,,medium,medium,,
DQYBRTASHMYDJG-UHFFFAOYSA-N,O=C1NC(=O)C(c2c[nH]c3ccccc23)=C1c1c[nH]c2ccccc12,bisindolylmaleimide,,,,,medium,,
WCYYQNSQJHPVMG-UHFFFAOYSA-N,Clc1cc2c(cc1Cl)Oc1c(Cl)c(Cl)c(Cl)c(Cl)c1O2,"1,2,3,4,7,8-hexachlorodibenzodioxin",,,,,weak,,
PKZPCVLZVDCNKZ-UHFFFAOYSA-N,CCC1CCC(CCC(=O)O)CC1,naphthenic acid,,,,,medium,,
YKPUWZUDDOIDPM-UHFFFAOYSA-N,COc1cc(CNC(=O)CCCCC=CC(C)C)ccc1O,Capsaicin,,,,,medium,,
LWYJUZBXGAFFLP-OCNCTQISSA-N,CO[C@@H]1C[C@](C)(O)Cc2cc3c(c(O)c21)C(=O)c1c(O)cc2c(c1C3=O)O[C@@H]1O[C@@]2(C)[C@H](O)[C@@H](N(C)C)[C@@H]1O,CHEMBL1234391,,,,,,1.0,
MHMNJMPURVTYEJ-UHFFFAOYSA-N,O=C1OC2(c3ccc(O)cc3Oc3cc(O)ccc32)c2ccc(N=C=S)cc21,Fluorescein-5-isothiocyanate,,,,,medium,,
KAESVJOAVNADME-UHFFFAOYSA-N,c1cc[nH]c1,Pyrroles,,,,medium,,,
BQYIXOPJPLGCRZ-UHFFFAOYSA-N,Cc1ncc(CO)c(C=NNC(=O)c2ccncc2)c1O,pyridoxal isonicotinoyl hydrazone,,,,,weak,,
BBMULGJBVDDDNI-UHFFFAOYSA-N,CCC(C(=O)C(C)C(O)C(C)CCc1ccc(C)c(O)c1C(=O)O)C1OC(CC)(C2CCC(O)(CC)C(C)O2)CC1C,Lasalocid,,,,,weak,,
VJGGHXVGBSZVMZ-UHFFFAOYSA-N,O=C(O)CCCC=CCC1C(O)CC(O)C1C=CC(O)COc1cccc(Cl)c1,Cloprostenol,,,,,weak,,
ZRWWEEVEIOGMMT-UHFFFAOYSA-N,NC(=O)N1c2ccccc2C2OC2c2ccccc21,carbamazepine epoxide,,,,,weak,,
RJMMFJHMVBOLGY-UHFFFAOYSA-N,[In+3],indium oxide,,,,,medium,,
LNWGWFVAPQTGMG-UHFFFAOYSA-N,NC(=NCCCC(N)C(=O)Nc1ccc([N+](=O)[O-])cc1)N[N+](=O)[O-],N(G)-nitroarginine-4-nitroanilide,,,,,weak,,
HELXLJCILKEWJH-UHFFFAOYSA-N,C=C1CC23CCC4C(C)(C(=O)OC5OC(CO)C(O)C(O)C5O)CCCC4(C)C2CCC1(OC1OC(CO)C(O)C(OC2OC(CO)C(O)C(O)C2O)C1OC1OC(CO)C(O)C(O)C1O)C3,rebaudioside A,,,,,medium,,
MCEHFIXEKNKSRW-LBPRGKRZSA-N,CN(Cc1cnc2nc(=N)[nH]c(N)c2n1)c1c(Cl)cc(C(=O)N[C@@H](CCC(=O)O)C(=O)O)cc1Cl,CHEMBL3137680,,,,,,1.0,
BJBCSGQLZQGGIQ-UHFFFAOYSA-N,CC(=O)NCCOC(=O)C(Oc1cccc(C(F)(F)F)c1)c1ccc(Cl)cc1,CHEMBL456071,,,,,,1.0,
FTEDXVNDVHYDQW-UHFFFAOYSA-N,O=C(O)CN(CC(=O)O)c1ccccc1OCCOc1ccccc1N(CC(=O)O)CC(=O)O,"1,2-bis(2-aminophenoxy)ethane-N,N,N',N'-tetraacetic acid",,,,,medium,,
YGEWFDRAVXXZQR-UHFFFAOYSA-N,Cn1c(N)nc2nc(-c3ccc(O)cc3)ccc21,"2-amino-1-methyl-6-(4-hydroxyphenyl)imidazo(4,5-b)pyridine",,,,,weak,,
YYJNOYZRYGDPNH-UHFFFAOYSA-N,Cc1nn(C)c(Oc2ccccc2)c1C=NOCc1ccc(C(=O)OC(C)(C)C)cc1,fenpyroximate,,,,,medium,,
DOAKLVKFURWEDJ-RWDRXURGSA-N,CCCCCCCCCC(=O)N[C@@H](Cc1c[nH]c2ccccc12)C(=O)N[C@@H](CC(N)=O)C(=O)N[C@@H](CC(=O)O)C(=O)N[C@@H]1C(=O)NCC(=O)N[C@@H](CCCN)C(=O)N[C@@H](CC(=O)O)C(=O)N[C@H](C)C(=O)N[C@@H](CC(=O)O)C(=O)NCC(=O)N[C@H](CO)C(=O)N[C@@H]([C@H](C)CC(=O)O)C(=O)N[C@@H](CC(=O)c2ccccc2N)C(=O)O[C@@H]1C,CHEMBL387675,,,,,,1.0,
JHBIMJKLBUMNAU-UHFFFAOYSA-N,CS(=O)(=O)c1ccc(-n2nc(C(F)(F)F)cc2-c2ccc(F)cc2)cc1,1-((4-methylsulfonyl)phenyl)-3-trifluoromethyl-5-(4-fluorophenyl)pyrazole,,,,,weak,,
YIKKMWSQVKJCOP-UHFFFAOYSA-N,CC(C)CCCC(C)C1CCC2C3C(=O)C=C4CC(O)CCC4(C)C3CCC12C,7-ketocholesterol,,,,,medium,,
BZNDWPRGXNILMS-UHFFFAOYSA-N,CCNP(=S)(OC)OC(C)=CC(=O)OC(C)C,propetamphos,,,,,weak,,
ZKLPARSLTMPFCP-OAQYLSRUSA-N,O=C(O)COCCN1CCN([C@H](c2ccccc2)c2ccc(Cl)cc2)CC1,CHEMBL1201190,,,,,,1.0,
DGYHPLMPMRKMPD-UHFFFAOYSA-N,C#CCC(N)C(=O)O,propargylglycine,,,,,medium,,
HKSZLNNOFSGOKW-UHFFFAOYSA-N,CNC1CC2OC(C)(C1OC)n1c3ccccc3c3c4c(c5c6ccccc6n2c5c31)C(=O)NC4,Staurosporine,,,,,medium,,
DAEFUOXKPZLQMM-UHFFFAOYSA-N,CCCCCCC(O)CCCC(O)C1CCC(C2CCC(C(O)CCCCCCCCCCCCC3=CC(C)OC3=O)O2)O1,squamocin,,,,,weak,,
GXNNLIMMEXHBKV-UHFFFAOYSA-N,Clc1ccc(Cl)c(-c2c(Cl)ccc(Cl)c2Cl)c1,"2,2',3,5',6-pentachlorobiphenyl",,,,,medium,,
RUYUCCQRWINUHE-UHFFFAOYSA-N,ClC(Cl)=C(Cl)c1c(Cl)c(Cl)c(Cl)c(Cl)c1Cl,octachlorostyrene,,,,,medium,,
AVJBPWGFOQAPRH-FWMKGIEWSA-N,CC(=O)N[C@@H]1[C@@H](O[C@@H]2O[C@@H](C(=O)O)[C@@H](O)[C@H](O)[C@H]2O)[C@@H](OS(=O)(=O)O)[C@@H](CO)O[C@H]1O,CHEMBL4071896,,,,,,1.0,
IDGRYIRJIFKTAN-UHFFFAOYSA-N,CC(=O)OCC12C(C=C(C)C(=O)C1O)OC1C(O)CC2(C)C12CO2,15-acetyldeoxynivalenol,,,,,medium,,
KDFQABSFVYLGPM-UHFFFAOYSA-N,Cc1cccc(NC(=O)NC2N=C(c3ccccc3)c3ccccc3N(C)C2=O)c1,L 365260,,,,,weak,,
YJGVMLPVUAXIQN-UHFFFAOYSA-N,COc1cc(C2c3cc4c(cc3C(O)C3COC(=O)C23)OCO4)cc(OC)c1OC,Podophyllotoxin,,,,,medium,,
GAPOASFZXBWUGS-UHFFFAOYSA-N,C[Si](C)(C)c1cccc(C(=O)C(F)(F)F)c1,CHEMBL3137700,,,,,,1.0,
IQUGPRHKZNCHGC-UHFFFAOYSA-N,CN1Cc2c(ccc3c2OCO3)C2(C)C(O)Cc3cc4c(cc3C12)OCO4,corynoline,,,,,medium,,
MRXDGVXSWIXTQL-UHFFFAOYSA-N,CC(C)CC(NC(=O)C(NC(=O)NC(Cc1ccccc1)C(=O)O)C1CCN=C(N)N1)C(=O)NC(C=O)Cc1ccccc1,chymostatin,,,,,weak,,
XOSAHGWVGLNMBK-UHFFFAOYSA-N,O=C1OC2(c3cc(Br)c(O)c(Br)c3Oc3c2cc(Br)c(O)c3Br)c2c(Cl)ccc(Cl)c21,phloxine,,,,,weak,,
XHMJOUIAFHJHBW-UHFFFAOYSA-N,NC1C(O)OC(COP(=O)(O)O)C(O)C1O,glucosamine 6-phosphate,,,,,medium,,
VSWICNJIUPRZIK-UHFFFAOYSA-N,C1=CNCCC1,Pyrrolidines,,,,medium,,,
IMSDOBUYDTVEHN-UHFFFAOYSA-N,CC(C)n1cc2c3c(cccc31)C1CC(C(=O)NC3CCCC3O)CN(C)C1C2,LY 215840,,,,,medium,,
WVOLTBSCXRRQFR-UHFFFAOYSA-N,C=C(C)C1CCC(C)=CC1c1c(O)cc(CCCCC)c(C(=O)O)c1O,cannabidiolic acid,,,,,medium,,
XTWYTFMLZFPYCI-UHFFFAOYSA-N,Nc1ncnc2c1ncn2C1OC(COP(=O)(O)OP(=O)(O)O)C(O)C1O,Adenosine Diphosphate,,,,,medium,,
XCUCMLUTCAKSOZ-UHFFFAOYSA-N,COc1cc2c(cc1OC)C(Cc1ccc(O)c(Oc3cc4c(cc3OC)CCN(C)C4Cc3ccc(O)cc3)c1)N(C)CC2,liensinine,,,,,medium,,
WWSYXEZEXMQWHT-UHFFFAOYSA-N,COc1cc2c(c3oc(=O)c4c(c13)CCC4=O)C1CCOC1O2,aflatoxin B2,,,,,medium,,
NNKXVWNQZVYIDG-UHFFFAOYSA-N,O[Si]12O[Si]3(O)O[Si](O)(O1)O[Si](O)(O2)O3,Talc,,,,,weak,,
WYQIPCUPNMRAKP-UHFFFAOYSA-O,O=C1c2ccccc2-[n+]2ccc3c([nH]c4ccccc43)c21,fascaplysine,,,,,weak,,
HUMXMXKZASBHLD-UHFFFAOYSA-N,CCn1c(=O)n(Cc2cnn(C)c2)c(=O)c2cc(S(=O)(=O)NC3(CF)CC3)ccc21,CHEMBL4438105,,,,,,1.0,
XVPBINOPNYFXID-UHFFFAOYSA-N,O=C1CCCC2C3CCC[N+]4([O-])CCCC(CN12)C34,oxymatrine,,,,,medium,,
OZHJEQVYCBTHJT-UHFFFAOYSA-N,Cc1c(Br)c(Br)c(Br)c(Br)c1Br,"2,3,4,5,6-pentabromotoluene",,,,,weak,,
UZEDIBTVIIJELN-UHFFFAOYSA-N,[Cr+2],chromous chloride,,,,,medium,,
IOWMKBFJCNLRTC-UHFFFAOYSA-N,CC(C)C(O)CCC(C)C1CCC2C3CC=C4CC(O)CCC4(C)C3CCC12C,24-hydroxycholesterol,,,,,medium,,
AVJBPWGFOQAPRH-UHFFFAOYSA-N,CC(=O)NC1C(O)OC(CO)C(OS(=O)(=O)O)C1OC1OC(C(=O)O)C(O)C(O)C1O,Dermatan Sulfate,,,,,weak,,
BOPIMTNSYWYZOC-UHFFFAOYSA-N,C=C1CCCC2(C)CCC(C(C)(C)O)CC12,beta-eudesmol,,,,,weak,,
JRLOEMCOOZSCQP-UHFFFAOYSA-N,CCCCCC(O)c1cccc(OCc2ccc3ccccc3n2)c1,alpha-pentyl-3-(2-quinolinylmethoxy)benzenemethanol,,,,,medium,,
ANJTVLIZGCUXLD-UHFFFAOYSA-N,O=c1cccc2n1CC1CNCC2C1,cytisine,,,,,weak,,
RJPPRBMGVWEZRR-UHFFFAOYSA-N,O=C(CO)C(O)C(O)C(O)COC1OC(CO)C(O)C(O)C1O,isomaltulose,,,,,medium,,
CKHJPWQVLKHBIH-UHFFFAOYSA-N,CC(=C(CCOC(=O)C(C)C)SSC(CCOC(=O)C(C)C)=C(C)N(C=O)Cc1cnc(C)nc1N)N(C=O)Cc1cnc(C)nc1N,sulbutiamine,,,,,medium,,
LPQZKKCYTLCDGQ-UHFFFAOYSA-N,CC1(Cn2ccnn2)C(C(=O)O)N2C(=O)CC2S1(=O)=O,Tazobactam,,,,,weak,,
MEEXETVZNQYRSP-UHFFFAOYSA-N,O=C(O)c1cc2c(c3c1c([N+](=O)[O-])cc1ccccc13)OCO2,aristolochic acid II,,,,,medium,,
DSDNAKHZNJAGHN-UHFFFAOYSA-N,C=C(C)C12CC(C)C34OC(Cc5ccccc5)(OC1C3C=C(COC(=O)Cc1ccc(O)c(OC)c1)CC1(O)C(=O)C(C)=CC14)O2,resiniferatoxin,,,,,medium,,
QEEBRPGZBVVINN-UHFFFAOYSA-N,CC12CCC(O)CC1CCC1C2CCC2(C)C(c3ccc(=O)oc3)CCC12O,bufalin,,,,,medium,,
IRSFLDGTOHBADP-UHFFFAOYSA-N,CCCCCCCCCCCC1=C(O)C(=O)C=C(O)C1=O,embelin,,,,,medium,,
ZXSWTMLNIIZPET-ZOFHRBRSSA-N,C[C@]1(O)CC[C@H]2[C@@H]3CCC4=CC(=O)CC[C@@H]4[C@H]3CC[C@@]21C,methylestrenolone,unknown,,,,,1.0,
NISPVUDLMHQFRQ-UHFFFAOYSA-N,CC(C)(O)C=CC(=O)C(C)(O)C1C(O)CC2(C)C3CC=C4C(C=C(O)C(=O)C4(C)C)C3(C)C(=O)CC12C,cucurbitacin I,,,,,medium,,
MVLAQMAASMXVFP-UHFFFAOYSA-N,O=CC(Oc1c(O)cc(O)cc1C=Cc1ccc(O)cc1)C(O)C(O)C(O)CO,"2,3,5,4'-tetrahydroxystilbene 2-O-glucopyranoside",,,,,medium,,
VXOKDLACQICQFA-UHFFFAOYSA-N,CCCCc1oc2ccccc2c1C(=O)c1cc(I)c(OCCNCC)c(I)c1,desethylamiodarone,,,,,medium,,
LLEJIEBFSOEYIV-UHFFFAOYSA-N,COc1ccc2c(c[n+](C)c3c4cc5c(cc4ccc23)OCO5)c1OC,chelerythrine,,,,,medium,,
RPQXVSUAYFXFJA-UHFFFAOYSA-N,NC(=O)OCC1N=C(N)N2CCC(O)(O)C23NC(N)=NC13,Saxitoxin,,,,,medium,,
SUWYPNNPLSRNPS-UHFFFAOYSA-N,CC(C)=CCCC(C)=CCCC(=CCCC(C)=CCO)CO,plaunotol,,,,,weak,,
NPNNKDMSXVRADT-UHFFFAOYSA-N,COc1cc(C=CC(=O)NCCc2ccc(O)cc2)ccc1O,feruloyltyramine,,,,,weak,,
SWZMSZQQJRKFBP-UHFFFAOYSA-N,O=C1C=C2C=CC3CC2(O1)C1CCCCN31,securinine,,,,,medium,,
DHSUYTOATWAVLW-UHFFFAOYSA-N,CC1(C)CC1C(=O)NC(=CCCCCSCC(N)C(=O)O)C(=O)O,"Cilastatin, Imipenem Drug Combination",,,,,medium,,
ILYQAUGSZQOWCA-UHFFFAOYSA-N,NC(CCC(=O)NC(CSc1c(C=CC(=O)O)ccc(O)c1O)C(=O)NCC(=O)O)C(=O)O,2-S-glutathionylcaffeic acid,,,,,weak,,
DNAWGBOKUFFVMB-PZIGJSDBSA-N,CC(C)[C@](O)(C(=O)OCC1=CC[N+]2([O-])CC[C@@H](O)[C@@H]12)[C@H](C)O,CHEMBL512655,,,,,,1.0,
GGHMUJBZYLPWFD-UHFFFAOYSA-N,CC1CCC2(O)C(C)(C)C3CCC2(C)C1C3,patchouli alcohol,,,,,medium,,
VIKNJXKGJWUCNN-JBKQDOAHSA-N,C#C[C@@]1(O)CC[C@H]2[C@@H]3CCC4=CC(=O)CC[C@@H]4[C@H]3CC[C@@]21C,CHEMBL4082273,,,,,,1.0,
IXFPJGBNCFXKPI-UHFFFAOYSA-N,CC=C(C)C(=O)OC1C(C)=C2C(C1OC(=O)CCCCCCC)C(C)(OC(C)=O)CC(OC(=O)CCC)C1(O)C2OC(=O)C1(C)O,Thapsigargin,,,,,medium,,
QAOBBBBDJSWHMU-UHFFFAOYSA-N,CCCCC(C)(C)C(O)C=CC1C(O)CC(=O)C1CC=CCCCC(=O)O,"16,16-Dimethylprostaglandin E2",,,,,medium,,
ORJVQPIHKOARKV-UHFFFAOYSA-N,COc1cc2c3c(c1OC)-c1ccccc1CC3N(C)CC2,nuciferine,,,,,medium,,
WYQVAPGDARQUBT-UHFFFAOYSA-N,CC1CCC2(C(=O)OC3OC(COC4OC(CO)C(OC5OC(C)C(O)C(O)C5O)C(O)C4O)C(O)C(O)C3O)CCC3(C)C(=CCC4C5(C)CC(O)C(O)C(C)(CO)C5CCC43C)C2C1C,asiaticoside,,,,,weak,,
VFIDUCMKNJIJTO-UHFFFAOYSA-N,Cc1ccc(OCC(O)C(C)NC(C)C)c2c1CCC2,ICI 118551,,,,,medium,,
MGQRRMONVLMKJL-KWJIQSIXSA-N,CO[C@@H]1[C@@H](N)[C@@H](O[C@H]2[C@H](Oc3cccc4c(O)c5c(=O)oc6ccc(C)c7c(=O)oc(c34)c5c67)O[C@H](C)[C@H](O)[C@]2(C)O)O[C@H](C)[C@@H]1O,Elsamitrucin,unknown,,,,,1.0,
NKBRWLDMUXONRI-UHFFFAOYSA-N,Nc1ncc2nc(Br)n(C3OC(COP(O)(O)=S)C(O)=C3O)c2n1,"8-bromoguanosino-3',5'-cyclic monophosphorothioate",,,,,weak,,
MCAHMSDENAOJFZ-UHFFFAOYSA-N,COC1C=CC=C(C)C(=O)NC2=CC(=O)C=C(C2=O)C(OC)C(C)CC(OC)C(OC)C(C)C=C(C)C1OC(N)=O,herbimycin,,,,,medium,,
ZZZYHIMVKOHVIH-UHFFFAOYSA-N,COC(=O)C12OCC34C(CC5C(C)=C(O)C(=O)CC5(C)C3C(O)C1O)OC(=O)C(OC(=O)C=C(C)C)C24,brusatol,,,,,medium,,
NCYSTSFUYSFMEO-UHFFFAOYSA-N,CCC=CCC(O)C=CC1C(O)CC2OC(=CCCCC(=O)O)CC21,prostaglandin I3,,,,,weak,,
OUQGDTNNZRAKIB-UHFFFAOYSA-N,O=C(O)CCCCCCCn1ccnc1,1-carboxyheptylimidazole,,,,,weak,,
JEDJMKTVUPSHFW-UHFFFAOYSA-N,CC(Cc1ccc2c(c1)OC(C(=O)O)(C(=O)O)O2)NCC(O)c1cccc(Cl)c1,"disodium (R,R)-5-(2-((2-(3-chlorophenyl)-2-hydroxyethyl)-amino)propyl)-1,3-benzodioxole-2,3-dicarboxylate",,,,,medium,,
PDMUULPVBYQBBK-UHFFFAOYSA-N,CCCCOc1cc(CC2CNC(=O)N2)ccc1OC,4-(3-Butoxy-4-methoxybenzyl)-2-imidazolidinone,,,,,medium,,
HLULTZRXKIQNBX-UHFFFAOYSA-N,O=C(Nc1nc2ccc(Cl)cc2s1)NN1C(=O)C(Cl)C1c1ccc(Cl)cc1Cl,CHEMBL4569177,,,,,,1.0,
QSQFARNGNIZGAW-UHFFFAOYSA-N,CS(=O)(=O)OCCOS(C)(=O)=O,CHEMBL170630,,,,,,1.0,
GIKLTQKNOXNBNY-UHFFFAOYSA-N,ClC=C[As](Cl)Cl,lewisite,,,,,medium,,
ZROLHBHDLIHEMS-UHFFFAOYSA-N,CCCc1cc(O)c2c(c1)OC(C)(C)C1CCC(C)=CC21,tetrahydrocannabivarin 9,,,,,weak,,
WZNJWVWKTVETCG-UHFFFAOYSA-N,NC(Cn1ccc(=O)c(O)c1)C(=O)O,Mimosine,,,,,medium,,
SSEUDFYBEOIWGF-UHFFFAOYSA-N,COc1cc2c3c(c4cc(OC)c(OC)cc4c2cc1OC)CN1CCCC1C3,tylophorine,,,,,medium,,
RJXQSIKBGKVNRT-UHFFFAOYSA-N,NP(=O)(O)N(CCCl)CCCl,phosphoramide mustard,,,,,medium,,
JFJZZMVDLULRGK-UHFFFAOYSA-O,COc1cc2c3cc1Oc1cc(ccc1O)CC1c4c(cc(OC)c(O)c4Oc4ccc(cc4)CC3N(C)CC2)CC[N+]1(C)C,Tubocurarine,,,,,medium,,
YYGNTYWPHWGJRM-UHFFFAOYSA-N,CC(C)=CCCC(C)=CCCC(C)=CCCC=C(C)CCC=C(C)CCC=C(C)C,Squalene,,,,,medium,,
HSJQJGAVYCLWJA-UHFFFAOYSA-N,O=c1c2ccc3cccc4c(=O)cc(c5ccccc15)-c2c34,"benzo(a)pyrene-6,12-quinone",,,,,weak,,
GQWYWHOHRVVHAP-UHFFFAOYSA-N,CC1=CC(C)CC(C)OC(=O)CC(c2ccc(O)cc2)NC(=O)C(Cc2c(Br)[nH]c3ccccc23)N(C)C(=O)C(C)NC(=O)C(C)C1,jasplakinolide,,,,,medium,,
ZONYXWQDUYMKFB-UHFFFAOYSA-N,O=C1CC(c2ccccc2)Oc2ccccc21,flavanone,,,,,medium,,
YNRCBOXEDICOIX-UHFFFAOYSA-N,NCCN(CCN)[N+]([O-])=NO,"2,2'-(hydroxynitrosohydrazono)bis-ethanamine",,,,,medium,,
NNWHUJCUHAELCL-UHFFFAOYSA-N,CC=Cc1ccc(OC)c(OC)c1,isomethyleugenol,,,,,weak,,
XOEUHCONYHZURQ-HNUBZJOYSA-N,CC[C@H]1OC(=O)[C@H](C)[C@@H](O[C@H]2C[C@@](C)(OC)[C@@H](O)[C@H](C)O2)[C@H](C)[C@@H](O[C@@H]2O[C@H](C)C[C@H](N(C)C)[C@H]2O)[C@](C)(O)C[C@](C)(F)C(=O)[C@H](C)[C@@H](O)[C@]1(C)O,flurithromycin,unknown,,,,,1.0,
SDXKZPQOVUDXIY-UHFFFAOYSA-N,COc1cc(O)cc(CCc2ccc(OC)c(O)c2)c1,gigantol,,,,,medium,,
KEQHJBNSCLWCAE-UHFFFAOYSA-N,CC1=CC(=O)C(C(C)C)=CC1=O,thymoquinone,,,,,medium,,
IOEPXYJOHIZYGQ-UHFFFAOYSA-N,Cc1ccc2c(c1)C(N1CCN(C)CC1)=Nc1ccccc1S2,CHEMBL2106892,,,,,,1.0,
VVOAZFWZEDHOOU-UHFFFAOYSA-N,C=CCc1ccc(O)c(-c2cc(CC=C)ccc2O)c1,magnolol,,,,,medium,,
KFGOFTHODYBSGM-UHFFFAOYSA-N,CCCCCC(O)C=CC1C(O)CC(O)C1CC(=O)CCCCC(=O)O,6-Ketoprostaglandin F1 alpha,,,,,medium,,
QZVNQOLPLYWLHQ-UHFFFAOYSA-N,COC(=O)C1=C(C)NC(C)=C(C(=O)OC2CCCN(Cc3ccccc3)C2)C1c1cccc([N+](=O)[O-])c1,benidipine,,,,,medium,,
NLDDIKRKFXEWBK-UHFFFAOYSA-N,CCCCCC(O)CC(=O)CCc1ccc(O)c(OC)c1,gingerol,,,,,medium,,
WJRBRSLFGCUECM-UHFFFAOYSA-N,O=C1CNC(=O)N1,Hydantoins,,,,weak,,,
IAIWVQXQOWNYOU-UHFFFAOYSA-N,NC(=O)NN=Cc1ccc([N+](=O)[O-])o1,Nitrofurazone,,,,,medium,,
VZFRNCSOCOPNDB-UHFFFAOYSA-N,CC(=CC=CC(C)C(=O)O)C1CNC(C(=O)O)C1CC(=O)O,domoic acid,,,,,medium,,
STBMTRPPGSYEFD-UHFFFAOYSA-N,CN(C)CCN1C(=O)c2ccccc2Nc2ccccc21,CHEMBL99486,,,,,,1.0,
QJTJIQBSZLFWFS-UHFFFAOYSA-N,O=C(O)c1cc(C(F)(F)F)nc2c(C(F)(F)F)cccc12,Ro 21-5104,,,,,weak,,
LIOKMIQQPDDTNO-UHFFFAOYSA-N,CC(C)CC(NC(=O)N1CCCCCC1)C(=O)NC(Cc1cn(C)c2ccccc12)C(=O)NC(Cc1ccccn1)C(=O)O,FR 139317,,,,,weak,,
FNFHZBKBDFRYHS-UHFFFAOYSA-N,CCCCCCCCCCCCCCCCOCC(COP(=O)([O-])OCC[N+](C)(C)C)OC(=O)NC,1-O-hexadecyl-2-N-methylcarbamylphosphatidylcholine,,,,,weak,,
CVRXLMUYFMERMJ-UHFFFAOYSA-N,c1ccc(CN(CCN(Cc2ccccn2)Cc2ccccn2)Cc2ccccn2)nc1,"N,N,N',N'-tetrakis(2-pyridylmethyl)ethylenediamine",,,,,medium,,
MGMQAZXDRJETOM-UHFFFAOYSA-M,O=C([O-])c1ccc([Hg+])cc1,4-hydroxymercuribenzoate,,,,,weak,,
HFXRJLLAJRGFLY-LGMDPLHJSA-N,CCC(C)Oc1cc(NC(=O)/C(C#N)=C(/C)O)c(F)cc1-c1cccc(C(F)(F)F)c1,CHEMBL5193565,,,,,,1.0,
PDHAOJSHSJQANO-UHFFFAOYSA-N,Oc1cc(O)cc(C=Cc2ccc(O)cc2O)c1,puag-haad,,,,,medium,,
PXGWEUQZDRUMRE-UHFFFAOYSA-N,O=C(OC1C(Oc2c(-c3ccc(O)c(O)c3)oc3cc(O)cc(O)c3c2=O)OC(CO)C(O)C1O)c1cc(O)c(O)c(O)c1,2''-galloylhyperin,,,,,medium,,
XLTFNNCXVBYBSX-UHFFFAOYSA-N,COc1c(O)cc(O)c2c(=O)cc(-c3ccccc3)oc12,wogonin,,,,,medium,,
KQPYUDDGWXQXHS-UHFFFAOYSA-N,O=C1C=CC(=O)c2c(O)cccc21,juglone,,,,,medium,,
MNCZMYLRBLYUPR-UHFFFAOYSA-N,CCP(=O)(OC)c1ccc2oc(-c3ccc(F)cc3)nc2c1,CHEMBL4638592,,,,,,1.0,
PFRQBZFETXBLTP-UHFFFAOYSA-N,CC(C)=CCCC(C)=CCCC(C)=CCCC(C)=CCCC(C)=CCCC(C)=CCC1=C(C)C(=O)c2ccccc2C1=O,Vitamin K 2,,,,,medium,,
SGUAFYQXFOLMHL-ACJLOTCBSA-N,C[C@H](CCc1ccccc1)NC[C@H](O)c1ccc(O)c(C(N)=O)c1,CHEMBL27193,,,,,,1.0,
YZVWKHVRBDQPMQ-UHFFFAOYSA-N,Nc1ccc2ccc3cccc4ccc1c2c34,1-aminopyrene,,,,,weak,,
LELAOEBVZLPXAZ-UHFFFAOYSA-N,C[S+]([O-])CCCN=C=S,iberin,,,,,medium,,
UKHMZCMKHPHFOT-UHFFFAOYSA-N,Nc1ncnc2c1ncn2C1CCCO1,9-(tetrahydro-2-furyl)-adenine,,,,,weak,,
IFXSWTIWFGIXQO-AOOOYVTPSA-N,C[C@@H]1C[C@H](C)CN(S(=O)(=O)c2ccc(Cl)c(C(=O)O)c2)C1,CHEMBL2104748,,,,,,1.0,
ITVGXXMINPYUHD-UHFFFAOYSA-N,COc1ccc(CCC(=O)c2c(O)cc(OC3OC(CO)C(O)C(O)C3OC3OC(C)C(O)C(O)C3O)cc2O)cc1O,neohesperidin dihydrochalcone,,,,,medium,,
SQMWSBKSHWARHU-UHFFFAOYSA-N,OCC1OC(n2cnc3c(NC4CCCC4)ncnc32)C(O)C1O,N(6)-cyclopentyladenosine,,,,,weak,,
QFXKXRXFBRLLPQ-UHFFFAOYSA-N,c1ccc2c(c1)[I+]c1ccccc1-2,diphenyleneiodonium,,,,,medium,,
QNBTYORWCCMPQP-UHFFFAOYSA-N,COc1ccc(C(=CC(=O)N2CCOCC2)c2ccc(Cl)cc2)cc1OC,dimethomorph,,,,,medium,,
VQODGRNSFPNSQE-UHFFFAOYSA-N,CC1CC2C3CCC4=CC(=O)C=CC4(C)C3(F)C(O)CC2(C)C1(O)C(=O)COP(=O)(O)O,dexamethasone 21-phosphate,,,,,medium,,
OPJZLUXFQFQYAI-UHFFFAOYSA-N,O=c1c(OC2OC(C(O)CO)C(O)C2O)c(-c2ccc(O)c(O)c2)oc2cc(O)cc(O)c12,isoquercitrin,,,,,medium,,
NNJPGOLRFBJNIW-UHFFFAOYSA-N,CNC1CCc2cc(OC)c(OC)c(OC)c2-c2ccc(OC)c(=O)cc21,Demecolcine,,,,,medium,,
XCBWMEWFFNUFLV-UHFFFAOYSA-N,COc1cc(N(CC(=O)O)CC(=O)O)c2nc(COc3cc(C)ccc3N(CC(=O)O)CC(=O)O)ccc2c1,Quin2,,,,,weak,,
LPQDGVLVYVULMX-UHFFFAOYSA-N,CCOC(=O)CC(SP(=O)(OC)SC)C(=O)OCC,isomalathion,,,,,weak,,
KUGUNHHHNWFJTM-UHFFFAOYSA-N,Cn1c(=O)c2c(nc3n2CCCN3Cc2c(F)cccc2Cl)n(C)c1=O,CHEMBL4521517,,,,,,1.0,
GWXLDORMOJMVQZ-UHFFFAOYSA-N,[Ce],Cerium,,,,,weak,,
VUAFHZCUKUDDBC-UHFFFAOYSA-N,CC(C)(S)C(=O)NC(CS)C(=O)O,bucillamine,,,,,weak,,
RFWGABANNQMHMZ-UHFFFAOYSA-N,CC=C1C(OC2OC(CO)C(O)C(O)C2O)OC=C(C(=O)OC)C1CC(=O)OCCc1ccc(O)c(O)c1,oleuropein,,,,,medium,,
XGVJWXAYKUHDOO-UHFFFAOYSA-N,OC1C=C2CCN3Cc4cc5c(cc4C(C1O)C23)OCO5,lycorine,,,,,medium,,
FXLOVSHXALFLKQ-UHFFFAOYSA-N,Cc1ccc(C=O)cc1,4-methylbenzaldehyde,,,,,medium,,
NLVFBUXFDBBNBW-UHFFFAOYSA-N,NCC1OC(OC2C(N)CC(N)C(OC3OC(CO)C(O)C(N)C3O)C2O)C(N)CC1O,Tobramycin,,,,,medium,,
XYTOFZZIIYJECI-CTTKUTITSA-N,Cc1cn([C@@H]2O[C@@]3(COP(O)(=S)O[C@H]4[C@H]5O[C@H](C)[C@]4(COP(O)(=S)O[C@H]4C[C@H](n6cc(C)c(=O)[nH]c6=O)O[C@@H]4COP(O)(=S)O[C@H]4[C@@H](O)[C@H](n6cnc7c6N=CNC7N)O[C@@H]4COP(O)(=S)O[C@H]4[C@@H](O)[C@H](n6cnc7c(=O)[nH]c(N)nc76)O[C@@H]4COP(O)(=S)O[C@H]4[C@@H](O)[C@H](n6ccc(N)nc6=O)O[C@@H]4COP(O)(=S)O[C@H]4[C@@H](O)[C@H](n6cnc7c(N)ncnc76)O[C@@H]4COP(O)(=S)O[C@H]4[C@@H](O)[C@H](n6ccc(N)nc6=O)O[C@@H]4COP(O)(=S)O[C@H]4[C@@H](O)[C@H](n6cc(C)c(=O)[nH]c6=O)O[C@@H]4COP(O)(=S)O[C@H]4[C@@H](O)[C@H](n6cnc7c(=O)[nH]c(N)nc76)O[C@@H]4COP(O)(=S)O[C@H]4[C@@H](O)[C@H](n6cnc7c(=O)[nH]c(N)nc76)O[C@@H]4COP(O)(=S)O[C@H]4[C@@H](O)[C@H](n6ccc(N)nc6=O)O[C@@H]4COP(O)(=S)O[C@H]4[C@H]6O[C@H](C)[C@]4(COP(O)(=S)O[C@H]4[C@H]7O[C@H](C)[C@]4(CO)O[C@H]7n4ccc(=O)[nH]c4=O)O[C@H]6n4cc(C)c(N)nc4=O)O[C@H]5n4ccc(=O)[nH]c4=O)[C@@H](C)O[C@@H]2[C@@H]3O)c(=O)nc1N,CHEMBL501528,,,,,,1.0,
GHOKWGTUZJEAQD-UHFFFAOYSA-N,CC(C)(CO)C(O)C(=O)NCCC(=O)O,Pantothenic Acid,,,,,medium,,
MATGKVZWFZHCLI-UHFFFAOYSA-N,COc1cc(CC2COC(=O)C2Cc2ccc(O)c(OC)c2)ccc1O,matairesinol,,,,,medium,,
PTMZTTPJFDLIOR-UHFFFAOYSA-N,CC(C)=CCCC(C)=CCCC(C)=CCCC(C)=CCCC(C)=CCCC(C)=CCCC(C)=CCCC(C)=CCCC1(C)CCc2cc(O)c(C)c(C)c2O1,plastochromanol 8,,,,,medium,,
QBYUNVOYXHFVKC-GBURMNQMSA-N,C[C@H](CCC(=O)NCCS(=O)(=O)O)[C@H]1CC[C@H]2[C@@H]3CC[C@@H]4C[C@H](O)CC[C@]4(C)[C@H]3CC[C@]12C,CHEMBL408701,,,,,,1.0,
ZCBUQCWBWNUWSU-UHFFFAOYSA-N,CN(C)CC1CCn2cc(c3ccccc32)C2=C(C(=O)NC2=O)c2cn(c3ccccc23)CCO1,ruboxistaurin,,,,,weak,,
GOZUADYOHPCXLE-UHFFFAOYSA-N,CC(C)/N=C/Nc1ccc(-c2c[nH]cn2)cc1,CHEMBL308005,,,,,,1.0,
HEBKCHPVOIAQTA-UHFFFAOYSA-N,OCC(O)C(O)C(O)CO,Xylitol,,,,,weak,,
WBEFUVAYFSOUEA-UHFFFAOYSA-N,O=C1C(=Cc2ccc(O)c(O)c2)Oc2cc(O)cc(O)c21,aureusidin,,,,,medium,,
DOWJXOHBNXRUOD-UHFFFAOYSA-N,Cc1cccc2c1ccc1ccccc12,1-methylphenanthrene,,,,,medium,,
JSFATNQSLKRBCI-UHFFFAOYSA-N,CCCCCC(O)C=CC=CCC=CCC=CCCCC(=O)O,"15-hydroxy-5,8,11,13-eicosatetraenoic acid",,,,,medium,,
LQANGKSBLPMBTJ-UHFFFAOYSA-N,CCCCCC(O)C=CC1C2CC(CO2)C1CC=CCCCC(=O)O,"15-Hydroxy-11 alpha,9 alpha-(epoxymethano)prosta-5,13-dienoic Acid",,,,,medium,,
JZLQUWSWOJPCAK-UHFFFAOYSA-N,Brc1cc2c(cc1Br)Oc1cc(Br)c(Br)cc1O2,"2,3,7,8-tetrabromodibenzo-4-dioxin",,,,,medium,,
OOAHNJDZICJECC-BHWPLRMJSA-N,CCCCC(C)(C)[C@H](O)/C=C/[C@H]1[C@H](C)CC(=O)[C@@H]1C/C=C\CCCC(=O)O,CHEMBL2104498,,,,,,1.0,
VSWDORGPIHIGNW-UHFFFAOYSA-N,S=C(S)N1CCCC1,pyrrolidine dithiocarbamic acid,,,,,medium,,
VEUMANXWQDHAJV-UHFFFAOYSA-N,Oc1ccccc1C=NCCN=Cc1ccccc1O,"N,N'-bis(salicylideneamino)ethane-manganese(II)",,,,,medium,,
KJHHAPASNNVTSN-UHFFFAOYSA-N,COc1ccc(C(=O)C=Cc2ccccc2)cc1,4'-methoxychalcone,,,,,medium,,
VDXZNPDIRNWWCW-UHFFFAOYSA-N,CCC(C)C(NC(=O)CN)C(=O)NCC(=O)NC(C)C(=O)NC(C(=O)NC(CC(C)C)C(=O)NC(CCCCN)C(=O)NC(C(=O)NC(CC(C)C)C(=O)NC(C(=O)NC(C(=O)NCC(=O)NC(CC(C)C)C(=O)N1CCCC1C(=O)NC(C)C(=O)NC(CC(C)C)C(=O)NC(C(=O)NC(CO)C(=O)NC(Cc1c[nH]c2ccccc12)C(=O)NC(C(=O)NC(CCCCN)C(=O)NC(CCCNC(=N)N)C(=O)NC(CCCCN)C(=O)NC(CCCNC(=N)N)C(=O)NC(CCC(N)=O)C(=O)NC(CCC(N)=O)C(N)=O)C(C)CC)C(C)CC)C(C)O)C(C)O)C(C)C)C(C)C,Melitten,,,,,medium,,
OXGUCUVFOIWWQJ-UHFFFAOYSA-N,CC1OC(Oc2c(-c3ccc(O)c(O)c3)oc3cc(O)cc(O)c3c2=O)C(O)C(O)C1O,quercitrin,,,,,medium,,
CUXYLFPMQMFGPL-UHFFFAOYSA-N,CCCCC=CC=CC=CCCCCCCCC(=O)O,eleostearic acid,,,,,weak,,
QIRUFAFQGKOTKA-UHFFFAOYSA-N,CC1=C(O)C(=O)C=C2C1=CC=C1C2(C)CCC2(C)C3CC(C)C(=O)C(O)C3(C)CCC12C,tingenin B,,,,,medium,,
CMLFRMDBDNHMRA-UHFFFAOYSA-N,C1=Cc2ccccc2ON1,Benzoxazines,,,,medium,,,
FHNINJWBTRXEBC-UHFFFAOYSA-N,Oc1ccc2ccccc2c1N=Nc1ccc(N=Nc2ccccc2)cc1,sudan III,,,,,medium,,
XOJVHLIYNSOZOO-UHFFFAOYSA-N,COc1ccc(CC2COC(=O)C2Cc2ccc(OC3OC(CO)C(O)C(O)C3O)c(OC)c2)cc1OC,arctiin,,,,,medium,,
SGGBZKQTWMKXHD-UHFFFAOYSA-N,Cc1cccc2c(CCN)c[nH]c12,7-methyltryptamine,,,,,weak,,
HCCRRLVJBLDSLL-UHFFFAOYSA-N,NC(N)=NCCCC(NC(=O)C(Cc1ccccc1)NC(=O)C1CCCN1)C(=O)CCl,phenylalanyl-prolyl-arginine-chloromethyl ketone,,,,,weak,,
QWUGXIXRFGEYBD-UHFFFAOYSA-M,CC[Hg]Cl,Ethylmercuric Chloride,,,,,medium,,
NYDCDZSEEAUOHN-UHFFFAOYSA-N,CCC(=C(c1ccccc1)c1ccc(OCCNC)cc1)c1ccccc1,N-desmethyltamoxifen,,,,,weak,,
OQQVFCKUDYMWGV-UHFFFAOYSA-N,OCc1ccc(-c2nn(Cc3ccccc3)c3ccccc23)o1,3-(5'-hydroxymethyl-2'-furyl)-1-benzylindazole,,,,,medium,,
CFZLNRGUBAVQNO-UHFFFAOYSA-N,O=C1CCC(=O)N1c1cc(Cl)cc(Cl)c1,CHEMBL561915,,,,,,1.0,
FPQNRXITKTZFMF-NWDGAFQWSA-N,NC(=O)c1nnc(N[C@@H]2CCCC[C@@H]2N)nc1Nc1cccc2cc[nH]c12,CHEMBL3416026,,,,,,1.0,
FZWGECJQACGGTI-UHFFFAOYSA-N,Cn1cnc2nc(N)[nH]c(=O)c21,7-methylguanine,,,,,weak,,
MTDHILKWIRSIHB-UHFFFAOYSA-N,NC1C(O)OC(COS(=O)(=O)O)C(O)C1O,glucosamine 6-O-sulfate,,,,,medium,,
UFCGDBKFOKKVAC-UHFFFAOYSA-N,COc1cc2c(c(OC)c1OC)-c1c(cc3c(c1OC)OCO3)CC(C)C(C)(O)C2OC(=O)c1ccccc1,schizandrer A,,,,,weak,,
QIXJMCNCXLOJKZ-LGUFXXKBSA-N,C/C(=C\Cc1cc(O)cc(Sc2ccccc2C(=O)O)c1O)CCCC(C)CCCC(C)CCCC(C)C,CHEMBL3922437,,,,,,1.0,
XLFLNLAIJULEFF-UHFFFAOYSA-N,CC1=C2N=C(C=C3N=C(C(C)=C4NC(C)(C5N=C1C(C)(CCC(=O)NCC(C)OP(=O)(O)OC1C(CO)OC(n6cnc7cc(C)c(C)cc76)C1O)C5CC(N)=O)C(C)(CC(N)=O)C4CCC(N)=O)C(C)(CC(N)=O)C3CCC(N)=O)C(C)(C)C2CCC(N)=O,mecobalamin,,,,,weak,,
PDMMFKSKQVNJMI-UHFFFAOYSA-N,CCC(=O)OC1CCC2C3CCC4=CC(=O)CCC4(C)C3CCC12C,Testosterone Propionate,,,,,medium,,
BJHIKXHVCXFQLS-UYFOZJQFSA-N,O=C(CO)[C@@H](O)[C@H](O)[C@H](O)CO,CHEMBL1232863,,,,,,1.0,
MEFKEPWMEQBLKI-UHFFFAOYSA-N,C[S+](CCC(N)C(=O)[O-])CC1OC(n2cnc3c(N)ncnc32)C(O)C1O,S-Adenosylmethionine,,,,medium,medium,,
BTGAJCKRXPNBFI-UHFFFAOYSA-N,CCCN1CCc2cccc3c2C1Cc1ccc(O)c(O)c1-3,N-n-propylnorapomorphine,,,,,weak,,
WHSUEVLJUHPROF-UHFFFAOYSA-N,C=C1C(=O)C23C(O)CC4C(C)(C)CCC(O)C4(CO)C2CCC1C3O,kamebakaurin,,,,,weak,,
JJWKPURADFRFRB-UHFFFAOYSA-N,O=C=S,carbonyl sulfide,,,,,medium,,
RHGJXZFAEALZIR-GSSWQMCCSA-O,CCN(CC)c1ccc2c(-c3ccccc3C(=O)NCC(=O)NCC(=O)N[C@@H](CC(C)C)C(=O)N[C@@H](CCCCN)C(=O)N[C@H](CC(C)C)C(=O)N[C@@H](CC(C)C)C(=O)N[C@@H](CCCCN)C(=O)N[C@H](CCCCN)C(=O)N[C@@H](CC(C)C)C(=O)N[C@H](CC(C)C)C(=O)N[C@H](CCCCN)C(=O)N[C@@H](CCCCN)C(=O)N[C@@H](CC(C)C)C(=O)N[C@@H](CC(C)C)C(=O)N[C@H](CCCCN)C(=O)N[C@@H](CC(C)C)C(=O)N[C@@H](CC(C)C)C(N)=O)c3ccc(=[N+](CC)CC)cc-3oc2c1,CHEMBL4855781,,,,,,1.0,
LAZSIJHHPMHKQI-UHFFFAOYSA-N,Cc1cnc2cc(C)c3c(nc(N)n3C)c2n1,"3,4,8-trimethylimidazo(4,5-f)quinoxalin-2-amine",,,,,medium,,
XFSBVAOIAHNAPC-UHFFFAOYSA-N,CCN1CC2(COC)C(O)CC(OC)C34C5CC6(O)C(OC)C(O)C(OC(C)=O)(C5C6OC(=O)c5ccccc5)C(C(OC)C23)C14,Aconitine,,,,,medium,,
SMKRKQBMYOFFMU-UHFFFAOYSA-N,C#CCC1=C(C)C(OC(=O)C2C(C=C(C)C)C2(C)C)CC1=O,"d,d-T80-prallethrin",,,,,weak,,
WHGYBXFWUBPSRW-UHFFFAOYSA-N,OCC1OC2OC3C(CO)OC(OC4C(CO)OC(OC5C(CO)OC(OC6C(CO)OC(OC7C(CO)OC(OC8C(CO)OC(OC1C(O)C2O)C(O)C8O)C(O)C7O)C(O)C6O)C(O)C5O)C(O)C4O)C(O)C3O,betadex,,,,,medium,,
WADMTJKRYLAHQV-UHFFFAOYSA-N,CCC(C(C)C)C(O)C(O)C(C)C1CCC2C3CC(=O)C4CC(O)C(O)CC4(C)C3CCC12C,homocastasterone,,,,,medium,,
LGEQQWMQCRIYKG-UHFFFAOYSA-N,CCCCCC=CCC=CCC=CCC=CCCCC(=O)NCCO,anandamide,,,,,medium,,
VAAUVRVFOQPIGI-TYHRLYECSA-N,CO/N=C(/C(=O)N[C@@H]1C(=O)N2C(C(=O)O)=C(CSc3nc(=O)c(O)nn3C)CS[C@H]12)c1csc(N)n1,CHEMBL1697718,,,,,,1.0,
XYNPYHXGMWJBLV-UHFFFAOYSA-N,CC1CCC2(NC1)OC1CC3C4CCC5CC(O)CCC5(C)C4CCC3(C)C1C2C,tomatidine,,,,,weak,,
FAXWFCTVSHEODL-UHFFFAOYSA-N,Oc1ccc(Br)cc1Br,"2,4-dibromophenol",,,,,weak,,
LVSCWEDTMWAASP-UHFFFAOYSA-N,CC1=CCCC2C1(C)CCC(C)C2(C)CCC1=CC(=O)OC1O,"16-hydroxycleroda-3,13(14)-dien-15,16-olide",,,,,medium,,
UIKROCXWUNQSPJ-UHFFFAOYSA-N,CN1C(=O)CCC1c1cccnc1,Cotinine,,,,,medium,,
XOBRUPBUBNAFDI-UHFFFAOYSA-N,CCC(C)C(NC(=O)C(CCSC)NC(=O)OC(C)(C)C)C(=O)NC(Cc1ccccc1)C(=O)O,t-butyloxycarbonyl-methionyl-leucyl-phenylalanine,,,,,medium,,
UFDHNJJHPSGMFX-UHFFFAOYSA-N,CC(=O)OC1(C)CC(C)C(=O)C(C(O)CC2CC(=O)NC(=O)C2)C1,acetoxycycloheximide,,,,,weak,,
NAHCWQNNENHGNH-UHFFFAOYSA-N,C/N=C(/Cc1ccc2ccccc2c1)NC,CHEMBL1192539,,,,,,1.0,
VEENJGZXVHKXNB-UHFFFAOYSA-N,COP(=O)(OC)OC(C)=CC(=O)N(C)C,dicrotophos,,,,,medium,,
NIXVOFULDIFBLB-UHFFFAOYSA-N,Nc1nc([S+](N)[O-])c2ncn(C3OC(CO)C(O)C3O)c2n1,sulfinosine,,,,,weak,,
KEJCWVGMRLCZQQ-YJBYXUATSA-N,CO/N=C(\C(=O)N[C@@H]1C(=O)N2C(C(=O)OC(C)OC(C)=O)=C(COC(N)=O)CS[C@H]12)c1ccco1,CEFUROXIME AXETIL,unknown,,,,,1.0,
IZXIZTKNFFYFOF-UHFFFAOYSA-N,O=C1NCCO1,Oxazolidinones,,,,weak,,,
SWUARLUWKZWEBQ-UHFFFAOYSA-N,O=C(C=Cc1ccc(O)c(O)c1)OCCc1ccccc1,caffeic acid phenethyl ester,,,,,medium,,
HUJXGQILHAUCCV-UHFFFAOYSA-N,CNC(=O)C1OC(n2cnc3c(NCc4cccc(I)c4)ncnc32)C(O)C1O,N(6)-(3-iodobenzyl)-5'-N-methylcarboxamidoadenosine,,,,,weak,,
KIVUHCNVDWYUNP-UHFFFAOYSA-N,Nc1cc2c3ccccc3ccc2c2ccccc12,6-chrysenamine,,,,,weak,,
VXKHXGOKWPXYNA-YDFDUYJKSA-N,CC(C)C[C@H](NC(=O)[C@H](Cc1c[nH]c2ccccc12)NC(=O)[C@H](Cc1ccc(O)cc1)NC(=O)[C@H](CO)NC(=O)[C@H](Cc1c[nH]c2ccccc12)NC(=O)[C@H](Cc1c[nH]cn1)NC(=O)[C@@H]1CCC(=O)N1)C(=O)N[C@@H](CCCNC(=N)N)C(=O)N1CCC[C@H]1C(=O)NCC(N)=O,CHEMBL4068871,,,,,,1.0,
XBZYWSMVVKYHQN-UHFFFAOYSA-N,CC1(C)CCC2(C(=O)O)CCC3(C)C(=CCC4C5(C)CCC(O)C(C)(COS(=O)(=O)O)C5CCC43C)C2C1,Triterpenes,,,,weak,,,
CIGQQQTZOIDQQR-BGSOWLKRSA-N,C[C@]12C=C[C@@]3(CC[C@@H]4[C@@](C)(CO)CCC[C@@]4(C)[C@@H]3CC1)C2,CHEMBL3589110,,,,,,1.0,
CZGIUGHMJZYXNX-UHFFFAOYSA-N,CCCCCC(O)C=CC(=O)CCCCCCCCC(=O)O,13-hydroxy-10-oxo-11-octadecenoic acid,,,,,weak,,
SZBULDQSDUXAPJ-UHFFFAOYSA-N,OCC1OC(n2cnc3c(NC4CCCCC4)ncnc32)C(O)C1O,N(6)-cyclohexyladenosine,,,,,weak,,
RJVLFQBBRSMWHX-UHFFFAOYSA-N,CN(C(Cc1ccc(OS(=O)(=O)c2cccc3cnccc23)cc1)C(=O)N1CCN(c2ccccc2)CC1)S(=O)(=O)c1cccc2cnccc12,KN 62,,,,,medium,,
SJRXVLUZMMDCNG-UHFFFAOYSA-N,O=c1c(O)c(-c2ccc(O)c(O)c2)oc2c(OC3OC(CO)C(O)C(O)C3O)c(O)cc(O)c12,gossypin,,,,,medium,,
DUSHUSLJJMDGTE-ZJPMUUANSA-N,CC(=O)[C@@]1(O)CC[C@H]2[C@@H]3C=C(Cl)C4=CC(=O)[C@@H]5C[C@@H]5[C@]4(C)[C@H]3CC[C@@]21C,CHEMBL142130,,,,,,1.0,
NWJMUYNQRYAJIB-KLISCUKASA-N,COc1cc2c(cc1O)CC[C@@H]1[C@@H]2CC[C@]2(C)C(=O)/C(=C/c3ccc(Cl)cc3)C[C@@H]12,CHEMBL4463259,,,,,,1.0,
LUKZNWIVRBCLON-UHFFFAOYSA-N,CC(C)C(=O)OCC(=O)C12OC(C3CCCCC3)OC1CC1C3CCC4=CC(=O)C=CC4(C)C3C(O)CC12C,ciclesonide,,,,,,,weak
UDKABVSQKJNZBH-UHFFFAOYSA-N,C=C1CC2C3C=C(C)C4=CC(=O)CCC4(C)C3CCC2(C)C1(OC(C)=O)C(C)=O,Melengestrol Acetate,,,,,weak,,
LVWAKZBZWYHYCJ-UHFFFAOYSA-N,COc1ccc2c(c1OC)C(OC)N(C)c1c-2ccc2cc3c(cc12)OCO3,angoline,,,,,weak,,
SYUHGPGVQRZVTB-UHFFFAOYSA-N,[Rn],Radon,,,,,medium,,
OFEZSBMBBKLLBJ-UHFFFAOYSA-N,Nc1ncnc2c1ncn2C1OC(CO)CC1O,cordycepin,,,,,medium,,
KHBXRZGALJGBPA-UHFFFAOYSA-N,COc1cc2c(c3oc(=O)c4c(c13)CCC4=O)C1C(O2)OC2OC21,"aflatoxin B1-2,3-oxide",,,,,medium,,
MJQUEDHRCUIRLF-TVIXENOKSA-N,CCC/C=C/C=C/C(=O)O[C@H]1/C(=C/C(=O)OC)C[C@H]2C[C@H]([C@@H](C)O)OC(=O)C[C@H](O)C[C@@H]3C[C@H](OC(C)=O)C(C)(C)[C@](O)(C[C@@H]4C/C(=C/C(=O)OC)C[C@H](/C=C/C(C)(C)[C@]1(O)O2)O4)O3,CHEMBL449158,,,,,,1.0,
GRBKWAXRYIITKG-UHFFFAOYSA-N,CC=CC#CC#CC=Cc1ccco1,atractylodin,,,,,weak,,
DCYOADKBABEMIQ-UHFFFAOYSA-N,CC1OC(Oc2c(-c3cc(O)c(O)c(O)c3)oc3cc(O)cc(O)c3c2=O)C(O)C(O)C1O,myricitrin,,,,,medium,,
GMWISVUOUTUEHN-UHFFFAOYSA-N,CC(=O)C1C(CC#N)CC2C3CC=C4CC(O)CCC4(C)C3CCC21C,pregnenolone 16-acetonitrile,,,,,weak,,
GKAJCVFOJGXVIA-UHFFFAOYSA-N,COc1ccc(C=Cc2cc(O)cc(OC3OC(CO)C(O)C(O)C3O)c2)cc1O,rhapontin,,,,,medium,,
NGYIMTKLQULBOO-UHFFFAOYSA-L,Br[Hg]Br,mercuric bromide,,,,,medium,,
STNJBCKSHOAVAJ-UHFFFAOYSA-N,C=C(C)C=O,methacrylaldehyde,,,,,medium,,
OOUFTJQAYCNJGB-UHFFFAOYSA-N,C[As]=O,methylarsine oxide,,,,,medium,,
XJQPQKLURWNAAH-UHFFFAOYSA-N,COc1cc(CNC(=O)CCCCCCC(C)C)ccc1O,dihydrocapsaicin,,,,,medium,,
SRPFDFNVILUDAI-UHFFFAOYSA-N,O=C(O)CCCOc1cccc(CCCCCCOc2cc(-c3ccsc3)cc(-c3ccc4c(c3)OCO4)c2)c1CCC(=O)O,CHEMBL1098560,,,,,,1.0,
YDXRLMMGARHIIC-UHFFFAOYSA-N,OC1C=Cc2c(cc3ccc4cccc5ccc2c3c45)C1O,"benzo(a)pyrene 7,8-dihydrodiol",,,,,medium,,
IJLXLZGJDSJGIQ-UHFFFAOYSA-N,CCC1CC2C3CCC4=CC(=O)CCC4C3CCC2(C)C1C(=O)CO,"16 alpha-ethyl-21-hydroxy-19-nor-4-pregnene-3,20-dione",,,,,weak,,
ZBQFYVZOWLAJKN-UHFFFAOYSA-N,FCCCCCF,CHEMBL1697728,,,,,,1.0,
LQCLVBQBTUVCEQ-QTFUVMRISA-N,CO[C@H]1C[C@H](O[C@H]2[C@H](C)[C@@H](O[C@@H]3O[C@H](C)C[C@H](N(C)C)[C@H]3OC(C)=O)[C@@H](C)C[C@@]3(CO3)C(=O)[C@H](C)[C@@H](OC(C)=O)[C@@H](C)[C@@H](C)OC(=O)[C@@H]2C)O[C@@H](C)[C@@H]1OC(C)=O,TROLEANDOMYCIN,unknown,,,,,1.0,
UAUHEPXILIZYCU-UUEXUKNBSA-N,CCC[N+]12[C@H](O)[C@@H](CC)[C@@H]3C[C@H]1[C@@H]1N(C)c4ccccc4[C@]14C[C@H]2C3[C@H]4O,CHEMBL3137688,,,,,,1.0,
YDNKGFDKKRUKPY-UHFFFAOYSA-N,CCCCCCCCCCCCCC=CC(O)C(CO)NC(=O)CCCCCCCCCCCCCCC,N-palmitoylsphingosine,,,,,medium,,
XVARCVCWNFACQC-UHFFFAOYSA-N,OCC1OC(Oc2c[nH]c3ccccc23)C(O)C(O)C1O,Indican,,,,,medium,,
XUWSHXDEJOOIND-UHFFFAOYSA-N,CC1(O)CC(O)C2(O)C=COC(OC3OC(CO)C(O)C(O)C3O)C12,harpagide,,,,,medium,,
WYZWZEOGROVVHK-UHFFFAOYSA-N,CC1CC2OC2C=CC=CC(=O)Cc2c(Cl)c(O)cc(O)c2C(=O)O1,monorden,,,,,weak,,
ISFPDBUKMJDAJH-UHFFFAOYSA-N,O=C1CCc2c(ccc3ccccc23)O1,splitomicin,,,,,medium,,
IAAPVNQZSBLWKH-UHFFFAOYSA-N,CC=CC=CC=CC(=O)O,"octa-2,4,6-trienoic acid",,,,,medium,,
FNGGIPWAZSFKCN-UHFFFAOYSA-N,CCC12C=CCN3CCC4(C(=C(C(=O)OC)C1)Nc1ccccc14)C32,tabersonine,,,,,weak,,
PZFZLRNAOHUQPH-UHFFFAOYSA-N,CCCCCCCCCCCCCCCC(=O)NC(CSCC(COC(=O)CCCCCCCCCCCCCCC)OC(=O)CCCCCCCCCCCCCCC)C(=O)O,"2,3-bis(palmitoyloxy)-2-propyl-1-palmitoylcysteine",,,,,weak,,
IUPDWMUZBVKRGM-UHFFFAOYSA-N,Cc1cnc(C(=O)Nc2ccc(S(=O)(=O)NC(C)C)cc2)cn1,L-Lactate Dehydrogenase,,,,medium,,,
BOGAHAUMRNNWPE-UHFFFAOYSA-N,COc1cc(CCc2ccc(Nc3c4c(nc5ccccc35)CCCC4)cc2)cc(OC)c1,CHEMBL4093419,,,,,,1.0,
VTYQXQQQKWLGBA-UHFFFAOYSA-N,CC1CCC2(NC1)OC1CC3C4CC=C5CC(OC6OC(CO)C(OC7OC(C)C(O)C(O)C7OC7OC(C)C(O)C(O)C7O)C(O)C6O)CCC5(C)C4CCC3(C)C1C2C,alpha-solamargine,,,,,medium,,
IRHTZOCLLONTOC-UHFFFAOYSA-N,CCCCCCCCCCCCCCCCCCCCCCCCCCO,1-hexacosanol,,,,,weak,,
TUAHORSUHVUKBD-UHFFFAOYSA-N,c1ccc2c(c1)ccc1ccc3ccccc3c12,benzo(c)phenanthrene,,,,,medium,,
VWFJDQUYCIWHTN-UHFFFAOYSA-N,CC(C)=CCCC(C)=CCCC(C)=CCOP(=O)(O)OP(=O)(O)O,farnesyl pyrophosphate,,,,,medium,,
COBXSLRIXGQVGS-UHFFFAOYSA-N,O=c1[nH]c2ccc(-c3c(Cl)cccc3OC(F)(F)F)cc2[nH]1,CHEMBL4214902,,,,,,1.0,
PCXMKBOWWVXEDT-UHFFFAOYSA-N,CC(C(=O)Nc1cc(-c2ccccc2)nn1-c1ccccc1)N(C)C,CHEMBL2105587,,,,,,1.0,
XLHIYUYCSMZCCC-UHFFFAOYSA-N,COc1ccc(C=Cc2cc(OC)cc(=O)o2)cc1,yangonin,,,,,medium,,
PEYUIKBAABKQKQ-UHFFFAOYSA-N,c1cc2c(cc1C1OCC3C(c4ccc5c(c4)OCO5)OCC13)OCO2,sesamin,,,,,medium,,
WDXRGPWQVHZTQJ-UHFFFAOYSA-N,CC=C1C(=O)CC2C3CCC4=CC(=O)CCC4(C)C3CCC12C,"pregna-4,17-diene-3,16-dione",,,,,medium,,
UCDVIBNDYLUWFP-UHFFFAOYSA-N,C=C1C(=O)C23C(O)CC4C(C)(C)C(=O)CCC4(C)C2CCC1C3O,glaucocalyxin A,,,,,medium,,
CWVRJTMFETXNAD-UHFFFAOYSA-N,O=C(C=Cc1ccc(O)c(O)c1)OC1CC(O)(C(=O)O)CC(O)C1O,Chlorogenic Acid,,,,,medium,,
OKTJSMMVPCPJKN-UHFFFAOYSA-N,[C],Carbon,,,,,medium,,
ZFAHNWWNDFHPOH-UHFFFAOYSA-N,C=CCSCC(N)C(=O)O,S-allylcysteine,,,,,medium,,
XIFVTSIIYVGRHJ-UHFFFAOYSA-N,CNc1nc(N(C)C)nc(N(C)C)n1,CHEMBL457723,,,,,,1.0,
JKHRCGUTYDNCLE-UHFFFAOYSA-O,Oc1cc(O)c2cc(O)c(-c3cc(O)c(O)c(O)c3)[o+]c2c1,delphinidin,,,,,medium,,
LBBJNGFCXDOYMQ-UHFFFAOYSA-N,Cc1[nH]ccc2c1[nH]c1cc(=O)ccc12,harmol,,,,,weak,,
QSXXLDDWVCEBFP-UHFFFAOYSA-N,CCOCn1cnc2c1c(=O)n(CCCCC(C)(C)O)c(=O)n2C,torbafylline,,,,,weak,,
UKHQRARQNZOXRL-UHFFFAOYSA-N,C[SnH](C)C,trimethyltin,,,,,medium,,
GIMNAEMRNXUAQP-UHFFFAOYSA-N,Cc1ncc(-c2csc(N=C(N)N)n2)[nH]1,CHEMBL70209,,,,,,1.0,
YYVYAPXYZVYDHN-UHFFFAOYSA-N,O=C1C(=O)c2ccccc2-c2ccccc21,"9,10-phenanthrenequinone",,,,,medium,,
XSOKHXFFCGXDJZ-UHFFFAOYSA-N,[Te-2],cadmium telluride,,,,,medium,,
WWNNZCOKKKDOPX-UHFFFAOYSA-N,C[n+]1cccc(C(=O)[O-])c1,trigonelline,,,,,medium,,
MHVJRKBZMUDEEV-UHFFFAOYSA-N,C=CC1(C)C=C2CCC3C(C)(C(=O)O)CCCC3(C)C2CC1,pimaric acid,,,,,medium,,
AIZFEOPQVZBNGH-UHFFFAOYSA-N,O=C1CN=C(c2ccccc2)c2c(sc3c2CCCC3)N1,bentazepam,unknown,,,weak,,1.0,
QOZFCKXEVSGWGS-UHFFFAOYSA-N,CC12CCC3c4ccc(O)c(O)c4CCC3C1CCC2O,4-hydroxyestradiol,,,,,medium,,
DTGZHCFJNDAHEN-UHFFFAOYSA-N,CCC1CN2CCc3cc(OC)c(OC)cc3C2CC1CC1NCCc2cc(O)c(OC)cc21,cephaelin,,,,,weak,,
WQCWELFQKXIPCN-UHFFFAOYSA-N,O=C(C=Cc1ccc(O)cc1)c1c(O)cc(O)cc1OC1OC(CO)C(O)C(O)C1O,isosalipurposide,,,,,weak,,
NYHBQMYGNKIUIF-UHFFFAOYSA-N,Nc1nc2c(ncn2C2OC(CO)C(O)C2O)c(=O)[nH]1,Guanosine,,,,,weak,,
LELBFTMXCIIKKX-UHFFFAOYSA-N,CCC1CN2CCc3c([nH]c4cccc(OC)c34)C2CC1C(=COC)C(=O)OC,mitragynine,,,,,medium,,
PIMZUZSSNYHVCU-UHFFFAOYSA-N,C=C(C)C1C2OC(=O)C1C1(O)CC3OC34C(=O)OC2C14C,picrotoxinin,,,,,weak,,
XDOTVMNBCQVZKG-UHFFFAOYSA-N,CSC(C)=NOC(=O)N(C)SN(C)C(=O)ON=C(C)SC,thiodicarb,,,,,medium,,
CFMYXEVWODSLAX-UHFFFAOYSA-N,NC1=NC(O)C2C3OC4(O)OC(C(O)C2(N1)C4O)C3(O)CO,Tetrodotoxin,,,,,medium,,
KYFBXCHUXFKMGQ-UHFFFAOYSA-N,CC(C)=CCc1c(O)ccc2c1OC(c1ccc(O)cc1)CC2=O,isobavachin,,,,,weak,,
SDIVYZXRQHWCKF-UHFFFAOYSA-N,O=c1c2ccccc2nc2n1CCC2O,vasicinone,,,,,medium,,
AERBNCYCJBRYDG-UHFFFAOYSA-N,CCCCCCCCCCCCCCC(O)C(O)C(N)CO,phytosphingosine,,,,,medium,,
JETQIUPBHQNHNZ-OAYJICASSA-N,CC1(C)S[C@@H]2[C@H](NC(=O)C(c3ccccc3)S(=O)(=O)O)C(=O)N2[C@H]1C(=O)O,CHEMBL1256734,,,,,,1.0,
XDEURYRPQDIBSL-UHFFFAOYSA-N,O=C1C=C2CCNC2=CC1=O,aminochrome 1,,,,,weak,,
MQZIGYBFDRPAKN-UHFFFAOYSA-N,CC(C=CC=C(C)C=CC1=C(C)C(=O)C(O)CC1(C)C)=CC=CC=C(C)C=CC=C(C)C=CC1=C(C)C(=O)C(O)CC1(C)C,astaxanthine,,,,,medium,,
ACNHBCIZLNNLRS-UHFFFAOYSA-N,CC(C)(O)C1OC2CCC3(C)C(O)(CCC4Cc5c([nH]c6ccccc56)C43C)C2=CC1=O,paxilline,,,,,medium,,
YWXYYJSYQOXTPL-KVTDHHQDSA-N,O=[N+]([O-])O[C@@H]1CO[C@H]2[C@@H]1OC[C@H]2O,CHEMBL4076736,,,,,,1.0,
OUADMZZEIRSDSG-UHFFFAOYSA-N,COC12C(CO)C3=C(C(=O)C(C)=C(N)C3=O)N1CC1NC12,10-decarbamoylmitomycin C,,,,,weak,,
SONNWYBIRXJNDC-UHFFFAOYSA-N,CNCC(O)c1cccc(O)c1,Phenylephrine,,,,,medium,,
XLTANAWLDBYGFU-UHFFFAOYSA-N,CCN1CC2(COC(=O)c3ccccc3N3C(=O)CC(C)C3=O)CCC(OC)C34C5CC6C(OC)CC(O)(C5C6OC)C(O)(C(OC)C23)C14,methyllycaconitine,,,,,medium,,
ASXGJMSKWNBENU-UHFFFAOYSA-N,CCCN(CCC)C1CCc2cccc(O)c2C1,8-Hydroxy-2-(di-n-propylamino)tetralin,,,,,medium,,
NAAJVHHFAXWBOK-UHFFFAOYSA-N,CC(C)=CC(=O)CC(C)c1ccc(C)cc1,ar-turmerone,,,,,weak,,
WFUGQJXVXHBTEM-UHFFFAOYSA-N,CCC(C)(OO)OOC(C)(CC)OO,methyl ethyl ketone peroxide,,,,weak,,,
QMGVPVSNSZLJIA-UHFFFAOYSA-N,O=C1CC2OCC=C3CN4CCC56c7ccccc7N1C5C2C3CC46,Strychnine,,,,,weak,,
RGZSQWQPBWRIAQ-UHFFFAOYSA-N,CC(C)=CCCC(C)(O)C1CC=C(C)CC1,bisabolol,,,,,medium,,
MAYJEFRPIKEYBL-UHFFFAOYSA-N,CC1(C)OC(=O)C=CC2(C)C1CC(=O)C1(C)C2CCC2(C)C(c3ccoc3)OC(=O)C3OC321,obacunone,,,,,weak,,
ACTRVOBWPAIOHC-XIXRPRMCSA-N,O=C(O)[C@@H](S)[C@@H](S)C(=O)O,CHEMBL1201073,,,,,,1.0,
NZHGWWWHIYHZNX-UHFFFAOYSA-N,COc1ccc(C=CC(=O)Nc2ccccc2C(=O)O)cc1OC,tranilast,,,,,medium,,
AADCDMQTJNYOSS-UHFFFAOYSA-N,CCc1cc(Cl)c(OC)c(C(=O)NCC2CCCN2CC)c1O,eticlopride,,,,,medium,,
YGYAWVDWMABLBF-UHFFFAOYSA-N,O=C(Cl)Cl,Phosgene,,,,,medium,,
IFFPICMESYHZPQ-UHFFFAOYSA-N,CC(Cc1ccccc1)NCCC(c1ccccc1)c1ccccc1,CHEMBL24072,,,,,,1.0,
SZINUGQCTHLQAZ-UHFFFAOYSA-N,CC(=O)C1=C(O)C2C3c4c[nH]c5cccc(c45)CC3C(C)(C)N2C1=O,cyclopiazonic acid,,,,,weak,,
SDCUWFRXMLQNCS-UHFFFAOYSA-N,CC12CC(c3ccc(OCCCCCS(=O)(=O)CCCC(F)(F)C(F)(F)F)cc3)C3c4ccc(O)cc4CCC3C1CCC2O,RU 58668,,,,,weak,,
