inchi_key,canonical_smiles,name,vivo_dilirank,vivo_livertox,vivo_dailymed,vivo_pubmed,vivo_ctd,vivo_faers,vivo_chembl,vivo_marketed_clean_neg,has_dilirank,has_livertox,has_dm_boxed
AURFZBICLPNKBZ-UHFFFAOYSA-N,CC(=O)C1CCC2C3CCC4CC(O)CCC4(C)C3CCC12C,Brexanolone,vNo-DILI-Concern,E,,,medium,,,,True,True,False
QIRNGVVZBINFMX-UHFFFAOYSA-N,C=CCc1ccccc1O,2-Allylphenol,unknown,,,,weak,,,1.0,False,False,False
JTJMJGYZQZDUJJ-UHFFFAOYSA-N,c1ccc(C2(N3CCCCC3)CCCCC2)cc1,phencyclidine,unknown,C,,,medium,,1.0,1.0,False,True,False
MYMOFIZGZYHOMD-UHFFFAOYSA-N,O=O,OXYGEN,unknown,,,weak,strong,,,1.0,False,False,False
YFDSDPIBEUFTMI-UHFFFAOYSA-N,OCC(Br)(Br)Br,tribromoethanol,unknown,,,,weak,,1.0,1.0,False,False,False
IQPNAANSBPBGFQ-UHFFFAOYSA-N,O=c1cc(-c2ccc(O)c(O)c2)oc2cc(O)cc(O)c12,Luteolin,unknown,,,,medium,,,1.0,False,False,False
BTFHLQRNAMSNLC-UHFFFAOYSA-N,C#CCN(C)CCCOc1ccc(Cl)cc1Cl,Clorgyline,unknown,,,,medium,,,1.0,False,False,False
DYAIAHUQIPBDIP-AXAPSJFSSA-N,O=C(O)C1=C(CSc2nnnn2CS(=O)(=O)O)CS[C@@H]2[C@H](NC(=O)[C@H](O)c3ccccc3)C(=O)N12,CEFONICID,unknown,,,,,,1.0,1.0,False,False,False
HHJUWIANJFBDHT-ZVTSDNJWSA-N,CC[C@]1(O)C[C@@H]2CN(CCc3c([nH]c4ccccc34)[C@@](C(=O)OC)(c3cc4c(cc3OC)N(C)[C@H]3[C@@](O)(C(N)=O)[C@H](O)[C@]5(CC)C=CCN6CC[C@]43[C@@H]65)C2)C1,vindesine,unknown,,,,,,1.0,1.0,False,False,False
ZGXJTSGNIOSYLO-UHFFFAOYSA-N,NCC(=O)CCC(=O)O,AMINOLEVULINIC ACID,unknown,,,weak,medium,,1.0,1.0,False,False,False
RWMKKWXZFRMVPB-UHFFFAOYSA-N,[Si+4],Magnesium Silicate,unknown,,,,strong,,,1.0,False,False,False
CPMDPSXJELVGJG-UHFFFAOYSA-N,COC(=O)c1ccc2c(C(=Nc3ccc(N(C)C(=O)CN4CCN(C)CC4)cc3)c3ccccc3)c(O)[nH]c2c1,Nintedanib,vMost-DILI-Concern,C,,,,,,1.0,True,True,False
MEZZCSHVIGVWFI-UHFFFAOYSA-N,COc1ccc(C(=O)c2ccccc2O)c(O)c1,dioxybenzone,unknown,,,,medium,,,1.0,False,False,False
IZEKFCXSFNUWAM-UHFFFAOYSA-N,OCCN(CCO)c1nc(N2CCCCC2)c2nc(N(CCO)CCO)nc(N3CCCCC3)c2n1,Dipyridamole,Ambiguous-DILI-Concern,E,adverse_hepatotox,,strong,,1.0,,False,True,False
UFUVLHLTWXBHGZ-MGZQPHGTSA-N,CCC[C@@H]1C[C@@H](C(=O)N[C@@H]([C@H]2O[C@H](SC)[C@H](OP(=O)(O)O)[C@@H](O)[C@H]2O)[C@H](C)Cl)N(C)C1,CLINDAMYCIN PHOSPHATE,unknown,,,,,,1.0,1.0,False,False,False
KBAFPSLPKGSANY-UHFFFAOYSA-N,CCN(CC)CCOC(=O)C(Cc1cccc2ccccc12)CC1CCCO1,naftidrofuryl,unknown,,,weak,,,,1.0,False,False,False
NSVFSAJIGAJDMR-UHFFFAOYSA-N,CC1=C(C(=O)OCCN(Cc2ccccc2)c2ccccc2)C(c2cccc([N+](=O)[O-])c2)C(P2(=O)OCC(C)(C)CO2)=C(C)N1,efonidipine,unknown,,,,weak,,,1.0,False,False,False
DOIRQSBPFJWKBE-UHFFFAOYSA-N,CCCCOC(=O)c1ccccc1C(=O)OCCCC,dibutylphthalate,unknown,,,,strong,,,1.0,False,False,False
RMHMFHUVIITRHF-UHFFFAOYSA-N,CN1CCN(CC(=O)N2c3ccccc3C(=O)Nc3cccnc32)CC1,pirenzepine,unknown,,,weak,,,1.0,1.0,False,False,False
LISFMEBWQUVKPJ-UHFFFAOYSA-N,O=c1ccc2ccccc2[nH]1,2-Hydroxyquinoline,unknown,,,weak,,,,1.0,False,False,False
PVHUJELLJLJGLN-UHFFFAOYSA-N,CCOC(=O)C1=C(C)NC(C)=C(C(=O)OC)C1c1cccc([N+](=O)[O-])c1,nitrendipine,unknown,,,,weak,,,1.0,False,False,False
UZFMOKQJFYMBGY-UHFFFAOYSA-N,CC1(C)CC(O)CC(C)(C)N1[O],Tempol,unknown,,,,medium,,,1.0,False,False,False
DPSPPJIUMHPXMA-UHFFFAOYSA-N,CC1CCc2cc(F)cc3c(=O)c(C(=O)O)cn1c23,flumequine,unknown,,,,strong,,1.0,1.0,False,False,False
FPIPGXGPPPQFEQ-OVSJKPMPSA-N,CC1=C(/C=C/C(C)=C/C=C/C(C)=C/CO)C(C)(C)CCC1,RETINOL,unknown,,,,,,1.0,1.0,False,False,False
WWXBHTZSYYGCSG-UHFFFAOYSA-N,NC(=O)Nc1ccc([As](=O)(O)O)cc1,carbarsone,unknown,,,,,,1.0,1.0,False,False,False
VDKMYSMWQCFYBQ-UHFFFAOYSA-N,CCC(C)(C)NCC(O)COc1ccccc1C(=O)CCc1ccccc1,diprafenone,unknown,,,,,,1.0,1.0,False,False,False
DKMFBWQBDIGMHM-UHFFFAOYSA-N,CC1CCN(CCCC(=O)c2ccc(F)cc2)CC1,melperone,unknown,,,,,,1.0,1.0,False,False,False
MOTIYCLHZZLHHQ-UHFFFAOYSA-N,CC(Cl)(Cl)C(c1ccc(Cl)cc1)c1ccccc1Cl,Mitometh,unknown,,,,strong,,,1.0,False,False,False
IUTCEZPPWBHGIX-UHFFFAOYSA-N,[Sn+2],stannous fluoride,unknown,,,,medium,,,1.0,False,False,False
QWGDMFLQWFTERH-UHFFFAOYSA-N,Clc1ccc2c(c1)C(N1CCNCC1)=Nc1ccccc1O2,AMOXAPINE,Ambiguous-DILI-Concern,E,,,strong,,1.0,0.0,False,True,False
UMJJGDUYVQCBMC-UHFFFAOYSA-N,CCNCCCNCCCNCCCNCC,"N1,N11-Diethylnorspermine",unknown,,,,weak,,,1.0,False,False,False
KAATUXNTWXVJKI-UHFFFAOYSA-N,CC1(C)C(C=C(Cl)Cl)C1C(=O)OC(C#N)c1cccc(Oc2ccccc2)c1,cypermethrin,unknown,,,,strong,,,1.0,False,False,False
XCWPUUGSGHNIDZ-UHFFFAOYSA-N,COc1cc2[nH]c(C)c(CCN3CCN(c4ccccc4)CC3)c2cc1OC,oxypertine,unknown,,,,,,1.0,1.0,False,False,False
CYDMQBQPVICBEU-XRNKAMNCSA-N,CN(C)[C@@H]1C(O)=C(C(N)=O)C(=O)[C@@]2(O)C(O)=C3C(=O)c4c(O)ccc(Cl)c4[C@@](C)(O)[C@H]3C[C@@H]12,CHLORTETRACYCLINE,unknown,,,,,,1.0,1.0,False,False,False
UCTWMZQNUQWSLP-UHFFFAOYSA-N,CNCC(O)c1ccc(O)c(O)c1,racepinefrine,vNo-DILI-Concern,,,,strong,,,1.0,True,False,False
OQDPVLVUJFGPGQ-UHFFFAOYSA-N,c1cnc(N2CCN(Cc3ccc4c(c3)OCO4)CC2)nc1,piribedil,unknown,,,,,,1.0,1.0,False,False,False
MOTZDAYCYVMXPC-UHFFFAOYSA-N,CCCCCCCCCCCCOS(=O)(=O)O,Lauryl sulfate,unknown,,,,medium,,,1.0,False,False,False
WYMSBXTXOHUIGT-UHFFFAOYSA-N,CCOP(=O)(OCC)Oc1ccc([N+](=O)[O-])cc1,paraoxon,unknown,,,,medium,,,1.0,False,False,False
BACHBFVBHLGWSL-UHFFFAOYSA-N,COC(=O)C(C)Oc1ccc(Oc2ccc(Cl)cc2Cl)cc1,Diclofop-methyl,unknown,,,,strong,,,1.0,False,False,False
CKNAQFVBEHDJQV-UHFFFAOYSA-N,Cc1c(-c2cnccn2)ssc1=S,Oltipraz,unknown,,,,strong,,,1.0,False,False,False
BPICBUSOMSTKRF-UHFFFAOYSA-N,Cc1cccc(C)c1NC1=NCCCS1,Xylazine,unknown,,,,weak,,,1.0,False,False,False
YXFVVABEGXRONW-UHFFFAOYSA-N,Cc1ccccc1,Toluene,unknown,,,medium,medium,,,1.0,False,False,False
URAYPUMNDPQOKB-UHFFFAOYSA-N,CC(=O)OCC(COC(C)=O)OC(C)=O,triacetin,unknown,,,,weak,,,1.0,False,False,False
IWDCLRJOBJJRNH-UHFFFAOYSA-N,Cc1ccc(O)cc1,P-Cresol,unknown,,,,medium,,,1.0,False,False,False
UHWVSEOVJBQKBE-UHFFFAOYSA-N,COc1ccc(CN2CCNCC2)c(OC)c1OC,trimetazidine,unknown,,,,medium,,,1.0,False,False,False
SEBPXHSZHLFWRL-UHFFFAOYSA-N,Cc1c(C)c2c(c(C)c1O)CCC(C)(C)O2,"2,2,5,7,8-Pentamethyl-6-chromanol",unknown,,,,strong,,,1.0,False,False,False
GFFGJBXGBJISGV-UHFFFAOYSA-N,Nc1ncnc2nc[nH]c12,adenine,unknown,,,weak,strong,,,1.0,False,False,False
MHAJPDPJQMAIIY-UHFFFAOYSA-N,OO,magnesium peroxide,unknown,,,,strong,,,1.0,False,False,False
SOWBFZRMHSNYGE-UHFFFAOYSA-N,NC(=O)C(=O)O,Oxamic Acid,unknown,,,,medium,,,1.0,False,False,False
RUZYUOTYCVRMRZ-UHFFFAOYSA-N,COc1cc2nc(N3CCN(C(=O)C4COc5ccccc5O4)CC3)nc(N)c2cc1OC,Doxazosin mesylate,vLess-DILI-Concern,E,,,medium,,1.0,,True,True,False
KSFOVUSSGSKXFI-UHFFFAOYSA-N,C=CC1=C(C)c2cc3[nH]c(cc4nc(cc5[nH]c(cc1n2)c(C)c5CCC(=O)O)C(CCC(=O)O)=C4C)c(C)c3C=C,protoporphyrin,unknown,,,,medium,,,1.0,False,False,False
STUWGJZDJHPWGZ-UHFFFAOYSA-N,Cc1nc(NC(=O)N2CCCC2C(N)=O)sc1-c1ccnc(C(C)(C)C(F)(F)F)c1,Alpelisib,vLess-DILI-Concern,E,,,,,,,True,True,False
MFYSYFVPBJMHGN-ZPOLXVRWSA-N,C[C@]12CCC(=O)C=C1CC[C@@H]1[C@@H]2C(=O)C[C@@]2(C)[C@H]1CC[C@]2(O)C(=O)CO,Cortisone,unknown,,,,,,1.0,1.0,False,False,False
AFCGFAGUEYAMAO-UHFFFAOYSA-N,CC(=O)NCCCS(=O)(=O)O,Acamprosate calcium,vLess-DILI-Concern,E,,,,,1.0,,True,True,False
BCSVCWVQNOXFGL-UHFFFAOYSA-N,O=C(O)Cc1nn(Cc2nc3cc(C(F)(F)F)ccc3s2)c(=O)c2ccccc12,Zopolrestat,unknown,,,,medium,,1.0,1.0,False,False,False
BPLBGHOLXOTWMN-UHFFFAOYSA-N,CC1(C)SC2C(NC(=O)COc3ccccc3)C(=O)N2C1C(=O)O,Penicillin v potassium,vNo-DILI-Concern,,,weak,weak,,,,True,False,False
NPUKDXXFDDZOKR-UHFFFAOYSA-N,CCOC(=O)c1cncn1C(C)c1ccccc1,Etomidate,vNo-DILI-Concern,,,,weak,,,,True,False,False
ZTHYODDOHIVTJV-UHFFFAOYSA-N,CCCOC(=O)c1cc(O)c(O)c(O)c1,Propyl Gallate,unknown,,,,medium,,,1.0,False,False,False
WSFSSNUMVMOOMR-UHFFFAOYSA-N,C=O,formaldehyde,unknown,,,,strong,,,1.0,False,False,False
LMJSLTNSBFUCMU-UHFFFAOYSA-N,NS(=O)(=O)c1cc2c(cc1Cl)NC(C(Cl)Cl)NS2(=O)=O,TRICHLORMETHIAZIDE,unknown,,,,,,1.0,1.0,False,False,False
DMUAPQTXSSNEDD-QALJCMCCSA-N,CCC(=O)O[C@@H]1CC(=O)O[C@H](C)C/C=C/C=C/[C@H](O)[C@H](C)C[C@H](CC=O)[C@H](O[C@@H]2O[C@H](C)[C@@H](O[C@H]3C[C@@](C)(O)[C@@H](OC(=O)CC)[C@H](C)O3)[C@H](N(C)C)[C@H]2O)[C@H]1OC,mydecamycin,unknown,,,,,,1.0,1.0,False,False,False
WWJZWCUNLNYYAU-UHFFFAOYSA-N,COP(=S)(OC)Oc1ccc(Sc2ccc(OP(=S)(OC)OC)cc2)cc1,Temephos,unknown,,,,weak,,,1.0,False,False,False
KOHIRBRYDXPAMZ-UHFFFAOYSA-N,OC(CNCC(O)C1CCc2cc(F)ccc2O1)C1CCc2cc(F)ccc2O1,NEBIVOLOL,Ambiguous-DILI-Concern,E,,,,,1.0,0.0,False,True,False
FLOSMHQXBMRNHR-UHFFFAOYSA-N,CC(=O)N=c1sc(S(N)(=O)=O)nn1C,methazolamide,vLess-DILI-Concern,,,,strong,,,1.0,True,False,False
WVDDGKGOMKODPV-UHFFFAOYSA-N,OCc1ccccc1,BENZYL ALCOHOL,unknown,,,,weak,,,1.0,False,False,False
VSWBSWWIRNCQIJ-UHFFFAOYSA-N,CN1CC2c3ccccc3Oc3ccc(Cl)cc3C2C1,ASENAPINE,unknown,D,,,,,,1.0,False,True,False
HFFLGKNGCAIQMO-UHFFFAOYSA-N,O=CC(Cl)(Cl)Cl,Chloral,unknown,,,,weak,,,1.0,False,False,False
YGSDEFSMJLZEOE-UHFFFAOYSA-N,O=C(O)c1ccccc1O,salicylic acid,unknown,,,medium,medium,,1.0,1.0,False,False,False
OGWKCGZFUXNPDA-XQKSVPLYSA-N,CC[C@]1(O)C[C@H]2CN(CCc3c([nH]c4ccccc34)[C@@](C(=O)OC)(c3cc4c(cc3OC)N(C=O)[C@H]3[C@@](O)(C(=O)OC)[C@H](OC(C)=O)[C@]5(CC)C=CCN6CC[C@]43[C@@H]65)C2)C1,VINCRISTINE,unknown,,,,,,1.0,1.0,False,False,False
NQRKYASMKDDGHT-UHFFFAOYSA-N,NOCC(=O)O,(Aminooxy)acetic acid,unknown,,,,medium,,,1.0,False,False,False
ARPYQKTVRGFPIS-VIFPVBQESA-N,C[C@H](C(=O)O)c1ccc2oc(-c3ccc(F)cc3)nc2c1,flunoxaprofen,unknown,,,,,,1.0,1.0,False,False,False
WOUOLAUOZXOLJQ-MBSDFSHPSA-N,CCOC(=O)[C@H](CCc1ccccc1)N[C@@H](C)C(=O)N(CC(=O)O)C1Cc2ccccc2C1,delapril,unknown,,,,,,1.0,1.0,False,False,False
IMONTRJLAWHYGT-UHFFFAOYSA-N,C#CC1(OC(C)=O)CCC2C3CCC4=CC(=O)CCC4C3CCC21C,Norethindrone acetate,vNo-DILI-Concern,,warning_hepatotox,,strong,,,,True,False,False
HCZHHEIFKROPDY-UHFFFAOYSA-N,O=C(O)c1cc(=O)c2ccccc2[nH]1,Kynurenic Acid,unknown,,,,medium,,,1.0,False,False,False
SUPKOOSCJHTBAH-UHFFFAOYSA-N,Nc1ncnc2c1ncn2CCOCP(=O)(O)O,Adefovir,unknown,,,,medium,,1.0,1.0,False,False,False
UVKZSORBKUEBAZ-UHFFFAOYSA-N,CN1CCN(C(c2ccccc2)c2ccccc2)CC1,CYCLIZINE,unknown,,,,medium,,1.0,1.0,False,False,False
XMBWDFGMSWQBCA-UHFFFAOYSA-N,I,POTASSIUM IODIDE,unknown,,,weak,medium,,,1.0,False,False,False
BUGBHKTXTAQXES-UHFFFAOYSA-N,[Se],Selenium,unknown,,,,strong,,,1.0,False,False,False
POJWUDADGALRAB-UHFFFAOYSA-N,NC(=O)NC1N=C(O)NC1=O,Alcloxa,unknown,,,,medium,,,1.0,False,False,False
FXUAIOOAOAVCGD-WCTZXXKLSA-N,O[C@H]1[C@H]2[C@H](O)CCCN2C[C@H]1O,Swainsonine,unknown,,,,,,1.0,1.0,False,False,False
GKIRPKYJQBWNGO-OCEACIFDSA-N,CCN(CC)CCOc1ccc(/C(=C(/Cl)c2ccccc2)c2ccccc2)cc1,Enclomiphene,unknown,,,,,,1.0,1.0,False,False,False
KJQFBVYMGADDTQ-UHFFFAOYSA-N,CCCCS(=N)(=O)CCC(N)C(=O)O,2-amino-4-(S-butylsulfonimidoyl)butanoic acid,unknown,,,,strong,,,1.0,False,False,False
LNXBEIZREVRNTF-UHFFFAOYSA-N,CC(C)(C)c1ccc(CCC(O)COc2ccc(C(=O)O)cc2)cc1,Lifibrol,unknown,,,,,,1.0,1.0,False,False,False
IIXWYSCJSQVBQM-UHFFFAOYSA-N,CC1Oc2cc(cnc2N)-c2c(nn(C)c2C#N)CN(C)C(=O)c2ccc(F)cc21,Lorlatinib,Ambiguous-DILI-Concern,E,warning_hepatotox,,,,,,False,True,False
DUYJMQONPNNFPI-UHFFFAOYSA-N,C=CC(=O)Nc1cc(Nc2nccc(-c3cn(C)c4ccccc34)n2)c(OC)cc1N(C)CCN(C)C,Osimertinib mesylate,vLess-DILI-Concern,E,,weak,,,,,True,True,False
VHFVKMTVMIZMIK-UHFFFAOYSA-N,Clc1cccc(N2CCNCC2)c1,1-(3-Chlorophenyl)piperazine,unknown,,,,weak,,,1.0,False,False,False
GMRQFYUYWCNGIN-UHFFFAOYSA-N,C=C1C(=CC=C2CCCC3(C)C2CCC3C(C)CCCC(C)(C)O)CC(O)CC1O,Calcitriol,vNo-DILI-Concern,,,,medium,,,,True,False,False
MBNGWHIJMBWFHU-UHFFFAOYSA-N,COc1ccc(-c2cc(=O)c3c(O)cc(O)cc3o2)cc1O,diosmetin,unknown,,,,medium,,,1.0,False,False,False
VSQQQLOSPVPRAZ-UHFFFAOYSA-N,O=c1[nH]c(=O)n(C2CC(O)C(CO)O2)cc1C(F)(F)F,Trifluridine,,E,,,weak,,,,False,True,False
MNJVRJDLRVPLFE-UHFFFAOYSA-N,Cc1ccc(-c2ncc(Cl)cc2-c2ccc(S(C)(=O)=O)cc2)cn1,ETORICOXIB,unknown,,,,weak,,,1.0,False,False,False
XHEFDIBZLJXQHF-UHFFFAOYSA-N,O=c1c(O)c(-c2ccc(O)c(O)c2)oc2cc(O)ccc12,Fisetin,unknown,,,,medium,,,1.0,False,False,False
UXYRZJKIQKRJCF-TZPFWLJSSA-N,C[C@H]1CC(=O)C[C@@H]2CC[C@H]3[C@@H]4CC[C@H](O)[C@@]4(C)CC[C@@H]3[C@]21C,mesterolone,unknown,,,,,,1.0,1.0,False,False,False
ZQPPMHVWECSIRJ-UHFFFAOYSA-N,CCCCCCCCC=CCCCCCCCC(=O)O,Ethanolamine oleate,vNo-DILI-Concern,,,,medium,,,,True,False,False
SERHTTSLBVGRBY-UHFFFAOYSA-N,CCCC1(CCC)CCC2(CCN(CCCN(CC)CC)C2)CC1,Atiprimod,unknown,,,,medium,,,1.0,False,False,False
QEVHRUUCFGRFIF-UHFFFAOYSA-N,COC(=O)C1C2CC3c4[nH]c5cc(OC)ccc5c4CCN3CC2CC(OC(=O)c2cc(OC)c(OC)c(OC)c2)C1OC,Reserpine,vNo-DILI-Concern,E,,,strong,,,,True,True,False
PHIQHXFUZVPYII-UHFFFAOYSA-N,C[N+](C)(C)CC(O)CC(=O)[O-],Levocarnitine,vNo-DILI-Concern,,,medium,,,1.0,,True,False,False
QSQQQURBVYWZKJ-UHFFFAOYSA-N,CC(N)Cc1c[nH]c2ccccc12,(+-)-alpha-Methyltryptamine,unknown,,,,weak,,,1.0,False,False,False
UXOWGYHJODZGMF-QORCZRPOSA-N,COCCCOc1cc(C[C@@H](C[C@H](N)[C@@H](O)C[C@H](C(=O)NCC(C)(C)C(N)=O)C(C)C)C(C)C)ccc1OC,ALISKIREN,unknown,,,,,,1.0,1.0,False,False,False
CZFFBEXEKNGXKS-UHFFFAOYSA-N,Cc1nnc(C(=O)NC(C)(C)c2nc(C(=O)NCc3ccc(F)cc3)c(O)c(=O)n2C)o1,Raltegravir potassium,vMost-DILI-Concern,E,,medium,,,1.0,,True,True,False
GMZVRMREEHBGGF-UHFFFAOYSA-N,NC(=O)CN1CCCC1=O,piracetam,unknown,,,medium,,,,1.0,False,False,False
IVRMZWNICZWHMI-UHFFFAOYSA-N,[N-]=[N+]=[N-],Iron Azide Hydrate,unknown,,,,medium,,,1.0,False,False,False
SLAYUXIURFNXPG-CRAIPNDOSA-N,NCc1ccccc1CC(=O)N[C@@H]1C(=O)N2C(C(=O)O)=C(CSc3nnnn3CC(=O)O)CS[C@H]12,CEFORANIDE,unknown,,,,,,1.0,1.0,False,False,False
IDINUJSAMVOPCM-UHFFFAOYSA-N,N=C(N)NCCCCCCC(=O)NC(O)C(=O)NCCCCNCCCN,gusperimus,unknown,,,,,,1.0,1.0,False,False,False
QWPPOHNGKGFGJK-UHFFFAOYSA-N,OCl,Hypochlorous Acid,unknown,,,,medium,,,1.0,False,False,False
KWTSXDURSIMDCE-QMMMGPOBSA-N,C[C@H](N)Cc1ccccc1,DEXTROAMPHETAMINE,vNo-DILI-Concern,,,,,,1.0,1.0,True,False,False
QGZKDVFQNNGYKY-UHFFFAOYSA-N,N,"AMMONIA SOLUTION, STRONG",vNo-DILI-Concern,C,adverse_hepatotox,medium,strong,weak,,1.0,True,True,False
IZJDOKYDEWTZSO-UHFFFAOYSA-N,S=C=NCCc1ccccc1,Phenethyl Isothiocyanate,unknown,,,,medium,,,1.0,False,False,False
ZCFFYALKHPIRKJ-UHFFFAOYSA-N,C=Cc1c(C)c2cc3[nH]c(cc4nc(cc5nc(cc1[nH]2)C(C)=C5CCC(=O)O)C(CCC(=O)O)=C4C)c(C)c3C=C,protoporphyrin IX,unknown,,,,medium,,,1.0,False,False,False
GBBSUAFBMRNDJC-UHFFFAOYSA-N,CN1CCN(C(=O)OC2c3nccnc3C(=O)N2c2ccc(Cl)cn2)CC1,Eszopiclone,vLess-DILI-Concern,E,warning_hepatotox,,,,1.0,,True,True,False
APJYDQYYACXCRM-UHFFFAOYSA-N,NCCc1c[nH]c2ccccc12,Tryptamine,unknown,,,,weak,,,1.0,False,False,False
GKQPCPXONLDCMU-CCEZHUSRSA-N,CCOC(=O)C1=C(C)NC(C)=C(C(=O)OCC)C1c1ccccc1/C=C/C(=O)OC(C)(C)C,lacidipine,unknown,,,,,,1.0,1.0,False,False,False
PXGPLTODNUVGFL-YNNPMVKQSA-N,CCCCC[C@H](O)/C=C/[C@@H]1[C@@H](C/C=C\CCCC(=O)O)[C@@H](O)C[C@H]1O,DINOPROST,unknown,,,,,,1.0,1.0,False,False,False
DTGKSKDOIYIVQL-UHFFFAOYSA-N,CC1(C)C2CCC1(C)C(O)C2,Borneol,unknown,,,,medium,,,1.0,False,False,False
YWPHCCPCQOJSGZ-UHFFFAOYSA-N,CCOc1ccccc1OCC1CNCCO1,VILOXAZINE,vNo-DILI-Concern,E,,,,,1.0,1.0,True,True,False
SESFRYSPDFLNCH-UHFFFAOYSA-N,O=C(OCc1ccccc1)c1ccccc1,BENZYL BENZOATE,unknown,,,,weak,,,1.0,False,False,False
MUCZHBLJLSDCSD-UHFFFAOYSA-N,CC(C)OP(=O)(F)OC(C)C,ISOFLUROPHATE,unknown,,,,medium,,,1.0,False,False,False
PUDHBTGHUJUUFI-SCTWWAJVSA-N,CC(C)[C@@H]1NC(=O)[C@H](CCCCN)NC(=O)[C@@H](Cc2c[nH]c3ccccc23)NC(=O)[C@H](Cc2ccc(O)cc2)NC(=O)[C@@H](NC(=O)[C@H](N)Cc2ccc3ccccc3c2)CSSC[C@@H](C(=O)N[C@H](C(N)=O)[C@@H](C)O)NC1=O,LANREOTIDE ACETATE,unknown,,,,,,1.0,1.0,False,False,False
BELBBZDIHDAJOR-UHFFFAOYSA-N,O=S1(=O)OC(c2ccc(O)cc2)(c2ccc(O)cc2)c2ccccc21,phenolsulfonphthalein,unknown,,,,medium,,,1.0,False,False,False
DBEPLOCGEIEOCV-UHFFFAOYSA-N,CC(C)(C)NC(=O)C1CCC2C3CCC4NC(=O)C=CC4(C)C3CCC12C,Finasteride,vLess-DILI-Concern,E,,,strong,,,,True,True,False
YCIMNLLNPGFGHC-UHFFFAOYSA-N,Oc1ccccc1O,Catechol,unknown,,,,medium,,,1.0,False,False,False
NBQNWMBBSKPBAY-UHFFFAOYSA-N,CC(=O)N(CC(O)CN(C(C)=O)c1c(I)c(C(=O)NCC(O)CO)c(I)c(C(=O)NCC(O)CO)c1I)c1c(I)c(C(=O)NCC(O)CO)c(I)c(C(=O)NCC(O)CO)c1I,IODIXANOL,unknown,,,,medium,,,1.0,False,False,False
WWVAPFRKZMUPHZ-UHFFFAOYSA-N,O=C(CCOCCOCCOCCOCCC(=O)Nc1c(I)cc(I)c(C(=O)O)c1I)Nc1c(I)cc(I)c(C(=O)O)c1I,IODOXAMIC ACID,unknown,,,,,,1.0,1.0,False,False,False
ZCTXEAQXZGPWFG-UHFFFAOYSA-N,O=C(NCNC(=O)NC1C(=O)NC(=O)N1CO)NC1C(=O)NC(=O)N1CO,Imidazolidinyl Urea,unknown,,,,weak,,,1.0,False,False,False
PLIKAWJENQZMHA-UHFFFAOYSA-N,Nc1ccc(O)cc1,4-Aminophenol,unknown,,,,medium,,0.0,1.0,False,False,False
YQNQNVDNTFHQSW-UHFFFAOYSA-N,CC(=O)Oc1ccccc1C(=O)Nc1ncc([N+](=O)[O-])s1,NITAZOXANIDE,vNo-DILI-Concern,E,,,medium,,,1.0,True,True,False
GIJXKZJWITVLHI-UHFFFAOYSA-N,CN1C2CCC1CC(OC(c1ccccc1)c1ccccc1)C2,Benztropine mesylate,vNo-DILI-Concern,E,,,strong,,,,True,True,False
JMBQKKAJIKAWKF-UHFFFAOYSA-N,CCC1(c2ccccc2)CCC(=O)NC1=O,GLUTETHIMIDE,unknown,,,,weak,,,1.0,False,False,False
NHZMQXZHNVQTQA-UHFFFAOYSA-N,Cc1ncc(CO)c(CN)c1O,Pyridoxamine,unknown,,,,medium,,,1.0,False,False,False
AUYYCJSJGJYCDS-UHFFFAOYSA-N,NC(Cc1cc(I)c(Oc2ccc(O)c(I)c2)c(I)c1)C(=O)O,Liothyronine sodium,vNo-DILI-Concern,,,medium,strong,,,,True,False,False
XOEUHCONYHZURQ-HNUBZJOYSA-N,CC[C@H]1OC(=O)[C@H](C)[C@@H](O[C@H]2C[C@@](C)(OC)[C@@H](O)[C@H](C)O2)[C@H](C)[C@@H](O[C@@H]2O[C@H](C)C[C@H](N(C)C)[C@H]2O)[C@](C)(O)C[C@](C)(F)C(=O)[C@H](C)[C@@H](O)[C@]1(C)O,flurithromycin,unknown,,,,,,1.0,1.0,False,False,False
HWHLPVGTWGOCJO-UHFFFAOYSA-N,OC(CCN1CCCCC1)(c1ccccc1)C1CCCCC1,TRIHEXYPHENIDYL HYDROCHLORIDE,vNo-DILI-Concern,E,,,strong,,,1.0,True,True,False
CMSMOCZEIVJLDB-UHFFFAOYSA-N,O=P1(N(CCCl)CCCl)NCCCO1,CYCLOPHOSPHAMIDE ANHYDROUS,vLess-DILI-Concern,B,adverse_hepatotox,strong,strong,strong,,1.0,True,True,False
DBGVGMSCBYYSLD-UHFFFAOYSA-N,CCCC[SnH](CCCC)CCCC,Tributylstannane,unknown,,,,strong,,,1.0,False,False,False
PUPZLCDOIYMWBV-UHFFFAOYSA-N,CC(O)CCO,"1,3-Butanediol",unknown,,,,strong,,,1.0,False,False,False
XSTXAVWGXDQKEL-UHFFFAOYSA-N,ClC=C(Cl)Cl,trichloroethylene,unknown,,,medium,strong,,,1.0,False,False,False
PMXMIIMHBWHSKN-UHFFFAOYSA-N,Cc1nc2n(c(=O)c1CCN1CCC(c3noc4cc(F)ccc34)CC1)CCCC2O,Paliperidone,vLess-DILI-Concern,E,,,,,,,True,True,False
IMOZEMNVLZVGJZ-UHFFFAOYSA-N,CCOc1cc(C(CS(C)(=O)=O)N2C(=O)c3cccc(NC(C)=O)c3C2=O)ccc1OC,Apremilast,vNo-DILI-Concern,E,,,,strong,,,True,True,False
ZDXUKAKRHYTAKV-UHFFFAOYSA-N,COC(=O)C1=C(C)NC(C)=C(C(=O)OC(C)(C)CN(C)CCC(c2ccccc2)c2ccccc2)C1c1cccc([N+](=O)[O-])c1,lercanidipine,unknown,,,,weak,,,1.0,False,False,False
HBUBKKRHXORPQB-FJFJXFQQSA-N,Nc1nc(F)nc2c1ncn2[C@@H]1O[C@H](CO)[C@@H](O)[C@@H]1O,Fludarabine,vNo-DILI-Concern,,,,,,1.0,1.0,True,False,False
SNICXCGAKADSCV-JTQLQIEISA-N,CN1CCC[C@H]1c1cccnc1,NICOTINE,unknown,,,,,,1.0,1.0,False,False,False
PIWKPBJCKXDKJR-UHFFFAOYSA-N,FC(F)OC(Cl)C(F)(F)F,ISOFLURANE,unknown,B,warning_hepatotox,strong,strong,,1.0,1.0,False,True,False
VZYCZNZBPPHOFY-UHFFFAOYSA-N,CN1CCN(CCCN2c3ccccc3Sc3ccc(S(=O)(=O)N(C)C)cc32)CC1,thioproperazine,unknown,,,,,,1.0,1.0,False,False,False
STJMRWALKKWQGH-UHFFFAOYSA-N,CC(C)(C)NCC(O)c1cc(Cl)c(N)c(Cl)c1,clenbuterol,unknown,,,,medium,,,1.0,False,False,False
JXDYKVIHCLTXOP-UHFFFAOYSA-N,O=C1Nc2ccccc2C1=O,Isatin,unknown,,,,medium,,,1.0,False,False,False
LIRYPHYGHXZJBZ-UHFFFAOYSA-N,CC(=O)Nc1cccc(-n2c(=O)n(C3CC3)c(=O)c3c(Nc4ccc(I)cc4F)n(C)c(=O)c(C)c32)c1,TRAMETINIB,vLess-DILI-Concern,E,,,,,,1.0,True,True,False
RAGOYPUPXAKGKH-UHFFFAOYSA-N,CCC(C(C)O)n1ncn(-c2ccc(N3CCN(c4ccc(OCC5COC(Cn6cncn6)(c6ccc(F)cc6F)C5)cc4)CC3)cc2)c1=O,Posaconazole,vMost-DILI-Concern,E,warning_hepatotox,,,,,,True,True,False
PJSFRIWCGOHTNF-UHFFFAOYSA-N,COc1ncnc(NS(=O)(=O)c2ccc(N)cc2)c1OC,SULFADOXINE,unknown,,,medium,strong,,1.0,1.0,False,False,False
HCHKCACWOHOZIP-UHFFFAOYSA-N,[Zn],Zinc,unknown,E,,weak,strong,,,1.0,False,True,False
INJOMKTZOLKMBF-UHFFFAOYSA-N,N=C(N)NC(=O)Cc1c(Cl)cccc1Cl,GUANFACINE,Ambiguous-DILI-Concern,E,,,,,1.0,0.0,False,True,False
ATHGHQPFGPMSJY-UHFFFAOYSA-N,NCCCCNCCCN,Spermidine,unknown,,,,strong,,,1.0,False,False,False
BHTRKEVKTKCXOH-LBSADWJPSA-N,C[C@H](CCC(=O)NCCS(=O)(=O)O)[C@H]1CC[C@H]2[C@@H]3[C@@H](O)C[C@@H]4C[C@H](O)CC[C@]4(C)[C@H]3CC[C@]12C,TAURURSODIOL,unknown,,,,,,1.0,1.0,False,False,False
DHVLDKHFGIVEIP-UHFFFAOYSA-N,N#CCCC(Br)(C#N)CBr,"1,2-Dibromo-2,4-dicyanobutane",unknown,,,,medium,,,1.0,False,False,False
CXOXHMZGEKVPMT-UHFFFAOYSA-N,CN1C(=O)CC(=O)N(c2ccccc2)c2cc(Cl)ccc21,CLOBAZAM,Ambiguous-DILI-Concern,E,boxed_hepatotox,,weak,,,0.0,False,True,True
FGXWKSZFVQUSTL-UHFFFAOYSA-N,O=c1[nH]c2ccccc2n1CCCN1CCC(n2c(=O)[nH]c3cc(Cl)ccc32)CC1,domperidone,unknown,,,,medium,,1.0,1.0,False,False,False
UFLRJROFPAGRPN-UHFFFAOYSA-N,CN1CCN(C(=S)Nc2ccc(Nc3ccc([N+](=O)[O-])cc3)cc2)CC1,amocarzine,unknown,,,,,,1.0,1.0,False,False,False
BMOVQUBVGICXQN-UHFFFAOYSA-N,CCC(C)(Oc1ccc(C2(c3ccc(OC(C)(CC)C(=O)O)cc3)CCCCC2)cc1)C(=O)O,clinofibrate,unknown,,,,weak,,,1.0,False,False,False
QBKSWRVVCFFDOT-UHFFFAOYSA-N,Cc1cc2c(C(C)C)c(O)c(O)c(C=O)c2c(O)c1-c1c(C)cc2c(C(C)C)c(O)c(O)c(C=O)c2c1O,gossypol,unknown,,,,medium,,,1.0,False,False,False
UIEATEWHFDRYRU-UHFFFAOYSA-N,CC(C)COCC(CN(Cc1ccccc1)c1ccccc1)N1CCCC1,BEPRIDIL,unknown,,,,weak,,1.0,1.0,False,False,False
WHWZLSFABNNENI-UHFFFAOYSA-N,NC1=NCC2c3ccccc3Cc3ccccc3N12,EPINASTINE,unknown,,,,weak,,,1.0,False,False,False
FMTDIUIBLCQGJB-SEYHBJAFSA-N,CN(C)[C@@H]1C(O)=C(C(N)=O)C(=O)[C@@]2(O)C(O)=C3C(=O)c4c(O)ccc(Cl)c4[C@@H](O)[C@H]3C[C@@H]12,DEMECLOCYCLINE,unknown,,,,,,1.0,1.0,False,False,False
IAIDUHCBNLFXEF-MNEFBYGVSA-N,C[C@H](CSC(=O)c1ccccc1)C(=O)N1C[C@@H](Sc2ccccc2)C[C@H]1C(=O)O,zofenopril,unknown,,,,,,1.0,1.0,False,False,False
SPSSULHKWOKEEL-UHFFFAOYSA-N,Cc1c([N+](=O)[O-])cc([N+](=O)[O-])cc1[N+](=O)[O-],"2,4,6-Trinitrotoluene",unknown,,,,strong,,,1.0,False,False,False
LMBWSYZSUOEYSN-UHFFFAOYSA-N,CCN(CC)C(=S)S,ditiocarb,unknown,,,,strong,,,1.0,False,False,False
SOYKEARSMXGVTM-UHFFFAOYSA-N,CN(C)CCC(c1ccc(Cl)cc1)c1ccccn1,CHLORPHENIRAMINE,vNo-DILI-Concern,,,,medium,,1.0,1.0,True,False,False
WKOLLVMJNQIZCI-UHFFFAOYSA-N,COc1cc(C(=O)O)ccc1O,Vanillate,unknown,,,,medium,,,1.0,False,False,False
JOMHSQGEWSNUKU-UHFFFAOYSA-N,CN(C)S(=O)(=O)c1ccc2c(c1)N(CCCN1CCC(CCO)CC1)c1ccccc1S2,Pipotiazine,unknown,,,,,,1.0,1.0,False,False,False
AQNDDEOPVVGCPG-UHFFFAOYSA-N,COC(=O)CCc1ccc(OCC(O)CNC(C)C)cc1,Esmolol hydrochloride,vNo-DILI-Concern,E,,,medium,,,,True,True,False
ZRWPUFFVAOMMNM-UHFFFAOYSA-N,O=C1C=C2C(=CCOC2O)O1,Patulin,unknown,,,,strong,,,1.0,False,False,False
TVFDJXOCXUVLDH-UHFFFAOYSA-N,[Cs],Cesium,unknown,,,,weak,,,1.0,False,False,False
OMPJBNCRMGITSC-UHFFFAOYSA-N,O=C(OOC(=O)c1ccccc1)c1ccccc1,BENZOYL PEROXIDE,unknown,,,,medium,,,1.0,False,False,False
JBDGDEWWOUBZPM-UHFFFAOYSA-N,Nc1c(Br)cc(Br)cc1CNC1CCC(O)CC1,Ambroxol,unknown,,,,medium,,,1.0,False,False,False
XXRCUYVCPSWGCC-UHFFFAOYSA-N,CCOC(=O)C(C)=O,Ethyl pyruvate,unknown,,,,medium,,,1.0,False,False,False
RWSOTUBLDIXVET-UHFFFAOYSA-N,S,CID 5460692,unknown,,,medium,medium,,,1.0,False,False,False
CCQPAEQGAVNNIA-UHFFFAOYSA-N,O=C(O)C1(C(=O)O)CCC1,"Caronplatin, 4",vLess-DILI-Concern,D,,weak,strong,medium,,1.0,True,True,False
OPYGFNJSCUDTBT-PMLPCWDUSA-N,CC1(C)S[C@@H]2[C@H](NC(=O)[C@H](N)c3ccccc3)C(=O)N2[C@H]1C(=O)OCOC(=O)[C@@H]1N2C(=O)C[C@H]2S(=O)(=O)C1(C)C,sultamicillin,unknown,,,,,,1.0,1.0,False,False,False
LEONUFNNVUYDNQ-UHFFFAOYSA-N,[V],Vanadium,unknown,,,,medium,,,1.0,False,False,False
MXWJVTOOROXGIU-UHFFFAOYSA-N,CCNc1nc(Cl)nc(NC(C)C)n1,Atrazine,unknown,,,,strong,,,1.0,False,False,False
GXDALQBWZGODGZ-UHFFFAOYSA-N,COc1ccc(CCN2CCC(Nc3nc4ccccc4n3Cc3ccc(F)cc3)CC2)cc1,Kelp,,E,,,strong,,,,False,True,False
NUKYPUAOHBNCPY-UHFFFAOYSA-N,Nc1ccncc1,DALFAMPRIDINE,vNo-DILI-Concern,E,,,weak,,,1.0,True,True,False
QPCVHQBVMYCJOM-UHFFFAOYSA-N,CCCOC(C(=O)OC1CCN(C)CC1)(c1ccccc1)c1ccccc1,propiverine,unknown,,,,medium,,,1.0,False,False,False
LVZWSLJZHVFIQJ-UHFFFAOYSA-N,C1CC1,Cyclopropane,unknown,,,,,,1.0,1.0,False,False,False
HJORMJIFDVBMOB-UHFFFAOYSA-N,COc1ccc(C2CNC(=O)C2)cc1OC1CCCC1,Rolipram,unknown,,,,medium,,,1.0,False,False,False
CZQHHVNHHHRRDU-UHFFFAOYSA-N,O=c1cc(N2CCOCC2)oc2c(-c3ccccc3)cccc12,2-(4-morpholinyl)-8-phenyl-4H-1-benzopyran-4-one,unknown,,,,medium,,,1.0,False,False,False
VFTRKSBEFQDZKX-UHFFFAOYSA-N,c1ccc2c(Cc3c[nH]c4ccccc34)c[nH]c2c1,"3,3'-Diindolylmethane",unknown,,,,medium,,,1.0,False,False,False
QTGIAADRBBLJGA-UHFFFAOYSA-N,CCCNC(C)C(=O)Nc1c(C)csc1C(=O)OC,ARTICAINE,unknown,,,,medium,,,1.0,False,False,False
XRASPMIURGNCCH-UHFFFAOYSA-N,O=P(O)(O)C(O)(Cn1ccnc1)P(=O)(O)O,ZOLEDRONIC ACID ANHYDROUS,vLess-DILI-Concern,,,weak,,,1.0,1.0,True,False,False
XDRYMKDFEDOLFX-UHFFFAOYSA-N,N=C(N)c1ccc(OCCCCCOc2ccc(C(=N)N)cc2)cc1,PENTAMIDINE,vLess-DILI-Concern,D,,,strong,,1.0,1.0,True,True,False
KXDHJXZQYSOELW-UHFFFAOYSA-N,NC(=O)O,Carbamic Acid,unknown,,,medium,,,,1.0,False,False,False
XLJKHNWPARRRJB-UHFFFAOYSA-N,[Co+2],Cobalt(2+),unknown,,,,medium,,,1.0,False,False,False
XGOYIMQSIKSOBS-UHFFFAOYSA-N,Cc1ccc2c(=O)c3cccc(CC(=O)O)c3oc2c1C,"5,6-Dimethylxanthenone-4-Acetic Acid",unknown,,,,medium,,,1.0,False,False,False
XXEPPPIWZFICOJ-UHFFFAOYSA-N,CCN(CC)C(C)C(=O)c1ccccc1,Diethylpropion hydrochloride,vNo-DILI-Concern,E,,,strong,,,,True,True,False
TUESWZZJYCLFNL-DAFODLJHSA-N,N=C(N)c1ccc(/C=C/c2ccc(C(=N)N)cc2O)cc1,HYDROXYSTILBAMIDINE,unknown,,,,,,1.0,1.0,False,False,False
PWWVAXIEGOYWEE-UHFFFAOYSA-N,CC(CN1c2ccccc2Sc2ccccc21)N(C)C,Promethazine hydrochloride,vLess-DILI-Concern,E,,,strong,,,,True,True,False
SONNWYBIRXJNDC-VIFPVBQESA-N,CNC[C@H](O)c1cccc(O)c1,PHENYLEPHRINE,unknown,,,,,,1.0,1.0,False,False,False
XNYZHCFCZNMTFY-UHFFFAOYSA-N,N=C(N)c1ccc(N=NNc2ccc(C(=N)N)cc2)cc1,Diminazene,unknown,,,,medium,,,1.0,False,False,False
NHUHCSRWZMLRLA-UHFFFAOYSA-N,Cc1noc(NS(=O)(=O)c2ccc(N)cc2)c1C,SULFISOXAZOLE,unknown,,,,weak,,1.0,1.0,False,False,False
JDLKFOPOAOFWQN-UHFFFAOYSA-N,C=CCS[S+]([O-])CC=C,Allicin,unknown,,,,medium,,,1.0,False,False,False
VRDIULHPQTYCLN-UHFFFAOYSA-N,CCCc1cc(C(N)=S)ccn1,protionamide,unknown,,,weak,,,,1.0,False,False,False
ZOEFCCMDUURGSE-UHFFFAOYSA-N,CSCCC(NC(=O)C(CO)NC(=O)C(Cc1ccc(O)cc1)NC(=O)C(N)CO)C(=O)NC(CCC(=O)O)C(=O)NC(Cc1c[nH]cn1)C(=O)NC(Cc1ccccc1)C(=O)NC(CCCNC(=N)N)C(=O)NC(Cc1c[nH]c2ccccc12)C(=O)NCC(=O)NC(CCCCN)C(=O)N1CCCC1C(=O)NC(C(=O)NCC(=O)NC(CCCCN)C(=O)NC(CCCCN)C(=O)NC(CCCNC(=N)N)C(=O)NC(CCCNC(=N)N)C(=O)N1CCCC1C(=O)NC(C(=O)NC(CCCCN)C(=O)NC(C(=O)NC(Cc1ccc(O)cc1)C(=O)N1CCCC1C(=O)O)C(C)C)C(C)C)C(C)C,Cosyntropin,vNo-DILI-Concern,,,,medium,,,,True,False,False
NGGMYCMLYOUNGM-CSDLUJIJSA-N,CO[C@@H]1[C@H](OC(=O)/C=C/C=C/C=C/C=C/C(=O)O)CC[C@]2(CO2)[C@H]1[C@@]1(C)O[C@@H]1CC=C(C)C,fumagillin,unknown,,,,,,1.0,1.0,False,False,False
XSQUKJJJFZCRTK-UHFFFAOYSA-N,NC(N)=O,UREA,unknown,,,weak,medium,,,1.0,False,False,False
OENHQHLEOONYIE-JLTXGRSLSA-N,CC1=C(/C=C/C(C)=C/C=C/C(C)=C/C=C/C=C(C)/C=C/C=C(C)/C=C/C2=C(C)CCCC2(C)C)C(C)(C)CCC1,BETA CAROTENE,unknown,,,,,,1.0,1.0,False,False,False
QAXBVGVYDCAVLV-UHFFFAOYSA-N,CCNC1(c2cccs2)CCCCC1=O,Tiletamine,unknown,,,medium,,,,1.0,False,False,False
DVNYTAVYBRSTGK-UHFFFAOYSA-N,NC(=O)c1nc[nH]c1N,orazamide,unknown,,,,medium,,,1.0,False,False,False
MOZDKDIOPSPTBH-UHFFFAOYSA-N,O=C(OCc1ccccc1)c1ccc(O)cc1,Benzyl 4-Hydroxybenzoate,unknown,,,,medium,,,1.0,False,False,False
UUQMNUMQCIQDMZ-UHFFFAOYSA-N,CNCCc1ccccn1,betahistine,unknown,,,,,,1.0,1.0,False,False,False
PWKSKIMOESPYIA-UHFFFAOYSA-N,CC(=O)NC(CS)C(=O)O,Acetylcysteine,vNo-DILI-Concern,E,,strong,strong,,,,True,True,False
WSLDOOZREJYCGB-UHFFFAOYSA-N,ClCCCl,"1,2-Dichloroethane",unknown,,,,strong,,1.0,1.0,False,False,False
HHVIBTZHLRERCL-UHFFFAOYSA-N,CS(C)(=O)=O,Dimethyl Sulfone,unknown,,,,weak,,,1.0,False,False,False
NNKVPIKMPCQWCG-UHFFFAOYSA-N,COP(N)(=O)SC,Methamidophos,unknown,,,,medium,,,1.0,False,False,False
FZDZULUFHNDEDJ-UHFFFAOYSA-N,O=C(COCC(=O)Nc1c(I)cc(I)c(C(=O)O)c1I)Nc1c(I)cc(I)c(C(=O)O)c1I,ioglycamic acid,unknown,,,,,,1.0,1.0,False,False,False
FBQPGGIHOFZRGH-UHFFFAOYSA-N,CCN(CC)CCNc1ccc(C)c2sc3ccccc3c(=O)c12,lucanthone,unknown,,,,medium,,,1.0,False,False,False
QDGZDCVAUDNJFG-UHFFFAOYSA-N,C=C1C(CO)C(O)CC1n1cnc2c(=O)[nH]c(N)nc21,Entecavir,Ambiguous-DILI-Concern,E,boxed_hepatotox,,,,,,False,True,True
HDDSHPAODJUKPD-UHFFFAOYSA-N,COC(=O)Nc1nc2cc(Sc3ccccc3)ccc2[nH]1,fenbendazole,unknown,C,,,strong,,,1.0,False,True,False
OMZCMEYTWSXEPZ-UHFFFAOYSA-N,C=CC(=O)Nc1cc2c(Nc3ccc(F)c(Cl)c3)ncnc2cc1OCCCN1CCOCC1,Canertinib,unknown,,,,weak,,,1.0,False,False,False
UDIIBEDMEYAVNG-ZKFPOVNWSA-N,CN[C@@H]1[C@@H](O)[C@@H](O[C@@H]2[C@@H](O)[C@H](O[C@H]3O[C@H](CN)[C@@H](O)[C@H](O)[C@H]3O)[C@@H](N)C[C@H]2NC(=O)[C@@H](O)CN)OC[C@]1(C)O,isepamicin,unknown,,,,,,1.0,1.0,False,False,False
SUJUHGSWHZTSEU-UHFFFAOYSA-N,CCCC1(CCc2ccccc2)CC(O)=C(C(CC)c2cccc(NS(=O)(=O)c3ccc(C(F)(F)F)cn3)c2)C(=O)O1,Tipranavir,vMost-DILI-Concern,E,boxed_hepatotox,,,weak,,,True,True,True
YQNWZWMKLDQSAC-UHFFFAOYSA-N,Cc1ccc(Sc2ccccc2N2CCNCC2)c(C)c1,Vortioxetine hydrobromide,vLess-DILI-Concern,E,,,,,,,True,True,False
BDVFVCGFMNCYPV-UHFFFAOYSA-N,CC1CNCCN1S(=O)(=O)c1cccc2cnccc12,1-(5-Isoquinolinylsulfonyl)-2-Methylpiperazine,unknown,,,,medium,,,1.0,False,False,False
DHNRXBZYEKSXIM-UHFFFAOYSA-N,Cn1sc(Cl)cc1=O,5-Chloro-2-methyl-4-isothiazolin-3-one,unknown,,,,medium,,,1.0,False,False,False
PPRRDFIXUUSXRA-UHFFFAOYSA-N,O=c1[nH]c2ccccc2n1CCN1CCN(c2cccc(C(F)(F)F)c2)CC1,FLIBANSERIN,vNo-DILI-Concern,E,adverse_hepatotox,,,,,1.0,True,True,False
QTGAJCQTLIRCFL-UHFFFAOYSA-N,CCN(CC)CC(=O)Oc1ccc(NC(C)=O)cc1,propacetamol,unknown,,,,strong,,1.0,1.0,False,False,False
FULZLIGZKMKICU-UHFFFAOYSA-N,NC(=S)Nc1ccccc1,Phenylthiourea,unknown,,,,strong,,,1.0,False,False,False
DSAJWYNOEDNPEQ-UHFFFAOYSA-N,[Ba],Barium,unknown,,,,medium,,,1.0,False,False,False
WEYVCQFUGFRXOM-UHFFFAOYSA-N,CN1CCN(CCCN2c3ccccc3Sc3ccccc32)CC1,perazine,unknown,,,weak,,,,1.0,False,False,False
CYFLXLSBHQBMFT-UHFFFAOYSA-N,Cc1nc(NS(=O)(=O)c2ccc(N)cc2)oc1C,sulfamoxole,unknown,,,,,,1.0,1.0,False,False,False
ANEBWFXPVPTEET-UHFFFAOYSA-N,COC(=O)C1=C(C)NC(C)=C(C(=O)OCCN2CCN(C(c3ccccc3)c3ccccc3)CC2)C1c1cccc([N+](=O)[O-])c1,manidipine,unknown,,,,medium,,,1.0,False,False,False
DKOQGJHPHLTOJR-WHRDSVKCSA-N,CO/N=C(\C(=O)N[C@@H]1C(=O)N2C(C(=O)[O-])=C(C[n+]3cccc4c3CCC4)CS[C@H]12)c1csc(N)n1,cefpirome,unknown,,,,,,1.0,1.0,False,False,False
AHEVKYYGXVEWNO-UEPZRUIBSA-N,CN(C)[C@@H]1C(O)=C(C(=O)NCNCCCC[C@H](N)C(=O)O)C(=O)[C@@]2(O)C(O)=C3C(=O)c4c(O)cccc4[C@@](C)(O)[C@H]3C[C@@H]12,lymecycline,unknown,,,,,,1.0,1.0,False,False,False
OIRDTQYFTABQOQ-UHFFFAOYSA-N,Nc1ncnc2c1ncn2C1OC(CO)C(O)C1O,Adenosine,vNo-DILI-Concern,,,,strong,,,,True,False,False
RRGUKTPIGVIEKM-UHFFFAOYSA-N,O=C1CCc2cc(OCCCCc3nnnn3C3CCCCC3)ccc2N1,CILOSTAZOL,Ambiguous-DILI-Concern,E,,,medium,,1.0,0.0,False,True,False
IJKVHSBPTUYDLN-UHFFFAOYSA-N,O=[Si](O)O,Silodrate,unknown,,,,medium,,,1.0,False,False,False
LCTONWCANYUPML-UHFFFAOYSA-N,CC(=O)C(=O)O,Pyruvic Acid,unknown,,,,medium,,,1.0,False,False,False
NBRBXGKOEOGLOI-UHFFFAOYSA-N,COc1c(-c2ccc3cc(NS(C)(=O)=O)ccc3c2)cc(-n2ccc(=O)[nH]c2=O)cc1C(C)(C)C,DASABUVIR,unknown,,,weak,,,,1.0,False,False,False
IANQTJSKSUMEQM-UHFFFAOYSA-N,c1ccc2occc2c1,Benzofuran,unknown,,,,medium,,,1.0,False,False,False
FFEARJCKVFRZRR-UHFFFAOYSA-N,CSCCC(N)C(=O)O,(+-)-Methionine,vNo-DILI-Concern,,,weak,strong,,,1.0,True,False,False
ZPAKPRAICRBAOD-UHFFFAOYSA-N,O=C(O)CCC(=O)c1ccc(-c2ccccc2)cc1,fenbufen,unknown,,,,,,1.0,1.0,False,False,False
CYTYCFOTNPOANT-UHFFFAOYSA-N,ClC(Cl)=C(Cl)Cl,tetrachloroethylene,unknown,,,,strong,,,1.0,False,False,False
YMBXTVYHTMGZDW-UHFFFAOYSA-N,CC(C(=O)O)c1ccc(CC2CCCC2=O)cc1,LOXOPROFEN,unknown,,,,weak,,1.0,1.0,False,False,False
UNJFKXSSGBWRBZ-BJCIPQKHSA-N,Nc1nc(/C(=C/CC(=O)O)C(=O)N[C@@H]2C(=O)N3C(C(=O)O)=CCS[C@H]23)cs1,CEFTIBUTEN,unknown,,,,,,1.0,1.0,False,False,False
KRKNYBCHXYNGOX-UHFFFAOYSA-N,O=C(O)CC(O)(CC(=O)O)C(=O)O,CITRIC ACID,unknown,,,,medium,,,1.0,False,False,False
ANMATWQYLIFGOK-UHFFFAOYSA-N,CS(=O)(=O)Nc1cc2occ(NC=O)c(=O)c2cc1Oc1ccccc1,iguratimod,unknown,,,,weak,,,1.0,False,False,False
LHGVFZTZFXWLCP-UHFFFAOYSA-N,COc1ccccc1O,guaiacol,unknown,,,,weak,,,1.0,False,False,False
JGSARLDLIJGVTE-MBNYWOFBSA-N,CC1(C)S[C@@H]2[C@H](NC(=O)Cc3ccccc3)C(=O)N2[C@H]1C(=O)O,PENICILLIN G,unknown,,,,,,1.0,1.0,False,False,False
XAYGBKHKBBXDAK-UHFFFAOYSA-N,O=C(c1ccc(NS(=O)(=O)c2cccc3cccnc23)cc1)N1CCN(CC2CC2)CC1,MITAPIVAT SULFATE,unknown,,boxed_hepatotox,,,,,1.0,False,False,True
BDBMLMBYCXNVMC-UHFFFAOYSA-N,CC1(C)C(/C=C/C=C/C=C/C=C2\N(CCCCS(=O)(=O)O)c3ccc4ccccc4c3C2(C)C)=[N+](CCCCS(=O)(=O)[O-])c2ccc3ccccc3c21,INDOCYANINE GREEN,vNo-DILI-Concern,,,,strong,,,1.0,True,False,False
NEUSVAOJNUQRTM-UHFFFAOYSA-N,CCCCCCCCCCCCCCCC[n+]1ccccc1,cetylpyridinium,unknown,,,,medium,,,1.0,False,False,False
GLEVLJDDWXEYCO-UHFFFAOYSA-N,Cc1c(C)c2c(c(C)c1O)CCC(C)(C(=O)O)O2,"6-hydroxy-2,5,7,8-tetramethylchroman-2-carboxylic acid",,,,,medium,,0.0,,False,False,False
RMMXLENWKUUMAY-UHFFFAOYSA-N,CCCc1nc2c(C)cc(-c3nc4ccccc4n3C)cc2n1Cc1ccc(-c2ccccc2C(=O)O)cc1,Telmisartan,vLess-DILI-Concern,E,,,,,,,True,True,False
IVRXNBXKWIJUQB-UHFFFAOYSA-N,Cc1cccc(-c2nn3c(c2-c2ccnc4ccc(C(N)=O)cc24)CCC3)n1,Galunisertib,unknown,,,,weak,,,1.0,False,False,False
VFMMPHCGEFXGIP-UHFFFAOYSA-N,O=c1cc(-c2ccccc2)oc2c1ccc1ccccc12,Alpha-Naphthoflavone,unknown,,,,strong,,,1.0,False,False,False
JJCQSGDBDPYCEO-XVZSLQNASA-N,NC[C@@H]1CC[C@@H](N)[C@@H](O[C@H]2[C@H](O)[C@@H](O[C@H]3O[C@H](CO)[C@@H](O)[C@H](N)[C@H]3O)[C@H](N)C[C@@H]2N)O1,dibekacin,unknown,,,,,,1.0,1.0,False,False,False
PZRHRDRVRGEVNW-UHFFFAOYSA-N,Cc1[nH]c(=O)c(C#N)cc1-c1ccncc1,MILRINONE,Ambiguous-DILI-Concern,,,,,,1.0,1.0,False,False,False
FMJSMJQBSVNSBF-UHFFFAOYSA-N,CCCCC(CC)COC(=O)C(C#N)=C(c1ccccc1)c1ccccc1,OCTOCRYLENE,unknown,,,,medium,,,1.0,False,False,False
IUEWXNHSKRWHDY-UHFFFAOYSA-N,CCCS(=O)(=O)NC1CC(N(C)c2ncnc3[nH]ccc23)C1,"N-(cis-3-(Methyl(7H-pyrrolo(2,3-d)pyrimidin-4-yl)amino)cyclobutyl)-1-propanesulfonamide",unknown,E,warning_hepatotox,,,,,1.0,False,True,False
RRAFCDWBNXTKKO-UHFFFAOYSA-N,C=CCc1ccc(O)c(OC)c1,eugenol,unknown,C,,,medium,,,1.0,False,True,False
HAMNKKUPIHEESI-UHFFFAOYSA-N,NN=C(N)N,Aminoguanidine,unknown,,,,strong,,,1.0,False,False,False
CWRVKFFCRWGWCS-UHFFFAOYSA-N,C1CCc2nnnn2CC1,pentetrazol,unknown,,,,medium,,,1.0,False,False,False
JWPGJSVJDAJRLW-UHFFFAOYSA-N,N=C(N)N1CCc2ccccc2C1,debrisoquine,unknown,,,weak,,,,1.0,False,False,False
RAXXELZNTBOGNW-UHFFFAOYSA-N,c1c[nH]cn1,Imidazole,unknown,,,,medium,,,1.0,False,False,False
KJONHKAYOJNZEC-UHFFFAOYSA-N,O=C1CN=C(c2ccccc2)c2cc([N+](=O)[O-])ccc2N1,nitrazepam,unknown,,,,weak,,,1.0,False,False,False
WDRYRZXSPDWGEB-UHFFFAOYSA-N,O=C(O)c1nn(Cc2ccc(Cl)cc2Cl)c2ccccc12,lonidamine,unknown,,,,strong,,1.0,1.0,False,False,False
BWBONKHPVHMQHE-UHFFFAOYSA-N,CC(C)CCOc1ccc(NC(=S)Nc2ccc(OCCC(C)C)cc2)cc1,tiocarlide,unknown,,,,,,1.0,1.0,False,False,False
ZJQHPWUVQPJPQT-UHFFFAOYSA-N,NCc1cc(=O)[nH]o1,Muscimol,unknown,,,,medium,,,1.0,False,False,False
YXVZOBVWVRFPTE-UHFFFAOYSA-N,CNC1Cc2ccccc2N(C)c2ccccc21,metapramine,unknown,,,,,,1.0,1.0,False,False,False
CLKOFPXJLQSYAH-UHFFFAOYSA-N,CCC(C)C(N)C1=NC(C(=O)NC(CC(C)C)C(=O)NC(CCC(=O)O)C(=O)NC(C(=O)NC2CCCCNC(=O)C(CC(N)=O)NC(=O)C(CC(=O)O)NC(=O)C(Cc3cnc[nH]3)NC(=O)C(Cc3ccccc3)NC(=O)C(C(C)CC)NC(=O)C(CCCN)NC2=O)C(C)CC)CS1,Bacitracin,vNo-DILI-Concern,,,,medium,,,,True,False,False
IXOXBSCIXZEQEQ-UHFFFAOYSA-N,COc1nc(N)nc2c1ncn2C1OC(CO)C(O)C1O,Nelarabine,vLess-DILI-Concern,E,,,,,,,True,True,False
AJOQSQHYDOFIOX-UHFFFAOYSA-N,CCC(C(=O)NC(N)=O)c1ccccc1,pheneturide,unknown,,,,,,1.0,1.0,False,False,False
FCDLCPWAQCPTKC-UHFFFAOYSA-N,O=C(O)c1cc(O)c2c(c1)C(=O)c1cccc(O)c1C2=O,Rhein,unknown,,,,strong,,,1.0,False,False,False
YEKQSSHBERGOJK-UHFFFAOYSA-N,CNC(=O)OCc1cccc(COC(=O)NC)n1,pyricarbate,unknown,,,medium,,,,1.0,False,False,False
CIWBSHSKHKDKBQ-UHFFFAOYSA-N,O=C1OC(C(O)CO)C(O)=C1O,Vitamin C,vNo-DILI-Concern,,,weak,medium,medium,,,True,False,False
BGNXCDMCOKJUMV-UHFFFAOYSA-N,CC(C)(C)c1cc(O)ccc1O,Tert-Butylhydroquinone,unknown,,,,medium,,,1.0,False,False,False
OBKXEAXTFZPCHS-UHFFFAOYSA-N,O=C(O)CCCc1ccccc1,PHENYLBUTANOIC ACID,Ambiguous-DILI-Concern,E,,,medium,,1.0,1.0,False,True,False
VGZSUPCWNCWDAN-UHFFFAOYSA-N,CC(=O)c1ccc(S(=O)(=O)NC(=O)NC2CCCCC2)cc1,ACETOHEXAMIDE,unknown,,,,strong,,,1.0,False,False,False
XAGMUUZPGZWTRP-ZETCQYMHSA-N,C[C@H]1COc2c(C3(N)CC3)c(F)cc3c(=O)c(C(=O)O)cn1c23,pazufloxacin,unknown,,,,,,1.0,1.0,False,False,False
KYYIDSXMWOZKMP-UHFFFAOYSA-N,CN(C)CC(c1ccc(O)cc1)C1(O)CCCCC1,DESVENLAFAXINE,vLess-DILI-Concern,,,,,,1.0,1.0,True,False,False
LCKIEQZJEYYRIY-UHFFFAOYSA-N,[Ti+4],titanium dioxide,unknown,,,,weak,,,1.0,False,False,False
XBJBPGROQZJDOJ-UHFFFAOYSA-N,CN1CCN(c2c(F)cc3c(=O)c(C(=O)O)cn(CCF)c3c2F)CC1,fleroxacin,unknown,,,,strong,,1.0,1.0,False,False,False
BSWWXRFVMJHFBN-UHFFFAOYSA-N,Oc1c(Br)cc(Br)cc1Br,"2,4,6-Tribromophenol",unknown,,,,medium,,,1.0,False,False,False
IWUCXVSUMQZMFG-UHFFFAOYSA-N,NC(=O)c1ncn(C2OC(CO)C(O)C2O)n1,Ribavirin,vLess-DILI-Concern,E,,medium,strong,medium,,,True,True,False
IPCSVZSSVZVIGE-UHFFFAOYSA-N,CCCCCCCCCCCCCCCC(=O)O,Palmitic Acid,unknown,,,,strong,,,1.0,False,False,False
WTARULDDTDQWMU-UHFFFAOYSA-N,C=C1CCC2CC1C2(C)C,Beta-Pinene,unknown,,,,weak,,,1.0,False,False,False
YHHSONZFOIEMCP-UHFFFAOYSA-N,C[N+](C)(C)CCOP(=O)([O-])O,phosphorylcholine,unknown,,,,weak,,,1.0,False,False,False
JGFDZZLUDWMUQH-UHFFFAOYSA-N,CCCCCCCCCC[N+](C)(C)CCCCCCCCCC,Didecyldimethylammonium,unknown,,,,medium,,,1.0,False,False,False
DGAIEPBNLOQYER-UHFFFAOYSA-N,COCC(=O)Nc1c(I)c(C(=O)NCC(O)CO)c(I)c(C(=O)N(C)CC(O)CO)c1I,IOPROMIDE,unknown,,,,,,1.0,1.0,False,False,False
YBGZDTIWKVFICR-UHFFFAOYSA-N,CCCCC(CC)COC(=O)C=Cc1ccc(OC)cc1,OCTINOXATE,unknown,,,,,,1.0,1.0,False,False,False
KGBXLFKZBHKPEV-UHFFFAOYSA-N,OB(O)O,boric acid,unknown,,,,strong,,,1.0,False,False,False
HMJIYCCIJYRONP-UHFFFAOYSA-N,COC(=O)C1=C(C)NC(C)=C(C(=O)OC(C)C)C1c1cccc2nonc12,Isradipine,vLess-DILI-Concern,E,,,strong,,,,True,True,False
NIXOWILDQLNWCW-UHFFFAOYSA-N,C=CC(=O)O,Acrylic Acid,unknown,,,,medium,,,1.0,False,False,False
MXAYKZJJDUDWDS-UHFFFAOYSA-N,CC(C)CC(NC(=O)CNC(=O)c1cc(Cl)ccc1Cl)B(O)O,Ixazomib,,E,warning_hepatotox,,,,,,False,True,False
BXNANOICGRISHX-UHFFFAOYSA-N,CCOP(=S)(OCC)Oc1ccc2c(C)c(Cl)c(=O)oc2c1,Coumaphos,unknown,,,,weak,,,1.0,False,False,False
BCQZXOMGPXTTIC-UHFFFAOYSA-N,FC(F)(F)C(Cl)Br,HALOTHANE,unknown,A,,strong,strong,,1.0,1.0,False,True,False
XJGVXQDUIWGIRW-UHFFFAOYSA-N,CN1CCN(C2=Nc3ccccc3Oc3ccc(Cl)cc32)CC1,LOXAPINE,Ambiguous-DILI-Concern,D,,,,,1.0,1.0,False,True,False
VEQOALNAAJBPNY-UHFFFAOYSA-N,Cc1cc(=O)n(-c2ccccc2)n1C,phenazone,unknown,,,,weak,,1.0,1.0,False,False,False
BLXXJMDCKKHMKV-UHFFFAOYSA-N,COc1ccc2cc(CCC(C)=O)ccc2c1,NABUMETONE,Ambiguous-DILI-Concern,E,,,weak,,,0.0,False,True,False
NOOLISFMXDJSKH-UHFFFAOYSA-N,CC1CCC(C(C)C)C(O)C1,MENTHOL,unknown,,,,medium,,,1.0,False,False,False
RWQNBRDOKXIBIV-UHFFFAOYSA-N,Cc1c[nH]c(=O)[nH]c1=O,Thymine,unknown,,,,weak,,,1.0,False,False,False
CWYNVVGOOAEACU-UHFFFAOYSA-N,[Fe+2],ferrous chloride,vNo-DILI-Concern,,,,medium,,,1.0,True,False,False
UBQYURCVBFRUQT-UHFFFAOYSA-N,CC(=O)N(O)CCCCCNC(=O)CCC(=O)N(O)CCCCCNC(=O)CCC(=O)N(O)CCCCCN,Deferoxamine mesylate,vLess-DILI-Concern,E,,weak,strong,,1.0,,True,True,False
OELFLUMRDSZNSF-BRWVUGGUSA-N,CC(C)[C@H]1CC[C@H](C(=O)N[C@H](Cc2ccccc2)C(=O)O)CC1,NATEGLINIDE,unknown,,,,,,1.0,1.0,False,False,False
YBBJKCMMCRQZMA-UHFFFAOYSA-N,On1ccccc1=S,Pyrithione,unknown,,,,medium,,,1.0,False,False,False
SPJAGILXQBHHSZ-UHFFFAOYSA-N,O=c1[nH]c(=O)n(COCCO)cc1Cc1ccccc1,Benzylacyclouridine,unknown,,,,weak,,,1.0,False,False,False
BHXLLRXDAYEMPP-SBGRAJFYSA-N,CO/N=C(\C(=O)N[C@@H]1C(=O)N2C(C(=O)[O-])=C(C[n+]3ccc(N)n3CCO)CS[C@H]12)c1csc(N)n1,cefoselis,unknown,,,,,,1.0,1.0,False,False,False
ZDXPYRJPNDTMRX-VKHMYHEASA-N,NC(=O)CC[C@H](N)C(=O)O,GLUTAMINE,unknown,,,,,,1.0,1.0,False,False,False
YRCWQPVGYLYSOX-UHFFFAOYSA-N,CNCC(O)c1ccc(O)cc1,oxedrine,unknown,,,,medium,,,1.0,False,False,False
WWYNJERNGUHSAO-UHFFFAOYSA-N,C#CC1(O)CCC2C3CCC4=CC(=O)CCC4C3CCC21CC,Ovrette,vNo-DILI-Concern,,boxed_hepatotox,medium,strong,,,1.0,True,False,True
XEEQGYMUWCZPDN-DOMZBBRYSA-N,O[C@@H](c1cc(C(F)(F)F)nc2c(C(F)(F)F)cccc12)[C@H]1CCCCN1,mefloquine,unknown,,,,,,1.0,1.0,False,False,False
RGPDEAGGEXEMMM-UHFFFAOYSA-N,CN1CCOC(c2ccccc2)c2ccccc2C1,nefopam,unknown,,,,,,1.0,1.0,False,False,False
UGFHIPBXIWJXNA-UHFFFAOYSA-N,Clc1cccc(C(c2ccc3nc[nH]c3c2)n2ccnc2)c1,Liarozole,unknown,,,,,,1.0,1.0,False,False,False
BRUQQQPBMZOVGD-UHFFFAOYSA-N,COc1ccc2c3c1OC1C(=O)CCC4(O)C(C2)N(C)CCC314,Oxycodone hydrochloride,vLess-DILI-Concern,E,boxed_hepatotox,,medium,strong,,,True,True,True
OWQIUQKMMPDHQQ-UHFFFAOYSA-N,CCN(CC)CC(C)(C)COC(=O)c1ccc(N)cc1,dimethocaine,unknown,,,,weak,,,1.0,False,False,False
IDEHCMNLNCJQST-UHFFFAOYSA-N,NCCCCCCNS(=O)(=O)c1cccc2c(Cl)cccc12,N-(6-Aminohexyl)-5-Chloro-1-Naphthalenesulfonamide,unknown,,,,medium,,,1.0,False,False,False
QDUIJCOKQCCXQY-WHJQOFBOSA-N,CO/N=C(\C(=O)N[C@@H]1C(=O)N2C(C(=O)[O-])=C(C[n+]3ccn4ncccc43)CS[C@H]12)c1nsc(N)n1,cefozopran,unknown,,,,,,1.0,1.0,False,False,False
BHPQYMZQTOCNFJ-UHFFFAOYSA-N,[Ca+2],CALCIUM CHLORIDE,unknown,,,,medium,medium,,1.0,False,False,False
KRHYYFGTRYWZRS-UHFFFAOYSA-N,F,hydrofluoric acid,unknown,,,,weak,,,1.0,False,False,False
QHMBSVQNZZTUGM-UHFFFAOYSA-N,C=C(C)C1CCC(C)=CC1c1c(O)cc(CCCCC)cc1O,Cannabidiol,Ambiguous-DILI-Concern,E,,,medium,,,,False,True,False
LWJROJCJINYWOX-UHFFFAOYSA-L,Cl[Hg]Cl,mercuric chloride,unknown,,,,strong,,,1.0,False,False,False
LRFVTYWOQMYALW-UHFFFAOYSA-N,O=c1[nH]c(=O)c2[nH]cnc2[nH]1,Xanthine,unknown,,,,medium,,,1.0,False,False,False
HBBGRARXTFLTSG-UHFFFAOYSA-N,[Li+],Lithium ion,unknown,E,,,strong,weak,1.0,1.0,False,True,False
PPJYSSNKSXAVDB-UHFFFAOYSA-N,O=C(O)Cc1cc(I)c(Oc2cc(I)c(O)c(I)c2)c(I)c1,Tetraiodothyroacetic acid,unknown,,,,medium,,,1.0,False,False,False
OROGSEYTTFOCAN-UHFFFAOYSA-N,COc1ccc2c3c1OC1C(O)C=CC4C(C2)N(C)CCC341,Codeine sulfate,vNo-DILI-Concern,,boxed_hepatotox,weak,weak,,,,True,False,True
XNGIFLGASWRNHJ-UHFFFAOYSA-N,O=C(O)c1ccccc1C(=O)O,Phthalic Acid,unknown,,,,medium,,,1.0,False,False,False
VWFCHDSQECPREK-UHFFFAOYSA-N,Nc1ccn(CC(CO)OCP(=O)(O)O)c(=O)n1,Cidofovir,Ambiguous-DILI-Concern,E,,,strong,,,,False,True,False
ZPFXAOWNKLFJDN-UHFFFAOYSA-N,CCN(CCCc1ccccc1)CCCc1ccccc1,alverine,unknown,,,weak,strong,,,1.0,False,False,False
ALEXXDVDDISNDU-UHFFFAOYSA-N,CC(=O)OCC(=O)C1(O)CCC2C3CCC4=CC(=O)CCC4(C)C3C(O)CC21C,Hydrocortisone acetate,vNo-DILI-Concern,,,,,strong,,,True,False,False
JTVPZMFULRWINT-UHFFFAOYSA-N,CCN(CC)CCNC(=O)c1cc(S(C)(=O)=O)ccc1OC,tiapride,unknown,,,,medium,,,1.0,False,False,False
JUVIOZPCNVVQFO-HBGVWJBISA-N,C=C(C)[C@H]1Cc2c(ccc3c2O[C@@H]2COc4cc(OC)c(OC)cc4[C@@H]2C3=O)O1,Rotenone,unknown,,,,,,1.0,1.0,False,False,False
OGBMKVWORPGQRR-UHFFFAOYSA-N,CCC(C)C(NC(=O)C(CCC(=O)O)NC(=O)C(CO)NC(=O)C(NC(=O)C(N)CO)C(C)C)C(=O)NC(CCC(N)=O)C(=O)NC(CC(C)C)C(=O)NC(CCSC)C(=O)NC(Cc1c[nH]cn1)C(=O)NC(CC(N)=O)C(=O)NC(CC(C)C)C(=O)NCC(=O)NC(CCCCN)C(=O)NC(Cc1c[nH]cn1)C(=O)NC(CC(C)C)C(=O)NC(CC(N)=O)C(=O)NC(CO)C(=O)NC(CCSC)C(=O)NC(CCC(=O)O)C(=O)NC(CCCNC(=N)N)C(=O)NC(C(=O)NC(CCC(=O)O)C(=O)NC(Cc1c[nH]c2ccccc12)C(=O)NC(CC(C)C)C(=O)NC(CCCNC(=N)N)C(=O)NC(CCCCN)C(=O)NC(CCCCN)C(=O)NC(CC(C)C)C(=O)NC(CCC(N)=O)C(=O)NC(CC(=O)O)C(=O)NC(C(=O)NC(Cc1c[nH]cn1)C(=O)NC(CC(N)=O)C(=O)NC(Cc1ccccc1)C(=O)O)C(C)C)C(C)C,Teriparatide acetate,vLess-DILI-Concern,E,,,,,,,True,True,False
GOLXRNDWAUTYKT-UHFFFAOYSA-N,O=C(O)CCc1c[nH]c2ccccc12,1H-Indole-3-propanoic acid,unknown,,,,weak,,,1.0,False,False,False
MGQLHRYJBWGORO-UHFFFAOYSA-N,CNC1CCCN(c2c(F)cc3c(=O)c(C(=O)O)cn(C4CC4)c3c2OC)C1,balofloxacin,unknown,,,,,,1.0,1.0,False,False,False
MHIGBKBJSQVXNH-IWVLMIASSA-N,C=C1c2cccc(O)c2C(=O)C2=C(O)[C@]3(O)C(=O)C(C(N)=O)=C(O)[C@@H](N(C)C)[C@@H]3[C@@H](O)[C@H]12,METHACYCLINE,unknown,,,,,,1.0,1.0,False,False,False
SSMIFVHARFVINF-UHFFFAOYSA-N,Nc1ccc2c3c(cccc13)C(=O)NC2=O,"4-Amino-1,8-naphthalimide",unknown,,,,weak,,,1.0,False,False,False
VMWNQDUVQKEIOC-UHFFFAOYSA-N,CN1CCc2cccc3c2C1Cc1ccc(O)c(O)c1-3,Apomorphine hydrochloride,vNo-DILI-Concern,E,,,weak,,,,True,True,False
KQKPFRSPSRPDEB-UHFFFAOYSA-N,CNS(=O)(=O)Cc1ccc2[nH]cc(CCN(C)C)c2c1,SUMATRIPTAN,Ambiguous-DILI-Concern,,,,medium,,1.0,1.0,False,False,False
HAMGRBXTJNITHG-UHFFFAOYSA-N,CN=C=O,Methyl Isocyanate,unknown,,,,medium,,,1.0,False,False,False
NPAGDVCDWIYMMC-IZPLOLCNSA-N,C[C@]12CC[C@H]3[C@@H](CCC4=CC(=O)CC[C@@H]43)[C@@H]1CC[C@@H]2O,nandrolone,unknown,,,,,,1.0,1.0,False,False,False
PFOLLRNADZZWEX-FFGRCDKISA-N,CCOC(=O)OC(C)OC(=O)[C@@H]1N2C(=O)[C@@H](NC(=O)[C@H](N)c3ccccc3)[C@H]2SC1(C)C,BACAMPICILLIN,unknown,,,,,,1.0,1.0,False,False,False
XLOQNFNTQIRSOX-UHFFFAOYSA-N,CC(=O)c1ccc2c(c1)N(CC(C)N(C)C)c1ccccc1S2,aceprometazine,unknown,,,,,,1.0,1.0,False,False,False
WVPAABNYMHNFJG-QDVBXLKVSA-N,CC/C=C(\C(=O)N[C@@H]1C(=O)N2C(C(=O)OCOC(=O)C(C)(C)C)=C(COC(N)=O)CS[C@H]12)c1csc(N)n1,cefcapene pivoxil,unknown,,,,,,1.0,1.0,False,False,False
KQXKVJAGOJTNJS-UHFFFAOYSA-N,CC(C)(C)NCC(O)COc1ccccc1C1CCCC1,Penbutolol sulfate,vNo-DILI-Concern,E,,,weak,,,,True,True,False
XVUQHFRQHBLHQD-UHFFFAOYSA-N,O=C(O)Cc1cn(-c2ccccc2)nc1-c1ccc(Cl)cc1,lonazolac,unknown,,,,,,1.0,1.0,False,False,False
PFENFDGYVLAFBR-UHFFFAOYSA-N,CCOC(=O)c1c(N)sc2c1CCN(Cc1ccccc1)C2,tinoridine,unknown,,,,,,1.0,1.0,False,False,False
FAIIFDPAEUKBEP-UHFFFAOYSA-N,COC(=O)C1=C(C#N)NC(C)=C(C(=O)OC(C)C)C1c1cccc([N+](=O)[O-])c1,nilvadipine,unknown,,,,,,1.0,1.0,False,False,False
GKCBAIGFKIBETG-UHFFFAOYSA-N,CCCCNc1ccc(C(=O)OCCN(C)C)cc1,TETRACAINE,unknown,,,,weak,,,1.0,False,False,False
ZNQVEEAIQZEUHB-UHFFFAOYSA-N,CCOCCO,Glycol monoethyl ether,unknown,,,,weak,,,1.0,False,False,False
SRVJKTDHMYAMHA-WUXMJOGZSA-N,CC(=O)Nc1ccc(/C=N/NC(N)=S)cc1,Amithiozone,unknown,,,,,,1.0,1.0,False,False,False
OLVCFLKTBJRLHI-AXAPSJFSSA-N,Cn1nnnc1SCC1=C(C(=O)O)N2C(=O)[C@@H](NC(=O)[C@H](O)c3ccccc3)[C@H]2SC1,cefamandole,unknown,,,,,,1.0,1.0,False,False,False
LPLLVINFLBSFRP-UHFFFAOYSA-N,CNC(C)C(=O)c1ccccc1,Monomethylpropion,unknown,,,,weak,,,1.0,False,False,False
GBFLZEXEOZUWRN-VKHMYHEASA-N,N[C@@H](CSCC(=O)O)C(=O)O,carbocisteine,unknown,,,,,,1.0,1.0,False,False,False
LXBIFEVIBLOUGU-UHFFFAOYSA-N,OCC1NCC(O)C(O)C1O,Migalastat hydrochloride,vNo-DILI-Concern,E,,,medium,,,,True,True,False
LGYTZKPVOAIUKX-UHFFFAOYSA-N,CC(=O)CCC1C(=O)N(c2ccccc2)N(c2ccccc2)C1=O,kebuzone,unknown,,,,,,1.0,1.0,False,False,False
QFOHBWFCKVYLES-UHFFFAOYSA-N,CCCCOC(=O)c1ccc(O)cc1,Butylparaben,unknown,,,,medium,,,1.0,False,False,False
CVSVTCORWBXHQV-UHFFFAOYSA-N,CN(CC(=O)O)C(=N)N,creatine,unknown,,,,strong,,,1.0,False,False,False
JIEKMACRVQTPRC-UHFFFAOYSA-N,O=C(O)Cc1sc(-c2ccccc2)nc1-c1ccc(Cl)cc1,fentiazac,unknown,,,,,,1.0,1.0,False,False,False
AIZFEOPQVZBNGH-UHFFFAOYSA-N,O=C1CN=C(c2ccccc2)c2c(sc3c2CCCC3)N1,bentazepam,unknown,,,weak,,,1.0,1.0,False,False,False
QELSKZZBTMNZEB-UHFFFAOYSA-N,CCCOC(=O)c1ccc(O)cc1,propylparaben,unknown,,,,medium,,,1.0,False,False,False
HXQVQGWHFRNKMS-UHFFFAOYSA-M,CC[Hg]Sc1ccccc1C(=O)O,Ethylmercury thiosalicylate,unknown,,,,medium,,,1.0,False,False,False
GQPLMRYTRLFLPF-UHFFFAOYSA-N,N#[N+][O-],nitrous oxide,unknown,,,weak,,,1.0,1.0,False,False,False
TXBBUSUXYMIVOS-UHFFFAOYSA-N,O=C(CC(=O)C(F)(F)F)c1cccs1,Thenoyltrifluoroacetone,unknown,,,,medium,,,1.0,False,False,False
NGOGFTYYXHNFQH-UHFFFAOYSA-N,O=S(=O)(c1cccc2cnccc12)N1CCCNCC1,fasudil,unknown,,,,medium,,,1.0,False,False,False
LEBVLXFERQHONN-UHFFFAOYSA-N,CCCCN1CCCCC1C(=O)Nc1c(C)cccc1C,BUPIVACAINE,unknown,,,weak,medium,,,1.0,False,False,False
MKXZASYAUGDDCJ-UHFFFAOYSA-N,COc1ccc2c(c1)C13CCCCC1C(C2)N(C)CC3,Dextromethorphan polistirex,vNo-DILI-Concern,,,,strong,,,,True,False,False
ALLWOAVDORUJLA-UHFFFAOYSA-N,O=C(NC(Cc1cc(=O)[nH]c2ccccc12)C(=O)O)c1ccc(Cl)cc1,rebamipide,unknown,,,,medium,,,1.0,False,False,False
ZXSWTMLNIIZPET-ZOFHRBRSSA-N,C[C@]1(O)CC[C@H]2[C@@H]3CCC4=CC(=O)CC[C@@H]4[C@H]3CC[C@@]21C,methylestrenolone,unknown,,,,,,1.0,1.0,False,False,False
TTZHDVOVKQGIBA-UHFFFAOYSA-N,CC(C)OC(=O)C(C)NP(=O)(OCC1OC(n2ccc(=O)[nH]c2=O)C(C)(F)C1O)Oc1ccccc1,Sofosbuvir,vNo-DILI-Concern,A,,,,medium,,,True,True,False
QMHSXPLYMTVAMK-UHFFFAOYSA-N,Cc1cc(/C=C/c2ccc3cc(N(C)C)ccc3[n+]2C)c(C)n1-c1ccccc1,PYRVINIUM,unknown,,,,medium,,,1.0,False,False,False
GSEJCLTVZPLZKY-UHFFFAOYSA-N,OCCN(CCO)CCO,trolamine,unknown,,,,weak,,,1.0,False,False,False
IPVQLZZIHOAWMC-UHFFFAOYSA-N,CCCC(NC(C)C(=O)N1C(C(=O)O)CC2CCCCC21)C(=O)OCC,Perindopril erbumine,Ambiguous-DILI-Concern,E,,,medium,,,,False,True,False
JPVYNHNXODAKFH-UHFFFAOYSA-N,[Cu+2],cupric chloride,vNo-DILI-Concern,,,,strong,,,1.0,True,False,False
VLLFGVHGKLDDLW-SFHVURJKSA-N,C[C@@]1(c2cc(NC(=O)c3ccc(C#N)cn3)ccc2F)C=CSC(N)=N1,Atabecestat,unknown,,,,,,1.0,1.0,False,False,False
NMUSYJAQQFHJEW-UHFFFAOYSA-N,Nc1ncn(C2OC(CO)C(O)C2O)c(=O)n1,Azacitidine,Ambiguous-DILI-Concern,E,warning_hepatotox,,strong,,,,False,True,False
LXIKEPCNDFVJKC-QXMHVHEDSA-N,NC(=O)N1C(=O)/C(=C(\O)c2cccs2)c2cc(Cl)ccc21,tenidap,unknown,,,,,,1.0,1.0,False,False,False
BAINIUMDFURPJM-UHFFFAOYSA-N,O=c1[nH]c2ccccc2n1CCCN1CCN(C(c2ccccc2)c2ccccc2)CC1,oxatomide,unknown,,,weak,,,1.0,1.0,False,False,False
IYRMWMYZSQPJKC-UHFFFAOYSA-N,O=c1c(O)c(-c2ccc(O)cc2)oc2cc(O)cc(O)c12,Kaempferol,unknown,,,,medium,,,1.0,False,False,False
UJEWTUDSLQGTOA-UHFFFAOYSA-N,NS(=O)(=O)c1cc(C(=O)O)cc(N2CCCC2)c1Oc1ccccc1,piretanide,unknown,,,,,,1.0,1.0,False,False,False
JKKFKPJIXZFSSB-CBZIJGRNSA-N,C[C@]12CC[C@@H]3c4ccc(OS(=O)(=O)O)cc4CC[C@H]3[C@@H]1CCC2=O,ESTRONE SULFURIC ACID,unknown,,,,,,1.0,1.0,False,False,False
JVTAAEKCZFNVCJ-UHFFFAOYSA-N,CC(O)C(=O)O,SODIUM LACTATE,vNo-DILI-Concern,,,,medium,,1.0,1.0,True,False,False
MMXZSJMASHPLLR-UHFFFAOYSA-N,O=C(O)c1cc(C(=O)O)c2c(n1)C(=O)C(=O)c1cc(C(=O)O)[nH]c1-2,Pyrroloquinoline Quinone,unknown,,,,medium,,,1.0,False,False,False
SHXWCVYOXRDMCX-UHFFFAOYSA-N,CNC(C)Cc1ccc2c(c1)OCO2,"3,4-Methylenedioxymethamphetamine",unknown,,,strong,strong,,,1.0,False,False,False
QHZQILHUJDRDAI-UHFFFAOYSA-N,CCCCOCC(CN1C(=O)NC(=O)C(CC)(c2ccccc2)C1=O)OC(N)=O,febarbamate,unknown,,,,strong,,1.0,1.0,False,False,False
YEHCICAEULNIGD-UHFFFAOYSA-N,CCCN1CC(CSC)CC2c3cccc4[nH]cc(c34)CC21,Pergolide mesylate,Ambiguous-DILI-Concern,E,,,weak,,,,False,True,False
XDXWLKQMMKQXPV-QYQHSDTDSA-N,CC1=NN(c2ccc(C)c(C)c2)C(=O)/C1=N\Nc1cccc(-c2cccc(C(=O)O)c2)c1O,ELTROMBOPAG,unknown,,,,,,1.0,1.0,False,False,False
HHHKFGXWKKUNCY-FHWLQOOXSA-N,CCOC(=O)[C@H](CCc1ccccc1)N[C@H]1CCCN2CCC[C@@H](C(=O)O)N2C1=O,cilazapril,unknown,,,,,,1.0,1.0,False,False,False
MFZWMTSUNYWVBU-UHFFFAOYSA-N,CCN(CC)CCNc1ccc(CO)c2sc3ccccc3c(=O)c12,hycanthone,unknown,,,medium,,,1.0,1.0,False,False,False
GUTLYIVDDKVIGB-UHFFFAOYSA-N,[Co],Cobalt,unknown,,,,medium,,,1.0,False,False,False
XXAXVMUWHZHZMJ-UHFFFAOYSA-N,O=S(=O)(O)c1cc(O)c(O)c(S(=O)(=O)O)c1,"Antimony bis(pyrocatechol-2,4-disulfonate) heptahydrate",unknown,,,,medium,,,1.0,False,False,False
NIJJYAXOARWZEE-UHFFFAOYSA-N,CCCC(CCC)C(=O)O,VALPROATE SODIUM,vMost-DILI-Concern,A,boxed_hepatotox,strong,strong,weak,1.0,1.0,True,True,True
VXKHXGOKWPXYNA-UHFFFAOYSA-N,CC(C)CC(NC(=O)C(Cc1c[nH]c2ccccc12)NC(=O)C(Cc1ccc(O)cc1)NC(=O)C(CO)NC(=O)C(Cc1c[nH]c2ccccc12)NC(=O)C(Cc1cnc[nH]1)NC(=O)C1CCC(=O)N1)C(=O)NC(CCCN=C(N)N)C(=O)N1CCCC1C(=O)NCC(N)=O,Triptorelin pamoate,vLess-DILI-Concern,E,,,,,,,True,True,False
NMCHYWGKBADVMK-UHFFFAOYSA-N,CC(Cc1ccccc1)NCCn1cnc2c1c(=O)n(C)c(=O)n2C,fenetylline,unknown,,,,medium,,,1.0,False,False,False
HSHNITRMYYLLCV-UHFFFAOYSA-N,Cc1cc(=O)oc2cc(O)ccc12,hymecromone,unknown,,,,medium,,,1.0,False,False,False
MYBLAOJMRYYKMS-RTRLPJTCSA-N,O=NN(CCCl)C(=O)N[C@H]1C(O)O[C@H](CO)[C@@H](O)[C@@H]1O,chlorozotocin,unknown,,,,,,1.0,1.0,False,False,False
FPZLLRFZJZRHSY-HJYUBDRYSA-N,CN(C)c1cc(NC(=O)CNC(C)(C)C)c(O)c2c1C[C@H]1C[C@H]3[C@H](N(C)C)C(O)=C(C(N)=O)C(=O)[C@@]3(O)C(O)=C1C2=O,TIGECYCLINE,unknown,,,,,,1.0,1.0,False,False,False
YJYPHIXNFHFHND-UHFFFAOYSA-N,COc1ccc2cccc(CCNC(C)=O)c2c1,AGOMELATINE,unknown,,,weak,,,,1.0,False,False,False
XBDQKXXYIPTUBI-UHFFFAOYSA-N,CCC(=O)O,Propionic Acid,unknown,,,,medium,,,1.0,False,False,False
XYKWNRUXCOIMFZ-UHFFFAOYSA-N,COc1ccc(-n2nc(CCC(=O)N(C)O)cc2-c2ccc(Cl)cc2)cc1,Tepoxalin,unknown,,,,,,1.0,1.0,False,False,False
QGJUIPDUBHWZPV-UHFFFAOYSA-N,N#CC1CC2CC2N1C(=O)C(N)C12CC3CC(CC(O)(C3)C1)C2,Saxagliptin hydrochloride,vLess-DILI-Concern,E,,,,,,,True,True,False
UYXTWWCETRIEDR-UHFFFAOYSA-N,CCCC(=O)OCC(COC(=O)CCC)OC(=O)CCC,Tributyrin,unknown,,,,medium,,,1.0,False,False,False
HGGAKXAHAYOLDJ-FHZUQPTBSA-N,C[C@@H](O)[C@H]1C(=O)N2C(C(=O)O)=C([C@H]3CCCO3)S[C@H]12,faropenem,unknown,,,,,,1.0,1.0,False,False,False
AFLFKFHDSCQHOL-IZZDOVSWSA-N,CSc1ccc(C(=O)/C=C/c2cc(C)c(OC(C)(C)C(=O)O)c(C)c2)cc1,ELAFIBRANOR,unknown,,,,,,1.0,1.0,False,False,False
QCUPYFTWJOZAOB-HYXAFXHYSA-N,C/C=C(/CC)C(=O)NC(N)=O,ectylurea,unknown,,,,,,1.0,1.0,False,False,False
XKLMZUWKNUAPSZ-UHFFFAOYSA-N,COc1ccccc1OCC(O)CN1CCN(CC(=O)Nc2c(C)cccc2C)CC1,RANOLAZINE,vNo-DILI-Concern,D,,,,,,1.0,True,True,False
RNFNDJAIBTYOQL-UHFFFAOYSA-N,OC(O)C(Cl)(Cl)Cl,chloral hydrate,unknown,E,,,medium,,,1.0,False,True,False
RKUNBYITZUJHSG-FXUDXRNXSA-N,CN1[C@@H]2CC[C@H]1C[C@@H](OC(=O)[C@H](CO)c1ccccc1)C2,hyoscyamine,unknown,,,,,,1.0,1.0,False,False,False
SEOVTRFCIGRIMH-UHFFFAOYSA-N,O=C(O)Cc1c[nH]c2ccccc12,Indole-3-Acetic Acid,unknown,,,,medium,,,1.0,False,False,False
HJJPJSXJAXAIPN-UHFFFAOYSA-N,COC(=O)C1=CCCN(C)C1,Arecoline,unknown,,,,strong,,,1.0,False,False,False
DERZBLKQOCDDDZ-UHFFFAOYSA-N,C(=Cc1ccccc1)CN1CCN(C(c2ccccc2)c2ccccc2)CC1,1-(Diphenylmethyl)-4-(3-phenylprop-2-enyl)piperazine,unknown,,,,strong,,,1.0,False,False,False
KSEBMYQBYZTDHS-HWKANZROSA-N,COc1cc(/C=C/C(=O)O)ccc1O,Ferulic Acid,unknown,,,,,,1.0,1.0,False,False,False
PXBVEXGRHZFEOF-UHFFFAOYSA-N,CN(C)C(=O)OC1N=C(c2ccccc2)c2cc(Cl)ccc2N(C)C1=O,camazepam,unknown,,,,,,1.0,1.0,False,False,False
REFJWTPEDVJJIY-UHFFFAOYSA-N,O=c1c(O)c(-c2ccc(O)c(O)c2)oc2cc(O)cc(O)c12,quercetin,unknown,E,,,medium,,,1.0,False,True,False
NUZWLKWWNNJHPT-UHFFFAOYSA-N,O=C1c2c(O)cccc2Cc2cccc(O)c21,dithranol,unknown,,,,medium,,,1.0,False,False,False
SSOLNOMRVKKSON-UHFFFAOYSA-N,CC(C)N=C(N)/N=C(\N)Nc1ccc(Cl)cc1,Proguanil,unknown,E,,weak,strong,,,1.0,False,True,False
PFNFFQXMRSDOHW-UHFFFAOYSA-N,NCCCNCCCCNCCCN,Spermine,unknown,,,,weak,,,1.0,False,False,False
LLEMOWNGBBNAJR-UHFFFAOYSA-N,Oc1ccccc1-c1ccccc1,biphenylol,unknown,,,,medium,,,1.0,False,False,False
OBBCSXFCDPPXOL-UHFFFAOYSA-N,COCC(O)Cn1ccnc1[N+](=O)[O-],Misonidazole,unknown,,,,weak,,,1.0,False,False,False
SXRSQZLOMIGNAQ-UHFFFAOYSA-N,O=CCCCC=O,glutaral,unknown,,,,medium,,,1.0,False,False,False
HKVAMNSJSFKALM-UHFFFAOYSA-N,COC1CC2CCC(C)C(O)(O2)C(=O)C(=O)N2CCCCC2C(=O)OC(C(C)CC2CCC(OCCO)C(OC)C2)CC(=O)C(C)C=C(C)C(O)C(OC)C(=O)C(C)CC(C)C=CC=CC=C1C,Everolimus,vLess-DILI-Concern,E,warning_hepatotox,weak,,,,,True,True,False
MOQADKPFYVWPSE-UHFFFAOYSA-N,O=[As][As+](=O)[O-],ARSENIC TRIOXIDE,unknown,,,,,,1.0,1.0,False,False,False
DHCLVCXQIBBOPH-UHFFFAOYSA-N,O=P(O)(O)OC(CO)CO,beta-Glycerophosphate,unknown,,,,medium,,,1.0,False,False,False
XIQVNETUBQGFHX-UHFFFAOYSA-N,CCN(CC)CC#CCOC(=O)C(O)(c1ccccc1)C1CCCCC1,Oxybutynin chloride,vLess-DILI-Concern,E,,,medium,,,,True,True,False
YWTYJOPNNQFBPC-UHFFFAOYSA-N,O=[N+]([O-])/N=C1\NCCN1Cc1ccc(Cl)nc1,Imidacloprid,unknown,,,,strong,,,1.0,False,False,False
AFZSMODLJJCVPP-UHFFFAOYSA-N,c1ccc2sc(SSc3nc4ccccc4s3)nc2c1,Accelerator DM,unknown,,,,weak,,,1.0,False,False,False
RCKMWOKWVGPNJF-UHFFFAOYSA-N,CCN(CC)C(=O)N1CCN(C)CC1,DIETHYLCARBAMAZINE,unknown,,,,,,1.0,1.0,False,False,False
HYVABZIGRDEKCD-UHFFFAOYSA-N,CC(C)=CCNc1ncnc2nc[nH]c12,Isopentenyladenine,unknown,,,,weak,,,1.0,False,False,False
CHNUOJQWGUIOLD-NFZZJPOKSA-N,CC(/C=C1\SC(=S)N(CC(=O)O)C1=O)=C\c1ccccc1,EPALRESTAT,unknown,,,,,,1.0,1.0,False,False,False
LGGHDPFKSSRQNS-UHFFFAOYSA-N,COc1cc2c(cc1OC)CN(CCc1ccc(NC(=O)c3cc(OC)c(OC)cc3NC(=O)c3cnc4ccccc4c3)cc1)CC2,Tariquidar,unknown,,,,weak,,,1.0,False,False,False
HDOZVRUNCMBHFH-UHFFFAOYSA-N,CN(C)CCOC1=Cc2ccccc2Sc2ccc(Cl)cc21,zotepine,unknown,,,,,,1.0,1.0,False,False,False
ROFVEXUMMXZLPA-UHFFFAOYSA-N,c1ccc(-c2ccccn2)nc1,Imidazol-3-ide;bis(2-pyridin-2-ylpyridine);ruthenium(3+),unknown,,,,medium,,,1.0,False,False,False
UJLAWZDWDVHWOW-UHFFFAOYSA-N,CC1CCN(C(=O)CC#N)CC1N(C)c1ncnc2[nH]ccc12,Tofacitinib citrate,Ambiguous-DILI-Concern,E,warning_hepatotox,,,strong,,,False,True,False
RHMXXJGYXNZAPX-UHFFFAOYSA-N,Cc1cc(O)c2c(c1)C(=O)c1cc(O)cc(O)c1C2=O,Emodin,unknown,,,,strong,,,1.0,False,False,False
XJGFWWJLMVZSIG-UHFFFAOYSA-N,Nc1c2ccccc2nc2ccccc12,aminoacridine,unknown,,,,weak,,,1.0,False,False,False
MBGGBVCUIVRRBF-UHFFFAOYSA-N,O=C1C(CC[S+]([O-])c2ccccc2)C(=O)N(c2ccccc2)N1c1ccccc1,sulfinpyrazone,unknown,,,,medium,,,1.0,False,False,False
UGFAIRIUMAVXCW-UHFFFAOYSA-N,[C-]#[O+],Carbon Monoxide,unknown,,,,medium,,,1.0,False,False,False
BGRJTUBHPOOWDU-UHFFFAOYSA-N,CCN1CCCC1CNC(=O)c1cc(S(N)(=O)=O)ccc1OC,sulpiride,unknown,,,,strong,,,1.0,False,False,False
NJBFOOCLYDNZJN-UHFFFAOYSA-N,O=C(CCBr)N1CCN(C(=O)CCBr)CC1,PIPOBROMAN,unknown,,,,,,1.0,1.0,False,False,False
VILCJCGEZXAXTO-UHFFFAOYSA-N,NCCNCCNCCN,TRIENTINE,vNo-DILI-Concern,E,,,medium,,,1.0,True,True,False
GECHUMIMRBOMGK-UHFFFAOYSA-N,Nc1ccc(S(=O)(=O)Nc2ccccn2)cc1,SULFAPYRIDINE,unknown,,,,medium,,,1.0,False,False,False
UFULAYFCSOUIOV-UHFFFAOYSA-N,NCCS,CYSTEAMINE,unknown,D,,weak,strong,,1.0,1.0,False,True,False
RTIXKCRFFJGDFG-UHFFFAOYSA-N,O=c1cc(-c2ccccc2)oc2cc(O)cc(O)c12,Chrysin,unknown,,,,strong,,,1.0,False,False,False
TZBJGXHYKVUXJN-UHFFFAOYSA-N,O=c1c(-c2ccc(O)cc2)coc2cc(O)cc(O)c12,Genistein,unknown,,,,strong,,,1.0,False,False,False
LWAFSWPYPHEXKX-UHFFFAOYSA-N,CC(C)(C)NCC(O)COc1cccc2c1CCC(=O)N2,CARTEOLOL,unknown,,,,medium,,,1.0,False,False,False
IVVNZDGDKPTYHK-UHFFFAOYSA-N,CC(N/C(=N\C#N)Nc1ccncc1)C(C)(C)C,PINACIDIL ANHYDROUS,unknown,,,,weak,,,1.0,False,False,False
SPFYMRJSYKOXGV-UHFFFAOYSA-N,CCN1CCN(c2cc3c(cc2F)c(=O)c(C(=O)O)cn3C2CC2)CC1,Enrofloxacin,unknown,,,,weak,,,1.0,False,False,False
HNSDLXPSAYFUHK-UHFFFAOYSA-N,CCCCC(CC)COC(=O)CC(C(=O)OCC(CC)CCCC)S(=O)(=O)O,docusate sodium,unknown,E,,,medium,,1.0,1.0,False,True,False
ZCVMWBYGMWKGHF-UHFFFAOYSA-N,CN1CCC(=C2c3ccccc3CC(=O)c3sccc32)CC1,KETOTIFEN,unknown,,,,strong,,1.0,1.0,False,False,False
NTHXOOBQLCIOLC-UHFFFAOYSA-N,CC(=O)N(CC(O)CO)c1c(I)c(C(=O)NCC(O)CO)c(I)c(C(=O)NCC(O)CO)c1I,IOHEXOL,unknown,,,weak,medium,,,1.0,False,False,False
JUUBCHWRXWPFFH-UHFFFAOYSA-N,OCCc1ccc(O)c(O)c1,Hydroxytyrosol,unknown,,,,medium,,,1.0,False,False,False
HKQYGTCOTHHOMP-UHFFFAOYSA-N,COc1ccc(-c2coc3cc(O)ccc3c2=O)cc1,Formononetin,unknown,,,,medium,,,1.0,False,False,False
PYAOPMWCFSVFOT-UHFFFAOYSA-N,S=c1nc[nH]c2[nH]ncc12,tisopurine,unknown,,,,,,1.0,1.0,False,False,False
HPHUVLMMVZITSG-UHFFFAOYSA-N,CCC(C(N)=O)N1CCCC1=O,alpha-ethyl-2-oxo-1-Pyrrolidineacetamide,vLess-DILI-Concern,C,warning_hepatotox,medium,,medium,,1.0,True,True,False
OEKWJQXRCDYSHL-UHFFFAOYSA-N,CCCSc1nc(NC2CC2c2ccc(F)c(F)c2)c2nnn(C3CC(OCCO)C(O)C3O)c2n1,Ticagrelor,vNo-DILI-Concern,D,,,,,,,True,True,False
RWZYAGGXGHYGMB-UHFFFAOYSA-N,Nc1ccccc1C(=O)O,Anthranilic Acid,unknown,,,,medium,,,1.0,False,False,False
YDSDEBIZUNNPOB-UHFFFAOYSA-N,CCC(=O)N(c1ccccc1)C1(C(=O)OC)CCN(CCc2ccccc2)CC1,Carfentanil,unknown,,,,weak,,,1.0,False,False,False
ITRJWOMZKQRYTA-UHFFFAOYSA-N,CC(=O)OCC(=O)C1(O)CCC2C3CCC4=CC(=O)CCC4(C)C3C(=O)CC21C,Cortisone acetate,vNo-DILI-Concern,,,,,strong,,,True,False,False
IMWZZHHPURKASS-UHFFFAOYSA-N,Cc1cc(C)cc(OCC2CNC(=O)O2)c1,Metaxalone,vLess-DILI-Concern,E,,,,,1.0,,True,True,False
WIIZWVCIJKGZOK-UHFFFAOYSA-N,O=C(NC(CO)C(O)c1ccc([N+](=O)[O-])cc1)C(Cl)Cl,Chloramphenicol,vNo-DILI-Concern,B,,,strong,,,,True,True,False
VGGGPCQERPFHOB-RDBSUJKOSA-N,CC(C)C[C@H](NC(=O)[C@@H](O)[C@H](N)Cc1ccccc1)C(=O)O,ubenimex,unknown,,,,,,1.0,1.0,False,False,False
JXTHNDFMNIQAHM-UHFFFAOYSA-N,O=C(O)C(Cl)Cl,dichloroacetic acid,unknown,,,,strong,,,1.0,False,False,False
JXMIBUGMYLQZGO-UHFFFAOYSA-N,O=C(COCCOCCOCC(=O)Nc1c(I)cc(I)c(C(=O)O)c1I)Nc1c(I)cc(I)c(C(=O)O)c1I,iotroxic acid,unknown,,,,,,1.0,1.0,False,False,False
WAOQONBSWFLFPE-VIFPVBQESA-N,CCN1CCC[C@H]1CNC(=O)c1c(O)c(Cl)cc(Cl)c1OC,Raclopride,unknown,,,,,,1.0,1.0,False,False,False
SFLSHLFXELFNJZ-UHFFFAOYSA-N,NCC(O)c1ccc(O)c(O)c1,Norepinephrine bitartrate,vNo-DILI-Concern,,,,medium,,,,True,False,False
IXTMWRCNAAVVAI-UHFFFAOYSA-N,CN(CCOc1ccc(NS(C)(=O)=O)cc1)CCc1ccc(NS(C)(=O)=O)cc1,Dofetilide,vLess-DILI-Concern,E,,,,,,,True,True,False
BARDROPHSZEBKC-OITMNORJSA-N,C[C@@H](O[C@H]1OCCN(Cc2nn(P(=O)(O)O)c(=O)[nH]2)[C@H]1c1ccc(F)cc1)c1cc(C(F)(F)F)cc(C(F)(F)F)c1,FOSAPREPITANT,unknown,,,,,,1.0,1.0,False,False,False
NTJOBXMMWNYJFB-UHFFFAOYSA-N,CCN1CCCC1CNC(=O)c1cc(S(=O)(=O)CC)c(N)cc1OC,Amisulpride,vLess-DILI-Concern,E,,,,,1.0,,True,True,False
LNTHITQWFMADLM-UHFFFAOYSA-N,O=C(O)c1cc(O)c(O)c(O)c1,bismuth subgallate,unknown,,,,medium,,,1.0,False,False,False
ZDHCJEIGTNNEMY-XGXHKTLJSA-N,CC[C@]1(O)CC[C@H]2[C@@H]3CCC4=CC(=O)CC[C@@H]4[C@H]3CC[C@@]21C,norethandrolone,unknown,,,,,,1.0,1.0,False,False,False
BTCSSZJGUNDROE-UHFFFAOYSA-N,NCCCC(=O)O,aminobutyric acid,unknown,,,medium,medium,,,1.0,False,False,False
NNJVILVZKWQKPM-UHFFFAOYSA-N,CCN(CC)CC(=O)Nc1c(C)cccc1C,LIDOCAINE,vNo-DILI-Concern,,,medium,medium,,,1.0,True,False,False
NZWOPGCLSHLLPA-UHFFFAOYSA-N,CC(=O)OC(C)C[N+](C)(C)C,METHACHOLINE,unknown,,,,medium,,,1.0,False,False,False
DJEIHHYCDCTAAH-UHFFFAOYSA-N,COc1ccc(-c2noc(CC(=O)O)c2-c2ccc(OC)cc2)cc1,MOFEZOLAC,unknown,,,,weak,,1.0,1.0,False,False,False
DEGAKNSWVGKMLS-UHFFFAOYSA-N,O=C(O)CN(CC(=O)O)Cc1cc2c(cc1O)Oc1cc(O)c(CN(CC(=O)O)CC(=O)O)cc1C21OC(=O)c2ccccc21,oftasceine,unknown,,,,weak,,,1.0,False,False,False
NMMHHSLZJLPMEG-UHFFFAOYSA-N,O=S(=O)(O)CCNCl,N-Chlorotaurine,unknown,,,,medium,,,1.0,False,False,False
RQTOOFIXOKYGAN-UHFFFAOYSA-N,CCCc1c2oc(C(=O)O)cc(=O)c2cc2c(=O)cc(C(=O)O)n(CC)c12,NEDOCROMIL,unknown,,,,,,1.0,1.0,False,False,False
UREBDLICKHMUKA-CXSFZGCWSA-N,C[C@@H]1C[C@H]2[C@@H]3CCC4=CC(=O)C=C[C@]4(C)[C@@]3(F)[C@@H](O)C[C@]2(C)[C@@]1(O)C(=O)CO,DEXAMETHASONE,unknown,,,,,,1.0,1.0,False,False,False
PLHJDBGFXBMTGZ-UHFFFAOYSA-N,O=C1OCCN1N=Cc1ccc([N+](=O)[O-])o1,furazolidone,unknown,,,,strong,,,1.0,False,False,False
RYHBNJHYFVUHQT-UHFFFAOYSA-N,C1COCCO1,"1,4-Dioxane",unknown,,,,strong,,,1.0,False,False,False
BOVGTQGAOIONJV-UHFFFAOYSA-N,Cc1ccc(S(=O)(=O)NC(=O)NN2CC3CCCC3C2)cc1,gliclazide,unknown,,,weak,strong,,,1.0,False,False,False
BNQDCRGUHNALGH-UHFFFAOYSA-N,NC(CO)C(=O)NNCc1ccc(O)c(O)c1O,benserazide,unknown,,,,,,1.0,1.0,False,False,False
POULHZVOKOAJMA-UHFFFAOYSA-N,CCCCCCCCCCCC(=O)O,dodecanoic acid,unknown,,,,medium,,,1.0,False,False,False
YSGASDXSLKIKOD-UHFFFAOYSA-N,CC(Cc1ccccc1)(NC(=O)CN)c1ccccc1,Remacemide,unknown,,,,,,1.0,1.0,False,False,False
BUJAGSGYPOAWEI-UHFFFAOYSA-N,Cc1cccc(C)c1NC(=O)C(C)N,TOCAINIDE,unknown,,,weak,strong,,1.0,1.0,False,False,False
MGSRCZKZVOBKFT-UHFFFAOYSA-N,Cc1ccc(C(C)C)c(O)c1,thymol,unknown,,,,medium,,,1.0,False,False,False
LEHOTFFKMJEONL-UHFFFAOYSA-N,O=c1[nH]c(=O)c2[nH]c(=O)[nH]c2[nH]1,Uric Acid,unknown,,,medium,strong,,,1.0,False,False,False
PJMPHNIQZUBGLI-UHFFFAOYSA-N,CCC(=O)N(c1ccccc1)C1CCN(CCc2ccccc2)CC1,FENTANYL,unknown,,,medium,medium,weak,1.0,1.0,False,False,False
VWUXBMIQPBEWFH-UHFFFAOYSA-N,CC12CCC3c4ccc(O)cc4CC(CCCCCCCCC[S+]([O-])CCCC(F)(F)C(F)(F)F)C3C1CCC2O,Fulvestrant,Ambiguous-DILI-Concern,E,adverse_hepatotox,,strong,,,,False,True,False
PNDPGZBMCMUPRI-UHFFFAOYSA-N,II,iodine,unknown,,,,medium,,,1.0,False,False,False
MUBZPKHOEPUJKR-UHFFFAOYSA-N,O=C(O)C(=O)O,Oxalic Acid,unknown,,,,medium,,1.0,1.0,False,False,False
RJOJUSXNYCILHH-UHFFFAOYSA-N,[Gd+3],Gadolinium Cation (3+),unknown,,,,strong,,,1.0,False,False,False
LZNWYQJJBLGYLT-UHFFFAOYSA-N,CN1C(C(=O)Nc2ccccn2)=C(O)c2sccc2S1(=O)=O,tenoxicam,unknown,,,weak,strong,,,1.0,False,False,False
JLVSRWOIZZXQAD-UHFFFAOYSA-N,O=S(=O)(O)CC(S)CS,unithiol,unknown,,,,medium,,,1.0,False,False,False
KQXKVJAGOJTNJS-HNNXBMFYSA-N,CC(C)(C)NC[C@H](O)COc1ccccc1C1CCCC1,PENBUTOLOL,vNo-DILI-Concern,,,,,,1.0,1.0,True,False,False
NUVBSKCKDOMJSU-UHFFFAOYSA-N,CCOC(=O)c1ccc(O)cc1,ethyl hydroxybenzoate,unknown,,,,medium,,,1.0,False,False,False
JZFPYUNJRRFVQU-UHFFFAOYSA-N,O=C(O)c1cccnc1Nc1cccc(C(F)(F)F)c1,niflumic acid,unknown,,,,strong,,,1.0,False,False,False
LFVVNPBBFUSSHL-UHFFFAOYSA-N,CCCCC(CC)CNC(=N)NC(=N)NCCCCCCNC(=N)NC(=N)NCC(CC)CCCC,alexidine,unknown,,,,medium,,,1.0,False,False,False
XPFRXWCVYUEORT-UHFFFAOYSA-N,NC(=O)NC(=O)Cc1ccccc1,PHENACEMIDE,unknown,,,,,,1.0,1.0,False,False,False
XMXHEBAFVSFQEX-UHFFFAOYSA-N,COc1cc(C(C)=O)ccc1OCCCN1CCC(c2noc3cc(F)ccc23)CC1,ILOPERIDONE,Ambiguous-DILI-Concern,E,,,,,1.0,0.0,False,True,False
UIWYJDYFSGRHKR-UHFFFAOYSA-N,[Gd],Gadolinium,unknown,,,,medium,,,1.0,False,False,False
NQPDXQQQCQDHHW-UHFFFAOYSA-N,CSc1nc2cc(Cl)c(Oc3cccc(Cl)c3Cl)cc2[nH]1,TRICLABENDAZOLE,Ambiguous-DILI-Concern,E,,,,,1.0,0.0,False,True,False
BUCORZSTKDOEKQ-UHFFFAOYSA-N,CN=C1CN(O)C(c2ccccc2)=c2cc(Cl)ccc2=N1,"7-Chloro-2-(methylimino)-5-phenyl-2,3-dihydro-4H-1,4-benzodiazepin-4-ol",vLess-DILI-Concern,C,,,strong,,,1.0,True,True,False
QGFORSXNKQLDNO-UHFFFAOYSA-N,O=C(O)CSCC(=O)NC1CCSC1=O,erdosteine,unknown,,,,medium,,,1.0,False,False,False
QWCRAEMEVRGPNT-UHFFFAOYSA-N,O=C1CC2(CCCC2)CC(=O)N1CCCCN1CCN(c2ncccn2)CC1,BUSPIRONE,Ambiguous-DILI-Concern,E,,,medium,,,0.0,False,True,False
LPEPZBJOKDYZAD-UHFFFAOYSA-N,O=C(O)c1ccccc1Nc1cccc(C(F)(F)F)c1,flufenamic acid,unknown,,,,medium,,,1.0,False,False,False
BEZZFPOZAYTVHN-UHFFFAOYSA-N,COC(=O)Nc1nc2ccc([S+]([O-])c3ccccc3)cc2[nH]1,Oxfendazole,unknown,,,,strong,,,1.0,False,False,False
VOXZDWNPVJITMN-ZBRFXRBCSA-N,C[C@]12CC[C@@H]3c4ccc(O)cc4CC[C@H]3[C@@H]1CC[C@@H]2O,ESTRADIOL,unknown,,,,,,1.0,1.0,False,False,False
VOVIALXJUBGFJZ-UHFFFAOYSA-N,CCCC1OC2CC3C4CCC5=CC(=O)C=CC5(C)C4C(O)CC3(C)C2(C(=O)CO)O1,Budesonide,vNo-DILI-Concern,E,warning_hepatotox,weak,strong,,,,True,True,False
WCDWBPCFGJXFJZ-UHFFFAOYSA-N,O=C(Cn1ccnc1[N+](=O)[O-])NCCO,Etanidazole,unknown,,,,strong,,,1.0,False,False,False
JLYXXMFPNIAWKQ-UHFFFAOYSA-N,ClC1C(Cl)C(Cl)C(Cl)C(Cl)C1Cl,Hexachlorocyclohexane,unknown,,,,strong,,,1.0,False,False,False
DBPWSSGDRRHUNT-CEGNMAFCSA-N,CC(=O)[C@@]1(O)CC[C@H]2[C@@H]3CCC4=CC(=O)CC[C@]4(C)[C@H]3CC[C@@]21C,17-Hydroxyprogesterone,unknown,,,,,,1.0,1.0,False,False,False
BTJIUGUIPKRLHP-UHFFFAOYSA-N,O=[N+]([O-])c1ccc(O)cc1,4-Nitrophenol,unknown,,,,strong,,,1.0,False,False,False
GSNOZLZNQMLSKJ-UHFFFAOYSA-N,CCN(CC)c1cc(C)nc2ncnn12,trapidil,unknown,,,,weak,,1.0,1.0,False,False,False
ZPACYDRSPFRDHO-ROBAGEODSA-N,CC(C)=CCC/C(C)=C/CC/C(C)=C/CCC(=O)OC/C=C(\C)CCC=C(C)C,gefarnate,unknown,,,,,,1.0,1.0,False,False,False
VXFJYXUZANRPDJ-UHFFFAOYSA-N,CCOC(=O)C(CCc1ccccc1)NC(C)C(=O)N1C(C(=O)O)CC2CCCCC21,Trandolapril,vLess-DILI-Concern,E,warning_hepatotox,,,,,,True,True,False
DKGAVHZHDRPRBM-UHFFFAOYSA-N,CC(C)(C)O,tert-Butanol,unknown,,,,medium,,,1.0,False,False,False
DOBMPNYZJYQDGZ-UHFFFAOYSA-N,O=c1oc2ccccc2c(O)c1Cc1c(O)c2ccccc2oc1=O,DICUMAROL,unknown,,,,medium,,,1.0,False,False,False
KPQZUUQMTUIKBP-UHFFFAOYSA-N,Cc1ncc([N+](=O)[O-])n1CC(C)O,SECNIDAZOLE,Ambiguous-DILI-Concern,E,adverse_hepatotox,,,,,0.0,False,True,False
YKGYIDJEEQRWQH-UHFFFAOYSA-N,CCOC(=O)c1ccc(OC(=O)CCCCCN=C(N)N)cc1,Gabexate,unknown,,,,weak,,,1.0,False,False,False
FPPNZSSZRUTDAP-UWFZAAFLSA-N,CC1(C)S[C@@H]2[C@H](NC(=O)C(C(=O)O)c3ccccc3)C(=O)N2[C@H]1C(=O)O,CARBENICILLIN,unknown,,,,,,1.0,1.0,False,False,False
NOSIYYJFMPDDSA-UHFFFAOYSA-N,CC(=O)c1ccc2c(c1)N(CCCN(C)C)c1ccccc1S2,acepromazine,unknown,,,,,,1.0,1.0,False,False,False
RDMOROXKXONCAL-UEKVPHQBSA-N,COC1=C(C(=O)O)N2C(=O)[C@@H](NC(=O)[C@H](N)C3=CCC=CC3)[C@H]2SC1,cefroxadine,unknown,,,,,,1.0,1.0,False,False,False
QQODLKZGRKWIFG-UHFFFAOYSA-N,CC1(C)C(C=C(Cl)Cl)C1C(=O)OC(C#N)c1ccc(F)c(Oc2ccccc2)c1,cyfluthrin,unknown,,,,strong,,,1.0,False,False,False
FJLBFSROUSIWMA-UHFFFAOYSA-N,CC(C)(C(=O)c1cccnc1)c1cccnc1,METYRAPONE,vNo-DILI-Concern,,,,strong,,,1.0,True,False,False
VQKLRVZQQYVIJW-UHFFFAOYSA-N,N/N=c1\[nH][nH]/c(=N\N)c2ccccc12,dihydralazine,unknown,,,medium,strong,,,1.0,False,False,False
RERZNCLIYCABFS-UHFFFAOYSA-N,COc1ccc2c3c([nH]c2c1)C(C)=NCC3,Harmaline,unknown,,,,strong,,,1.0,False,False,False
GHMLBKRAJCXXBS-UHFFFAOYSA-N,Oc1cccc(O)c1,resorcinol,unknown,,,,medium,,,1.0,False,False,False
NFACJZMKEDPNKN-UHFFFAOYSA-N,COP(=O)(OC)C(O)C(Cl)(Cl)Cl,metrifonate,unknown,,,,strong,,,1.0,False,False,False
LMOINURANNBYCM-UHFFFAOYSA-N,CC(C)NCC(O)c1cc(O)cc(O)c1,Metaproterenol sulfate,vNo-DILI-Concern,,,,medium,,1.0,,True,False,False
WUWFMDMBOJLQIV-UHFFFAOYSA-N,NC1CCN(c2nc3c(cc2F)c(=O)c(C(=O)O)cn3-c2ccc(F)cc2F)C1,tosufloxacin,unknown,,,,,,1.0,1.0,False,False,False
HAPOVYFOVVWLRS-UHFFFAOYSA-N,CCC1(C)CC(=O)NC1=O,ETHOSUXIMIDE,Ambiguous-DILI-Concern,E,,,strong,,1.0,0.0,False,True,False
TYMABNNERDVXID-DLYFRVTGSA-N,CC(=N)N1CC[C@H](SC2=C(C(=O)O)N3C(=O)[C@H]([C@@H](C)O)[C@H]3C2)C1,panipenem,unknown,,,,,,1.0,1.0,False,False,False
RUDATBOHQWOJDD-UHFFFAOYSA-N,CC(CCC(=O)O)C1CCC2C3C(O)CC4CC(O)CCC4(C)C3CCC12C,Chenodiol,Ambiguous-DILI-Concern,E,warning_hepatotox,strong,strong,,,,False,True,False
QXHHHPZILQDDPS-UHFFFAOYSA-N,Clc1ccc(C(Cn2ccnc2)OCc2ccsc2Cl)c(Cl)c1,TIOCONAZOLE,unknown,,,,,,1.0,1.0,False,False,False
IOVGROKTTNBUGK-UHFFFAOYSA-N,CC(NCCc1ccc(O)cc1)C(O)c1ccc(O)cc1,RITODRINE,unknown,,,weak,strong,,1.0,1.0,False,False,False
ZKUKMWMSYCIYRD-ZXFNITATSA-N,Cc1oc(=O)oc1COC(=O)[C@@H]1N2C(=O)[C@@H](NC(=O)[C@H](N)c3ccccc3)[C@H]2SC1(C)C,lenampicillin,unknown,,,,,,1.0,1.0,False,False,False
UIMOJFJSJSIGLV-JNHMLNOCSA-N,NC(=O)OC[C@@H]1[C@H](NC(=O)/C(=N\OCC(=O)O)c2csc(N)n2)C(=O)N1S(=O)(=O)O,carumonam,unknown,,,,,,1.0,1.0,False,False,False
ZMXDDKWLCZADIW-UHFFFAOYSA-N,CN(C)C=O,Dimethylformamide,unknown,,,medium,strong,,,1.0,False,False,False
RRYMAQUWDLIUPV-BXKDBHETSA-N,CC(=O)OCC1=C(C(=O)O)N2C(=O)[C@@H](NC(=O)CC#N)[C@H]2SC1,cefacetrile,unknown,,,,,,1.0,1.0,False,False,False
MPBVHIBUJCELCL-UHFFFAOYSA-N,CCCCCN(C)CCC(O)(P(=O)(O)O)P(=O)(O)O,IBANDRONIC ACID,vLess-DILI-Concern,,,,medium,,,1.0,True,False,False
JURKNVYFZMSNLP-UHFFFAOYSA-N,CN(C)CCC=C1c2ccccc2C=Cc2ccccc21,Cyclobenzaprine hydrochloride,vLess-DILI-Concern,E,adverse_hepatotox,,,,1.0,,True,True,False
GNXFOGHNGIVQEH-UHFFFAOYSA-N,COc1ccccc1OCC(O)COC(N)=O,METHOCARBAMOL,Ambiguous-DILI-Concern,E,,,,,1.0,0.0,False,True,False
VTLYFUHAOXGGBS-UHFFFAOYSA-N,[Fe+3],Iron chloride (FeCl3),unknown,,,,strong,,,1.0,False,False,False
YVGGHNCTFXOJCH-UHFFFAOYSA-N,Clc1ccc(C(c2ccc(Cl)cc2)C(Cl)(Cl)Cl)cc1,clofenotane,unknown,,,,strong,,,1.0,False,False,False
SIYLLGKDQZGJHK-UHFFFAOYSA-N,CC(C)(C)CC(C)(C)c1ccc(OCCOCC[N+](C)(C)Cc2ccccc2)cc1,benzethonium,unknown,,,,medium,,,1.0,False,False,False
JPGQOUSTVILISH-UHFFFAOYSA-N,FC(F)OC(F)(F)C(F)Cl,ENFLURANE,unknown,B,,strong,strong,,1.0,1.0,False,True,False
JKOQGQFVAUAYPM-UHFFFAOYSA-N,NCCCNCCSP(=O)(O)O,AMIFOSTINE,vNo-DILI-Concern,,,,strong,,,1.0,True,False,False
VEQPNABPJHWNSG-UHFFFAOYSA-N,[Ni+2],Nickel cation,unknown,,,,strong,,,1.0,False,False,False
KZUIYQJTUIACIG-YBZCJVABSA-N,CC(=O)[C@@]1(O)CC[C@H]2[C@@H]3C=C(C)C4=CC(=O)CC[C@@H]4[C@H]3CC[C@@]21C,nomegestrol,unknown,,,,,,1.0,1.0,False,False,False
IPOBOOXFSRWSHL-UHFFFAOYSA-N,c1ccc(C2(c3ccccc3)CC2C2=NCCN2)cc1,cibenzoline,unknown,,,,,,1.0,1.0,False,False,False
UUVWYPNAQBNQJQ-UHFFFAOYSA-N,CN(C)c1nc(N(C)C)nc(N(C)C)n1,ALTRETAMINE,Ambiguous-DILI-Concern,E,,,,,1.0,0.0,False,True,False
ZQDWXGKKHFNSQK-UHFFFAOYSA-N,OCCOCCN1CCN(C(c2ccccc2)c2ccc(Cl)cc2)CC1,HYDROXYZINE,vNo-DILI-Concern,E,,,weak,,,1.0,True,True,False
NZUPCNDJBJXXRF-UHFFFAOYSA-O,CC(C[N+](C)(C)C)OC(N)=O,BETHANECHOL,vNo-DILI-Concern,,,,medium,,,1.0,True,False,False
IIDJRNMFWXDHID-UHFFFAOYSA-N,O=P(O)(O)C(O)(Cc1cccnc1)P(=O)(O)O,RISEDRONIC ACID,Ambiguous-DILI-Concern,,,,,,1.0,1.0,False,False,False
VABCILAOYCMVPS-UHFFFAOYSA-N,CC(=O)CC(c1ccc([N+](=O)[O-])cc1)c1c(O)c2ccccc2oc1=O,acenocoumarol,unknown,,,weak,strong,,,1.0,False,False,False
RMAQACBXLXPBSY-UHFFFAOYSA-N,O[Si](O)(O)O,Calcium Silicate,unknown,,,,weak,,,1.0,False,False,False
VZCYOOQTPOCHFL-UPHRSURJSA-N,O=C(O)/C=C\C(=O)O,Maleic Acid,unknown,,,,,,1.0,1.0,False,False,False
MRMBZHPJVKCOMA-YJFSRANCSA-N,C[C@@H](O)[C@H]1C(=O)N2C(C(=O)[O-])=C(SC3Cn4cnc[n+]4C3)[C@H](C)[C@H]12,biapenem,unknown,,,,,,1.0,1.0,False,False,False
IOVCWXUNBOPUCH-UHFFFAOYSA-N,O=NO,SODIUM NITRITE,unknown,,,,strong,,,1.0,False,False,False
WDZVGELJXXEGPV-UHFFFAOYSA-N,NC(N)=NN=Cc1c(Cl)cccc1Cl,"2-[(2,6-Dichlorophenyl)methylideneamino]guanidine",unknown,,,,weak,,,1.0,False,False,False
RIUPLDUFZCXCHM-UHFFFAOYSA-N,O=c1oc2cc(O)ccc2c2ccc(O)cc12,Urolithin A,unknown,,,,weak,,,1.0,False,False,False
JTEGQNOMFQHVDC-UHFFFAOYSA-N,Nc1ccn(C2CSC(CO)O2)c(=O)n1,Lamivudine,vLess-DILI-Concern,E,boxed_hepatotox,medium,strong,medium,,,True,True,True
WFWLQNSHRPWKFK-UHFFFAOYSA-N,O=c1[nH]c(=O)n(C2CCCO2)cc1F,tegafur,unknown,,,medium,strong,,,1.0,False,False,False
WGZDBVOTUVNQFP-UHFFFAOYSA-N,CCOC(=O)NNc1nncc2ccccc12,todralazine,unknown,,,,,,1.0,1.0,False,False,False
NJSMWLQOCQIOPE-OCHFTUDZSA-N,C(=N/NC1=NCCN1)\c1c2ccccc2c(/C=N/NC2=NCCN2)c2ccccc12,bisantrene,unknown,,,,,,1.0,1.0,False,False,False
ZIYVHBGGAOATLY-UHFFFAOYSA-N,CC(C(=O)O)C(=O)O,Methylmalonic Acid,unknown,,,,medium,,,1.0,False,False,False
FSIRXIHZBIXHKT-MHTVFEQDSA-N,CCC(Cc1cnc2nc(N)nc(N)c2n1)c1ccc(C(=O)N[C@@H](CCC(=O)O)C(=O)O)cc1,edatrexate,unknown,,,,,,1.0,1.0,False,False,False
CJKGNDLRMLFWEX-UHFFFAOYSA-N,COC1C(O)CC(=O)OC(C)CC=CC=CC(OC2CC(C)(O)C(O)C(C)O2)C(C)CC(CCO)C1OC1OC(C)C(OC2CC(C)(O)C(O)C(C)O2)C(N(C)C)C1O,Epoetin alfa,vNo-DILI-Concern,,warning_hepatotox,,,,,,True,False,False
CXQGFLBVUNUQIA-UHFFFAOYSA-N,CN(C)C(=O)CCCOC(=O)C(C)(C)Oc1ccc(Cl)cc1,clofibride,unknown,,,,,,1.0,1.0,False,False,False
BQDBKDMTIJBJLA-UHFFFAOYSA-N,CS(=O)(=O)c1ccc2c(c1)N(CCCN1CCC(C(N)=O)CC1)c1ccccc1S2,metopimazine,unknown,,,,,,1.0,1.0,False,False,False
GIIZNNXWQWCKIB-UHFFFAOYSA-N,OCc1cc(C(O)CNCCCCCCOCCCCc2ccccc2)ccc1O,SALMETEROL,unknown,,,,,,1.0,1.0,False,False,False
XOAAWQZATWQOTB-UHFFFAOYSA-N,NCCS(=O)(=O)O,taurine,unknown,,,,medium,,,1.0,False,False,False
RHXHGRAEPCAFML-UHFFFAOYSA-N,CN(C)C(=O)c1cc2cnc(Nc3ccc(N4CCNCC4)cn3)nc2n1C1CCCC1,RIBOCICLIB,vMost-DILI-Concern,C,,medium,,medium,,1.0,True,True,False
VGEREEWJJVICBM-UHFFFAOYSA-N,O=C(CCc1ccc(O)cc1)c1c(O)cc(O)cc1O,Phloretin,unknown,,,,medium,,,1.0,False,False,False
QQBDLJCYGRGAKP-UHFFFAOYSA-N,O=C(O)c1cc(N=Nc2ccc(O)c(C(=O)O)c2)ccc1O,olsalazine,vLess-DILI-Concern,,,,strong,,,1.0,True,False,False
HTQBXNHDCUEHJF-UHFFFAOYSA-N,CCC(C)C(NC(=O)C(Cc1ccccc1)NC(=O)C(CC(C)C)NC(=O)C(CCCNC(=N)N)NC(=O)C(NC(=O)C(C)NC(=O)C(CCC(=O)O)NC(=O)C(CCC(=O)O)NC(=O)C(CCC(=O)O)NC(=O)C(CCSC)NC(=O)C(CCC(N)=O)NC(=O)C(CCCCN)NC(=O)C(CO)NC(=O)C(CC(C)C)NC(=O)C(CC(=O)O)NC(=O)C(CO)NC(=O)C(NC(=O)C(Cc1ccccc1)NC(=O)C(NC(=O)CNC(=O)C(CCC(=O)O)NC(=O)CNC(=O)C(N)Cc1c[nH]cn1)C(C)O)C(C)O)C(C)C)C(=O)NC(CCC(=O)O)C(=O)NC(Cc1c[nH]c2ccccc12)C(=O)NC(CC(C)C)C(=O)NC(CCCCN)C(=O)NC(CC(N)=O)C(=O)NCC(=O)NCC(=O)N1CCCC1C(=O)NC(CO)C(=O)NC(CO)C(=O)NCC(=O)NC(C)C(=O)N1CCCC1C(=O)N1CCCC1C(=O)N1CCCC1C(=O)NC(CO)C(N)=O,Exenatide synthetic,vNo-DILI-Concern,,,,medium,weak,,,True,False,False
GSNHKUDZZFZSJB-QUMGSSFMSA-N,Cc1nnc(C(C)C)n1[C@H]1C[C@H]2CC[C@@H](C1)N2CC[C@H](NC(=O)C1CCC(F)(F)CC1)c1ccccc1,MARAVIROC,unknown,,,,,,1.0,1.0,False,False,False
UCKMPCXJQFINFW-UHFFFAOYSA-N,[S-2],Sodium Sulfide,unknown,,,,weak,,,1.0,False,False,False
QYQDKDWGWDOFFU-IUODEOHRSA-N,CN(C)CCn1nnnc1SCC1=C(C(=O)O)N2C(=O)[C@@H](NC(=O)Cc3csc(N)n3)[C@H]2SC1,CEFOTIAM,unknown,,,,,,1.0,1.0,False,False,False
JRWZLRBJNMZMFE-UHFFFAOYSA-N,CC(CCc1ccc(O)cc1)NCCc1ccc(O)c(O)c1,DOBUTAMINE,vNo-DILI-Concern,,,,medium,,,1.0,True,False,False
QCDYQQDYXPDABM-UHFFFAOYSA-N,Oc1cc(O)cc(O)c1,phloroglucinol,unknown,,,,weak,,,1.0,False,False,False
XXYTXQGCRQLRHA-UHFFFAOYSA-N,Cc1ccc(S(=O)(=O)NC(=O)NC2CCCCC2)cc1N,metahexamide,unknown,,,,,,1.0,1.0,False,False,False
ACSIXWWBWUQEHA-UHFFFAOYSA-N,O=P(O)(O)C(Cl)(Cl)P(=O)(O)O,clodronic acid,unknown,,,,strong,,,1.0,False,False,False
VXTWEDPZMSVFEF-UHFFFAOYSA-N,CC(Cc1ccccc1)NN,pheniprazine,unknown,,,,strong,,1.0,1.0,False,False,False
OIPILFWXSMYKGL-UHFFFAOYSA-N,CC(=O)OCC[N+](C)(C)C,ACETYLCHOLINE,vNo-DILI-Concern,,,,medium,,,1.0,True,False,False
NZCRJKRKKOLAOJ-UHFFFAOYSA-N,COC1C=COC2(C)Oc3c(C)c(O)c4c(O)c(c5c(nc6cc(C)ccn65)c4c3C2=O)NC(=O)C(C)=CC=CC(C)C(O)C(C)C(O)C(C)C(OC(C)=O)C1C,Rifaximin,Ambiguous-DILI-Concern,E,,,,weak,,,False,True,False
JCCNYMKQOSZNPW-UHFFFAOYSA-N,CCOC(=O)N1CCC(=C2c3ccc(Cl)cc3CCc3cccnc32)CC1,LORATADINE,vNo-DILI-Concern,,,weak,strong,,,1.0,True,False,False
SMANXXCATUTDDT-QPJJXVBHSA-N,Fc1ccc(C(c2ccc(F)cc2)N2CCN(C/C=C/c3ccccc3)CC2)cc1,flunarizine,unknown,,,,,,1.0,1.0,False,False,False
SSEBTPPFLLCUMN-UHFFFAOYSA-N,CCc1cccc2cc(C(O)CNC(C)(C)C)oc12,bufuralol,unknown,,,,weak,,,1.0,False,False,False
HDFGOPSGAURCEO-UHFFFAOYSA-N,CCN1C(=O)C=CC1=O,N-Ethylmaleimide,unknown,,,,medium,,,1.0,False,False,False
YPBATNHYBCGSSN-VWPFQQQWSA-N,CC1(C)S[C@@H]2[C@H](NC(=O)[C@H](NC(=O)N3CCN(S(C)(=O)=O)C3=O)c3ccccc3)C(=O)N2[C@H]1C(=O)O,MEZLOCILLIN,unknown,,,,,,1.0,1.0,False,False,False
GMVPRGQOIOIIMI-DWKJAMRDSA-N,CCCCC[C@H](O)/C=C/[C@H]1[C@H](O)CC(=O)[C@@H]1CCCCCCC(=O)O,ALPROSTADIL,unknown,,,,,,1.0,1.0,False,False,False
QZVCTJOXCFMACW-UHFFFAOYSA-N,CC(COc1ccccc1)N(CCCl)Cc1ccccc1,PHENOXYBENZAMINE,vNo-DILI-Concern,,,,weak,,,1.0,True,False,False
OFVLGDICTFRJMM-WESIUVDSSA-N,CN(C)[C@@H]1C(O)=C(C(N)=O)C(=O)[C@@]2(O)C(O)=C3C(=O)c4c(O)cccc4[C@@](C)(O)[C@H]3C[C@@H]12,TETRACYCLINE,unknown,,,,,,1.0,1.0,False,False,False
FERIUCNNQQJTOY-UHFFFAOYSA-N,CCCC(=O)O,Butyric Acid,unknown,,,,medium,,,1.0,False,False,False
RTAQQCXQSZGOHL-UHFFFAOYSA-N,[Ti],Titanium,unknown,,,,medium,,,1.0,False,False,False
AFSDNFLWKVMVRB-UHFFFAOYSA-N,O=c1oc2c(O)c(O)cc3c(=O)oc4c(O)c(O)cc1c4c23,Ellagic Acid,unknown,,,,medium,,,1.0,False,False,False
VVFDMWZLBPUKTD-ZKRNHDOASA-N,CC(OC(=O)OC1CCCCC1)OC(=O)C1=C(CSc2nnnn2CCN(C)C)CS[C@@H]2[C@H](NC(=O)Cc3csc(N)n3)C(=O)N12,cefotiam hexetil,unknown,,,,,,1.0,1.0,False,False,False
ALYNCZNDIQEVRV-UHFFFAOYSA-N,Nc1ccc(C(=O)O)cc1,aminobenzoic acid,unknown,,,weak,weak,,1.0,1.0,False,False,False
QELUYTUMUWHWMC-UHFFFAOYSA-N,CC1=NN(c2ccccc2)C(=O)C1,EDARAVONE,vNo-DILI-Concern,E,,,strong,,,1.0,True,True,False
HTJXMOGUGMSZOG-UHFFFAOYSA-N,O=C(Cn1c(=O)sc2ccc(Cl)cc21)N1CCN(CCO)CC1,tiaramide,unknown,,,,,,1.0,1.0,False,False,False
CDAISMWEOUEBRE-UHFFFAOYSA-N,OC1C(O)C(O)C(O)C(O)C1O,An inositol,unknown,,,,medium,,,1.0,False,False,False
PNXBXCRWXNESOV-UHFFFAOYSA-N,O=c1cc(Cc2ccccc2)[nH]c(=S)[nH]1,benzylthiouracil,unknown,,,,,,1.0,1.0,False,False,False
ATALOFNDEOCMKK-UHFFFAOYSA-N,CC(OC1OCCN(Cc2n[nH]c(=O)[nH]2)C1c1ccc(F)cc1)c1cc(C(F)(F)F)cc(C(F)(F)F)c1,Aprepitant,Ambiguous-DILI-Concern,E,,,,weak,,,False,True,False
FCCNSUIJIOOXEZ-SJYYZXOBSA-N,O=S(=O)(O)O[C@@H]1[C@@H](OS(=O)(=O)O)[C@H](O[C@@H]2CO[C@@H](O)[C@H](OS(=O)(=O)O)[C@H]2OS(=O)(=O)O)OC[C@H]1O,Xylan Sulfate,unknown,,,,,,1.0,1.0,False,False,False
IPOKCKJONYRRHP-UHFFFAOYSA-N,O=C(O)CCNC(=O)c1ccc(N=Nc2ccc(O)c(C(=O)O)c2)cc1,5-((4-((2-Carboxyethyl)carbamoyl)phenyl)diazenyl)-2-hydroxybenzoic acid,Ambiguous-DILI-Concern,,warning_hepatotox,,,,,1.0,False,False,False
REOJLIXKJWXUGB-UHFFFAOYSA-N,CCCCC1C(=O)NN(c2ccccc2)C1=O,mofebutazone,unknown,,,,,,1.0,1.0,False,False,False
VYZAMTAEIAYCRO-UHFFFAOYSA-N,[Cr],Chromium,unknown,,,,strong,,,1.0,False,False,False
ANGKOCUUWGHLCE-UHFFFAOYSA-N,C[N+]1(C)CCC(OC(=O)C(O)(c2ccccc2)C2CCCC2)C1,GLYCOPYRRONIUM BROMIDE,vNo-DILI-Concern,,,,,weak,,1.0,True,False,False
RGLYKWWBQGJZGM-ISLYRVAYSA-N,CC/C(=C(/CC)c1ccc(O)cc1)c1ccc(O)cc1,DIETHYLSTILBESTROL,unknown,,,,,,1.0,1.0,False,False,False
FIAFUQMPZJWCLV-UHFFFAOYSA-N,Cc1ccc(C(=O)Nc2ccc(S(=O)(=O)O)c3cc(S(=O)(=O)O)cc(S(=O)(=O)O)c23)cc1NC(=O)c1cccc(NC(=O)Nc2cccc(C(=O)Nc3cc(C(=O)Nc4ccc(S(=O)(=O)O)c5cc(S(=O)(=O)O)cc(S(=O)(=O)O)c45)ccc3C)c2)c1,suramin,unknown,,,,medium,,1.0,1.0,False,False,False
XLYOFNOQVPJJNP-UHFFFAOYSA-N,O,WATER,vNo-DILI-Concern,,,,medium,,,1.0,True,False,False
GCPXMJHSNVMWNM-UHFFFAOYSA-N,O[As](O)O,Arsenous acid,unknown,,,,strong,,,1.0,False,False,False
PLIGPBGDXASWPX-UHFFFAOYSA-N,CN(C)CCCn1c2c(c3ccccc31)CCCCCC2,iprindole,unknown,,,,,,1.0,1.0,False,False,False
XQLWNAFCTODIRK-UHFFFAOYSA-N,COc1ccc(CCN(C)CCCC(C#N)(c2cc(OC)c(OC)c(OC)c2)C(C)C)cc1OC,gallopamil,unknown,,,,,,1.0,1.0,False,False,False
ZVHNDZWQTBEVRY-UHFFFAOYSA-N,N#CCNC(=O)c1ccc(-c2ccnc(Nc3ccc(N4CCOCC4)cc3)n2)cc1,MOMELOTINIB,unknown,D,,,,,,1.0,False,True,False
NPYPAHLBTDXSSS-UHFFFAOYSA-N,[K+],POTASSIUM CHLORIDE,unknown,,,,medium,,,1.0,False,False,False
PEDCQBHIVMGVHV-UHFFFAOYSA-N,OCC(O)CO,GLYCERIN,unknown,,,,medium,,1.0,1.0,False,False,False
JWZZKOKVBUJMES-UHFFFAOYSA-N,CC(C)NCC(O)c1ccc(O)c(O)c1,ISOPROTERENOL,vNo-DILI-Concern,,,,strong,,,1.0,True,False,False
SEBMTIQKRHYNIT-UHFFFAOYSA-N,CN1CCC(=C2c3ccccc3CCc3cccnc32)CC1,AZATADINE,unknown,,,,,,1.0,1.0,False,False,False
OHRURASPPZQGQM-UHFFFAOYSA-N,CC=C1NC(=O)C2CSSCCC=CC(CC(=O)NC(C(C)C)C(=O)N2)OC(=O)C(C(C)C)NC1=O,Romidepsin,vNo-DILI-Concern,C,warning_hepatotox,,,,,,True,True,False
IZTQOLKUZKXIRV-UHFFFAOYSA-N,CSCCC(NC(=O)C(Cc1ccc(OS(=O)(=O)O)cc1)NC(=O)C(N)CC(=O)O)C(=O)NCC(=O)NC(Cc1c[nH]c2ccccc12)C(=O)NC(CCSC)C(=O)NC(CC(=O)O)C(=O)NC(Cc1ccccc1)C(N)=O,Sincalide,vNo-DILI-Concern,,,,medium,,,,True,False,False
VZGDMQKNWNREIO-UHFFFAOYSA-N,ClC(Cl)(Cl)Cl,carbon tetrachloride,unknown,,,,strong,,1.0,1.0,False,False,False
ZAIPMKNFIOOWCQ-UEKVPHQBSA-N,CC1=C(C(=O)O)N2C(=O)[C@@H](NC(=O)[C@H](N)c3ccccc3)[C@H]2SC1,CEPHALEXIN ANHYDROUS,unknown,,,,,,1.0,1.0,False,False,False
SYLKGLMBLAAGSC-QLVMHMETSA-N,NC(=O)c1cc[n+](CC2=C(C(=O)O)N3C(=O)[C@@H](NC(=O)[C@@H](c4ccccc4)S(=O)(=O)[O-])[C@H]3SC2)cc1,cefsulodin,unknown,,,,,,1.0,1.0,False,False,False
ZOBPZXTWZATXDG-UHFFFAOYSA-N,O=C1CSC(=O)N1,Thiazolidinedione,unknown,,,,medium,,,1.0,False,False,False
VMMKGHQPQIEGSQ-UHFFFAOYSA-N,O=P(O)(O)C(O)(Cc1cnc2ccccn12)P(=O)(O)O,MINODRONIC ACID,unknown,,,,weak,,,1.0,False,False,False
DRLFMBDRBRZALE-UHFFFAOYSA-N,COc1ccc2[nH]cc(CCNC(C)=O)c2c1,MELATONIN,unknown,E,,,medium,,1.0,1.0,False,True,False
UBPYILGKFZZVDX-UHFFFAOYSA-N,COc1cc(Nc2c(C#N)cnc3cc(OCCCN4CCN(C)CC4)c(OC)cc23)c(Cl)cc1Cl,BOSUTINIB,vMost-DILI-Concern,D,,,,,,1.0,True,True,False
QVYRGXJJSLMXQH-UHFFFAOYSA-N,Cc1ccccc1C(OCCN(C)C)c1ccccc1,ORPHENADRINE,vNo-DILI-Concern,E,,,strong,,,1.0,True,True,False
BZCALJIHZVNMGJ-HSZRJFAPSA-N,Cc1cc(OCCCS(C)(=O)=O)cc(C)c1-c1cccc(COc2ccc3c(c2)OC[C@H]3CC(=O)O)c1,Fasiglifam,unknown,,,,,,1.0,1.0,False,False,False
BODKAQWWZBLGOU-UHFFFAOYSA-N,[Hg+]c1ccccc1,phenylmercuric nitrate,unknown,,,,medium,,,1.0,False,False,False
ZDWVWKDAWBGPDN-UHFFFAOYSA-O,CC[N+](C)(CC)CCC[n+]1c(-c2ccccc2)c2cc(N)ccc2c2ccc(N)cc21,Propidium,unknown,,,,weak,,,1.0,False,False,False
KHPXUQMNIQBQEV-UHFFFAOYSA-N,O=C(O)CC(=O)C(=O)O,Oxaloacetate Ion,unknown,,,,weak,,,1.0,False,False,False
DHSUYTOATWAVLW-WFVMDLQDSA-N,CC1(C)C[C@@H]1C(=O)N/C(=C\CCCCSC[C@H](N)C(=O)O)C(=O)O,CILASTATIN,unknown,,,,,,1.0,1.0,False,False,False
XUIIKFGFIJCVMT-GFCCVEGCSA-N,N[C@H](Cc1cc(I)c(Oc2cc(I)c(O)c(I)c2)c(I)c1)C(=O)O,DEXTROTHYROXINE,unknown,,,,,,1.0,1.0,False,False,False
VVIAGPKUTFNRDU-UHFFFAOYSA-N,Nc1nc2c(c(=O)[nH]1)N(C=O)C(CNc1ccc(C(=O)NC(CCC(=O)O)C(=O)O)cc1)CN2,Leucovorin calcium,vNo-DILI-Concern,,,medium,strong,,,,True,False,False
NFBAXHOPROOJAW-UHFFFAOYSA-N,O=C1c2ccccc2C(=O)C1c1ccccc1,PHENINDIONE,unknown,,,medium,strong,,1.0,1.0,False,False,False
FDBYIYFVSAHJLY-UHFFFAOYSA-N,CC(C)c1cc(Oc2c(Cl)cc(-n3nc(C#N)c(=O)[nH]c3=O)cc2Cl)n[nH]c1=O,RESMETIROM,unknown,D,,,,,,1.0,False,True,False
WTKZEGDFNFYCGP-UHFFFAOYSA-N,c1cn[nH]c1,Pyrazole,unknown,,,,strong,,,1.0,False,False,False
MKKYBZZTJQGVCD-XTCKQBCOSA-N,NCC[C@H](O)C(=O)N[C@@H]1C[C@H](N)[C@@H](O[C@H]2O[C@H](CN)CC[C@H]2N)[C@H](O)[C@H]1O[C@H]1O[C@H](CO)[C@@H](O)[C@H](N)[C@H]1O,arbekacin,unknown,,,,,,1.0,1.0,False,False,False
RBKASMJPSJDQKY-RBFSKHHSSA-N,C[C@@H]1C[C@H]2[C@@H]3CCC4=CC(=O)C=C[C@]4(C)C3=CC[C@]2(C)[C@H]1C(=O)CN1CCN(c2cc(N3CCCC3)nc(N3CCCC3)n2)CC1,tirilazad,unknown,,,,,,1.0,1.0,False,False,False
JCYZMTMYPZHVBF-UHFFFAOYSA-N,Nc1nc(N)nc(Nc2ccc([As]3SCC(CO)S3)cc2)n1,melarsoprol,unknown,,,,weak,,1.0,1.0,False,False,False
PGBHMTALBVVCIT-UHFFFAOYSA-N,NCC1OC(OC2C(CO)OC(OC3C(O)C(N)CC(N)C3OC3OC(CN)C(O)C(O)C3N)C2O)C(N)C(O)C1O,Neomycin sulfate,vNo-DILI-Concern,,,,medium,,,,True,False,False
CPEUVMUXAHMANV-UHFFFAOYSA-N,COC(=O)Nc1nc2cc(C(=O)c3ccc(F)cc3)ccc2[nH]1,flubendazole,unknown,,,,,,1.0,1.0,False,False,False
CPTIBDHUFVHUJK-NZYDNVMFSA-N,CCNNC(=O)[C@@H]1[C@H](c2cc(OC)c(OC)c(OC)c2)c2cc3c(cc2[C@H](O)[C@H]1CO)OCO3,mitopodozide,unknown,,,,,,1.0,1.0,False,False,False
GJJRIOLBUILIGK-UHFFFAOYSA-N,CCCCOCC(CN1C(=O)N(CC(COCCCC)OC(N)=O)C(=O)C(CC)(c2ccccc2)C1=O)OC(N)=O,difebarbamate,unknown,,,medium,strong,,1.0,1.0,False,False,False
KDYFGRWQOYBRFD-UHFFFAOYSA-N,O=C(O)CCC(=O)O,SODIUM SUCCINATE,unknown,,,,medium,,,1.0,False,False,False
DNIAPMSPPWPWGF-UHFFFAOYSA-N,CC(O)CO,propylene glycol,unknown,,,,strong,,,1.0,False,False,False
REDXJYDRNCIFBQ-UHFFFAOYSA-N,[Al+3],aluminium oxide,unknown,,,,medium,,,1.0,False,False,False
FABUFPQFXZVHFB-UHFFFAOYSA-N,CC(=Cc1csc(C)n1)C1CC2OC2(C)CCCC(C)C(O)C(C)C(=O)C(C)(C)C(O)CC(=O)N1,Ixabepilone,Ambiguous-DILI-Concern,E,boxed_hepatotox,,,,,,False,True,True
MBBZMMPHUWSWHV-UHFFFAOYSA-N,CNCC(O)C(O)C(O)C(O)CO,Iothalamate meglumine,vNo-DILI-Concern,,,medium,weak,,,,True,False,False
PVBQYTCFVWZSJK-UHFFFAOYSA-N,C[N+](C)(C)NCCC(=O)[O-],meldonium,unknown,,,,weak,,,1.0,False,False,False
RDOIQAHITMMDAJ-UHFFFAOYSA-N,CN(C)C(=O)C(CCN1CCC(O)(c2ccc(Cl)cc2)CC1)(c1ccccc1)c1ccccc1,LOPERAMIDE,vNo-DILI-Concern,,,,medium,weak,,1.0,True,False,False
ZEMGGZBWXRYJHK-UHFFFAOYSA-N,O=c1cc[nH]c(=S)[nH]1,thiouracil,unknown,,,,,,1.0,1.0,False,False,False
YNJBWRMUSHSURL-UHFFFAOYSA-N,O=C(O)C(Cl)(Cl)Cl,trichloroacetic acid,unknown,,,,strong,,,1.0,False,False,False
DYDCUQKUCUHJBH-UHFFFAOYSA-N,NC1CONC1=O,Cycloserine,Ambiguous-DILI-Concern,E,,,strong,,,,False,True,False
WIGIZIANZCJQQY-UHFFFAOYSA-N,CCC1=C(C)CN(C(=O)NCCc2ccc(S(=O)(=O)NC(=O)NC3CCC(C)CC3)cc2)C1=O,"1H-Pyrrole-1-carboxamide, 3-ethyl-2,5-dihydro-4-methyl-N-2-4-(trans-4-methylcyclohexyl)aminocarbonylaminosulfonylphenylethyl-2-oxo-",vLess-DILI-Concern,,warning_hepatotox,weak,,,,1.0,True,False,False
LVXJQMNHJWSHET-UHFFFAOYSA-N,COc1cc2ncnc(Nc3ccc(F)c(Cl)c3)c2cc1NC(=O)C=CCN1CCCCC1,Dacomitinib,vLess-DILI-Concern,E,,,,,,,True,True,False
IPQVTOJGNYVQEO-UHFFFAOYSA-N,O=C(O)c1cc(O)c2c(c1)C(C1c3cc(C(=O)O)cc(O)c3C(=O)c3c(OC4OC(CO)C(O)C(O)C4O)cccc31)c1cccc(OC3OC(CO)C(O)C(O)C3O)c1C2=O,Sennosides,unknown,D,,,,,,1.0,False,True,False
MFDFERRIHVXMIY-UHFFFAOYSA-N,CCN(CC)CCOC(=O)c1ccc(N)cc1,PROCAINE,unknown,,,,weak,,0.0,1.0,False,False,False
TYYBFXNZMFNZJT-UHFFFAOYSA-N,CNC(=O)c1c(I)c(C(=O)NCC(=O)Nc2c(I)c(C(=O)O)c(I)c(C(=O)NCCO)c2I)c(I)c(N(C)C(C)=O)c1I,IOXAGLATE MEGLUMINE,unknown,,,,,,1.0,1.0,False,False,False
YHXISWVBGDMDLQ-UHFFFAOYSA-N,O=C(NCCN1CCOCC1)c1ccc(Cl)cc1,MOCLOBEMIDE,unknown,,,,,,1.0,1.0,False,False,False
JSDRRTOADPPCHY-UHFFFAOYSA-N,CCOC(=O)C(CCc1ccccc1)NC(C)C(=O)N1Cc2ccccc2CC1C(=O)O,Quinapril hydrochloride,vLess-DILI-Concern,E,,,strong,,,,True,True,False
GVJHHUAWPYXKBD-IEOSBIPESA-N,Cc1c(C)c2c(c(C)c1O)CC[C@@](C)(CCC[C@H](C)CCC[C@H](C)CCCC(C)C)O2,tocofersolan,unknown,,,,,,1.0,1.0,False,False,False
YNZFUWZUGRBMHL-UHFFFAOYSA-N,OCCN1CCN(CCCN2c3ccccc3C=Cc3ccccc32)CC1,opipramol,unknown,,,,,,1.0,1.0,False,False,False
WVYXNIXAMZOZFK-UHFFFAOYSA-N,CCOC(=O)NC1=C(N2CC2)C(=O)C(NC(=O)OCC)=C(N2CC2)C1=O,diaziquone,unknown,,,,,,1.0,1.0,False,False,False
YXIWHUQXZSMYRE-UHFFFAOYSA-N,S=c1[nH]c2ccccc2s1,2-Mercaptobenzothiazole,unknown,,,,medium,,,1.0,False,False,False
LTMHDMANZUZIPE-UHFFFAOYSA-N,CC1OC(OC2C(O)CC(OC3C(O)CC(OC4CCC5(C)C(CCC6C5CC(O)C5(C)C(C7=CC(=O)OC7)CCC65O)C4)OC3C)OC2C)CC(O)C1O,Digoxin,vNo-DILI-Concern,,,,strong,,,,True,False,False
ZPMNHBXQOOVQJL-UHFFFAOYSA-N,COCCCN1CCC(NC(=O)c2cc(Cl)c(N)c3c2OCC3)CC1,PRUCALOPRIDE,vNo-DILI-Concern,E,,,,,1.0,1.0,True,True,False
JWUBBDSIWDLEOM-DTOXIADCSA-N,C=C1CC[C@H](O)C/C1=C/C=C1\CCC[C@]2(C)[C@@H]([C@H](C)CCCC(C)(C)O)CC[C@@H]12,CALCIFEDIOL ANHYDROUS,unknown,,,,,,1.0,1.0,False,False,False
AGBQKNBQESQNJD-UHFFFAOYSA-N,O=C(O)CCCCC1CCSS1,thioctic acid,unknown,,,,medium,,,1.0,False,False,False
RGOVYLWUIBMPGK-UHFFFAOYSA-N,CCCCCCCCC(=O)NCc1ccc(O)c(OC)c1,Nonivamide,unknown,,,,medium,,,1.0,False,False,False
NBIIXXVUZAFLBC-UHFFFAOYSA-N,O=P(O)(O)O,"SODIUM PHOSPHATE, DIBASIC, ANHYDROUS",unknown,,,,medium,,,1.0,False,False,False
WHXMKTBCFHIYNQ-UHFFFAOYSA-N,CC1CC(=O)NN=C1c1ccc(NN=C(C#N)C#N)cc1,Simendan,unknown,,,,weak,,,1.0,False,False,False
PHEZJEYUWHETKO-UHFFFAOYSA-N,Cc1c(-c2ccc(-c3ccccc3F)cc2)nc2ccc(F)cc2c1C(=O)O,Brequinar,unknown,,,,medium,,,1.0,False,False,False
VZJFGSRCJCXDSG-UHFFFAOYSA-N,C[N+](C)(C)CCCCCC[N+](C)(C)C,hexamethonium,unknown,,,,weak,,,1.0,False,False,False
WYDUSKDSKCASEF-UHFFFAOYSA-N,OC(CCN1CCCC1)(c1ccccc1)C1CCCCC1,PROCYCLIDINE,vNo-DILI-Concern,,,,weak,,,1.0,True,False,False
YGCODSQDUUUKIV-UHFFFAOYSA-N,Nc1nc2cc(Cl)ccc2o1,zoxazolamine,unknown,,,,weak,,1.0,1.0,False,False,False
WEUCDJCFJHYFRL-UHFFFAOYSA-N,CN1CCCN(C(c2ccccc2)c2ccc(Cl)cc2)CC1,homochlorcyclizine,unknown,,,,,,1.0,1.0,False,False,False
ACTRVOBWPAIOHC-UHFFFAOYSA-N,O=C(O)C(S)C(S)C(=O)O,Dimercaptosuccinic Acid,vLess-DILI-Concern,E,,,strong,,,1.0,True,True,False
TWHSQQYCDVSBRK-UHFFFAOYSA-N,CNC(=O)c1cccc2c(Nc3ccc(NS(C)(=O)=O)cc3OC)c3cccc(C)c3nc12,asulacrine,unknown,,,,strong,,1.0,1.0,False,False,False
GJSURZIOUXUGAL-UHFFFAOYSA-N,Clc1cccc(Cl)c1NC1=NCCN1,Clonidine hydrochloride,Ambiguous-DILI-Concern,E,adverse_hepatotox,weak,medium,,1.0,,False,True,False
DFYRUELUNQRZTB-UHFFFAOYSA-N,COc1cc(C(C)=O)ccc1O,Acetovanillone,unknown,,,,medium,,,1.0,False,False,False
VNFPBHJOKIVQEB-UHFFFAOYSA-N,Clc1ccccc1C(c1ccccc1)(c1ccccc1)n1ccnc1,Clotrimazole,vLess-DILI-Concern,E,,,strong,,,,True,True,False
BLGXFZZNTVWLAY-UHFFFAOYSA-N,COC(=O)C1C(O)CCC2CN3CCc4c([nH]c5ccccc45)C3CC21,Yohimbine,,E,,,medium,,,,False,True,False
DPYMFVXJLLWWEU-UHFFFAOYSA-N,FC(F)OC(F)C(F)(F)F,DESFLURANE,unknown,C,,medium,,,,1.0,False,True,False
WLOHNSSYAXHWNR-DWIOZXRMSA-N,CC[C@H]1OC(=O)[C@H](C)[C@@H](O[C@H]2C[C@@](C)(OC)[C@@H](O)[C@H](C)O2)[C@H](C)[C@@H](O[C@@H]2O[C@H](C)C[C@H](N(C)C)[C@H]2O)[C@](C)(O)C[C@@H](C)[C@@H]2N[C@@H](COCCOC)O[C@H]([C@H]2C)[C@]1(C)O,DIRITHROMYCIN,unknown,,,,,,1.0,1.0,False,False,False
GJAWHXHKYYXBSV-UHFFFAOYSA-N,O=C(O)c1cccnc1C(=O)O,Quinolinic Acid,unknown,,,,medium,,,1.0,False,False,False
LMNZTLDVJIUSHT-UHFFFAOYSA-N,COP(=S)(OC)SCN1C(=O)c2ccccc2C1=O,Phosmet,unknown,,,,weak,,,1.0,False,False,False
GPXBXXGIAQBQNI-UHFFFAOYSA-N,CCCS(=O)(=O)Nc1ccc(F)c(C(=O)c2c[nH]c3ncc(-c4ccc(Cl)cc4)cc23)c1F,Vemurafenib,vLess-DILI-Concern,E,,weak,,,,,True,True,False
WDVSHHCDHLJJJR-UHFFFAOYSA-N,Nc1ccc2cc3ccc(N)cc3nc2c1,proflavine,unknown,,,,medium,,,1.0,False,False,False
CBENFWSGALASAD-UHFFFAOYSA-N,O=[O+][O-],Ozone,unknown,,,,strong,,,1.0,False,False,False
HXNFUBHNUDHIGC-UHFFFAOYSA-N,O=c1[nH]c(=O)c2cn[nH]c2[nH]1,Oxypurinol,unknown,,,,medium,,,1.0,False,False,False
BIDUPMYXGFNAEJ-APGVDKLISA-N,CO[C@H]1[C@@H](O)[C@H](N)[C@@H](O[C@H]2O[C@H]([C@H](C)N)CC[C@H]2N)[C@H](O)[C@@H]1N(C)C(=O)CN,astromicin,unknown,,,,,,1.0,1.0,False,False,False
LLPOLZWFYMWNKH-UHFFFAOYSA-N,COc1ccc2c3c1OC1C(=O)CCC4C(C2)N(C)CCC314,Hydrocodone,,E,boxed_hepatotox,,,,,,False,True,True
ZBCATMYQYDCTIZ-UHFFFAOYSA-N,Cc1ccc(O)c(O)c1,4-Methylcatechol,unknown,,,,medium,,,1.0,False,False,False
YTKUWDBFDASYHO-UHFFFAOYSA-N,Cn1c(CCCC(=O)O)nc2cc(N(CCCl)CCCl)ccc21,BENDAMUSTINE,vNo-DILI-Concern,C,warning_hepatotox,,,,,1.0,True,True,False
ASUTZQLVASHGKV-UHFFFAOYSA-N,COc1ccc2c3c1OC1CC(O)C=CC31CCN(C)C2,Galantamine hydrobromide,Ambiguous-DILI-Concern,E,,,medium,,,,False,True,False
ZKUDBRCEOBOWLF-UHFFFAOYSA-N,Cc1cc(C(=O)NCCc2ccc(S(=O)(=O)NC(=O)NN3CCCCCC3)cc2)no1,glisoxepide,unknown,,,,,,1.0,1.0,False,False,False
VDNLFJGJEQUWRB-UHFFFAOYSA-N,O=C(O)c1c(Cl)c(Cl)c(Cl)c(Cl)c1-c1c2cc(I)c(=O)c(I)c-2oc2c(I)c(O)c(I)cc12,ROSE BENGAL FREE ACID,unknown,,,,medium,,,1.0,False,False,False
CBCKQZAAMUWICA-UHFFFAOYSA-N,Nc1ccc(N)cc1,P-Phenylenediamine,unknown,,,,medium,,,1.0,False,False,False
FPCCSQOGAWCVBH-UHFFFAOYSA-N,O=C(c1ccc(F)cc1)C1CCN(CCn2c(=O)[nH]c3ccccc3c2=O)CC1,ketanserin,unknown,,,,weak,,,1.0,False,False,False
WINHZLLDWRZWRT-ATVHPVEESA-N,CCN(CC)CCNC(=O)c1c(C)[nH]c(/C=C2\C(=O)Nc3ccc(F)cc32)c1C,SUNITINIB,unknown,,,,,,1.0,1.0,False,False,False
ORFOPKXBNMVMKC-DWVKKRMSSA-N,CC(C)(O/N=C(\C(=O)N[C@@H]1C(=O)N2C(C(=O)O)=C(C[n+]3ccccc3)CS[C@H]12)c1csc(N)n1)C(=O)[O-],CEFTAZIDIME SODIUM,unknown,,,,,,1.0,1.0,False,False,False
SPOAFZKFCYREMW-FWYLUGOYSA-N,CCCCC(C)(O)C/C=C/[C@H]1[C@H](O)CC(=O)[C@@H]1CCCCCCCO,rioprostil,unknown,,,,,,1.0,1.0,False,False,False
IPOPQVVNCFQFRK-UHFFFAOYSA-N,CCOC(=O)C1(c2ccccc2)CCN(CCC(O)c2ccccc2)CC1,phenoperidine,unknown,,,,,,1.0,1.0,False,False,False
YSXKPIUOCJLQIE-UHFFFAOYSA-N,OC(CCN1CCCCC1)(c1ccccc1)C1CC2C=CC1C2,BIPERIDEN,vNo-DILI-Concern,E,,,weak,,,1.0,True,True,False
WSEQXVZVJXJVFP-FQEVSTJZSA-N,CN(C)CCC[C@@]1(c2ccc(F)cc2)OCc2cc(C#N)ccc21,ESCITALOPRAM,unknown,,,,,,1.0,1.0,False,False,False
HIGRLDNHDGYWQJ-UHFFFAOYSA-P,O/N=C/c1cc[n+](COC[n+]2ccc(/C=N/O)cc2)cc1,obidoxime,unknown,,,,medium,,,1.0,False,False,False
PTQXTEKSNBVPQJ-UHFFFAOYSA-N,CC(C)c1cc(C(C)C)c(CC(=O)NS(=O)(=O)Oc2c(C(C)C)cccc2C(C)C)c(C(C)C)c1,Avasimibe,unknown,,,,weak,,,1.0,False,False,False
UGTJLJZQQFGTJD-UHFFFAOYSA-N,N#CC(C#N)=NNc1cccc(Cl)c1,Carbonyl Cyanide m-Chlorophenyl Hydrazone,,,,,strong,,0.0,,False,False,False
KZNIFHPLKGYRTM-UHFFFAOYSA-N,O=c1cc(-c2ccc(O)cc2)oc2cc(O)cc(O)c12,Apigenin,unknown,,,,strong,,,1.0,False,False,False
UCSJYZPVAKXKNQ-UHFFFAOYSA-N,CNC1C(OC2C(OC3C(O)C(O)C(N=C(N)N)C(O)C3N=C(N)N)OC(C)C2(O)C=O)OC(CO)C(O)C1O,Streptomycin sulfate,vNo-DILI-Concern,E,,weak,strong,,,,True,True,False
OHKOGUYZJXTSFX-KZFFXBSXSA-N,CC1(C)S[C@@H]2[C@H](NC(=O)[C@H](C(=O)O)c3ccsc3)C(=O)N2[C@H]1C(=O)O,TICARCILLIN,unknown,,,,,,1.0,1.0,False,False,False
NBQKINXMPLXUET-UHFFFAOYSA-N,O=C(Nc1cccc2c(=O)cc(-c3nn[nH]n3)oc12)c1ccc(OCCCCc2ccccc2)cc1,Pranlukast,unknown,,,,,,1.0,1.0,False,False,False
UZVHFVZFNXBMQJ-UHFFFAOYSA-N,C=CCC1(CC(C)C)C(=O)NC(=O)NC1=O,BUTALBITAL,unknown,,boxed_hepatotox,,,,,1.0,False,False,True
HAWPXGHAZFHHAD-UHFFFAOYSA-N,CN(CCCl)CCCl,MECHLORETHAMINE,Ambiguous-DILI-Concern,E,,,,,1.0,0.0,False,True,False
MXWHMTNPTTVWDM-NXOFHUPFSA-N,CC(/C=N/N=C(N)N)=N\N=C(N)N,Mitoguazone,unknown,,,,,,1.0,1.0,False,False,False
VUAFHZCUKUDDBC-BYPYZUCNSA-N,CC(C)(S)C(=O)N[C@@H](CS)C(=O)O,bucillamine,unknown,,,,,,1.0,1.0,False,False,False
HGXFBVDWWKPUKZ-UHFFFAOYSA-N,C=CC1=C(C)c2cc3[nH]c(cc4[nH]c(cc5nc(cc1n2)C(C)=C5C=C)c(C)c4CCC(=O)O)c(CCC(=O)O)c3C,Phenodin,unknown,,,,medium,,,1.0,False,False,False
AURFZBICLPNKBZ-YZRLXODZSA-N,CC(=O)[C@H]1CC[C@H]2[C@@H]3CC[C@@H]4C[C@H](O)CC[C@]4(C)[C@H]3CC[C@]12C,eltanolone,unknown,,,,,,1.0,1.0,False,False,False
WYUSVOMTXWRGEK-HBWVYFAYSA-N,COCC1=C(C(=O)O)N2C(=O)[C@@H](NC(=O)/C(=N\OC)c3csc(N)n3)[C@H]2SC1,Cefpodoxime,unknown,,,,,,1.0,1.0,False,False,False
XDDJGVMJFWAHJX-UHFFFAOYSA-N,O=C(O)C1N=C(c2ccccc2)c2cc(Cl)ccc2NC1=O,CLORAZEPIC ACID,Ambiguous-DILI-Concern,D,,,,,1.0,1.0,False,True,False
RYYVLZVUVIJVGH-UHFFFAOYSA-N,Cn1c(=O)c2c(ncn2C)n(C)c1=O,CAFFEINE,vNo-DILI-Concern,,,medium,strong,,,1.0,True,False,False
QPFYXYFORQJZEC-UHFFFAOYSA-N,Nc1ccc(N=Nc2ccccc2)c(N)n1,Phenazopyridine,unknown,,,,strong,,,1.0,False,False,False
JQSHBVHOMNKWFT-UHFFFAOYSA-N,c1cnc2cc3c(cc2n1)C1CNCC3C1,"5,8,14-Triazatetracyclo[10.3.1.02,11.04,9]hexadeca-2,4,6,8,10-pentaene",vLess-DILI-Concern,C,,weak,,weak,,1.0,True,True,False
JXSJBGJIGXNWCI-UHFFFAOYSA-N,CCOC(=O)CC(SP(=S)(OC)OC)C(=O)OCC,MALATHION,unknown,,,,strong,,,1.0,False,False,False
BVKZGUZCCUSVTD-UHFFFAOYSA-N,O=C(O)O,SODIUM BICARBONATE,vNo-DILI-Concern,,,,medium,strong,,1.0,True,False,False
PAYRUJLWNCNPSJ-UHFFFAOYSA-N,Nc1ccccc1,Aniline,unknown,,,,medium,,,1.0,False,False,False
OCJYIGYOJCODJL-UHFFFAOYSA-N,Cc1cccc(CN2CCN(C(c3ccccc3)c3ccc(Cl)cc3)CC2)c1,MECLIZINE,vNo-DILI-Concern,E,,,medium,,,1.0,True,True,False
TZRHLKRLEZJVIJ-UHFFFAOYSA-N,CCC(=O)NS(=O)(=O)c1ccc(-c2c(-c3ccccc3)noc2C)cc1,PARECOXIB SODIUM,unknown,,,,,,1.0,1.0,False,False,False
FMHHVULEAZTJMA-UHFFFAOYSA-N,Cc1cc2cc3c(C)cc(=O)oc3c(C)c2o1,TRIOXSALEN,unknown,,,,weak,,,1.0,False,False,False
POGQSBRIGCQNEG-UHFFFAOYSA-N,NC(=O)c1cn(Cc2c(F)cccc2F)nn1,RUFINAMIDE,Ambiguous-DILI-Concern,E,warning_hepatotox,,,,1.0,0.0,False,True,False
VTRAEEWXHOVJFV-UHFFFAOYSA-N,CCCc1nc(C(C)(C)O)c(C(=O)O)n1Cc1ccc(-c2ccccc2-c2nn[nH]n2)cc1,Olmesartan,unknown,D,,weak,,,,1.0,False,True,False
OVCDSSHSILBFBN-UHFFFAOYSA-N,CCN(CC)Cc1cc(Nc2ccnc3cc(Cl)ccc23)ccc1O,AMODIAQUINE,unknown,A,,medium,strong,,1.0,1.0,False,True,False
FBPFZTCFMRRESA-UHFFFAOYSA-N,OCC(O)C(O)C(O)C(O)CO,Mannitol,vNo-DILI-Concern,,,medium,medium,,,,True,False,False
STQGQHZAVUOBTE-UHFFFAOYSA-N,COc1cccc2c1C(=O)c1c(O)c3c(c(O)c1C2=O)CC(O)(C(C)=O)CC3OC1CC(N)C(O)C(C)O1,Daunorubicin hydrochloride,vNo-DILI-Concern,E,no_signal,,strong,,,,True,True,False
FDGQSTZJBFJUBT-UHFFFAOYSA-N,O=c1[nH]cnc2nc[nH]c12,Hypoxanthine,unknown,,,,medium,,,1.0,False,False,False
QIGBRXMKCJKVMJ-UHFFFAOYSA-N,Oc1ccc(O)cc1,HYDROQUINONE,unknown,,,,medium,,,1.0,False,False,False
AEMRFAOFKBGASW-UHFFFAOYSA-N,O=C(O)CO,glycolic acid,unknown,,,,strong,,,1.0,False,False,False
INDBQLZJXZLFIT-UHFFFAOYSA-N,COc1cc(NC(C)CCCN)c2ncccc2c1,PRIMAQUINE,vNo-DILI-Concern,E,,,medium,,,1.0,True,True,False
LFQSCWFLJHTTHZ-UHFFFAOYSA-N,CCO,ALCOHOL,unknown,,,medium,strong,weak,1.0,1.0,False,False,False
ARAIBEBZBOPLMB-UFGQHTETSA-N,CC(=O)N[C@H]1[C@H]([C@H](O)[C@H](O)CO)OC(C(=O)O)=C[C@@H]1N=C(N)N,Zanamivir,unknown,,,,,,1.0,1.0,False,False,False
DLGOEMSEDOSKAD-UHFFFAOYSA-N,O=NN(CCCl)C(=O)NCCCl,CARMUSTINE,unknown,E,warning_hepatotox,,strong,,,1.0,False,True,False
WWZKQHOCKIZLMA-UHFFFAOYSA-N,CCCCCCCC(=O)O,octanoic acid,unknown,,,,medium,,,1.0,False,False,False
PQCAUHUKTBHUSA-UHFFFAOYSA-N,O=[N+]([O-])c1cccc2cn[nH]c12,7-Nitroindazole,unknown,,,,weak,,,1.0,False,False,False
GRWFGVWFFZKLTI-UHFFFAOYSA-N,CC1=CCC2CC1C2(C)C,(+-)-alpha-Pinene,unknown,,,,medium,,,1.0,False,False,False
KMSKQZKKOZQFFG-YXRRJAAWSA-N,COc1cccc2c1C(=O)c1c(O)c3c(c(O)c1C2=O)C[C@@](O)(C(=O)CO)C[C@@H]3O[C@H]1C[C@H](N)[C@H](O[C@@H]2CCCCO2)[C@H](C)O1,pirarubicin,unknown,,,,,,1.0,1.0,False,False,False
VFEDRRNHLBGPNN-UHFFFAOYSA-N,Cc1ncc(CNC(=O)N(CCCl)N=O)c(N)n1,nimustine,unknown,,,,weak,,1.0,1.0,False,False,False
CUHVIMMYOGQXCV-UHFFFAOYSA-N,Cc1cccc(C(C)c2c[nH]cn2)c1C,medetomidine,Ambiguous-DILI-Concern,,,,medium,,,1.0,False,False,False
BHELIUBJHYAEDK-OAIUPTLZSA-N,CNC(=O)C[C@@H](N)C(=O)N[C@@H](C(=O)N[C@@H]1C(=O)N2[C@@H]1SC(C)(C)[C@@H]2C(=O)O)c1ccc(O)cc1,aspoxicillin,unknown,,,,,,1.0,1.0,False,False,False
HPXRVTGHNJAIIH-UHFFFAOYSA-N,OC1CCCCC1,Cyclohexanol,unknown,,,medium,,,,1.0,False,False,False
JTIGKVIOEQASGT-UHFFFAOYSA-N,Cc1ccc2c(-c3ccccc3)nc(=O)n(C(C)C)c2c1,proquazone,unknown,,,,,,1.0,1.0,False,False,False
FOHHNHSLJDZUGQ-UHFFFAOYSA-N,CCCCN(CCCC)CCC(O)c1cc2c(Cl)cc(Cl)cc2c2cc(C(F)(F)F)ccc12,HALOFANTRINE,unknown,,,,,,1.0,1.0,False,False,False
AGMMTXLNIQSRCG-UHFFFAOYSA-N,CCC1NC(=O)c2cc(S(N)(=O)=O)c(Cl)cc2N1,QUINETHAZONE,unknown,,,,,,1.0,1.0,False,False,False
YBSJFWOBGCMAKL-UHFFFAOYSA-N,Cn1c(CNc2ccc(C(=N)N)cc2)nc2cc(C(=O)N(CCC(=O)O)c3ccccn3)ccc21,Dabigatran,unknown,D,,weak,,,,1.0,False,True,False
WUADCCWRTIWANL-UHFFFAOYSA-N,COc1ccc(-c2coc3cc(O)cc(O)c3c2=O)cc1,Biochanin A,unknown,,,,medium,,,1.0,False,False,False
BYBLEWFAAKGYCD-UHFFFAOYSA-N,Clc1ccc(COC(Cn2ccnc2)c2ccc(Cl)cc2Cl)c(Cl)c1,MICONAZOLE,unknown,,,,strong,,,1.0,False,False,False
SEDQWOMFMIJKCU-UHFFFAOYSA-N,CNCCON=c1c2ccccc2ccc2ccccc12,demexiptiline,unknown,,,,,,1.0,1.0,False,False,False
WVCHIGAIXREVNS-UHFFFAOYSA-N,O=C1C=C(O)c2ccccc2C1=O,"2-Hydroxy-1,4-naphthoquinone",unknown,,,,weak,,,1.0,False,False,False
BMKDZUISNHGIBY-UHFFFAOYSA-N,CC(CN1CC(=O)NC(=O)C1)N1CC(=O)NC(=O)C1,razoxane,Ambiguous-DILI-Concern,,,,strong,,,1.0,False,False,False
GWBPFRGXNGPPMF-UHFFFAOYSA-N,CC(=O)Nc1ccc(S(=O)(=O)Nc2ccc([N+](=O)[O-])cc2)cc1,Sulfanitran,unknown,,,,weak,,,1.0,False,False,False
OHTXTCNTQJFRIG-UHFFFAOYSA-N,O=C1OC(c2ccc(O)c(S(=O)(=O)O)c2)(c2ccc(O)c(S(=O)(=O)O)c2)c2c(Br)c(Br)c(Br)c(Br)c21,sulfobromophthalein,unknown,,,,medium,,1.0,1.0,False,False,False
LRHPLDYGYMQRHN-UHFFFAOYSA-N,CCCCO,1-Butanol,unknown,,,,medium,,,1.0,False,False,False
ZNRGQMMCGHDTEI-ITGUQSILSA-N,CN1[C@@H]2CC[C@H]1C[C@@H](OC(=O)c1c[nH]c3ccccc13)C2,tropisetron,unknown,,,,,,1.0,1.0,False,False,False
DZGWFCGJZKJUFP-UHFFFAOYSA-N,NCCc1ccc(O)cc1,tyramine,vNo-DILI-Concern,,,,weak,,,1.0,True,False,False
YQVALJGIKVYRNI-UHFFFAOYSA-N,O=[As](O)(O)c1ccc(NCCNc2ccc([As](=O)(O)O)cc2)cc1,difetarsone,unknown,,,,,,1.0,1.0,False,False,False
RBTBFTRPCNLSDE-UHFFFAOYSA-N,CN(C)c1ccc2nc3ccc(=[N+](C)C)cc-3sc2c1,METHYLENE BLUE CATION,unknown,,,,medium,,,1.0,False,False,False
DDRJAANPRJIHGJ-UHFFFAOYSA-N,CN1CC(=O)NC1=N,2-Imino-1-methyl-4-imidazolidinone,unknown,,,medium,weak,,,1.0,False,False,False
XIURVHNZVLADCM-IUODEOHRSA-N,CC(=O)OCC1=C(C(=O)O)N2C(=O)[C@@H](NC(=O)Cc3cccs3)[C@H]2SC1,CEPHALOTHIN,unknown,,,,,,1.0,1.0,False,False,False
MRBDMNSDAVCSSF-UHFFFAOYSA-N,Cc1ccc(N(CC2=NCCN2)c2cccc(O)c2)cc1,PHENTOLAMINE,vNo-DILI-Concern,,,,medium,,1.0,1.0,True,False,False
PHXJVRSECIGDHY-UHFFFAOYSA-N,Cc1ccc(C(=O)Nc2ccc(CN3CCN(C)CC3)c(C(F)(F)F)c2)cc1C#Cc1cnc2cccnn12,PONATINIB,Ambiguous-DILI-Concern,E,boxed_hepatotox,,,,,0.0,False,True,True
CVHZOJJKTDOEJC-UHFFFAOYSA-N,O=C1NS(=O)(=O)c2ccccc21,Saccharin,unknown,,,,medium,,1.0,1.0,False,False,False
UKOQVLAXCBRRGH-UHFFFAOYSA-N,CO/N=C(\N)c1ccc(-c2ccc(-c3ccc(/C(N)=N/OC)cc3)o2)cc1,Pafuramidine,unknown,,,,,,1.0,1.0,False,False,False
CURLTUGMZLYLDI-UHFFFAOYSA-N,O=C=O,carbon dioxide,unknown,,,,medium,,,1.0,False,False,False
JLVVSXFLKOJNIY-UHFFFAOYSA-N,[Mg+2],MAGNESIUM OXIDE,unknown,,,,medium,,,1.0,False,False,False
USZYSDMBJDPRIF-SVEJIMAYSA-N,CC[C@@]1(O)C[C@H](O[C@H]2C[C@H](N(C)C)[C@H](O[C@H]3C[C@H](O)[C@H](O[C@H]4CCC(=O)[C@H](C)O4)[C@H](C)O3)[C@H](C)O2)c2c(cc3c(c2O)C(=O)c2c(O)cccc2C3=O)[C@H]1C(=O)OC,aclarubicin,unknown,,,,,,1.0,1.0,False,False,False
AXOIZCJOOAYSMI-UHFFFAOYSA-N,C[N+](C)(C)CCOC(=O)CCC(=O)OCC[N+](C)(C)C,SUXAMETHONIUM,vNo-DILI-Concern,,,,strong,,,1.0,True,False,False
ZBNARPCCDMHDDV-UHFFFAOYSA-N,Cc1cc(-c2ccc(N=Nc3c(S(=O)(=O)O)cc4cc(S(=O)(=O)O)cc(N)c4c3O)c(C)c2)ccc1N=Nc1c(S(=O)(=O)O)cc2cc(S(=O)(=O)O)cc(N)c2c1O,Trypan Blue free acid,unknown,,,,strong,,,1.0,False,False,False
VXMOONUMYLCFJD-DHLKQENFSA-N,COC(=O)C1=C(C)NC(C)=C(C(=O)O[C@H]2CCN(Cc3ccccc3)C2)[C@H]1c1cccc([N+](=O)[O-])c1,barnidipine,unknown,,,,,,1.0,1.0,False,False,False
DFPAKSUCGFBDDF-UHFFFAOYSA-N,NC(=O)c1cccnc1,NIACINAMIDE,unknown,,,weak,strong,,,1.0,False,False,False
SIOXPEMLGUPBBT-UHFFFAOYSA-N,O=C(O)c1ccccn1,Chromium(III) picolinate,unknown,,,,strong,,,1.0,False,False,False
WEEGYLXZBRQIMU-UHFFFAOYSA-N,CC12CCC(CC1)C(C)(C)O2,cineole,unknown,,,,medium,,,1.0,False,False,False
ZOXJGFHDIHLPTG-UHFFFAOYSA-N,[B],Boron,unknown,,,,medium,,,1.0,False,False,False
WPFVBOQKRVRMJB-UHFFFAOYSA-N,CC(CC=O)CCCC(C)(C)O,Hydroxycitronellal,unknown,,,,medium,,,1.0,False,False,False
CZMAIROVPAYCMU-UHFFFAOYSA-N,[La+3],Lanthanum cation (3+),unknown,,,,strong,,,1.0,False,False,False
SMSRCGPDNDCXFR-CYWZMYCQSA-N,CCN1CCN(C(=O)N[C@@H](C(=O)N[C@]2(OC)C(=O)N3C(C(=O)O)=C(CSc4nnnn4C)CS[C@@H]32)[C@H](C)O)C(=O)C1=O,cefbuperazone,unknown,,,,,,1.0,1.0,False,False,False
NXPPAOGUKPJVDI-UHFFFAOYSA-N,Oc1ccc2ccccc2c1O,"1,2-Dihydroxynaphthalene",unknown,,,,medium,,,1.0,False,False,False
ODKSFYDXXFIFQN-UHFFFAOYSA-N,NC(N)=NCCCC(N)C(=O)O,Arginine hydrochloride,vNo-DILI-Concern,,,,medium,,,,True,False,False
LJJFNFYPZOHRHM-UHFFFAOYSA-N,[C-]#[N+]CC(C)(C)OC,Technetium (99mTc) sestamibi,unknown,,,,weak,,,1.0,False,False,False
CHBRHODLKOZEPZ-UHFFFAOYSA-N,CCc1cc2c(s1)N(C)C(=O)CN=C2c1ccccc1Cl,clotiazepam,unknown,,,,strong,,,1.0,False,False,False
WZPBZJONDBGPKJ-UHFFFAOYSA-N,CC1C(NC(=O)C(=NOC(C)(C)C(=O)O)c2csc(N)n2)C(=O)N1S(=O)(=O)O,Aztreonam,Ambiguous-DILI-Concern,E,,,weak,,,,False,True,False
NIQCNGHVCWTJSM-UHFFFAOYSA-N,COC(=O)c1ccccc1C(=O)OC,dimethylphthalate,unknown,,,,medium,,,1.0,False,False,False
DQCKKXVULJGBQN-UHFFFAOYSA-N,O=C1CCC2(O)C3Cc4ccc(O)c5c4C2(CCN3CC2CC2)C1O5,Naltrexone hydrochloride,Ambiguous-DILI-Concern,E,warning_hepatotox,,strong,,,,False,True,False
XNOPRXBHLZRZKH-UHFFFAOYSA-N,CCC(C)C1NC(=O)C(Cc2ccc(O)cc2)NC(=O)C(N)CSSCC(C(=O)N2CCCC2C(=O)NC(CC(C)C)C(=O)NCC(N)=O)NC(=O)C(CC(N)=O)NC(=O)C(CCC(N)=O)NC1=O,Oxytocin,vNo-DILI-Concern,,,,weak,,,,True,False,False
OSWPMRLSEDHDFF-UHFFFAOYSA-N,COC(=O)c1ccccc1O,METHYL SALICYLATE,unknown,,,,medium,,,1.0,False,False,False
JTPUMZTWMWIVPA-UHFFFAOYSA-O,CC(C)[N+](C)(CCC(C(N)=O)(c1ccccc1)c1ccccc1)C(C)C,ISOPROPAMIDE IODIDE,unknown,,,,,,1.0,1.0,False,False,False
DGEZNRSVGBDHLK-UHFFFAOYSA-N,c1cnc2c(c1)ccc1cccnc12,"1,10-Phenanthroline",unknown,,,,medium,,,1.0,False,False,False
DRBBFCLWYRJSJZ-UHFFFAOYSA-N,CN(CC(=O)O)/C(N)=N/P(=O)(O)O,Phosphocreatine,unknown,,,,medium,,,1.0,False,False,False
ZPBYVFQJHWLTFB-UHFFFAOYSA-N,Cn1cnc(=N)c2[nH]cnc21,3-Methyladenine,unknown,,,,strong,,,1.0,False,False,False
APIXJSLKIYYUKG-UHFFFAOYSA-N,CC(C)Cn1c(=O)n(C)c(=O)c2[nH]cnc21,3-Isobutyl-1-methylxanthine,unknown,,,,medium,,,1.0,False,False,False
HCIBTBXNLVOFER-UHFFFAOYSA-N,O=c1c(-c2ccccc2)c1-c1ccccc1,Diphenylcyclopropenone,unknown,,,,weak,,,1.0,False,False,False
UFLGIAIHIAPJJC-UHFFFAOYSA-N,CN(C)CCN(Cc1ccccc1)c1ccccn1,TRIPELENNAMINE,unknown,,,,,,1.0,1.0,False,False,False
XAGFODPZIPBFFR-UHFFFAOYSA-N,[Al],Aluminum,unknown,,,,strong,,,1.0,False,False,False
XYFCBTPGUUZFHI-UHFFFAOYSA-N,P,Phosphine,unknown,,,,medium,,,1.0,False,False,False
YAPQBXQYLJRXSA-UHFFFAOYSA-N,Cn1cnc2c1c(=O)[nH]c(=O)n2C,theobromine,unknown,,,,weak,,,1.0,False,False,False
DFEYYRMXOJXZRJ-UHFFFAOYSA-N,FCOC(C(F)(F)F)C(F)(F)F,SEVOFLURANE,unknown,B,warning_hepatotox,medium,,,,1.0,False,True,False
SXYIRMFQILZOAM-HVNFFKDJSA-N,CO[C@H]1O[C@@H]2O[C@@]3(C)CC[C@H]4[C@H](C)CC[C@@H]([C@H]1C)[C@@]24OO3,ARTEMETHER,unknown,,,,,,1.0,1.0,False,False,False
IKMDFBPHZNJCSN-UHFFFAOYSA-N,O=c1c(O)c(-c2cc(O)c(O)c(O)c2)oc2cc(O)cc(O)c12,Myricetin,unknown,,,,medium,,,1.0,False,False,False
PCHJSUWPFVWCPO-UHFFFAOYSA-N,[Au],Gold,unknown,,,medium,medium,,,1.0,False,False,False
ADIMAYPTOBDMTL-UHFFFAOYSA-N,O=C1Nc2ccc(Cl)cc2C(c2ccccc2)=NC1O,OXAZEPAM,Ambiguous-DILI-Concern,E,,,strong,,,0.0,False,True,False
DTUQWGWMVIHBKE-UHFFFAOYSA-N,O=CCc1ccccc1,Phenylacetaldehyde,unknown,,,,weak,,,1.0,False,False,False
XDZKBRJLTGRPSS-BGZQYGJUSA-N,CO/N=C(\C(=O)N[C@@H]1C(=O)N2C(C(=O)O)=C(CSc3nc(C)c(CC(=O)O)s3)CS[C@H]12)c1csc(N)n1,cefodizime,unknown,,,,,,1.0,1.0,False,False,False
CJGYSWNGNKCJSB-YVLZZHOMSA-N,CCCC(=O)Nc1ncnc2c1ncn2[C@@H]1O[C@@H]2COP(=O)(O)O[C@H]2[C@H]1OC(=O)CCC,bucladesine,unknown,,,,,,1.0,1.0,False,False,False
MVOUIYUWRXPNKD-UHFFFAOYSA-N,COc1cc(C(=S)N2CCOCC2)cc(OC)c1OC,tritiozine,unknown,,,,,,1.0,1.0,False,False,False
NSPMIYGKQJPBQR-UHFFFAOYSA-N,c1nc[nH]n1,"1H-1,2,4-Triazole",unknown,,,,weak,,,1.0,False,False,False
HWGBHCRJGXAGEU-UHFFFAOYSA-N,Cc1cc(=O)[nH]c(=S)[nH]1,methylthiouracil,unknown,,,,medium,,,1.0,False,False,False
MPHPHYZQRGLTBO-UHFFFAOYSA-N,CCCC1C(=O)N2C(N(C)C)=Nc3ccc(C)cc3N2C1=O,azapropazone,unknown,,,,,,1.0,1.0,False,False,False
MBUVEWMHONZEQD-UHFFFAOYSA-N,CN1CCCC(n2nc(Cc3ccc(Cl)cc3)c3ccccc3c2=O)CC1,AZELASTINE,unknown,,,,weak,,,1.0,False,False,False
MGFYIUFZLHCRTH-UHFFFAOYSA-N,O=C(O)CN(CC(=O)O)CC(=O)O,Nitrilotriacetic Acid,unknown,,,,medium,,,1.0,False,False,False
RJQXTJLFIWVMTO-TYNCELHUSA-N,COc1cccc(OC)c1C(=O)N[C@@H]1C(=O)N2[C@@H]1SC(C)(C)[C@@H]2C(=O)O,METHICILLIN,unknown,,,,,,1.0,1.0,False,False,False
AELCINSCMGFISI-DTWKUNHWSA-N,N[C@@H]1C[C@H]1c1ccccc1,TRANYLCYPROMINE SULFATE,unknown,,,,,,1.0,1.0,False,False,False
MDNWOSOZYLHTCG-UHFFFAOYSA-N,Oc1ccc(Cl)cc1Cc1cc(Cl)ccc1O,dichlorophen,unknown,,,,,,1.0,1.0,False,False,False
IUJDSEJGGMCXSG-UHFFFAOYSA-N,CCCC(C)C1(CC)C(=O)NC(=S)NC1=O,THIOPENTAL,unknown,,,weak,medium,,1.0,1.0,False,False,False
WRUUGTRCQOWXEG-UHFFFAOYSA-N,NCCC(O)(P(=O)(O)O)P(=O)(O)O,PAMIDRONIC ACID,Ambiguous-DILI-Concern,,,,medium,,1.0,1.0,False,False,False
BTFMCMVEUCGQDX-UHFFFAOYSA-N,CC(=O)c1ccc2c(c1)N(CCCN1CCC(CCO)CC1)c1ccccc1S2,PIPERACETAZINE,unknown,,,,,,1.0,1.0,False,False,False
DKGZKTPJOSAWFA-UHFFFAOYSA-N,O=C(CCCN1CCC2(CC1)C(=O)NCN2c1ccccc1)c1ccc(F)cc1,spiperone,unknown,,,,weak,,,1.0,False,False,False
BEJNERDRQOWKJM-UHFFFAOYSA-N,O=c1cc(CO)occ1O,kojic acid,unknown,,,,strong,,,1.0,False,False,False
RMWVZGDJPAKBDE-UHFFFAOYSA-N,CC(=O)Oc1cc(C(F)(F)F)ccc1C(=O)O,triflusal,unknown,,,,weak,,,1.0,False,False,False
HTQMVQVXFRQIKW-UHFFFAOYSA-N,CCOc1nc2cccc(C(=O)O)c2n1Cc1ccc(-c2ccccc2-c2nn[nH]n2)cc1,Candesartan,unknown,C,,medium,strong,,1.0,1.0,False,True,False
HBUBKKRHXORPQB-UHFFFAOYSA-N,Nc1nc(F)nc2c1ncn2C1OC(CO)C(O)C1O,Fludarabine,,E,,,medium,,,,False,True,False
RYLHNOVXKPXDIP-UHFFFAOYSA-N,O=C(NC(=O)c1c(F)cccc1F)Nc1ccc(Oc2ccc(C(F)(F)F)cc2Cl)cc1F,Flufenoxuron,unknown,,,,weak,,,1.0,False,False,False
PCLITLDOTJTVDJ-UHFFFAOYSA-N,Cc1ncsc1CCCl,clomethiazole,unknown,,,weak,medium,,,1.0,False,False,False
QUIJNHUBAXPXFS-UHFFFAOYSA-N,COc1nc2ccc(Br)cc2cc1C(c1ccccc1)C(O)(CCN(C)C)c1cccc2ccccc12,Bedaquiline fumarate,Ambiguous-DILI-Concern,E,warning_hepatotox,,,,,,False,True,False
CFOYWRHIYXMDOT-UHFFFAOYSA-N,CCOC(=O)n1ccn(C)c1=S,carbimazole,unknown,,,medium,strong,,,1.0,False,False,False
WDZCUPBHRAEYDL-UHFFFAOYSA-N,COC1C=COC2(C)Oc3c(C)c(O)c4c(O)c(c(C=NN5CCN(C6CCCC6)CC5)c(O)c4c3C2=O)NC(=O)C(C)=CC=CC(C)C(O)C(C)C(O)C(C)C(OC(C)=O)C1C,Rifapentine,Ambiguous-DILI-Concern,E,,weak,strong,,,,False,True,False
GLBJJMFZWDBELO-UHFFFAOYSA-N,COc1ccc(-c2nc3cc(C4=NNC(=O)CC4C)ccc3[nH]2)cc1,pimobendan,unknown,,,,medium,,,1.0,False,False,False
AOCCBINRVIKJHY-UHFFFAOYSA-N,CCCCCCNC(=O)n1cc(F)c(=O)[nH]c1=O,carmofur,unknown,,,,strong,,,1.0,False,False,False
BKYKPTRYDKTTJY-UHFFFAOYSA-N,NS(=O)(=O)c1cc2c(cc1Cl)NC(CC1CCCC1)NS2(=O)=O,cyclopenthiazide,unknown,,,,,,1.0,1.0,False,False,False
XQZXYNRDCRIARQ-LURJTMIESA-N,C[C@H](O)C(=O)Nc1c(I)c(C(=O)NC(CO)CO)c(I)c(C(=O)NC(CO)CO)c1I,IOPAMIDOL,unknown,,,,,,1.0,1.0,False,False,False
RLSSMJSEOOYNOY-UHFFFAOYSA-N,Cc1cccc(O)c1,M-Cresol,unknown,,,,strong,,,1.0,False,False,False
TZXKOCQBRNJULO-UHFFFAOYSA-N,Cc1c(O)c(=O)ccn1C,DEFERIPRONE,Ambiguous-DILI-Concern,E,,,medium,,1.0,0.0,False,True,False
WNAQOLSMVPFGTE-UHFFFAOYSA-N,Cc1nc2ccccc2n1Cc1ccc(Cl)cc1,chlormidazole,unknown,,,,weak,,,1.0,False,False,False
URWAJWIAIPFPJE-YFMIWBNJSA-N,CN[C@@H]1[C@@H](O)[C@@H](O[C@@H]2[C@@H](O)[C@H](O[C@H]3OC(CN)=CC[C@H]3N)[C@@H](N)C[C@H]2N)OC[C@]1(C)O,sisomicin,unknown,,,,,,1.0,1.0,False,False,False
MEXUTNIFSHFQRG-UHFFFAOYSA-N,O=C1NCc2c1c1c3ccccc3[nH]c1c1[nH]c3ccccc3c21,K-252C,unknown,,,,medium,,,1.0,False,False,False
UOWZUVNAGUAEQC-UHFFFAOYSA-N,O=C(O)Cc1cc(I)c(Oc2ccc(O)c(I)c2)c(I)c1,tiratricol,unknown,,,,medium,,,1.0,False,False,False
FWYSMLBETOMXAG-UHFFFAOYSA-N,COc1cccc(N2CCN(C3=Nc4c(F)cccc4C(CC(=O)O)N3c3cc(C(F)(F)F)ccc3OC)CC2)c1,Letermovir,vLess-DILI-Concern,E,,,,,,,True,True,False
BJJXHLWLUDYTGC-ANULTFPQSA-N,C#C[C@]1(O)CC[C@H]2[C@@H]3CCC4=CC(=O)CCC4=C3C=C[C@@]21CC,gestrinone,unknown,,,,,,1.0,1.0,False,False,False
SYELZBGXAIXKHU-UHFFFAOYSA-N,CCCCCCCCCCCC[N+](C)(C)[O-],Dodecyldimethylamine oxide,unknown,,,,medium,,,1.0,False,False,False
RYQOGSFEJBUZBX-UHFFFAOYSA-N,CN(C)CCCN1c2ccccc2C(C)(C)c2ccccc21,dimetacrine,unknown,,,,,,1.0,1.0,False,False,False
KEJCWVGMRLCZQQ-YJBYXUATSA-N,CO/N=C(\C(=O)N[C@@H]1C(=O)N2C(C(=O)OC(C)OC(C)=O)=C(COC(N)=O)CS[C@H]12)c1ccco1,CEFUROXIME AXETIL,unknown,,,,,,1.0,1.0,False,False,False
YZFWTZACSRHJQD-UHFFFAOYSA-N,CC1(COc2ccc(CC3SC(=O)NC3=O)cc2)CCCCC1,Ciglitazone,unknown,,,,medium,,1.0,1.0,False,False,False
RFDAIACWWDREDC-UHFFFAOYSA-N,CC(CCC(O)=NCC(=O)O)C1CCC2C3C(O)CC4CC(O)CCC4(C)C3CC(O)C12C,"Platinum(2+) [(3,7,12-trihydroxy-24-oxidocholan-24-ylidene)amino]acetate--ammonia--hydrogen chloride (1/1/2/1)",unknown,,,,strong,,,1.0,False,False,False
NASXCEITKQITLD-UHFFFAOYSA-N,O=C1c2ccccc2C(=O)C1c1ccc(F)cc1,fluindione,unknown,,,medium,strong,,1.0,1.0,False,False,False
MXUNKHLAEDCYJL-UHFFFAOYSA-N,Cc1cccc(N2CC(CO)OC2=O)c1,TOLOXATONE,unknown,,,,,,1.0,1.0,False,False,False
ISAKRJDGNUQOIC-UHFFFAOYSA-N,O=c1cc[nH]c(=O)[nH]1,Uracil,unknown,,,medium,,,,1.0,False,False,False
JCQLYHFGKNRPGE-UHFFFAOYSA-N,OCC1OC(OC2C(CO)OC(O)(CO)C2O)C(O)C(O)C1O,Lactulose,vNo-DILI-Concern,,,,medium,weak,,,True,False,False
ZOAMBXDOGPRZLP-UHFFFAOYSA-N,NC(=O)Cc1c[nH]c2ccccc12,Indole-3-acetamide,unknown,,,,weak,,,1.0,False,False,False
FEDYMSUPMFCVOD-UHFFFAOYSA-N,C=CC1=C(C)c2cc3[nH]c(cc4nc(cc5[nH]c(cc1n2)c(C)c5C=C)C(C)=C4CCC(=O)O)c(CCC(=O)O)c3C,zinc-protoporphyrin IX,unknown,,,,strong,,,1.0,False,False,False
VEPKQEUBKLEPRA-UHFFFAOYSA-N,O=c1ncn2nc(Sc3ccc(F)cc3F)ccc2c1-c1c(Cl)cccc1Cl,"5-(2,6-Dichlorophenyl)-2-((2,4-difluorophenyl)thio)-6H-pyrimido(1,6-b)pyridazin-6-one",unknown,,,,medium,,,1.0,False,False,False
ARAIBEBZBOPLMB-UHFFFAOYSA-N,CC(=O)NC1C(N=C(N)N)C=C(C(=O)O)OC1C(O)C(O)CO,Zanamivir,,E,,,weak,,,,False,True,False
VBGLYOIFKLUMQG-UHFFFAOYSA-N,CCCCCc1cc(O)c2c(c1)OC(C)(C)c1ccc(C)cc1-2,Cannabinol,unknown,,,,medium,,,1.0,False,False,False
NJRXVEJTAYWCQJ-UHFFFAOYSA-N,O=C(O)CC(S)C(=O)O,Gold Sodium Thiomalate,unknown,,,medium,weak,,,1.0,False,False,False
NWIUTZDMDHAVTP-UHFFFAOYSA-N,CC(C)NCC(O)COc1ccc(CCOCC2CC2)cc1,BETAXOLOL,Ambiguous-DILI-Concern,E,,,weak,,1.0,0.0,False,True,False
DXVUYOAEDJXBPY-NFFDBFGFSA-N,CC1(C)S[C@@H]2[C@H](N3C(=O)[C@@H](c4ccccc4)NC3(C)C)C(=O)N2[C@H]1C(=O)O,HETACILLIN,unknown,,,,,,1.0,1.0,False,False,False
XNWFRZJHXBZDAG-UHFFFAOYSA-N,COCCO,2-Methoxyethanol,unknown,,,,medium,,,1.0,False,False,False
XEFQLINVKFYRCS-UHFFFAOYSA-N,Oc1cc(Cl)ccc1Oc1ccc(Cl)cc1Cl,TRICLOSAN,unknown,,,,medium,,,1.0,False,False,False
KWGRBVOPPLSCSI-UHFFFAOYSA-N,CNC(C)C(O)c1ccccc1,Ephedrine sulfate,vNo-DILI-Concern,,,weak,strong,strong,,,True,False,False
HJLSLZFTEKNLFI-UHFFFAOYSA-N,CCS(=O)(=O)CCn1c([N+](=O)[O-])cnc1C,Tinidazole,vLess-DILI-Concern,E,,,,,1.0,,True,True,False
KCXVZYZYPLLWCC-UHFFFAOYSA-N,O=C(O)CN(CCN(CC(=O)O)CC(=O)O)CC(=O)O,EDETATE DISODIUM ANHYDROUS,Ambiguous-DILI-Concern,,,,medium,,1.0,1.0,False,False,False
SCKYRAXSEDYPSA-UHFFFAOYSA-N,Cc1cc(C2CCCCC2)n(O)c(=O)c1,CICLOPIROX,unknown,,,,weak,,,1.0,False,False,False
SEQDDYPDSLOBDC-UHFFFAOYSA-N,CN1C(=O)C(O)N=C(c2ccccc2)c2cc(Cl)ccc21,TEMAZEPAM,Ambiguous-DILI-Concern,E,,,strong,,,1.0,False,True,False
MGSKVZWGBWPBTF-UHFFFAOYSA-N,NCCc1ccc(S(=O)(=O)F)cc1,4-(2-Aminoethyl)Benzenesulfonyl Fluoride,unknown,,,,medium,,,1.0,False,False,False
IVYPNXXAYMYVSP-UHFFFAOYSA-N,OCc1c[nH]c2ccccc12,Indole-3-Carbinol,unknown,,,,strong,,,1.0,False,False,False
VYFYYTLLBUKUHU-UHFFFAOYSA-N,NCCc1ccc(O)c(O)c1,DOPAMINE,vNo-DILI-Concern,,,,medium,,,1.0,True,False,False
FJKROLUGYXJWQN-UHFFFAOYSA-N,O=C(O)c1ccc(O)cc1,4-Hydroxybenzoic Acid,unknown,,,,medium,,,1.0,False,False,False
WKEMJKQOLOHJLZ-UHFFFAOYSA-N,CN(C)CCc1c[nH]c2ccc(CS(=O)(=O)N3CCCC3)cc12,ALMOTRIPTAN,vNo-DILI-Concern,,,,weak,,,1.0,True,False,False
ZQSIJRDFPHDXIC-UHFFFAOYSA-N,O=c1c(-c2ccc(O)cc2)coc2cc(O)ccc12,Daidzein,unknown,,,,medium,,,1.0,False,False,False
WDCYWAQPCXBPJA-UHFFFAOYSA-N,O=[N+]([O-])c1cccc([N+](=O)[O-])c1,"1,3-Dinitrobenzene",unknown,,,,medium,,1.0,1.0,False,False,False
ZVNYJIZDIRKMBF-UHFFFAOYSA-N,COc1ccc(C(=O)N2CCN(c3ccc4c(c3)CCC(=O)N4)CC2)cc1OC,vesnarinone,unknown,,,,weak,,,1.0,False,False,False
WSMYVTOQOOLQHP-UHFFFAOYSA-N,O=CCC=O,Malonaldehyde,unknown,,,weak,strong,,,1.0,False,False,False
XUIMIQQOPSSXEZ-UHFFFAOYSA-N,[Si],Silicon,unknown,,,,medium,,,1.0,False,False,False
DYKFCLLONBREIL-KVUCHLLUSA-N,CN(C)c1ccc(O)c2c1C[C@H]1C[C@H]3[C@H](N(C)C)C(O)=C(C(N)=O)C(=O)[C@@]3(O)C(O)=C1C2=O,MINOCYCLINE,unknown,,,,,,1.0,1.0,False,False,False
NGVDGCNFYWLIFO-UHFFFAOYSA-N,Cc1ncc(COP(=O)(O)O)c(C=O)c1O,pyridoxal phosphate,unknown,,,,weak,,,1.0,False,False,False
NOYPYLRCIDNJJB-UHFFFAOYSA-N,COc1cc(NCc2ccc3nc(N)nc(N)c3c2C)cc(OC)c1OC,TRIMETREXATE,Ambiguous-DILI-Concern,E,,,,,1.0,1.0,False,True,False
UCFGDBYHRUNTLO-UHFFFAOYSA-N,CCC1(O)C(=O)OCc2c1cc1n(c2=O)Cc2cc3c(CN(C)C)c(O)ccc3nc2-1,Topotecan hydrochloride,vNo-DILI-Concern,,,,strong,,,,True,False,False
QZAYGJVTTNCVMB-UHFFFAOYSA-N,NCCc1c[nH]c2ccc(O)cc12,Serotonin,unknown,,,,medium,,,1.0,False,False,False
MECHNRXZTMCUDQ-UHFFFAOYSA-N,C=C1CCC(O)CC1=CC=C1CCCC2(C)C1CCC2C(C)C=CC(C)C(C)C,Ergocalciferol,vNo-DILI-Concern,,,,,strong,,,True,False,False
JZRWCGZRTZMZEH-UHFFFAOYSA-N,Cc1ncc(C[n+]2csc(CCO)c2C)c(N)n1,THIAMINE ION,vNo-DILI-Concern,,,,medium,,,1.0,True,False,False
OGGXGZAMXPVRFZ-UHFFFAOYSA-N,C[As](C)(=O)O,cacodylic acid,unknown,,,,strong,,,1.0,False,False,False
LSNNMFCWUKXFEE-UHFFFAOYSA-N,O=S(O)O,Sodium Bisulfite,unknown,,,,medium,,,1.0,False,False,False
VEXZGXHMUGYJMC-UHFFFAOYSA-N,Cl,SODIUM CHLORIDE,unknown,,,,strong,,,1.0,False,False,False
QPCDCPDFJACHGM-UHFFFAOYSA-N,O=C(O)CN(CCN(CC(=O)O)CC(=O)O)CCN(CC(=O)O)CC(=O)O,PENTETIC ACID,vNo-DILI-Concern,,,,weak,,,1.0,True,False,False
BGDKAVGWHJFAGW-UHFFFAOYSA-N,CCN(Cc1ccncc1)C(=O)C(CO)c1ccccc1,TROPICAMIDE,unknown,,,,weak,,,1.0,False,False,False
KYLIZBIRMBGUOP-UHFFFAOYSA-N,COc1ccc(-c2cc(=S)ss2)cc1,anethole trithione,unknown,,,,medium,,,1.0,False,False,False
FBOUYBDGKBSUES-VXKWHMMOSA-N,O=C(O[C@H]1CN2CCC1CC2)N1CCc2ccccc2[C@@H]1c1ccccc1,SOLIFENACIN,unknown,,,,,,1.0,1.0,False,False,False
VVJKKWFAADXIJK-UHFFFAOYSA-N,C=CCN,2-(Chloromethyl)oxirane; prop-2-en-1-amine,unknown,,,,medium,,,1.0,False,False,False
PHTQWCKDNZKARW-UHFFFAOYSA-N,CC(C)CCO,Isoamyl Alcohol,unknown,,,,strong,,,1.0,False,False,False
ULFRLSNUDGIQQP-UHFFFAOYSA-N,CN(C)CCc1c[nH]c2ccc(Cn3cncn3)cc12,RIZATRIPTAN,vLess-DILI-Concern,,,,weak,,,1.0,True,False,False
CIUUIPMOFZIWIZ-UHFFFAOYSA-N,Nc1nc(-c2ccccc2)c(Br)c(=O)[nH]1,bropirimine,unknown,,,,,,1.0,1.0,False,False,False
SKTFQHRVFFOHTQ-UHFFFAOYSA-N,Cn1c(=O)c2[nH]c(Br)nc2n(C)c1=O,Pamabrom,vNo-DILI-Concern,,,,weak,,,1.0,True,False,False
UQLLWWBDSUHNEB-CZUORRHYSA-N,CC(=O)OCC1=C(C(=O)O)N2C(=O)[C@@H](NC(=O)CSc3ccncc3)[C@H]2SC1,CEPHAPIRIN,unknown,,,,,,1.0,1.0,False,False,False
JAPHQRWPEGVNBT-UTUOFQBUSA-N,N[C@@H](C(=O)N[C@@H]1C(=O)N2C(C(=O)O)=C(Cl)CC[C@H]12)c1ccccc1,LORACARBEF ANHYDROUS,unknown,,,,,,1.0,1.0,False,False,False
NRJAVPSFFCBXDT-UHFFFAOYSA-N,CCCCCCCCCCCCCCCCCC(=O)OCC(COP(=O)([O-])OCC[N+](C)(C)C)OC(=O)CCCCCCCCCCCCCCCCC,Distearoylphosphatidylcholine,unknown,,,,weak,,,1.0,False,False,False
DHHVAGZRUROJKS-UHFFFAOYSA-N,CC(C)(N)Cc1ccccc1,Phentermine,,E,,,,,1.0,,False,True,False
WZRCQWQRFZITDX-UHFFFAOYSA-N,Oc1ccc(CC2NCCc3cc(O)c(O)cc32)cc1,Higenamine,unknown,,,,medium,,,1.0,False,False,False
FIHJKUPKCHIPAT-UHFFFAOYSA-N,CC1CCC2C(C)C(OC(=O)CCC(=O)O)OC3OC4(C)CCC1C32OO4,Artesunate,Ambiguous-DILI-Concern,E,,weak,,,,,False,True,False
IPWKIXLWTCNBKN-UHFFFAOYSA-N,Cc1ncc([N+](=O)[O-])n1CC(O)CCl,ornidazole,unknown,,,medium,,,1.0,1.0,False,False,False
UQVKZNNCIHJZLS-UHFFFAOYSA-N,Cn1c(N)nc2ncc(-c3ccccc3)cc21,"2-Amino-1-Methyl-6-Phenylimidazo(4,5-b)Pyridine",unknown,,,,medium,,,1.0,False,False,False
NPWPEPVYKMPDKK-UHFFFAOYSA-N,[O-][Cl+]O,Tetrachlorodecaoxide,unknown,,,,weak,,,1.0,False,False,False
VADKRMSMGWJZCF-UHFFFAOYSA-N,Oc1ccccc1Br,2-Bromophenol,unknown,,,,,,1.0,1.0,False,False,False
WSPOMRSOLSGNFJ-AUWJEWJLSA-N,CN(C)CC/C=C1/c2ccccc2Sc2ccc(Cl)cc21,CHLORPROTHIXENE,unknown,,,,,,1.0,1.0,False,False,False
XMVJITFPVVRMHC-UHFFFAOYSA-N,O=[N+]([O-])c1cc([As](=O)(O)O)ccc1O,Roxarsone,unknown,,,,medium,,,1.0,False,False,False
XUJNEKJLAYXESH-REOHCLBHSA-N,N[C@@H](CS)C(=O)O,CYSTEINE,unknown,,,,,,1.0,1.0,False,False,False
TVURRHSHRRELCG-UHFFFAOYSA-N,Oc1ccc(C2CNCCc3c2cc(O)c(O)c3Cl)cc1,FENOLDOPAM,vNo-DILI-Concern,,,,medium,,,1.0,True,False,False
PGSWEKYNAOWQDF-UHFFFAOYSA-N,Cc1cccc(O)c1O,3-Methylcatechol,unknown,,,,medium,,,1.0,False,False,False
KANJSNBRCNMZMV-UHFFFAOYSA-N,COC1OC(COS(=O)(=O)O)C(OC2OC(C(=O)O)C(OC3OC(COS(=O)(=O)O)C(OC4OC(C(=O)O)C(OC5OC(COS(=O)(=O)O)C(O)C(O)C5NS(=O)(=O)O)C(O)C4O)C(OS(=O)(=O)O)C3NS(=O)(=O)O)C(O)C2OS(=O)(=O)O)C(O)C1NS(=O)(=O)O,Fondaparinux sodium,vLess-DILI-Concern,E,,,,,,,True,True,False
PXKHGMGELZGJQE-ILBGXUMGSA-N,CCCCCCCCCCCCCCCC(=O)OC[C@@H](NC(=O)C(Cl)Cl)[C@H](O)c1ccc([N+](=O)[O-])cc1,chloramphenicol palmitate,unknown,,,,,,1.0,1.0,False,False,False
JSDXOWVAHXDYCU-VXSYNFHWSA-N,CO[C@@]1(NC(=O)CSC[C@@H](N)C(=O)O)C(=O)N2C(C(=O)O)=C(CSc3nnnn3C)CS[C@@H]21,cefminox,unknown,,,,,,1.0,1.0,False,False,False
SECKRCOLJRRGGV-UHFFFAOYSA-N,CCCc1nc(C)c2c(=O)[nH]c(-c3cc(S(=O)(=O)N4CCN(CC)CC4)ccc3OCC)nn12,vardenafil,Ambiguous-DILI-Concern,E,,,,,1.0,0.0,False,True,False
UIRKNQLZZXALBI-MSVGPLKSSA-N,CC(C)[C@@H](CC[C@@H](C)[C@H]1CC[C@H]2[C@@H]3[C@H](O)C[C@H]4C[C@@H](NCCCNCCCCN)CC[C@]4(C)[C@H]3CC[C@]12C)OS(=O)(=O)O,Squalamine,unknown,,,,,,1.0,1.0,False,False,False
VYPSYNLAJGMNEJ-UHFFFAOYSA-N,O=[Si]=O,TALC,unknown,,,,medium,,,1.0,False,False,False
JLQNHALFVCURHW-UHFFFAOYSA-N,S1SSSSSSS1,SULFUR,unknown,,,weak,,,,1.0,False,False,False
SNIOPGDIGTZGOP-UHFFFAOYSA-N,O=[N+]([O-])OCC(CO[N+](=O)[O-])O[N+](=O)[O-],NITROGLYCERIN,vNo-DILI-Concern,,,,strong,,,1.0,True,False,False
PNUZDKCDAWUEGK-CYZMBNFOSA-N,N[C@@H]1CN(c2c(F)cc3c(=O)c(C(=O)O)cn([C@@H]4C[C@@H]4F)c3c2Cl)CC12CC2,sitafloxacin,unknown,,,,,,1.0,1.0,False,False,False
JBIWCJUYHHGXTC-AKNGSSGZSA-N,C[C@H]1c2cccc(O)c2C(=O)C2=C(O)[C@]3(O)C(=O)C(C(N)=O)=C(O)[C@@H](N(C)C)[C@@H]3[C@@H](O)[C@@H]21,DOXYCYCLINE ANHYDROUS,unknown,,,,,,1.0,1.0,False,False,False
QJMCKEPOKRERLN-UHFFFAOYSA-N,O=C(NO)c1ccc(O)c(O)c1,"N,3,4-Trihydroxybenzamide",unknown,,,,medium,,1.0,1.0,False,False,False
OEYIOHPDSNJKLS-UHFFFAOYSA-N,C[N+](C)(C)CCO,CHOLINE CHLORIDE,vNo-DILI-Concern,A,,,strong,,,1.0,True,True,False
SNBUBQHDYVFSQF-HIFRSBDPSA-N,CO[C@@]1(NC(=O)CSCC#N)C(=O)N2C(C(=O)O)=C(CSc3nnnn3C)CS[C@@H]21,CEFMETAZOLE SODIUM,unknown,,,,,,1.0,1.0,False,False,False
PXQPEWDEAKTCGB-UHFFFAOYSA-N,O=C(O)c1cc(=O)[nH]c(=O)[nH]1,orotic acid,unknown,,,,medium,,,1.0,False,False,False
NTYJJOPFIAHURM-UHFFFAOYSA-N,NCCc1c[nH]cn1,HISTAMINE,vNo-DILI-Concern,,,,strong,,,1.0,True,False,False
KSUUMAWCGDNLFK-UHFFFAOYSA-N,C=CCC(C(=O)NC(N)=O)C(C)C,apronal,unknown,,,,,,1.0,1.0,False,False,False
KVGGQNNGLOIZSK-UHFFFAOYSA-N,Nc1cc([As]=O)ccc1O,oxophenarsine,unknown,,,,strong,,,1.0,False,False,False
JMZOMFYRADAWOG-UHFFFAOYSA-N,COC(=O)c1cc(OC)c2c(c1-c1c(C(=O)OC)cc(OC)c3c1OCO3)OCO2,"7,7'-dimethoxy-(4,4'-bi-1,3-benzodioxole)-5,5'-dicarboxylic acid dimethyl ester",,,,,weak,,0.0,,False,False,False
BXNJHAXVSOCGBA-UHFFFAOYSA-N,COc1ccc2c(c1)[nH]c1c(C)nccc12,Harmine,unknown,,,,strong,,,1.0,False,False,False
AFNXATANNDIXLG-UHFFFAOYSA-N,Clc1ccc(CSC(Cn2ccnc2)c2ccc(Cl)cc2Cl)cc1,SULCONAZOLE,unknown,,,,medium,,,1.0,False,False,False
WBXPDJSOTKVWSJ-ZDUSSCGKSA-N,Nc1nc(=O)c2c(CCc3ccc(C(=O)N[C@@H](CCC(=O)O)C(=O)O)cc3)c[nH]c2[nH]1,PEMETREXED TROMETHAMINE,unknown,,,,,,1.0,1.0,False,False,False
SLFGIOIONGJGRT-UHFFFAOYSA-N,CC(CN(C)C)CN1c2ccccc2Sc2ccc(C#N)cc21,cyamemazine,unknown,,,,,,1.0,1.0,False,False,False
BSJMWHQBCZFXBR-UHFFFAOYSA-N,O=C1C(=O)c2ccccc2C(O)=C1C1CCC(c2ccc(Cl)cc2)CC1,"3-(4-(4-Chlorophenyl)cyclohexyl)-4-hydroxynaphthalene-1,2-dione",Ambiguous-DILI-Concern,D,warning_hepatotox,,strong,,,1.0,False,True,False
RFFLAFLAYFXFSW-UHFFFAOYSA-N,Clc1ccccc1Cl,"1,2-Dichlorobenzene",unknown,,,,medium,,,1.0,False,False,False
MHSVUSZEHNVFKW-UHFFFAOYSA-N,O=[N+]([O-])c1ccc(OP(=O)(O)Oc2ccc([N+](=O)[O-])cc2)cc1,Bis(p-nitrophenyl) phosphate,unknown,,,,medium,,,1.0,False,False,False
YQUVCSBJEUQKSH-UHFFFAOYSA-N,O=C(O)c1ccc(O)c(O)c1,Protocatechuic Acid,unknown,,,,medium,,,1.0,False,False,False
DXGLGDHPHMLXJC-UHFFFAOYSA-N,COc1ccc(C(=O)c2ccccc2)c(O)c1,OXYBENZONE,unknown,,,,medium,,,1.0,False,False,False
IBYCYJFUEJQSMK-UHFFFAOYSA-N,CCN=C1Nc2ccc(Cl)cc2C(C)(c2ccccc2)O1,Etifoxine,unknown,,,,,,1.0,1.0,False,False,False
JMEVHYCNAPFOAB-UHFFFAOYSA-N,O=C1C(c2[nH]c3ccc(S(=O)(=O)O)cc3c2O)=Nc2ccc(S(=O)(=O)O)cc21,Indigotindisulfonic acid,unknown,,,,medium,,,1.0,False,False,False
ZBMZVLHSJCTVON-UHFFFAOYSA-N,CC(C)NCC(O)c1ccc(NS(C)(=O)=O)cc1,SOTALOL,Ambiguous-DILI-Concern,E,,,medium,,,0.0,False,True,False
DERZBLKQOCDDDZ-JLHYYAGUSA-N,C(=C/c1ccccc1)\CN1CCN(C(c2ccccc2)c2ccccc2)CC1,cinnarizine,unknown,,,,,,1.0,1.0,False,False,False
VLTRZXGMWDSKGL-UHFFFAOYSA-N,[O-][Cl+3]([O-])([O-])O,POTASSIUM PERCHLORATE,unknown,,,,weak,,,1.0,False,False,False
ORYDPOVDJJZGHQ-UHFFFAOYSA-N,Nc1n[n+]([O-])c2ccccc2[n+]1[O-],Tirapazamine,unknown,,,,weak,,,1.0,False,False,False
XMGQYMWWDOXHJM-JTQLQIEISA-N,C=C(C)[C@H]1CC=C(C)CC1,(+)-Limonene,unknown,,,,,,1.0,1.0,False,False,False
NCEXYHBECQHGNR-UHFFFAOYSA-N,O=C(O)c1cc(N=Nc2ccc(S(=O)(=O)Nc3ccccn3)cc2)ccc1O,Sulfasalazine,vMost-DILI-Concern,A,warning_hepatotox,strong,strong,strong,,1.0,True,True,False
DXSUDONPFZKWOO-UHFFFAOYSA-N,O=C1OC(CCN2CCCCC2)OC1(c1ccccc1)c1ccccc1,pipoxolan,unknown,,,,medium,,,1.0,False,False,False
HHLFWLYXYJOTON-UHFFFAOYSA-N,O=CC(=O)O,Glyoxylic Acid,unknown,,,,medium,,,1.0,False,False,False
QXAITBQSYVNQDR-UHFFFAOYSA-N,Cc1ccc(N=CN(C)C=Nc2ccc(C)cc2C)c(C)c1,Amitraz,unknown,,,,medium,,,1.0,False,False,False
VRQVVMDWGGWHTJ-CQSZACIVSA-N,COc1ccc2c(c1)N(C[C@H](C)CN(C)C)c1ccccc1S2,LEVOMEPROMAZINE,unknown,,,,,,1.0,1.0,False,False,False
OTBXOEAOVRKTNQ-UHFFFAOYSA-N,O=C1CN2Cc3c(ccc(Cl)c3Cl)N=C2N1,ANAGRELIDE,Ambiguous-DILI-Concern,E,,,,,1.0,0.0,False,True,False
ZBNZXTGUTAYRHI-UHFFFAOYSA-N,Cc1nc(Nc2ncc(C(=O)Nc3c(C)cccc3Cl)s2)cc(N2CCN(CCO)CC2)n1,DASATINIB ANHYDROUS,vLess-DILI-Concern,D,warning_hepatotox,weak,,weak,1.0,1.0,True,True,False
MUTNCGKQJGXKEM-UHFFFAOYSA-N,CC1(C)CCC(C)(C)c2cc(NC(=O)c3ccc(C(=O)O)cc3)ccc21,TAMIBAROTENE,unknown,,,,medium,,,1.0,False,False,False
ROBVIMPUHSLWNV-UHFFFAOYSA-N,CCC1(c2ccc(N)cc2)CCC(=O)NC1=O,AMINOGLUTETHIMIDE,unknown,,,,weak,,,1.0,False,False,False
BSSIRFLGSWHWDE-UHFFFAOYSA-N,CCC(C)CCCCC(=O)NC(CCNCS(=O)(=O)O)C(=O)NC(C(=O)NC(CCNCS(=O)(=O)O)C(=O)NC1CCNC(=O)C(C(C)O)NC(=O)C(CCNCS(=O)(=O)O)NC(=O)C(CCNCS(=O)(=O)O)NC(=O)C(CC(C)C)NC(=O)C(CC(C)C)NC(=O)C(CCNCS(=O)(=O)O)NC1=O)C(C)O,Colistin methanesulfonic acid,unknown,,,,medium,,,1.0,False,False,False
KXGVEGMKQFWNSR-UHFFFAOYSA-N,CC(CCC(=O)O)C1CCC2C3CCC4CC(O)CCC4(C)C3CC(O)C12C,Deoxycholic acid,vNo-DILI-Concern,,,,strong,,,,True,False,False
YLJREFDVOIBQDA-UHFFFAOYSA-N,Nc1c2c(nc3ccccc13)CCCC2,TACRINE,unknown,A,,medium,strong,,1.0,1.0,False,True,False
BDOSMKKIYDKNTQ-UHFFFAOYSA-N,[Cd],Cadmium,unknown,,,,strong,,,1.0,False,False,False
KIDHWZJUCRJVML-UHFFFAOYSA-N,NCCCCN,Putrescine,unknown,,,,strong,,,1.0,False,False,False
IMQLKJBTEOYOSI-UHFFFAOYSA-N,O=P(O)(O)OC1C(OP(=O)(O)O)C(OP(=O)(O)O)C(OP(=O)(O)O)C(OP(=O)(O)O)C1OP(=O)(O)O,Phytate,unknown,,,,medium,,,1.0,False,False,False
KHOITXIGCFIULA-UHFFFAOYSA-N,CC(=O)Oc1ccc(C(c2ccc(OC(C)=O)cc2)c2ccccn2)cc1,BISACODYL,vNo-DILI-Concern,E,,,,weak,,1.0,True,True,False
NCNRHFGMJRPRSK-UHFFFAOYSA-N,O=C(C=Cc1cccc(S(=O)(=O)Nc2ccccc2)c1)NO,belinostat,Ambiguous-DILI-Concern,D,,,,,,1.0,False,True,False
MQLRYUCJDNBWMV-GHXIOONMSA-N,CO/N=C(\C(=O)N[C@@H]1C(=O)N2C(C(=O)O)=C(C)CS[C@H]12)c1csc(N)n1,cefetamet,unknown,,,,,,1.0,1.0,False,False,False
DLEGDLSLRSOURQ-UHFFFAOYSA-N,C=COCC(F)(F)F,fluroxene,unknown,,,,,,1.0,1.0,False,False,False
XQFRJNBWHJMXHO-RRKCRQDMSA-N,O=c1[nH]c(=O)n([C@H]2C[C@H](O)[C@@H](CO)O2)cc1I,IDOXURIDINE,unknown,,,,,,1.0,1.0,False,False,False
UPALIKSFLSVKIS-UHFFFAOYSA-N,CN(C)CCN1C(=O)c2cccc3cc(N)cc(c23)C1=O,Amonafide,unknown,,,,,,1.0,1.0,False,False,False
QOYHHIBFXOOADH-UHFFFAOYSA-N,O=C1NCN(c2ccccc2)C12CCN(CCCC(c1ccc(F)cc1)c1ccc(F)cc1)CC2,fluspirilene,unknown,,,,,,1.0,1.0,False,False,False
SVOQIEJWJCQGDQ-UHFFFAOYSA-N,Cc1ccc(-n2[nH]c(C)c(N=Nc3cccc(-c4cccc(C(=O)O)c4)c3O)c2=O)cc1C,Eltrombopag,vMost-DILI-Concern,,boxed_hepatotox,,,,,1.0,True,False,True
MCPKSFINULVDNX-UHFFFAOYSA-N,Cc1ccc(O)c(-n2nc3ccccc3n2)c1,drometrizole,unknown,,,,medium,,,1.0,False,False,False
VHBFFQKBGNRLFZ-UHFFFAOYSA-N,O=c1cc(-c2ccccc2)oc2ccccc12,Flavone,unknown,,,,medium,,,1.0,False,False,False
KPSRODZRAIWAKH-UHFFFAOYSA-N,CC(C)(Oc1ccc(C2CC2(Cl)Cl)cc1)C(=O)O,CIPROFIBRATE,unknown,,,weak,strong,,1.0,1.0,False,False,False
ZEMIJUDPLILVNQ-ZXFNITATSA-N,CC(C)(C)C(=O)OCOC(=O)[C@@H]1N2C(=O)[C@@H](NC(=O)[C@H](N)c3ccccc3)[C@H]2SC1(C)C,pivampicillin,unknown,,,,,,1.0,1.0,False,False,False
KDPAWGWELVVRCH-UHFFFAOYSA-N,O=C(O)CBr,Bromoacetic Acid,unknown,,,,medium,,,1.0,False,False,False
RYGMFSIKBFXOCR-UHFFFAOYSA-N,[Cu],Copper,unknown,A,,medium,strong,,,1.0,False,True,False
JHVAMHSQVVQIOT-MFAJLEFUSA-N,CCCCCOc1ccc(-c2ccc(-c3ccc(C(=O)N[C@H]4C[C@@H](O)[C@@H](O)NC(=O)[C@@H]5[C@@H](O)[C@@H](C)CN5C(=O)[C@H]([C@@H](C)O)NC(=O)[C@H]([C@H](O)[C@@H](O)c5ccc(O)cc5)NC(=O)[C@@H]5C[C@@H](O)CN5C(=O)[C@H]([C@@H](C)O)NC4=O)cc3)cc2)cc1,ANIDULAFUNGIN,unknown,,,,,,1.0,1.0,False,False,False
IENZQIKPVFGBNW-UHFFFAOYSA-N,COc1cc2nc(N3CCN(C(=O)c4ccco4)CC3)nc(N)c2cc1OC,PRAZOSIN,Ambiguous-DILI-Concern,E,,,medium,,,0.0,False,True,False
ANZXOIAKUNOVQU-UHFFFAOYSA-N,CN(C)C(=O)Oc1cc(OC(=O)N(C)C)cc(C(O)CNC(C)(C)C)c1,bambuterol,unknown,,,,,,1.0,1.0,False,False,False
ZBBHBTPTTSWHBA-UHFFFAOYSA-N,COC(=O)C1=C(C)NC(C)=C(C(=O)OCCN(C)Cc2ccccc2)C1c1cccc([N+](=O)[O-])c1,Nicardipine hydrochloride,Ambiguous-DILI-Concern,E,,,medium,,1.0,,False,True,False
HVFLCNVBZFFHBT-ZKDACBOMSA-N,CO/N=C(\C(=O)N[C@@H]1C(=O)N2C(C(=O)[O-])=C(C[N+]3(C)CCCC3)CS[C@H]12)c1csc(N)n1,CEFEPIME,unknown,,,,,,1.0,1.0,False,False,False
JWCSIUVGFCSJCK-CAVRMKNVSA-N,CO[C@@]1(NC(=O)C(C(=O)O)c2ccc(O)cc2)C(=O)N2C(C(=O)O)=C(CSc3nnnn3C)CO[C@@H]21,MOXALACTAM,unknown,,,,,,1.0,1.0,False,False,False
IISBACLAFKSPIT-UHFFFAOYSA-N,CC(C)(c1ccc(O)cc1)c1ccc(O)cc1,Bisphenol A,unknown,,,,strong,,,1.0,False,False,False
VKQFCGNPDRICFG-UHFFFAOYSA-N,COC(=O)C1=C(C)NC(C)=C(C(=O)OCC(C)C)C1c1ccccc1[N+](=O)[O-],NISOLDIPINE,Ambiguous-DILI-Concern,E,,,medium,,,0.0,False,True,False
MGSPDRWOUCPKNZ-UHFFFAOYSA-N,CCN(CC)CCn1c(-c2ccccc2)noc1=N,imolamine,unknown,,,,,,1.0,1.0,False,False,False
ABJKWBDEJIDSJZ-UHFFFAOYSA-N,CN(Cc1ccc(C(C)(C)C)cc1)Cc1cccc2ccccc12,BUTENAFINE,unknown,,,,weak,,,1.0,False,False,False
KLPWJLBORRMFGK-UHFFFAOYSA-N,CCc1c(C)[nH]c2c1C(=O)C(CN1CCOCC1)CC2,MOLINDONE,unknown,D,,,,,1.0,1.0,False,True,False
JGPMMRGNQUBGND-UHFFFAOYSA-N,COC1=C(OC)C(=O)C(CCCCCCCCCCO)=C(C)C1=O,IDEBENONE,unknown,,,,weak,,,1.0,False,False,False
OFBIFZUFASYYRE-UHFFFAOYSA-N,CCOC(=O)c1ncn2c1CN(C)C(=O)c1cc(F)ccc1-2,FLUMAZENIL,vNo-DILI-Concern,,,,weak,,,1.0,True,False,False
YBHILYKTIRIUTE-UHFFFAOYSA-N,COc1ccc2cc3[n+](cc2c1OC)CCc1cc2c(cc1-3)OCO2,Berberine,,E,,,medium,,,,False,True,False
UULSDCUWMKTMND-UHFFFAOYSA-N,NC(=O)CNc1ccc([As](=O)(O)O)cc1,tryparsamide,unknown,,,,,,1.0,1.0,False,False,False
LXCFILQKKLGQFO-UHFFFAOYSA-N,COC(=O)c1ccc(O)cc1,methylparaben,unknown,,,,medium,,,1.0,False,False,False
RZTAMFZIAATZDJ-UHFFFAOYSA-N,CCOC(=O)C1=C(C)NC(C)=C(C(=O)OC)C1c1cccc(Cl)c1Cl,Felodipine,vLess-DILI-Concern,E,,,strong,,,,True,True,False
SXONDGSPUVNZLO-UHFFFAOYSA-N,O=C(O)Cn1c(=O)n(Cc2ccc(Br)cc2F)c(=O)c2ccc(Cl)cc21,Zenarestat,unknown,,,,,,1.0,1.0,False,False,False
DQDAYGNAKTZFIW-UHFFFAOYSA-N,CCC(c1ccccc1)c1c(O)c2ccccc2oc1=O,PHENPROCOUMON,unknown,,,medium,strong,,,1.0,False,False,False
KYRVNWMVYQXFEU-UHFFFAOYSA-N,COC(=O)Nc1nc2ccc(C(=O)c3cccs3)cc2[nH]1,Nocodazole,unknown,,,,medium,,,1.0,False,False,False
QXLPXWSKPNOQLE-UHFFFAOYSA-N,C#CC(C)(O)CC,methylpentynol,unknown,,,,,,1.0,1.0,False,False,False
FFYNAVGJSYHHFO-UHFFFAOYSA-N,COc1cccc(CCc2ccccc2OCC(CN(C)C)OC(=O)CCC(=O)O)c1,sarpogrelate,unknown,,,,medium,,,1.0,False,False,False
AQHHHDLHHXJYJD-UHFFFAOYSA-N,CC(C)NCC(O)COc1cccc2ccccc12,PROPRANOLOL,Ambiguous-DILI-Concern,E,,weak,strong,,1.0,0.0,False,True,False
QVNNONOFASOXQV-UHFFFAOYSA-N,CC(C)c1cccc(C(C)C)c1OCOP(=O)(O)O,FOSPROPOFOL,vLess-DILI-Concern,,,,,,1.0,1.0,True,False,False
XKFPYPQQHFEXRZ-UHFFFAOYSA-N,Cc1cc(C(=O)NNCc2ccccc2)no1,Isocarboxazid,Ambiguous-DILI-Concern,E,,,,,1.0,,False,True,False
KBPLFHHGFOOTCA-UHFFFAOYSA-N,CCCCCCCCO,1-Octanol,unknown,,,,weak,,,1.0,False,False,False
IMSSROKUHAOUJS-MJCUULBUSA-N,C#C[C@]1(O)CC[C@H]2[C@@H]3CCc4cc(OC)ccc4[C@H]3CC[C@@]21C,MESTRANOL,unknown,,,,,,1.0,1.0,False,False,False
ZSBOMTDTBDDKMP-UHFFFAOYSA-N,Cn1c(=O)cc(N2CCCC(N)C2)n(Cc2ccccc2C#N)c1=O,Alogliptin benzoate,Ambiguous-DILI-Concern,E,warning_hepatotox,,,,,,False,True,False
VFCNQNZNPKRXIT-UHFFFAOYSA-N,CN(C)c1ccc(C(=C2C=CC(=[N+](C)C)C=C2)c2ccccc2)cc1,Malachite green cation,unknown,,,,strong,,,1.0,False,False,False
HTIQEAQVCYTUBX-UHFFFAOYSA-N,CCOC(=O)C1=C(COCCN)NC(C)=C(C(=O)OC)C1c1ccccc1Cl,AMLODIPINE,vLess-DILI-Concern,C,warning_hepatotox,medium,strong,medium,,1.0,True,True,False
UZHSEJADLWPNLE-UHFFFAOYSA-N,C=CCN1CCC23c4c5ccc(O)c4OC2C(=O)CCC3(O)C1C5,Naloxone hydrochloride,vNo-DILI-Concern,E,,,medium,,,,True,True,False
PNVJTZOFSHSLTO-UHFFFAOYSA-N,COP(=S)(OC)Oc1ccc(SC)c(C)c1,Fenthion,unknown,,,,medium,,,1.0,False,False,False
HJJDBAOLQAWBMH-YCRCPZNHSA-N,CO/N=C(\C(=O)N[C@@H]1C(=O)N2C(C(=O)O)=C(CSc3nnnn3C)CS[C@H]12)c1csc(N)n1,CEFMENOXIME,unknown,,,,,,1.0,1.0,False,False,False
DYLJVOXRWLXDIG-UHFFFAOYSA-N,COc1cccc(OC)c1-c1cc(C(=O)NC2(C(=O)O)C3CC4CC(C3)CC2C4)nn1-c1ccnc2cc(Cl)ccc12,Meclinertant,unknown,,,,weak,,,1.0,False,False,False
IAKHMKGGTNLKSZ-UHFFFAOYSA-N,COc1cc2c(c(OC)c1OC)-c1ccc(OC)c(=O)cc1C(NC(C)=O)CC2,"N-(5,6,7,9-Tetrahydro-1,2,3,10-tetramethoxy-9-oxobenzo(a)heptalen-7-yl)acetamide",Ambiguous-DILI-Concern,E,,weak,strong,,,1.0,False,True,False
GFIJNRVAKGFPGQ-UHFFFAOYSA-N,CCNC(=O)C1CCCN1C(=O)C(CCCN=C(N)N)NC(=O)C(CC(C)C)NC(=O)C(CC(C)C)NC(=O)C(Cc1ccc(O)cc1)NC(=O)C(CO)NC(=O)C(Cc1c[nH]c2ccccc12)NC(=O)C(Cc1cnc[nH]1)NC(=O)C1CCC(=O)N1,Leuprolide acetate,vLess-DILI-Concern,E,,,medium,,,,True,True,False
IBGBGRVKPALMCQ-UHFFFAOYSA-N,O=Cc1ccc(O)c(O)c1,protocatechualdehyde,unknown,,,,medium,,,1.0,False,False,False
IMYZQPCYWPFTAG-UHFFFAOYSA-N,CNC1(C)C2CCC(C2)C1(C)C,MECAMYLAMINE,vNo-DILI-Concern,,,,medium,,,1.0,True,False,False
DDLIGBOFAVUZHB-UHFFFAOYSA-N,Cc1ncc2n1-c1ccc(Cl)cc1C(c1ccccc1F)=NC2,MIDAZOLAM,vNo-DILI-Concern,E,,,medium,,,1.0,True,True,False
CDAWCLOXVUBKRW-UHFFFAOYSA-N,Nc1ccccc1O,2-Aminophenol,unknown,,,,weak,,,1.0,False,False,False
NGBBVGZWCFBOGO-UHFFFAOYSA-N,CC(N)Cc1ccc2c(c1)OCO2,"3,4-Methylenedioxyamphetamine",unknown,,,medium,medium,,,1.0,False,False,False
ZDZOTLJHXYCWBA-VCVYQWHSSA-N,CC(=O)O[C@@]12CO[C@@H]1C[C@H](O)[C@@]1(C)C(=O)[C@H](O)C3=C(C)[C@@H](OC(=O)[C@H](O)[C@@H](NC(=O)OC(C)(C)C)c4ccccc4)C[C@@](O)([C@@H](OC(=O)c4ccccc4)[C@H]21)C3(C)C,DOCETAXEL ANHYDROUS,unknown,,,,,,1.0,1.0,False,False,False
BFGKITSFLPAWGI-UHFFFAOYSA-N,[Cr+3],chromic chloride,unknown,,,,medium,,,1.0,False,False,False
LSUVGSGHYCLVPU-UHFFFAOYSA-N,[O-][Cl+2]([O-])O,Chloric acid,unknown,,,,weak,,,1.0,False,False,False
WFPIAZLQTJBIFN-DVZOWYKESA-N,OCCN1CCN(CC/C=C2/c3ccccc3Sc3ccc(Cl)cc32)CC1,zuclopenthixol,unknown,,,,,,1.0,1.0,False,False,False
PRPINYUDVPFIRX-UHFFFAOYSA-N,O=C(O)Cc1cccc2ccccc12,1-Naphthaleneacetic Acid,unknown,,,,weak,,,1.0,False,False,False
IIBYAHWJQTYFKB-UHFFFAOYSA-N,CC(C)(Oc1ccc(CCNC(=O)c2ccc(Cl)cc2)cc1)C(=O)O,bezafibrate,unknown,,,,strong,,,1.0,False,False,False
ZZVUWRFHKOJYTH-UHFFFAOYSA-N,CN(C)CCOC(c1ccccc1)c1ccccc1,DIPHENHYDRAMINE,vNo-DILI-Concern,E,,,strong,medium,,1.0,True,True,False
MYWUZJCMWCOHBA-UHFFFAOYSA-N,CNC(C)Cc1ccccc1,Methamphetamine hydrochloride,vNo-DILI-Concern,,,,strong,,,,True,False,False
KTDZCOWXCWUPEO-UHFFFAOYSA-N,CS(=O)(=O)Nc1ccc([N+](=O)[O-])cc1OC1CCCCC1,N-(2-(Cyclohexyloxy)-4-nitrophenyl)methanesulfonamide,unknown,,,,medium,,,1.0,False,False,False
IMZMKUWMOSJXDT-UHFFFAOYSA-N,O=C(O)c1cc(=O)c2c(OCC(O)COc3cccc4oc(C(=O)O)cc(=O)c34)cccc2o1,CROMOLYN SODIUM,vLess-DILI-Concern,,,,medium,,1.0,1.0,True,False,False
BGEBZHIAGXMEMV-UHFFFAOYSA-N,COc1c2ccoc2cc2oc(=O)ccc12,bergapten,unknown,,,,strong,,,1.0,False,False,False
NLORYLAYLIXTID-ISLYRVAYSA-N,CC/C(=C(/CC)c1ccc(OP(=O)(O)O)cc1)c1ccc(OP(=O)(O)O)cc1,DIETHYLSTILBESTROL DIPHOSPHATE,unknown,,,,,,1.0,1.0,False,False,False
FSQKKOOTNAMONP-UHFFFAOYSA-N,COc1ccc2c(c1)c(CC(=O)OCC(=O)O)c(C)n2C(=O)c1ccc(Cl)cc1,acemetacin,unknown,,,,,,1.0,1.0,False,False,False
SVHOVVJFOWGYJO-UHFFFAOYSA-N,Oc1c(Br)c(Br)c(Br)c(Br)c1Br,Pentabromophenol,unknown,,,,weak,,,1.0,False,False,False
FVGANPIKNNCIKX-UHFFFAOYSA-N,CCN(Cc1cccc(S(=O)(=O)O)c1)c1ccc(C(=C2C=CC(=[N+](CC)Cc3cccc(S(=O)(=O)[O-])c3)C=C2)c2ccc(S(=O)(=O)O)cc2)cc1,Light green SF yellowish,unknown,,,,strong,,,1.0,False,False,False
MMOXZBCLCQITDF-UHFFFAOYSA-N,CCN(CC)C(=O)c1cccc(C)c1,diethyltoluamide,unknown,,,,medium,,,1.0,False,False,False
PIJVFDBKTWXHHD-UHFFFAOYSA-N,CNC(=O)Oc1ccc2c(c1)C1(C)CCN(C)C1N2C,Physostigmine salicylate,vNo-DILI-Concern,,,,medium,,,,True,False,False
WXTMDXOMEHJXQO-UHFFFAOYSA-N,O=C(O)c1cc(O)ccc1O,gentisic acid,unknown,,,,medium,,,1.0,False,False,False
BFPYWIDHMRZLRN-SLHNCBLASA-N,C#C[C@]1(O)CC[C@H]2[C@@H]3CCc4cc(O)ccc4[C@H]3CC[C@@]21C,ETHINYL ESTRADIOL,unknown,,,,,,1.0,1.0,False,False,False
WATWJIUSRGPENY-UHFFFAOYSA-N,[Sb],Antimony,unknown,,,,medium,,,1.0,False,False,False
YVPYQUNUQOZFHG-UHFFFAOYSA-N,CC(=O)Nc1c(I)c(NC(C)=O)c(I)c(C(=O)O)c1I,DIATRIZOATE SODIUM,vNo-DILI-Concern,,,,weak,,,1.0,True,False,False
OYIKARCXOQLFHF-UHFFFAOYSA-N,CS(=O)(=O)c1cc(C(F)(F)F)ccc1C(=O)c1cnoc1C1CC1,Isoxaflutole,unknown,,,,strong,,,1.0,False,False,False
NOEGNKMFWQHSLB-UHFFFAOYSA-N,O=Cc1ccc(CO)o1,5-(Hydroxymethyl)furfural,unknown,,,,strong,,,1.0,False,False,False
LKCWBDHBTVXHDL-UHFFFAOYSA-N,NCCC(O)C(=O)NC1CC(N)C(OC2OC(CN)C(O)C(O)C2O)C(O)C1OC1OC(CO)C(O)C(N)C1O,Amikacin sulfate,vNo-DILI-Concern,E,,,medium,,,,True,True,False
PTFCDOFLOPIGGS-UHFFFAOYSA-N,[Zn+2],zinc oxide,unknown,,,,strong,,,1.0,False,False,False
FIPWRIJSWJWJAI-UHFFFAOYSA-N,CCCCOCCOCCOCc1cc2c(cc1CCC)OCO2,PIPERONYL BUTOXIDE,unknown,,,,strong,,,1.0,False,False,False
GPKJTRJOBQGKQK-UHFFFAOYSA-N,CCN(CC)CCCC(C)Nc1c2ccc(Cl)cc2nc2ccc(OC)cc12,Mepacrine,,E,,,strong,,1.0,,False,True,False
JNLNPCNGMHKCKO-UHFFFAOYSA-N,O=C1C(c2c(O)[nH]c3ccccc23)=Nc2ccccc21,"2H-Indol-2-one, 3-(1,3-dihydro-3-oxo-2H-indol-2-ylidene)-1,3-dihydro-",unknown,,,,medium,,,1.0,False,False,False
GCUCIFQCGJIRNT-UHFFFAOYSA-N,O=C(O)CN1C(=O)c2cccc3cccc(c23)C1=O,Alrestatin,unknown,,,,,,1.0,1.0,False,False,False
KZBUYRJDOAKODT-UHFFFAOYSA-N,ClCl,Chlorine,unknown,,,,medium,,,1.0,False,False,False
BASFCYQUMIYNBI-UHFFFAOYSA-N,[Pt],Platinum,unknown,,,,medium,,,1.0,False,False,False
LQBVNQSMGBZMKD-UHFFFAOYSA-N,CC1(C)CCC(CN2CCN(c3ccc(C(=O)NS(=O)(=O)c4ccc(NCC5CCOCC5)c([N+](=O)[O-])c4)c(Oc4cnc5[nH]ccc5c4)c3)CC2)=C(c2ccc(Cl)cc2)C1,Venetoclax,vLess-DILI-Concern,E,,,,,,,True,True,False
ZJVFLBOZORBYFE-UHFFFAOYSA-N,CC(C)C(=O)c1c(C(C)C)nn2ccccc12,IBUDILAST,unknown,,,,medium,,,1.0,False,False,False
JGCMEBMXRHSZKX-UHFFFAOYSA-N,CCCNS(=O)(=O)Nc1ncnc(OCCOc2ncc(Br)cn2)c1-c1ccc(Br)cc1,Macitentan,vMost-DILI-Concern,E,,,,,,,True,True,False
TVYLLZQTGLZFBW-UHFFFAOYSA-N,COc1cccc(C2(O)CCCCC2CN(C)C)c1,Tramadol hydrochloride,vLess-DILI-Concern,E,boxed_hepatotox,,strong,,,,True,True,True
ONDYALNGTUAJDX-UHFFFAOYSA-N,COc1cccc2c1c(O)c(C(=O)N(C)c1ccc(C(F)(F)F)cc1)c(=O)n2C,Tasquinimod,unknown,,,,weak,,,1.0,False,False,False
OEBRKCOSUFCWJD-UHFFFAOYSA-N,COP(=O)(OC)OC=C(Cl)Cl,Dichlorvos,unknown,,,,strong,,,1.0,False,False,False
MLDQJTXFUGDVEO-UHFFFAOYSA-N,CNC(=O)c1cc(Oc2ccc(NC(=O)Nc3ccc(Cl)c(C(F)(F)F)c3)cc2)ccn1,SORAFENIB,vMost-DILI-Concern,B,warning_hepatotox,weak,,weak,1.0,1.0,True,True,False
CPELXLSAUQHCOX-UHFFFAOYSA-N,Br,Hexatantalum Dodecabromide,unknown,,,,,weak,,1.0,False,False,False
LNZMRLHZGOBKAN-KAWPREARSA-N,O=C(O)C1=C(C[n+]2ccc(CCS(=O)(=O)[O-])cc2)CS[C@@H]2[C@H](NC(=O)[C@H](NC(=O)c3nc[nH]c3C(=O)O)c3ccccc3)C(=O)N12,cefpimizole,unknown,,,,,,1.0,1.0,False,False,False
DYZJXZOQQRXDLE-UHFFFAOYSA-O,CCOCC(O)COc1ccc(NC(=O)CC[S+](C)C)cc1,suplatast,unknown,,,,weak,,,1.0,False,False,False
DYEFUKCXAQOFHX-UHFFFAOYSA-N,O=c1c2ccccc2[se]n1-c1ccccc1,Ebselen,unknown,,,,medium,,,1.0,False,False,False
CJXAEXPPLWQRFR-UHFFFAOYSA-N,Clc1ccc(Cn2c(CN3CCCC3)nc3ccccc32)cc1,clemizole,unknown,,,,medium,,,1.0,False,False,False
RWZVPVOZTJJMNU-UHFFFAOYSA-N,CN(CCCCCCCCCCN(C)C(=O)Oc1cccc([N+](C)(C)C)c1)C(=O)Oc1cccc([N+](C)(C)C)c1,DEMECARIUM BROMIDE,unknown,,,,,,1.0,1.0,False,False,False
WQZGKKKJIJFFOK-UHFFFAOYSA-N,OCC1OC(O)C(O)C(O)C1O,Dextrose,vNo-DILI-Concern,,,medium,strong,,,,True,False,False
XXRVYAFBUDSLJX-UHFFFAOYSA-N,CC(C)(Oc1ccc(Cl)cc1)C(=O)OCCOC(=O)c1cccnc1,etofibrate,unknown,,,,,,1.0,1.0,False,False,False
HQMNCQVAMBCHCO-UHFFFAOYSA-N,CCOC(=O)C=C(C)C=CC=C(C)C=Cc1c(C)cc(OC)c(C)c1C,"9-(4-Methoxy-2,3,6-trimethylphenyl)-3,7-dimethylnona-2,4,6,8-tetraenoic acid ethyl ester",unknown,,,medium,strong,,,1.0,False,False,False
UIAGMCDKSXEBJQ-UHFFFAOYSA-N,COCCOC(=O)C1=C(C)NC(C)=C(C(=O)OC(C)C)C1c1cccc([N+](=O)[O-])c1,NIMODIPINE,Ambiguous-DILI-Concern,E,,,medium,,,0.0,False,True,False
ZOCUOMKMBMEYQV-GSLJADNHSA-N,CC(=O)OCC(=O)[C@@]1(O)CC[C@H]2[C@@H]3CCC4=CC(=O)C=C[C@]4(C)[C@@]3(F)[C@@H](O)C[C@@]21C,isoflupredone acetate,unknown,,,,,,1.0,1.0,False,False,False
ICUTUKXCWQYESQ-UHFFFAOYSA-N,O=C(Nc1ccc(Cl)cc1)Nc1ccc(Cl)c(Cl)c1,triclocarban,unknown,,,,medium,,,1.0,False,False,False
NZLBHDRPUJLHCE-UHFFFAOYSA-N,CCN(CC)CCCN(c1ccccc1)C1Cc2ccccc2C1,aprindine,unknown,,,,strong,,1.0,1.0,False,False,False
RPVGLMKJGQMQSN-UHFFFAOYSA-N,Cc1ccc(O)c2ncccc12,tiliquinol,unknown,,,,,,1.0,1.0,False,False,False
WLJNZVDCPSBLRP-UHFFFAOYSA-N,O=C(O)c1cc2ccccc2c(Cc2c(O)c(C(=O)O)cc3ccccc23)c1O,OLANZAPINE PAMOATE,vNo-DILI-Concern,,boxed_hepatotox,,,weak,,1.0,True,False,True
QIQXTHQIDYTFRH-UHFFFAOYSA-N,CCCCCCCCCCCCCCCCCC(=O)O,stearic acid,unknown,,,,medium,,,1.0,False,False,False
JWAZRIHNYRIHIV-UHFFFAOYSA-N,Oc1ccc2ccccc2c1,betanaphthol,unknown,,,,medium,,,1.0,False,False,False
BQJCRHHNABKAKU-UHFFFAOYSA-N,CN1CCC23c4c5ccc(O)c4OC2C(O)C=CC3C1C5,Morphine sulfate,vNo-DILI-Concern,E,,,strong,weak,,,True,True,False
DQMZLTXERSFNPB-UHFFFAOYSA-N,CCC1(c2ccccc2)C(=O)NCNC1=O,PRIMIDONE,vNo-DILI-Concern,E,,,medium,,,1.0,True,True,False
FASDKYOPVNHBLU-ZETCQYMHSA-N,CCCN[C@H]1CCc2nc(N)sc2C1,PRAMIPEXOLE,unknown,,,,,,1.0,1.0,False,False,False
MBWXNTAXLNYFJB-UHFFFAOYSA-N,CC(=CCC1=C(C)C(=O)c2ccccc2C1=O)CCCC(C)CCCC(C)CCCC(C)C,Phytonadione,vNo-DILI-Concern,,,weak,medium,,,,True,False,False
CUCUKLJLRRAKFN-UHFFFAOYSA-N,CC(=O)c1c(O)c(C)c(O)c2c1OC1=CC(=O)C(C(C)=O)C(=O)C12C,Copper usnate,unknown,,,,strong,,,1.0,False,False,False
DBVJJBKOTRCVKF-UHFFFAOYSA-N,CC(O)(P(=O)(O)O)P(=O)(O)O,ETIDRONIC ACID,vNo-DILI-Concern,,,,weak,,,1.0,True,False,False
HIUVKVDQFXDZHU-UHFFFAOYSA-N,N=C(N)NCC1COc2ccccc2O1,guanoxan,unknown,,,,,,1.0,1.0,False,False,False
IJGRMHOSHXDMSA-UHFFFAOYSA-N,N#N,NITROGEN,unknown,,,,medium,,,1.0,False,False,False
LQCLVBQBTUVCEQ-QTFUVMRISA-N,CO[C@H]1C[C@H](O[C@H]2[C@H](C)[C@@H](O[C@@H]3O[C@H](C)C[C@H](N(C)C)[C@H]3OC(C)=O)[C@@H](C)C[C@@]3(CO3)C(=O)[C@H](C)[C@@H](OC(C)=O)[C@@H](C)[C@@H](C)OC(=O)[C@@H]2C)O[C@@H](C)[C@@H]1OC(C)=O,TROLEANDOMYCIN,unknown,,,,,,1.0,1.0,False,False,False
KWIUHFFTVRNATP-UHFFFAOYSA-N,C[N+](C)(C)CC(=O)[O-],betaine,vNo-DILI-Concern,E,,,medium,,,1.0,True,True,False
XULACPAEUUWKFX-UHFFFAOYSA-N,O=[N+]([O-])c1cc(Cl)cc(-c2cc(Cl)cc([N+](=O)[O-])c2O)c1O,niclofolan,unknown,,,,,,1.0,1.0,False,False,False
MGQRRMONVLMKJL-KWJIQSIXSA-N,CO[C@@H]1[C@@H](N)[C@@H](O[C@H]2[C@H](Oc3cccc4c(O)c5c(=O)oc6ccc(C)c7c(=O)oc(c34)c5c67)O[C@H](C)[C@H](O)[C@]2(C)O)O[C@H](C)[C@@H]1O,Elsamitrucin,unknown,,,,,,1.0,1.0,False,False,False
OJSFTALXCYKKFQ-YLJYHZDGSA-N,COc1ccc(OC[C@H]2CN(C)CC[C@@H]2c2ccccc2)cc1,femoxetine,unknown,,,,,,1.0,1.0,False,False,False
UZWDCWONPYILKI-UHFFFAOYSA-N,CCN1CCN(Cc2ccc(Nc3ncc(F)c(-c4cc(F)c5nc(C)n(C(C)C)c5c4)n3)nc2)CC1,Abemaciclib,vLess-DILI-Concern,E,,,,,,,True,True,False
OGAKLTJNUQRZJU-UHFFFAOYSA-N,OC(CCCN1CCCCC1)(c1ccccc1)c1ccccc1,DIPHENIDOL,unknown,,,,,,1.0,1.0,False,False,False
DGVVWUTYPXICAM-UHFFFAOYSA-N,OCCS,2-Mercaptoethanol,unknown,,,,medium,,,1.0,False,False,False
QTBSBXVTEAMEQO-UHFFFAOYSA-N,CC(=O)O,ACETIC ACID,vNo-DILI-Concern,,,,medium,,1.0,1.0,True,False,False
FHFYDNQZQSQIAI-UHFFFAOYSA-N,CCn1cc(C(=O)O)c(=O)c2cc(F)c(N3CCN(C)CC3)cc21,pefloxacin,unknown,,,,weak,,1.0,1.0,False,False,False
RGHNJXZEOKUKBD-UHFFFAOYSA-N,O=C(O)C(O)C(O)C(O)C(O)CO,Tribulus,,E,,,medium,,,,False,True,False
MEFKEPWMEQBLKI-AIRLBKTGSA-N,C[S+](CC[C@H](N)C(=O)[O-])C[C@H]1O[C@@H](n2cnc3c(N)ncnc32)[C@H](O)[C@@H]1O,ademetionine,unknown,,,,,,1.0,1.0,False,False,False
WBXPDJSOTKVWSJ-UHFFFAOYSA-N,Nc1nc2[nH]cc(CCc3ccc(C(=O)NC(CCC(=O)O)C(=O)O)cc3)c2c(=O)[nH]1,Pemetrexed disodium,Ambiguous-DILI-Concern,E,,,,weak,,,False,True,False
OIRFJRBSRORBCM-UHFFFAOYSA-N,CCC(Cc1c(I)cc(I)c(N)c1I)C(=O)O,IOPANOIC ACID,unknown,,,,,,1.0,1.0,False,False,False
NXTVQNIVUKXOIL-UHFFFAOYSA-N,Cc1ccc(S(=O)(=O)NCl)cc1,tosylchloramide sodium,unknown,,,,medium,,,1.0,False,False,False
VZCYOOQTPOCHFL-OWOJBTEDSA-N,O=C(O)/C=C/C(=O)O,fumaric acid,unknown,,,,,,1.0,1.0,False,False,False
KFZMGEQAYNKOFK-UHFFFAOYSA-N,CC(C)O,ISOPROPYL ALCOHOL,unknown,,boxed_hepatotox,,medium,,,1.0,False,False,True
MJVAVZPDRWSRRC-UHFFFAOYSA-N,CC1=CC(=O)c2ccccc2C1=O,MENADIONE,unknown,,,,strong,,1.0,1.0,False,False,False
TYNLGDBUJLVSMA-UHFFFAOYSA-N,CC(=O)Oc1cccc2c1C(=O)c1c(OC(C)=O)cc(C(=O)O)cc1C2=O,diacerein,unknown,,,,,,1.0,1.0,False,False,False
TXCGAZHTZHNUAI-UHFFFAOYSA-N,CC(C)(Oc1ccc(Cl)cc1)C(=O)O,clofibric acid,unknown,,,weak,strong,,,1.0,False,False,False
VHYCDWMUTMEGQY-UHFFFAOYSA-N,CC(C)NCC(O)COc1ccc(COCCOC(C)C)cc1,BISOPROLOL,Ambiguous-DILI-Concern,E,,,medium,medium,,0.0,False,True,False
WTHRRGMBUAHGNI-LCYNINFDSA-N,CC[C@H]1NC(=O)[C@@H](NC(=O)c2ncccc2O)[C@@H](C)OC(=O)[C@H](c2ccccc2)NC(=O)[C@@H]2CC(=O)[C@H](CS[C@@H]3CN4CCC3CC4)CN2C(=O)[C@H](Cc2ccc(N(C)C)cc2)N(C)C(=O)[C@@H]2CCCN2C1=O,QUINUPRISTIN,unknown,,,,,,1.0,1.0,False,False,False
DLFVBJFMPXGRIB-UHFFFAOYSA-N,CC(N)=O,Acetamide,unknown,,,medium,strong,,,1.0,False,False,False
LUZRJRNZXALNLM-UHFFFAOYSA-N,CN1CC(C(=O)NC2(C)OC3(O)C4CCCN4C(=O)C(Cc4ccccc4)N3C2=O)CC2c3cccc4[nH]cc(c34)CC21,Dihydroergotamine mesylate,vNo-DILI-Concern,,,,weak,,,,True,False,False
VYWWNRMSAPEJLS-MDWYKHENSA-N,CCCC(=O)O[C@H]1[C@H](C)O[C@@H](O[C@H]2[C@H](N(C)C)[C@@H](O)[C@H](O[C@H]3[C@@H](CC=O)C[C@@H](C)[C@@H](O)/C=C/C=C/C[C@@H](C)OC(=O)C[C@@H](O)[C@@H]3OC)O[C@@H]2C)C[C@@]1(C)OC(=O)CC,rokitamycin,unknown,,,,,,1.0,1.0,False,False,False
WQABCVAJNWAXTE-UHFFFAOYSA-N,OCC(S)CS,Dimercaprol,vNo-DILI-Concern,E,,weak,medium,,,,True,True,False
ZPMKQFOGINQDAM-UHFFFAOYSA-N,C[N+](C)([O-])CCC=C1c2ccccc2CCc2ccccc21,amitriptylinoxide,unknown,,,,weak,,,1.0,False,False,False
ZFXYFBGIUFBOJW-UHFFFAOYSA-N,Cn1c(=O)c2[nH]cnc2n(C)c1=O,THEOPHYLLINE ANHYDROUS,vNo-DILI-Concern,E,,,medium,,,1.0,True,True,False
NUFNQYOELLVIPL-UHFFFAOYSA-N,O=C(O)c1cc(Oc2ccc(C(F)(F)F)cc2Cl)ccc1[N+](=O)[O-],Acifluorfen,unknown,,,,strong,,,1.0,False,False,False
OJGDCBLYJGHCIH-UHFFFAOYSA-N,CN(Cc1cc(Br)cc(Br)c1N)C1CCCCC1,bromhexine,unknown,,,,,,1.0,1.0,False,False,False
HLVVITIHAZBPKB-UHFFFAOYSA-N,Nc1c2c(nc3ccccc13)CCCC2O,velnacrine,unknown,,,,,,1.0,1.0,False,False,False
PBJUNZJWGZTSKL-UHFFFAOYSA-N,Cc1ccsc1C(=CCCN1CCCC(C(=O)O)C1)c1sccc1C,Tiagabine hydrochloride,Ambiguous-DILI-Concern,E,,,weak,,,,False,True,False
QWCJHSGMANYXCW-UHFFFAOYSA-N,Nc1ccc(S(=O)(=O)Nc2ccnn2-c2ccccc2)cc1,SULFAPHENAZOLE,unknown,,,,medium,,,1.0,False,False,False
ZOKXTWBITQBERF-UHFFFAOYSA-N,[Mo],Molybdenum,unknown,,,,medium,,,1.0,False,False,False
JWBOIMRXGHLCPP-UHFFFAOYSA-N,Clc1ccc(C(c2ccccc2Cl)C(Cl)Cl)cc1,MITOTANE,vNo-DILI-Concern,E,,,strong,,,1.0,True,True,False
SWXOGPJRIDTIRL-DOUNNPEJSA-N,CC(C)[C@@H]1NC(=O)[C@H](CCCCN)NC(=O)[C@@H](Cc2c[nH]c3ccccc23)NC(=O)[C@H](Cc2ccc(O)cc2)NC(=O)[C@@H](NC(=O)[C@H](N)Cc2ccccc2)CSSC[C@@H](C(=O)N[C@@H](Cc2c[nH]c3ccccc23)C(N)=O)NC1=O,Vapreotide,unknown,,,,,,1.0,1.0,False,False,False
QFFCYTLOTYIJMR-XMGTWHOFSA-N,CCC(=O)[C@@]1(C)CC[C@H]2[C@@H]3CCC4=CC(=O)CCC4=C3CC[C@@]21C,promegestone,unknown,,,,,,1.0,1.0,False,False,False
OVBPIULPVIDEAO-UHFFFAOYSA-N,Nc1nc2ncc(CNc3ccc(C(=O)NC(CCC(=O)O)C(=O)O)cc3)nc2c(=O)[nH]1,Folic acid,vNo-DILI-Concern,E,,medium,strong,strong,,,True,True,False
IQFYYKKMVGJFEH-UHFFFAOYSA-N,Cc1cn(C2CC(O)C(CO)O2)c(=O)[nH]c1=O,Telbivudine,Ambiguous-DILI-Concern,E,,,medium,,,,False,True,False
UFBJCMHMOXMLKC-UHFFFAOYSA-N,O=[N+]([O-])c1ccc(O)c([N+](=O)[O-])c1,"2,4-Dinitrophenol",unknown,,,,strong,,1.0,1.0,False,False,False
CXMXRPHRNRROMY-UHFFFAOYSA-N,O=C(O)CCCCCCCCC(=O)O,Sebacic Acid,unknown,,,,weak,,,1.0,False,False,False
QZIQORUGXBPDSU-UHFFFAOYSA-N,C[N+](C)([O-])CCCN1c2ccccc2CCc2ccccc21,imipramine oxide,unknown,,,,weak,,,1.0,False,False,False
OUGIDAPQYNCXRA-UHFFFAOYSA-N,O=c1cc(-c2ccccc2)oc2ccc3ccccc3c12,Beta-Naphthoflavone,unknown,,,,strong,,,1.0,False,False,False
DHCDFWKWKRSZHF-UHFFFAOYSA-N,O=S(O)(O)=S,THIOSULFURIC ACID,vNo-DILI-Concern,,,,weak,,,1.0,True,False,False
CFFZDZCDUFSOFZ-UHFFFAOYSA-N,O=C(O)Cc1ccc(O)c(O)c1,Dopac,unknown,,,,medium,,,1.0,False,False,False
LNEPOXFFQSENCJ-UHFFFAOYSA-N,O=C(CCCN1CCC(O)(c2ccc(Cl)cc2)CC1)c1ccc(F)cc1,HALOPERIDOL,vLess-DILI-Concern,B,,medium,strong,,1.0,1.0,True,True,False
GAGWJHPBXLXJQN-UHFFFAOYSA-N,CCCCCOC(=O)Nc1nc(=O)n(C2OC(C)C(O)C2O)cc1F,Capecitabine,vLess-DILI-Concern,E,boxed_hepatotox,medium,,weak,,,True,True,True
ZGUGWUXLJSTTMA-UHFFFAOYSA-N,CN(C)CCCN1c2ccccc2Sc2ccccc21,PROMAZINE,unknown,,,,,,1.0,1.0,False,False,False
PWAUCHMQEXVFJR-PMAPCBKXSA-N,Cc1cc(=O)c(C(=O)N[C@@H](C(=O)N[C@@H]2C(=O)N3C(C(=O)O)=C(CSc4nnnn4C)CS[C@H]23)c2ccc(O)cc2)c[nH]1,Cefpiramide,unknown,,,,,,1.0,1.0,False,False,False
DDDQVDIPBFGVIG-UHFFFAOYSA-N,CC(C)(Oc1ccc(Cl)cc1)C(=O)NC(=O)NCN1CCOCC1,plafibride,unknown,,,,,,1.0,1.0,False,False,False
WCWSTNLSLKSJPK-UHFFFAOYSA-N,CC1COC2Cn3cc(C(=O)NCc4ccc(F)cc4F)c(=O)c(O)c3C(=O)N12,Cabotegravir sodium,Ambiguous-DILI-Concern,E,warning_hepatotox,,,,,,False,True,False
FBHSPRKOSMHSIF-UHFFFAOYSA-N,CC(=O)OCC(=O)C12N=C(C)OC1CC1C3CCC4=CC(=O)C=CC4(C)C3C(O)CC12C,Deflazacort,vNo-DILI-Concern,,warning_hepatotox,,,,,,True,False,False
RNOAOAWBMHREKO-UHFFFAOYSA-N,C=CC(=O)N1CCC(C2CCNc3c(C(N)=O)c(-c4ccc(Oc5ccccc5)cc4)nn32)CC1,Zanubrutinib,vMost-DILI-Concern,E,,,,,,,True,True,False
DHMQDGOQFOQNFH-UHFFFAOYSA-N,NCC(=O)O,GLYCINE,unknown,,,,medium,,,1.0,False,False,False
YQEZLKZALYSWHR-UHFFFAOYSA-N,CNC1(c2ccccc2Cl)CCCCC1=O,Ketamine hydrochloride,vLess-DILI-Concern,E,,weak,medium,,,,True,True,False
HJXMNVQARNZTEE-UHFFFAOYSA-N,CCCCC1OC(=O)c2ccccc21,butylphthalide,unknown,,,,weak,,,1.0,False,False,False
FKNQFGJONOIPTF-UHFFFAOYSA-N,[Na+],SODIUM FLUORIDE,vNo-DILI-Concern,,,,medium,,,1.0,True,False,False
RWCCWEUUXYIKHB-UHFFFAOYSA-N,O=C(c1ccccc1)c1ccccc1,Benzophenone,unknown,,,,medium,,,1.0,False,False,False
XAUDJQYHKZQPEU-UHFFFAOYSA-N,Nc1ncn(C2CC(O)C(CO)O2)c(=O)n1,Decitabine,Ambiguous-DILI-Concern,E,,,medium,,,,False,True,False
UHRBTBZOWWGKMK-DOMZBBRYSA-N,CO[C@@]1(NC(=O)CSC(F)F)C(=O)N2C(C(=O)O)=C(CSc3nnnn3CCO)CO[C@@H]21,flomoxef,unknown,,,,,,1.0,1.0,False,False,False
RXWNCPJZOCPEPQ-NVWDDTSBSA-N,COc1ccc(C[C@H](N)C(=O)N[C@H]2[C@@H](O)[C@H](n3cnc4c(N(C)C)ncnc43)O[C@@H]2CO)cc1,Puromycin,unknown,,,,,,1.0,1.0,False,False,False
PWNMXPDKBYZCOO-UHFFFAOYSA-N,Cc1oc(=O)oc1CN1CCN(c2cc3c(cc2F)c(=O)c(C(=O)O)c2n3C(C)S2)CC1,prulifloxacin,unknown,,,,weak,,1.0,1.0,False,False,False
ALWKGYPQUAPLQC-UHFFFAOYSA-N,CN(C)C(=O)Oc1cccc([N+](C)(C)C)c1,NEOSTIGMINE,unknown,,,,weak,,,1.0,False,False,False
VQOXZBDYSJBXMA-UHFFFAOYSA-N,CC1C=CC=CCCC=CC=CC=CC=CC(OC2OC(C)C(O)C(N)C2O)CC2OC(O)(CC(O)C(O)CCC(O)CC(O)CC(O)CC(=O)OC(C)C(C)C1O)CC(O)C2C(=O)O,Nystatin,vNo-DILI-Concern,E,,,medium,weak,,,True,True,False
ZAFYATHCZYHLPB-UHFFFAOYSA-N,Cc1ccc(-c2nc3ccc(C)cn3c2CC(=O)N(C)C)cc1,ZOLPIDEM,Ambiguous-DILI-Concern,E,,,,weak,,0.0,False,True,False
YAKWPXVTIGTRJH-UHFFFAOYSA-N,CCOP(=O)(OCC)C(C)NC(=O)N(CCCl)N=O,fotemustine,unknown,,,,,,1.0,1.0,False,False,False
GPTXWRGISTZRIO-UHFFFAOYSA-N,Cc1ccc2c(Cl)cc(Cl)c(O)c2n1,chlorquinaldol,unknown,,,,weak,,,1.0,False,False,False
HGBOYTHUEUWSSQ-UHFFFAOYSA-N,CCCCC=O,Pentanal,unknown,,,,medium,,,1.0,False,False,False
UXCAQJAQSWSNPQ-XLPZGREQSA-N,Cc1cn([C@H]2C[C@H](F)[C@@H](CO)O2)c(=O)[nH]c1=O,3'-Fluorothymidine,unknown,,,,,,1.0,1.0,False,False,False
XPCTZQVDEJYUGT-UHFFFAOYSA-N,Cc1occc(=O)c1O,Ferric Maltol,vNo-DILI-Concern,,,,medium,,,1.0,True,False,False
WLHQHAUOOXYABV-UHFFFAOYSA-N,CN1C(C(=O)Nc2ccccn2)=C(O)c2sc(Cl)cc2S1(=O)=O,lornoxicam,unknown,,,,weak,,,1.0,False,False,False
YVNQAIFQFWTPLQ-UHFFFAOYSA-N,CCOc1ccc(Nc2ccc(/C(=C3/C=C/C(=[N+](/CC)Cc4cccc(S(=O)(=O)[O-])c4)C=C3C)c3ccc(N(CC)Cc4cccc(S(=O)(=O)O)c4)cc3C)cc2)cc1,BRILLIANT BLUE G,vNo-DILI-Concern,,,,medium,,,1.0,True,False,False
DSSYKIVIOFKYAU-UHFFFAOYSA-N,CC12CCC(CC1=O)C2(C)C,camphor,unknown,,,,medium,,1.0,1.0,False,False,False
TUNFSRHWOTWDNC-UHFFFAOYSA-N,CCCCCCCCCCCCCC(=O)O,Myristic Acid,unknown,,,,weak,,,1.0,False,False,False
RJMUSRYZPJIFPJ-UHFFFAOYSA-N,O=C(Nc1ccc([N+](=O)[O-])cc1Cl)c1cc(Cl)ccc1O,NICLOSAMIDE,unknown,,,,medium,,,1.0,False,False,False
KUAZQDVKQLNFPE-UHFFFAOYSA-N,CN(C)C(=S)SSC(=S)N(C)C,thiram,unknown,,,,strong,,,1.0,False,False,False
KHAUBYTYGDOYRU-IRXASZMISA-N,CCCC[C@@H]1CC(=O)[C@]2(O)O[C@@H]3[C@@H](NC)[C@@H](O)[C@@H](NC)[C@H](O)[C@H]3O[C@@H]2O1,trospectomycin,unknown,,,,,,1.0,1.0,False,False,False
QNAYBMKLOCPYGJ-UHFFFAOYSA-N,CC(N)C(=O)O,DL-Alanine,unknown,,,weak,,,,1.0,False,False,False
JUKPWJGBANNWMW-UHFFFAOYSA-N,COC(=O)C1CC2=CC(=O)CCC2(C)C23OC2CC2(C)C(CCC24CCC(=O)O4)C13,Eplerenone,vLess-DILI-Concern,E,,,,,,,True,True,False
OELFLUMRDSZNSF-UHFFFAOYSA-N,CC(C)C1CCC(C(=O)NC(Cc2ccccc2)C(=O)O)CC1,Nateglinide,Ambiguous-DILI-Concern,E,,,weak,,,,False,True,False
QAOWNCQODCNURD-UHFFFAOYSA-N,O=S(=O)(O)O,SODIUM SULFATE ANHYDROUS,unknown,,,,medium,,,1.0,False,False,False
ZDXPYRJPNDTMRX-UHFFFAOYSA-N,NC(=O)CCC(N)C(=O)O,L-glutamine,Ambiguous-DILI-Concern,E,,,medium,,,,False,True,False
MWUXSHHQAYIFBG-UHFFFAOYSA-N,[N]=O,NITRIC OXIDE,unknown,,,,strong,,,1.0,False,False,False
BQCADISMDOOEFD-UHFFFAOYSA-N,[Ag],Silver,unknown,,,,strong,,,1.0,False,False,False
GJXWDTUCERCKIX-UHFFFAOYSA-N,O=CN(O)CCCP(=O)(O)O,Fosmidomycin,unknown,,,,,,1.0,1.0,False,False,False
OIRCOABEOLEUMC-UHFFFAOYSA-N,CCC(C)C(NC(=O)C(CCC(=O)O)NC(=O)C(CCC(=O)O)NC(=O)C(Cc1ccccc1)NC(=O)C(CC(=O)O)NC(=O)CNC(=O)C(CC(N)=O)NC(=O)CNC(=O)CNC(=O)CNC(=O)CNC(=O)C1CCCN1C(=O)C(CCCNC(=N)N)NC(=O)C1CCCN1C(=O)C(N)Cc1ccccc1)C(=O)N1CCCC1C(=O)NC(CCC(=O)O)C(=O)NC(CCC(=O)O)C(=O)NC(Cc1ccc(O)cc1)C(=O)NC(CC(C)C)C(=O)O,Bivalirudin,vNo-DILI-Concern,,,,weak,,,,True,False,False
XZMCDFZZKTWFGF-UHFFFAOYSA-N,N#CN,Cyanamide,unknown,,,medium,strong,,1.0,1.0,False,False,False
RXKJFZQQPQGTFL-UHFFFAOYSA-N,O=C(CO)CO,Dihydroxyacetone,unknown,,,,medium,,,1.0,False,False,False
WHBIGIKBNXZKFE-UHFFFAOYSA-N,CC(C)Nc1cccnc1N1CCN(C(=O)c2cc3cc(NS(C)(=O)=O)ccc3[nH]2)CC1,DELAVIRDINE,Ambiguous-DILI-Concern,E,,,,,1.0,0.0,False,True,False
HXRSXEDVVARPHP-UDWIEESQSA-N,CN(C)Cc1ccc(CSCCN/C(=C\[N+](=O)[O-])NCc2ccc3c(c2)OCO3)o1,Niperoditine,unknown,,,,,,1.0,1.0,False,False,False
DJQOOSBJCLSSEY-UHFFFAOYSA-N,Cc1cnc(C(=O)O)c[n+]1[O-],acipimox,unknown,,,,medium,,,1.0,False,False,False
MPIPASJGOJYODL-UHFFFAOYSA-N,Clc1ccc(C(Cn2ccnc2)OCc2c(Cl)cccc2Cl)c(Cl)c1,Isoconazole,unknown,,,,weak,,,1.0,False,False,False
MVCOAUNKQVWQHZ-UHFFFAOYSA-N,Cc1ccc(-n2nc(C(C)(C)C)cc2NC(=O)Nc2ccc(OCCN3CCOCC3)c3ccccc23)cc1,Doramapimod,unknown,,,,,,1.0,1.0,False,False,False
ACGDKVXYNVEAGU-UHFFFAOYSA-N,N=C(N)NCCN1CCCCCCC1,GUANETHIDINE,vNo-DILI-Concern,,,,,,1.0,1.0,True,False,False
OJYLAHXKWMRDGS-UHFFFAOYSA-N,COc1cc(CCC(C)=O)ccc1O,Zingerone,unknown,,,,medium,,,1.0,False,False,False
RKUNBYITZUJHSG-UHFFFAOYSA-N,CN1C2CCC1CC(OC(=O)C(CO)c1ccccc1)C2,Atropine,vNo-DILI-Concern,,,,strong,,,,True,False,False
XJSFLOJWULLJQS-NGVXBBESSA-N,CO[C@@H]1[C@@H](O[C@@H]2O[C@H](C)[C@@H](O[C@H]3C[C@@](C)(O)[C@@H](OC(=O)CC(C)C)[C@H](C)O3)[C@H](N(C)C)[C@H]2O)[C@@H](CC=O)C[C@@H](C)[C@@H](O)/C=C/C=C/C[C@@H](C)OC(=O)C[C@H]1OC(C)=O,josamycin,unknown,,,,,,1.0,1.0,False,False,False
QYPPJABKJHAVHS-UHFFFAOYSA-N,NCCCCN=C(N)N,Agmatine,unknown,,,,medium,,,1.0,False,False,False
YPELFRMCRYSPKZ-UHFFFAOYSA-N,CCOc1cc(N)c(Cl)cc1C(=O)NCC1CN(Cc2ccc(F)cc2)CCO1,mosapride,unknown,,,,medium,,,1.0,False,False,False
JZQKKSLKJUAGIC-UHFFFAOYSA-N,CC(C)NCC(O)COc1cccc2[nH]ccc12,PINDOLOL,vNo-DILI-Concern,E,,,weak,,,1.0,True,True,False
XEEYBQQBJWHFJM-UHFFFAOYSA-N,[Fe],iron,unknown,A,,medium,strong,,,1.0,False,True,False
GUXHBMASAHGULD-UHFFFAOYSA-N,CN(C)C1C(=O)C(C(N)=O)=C(O)C2(O)C(=O)C3=C(O)c4c(O)ccc(Cl)c4C(O)C3CC12,Demeclocycline hydrochloride,Ambiguous-DILI-Concern,E,,,weak,,,,False,True,False
OSFCMRGOZNQUSW-UHFFFAOYSA-N,COc1cc2c(cc1OC)CN(CCc1ccc(NC(=O)c3cccc4c(=O)c5cccc(OC)c5[nH]c34)cc1)CC2,Elacridar,unknown,,,,weak,,,1.0,False,False,False
CBRJPFGIXUFMTM-UHFFFAOYSA-N,C=CC(=O)N1CC(Nc2ncnc3[nH]ccc23)CCC1C,Ritlecitinib,,E,warning_hepatotox,,,,,,False,True,False
TWFZGCMQGLPBSX-UHFFFAOYSA-N,COC(=O)Nc1nc2ccccc2[nH]1,Carbendazim,unknown,,,,strong,,1.0,1.0,False,False,False
GYDJEQRTZSCIOI-UHFFFAOYSA-N,NCC1CCC(C(=O)O)CC1,4-(Aminomethyl)cyclohexanecarboxylic acid,vNo-DILI-Concern,,,,weak,,,1.0,True,False,False
NPGNOVNWUSPMDP-UTEPHESZSA-N,CC(C)(C)C(=O)OCOC(=O)[C@@H]1N2C(=O)[C@@H](/N=C/N3CCCCCC3)[C@H]2SC1(C)C,AMDINOCILLIN PIVOXIL,unknown,,,,,,1.0,1.0,False,False,False
LELOWRISYMNNSU-UHFFFAOYSA-N,C#N,Ferric Ferrocyanide,unknown,,,,medium,,,1.0,False,False,False
CXHKZHZLDMQGFF-ZSDSSEDPSA-N,CO/N=C(\C(=O)N[C@@H]1C(=O)N2C(C(=O)O)=C(CSc3cnns3)CS[C@H]12)c1csc(N)n1,cefuzonam,unknown,,,,,,1.0,1.0,False,False,False
LORDFXWUHHSAQU-UHFFFAOYSA-N,CCC(COC(=O)c1cc(OC)c(OC)c(OC)c1)(c1ccccc1)N(C)C,trimebutine,unknown,,,,,,1.0,1.0,False,False,False
UIYAXIPXULMHAI-JLGRZTKVSA-N,CO/N=C(\C(=O)N[C@@H]1C(=O)N2C(C(=O)OCOC(=O)C(C)(C)C)=C(Cn3nnc(C)n3)CS[C@H]12)c1csc(N)n1,cefteram pivoxil,unknown,,,,,,1.0,1.0,False,False,False
ZEHYJZXQEQOSON-AATRIKPKSA-N,C#CC(O)(/C=C/Cl)CC,ETHCHLORVYNOL,unknown,,,,,,1.0,1.0,False,False,False
FFDGPVCHZBVARC-UHFFFAOYSA-N,CN(C)CC(=O)O,"N,N-Dimethylglycine",unknown,,,,weak,,,1.0,False,False,False
KMIPKYQIOVAHOP-YLGJWRNMSA-N,CO/N=C(\C(=O)N[C@@H]1C(=O)N2C(C(=O)O)=C(/C=C\c3scnc3C)CS[C@H]12)c1csc(N)n1,Cefditoren,unknown,,,,,,1.0,1.0,False,False,False
YEZNLOUZAIOMLT-UHFFFAOYSA-N,Cc1c(Cl)cccc1Nc1ccccc1C(=O)O,tolfenamic acid,unknown,,,,,,1.0,1.0,False,False,False
IAZDPXIOMUYVGZ-UHFFFAOYSA-N,C[S+](C)[O-],dimethyl sulfoxide,unknown,,,,strong,,1.0,1.0,False,False,False
LOUPRKONTZGTKE-UHFFFAOYSA-N,C=CC1CN2CCC1CC2C(O)c1ccnc2ccc(OC)cc12,Quinidine barbiturate,vLess-DILI-Concern,B,,medium,strong,,,1.0,True,True,False
DOUYETYNHWVLEO-UHFFFAOYSA-N,CC(C)Cn1cnc2c(N)nc3ccccc3c21,IMIQUIMOD,unknown,,,,medium,,,1.0,False,False,False
RKLNONIVDFXQRX-UHFFFAOYSA-N,O=C(CCCN1CCC(O)(c2ccc(Br)cc2)CC1)c1ccc(F)cc1,bromperidol,unknown,,,,,,1.0,1.0,False,False,False
ZNOVTXRBGFNYRX-UHFFFAOYSA-N,CN1c2c(nc(N)[nH]c2=O)NCC1CNc1ccc(C(=O)NC(CCC(=O)O)C(=O)O)cc1,Levomefolate calcium,vNo-DILI-Concern,,,,weak,,,,True,False,False
NDAUXUAQIAJITI-UHFFFAOYSA-N,CC(C)(C)NCC(O)c1ccc(O)c(CO)c1,ALBUTEROL,vNo-DILI-Concern,,,,medium,medium,,1.0,True,False,False
TZRXHJWUDPFEEY-UHFFFAOYSA-N,O=[N+]([O-])OCC(CO[N+](=O)[O-])(CO[N+](=O)[O-])CO[N+](=O)[O-],pentaerithrityl tetranitrate,unknown,,,,weak,,,1.0,False,False,False
WUTYZMFRCNBCHQ-UHFFFAOYSA-N,CC1OC2(CS1)CN1CCC2CC1,CEVIMELINE,Ambiguous-DILI-Concern,E,,,,,1.0,0.0,False,True,False
SMTZFNFIKUPEJC-UHFFFAOYSA-N,CC(=O)OCC(=O)NCCCOc1cccc(CN2CCCCC2)c1,roxatidine acetate,unknown,,,,,,1.0,1.0,False,False,False
UCPOMLWZWRTIAA-UHFFFAOYSA-N,CCNc1cccnc1N1CCN(C(=O)c2cc3cc(OC)ccc3[nH]2)CC1,Atevirdine,unknown,,,,,,1.0,1.0,False,False,False
MUMGGOZAMZWBJJ-DYKIIFRCSA-N,C[C@]12CC[C@H]3[C@@H](CCC4=CC(=O)CC[C@@]43C)[C@@H]1CC[C@@H]2O,TESTOSTERONE,unknown,,,,,,1.0,1.0,False,False,False
AIJULSRZWUXGPQ-UHFFFAOYSA-N,CC(=O)C=O,Methylglyoxal,unknown,,,,strong,,,1.0,False,False,False
GVJHHUAWPYXKBD-UHFFFAOYSA-N,Cc1c(C)c2c(c(C)c1O)CCC(C)(CCCC(C)CCCC(C)CCCC(C)C)O2,DL-alpha-Tocopherol,vNo-DILI-Concern,,,medium,strong,,,1.0,True,False,False
PTDRUEDSEVLCBO-UHFFFAOYSA-N,O=S(=O)(O)CC(O)CS,"Aurate(1-), (2-hydroxy-3-mercapto-1-propanesulfonato(2-))-, sodium (1:1)",unknown,,,weak,,,,1.0,False,False,False
PCOBBVZJEWWZFR-UHFFFAOYSA-N,CCOC(=O)Nc1ccc(NCc2ccc(F)cc2)cc1N,EZOGABINE,unknown,E,,,weak,,,1.0,False,True,False
