canonical_smiles,label
CCCCCC(C)(O)C=CC1C(O)CC(O)C1CC=CCCCC(=O)O,0
COc1ccc(/C=C/C(=O)O)cc1O,0
[123IH],0
N#Cc1sc2c(=O)c3ccccc3c(=O)c=2sc1C#N,1
CC(C)C[C@H](NC(=O)[C@@H](Cc1cccc2ccccc12)NC(=O)N1CCOCC1)B(O)O,0
CC(=O)c1ccc(O)cc1,1
N[C@@H](O)O[C@@H]1Cc2ccccc2[C@@H]1[C@@H]1CN[C@@](Cc2ccccc2)(C[C@H](O)[C@H](Cc2ccccc2)NC(=O)O[C@H]2CCOC2)C1=O,0
CC1(C)C(/C=C/C=C/C=C/C=C2\N(CCCCS(=O)(=O)O)c3ccc4ccccc4c3C2(C)C)=[N+](CCCCS(=O)(=O)O)c2ccc3ccccc3c21,0
COc1ccc(C[C@@H](CN[C@@H](CCCN=C(N)N)C(=O)O)NC(=O)[C@@H]2CCCN2C(=O)[C@H](CO)NC(=O)[C@H](Cc2cccs2)NC(=O)CNC(=O)[C@@H]2C[C@@H](O)CN2C(=O)[C@@H]2CCCN2C(=O)[C@@H](N)CCCN=C(N)N)cc1,0
C[C@H](O)CN,0
NCc1ccc(F)cc1,0
OCC1NCC(O)C(O)C1O,0
CC(C)C[C@H](NC(=O)[C@@H](O)[C@H](N)Cc1ccccc1)C(=O)O,1
NCCC[C@H](NC(=O)CCC(=O)O)C(=O)O,0
NS(=O)(=O)c1cc2c(cc1Cl)NCNS2(=O)=O,1
Nc1ncnc2c1ncn2[C@@H]1O[C@H](COP(=O)(O)OP(=O)(O)OP(O)(O)=S)[C@@H](O)[C@H]1O,0
CCCCCCCCCCCC(=O)NCCC[N+](C)(C)[O-],0
CC#N,1
O=C1C=CCC2C3CCCN4CCCC(CN12)C34,1
CC(C)(C)c1ccc(Sc2cccc3nc(N)nc(N)c23)cc1,0
CCCCCCCCCCCCC/C=C/[C@@H](O)[C@H](CO[C@@H]1O[C@H](CO)[C@H](O)[C@H](OS(=O)(=O)O)[C@H]1O)NC(=O)[C@H](O)CCCCCCCCCCCCCCCCCCCCCC,0
CS(=O)(=O)c1ccc(C2=C(c3ccc(F)c(F)c3)C(=O)OC2)cc1,1
O=[N+]([O-])OCCCNCCCCNc1c2c(nc3ccccc13)CCCC2,0
CCCC(N)=O,0
CCNC(=O)[C@@H]1O[C@@H](n2cnc3c(N)ncnc32)[C@H](O)[C@H]1O,0
Cc1c([N+](=O)[O-])cc(N)cc1[N+](=O)[O-],1
O=C(/C=C/c1ccc(O)c(O)c1)O[C@@H]1C[C@](O)(C(=O)O)C[C@@H](O)[C@H]1O,0
C[C@H](N)[C@@H](CCCCCC(=O)O)NC(=O)O,0
CC(C)c1ccc(COc2ccc(CC(=O)NCCN)cc2Cl)cc1,0
CCN(CC)C(=O)CSc1ccc(Cl)nn1,0
CNCCC(Oc1ccccc1C)c1ccccc1,1
COc1cc[nH]c1/C=C1\C(=O)Nc2ccc(F)c(C#C[C@@H](O)[C@@H](N)[C@@H](C)O)c21,0
COc1c(O)c(OC)c2oc(-c3ccccc3O)cc(=O)c2c1O,0
Cn1cc(NC(=O)c2cc(NC(=O)c3cc(NC(=O)c4ccc(N(CCCl)CCCl)cc4)cn3C)cn2C)cc1C(=O)NCCC(=N)N,0
O=C(CCCN1CCC(n2c(=S)[nH]c3ccccc32)CC1)c1ccc(F)cc1,0
CC1CCC(NC(=O)N(CCCl)N=O)CC1,0
CCCCCCCCCCCCCC(=O)OC1C(C)C2(O)C(C=C(CO)CC3(O)C(O)C(C)=CC32)C2C(C)(C)C12OC(C)=O,1
O=C(Cc1ccc(O)cc1)Nc1ncc(-c2ccc(O)cc2)nc1Cc1ccccc1,0
CC(C)C(=O)Oc1ccc(CO)cc1C(CCN(C(C)C)C(C)C)c1ccccc1,0
CCCCNc1ccc(C(=O)OCCOCCOCCOCCOCCOCCOCCOCCOCCOC)cc1,1
CC(C)[C@H](NS(=O)(=O)c1ccccc1)P(=O)(O)C[C@H](C(=O)O)c1cccc(CN)c1,0
NCCc1ccc(O)c(C2CCCCC2)c1,0
CCOC(=O)C1=CC2(CC)CCCN3CCc4c(n1c1ccccc41)C32,1
CCC(=O)C(=O)O,0
C[C@]12CCC(=O)C=C1CC[C@@H]1[C@@H]2[C@@H](O)C[C@@]2(C)[C@H]1CC[C@]2(O)C(=O)COC(=O)CCC(=O)O,0
CN(C)C(=O)[C@@H](c1ccc(-c2ccc3ncnn3c2)cc1)[C@H](N)C(=O)N1CC[C@H](F)C1,0
COc1cc(N2CCC(N3CCN(C)CC3)CC2)ccc1Nc1ncnc(Nc2ccccc2S(=O)(=O)C(C)C)n1,0
CCOC(=O)c1c(C)[nH][n+](-c2ccccc2)c1C,0
C[C@]12CC[C@@H](O)C[C@@H]1CC[C@@H]1[C@@H]2CC[C@@]2(C)[C@H]1CC[C@]2(C)O,0
COc1cc(CS(C)(=O)=O)ccc1Nc1nc(Nc2cccc(F)c2C(N)=O)c2cc[nH]c2n1,0
CCN(N=O)C(N)=O,1
CN(C)C(=O)[C@@H](C1CCC(c2cccc3ncnn23)CC1)[C@H](N)C(=O)N1CC[C@H](F)C1,0
CC(N)CCCC(C)(C)O,0
COc1cccc(C(=O)CCN[C@@H](C)[C@H](O)c2ccccc2)c1,0
O=C(Nc1cncnc1)c1c(Cl)ccc2c(Nc3cccc(C(F)(F)F)c3)noc12,0
O=C1C[C@@](O)(C(=O)O)C[C@@H](O)[C@@H]1O,0
COc1cc(N)c(Cl)cc1C(=O)N[C@@H]1CCNC[C@@H]1OC,0
CC[C@@H]1C[C@]1(NC(=O)[C@@H]1C[C@@H](Oc2cc(-c3csc(NC(C)C)n3)nc3c(Cl)c(OCCN4CCOCC4)ccc23)CN1C(=O)[C@@H](NC(=O)OC1C[C@@H]2C[C@@H]2C1)C(C)(C)C)C(=O)O,0
N=C(N)c1ccc2nc(-c3cc(CCN)cc(-c4ccccc4)c3O)[nH]c2c1,0
CCOC(=O)N[C@H](Cc1ccccc1)C(=O)N1CCC[C@H]1C(=O)NNCCCCN,0
CC1=CC(=O)CC(C(C)C)C1,0
CC(C)C/C=C\C=C/C(=O)N[C@H](CC(N)=O)C(=O)N[C@@H]1C(=O)N[C@H](c2ccc(O)cc2)C(=O)N[C@H](CCCN)C(=O)N[C@H]([C@@H](C)O)C(=O)N[C@H](c2ccc(O)cc2)C(=O)N[C@H](c2ccc(O)cc2)C(=O)N[C@@H]([C@H](C)O)C(=O)N[C@H](Cc2ccccc2)C(=O)N[C@H](CCCN)C(=O)N[C@@H](c2ccc(O[C@@H]3O[C@H](CO)[C@@H](O)[C@H](O)[C@@H]3O[C@H]3O[C@H](CO)[C@@H](O)[C@H](O)[C@@H]3O)cc2)C(=O)N[C@H]([C@@H](C)O)C(=O)N[C@@H](c2ccc(O)cc2)C(=O)NCC(=O)N[C@@H](CC(C)C)C(=O)N[C@@H](C)C(=O)N[C@H](c2ccc(O)c(Cl)c2)C(=O)O[C@H]1C(N)=O,0
Cc1ccc(C(C)C)cc2c(C)ccc1-2,0
CC1CCC(NCc2ccc3c(c2)Cc2c(-c4ccc(C(=O)O)cc4)n[nH]c2-3)CC1,0
Cc1[nH]ncc1-c1ccc(CCN)cc1,0
CCCOc1ccc2c(c1)[C@@H](c1ccc(OC)cc1OCCO)[C@H](C(=O)O)[C@H]2c1ccc2c(c1)OCO2,0
Nc1ccn(C2CCC(CO)O2)c(=O)n1,1
CCCCCCCCC,1
C[C@]12C=CC(=O)C=C1CC[C@@H]1[C@@H]2CC[C@]2(C)OC(=O)CC[C@@H]12,0
CCCN(CCC)CCc1c[nH]c2cccc(O)c12,0
O=C1O[C@H]([C@@H](O)CO)C(=O)C1=O,0
Cc1coc2c1C(=O)C(=O)c1c-2ccc2c(C)cccc12,1
C=Cc1c2[nH]c(c1C)C=c1[nH]c(c(C)c1C=O)=Cc1[nH]c(c(CCC(=O)O)c1C)/C=c1\[nH]/c(c(C)c1CCC(=O)O)=C\2,0
OC(CN1CCC(Cc2ccc(F)cc2)CC1)c1ccc(Cl)cc1,0
Cc1ccc(COC(=O)N2CC[C@H](CNc3ncccn3)[C@H](F)C2)cc1,0
CCC(=O)O[C@]1(C(=O)CO)[C@@H](C)C[C@H]2[C@@H]3CCC4=CC(=O)C=C[C@]4(C)[C@@]3(Cl)[C@@H](O)C[C@@]21C,0
O=C1/C(=C/c2cc(Br)c(O)c(Br)c2O)Oc2cc(O)cc(O)c21,0
CC(=O)OCC(=O)[C@@]1(O)[C@H](OC(C)=O)C[C@H]2[C@@H]3CCC4=CC(=O)C=C[C@]4(C)[C@@]3(F)[C@@H](O)C[C@@]21C,0
CC(C)c1ccc(CNNC(=O)c2ccc(O)cc2)cc1,0
COCCOCCOC,0
CC(=O)O[C@@H]1C(=O)O[C@H]2[C@@H]1OC(=O)[C@@H]2OC(C)=O,0
O=[N+]([O-])c1ccc(CBr)cc1,1
CCC(c1ccccc1)c1noc(CCN(CC)CC)n1,0
CN(C)c1ccc(O)c2c1CC1CC3C(N(C)C)C(=O)C(C(N)=O)=C(O)C3(O)C(=O)C1=C2O,1
NC(N)=NCCCCC(=O)Nc1cc(C(F)(F)F)cc(NC(=O)c2cc(C(=O)Nc3cc(C(F)(F)F)cc(NC(=O)CCCCN=C(N)N)c3O[C@@H]3CCNC3)ncn2)c1O[C@@H]1CCNC1,0
C[Sn](C)(C)Cl,1
CCC#CC[C@H](C)[C@H](O)C#C[C@@H]1[C@H]2C/C(=C/COCC(=O)O)C[C@H]2C[C@H]1O,0
COc1ccc(S(=O)O)cc1,0
C[C@H](Sc1nc(N)cc(Cl)n1)c1cc2ccoc2cn1,0
O=[N+]([O-])OCC(CO[N+](=O)[O-])(CO[N+](=O)[O-])CO[N+](=O)[O-],0
CCCCCCCCCCCC[N+](C)(C)Cc1ccccc1,0
O=C1c2ccccc2N=C2N(c3ccccc3)CC[C@@]12O,0
CC(C)=CC(O)CC(C)=CCOc1c2ccoc2cc2oc(=O)ccc12,1
Cl[Ce](Cl)Cl,1
OCC1OC(OCC2OC(OC3C(CO)OC(O)C(O)C3O)C(O)C(O)C2OC2OC(CO)C(O)C(O)C2O)C(O)C(O)C1O,1
C=CC(=O)N1CCC(C2CCNc3c(C(N)=O)c(-c4ccc(Oc5ccccc5)cc4)nn32)CC1,1
CCN(CC)CCOC(=O)[C@@H](Cc1cccc2ccccc12)C[C@@H]1CCCO1,1
C[C@H](N)C(=O)CCCCCC(=O)O,0
C[C@]12CCC[N@+]([O-])(CC(=O)Nc3ccc(NC(=O)CCCC(=O)O)cc3)[C@@H]1CC[C@@]1(C)O[C@@H]21,0
CC[C@@H](CO)NC(=O)Cc1c(C)n(C(=O)c2ccc(Cl)cc2)c2ccc(OC)cc12,0
COC(=O)[C@H](c1ccccc1)[C@H]1CCCCN1C(=O)OC[n+]1cccc(C(=O)N[C@@H](CO)C(=O)[O-])c1,0
CC(=O)Nc1c(I)cc(I)c(C(=O)O)c1I,0
C=C1/C(=C\C=C2/CCC[C@]3(C)[C@@H]([C@@H](C)OCCCC(O)(CC)CC)CC[C@@H]23)C[C@@H](O)C[C@@H]1O,0
Nc1nc2c(ncn2C2OC(COP(=O)(O)OP(=O)(O)OP(=O)(O)O)C(O)C2O)c(=O)[nH]1,1
Nc1nc(F)nc2c1ncn2C1OC(CO)C(O)C1O,0
OCC(O)C(O)C(OC1OC(CO)C(O)C(O)C1O)C(O)CO,0
Cc1ccc(C(C)C)cc1,1
O=C(O)COc1ccc(Cl)cc1Cl,1
C/C=C/C=O,0
CC(=O)Nc1c(Br)cc(Br)cc1CN(C)C12CC3CC(CC(C3)C1)C2,0
Oc1cc(O)c2c(c1)OC(c1ccc(O)c(O)c1)C(O)C2c1c(O)cc(O)c2c1OC(c1ccc(O)c(O)c1)C(O)C2,1
N#C/C(C(=O)Nc1ccc(-c2ccccc2)cc1)=C(/O)C1CC1,0
O=P(O)(O)C(F)(F)c1ccc2ccc(C(F)(F)P(=O)(O)O)cc2c1,0
C=C(C)[C@@H]1CC[C@]2(C(=O)O)CC[C@]3(C)[C@H](CC[C@@H]4[C@@]5(C)CC[C@H](OC(=O)CC(C)(C)C(=O)O)C(C)(C)[C@@H]5CC[C@]43C)[C@@H]12,0
COc1cc(CC2c3c(cc(OC)c(OC)c3OC)CC[N+]2(C)CCCOC(=O)CCC(=O)OCCC[N+]2(C)CCc3cc(OC)c(OC)c(OC)c3C2Cc2cc(OC)c(OC)c(OC)c2)cc(OC)c1OC,0
Ic1cccc(CNc2c3c(nc4ccccc24)CCCC3)c1,0
COc1ccc2nc(NC(=O)CCC(=O)c3ccccc3)sc2c1,0
CN[C@H]1C[C@H](C)S(=O)(=O)c2sc(S(N)(=O)=O)cc21,0
O=C1c2ccccc2N(C(=O)CN2CCOCC2)CN1c1ccccc1,0
O=C=NCCCCCCN=C=O,1
CC(=O)NBr,1
Nc1c2c(nc3ccccc13)CCCC2,1
CCCCCCO[C@@H]1O[C@H](CO)[C@H](O)[C@H](O)[C@H]1O,0
Cc1c(CC(N)=O)c2cc(OCCCP(=O)(O)O)ccc2n1Cc1ccccc1,0
CC(C)(CO)[C@@H](O)C(=O)NCCC(=O)NCCSSCCNC(=O)CCNC(=O)[C@H](O)C(C)(C)CO,0
O=C(O)CCC(=O)N[C@@H](C(=O)O)c1ccccc1,0
CC(C)(N)C(=O)N[C@H](COCc1ccccc1)C(=O)N1CCC2(CC1)CN(S(C)(=O)=O)c1ccccc12,1
NC(=NCC[C@H](N)C(=O)O)NO,0
OC1CCC([C@H](O)C[C@H]2c3c(F)cccc3-c3cncn32)CC1,0
COc1cc(C)c(C(=O)Oc2cc(C)c(C(=O)O)c(O)c2)c(O)c1,1
C=C[C@]1(C)C[C@@H](OC(=O)CS[C@@H]2CC[C@@H](N)C[C@H]2O)[C@]2(C)[C@H](C)CC[C@]3(CCC(=O)[C@H]32)[C@@H](C)[C@@H]1O,0
Nc1cccc(B(O)O)c1,0
CCS(=O)(=O)c1ccc2oc(-c3ccc4ccccc4c3)nc2c1,0
C[C@H]1COc2c(N3CCN(C)CC3)c(F)cc3c(=O)c(C(=O)O)cn1c23,0
CC(C)=CCC/C(C)=C/CC/C(C)=C/CC/C=C(\C)CC/C=C(\C)CCCN(C)C,0
NS(=O)(=O)c1cc2c(cc1Cl)NC=NS2(=O)=O,1
C[C@@H](C(=O)N1CCOCC1)N1CC[C@H](NS(=O)(=O)/C=C/c2ccc(Cl)s2)C1=O,0
CC(C)CCCCCCCOC(=O)c1ccccc1C(=O)OCCCCCCCC(C)C,1
C[C@]12CC[C@@H]3c4ccc(O)cc4CC[C@H]3[C@@H]1C[C@@H](F)[C@@H]2O,0
CS(=O)(=O)c1ccc([C@@H](O)[C@@H](CF)NC(=O)C(Cl)Cl)cc1,0
NC(=O)C(Cc1ccc(N=C(N)N)cc1)NC(=O)CSc1ccc(Cl)cc1,0
C=C1/C(=C\C=C2/CCC[C@]3(C)[C@@H]([C@H](C)CC[C@@H](O)C(C)C)CC[C@@H]23)C[C@@H](O)C[C@@H]1O,0
CCCN1CCCC[C@H]1C(=O)Nc1c(C)cccc1C,0
C=C[C@@H]1C[C@]1(NC(=O)[C@@H]1C[C@@H]2CN1C(=O)[C@H](C1CCCC1)NC(=O)O[C@@H]1CCC[C@H]1CCCCCn1c(nc3cc(OC)ccc3c1=O)O2)C(=O)NS(=O)(=O)C1(C)CC1,0
COc1cc(O)c2c(=O)cc(-c3ccc(O)cc3)oc2c1C1CC(O)C(O)C(C)O1,1
CC12CCC(CC1)C2(C)C,0
CCCCOc1ccc(/N=N/c2ccc(N)nc2N)cn1,0
COCCOCCOCCOCCOC,0
N[C@@H](CSCP(=O)(O)O)C(=O)O,0
CCOC(=O)[C@H](C)NP(=O)(COCCn1cnc2c(NC3CC3)nc(N)nc21)N[C@@H](C)C(=O)OCC,0
CNC(=O)c1cccc(-c2ccc3c(N4CCOC[C@@H]4C)nc(N4CCOC[C@@H]4C)nc3n2)c1,0
O=C(CNC(=O)c1cccc(C(F)(F)F)c1)NC1CN(C2CCC(O)(c3cncs3)CC2)C1,0
CC(C)(C)c1ccccc1OP(=O)(Oc1ccccc1)Oc1ccccc1,1
Cc1ncc(COP(=O)(O)O)c(CN[C@@H](CCC(=O)O)C(=O)O)c1O,0
O=C(O)C1OC(Oc2cc3oc(-c4ccccc4)cc(=O)c3c(O)c2O)C(O)C(O)C1O,1
CN(C)CCCN,1
CCN[C@@H]1C[C@H](N)[C@@H](O[C@H]2OC(CN)=CC[C@H]2N)[C@H](O)[C@H]1O[C@H]1OC[C@](C)(O)[C@H](NC)[C@H]1O,0
CC(C)C[C@@H]1CN(S(=O)(=O)c2cc3cc(Cl)ccc3[nH]2)CCN1C(=O)c1ncc(-c2ccncc2)cn1,0
COc1cc2ncn(-c3cc(O[C@H](C)c4ccccc4Cl)c(C(N)=O)s3)c2cc1OC,0
COc1cc(N=Nc2ccccc2C(=O)O)cc(OC)c1O,0
O=C(CN1CCOCC1)Nc1ccc(OC2CCN(C3CCC3)CC2)cc1,0
CCCCCCCCCCCC(=O)OCN1C(=O)CCc2ccc(OCCCCN3CCN(c4cccc(Cl)c4Cl)CC3)cc21,1
C[C@]12CC[C@@H]3c4ccc(O)cc4CC[C@H]3[C@@H]1CC[C@@H]2O[C@@H]1O[C@H](C(=O)O)[C@@H](O)[C@H](O)[C@H]1O,1
Cc1cc(-n2ncc(=O)[nH]c2=O)cc(C)c1Oc1ccc(O)c(C(C)C)c1,0
CCCCCCCCC=CCCCCCCCC(=O)O,0
C/C=C(C(=C/C)/c1ccc(OC(C)=O)cc1)\c1ccc(OC(C)=O)cc1,0
C[C@@H]1O[C@@H]1P(=O)(O)O,0
CN1[C@@H]2CC[C@H]1CC(OC(=O)[C@H](O)c1ccccc1)C2,0
CCCC[C@H](CNNC[C@H](CCCC)C(=O)N[C@@H](CCCCN)C(=O)Nc1ccccc1)C(=O)N[C@@H](CCCCN)C(=O)Nc1ccccc1,0
[Tl],1
OCC1OC(S)C(O)C(O)C1O,1
CCC(=O)O[C@]1(C(=O)CCl)[C@@H](C)C[C@H]2[C@@H]3C[C@H](F)C4=CC(=O)C=C[C@]4(C)[C@@]3(F)[C@@H](O)C[C@@]21C,0
NCCC(=O)O,0
CCC(COCCOc1c(I)cc(I)c(NC(C)=O)c1I)C(=O)O,0
CCCc1c(SC2CCCCC2)c2cc(Cl)ccc2[nH]c1=O,0
CC(=O)N(C)c1cccc(-c2ccnc3c(C(=O)c4cccs4)cnn23)c1,0
O=S(=O)(c1cccc2c(I)cccc12)N1CCCNCC1,1
C[C@]12C[C@H](O)[C@H]3[C@@H](CCC4=CC(=O)CC[C@@]43C)[C@@H]1CC[C@@H]2C(=O)CO,0
CCCCCCCCCCC(=O)O[C@H]1CC[C@H]2[C@@H]3CCC4=CC(=O)CC[C@]4(C)[C@H]3CC[C@]12C,0
CC(C)OC(=O)C(C)(C)Oc1ccc(C(=O)c2ccc(Cl)cc2)cc1,1
OC(CCN1CCCCC1)(c1ccccc1)C1CCCCC1,0
C=C1CO[C@H]([C@@](NC(=O)[C@@H](C(=O)O)c2ccc(O)cc2)(OC)C(=O)O)N=C1C(=O)O,0
CC(C)OC(=O)C(C)NP(=O)(COC(C)Cn1cnc2c(N)ncnc21)Oc1ccccc1,1
O=C1Nc2ccccc2C1=Nc1ccc(O)cc1,0
O=c1[nH]sc2cc(Cl)ccc12,0
O=P(O)(O)OC1[C@H](O)[C@H](OP(=O)(O)O)C(OP(=O)(O)O)[C@H](OP(=O)(O)O)[C@H]1O,0
CCN1CCCC(OC(=O)C(c2ccccc2)c2ccccc2)C1,0
CCOC(=O)C(CCNC(=O)OC(C)(C)C)(Cc1ccc(NS(=O)(=O)O)cc1)C(=O)OCC,0
NS(=O)(=O)c1cc2c(cc1C(F)(F)F)N=CNS2(=O)=O,0
Cc1cc2c(s1)Nc1ccccc1N=C2N1CCN(C)CC1,1
N#Cc1ccc(NC(=S)/N=C(\N)Cc2c(Cl)cccc2Cl)cc1,0
CCOC(=O)N1CCC(Nc2cc(Cl)ccn2)CC1,0
O=C(O)CCCCCCCC(=O)O,0
CCC(CCC(C)C1CCC2C3=CCC4CC(O)CCC4(C)C3CCC21C)C(C)C,1
C[N+](C)(C)CCS,0
O=C(C=Cc1ccc(O)c2c1C(C(=O)OC(Cc1ccc(O)c(O)c1)C(=O)O)C(c1ccc(O)c(O)c1)O2)OC(Cc1ccc(O)c(O)c1)C(=O)O,1
CCC1(CC)C(=O)NC(=O)NC1=O,0
O=C1CN(/N=C/c2ccc([N+](=O)[O-])o2)C(=O)N1,1
CN1CCN(C2Cc3ccccc3Sc3ccc(Cl)cc32)CC1,0
COc1cc(CC(C)N)c(OC)cc1Br,0
CCC(C)C1NC(=O)C(Cc2ccc(O)cc2)NC(=O)C(N)CSSCC(C(=O)N2CCCC2C(=O)NC(CC(C)C)C(=O)NCC(N)=O)NC(=O)C(CC(N)=O)NC(=O)C(C(C)O)NC1=O,0
CC(C)CCC[C@@H](C)[C@H]1CC[C@H]2[C@@H]3CC=C4C[C@@H](O)CC[C@]4(C[131I])[C@H]3CC[C@]12C,0
NC(N)=NC[C@H](OC(=O)c1cccnc1)c1ccc(B2OC[C@@H](CO)O2)cc1,0
COc1ccc(-c2oc3c(CC=C(C)C)c(O)cc(O)c3c(=O)c2OC2OC(C)C(O)C(O)C2O)cc1,1
O=c1ccn([C@@H]2O[C@H](COP(=O)(O)OP(=O)(O)O[C@H]3OC[C@@H](O)[C@H](O)[C@H]3O)[C@@H](O)[C@H]2O)c(=O)[nH]1,0
CCC(CC)(CNC(=O)CCCO)c1cccc(OC)c1,0
CC(=O)N[C@@H]([C@@H](O)[C@H](O)[C@H](O)CO)[C@@H](O)CC(=O)C(=O)O,0
CC(C)[C@H](NS(=O)(=O)c1ccc2c(c1)sc1ccccc12)C(=O)O,0
CN[C@@H]1[C@@H](O)[C@@H](O[C@@H]2[C@@H](O)[C@H](O[C@H]3O[C@H]([C@@H](C)O)[C@@H](O)[C@H](O)[C@H]3N)[C@@H](N)C[C@H]2N)OC[C@]1(C)O,0
C=CCc1c(-c2cccc(NS(=O)(=O)c3cccs3)c2)oc(=O)c2cc(F)ccc12,0
Cn1c(=O)c(-c2c(Cl)cccc2Cl)cc2cnc(Nc3cccc(CO)c3)nc21,0
O=C(O)Cc1ccc(O)c([N+](=O)[O-])c1,0
Cc1ccc2nc(NC(=S)NC(=O)c3ccccc3)sc2c1,0
CC(C)C1OC(=O)[C@H](C(C)C)N(C)C(=O)C(C(C)C)OC(=O)[C@H](C(C)C)N(C)C(=O)C(C(C)C)OC(=O)[C@H](C(C)C)N(C)C1=O,0
CC(=O)Oc1ccc2c(c1)CC[C@@H]1[C@@H]2CC[C@]2(C)[C@@H](O)CC[C@@H]12,0
O=C(O)c1cc([N+](=O)[O-])ccc1NCCCc1ccccc1,1
COc1ccc(-n2nnnc2C(F)(F)F)cc1CN[C@H]1CCCN[C@H]1c1ccccc1,0
CC1=C(/C=C/C(C)=C/C=C(C(/C)=C\C(=O)O)\c2cccc(C(=O)O)c2)C(C)(C)CCC1,0
OP(O)O,1
Nc1cccc2c(N)cccc12,1
COc1ccc2c(c1)C(O)(CCCN(C)C)c1ccccc1S2,0
CNCC(O)c1cccc(NS(C)(=O)=O)c1,0
COc1ccc(NC(=O)Nc2ccc(F)cc2F)cc1-c1c(Br)cnn1C,0
C[C@H](N=Cc1ccc(OCc2cccc(F)c2)cc1)C(N)=O,0
Cn1c(=O)c2c(nc3n2CCCN3Cc2ccccc2Br)n(C)c1=O,1
O=NC(=O)CNS(=O)(=O)c1ccc(-c2ccccc2)cc1,0
OC[C@H]1O[C@@H](S[C@@H]2O[C@H](CO)[C@H](O)[C@H](O)[C@H]2O)[C@H](O)[C@@H](O)[C@H]1O,0
CCCCOCCO,1
CCCC[C@@H](C=O)NC(=O)OC1(Cc2ccccc2)CCCC1,0
Cc1nc(C(Cc2ccccc2)(Cc2ccc(NS(=O)(=O)O)cc2)c2noc(C)n2)no1,0
CC(C)C[C@H](NP(=O)(O)O[C@@H]1O[C@@H](C)[C@H](O)[C@@H](O)[C@H]1O)C(=O)N[C@@H](Cc1c[nH]c2ccccc12)C(=O)O,0
CCOC(=O)N1CCN(C(=O)[C@H](Cc2cccc(/C(N)=N\O)c2)NS(=O)(=O)c2c(C(C)C)cc(C(C)C)cc2C(C)C)CC1,0
c1ccc2cc3c(cc2c1)-c1cccc2cccc-3c12,1
O=[N+]([O-])c1ccc(O[C@@H]2O[C@@H](CO)[C@H](O)[C@H]2O)cc1,0
CN1CCc2c(c3ccccc3n2Cc2ccccc2)C1,0
O=c1[nH]c(Cl)c(CCCCOP(=O)(O)O)c(=O)[nH]1,0
O=C(O)C(=O)Nc1cccc(-c2nnn[nH]2)c1,0
C=C(C)C(=O)OCCO,1
CCCCC1C(=O)NC(=O)N(C2CCCCC2)C1=O,0
COc1ccc(SCC(=S)N2CCc3c(sc4c3C(c3ccccc3Cl)=NCc3nnc(C)n3-4)C2)cc1OC,1
CC[C@H]1C(=O)Nc2ccc(F)cc2N1C(=O)OC(C)C,0
CC(C)[N+]1(C)[C@@H]2CC[C@H]1C[C@@H](OC(=O)C(CO)c1ccccc1)C2,0
CN1CC[C@]23c4c5ccc(O)c4O[C@@]2(C)C(=O)CC[C@H]3[C@H]1C5,0
CCCCCCCCCCCC(=O)Cl,0
COC(=O)c1c(O)cccc1OC/C=C/c1ccc(F)c(-c2cc(C(=O)O)no2)c1,0
CC(C)[C@H](NC(=O)[C@H](CC(=O)O)NC(=O)[C@H](CCCCN)NC(=O)[C@@H](N)CCCNC(=N)N)C(=O)N[C@@H](Cc1ccc(O)cc1)C(=O)O,0
COc1ccc(/C=C/C(=O)OCCC(C)C)cc1,0
CCCCC[C@H](O)/C=C/[C@H]1C(=O)C[C@H](O)[C@@H]1C/C=C\CCCC(=O)O,0
Cc1cc2c(F)c(Oc3ncnn4cc(OC[C@@H](C)O)c(C)c34)ccc2[nH]1,0
CCCCC[C@](C)(O)/C=C/[C@@H]1[C@@H](C/C=C\CCCC(=O)O)[C@@H](O)C[C@H]1O,0
C[C@H](O)[C@H](O)[C@@H](O)[C@@H](O)C=O,0
O=C(N[C@@H]1CNCCC[C@H]1OC(=O)c1ccc(C(=O)c2ccccc2O)cc1)c1ccc(O)cc1,0
COC[C@H]1OC(=O)c2coc3c2[C@@]1(C)C1=C(C3=O)[C@@H]2CCC(=O)[C@@]2(C)C[C@H]1OC(C)=O,0
Cc1c(F)c(Oc2cccc(C(=N)N)c2)nc(Oc2cccc(C(=N)N)c2)c1F,0
CCCCCCC(=O)O[C@H]1CC[C@H]2[C@@H]3CCC4=CC(=NNC(=O)C(O)(c5ccccc5)c5ccccc5)CC[C@]4(C)[C@H]3CC[C@]12C,0
CC(=O)NCCc1ccc(S(N)(=O)=O)cc1,0
N#Cc1ccc2cccc(OP(=O)(O)O)c2n1,0
C/C(O)=C(\C#N)C(=O)Nc1cc(OC(C)C)c(-c2cccc(C(F)(F)F)c2)cc1F,1
CC(=O)N[C@@H]1[C@H](Oc2c3cc4cc2Oc2ccc(cc2Cl)[C@@H](O[C@@H]2O[C@@H](CO)[C@@H](O)[C@H](O)[C@@H]2NC(C)=O)[C@@H]2NC(=O)[C@H](NC(=O)[C@@H]4NC(=O)[C@H]4NC(=O)[C@@H](Cc5ccc(c(Cl)c5)O3)NC(=O)[C@H](N)c3ccc(O)c(c3)Oc3cc(O)cc4c3)c3ccc(O)c(c3)-c3c(O[C@H]4O[C@H](CO)[C@@H](O)[C@@H](O)[C@@H]4O)cc(O)cc3[C@@H](C(=O)O)NC2=O)O[C@@H](CO)[C@@H](O)[C@@H]1O,1
CC1(C)CCC(C)(C)c2cc([C@@H](O)C(=O)Nc3ccc(C(=O)O)cc3F)ccc21,0
CC(c1ccccc1)c1ccc(O)cc1O,0
CCCCN(CCN(CC)CC)C(=O)c1cccc2ccccc12,0
O=C(NCc1ccccn1)c1ccc(Oc2ccccc2)cc1,0
Nc1ncnc2c1ncn2C1OC2COP(O)(=S)OC2C1O,1
C/C=C/C(=O)O,0
CC1CN2CC(=O)Nc3ccc(Cl)cc3C2(c2ccccc2)O1,0
CC(=O)N1c2cccc(O)c2NC2=C(C(=O)CC(C)(C)C2)[C@@H]1c1ccc(Cl)cc1Cl,0
CCC(=O)N(c1ccccc1)C1CCN(CC(C)c2ccccc2)CC1,0
CCC(=O)O[C@]1(C(=O)COC(C)=O)CC[C@H]2[C@@H]3CCC4=CC(=O)CC[C@]4(C)[C@H]3[C@@H](O)C[C@@]21C,0
CCOC(=O)C(C)CC(Cc1ccc(-c2ccccc2)cc1)NC(=O)CCC(=O)O,1
Cc1ccccc1OP1(=O)OCc2ccccc2O1,1
Cc1cc(CCCCCCCOc2ccc(C3=N[C@@H](C)CO3)cc2Cl)on1,0
CC(O)CCC(=O)c1ccoc1,1
O=C(O)[C@H](O)[C@@H](O)[C@H](O)[C@H](O)CO,0
COCC(=O)O,1
CCCOc1ccccc1-c1nc2n[nH]nc2c(=O)[nH]1,1
COc1cc(Cc2cnc(N)nc2N)c2c(c1OC)O[C@@H](C1CC1)C=C2,0
C/C=c1/c(C)c2[nH]/c1=C\c1[nH]c(c(CCC(=O)O)c1C)/C=c1\[nH]/c(c(C)c1CCC(=O)O)=C\c1[nH]c(/c(=C/C)c1C)=C\2,0
C=C(C)C1CCC(C)=CC1c1c(C)cc(O)cc1O,1
CN1CCN(NC(=S)Nc2ccc(S(N)(=O)=O)cc2)CC1,0
CSCO[C@H]1C[C@H]2OC[C@@]2(OC(C)=O)[C@H]2[C@H](OC(=O)c3ccccc3)[C@]3(O)C[C@H](OC(=O)[C@H](O)[C@@H](NC(=O)c4ccccc4)c4ccccc4)C(C)=C([C@@H](OC(C)=O)C(=O)[C@]12C)C3(C)C,0
ClC1(Cl)C2(Cl)C3C4(Cl)C1(Cl)C1(Cl)C4(Cl)C(Cl)(Cl)C3(Cl)C21Cl,1
COCCO[C@@H]1[C@H](O)[C@@H](COP(O)(=S)O[C@H]2[C@@H](OCCOC)[C@H](n3cc(C)c(N)nc3=O)O[C@@H]2COP(=O)(S)O[C@H]2[C@@H](OCCOC)[C@H](n3cnc4c(N)ncnc43)O[C@@H]2COP(O)(=S)O[C@H]2[C@@H](OCCOC)[C@H](n3cc(C)c(N)nc3=O)O[C@@H]2COP(O)(=S)O[C@H]2[C@@H](OCCOC)[C@H](n3cnc4c(=O)[nH]c(N)nc43)O[C@@H]2COP(O)(=S)O[C@H]2C[C@H](n3cc(C)c(N)nc3=O)O[C@@H]2COP(O)(=S)O[C@H]2C[C@H](n3cc(C)c(=O)[nH]c3=O)O[C@@H]2COP(O)(=S)O[C@H]2C[C@H](n3cc(C)c(=O)[nH]c3=O)O[C@@H]2COP(O)(=S)O[C@H]2C[C@H](n3cc(C)c(N)nc3=O)O[C@@H]2COP(O)(=S)O[C@H]2C[C@H](n3cnc4c(=O)[nH]c(N)nc43)O[C@@H]2COP(O)(=S)O[C@H]2C[C@H](n3cc(C)c(=O)[nH]c3=O)O[C@@H]2COP(O)(=S)O[C@H]2C[C@H](n3cc(C)c(N)nc3=O)O[C@@H]2COP(O)(=S)O[C@H]2C[C@H](n3cc(C)c(=O)[nH]c3=O)O[C@@H]2COP(O)(=S)O[C@H]2C[C@H](n3cnc4c(=O)[nH]c(N)nc43)O[C@@H]2COP(O)(=S)O[C@H]2C[C@H](n3cnc4c(N)ncnc43)O[C@@H]2COP(O)(=S)O[C@H]2[C@@H](OCCOC)[C@H](n3cc(C)c(N)nc3=O)O[C@@H]2COP(O)(=S)O[C@H]2[C@@H](OCCOC)[C@H](n3cc(C)c(=O)[nH]c3=O)O[C@@H]2COP(O)(=S)O[C@H]2[C@@H](OCCOC)[C@H](n3cc(C)c(N)nc3=O)O[C@@H]2COP(O)(=S)O[C@H]2[C@@H](OCCOC)[C@H](n3cc(C)c(N)nc3=O)O[C@@H]2COP(O)(=S)O[C@H]2[C@@H](OCCOC)[C@H](n3cnc4c(=O)[nH]c(N)nc43)O[C@@H]2CO)O[C@H]1n1cc(C)c(N)nc1=O,0
CCOC(=O)c1c(/C(C#N)=C\N)c2ccc(Cl)c(Cl)c2n1C,0
Cc1cc(Nc2nc(N[C@@H](C)c3ncc(F)cn3)ncc2Cl)n[nH]1,0
N[C@@H](CC(=O)OP(=O)(O)O)C(=O)O,0
OCCCCCCO,0
C[C@@H](O)[C@@H](N)C(=O)O,0
O=C(Nc1ccc(Cl)c(COc2cccnc2)c1)C1=C[C@H](F)C[C@@H](N2CCOCC2)C1,0
S=C(SSC(=S)N1CCCCC1)N1CCCCC1,0
CCCN1CCO[C@@H]2c3cc(O)ccc3CC[C@H]21,1
CC(C)CC1Nc2cc(Cl)c(S(N)(=O)=O)cc2S(=O)(=O)N1,0
Cc1ccc(S(=O)(=O)N(C)c2ccnn2-c2ccccc2)cc1,0
O=C1N(Cc2ccccc2)C2C[S+]3CCCC3C2N1Cc1ccccc1,0
CCOC(=O)COc1ccc2c(C)c(CCN(CC)CC)c(=O)oc2c1Cl,0
N#CC(c1ccc(F)cc1)c1c(Cl)cc(-n2ncc(=O)[nH]c2=O)cc1Cl,0
CC(C)C[C@H](NC(=O)c1ccco1)C(=O)O,0
O=C(NCCNC(=O)c1ccc(Cl)s1)c1ccc(-n2ccccc2=O)cc1,0
COC(=O)C1(C)CCC2(C(=O)O)CCC3(C)C(=CCC4C5(C)CC(O)C(OC6OCC(OC7OC(CO)C(O)C(O)C7O)C(O)C6O)C(C)(CO)C5CCC43C)C2C1,1
Cc1ccccc1C,1
CC(=Cc1ccc(C(=O)O)cc1)c1ccc2c(c1)C(C)(C)CCC2(C)C,1
CCC(CC)COC(=O)C(C)NP(=O)(OCC1OC(C#N)(c2ccc3c(N)ncnn23)C(O)C1O)Oc1ccccc1,1
O=C(NO)N[C@H](Cc1ccccc1)C(=O)O,0
CC(=O)N1CCN(c2ccc(OCC3COC(Cn4ccnc4)(c4ccc(Cl)cc4Cl)O3)cc2)CC1,1
CN=C(N)NCCCC(N)C(=O)O,1
Cc1nc(NC(=O)N2CCCC2C(N)=O)sc1-c1ccnc(C(C)(C)C(F)(F)F)c1,1
O=[N+]([O-])c1ccc(-c2ccccc2)cc1,0
CCC(O)(COC(N)=O)c1ccccc1,0
CCC(C)C(NC(=O)C(CC(C)C)NC(=O)C(Cc1c[nH]c2ccccc12)NC(=O)C(CCC(N)=O)NC(=O)C(NC(=O)C(Cc1ccccc1)NC(=O)C(C)NC(=O)C(CCCCNC(=O)COCCOCCNC(=O)COCCOCCNC(=O)CCC(NC(=O)CCCCCCCCCCCCCCCCCCC(=O)O)C(=O)O)NC(=O)C(CCC(N)=O)NC(=O)C(C)NC(=O)C(NC(=O)C(CCCCN)NC(=O)C(CC(=O)O)NC(=O)C(CC(C)C)NC(=O)C(C)(C)NC(=O)C(NC(=O)C(CO)NC(=O)C(Cc1ccc(O)cc1)NC(=O)C(CC(=O)O)NC(=O)C(CO)NC(=O)C(NC(=O)C(Cc1ccccc1)NC(=O)C(NC(=O)CNC(=O)C(CCC(=O)O)NC(=O)C(C)(C)NC(=O)C(N)Cc1ccc(O)cc1)C(C)O)C(C)O)C(C)CC)C(C)CC)C(C)C)C(=O)NC(C)C(=O)NCC(=O)NCC(=O)N1CCCC1C(=O)NC(CO)C(=O)NC(CO)C(=O)NCC(=O)NC(C)C(=O)N1CCCC1C(=O)N1CCCC1C(=O)N1CCCC1C(=O)NC(CO)C(N)=O,1
C[C@@H](NC(=O)[C@H](Cc1ccccc1)NC(=O)OCc1ccccc1)C(=O)CCO,0
CC(CS)C(=O)N1CCCC1C(=O)O,1
CC(=O)O[C@@H]1C[C@@H]2CC[C@@]1(C)C2(C)C,0
c1cnc2c(c1)ccc1ncccc12,1
COc1cc2c(=O)c(-c3ccc(O)cc3)coc2cc1O,1
O=C(O)Cc1csc(-c2ccc(Cl)cc2)n1,1
COc1cc2c(cc1OC)[C@@H](Cc1cc(OC)c(OC)c(OC)c1)[N+](C)(CCCOC(=O)CC/C=C/CCC(=O)OCCC[N+]1(C)CCc3cc(OC)c(OC)cc3[C@H]1Cc1cc(OC)c(OC)c(OC)c1)CC2,0
CC[C@@H](C(=O)[C@@H](C)[C@@H](O)[C@H](C)[C@@H]1O[C@@H]([C@@H](CC)C(=O)O)CC[C@@H]1C)[C@H]1O[C@]2(C=C[C@@H](O)[C@]3(CC[C@@](C)([C@H]4CC[C@](O)(CC)[C@H](C)O4)O3)O2)[C@H](C)C[C@@H]1C,0
C[C@H](O)[C@H](O)[C@H]1CNc2nc(N)nc(N)c2N1,0
CC(C)N(CCC(C(N)=O)(c1ccccc1)c1ccccn1)C(C)C,1
O=P(O)(O)C(NC1CCCCCC1)P(=O)(O)O,0
Cc1cc(O)cc2c1OC(C)(CCCC(C)CCCC(C)CCCC(C)C)CC2,1
O=P(O)(O)O[C@H]1O[C@H](CO)[C@H](O)[C@H](O)[C@H]1O,0
O=C1c2c(c3c4ccc(O)cc4n([C@@H]4O[C@H](CO)[C@@H](O)[C@H](O)[C@H]4O)c3c3[nH]c4cc(O)ccc4c23)C(=O)N1NC(CO)CO,0
CN1CCN(C2=Nc3cc(F)ccc3Cc3ccccc32)CC1,1
CCN(CC)CC(CN(CC)CC)C(c1ccccc1)C1CCCCC1,0
Nc1nc2c(ncn2[C@@H]2O[C@H](CO)[C@@H](O)[C@H]2OP(=O)(O)O)c(=O)[nH]1,0
COc1cc2nc(N3CCN(C(=O)C4COc5ccccc5O4)CC3)nc(N)c2cc1OC,1
O[Si]1(O)O[Si](O)(O)O[Si](O)(O)O1,0
CC(=O)N[C@H]1[C@H]([C@H](O)[C@H](O)CO)OC(C(=O)O)=C[C@@H]1N=C(N)N,0
C[C@H]1O[C@H](O)[C@H](O)C[C@H]1O,0
CC1C=CC(=O)O1,1
C[C@H](C1=c2cc(NC(N)=O)ccc2=NC1=O)c1ccc[nH]1,0
O=c1cc(-c2ccccc2)oc2c(O)c(O)cc(O)c12,1
CCCCC/C=C\C/C=C\CCCCCCCC(=O)O[C@H](COC(=O)CCCCCCCCCCCCCCC)COP(=O)([O-])OCC[N+](C)(C)C,0
CCCCCC/C=C\CCCC(=O)O[C@H](CCCCCCC)CCO[C@@H]1[C@@H](NC(=O)CC(=O)CCCCCCCCCCC)[C@H](OC[C@H]2O[C@H](OP(=O)(O)O)[C@H](NC(=O)CC(=O)CCCCCCCCCCC)[C@@H](OCC[C@H](O)CCCCCCC)[C@@H]2O)O[C@H](COC)[C@H]1OP(=O)(O)O,0
O=C(O)CCC=CCCC1C(OCc2ccc(-c3ccccc3)cc2)CC(=O)C1N1CCOCC1,1
C[C@]12CC[C@H]3[C@@H](CC=C4C=C(C(=O)O)CC[C@@]43C)[C@@H]1CC[C@@H]2C(=O)c1ccc(O)cc1,0
CCCCC1(CN2CCN(C)CC2)C(=O)N(c2ccccc2)N(c2ccccc2)C1=O,0
CCCN(CCC)c1c([N+](=O)[O-])cc(S(N)(=O)=O)cc1[N+](=O)[O-],1
CCOC(=O)C1=C(C)NC2=C(C(=O)CCC2)C1c1cc(C(C)CC)c2oc(=O)c(C(=O)OC)cc2c1,0
CON=C(C(=O)NC1C(=O)N2C(C(=O)O)=C(C[N+]3(C)CCCC3)CSC12)c1csc(N)n1,1
CCNC(=O)c1[nH]nc(-c2cc(Cl)c(O)cc2O)c1-c1ccc(OC)cc1,0
CC(=O)[C@H]1CC[C@H]2[C@@H]3CC[C@H]4C[C@H](O)CC[C@]4(C)[C@H]3CC[C@]12C,0
COc1cc(C(=O)c2c(C)oc3c(OP(=O)(O)O)c(OC)ccc23)cc(OC)c1OC,0
CCC=CC=CC=CC=CCCC(O)CCCCCCC(=O)O,1
CC=C1CC(C)C(O)(CO)C(=O)OCC2=CCN3CCC(OC1=O)C23,1
NS(=O)(=O)c1cc2c(cc1Cl)N=C(CSCc1ccccc1)NS2(=O)=O,0
O=c1[nH][nH]c(=O)c2cc(-n3nc(/C=C/c4ccccc4)n[n+]3-c3nc4ccccc4s3)ccc12,0
COCCOC(=O)C1=C(C)NC(C)=C(C(=O)OCC=Cc2ccccc2)C1c1cccc([N+](=O)[O-])c1,1
O=Nc1c(-c2c(O)[nH]c3cc(Br)ccc23)[nH]c2ccccc12,0
Nc1ncnc2c1c(I)cn2[C@@H]1O[C@H](CO)[C@@H](O)[C@H]1O,0
CNC(=O)Oc1cccc2ccccc12,1
C[N+]1(C)CCCCC1COC(=O)C(O)(c1ccccc1)c1ccccc1,0
Clc1ccc(C(Cn2ccnc2)OCc2csc3c(Cl)cccc23)c(Cl)c1,0
O=c1[nH]c(=O)[nH]c(=O)[nH]1,1
CCCC(CC)C1(CC)C(=O)NC(=O)NC1=O,0
CCOP(=S)(OCC)OP(=S)(OCC)OCC,0
Cc1ccnc(N)c1,0
CC[C@H]1CN2CC[C@H]1C[C@H]2[C@H](O)c1ccnc2ccc(OC)cc12,0
CC[C@H](C)[C@H](NC(=O)[C@H](Cc1ccccc1)NC(=O)[C@H](CC(C)C)NC(=O)[C@H](CCCNC(=N)N)NC(=O)[C@@H](NC(=O)[C@H](C)NC(=O)[C@H](CCC(=O)O)NC(=O)[C@H](CCC(=O)O)NC(=O)[C@H](CCC(=O)O)NC(=O)[C@H](CCSC)NC(=O)[C@H](CCC(N)=O)NC(=O)[C@H](CCCCN)NC(=O)[C@H](CO)NC(=O)[C@H](CC(C)C)NC(=O)[C@H](CC(=O)O)NC(=O)[C@H](CO)NC(=O)[C@@H](NC(=O)[C@H](Cc1ccccc1)NC(=O)[C@@H](NC(=O)CNC(=O)[C@H](CCC(=O)O)NC(=O)CNC(=O)[C@@H](N)Cc1c[nH]cn1)[C@@H](C)O)[C@@H](C)O)C(C)C)C(=O)N[C@@H](CCC(=O)O)C(=O)N[C@@H](Cc1c[nH]c2ccccc12)C(=O)N[C@@H](CC(C)C)C(=O)N[C@@H](CCCCN)C(=O)N[C@@H](CC(N)=O)C(=O)NCC(=O)NCC(=O)N1CCC[C@H]1C(=O)N[C@@H](CO)C(=O)N[C@@H](CO)C(=O)NCC(=O)N[C@@H](C)C(=O)N1CCC[C@H]1C(=O)N1CCC[C@H]1C(=O)N1CCC[C@H]1C(=O)N[C@@H](CO)C(N)=O,0
O=P(O)(O)OC[C@H]1O[C@H](O[C@H]2O[C@H](CO)[C@@H](O)[C@H](O)[C@H]2O)[C@H](O)[C@@H](O)[C@@H]1O,0
CC(C(=O)O)c1ccc(C2CCCCC2)c2ccccc12,0
NCc1ccc(NC(=O)C(=O)O)cc1,0
FC(F)(F)c1cccc(N2CCN(CCc3nnc4n3C[C@@H]3CCC[C@H]43)CC2)c1,0
NCCC[C@H](N)CC(=O)N[C@H]1CNC(=O)[C@H]([C@H]2C[C@H](O)N=C(N)N2)NC(=O)/C(=C/NC(N)=O)NC(=O)[C@H](CO)NC(=O)[C@H](CO)NC1=O,0
C=C[C@@H]1C[C@]1(NC(=O)[C@@H]1C[C@@H](Oc2ncc(OC)c3ccc(Cl)cc23)CN1C(=O)[C@@H](NC(=O)OC(C)(C)C)C(C)(C)C)C(=O)NS(=O)(=O)C1CC1,1
O=C(CN1CCN(Cc2ccc3c(c2)OCO3)CC1)N1c2ccccc2Sc2ccccc21,0
CC(=O)NCCCCCCNC(C)=O,1
Nc1nc(OC[C@H]2CCC(=O)N2)c2[nH]cnc2n1,0
NC(C(=O)O)C(O)c1ccc(O)c(O)c1,0
COC(=O)[C@H]1[C@H]2C[C@@H]3c4[nH]c5cc(OC)ccc5c4CCN3C[C@H]2C[C@@H](OC(=O)C=Cc2cc(OC)c(OC)c(OC)c2)[C@@H]1OC,0
O=C1CN=C(c2ccccc2Cl)c2cc(Cl)ccc2N1,0
N[C@@H]1[C@@H](O)[C@H](O)[C@@H](COP(=O)(O)O)O[C@@H]1O,0
CC(C)(C)n1nc(Cc2cccc(O)c2)c2c(N)ncnc21,0
COc1cc(NS(=O)(=O)c2ccc(N)cc2)nc(C)n1,0
OCCn1cc(-c2cnc3nnn(Cc4ccc5ncccc5c4)c3n2)cn1,0
CNCC/C=C/c1cccnc1,0
C[C@H](CP(=O)(O)[C@@H](N)CC(=O)O)C(=O)O,0
CC[N+](CC)(CC)CC,0
Cc1ncc(CO)c(CO)c1O,0
Cc1c(C)c2c(c(C)c1O)CCC(C)(C(=O)NCCCCCCCNc1c3c(nc4cc(Cl)ccc14)CCCC3)O2,0
CCNC(=O)OC,0
CO[C@H]1/C=C\C=C(/C)C(=O)NC2=CC(=O)C(N)=C(C[C@@H](C)C[C@H](OC)[C@H](O)[C@@H](C)/C=C(\C)[C@@H]1OC(N)=O)C2=O,0
NC(=O)[C@@H](N)CCCN=C(N)N,0
O=C(Nc1cccc(Br)c1)[C@H]1CC(=O)N(C2CCCCC2)C1,0
CC(C)=CCCC(C)=CCCC(C)=CCCC1(C)CCc2cc(O)cc(C)c2O1,1
CSCC1OC(n2cnc3c(N)ncnc32)C(O)C1O,1
Nc1ncnc2c1ncn2C1OC2COP(=O)(O)OC2C1O,1
CC[C@@H](C)[C@@H]1NC(=O)[C@H]([C@@H](C)CC)NC(=O)[C@@H](Cc2c[nH]c3ccccc23)NC(=O)CCSCC[C@@H](C(=O)N(C)[C@H](CO)CCCN)NC(=O)[C@H](CC(N)=O)NC1=O,0
CNCc1cc(-c2ccccc2F)n(S(=O)(=O)c2cccnc2)c1,0
O=C(O)C(=O)CS(=O)(=O)O,0
COc1ccc(/C=C(\C)C(=O)c2cc(C)nc3ccccc23)cc1O,0
CC(=O)N[C@H](Cc1cccc2ccccc12)[B-](O)(O)OC[C@H](N)C(=O)O,0
O=C1N2C=C(c3ccc(O)cc3)N[C@@H](Cc3ccccc3)C2=N[C@@]1(Cc1ccc2ccccc2c1)OO,0
CCCCOC(=O)N1CCN(C(=O)[C@H](CP(=O)(O)O)NC(=O)c2cc(N3CC[C@H](OC)C3)nc(-c3ccccc3)n2)CC1,0
Clc1ccc(C(c2ccccc2)N2CCN(C/C=C/c3ccccc3)CC2)cc1,0
CCCOc1ccc(S(=O)(=O)N2CCN(CCO)CC2)cc1C1=NC2C(CCC)=CN(CC)C2C(=O)N1,0
c1ccc(C(c2ccccc2)N2CCN(CCCC3(c4ccccc4)OCCO3)CC2)cc1,0
Fc1ccccc1C1=NCC(=S)N(CC(F)(F)F)c2ccc(Cl)cc21,0
C/C(=N\NC(=O)c1ccncc1)c1ccco1,0
Cc1cc(N2C(=O)NC(=O)C2(C)C)cc(C)c1CCS(=O)(=O)N1CCC2(CC1)N=C(c1ccc(OC(F)(F)F)cc1)NC2=O,0
NC(N)=NCCC[C@H](NC(=O)C(=O)[C@@H](CC1CCCCC1)NC(=O)OCc1ccccc1)C(=O)N[C@@H](CCC(=O)O)C(=O)N[C@@H](CC1CCCCC1)C(=O)O,0
[2H]C([2H])([2H])[N+](CCO)(C([2H])([2H])[2H])C([2H])([2H])[2H],0
Cc1cccc(C)c1OCC(=O)N[C@@H](Cc1ccccc1)[C@@H](O)C[C@H](CC(C)C)NC(=O)c1cccc(N)c1,0
CC(C)(COP(=O)(O)OP(=O)(O)OC[C@H]1O[C@@H](n2cnc3c(N)ncnc32)[C@H](O)[C@@H]1OP(=O)(O)O)[C@@H](O)C(=O)NCCC(=O)NCCC[N+](=O)[O-],0
O=C(NO)c1ccccc1,0
C/C=C/C[C@@H](C)[C@@H](O)[C@H]1C(=O)N[C@@H](CC)C(=O)N(C)CC(=O)N(C)[C@@H]([C@@H](C)CC)C(=O)N[C@@H](C(C)C)C(=O)N(C)[C@@H](CC(C)C)C(=O)N[C@@H](C)C(=O)N[C@H](C)C(=O)N(C)[C@@H](CC(C)C)C(=O)N(C)[C@@H](CC(C)C)C(=O)N(C)[C@@H](C(C)C)C(=O)N1C,0
O=[N+]([O-])c1cc([N+](=O)[O-])cc([N+](=O)[O-])c1,1
CC1=C(N2CC2)C(=O)C(CO)=C(N2CC2)C1=O,0
[P],1
Cc1c(C(=O)c2c[nH]n(C)c2=O)ccc(S(C)(=O)=O)c1C1=NOCC1,0
CCC1(c2cccc(NS(C)(=O)=O)c2)[C@@H]2CN(CC3(O)Cc4ccccc4C3)C[C@@H]21,0
CC(C)(C)C(=O)Oc1ccc(S(=O)(=O)Nc2ccccc2C(=O)NCC(=O)O)cc1,0
CC(N)C12CC3CC(CC(C3)C1)C2,0
CC(C)C[C@H](NC(=O)[C@H](CC(C)C)NC(=O)[C@H](CC(C)C)NC(=O)[C@H](CC(C)C)NC(=O)[C@H](CCCCN)NC(=O)[C@H](CC(C)C)NC(=O)[C@H](CC(C)C)NC(=O)[C@H](CC(C)C)NC(=O)[C@H](CC(C)C)NC(=O)[C@H](CCCCN)NC(=O)[C@H](CC(C)C)NC(=O)[C@H](CC(C)C)NC(=O)[C@H](CC(C)C)NC(=O)[C@H](CC(C)C)NC(=O)[C@H](CCCCN)NC(=O)[C@H](CC(C)C)NC(=O)[C@H](CC(C)C)NC(=O)[C@H](CC(C)C)NC(=O)[C@H](CC(C)C)NC(=O)[C@@H](N)CCCCN)C(=O)N[C@@H](CCCCN)C(=O)O,0
O=C(O)CCCCCC/C=C\[C@H](O)N(O)CCCC[C@@H](NC(=O)[C@@H]1CO[C@@H](c2ccccc2O)N1)C(=O)OCCC(=O)N[C@@H]1CCCCN(O)C1=O,0
Cc1nc(C)c(/C=C/C(=O)N2CCC=C(Cl)C2=O)nc1C,0
O=C1C(=O)c2ncccc2-c2cccnc21,0
C[C@@H](C(=O)N1CCOCC1)N1CC[C@H](NS(=O)(=O)c2cc3cc(Cl)ccc3[nH]2)C1=O,0
c1cnccn1,1
CCC1(O)C(=O)OCc2c1cc1n(c2=O)Cc2cc3ccccc3nc2-1,1
OCC1(O)OC[C@@H](O)[C@@H](O)[C@@H]1O,0
Cc1ccc(N)cc1N,1
CCC1(C2=CC3CCC(C2)C3)C(=O)NC(=O)NC1=O,0
CCCCCCCC/C=C/CCCCCCCC(=O)O,0
C/C=C1\[C@H]2C=C(C)C[C@]1(N=Cc1cc(Cl)cc(OC)c1O)c1ccc(=O)[nH]c1C2,0
CNC(=O)[C@@H](NC(=O)[C@H](OCc1ccc(-c2ccsc2)cc1)[C@H](O)[C@@H](O)[C@@H](OCc1ccc(-c2ccsc2)cc1)C(=O)N[C@H](C(=O)NC)C(C)C)C(C)C,0
O=c1cc(NCCCN[C@@H]2CCOc3c(Br)cc(Br)cc32)[nH]c2ccsc12,0
Cc1cc(O)c([C@H]2C[C@@H]3CC[C@@]2(C)C3(C)C)cc1C,0
CC(=O)N[C@@H]1[C@@H](O)[C@@H](OS(=O)(=O)O)[C@@H](CO)O[C@@H]1O,0
CCCCC(=O)OC[C@H](COP(=O)(O)O)OC=O,0
C[75Se]CC[C@H](N)C(=O)O,0
Cc1ccn(-c2ccc3c(c2)NCC3(C)C)c(=O)c1-c1ccc2nc(N)ncc2c1,0
c1ccc(-c2cc(-c3ccn[nH]3)on2)cc1,0
C=CC[C@@H]1C(=O)N2C(N(C)C)=Nc3ccc(C)cc3N2C1=O,0
CC(C)C(=O)Nc1ccc([N+](=O)[O-])c(C(F)(F)F)c1,1
C[C@@H](O)[C@H](N)C(=O)NS(=O)(=O)OC[C@H]1O[C@@H](n2cnc3c(N)ncnc32)[C@H](O)[C@@H]1O,0
Cc1cc(C(=O)O)ccc1COc1cc2c(cc1N(CC(C)C)S(=O)(=O)c1nccs1)CCC2,0
CN(C)[C@@H]1C(O)=C(C(=O)NCNCCCC[C@H](N)C(=O)O)C(=O)[C@@]2(O)C(O)=C3C(=O)c4c(O)cccc4[C@@](C)(O)[C@H]3C[C@@H]12,1
COC(=O)[C@H]1[C@@H](OC(=O)c2ccccc2)C[C@@H]2CC[C@H]1N2C,0
NOC(=O)Nc1ccccc1,0
O=C(O)CNC(=O)[C@@H](CS)Cc1ccccc1,0
OCCN(CCO)c1nc(N2CCCCC2)c2nc(N(CCO)CCO)ncc2n1,0
C=CCSC,1
CC[Pb](CC)(CC)CC,1
CCCC[C@H](CN(O)C=O)C(=O)N1CCC[C@H]1c1nc2ccccc2o1,0
CCc1ccc(/C=C2\SC(=N[C@H](C(=O)O)c3ccc(F)cc3)NC2=O)o1,0
CO/N=C(\C(=O)N[C@@H]1C(=O)N2C(C(=O)O)=C(CSC(=O)c3ccco3)CS[C@H]12)c1csc(N)n1,0
CC1=C(C)C(=O)c2ccccc2C1=O,0
O=c1ccn([C@H]2C[C@H](F)[C@@H](COP(=O)(O)OP(=O)(O)O)O2)c(=O)[nH]1,0
CCCC(=O)N1CCC[C@H]1C(=O)NCc1ccc(C(=N)N)cc1,0
COc1cccc(-c2ccc3c(c2)C[C@H](O)[C@H]3[C@@H](CCCCC(=N)N)C(=O)O)c1,0
Brc1ccc(Br)c(Br)c1,1
C[C@]12CCC(=O)C(O)=C1CC[C@@H]1[C@@H]2CC[C@@]2(C)[C@H]1CC[C@]2(C)O,0
NCCCCN(Cc1nc2ccccc2[nH]1)[C@H]1CCCc2cccnc21,0
CC(C)(COP(=O)(O)OP(=O)(O)OC[C@H]1O[C@@H](n2cnc3c(N)ncnc32)[C@H](O)[C@@H]1OP(=O)(O)O)[C@@H](O)C(=O)NCCC(=O)NCCSC(=O)CCC(=O)O,0
O=C[C@@H](O)[C@@H](O)[C@H](O)[C@H](O)CO,0
CCN(CCO)N=O,1
CN(C)CCc1c[nH]c2ccc(Cn3cncn3)cc12,1
Cc1ncc(CN)c(N)n1,0
Cc1o[nH]c(=O)c1CC(N)C(=O)O,1
Cc1cc(C(N)=O)ccc1-n1c(CCC(=O)O)ccc1-c1ccc(-n2ccnc2)cc1,0
Cc1[nH]cnc1CN1CCc2c(c3ccccc3n2C)C1=O,1
COc1ccc([C@@H]2Sc3cc(Cl)ccc3N(CCN(C)C)C(=O)[C@@H]2OC(C)=O)cc1,1
CC1c2cccc(O)c2C(O)=C2C(=O)C3(O)C(O)=C(C(N)=O)C(=O)C(N(C)C)C3C(O)C21,1
C[C@H](O)[C@@H](O)[C@@H](O)[C@H](F)C=O,0
CC(O)Cn1c(=O)c2c(ncn2C)n(C)c1=O,0
N#Cc1nc(Nc2ccccc2OCCCn2ccnc2)c2ncn(C3CCCC3)c2n1,0
CC1(C)OC2(C)[C@H](O)CC1C[C@@H]2O,0
CCc1cc(OC)c(CC(C)N)cc1OC,0
C[C@@H]1CN(c2ccc([N+](=O)[O-])cc2)CCN1S(=O)(=O)c1ccc(C(C)(C)C)cc1,0
CC(C)=CCC/C(C)=C/CC/C(C)=C/CC/C(C)=C/CC/C(C)=C/CC/C(C)=C/CC/C(C)=C/CC/C(C)=C/Cc1ccccc1O,0
c1ccc2c(-c3ccncc3)n[nH]c2c1,0
Cc1c(COC(=O)C2C(C=C(Cl)C(F)(F)F)C2(C)C)cccc1-c1ccccc1,1
C[C@H](O)[C@@H](O)[C@@H](O)[C@H](O)C=O,0
O=C(O)CSc1nnc(-c2ccc([N+](=O)[O-])o2)o1,0
COc1ccc(CCN2CCN(CCCc3ccccc3)CC2)cc1OC,0
CCCCC/C(C=O)=C/c1ccccc1,0
N=C1NC(=O)/C(=C\c2ccccn2)S1,0
C[C@@H]1C[C@H]2[C@@H]3C[C@H](F)C4=CC(=O)C=C[C@]4(C)[C@@]3(F)[C@@H](O)C[C@]2(C)[C@@]1(OC(=O)C1C(C)(C)C1(C)C)C(=O)OCC#N,0
CCCOc1ccc(C(=O)OCCN(CC)CC)cc1N,0
CNC(=O)ON=C(SC)C(=O)N(C)C,1
CC(C)C[C@@H](NC(=O)CNC(=O)[C@@H](NC=O)C(C)C)C(=O)N[C@@H](C)C(=O)N[C@@H](C(=O)N[C@H](C(=O)N[C@@H](C(=O)N[C@@H](Cc1c[nH]c2ccccc12)C(=O)N[C@H](CC(C)C)C(=O)N[C@@H](Cc1c[nH]c2ccccc12)C(=O)N[C@H](CC(C)C)C(=O)N[C@@H](Cc1c[nH]c2ccccc12)C(=O)N[C@H](CC(C)C)C(=O)N[C@@H](Cc1c[nH]c2ccccc12)C(=O)NCCO)C(C)C)C(C)C)C(C)C,0
CC(=O)Nc1cn[nH]c1C(=O)Nc1ccc(F)cc1,0
Nc1ncn([C@@H]2O[C@H](CO)[C@@H](O)[C@@H]2O)c(=O)n1,1
CCC(=O)OCC(=O)[C@@]1(OC(=O)CC)[C@@H](C)C[C@H]2[C@@H]3CCC4=CC(=O)C=C[C@]4(C)[C@@]3(F)[C@@H](O)C[C@@]21C,0
CCCC(=O)N1CCCN(c2nc(N)c3cc(OC)c(OC)cc3n2)CC1,0
NCCC(O)C(=O)NC1CC(N)C(OC2OC(CN)C(O)C(O)C2O)C(O)C1OC1OC(CO)C(O)C(N)C1O,0
CC(C)/N=c1\cc2n(-c3ccc(Cl)cc3)c3ccccc3nc-2cc1Nc1ccc(Cl)cc1,0
COc1cccc(C2=NN(C(=O)c3ccc(C)nc3)C(c3cn(C)c4ccc(OC)cc34)C2)c1,0
NS(=O)(=O)c1cc2c(s1)S(=O)(=O)N(Cc1cccs1)C[C@@H]2O,0
CNC(=O)[C@@H]1Cc2ccc(NS(=O)(=O)O)cc2CN1C(=O)OCc1ccccc1,0
Cc1ncc(COP(=O)(O)O)c(CNC(C(=O)O)C(C)O)c1O,0
C[C@H]1O[C@H](O)[C@H](O)[C@@H](O)[C@@H]1N[C@H]1C=C(CO)[C@@H](O)[C@H](O)[C@H]1O,0
O=C(O)C1=C(O)[C@H](O)[C@@H](O)[C@H](O)O1,0
CC(c1ncncc1F)C(O)(Cn1cncn1)c1ccc(F)cc1F,1
O=C1C(O)N=C(c2ccccc2F)c2cc(Cl)ccc2N1CCO,0
CC(=O)N1CCCC[C@H]1C(=O)O,0
CC(C)N1CCC(NC(=O)c2cc3ccccc3n2CC(=O)Nc2ccc(Cl)cc2)CC1,0
O=C(NC(=O)c1ccccc1)N[C@@H]1O[C@H](CO)[C@@H](O)[C@H](O)[C@H]1O,0
CCOP(O)(=S)OCC,0
CN[C@@H](C)C(=O)N[C@H](C(=O)N1C[C@@H](Oc2ccccc2)C[C@H]1C(=O)N[C@@H]1CCCc2ccccc21)C(C)(C)C,0
CC(=O)N(CC(C)C(=O)O)c1c(I)cc(I)c(N)c1I,0
CC[C@H]1O[C@]2(C)[C@H](OC(C)=O)[C@@]1(C)O[C@@H](/C=C/C=C/C=C/c1oc(=O)cc(OC)c1C)[C@@H]2O,0
CC(C)(C)c1cc(NC(=O)Nc2ccc(Cl)c(COc3cccnc3)c2)n[nH]1,0
C[C@H]1CC[C@@H](O)[C@H]1NC(=O)[C@H](Cc1ccccc1)C[C@H](O)CN1CCN(C(=O)c2cnc(N3CCN(C)CC3)c(Cl)n2)C[C@H]1C(=O)NC(C)(C)C,0
O=P(O)(OCC(Br)CBr)OCC(Br)CBr,1
NC1(c2ccccc2)CCCCC1,0
C=C1CC23CCC4C(C)(C(=O)O)CCCC4(C)C2CCC1(O)C3,1
CC(C)=CCCC(C)=CCCC(C)=CCCC(C)=CCCC(C)=CCCC(C)=CCCC(C)=CCCC(C)=CCCC(C)=CCO,1
Nc1nc(N/N=C/C2CCCCC2)nc2c1ncn2[C@@H]1O[C@H](CO)[C@@H](O)[C@H]1O,0
Cl[C](Cl)Cl,1
COC(=O)NC(C(=O)N1CCCC1c1ncc(-c2ccc3c(c2)cc2n3C(c3ccccc3)Oc3cc(C4=NC(C5CCCN5C(=O)C(NC(=O)OC)C(C)C)N=C4)ccc3-2)[nH]1)C(C)C,1
CC(=O)CN,1
COC1=CC(=O)c2c(c(COc3ccccc3)c(C)n2C)C1=O,0
CCCCCC(O)C=CC1C(O)CC(=O)C1CC=CCCCC(=O)O,1
S=c1cccc[nH]1,0
Nc1nc2[nH]cc(CN[C@H]3C=C[C@H](O)[C@@H]3O)c2c(=O)[nH]1,0
NC(=O)c1cc(O[C@H]2O[C@H](CO)[C@H](O)[C@H](O)[C@H]2O)cc([N+](=O)[O-])c1,0
CC(O)COC[C@H]1O[C@@H]2O[C@H]3[C@H](OCC(C)O)[C@@H](O)[C@@H](O[C@H]4[C@H](O)[C@@H](O)[C@@H](O[C@H]5C[C@@H](O)[C@@H](O[C@H]6[C@H](O)[C@@H](OCC(C)O)[C@@H](O[C@H]7[C@H](O)[C@@H](OCC(C)O)[C@@H](O[C@H]8[C@H](O)[C@@H](O)[C@@H](O[C@H]1[C@H](O)[C@H]2O)O[C@@H]8CO)O[C@@H]7CO)O[C@@H]6CO)O[C@@H]5COCC(C)O)O[C@@H]4COCC(C)O)O[C@@H]3CO,0
CC(=O)N[C@@H]1C(O[C@@H]2O[C@H](C(=O)O)[C@@H](O)[C@H](O)[C@H]2O)[C@H](O)[C@@H](CO)O[C@H]1O[C@H]1[C@H](O)[C@@H](O)[C@H](OC2[C@@H](NC(C)=O)[C@H](O)O[C@H](CO)[C@H]2O)O[C@@H]1C(=O)O,0
C[C@@H]1C[C@H]2[C@@H]3CCC4=CC(=O)C=C[C@]4(C)[C@@]3(Cl)[C@@H](O)C[C@]2(C)[C@@]1(OC(=O)c1ccco1)C(=O)CCl,0
Cc1cccc(CNC(=O)c2cc(C(=O)NCc3cccc(C)c3)ncn2)c1,0
CCC[C@H](N)C(=O)O,0
NC(=O)c1cc2c(=O)c3cc(F)ccc3oc2nc1N,0
C=Cc1c2[nH]c(c1C=C)/C=c1\[nH]/c(c(CCC(=O)O)c1C)=C\c1[nH]c(c(C)c1CCC(=O)O)C=c1[nH]c(c(C=C)c1C=C)=C2,0
CNCc1cc(=O)oc2cc(OCc3cccc(Cl)c3)ccc12,0
Cc1[nH]ccc2c(C)c3nc4ccccc4c3cc12,1
O=c1[nH]cc(I)c(=O)[nH]1,0
NC(=O)[C@]1(O)O[C@H](CO)[C@@H](O)[C@H](O)[C@H]1O,0
O=C(N[C@@H](Cc1ccccc1)C(=O)N[C@@H](Cc1ccccc1)C(=O)CO)OCc1ccccc1,0
OCC1OC(c2ccc(Cl)c(Cc3ccc(OC4CCOC4)cc3)c2)C(O)C(O)C1O,0
Brc1ccccc1,1
COC(=O)NN=Cc1c[n+]([O-])c2ccccc2[n+]1[O-],1
COc1cc(-c2oc3c(OC)c(OC)c(OC)c(O)c3c(=O)c2OC)ccc1O,1
Nc1nc2c([C@@H]3N[C@H](CO)[C@@H](O)[C@H]3O)c[nH]c2c(=O)[nH]1,0
[In],0
O=C(c1ccc(OCCN2CCCCC2)cc1)c1c(-c2ccc(O)cc2)sc2cc(O)ccc12,1
NCC1CC(=O)N(Cc2ccccc2)C1,1
Cc1cc(Oc2ccc3nc(COc4ccc(CC5SC(=O)NC5=O)cc4)n(C)c3c2)cc(C)c1N,0
Nc1ccc(CCC(=O)O)cc1,0
COCCOc1ccc(N2CCN(CCn3ncc4c3nc(N)n3nc(-c5ccco5)nc43)CC2)cc1,0
CC(C)=CCOc1ccc(C=CC(=O)c2ccc(OCC=C(C)C)cc2OCC(=O)O)cc1,0
CC(=O)Nc1ccc(C=NNC(N)=S)cc1,0
Cc1cc(C)cc(Oc2c(CSCc3ccco3)c(C)[nH]c(=O)c2I)c1,0
Oc1cccc2cccnc12,1
CC1(O)CC(c2nc(-c3ccc4ccc(-c5ccccc5)nc4c3)c3c(N)nccn23)C1,0
O=C(O)CCCCO/N=C(/c1cccnc1)c1cccc(C(F)(F)F)c1,0
Oc1ccc(Cc2nnc3ccc(-c4ccccc4)nn23)cc1,0
CCOCCN(Cc1ccc(Oc2ccc([N+](=O)[O-])cc2)cc1)C(=O)C(Cl)Cl,0
CON=C1CN(c2nc3c(cc2F)c(=O)c(C(=O)O)cn3C2CC2)CC12CNC2,0
COc1cc(OC)c2c(=O)cc(-c3ccccc3)oc2c1,1
CC(C)C[C@H](NC(=O)[C@@H](Cc1cccc2ccccc12)NC(=O)[C@H](Cc1ccc(O)cc1)NC(=O)[C@H](CO)NC(=O)[C@H](Cc1c[nH]c2ccccc12)NC(=O)[C@H](Cc1cnc[nH]1)NC(=O)[C@@H]1CCC(=O)N1)C(=O)N[C@@H](CCCNC(=N)N)C(=O)N1CCC[C@H]1C(=O)NCC(N)=O,0
O=C1C2C3CCC(C3)C2C(=O)N1CC1CCCCC1CN1CCN(c2nsc3ccccc23)CC1,0
Cc1ccc(-n2nc(C(=O)N3CCCCC3)c(=O)n(Cc3ccccc3)c2=O)cc1C,0
O=C(OCCN1CCOCC1)c1cccnc1Nc1cccc(C(F)(F)F)c1,0
CC(C)CCCCCCCCC(=O)N(C)[C@H](CO)C(=O)N[C@H](C)C(=O)NCC(=O)N(C)[C@@H]1C(=O)N[C@@H](C)C(=O)N[C@H](C(=O)O)Cc2ccc(O)c(c2)-c2cc1ccc2O,0
CCC(C)C1NC(=O)C(CCCNC(=N)N)NC(=O)C(CC(=O)O)NC(=O)C(CCSC)NC(=O)C(CCCCN)NC(=O)C(CCCNC(=N)N)NC(=O)CNC(=O)C(Cc2ccccc2)NC(=O)C(NC(=O)CNC(=O)C(CO)NC(=O)CNC(=O)C(CCC(N)=O)NC(=O)C(NC(=O)C(CCSC)NC(=O)C(CCCCN)NC(=O)C2CCCN2C(=O)C(N)CO)C(C)C)CSSCC(C(=O)NC(CCCCN)C(=O)NC(C(=O)NC(CC(C)C)C(=O)NC(CCCNC(=N)N)C(=O)NC(CCCNC(=N)N)C(=O)NC(Cc2c[nH]cn2)C(=O)O)C(C)C)NC(=O)CNC(=O)C(CC(C)C)NC(=O)CNC(=O)C(CO)NC(=O)C(CO)NC(=O)C(CO)NC(=O)C(CO)NC1=O,0
CC(=O)C1(O)CCC2C3C=C(Cl)C4=CC(=O)C5CC5C4(C)C3CCC21C,1
CC(C)C[C@H](N[C@@H](c1ccc(-c2ccc(S(N)(=O)=O)cc2)cc1)C(F)(F)F)C(=O)NCCN,0
N[C@]1(C(=O)c2ccccc2)[C@@H]2CC[C@@H](C2)[C@H]1c1ccccc1,0
CCCc1c([S@+]([O-])C2CCCCC2)c2cc(Cl)ccc2[nH]c1=O,0
O=C(O)C(=O)C(=O)O,0
O=C1c2c(O)cc(O)cc2O[C@H](c2ccc(O)c(O)c2)[C@H]1O,0
Nc1ncnc2c1ncn2[C@@H]1O[C@@H]2COP(O)(=S)O[C@H]2[C@H]1O,0
CC(C)(COP(=O)(O)OP(=O)(O)OC[C@H]1O[C@@H](n2cnc3c(N)ncnc32)[C@H](O)[C@@H]1OP(=O)(O)O)[C@@H](O)C(=O)NCCC(=O)NCCNC(=O)CCC(=O)O,0
N[C@@H](C(=O)N[C@@H]1C(=O)N2C(C(=O)O)=C(Cl)CC[C@H]12)c1ccccc1,0
COc1ccc(-c2cc(=O)c3c(O)cc(O[C@@H]4O[C@H](CO[C@@H]5O[C@@H](C)[C@H](OS(=O)(=O)O)[C@@H](OS(=O)(=O)O)[C@H]5OS(=O)(=O)O)[C@@H](OS(=O)(=O)O)[C@H](OS(=O)(=O)O)[C@H]4OS(=O)(=O)O)cc3o2)cc1O,0
CCC(O)C(=O)O,1
CCCC(Cc1ccccc1)N1CCCC1,0
O=[N+]([O-])c1nccn1CC(O)C[18F],0
Cc1cc(-n2ccnc2)cc2[nH]c(-c3c(NCc4ccccn4)cc[nH]c3=O)nc12,0
Oc1ccccc1CNc1ccc(NCc2ccccc2O)cc1,0
CC(=O)[C@H](CC(=O)O)NC(=O)c1ccc(CNS(=O)(=O)c2ccc(O)c(C(=O)O)c2)cc1,0
Cc1ncc(OCC2(c3cccc(F)c3)CC2C(=O)Nc2ccc(F)cn2)c(C)n1,0
Cc1ccc(C(=O)NS(=O)(=O)c2ccc(N)cc2)cc1C,0
COc1cccc(Nc2c(C(N)=O)cnc3c(C)cc(S(=O)(=O)c4cccc(C(=O)N(C)C)c4)cc23)c1,0
CC1=C(C)C(=O)C(CC[C@](C)(O)CCC[C@H](C)CCC[C@H](C)CCCC(C)C)=C(C)C1=O,0
CCC(=O)OCCNC(=O)C[n+]1ccccc1,0
O=c1cc(O)c(Cl)c[nH]1,0
O=[N+]([O-])c1ccc(-c2nn3c(-c4ccncc4)nnc3s2)cc1,0
CC(CCc1ccc2c(c1)OCO2)NN,0
Clc1cc2oc3cc(Cl)c(Cl)c(Cl)c3c2cc1Cl,1
CCN(CC)CC(=O)OCC(=O)[C@@]1(O)CC[C@H]2[C@@H]3CCC4=CC(=O)CC[C@]4(C)[C@H]3[C@@H](O)C[C@@]21C,0
Cc1cc2nc3ccc(N(C)C)cc3[s+]c2cc1N,0
c1ccc(C(CCN2CCCCC2)c2ccccc2)cc1,0
COCC(=O)Nc1cc(Sc2ccccc2)ccc1N=C(NC(=O)OC)NC(=O)OC,0
Cc1ccc(-c2ccc3c(ccc4sc5c(c43)NC[C@@H](C)NC5=O)n2)cn1,0
NCC(=O)Nc1ccc(OCc2ccccc2)cc1,0
C/C1=C2/N=C(/C=C3\N/C(=C(/C)C4=N[C@@](C)([C@@H]5N=C1[C@](C)(CCC(=O)O)[C@H]5CC(=O)O)[C@@](C)(CC(=O)O)[C@@H]4CCC(=O)O)[C@@](C)(CC(=O)O)[C@@H]3CCC(=O)O)C(C)(C)[C@@H]2CCC(=O)O,0
CCN(CC)CCN1C(=O)c2c(c3c4cccc(Cl)c4n([C@@H]4O[C@H](CO)[C@@H](OC)[C@H](O)[C@H]4O)c3c3[nH]c4c(Cl)cccc4c23)C1=O,0
CC(C)C[C@H](N)P(=O)(O)O,0
N#Cc1ccc2c(c1)CN(S(=O)(=O)c1cccs1)[C@H](Cc1ccccc1)CN2Cc1cnc[nH]1,0
c1ccc(C2(c3ccccc3)CC2C2=NCCN2)cc1,0
N[C@H](C(=O)O)[C@@H](O)OS(=O)(=O)O,0
O=C(O)C[C@@H](Cc1cccc2ccccc12)N1C(=O)c2ccc(C(=O)O)cc2C1=O,0
O=c1[nH]cnc2c1ncn2[C@@H]1O[C@H](CO)[C@@H](O)[C@H]1O,0
Cc1ccoc1,1
N[C@@H](Cc1ccc(OP(=O)(O)O)cc1)C(=O)O,0
CCCC[N+](CCCC)(CCCC)CCCC,0
CC/C=C/C[C@H]1C(=O)C=C[C@H]1CCCCCCCC(=O)O,0
Cc1c(CC(=O)O)c2cccnc2n1Cc1ccc(S(C)(=O)=O)cc1C(F)(F)F,0
O=C(O)CC[C@H](O)Nc1ccc(N2C(=O)CCC2=O)cc1,0
CC1CC2C3CCC4=CC(=O)C=CC4(C)C3(Cl)C(O)CC2(C)C1(O)C(=O)CO,1
CN1CC[C@]23c4c5ccc(O)c4O[C@H]2C(=O)CC[C@@]3(O)[C@H]1C5,0
COc1ccc(/C=C\c2cc(OC)c(OC)c(OC)c2)cc1O,0
C[C@H](N)[C@@H](O)c1ccccc1,0
NC(=O)OC[C@@H](O)c1ccccc1Cl,0
O=C(O)c1ccccc1NC1CCCCC1,0
Cc1cc([C@H]2C[C@H](O)[C@@H](COP(=O)(O)O)O2)c[nH]c1=O,0
CCCC1CC(C(=O)NC(C(C)Cl)C2OC(SC)C(OP(=O)(O)O)C(O)C2O)N(C)C1,1
COc1ccc2c3c1OC1C(=O)CCC4(O)C(C2)N(C)CCC314,1
Nc1ncnc2c1ncn2[C@H]1C[C@H](O)[C@@H](COP(=O)(O)OP(=O)(O)OP(=O)(O)O)O1,0
CCc1c(C)[nH]c(=O)c(I)c1Oc1cccc(/C=C/C#N)c1,0
Cc1ccc(F)cc1C(=O)Nc1ccc(C(=O)N2Cc3cccn3Cc3ccccc32)c(Cl)c1,0
COC(=O)Nc1nc2cc(Sc3ccccc3)ccc2[nH]1,1
O=C(Nc1ccc(CC2CCC(C(O)c3ccccc3)N2)cc1)C1CCc2nccc(=O)n21,0
N[C@H](CCCCO)C(=O)O,0
C/N=C(\NC)NCc1ccccc1,0
C=C1CCC2(C)CCC3(C)C(CCC4C5(C)CCC(O)C(C)(C)C5CCC43C)C2C1C,1
O=C(NC1CC1)c1cn(-c2cccc(C#Cc3ccc[n+]([O-])c3)c2)c2ncccc2c1=O,0
Cc1ccc(-n2cc(CNCC3CCCCC3)c3ccccc32)cc1,0
N[C@@H]1CCCCN(c2c(F)cc3c(=O)c(C(=O)O)cn(C4CC4)c3c2Cl)C1,0
CCCCn1c2cc(OCCCCn3c4ccccc4c4ccnc(C)c43)ccc2c2ccnc(C)c21,0
Cc1c(Br)c(=O)oc2c(Br)c(O)ccc12,0
COc1ccc2c3c1O[C@H]1C(OC(C)=O)=CC[C@H]4[C@@H](C2)N(C)CC[C@]314,0
OCC1OC(OC2C(O)C(CO)OC(OC3C(O)C(O)OC(CO)C3O)C2O)C(O)C(O)C1O,1
C=C(C)[C@@H]1CC[C@]2(C(=O)O)CC[C@]3(C)[C@H](CC[C@@H]4[C@@]5(C)CC[C@H](O)C(C)(C)[C@@H]5CC[C@]43C)[C@@H]12,0
COc1cc([C@H](C)C#Cc2c(C)nc(N)nc2N)ccc1-c1ccccc1,0
BrBr,1
CC(C)(Sc1ccncc1-c1ccc(C#N)c2ccccc12)C(=O)O,0
CSc1ccc2c(c1)N(CCC1CCCCN1C)c1ccccc1S2,1
O=C(O)[C@H](O)[C@@H](O)[C@H](O)[C@H](O)COP(=O)(O)O,0
N#Cc1ccc(Nc2nc(N)nc(Oc3c(Cl)cccc3Cl)n2)cc1,0
CCC(C)SSc1ncc[nH]1,0
CNS(=O)(=O)Nc1ccc(-c2ccccc2)n(CC(=O)N[C@H](C(=O)C(F)(F)F)C(C)C)c1=O,0
c1ccc2c(c1)oc1ccccc12,1
C[C@H](N=C1NC(=O)[C@@](C)(C(F)(F)F)S1)c1ccccc1F,0
CC1(C)[C@H](NC(=O)/C(=N\OCC(=O)O)c2csc(N)n2)C(=O)N1OS(=O)(=O)O,0
CC(=O)N(c1onc(C)c1C)S(=O)(=O)c1ccc(N)cc1,0
C[C@H](NC(=O)Cn1cnc2ccc(F)c(F)c21)c1ccc(C(C)(C)C)cc1,0
Cc1ccc(Sc2ccccc2N2CCNCC2)c(C)c1,1
CCOC(=O)C=CC(=O)OCC,1
O=S(=O)(O)O/N=C(/Cc1ccccc1)S[C@@H]1C[C@H](CO)[C@@H](O)[C@H](O)[C@H]1O,0
Clc1ccc(C(c2ccc(Cl)cc2)C(Cl)Cl)cc1,1
O=C1c2ccccc2C(=O)N1CCOC(=S)Nc1ccc(I)cc1,0
COc1cc(C=C2CCCC(=Cc3ccc(O)c(OC)c3)C2=O)ccc1O,0
O=C(Nc1nccs1)c1cccc(CN2C(=O)N(Cc3cccc(C(=O)Nc4nccs4)c3)[C@H](Cc3ccccc3)[C@H](O)[C@@H](O)[C@H]2Cc2ccccc2)c1,0
O=C(N/N=C/c1cc(Br)c(O)c(Br)c1O)c1ccc(Br)cc1,0
CC1=C(C=O)C(C)(C)CC=C1,1
Nc1nc(OCCc2ccc(Cl)cc2)nc2c1ncn2[C@@H]1O[C@H](CO)[C@@H](O)[C@H]1O,0
C=C[C@@]1(C)CC(=O)[C@]2(O)[C@@]3(C)[C@@H](O)CCC(C)(C)[C@@H]3[C@H](O)[C@H](OC(C)=O)[C@@]2(C)O1,0
Nc1cccc(-n2ccccc2=O)c1,0
CCCCCCCCOC[C@H](COP(=O)(O)OCCN)OP(=O)(O)CCCCCCC,0
CCc1nc2c(N)nc3ccccc3c2n1CCCCNS(C)(=O)=O,0
Cc1cccc(N(C)C(=S)Oc2ccc3ccccc3c2)c1,0
CC[C@H](CO)Nc1nc(N(C)Cc2ccccc2)c2ncn(C(C)C)c2n1,0
COc1ccc(-c2cc3c(C)nc(N)nc3n(C3CCC(OCCO)CC3)c2=O)cn1,0
Nc1ncnc2c1ncn2[C@@H]1O[C@H](COP(=O)(O)O[C@@H]2[C@H](O)[C@@H](CO)O[C@H]2n2ccc(=O)[nH]c2=O)[C@@H](O)[C@H]1O,0
CCCC(=O)OCOC(=O)C1=C(C)NC(C)=C(C(=O)OC)C1c1cccc(Cl)c1Cl,0
C=C1O[C@H](O)[C@H](O)[C@@H](O)[C@@H]1N[C@H]1C=C(C=O)C(=O)[C@H](O)[C@H]1O,0
O=C1NC(=O)C(c2ccccc2)(N2CCC(CCO)CC2)C(=O)N1,0
COC(=O)C1CCN(C(=O)[C@H](Cc2cccc(C(=N)N)c2)NS(=O)(=O)c2ccc3ccccc3c2)CC1,0
CC(C)CCCCCCCCCC1CC(=O)NC(CCC(=O)O)C(=O)NC(CC(C)C)C(=O)NC(CC(C)C)C(=O)NC(C(C)C)C(=O)NC(CC(=O)O)C(=O)NC(CC(C)C)C(=O)NC(CC(C)C)C(=O)O1,1
Cc1cc(C)[n+](CCc2ccc(S(N)(=O)=O)cc2)c(C)c1,0
CCOc1nc2cccc(C(=O)OCc3oc(=O)oc3C)c2n1Cc1ccc(-c2ccccc2-c2noc(=O)[nH]2)cc1,0
O=C1C(Cl)=C(Cl)C(=O)c2ccccc21,0
CCN(C(=O)c1cc(F)ccc1Oc1cncnc1N1CC2(CCN(C[C@H]3CC[C@H](NS(=O)(=O)CC)CC3)CC2)C1)C(C)C,0
CCOP(=O)(OCC)OC[C@H](N)C(=O)O,0
N[C@@H](CCCCC(=O)O)C(=O)O,0
CC(C)=CCC/C(C)=C/CC/C(C)=C/CC/C(C)=C/CC/C(C)=C/CC/C(C)=C/CC/C(C)=C/CC1=C(C)C(=O)c2ccccc2C1=O,0
CN(C)CCOCC(=O)NC12CC3CC(CC(C3)C1)C2,0
C=CCC(=NOS(=O)(=O)O)SC1OC(CO)C(O)C(O)C1O,1
O=BOO,0
O=c1ccn([C@H]2C[C@H](O)[C@@H](COP(=O)(O)OP(=O)(O)O)O2)c(=O)[nH]1,0
COc1cc2c(c(OC)c1OC)-c1ccc(OC)c(=O)cc1[C@@H](NC(=O)CS)CC2,0
CCOC(=O)C1(c2ccccc2)CCN(CCc2ccc(N)cc2)CC1,0
N=C(N)c1ccc(-c2ccc(OC[C@@H]3C[C@@H](CC(=O)O)C(=O)N3)cc2)cc1,0
COCCOC,0
C=C(C)[C@@H](NC(=O)C(CS)NC(=O)CCCC(N)C(=O)O)C(=O)O,0
CC(C)CC(NC(=O)C(Cc1ccccc1)NC(=O)C(N)Cc1ccccc1)C(=O)NC(CCCCN)C(=O)N1CCC(N)(C(=O)O)CC1,0
CC(=O)N1CCN(c2ccc(OC[C@@H]3CO[C@@](Cn4ccnc4)(c4ccc(Cl)cc4Cl)O3)cc2)CC1,0
Oc1ccc2[nH]cc(CCCCN3CC=C(c4ccccc4)CC3)c2c1,1
COc1cc(C(=O)NCCCCCC(=O)O)cc(OC)c1OC,0
COc1ccccc1OCC(O)CN1CCN(CC(=O)Nc2c(C)cccc2C)CC1,0
O=C1CSC(c2nc3ccc(O)cc3s2)=N1,0
COc1cc(-n2cnc3cc(-c4ccc(Cl)cc4)sc3c2=O)ccc1OC[C@H](OP(=O)(O)O)C1CC1,0
c1cc(SSc2ccncc2)ccn1,0
Nc1ncnc2c1ncn2[C@@H]1O[C@H](COS(=O)(=O)NC(=O)[C@@H]2CCCN2)[C@@H](O)[C@H]1O,0
CC12CCC3c4ccc(O)cc4CCC3C1CC(F)C2O,0
CNC(=O)c1cc(Cl)c(OC(C)(C)C(=O)O)cc1OC[C@@H](O)CN1CCC2(CC1)Cc1cc(Cl)ccc1O2,0
CC(C)N(CCCCOCC(=O)NS(C)(=O)=O)c1cnc(-c2ccccc2)c(-c2ccccc2)n1,0
Cc1cccc2sc3nncn3c12,0
O=C(O)[C@H](O)[C@H](O)COP(=O)(O)O,0
CNC(=O)c1c(I)c(NC(C)=O)c(I)c(C(=O)O)c1I,0
CCO[C@@H](Cc1ccc(OCCN2c3ccccc3Oc3ccccc32)cc1)C(=O)O,0
Cc1cccc(-c2cc3cc(C(=N)N)ccc3[nH]2)c1,0
O=C(CCc1ccccc1Cl)N1CCN(Cc2ccc(O)c3ncccc23)CC1,0
CC[C@@H]1/C=C(\C)C[C@H](C)C[C@H](OC)[C@H]2O[C@@](O)(C(=O)C(=O)N3CCCC[C@H]3C(=O)O[C@H](/C(C)=C/[C@@H]3CC[C@H](Cl)[C@H](OC)C3)[C@H](C)[C@@H](O)CC1=O)[C@H](C)C[C@@H]2OC,0
CCOCCOCCOCCOCCOCC,0
CC1CCC2(OC1)OC1CC3C4CC=C5CC(O)CC(O)C5(C)C4CCC3(C)C1C2C,1
O=C(Nc1cc([C@@H]2CCCN2)[nH]n1)Nc1cccc2c1[C@@H]1CCCN1C2=O,0
COC(=O)[C@@]1(Cc2ccc(OCc3cc(C)nc4ccccc34)cc2)C[C@@H]1C(=O)NO,0
O=S(=O)(NCCC(F)(F)F)c1ccc2c(c1)CN[C@@H](CF)C2,0
Cc1cc(F)c(C(=O)Nc2cccc(-c3nncn3C(C)C)n2)cc1-n1cnc(C2CC2)c1,0
COCC(O)CN(C(C)=O)c1c(I)c(C(=O)NCC(O)CO)c(I)c(C(=O)NCC(O)CO)c1I,0
COc1ccc(C(CN(C)C)=C(c2ccc(OC)cc2)c2ccc(OC)cc2)cc1,0
Cc1cc(O)cc2oc(=O)c3c(O)cc(O)cc3c12,1
N[C@H]1Cn2c(nc3cnccc32)C[C@@H]1c1cc(F)c(F)cc1F,0
COCc1c(C(=O)OC(C)C)ncc2[nH]c3cccc(Oc4ccc(Cl)cc4)c3c12,0
CCCc1c(OCc2ccc([C@H](O)c3cccc(C(=O)O)c3)cc2)ccc(C(C)=O)c1O,0
C[C@]12CC[C@H](O)C[C@@H]1CC[C@@H]1[C@@H]2CC[C@@]2(C)[C@H]1CC[C@]2(C)O,0
COC[C@@H]([C@H](O)[C@H](O)C(=O)NCC[C@H](C)c1nc(/C=C/C[C@@H]2O[C@]3(C[C@@H](O)[C@@H]2C)O[C@H]([C@H](C[C@H](O)[C@H](C)[C@H](O)[C@H](C)/C=C(C)/C(C)=C/C=C/C(C)=C\C#N)OC)[C@H](OP(=O)(O)O)C3(C)C)co1)N(C)C,0
C[C@]12CC[C@H]3[C@@H](CCC4=CC(=O)CC[C@@H]43)[C@@H]1CC[C@@H]2OS(=O)(=O)O,0
NC(=O)c1ccc(N(C(N)=O)c2c(F)cccc2F)nc1-c1ccc(F)cc1F,0
C=CC(=C)C,1
C[C@H](O)C(=O)[C@@]1(O)CC[C@H]2[C@@H]3CCC4=CC(=O)C=C[C@]4(C)[C@@]3(F)[C@@H](O)C[C@@]21C,0
C[C@H]1O[C@@H](Oc2ccccc2[N+](=O)[O-])[C@H](O)[C@@H](O)[C@H]1O,0
COc1c2ccc(-c3ccccc3)oc-2cc(=O)c1C,1
O=C(O)CO/N=C1\C2=CC=CCC2=N\C1=C1/C(=O)N=C2CC=CC=C21,0
C=C1C2CCC(C2)C1(C)C,1
O=C1OC(=O)c2ccccc21,1
CN=C(NC)NCCC[C@H](N)C(=O)O,0
O=S(=O)(O)CCNC(CO)(CO)CO,0
COc1cc(C(F)(F)C(=O)N2CCCC[C@H]2C(=O)O[C@@H](CCCc2ccccc2)CCCc2cccnc2)cc(OC)c1OC,0
CCOc1ccc(Cc2cc([C@@H]3O[C@H](CO)[C@@H](O)[C@H](O)[C@H]3O)ccc2Cl)cc1,0
CC1(C)S[C@@H]2[C@H](NC(=O)C3(N)CCCCC3)C(=O)N2[C@H]1C(=O)O,0
CC1(C)CCC(C)(C)c2cc(C(=O)/C=C/c3ccc(C(=O)O)cc3)ccc21,0
COc1ccc(-n2nccn2)c(C(=O)N2CCC[C@@]2(C)c2nc3c(C)c(Cl)ccc3[nH]2)c1,0
Nc1nc2c(ncn2[C@@H]2O[C@H](COP(=O)(O)OP(=O)(O)NP(=O)(O)O)[C@@H](O)[C@H]2O)c(=O)[nH]1,0
Nc1ccc(-c2ccc(N)cc2)cc1,1
Oc1ccc2ccc3cccc4ccc1c2c34,1
COc1ccc2c(c1)CCC1C2CCC2(C)C(NCCCCCCN3C(=O)C=CC3=O)CCC12,1
CCOS(C)(=O)=O,1
CCC=CCC=CCC=CCC=CCC=CCCCC(=O)O,1
CCCC[C@H](NC(=O)[C@H](CO)NC(=O)[C@H](Cc1ccc(O)cc1)NC(=O)[C@H](CO)NC(C)=O)C(=O)N[C@@H](CCC(=O)O)C(=O)N[C@@H](Cc1c[nH]cn1)C(=O)N[C@H](Cc1ccccc1)C(=O)N[C@@H](CCCNC(=N)N)C(=O)N[C@@H](Cc1c[nH]c2ccccc12)C(=O)NCC(=O)N[C@@H](CCCCN)C(=O)N1CCC[C@H]1C(=O)N[C@H](C(N)=O)C(C)C,0
C[n+]1c(N)cc[nH]c1=O,0
CCC(=O)O[C@]1(c2ccccc2)CCN(C)C[C@H]1CC,0
NC(=O)c1ccc[n+]([C@@H]2O[C@H](COP(=O)([O-])OP(=O)(O)OC[C@H]3O[C@@H](n4c(Br)nc5c(N)ncnc54)[C@H](OP(=O)(O)O)[C@@H]3O)[C@@H](O)[C@H]2O)c1,0
CCOC(=O)CNC(C(=O)N1CCC1C(=O)NCc1ccc(C(N)=NO)cc1)C1CCCCC1,1
O=C(OC1CCCCC1)c1ccccc1C(=O)OC1CCCCC1,1
CCCCCCCCOc1ccccc1C(=O)Nc1ccc(C(=O)OCC[N+](C)(CC)CC)cc1,0
CC1(C2CCCC2)Cc2cc(OCC(=O)O)c(Cl)c(Cl)c2C1=O,1
CCC(C)(C)C(=O)C(=O)N1CCC[C@H]1C(=O)OCCCc1cccnc1,0
N#CC(C#N)=NNc1ccc(OC(F)(F)F)cc1,1
O=[As]O,1
CO[C@H]1[C@@H](O)[C@H](N)[C@@H](O[C@H]2O[C@H]([C@H](C)N)CC[C@H]2N)[C@H](O)[C@@H]1N(C)C(=O)CN,0
C[C@H]1Cc2ccccc2N1NC(=O)c1ccc(Cl)c(S(N)(=O)=O)c1,0
C=CC1=C(C)C(=Cc2[nH]c(Cc3[nH]c(C=C4NC(=O)C(C)=C4C=C)c(C)c3CCC(=O)O)c(CCC(=O)O)c2C)NC1=O,1
CCC1NC(=O)c2cc(S(N)(=O)=O)c(Cl)cc2N1,0
NC(=O)[C@H](CCCCN=C(N)N)NC(=O)[C@@H](Cc1ccc(O)cc1)NC(=O)[C@@H]1CCN1C(=O)[C@@H](CC1CCCCC1)NC(=O)C1CCC(CN=C(N)N)CC1,0
[C-]#[N+]CCC,0
N[C@H](C=O)Cc1cn(-c2nn[nH]n2)cn1,0
COc1ccccc1Oc1c(NS(=O)(=O)c2ccc(C(C)(C)C)cc2)nc(-c2ncccn2)nc1OCCO,1
CCCCCCCCCC(=O)NC(CN1CCOCC1)C(C)c1ccccc1,1
Cc1cnc(C(=O)NCCc2ccc(S(=O)(=O)NC(=O)NC3CCCCC3)cc2)cn1,1
O=c1[nH]c(=O)c2[nH]c(=O)c(=O)n(C[C@H](O)[C@H](O)[C@H](O)CO)c2[nH]1,0
C/C1=C2/N[C@H]([C@H](CC(N)=O)[C@@]2(C)CCC(=O)NC[C@H](C)OP(=O)(O)O[C@H]2[C@@H](O)[C@@H](n3cnc4cc(C)c(C)cc43)O[C@@H]2CO)[C@]2(C)N=C(/C(C)=C3\N=C(/C=C4\N=C1[C@@H](CCC(N)=O)C4(C)C)[C@@H](CCC(N)=O)[C@]3(C)CC(N)=O)[C@@H](CCC(N)=O)[C@]2(C)CC(N)=O,0
CC(C)NCC(O)c1ccccc1Cl,0
N=C(N)c1ccc(CNC(=O)[C@@H]2CCCN2C(=O)CNC2CCCC2)cc1,0
Nc1ccc(O[C@H]2O[C@H](CO)[C@H](O)[C@H](O)[C@H]2O)cc1,0
O=C(O)c1ccc([C@H]2C[C@@H]2c2ccc(OCc3c(-c4c(Cl)cccc4Cl)noc3C3CC3)cc2Cl)cc1,0
C#C[C@@]1(O)[C@@H](CO)O[C@@H](n2ccc(N)nc2=O)[C@@H]1O,0
CO[C@@H](Cc1ccc(OCCc2nc(-c3ccccc3)oc2C)c2ccsc12)C(=O)O,0
CCOC(=O)C(C)Oc1ccc(Oc2cnc3cc(Cl)ccc3n2)cc1,1
Cc1ncc(COP(=O)(O)O)c(CN=C(/C=C/OCCN)C(=O)O)c1O,0
NC(N)=NS(=O)(=O)c1ccc(N=Cc2c(O)[nH]c3ccccc23)cc1,0
CCCCB(O)O,0
CC(C)=CCC/C(C)=C/C=C/C(C)=C/C=C/C(C)=C/C=C/C=C(C)/C=C/C=C(C)/C=C/C=C(\C)CCC=C(C)C,0
OC[C@H]1CC[C@H](c2ccc(O)cc2)CC1,0
CC(=O)OC1CC2CCC3C(CCC4(C)C3CC([N+]3(C)CCCCC3)C4OC(C)=O)C2(C)CC1[N+]1(C)CCCCC1,0
Cc1c(-c2cnccn2)ssc1=S,0
CC(=O)CC(=O)SCCNC(=O)CCNC(=O)[C@H](O)C(C)(C)COP(=O)(O)OP(=O)(O)OC[C@H]1O[C@@H](n2cnc3c(N)ncnc32)[C@H](O)[C@@H]1OP(=O)(O)O,0
CCCCCCCC/C=C\CCCCCCCC(=O)O,0
Clc1ccc(CO/N=C(\Cn2ccnc2)c2ccc(Cl)cc2Cl)c(Cl)c1,0
Cn1c(O)c(N=NC(N)=S)c2ccccc21,0
CCc1cnn2c(NCc3ccc[n+]([O-])c3)cc(N3CCCC[C@H]3CCO)nc12,0
CC(=O)N(O)CCCCCNC(=O)CCC(=O)N(O)CCCCCNC(=O)CCC(=O)N(O)CCCCCN,1
CN(C)CCCC1c2ccccc2Nc2ccc(Cl)cc21,1
CN(C)C(=O)Oc1ccc[n+](C)c1,1
CC(C)=CCCC(C)(O)C1CCC2(C)C1C(O)CC1C3(C)CCC(O)C(C)(C)C3CCC12C,1
C1CNCN1,1
Cc1ncc(COP(=O)(O)O)c(CN[C@H](C)C(=O)O)c1O,0
O=C(Nc1ccc(Cl)cc1)Nc1ccc(Cl)c(C(F)(F)F)c1,0
C[C@H]1[C@H](C)CC[C@]2(C(=O)O[C@@H]3O[C@H](CO[C@@H]4O[C@H](CO)[C@@H](O[C@@H]5O[C@@H](C)[C@H](O)[C@@H](O)[C@H]5O)[C@H](O)[C@H]4O)[C@@H](O)[C@H](O)[C@H]3O)CC[C@]3(C)C(=CC[C@@H]4[C@@]5(C)C[C@@H](O)[C@H](O)[C@@](C)(CO)[C@@H]5CC[C@]43C)[C@H]12,0
CCCSSC[C@H](N)C=O,0
COc1ncc(F)c2nc(S(=O)(=O)Nc3c(F)cccc3F)nn12,0
Cc1cc(C)cc(-c2nc3ccccc3o2)c1,0
CCCOC(=O)Cn1cc(I)c(=O)c(I)c1,0
CC(=O)Oc1cc(C)cc2c1C1=C(CCC(C)C1)C(C)(C)O2,0
CCCCCCNC(=N)NC(=N)N,0
CC(C)=CCC1C(=O)N(c2ccccc2)N(c2ccccc2)C1=O,1
OCCSCCCCCCCCCCSCCO,0
CCCOc1ccc(S(=O)(=O)N2CCN(CCO)CC2)cc1-c1nc2c(CCC)cn(CC)c2c(=O)[nH]1,0
CO/N=C(\N)c1ccc(-c2ccc(-c3ccc(/C(N)=N/OC)cc3)o2)cc1,1
c1ccc(C2(N3CCCCC3)CCCCC2)cc1,1
C#CC(O)c1ccc(OC)cc1,1
CNC(=O)c1c(-c2ccc(F)cc2)oc2cc(N(CCO)S(C)(=O)=O)c(C3CC3)cc12,0
C[C@@H]1CC2=CC(=O)CC[C@@H]2[C@H]2CC[C@@]3(C)[C@@H](CC[C@]3(C)O)[C@@H]21,0
CC(C)COC(=O)[C@H](Cc1ccccc1)NP(=O)(COCCn1cnc2c(NC3CC3)nc(N)nc21)N[C@@H](Cc1ccccc1)C(=O)OCC(C)C,0
COC(C)(C)CCC[C@H](C)C/C=C/C(C)=C/C(=O)OC(C)C,0
Cc1cc(O)cc(C)c1Cl,0
O=C1NC2C(=CC(O)C(O)C2O)c2cc3c(c(O)c21)OCO3,1
NCCCC[C@H](NC(=O)[C@@H]1CCCN1C(=O)[C@@H]1CSSC[C@H](N)C(=O)N[C@@H](Cc2ccccc2)C(=O)N[C@@H](Cc2ccccc2)C(=O)N[C@@H](CCC(N)=O)C(=O)N[C@@H](CC(N)=O)C(=O)N1)C(=O)NCC(N)=O,0
COc1cc(C(=O)OCCCN(C)CCN(C)CCCOC(=O)c2cc(OC)c(OC)c(OC)c2)cc(OC)c1OC,0
CCCCC(CC)COC(=O)c1ccc(C(=O)OCC(CC)CCCC)cc1,1
NC1N=c2ccccc2=N1,0
C[S@@+]([O-])c1ccc(-c2nc(-c3ccc(F)cc3)c(-c3ccncc3)[nH]2)cc1,0
O=CC[C@@H](O)[C@H](O)[C@H](O)CO,0
CCOc1ccc(CC(CN(CCN(CC(=O)O)CC(=O)O)CC(=O)O)N(CC(=O)O)CC(=O)O)cc1,0
Nc1nc2c(c(=O)[nH]1)N(C=O)C(CNc1ccc(C(=O)NC(CCC(=O)O)C(=O)O)cc1)CN2,0
C[N+]1(C)CCC(=C(c2ccccc2)c2ccccc2)CC1,0
NC(=O)CC[C@@H](N)C(=O)O,0
Cc1ccc(S(=O)(=O)NC(=O)NC2CCCCC2)cc1N,1
Cc1ccccc1-c1cc(NCc2ccc[n+]([O-])c2)n2ncc(Br)c2n1,0
O=C(O)c1c(C(=O)O)c(C(=O)O)c(C(=O)O)c(C(=O)O)c1C(=O)O,0
C[C@H](N)P(=O)(O)C[C@@H](Cc1ccccc1)C(=O)N[C@@H](Cc1ccccc1)C(=O)O,0
CC1(C)[C@H](C(=O)O)N2C(=O)C[C@H]2S1(=O)=O,0
COc1ccc2c3c1O[C@H]1[C@@H](O)C=C[C@H]4[C@@H](C2)[N+](C)(C)CC[C@@]341,0
NC(=O)c1ccc[n+]([C@@H]2O[C@H](COP(=O)([O-])OP(=O)(O)OC[C@H]3O[C@@H](n4cnc5c(N)ncnc54)[C@H](O)[C@@H]3O)[C@@H](O)[C@H]2O)c1,0
C/C(=C(/CCOC(=O)c1ccccc1)SS/C(CCOC(=O)c1ccccc1)=C(\C)N(C=O)Cc1cnc(C)nc1N)N(C=O)Cc1cnc(C)nc1N,0
O=C1c2ccccc2C(=O)N1CCOC(=S)Nc1ccc(Br)cc1,0
CCC(C)CC(C)CCCCCCCCC(=O)NC1C[C@@H](O)[C@@H](NCCN)NC(=O)[C@@H]2[C@@H](O)CCN2C(=O)[C@H]([C@H](O)CCN)NC(=O)[C@H]([C@H](O)[C@@H](O)c2ccc(O)cc2)NC(=O)[C@@H]2C[C@@H](O)CN2C(=O)[C@H]([C@@H](C)O)NC1=O,0
Nc1ncnc2c1ncn2[C@@H]1OC[C@H](OP(=O)(O)O)[C@H]1O,0
O=C(O)C=Cc1ccccc1,1
CC(C)C(=O)OCC1OC(n2ccc(NO)nc2=O)C(O)C1O,0
O=C(NCCS)[C@@H]1CN(Cc2ccc(F)cc2)CCN1,0
COc1ccc(C=CC(=O)c2ccc(OC)cc2OC)cc1,0
CCCCCCCCCCCCCCCC(=O)OC[C@H](O)[C@@H](O)/C(O)=C(/O)C(=O)O,0
CCCCC[C@H](O)c1ccc(N2C(=O)CC[C@@H]2COCc2ccc(C(=O)OC(C)C)s2)cc1,0
N[C@@H](Cn1oc(=O)[nH]c1=O)C(=O)O,0
OCC(O)C(O)C(O)C(O)CO,0
Nc1ncnc2c1ccn2[C@@H]1O[C@H](CO)[C@@H](O)[C@H]1O,0
CCOC(=O)C(=O)N1CCCCC1,0
Nc1ncnc2c1ncn2[C@@H]1O[C@H](COC(=O)CP(=O)(O)O)[C@@H](O)[C@H]1O,0
Nc1ccc2ccccc2c1,1
CCCNC[C@H](O)COc1ccccc1C(=O)CCc1ccccc1,0
COc1cc(C=CC(=O)CC(=O)C=Cc2ccc(O)c(OC)c2)ccc1O,1
CNc1ccc(/C=C/c2ccc(OCCOCCOCCF)cc2)cc1,0
CC(Cn1cnc2c(N)ncnc21)OCP(=O)(O)O,1
CCCC[C@H](NC(=O)[C@H](Cc1ccc(CS(=O)(=O)O)cc1)NC(=O)[C@H](CC(=O)O)NC(=O)COCCOCCNC(=O)COCCOCCNC(=O)[C@H](CCCNC(=N)N)NC(=O)CNC(=O)[C@H](CCCCN)NC(=O)[C@@H](NC(=O)[C@H](CC(C)C)NC(=O)[C@H](Cc1c[nH]c2ccccc12)NC(=O)[C@H](C)NC(=O)[C@@H](NC(=O)[C@H](Cc1ccccc1)NC(=O)[C@H](CCC(=O)O)NC(=O)[C@H](CCCCNC(=O)COCCOCCNC(=O)COCCOCCNC(=O)CC[C@H](NC(=O)CCCCCCCCCCCCCCCCC(=O)O)C(=O)O)NC(=O)[C@H](C)NC(=O)[C@H](C)NC(=O)[C@H](CCC(N)=O)NC(=O)CNC(=O)[C@H](CCC(=O)O)NC(=O)[C@H](CC(C)C)NC(=O)[C@H](Cc1ccc(O)cc1)NC(=O)[C@H](CO)NC(=O)[C@H](CO)NC(=O)[C@@H](NC(=O)[C@H](CC(=O)O)NC(=O)[C@H](CO)NC(=O)[C@@H](NC(=O)[C@H](Cc1ccccc1)NC(=O)[C@@H](NC(=O)CNC(=O)[C@H](CCC(=O)O)NC(=O)[C@H](C)NC(=O)[C@@H](N)Cc1cnc[nH]1)[C@@H](C)O)[C@@H](C)O)C(C)C)[C@@H](C)CC)C(C)C)C(=O)NCC(=O)N[C@@H](Cc1c[nH]c2ccccc12)C(=O)N[C@@H](CCCC)C(=O)N(C)[C@H](CC(=O)O)C(=O)N(C)[C@@H](Cc1ccccc1)C(N)=O,0
CN(C)C(=O)c1nc(CNC(=O)CN)n(-c2ccc(Cl)cc2C(=O)c2ccccc2Cl)n1,0
O=C(NCCOP(=O)(O)O)c1ccc(OC(F)(F)F)cc1,0
CC(C)[C@@]1(NC(=O)[C@@H]2C[C@@H]3c4cccc5[nH]cc(c45)C[C@H]3N(C)C2)O[C@@]2(O)[C@@H]3CCCN3C(=O)[C@H](Cc3ccccc3)N2C1=O,0
O=C(O)C1CSC(C(O)C(O)C(O)CO)N1,1
CC1=C[C@H](C)[C@]2(CO)CO[C@H](c3ccc(O)cc3)[C@H]1[C@@H]2C,0
CC(/C=C1\SC(=S)N(CC(=O)O)C1=O)=C\c1ccccc1,1
N[C@@H](Cc1ccccc1)B(O)O,0
CC(C)(Cc1ccc(Oc2ccc(C(N)=O)cn2)cc1)NC[C@H](O)COc1cccc2[nH]c3ccccc3c12,0
C=C(C)C(=O)SCCNC(=O)CCNC(=O)[C@H](O)C(C)(C)COP(=O)(O)OP(=O)(O)OC[C@H]1O[C@@H](n2cnc3c(N)ncnc32)[C@H](O)[C@@H]1OP(=O)(O)O,0
C=CC(=O)N1C[C@H](COc2nc(Nc3cnn(C)c3)nc3[nH]cc(Cl)c23)[C@@H](OC)C1,0
O=C(O[C@H]1CN2CCC1CC2)N1CCc2ccccc2[C@@H]1c1ccccc1,0
CCCN(CCC)C(=O)Cc1c(-c2ccc(Cl)cc2)nc2ccc(Cl)cn12,1
O=C(O)CCP(=O)(O)O,0
c1ccc2c(c1)Cc1ccc3ccccc3c1-2,1
Nc1c(Br)c(C(=O)O)c(Br)c(C(=O)O)c1Br,0
CNc1ccc(/C=C/c2ccc(OCCOCCOCC[18F])cc2)cc1,0
OC[C@H]1O[C@@H](O[C@@H]2[C@H](O)[C@@H](O)[C@H](O)O[C@@H]2CO)[C@H](O)[C@@H](O)[C@H]1O,0
O=C(NCN1CCOCC1)c1cnccn1,0
CC(C)(Oc1ccc(Cl)cc1)C(=O)OC(COC(=O)c1cccnc1)COC(=O)c1cccnc1,0
NCCCCOB1OCCO1,0
CCCCCCCCSC[C@H](NC(=O)CC[C@H](N)C(=O)O)C(=O)NCC(=O)O,0
CN1C(=O)[C@@H](NC(=O)[C@H](CCC(F)(F)F)[C@H](CCC(F)(F)F)C(N)=O)N=C(c2ccccc2)c2ccccc21,0
O=c1[nH]c(=O)n([C@H]2C[C@H](O)[C@@H](CO)O2)cc1/C=C/Br,0
CCCC(=O)N(c1ccccc1)C1CCN(CCc2ccccc2)CC1,0
C=CCN=C=S,1
Clc1ccc(COC(Cn2ccnc2)c2ccc(Cl)cc2Cl)c(Cl)c1,1
CC1CN(C2CCC(C#N)(c3ccc(F)cc3)CC2)CCC1(C(=O)O)c1ccccc1,1
CCCCCCCNC=O,0
NC(=O)/C=C/C(CS(=O)O)=C(/Nc1c(C=O)cc2ccccn12)C(=O)O,0
COc1ccc(NC(=O)C=C(C)C=CC=C(C)C=CC2=C(C)CCCC2(C)C)cc1,1
O=C1N=c2ccc3ncsc3c2=C1CNc1ccc(S(=O)(=O)Nc2ccccn2)cc1,0
O=[N+]([O-])c1cccc(B(O)O)c1,0
O=C(NC(=S)Nc1nc2ccc(F)cc2s1)c1ccc(Cl)cc1,0
NC(N)=NCC(=O)O,0
CN(C)C(=O)COC(=O)Cc1ccc(OC(=O)c2ccc(N=C(N)N)cc2)cc1,0
CCCOc1ccc(C(=O)CCN2CCCCC2)cc1,0
O=C(CCN1CCN2CCCC2C1)N1c2ccccc2Sc2ccc(Cl)cc21,1
N[C@@H](CCS(=O)(=O)O)CSSC[C@@H](N)CCS(=O)(=O)O,0
CC1CC(OC(=O)c2ccccc2O)CC(C)(C)C1,0
CCCC[C@H](N)C(=O)O,0
NC(CO)C(=O)NNCc1ccc(O)c(O)c1O,0
O=P1(N(CCCl)CCCl)NC(O)CCO1,1
O=C(OC1CN2CCC1CC2)N1CCc2ccccc2C1c1ccccc1,1
C=C1CCC2C(C)(CO)C(O)CCC2(C)C1CC=C1C(=O)OCC1O,1
O=C1c2c(O)ccc(O)c2C(=O)c2c(NCCNCCO)ccc(NCCNCCO)c21,1
CC(C)[C@H](NC(=O)OCc1ccccc1)P(=O)(O)O[C@H](C(=O)O)c1cccc(CN)c1,0
Cn1c(=O)c2c(ncn2CCNCc2cccnc2)n(C)c1=O,0
C=CCN1C(=O)N(CC=C)[C@H](Cc2ccccc2)[C@H](O)[C@@H](O)[C@H]1Cc1ccccc1,0
CC(=O)[C@H]1CC[C@H]2[C@@H]3C=C(Cl)C4=CC(=O)C=C[C@@]4(C)[C@@H]3CC[C@]12C,0
O=C1C=C(c2cccc(O)c2)S(=O)(=O)N1,0
Cc1cc(Nc2cc(N)ncn2)c(=O)n2c1C(=O)NC21CCCCC1,0
OC[C@@H](O)[C@@H](O)[C@H](O)[C@@H](O)CO,0
O=C(CN1C(=O)C2(CCCC2)NC[C@H]1c1cc(F)cc(F)c1)Nc1ccc2c(c1)C[C@@]1(C2)C(=O)Nc2ncccc21,0
CC[n+]1c(C)c(C(=O)OC(C)C)c(-c2ccccc2Cl)c(C(=O)O)c1C(=O)O,0
O=[N+]([O-])c1cc([N+](=O)[O-])c(Cl)c([N+](=O)[O-])c1,1
CC1=C(C(=O)N2CCC[C@H]2c2ccc(F)cc2)[C@@H](c2ccc(Cl)c(Cl)c2)n2nccc2N1,0
CCCCC/C=C\C/C=C\C=C\C=C\[C@@H](SC[C@H](N)C(=O)NCC(=O)O)[C@@H](O)CCCC(=O)O,0
COP(=O)(OC)Oc1ccc([N+](=O)[O-])cc1,1
Brc1cnc2c(NCc3cncnc3)cc(-c3ccccc3)cn12,0
COc1ccc2c(c1)C13CCCCC1C(C2)N(C)CC3,0
CCC1CN2CCc3cc(OC)c(OC)cc3C2CC1CC1NCCc2cc(OC)c(OC)cc21,1
COC=C(C(=O)OC)c1ccccc1Oc1cc(Oc2ccccc2C#N)ncn1,1
CCCC[C@@H](C(=O)O)N1CCN[C@H](Cc2ccccc2)C1=O,0
CCc1nc(N)nc(N)c1-c1ccc2c(c1)N(CCNC(C)=O)C(=O)C(C)(C)O2,0
CC(C)(C)NC(=O)[C@@H]1CN(Cc2cccnc2)CCN1C[C@@H](O)C[C@@H](Cc1ccccc1)C(=O)N[C@H]1c2ccccc2C[C@H]1O,0
CC(N)=NCCC[C@H](N)C(=O)O,0
CC12CCC3C(CCC4=CC(=O)CCC43C)C1CCC2=O,1
CCCCC/C=C\C/C=C\CCCCCCCC(=O)O,0
Cc1cc2cc(Oc3ccnc(Nc4cccc(CS(=O)(=O)NCCN(C)C)c4)n3)ccc2[nH]1,0
Nc1nc2c(c(=O)[nH]1)N[C@H]1C(S)=C(S)[C@@H](COP(=O)(O)O)O[C@H]1N2,0
CC(COc1ccccc1)NC(C)Cc1ccccc1,0
CCCCCC(O)C=CC1C(O)CC(=O)C1CCCCCCC(=O)O,1
NC(CCC(=O)O)C(=O)O,1
CCCCCCC(C)(C)c1cc(O)c2c(c1)OC(C)(C)[C@@H]1CC=C(C(=O)O)C[C@@H]21,0
Cl[223Ra]Cl,0
O=C(O)CC[C@@H](Cc1ccc(OCc2ccccc2)cc1)NC(=O)CCCCCCc1ccccc1,0
COc1cc(C=CCO)cc(OC)c1OC1OC(CO)C(O)C(O)C1O,1
N[C@@H](C(=O)N[C@H]1C(=O)N2C(C(=O)O)=C(Cl)CC[C@H]12)c1ccccc1,0
O=C(O)CCC(=O)Nc1ccc(S(=O)(=O)Nc2nccs2)cc1,0
C[C@@H](N)C(=O)O,0
CCCCCCCCCCCCCCCC(=O)NCCCCCCNC(=O)C1CCCCNC(=O)CCN2C(=O)CC(SC[C@H](NC(=O)[C@H](CCCCN)NC(=O)[C@H](C)NC(=O)[C@H](C)NC(=O)[C@H](CCC(=O)O)NC(=O)[C@H](CCC(=O)O)NC(=O)[C@H](CCC(=O)O)NC(=O)[C@H](CC(C)C)NC(=O)[C@H](Cc3ccc(O)cc3)NC(=O)[C@H](CCC(=O)O)NC(=O)[C@@H](NC(=O)[C@@H](NC(=O)[C@H](CC(=O)O)NC(=O)[C@H](CC(N)=O)NC(=O)[C@@H](NC(=O)[C@H](Cc3ccc(O)cc3)NC(=O)[C@@H](NC(=O)CNC(=O)[C@H](CCC(=O)O)NC(=O)C(C)(C)NC(=O)[C@@H](N)Cc3c[nH]cn3)[C@@H](C)O)[C@@H](C)O)C(C)C)[C@@H](C)O)C(=O)N[C@@H](Cc3ccccc3)C(=O)N[C@@H]([C@@H](C)CC)C(=O)N[C@@H](CCC(=O)O)C(=O)N[C@@H](Cc3c[nH]c4ccccc34)C(=O)N[C@@H](CC(C)C)C(=O)N[C@@H]([C@@H](C)CC)C(=O)N[C@H](C(=O)NCC(=O)N[C@@H](CCCCN)C(=O)N3CCC[C@H]3C(=O)N[C@@H](CO)C(=O)N[C@@H](CO)C(=O)NCC(=O)N[C@@H](C)C(=O)N3CCC[C@H]3C(=O)N3CCC[C@H]3C(=O)N3CCC[C@H]3C(=O)N[C@@H](CO)C(=O)NCCOCCOCC(=O)NCCOCCOCC(=O)N[C@@H](Cc3ccc(O)cc3)C(=O)NCC(=O)N[C@@H](Cc3c[nH]c4ccccc34)C(=O)N[C@@H](CC(C)C)C(=O)N[C@@H](CC(=O)O)C(=O)N[C@@H](Cc3ccccc3)C(N)=O)CSC3CC(=O)N(CCC(=O)N1)C3=O)C2=O,0
CCN(CC)C(=S)SC(=S)N(CC)CC,0
CCCCN(CCCC)CC(O)c1cc(Cl)cc2c1-c1ccc(Cl)cc1/C2=C/c1ccc(Cl)cc1,0
O=P(O)(O)OC[C@H]1O[C@@H](O)C[C@@H](O)[C@@H]1O,0
O=c1[nH]cnc2c1ncn2C1OC(COP(=O)(O)O)C(O)C1O,1
COc1ccc2c(c1OC)C(=O)OC2C1c2c(cc3c(c2OC)OCO3)CCN1C,1
CCOc1ccc(Cc2nccc3cc(OCC)c(OCC)cc23)cc1OCC,0
CC[C@H]1OC(=O)[C@H](C)[C@@H](O[C@H]2C[C@@](C)(OC)[C@@H](O)[C@H](C)O2)[C@H](C)[C@@H](O[C@@H]2O[C@H](C)C[C@H](N(C)C(C)C)[C@H]2O)[C@@]2(C)CC(C)=C(O2)[C@H](C)C(=O)[C@]1(C)OC,0
NC(=NCc1ccccc1)NC(=O)c1nc(Cl)c(N)nc1N,1
Cc1ccc(C(=O)Oc2cc(OC(=O)c3ccc(C)cc3)cc(C(O)CNC(C)(C)C)c2)cc1,0
CCP(=O)(OC)c1ccc2oc(-c3cccc(C(F)(F)F)c3)nc2c1,1
CCOP(=S)(Oc1ccc([N+](=O)[O-])cc1)c1ccccc1,1
CC(Cc1ccccc1)N(C)Cc1ccco1,0
CCCC(=O)Nc1c(I)cc(I)c(CC(CC)C(=O)O)c1I,0
COc1cc(Cc2cnc(N)nc2N)cc(OC)c1Br,0
N=c1c[n+](N2CCOCC2)[n-]o1,0
O=C(N/N=C/c1c[nH]c2ccccc12)c1cc2cc([N+](=O)[O-])ccc2s1,0
NC(=O)[C@H]1O[C@H](CO)[C@@H](O)[C@H](O)[C@H]1O,0
CCCCCCCCCCCCCCCC(=O)SC[C@H](N)C(=O)O,0
COC(=O)[C@H](Cc1cccc(C(=N)N)c1)[C@@H](C)NC(=O)c1ccc(-c2cc[n+]([O-])cc2)cc1,0
COc1ccc(-c2nc3cc(C4=NNC(=O)CC4C)ccc3[nH]2)cc1,0
Cc1ccc2c(-c3nc(Nc4cc(CN5C[C@@H](C)N[C@@H](C)C5)cc(C5CC5)c4)ncc3Cl)c[nH]c2c1,0
Clc1cnc(Oc2ccc(Oc3ncc(Cl)cc3Cl)cc2)c(Cl)c1,1
OC[C@@H](O)[C@H]1OC[C@H](O)[C@H]1O,0
Cc1ccc(S(=O)(=O)C(=C(Br)c2ccccc2)c2ccccc2)cc1,1
NC(=O)N[C@@H](CC(=O)O)C(=O)O,0
CC[C@H](CO)Nc1nc(NCc2ccccc2)c2ncn(C(C)C)c2n1,0
C[C@@H]1NC(C)(C)CO[C@@]1(O)c1cccc(Cl)c1,0
C[N@+]12CCCC[C@@H]1CCC(=C(c1cccs1)c1cccs1)C2,0
CN(C)C(CCOc1cccc2ccccc12)c1ccccc1,1
C1COCCN1,0
CN[C@@H]1C[C@H]2O[C@@](C)([C@@H]1OC)n1c3ccccc3c3c4c(c5c6ccccc6n2c5c31)C(=O)N[C@@H]4O,0
c1cnc(N2CCN(Cc3ccc4c(c3)OCO4)CC2)nc1,0
CC(=O)Nc1ccc(S(=O)(=O)O)c2cc(S(=O)(=O)O)c(N=Nc3ccccc3)c(O)c12,1
Cc1cc(N)nc(C[C@H]2CNC[C@@H]2NCCNCc2cccc(Cl)c2)c1,0
Cc1c(N=C=O)cccc1N=C=O,1
CCC(C)C1NC(=O)CNC(=O)C2Cc3c([nH]c4cc(O)ccc34)SCC(NC(=O)CNC1=O)C(=O)NC(CC(=O)O)C(=O)N1CC(O)CC1C(=O)NC(C(C)C(O)CO)C(=O)N2,1
NS(=O)(=O)c1cc(Cl)c(Cl)c(S(N)(=O)=O)c1,0
CSc1nc2ccccc2c(=O)n1-c1c(F)cccc1F,0
CCN(CC)CCn1cnc2c1c(=O)n(C)c(=O)n2C,0
CC(=O)OC[C@H]1O[C@@H](n2ccc(=O)[nH]c2=O)[C@H](OC(C)=O)[C@@H]1OC(C)=O,0
CN1Cc2c(Cl)cc(Cl)cc2[C@H](c2cccc(S(=O)(=O)NCCOCCOCCNC(=O)NCCCCNC(=O)NCCOCCOCCNS(=O)(=O)c3cccc([C@@H]4CN(C)Cc5c(Cl)cc(Cl)cc54)c3)c2)C1,0
COc1cc(O)cc(O)c1C(=O)/C=C/c1ccccc1,0
Nc1ccc(CC(=O)OCCBr)c(C=O)c1,0
CCCC[C@H](OP(=O)(O)O)C(=O)N[C@@H](CC(C)C)C(=O)Nc1ccc([N+](=O)[O-])cc1,0
COc1ccc([C@H]2CNC(=O)C2)cc1OC1CCCC1,0
CCOC=C1N=C(c2ccccc2)OC1=O,1
N[C@@H](CSCCC(=O)Nc1ccc2ncnc(Nc3ccccc3)c2c1)C(=O)O,0
CCOc1ccc(Cc2nc3cc([N+](=O)[O-])ccc3n2CCN(CC)CC)cc1,0
CN(C)CCCN1C(=O)c2cc([N+](=O)[O-])ccc2Oc2ccccc21,0
CCCC(CCC)C(N)=O,0
CC(C)(C)NCC(O)c1cc(Cl)c(N)c(C(F)(F)F)c1,0
CN1CCCC(CC2c3ccccc3Sc3ccccc32)C1,0
COc1c(Cl)cc2c(c1OC)N(C)C1N3C(=O)C4(C)SSC3(C(=O)N4C)C(O)C21O,1
COCC12CN(C)C3C4C(OC)C1C3(C(OC)CC2O)C1CC2(O)C(OC)C(O)C4(OC(C)=O)C1C2OC(=O)c1ccccc1,1
COc1ccccc1OCCOCCOCCN1CCCCC1,0
O=c1cc(-c2ccc(O)c(-c3c(O)cc(O)c4c(=O)cc(-c5ccc(O)cc5)oc34)c2)oc2cc(O)cc(O)c12,1
NS(=O)(=O)c1cccc2c(O)cccc12,0
CC1(C)CC[C@]2(C(=O)O)CC[C@]3(C)[C@H](C(=O)C=C4[C@@]5(C)C=C(C#N)C(=O)C(C)(C)[C@@H]5CC[C@]43C)[C@@H]2C1,0
CC1(C)CC(=O)N(CCCCN2CCN(c3ncccn3)CC2)C(=O)C1,0
OCCCCC(CCO)CCCCO,0
CCCC(=O)O[C@]1(C(=O)COC(=O)CC)CC[C@H]2[C@@H]3CCC4=CC(=O)CC[C@]4(C)[C@H]3[C@@H](O)C[C@@]21C,0
Clc1cccc(-c2cc(NCc3ccncc3)n3nccc3n2)c1Cl,0
O=C(O)c1cccnc1Nc1cccc(C(F)(F)F)c1,1
CC(C)=CCCC(C)=CCO,1
CC[C@H](C)[C@H](NC(=O)[C@H](Cc1ccccc1)NC(=O)[C@H](CCC(=O)O)NC(=O)[C@H](CCCCNC(=O)COCCOCCNC(=O)COCCOCCNC(=O)CC[C@@H](NC(=O)CCCCCCCCCCCCCCCCC(=O)O)C(=O)O)NC(=O)[C@H](C)NC(=O)[C@H](C)NC(=O)[C@H](CCC(N)=O)NC(=O)CNC(=O)[C@H](CCC(=O)O)NC(=O)[C@H](CC(C)C)NC(=O)[C@H](Cc1ccc(O)cc1)NC(=O)[C@H](CO)NC(=O)[C@H](CO)NC(=O)[C@@H](NC(=O)[C@H](CC(=O)O)NC(=O)[C@H](CO)NC(=O)[C@@H](NC(=O)[C@H](Cc1ccccc1)NC(=O)[C@@H](NC(=O)CNC(=O)[C@H](CCC(=O)O)NC(=O)C(C)(C)NC(=O)[C@@H](N)Cc1c[nH]cn1)[C@@H](C)O)[C@@H](C)O)C(C)C)C(=O)N[C@@H](C)C(=O)N[C@@H](Cc1c[nH]c2ccccc12)C(=O)N[C@@H](CC(C)C)C(=O)N[C@H](C(=O)N[C@@H](CCCNC(=N)N)C(=O)NCC(=O)N[C@@H](CCCNC(=N)N)C(=O)NCC(=O)O)C(C)C,0
N=c1nnc(=N)c1=NNc1cccc(C(=O)O)c1,0
CN(C)CCO/N=C(/C=C/c1ccc(O)cc1)c1ccccc1F,0
CC(C)C[C@H](N)C(=O)NO,0
NC(=O)C1(N2CCCCC2)CCN(CCCN2c3ccccc3CCc3ccccc32)CC1,0
CC(C)CC(N)C(=O)O,1
O=C1CN=C(c2ccccc2)c2cc(Cl)ccc2N1,0
CSc1nnc(C(C)(C)C)c(=O)n1N,1
CCOc1ccn(-c2ccc(F)cc2)c(=O)c1C(=O)Nc1ccc(Oc2ccnc(N)c2Cl)c(F)c1,0
CN1C2C(=O)c3ccccc3C1C1=C2C(=O)c2ccccc2C1=O,0
Cn1cc(-c2ccc(S(=O)(=O)[C@@H]3C[C@@H](C(=O)NC4(C#N)CC4)N(C(=O)C4(C(F)(F)F)CC4)C3)c(C(F)(F)F)c2)cn1,0
CC1CC2OC3C(CC2OC2CC4OC5CC=CCC6OC7C=CC8OC9C(CC8OC7C=CC6OC5CC(O)C4(C)OC2C1)OC1CC=CC(C=CC(O)CO)OC1C9O)OC1C(C)C(C)C2(CC(O)CO2)OC1C(O)C3C,1
O=C(O)C(=O)N(c1ccccc1C(=O)O)c1cccc2ccc(O)cc12,0
[129Xe],0
CCCc1nn(C)c2c(=O)[nH]c(-c3cc(S(=O)(=O)N4CCN(C)CC4)ccc3OCC)nc12,1
O=C(O)c1ccccc1,0
CC[N+](C)(C/C=C/C1=C(C(=O)[O-])N2C(=O)[C@@H](NC(=O)/C(=N\OCF)c3nsc(N)n3)[C@H]2SC1)CC(N)=O,1
Nc1ncnc2c1ncn2[C@@H]1O[C@H](COP(=O)(O)OS(=O)(=O)O)[C@@H](OP(=O)(O)O)[C@H]1O,0
O=C(COP(=O)(O)O)[C@@H](O)[C@@H](O)[C@H](O)COP(=O)(O)O,0
O=C(O)CCCOc1cccc(CCCCCCOc2cc(-c3ccccc3)cc(-c3ccccc3)c2)c1CCC(=O)O,1
OCCc1ccc(O)c(O)c1,0
CCOc1ccccc1OCCN[C@H](C)Cc1ccc(OC)c(S(N)(=O)=O)c1,1
C=C[C@@H]1C[C@]1(NC(=O)[C@@H]1C[C@@H]2CN1C(=O)[C@H](C(C)(C)C)NC(=O)O[C@@H]1C[C@H]1CCCCCc1nc3ccc(OC)cc3nc1O2)C(=O)NS(=O)(=O)C1CC1,0
CC(CCC(=O)NCCS(=O)(=O)O)C1CCC2C3C(O)CC4CC(O)CCC4(C)C3CCC12C,1
Cc1cccc(Nc2nc(Nc3ccc(CC(=O)O)cc3)ncc2C(N)=O)c1,0
CC1(C)S[C@@H]2[C@H](N=CN3CCCCCC3)C(=O)N2[C@H]1C(=O)O,0
Nc1nccc2c1ncn2C1C=C(CO)C(O)C1O,1
N[C@@]1(Cc2ccccc2)CCN2CC[C@@H](C=O)N2C1=O,0
CCCCCCCCCC(=O)CC(=O)N[C@H]1CCNC1=O,0
CN(c1ccc(C(=O)NO)cc1)S(=O)(=O)c1ccc(-c2ccccn2)s1,0
CO[C@@H]1C(=O)CC[C@@](C)(O)[C@@]1(O)[C@@]1(C)O[C@@H]1CC=C(C)C,0
Ic1ccccc1,0
NC(=O)CSC[C@H](N)C(=O)O,0
CC(C(=O)O)c1ccc(C(=O)c2cccs2)cc1,1
CC12CCC3c4cc(O)c(O)cc4CCC3C1CCC2=O,1
O=C1O/C(=C\c2cccc3ccccc23)C(O)=C1c1ccc(Cl)cc1,0
Cc1c2ccccc2c(C)c2c1ccc1ccccc12,1
COc1ccc2cc1Oc1cc3c(cc1OC)CC[N+](C)(C)[C@H]3Cc1ccc(cc1)Oc1c(OC)c(OC)cc3c1[C@@H](C2)[N+](C)(C)CC3,0
COc1cc(O)c(C(=O)Nc2nc(C(=O)NCCN(C(C)C)C(C)C)cs2)cc1OC,0
C/C=C(\C)C(=O)O[C@@H]1C[C@H]2CC[C@@H](C1)N2C,0
CCC[C@@](C)(O)[C@H]1C[C@@]23C=C[C@]1(OC)[C@@H]1Oc4c(OC(C)=O)ccc5c4[C@@]12CCN(C)[C@@H]3C5,0
CCC1OC(=O)C(C)C(OC2CC(C)(OC)C(O)C(C)O2)C(C)C(OC2OC(C)CC(N(C)C)C2O)C(C)(O)CC(C)CN(C)C(C)C(O)C1(C)O,1
CCCCCC(O)C=CC1C(O)CC(O)C1CC=CCCCC(=O)O,1
O=CC(O)CO,1
O=c1c(O)c(-c2ccc(OC3OC(CO)C(O)C(O)C3O)c(O)c2)oc2cc(O)cc(O)c12,1
O=C(O)CN(CCN(CC(=O)O)CC(=O)O)CCN(CC(=O)O)CC(=O)O,0
[O]N=O,1
COc1ccc(S(=O)(=O)Nc2cccnc2Nc2ccc(O)cc2)cc1,0
Nc1cc(C[C@H](N)C(=O)O)c(O)cc1O,0
COc1cc2c(c3oc(=O)c4c(c13)CCC4=O)C1(O)C=COC1O2,1
CC(C)[C@@H](NC(N)=O)C(=O)O,0
CC(=O)N1N=C(c2ccccc2Cl)C[C@H]1c1cccc(O)c1,0
CC(=O)Oc1ccc(C2(c3ccc(OC(C)=O)cc3)C(=O)N(C(C)=O)c3ccccc32)cc1,1
COc1ccc2cc(C(=O)NCCN(C)C)oc2c1,0
C[C@]12CC[C@H](O)C[C@@H]1CC[C@@H]1[C@@H]2CC[C@]2(C)C(=O)[C@H](Br)C[C@@H]12,0
O=C1OC2(CCC(C(=O)Nc3ccn(-c4ccccc4F)n3)CC2)c2cnccc21,0
N[C@H]1C(C(=O)O)=CC=C[C@@H]1O,0
C/C=C/[C@H]1O[C@@](O)([C@@H](C)[C@H](O)[C@H](C)[C@H]2OC(=O)/C(OC)=C/C(C)=C/[C@@H](C)[C@@H](O)[C@@H](CC)[C@@H](O)[C@H](C)C/C(C)=C/C=C/[C@@H]2OC)C[C@@H](O[C@H]2C[C@@H](O)[C@H](OC(N)=O)[C@@H](C)O2)[C@@H]1C,0
CC(C)OP(=O)(O)OC[C@H](N)C(=O)O,0
CCCOc1cc([C@]2(C)CNC(=O)O2)ccc1OC,0
COc1ccccc1-c1cc2c(c3c1C(=O)NC3=O)c1cc(O)ccc1n2CCCO,0
C[C@@H](NC(N)=O)C(=O)O,0
CCc1nc(-c2ccc3c(c2)CCC3NC(=O)c2cnn(C)c2)no1,0
CN1CCc2cc3c(cc2C1C1OC(=O)c2c1ccc1c2OCO1)OCO3,1
O=C(O)c1ccc(B(O)O)cc1NS(=O)(=O)c1cc(S(=O)(=O)c2ccccc2)cs1,0
CC[C@@H](NC(C)C)[C@@H](O)c1ccc(O)c2[nH]c(=O)ccc12,0
CCCCCC=CCC(O)C=Cc1cccc(CC(O)CCCCO)n1,1
C[C@@H](C[C@H](O)N[C@@H]1CCCCN(O)C1=O)OC(=O)[C@H](CCCCN(O)[C@@H](O)/C=C/CCCCCCC(=O)O)NC(=O)[C@H]1COC(c2ccccc2O)=N1,0
OCCN1CCN(CCCN2c3ccccc3Sc3ccc(Cl)cc32)CC1,1
COc1ccc(Cl)cc1-c1cc(=O)[nH]c(=S)n1CC(N)=O,0
CCOC(=O)N1CCC(CN(Cc2ccc(Cl)cc2)Cc2ccc([N+](=O)[O-])s2)C1,0
CC[N+](C)(C)Cc1ccccc1Br,0
CS(=O)(=O)c1ccc([C@@H](O)[C@@H](CO)NC(=O)C(Cl)Cl)cc1,0
COc1ccc(-c2cc(N3C[C@H](c4cc(F)c(F)cc4F)[C@@H](N)C3)ncn2)cn1,0
CC1(CCCc2cc(=O)oc3[nH]c(=O)[nH]c(=O)c23)CC1,0
Cc1ccccc1-c1cc(N2CCN(C)CC2)ncc1N(C)C(=O)C(C)(C)c1cc(C(F)(F)F)cc(C(F)(F)F)c1,0
O=C(O)Cn1c(C(=O)Nc2nc(-c3ccccc3Cl)cs2)cc2ccccc21,0
COc1cnc(-n2cnc(C)n2)c2[nH]cc(C(=O)C(=O)N3CCN(C(=O)c4ccccc4)CC3)c12,0
CC(C(=O)O)c1cccc2c(-c3ccccc3)coc12,0
COc1ccc2c3c1O[C@H]1C[C@@H](OC(=O)c4ccccc4)C=C[C@@]31CCN(C)C2,0
CSCCC(O)C(=O)O,1
CS(=O)(=O)c1ccc(-n2cc(Cl)c(OC3CCN(c4ncc(Cl)cn4)CC3)cc2=O)c(F)c1,0
CCS(=O)(=O)c1cccc(-c2cc(C(=O)NC3CCN(C)CC3)c(C)c3[nH]c4ncc(C)cc4c23)c1,0
Fc1ccc(CC2CCNCC2)cc1,0
O=C1CN=C(c2ccccc2F)c2cc(Cl)ccc2N1CC1CC1,0
O=c1c2ccccc2oc2ccc(S(=O)(=O)Nc3nn[nH]n3)cc12,0
[Zr],1
CN1CCC(C#N)(NC(=O)[C@H](CC2CCCCC2)NC(=O)N2CCOCC2)CC1,0
C=C[C@]1(C)C[C@@H](OC(=O)CS[C@@H]2C[C@H]3CC[C@@H](C2)N3C)[C@]2(C)[C@H](C)CC[C@]3(CCC(=O)[C@H]32)[C@@H](C)[C@@H]1O,0
CC(C)=CCCC(C)=CCCC(C)=CCCC(C)=CCOP(=O)(O)OP(=O)(O)O,1
CC(C)=CCC/C(C)=C/CSP(=O)(O)OP(=O)(O)O,0
CC(CCC(=O)O)C1CCC2C3C(O)C(O)C4CC(O)CCC4(C)C3CCC12C,1
CCN1CCC[C@H]1CNC(=O)c1c(OC)ccc(Br)c1OC,1
COc1c(O)cc2oc3cc(O)c(CC=C(C)C)c(O)c3c(=O)c2c1CC=C(C)C,1
C=CCC1(CC(C)C)C(=O)NC(=O)NC1=O,1
Cc1nc(C)c(-c2ccnc(N)n2)s1,0
CCC(=O)N(c1ccccn1)C(C)CN1CCCCC1,0
Cc1cc(=O)oc2ccccc12,0
O=C1c2ccccc2C(=O)c2c1ccc(O)c2O,1
CCCCCCCCCCCCCCCC(=O)NCC(=O)O,0
CC(=O)N[C@@H]1[C@@H](O)[C@H](O)[C@@H](CO)O[C@H]1O,0
CC(=O)n1nc(-c2ccccc2)cc1-c1cn(-c2ccccc2)nc1-c1ccc(OCc2ccccc2)cc1,1
N[C@@H](CC(O)O)C(=O)O,0
Cc1ncccc1NC(=O)c1ccc2c(c1)CC[C@@H]1C[C@@](O)(C(F)(F)F)CC[C@@]21Cc1ccccc1,0
Nc1ccc(OCCCCCN2C(=O)c3ccccc3C2=O)cc1,0
CC(=O)C=CC1=C(C)CCCC1(C)C,1
CCNC(=O)C1CC(F)(c2ccc(CN3CCCC3)c(F)c2)C1,0
O=S(=O)(O)Oc1c[nH]c2ccccc12,0
Cn1cnc2c1c(=O)[nH]c(=O)n2C,0
O=c1ccc2ccc(O)cc2o1,1
COc1ccc(NC2=C(c3ccccc3)C(=O)N(Cc3ccccc3)C2=O)cc1,0
CN1CCOC(c2ccccc2)c2ccccc2C1,1
CCCCCCCCCCCCCC(=O)c1c(O)cc(C)oc1=O,0
CNC(=O)c1cccc(CN2[C@H](COc3ccccc3)[C@H](O)[C@@H](O)[C@@H](COc3ccccc3)N(Cc3ccccc3)S2(=O)=O)c1,0
C=C1/C(=C\C=C2/CCC[C@]3(C)[C@@H]([C@H](C)OCCC(C)(C)O)CC[C@@H]23)C[C@@H](O)C[C@@H]1O,0
C[C@]12CC[C@H]3[C@@H](CCC4=C[C@@H](O)CC[C@@]43C)[C@@H]1CC[C@@H]2O,0
C=CC(=O)OCCO,1
CC12CCC3c4cc(O)c(O)cc4CCC3C1CCC2O,1
O=[Si](O[Si](O)(O)O)O[Si](O)(O)O[Si](=O)O[Si](O)(O)O[Si](O)(O)O[Si](=O)O[Si](O)(O)O,1
CN(C)C(=O)Nc1ccc(Cl)c(Cl)c1,1
CC(c1ccccc1)C1Nc2cc(Cl)c(S(N)(=O)=O)cc2S(=O)(=O)N1,0
CC(C(=O)NCCCCCCNc1c2c(nc3ccccc13)CCCC2)c1ccc(-c2ccccc2)c(F)c1,0
CCOC(=O)Nc1ccc2c(c1)N(C(=O)CN(C)C)c1ccccc1CC2,0
CN(C)c1cccc2c(S(=O)(=O)NCCCCNC(=O)CCS)cccc12,0
CC1(COc2ccc3c(c2)ncn3-c2ccc3cccc(N4CCC(N)CC4)c3n2)COC1,0
O=C1CN(S(=O)(=O)/C=C/c2ccc(Cl)cc2)CCN1CC1CCN(c2ccncc2)CC1,0
O=[N+]([O-])c1ccc(O[C@@H]2O[C@H](CS[C@H]3OC[C@@H](O)[C@H](O)[C@H]3O)[C@@H](O)[C@H](O)[C@H]2O)cc1,0
Nc1nc(N)c2nc(-c3cccc(O)c3)c(-c3cccc(O)c3)nc2n1,0
Nc1nccc(-c2cc3c([nH]2)[C@@H](CCF)CNC3=O)n1,0
COc1cc2c(cc1OC)C(Cc1ccc(Oc3cc(CC4c5cc(OC)c(OC)cc5CCN4C)ccc3O)cc1)N(C)CC2,1
CC(C)(CN1CCN(C2=Nc3ccccc3Oc3ccccc32)CC1)C(=O)O,0
Cc1ncc(CSSCc2cnc(C)c(O)c2CO)c(CO)c1O,1
Cc1ccccc1S(=O)(=O)Nc1cc(-c2ccc(C#N)cc2)sc1C(=O)O,0
CCN(CC)C(=O)[C@H]1CCCc2c1c1c(OC)cccc1n2CC[18F],0
CC[C@@]1(O)C(=O)OCc2c1cc1n(c2=O)Cc2c-1nc1ccccc1c2CC[Si](C)(C)C,0
CCO[C@@H]1Cc2cc(C(F)(F)F)ccc2[C@H]1N1CCN(C2(C)CCN(C(=O)c3c(C)ncnc3C)CC2)C[C@@H]1C,0
Cc1nnc(-c2ccc(C)c(-c3ccc(C(=O)NCC4CC4)cc3)c2)o1,0
C[C@@]1(C(=O)Nc2ccc(C#N)c(C(F)(F)F)c2)CC(C(F)(F)F)=NN1,0
O=C1CCC/C=C/CCOC(=O)c2c(O)cc(O)c(Cl)c2C1,0
C[C@H]1O[C@H](O)[C@H](O)[C@@H](O)[C@@H]1N,0
CCSC(N)=Nc1ccc(C(F)(F)F)cc1,0
ClC1=C(Cl)C2(Cl)C3C(Cl)C(Cl)C(Cl)C3C1(Cl)C2(Cl)Cl,1
N#CC(Cl)Br,1
CCOC(=O)NC(=S)Nc1ccccc1NC(=S)NC(=O)OCC,1
CCCCCC(=O)N[C@@H](CCO)C(=O)O,0
Cc1ncc(C)c(N)n1,0
CN1C(C(=O)Nc2ccccn2)=C(OC(=O)/C=C/c2ccccc2)c2ccccc2S1(=O)=O,0
COC(=O)c1c2c(c3ccccc3c1O)OC(C)(C)C=C2,1
Cc1ccc(Nc2ccc3cc(S(=O)(=O)O)ccc3c2)cc1,1
NC(N)=Nc1ccc(CO)cc1,0
C[C@]1(C(=O)O)OC[C@H]2O[C@@H](O)[C@@H](O)[C@@H](O)[C@@H]2O1,0
[Xe],0
O=C(Nc1ccc(Cl)cc1)NS(=O)(=O)c1ccc2c(c1)CCC2,1
C=C1/C(=C\C=C2/CCC[C@]3(C)C([C@H](C)OCC(=O)NCC(F)(F)C(F)(F)F)=CC[C@@H]23)C[C@@H](O)C[C@@H]1O,0
CC[C@@](C)(Nc1ccnc(-c2c[nH]c3ncccc23)n1)C(=O)NCC(F)(F)F,0
C[C@H]1CNc2c(cccc2S(=O)O)C1,0
O=C(Nc1cc(C2CC2)[nH]n1)c1ccccc1,0
O=P(O)(O)C(O)(Cc1cccc(-c2cccc3c2oc2ccccc23)c1)P(=O)(O)O,0
Cc1[nH]c2ccc(O)cc2c1CCN,1
CCCS(=O)(=O)N1N=Cc2sc(C)cc2B1O,0
CC1(C)C2CC34CCCN3C(=O)C2(CC12Nc1ccccc1C2=O)NC4=O,1
C=CCN(C)C/C=C/COc1cc2c(cc1F)c(-c1ccc(Br)cc1)nn2C,0
CC[C@H](C)[C@H](NC(=O)[C@H](N)Cc1ccc(O)cc1)C(=O)NC1CSSCC(C(=O)N(C)[C@H](C(N)=O)[C@@H](C)CC)NC(=O)[C@H](CCCNC(=N)N)NC(=O)C(Cc2cnc[nH]2)NC(=O)[C@H](C)NC(=O)CN(C)C(=O)[C@H](Cc2c[nH]c3ccccc23)NC(=O)[C@H](CC(=O)O)NC(=O)C(CCC(N)=O)NC(=O)[C@H](Cc2cn(C)c3ccccc23)NC(=O)C(C(C)C)NC1=O,0
CC1(C)CC(O)CC2(C)OC(=O)C=C12,1
CCCCCCCCCCCCCCC(Br)C(=O)O,1
CS(=O)(=O)N1CCC([C@H]2c3ccc(Cl)cc3C(N3CCNCC3)=Cc3cccnc32)CC1,0
CCCCc1nc2cc(/C=C/C(=O)NO)ccc2n1CCN(CC)CC,0
C[N+](C)(C)CCCCCC[N+](C)(C)C,0
CCN(CC)C(=O)c1cccnc1,0
CN(C(=O)c1ccc(F)cc1C(F)(F)F)C1CCN(c2nnc(-c3ccnn3C)c3ccccc23)CC1,0
COc1ccc(C(=O)N2CCCC2=O)cc1,0
CCCCCCP(=O)(O)OC[C@@H](C)Cc1ccccc1,0
CC[C@H](C)[C@H](N)C(=O)NS(=O)(=O)NC[C@H]1O[C@@H](n2cnc3c(N)ncnc32)[C@H](O)[C@@H]1O,0
NC1c2cccnc2C(OC(=O)N2CCC(n3c(=O)[nH]c4ncccc43)CC2)CCC1c1cccc(F)c1F,0
C[Hg+],1
COc1cc(C=O)ccc1O,1
CCCN(CCc1cccs1)C1CCc2c(O)cccc2C1,0
O=C(/C=C/c1cccnc1)NCCCCC1CCN(C(=O)c2ccccc2)CC1,0
COc1cc(C2c3cc4c(cc3C(O)C(CO)C2C(=O)O)OCO4)cc(OC)c1OC,0
O=Nc1c(O)n(Cc2cc(F)cc3c2OCOC3)c2ccc(F)cc12,0
C=C(Br)CC1(C(C)C)C(=O)NC(=O)N(C)C1=O,0
C[C@@]1(O)OC[C@H](O)C1(O)O,0
O=C(O)c1ccc(NC(=O)[C@H](Cc2ccc(O)cc2)NC(=O)c2ccccc2)cc1,0
C[C@H](NC(=O)[C@H](C)NC(=O)OC(C)(C)C)C(N)=O,0
CCc1cccc(CC)c1NC(=O)CN(CC(=O)O)CC(=O)O,0
CC(CCC(=O)NCCS(=O)(=O)O)C1CCC2C3C(O)C(O)C4CC(O)CCC4(C)C3CCC12C,1
O=S(O)c1ccccc1-c1ccccc1O,0
CCC(N)C(O)c1ccc(O)c(O)c1,0
C1COC(NC(C2CC2)C2CC2)=N1,0
C[C@]12CC[C@H]3[C@@H](CCC4=CC(=O)CC[C@@H]43)[C@@H]1C[C@H]1O[C@@H](c3ccco3)O[C@]12C(=O)C[18F],0
OCCN1CCN(CCC=C2c3ccccc3Sc3ccc(Cl)cc32)CC1,0
C=C(C/C=C(\C)CCC=C(C)C)CCC(C)(C)/C=C/CC/C(C)=C/CCOC(=O)[C@H](O)COP(=O)(O)O[C@H]1O[C@H](C(=O)O)[C@@](C)(O)[C@H](OC(N)=O)[C@H]1O[C@@H]1O[C@H](CO[C@@H]2O[C@H](CO)[C@@H](O)[C@H](O)[C@H]2O)[C@@H](O[C@@H]2O[C@H](C)[C@@H](O[C@@H]3O[C@H](C(=O)NC4=C(O)CCC4=O)[C@H](O)[C@H](O)[C@H]3O)[C@H](O)[C@H]2NC(C)=O)[C@H](O)[C@H]1NC(C)=O,0
CN1C(=O)c2c(nn(Cc3ccc(-c4cccc(F)n4)cc3)c2Nc2ccccc2)N2C1=N[C@@H]1CCC[C@@H]12,0
CN1CCN(C)c2cc(CN)ccc21,0
O=C(O)CCCCCNC(=O)NC1CCCCC1,0
CC[C@@H](OP(=O)(O)O)C(=O)O,0
Oc1ccc([C@@H]2Oc3cccc(O)c3[C@@H]3CCC[C@@H]32)cc1,0
N[C@H](CCC(=O)O)C(=O)O,0
NC(CCC(=O)NC(CSc1cc(O)c(SCC(NC(=O)CCC(N)C(=O)O)C(=O)NCC(=O)O)c(SCC(NC(=O)CCC(N)C(=O)O)C(=O)NCC(=O)O)c1O)C(=O)NCC(=O)O)C(=O)O,1
COC(=O)CC1C2(C)C3=C(C)C(c4ccoc4)CC3OC2C2OC(=O)C3(C)C=CC(=O)C1(C)C23,1
C[C@@H](c1ccc2nccn2c1)n1nnc2ncc(-c3cnn(C)c3)nc21,0
CC1=C(CCCCCC(=O)O)C(=O)c2ccccc2C1=O,0
CNC(C)C1C(O)CC2(C)C3CCC4C(C)(C)C(NC)CCC45CC35CCC12C,1
O=C(O)C(=O)C[C@H](O)[C@@H](O)C(=O)O,0
C[S@@+]([O-])CC[C@H](N)C(=O)O,0
NCCc1ccc(S(N)(=O)=O)cc1,0
CC(C)C[C@H](NC(=O)[C@H](Cc1c[nH]c2ccccc12)NC(=O)[C@H](CCCCN)NC(=O)[C@@H](NC(=O)[C@H](Cc1ccccc1)NC(=O)[C@H](CCC(=O)O)NC(=O)[C@H](CCC(=O)O)NC(=O)[C@H](C)NC(=O)[C@H](CCCNC(=N)N)NC(=O)[C@H](C)NC(=O)C(C)(C)NC(=O)[C@H](CC(=O)O)NC(=O)[C@H](CC(C)C)NC(=O)[C@H](Cc1ccc(O)cc1)NC(=O)[C@H](CCCCN)NC(=O)[C@H](CO)NC(=O)[C@H](Cc1ccc(O)cc1)NC(=O)[C@H](CC(=O)O)NC(=O)[C@H](CO)NC(=O)[C@@H](NC(=O)[C@H](Cc1ccccc1)NC(=O)[C@@H](NC(=O)CNC(=O)[C@H](CCC(N)=O)NC(=O)[C@H](CO)NC(=O)[C@@H](N)Cc1c[nH]cn1)[C@@H](C)O)[C@@H](C)O)C(C)C)C(=O)N[C@@H](CCC(=O)O)C(=O)N[C@@H](CO)C(=O)N[C@H](C(=O)O)[C@@H](C)O,0
CC1OC(OC2C(O)CC(OC3C(O)CC(OC4CCC5(C)C(CCC6C5CCC5(C)C(C7=CC(=O)OC7)CCC65O)C4)OC3C)OC2C)CC(O)C1O,1
Nc1c(F)cc(S(=O)(=O)Nc2nnc(S(N)(=O)=O)s2)cc1Cl,0
C[C@H](N=C1NC(=O)[C@](C)(C(C)(C)O)S1)c1ccc(F)cc1,0
Nc1ncnc(Nc2ccc(Cl)cc2)n1,0
Nc1ccncc1N,0
N#C[Se]Cc1ccccc1,1
Nc1ncc2ncn(COCCO)c2n1,1
[Bi],0
CN(C)c1cccc2c(S(N)(=O)=O)cccc12,0
CC(C)(C)C(=O)SCC(=O)[C@@]1(O)CC[C@H]2[C@@H]3CCC4=CC(=O)CC[C@]4(C)[C@H]3[C@@H](O)C[C@@]21C,0
CCC(C)n1ncn(-c2ccc(N3CCN(c4ccc(OC[C@H]5CO[C@](Cn6cncn6)(c6ccc(F)cc6F)O5)cc4)CC3)cc2)c1=O,1
COc1cc(C)ccc1O,1
Cn1cc(C2=C(c3cn(CCCN)c4ccccc34)C(=O)NC2=O)c2ccccc21,0
N#Cc1c(NC(=O)c2ccccc2F)sc2c1CCCC2,0
CC(=O)N[C@@H](Cc1ccc(C(F)(F)P(=O)(O)O)cc1)C(=O)N[C@H]1CCCCN(Cc2ccc(-c3ccccc3)cc2)C1=O,0
NC(=O)c1ccc[n+]([C@@H]2O[C@H](COP(=O)([O-])OP(=O)(O)OC[C@H]3O[C@@H](n4cnc5c4ncn4ccnc54)[C@H](O)[C@@H]3O)[C@@H](O)[C@H]2O)c1,0
CCCCCON=O,0
CCCCCCCCCCC=O,0
C=C(N=C(O)C(=C)N=C(O)c1csc(C2=NC3c4csc(n4)C4N=C(O)c5csc(n5)C(C(C)(O)C(C)O)N=C(O)C5CSC(=N5)/C(=C\C)N=C(O)C(C(C)O)N=C(O)c5csc(n5)C3(CC2)N=C(O)C(C)N=C(O)C(=C)N=C(O)C(C)N=C(O)C(C(C)CC)NC2C=Cc3c(C(C)O)cc(nc3C2O)C(=O)OC4C)n1)C(=N)O,0
O=[N+]([O-])c1cccc(O[C@H]2O[C@H](CO)[C@H](O)[C@H](O)[C@H]2O)c1,0
CCC(C)n1ncn(-c2ccc(N3CCN(c4ccc(OCC5COC(Cn6cncn6)(c6ccc(Cl)cc6Cl)O5)cc4)CC3)cc2)c1=O,1
CC1(C)C2CCC1(CS(=O)(=O)O)C(=O)/C2=C/c1ccc(/C=C2/C(=O)C3(CS(=O)(=O)O)CCC2C3(C)C)cc1,0
CC/C=C\C/C=C\C/C=C\C/C=C\C/C=C\C/C=C\CCC(=O)OCC,0
CCCCC(C)C=C(C)C=C(C)C(=O)NC1=CC(O)(C=CC=CC=CC(=O)NC2=C(O)CCC2=O)C2OC2C1=O,1
CCCCCCCCCCCCCCCCOCCCOP(=O)(O)CO[C@H](C)Cn1cnc2c(N)ncnc21,0
CCNC,0
O=C1CCCC/C=C/CCOC(=O)c2c(O)cc(O)c(Cl)c2C1,0
O=C(O)CCCc1ccc(N(CCCl)CCCl)cc1,1
CC[C@H](C)C(NC(=O)[C@@H](N)CCCN=C(N)N)C(=O)N[C@H](C(=O)N1CCC[C@H]1C(=O)N[C@@H](C)C(N)=O)C(C)C,0
NS(=O)(=O)c1ccc(NCc2ccccc2)cc1,0
O=C(O)[C@@H]1O[Sb]2(O[Sb]34O[C@H]([C@H](O)CO)[C@H](O3)[C@H](C(=O)O)O4)O[C@H]([C@H](O)CO)[C@@H]1O2,0
ClC(Cl)=C(Cl)C(Cl)=C(Cl)Cl,1
O=C(O)c1cccc2c3c(n(Cc4ccccc4)c12)CCCC3,0
O=C(Nc1ccc(S(=O)(=O)N2CCOCC2)cc1)c1cc(Cl)ccc1NS(=O)(=O)c1ccc(Cl)s1,0
Nc1nc2ccc(OC(F)(F)F)cc2s1,1
NS(=O)(=O)c1ccc(NC(=S)OCCc2ccsc2)cc1,0
CC1CCOC2Cn3cc(C(=O)NCc4ccc(F)cc4F)c(=O)c(O)c3C(=O)N12,1
Cc1ncc(C[n+]2csc(CCOP(=O)(O)OP(=O)([O-])O)c2C)c(N)n1,0
CC1CNc2c(cccc2S(=O)(=O)N[C@@H](CCCN=C(N)N)C(=O)N2CC[C@@H](C)C[C@@H]2C(=O)O)C1,0
FC(F)(F)C(F)(F)C(F)(F)C(F)(F)C(F)(F)C(F)(F)F,0
CC(CN1c2ccccc2Sc2ccccc21)[N+](C)(C)CCO,0
CC(Nc1ccc(C#N)n(C)c1=O)c1cc2cc(Cl)ccc2[nH]c1=O,1
C[C@]1(C(=O)N(CCCC(=O)O)Cc2cccc(Cl)c2)CCN1C(=O)c1csc2ccccc12,0
COc1ccc(CC(C)(C)NC[C@H](O)c2cc(O)cc3c2OCC(=O)N3)cc1,0
CC(C)(C)NCC(O)COc1cccc2c1SCCC2,0
O=P(O)(O)C(F)(F)c1ccc(C[C@](C/C=C/c2ccccc2)(c2nc3ccccc3s2)n2nnc3ccccc32)cc1,0
C=C1C(=O)[C@]23[C@H](OC(=O)/C=C/c4ccccc4)[C@H]1CC[C@H]2[C@]12C=CCC(C)(C)[C@H]1[C@H](O)[C@]3(O)OC2,0
CC(=O)N/C(=C\c1ccc(CC(=O)O)c(C=O)c1)C(=O)N[C@H]1CCCCN(Cc2ccc(-c3ccccc3)cc2)C1=O,0
C=C=CCNCCCCNCC=C=C,0
CC=CC1=C(C(=O)O)N2C(=O)C(NC(=O)C(N)c3ccc(O)cc3)C2SC1,1
Cc1cc(F)ccc1[C@H]1CNCCN1C(=O)N(C)[C@H](C)c1cc(C(F)(F)F)cc(C(F)(F)F)c1,0
CN1CCC23CCCCC2C1Cc1ccc(O)cc13,0
CCC1(O)CC2CN(CCc3c([nH]c4ccccc34)C(C(=O)OC)(c3cc4c(cc3OC)N(C)C3C(O)(C(N)=O)C(O)C5(CC)C=CCN6CCC43C65)C2)C1,1
N[C@@H](C[C@H](CCC[18F])C(=O)O)C(=O)O,0
C[C@H](COc1ccc([C@@H]2Oc3ccc(O)cc3S[C@@H]2c2ccc(O)cc2)cc1)N1CCCC1,0
COc1cc(CNCCC2CCOCC2)ccc1Oc1cnc(C(N)=O)cn1,0
C1CN1c1nc(N2CC2)nc(N2CC2)n1,0
FC(Br)C(F)(F)F,0
OC[C@H]1O[C@H](O[C@H]2[C@H](O)[C@@H](O)[C@H](OCCCCCCC3CCCCC3)O[C@@H]2CO)[C@H](O)[C@@H](O)[C@@H]1O,0
Cc1ncc([N+](=O)[O-])n1CCO,1
O=C(C=Cc1ccc(O)cc1)c1ccc(O)cc1O,1
O=C(NC(=S)Nc1nc2ccc(F)cc2s1)c1ccccc1,0
O=C1NC(=S)NC(=O)C1C(=O)Nc1ccccc1,1
CN(C)c1ncnc2c1ncn2C1OC(CO)C(N)C1O,1
O=C(O)[C@@H]1C[C@]2(C(=O)O)C=C[C@@H](O)[C@@H](C2)O1,0
CCCCCC/C=C\CCCCCCCC(=O)O,0
CN1[C@@H]2CC[C@H]1CC(OC(=O)c1c[nH]c3ncccc13)C2,0
COc1ccc(Sc2nc(N)nc3c2ncn3CCOCP(=O)(OCC(F)(F)F)OCC(F)(F)F)cc1,0
CC1(C)OC2COC3(COS(N)(=O)=O)OC(C)(C)OC3C2O1,1
COC(=O)c1ccc(-c2ccc(C(=O)OC)cc2)cc1,0
[67Ga+3],0
C/C(=N\N=C(N)N)c1cc(NC(=O)CCCCCCCCC(=O)Nc2cc(/C(C)=N/N=C(N)N)cc(/C(C)=N/N=C(N)N)c2)cc(/C(C)=N/N=C(N)N)c1,0
O=S(=O)(O)c1ccc(N=C2C=CC(=C(c3ccc(Nc4ccc(S(=O)(=O)O)cc4)cc3)c3ccc(Nc4ccc(S(=O)(=O)O)cc4)cc3)C=C2)cc1,1
Nc1c[nH]c(=O)[nH]c1=O,0
Nc1ncnc2c1ncn2[C@@H]1O[C@H](COP(=O)(O)O)[C@@H](OP(=O)(O)O)[C@H]1O,0
CN1CC[C@H](N(C)C(=O)N2CC(c3cc(F)ccc3F)=C[C@@]2(CO)c2ccccc2)[C@H](F)C1,0
O=C(O)c1ccccc1OP(=O)(O)O,0
CC(C)(C)C(=O)Nc1cccnc1C(=O)Nc1nccs1,0
O=c1[nH]c(Nc2ccccc2)nc2c1ncn2CCCCO,0
[Zr+4],1
CC(C)C[C@H](N)C(=O)O,0
CS(=O)(=O)Nc1cccc2cccnc12,0
CC(C)C[C@H](NC(=O)CNC(=O)[C@H](CCC(N)=O)NC(=O)[C@H](CC(C)C)NC(=O)[C@H](CC(C)C)NC(=O)[C@H](CCCNC(=N)N)NC(=O)[C@H](CCC(N)=O)NC(=O)[C@H](CC(C)C)NC(=O)[C@H](CCCNC(=N)N)NC(=O)[C@H](C)NC(=O)CNC(=O)[C@H](CCC(=O)O)NC(=O)[C@H](CCCNC(=N)N)NC(=O)[C@H](CC(C)C)NC(=O)[C@H](CCCNC(=N)N)NC(=O)[C@H](CO)NC(=O)[C@H](CC(C)C)NC(=O)[C@H](CCC(=O)O)NC(=O)[C@H](CO)NC(=O)[C@@H](NC(=O)[C@H](Cc1ccccc1)NC(=O)[C@@H](NC(=O)CNC(=O)[C@H](CC(=O)O)NC(=O)[C@H](CO)NC(=O)[C@@H](N)Cc1c[nH]cn1)[C@@H](C)O)[C@@H](C)O)C(=O)N[C@H](C(N)=O)C(C)C,0
CCc1oc2cc(S(=O)(=O)Nc3ccc(S(=O)(=O)Nc4nccs4)cc3)ccc2c1C(=O)c1cc(Br)c(O)c(Br)c1,0
CCC=CCC(O)C=CC1C(O)CC(=O)C1CC=CCCCC(=O)O,1
C=C[C@@H](C)CCCC(C)(C)O,0
CC1=CCC2(C)CCC(O)(C(C)C)C2C(OC(=O)c2ccc(O)cc2)C1,1
CCCCCCCC(=O)N[C@H]1CCOC1=O,0
Nc1n[nH]c(N)c1N=Nc1ccc(O)cc1,0
CCOP(=S)(OCC)Oc1nc(Cl)c(Cl)cc1Cl,1
CNCC12CCC(c3ccccc31)c1ccccc12,0
Cc1c(Cc2ccc3ccccc3n2)c2cc(F)ccc2n1CC(=O)O,0
O=c1n(Cl)c(=O)n(Cl)c(=O)n1Cl,0
O=C(NC(=S)Nc1nc2ccc(Cl)cc2s1)c1ccccc1Cl,0
O=C(O)CCNC(=O)c1cc(-c2ccc(F)cc2F)cc(I)c1O,0
O=C(O)CCCCC1SCC2NC(=O)NC21,1
C[C@]1(O)CC[C@H]2[C@@H]3CCC4=C(O)C(=O)CC[C@@H]4[C@H]3CC[C@@]21C,0
O=C1c2c(O)cc(O)cc2OC(c2cc(O)c(O)c(O)c2)C1O,0
CCCCCCCCCC(=O)O,0
CC(CCC(=O)O)C1CCC2C3CCC4CC(OS(=O)(=O)O)CCC4(C)C3CCC12C,1
Cc1ccc(N=C=O)cc1N=C=O,1
NCCCC(=O)OCCN1CCN(c2cccc3c2ccn3S(=O)(=O)c2ccccc2)CC1,0
Nc1ncnc2ncn([C@H]3O[C@H](COP(=O)(O)O)[C@@H](O)[C@H]3O)c12,0
CNC(=O)CCC(=O)N[C@@H](Cc1ccccc1)[C@H](O)CN(CC1CC1)S(=O)(=O)c1ccco1,0
C=CCc1ccc(OC)cc1,1
Nc1ccc(S(=O)(=O)Nc2ccccn2)cc1,1
CCC(=O)O[C@H]1CC[C@H]2[C@@H]3CC[C@H]4CC(=O)[C@H](C)C[C@]4(C)[C@H]3CC[C@]12C,0
COc1ccc(CN2CCNCC2)c(OC)c1OC,0
Cc1[nH]c(Cc2[nH]cc(CCC(=O)O)c2CC(=O)O)c(CCC(=O)O)c1CC(=O)O,0
CCCCCN[C@H](O)[C@H](Cc1ccc(OCC(=O)O)c(C(=O)O)c1)N[C@@H](O)[C@H](Cc1ccccc1)N[C@@H](O)OC(C)(C)C,0
COc1cc(C=CC(=O)CC(=O)C=Cc2ccc(O)cc2)ccc1O,1
Cn1nc(CO)nc1NCCCOc1cccc(CN2CCCCC2)c1,0
O=C1C[C@@]2(C(=O)N1)C(=O)N(Cc1ccc(Br)cc1F)C(=O)c1cccn12,0
CC(=O)O[C@H]1CC[C@]2(C)[C@H]3C(=O)C=C4[C@@H]5C[C@@](C)(C(=O)O)CC[C@]5(C)CC[C@@]4(C)[C@]3(C)CC[C@H]2C1(C)C,0
COC(=O)[C@H](Cc1ccc(C#Cc2ccccc2)cc1)NC(=O)C[C@H]1CCCN(C(=N)N)C1,0
NC(=O)Nc1cc(-c2cccc(F)c2)sc1C(=O)N[C@H]1CCCNC1,0
N[C@@H](CCCCNC(C(=O)O)C(=O)O)C(=O)O,0
Clc1ccc2ccc3cccc4ccc1c2c34,1
C=Cc1c2[nH]c(c1C)/C=c1\[nH]/c(c(C)c1C=C)=C\c1[nH]c(c(CCC(=O)O)c1C)/C=c1\[nH]/c(c(C)c1CCC(=O)O)=C\2,0
Cc1cc(C(=O)NCCc2ccc(S(=O)(=O)NC(=O)NC3CCCCC3)cc2)no1,0
OCc1ccc(Cl)cc1Cl,0
Cc1ccc(N(SC(F)(Cl)Cl)S(=O)(=O)N(C)C)cc1,1
O=c1nc(N2CCN(CC3CCCCC3)CC2)sc2c([N+](=O)[O-])cc(C(F)(F)F)cc12,0
CCC1(O)CC2CN(CCc3c([nH]c4ccccc34)C(C(=O)OC)(c3cc4c(cc3OC)N(C)C3C(O)(C(=O)OC)C(OC(C)=O)C5(CC)C=CCN6CCC43C65)C2)C1,1
C#CCN(Cc1cc2c(=O)[nH]c(C)nc2cc1C)c1ccc(C(=O)N[C@@H](CCc2nn[nH]n2)C(=O)O)c(F)c1,0
Nc1ccn([C@H]2C[C@H](OP(=O)(O)OC[C@H]3O[C@@H](n4cnc5c(N)ncnc54)C[C@@H]3O)[C@@H](CO)O2)c(=O)n1,0
CC(N)C(=O)c1ccc2c(c1)OCO2,0
CCNc1nc(Cl)nc(NCC)n1,1
[AlH6],0
O=C(c1ccc(O)cc1)c1ccc(O)cc1,0
CN1C(=O)C2(Cc3cn(C45CC67SSC(CO)(C(=O)N6C4Nc4ccccc45)N(C)C7=O)c4ccccc34)SSC1(CO)C(=O)N2C,1
O=C(O)CCCCCCCCCCCBr,0
C[C@H](NC(=O)[C@@H](CC(=O)NO)Cc1ccccc1)C(=O)O,0
CN1CCN(Cc2ccc(Nc3ncc(Cl)c(Nc4ccccc4S(=O)(=O)N(C)C)n3)cc2)CC1,0
C[C@@H]1C(=O)C[C@@H](CC(O)O)C1(C)C,0
CC(C)(C)c1ccc(CN2CCN(C(c3ccccc3)c3ccc(Cl)cc3)CC2)cc1,0
CO/C=C\[C@H](N)C(=O)O,0
CCC(CCCC(=O)O)COC(=O)c1ccccc1C(=O)O,1
O=C(N[C@@H]1CC[C@@H](c2cccc(F)c2F)CN(CC(F)(F)F)C1=O)N1CCC(n2c(=O)[nH]c3ncccc32)CC1,0
CC(CN1c2ccccc2Sc2ccccc21)N(C)C,1
CCCCCCc1ccc(O)cc1O,0
CC(=O)OC1CC(OC2C(O)CC(OC3C(O)CC(OC4CCC5(C)C(CCC6C5CC(O)C5(C)C(C7=CC(=O)OC7)CCC65O)C4)OC3C)OC2C)OC(C)C1OC1OC(CO)C(O)C(O)C1O,1
C=CS(=O)(=O)Oc1ccccc1,0
COc1ccc2c3c1OC1C(O)C=CC4C(C2)N(C)CCC341,0
C=CC(=O)Nc1cc(Nc2nccc(-n3cc(CN(C)C)c(-c4ccccc4)n3)n2)c(OC)cc1N1CCOCC1,0
O=C(c1cc2c(ccc[n+]2[O-])s1)N1CCN(S(=O)(=O)c2cc3cc(Cl)ccc3[nH]2)CC1,0
Cc1ncsc1CCO,0
C[C@@H]1C[C@H](C)CN(C(=O)c2cc(Br)ccc2NC(=O)CCC(=O)O)C1,0
CCc1nc2ccc(Br)cc2c(=O)n1-c1nc2ccc(OC)cc2s1,0
O=C1c2ccc(O)cc2C(=O)c2ccc(O)cc21,1
CCO[P+](=O)OCC,0
CC[C@H]1OC(=O)[C@@](C)(F)C(=O)[C@H](C)[C@@H](O[C@@H]2O[C@H](C)C[C@H](N(C)C)[C@H]2O)[C@](C)(OC)C[C@@H](C)C(=O)[C@H](C)[C@H]2N(CCCCn3cc(-c4cccc(N)c4)nn3)C(=O)O[C@]12C,0
Oc1ccc(C2(c3ccc(O)cc3)CCCCC2)cc1,0
Nc1nc(C(F)(F)F)ncc1COP(=O)(O)OP(=O)(O)O,0
CCN=O,0
CC(C)c1cc(C(=O)N2Cc3ccc(CN4CCN(C)CC4)cc3C2)c(O)cc1O,0
CCCCCC(=O)SCCNC(=O)CCNC(=O)[C@H](O)C(C)(C)CO[PH](=O)O,0
C[C@]12CC[C@H]3[C@@H](CCC4=C(O)C(=O)CC[C@@]43C)[C@@H]1CC[C@@H]2O,0
O=C(O)C1=C(CSc2nnnn2CS(=O)(=O)O)CS[C@@H]2[C@H](NC(=O)[C@H](O)c3ccccc3)C(=O)N12,1
CO,1
C=CCc1cccc(/C=N/NC(=O)CN2CCN(Cc3ccccc3)CC2)c1O,0
c1ccc2c(c1)Cc1c(-c3ccncc3)n[nH]c1-2,0
Clc1ccccc1,1
CCC(CC)NC(=O)C[C@@H](C(N)=O)C(C)(C)C,0
CN1C2CCC(C)(C)C1CC(OC(=O)C(O)(c1cccs1)c1cccs1)C2,0
CN1CCN(CCCCN2C(=O)CN(N=Cc3ccc(-c4ccc(Cl)cc4)o3)C2=O)CC1,0
CN1CCC(=C2c3ccccc3CC(=O)c3sccc32)CC1,1
CSCCC(=O)C(=O)O,0
CC(C)N=C(N)/N=C(\N)Nc1ccc(Cl)c(Cl)c1,0
Cc1c(CN(C)C(=O)/C=C/c2cnc3c(c2)CCC(=O)N3)oc2ccccc12,0
COc1ccc(C(Cl)=C(c2ccc(OC)cc2)c2ccc(OC)cc2)cc1,0
O=C(O)CNC(=O)c1ccccc1[125I],0
O=C(NO)c1cnc(N2CCN(S(=O)(=O)c3ccc4ccccc4c3)CC2)nc1,0
Cc1ccc2nc(NC(=S)NC(=O)c3ccc(Cl)cc3)sc2c1,0
CCC[C@H]1COc2ccsc2C(N)=N1,0
COc1ccccc1/C=N\OCCC(=O)O,0
COC[C@@H](C(=O)O[C@@H]1C/C=C/C=C/C(=O)O[C@H]([C@@H](C)[C@@H](O)[C@@H](C)CC[C@@H](OC(=O)[C@H](C)N(C)C)[C@H](C)[C@H](OC(C)=O)[C@H](C)/C=C/N(C)C=O)C/C=C/[C@H](OC)C[C@H](C)C/C=C(\C)[C@@H](OC)CC[C@@H](C)[C@@H](O)[C@@H]1C)N(C)C,0
CN1C[C@H]2C[C@@H](NC(=O)c3n[nH]c4ccccc34)C[C@@H](C1)N2C,0
N#Cc1ccc(Cn2cncc2CN2CCN(c3cccc(Cl)c3)C(=O)C2)cc1,0
C[C@H]1O[C@@H](n2ccc(=O)[nH]c2=O)C[C@@H]1O,0
N[C@@H](Cc1ccc(OCC[18F])cc1)C(=O)O,0
CC(C)NCCCn1c(Sc2cc3c(cc2Br)OCO3)nc2c(N)ncnc21,0
C[C@]12C=CC(=O)C[C@@H]1CC[C@@H]1[C@@H]2CC[C@]2(C)C(=O)CC[C@@H]12,0
COc1ccc(C(C)(C)C)cc1CN[C@H]1C2CCN(CC2)[C@H]1C(c1ccccc1)c1ccccc1,0
O=C(O)[C@H](Cc1ccccc1)N(Cc1ccc(-c2cc3ccccc3o2)s1)C(=O)c1ccc(Cl)cc1Cl,0
O[C@H](CS)[C@H](O)CS,0
NC[C@@H]1O[C@H](O[C@H]2[C@@H](O)[C@H](O[C@@H]3[C@@H](O)[C@H](N)C[C@H](N)[C@H]3O[C@H]3O[C@H](CO)[C@@H](O)C[C@H]3N)O[C@@H]2CO)[C@H](N)[C@@H](O)[C@@H]1O[C@H]1O[C@H](CO)[C@@H](O)[C@H](O)[C@@H]1O,0
C[C@]12C=CC(=O)C=C1CC[C@@H]1[C@@H]2CC[C@@]2(C)[C@H]1CC[C@]2(C)O,1
CC1(C)C(C=C(Br)Br)C1C(=O)OC(C#N)c1cccc(Oc2ccccc2)c1,1
CC(=O)N[C@H]1[C@@H](OP(=O)(O)OP(=O)(O)OC[C@H]2O[C@@H](n3ccc(=O)[nH]c3=O)[C@H](O)[C@@H]2O)O[C@H](CO)[C@@H](O)[C@@H]1O[C@H](C)C(=O)N[C@@H](C)C(=O)N[C@H](CCC(=O)O)C(=O)O,0
CCCCCCCC(=O)SCCNC(=O)CCNC(=O)[C@@H](O)C(C)(C)COP(=O)(O)O,0
O=C(O)c1no[nH]c1=O,0
Cn1cc(C2=C(c3cn(CCCSC(=N)N)c4ccccc34)C(=O)NC2=O)c2ccccc21,1
O=CN(O)CCOc1cccc(C(=O)c2ccccc2)c1,0
C[N+](C)(C)CCCCCCCCCC[N+](C)(C)C,0
N#Cc1cc(Cl)cc(Oc2c(Br)ccc(Cc3n[nH]c4nnccc34)c2F)c1,0
Cc1ccc(Nc2cc(-c3ccccc3)ncn2)cc1NS(C)(=O)=O,0
CCn1ncnc1COc1nn2c(-c3ccccc3F)nnc2cc1C(C)(C)C,0
CC(C)C[C@@H](N)C(=O)N1CCC[C@H]1C(=O)NCc1cccc(Cl)c1,0
Nc1nc(N)c2nc(CN3c4ccccc4C=Cc4ccccc43)cnc2n1,0
CCOc1cc(CC(=O)NC(CC(C)C)c2ccccc2N2CCCCC2)ccc1C(=O)O,1
C[C@@H]1C[C@H]2[C@@H]3C[C@H](F)C4=CC(=O)C=C[C@]4(C)[C@H]3[C@@H](O)C[C@]2(C)[C@@]1(O)C(=O)CO,0
CC(C(=O)O)c1ccc(N2Cc3ccccc3C2=O)cc1,1
Cn1c(C(=O)NCCO)c(Br)c2c3c(c(-c4ccccc4Cl)cc21)C(=O)NC3=O,0
Cc1cccc(N(C)C(=S)Oc2ccc3c(c2)[C@@H]2CC[C@H]3C2)c1,0
Nc1ncnc2c1ncn2[C@@H]1O[C@H](COP(=O)(O)OP(=O)(O)CP(=O)(O)O)[C@@H](O)[C@H]1O,0
CO[C@@H]1COCC[C@@H]1N[C@@H]1CC[C@@](CN2CCc3ncc(C(F)(F)F)cc3C2)(C(C)C)C1,0
O=c1[nH]c2cc(C(F)(F)F)c(N3CCOCC3)cc2n(CP(=O)(O)O)c1=O,0
CC(C)(O)CCC(O)C(C)(O)C1CCC2(O)C3=CC(=O)C4CC(O)C(O)CC4(C)C3CCC12C,1
CCN(c1ccccc1)S(=O)(=O)c1ccc(NC(=O)[C@@](C)(O)C(F)(F)F)c(C)c1,0
CC(=O)OCC1(O)CC23CCC4c5ccoc5C=CC4(C)C2CCC1C3,1
O=C(O)CCCC(=O)Nc1ccc(/C=C/c2ccccc2)cc1,0
OC[C@H]1O[C@@H](O)[C@H](O)[C@@H](O)[C@@H]1O,0
COC(=O)[C@@H]1CC2=CC(=O)CC[C@]2(C)[C@@]23O[C@@H]2C[C@@]2(C)[C@@H](CC[C@@]24CCC(=O)O4)[C@H]13,1
CCCC(=O)OCOC(=O)C(C)(C)C,0
Nc1c([N+](=O)[O-])[nH]c(=O)[nH]c1=O,0
O=C(O)c1ccc(-c2cc(F)cc(F)c2)cc1,0
CC(=O)N[C@]1(C(N)=O)O[C@H](CO)[C@@H](O)[C@H](O)[C@H]1O,0
NCC(=O)CCC(=O)O,0
C[C@@H](O)[C@@H]1NC(=O)[C@H](CCCN(O)C=O)NC(=O)[C@@H](NC(=O)[C@H](CCCN(O)C=O)NC(=O)[C@@H](CO)NC(=O)[C@H](CCCN=C(N)N)NC(=O)[C@@H](CO)NC(=O)C2CCN[C@H]3C(NC(=O)CCC(=O)O)=Cc4cc(O)c(O)cc4N23)CCCCNC(=O)[C@H]([C@@H](C)O)NC1=O,0
Nc1ncnc2c1ncn2C1OC(COP(=O)(O)OP(=O)(O)OP(=O)(O)O)C(O)C1O,1
CCC#CCC(C)C(O)C#CC1C(O)CC2CC(=CCOCC(=O)O)CC21,1
OCC1(O)OCC(O)C(O)C1O,1
O=C(O)[C@@H]1O[C@@H](O)[C@H](OS(=O)(=O)O)[C@@H](O)[C@@H]1O,0
COc1cc(/C=C/C(=O)NCCCNc2c3c(nc4ccccc24)CCCC3)ccc1O,0
CCC(=O)N(c1ccccc1)[C@@]1(C(=O)OC)CCN(CCc2ccccc2)C[C@H]1C,0
COC(=O)c1ccccc1C(=O)c1ccc(OCCN2CCCCC2)cc1,0
CNC(=O)[C@H](Cc1ccccc1)NC(=O)[C@H](CC(C)C)[C@H](CSc1cccs1)C(=O)NO,0
NCCCCCCCNC(N)N,0
CN1CCN(CCCN2c3ccccc3Sc3ccccc32)CC1,1
NC(=O)c1ccc[n+]([C@@H]2O[C@H](CO)[C@@H](O)[C@H]2O)c1,0
O=C(O)[C@@H](O)Cc1c[nH]c2ccccc12,0
FC(F)C(F)(F)CBr,0
O=C1C=CC(=Nc2cc(Cl)c(O)c(Cl)c2)C=C1,1
CNC1C(O)C(OC2C(N)CC(N)C(OC3OC(C(C)O)C(O)C(O)C3N)C2O)OCC1(C)O,1
CCc1c2c(nc3ccc(O)cc13)-c1cc3c(c(=O)n1C2)COC(=O)[C@]3(O)CC,0
Fc1ccc(C(OCCN2CCN(CCCc3ccccc3)CC2)c2ccc(F)cc2)cc1,0
NC(N)=Nc1nc(CSCCN=CNS(=O)(=O)c2ccc(Br)cc2)cs1,1
COc1ccc(OC(C)(C)C(=O)NC2[C@@H]3CC4C[C@H]2CC(C(N)=O)(C4)C3)cc1,0
COc1ccc2c(O[C@@H]3C[C@H]4C(=O)N[C@]5(C(=O)NS(=O)(=O)C6CC6)CC5/C=C\CCCCN(C)C(=O)[C@@H]4C3)cc(-c3nc(C(C)C)cs3)nc2c1C,0
CCOC(=O)N1c2ccc(C(F)(F)F)cc2[C@@H](N(Cc2cc(C(F)(F)F)cc(C(F)(F)F)c2)c2ncc(OCCCC(=O)O)cn2)C[C@H]1CC,0
CC1=CCC(C)(C)C=CC(=O)C(C)=CCC1,1
CCC(Br)(CC)C(=O)NC(N)=O,0
CC1(C)CC(Oc2ccc(-c3ccc(-c4cn[nH]c4)cc3O)nn2)CC(C)(C)N1,0
C[C@@](CO)(OP(=O)(O)O)[C@H](O)COP(=O)(O)OP(=O)(O)OC[C@H]1O[C@@H](n2ccc(N)nc2=O)[C@H](O)[C@@H]1O,0
Nc1ccn([C@@H]2CO[C@H](CO)O2)c(=O)n1,0
C[C@H](C=O)CC1CC1,0
CN(CCO)CC(O)Cn1cnc2c1c(=O)n(C)c(=O)n2C,0
CC(=O)Oc1c(C)c(C)c2c(c1C)CCC(C)(CCC[C@H](C)CCC[C@H](C)CCCC(C)C)O2,0
CCCCCCC(=O)SCCNC(=O)CCNC(=O)[C@H](O)C(C)(C)CO[PH](=O)O,0
Cc1cc(S(=O)(=O)N2CCC[C@H]2C(=O)O)c(N)cc1Cl,0
O=[N+]([O-])OCC(CO[N+](=O)[O-])O[N+](=O)[O-],0
OC(CCN1CCCCC1)(c1ccccc1)C1CCCC1,0
CC(C)(C)c1cc(C(C)(C)C)c(NC(=O)c2c[nH]c3ccccc3c2=O)cc1O,1
C=CC(=O)Nc1cc2c(Oc3ccc(NC(=O)n4c(=O)c(-c5ccccc5)c(C)n4C)cc3F)cccc2cc1OC,0
Cn1nnc(-c2ccc(-c3ccc(N4C[C@H](COP(=O)(O)O)OC4=O)cc3F)cn2)n1,0
Cc1cccc(N2CC(CO)OC2=O)c1,1
O=C(Nc1nc2ccc(Cl)cc2s1)NN1C(=O)CSC1c1ccc([N+](=O)[O-])cc1,1
Cc1ccc(-c2cc(C(F)(F)F)nn2-c2ccc(S(N)(=O)=O)cc2)cc1,1
COc1ccc2c(c1)c(/C=C1\SC(=O)NC1=O)cn2C,0
Nc1nc2c(c(=O)[nH]1)N(C=O)[C@H](CNc1ccc(C(=O)N[C@@H](CCC(=O)O)C(=O)O)cc1)CN2,0
O=C(OCC1(COC(=O)c2cccnc2)CCCC(COC(=O)c2cccnc2)(COC(=O)c2cccnc2)C1O)c1cccnc1,0
O=C1CN=C(c2ccccc2F)c2cc(Cl)ccc2N1,0
Cc1nccc2c3ccccc3n(CCCCOc3ccc4c5ccnc(C)c5n(CCCc5ccccc5)c4c3)c12,0
CSCC[C@H](NC(=O)[C@H](CO)NC(=O)[C@H](Cc1ccc(O)cc1)NC(=O)CCN)C(=O)N[C@@H](CCC(=O)O)C(=O)N[C@@H](Cc1c[nH]cn1)C(=O)N[C@@H](Cc1ccccc1)C(=O)N[C@@H](CCCNC(=N)N)C(=O)N[C@@H](Cc1c[nH]c2ccccc12)C(=O)NCC(=O)N[C@@H](CCCCN)C(=O)N1CCC[C@H]1C(=O)N[C@H](C(=O)NCC(=O)N[C@@H](CCCCN)C(=O)N[C@@H](CCCCN)C(=O)N[C@@H](CCCCN)C(=O)NCCCCN)C(C)C,0
CC(C)C1OC(=O)C(Cc2ccccc2)N(C)C(=O)C(C(C)C)OC(=O)C(Cc2ccccc2)N(C)C(=O)C(C(C)C)OC(=O)C(Cc2ccccc2)N(C)C1=O,1
CC(C)=CCC/C(C)=C/CC/C(C)=C/CCC1(C)CCc2cc(O)ccc2O1,0
NC(=O)c1ccc[n+]([C@@H]2C[C@H](COP(=O)(O)OP(=O)(O)OC[C@H]3O[C@@H](n4cnc5c(N)ncnc54)[C@H](O)[C@@H]3O)[C@@H](O)[C@H]2O)c1,0
CCC1(CC)C(=O)C=CNC1=O,0
CCC(O)C=CC=O,1
CC1(C)SC2C(NC(=O)C(C(=O)O)c3ccccc3)C(=O)N2C1C(=O)O,1
CCCCCCCCN=C1OC[C@@H]2[C@@H](O)[C@H](O)[C@@H](O)[C@H](O)N12,0
Cc1ccc(C(=O)N2CCC(Cc3ccccc3)CC2)cc1,0
Cc1c(N)nc(C(CC(N)=O)NCC(N)C(N)=O)nc1C(=O)NC(C(=O)NC(C)C(O)C(C)C(=O)NC(C(=O)NCCc1nc(-c2nc(C(=O)NCCCNCCCCN)cs2)cs1)C(C)O)C(OC1OC(CO)C(O)C(O)C1OC1OC(CO)C(O)C(OC(N)=O)C1O)c1cnc[nH]1,1
O=c1ccn([C@@H]2O[C@H](COP(=O)(O)OP(=O)(O)O[C@H]3O[C@H](CO)[C@@H](O)[C@H](O)[C@H]3F)[C@@H](O)[C@H]2O)c(=O)[nH]1,0
COC[C@H]1C[C@@H](c2nc(-c3ccc4c(c3)COc3cc5c(ccc6nc([C@@H]7CC[C@H](C)N7C(=O)[C@@H](NC(=O)OC)C(C)C)[nH]c65)cc3-4)c[nH]2)N(C(=O)[C@H](NC(=O)OC)c2ccccc2)C1,1
Nc1ncnc2c1ncn2C1OC(CSCCC(N)C(=O)O)C(O)C1O,1
O=c1ccocc1O,1
CCOC(=O)c1cnc(N)[nH]c1=O,0
CNC(=O)[C@H](Cc1ccc(OC)cc1)NC(=O)[C@@H](CC(=O)NO)CC(C)C,0
CN(C)CCc1c[nH]c2ccc(O)cc12,0
CCN(CC)c1ccc(C(=C2C=CC(=[N+](CC)CC)C=C2)c2ccccc2)cc1,0
N#Cc1ccc(C(=O)N2CCC3(CC2)N=C(N)c2c(F)ccc(F)c2N3)cn1,0
CC(C)[C@H](NC(=O)C1CCCCC1)C(=O)Nc1ccncc1,0
OC[C@H]1O[C@@H](c2ccc(Cl)c(Cc3ccc(OCCOC4CC4)cc3)c2)[C@H](O)[C@@H](O)[C@@H]1O,0
ClC1=C(Cl)C2(Cl)C3C4C=CC(C4)C3C1(Cl)C2(Cl)Cl,1
O=NOO,1
CC(C)CCCC(C)C1CCC2C3CC(O)C4CC(O)CCC4(C)C3CC(=O)C12C,1
N[C@@H](CCSC[C@@H](O)[C@@H](O)C(=O)CO)C(=O)O,0
CC(C)NC(=O)c1ccccc1S(=O)(=O)NCC(=O)Nc1ccc(O)cc1,1
C[C@@H](Nc1cc(F)cc(F)c1)c1cc(C(=O)N(C)C)cc2c(=O)cc(N3CCOCC3)oc12,0
FC1(F)CCN(c2nc3ccccc3c3c2ccn3Cc2cccc(Cl)c2)CC1,0
Cc1cc2c(cc1C1(c3ccc(C(=O)O)cn3)CC1)C(C)(C)CCC2(C)C,0
NCCC[C@](N)(C(=O)O)C(F)F,0
CNC(=O)c1c(I)c(NC(C)=O)c([125I])c(C(=O)O)c1[125I],0
C=C1/C(=C\C=C2/CCC[C@]3(C)[C@@H]([C@H](C)/C=C/C=C/C(O)(CC)CC)CC[C@@H]23)C[C@@H](O)C[C@@H]1O,0
CC(C)CN(C[C@@H](O)[C@H](Cc1ccccc1)NC(=O)O[C@H]1CO[C@H]2OCC[C@H]21)S(=O)(=O)c1ccc(N)cc1,1
CCOc1ccc2c(c1)C1(CCC(OCCN3CCOCC3)CC1)C(=O)N2S(=O)(=O)c1ccc(C(=O)NC(C)(C)C)cc1OC,0
C=CC1=C(C)C2=NC1=CC1=NC(=Cc3[nH]c4c(c3C)=C(O)[C@H](C(=O)OC)C=4C3=NC(=C2)[C@@H](C)[C@@H]3CCC(=O)OC/C=C(\C)CCC[C@H](C)CCC[C@H](C)CCCC(C)C)C(CC)=C1C,0
N[C@@H](Cc1cnc[nH]1)C1=N/C(=C/c2ccc(O)cc2)C(=O)N1CC(=O)O,0
CCOc1ccc2nc(S(N)(=O)=O)sc2c1,0
CN[C@@]1(C)[C@@H]2CC[C@@H](C2)C1(C)C,0
C[C@@H](O)[C@H](CO)NC(=O)[C@@H]1CSSC[C@H](NC(=O)[C@@H](N)Cc2ccccc2)C(=O)N[C@@H](Cc2ccccc2)C(=O)N[C@@H](Cc2c[nH]c3ccccc23)C(=O)N[C@@H](CCCCN)C(=O)N[C@@H]([C@@H](C)O)C(=O)N1,0
CC1(CO)C(O)CCC2(C)C1CCC1CC3CC12CCC3(O)CO,1
c1ccc(-c2oc3nccc(NCCN4CCNCC4)c3c2-c2ccccc2)cc1,0
COc1cc(/C=C/C(=O)NCCCNc2c3c(nc4ccccc24)CCCC3)ccc1OCCCO[N+](=O)[O-],0
CC(C)[C@@H]1NC(=O)[C@H](CCCN=C(N)N)NC(=O)[C@H](CCC(N)=O)NC(=O)[C@H](Cc2cnc[nH]2)NC(=O)[C@H](CCC(=O)O)NC(=O)[C@@H]2CCCN2C(=O)[C@H](CO)NC(=O)[C@H](CCC(N)=O)NC1=O,0
CC(=O)SC1CC2=CC(=O)CCC2(C)C2CCC3(C)C(CCC34CCC(=O)O4)C12,1
N[C@H]1Oc2ccccc2[C@H](O)S1,0
O=CCCC/C=C(\C=O)CC/C=C(\C=O)CCC=O,0
C[C@]12CC[C@H](OC(=O)[C@H](Cc3c[nH]c4ccccc34)NC(=O)[C@@H]3CCCN3C(=O)CNC(=O)OCc3ccccc3)C[C@H]1CC[C@@H]1[C@@H]2[C@H](O)C(=O)[C@]2(C)[C@@H](c3ccc(=O)oc3)CC[C@]12O,0
C[C@]12CC[C@H]3[C@@H](CCC4=CC(=O)CC[C@@]43C)[C@@H]1CC[C@@H]2O,1
O=c1[nH]c2cc(Cl)ccc2o1,1
CCCCCCCCCCCCC/C=C/[C@@H](O)[C@@H](N)CO,0
CCN(CC)CC(C)OC(=O)[C@H]1CCCC[C@]1(O)C1CCCCC1,0
CN/C(=C\[N+](=O)[O-])NCCSCc1csc(CN(C)C)n1,0
CC12CCC(=O)C=C1CCC1C2CCC2(C)C1CCC2(C)O,1
Cc1cc(COc2ccc([C@]3(C)CCN([C@H](C)C(=O)NO)C3=O)cc2)c2ccccc2n1,0
CCc1ccccc1NC(=O)Oc1ccc2c(c1)C1(C)CC[N+](C)([O-])C1N2C,0
O=C(O)CCC1c2ccc(O)cc2Oc2cc(O)ccc21,0
CC(O)C(O)C1CNc2nc(N)[nH]c(=O)c2N1,0
Cc1nnc([C@@H]2O[C@H](CO)[C@@H](O)[C@H](O)[C@H]2O)o1,0
NC(C(=O)NC1C(=O)N2C(C(=O)O)=C(Cl)CSC12)c1ccccc1,1
C=CC(O)C#CC#CC(O)C=CCCCCCCC,1
CCC(C)C(C(=O)OCC[N+](C)(CC)CC)c1ccccc1,0
O=C(O)CCCCP(=O)(O)Oc1ccc([N+](=O)[O-])cc1,0
C/C=C\C(=O)C(=O)O,0
COc1ccc(N2CCN(c3cccc(C)c3)CC2)nn1,0
Cc1ccc(C#Cc2ccc(S(=O)(=O)N[C@H](Cc3c[nH]c4ccccc34)C(=O)O)s2)cc1,0
Cc1noc(C)c1-c1cc(C(O)(c2ccccn2)c2ccccn2)c2nc(C3CC3)[nH]c2c1,0
Nc1ncccc1OCc1cccc2ccccc12,0
CCc1nn(CCCN2CCN(c3cccc(Cl)c3)CC2)c(=O)n1CCOc1ccccc1,1
O=C(c1ccc(NS(=O)(=O)c2cccc3cccnc23)cc1)N1CCN(CC2CC2)CC1,1
C/C=C/C1=C(C(=O)O)N2C(=O)[C@@H](NC(=O)[C@H](N)c3ccc(O)cc3)[C@H]2SC1,0
CN(CCCCCCN(C)C(=O)Oc1ccc[n+](C)c1)C(=O)Oc1ccc[n+](C)c1,0
c1ccc(C2(c3ccccc3)OCC(C3CCCCN3)O2)cc1,0
CC(=O)[C@@]1(O)CC[C@H]2[C@@H]3C=C(C)C4=CC(=O)CC[C@]4(C)[C@H]3CC[C@@]21C,1
COc1ccc(CC2c3cc(Oc4cc(CC5c6cc(OC)c(OC)cc6CCN5C)ccc4O)c(OC)cc3CCN2C)cc1,1
C=CC[S@@+]([O-])C/C=C/S,0
Cc1c(O)ccc2c1OC[C@@H](c1ccc(O)cc1)[C@H]2c1ccc(O)cc1,0
CO[C@H]1C[C@@H]2CC[C@@H](C)[C@@](O)(O2)C(=O)C(=O)N2CCCC[C@H]2C(=O)O[C@H]([C@H](C)C[C@@H]2CC[C@@H](OC(=O)C(C)(CO)CO)[C@H](OC)C2)CC(=O)[C@H](C)/C=C(\C)[C@@H](O)[C@@H](OC)C(=O)[C@H](C)C[C@H](C)/C=C/C=C/C=C/1C,0
COc1ccc(-c2oc3cc(OC)c(OC)c(O)c3c(=O)c2OC)cc1O,1
C[C@@H]1CN(c2c(F)c(N)c3c(=O)c(C(=O)O)cn(C4CC4)c3c2F)C[C@H](C)N1,0
CCc1oc2ccccc2c1C(=O)c1ccc(O)cc1,1
Cc1cc(-c2c(-c3ccccc3)c3cc(Cl)ccc3[nH]c2=O)on1,0
C[C@H]1C[C@@H]2[C@H]([C@@H](O)C[C@@]3(C)[C@H]2CC[C@]3(O)C(=O)COC(=O)CCC(=O)O)[C@@]2(C)C=CC(=O)C=C12,0
CCCCOC(=O)CC(CC(=O)OCCCC)(OC(C)=O)C(=O)OCCCC,1
CCCCc1nc(C)c(CC(=S)N(C)C)c(=O)n1Cc1ccc(-c2ccccc2-c2nn[nH]n2)cc1,0
CN(C(=O)CCCC(=O)O)c1c(I)cc(I)c(N)c1I,0
C=C1CCC(O)CC1=CC=C1CCCC2(C)C1CCC2C(C)CCC(O)C(C)(C)O,1
CC(=O)N[C@H]1[C@H](O[C@@H]([C@H](O[C@H](C)C(=O)N[C@@H](C)C(=O)N[C@H](CCC(=O)O)C(N)=O)[C@H](C=O)NC(C)=O)[C@H](O)CO)O[C@H](CO)[C@@H](O)[C@@H]1O,0
Clc1ccc(Cl)c(-c2cc(Cl)ccc2Cl)c1,1
C=CC(=O)NCCCn1c(=O)c(-c2c(Cl)c(OC)cc(OC)c2Cl)cc2cnc(Nc3c(C)cccc3NC(=O)C=C)cc21,0
Cc1ccc2cc(C(=O)NC3(C(=O)N[C@H](Cc4ccccc4)C(=O)NCC4CCN(CC5CCOCC5)CC4)CCCC3)sc2c1,0
c1cnn2ncc(-c3ccnc(NC4CC4)n3)c2c1,0
Cc1cc2c3ccccc3ccc2c2ccccc12,1
Cc1nnc2n1-c1ccc([N+](=O)[O-])cc1C(c1ccccc1Cl)=NC2,0
NC[C@H]1O[C@H](O[C@H]2[C@H](O)[C@@H](O[C@H]3O[C@H](CO)[C@@H](O)[C@H](N)[C@H]3O)[C@H](N)C[C@@H]2N)[C@H](N)[C@@H](O)[C@@H]1O,0
CCCCC/C=C\C[C@@H](O)/C=C/C=C/C=C\[C@@H](O)CCCC(=O)O,0
CCCc1cc(=O)[nH]c(=S)[nH]1,1
Cc1ccc(S(=O)(=O)NC(Cc2ccccc2)C(=O)CCl)cc1,1
O=C(O)COP(=O)(O)O,0
CC(O)C(NC(=O)C1CSSCC(NC(=O)C(Cc2ccccc2)NC(=O)CN2CCN(CC(=O)O)CCN(CC(=O)O)CCN(CC(=O)O)CC2)C(=O)NC(Cc2ccc(O)cc2)C(=O)NC(Cc2c[nH]c3ccccc23)C(=O)NC(CCCCN)C(=O)NC(C(C)O)C(=O)N1)C(=O)O,0
CCCC(=O)OC[C@@H](OC(=O)CCC)[C@@H](OC(=O)CCC)[C@H](Cn1c2nc(=O)[nH]c(=O)c-2nc2cc(C)c(C)cc21)OC(=O)CCC,0
Nc1cc(Oc2ccc(NC(=O)NC(=O)Cc3ccc(F)cc3)cc2F)ccn1,0
CCCCCCCCCCCO[C@@H]1O[C@H](CO)[C@@H](O[C@H]2O[C@H](CO)[C@@H](O)[C@H](O)[C@H]2O)[C@H](O)[C@H]1O,0
CC(=O)O[C@@H](C)C(=O)[C@@]1(O)CC[C@H]2[C@@H]3CCC4=CC(=O)C=C[C@]4(C)[C@@]3(F)[C@@H](O)C[C@@]21C,0
O=C(O)Cc1ccccc1Nc1c(Cl)cccc1Cl,1
NC(C(=O)O)c1ccc(O)cc1,0
O=C(O)[C@H]1/C(=C/CO)O[C@@H]2CC(=O)N21,0
Cc1cc(C2=NC(=O)N=C(c3ccccc3)C2)ccc1O,0
O=C(O)[C@@H]1CCCN1,0
CC(C)N(CCNC(=O)CN1CCCC1=O)C(C)C,0
CCCCN(N=O)C(N)=O,1
O=C(O)CCc1ccccc1,0
COc1ccc2c(c1)CC[n+]1cc3c(OC)cccc3cc1-2,0
CCCCC/C=C\C/C=C\CCCCCCCC(=O)NC(C)c1ccccc1,0
CC[C@H]1NC(=O)[C@@H](NC(=O)c2ncccc2O)[C@@H](C)OC(=O)[C@H](c2ccccc2)NC(=O)[C@@H]2CC(=O)CCN2C(=O)[C@H](Cc2ccc(N(C)C)cc2)N(C)C(=O)[C@@H]2CCCN2C1=O,1
O=C(O)CCO,0
O=C(O)COc1c(C(=O)O)sc(-c2cccc(NCc3ccccc3)c2)c1Br,0
CC12CCC3C(CC=C4CC(OS(=O)(=O)O)CCC43C)C1CCC2=O,1
C[C@H](N[C@@H](CCc1ccccc1)C(=O)O)C(=O)N1CCC[C@H]1C(=O)O,0
FC(F)(F)c1ccc(CNc2ccc(Cc3c[nH]c4ncc(Cl)cc34)cn2)cn1,1
CC(C)=CCCC(C)=CCCC(C)=CCO,1
N#CN=C1SCCN1Cc1ccc(Cl)nc1,0
Clc1ccccc1CNCC1CCC(CNCc2ccccc2Cl)CC1,1
NCCCCCCNCCCCCCN,0
N[C@@H](Cc1c[nH]c[n+]1P(=O)(O)O)C(=O)O,0
O=[N+]([O-])c1nccn1[C@H]1O[C@H](C[18F])[C@@H](O)[C@@H]1O,0
O=NN1CCCC1,1
Cc1o[nH]c(=O)c1C[C@H](N)C(=O)O,0
CNc1nccc(-c2ccc(C(=O)N[C@H](CN)Cc3ccc(Cl)cc3Cl)s2)n1,0
COc1cc(CN2C(=O)N(Cc3ccc(O)c(OC)c3)N(Cc3ccccc3)C[C@@H](O)[C@H]2Cc2ccccc2)ccc1O,0
COc1ccc(S(=O)(=O)[C@H](CC(=O)O)C(F)F)cc1,0
NC(=O)NC(=O)Cc1ccccc1,1
Cc1cccc(C(=O)c2ccnc(NCc3ccc(C(=N)N)cc3)c2)c1,0
C#C[C@H]1CC[C@@H](CN)N1C(=O)[C@@H](N)C1CCCC1,0
CC(=O)[C@H](C)O,0
C[C@@H](O)[C@@](C)(O)CN,0
CC(O)(CCO)CC(=O)O,1
C[C@]1(O)CC[C@H]2[C@@H]3CCC4=CC(=O)CCC4=C3C=C[C@@]21C,0
CN(N=O)C(=O)N[C@H]1C(O)O[C@H](CO)[C@@H](O)[C@@H]1O,0
CN(C)C1CCN(C(=O)c2ccc(NC(=O)Nc3ccc(-c4nc(N5CCOCC5)nc(N5CCOCC5)n4)cc3)cc2)CC1,0
O=C(Nc1ccccc1Oc1ccc(C(=O)O)c(C(=O)O)c1)c1cccc([N+](=O)[O-])c1,0
CCOc1ccc(OCC)c(NC(=O)c2cc(C)c(OCCN)c(C)c2)c1,0
CN=C=S,1
Nc1nc2ncc(CNc3ccc(C(=O)O)cc3)nc2c(=O)[nH]1,0
O=C(O)CCCCCNC(=O)Cc1ccc(O)c([N+](=O)[O-])c1,0
CNCC(O)c1cc(OC)c(O)c(OC)c1,0
C[As+](C)(C)CCO[C@@H](c1ccccc1[N+](=O)[O-])C(F)(F)F,0
CC(Cc1ccc(O)cc1)NCC(O)c1cc(O)cc(O)c1,1
Cn1cc(-c2ccncc2)c(-c2ccc(OCc3ccc4ccccc4n3)cc2)n1,0
C[C@@H](C(=O)O)c1ccc(-c2ccccc2)c(F)c1,0
CC1=C(/C=C/C(C)=C/C=C/C(C)=C/C=C/C=C(C)/C=C/C=C(C)/C=C/C2=C(C)C(=O)[C@@H](O)CC2(C)C)C(C)(C)C[C@H](O)C1=O,0
O=C(O)c1cc(=O)c2c(Cl)cc(Cl)cc2[nH]1,0
CSCC[C@H](N)C(O)(O)c1ccccn1,0
NCC1(O)OCC(O)C(O)C1O,1
C[C@H](CCC(=O)O)[C@H]1CC[C@H]2[C@@H]3C(=O)C[C@@H]4CC(=O)CC[C@]4(C)[C@H]3CC(=O)[C@]12C,0
O=C1C=C(N2CC2)C(=O)C(N2CC2)=C1N1CC1,0
C[C@]12CCC(=O)C[C@H]1CC[C@@H]1[C@@H]2CC[C@]2(C)[C@@H](O)CC[C@@H]12,0
Cc1occc1C(=S)Nc1ccc(Cl)c(/C=N/OC(C)(C)C)c1,0
C[C@@H](/N=C(\O)CCCC[C@H](NC(=O)CN)C(=O)O)P(=O)(O)O,0
CC(C)[C@](O)(c1ccc2cc(OC(F)F)c(OC(F)F)cc2c1)c1cn[nH]n1,0
OC[C@H]1O[C@@H](O[C@@H]2[C@@H](CO)O[C@](O)(CO)[C@H]2O)[C@H](O)[C@@H](O)[C@H]1O,0
CNCCc1ccc(OC)cc1,1
N[C@H]1S[C@H](CO)[C@@H](O)[C@H](O)[C@@H]1O,0
[N-]=[N+]=NCC(=O)N[C@H](CO)[C@H](O)c1ccc([N+](=O)[O-])cc1,0
Nc1nc2c([nH]c(=O)n2C2CC(O)C(CO)O2)c(=O)[nH]1,1
O=C1C[C@@]2(C(=O)N1)C(=O)N(Cc1ccc(Br)cc1F)C(=O)c1ccc(F)cc12,0
O=c1cc(C(F)(F)F)c2cc(N(CC(F)(F)F)CC(F)(F)F)ccc2[nH]1,0
CCOc1ccc(-c2nn3ncccc3c2-c2ccc(S(C)(=O)=O)cc2)cc1,0
O=C(NCCCS)[C@@H]1CN(Cc2ccc(F)cc2)CCN1,0
O=C1NC(=O)[C@]2(N1)O[C@H](CO)[C@@H](O)[C@H](O)[C@H]2O,0
NC(CCCN1C(=O)NC(c2ccccc2)(c2ccccc2)C1=O)C(=O)O,0
Cc1cc(=O)oc2cc(OS(=O)(=O)O)c(OS(=O)(=O)O)cc12,0
CC(C)c1sc(NC(=O)c2cc(NC(=O)c3cc(NC=O)cn3C)cn2C)nc1C(=O)NCCCN(C)C,0
CO[C@@H]1COCC[C@@H]1N[C@@H]1CC[C@@](C(=O)N2C[C@@H]3C[C@H]2CN3c2cc(C(F)(F)F)ncn2)(C(C)C)C1,0
CC(C)(C)CC(C)(C)c1cc(Cc2cc(C(C)(C)CC(C)(C)C)cc(-n3nc4ccccc4n3)c2O)c(O)c(-n2nc3ccccc3n2)c1,0
C[C@H](CC#CC(C)(C)O)[C@H]1CC[C@@H]2/C(=C/C=C3C[C@@H](O)C[C@H](O)C3)CCC[C@@]21C,0
O=C(c1ccc2[nH]ccc2c1)N1CCN(C2c3ccccc3-c3ccccc32)CC1,0
[111In+3],0
CC(C)[C@H](NC(=O)OC(C)(C)C)c1nnco1,0
Cc1cccn2c(=O)c(-c3nn[nH]n3)cnc12,0
O=P(O)(O)[C@@H](CCCc1cccc(Oc2ccccc2)c1)S(=O)(=O)O,0
Cc1cc(O)c([C@@H]2C[C@H]3CC[C@]2(C)C3(C)C)cc1C,0
CCN(CC)Cc1ccc2cc(COC(=O)Nc3ccc(C(=O)NO)cc3)ccc2c1,0
COc1c(/C=C/c2ccc(NS(C)(=O)=O)cc2)cc(-n2ccc(=O)[nH]c2=O)cc1C(C)(C)C,0
COC(C[Hg])CNC(=O)c1ccccc1OCC(=O)O,0
CC/C(=C(\c1ccc(O)cc1)c1ccc(OCCN(C)C)cc1)c1ccccc1,0
O=C(CCCCCCNC(=O)c1cnc(N(c2ccccc2)c2ccccc2Cl)nc1)NO,0
Cc1cc(CC(C)C[Si](C)(O[Si](C)(C)C)O[Si](C)(C)C)c(O)c(-n2nc3ccccc3n2)c1,0
CO[C@@H]1[C@H](C)[C@@H](COP(=O)(O)O)O[C@H]1n1cc(C)c(=O)[nH]c1=O,0
Nc1ccc([C@@H](O)[C@@H](CO)NC(=O)C(Cl)Cl)cc1,0
COC(=O)[C@H]1[C@H]2C[C@@H]3c4[nH]c5cc(OC)ccc5c4CCN3C[C@H]2C[C@H](OC)[C@@H]1OC,0
CC(C)CC(N(C)C)C1(c2ccc(Cl)cc2)CCC1,1
C=C1/C(=C\C=C2/CCC[C@]3(C)[C@@H]([C@H](C)CCCC(C)(C)O)CC[C@@H]23)C[C@@H](O)[C@@H](OCCCO)[C@@H]1O,0
c1ccc2ncncc2c1,1
CC1CC(OC(=O)C(O)c2ccccc2)CC(C)(C)C1,0
Cc1nccc2c1[nH]c1ccccc12,1
CCOC(=O)c1c(C)nn(-c2ccc(N)cc2)c1C,0
O=Cc1ccccc1OP(=O)(O)O,0
OC[C@H]1O[C@H](O)[C@@H](O)[C@@H]1O,0
C[C@@H](c1cccc(O)c1)N(C)C,0
CCOC(=O)C1=C(C)NC(C)=C(C(=O)OCC)C1c1cccc2nonc12,0
C[C@H]1CC(CN)(CC(=O)O)C[C@@H]1C,0
N=C1NC(=O)/C(=C/c2ccc(-c3ccc(S(N)(=O)=O)cc3)o2)S1,0
CN1[C@H]2C[C@H](OC(=O)[C@H](CO)c3ccccc3)C[C@@H]1[C@@H](O)C2,0
CO[C@H]1C[C@@H]2CC[C@@H](C)[C@@](O)(O2)C(=O)C(=O)N2CCCC[C@H]2C(=O)O[C@H]([C@H](C)C[C@@H]2CC[C@H](n3cnnn3)[C@H](OC)C2)CC(=O)[C@H](C)/C=C(\C)[C@@H](O)[C@@H](OC)C(=O)[C@H](C)C[C@H](C)/C=C/C=C/C=C/1C,0
CC1(c2ccc(Oc3ccccc3)cc2)C(=O)NC(=O)NC1=O,0
C=C1CC2C(CCC3(C)C(=O)CCC23)C2(C)C=CC(=O)C=C12,1
O=C(O)c1ccc(-c2ccccc2C(F)(F)F)o1,0
CC1(CCN2CCCCC2)C(=O)CCc2ccccc21,0
C=CCOC(=O)C(C)(C)OC(=O)c1cc(-n2c(=O)cc(C(F)(F)F)n(C)c2=O)ccc1Cl,0
O=C(O)c1ccc2cc(C(=O)O)ccc2c1,0
CC1=CCC(O)(C(C)C)CC1,0
CN1C2CCC1CC(OC(=O)C(CO)c1ccccc1)C2,0
Cc1ccc(C(=CCN2CCCC2)c2cccc(C=CC(=O)O)n2)cc1,0
CC(=O)NCC(=O)N[C@@H](C)C(=O)N[C@@H](CCC(N)=O)C(=O)N[C@@H](Cc1ccccc1)C(=O)N[C@@H](CO)C(=O)N[C@@H](CCCCN)C(=O)N[C@H](C(=O)N[C@@H](C)C(=O)N[C@@H](C)C(=O)N[C@@H](CCCCN)C(=O)O)[C@@H](C)O,0
C=C1CC[C@H](O)C/C1=C/C=C1\CCC[C@]2(C)[C@@H]([C@H](C)CC[C@@H](O)C(C)(C)O)CC[C@@H]12,0
I[Hg]I,0
CC(C)C[C@H](N)CN1CCCN2CCC[C@H]21,0
OC[C@@H](O)[C@@H](O)[C@H](O)[C@H](O)CO,0
C=CC(=O)N1CCC(CNc2ncnc(N)c2-c2ccc(Oc3ccccc3)cc2)CC1,0
CCCC1CC(C(=O)NC(C(C)Cl)C2OC(SC)C(O)C(O)C2O)N(C)C1,1
CCCCN1C[C@H](O)[C@@H](O)[C@H](O)[C@H]1CO,0
C[C@@H]1C[C@@H]2C(=C3CCC(=O)C=C31)[C@@H](c1ccc(N(C)C)cc1)C[C@@]1(C)[C@H]2CC[C@@]12CCCO2,0
CNS(=O)(=O)c1ccc(Nc2nccc(-c3cnc(C)n3C3CC3)n2)cc1,0
CC1(C)S[C@@H]2[C@H](NC(=O)C(C(=O)O)c3ccccc3)C(=O)N2[C@H]1C(=O)O,1
O=C(O)C[C@H](Nc1ncnc2c1ncn2[C@@H]1O[C@H](COP(=O)(O)O)[C@@H](O)[C@H]1O)C(=O)O,0
CC(=O)CCO,0
COc1cc(OC)c(NC(=O)Nc2cnc(C#N)cn2)cc1Cl,0
CN(C(=O)CN(CCO)CC(=O)N(C)C(C)(C)Cc1ccccc1)C(C)(C)Cc1ccccc1,0
C[C@@H]1CC(=O)NN=C1c1ccc(NN=C(C#N)C#N)cc1,0
CNC(=O)c1ccc(C#Cc2ccc3c(c2)C(C)(C)CCS3)nc1,0
NCCNc1nnc(-c2ccc(F)c(F)c2Nc2ccc(I)cc2F)o1,0
O=C(O)CN1C(=O)[C@@H](N[C@@H](CCc2ccccc2)C(=O)O)CCc2ccccc21,0
O=C1N[C@@H](Cc2ccc(O)cc2)C(=O)N[C@H]1Cc1ccc(O)cc1,0
O=C(O)CNC(=O)c1ccccc1[131I],0
COc1ccc([C@@H]2CNC(=O)C2)cc1OC1CCCC1,0
NC(=O)c1cn([C@@H](CO)CCc2ccccc2)cn1,0
C[C@@H]1NC(=O)[C@@H]2CCCN2C(=O)[C@H](CC(N)=O)NC(=O)[C@@H]2CSSC[C@H](N)C(=O)N[C@H]3CSSC[C@H](NC1=O)C(=O)N[C@@H]([C@@H](C)O)C(=O)NCC(=O)N[C@H](C(=O)N[C@@H](Cc1ccc(O)cc1)C(=O)O)CSSC[C@H](NC(=O)[C@H](Cc1ccc(O)cc1)NC(=O)[C@H](CCC(=O)O)NC3=O)C(=O)N2,0
COc1nccnc1C(C)C,0
CC(C)CCC[C@@H](C)CCC[C@@H](C)CCC[C@@H](C)CCOC[C@@H](CO)OCC[C@H](C)CCC[C@H](C)CCC[C@H](C)CCCC(C)C,0
CSc1cccc(Nc2ncc3cc(-c4c(Cl)cccc4Cl)c(=O)n(C)c3n2)c1,0
N[C@@H](CS(=O)O)C(=O)O,0
CC(=O)OC1CC2C3(C)CCCC(C)(C)C3CCC2(C)C2CC=C(C=O)C(C=O)C12C,1
CCCCCCCCCCCC[N+](C)(C)C,0
C[C@H]1SC(N)=N[C@](C)(c2cc(NC(=O)c3cnc(OCF)cn3)ccc2F)[C@H]1F,0
CNc1ccc(-c2nc3ccc(O)cc3s2)cc1F,0
CN1CCC[C@@H]1CCO[C@](C)(c1ccccc1)c1ccc(Cl)cc1,0
COc1ccc(-c2cc(=O)c3c(OC)c(OC)c(OC)cc3o2)cc1OC,1
CCCCCCCCCCOC(=O)S,0
Cc1ccc(C(=O)Nc2ccc(CN3CCN(C)CC3)c(C(F)(F)F)c2)cc1C#Cc1nnc2ccccn12,0
Cc1cccc(OCC(O)CNC(C)(C)C)c1C,0
CN(C)CCn1cnc2c1c(=O)n(C)c(=O)n2C,0
O=C1CCc2cccc3c2N1CC3,0
NCCNc1cc(-c2ccc[nH]2)c2c3c(ccc(F)c13)NC2=O,0
Clc1cncc(N2CCNCC2)n1,0
CC(CCc1ccccc1)NCC(O)c1ccc(O)c(C(N)=O)c1,1
CC1=C(CCC(=O)O)c2cc3[nH]c(cc4nc(cc5[nH]c(cc1n2)c(C)c5C(C)O)C(C)=C4C(C)O)c(C)c3CCC(=O)O,0
COc1cccc(C(=O)Nc2ccc3c(c2)CCN(C(=O)Oc2ccccc2)C3)c1-c1ccc(C(F)(F)F)cc1,0
COc1cc2ccc(=O)oc2cc1OC,1
CC[C@@]1(O)C(=O)OCc2c1cc1n(c2=O)Cc2c-1nc1ccccc1c2/C=N/OCCN,0
NC(=O)c1ncn(C2OC(CO)C(O)C2O)n1,1
C=C1[C@@H]2CC[C@@H]3[C@@]4(C)C[C@@H](O[C@H]5O[C@@H](COO)[C@H](OS(=O)(=O)O)[C@H](OS(=O)(=O)O)[C@H]5OC(=O)CC(C)C)CC(C(=O)O)(C(=O)O)[C@@H]4CC[C@]3(C2)[C@H]1O,0
N[C@@H](CCC(=O)N[C@@H](CSCc1cccc(I)c1)C(=O)NCC(=O)O)C(=O)O,0
CC(C)Oc1ccc(-c2nc(O[C@@H]3C[C@H]4C(=O)N[C@]5(C(=O)NS(=O)(=O)C6(C)CC6)C[C@H]5/C=C\CCCCC[C@H](NC(=O)OC5CCCC5)C(=O)N4C3)c3oc4ccccc4c3n2)cc1,0
C=CCc1ccc2c(c1)OCO2,1
[Fe],1
[O-][Br+2]([O-])O,1
Cn1c2c(c3ccc(Cl)cc31)[C@@H](C#N)C1(CCNCC1)NC2=O,0
NC1=N[C@H](CCNC(=O)c2ccoc2)Nc2c(F)ccc(F)c21,0
C1CCNCC1,1
CCn1nc(C)c2c1C(c1ccccc1)=NCC(=O)N2,0
O=C(O)CCC[C@@H]1SC[C@@H]2NC(=O)N[C@@H]21,0
Nc1ncnc2c1ncn2[C@@H]1O[C@H](COP(=O)(O)CP(=O)(O)O)[C@@H](O)[C@H]1O,0
Nc1nc2ncc(CNc3ccc(C(=O)OP(=O)(O)O)cc3)nc2c(=O)[nH]1,0
NC(N)=NNC(=O)N(c1ccccc1)c1ccccc1,0
C[C@H](C#Cc1ccc(Cc2ccc(F)cc2)s1)N(O)C(N)=O,0
Cc1ncc(C[n+]2csc(CCO)c2C)c(N)n1,0
Nc1cc(N)c(/N=N/c2ccc(S(N)(=O)=O)cc2)c(C(=O)O)c1,0
Nc1ccc(Br)cc1C(=O)N1CCC[C@@H]1Cc1ccccc1Cl,0
CSCC[C@H](NC(=O)[C@H](CO)NC(=O)[C@H](Cc1ccc(O)cc1)NC(=O)[C@@H](N)CO)C(=O)N[C@@H](CCC(=O)O)C(=O)N[C@@H](Cc1c[nH]cn1)C(=O)N[C@@H](Cc1ccccc1)C(=O)N[C@@H](CCCNC(=N)N)C(=O)N[C@@H](Cc1c[nH]c2ccccc12)C(=O)NCC(=O)N[C@@H](CCCCN)C(=O)N1CCC[C@H]1C(=O)N[C@H](C(=O)NCC(=O)N[C@@H](CCCCN)C(=O)N[C@@H](CCCCN)C(=O)N[C@@H](CCCNC(=N)N)C(=O)N[C@@H](CCCNC(=N)N)C(=O)N1CCC[C@H]1C(=O)N[C@H](C(=O)N[C@@H](CCCCN)C(=O)N[C@H](C(=O)N[C@@H](Cc1ccc(O)cc1)C(=O)N1CCC[C@H]1C(=O)O)C(C)C)C(C)C)C(C)C,0
C[C@H](NP(=O)(OC[C@H]1O[C@@H](n2ccc(N)nc2=O)C(F)(F)[C@@H]1O)Oc1ccccc1)C(=O)OCc1ccccc1,0
N#C/C(=C1/SCC(c2ccccc2Cl)S1)n1ccnc1,0
Cc1cccc(Nc2cc(Cl)nc(SCC(=O)NCCO)n2)c1C,1
CSC[S@+](C)[O-],0
O=C(O)c1[nH]c(C(=O)O)c(-c2c[nH]c3c(Cl)cccc23)c1-c1c[nH]c2c(Cl)cccc12,0
N=c1nnc(=N)c1=NNc1ccc(F)cc1,0
CN(C)CCN(Cc1cccs1)c1ccccn1,1
Nc1nc2nc[nH]c2c(=O)[nH]1,0
C[C@]12CC[C@@H]3c4ccc(O)cc4CC[C@H]3[C@@H]1C[C@@H](O)[C@H]2O,0
C/C1=C2/NC([C@H](CC(N)=O)[C@@]2(C)CCC(=O)NC[C@@H](C)OP(=O)(O)O[C@H]2[C@@H](O)[C@@H](n3cnc4cc(C)c(C)cc43)O[C@@H]2CO)[C@]2(C)N=C(/C(C)=C3\N=C(/C=C4\N=C1[C@@H](CCC(N)=O)C4(C)C)[C@@H](CCC(N)=O)[C@]3(C)CC(N)=O)[C@@H](CCC(N)=O)[C@]2(C)CC(N)=O,0
CC(C)[C@@H]1NC(=O)[C@H](CCCCN)NC(=O)[C@@H](Cc2c[nH]c3ccccc23)NC(=O)[C@H](Cc2ccc(O)cc2)NC(=O)[C@H](Cc2ccccc2)N(C)C(=O)[C@H](CCSCC(=O)NC[C@H](N)C(=O)N[C@@H](CCCCN)C(=O)N[C@@H](CS)C(=O)N[C@@H](CCCCN)C(N)=O)NC1=O,0
COc1ccc(C(=O)N2CCCc3cc(C4=NNC(=O)SC4C)ccc32)cc1OC,1
O=C(O)c1cc(S(=O)(=O)NCCS)ccc1O,0
O=C(O)C(=O)CO,0
CCCCC(=O)N[C@H]1/C(=N/OC(=O)Nc2ccccc2)O[C@H](CO)[C@@H](O)[C@@H]1O,0
CCCCCCCCCCCCCCCc1cccc(O)c1O,1
Nc1c2c(nc3cc(Br)ccc13)CCC(C(=O)NCCCc1ccccc1)C2,1
CNC(C)Cc1ccccc1OC,0
COC(=O)CC1(CN)C[C@H]2CC[C@H]2C1,0
CC(C)NCC(O)COc1ccc(CC(N)=O)cc1,1
Cc1ccc(C=C2C(=O)C3(C)CCC2C3(C)C)cc1,1
Clc1cccc(-c2cccc(Cl)c2)c1,1
CC(C)[C@]12O[C@H]1[C@@H]1O[C@]13[C@]1(O[C@H]1C[C@H]1C4=C(CC[C@@]13C)C(=O)OC4)[C@@H]2O,0
CN[C@@H](C)C(=O)N[C@H](C(=O)N1CCC[C@H]1C(=O)Nc1sc(-c2ncco2)nc1-c1ccccc1)C1CCCCC1,0
CN1CCC(=C2c3ccccc3CCc3sccc32)CC1,0
CCC(C)(CC)OC(N)=O,0
C=C1C(=O)OC2C3C(COC(=O)Cc4ccc(O)cc4)=CC(=O)C3=C(C)CC(O)C12,1
O=C(O)c1cc(-c2ccc(Cl)cc2Cl)ccc1O,0
CCCOc1ccc(-c2csc(-c3ccccc3Cl)c2CC(=O)N=C(N)N)cc1,0
NC/C=C(/CCCCCN)SC[C@H]1O[C@@H](n2cnc3c(N)ncnc32)[C@H](O)[C@@H]1O,0
Nc1ncnc2c1ncn2[C@@H]1O[C@H](COP(=O)(O)CP(=O)(O)OP(O)(=S)OC[C@H]2O[C@@H](n3cnc4c(N)ncnc43)[C@H](O)[C@@H]2O)[C@@H](O)[C@H]1O,0
C[C@@H](O[C@H]1CC[C@@H]2CN(C3=CC(=O)CC3)C[C@H]2[C@@H]1c1ccc(F)cc1)c1cc(C(F)(F)F)cc(C(F)(F)F)c1,0
Nc1nc2ccc(O)cc2[nH]1,0
COc1ncc(-c2ccc3ncc(-c4nnc(CCN5CCN(C)CC5)o4)n3c2)cc1NS(=O)(=O)c1ccc(F)cc1F,1
C=CCNC1=C2C[C@@H](C)C[C@H](OC)[C@H](O)[C@@H](C)/C=C(\C)[C@H](OC(N)=O)[C@@H](OC)/C=C\C=C(/C)C(=O)NC(=CC1=O)C2=O,0
CCOc1nc2cccc(C(=O)O)c2n1Cc1ccc(-c2ccccc2-c2nn[nH]n2)cc1,1
NS(=O)(=O)c1cc2c(cc1Cl)CN(C1CCCCC1)C2=O,0
[Sn],1
Nc1ncnc2c(CN3C[C@H](CSCc4ccccc4)[C@@H](O)C3)c[nH]c12,0
O=C(O)CCCCc1ccccc1,0
CCCNCCCNCCCNCC,0
CC(CCC1OC1(C)C)C1CCC2C3CC=C4CC(O)CCC4(C)C3CCC12C,1
NS(=O)(=O)c1ccc(Nc2cn3cc(C(=O)c4c(Cl)cccc4Cl)ccc3n2)cc1,0
N[C@@H](CS[C@@H](O)C[C@H](N)C(=O)O)C(=O)O,0
O=S(=O)(c1ccccc1)c1cnc2c(N3CCNCC3)cccc2c1,0
O=C(NCC12CC3CC(CC(C3)C1)C2)c1cc(CCCNCCCO)ccc1Cl,0
CN1CCC(N2CCN(C(=O)[C@H](NC(=O)c3ccc4cc[nH]c4c3)c3ccccc3)CC2)CC1,0
Cn1nnc(-c2ccc(-c3ccc(N4CC(CO)OC4=O)cc3F)cn2)n1,0
O=P(O)(O)OCCNS(=O)(=O)c1ccc2ccccc2c1,0
O=C(O)CCCC[C@@H]1SC[C@@H]2NC(=O)N[C@@H]21,0
CN1CC[C@]23c4c5ccc(O)c4O[C@H]2CCC[C@H]3[C@H]1C5,0
Nc1ccn([C@H]2CC[C@@H](CO)O2)c(=O)n1,0
C=CC(=O)OCC(CC)CCCC,1
CNC(=O)[C@@H](C)[C@H]1C(=O)/C(=C(O)/C=C/C(C)=C/[C@@H](C)[C@H]2O[C@@]3(C)O[C@H](C=C[C@@]34CO4)[C@@H]2C)C(=O)N1[C@@H]1CC[C@H](O)[C@H](C)O1,0
c1ccc(C[C@H]2CN(c3cc(-c4ccncc4)c(-c4ccc5ccccc5c4)nn3)CCN2)cc1,0
[18F]c1ccc(-c2ccc3c(c2)[nH]c2ccncc23)cn1,0
CC(O)COC(=O)O[C@@H]1C[C@H](C)CC[C@H]1C(C)C,0
CN1CCN(C(c2ccccc2)c2ccc(Cl)cc2)CC1,1
C[C@@H]1C(=O)O[C@H]2C[C@@]34[C@H]5C[C@@H](C(C)(C)C)[C@]36[C@@H](OC(=O)[C@@H]6O)O[C@@]4(C(=O)O5)[C@]21O,0
FC(F)CC(F)(F)F,0
C=CC[N+]1([C@H]2C[C@H]3[C@@H]4CC[C@H]5C[C@H](O)[C@@H](N6CCOCC6)C[C@]5(C)[C@H]4CC[C@]3(C)[C@H]2OC(C)=O)CCCC1,0
CCCN(CC)C(CC)C(=O)Nc1c(C)cccc1C,0
Nc1ccn([C@@H]2O[C@H](CO)[C@@H](O)[C@H]2OP(=O)(O)OC[C@H]2O[C@@H](n3cnc4c(=O)[nH]c(N)nc43)[C@H](O)[C@@H]2O)c(=O)n1,0
CC(=O)N1CCC(NC(=O)NC23CC4CC(CC(C4)C2)C3)CC1,0
Cc1cc(C)c(CNc2nc(Cl)nc3c2ncn3C2CCCC2)c(=O)[nH]1,0
CCC1OC(=O)C(C)C(OC2CC(C)(OC)C(O)C(C)O2)C(C)C(OC2OC(C)CC(N(C)C)C2O)C(C)(OC)CC(C)C(=O)C(C)C(O)C1(C)O,1
CC12CC1(C)C(=O)N(c1cc(Cl)cc(Cl)c1)C2=O,1
CCOC(=O)c1ccccc1O,0
COc1ccc(Cl)cc1NC(=O)Nc1cncc(O[C@@H](C)CN(C)C)n1,0
COC(=O)C1C(OC(=O)c2ccccc2)CC2CCC1N2C,1
FS(F)(F)(F)(F)F,0
O=P(O)(O)CN(CCN(CP(=O)(O)O)CP(=O)(O)O)CP(=O)(O)O,0
CC1(C)[C@@H](O)CC[C@]2(C)[C@H]3C(=O)C=C4[C@@H]5C[C@@](C)(C(=O)O)CC[C@]5(C)CC[C@@]4(C)[C@]3(C)CC[C@@H]12,0
Oc1ccc(C=Cc2ccccc2)cc1,1
NC(=O)c1cccc(O)c1O,0
Oc1ccc(C=Cc2cc(O)cc3c2C(c2cc(O)cc(O)c2)C(c2ccc(O)cc2)O3)cc1,1
Cc1cc(NC(=O)c2cccc(S(=O)(=O)N[C@H]3CCOC3)c2)ccc1F,0
O=C(CCCCCCC(=O)Nc1ccccc1)NO,1
CC(CC(=O)O)C1CCC2C3C(O)CC4CC(O)CCC4(C)C3CCC12C,1
O=C[C@H](O)[C@@H](O)[C@H](O)[C@H](O)CO,0
Nc1cc2c(nn1)-c1ccccc1CC2,0
O=c1cc(-c2ccc(O)cc2)oc2c(C3OC(CO)C(O)C(O)C3O)c(O)cc(O)c12,1
CC[N+](C)(CC)CCOC(c1ccccc1)c1ccccc1,0
Nc1ccc(S(=O)(=O)Nc2cnc3c(Cl)cccc3n2)cc1,0
NC1CCC(CC2CCC(N)CC2)CC1,1
CCCCc1cc2ccccc2c(OCCN(C)C)n1,0
CC(C)=CC(=O)C=C(C)C,1
CC[C@@H]1C(=O)N(C)c2cnc(Nc3ccc(C(=O)NC4CCC(N5CCN(CC6CC6)CC5)CC4)cc3OC)nc2N1C(C)C,0
C[N+]1(C)[C@@H]2CC[C@H]1CC(OC(=O)C(CO)c1ccccc1)C2,0
Cc1c[nH]c2c(O)cc3c(c12)[C@H](CCl)CN3C(=O)c1cc2cc(NC(=O)Nc3ccc4[nH]c(C(=O)N5C[C@@H](CCl)c6c5cc(O)c5[nH]cc(C)c65)cc4c3)ccc2[nH]1,0
CCCC(=O)O[C@]1(C(=O)COC(C)=O)CC[C@H]2[C@@H]3C[C@H](F)C4=CC(=O)C=C[C@]4(C)[C@@]3(F)[C@@H](O)C[C@@]21C,0
C[C@H]1O[C@H](O[C@H]2[C@H](O)[C@@H](O)[C@@H](O[C@H]3[C@H](O)[C@@H](O)C(O)O[C@@H]3CO)O[C@@H]2CO)[C@H](O)[C@@H](O)[C@@H]1N[C@H]1C=C(CO)[C@@H](O)[C@H](O)[C@H]1O,0
[C-]#[N+]CCCC,0
O=C(c1ccccn1)c1cnn2c(-c3ccncc3)ccnc12,0
N=C(N)c1cc2cccnc2s1,0
OC[C@H](O)[C@@H](O)[C@H](O)[C@H](O)CO[C@H]1O[C@H](CO[C@H]2O[C@H](CO)[C@@H](O)[C@H](O)[C@H]2O)[C@@H](O)[C@H](O)[C@H]1O,0
C[C@H](N[C@@H](CCc1ccccc1)C(=O)O)C(=O)N1[C@H](C(=O)O)C[C@@H]2CCC[C@@H]21,0
Cc1ncc(C[n+]2cccc(CCOP(=O)(O)OP(=O)(O)O)c2C)c(N)n1,0
CSCC[C@H](NC(C)=O)C(=O)O,0
CC(=O)Nc1ccc(OCCOC(=O)c2ccccc2OC(C)=O)cc1,0
CO[C@@H]([C@@H]1OC(C(=O)O)=C[C@H](N=C(N)N)[C@H]1NC(C)=O)[C@H](O)CO,0
[O-][n+]1cccc(C(Cl)=NOC[C@H](O)CN2CCCCC2)c1,0
O=C1NC(=O)/C(=C/c2cc3ccccc3s2)S1,0
CN1c2c([nH]c(N)nc2=O)NC[C@@H]1CNc1ccc(C(=O)N[C@@H](CCC(=O)O)C(=O)O)cc1,0
C#CCOc1ccc(N)cc1C(=O)NCCCC,0
CCCCOCCOc1ccc(-c2ccc3c(c2)/C=C(/C(=O)Nc2ccc([S@@+]([O-])Cc4cncn4CCC)cc2)CCCN3CC(C)C)cc1,0
CC(C)[C@H](N)CO,0
CCN(CC)C(C)CN1c2ccccc2Sc2ccccc21,0
COC1=C(OC)C(=O)C(C/C=C(\C)CCC=C(C)C)=C(C)C1=O,0
CCNC(=O)[C@@H]1CCCN1C(=O)[C@H](CCCN=C(N)N)NC(=O)[C@H](CC(C)C)NC(=O)[C@@H](Cc1c[nH]c2ccccc12)NC(=O)[C@H](Cc1ccc(O)cc1)NC(=O)[C@H](CO)NC(=O)[C@H](Cc1c[nH]c2ccccc12)NC(=O)[C@H](Cc1cnc[nH]1)NC(=O)[C@@H]1CCC(=O)N1,0
NS(=O)(=O)c1ccc(CCC(=O)O)cc1,0
C=CCSSC=CC[S+]([O-])CC=C,1
O=CNCc1ccccc1,0
C[C@@H](O)[C@H](NC(=O)[C@@H]1CSSC[C@H](NC(=O)[C@H](N)Cc2ccccc2)C(=O)N[C@@H](Cc2ccc(O)cc2)C(=O)N[C@H](Cc2c[nH]c3ccccc23)C(=O)N[C@@H](CCCCN)C(=O)N1)C(N)=O,0
COc1ccc2c(C(=O)c3ccc(Cl)cc3)c(C)n(CC(=O)O)c2c1,1
CC(CCCC(C)(C)O)C1CCC2C3CC=C4CC(O)CCC4(C)C3CCC12C,1
CCCCCCCC/C=C\CCCCCCCCOC(=O)[C@H](O)CO,0
Nc1nc(O)c(N)c(=O)[nH]1,0
O=C(O)CNC(=O)C1=C2N=CNN2C(CCc2ccccc2)C=C1O,0
CCCCCCCCCCCCCCCC(=O)OC[C@H](COP(=O)([O-])OCC[N+](C)(C)C)OC(=O)CCCCCCCCCCCCCCC,0
O=C(O)Cn1nnc(-c2cc(N3CCC(Oc4cc(F)ccc4Br)CC3)no2)n1,0
CC(=O)NC(CC(C)C)C(=O)NC(CC(C)C)C(=O)NC(C=O)CCCN=C(N)N,1
CN1CCn2c1nc1c(Br)c(Br)c(Br)c(Br)c12,0
CC(Cc1ccccc1)N(C)Cc1ccccc1,0
N[C@H]1C=C(CO)C[C@H](O)[C@H]1O,0
C=CCN(C)Cc1ccc(-c2ccc(C(=O)c3ccc(Br)cc3)cc2)cc1,0
Cn1c(=O)c2c(ncn2CCO)n(C)c1=O,0
N=C(N)c1ccccc1,0
CCCCC1=NC2(CCCC2)C(=O)N1Cc1ccc(-c2ccccc2S(=O)(=O)Nc2noc(C)c2C)c(COCC)c1,0
CCCCC(=O)OCC(=O)[C@]1(O)Cc2c(O)c3c(c(O)c2[C@@H](O[C@H]2C[C@H](NC(=O)C(F)(F)F)[C@H](O)[C@H](C)O2)C1)C(=O)c1c(OC)cccc1C3=O,0
N[C@@H](Cc1c[nH]c2ncccc12)C(=O)O,0
O=[N+]([O-])c1cc(Cl)c(O)c(Cl)c1,1
CC(=O)Oc1ccccc1C(=O)Nc1ncc([N+](=O)[O-])s1,0
O=C(O)CSC(SCC(=O)O)SCC(=O)O,0
O=C(O)COc1cccc(CN(Cc2ccc(-n3cccn3)cc2)S(=O)(=O)c2cccnc2)c1,0
COc1[nH]c(=O)c(C(=O)[C@@H](C)C[C@H](C)[C@@H](Cl)CCl)c(O)c1OC,0
CC[C@@H](C)[C@H]1O[C@]2(CC[C@@H]1C)C[C@@H]1C[C@@H](C/C=C(\C)[C@@H](O[C@H]3C[C@H](OC)[C@@H](O[C@H]4C[C@H](OC)[C@@H](O)[C@H](C)O4)[C@H](C)O3)[C@@H](C)/C=C/C=C3\CO[C@@H]4[C@H](O)C(C)=C[C@@H](C(=O)O1)[C@]34O)O2,0
CCOC(=O)[C@H](CCc1ccccc1)N[C@@H](C)C(=O)N1CC2(C[C@H]1C(=O)O)SCCS2,0
CC(=O)N[C@@H]1[C@@H](O[C@@H]2O[C@H](CO)[C@H](O)[C@H](O)[C@H]2O[C@@H]2O[C@@H](C)[C@@H](O)[C@@H](O)[C@@H]2O)[C@H](O)[C@@H](CO)O[C@H]1O,0
CCCCCCCCCCCC(=O)OCC(O)COP(=O)(O)OCC[N+](C)(C)C,0
ClC(Cl)C(Cl)(Cl)Cl,1
O=C(O)CCCC[C@@H]1CCSS1,0
FC(F)c1nc2ccccc2n1-c1nc(N2CCOCC2)nc(N2CCOCC2)n1,0
O=C1c2cccc3c(NCCO)ccc(c23)C(=O)N1c1cccc(Br)c1,0
CC[C@@H](O)/C=C/C=C\C[C@@H](O)/C=C/C=C/C=C\[C@@H](O)CCCC(=O)O,0
Cc1cc(C(C)(C)C)cc(C)c1CC1=NCCN1,0
C#C[C@]1(OC(C)=O)CC[C@H]2[C@@H]3CCC4=C/C(=N/O)CC[C@@H]4[C@H]3CC[C@@]21CC,0
C=CCNC(N)=NCCC[C@H](N)C(=O)O,0
CN[C@H]1[C@@H](O[C@@H]2/C3=C/C#C[C@H]4O[C@@]4([C@H]4COC(=O)O4)C#CC3=C[C@H]2OC(=O)c2c(O)ccc3c(C)cc(OC)cc23)O[C@H](C)[C@H](O)[C@@H]1O,0
C[C@]12CC[C@@H]3c4ccc(OC5CCCC5)cc4CC[C@H]3[C@@H]1C[C@@H](O)[C@@H]2O,0
OC1CN(C2=Nc3ccccc3C(c3ccccc3)=N[C@@H]2c2cccs2)C1,0
CC(C)(CO)c1cc2cc(NC(=O)C3(c4ccc5c(c4)OC(F)(F)O5)CC3)c(F)cc2n1C[C@@H](O)CO,0
C[C@H](NC(=O)[C@H](Cc1ccc(-c2ccccc2)cc1)CP(=O)(O)[C@H](C)N)C(=O)O,0
COc1cc(OC)c(/C=C2/C(=O)Nc3ccccc32)c(OC)c1,0
CC(C)Oc1cc(-n2nc(C(C)(C)C)oc2=O)c(Cl)cc1Cl,1
O=C(Nc1cc(Cl)cc(Cl)c1)[C@H]1CC(=O)N(C2CCCCC2)C1,0
CC(C)c1cnn2c(Nc3ccc(S(=O)(=O)N(C)C)cc3)cc(NC3CCC(N)CC3)nc12,0
Nc1ccc([Hg+])cc1,1
C[C@H](CS)C(=O)N1C[C@@H](Sc2ccccc2)C[C@H]1C(=O)O,0
O=c1ccn([C@@H]2O[C@H](CO)[C@@H](O)[C@H]2O)c(=O)[nH]1,0
CCCCCCCCOc1ccc(-c2ccc(C(=O)N[C@H]3CC(NCCN)CNC(=O)[C@@H]4[C@@H](O)[C@@H](C)CN4C(=O)[C@H](CO)NC(=O)[C@H]([C@H](O)Cc4ccc(O)cc4)NC(=O)[C@@H]4C[C@@H](O)CN4C(=O)[C@H]([C@@H](C)O)NC3=O)cc2)cc1,0
Nc1nnc(Sc2ncc([N+](=O)[O-])s2)s1,0
CC(C)OC(=O)[C@H](C)N[P@](=O)(OC[C@H]1O[C@@H](n2ccc(=O)[nH]c2=O)[C@](C)(F)[C@@H]1O)Oc1ccccc1,0
C[C@@H]1CN(c2ccc(OC(F)(F)F)cc2)C[C@H](C)N1S(=O)(=O)c1cccc2c1CC(C(=O)O)C2,0
NC(N)=Nc1ccc(B2OC[C@@H](CO)O2)cc1,0
NC(=O)C1=CN([C@@H]2O[C@H](COP(=O)(O)OP(=O)(O)OC[C@H]3O[C@@H](n4cnc5c(N)ncnc54)[C@H](O)[C@@H]3O)[C@@H](O)[C@H]2O)C=CC1,0
CN1[C@@H]2C[C@@H](OC(=O)[C@H](CO)c3ccccc3)C[C@H]1[C@@H]1O[C@@H]12,0
C[C@@H](O)[C@H](N)C(=O)O,0
CC[C@H]1OC(=O)[C@H](C)[C@@H](O[C@H]2C[C@@](C)(OC)[C@@H](O)[C@H](C)O2)[C@H](C)[C@@H](O[C@@H]2O[C@H](C)C[C@H](N(C)C)[C@H]2O)[C@](C)(O)C[C@@H](C)[C@@H]2N[C@@H](COCCOC)O[C@H]([C@H]2C)[C@]1(C)O,1
CC1CCC2(OC1)OC1CC3C4CC=C5CC(O)CC(OC6OC(C)C(O)C(OC7OCC(O)C(O)C7O)C6OC6OC(C)C(O)C(O)C6O)C5(C)C4CCC3(C)C1C2C,1
O=C(Nc1c(Cl)cncc1Cl)c1ccc(OC(F)F)c(OCC2CC2)c1,0
CC(Cc1ccccc1)NC(C#N)c1ccccc1,0
CCCCCCCCCCCCCCOS(=O)(=O)O,0
CC[C@H](C)[C@H](NC(=O)[C@H](CC(C)C)NC(=O)[C@H](CCC(=O)O)NC(=O)[C@H](Cc1c[nH]cn1)NC(=O)[C@@H](NC(=O)[C@H](CC(C)C)NC(=O)[C@H](CCCCNC(=O)COCCOCCNC(=O)CCN1C(=O)C=CC1=O)NC(=O)[C@@H](NC(=O)[C@H](Cc1ccc(O)cc1)NC(=O)[C@H](CC(N)=O)NC(=O)[C@H](CC(N)=O)NC(=O)[C@@H](NC(=O)[C@H](CCC(=O)O)NC(=O)[C@H](CCCNC(=N)N)NC(=O)[C@H](CC(=O)O)NC(=O)[C@H](Cc1c[nH]c2ccccc12)NC(=O)[C@H](CCC(=O)O)NC(=O)[C@H](CCC(=O)O)NC(=O)[C@H](Cc1c[nH]c2ccccc12)NC(C)=O)[C@@H](C)CC)[C@@H](C)O)[C@@H](C)CC)C(=O)N[C@@H](CCC(=O)O)C(=O)N[C@@H](CCC(=O)O)C(=O)N[C@@H](CO)C(=O)N[C@@H](CCC(N)=O)C(=O)N[C@@H](CC(N)=O)C(=O)N[C@@H](CCC(N)=O)C(=O)N[C@@H](CCC(N)=O)C(=O)N[C@@H](CCC(=O)O)C(=O)N[C@@H](CCCCN)C(=O)N[C@@H](CC(N)=O)C(=O)N[C@@H](CCC(=O)O)C(=O)N[C@@H](CCC(N)=O)C(=O)N[C@@H](CCC(=O)O)C(=O)N[C@@H](CC(C)C)C(=O)N[C@@H](CC(C)C)C(N)=O,0
C=C1/C(=C/C=C2\CCC[C@]3(C)[C@@H]([C@H](C)CCCC(O)(C(F)(F)F)C(F)(F)F)CC[C@@H]23)C[C@@H](O)C[C@@H]1O,0
O=C1CC[C@@H](C(=O)O)N1,0
CC(C)C1=CC2=CCC3C(C)(C(=O)O)CCCC3(C)C2CC1,1
Fc1cc(F)c2c(c1)C[C@@H](n1c(CCNCc3ccccc3)c[nH]c1=S)CO2,0
O=C(O)[C@H]1C[C@H]1C(=O)Nc1cc(F)ccc1F,0
C[C@@H](CSCCNC(=O)CCNC(=O)[C@H](O)C(C)(C)COP(=O)(O)OP(=O)(O)OC[C@H]1O[C@@H](n2cnc3c(N)ncnc32)[C@H](O)[C@@H]1OP(=O)(O)O)C(=O)O,0
Cc1c(C(=O)c2nccn2C)oc2cccc(OCCCNCc3cccnc3)c12,0
CN(CCOc1ccc(NS(C)(=O)=O)cc1)CCc1ccc(NS(C)(=O)=O)cc1,1
CN1CSC(=S)N(C)C1,1
CCP(=O)(OC)c1ccc2oc(-c3ccc(C(F)(F)F)cc3)nc2c1,1
NC(=O)c1ccc[n+](C2OC(COP(=O)([O-])OP(=O)(O)OCC3OC(n4cnc5c(N)ncnc54)C(O)C3O)C(O)C2O)c1,1
CN(C)CCOC(=O)C(c1ccccc1)C1(O)CCCC1,0
[Sb+5],0
C=C1/C(=C\C=C2/CCC[C@]3(C)C([C@@H](C)C/C=C/C(O)(CC)CC)=CC[C@@H]23)C[C@@H](O)C[C@@H]1F,0
CC1CC=CC=CC=CC=CC(OC2OC(C)C(O)C(N)C2O)CC2OC(O)(CC(O)CC3OC3C=CC(=O)O1)CC(O)C2C(=O)O,1
COP(=S)(OC)Oc1ccc(S(N)(=O)=O)cc1,0
CC(=O)N[C@H]1[C@H]([C@H](O)[C@H](O)CO)O[C@](OP(=O)(O)OC[C@H]2O[C@@H](n3ccc(N)nc3=O)[C@H](O)[C@@H]2O)(C(=O)O)C[C@@H]1O,0
CCOc1ccc(NC(C)=O)cc1,1
CCCCn1c(Cc2ccc(OC)cc2)nc2c(N)ncnc21,0
CNC(C)C(O)c1ccccc1,0
CCCCOc1ccc(OCCCN2CCOCC2)cc1,0
COc1cc2c(N)nc(N3CCN(C(=O)OCC(C)(C)O)CC3)nc2c(OC)c1OC,0
COc1ccc2c(c1)[C@]13CCCC[C@@H]1[C@H](C2)N(C)CC3,0
CC(C)[C@H](C=O)[C@H]1[C@H](NS(C)(=O)=O)CCN1C(=O)/C=C/CN1CCCCC1,0
CN1CCCN=C1COC(=O)C(O)(c1ccccc1)C1CCCCC1,0
CC(C=CC1=C(C)CCCC1(C)C)=CC=CC(C)=CC(=O)Nc1ccc(O)cc1,1
CCNc1nc(Cl)nc(N[C@@](C)(C#N)CC)n1,0
CC(=O)NCCCCCC(=O)O,0
CNCc1ccc(-c2cc3cc(F)cc(C(N)=O)c3o2)cc1,0
CC[C@H](C)[C@@H]([C@@H](CC(=O)N1CCC[C@H]1[C@H](OC)[C@@H](C)C(=O)N[C@@H](Cc1ccccc1)c1nccs1)OC)N(C)C(=O)[C@@H](NC(=O)[C@H]([C@@H](C)CC)N(C)C)C(C)C,1
CCOc1ccc(C[C@H]2NC(=O)CCSSC[C@@H](C(=O)N3CCC[C@H]3C(=O)N[C@@H](CCCN)C(=O)NCC(N)=O)NC(=O)[C@H](CC(N)=O)NC(=O)[C@H]([C@@H](C)O)NC(=O)[C@H]([C@@H](C)CC)NC2=O)cc1,0
CC(=O)N[C@@H](CC(=O)N[C@@H](CCC(=O)O)C(=O)O)C(=O)O,0
CCOC(=O)C(CC)(C(=O)NCCN(CC)CC)c1ccccc1,0
Cc1ccc(N)cc1C(=O)N[C@H](C)c1cccc2ccccc12,0
CC(C)C[C@@H](NC(=O)[C@@H](Cc1ccccc1)NC(=O)[C@H](N)Cc1ccccc1)C(=O)N[C@H](CCCCN)C(=O)N1CCC(N)(C(=O)O)CC1,0
C=CCSSSCC=C,1
C[C@@H](C(=O)N1CCOCC1)N1CC[C@H](NS(=O)(=O)c2cc3ccc(Cl)cc3s2)C1=O,0
CC(C)(C)C(=O)OCC(C)(C)[C@@H](O)C(=O)NCCC(=O)NCCS,0
Cc1ccc(O)cc1Nc1ccnc2cc(-c3csc(C=O)n3)ccc12,0
O=C(/C=C(\O)c1c[nH]c2ccc(Cl)cc12)c1nn[nH]n1,0
CCOC(=O)c1ccc(-c2ccc(N(CC)CC)nn2)cc1,0
CCCCCC(=O)O[C@H]1CC[C@@]2(C)C(=CC[C@H]3[C@@H]4C[C@@H]5O[C@]6(CC[C@@H](C)CO6)[C@@H](C)[C@@H]5[C@@]4(C)CC[C@@H]32)C1,0
Nc1nc(Cl)nc2c1ncn2[C@H]1CC[C@@H](CO)O1,0
N/C(=C\c1ccccc1)C(=O)O,0
C[C@@H]1CN(C(=O)[C@@H]2CN(C(C)(C)C)C[C@H]2c2ccc(F)cc2F)C[C@H](C)C1(O)c1ccccc1,0
Cc1cc(CCCOc2c(C)cc(-c3noc(C(F)(F)F)n3)cc2C)on1,0
O=C1NC=C[C@H](O)N1,0
CN(C)[C@@H]1C(=O)C(C(N)=O)=C(O)[C@@]2(O)C(=O)C3=C(O)c4c(O)cccc4[C@@](C)(O)[C@H]3[C@H](O)[C@@H]12,0
CN(C)c1ccc([C@H]2C[C@]3(C)[C@@H](CC[C@]3(O)CCCO)[C@@H]3CCC4=CC(=O)CCC4=C32)cc1,0
Clc1cc(Cl)c(Cl)c(Cl)c1Cl,1
Cc1ccc(-n2[nH]c(C)c(N=Nc3cccc(-c4cccc(C(=O)O)c4)c3O)c2=O)cc1C,1
C[C@]12CC[C@H](O)C[C@@H]1CC[C@@H]1[C@@H]2CC[C@]2(C)[C@H](O)CC[C@@H]12,0
CCCCC(C=O)NC(=O)C(CC(C)C)NC(=O)C(CC(C)C)NC(C)=O,1
O=c1[nH]c(=O)n(COCCO)cc1Cc1cccc(OCc2ccccc2)c1,0
Nc1nc2c(ncn2C2CC(O)C(CO)O2)c(=O)[nH]1,1
C[C@H]1O[C@H](O[C@H]2[C@H](O)[C@@H](O)[C@@H](O[C@@H]3C(CO)=C[C@H](N[C@H]4[C@H](O)[C@@H](O)[C@@H](O[C@H]5[C@H](O)[C@@H](O)[C@@H](O[C@H]6[C@H](O)[C@@H](O)[C@H](O)O[C@@H]6C)O[C@@H]5CO)O[C@@H]4C)[C@H](O)[C@H]3O)O[C@@H]2CO)[C@H](O)[C@@H](O)[C@@H]1O,0
C=C1C[C@@]23CC[C@H]4[C@@](C)(CCC[C@@]4(C)C(=O)O)[C@@H]2CC[C@]1(O[C@@H]1O[C@H](CO)[C@@H](O)[C@H](O)[C@H]1O[C@@H]1O[C@H](CO)[C@@H](O)[C@H](O)[C@H]1O)C3,0
CC(C)c1cc(Sc2ccc(O)c(C(C)C)c2)ccc1O,0
O=C1C=Cc2ccccc2C1=O,1
O=C(NCc1ccncc1)C12CC3CC(C1)CC(c1ccc(Cl)cc1)(C3)C2,0
COc1cc([C@@H]2Oc3cc([C@H]4Oc5cc(O)cc(O)c5C(=O)[C@@H]4O)ccc3O[C@H]2COC(=O)CCC(=O)NCCCCCCNc2c3c(nc4ccccc24)CCCC3)ccc1O,0
OCc1cnn2c(NCc3cccnc3)cc(-c3ccccc3)nc12,0
N#Cc1cc(Cl)cc(Oc2c(Cl)ccc3c2cnn3Cc2[nH]nc3ncccc23)c1,0
CC(C(=O)O)c1ccc(C(=O)c2ccccc2)s1,0
N[C@@H](CCC(=O)N[C@@H](CS[C@H]1c2ccccc2-c2ccccc2[C@@H]1O)C(=O)NCC(=O)O)C(=O)O,0
CC12CCC(=O)C=C1CCC1C3CCC(O)(C(=O)CO)C3(C)CC(O)C12F,1
Nc1c(S(=O)(=O)O)cc(Nc2ccc(Nc3nc(Cl)nc(Nc4cccc(S(=O)(=O)O)c4)n3)c(S(=O)(=O)O)c2)c2c1C(=O)c1ccccc1C2=O,1
CCCCCCCCCCCC(=O)OCCNC(=O)C[n+]1ccccc1,0
NCCC(=O)NCC[C@H](N)C(=O)O,0
O=c1c2cc(O)c(O)cc2oc2cc(O)cc(O)c12,1
CC(N)Cc1cnc[nH]1,1
CC[C@H](C)[C@H](N)C1=N[C@H](C(=O)N[C@@H](CC(C)C)C(=O)N[C@H](CCC(=O)O)C(=O)N[C@H](C(=O)N[C@H]2CCCCNC(=O)[C@H](CC(N)=O)NC(=O)[C@@H](CC(=O)O)NC(=O)[C@H](Cc3cnc[nH]3)NC(=O)[C@@H](Cc3ccccc3)NC(=O)[C@H]([C@@H](C)CC)NC(=O)[C@@H](CCCN)NC2=O)[C@@H](C)CC)CS1,0
CN(C)CCC=C1c2ccccc2C=Cc2ccccc21,1
CCCCCCCCCCCCCCCCCCCCCCC(=O)O,0
CCC(NC(=O)c1c(O)c(-c2ccccc2)nc2ccccc12)c1ccccc1,0
Cc1onc(-c2c(Cl)cccc2Cl)c1C(=O)N[C@@H]1C(=O)N2[C@@H]1SC(C)(C)[C@@H]2C(=O)O,1
CCN1CCN(C(=O)NC(C(=O)NC2C(=O)N3C(C(=O)O)=C(CSc4nnnn4C)CSC23)c2ccc(O)cc2)C(=O)C1=O,1
CCCC(=O)O[C@]1(C(=O)CO)CC[C@H]2[C@@H]3CCC4=CC(=O)CC[C@]4(C)[C@H]3[C@@H](O)C[C@@]21C,0
N=C(Cc1ccc(O)c(O)c1)C(=O)O,0
C[C@H](NC(=O)OCc1ccccc1)C(=O)N[C@@H](C)P(=O)(O)O[C@@H](Cc1ccccc1)C(=O)O,0
N[C@@H](Cn1cc(F)c(=O)[nH]c1=O)C(=O)O,0
N[C@@H](CC(=O)O)C1=N/C(=C\c2ccc(O)cc2)C(=O)N1CC(=O)O,0
COc1ccnc2[nH]cc(-c3ccnc(N)n3)c12,0
Nc1ncccc1NCc1cccc(-c2cccnc2)c1,0
CC(=O)OCCNC(=O)CCNC(=O)[C@H](O)C(C)(C)COC(=O)C(C)(C)C,0
COc1nc(N)nc2c1ncn2[C@@H]1O[C@H](CO)[C@@H](O)[C@@H]1O,1
C[C@@H](c1nc(-c2ccc(C#N)cc2)cs1)[C@](O)(Cn1cncn1)c1cc(F)ccc1F,1
CC(C(=O)O)c1ccc2c(c1)Cc1cccnc1O2,0
CC(C)(C)NC(=O)C1CCC2C3CCC4NC(=O)C=CC4(C)C3CCC12C,1
Nc1nc(OCc2ccccc2)c2[nH]cnc2n1,0
CCCc1ccc(NC(=O)c2ccccc2NCc2ccc(=O)[nH]c2)cc1C(F)(F)F,0
COc1cc(Cc2cnc(N)nc2N)c2c(c1OC)O[C@H](C1CC1)C=C2,0
COC1CC2CCC(C)C(O)(O2)C(=O)C(=O)N2CCCCC2C(=O)OC(C(C)CC2CCC(O)C(OC)C2)CC(=O)C(C)C=C(C)C(O)C(OC)C(=O)C(C)CC(C)C=CC=CC=C1C,1
NS(=O)(=O)c1ccc(C(=O)NCc2c(F)cccc2F)cc1,0
O=S(=O)(c1ccccc1)N(CC(F)(F)F)c1ccc(C(O)(C(F)(F)F)C(F)(F)F)cc1,0
CCCCCCCCCCC[N+](C)(C)[O-],0
COc1cccc(COC(Cn2ccnc2)c2ccc(Cl)cc2Cl)c1,0
COc1ccc(OC)c(CN(C)c2ccc3nc(N)nc(N)c3c2)c1,0
O=C1NOCC1N=Cc1ccc(C=NC2CONC2=O)cc1,0
CCCCC(=O)OC1CCC2C3CCc4cc(O)ccc4C3CCC12C,1
C=Cc1c(C)c2cc3c(C=C)c(C)c(cc4nc(cc5nc(cc1[nH]2)C(C)=C5CCC(=O)O)C(CCC(=O)O)=C4C)n3C,1
O=C(O)/C=C/c1cnc[nH]1,0
O=C(Nc1cc(C(F)(F)F)cc(C(F)(F)F)c1)Nc1cc(Br)ccc1-c1nn[nH]n1,0
NS(=O)(=O)N[C@@H](Cc1ccccc1)C(=O)O,0
CC(=O)N[C@@H](CS)C(N)=O,0
N=C(N)c1ccc2cc(C(=O)Nc3ccccc3)ccc2c1,0
CCC(C)(C)c1ccc(CC(C)CN2C[C@@H](C)O[C@@H](C)C2)cc1,0
NS(=O)(=O)c1cc2c(cc1Cl)NC(CSCC(F)(F)F)NS2(=O)=O,0
COC(=O)[C@H](Cc1ccc(Br)cc1)NC(=O)CCCCCCC(=O)NO,0
CCCCCC[C@H](O)C(=O)O,0
CC[C@]1(O)Cc2cc3c(c(O)c2[C@@H](O[C@H]2C[C@H](N(C)C)[C@H](O)[C@H](C)O2)C1)C(=O)c1c(O)cccc1C3=O,0
CCCc1c(OCCCOc2ccc3c(ccn3CC(=O)O)c2)ccc2cc(C(=O)c3ccccc3)ccc12,0
CC(=O)OCOC(=O)CN(CC(=O)O)c1ccccc1OCCOc1ccccc1N(CC(=O)O)CC(=O)O,1
Fc1ccc(-c2[nH]ncc2-c2ccncc2)cc1,0
O=C(O)[C@H](CCc1ccccc1)N[C@H]1CCCN2CCC[C@@H](C(=O)O)N2C1=O,0
CC(=O)N[C@@H]1[C@@H](O)[C@@H](OS(=O)(=O)O)[C@@H](CO)O[C@H]1O,0
CN(C)C(=O)C(CCN1CCC(O)(c2ccc(Cl)cc2)CC1)(c1ccccc1)c1ccccc1,0
CCC(C)C(NC(=O)C1CCCN1C(=O)CNC(=O)C(Cc1ccccc1)NC(=O)C(CC(N)=O)NC(=O)C(CC(N)=O)NC(=O)C(CO)NC(=O)C(CO)NC(=O)C(Cc1c[nH]cn1)NC(=O)C(NC(=O)C(CC(C)C)NC(=O)C(Cc1ccccc1)NC(=O)C(CC(N)=O)NC(=O)C(C)NC(=O)C(CC(C)C)NC(=O)C(CCCNC(=N)N)NC(=O)C(CCC(N)=O)NC(=O)C(NC(=O)C(C)NC(=O)C1CSSCC(NC(=O)C(N)CCCCN)C(=O)NC(CC(N)=O)C(=O)NC(C(C)O)C(=O)NC(C)C(=O)NC(C(C)O)C(=O)N1)C(C)O)C(C)C)C(=O)NC(CC(C)C)C(=O)N1CCCC1C(=O)N1CCCC1C(=O)NC(C(=O)NC(CC(N)=O)C(=O)NC(C(=O)NCC(=O)NC(CO)C(=O)NC(CC(N)=O)C(=O)NC(C(=O)NC(Cc1ccc(O)cc1)C(N)=O)C(C)O)C(C)C)C(C)O,0
Nc1nc(N)nc(Nc2ccc([As]3SCC(CO)S3)cc2)n1,1
C[C@H](N)C(=O)NS(=O)(=O)OC[C@H]1O[C@@H](n2cnc3c(N)ncnc32)[C@H](O)[C@@H]1O,0
Nc1c(CC(=O)O)cccc1C(=O)c1ccc(Br)cc1,1
CN(C(=O)Oc1ccc(Cl)cc1)C1CCC(c2ccc(CN3CCCCC3)cc2)CC1,0
CN(Cc1cn(C)c2ccccc12)C(=O)/C=C/c1cnc2c(c1)CCC(=O)N2,0
C#CC1(O)CCC2C3CCC4=C(CCC(O)C4)C3CCC21C,1
C=C(C)C(=O)OCC(O)COc1ccc(C(C)(C)c2ccc(OCC(O)COC(=O)C(=C)C)cc2)cc1,1
Clc1ccc(C(c2ccccc2Cl)C(Cl)(Cl)Cl)cc1,1
O=C(Cn1cc(-c2ccncc2)nn1)Nc1nccs1,0
CC[N+](C)(C)CCC(C(N)=O)(c1ccccc1)c1ccccc1,0
C[C@]12CC[C@@H]3c4ccc(OC(=O)c5ccccc5)cc4CC[C@H]3[C@@H]1CC[C@@H]2O,0
CC(C)[C@H]1SC(=Nc2ccccc2F)NC1=O,0
Nc1ncnc2c([C@@H]3N[C@H](CO)[C@@H](O)[C@H]3O)c[nH]c12,0
CC(C)=CCC/C(C)=C\CC/C(C)=C\CO,0
CC(C)N(C[C@H]1O[C@@H](n2cnc3c(N)ncnc32)[C@H](O)[C@@H]1O)C1CC(CCc2nc3ccc(C(C)(C)C)cc3[nH]2)C1,0
CCC1(c2cccc(O)c2)CCCCN(C)C1,0
COC(=O)[C@@H](c1ccccc1)N1CCC(c2ccc(NC(=O)c3ccccc3-c3ccc(C(F)(F)F)cc3)cc2)CC1,0
CCN(CC)CCN1C(=O)CN=C(c2ccccc2F)c2cc(Cl)ccc21,1
CC(C)CCCC(C)CCC[C@@H](C)CCC[C@@H](C)CCOC[C@@H](COP(=O)(O)OC[C@H](O)COP(=O)(O)O)OCC[C@H](C)CCC[C@H](C)CCCC(C)CCCC(C)C,0
OC[C@H]1OC(O)[C@H](O)[C@H](O)[C@@H]1O,0
Cc1ccc(NC(=O)C2(c3ccc4c(c3)OC(F)(F)O4)CC2)nc1-c1cccc(C(=O)O)c1,0
COc1ccc2c(c1)nc([S+]([O-])Cc1ncc(C)c(OC)c1C)n2S(=O)(=O)c1ccc(OCC(=O)O)cc1,0
CCC(=O)C1(C)C(C)CC2C3CCC4=CC(=O)C=CC4(C)C3C(O)CC21C,1
C[C@H](O)[C@H](N)c1nc(Cc2c[nH]c3cccc(F)c23)c(O)n1CC(=O)O,0
C[C@]12CC[C@H]3[C@@H](CC=C4C[C@@H](O)CC[C@@]43C)[C@@H]1CC[C@@H]2O,0
N[C@@H](Cc1ccc(O)c(O)c1)C(=O)O,0
CN1[C@@H]2CC[C@H]1C[C@@H](OC(c1ccccc1)c1ccccc1)C2,0
Oc1cc(Cc2ccccn2)ccc1Oc1ccc(Cl)cc1Cl,0
Cc1cc(N)c2ccccc2[n+]1CCCCCCCCCC[n+]1c(C)cc(N)c2ccccc21,1
COc1ncc(OC)c2c(C(=O)C(=O)N3CCN(C(=O)c4ccccc4)CC3)c[nH]c12,0
Nc1nc(N)c(-c2ccccc2)s1,0
Nc1nccc2c1ncn2[C@@H]1O[C@H](CO)[C@@H](O)[C@H]1O,0
Cc1nc2cnccc2n1-c1ccc(Cn2c(=O)sc3ccccc32)cc1,0
c1ccc2c(SC3=NCCN3)c[nH]c2c1,0
CC[C@@H](NC=O)c1ccccc1,0
C=CC1=C(C)c2cc3[nH]c(cc4nc(c(-c5ccccc5)c5[nH]c(cc1n2)c(C)c5CCC(=O)O)C(CCC(=O)O)=C4C)c(C)c3C=C,0
CC=C(C)C(=O)OC1C(OC(C)=O)C2(CO)C(O)CC3(C)C(=CCC4C5(C)CCC(OC6OC(C(=O)O)C(OC7OC(CO)C(O)C(O)C7O)C(O)C6OC6OC(CO)C(O)C(O)C6O)C(C)(CO)C5CCC43C)C2CC1(C)C,1
O=C(NC(CN1CCOCC1)CN1CCOCC1)c1cc(O[C@H]2O[C@H](CO)[C@H](O)[C@H](O)[C@H]2O)cc([N+](=O)[O-])c1,0
CS[C@H]1[C@H](O)[C@H](O)[C@H](O)[C@@H]1NCc1ccccc1,0
COc1cccc(N2C=Cc3cc(S(N)(=O)=O)sc3S2(=O)=O)c1,0
CC1(C)C(=CC=C2CCCC(C=CC3=[N+](CCCCS(=O)(=O)O)c4ccc(S(=O)(=O)[O-])cc4C3(C)C)=C2Oc2ccc(CC(NC(=O)c3ccc(NCc4cnc5nc(N)[nH]c(=O)c5n4)cc3)C(=O)O)cc2)N(CCCCS(=O)(=O)O)c2ccc(S(=O)(=O)O)cc21,0
Cc1cc(C(=O)N[C@@H](C)C(=O)N[C@H](C(=O)N[C@@H](CC(C)C)C(=O)N[C@H](/C=C/C(=O)OCc2ccccc2)C[C@@H]2CCNC2=O)C(C)C)no1,0
O=C(O)[C@@H](O)[C@@H](O)[C@H](O)[C@@H](O)COP(=O)(O)O,0
O=[N+]([O-])c1ccc2c3c(cccc13)-c1ccccc1-2,1
CC(C)(N)C(=O)N[C@H](Cc1cc2ccccc2[nH]1)C(=O)N[C@H](Cc1c[nH]c2ccccc12)NC=O,0
CCC1C2CC3C4N(C)c5ccccc5C45CC(C2C5O)[N+]3(CC(O)CN(CC)CC)C1O,1
CC(C)(C)NCC(O)COc1ccc(NC(=O)NC2CCCCC2)cc1,0
CN(C)c1cccc2c(S(=O)(=O)NCCCCCCCCNC(=O)C34CC5CC(CC(C5)C3)C4)cccc12,0
COc1ccc(S(=O)(=O)N(Cc2cccnc2)[C@@H](C(=O)NO)C(C)C)cc1,0
Oc1ccc(CC2NCCc3cc(O)c(O)cc32)cc1O,1
CC(=O)N[C@@H](Cc1ccccc1)C(=O)N[C@@H](Cc1ccc([C@@H]2CC(=O)NS2(=O)=O)cc1)C(N)=O,0
O=C(O)c1ccc(B(O)O)cc1,0
CCOC(=O)[C@H](C)N[P@@](=O)(CO[C@@H]1C=C(F)[C@H](n2cnc3c(N)ncnc32)O1)Oc1ccccc1,0
COc1cc(OCc2csc(-c3ccc(C(=O)N(C)C)cc3)n2)c2cc(-c3cn4nc(OC)sc4n3)oc2c1,0
Cc1ccccc1OCC(O)CO,0
N#CCCN,1
C#C[C@]1(O)CC[C@H]2[C@@H]3CCC4=C(CCC(=O)C4)[C@H]3CC[C@@]21C,0
Oc1c(Cl)cc(Cl)c2cccnc12,0
Cc1cc(O)c2c(c1)O[C@@]1(C)CC[C@H]3C(C)(C)CCC[C@]34CO[C@@H]2[C@H]41,0
O=C(O)CC[C@H](NC(=O)N[C@@H](CSCc1ccc(F)cc1)C(=O)O)C(=O)O,0
COc1c(Nc2ccc(S(C)(=O)=O)nc2C)ncnc1OC1CCN(C(=O)OC(C)C)CC1,0
CN(C)CCN(Cc1cccs1)c1ccccc1,0
NC(CSC(Cl)=CCl)C(=O)O,1
COc1ccc(/C=C/C(=O)Nc2ccccc2C(=O)O)cc1OC,0
C[C@]12CC[C@H]3[C@@H](CCC4=C(O)C(=O)CC[C@@H]43)[C@@H]1CC[C@@H]2OC(=O)CCC1CCCC1,0
CNc1ccc(Sc2nncn2C)cc1C(=O)Nc1nc(C)cs1,0
CNC(=O)CNC(=O)CN,1
CC/C=C\C/C=C\C/C=C\C/C=C\C/C=C\C/C=C\CCC(=O)O,0
NS(=O)(=O)c1nc2ccc(O)cc2s1,0
CC1CN(CC(Cc2ccccc2)C(=O)NCC(=O)O)CCC1(C)c1cccc(O)c1,0
O=C(O)COc1cc(F)ccc1C(=O)NCc1nc2c(F)c(F)cc(F)c2s1,0
COc1cc(N)cn[n+]1-c1ccccc1,0
O=C(Nc1cccnn1)N1CCC(=Cc2cccc(Oc3ccc(C(F)(F)F)cn3)c2)CC1,0
CC(=O)OC1CC2C(C)(C)C(=O)C=CC2(C)C2CCC3(C)C(c4ccoc4)OC(=O)C4OC43C12C,1
CN1[C@@H]2CCC[C@H]1C[C@@H](NC(=O)c1nn(C)c3ccccc13)C2,0
CC[C@H]1OC(=O)C[C@@H](OC(C)=O)[C@H](C)[C@@H](O[C@@H]2O[C@H](C)[C@@H](O[C@H]3C[C@@](C)(O)[C@@H](OC(=O)CC(C)C)[C@H](C)O3)[C@H](N(C)C)[C@H]2O)[C@@H](CC=O)C[C@@H](C)C(=O)/C=C/C(C)=C/[C@@H]1CO[C@@H]1O[C@H](C)[C@@H](O)[C@@H](OC)[C@H]1OC,0
Cc1cn([C@@H]2O[C@]3(CO)CON(C)[C@@H]2[C@@H]3OP(O)(=S)OC[C@]23CON(C)[C@@H]([C@H](n4cc(C)c(=O)[nH]c4=O)O2)[C@@H]3OP(O)(=S)OC[C@H]2O[C@@H](n3cc(C)c(=O)[nH]c3=O)C[C@@H]2OP(O)(=S)OC[C@H]2O[C@@H](n3cnc4c(N)ncnc43)[C@H](O)[C@@H]2OP(O)(=S)OC[C@H]2O[C@@H](n3cnc4c(=O)[nH]c(N)nc43)[C@H](O)[C@@H]2OP(O)(=S)OC[C@H]2O[C@@H](n3ccc(N)nc3=O)[C@H](O)[C@@H]2OP(O)(=S)OC[C@H]2O[C@@H](n3cnc4c(N)ncnc43)[C@H](O)[C@@H]2OP(O)(=S)OC[C@H]2O[C@@H](n3ccc(N)nc3=O)[C@H](O)[C@@H]2OP(O)(=S)OC[C@H]2O[C@@H](n3cc(C)c(=O)[nH]c3=O)C[C@@H]2OP(O)(=S)OC[C@H]2O[C@@H](n3cnc4c(=O)[nH]c(N)nc43)[C@H](O)[C@@H]2OP(O)(=S)OC[C@H]2O[C@@H](n3cnc4c(=O)[nH]c(N)nc43)[C@H](O)[C@@H]2OP(O)(=S)OC[C@H]2O[C@@H](n3ccc(N)nc3=O)[C@H](O)[C@@H]2OP(O)(=S)OC[C@]23CON(C)[C@@H]([C@H](n4cc(C)c(N)nc4=O)O2)[C@@H]3OP(O)(=S)OC[C@]23CON(C)[C@@H]([C@H](n4cc(C)c(=O)[nH]c4=O)O2)[C@@H]3O)c(=O)nc1N,0
Cn1nc(C(=O)O)c2c1-c1nc(Nc3ccccc3)ncc1CC2,0
CCNc1nc(NC(C)C)nc(SC[C@H](NC(=O)CC[C@H](N)C(=O)O)C(=O)NCC(=O)O)n1,0
Nc1ccccc1C(=O)CCC(=O)O,0
FC1(F)C(F)(F)C(F)(F)C2(F)C(F)(F)C(F)(F)C(F)(F)C(F)(F)C2(F)C1(F)F,0
C[C@H](CO)CCOP(=O)(O)OP(=O)(O)O,0
NC(=O)c1ccc[n+](C2OC(COP(=O)([O-])O)C(O)C2O)c1,1
NC(=O)[C@@H]1Cc2ccccc2CN1C(=O)C[C@H](N)Cc1ccccc1F,0
Cc1cn([C@H]2C=C[C@@H](COP(=O)(O)O)O2)c(=O)[nH]c1=O,0
CN=C1CN(O)C(c2ccccc2)=c2cc(Cl)ccc2=N1,1
COc1ccc(C=CC(=O)c2c(O)cc(OC3OC(COC4OC(C)C(O)C(O)C4O)C(O)C(O)C3O)cc2OC)cc1O,1
C[N+](C)([11CH3])CCO,0
CC(C)(COP(=O)(O)OP(=O)(O)OC[C@H]1O[C@@H](n2cnc3c(N)ncnc32)[C@H](O)[C@@H]1OP(=O)(O)O)[C@@H](O)C(=O)NCCC(=O)NCCSCC(=O)c1ccc(O)cc1,0
O=C(CNS(=O)(=O)c1ccccc1C(=O)NCc1ccc(Cl)c(Cl)c1)Nc1ccc(O)cc1,0
CC12CCC(=O)C=C1CCC1C2C(=O)CC2(C)C1CCC2(O)C(=O)CO,1
C=CCSSCC=C,1
CCCCCCCCCCCCCCCCCCCCCCCCCC(=O)N[C@@H](CO[C@H]1O[C@H](CO)[C@H](O)[C@H](O)[C@H]1O)[C@H](O)[C@H](O)CCCCCCCCCCCCCC,0
CC[C@@H](C)Nc1ncc(C(=O)Nc2cc(C(=O)NC)ccc2C)s1,0
CO[C@H](C(=O)[C@@H](O)[C@@H](C)O)[C@@H]1Cc2cc3cc(O[C@H]4C[C@@H](O[C@H]5C[C@@H](O)[C@H](O)[C@@H](C)O5)[C@H](O)[C@@H](C)O4)c(C)c(O)c3c(O)c2C(=O)[C@H]1O[C@H]1C[C@@H](O[C@H]2C[C@@H](O[C@H]3C[C@](C)(O)[C@H](O)[C@@H](C)O3)[C@@H](O)[C@@H](C)O2)[C@H](O)[C@@H](C)O1,0
C[N+](C)(CCO)CC[18F],0
Cc1nc2c(=O)[nH]c(N)nc2o1,0
Fc1ccc(C(c2ccccc2)(c2ccccc2F)n2ccnc2)cc1,0
Nc1nc2c(ncn2[C@@H]2O[C@H](CO)[C@@H](OP(=O)(O)O)[C@H]2O)c(=O)[nH]1,0
CC(C(=O)NCCCCCCNc1c2c(nc3ccccc13)CCCC2)c1ccc(-c2ccc(OCCO[N+](=O)[O-])cc2)c(F)c1,0
CCC(CC)[C@@H](CO)NS(=O)(=O)c1ccc(Cl)s1,0
CC[C@H](O)C[C@@H](O)c1c(CC(=O)OC)cc2c(c1O)C(=O)c1c(O)cccc1C2=O,0
Cc1ccc2nc(N3CCS(=O)(=O)c4ccccc4C3)nc(NCC3(N)COC3)c2c1,0
NNC(=O)c1cn2ccc3ccccc3c2n1,0
NC(=O)CN1C(=O)[C@@H](NC(=O)C2=CC3=C[C@H](Cl)SC3=N2)Cc2ccccc21,0
C[C@@H]1C[C@H](N)C[C@H](c2ccncc2NC(=O)c2ccc(F)c(-c3c(F)cccc3F)n2)C1,0
O=C(O)C(=O)CCCc1ccccc1,0
CC(C)CCC[C@@H](C)[C@H]1CC[C@H]2[C@@H]3C[C@@H](C[131I])C4=C(CC[C@H](O)C4)[C@H]3CC[C@]12C,0
C=C1CCC(O)CC1=CC=C1CCCC2(C)C1CCC2C(C)CCCC(C)(C)O,1
Cc1ccccc1/N=N/c1ccc(/N=N/c2c(O)ccc3ccccc23)c(C)c1,0
Cc1ccc(C(=O)c2cc(O)c(O)c([N+](=O)[O-])c2)cc1,1
C[C@@H]1C[C@H]2[C@@H]3C[C@H](F)C4=CC(=O)C=C[C@]4(C)[C@@]3(F)[C@@H](O)C[C@]2(C)[C@@]1(O)C(=O)COC(=O)C(C)(C)C,0
O=C1N2C=C(c3ccc(O)cc3)N[C@H](Cc3ccccc3)C2=N[C@@]1(Cc1ccc(I)cc1)OO,0
CC(C)[C@H](N)C(=O)O[C@@H]1[C@@H](CO)O[C@@H](n2ccc(N)nc2=O)[C@]1(C)O,0
O=C(c1ccco1)N(c1cnccn1)C1CCN(CCc2ccccc2)CC1,0
NCCCN=C(N)NO,0
CO[C@@H]1[C@H](OP(O)(=S)OC[C@H]2O[C@@H](n3cnc4c(N)ncnc43)C[C@@H]2O)[C@@H](CO)O[C@H]1n1ccc(=O)[nH]c1=O,0
C[C@@H]1CN(c2nc(-n3ccc(OCCC4(C(F)(F)F)CC4)n3)ccc2C(=O)NS(=O)(=O)c2ccccc2)C(C)(C)C1,0
CCN(C(=O)c1cc(F)ccc1Oc1cncnc1N1CC2(CCN(CC3CCC(NS(=O)(=O)CC)CC3)CC2)C1)C(C)C,0
O=C1Nc2ccc(Cl)cc2C(c2ccccc2Cl)=NC1O,1
O=C([C@@H]1CCCN1)N1CCC[C@H]1B(O)O,0
CC(=O)N[C@H]1[C@@H](OP(=O)(O)OP(=O)(O)OC[C@H]2O[C@@H](n3ccc(=O)[nH]c3=O)[C@H](O)[C@@H]2O)O[C@H](CO)[C@H](O)[C@@H]1O,0
CC(C)C12OC1C1OC13C1(C)CCC4=C(COC4=O)C1CC1OC13C2=O,1
N[C@@H](CCC=O)C(=O)O,0
C[C@H](CCC(=O)O)[C@H]1CC[C@H]2[C@@H]3C[C@H](O)[C@@H]4C[C@H](O)CC[C@]4(C)[C@H]3CC[C@]12C,0
CN1CCCCC1CCN1c2ccccc2Sc2ccc(S(C)(=O)=O)cc21,0
CC[N+](CC)(CC)CCC(O)(c1ccccc1)C1CCCCC1,0
CN1CCN2c3ccccc3Cc3ccccc3C2C1,1
Oc1ccc(C(O)CNCCCCCCNCC(O)c2ccc(O)c(O)c2)cc1O,0
N#C[Se]CCCCCN1C(=O)c2cccc3c(N)ccc(c23)C1=O,0
O=c1[nH]c(=O)n([C@H]2C[C@H](O)[C@@H](COP(=O)(O)O)O2)cc1/C=C/Br,0
N[C@H](Cc1ccccc1)C(=O)N1CCC[C@H]1C(=O)NCc1cccc(F)c1,0
CCNC(=O)[C@H]1O[C@@H](n2cnc3c(N)nc(C#CCC4CCC(C(=O)OC)CC4)nc32)[C@H](O)[C@@H]1O,0
CCC(C)CCCCC(=O)NCCC1NC(=O)C(CC(C)C)NC(=O)C(CCN)NC(=O)C(CC(C)C)NC(=O)C(CCN)NC(=O)C(CCN)NC(=O)C(CCN)NC(=O)C(C(C)O)NC1=O,0
CCCNC(=O)[C@@H]1CCCN1C(=O)[C@H](N)C(c1ccccc1)c1ccccc1,0
CC/N=C(\NCC)NCCCC[C@H](NC(=O)[C@H](CC(C)C)NC(=O)[C@@H](CCCCN/C(=N/CC)NCC)NC(=O)[C@H](Cc1ccc(O)cc1)NC(=O)[C@H](CO)NC(=O)[C@@H](Cc1cccnc1)NC(=O)[C@@H](Cc1ccc(Cl)cc1)NC(=O)[C@@H](Cc1ccc2ccccc2c1)NC(C)=O)C(=O)N1CCC[C@H]1C(=O)N[C@H](C)C(N)=O,0
O=C(c1ccccc1)c1ccc(O)cc1,1
Cc1ccc(-c2ncccn2)c(C(=O)N2C[C@H](COc3ccc(F)cn3)CC[C@H]2C)c1,0
CCCC(=O)O[C@]1(C(=O)CCl)[C@@H](C)C[C@H]2[C@@H]3CCC4=CC(=O)C=C[C@]4(C)[C@@]3(F)C(=O)C[C@@]21C,0
O=[N+]([O-])c1cc(O)c(O)c([N+](=O)[O-])c1,0
C=CC1C2=CCOC(=O)C2=COC1OC1OC(CO)C(O)C(O)C1O,1
Cc1cccc(C)c1N(CC(=O)Nc1ccc(-c2ncon2)cc1)C(=O)C1CCS(=O)(=O)CC1,0
CC(C)(C)NC(=O)c1ccc(Oc2cc(F)c(CC(=O)O)cc2Cl)c(NS(=O)(=O)c2ccc(C3CC3)cc2Cl)c1,0
CCOC(=O)[C@@H]1[C@H](C(=O)OCC)[C@H]2O[C@@H]1C(c1ccc(O)cc1)=C2c1ccc(O)cc1,0
COc1ccnc(NC2CCN(C(=O)c3ccc(C#N)cc3)CC2)c1,0
CSCCC(NC(=O)C(CO)NC(=O)C(Cc1ccc(O)cc1)NC(=O)C(N)CO)C(=O)NC(CCC(=O)O)C(=O)NC(Cc1c[nH]cn1)C(=O)NC(Cc1ccccc1)C(=O)NC(CCCNC(=N)N)C(=O)NC(Cc1c[nH]c2ccccc12)C(=O)NCC(=O)NC(CCCCN)C(=O)N1CCCC1C(=O)NC(C(=O)NCC(=O)NC(CCCCN)C(=O)NC(CCCCN)C(=O)NC(CCCNC(=N)N)C(=O)NC(CCCNC(=N)N)C(=O)N1CCCC1C(=O)NC(C(=O)NC(CCCCN)C(=O)NC(C(=O)NC(Cc1ccc(O)cc1)C(=O)N1CCCC1C(=O)O)C(C)C)C(C)C)C(C)C,0
CC(C)(C)n1ncc(OCc2ccc(COCCF)cc2)c(Cl)c1=O,0
O=C(O)/C(O)=C(Cl)\C=C\C(=O)c1ccccc1,0
CC(C)(C)C(O)C(=Cc1ccc(Cl)cc1Cl)n1cncn1,1
CC[C@H](N)Cc1ccccc1,0
CCCCOC(=O)C(=O)Nc1cccc(-c2nnn[nH]2)c1,0
Cc1nnc2n1-c1ccc([N+](=O)[O-])cc1C(c1ccccc1)=NC2,0
O=C(CN1CC[C@@H](NC(=O)c2ccc(Cl)s2)C1)Nc1ccc(-n2ccccc2=O)cc1F,0
CCOc1ccc2ccccc2c1C(=O)N[C@@H]1C(=O)N2[C@@H]1SC(C)(C)[C@@H]2C(=O)O,1
CC(=O)N[C@@H](Cc1ccccc1)C(=O)C(F)(F)F,0
Cl[Gd](Cl)Cl,1
Oc1ccc(C(F)(F)F)cc1,0
O=C1C=CC(=C(c2ccc(O)cc2)c2ccc(O)cc2)C=C1,1
Cc1c(C)c2c(c(C)c1OC(=O)C(C)(C)Oc1ccc(Cl)cc1)CC[C@@](C)(CCC[C@H](C)CCC[C@H](C)CCCC(C)C)O2,0
O=C(O)[C@@H](O)Cc1ccccc1,0
O=C(O)c1ccc(-c2ccc(F)cc2)cc1,0
CN(C)c1cccc2c(S(=O)(=O)N[C@@H](Cc3ccc(OS(=O)(=O)c4cccc5c(N(C)C)cccc45)cc3)C(=O)O)cccc12,0
c1ccc2c(c1)CCc1ccccc1N2C1CN2CCC1CC2,0
O=C1CCCCc2cnn3c(NC4CC4)nc(nc23)Nc2cccc(c2)N1,0
COC(=O)C1=C(C)NC(C)=C(C(=O)OC)C1c1ccccc1[N+](=O)[O-],1
O=C(NCc1cccnc1)Nc1ccc([N+](=O)[O-])cc1,1
CCOc1ccc2[nH]c(SCCN3CCOCC3)nc2c1,0
Oc1ccc(Br)cc1,1
Nc1ncn([C@H]2C[C@H](OP(=O)(O)OC[C@H]3O[C@@H](n4cnc5c(=O)[nH]c(N)nc54)C[C@@H]3O)[C@@H](CO)O2)c(=O)n1,0
CC1CCC2(O)C3(C)CC4(O)OC2(C1O)C1(O)C3(O)C(OC(=O)c2ccc[nH]2)C(O)(C(C)C)C41C,1
COc1ccc(S(=O)(=O)N(CCO)c2ccccc2CN(C)CC=Cc2ccc(Cl)cc2)cc1,1
Cc1c(O)cccc1C(=O)Nc1cccc2ccc(C(=N)N)cc12,0
O=C[C@H](O)[C@@H](O)[C@@H](O)[C@H](O)COP(=O)(O)O,0
C[C@]12CCC(=O)C[C@H]1CC[C@@H]1[C@@H]2CC[C@]2(C)[C@@H](C(=O)CO)CC[C@@H]12,0
C[C@H](CN(C(=O)c1ccc(C#N)cc1)c1ccccn1)N1CCN(c2cccc3c2OCCO3)CC1,0
CCCCCCCCCCOC=O,0
CC12CCC3c4ccc(OC(=O)N(CCCl)CCCl)cc4CCC3C1CCC2O,1
Oc1ccc(C2CNCCc3c2cc(O)c(O)c3Cl)cc1,0
CN1CCC(=C2c3ccccc3CCn3c(C=O)cnc32)CC1,0
COc1cccc(C2(O)CCCCC2CN(C)C)c1,1
N#Cc1ccc(Oc2ccc3c(c2)COB3O)cc1,0
COc1cc2nccc(Oc3ccc4c(C(=O)NC5CC5)cccc4c3)c2cc1OC,0
CC1=C(C(=O)O)N[C@@H]([C@@H](C=O)NC(=O)Cc2cccs2)SC1,0
Cc1ncc([N+](=O)[O-])n1CCNS(N)(=O)=O,0
CN(C)CCCOC1(Cc2ccccc2)CCCCCC1,0
Cc1cc2ncn([C@H]3O[C@H](COP(=O)(O)O)[C@@H](O)[C@H]3O)c2cc1C,0
COc1ccc2c3c1O[C@H]1C[C@@H](O)C=C[C@@]31CC[N+](CCCCCCCCN1C(=O)c3ccccc3C1=O)=C2,0
CC(C)(COP(=O)(O)OP(=O)(O)OC[C@H]1O[C@@H](n2cnc3c(N)ncnc32)[C@H](O)[C@@H]1OP(=O)(O)O)[C@@H](O)C(=O)NCCC(=O)NCCSCc1ccc(O)cc1,0
CN1CCN(c2ccccc2CN=NC(N)=S)CC1,0
O=C1NC(=O)[C@@]2(N1)O[C@H](COP(=O)(O)O)[C@@H](O)[C@H]2O,0
O=c1c2c(c1=O)N(CCP(=O)(O)O)CCCN2,0
NCc1ccccc1O,0
CC(=CC(=O)O)C1CCCCC1,0
CC1(O)CCC2C3CCC45OC4(C)C(O)=C(C#N)CC5(C)C3CCC21C,1
Cc1ccc(C(=O)N(CCCN)[C@@H](c2nc3cc(Cl)ccc3c(=O)n2Cc2ccccc2)C(C)C)cc1,0
CN1[C@@H]2CC[C@H]1CC(OC(=O)c1c[nH]c3ccccc13)C2,0
O=C(O)CCCCCCCCCCS,0
CCN(CC)c1ccc(C(=C2C=CC(=[N+](CC)CC)C=C2)c2cc(S(=O)(=O)O)ccc2S(=O)(=O)[O-])cc1,0
CCCCCCCC(=O)O[C@@H]1[C@@H](O)[C@@H](O[C@]2(CO)O[C@H](CO)[C@@H](O)[C@@H]2O)O[C@H](CO)[C@H]1O,0
O=C(O)c1c(-c2ccccc2)oc(-c2ccccc2)c1C(=O)O,0
CC[C@H](O)[C@@H](C)[C@H]1O[C@@H]1C[C@@](C)(O)/C=C/C=C(\C)[C@H]1OC(=O)C[C@H](O)CC[C@@](C)(O)[C@@H](OC(=O)N2CCN(C3CCCCCC3)CC2)/C=C/[C@@H]1C,0
CN1CCN(c2ccc(C(=O)Nc3n[nH]c4cn(C(=O)Cc5cccs5)cc34)cc2)CC1,0
Cc1c(O)cccc1C(=O)NC(CSc1ccccc1)C(O)CN1CC2CCCCC2CC1C(=O)NC(C)(C)C,1
Cc1ccc(NS(=O)(=O)c2ccccc2)c(C(=O)O)c1,0
CC(=O)NC(C=O)C(OC(C)C(=O)NC(C)C(=O)NC(CCC(=O)O)C(N)=O)C(O)C(O)CO,1
[Li+],0
COc1ccc([C@@]23Oc4cc(OC)cc(OC)c4[C@]2(O)[C@H](O)[C@H](C(N)=O)[C@H]3c2ccccc2)cc1,0
COP(=O)(OC)OC(c1ccc(Cl)cc1)P(=O)(OC)OC,1
CC(C)OC(=O)C1=CN(C(=O)c2ccc(F)c(F)c2)CC(C)(C)c2c1[nH]c1ccccc21,0
Cc1nsc(-c2nnc3n2CCN(C(=O)c2ccc(F)cc2)C3)n1,0
C/C(=C1/SC(=N)NC1=O)c1ccc(-c2ccc(S(N)(=O)=O)cc2)o1,0
COC(=O)[C@@H](NC(=O)[C@@H](NC(=O)CC[C@H](O)[C@H](Cc1ccccc1)NC(=O)[C@H](C)NC(=O)[C@H](C)N)C(C)C)C(C)C,0
CCN(CC)CCNc1ccc(C)c2sc3ccccc3c(=O)c12,1
NCc1ccc(CNCCC(=O)O)cc1,0
CC(=O)c1nn(CC(=O)N2C[C@H](F)C[C@H]2C(=O)Nc2cccc(Br)n2)c2ccc(-c3cnc(C)nc3)cc12,0
N[C@@H](C(=O)O)C(F)(F)F,0
O=c1c2ccccc2oc2ccccc12,1
Cc1ccc(C(=O)Oc2ccc(C(CN(C)C)C3(O)CCCCC3)cc2)cc1,0
Cc1cn([C@@]23C[C@H](O)[C@@H](CO)[C@@H]2C3)c(=O)[nH]c1=O,0
COc1ccc(CN(CCN(C)C)c2ncccn2)cc1,0
O=CNc1ccc2[nH]c3cc(-c4ccccc4Cl)c4c(c3c2c1)C(=O)NC4=O,0
OCC1OC(n2cnc3cc(Cl)c(Cl)cc32)C(O)C1O,1
COc1cc2c(cc1OC)C1C(C)c3ccc4c(c3CN1CC2)OCO4,1
O=C(CCCCC(=O)Nc1c(I)cc(I)c(C(=O)O)c1I)Nc1c(I)cc(I)c(C(=O)O)c1I,0
CCCCCOc1ccc(-c2ccc(-c3ccc(C(=O)N[C@H]4C[C@@H](O)[C@@H](O)NC(=O)[C@@H]5[C@@H](O)[C@@H](C)CN5C(=O)[C@H]([C@@H](C)O)NC(=O)[C@H]([C@H](O)[C@@H](O)c5ccc(O)cc5)NC(=O)[C@@H]5C[C@@H](O)CN5C(=O)[C@H]([C@@H](C)O)NC4=O)cc3)cc2)cc1,1
O=C1NC(=O)c2ccccc21,1
OC[C@H]1O[C@@H](O)[C@@H](F)[C@@H](O)[C@@H]1O,0
Cc1nc(-c2nnc3n2CCN(C(=O)c2ccc(-c4cccs4)cc2)[C@@H]3C)cs1,0
CC1=C(c2cccc(O)c2)[C@H](c2ccc(OCCN3CC(CF)C3)cc2)Oc2ccc(O)cc21,0
O=C1[C@H]2CCCC[C@H]2C(=O)N1CCCCN1CCN(c2nsc3ccccc23)CC1,0
O=c1[nH]c(O)c(C=Nc2ccc(CN3CCCC3)cc2)c2cc(Br)ccc12,0
Cn1c2ccccc2c2c3c(c4c5ccccc5n(CCC#N)c4c21)CNC3=O,1
[Se-2],1
O=C1CN2CCOC2(c2ccccc2Cl)c2cc(Cl)ccc2N1,0
CCCCC/C=C\C[C@H](O)/C=C/CC(=O)CCCCC(=O)O,0
N[C@H](CC[C@@H](N)O)Cc1ccc(O)cc1,0
O=C(CCCc1ccccc1)OCC(COC(=O)CCCc1ccccc1)OC(=O)CCCc1ccccc1,0
O=C1C=C(NCCNc2c3c(nc4cc(Cl)ccc24)CCCC3)C(=O)c2ccccc21,0
COCCNCc1ccc(-c2cc3nccc(Oc4ccc(NC(=O)C5(C(=O)Nc6ccc(F)cc6)CC5)cc4F)c3s2)nc1,0
O=C(O)[C@@H](CO)OP(=O)(O)O,0
CNCc1ccccc1-c1cccs1,0
N#C/C(=C1/SC[C@@H](c2ccc(Cl)cc2Cl)S1)n1ccnc1,0
CCCCOc1c(N)cccc1C(=O)OCCN(CC)CC,0
Cc1c(CCO)c(=O)oc2cc(O)ccc12,0
CN1c2ccccc2Sc2ccc(CC(=O)O)cc21,0
O=c1[nH]oc2c1CCNC2,0
NC(N)c1ccc([C@H]2[C@H]3C(=O)N(Cc4ccc(F)cc4)[C@H](C(F)F)[C@H]3[C@@H]3CCCN32)cc1,0
O[C@@H]1[C@H](O)Cc2c(ccc3ccc4ccccc4c23)[C@H]1O,0
Cc1cccc2c(=O)[nH]c(CCCN3CC=C(c4ccc(F)cc4)CC3)nc12,0
C[C@H]1C(=O)O[C@@H]2CCN3CC=C(COC(=O)[C@](C)(O)[C@]1(C)O)[C@H]23,1
COC(=O)[C@H](OC(C)=O)c1ccc(N)cc1C(=O)O,0
NC(=O)C[C@@H]1CCCc2sc3nc(C(=O)NCc4ccc5c(c4)NC(=O)CO5)[nH]c(=O)c3c21,0
O=C(CBr)N1CC([N+](=O)[O-])([N+](=O)[O-])C1,0
CCCCC(NC(=O)C(CCC(=O)O)NC(=O)C(CC(C)C)NC(=O)C(NC(=O)C(CCC(=O)O)NC(=O)C(CCCNC(=N)N)NC(=O)C(CC(C)C)NC(=O)C(CC(C)C)NC(=O)C(Cc1c[nH]cn1)NC(=O)C(N)Cc1ccccc1)C(C)C)C(=O)NC(C)C(=O)NC(CCCNC(=N)N)C(=O)NC(C)C(=O)NC(CCC(=O)O)C(=O)NC(CCC(N)=O)C(=O)NC(CC(C)C)C(=O)NC(C)C(=O)NC(CCC(N)=O)C(=O)NC1CCC(=O)NCCCCC(C(=O)NC(CC(N)=O)C(=O)NC(CCCNC(=N)N)C(=O)NC(CCCCN)C(=O)NC(CC(C)C)C(=O)NC(CCCC)C(=O)NC(CCC(=O)O)C(=O)NC(C(=O)NC(C(N)=O)C(C)CC)C(C)CC)NC(=O)C(Cc2c[nH]cn2)NC(=O)C(C)NC1=O,1
CC(C)(Oc1ccc(C2CC2(Cl)Cl)cc1)C(=O)O,1
CCOC(=O)C(c1c(O)c2ccccc2oc1=O)c1c(O)c2ccccc2oc1=O,0
CC(C)[C@H](N)C(=O)OCCOCn1cnc2c(=O)nc(N)[nH]c21,1
COC(=O)c1cc(C[C@H](NC(C)=O)C(=O)N[C@H]2CCCCN(Cc3ccc(-c4ccccc4)cc3)C2=O)ccc1C(F)(C(=O)O)C(=O)O,0
O=P(O)(O)OC[C@H]1O[C@@H]([n+]2c[nH]c3c(Cl)ncnc32)[C@H](O)[C@@H]1O,0
CCCCCCOC(=O)c1ccccc1C(=O)c1ccc(N(CC)CC)cc1O,0
CCCCCC1=CC(=Cc2[nH]c(-c3ccc[nH]3)cc2OC)N=C1C,1
O[C@@H](c1ccncc1)c1ccc(OCCN2CCCC2)cc1,0
Cc1ccccc1CC(=O)Nc1cc(C)c(S(=O)(=O)NCC(=O)O)c(C)c1,0
CCC1(C2OC(C3OC(O)(CO)C(C)CC3C)CC2C)CCC(C2(C)CCC3(CC(O)C(C)C(C(C)C(OC)C(C)C(=O)O)O3)O2)O1,1
CCc1nc(N)nc(N)c1-c1ccc2c(c1)N(CCNC(C)=O)C(=O)C(C)(C)S2,0
OC[C@H]1O[C@H](S)[C@H](O)[C@@H](O)[C@@H]1O,0
Cc1cc(OS(=O)(=O)O)c2ccccc2c1OS(=O)(=O)O,0
Nc1ncccc1OCc1ccccc1,0
CCCCO[C@@H]1CCC[C@@H]2C1=C(C(=O)O)N[C@@H]2[C@H](C=O)CC,0
Cc1ccc(CNS(=O)(=O)c2ccc(S(N)(=O)=O)s2)cc1,0
N[C@H](CP(=O)(O)O)C(=O)O,0
CCCCC/C=C\C/C=C\C/C=C\C/C=C\CCCC[P@@](=O)(F)OC,0
OC[C@H]1CN(CCCc2ccccc2)C[C@@H](O)[C@@H]1O,0
CC(C)O,1
CC(C)=CCCC1(C)C(CC=C(C)C)CC2(CC=C(C)C)C(=O)C1(C(=O)C(C)C)C(=O)C(CC=C(C)C)=C2O,1
N[C@@H](Cc1cc(N/C(=C/C=O)COc2ccc3ccccc3c2)c(O)cc1O)C(=O)O,0
O=C(O)[C@H](O)c1ccccc1,0
CN(C)C(=S)SC(=S)N(C)C,0
COc1cc(/C=C/C(=O)SCCNC(=O)CCNC(=O)C2(O)[C@H](OP(=O)(O)OP(=O)(O)OC[C@H]3O[C@@H](n4cnc5c(N)ncnc54)[C@@H](O)[C@@H]3OP(=O)(O)O)C2(C)C)cc(OC)c1O,0
C[C@]12C=CC(=O)C=C1CC[C@@H]1[C@@H]2[C@@H](O)C[C@@]2(C)[C@H]1CC[C@]2(O)C(=O)COC(=O)CCCc1ccc(N(CCCl)CCCl)cc1,0
CC(/C=N/N=C(N)N)=N\N=C(N)N,1
CCc1c(C(=O)C(N)=O)c2c(OCC(=O)O)cccc2n1Cc1ccccc1,0
N#Cc1cc(O)cc2cc(-c3ccc(O)cc3)oc12,0
OCCCCCCCCNCO,0
O=c1[nH]c(=O)n(COCCO)cc1Sc1ccccc1,0
CC(C)(C)OC(=O)N1CCC(c2nc(-c3cccs3)no2)CC1,0
CCCCC[C@H](C)NC=O,0
COc1cc(-c2cc(C)cc(C)c2)cc([C@@H](C)C#Cc2c(C)nc(N)nc2N)c1,0
CCCN(CCC)N=O,1
N,0
O=C(Oc1ccccc1C(=O)O)c1ccccc1O,1
CCOC(=O)c1csc(N2CCN(C3=Nc4ccccc4SC3)CC2)n1,0
C[C@@](C(=O)O[C@H]1C[N+]2(CCc3ccc(F)cc3)CCC1CC2)(c1ccccc1)N1CCCCC1,0
Nc1ncnc2c1ncn2[C@@H]1O[C@H](COP(=O)(O)OP(=O)(O)O[C@H]2O[C@H](CO)[C@@H](O)[C@H](O)[C@H]2O)[C@@H](O)[C@H]1O,0
CN(CCCCCCCCCCN(C)C(=O)Oc1cccc([N+](C)(C)C)c1)C(=O)Oc1cccc([N+](C)(C)C)c1,1
O[C@H](COc1ccc(C2CCCCC2)cc1)CN1CCN(c2ccccn2)CC1,0
O=C1NCCN1CCN1CCC(c2cn(-c3ccc(F)cc3)c3ccc(Cl)cc23)CC1,1
[Mo+4],0
CCOc1ncc(S(=O)(=O)N2CCN(CC)CC2)cc1-c1nc2c(CC)n(CCOC)nc2c(=O)[nH]1,0
NS(=O)(=O)c1cccc(Nc2nccc(Nc3c(Cl)ccc4c3OCO4)n2)c1,0
Nc1ncnc2c1ncn2[C@@H]1O[C@H](COP(=O)(O)OP(=O)(O)CP(=O)(O)OP(=O)(O)O)[C@@H](O)[C@H]1O,0
CCCn1c(=O)c2[nH]c(C34C[C@@H]5CC3C[C@@H](C5)C4)nc2n(CCC)c1=O,0
CCCCOc1ccc(C(=O)CCN2CCCCC2)cc1,0
CC[C@]1(O)Cc2cc3c(c(O)c2[C@@H](O[C@H]2C[C@H](N(C)C)[C@H](O[C@@H]4C[C@H](O)[C@@H](O[C@H]5CCC(=O)[C@@H](C)O5)[C@H](C)O4)[C@H](C)O2)C1)C(=O)c1c(O)cccc1C3=O,0
CC(=O)OCC(=O)[C@@]12OC(C)(C)O[C@@H]1C[C@H]1[C@@H]3C[C@H](F)C4=CC(=O)C=C[C@]4(C)[C@@]3(F)[C@@H](O)C[C@@]12C,0
CCC(c1ccc(O)c(F)c1)C(C)c1ccc(O)c(F)c1,0
O=C(CCCN1CCC(O)(c2cccc(C(F)(F)F)c2)CC1)c1ccc(F)cc1,0
Nc1ccc([As]=O)cc1,1
CO/N=C(\C(=O)N[C@H](C=O)[C@@H]1N[C@@H](C(=O)O)C(C)(C)S1)c1csc(N)n1,0
CCCCCc1cc(O)c(CC=C(C)CCC=C(C)C)c(O)c1C(=O)O,1
COC(=O)[C@H](Cc1ccc(C[Se](=O)O)cc1)NC(=O)OC(C)(C)C,0
Cc1cn2nc([C@@H]3CCCCN3C(=O)c3cc(Cl)ccc3NS(C)(=O)=O)cc2nc1N1CC[C@H](N)C1,0
COCC(=O)Nc1c(I)c(C(=O)NCC(O)CO)c(I)c(C(=O)N(C)CC(O)CO)c1I,0
Cc1c(CN2CCOC(c3ccccc3)C2C)c(=O)n(-c2ccccc2)n1C,0
CC1(C)S[C@H]([C@@H](C=O)NC(=O)[C@H](N)c2ccc(O)cc2)N[C@H]1C(=O)O,0
O=C(O)COc1cc(Cl)ccc1C(=O)NCc1ccc(Br)cc1F,0
CCOC(OCC)[C@H](CCCN=C(N)N)NC(=O)[C@H](CC(C)C)NC(=O)CCC(=O)N[C@H](CC(=O)[O-])C[N+](C)(C)C,0
O=c1[nH]c(=O)c2c([nH]1)n(C[C@H](O)[C@H](O)[C@H](O)CO)c(=O)n2CCCOP(=O)(O)O,0
Cn1c(=O)c2[nH]cnc2n(C)c1=O,0
O=C1C(CCC(O)c2ccc(F)cc2)C(c2ccc(O)cc2)N1c1ccc(F)cc1,1
O=c1c(O)c(-c2ccc(O)c(O)c2)oc2cc(O)cc(O)c12,0
COP(=O)(OC)OC(=CCl)c1cc(Cl)c(Cl)cc1Cl,1
O=C(O)CCCCCn1c(C(=O)O)cc2cc(OCc3c(Cl)cccc3Cl)ccc21,0
CC(C)=CCNc1ncnc2c1ncn2[C@@H]1O[C@H](CO)[C@@H](O)[C@H]1O,0
Cc1ccc(-c2ncc(Cl)cc2-c2ccc(S(C)(=O)=O)cc2)cn1,1
NC1=NC(=O)C(c2ccccc2)O1,1
C[C@H]1O[C@@H](O)[C@H](O)[C@@H](O)[C@@H]1N,0
C=C(C)C1CCC2(C)CCC3(C)C(CCC4C5(C)CCC(O)C(C)(C)C5CCC43C)C12,1
N[C@H](C(=O)O)[C@@H]1CC(Cl)=NO1,1
OCCN1C[C@H](O)[C@@H](O)[C@H](O)[C@H]1CO,0
CC(C)[C@@H](CO)Nc1ccc2ncc(-c3cccc(N)c3)n2n1,0
Cc1nc(C(=O)NCC(=O)O)c(O)c2ccc(Oc3ccccc3)cc12,0
N[C@@H](C(=O)O)C1Cc2ccccc2C1,0
CN(C)N=O,1
O=C(OC[C@H]1O[C@](O)(COC(=O)c2cccnc2)[C@@H](OC(=O)c2cccnc2)[C@@H]1OC(=O)c1cccnc1)c1cccnc1,0
CCOP(=S)(OCC)Oc1cc(C)nc(C(C)C)n1,1
c1csc(-c2ccc(-c3cccs3)s2)c1,1
c1ccc2c(c1)Cc1cc3ccccc3cc1-2,1
CCOC(=O)[C@@]1(CCCCCCOc2ccc(Cl)cc2)CO1,1
C=C[C@]1(C)C=C2CC[C@H]3[C@@](C)(CCC[C@@]3(C)C(=O)O)[C@@H]2CC1,0
OC[C@H]1O[C@@H](c2ccc(F)c(Cc3cc4ccccc4s3)c2)[C@H](O)[C@@H](O)[C@@H]1O,0
CCc1nc(N)nc(N)c1-c1ccc(NCc2cc(F)cc(F)c2)cc1,0
C[C@](O)(CBr)C(=O)Nc1ccc([N+](=O)[O-])c(C(F)(F)F)c1,0
C[C@@H](C(=O)N1CCOCC1)N1CC[C@H](NS(=O)(=O)c2ccc3cc(Cl)ccc3c2)C1=O,0
O=C(O)c1cccc2c(-c3ccccc3)c(-c3ccccc3)[nH]c12,0
CNC(=O)C1CCc2nc3cc(Br)ccc3c(N)c2C1,1
CC(=O)O[C@H](C(=O)Nc1cccc2c1C(=O)C(=O)NC2=O)c1ccccc1,0
C[N+](C)(C)CCOC(N)=O,0
O=C(COc1ccc(Cl)cc1C(=O)c1ccccc1)Nc1ccccc1,0
C=CCOC(Cn1ccnc1)c1ccc(Cl)cc1Cl,0
CCN(CC)CCN1c2ccccc2Sc2ccccc21,0
Cc1cc(Cl)ccc1OCC(=O)O,1
COc1ccc(CCNCCC[C@](C#N)(c2ccc(OC)c(OC)c2)C(C)C)cc1OC,0
C#CCC1(OC(N)=O)CCCCC1,0
CN(C)C[C@@H](O)COc1ccc(Nc2cc(Nc3c(F)cccc3F)ncn2)cc1,0
COc1cc(F)c(C(C)C)cc1-c1ccc(C(F)(F)F)cc1CN1C(=O)O[C@H](c2cc(C(F)(F)F)cc(C(F)(F)F)c2)[C@@H]1C,0
CC(C)C[C@@H](N)C(=O)N1CCC[C@H]1C(=O)NCc1ccc(C(=N)N)cc1,0
OC[C@H]1ONC[C@@H](O)[C@@H]1O,0
CC(=O)O[C@H]1CC[C@@]2(C)C(=CC[C@H]3[C@@H]4CC[C@H](C(C)=O)[C@@]4(C)CC[C@@H]32)C1,0
Cc1[nH]nc2ccc(-c3cncc(OC[C@@H](N)Cc4ccccc4)c3)cc12,0
CC1=CC(=O)C(C)=CC1=O,1
O=[N+]([O-])c1ccc2c(c1)CN[C@@H](CO)C2,0
CCCCCNC(=O)[C@H](Cc1ccc(N(C(=O)C(=O)O)c2ccccc2C(=O)O)c2ccccc12)NC(C)=O,0
O=[N+]([O-])c1ccc(CSc2ncnc3c2ncn3C2OC(CO)C(O)C2O)cc1,1
FC(F)(F)c1ccc(/C=C/c2nc(COc3ccc(CCCCn4ccnn4)cc3)co2)cc1,0
Oc1cc(O)cc(C=Cc2ccc(O)c(O)c2)c1,1
CS(=O)(=O)c1ccccc1S(=O)(=O)NO,0
Nc1nc(F)nc2c1ncn2[C@@H]1O[C@H](CO)[C@@H](O)[C@H]1O,0
Oc1ccc2c(c1)CCN(c1ccccc1)[C@@H]2c1ccc(OCCN2CCCCC2)cc1,0
[Ga]#[As],1
Nc1ccnc2c1ncn2[C@@H]1O[C@H](CO)[C@@H](O)[C@H]1O,0
O[C@@H]1CSSC[C@H]1O,0
COP(=S)(OC)Oc1ccc([N+](=O)[O-])c(C)c1,1
Cc1cc(CNS(=O)(=O)c2cccc(N/C=C3\CCOC3=O)c2)nc(N)n1,0
OC[C@]1(O)OC[C@H](O)[C@@H](O)[C@@H]1O,0
CC(C)NCC(O)COc1cccc2c1OCC(O[N+](=O)[O-])C2,0
COc1cc(=O)oc(C=CC=CC=CC(C)=CC2(C)OC(C)C(C)(O)C2O)c1C,1
C/C=C\C[C@@H](C/C=C\NC(=O)[C@@H](NC(=O)/C=C\C=C/C(C)=C/[C@H](C)[C@@H]1CC=C(OC)C(=O)O1)C(C)(C)C)OC(N)=O,0
CCCCC1(COC(=O)c2ccc(Cl)cc2)C(=O)N(c2ccccc2)N(c2ccccc2)C1=O,0
CO[C@@]1(NC(=O)C2SC(=C(C(N)=O)C(=O)O)S2)C(=O)N2C(C(=O)O)=C(CSc3nnnn3C)CS[C@@H]21,0
COc1ccc(-c2cc(-c3ccc(Cl)cc3)nc(NC(=O)N/N=C\c3ccc([N+](=O)[O-])cc3)n2)cc1OC,0
O=C(N[C@@H](Cc1ccc(F)cc1)C(=O)N1CCC(O)CC1)c1cc2cc(Cl)ccc2[nH]1,0
C[C@]12CC[C@@H]3c4ccc(O)cc4CC[C@H]3[C@@H]1C[C@@H]([18F])[C@@H]2O,0
C/C(=N/NC(=O)Nc1nc(-c2ccc(C)cc2)cc(-c2ccc(F)cc2)n1)c1ccc(Cl)cc1,0
COC1C=CC=CC=CCC(OC(=O)C(C)NC(=O)C2CCCCC2)C(C)C(O)C(C)=CCCc2cc(O)cc(c2)NC(=O)C1,1
C=C[C@H]1CNCC[C@H]1CCC(=O)c1ccnc2ccc(OC)cc12,0
CCc1ccc(O[C@@H](Cc2ccccc2)C(=O)O)cc1,0
CO[C@@H](C(=O)N[C@H]1CC[C@@H](O)CNC1=O)[C@H](O)[C@@H](O)[C@H](O)/C=C/C(C)(C)C,0
CC[C@H](C)[C@H](NC(=O)[C@H](CCC(N)=O)NC(=O)[C@H](C)NC(=O)[C@H](CCC(N)=O)NC(=O)[C@H](CCC(=O)O)NC(=O)[C@H](CC(C)C)NC(=O)[C@H](CC(C)C)NC(=O)[C@H](C)NC(=O)[C@@H](NC(=O)[C@@H](NC(=O)[C@H](CCCCN)NC(=O)[C@H](CCC(N)=O)NC(=O)[C@H](CCC(=O)O)NC(=O)[C@H](Cc1c[nH]c2ccccc12)NC(=O)[C@H](CCC(=O)O)NC(=O)[C@H](CCC(N)=O)NC(=O)[C@H](Cc1c[nH]c2ccccc12)NC(C)=O)[C@@H](C)CC)[C@@H](C)O)C(=O)N[C@@H](CCC(N)=O)C(=O)N[C@@H](CCC(N)=O)C(=O)N[C@@H](CCC(=O)O)C(=O)N[C@@H](CCCCN)C(=O)N[C@@H](CC(N)=O)C(=O)N[C@@H](CCC(=O)O)C(=O)N[C@@H](Cc1ccc(O)cc1)C(=O)N[C@@H](CCC(=O)O)C(=O)N[C@@H](CC(C)C)C(=O)N[C@@H](CCC(N)=O)C(=O)N[C@@H](CCCCN)C(=O)N[C@@H](CC(C)C)C(=O)N[C@@H](CC(=O)O)C(=O)N[C@@H](CCCCN)C(=O)N[C@@H](Cc1c[nH]c2ccccc12)C(=O)N[C@@H](C)C(=O)N[C@@H](CO)C(=O)N[C@@H](CC(C)C)C(=O)N[C@@H](Cc1c[nH]c2ccccc12)C(=O)N[C@@H](CCC(=O)O)C(=O)N[C@@H](Cc1c[nH]c2ccccc12)C(=O)N[C@@H](Cc1ccccc1)C(N)=O,0
CCOCCOCCOCCOCCOCCOCCOCCOCCO,0
CC1C(=O)OC2C(O)C34C5OC(=O)C3(OC3OC(=O)C(O)C34C(C(C)(C)C)C5O)C12O,1
CC12CCC3C(=CCc4cc(OS(=O)(=O)O)ccc43)C1CCC2=O,1
CC[N+](C)(CC)CCOC(=O)C1c2ccccc2Oc2ccccc21,0
O=P(O)(O)OC[C@H](O)[C@@H](O)[C@H](O)NO,0
NC(=O)N1C(=O)/C(=C(\O)c2cccs2)c2cc(Cl)ccc21,1
CCN(CC)CC(=O)Nc1c(C)cccc1C,0
CC(O)COCC1OC(OC2C(COCC(C)O)OC(OCC(C)O)C(OCC(C)O)C2OCC(C)O)C(OCC(C)O)C(OCC(C)O)C1OCC(C)O,0
CCSCC[C@H](N)C(=O)O,1
CC1CC(C)C(=O)C(C(O)CC2CC(=O)NC(=O)C2)C1,1
COP(=S)(OC)Oc1ccc([N+](=O)[O-])cc1,1
[AsH3],1
O=C(Nc1ccccc1)c1ccn[nH]1,0
COc1cc(O)c2c(=O)cc(-c3ccc(O)cc3)oc2c1,1
CCOC(=O)C(CCc1ccccc1)NC(C)C(=O)N1CCCC1C(=O)O,1
CC[C@H](CO)Nc1nc(NCc2ccccc2)n2ncc(C(C)C)c2n1,0
O=P(O)(O)OC[C@H](O)[C@@H](O)[C@H](O)CO,0
NC1(C(=O)NC(CCO)c2ccc(Cl)cc2)CCN(c2ncnc3[nH]ccc23)CC1,0
OC[C@H]1OC(O)[C@H](O)[C@@H](O)[C@@H]1O,0
CC(=O)C1C(C#N)CC2C3CC=C4CC(O)CCC4(C)C3CCC21C,1
C#CCN(c1nc(-c2cc(C)c(OC)cc2Cl)c(C)s1)C(CC1CC1)c1ccc(C)c(F)c1,0
CC(C)CCCC(C)C1CCC2C3CC4OC45CC(O)CCC5(C)C3CCC12C,1
O=C(O)c1cc(S)ccc1[N+](=O)[O-],0
C[C@H]1[C@H]2N(C(=O)CN(C)N2C(=O)NCc2ccccc2)[C@@H](Cc2ccc(OP(=O)(O)O)cc2)C(=O)N1Cc1cccc2cccnc12,0
O=C(O)CC[C@H](NC(=O)N[C@@H](CSCc1ccc([18F])cc1)C(=O)O)C(=O)O,0
C[C@@H]1C[C@H](S(=O)(=O)O)N[C@H]1C(=O)O,0
COC1=CC(=O)OC(/C=C/C2=CCCC=C2)C1,0
O=C1NC(=O)[C@@]2(CCOc3ccc(F)cc32)N1,0
N[C@H](C=O)Cc1c[nH]c2c(O)c(NNc3ccccc3)ccc12,0
O=C(NCC1CN(c2ccc(N3CCOCC3=O)cc2)C(=O)O1)c1ccc(Cl)s1,1
CO[C@@H]1O[C@@H]2CO[C@@](C)(C(=O)O)O[C@@H]2[C@H](O)[C@H]1O,0
N=C(N)c1ccc(CNC(=O)[C@@H]2CCN2C(=O)[C@H](NCC(=O)O)C2CCCCC2)cc1,0
CC(C)NCC(O)c1ccc(O)c(O)c1,0
O=C(O)CCc1ccc(O)cc1,0
CC(=O)NC1C(N=C(N)N)C=C(C(=O)O)OC1C(O)C(O)CO,0
O=C[C@H]([18F])[C@@H](O)[C@H](O)[C@H](O)CO,0
CCc1nc2ccc(Br)cc2c(=O)n1-c1nc2ccccc2s1,0
N[C@H](C(=O)N1CC(c2cc(F)ccc2F)=C[C@H]1c1ccccc1)C1CC1,0
Nc1ncnc2c1ncn2[C@@H]1O[C@H](COP(=O)(O)OP(=O)(O)O)[C@@H](OP(=O)(O)O)[C@H]1O,0
CC(=O)NC(CSC(=O)C1(C(O)C(C)C)NC(=O)C(C)C1O)C(=O)O,1
CCCCCC(CCCCC)Sc1n[nH]nc1C(=O)O,0
N#C[C@H]1CC=C2CC1Oc1ccc3cccc(c3c1)N1CC[C@H](NCCc3cncn3C2)C1=O,0
CC(C)C[C@H](NC(=O)[C@H](C)NC(=O)[C@H](CCCN=C(N)N)NC(=O)[C@H](CCC(=O)O)NC(=O)[C@H](CC(C)C)NC(=O)[C@H](CCC(N)=O)NC(=O)[C@H](CCC(=O)O)NC(=O)[C@@H]1CCC(=O)N1)C(=O)N[C@@H](CC(N)=O)C(=O)N[C@@H](CO)C(=O)N[C@@H](CO)C(=O)O,0
CS(=O)(=O)c1ccc(C2=C(c3ccccc3)C(=O)OC2)cc1,1
Fc1ccc(Nc2nn3c(COc4ccc(-c5ccccc5)cc4)nnc3s2)cc1,0
O=C(c1cc(S(=O)(=O)Nc2ccccc2F)c(F)cc1Cl)N1CCN2CCC[C@@H]2C1,0
CC1=C2N=C(C=C3NC(=C(C)C4=NC(C)(C5N=C1C(C)(CCC(=O)NCC(C)OP(=O)(O)OC1C(CO)OC([n+]6c[nH]c7cc(C)c(C)cc76)C1O)C5CC(N)=O)C(C)(CC(N)=O)C4CCC(=N)[O-])C(C)(CC(N)=O)C3CCC(=N)O)C(C)(C)C2CCC(=N)O,0
CN1Cc2cc(-c3ccc(N)nn3)ccc2[C@H](c2ccc3ccccc3c2)C1,0
c1cc2c(c(N3CCNCC3)c1)OCCO2,0
CC(C)[C@H](NS(=O)(=O)CCCc1ccccc1)P(=O)(O)C[C@H](C(=O)O)c1cccc(CN)c1,0
COc1cccc2c1cc1c3c(cc4c(c32)OCO4)C(=O)N1,1
C[C@H](Nc1cc2c(-c3cc(Cl)cc(CCCO)c3)noc2cn1)c1ccccc1,0
C=CCc1ccc(OCC(=O)N(CC)CC)c(OC)c1,0
C[C@@H]1NC(=O)[C@H](CC(=O)O)NC1=O,0
CCCCCCCCCCCCCCCCS(=O)(=O)O,0
CCOC(=O)CCCCCCCCC(C)c1ccccc1I,0
CC1CCC=C2C(=O)CC3OOC(C)(C)C3C21C,1
Cc1c(-c2cc(Br)c(O)c(Br)c2)oc2ccc(O)cc2c1=O,0
CC(C)C[C@H](N=C(O)[C@H](CO)N=C(O)CN=C(O)[C@H](CC(C)C)N=C(O)[C@H](CCC(=O)O)N=C(O)[C@H](Cc1ccc(O)cc1)N=C(O)[C@H](CO)N=C(O)[C@H](CC(=N)O)N=C(O)[C@H](Cc1ccccc1)N=C(O)[C@H](CO)N=C(O)[C@@H](N)CSSC[C@H](N)C(O)=N[C@@H](Cc1ccc(O)cc1)C(O)=NCC(O)=N[C@@H](CCCNC(=N)N)C(O)=N[C@@H](CCCCN)C(O)=N[C@@H](CCCCN)C(O)=N[C@@H](CCCNC(=N)N)C(O)=N[C@@H](CCCNC(=N)N)C(O)=N[C@@H](CCC(=N)O)C(O)=N[C@@H](CCCNC(=N)N)C(O)=N[C@@H](CCCNC(=N)N)C(O)=N[C@@H](CCCNC(=N)N)C(=O)O)C(=O)O,0
Cc1nc(C)c(-c2ccnc(/N=C/NO)n2)s1,0
O=P(O)(O)OC1[C@@H](O)[C@@H](O)C(OP(=O)(O)O)[C@H](O)[C@H]1O,0
Nc1ncnc2c1ncn2[C@@H]1O[C@@H]2COP(=O)(O)O[C@H]2[C@H]1O,0
CCCCCCC(=O)OCCN1CCN(CCCN2c3ccccc3Sc3ccc(Cl)cc32)CC1,0
O=C(O)CCCNC(=O)NC1CCCCC1,0
CC(C)(COP(=O)(O)OP(=O)(O)OC[C@H]1O[C@@H](n2cnc3c(N)ncnc32)[C@H](O)[C@@H]1OP(=O)(O)O)[C@@H](O)C(=O)NCCC(=O)NCCSCC(=O)C(F)(F)F,0
N[13C](N)=O,0
CC(=O)OC1CCC2(C)C(=CCC3C2CCC2(C)C(c4cccnc4)=CCC32)C1,1
O=C(O)c1cc(=O)c2c(OCC(O)COc3cccc4oc(C(=O)O)cc(=O)c34)cccc2o1,1
N=C(N)c1cc2ccccc2s1,0
CCNC(=O)C1CCCN1C(=O)C(CCCN=C(N)N)NC(=O)C(CC(C)C)NC(=O)C(CC(C)C)NC(=O)C(Cc1ccc(O)cc1)NC(=O)C(CO)NC(=O)C(Cc1c[nH]c2ccccc12)NC(=O)C(Cc1cnc[nH]1)NC(=O)C1CCC(=O)N1,1
CCCCCCOC(=O)CCC(=O)CN,0
O=C(NNC(=S)Nc1ccccc1)c1cc2cc([N+](=O)[O-])ccc2s1,0
Cn1c(=O)n(-c2ccc(C(C)(C)C#N)cc2)c2c3cc(-c4cnc5ccccc5c4)ccc3ncc21,0
CCCCC[C@@H](/C=C/[C@@H]1[C@@H](C/C=C\CCCC(=O)O)[C@@H]2C[C@H]1OO2)OO,0
CSc1nc2nnc([N+](=O)[O-])c(=O)n2[nH]1,0
CCCC(C)(COC(N)=O)COC(=O)NC(C)C,0
CCCCC[C@@H](O)[C@H]1C(=O)O[C@H](C)[C@@H](O)/C=C/C=C/C=C/C=C/C=C(\C)[C@@H](O)[C@H](O)[C@H](O)C[C@H](O)C[C@H](O)C[C@H](O)C[C@H](O)C[C@@H]1O,0
CC(C)C(C)C=CC(C)C1CCC2C1(C)CCC1C23C=CC2(CC(O)CCC12C)OO3,1
[C-]#[Si+],1
CN(C)CCC(c1ccc(Cl)cc1)c1ccccn1,0
O=P(O)(O)CCCC[S@@+]([O-])c1ccccc1O,0
CCOC(=O)C1=C(C)NC(C)=C(C(=O)OCC)C1C,1
CC1C(=O)OC2CCn3ccc(c32)COC(=O)C(C)(O)C1(C)O,1
CC1CCC(C(C)C)C(OC(=O)c2ccccc2N)C1,0
CN(/N=N/c1ccc(Br)cc1)C(=O)NCCSc1ccc(O)cc1,0
OC(C#CCN1CCCC1)(c1ccccc1)c1ccccc1,0
Cc1cc(CCCCCOc2ccc(C3=N[C@@H](C)CO3)cc2)on1,0
O=[N+]([O-])c1ccc(-c2ccn[nH]2)cc1,0
Cc1nc2cccc(F)c2c(N)c1CSCc1cccc(C(O)(O)C(F)(F)F)c1,0
NCCNC[C@@H](N)CCCN=C(N)N[N+](=O)[O-],0
CC[N+](C)(CC)CCOC(C)(c1ccccc1)C1CC2C=CC1C2,0
CC[C@H]1OC(=O)[C@H](C)C(=O)[C@H](C)[C@@H](O[C@@H]2O[C@H](C)C[C@H](N(C)C)[C@H]2O)[C@](C)(OC/C=C/c2cnc3ccccc3c2)C[C@@H](C)C(=O)[C@H](C)[C@H]2NC(=O)O[C@@]21C,0
CCCSc1ccc2nc(NC(=O)OC)[nH]c2c1,1
CCCCN(CCCC)SN(C)C(=O)Oc1cccc2c1OC(C)(C)C2,1
Cc1c(C(C)C)c(=O)n(-c2ccccc2)n1C,1
Nc1ncc(/C=C/c2ccc([N+](=O)[O-])o2)nn1,0
C[C@H]1C[C@H]2[C@@H]3C[C@H](F)C4=CC(=O)C=C[C@]4(C)[C@@]3(F)[C@@H](O)C[C@]2(C)[C@@]1(O)C(=O)CO,0
C=CC(C)(C)c1cc2cc3c(cc2oc1=O)OC(C(C)(C)OC(C)=O)C3,1
N[C@@H](CCSC[C@H]1O[C@@H](O)[C@H](O)[C@@H]1O)C(=O)O,0
CCN(CC)S(=O)(=O)c1ccc(Cl)c(C(=O)Nc2sc3c(c2C#N)CCC3)c1,0
CCN(CC)C(=O)[C@@H]1O[C@@H](C(=O)O)C[C@H](N)[C@H]1NC(C)=O,0
CCNS(=O)(=O)OC[C@H]1O[C@@H](n2cnc3c(N)ncnc32)[C@H](O)[C@@H]1O,0
O=C1CN=C(c2ccccc2Cl)c2cc([N+](=O)[O-])ccc2N1,1
N[C@@H](Cc1ccccc1)[C@H](O)CNS(=O)(=O)c1ccc2ccccc2c1,0
C[N+]1([O-])CCC([Si](C)(C)c2ccccc2)CC1,0
NCCCCCN,0
CC[C@@]1([C@H]2O[C@H]([C@H]3O[C@@](O)(CO)[C@H](C)C[C@@H]3C)C[C@H]2C)CC[C@H]([C@@]2(C)CC[C@]3(C[C@H](O)[C@@H](C)[C@@H]([C@H](C)[C@H](OC)[C@@H](C)C(=O)O)O3)O2)O1,0
CSCC[C@H](N)C(=O)O,0
N#Cc1ccc2c(-c3cc4cc(CN5CCC(CN)CC5)ccc4[nH]3)n[nH]c2c1,0
CCCCCCCCCCCCSc1n[nH]nc1C(=O)O,0
[201Tl],0
C=CC[C@@H]1/C=C(\C)C[C@H](C)C[C@H](OC)[C@H]2O[C@@](O)(C(=O)C(=O)N3CCCC[C@H]3C(=O)O[C@H](/C(C)=C/[C@@H]3CC[C@@H](O)[C@H](OC)C3)[C@H](C)[C@@H](O)CC1=O)[C@H](C)C[C@@H]2OC,0
C=C1CCN([C@H](C)[C@](O)(Cn2cncn2)c2ccc(F)cc2F)CC1,0
O=C(O)C1=NC(C(=O)O)CC(C=CN2c3cc(O)c(OC4OC(CO)C(O)C(O)C4O)cc3CC2C(=O)O)=C1,1
C[C@@H]1O[C@@H](O[C@@H]2[C@H](C)O[C@@H](O[C@H]3C[C@](O)(C(=O)CO)Cc4c(O)c5c(c(O)c43)C(=O)c3ccccc3C5=O)C[C@@H]2O)C[C@H](N)[C@@H]1O,0
CN(CC(O)c1cccc(O)c1)c1nc2c(c(=O)n(C)c(=O)n2C)n1C,0
CC(C)(CNC(N)=O)NCC(O)COC(=O)c1ccccc1F,1
COc1ccc(N2CCOCC2)c2sc(NC(=O)N3CCC(C)(O)CC3)nc12,0
CC(C=C(c1cccs1)c1cccs1)N(C)C,0
C=CCCN=C1NN=C(c2ccc(Cl)cc2)CS1,0
C/C(=N/NC(=O)Nc1nc(-c2ccc(C)cc2)cc(-c2ccc(Cl)cc2)n1)c1ccc(Cl)cc1,0
OC(C1CO1)C(O)C1CO1,1
C=C(N[C@@H](CCC(=O)O)C(=O)N[C@@H](CCSC)C(=O)N[C@@H](CCC(N)=O)C(=O)N[C@@H](CCCN=C(N)N)C(=O)N[C@@H](CCCN=C(N)N)C(N)=O)[C@H](CCC(=O)O)NC(C)=O,0
CC(=O)N[C@H]1[C@H]([C@H](O)[C@H](O)CN)OC(C(=O)O)=C[C@@H]1O,0
CCCCOCCOC(=O)c1cccnc1,0
C=C1C(=O)N[C@H](C)C(=O)N[C@@H](CC(C)C)C(=O)N[C@@H](C(=O)O)[C@H](C)C(=O)N[C@@H](CCCNC(=N)N)C(=O)N[C@@H](/C=C/C(C)=C/[C@H](C)[C@H](Cc2ccccc2)OC)[C@H](C)C(=O)N[C@@H](C(=O)O)CCC(=O)N1C,1
FC(F)(F)c1ccc(Cc2cc3ccccc3[nH]2)cc1,1
NC(=O)OC1CO1,1
Nc1nc(=O)n([C@H]2C[C@H](O)[C@@H](COP(=O)(O)O)O2)cc1C=O,0
CN(C)CC(Oc1ccccc1)Oc1ccccc1,1
N[C@@H](Cc1c[nH]c2ccc(F)cc12)C(=O)O,0
CC1=C(C(=O)O)N2C(=O)C(NC(=O)C(N)c3ccc(O)cc3)C2SC1,1
CC(=O)N[C@H]1[C@H](O[C@H]2C[C@@H](C(=O)NCCS(=O)(=O)O)N[C@@H]2CO)O[C@H](CO)[C@@H](OS(=O)(=O)O)[C@@H]1O,0
C1CCC2(C1)C1CN(CC3CC3)CC2CN(CC2CC2)C1,0
Nc1n[nH]c2ccc(-c3ccccc3)cc12,0
O=S(=O)(c1cccc2cnccc12)N1CCCNCC1,0
CCCC(C)C1(CC)C(=O)NC(=S)NC1=O,0
COc1cccc2c1C(=O)c1c(O)c3c(c(O)c1C2=O)CC(O)(C(=O)CO)CC3OC1CC(N2CCOC(OC)C2)C(O)C(C)O1,1
CNC(=O)c1c(-c2ccc(F)cc2)oc2ccc(-c3cc(C(=O)NC4(c5ncccn5)CC4)ccc3C)c(F)c12,0
COc1cc(Cc2cnc(N)nc2N)cc(OC)c1OC,1
C[N+]1(C)C2CCC1CC(OC(=O)C(O)c1ccccc1)C2,0
CCCCCCC=CC=CCCCCCCCC(=O)O,1
N[C@@H](Cc1cnc[nH]1)C(=O)O,0
N=C(N)c1ccc2nc(-c3cccc(-c4ccccc4)c3O)[nH]c2c1,0
O=C(Nc1c(Br)cc(Br)cc1CN[C@H]1CC[C@H](O)CC1)c1cccs1,0
Cc1csc(NC(=O)c2nc(Sc3nncn3C)ccc2Sc2ccc(F)cc2)n1,0
CC(Cc1ccccc1)NCc1ccccc1Cl,1
CCOc1ccc(-c2cccc(CNc3ccc(OCC(=O)O)c(F)c3)c2)c(C)c1,1
CCOc1ccccc1O[C@@H](c1ccccc1)[C@@H]1CNCCO1,0
CC#CCC(C)[C@H](O)/C=C/[C@@H]1[C@H]2c3cccc(CCCC(=O)O)c3O[C@H]2C[C@H]1O,0
CC#CCC(C)C(O)C=CC1C(O)CC2Oc3c(CCCC(=O)O)cccc3C21,1
COc1ccc(S(=O)(=O)N2c3ccc(Cl)cc3[C@](O)(c3ccccc3Cl)[C@@H]2C(=O)N2CCC[C@H]2C(N)=O)cc1OC,0
CCN(CC)CCOC(=O)C(c1ccccc1)c1ccccc1,0
N[C@@H](Cn1c2c(c(=O)[nH]c1=O)CCC2)C(=O)O,0
CC(=O)N[C@@H](CCC(N)=O)C(=O)O,0
CCC[C@@H]1C[C@@H](C(=O)N[C@@H]([C@H]2O[C@H](SC)[C@H](O)[C@@H](O)[C@H]2O)[C@H](C)Cl)N(C)C1,1
CCOC(=O)n1ccn(C)c1=S,1
COc1cc2c(cc1O)CC1c3c(cc(O)c(OC)c3-2)CCN1C,1
Oc1c(I)cc(I)c2cccnc12,0
CNC1CN(c2cc(N)nc(CC(C)C)n2)C1,0
CCOc1ccc2nccc([C@@H](O)[C@@H]3C[C@@H]4CC[N@]3C[C@@H]4CC)c2c1,0
CC12CCC(C(=O)C1=O)C2(C)C,1
Nc1ccc(S(N)(=O)=O)cc1[Hg],0
CCC(=O)O[C@H]1CC[C@H]2[C@@H]3CCC4=CC(=O)CC[C@]4(C)[C@H]3CC[C@]12C,0
CCCCCCC(=O)NC1CSSC[C@@H](C(=O)N[C@@H](Cc2ccc(O)cc2)C(=O)N2C[C@H](C(N)=O)NC(=O)[C@@H]2CCCNC(=N)N)NC(=O)C(CO)NC(=O)[C@H]([C@@H](C)CC)NC(=O)C(CCCNC(=N)N)NC(=O)[C@H](CC(=O)O)NC(=O)[C@@H](CCCC)NC(=O)C(CCCNC(=N)N)NC(=O)CNC(=O)[C@@H](C)NC(=O)[C@H](Cc2ccccc2)NC(=O)C(Cc2c[nH]cn2)NC1=O,0
O=C1c2ccccc2C(=O)N1SC(Cl)(Cl)Cl,1
CCC(=C(c1ccc(O)cc1)c1ccc(OCCN(C)C)cc1)c1ccccc1,1
c1ccc2[nH]cnc2c1,0
CCN(CC)CC#CCOC(=O)C(O)(c1ccccc1)C1CCCCC1,1
CCOP(=S)(OCC)SCSP(=S)(OCC)OCC,1
Cn1c(=O)c(Oc2ccc(F)cc2F)cc2cnc(NC3CCOCC3)nc21,0
COc1ccc(C(=O)NC(=S)Nc2nc3ccc(C)cc3s2)cc1,0
CC[C@@H](N)C(=O)O,0
N[C@@H](Cc1ccc([N+]([O-])(CCCl)CCCl)cc1)C(=O)O,0
CC(C)C(=O)OC[C@@]1(N=[N+]=[N-])O[C@@H](n2ccc(N)nc2=O)[C@H](OC(=O)C(C)C)[C@@H]1OC(=O)C(C)C,0
OC[C@H]1O[C@@H](O[C@@H]2[C@H](O)[C@@H](O)[C@H](O[C@@H]3[C@H](O)[C@@H](O)[C@H](O)O[C@@H]3CO)O[C@@H]2CO)[C@H](O)[C@@H](O)[C@H]1O,0
CNC(C)C(=O)c1ccc(C)cc1,0
CN1CCCN(C(c2ccccc2)c2ccc(Cl)cc2)CC1,0
CCNC(=O)CCNC(=O)[C@H](O)C(C)(C)COP(=O)(O)OP(=O)(O)OC[C@H]1O[C@@H](n2cnc3c(N)ncnc32)[C@H](O)[C@@H]1OP(=O)(O)O,0
O=C1CCc2c(-c3ccc(F)cc3F)cc(C3CCNCC3)cc2N1c1c(Cl)cccc1Cl,0
CC(=O)Nc1cc(C)c(O)c(C)c1,1
C[C@@H](O[C@@H](O)C[C@H](N)C(=O)O)[C@H](N)C(=O)O,0
NC(=O)N[C@@H](Cc1ccccc1)C(=O)O,0
Cc1ccc(C(=O)N(CCCN)C(c2nc3snc(C)c3c(=O)n2Cc2ccccc2)C(C)C)cc1,0
CCOC(=O)[C@@](C)(N)Cc1ccc(O)c(O)c1,0
CCOc1cc([C@@H](CS(C)(=O)=O)N2C(=O)c3cccc(NC(C)=O)c3C2=O)ccc1OC,0
Ic1ccc2c(c1)CNCC2,0
Nc1ncnc2c1ncn2[C@@H]1O[C@H](COP(=O)(O)OP(=O)(O)OP(=O)(O)OC[C@H]2O[C@@H](n3cnc4c(N)ncnc43)[C@H](O)[C@@H]2O)[C@@H](O)[C@H]1O,0
CC(=O)NCCc1c(Cc2ccccc2)[nH]c2ccccc12,1
O=C(OCCN1CCCCC1)C(O)(c1ccccc1)c1ccccc1,0
NN,1
C=CCC(C(=O)NC(N)=O)C(C)C,1
Cc1nccn1CCCCc1ccc(CC(=O)N[C@@H](CO)C(=O)N[C@@H](CCCCN)C(=O)NCCC2CCCCC2)cc1,0
COC(=O)C=C(C)OP(=O)(OC)OC,1
O=c1[nH]cnc2c([C@@H]3O[C@H](CO)[C@@H](O)[C@H]3O)c[nH]c12,0
Cc1cccc(-c2nc(Nc3ccc4[nH]ncc4c3)c3ccccc3n2)n1,0
Cc1cncc2cccc(S(=O)(=O)N3CCCNC[C@@H]3C)c12,0
CC1/C=C/C=C/C=C/C=C/C=C/C=C/C=C/C(OC2O[C@H](C)[C@@H](O)[C@H](N)[C@@H]2O)CC(O)C(C(=O)O)C(O)CC(=O)CC(O)CC(O)CC(O)CC(=O)CCCC(=O)CC(=O)OC1C(C)CC(C)C(O)CC(=O)c1ccc(N)cc1,0
O=C(OCCOCCO)c1ccccc1Nc1cccc(C(F)(F)F)c1,0
CC1CCN(CC[C@H]2CCCN2S(=O)(=O)c2cccc(O)c2)CC1,0
N[C@H](C(=O)O)[C@@H](O)C(=O)O,0
CC(=O)N[C@@H]1[C@@H](O)[C@H](O)[C@@H](CO)O[C@H]1NC(=O)C[C@@H]1NC(=O)[C@H](CC(C)C)NC(=O)[C@@H]2CNC(=O)C[C@H](NC1=O)C(=O)N[C@@H](Cc1c[nH]c3ccccc13)C(=O)N[C@@H](Cc1ccccc1)C(=O)N2,0
CCCCCCCCC(=O)O,1
NC(N)=NCCCO,0
O=C(O)CCCCCNC(=O)CCCP(=O)(O)Oc1ccc([N+](=O)[O-])cc1,0
CC(C(=O)O)c1cccc(C(=O)c2ccccc2)c1,1
COC(CN1CCN(CCC(O)c2ccccc2)CC1)c1ccccc1,0
C[S@@+]([O-])c1ccc(-c2nc(-c3cccc(I)c3)c(-c3ccncc3)[nH]2)cc1,0
Cc1cc(-c2ccc(S(=O)(=O)O)cc2)c2ccc3c(-c4ccc(S(=O)(=O)O)cc4)cc(C)nc3c2n1,1
NC(N)=NCCC[C@H](NC(=O)[C@H](CCCN=C(N)N)NC(=O)[C@H](CCCN=C(N)N)NC(=O)[C@H](CCCN=C(N)N)NC(=O)[C@H](CCCN=C(N)N)NC(=O)[C@H](CCCN=C(N)N)NC(=O)[C@H](CCCN=C(N)N)NC(=O)[C@H](CCCN=C(N)N)NC(=O)[C@@H](N)CCCN=C(N)N)C(=O)O,0
C=C[C@@H](NC(=O)[C@H](CS)NC(=O)CCC[C@H](N)C(=O)O)C(=O)O,0
CC(=O)Nc1ccc(S(=O)(=O)c2ccc(NC(C)=O)cc2)cc1,0
COc1cc(C(=O)Nc2c(Br)cc(Br)cc2CN(C)C2CCCCC2)ccc1OC(C)=O,0
Fc1ccc2nc(CCC#Cc3ccccn3)cn2c1,0
CCCOc1ccc2c(c1)CC[C@@H]1[C@@H]2CC[C@]2(C)[C@@H](OC)CC[C@@H]12,0
O=C(CN(CCO)S(=O)(=O)c1ccc(-c2ccccc2)cc1)NO,0
CCCNC(C)C(=O)Nc1c(C)csc1C(=O)OC,0
C[C@@H]1CC2=CC(=O)CC[C@@H]2[C@H]2CC[C@]3(C)[C@@H](O)CC[C@H]3[C@@H]21,0
CN(C)CC/C=C1/c2ccccc2COc2ccc(CC(=O)O)cc21,0
CCCCCCC(O)CO,0
C=C1CS[C@H]([C@@H](C=O)NC(=O)/C(=N\OC(C)(C)C(=O)O)c2csc(N)n2)N=C1C(=O)O,0
CCCC=O,1
Cc1ccc(S(=O)(=O)Nc2cc(-c3ccc(F)cc3)sc2C(=O)O)cc1,0
C[C@H]1CN(C[C@H](Cc2ccccc2)C(=O)NCC(=O)O)CC[C@@]1(C)c1cccc(O)c1,0
CN1C2CCC1CC(OC(=O)c1c[nH]c3ccccc13)C2,1
NCC1=N[C@@H](CC2C=CC(=O)C=C2)C(=O)N1CC=O,0
CCC[N+](=O)[O-],1
CC[C@H](C)[C@H](NC(=O)[C@H](Cc1ccc(O)cc1)NC(=O)[C@@H](NC(=O)[C@H](CCCN=C(N)N)NC(=O)CNC)C(C)C)C(=O)N[C@@H](Cc1cnc[nH]1)C(=O)N1CCC[C@H]1C(=O)N[C@H](C)C(=O)O,0
C=CC1(C(C)CCC)C(=O)NC(=O)NC1=O,0
C[C@H]1[C@H](C)CC[C@]2(C(=O)O)CC[C@]3(C)C(=CC[C@@H]4[C@@]5(C)CC[C@H](O)C(C)(C)[C@@H]5CC[C@]43C)[C@H]12,0
CN(C)CCCSC(=N)N,1
CC(C)C(=O)O[C@@H](OC(=O)NC[C@H](CC(=O)O)c1ccc(Cl)cc1)C(C)C,0
CC(C)Cc1ccc([C@@H](C)C(=O)NS(C)(=O)=O)cc1,0
CC[C@H](CNC(=O)c1ccc(S(N)(=O)=O)cc1)c1ccc2[nH]ccc2c1,0
Cc1c(-c2ccc(O)cc2)n(Cc2ccc(OCCN3CCCCCC3)cc2)c2ccc(O)cc12,0
Clc1ccc(C(c2ccccc2Cl)C(Cl)Cl)cc1,0
C[C@](O)(c1ccc(C(=O)N(C2CCC(c3cccnc3)CC2)C2CC2)cc1)C(F)(F)F,0
CCOP(=O)(O)OCC,1
CCCCC(F)(F)[C@@]1(O)CC[C@H]2[C@@H](CC(=O)[C@@H]2CCCCCCC(=O)O)O1,0
CC1C(c2ccccc2)OCCN1C,0
CC[C@H](C)[C@@H]1NC(=O)[C@H](Cc2ccc(O)cc2)NC(=O)CCSSC[C@@H](C(=O)N2CCC[C@H]2C(=O)N[C@@H](CC(C)C)C(=O)NCC(N)=O)NC(=O)[C@H](CC(N)=O)NC(=O)[C@H](CCC(N)=O)NC1=O,0
O=P(O)(O)OC[C@H]1O[C@@H](n2cnc3cncnc32)[C@H](O)[C@@H]1O,0
C[C@@H](OC[C@@]1(c2ccccc2)CC[C@]2(CCC(=O)N2)CN1)c1cc(C(F)(F)F)cc(C(F)(F)F)c1,0
Cc1cc([C@@H](C)Nc2ccccc2C(=O)O)c2nc(N3CCOCC3)cc(=O)n2c1,0
COc1ccc2c(c1OC)[C@]13CCN(C)[C@H](C2)[C@]1(O)CC[C@@H](O)C3,0
CCn1cc(C(=O)O)c(=O)c2cc(F)c(N3CCN(C)CC3)cc21,1
O=S(=O)(O)c1cccc2cccc(Nc3ccccc3)c12,0
CC1(C)O[C@@H]2C[C@H]3[C@@H]4C[C@H](F)C5=CC(=O)CC[C@]5(C)[C@H]4[C@@H](O)C[C@]3(C)[C@]2(C(=O)CO)O1,0
O=C1NC(=O)C(Cc2ccc3c(c2)CC[C@H](Cc2ccccc2)O3)S1,0
CCCCCC(O)C=CC1C(=O)C=CC1CC=CCCCC(=O)O,1
CC(C)(CC1Cc2ccccc2C1)NC[C@@H](O)COc1cc(CCC(=O)O)cc(F)c1F,0
CCC(CC)C(=O)Nc1cc(C(=O)O)ccc1NC(C)=O,0
CC(C)CCOC(=O)C(N)c1ccccc1,0
N#Cc1c[nH]c2nc(N)[nH]c(=O)c12,0
C=CC1=C(C(=O)O)N2C(=O)[C@@H](NC(=O)/C(=N\O)c3csc(N)n3)[C@H]2SC1,1
CCCCCC(C=CC1C2CC(OO2)C1CC=CCCCC(=O)O)OO,1
C=CCNS(=O)(=O)c1cc(S(N)(=O)=O)c(Cl)cc1N=CC=C(C)O,0
CCCCOC(=O)c1ccccc1Nc1cccc(C(F)(F)F)c1,0
CO[C@@H]1[C@H](OC(=O)NC(=O)CCl)CC[C@]2(CO2)[C@H]1[C@@]1(C)O[C@@H]1CC=C(C)C,0
C[C@H](N)[C@@H](CCCCCC(=O)O)CC(=O)O,0
CNCC[C@H](Oc1ccc(C(F)(F)F)cc1)c1ccccc1,0
CCOCCOCCOCCOCCOCCO,0
C/C=C(\C)C(=O)O[C@@H]1C[C@H]2[C@@H](CC=C3C[C@@H](O[C@H]4C[C@H](OC)[C@H](O[C@H]5C[C@H](OC)[C@H](O[C@@H]6O[C@H](C)[C@@H](O)[C@H](OC)[C@H]6O)[C@@H](C)O5)[C@@H](C)O4)CC[C@@]32C)[C@@]2(O)CC[C@H](C(C)=O)[C@@]12C,0
O=S(=O)(O)c1cc(I)c(O)c2ncccc12,0
CCCCCCC[C@@H](O)CC(=O)SCCNC(=O)CCNC(=O)[C@H](O)C(C)(C)COP(=O)(O)OP(=O)(O)OC[C@H]1O[C@@H](n2cnc3c(N)ncnc32)[C@H](O)[C@@H]1OP(=O)(O)O,0
CCCCCCC(=O)OC[C@H](COP(=O)(O)O)OC(=O)CCCCCC,0
COc1ccc(S(=O)(=O)N[C@@H](CNc2nc(C)nc(N3CCC(c4ccc5c(n4)NCCC5)CC3)c2C)C(=O)O)cc1,0
C[C@@H](N[C@H]1CCN(c2ccc(CC(=O)O)cc2)C1)c1cccc2ccccc12,0
COc1c(C(=O)NC2CCN3CCCC2C3)ccc(N)c1Cl,0
Cl[201Tl],0
O=C(O)c1ccccc1N=Nc1ccc(O)c2ccccc12,0
COc1cccc(-c2cccc([C@]3(C)CC(=O)N(C)C(N)=N3)c2)c1,0
C[C@@H]1O[C@@H](O)[C@@H](O)[C@H](O)[C@@H]1O,0
O=C(CN1C[C@H](NC(=O)c2ccc(Cl)s2)[C@@H](F)C1)Nc1ccc(-n2ccccc2=O)cc1F,0
Oc1ccc(C(c2ccc(O)cc2)C(Cl)(Cl)Cl)cc1,1
CC(C)(C)[C@H](NC(=O)C(F)(F)F)C(=O)N1C[C@H]2[C@@H]([C@H]1C(=O)N[C@H](C#N)C[C@@H]1CCNC1=O)C2(C)C,0
O=C(O)C(=NC(=O)[C@@H](CS)CCc1ccccc1)c1ccc(Cn2cnnn2)s1,0
CCCN(CCC)C(=O)C(Cc1ccc(OCCN(CC)CC)cc1)NC(=O)c1ccccc1,0
O=C(CC(c1ccccc1)c1ccccc1)N1CCN(C(c2ccccc2)c2ccccc2)CC1,0
CC(C)c1onc(-c2c(Cl)cccc2Cl)c1COc1ccc2c(=O)c(-c3ccc(C(=O)N(C)C)cc3)coc2c1,0
O=C1CN(c2csc(-c3ccccc3)c2Cl)S(=O)(=O)N1,0
CC1CS(=O)(=O)CCN1N=Cc1ccc([N+](=O)[O-])o1,0
NS(=O)(=O)c1ccc(-n2nc(C(F)(F)F)cc2-c2ccc(Br)cc2)cc1,0
CCCCCCOc1ccc(C(=N)N(CCCC)CCCC)c2ccccc12,0
CC(C)=CCCC(C)(O)[C@H]1CC[C@]2(C)C1CC[C@@H]1[C@@]3(C)CC[C@H](O)C(C)(C)[C@@H]3CC[C@]12C,0
C=C1C[C@]23C[C@@]1(O)CC[C@H]2[C@@]12C=C[C@H](O)[C@@](C)(C(=O)O1)[C@H]2[C@@H]3C(=O)O,0
Cc1ccccc1CN1CCN(CCOC(c2ccccc2)c2ccccc2Cl)CC1,0
Clc1ccc(-c2cc(Cl)c(Cl)c(Cl)c2)cc1Cl,1
CC[C@@H](CO)NC(=O)[C@@H]1C=C2c3cccc4[nH]cc(c34)C[C@H]2N(C)C1,0
COc1ccn(C)c(=O)c1C#N,1
COc1ccc(OC)c2c1c(C)cc(=O)n2C,0
Clc1ccc(C(Cn2ccnc2)OCc2ccsc2Cl)c(Cl)c1,1
CC(C)(COP(=O)(O)OP(=O)(O)OC[C@H]1O[C@@H](n2cnc3c(N)ncnc32)[C@H](O)[C@@H]1OP(=O)(O)O)[C@@H](O)C(=O)NCCC(=O)NCCSCC(=O)NCCc1c[nH]c2ccc(Br)cc12,0
NCC[C@H](Oc1ccc(C(F)(F)F)cc1)c1ccccc1,0
CC[Se]C(=N)N,0
O=C1NCC(=O)N2CCC[C@@H]12,0
Cc1cc(O)c2c(c1)C(=O)c1cccc(O)c1C2=O,1
O=C(O)C(=O)Nc1sc2c(c1C(=O)O)CCNC2,0
c1ccc2nccnc2c1,1
CNC(=O)c1c(I)c(NC(=O)CCCCC(=O)Nc2c(I)c(C(=O)O)c(I)c(C(=O)NC)c2I)c(I)c(C(=O)O)c1I,0
O=P(O)(O)/C=C/CCSc1ccccc1O,0
C#C[C@]1(O)CC[C@H]2[C@@H]3CCc4cc(OS(=O)(=O)C(C)C)ccc4[C@H]3CC[C@@]21C,0
CC[C@@H](C)Nc1cc(C(=O)NC2C[C@H]3CC[C@@H](C2)N3c2ccc(C(=O)C3CC3)cn2)c(C)cc1C(N)=O,0
Cn1c[n+]([C@@H]2O[C@H](COP(=O)(O)O)[C@@H](O)[C@H]2O)c2nc(N)[nH]c(=O)c21,0
CCCC(CCC)C(=O)OC1CC2CCC(C1)[N+]2(C)C,0
[Fe+2],0
CC(C)=CCC/C(C)=C/CC/C(C)=C/CONC(=O)CP(=O)(O)O,0
CC(COc1ccccc1)NC(C)C(O)c1ccc(O)cc1,0
Nc1nc(-c2ccc(O)cc2)cs1,0
CS(=O)(=O)Nc1ccc([N+](=O)[O-])cc1Oc1ccccc1,1
CC(C)(C)N1CCC(c2ccccc2)(c2ccccc2)CC1,0
CC(C)CCCC(C)CCCC(C)CCCCC(C)CCCC(C)CCCC(C)C,0
O=C(N[C@H]1CN2CCC1CC2)c1c[nH]c2ccsc2c1=O,0
CNC(=O)c1cc(Oc2ccc(NC(=O)Nc3cc(C(C)(C)C)nn3-c3ccc4ncccc4c3)c(F)c2)ccn1,0
CC(C)C(OC(=O)c1cccnc1)c1ccc(Cl)cc1,0
NCc1c[nH]c2nc(N)[nH]c(=O)c12,0
O=C(O)C1=CCCNC1,0
Clc1ccc(Cl)c(Cl)c1,1
CCOC(=O)C(C)C(C)=O,1
COc1cc2c(cc1OC)C1CC(=O)C(CC(C)C)CN1CC2,0
CC(=O)CNC(=O)OCc1ccccc1,0
O=C(Nc1ccc(Cl)cc1)c1cc2ccccc2cc1OP(=O)(O)O,0
Cc1cn([C@@H]2O[C@@]3(COP(O)(=S)O[C@H]4[C@H]5OC[C@]4(COP(O)(=S)O[C@@H]4[C@H](O)[C@@H](COP(O)(=S)O[C@H]6[C@@H](O)[C@H](n7cnc8c(=O)[nH]c(N)nc87)O[C@@H]6COP(O)(=S)O[C@H]6[C@@H](O)[C@H](n7ccc(N)nc7=O)O[C@@H]6COP(O)(=S)O[C@H]6[C@@H](O)[C@H](n7ccc(N)nc7=O)O[C@@H]6COP(O)(=S)O[C@H]6C[C@H](n7cc(C)c(=O)[nH]c7=O)O[C@@H]6COP(O)(=S)O[C@H]6[C@@H](O)[C@H](n7ccc(N)nc7=O)O[C@@H]6COP(O)(=S)O[C@H]6C[C@H](n7cc(C)c(=O)[nH]c7=O)O[C@@H]6COP(O)(=S)O[C@H]6[C@@H](O)[C@H](n7cnc8c(=O)[nH]c(N)nc87)O[C@@H]6COP(O)(=S)O[C@H]6[C@@H](O)[C@H](n7cnc8c(=O)[nH]c(N)nc87)O[C@@H]6COP(O)(=S)O[C@H]6[C@@H](O)[C@H](n7cnc8c(N)ncnc87)O[C@@H]6COP(O)(=S)O[C@H]6[C@H]7OC[C@]6(COP(O)(=S)O[C@H]6[C@H]8OC[C@]6(COP(O)(=S)O[C@H]6[C@H]9OC[C@]6(CO)O[C@H]9n6cc(C)c(=O)[nH]c6=O)O[C@H]8n6cc(C)c(=O)[nH]c6=O)O[C@H]7n6cc(C)c(=O)[nH]c6=O)O[C@H]4n4cnc6c(N)ncnc64)O[C@H]5n4cc(C)c(=O)[nH]c4=O)CO[C@@H]2[C@@H]3O)c(=O)nc1N,0
CCCSCc1cc(N)cc2c(=O)[nH]c(N)nc12,0
O=C(O)CC(O)C(=O)O,0
CNC(=S)NCCSCc1nc[nH]c1C,0
Cn1cc(C2=C(c3c4n(c5ccccc35)CCC(CN)C4)C(=O)NC2=O)c2ccccc21,1
O=C(O)CCc1cc(I)c(Oc2ccc(O)cc2)c(I)c1,0
C=C[C@]1(C)C[C@@H](OC(=O)CSC2CCC(N)CC2O)[C@]2(C)[C@H](C)CC[C@]3(CCC(=O)[C@H]32)[C@@H](C)[C@@H]1O,0
COC(=O)NCCCCCC(=O)N[C@@H]1O[C@H](CO)[C@H](O)[C@H](O)[C@H]1O,0
CC1(C)C(/C=C/C2=C(Oc3ccc(C[C@H](NC(=O)c4ccc(NCc5cnc6nc(N)[nH]c(=O)c6n5)cc4)C(=O)O)cc3)/C(=C/C=C3/N(CCCCS(=O)(=O)O)c4ccc(S(=O)(=O)O)cc4C3(C)C)CCC2)=[N+](CCCCS(=O)(=O)O)c2ccc(S(=O)(=O)[O-])cc21,0
Nc1cc(F)ccc1NC(=O)c1ccc(CNC(=O)/C=C/c2cccnc2)cc1,0
CCC1(CC)C(=O)NC(=O)N(C)C1=O,0
Nc1nc2c(Cc3cccnc3)c[nH]c2c(=O)[nH]1,0
CO/N=C(\C(=O)N[C@@H]1C(=O)N2C(C(=O)O)=C(CSc3cnns3)CS[C@H]12)c1csc(N)n1,0
CC(C)(N)Cc1ccccc1Cl,0
CC(C)N[C@@H]1CCn2c(=O)[nH]c3cccc(c32)[C@H]1O,0
N[C@@H](CO)C1=N/C(=C\c2ccc(O)cc2)C(=O)N1CC(=O)O,0
Cc1cccc2c1ccn2[C@H]1C[C@H](O)[C@@H](COP(=O)(O)O)O1,0
N=C(N)N/N=C/c1c(Cl)cccc1Cl,0
C[C@H](C[C@@H](Cc1ccc(-c2ccccc2)cc1)NC(=O)CCC(=O)O)C(=O)O,0
CC(=O)O[C@]1(C(C)=O)CC[C@H]2[C@@H]3CC=C4C=C(OC5CCCC5)CC[C@]4(C)[C@H]3CC[C@@]21C,0
CC(C)(CS(=O)(=O)O)N(Cl)Cl,0
CC(=O)N(C)C,1
Cc1nccn1Cc1cc(-c2ccc(F)c(C(F)F)c2)cnn1,0
C=Cc1cc(O)cc2nc(-c3ccc(O)c(F)c3)oc12,0
Cc1ccc(OCC[PH](=O)O)cc1,0
C[C@@H](Cn1cnc2c(N)nc(N)nc21)OCP(=O)(O)O,0
Nc1nc(N)c2c(OCC3CCN(Cc4ccccc4F)CC3)cccc2n1,0
COc1cccc2c1C(=Nc1nc3c(ncn3C3CC(O)C(CO)O3)c(=O)[nH]1)c1[nH]c(O)c3cc4c(c-2c13)OCO4,1
C#C[C@]1(OC(C)=O)CC[C@H]2[C@@H]3CCC4=CC(=O)CC[C@@H]4[C@H]3CC[C@@]21C,0
CO[C@H]1CC2=CC(=O)O[C@H](C2)[C@H](C)[C@@H](OC)C[C@H](OC)/C=C/[C@H](C)[C@@H](OC)C[C@@H](OC)/C=C/[C@H](C)[C@@H]([C@@H](C)[C@@H](OC)[C@@H](C)CCC(=O)[C@H](C)[C@@H](CCC(=O)O)OC)OC(=O)/C=C/C=C(\C)C1,0
O=C(/C=C/c1ccc(Cl)cc1)NO,0
CN1CCN(C2=Nc3ccccc3Sc3ccc(Cl)cc32)CC1,0
Nc1ccc2c(c1)c(-c1ccccc1)[n+](CCCCCCc1cnnn1CCNc1c3c(nc4ccccc14)CCCC3)c1cc(N)ccc21,0
CC1=C2C(=COC(C)C2C)C(=O)C(C(=O)O)=C1O,1
CC(=O)OC1N=C(c2ccccc2)c2cc(Cl)ccc2NC1=O,0
CN(C)c1cc(CNCC(C)(C)C)c(O)c2c1C[C@H]1C[C@H]3[C@H](N(C)C)C(=O)C(C(N)=O)=C(O)[C@@]3(O)C(=O)C1=C2O,1
COc1ccc(N2CC[C@H](N)[C@H](c3cccc(C)c3)C2)cc1OC,0
Nc1ccn([C@@H]2O[C@H](COP(=O)(O)OP(=O)(O)O[C@H]3OC[C@@H](O)[C@H](O)[C@H]3O)[C@@H](O)[C@H]2O)c(=O)n1,0
CCCCCC=CC(=O)CCc1ccc(O)c(OC)c1,1
Cc1ccc(C(=O)NC2CC2)cc1Nc1cc(=O)n(C)c2c1cnn2-c1ccc(F)cc1F,0
CN[C@@H](C)[C@H](O)c1ccc(O)cc1,0
C=CCN1CC(C(=O)N(CCCN(C)C)C(=O)NCC)CC2c3cccc4[nH]cc(c34)CC21,0
CN(C)S(=O)(=O)c1ccc2c(c1)/C(=C/c1cc3c([nH]1)CCCC3)C(=O)N2,0
OC[C@H]1O[C@H](O[C@H]2[C@H](O)[C@@H](O)C(O)O[C@@H]2CO)[C@H](O)[C@@H](O)[C@@H]1O,0
CSCCC(NC(=O)C(CO)NC(=O)C(Cc1ccc(O)cc1)NC(=O)C(N)CO)C(=O)NC(CCC(=O)O)C(=O)NC(Cc1cnc[nH]1)C(=O)NC(Cc1ccccc1)C(=O)NC(CCCNC(=N)N)C(=O)NC(Cc1c[nH]c2ccccc12)C(=O)NCC(=O)NC(CCCCN)C(=O)N1CCCC1C(=O)NC(C(=O)NCC(=O)NC(CCCCN)C(=O)NC(CCCCN)C(=O)NC(CCCNC(=N)N)C(=O)NC(CCCNC(=N)N)C(=O)N1CCCC1C(=O)NC(C(=O)NC(CCCCN)C(=O)NC(C(=O)NC(Cc1ccc(O)cc1)C(=O)N1CCCC1C(=O)NC(CC(N)=O)C(=O)NCC(=O)NC(C)C(=O)NC(CCC(=O)O)C(=O)NC(CC(=O)O)C(=O)NC(CCC(=O)O)C(=O)NC(CO)C(=O)NC(C)C(=O)NC(CCC(=O)O)C(=O)NC(C)C(=O)NC(Cc1ccccc1)C(=O)N1CCCC1C(=O)NC(CC(C)C)C(=O)NC(CCC(=O)O)C(=O)NC(Cc1ccccc1)C(=O)O)C(C)C)C(C)C)C(C)C,0
OCCN1CCN(CCC=C2c3ccccc3Sc3ccc(C(F)(F)F)cc32)CC1,0
CCCCCCCCCCCCCCCCCCCCCCCCCCCCO,0
CO[C@@H]1[C@@H](O)[C@@H](O)[C@H](O[C@@H]2C=C3CC[C@@H]4[C@H](CC[C@]5(C)[C@@H](c6ccc(=O)oc6)CC[C@]45O)[C@@]3(C)CC2)O[C@H]1C,0
COCCOCCOCCOC,0
CC(C)(CNC(=O)c1ccc(Oc2ccccc2)cc1)c1ccc2c(N)nc(N)nc2n1,0
Cc1cc(NC(=O)Nc2ncc(CCNc3cc(Nc4ncn[nH]4)ncn3)s2)c(C(F)(F)F)o1,0
CCCCCC(=O)/C=C/C1C(O)CC(=O)C1C/C=C/CCCC(=O)O,0
Nc1nc(=O)c2nc(CNc3ccc(C(=O)N[C@@H](CCC(=O)O)C(=O)O)cc3)cnc2[nH]1,0
C[C@]1(CC(=O)O)C(CCC(=O)O)=C2/C=c3\[nH]/c(c(CCC(=O)O)c3CC(=O)O)=C\c3[nH]c(c(CC(=O)O)c3CCC(=O)O)/C=C3\NC(=C(CCC(=O)O)[C@]3(C)CC(=O)O)/C=C/1N2,0
Cc1cc(C)c2c(c1)[C@@H](N(Cc1cc(C(F)(F)F)cc(C(F)(F)F)c1)c1nnn(C)n1)CCCN2CC1CCC(C(=O)O)CC1,0
Cc1cccc(C)c1OCC(=O)NC(Cc1ccccc1)C(O)CC(Cc1ccccc1)NC(=O)C(C(C)C)N1CCCNC1=O,1
COc1cccc(N2C(CN3CCOCC3)=Cc3cc(S(N)(=O)=O)sc3S2(=O)=O)c1,0
CN1C(=O)N(c2ccc(C#N)c(C(F)(F)F)c2)C(=O)[C@@]1(CO)c1ccccc1,0
CC(C)(C#N)c1cc(Cn2cncn2)cc(C(C)(C)C#N)c1,1
O=c1ccn([C@@H]2O[C@H](COP(=O)(O)OP(=O)(O)O[C@H]3O[C@H](CO)[C@H](O)[C@H](O)[C@H]3O)[C@@H](O)[C@H]2O)c(=O)[nH]1,0
COc1ccc(F)cc1C(=O)NCc1ccc(-c2nn([C@@H](C)C(F)(F)F)c(N)c2C(N)=O)cc1,1
C=C1CC[C@H](O)C/C1=C/C=C1\CCC[C@]2(C)[C@@H]([C@H](C)/C=C/[C@H](C)C(C)C)CC[C@@H]12,0
CCCCS(=O)(=O)NC(Cc1ccc(OCCCCC2CCNCC2)cc1)C(=O)O,0
CCC(=O)O[C@@H]1C=C2CC[C@@H]3[C@H](CC[C@]4(C)[C@@H](OC(=O)CC)CC[C@@H]34)[C@H]2CC1,0
C#[N+]CC,0
CC(=O)Nc1ccc(C(=O)NC(C)(C)C)cc1,0
CC(C)(Cc1cccc(CC(=O)NCc2cccc(-c3ccc(O)cc3)c2)c1)NC[C@H](O)c1ccc(O)c(NS(C)(=O)=O)c1,0
C1=CCOCc2cc(ccc2OCCN2CCCC2)Nc2nccc(n2)-c2cccc(c2)COC1,1
O=C(O)Cc1cccnc1,0
CC(C=CC=C(C)C(=O)OC1OC(COC2OC(CO)C(O)C(O)C2O)C(O)C(O)C1O)=CC=CC=C(C)C=CC=C(C)C(=O)OC1OC(COC2OC(CO)C(O)C(O)C2O)C(O)C(O)C1O,1
N#Cc1ccc2cc1Oc1ccc3cccc(c3c1)N1CC[C@@H](NCc3cncn3C2)C1=O,0
CC1=C(C(=O)O)N2C(=O)[C@@H](N)[C@H]2SC1,0
CCCCCCC=CCCCCCCCc1cccc(O)c1C(=O)O,1
O=c1ccn2c(n1)O[C@H]1[C@H](O)[C@@H](CO)O[C@H]12,0
NCCc1ccc(O)c(O)c1,0
Cc1nnc(NS(=O)(=O)c2ccc(N)cc2)s1,1
O=S1OCC2C(CO1)C1(Cl)C(Cl)=C(Cl)C2(Cl)C1(Cl)Cl,1
CCCCCCCC/C=C/CCCCCCCC(=O)OC[C@H]1O[C@@H](n2ccc(N)nc2=O)C(F)(F)[C@@H]1O,0
c1cnoc1,1
c1ccc(C(CCNc2ccncc2)c2ccccc2)cc1,0
O=C1[C@@H](NS(=O)(=O)c2cc3ncccc3s2)CCN1Cc1cc2ccncc2[nH]1,0
CCCCC(=O)O[C@]1(C(=O)COC(C)=O)CC[C@H]2[C@@H]3CCC4=CC(=O)C=C[C@]4(C)[C@H]3[C@@H](O)C[C@@]21C,0
N[C@@H](C[Se])C(=O)O,0
CC(=O)N(CC(O)CN(C(C)=O)c1c(I)c(C(=O)NCC(O)CO)c(I)c(C(=O)NCC(O)CO)c1I)c1c(I)c(C(=O)NCC(O)CO)c(I)c(C(=O)NCC(O)CO)c1I,0
CCc1cccc2c1c(O)c(C(=O)N(CC)c1ccccc1)c(=O)n2C,0
O=C1NC(CCCl)Oc2ccccc21,0
CCOCc1cc(OC)c(-c2ccc(C[C@H](NC(=O)c3c(F)cccc3F)C(=O)O)cc2)c(OC)c1,0
COc1ccc(CNc2nc(N3CCCC3CO)ncc2C(=O)NCc2ncccn2)cc1Cl,0
CCCCCN(CCCOC)C(=O)[C@@H](CCC(=O)O)NC(=O)c1ccc(Cl)c(Cl)c1,0
Cn1c(COP(=O)(NCCBr)NCCBr)cnc1[N+](=O)[O-],0
O=c1oc2cc(O)ccc2c2oc3cc(O)ccc3c12,1
COc1cc(O)c2c(=O)oc(C(C)C(=O)O)cc2c1,0
COc1ccc(OC(F)(F)F)cc1CN[C@H]1CCCN[C@H]1c1ccccc1,0
COc1ccc(-c2cc(C(F)F)nn2-c2ccc(S(N)(=O)=O)cc2)cc1F,0
C[C@H](Nc1ncnc2nc[nH]c12)c1nc2ccc(F)cc2c(=O)n1-c1ccccc1,0
CC(=O)NC(CC(C)C)C(=O)O,0
O=C(O)CCc1ccc(O)c(CN(CCN(CC(=O)O)Cc2cc(CCC(=O)NCCCCCC(=O)NCCCC[C@H](NC(=O)N[C@@H](CCC(=O)O)C(=O)O)C(=O)O)ccc2O)CC(=O)O)c1,0
NNc1cc2c(nn1)CCN(C(=O)c1ccccc1)C2,0
CCCCCCCCCCCCCCCC(=O)OC[C@H](COC(=O)[C@H](C)NC(=O)CC[C@@H](NC(=O)[C@H](C)NC(=O)[C@@H](C)O[C@@H]([C@H](O[C@@H]1O[C@H](CO)[C@@H](O)[C@H](O)[C@H]1NC(C)=O)[C@H](O)CO)[C@H](C=O)NC(C)=O)C(N)=O)OC(=O)CCCCCCCCCCCCCCC,0
C=Cc1c(C)c2cc3nc(cc4[nH]c(cc5nc(cc1[nH]2)C(C)=C5C(C)OCCCCCC)c(C)c4CCC(=O)O)C(CCC(=O)O)=C3C,0
Cc1ccccc1[N+](=O)[O-],1
N[C@@H](COS(=O)(=O)Cc1ccccc1)C(=O)O,0
CC(COc1ccccc1)N(CCCl)Cc1ccccc1,0
CC[C@@H](c1ccccc1)c1c(O)c2c(oc1=O)CCCCC2,0
COCCCOc1cc(CC(CC(N)C(O)CC(C(=O)NCC(C)(C)C(N)=O)C(C)C)C(C)C)ccc1OC,1
C=CC1C(OC2OC(CO)C(O)C(O)C2OC(=O)c2c(O)cc(O)cc2-c2cccc(O)c2)OC=C2C(=O)OCCC21,1
CN1[C@@H]2CC[C@H]1C[C@@H](OC(=O)C(O)c1ccccc1)C2,0
COc1ccc(-c2cc(=O)c3c(O)cc(OC4OC(COC5OC(C)C(O)C(O)C5O)C(O)C(O)C4O)cc3o2)cc1O,1
COc1cc2c(cc1O)C(Cc1ccc(O)cc1)NCC2,1
CCCCCCCC(=O)CC[C@@H]1[C@@H](C/C=C\CCCC(=O)O)[C@@H](O)C[C@H]1O,0
CN(C)CCN1C(=O)CC(c2ccccc2)Sc2ccccc21,0
CC(=O)c1cc2c(cc1C)C(C)(C)C(C)CC2(C)C,1
CC#C[C@]1(O)CC[C@H]2[C@@H]3C[C@H](C)C4=CC(=O)CC[C@]4(C)[C@H]3CC[C@@]21C,0
CNC(=O)c1ccc(C)c(Nc2ncnc3c2cnn3-c2ccccc2)c1,0
CC(=O)Oc1ccc(C(=C2CCCCC2)c2ccc(OC(C)=O)cc2)cc1,1
Cc1c(Cl)cccc1Nc1ncccc1C(=O)O,0
NS(=O)(=O)c1ccc(F)cc1,0
c1cc2c(cc1CN1CCNCC1)OCO2,1
CC(C)(C(=O)NC1C2CC3CC1CC(C(N)=O)(C3)C2)N1CCN(c2ccc(C(F)(F)F)cn2)CC1,0
Cc1cc2ncc(C(=O)NCC(C)(C)NCC(=O)N3CCC[C@H]3C#N)cn2n1,0
CC(=O)S[C@H]1CC(=O)C=C2C[C@@H](SC(C)=O)[C@@H]3[C@H](CC[C@@]4(C)[C@H]3CC[C@]4(C)O)[C@]21C,0
CCCn1c(=O)c2[nH]c(-c3cnn(Cc4cccc(C(F)(F)F)c4)c3)nc2n(CC)c1=O,0
C=C1Oc2cc(OC)cc(C(=O)O[C@H]3COC(=O)C[C@H](N)c4cc(O)c(c(Cl)c4)O[C@@H]4c5ccc3cc5C3=CC=C[C@@]34O[C@@H]3OC(C)(C)[C@@H](N(C)C)[C@@H](O)[C@H]3O)c2NC1=O,0
CCCCCCCC/C(=C\CCCCCCCC(=O)O)[N+](=O)[O-],0
CC(=O)NC1(c2ccccc2)CCN(CC[C@H](CN(C)C(=O)c2ccccc2)c2ccc(Cl)c(Cl)c2)CC1,0
CCCCC[C@H](S)C(=O)N[C@@H](Cc1ccccc1)C(=O)N[C@@H](C)C(=O)O,0
CSSC[C@H](N)C(=O)O,0
CCCCCCCCCCCCCCCCCCOP(=O)(O)OC[C@H]1O[C@@H](n2ccc(N)nc2=O)[C@@H](O)[C@@H]1O,0
C/C(=C\c1ccc(C(=O)O)cc1)c1ccc2c(c1)C(C)(C)CCC2(C)C,0
c1ccc(CN(CC2=NCCN2)c2ccccc2)cc1,0
CC(C)(C)c1onc(OCP(=O)(O)O)c1C[C@H](N)C(=O)O,0
N[C@H](C(=O)O)C1=C[C@@H](SC[C@H](N)C(=O)O)NO1,0
CN1C(=O)CN=C(c2ccccc2)c2cc(Cl)ccc21,1
CC(C)(C)c1cc(O)c(C(C)(C)C)cc1O,0
C[C@@H]1CN([C@H]2CC[C@](C#N)(c3ccc(F)cc3)CC2)CC[C@]1(C(=O)O)c1ccccc1,0
C[n+]1cc[nH]c1,0
CC(C)(N)Cc1ccccc1,0
CCN(C)C(=O)c1ccc(-c2ccc3c(n2)Oc2ccccc2[C@@H]3C(C)(C)C(=O)Nc2nncs2)cc1F,0
CCN(CC)CCNC(=O)c1c(C)[nH]c(/C=C2\C(=O)Nc3ccc(-c4csc(-c5ccccc5)n4)cc32)c1C,0
Cc1nccn1CC1CCc2c(c3ccccc3n2C)C1=O,1
COc1cc2c(c(OC)c1OC)-c1c(cc3c(c1OC)OCO3)CC(C)C(C)(O)C2,1
Cn1c2ccc3ccccc3c2c2c3ccccc3ccc21,1
COCc1cc(O)cc2c1O[C@@H](c1ccc(O)cc1)[C@H]1CC(F)(F)C[C@@H]21,0
N[C@@H](Cc1cc(N=CCc2ccccc2)c(O)cc1O)C(=O)O,0
O=C(COCC(=O)Nc1c(I)cc(I)c(C(=O)O)c1I)Nc1c(I)cc(I)c(C(=O)O)c1I,1
N#Cc1ccc(N2N=C3c4ccc(C(=O)O)cc4CC[C@@H]3[C@@H]2C2CCCC2)cc1Cl,0
C[C@]12CC[C@H]3[C@@H](CC=C4CC(=O)CC[C@@H]43)[C@@H]1CCC2=O,0
CSc1ccc(C(=O)/C=C/c2cc(C)c(OC(C)(C)C(=O)O)c(C)c2)cc1,1
O=c1[nH]cc(F)c(=O)[nH]1,1
OB(O)c1cc2ccccc2s1,0
C=C1CC[C@@H]2[C@](C)(CO)[C@H](O)CC[C@@]2(C)[C@@H]1C/C=C1/C(=O)OC[C@H]1O,0
OC[C@H]1O[C@@](CO)(O[C@H]2O[C@H](CO)[C@@H](O)[C@H](O)[C@H]2O)[C@@H](O)[C@@H]1O,0
CN(C)C(=O)COc1ccc2c(c1)C[C@@H](NC[C@H](O)c1ccc(O)c(CCO)c1)CC2,0
COc1ccc2c(O[C@@H]3C[C@H]4C(=O)N[C@]5(C(=O)NS(=O)(=O)C6CC6)C[C@H]5/C=C\CCCCN(C)C(=O)[C@@H]4C3)cc(-c3nc(C(C)C)cs3)nc2c1C,1
CC(=O)Oc1ccccc1C(=O)O,1
ClCC1CO1,1
Oc1ccc2c3c1OC1c4[nH]c5c(c4CC4(O)C(C2)N(CC2CC2)CCC314)CC1(O)C2Cc3ccc(O)c4c3C1(CCN2CC1CC1)C5O4,1
CC12CC(c3ccoc3)OC13CC(OC3=O)C1C3CC(CC12)OC3=O,1
COc1ccc2c(c1)CC[C@H](CN(C)CC(=O)O)[C@@H]2c1ccccc1,0
Cc1cc(F)ccc1[C@H]1C[C@@H](N2CCN3C(=O)CC[C@H]3C2)CCN1C(=O)N(C)[C@H](C)c1cc(C(F)(F)F)cc(C(F)(F)F)c1,0
CCC(C=CC1OC(=O)C=CC1C)=CC(C)CC=CC(C)=CC(C)C(=O)C(C)C(O)C(C)CC(C)=CC(=O)O,1
CC(C)OC(=O)N[C@H]1Cc2c(n(Cc3ccccn3)c3ccc(C#N)cc23)C1,0
CCCCCCCCC[C@@H](O)CC(=O)O,0
CCOC(=O)/C=C1\SC(N2CCCCC2)C(=O)N1C,0
C[C@]12C=CC(=O)C=C1CC[C@H]1[C@@H]3CC[C@](O)(C(=O)CO)[C@@]3(C)C[C@H](O)[C@@]12F,0
Cc1cc(CCCCCOc2ccc(C3=NCCO3)cc2Cl)on1,0
CC(C)CC(CN)CC(=O)O,1
CC(C)(C)c1cccc(O)c1O,1
CCOC(=O)/C=C/[C@H](C[C@@H]1CCNC1=O)NC(=O)[C@@H](CC(=O)[C@@H](NC(=O)c1cc(C)on1)C(C)C)Cc1ccc(F)cc1,0
CC(C)=CCN1CCC2(C)c3cc(O)ccc3CC1C2C,0
O=C(O)[C@]1(O)C=Cc2ccccc2O1,0
COc1ccc2nc(NC(=O)Nc3ccccc3)sc2c1,1
CC(C)CCSP(=O)(O)OP(=O)(O)O,0
CC(C)n1nc(-c2ccc3ncccc3c2)c2c(N)ncnc21,0
N#CC1=C(c2cc(Cl)cc(Cl)c2)C(=O)N2CCC[C@]12Cc1ccc(C#N)cc1,0
COC(=O)N[C@H](C(=O)N1CC2(CC2)C[C@H]1c1nc(-c2ccc3c(c2)C(F)(F)c2cc(-c4ccc5[nH]c([C@@H]6[C@H]7CC[C@H](C7)N6C(=O)[C@@H](NC(=O)OC)C(C)C)nc5c4)ccc2-3)c[nH]1)C(C)C,1
N#Cc1cc(NC(=O)N[C@H]2CC[C@H](Oc3ccc(C(F)(F)F)cc3)CC2)cc(C(F)(F)F)c1,0
COc1ccc(NC(=S)N2CCc3c(sc4c3C(c3ccccc3Cl)=NCc3nnc(C)n3-4)C2)cc1,1
CC1CNc2c(cccc2S(=O)(=O)NC(CCCN=C(N)N)C(=O)N2CCC(C)CC2C(=O)O)C1,0
COc1ccc(-c2oc3ncnc(N)c3c2-c2ccc(NC(=O)Nc3cc(C(F)(F)F)ccc3F)cc2)cc1,0
NC[C@H](CC(=O)O)c1ccc(Cl)cc1,0
CNC(=O)OCc1cccc(COC(=O)NC)n1,1
CC(=O)OCC(=O)[C@@]1(OC(C)=O)CC[C@H]2[C@@H]3C[C@@H](F)C4=CC(=O)C(Br)=C[C@]4(C)[C@@]3(F)[C@@H](O)C[C@@]21C,0
CC(C)c1nc(COC(N)=O)n(Cc2ccncc2)c1Sc1cc(Cl)cc(Cl)c1,0
CC[C@@H](C)[C@@H](NS(=O)(=O)Cc1cccc(C(=O)O)c1)C(=O)N[C@@H](CCC(=N)N)C(=O)NCc1ccc(C(=N)N)cc1,0
CC12CCC(C[N+](C)(CCC[N+](C)(C)C)C1)C2(C)C,0
NCCCCC(NC(CCc1ccccc1)C(=O)O)C(=O)N1CCCC1C(=O)O,1
CNCC[C@@H](Oc1ccc(C(F)(F)F)cc1)c1ccccc1,0
CCC1(C)C2OC(=O)C3C(O)C(O)CCC321,1
CC(=O)Nc1ccc(OCC(O)CNC(C)C)cc1,1
Cc1cn([C@@H]2O[C@H](COP(=O)(O)O)[C@@H](O)[C@H]2OCCn2ccnc2)c(=O)[nH]c1=O,0
NC(=O)C1=C(O)[C@@]2(O)C(=O)C3=C(O)c4c(O)cccc4C[C@H]3C[C@H]2CC1=O,0
CC(=O)OC1(C(C)=O)CCC2C3CCC4=CC(=O)CCC4=C3C(c3ccc(N(C)C)cc3)CC21C,1
C1CCOC1,1
CCCCP(=O)(O)CCCN,0
COc1cc2ncnc(Nc3cccc(Cl)c3F)c2cc1OC(=O)N1CCN(C)C[C@H]1C,0
CO[C@@H](C)Cn1c(=O)n(C)c2cnc3ccc(-c4cncc(C(C)(C)O)c4)cc3c21,0
C/C(=C(\CCOC(=O)C(C)C)SS/C(CCOC(=O)C(C)C)=C(/C)N(C=O)Cc1cnc(C)nc1N)N(C=O)Cc1cnc(C)nc1N,0
Cc1cc(C2CC2)nc(Nc2ccccc2)n1,1
CC[C@]1(O)C[C@@H]2CN(CCc3c([nH]c4ccccc34)[C@@](C(=O)OC)(c3cc4c(cc3OC)N(C)[C@H]3[C@@](O)(C(=O)NNC(=O)OCCSSC[C@H](NC(=O)[C@H](CC(=O)O)NC(=O)[C@H](CC(=O)O)NC(=O)[C@H](CCCNC(=N)N)NC(=O)[C@H](CC(=O)O)NC(=O)CC[C@H](NC(=O)c5ccc(NCc6c[nH]c7nc(N)nc(=O)c-7n6)cc5)C(=O)O)C(=O)O)[C@H](O)[C@]5(CC)C=CCN6CC[C@]43[C@@H]65)C2)C1,0
CCN(CC)c1nc(C)cc(OP(=S)(OC)OC)n1,1
COc1cc2c(c3oc4cccc(O)c4c(=O)c13)C1C=COC1O2,1
CCN(CC)C(=O)c1ccccc1C(=O)N(CC)CC,0
Cc1cnc[nH]1,0
CCCCN(CCCCO)N=O,1
CN1CCc2cc(Cl)c(O)cc2[C@H]2c3ccccc3CC[C@@H]21,0
[81Kr],0
Cc1cccc(C)c1NC(=O)CN1CCN(CCCC(c2ccc(F)cc2)c2ccc(F)cc2)CC1,0
CC1(C)CCCC(C)(C)N1[O],1
O=C(O)[C@H]1C[C@@]12C[C@@H](c1ccc(OCc3cc(-c4ccccc4)nc4ccccc34)cc1)NC2=O,0
CC(=O)NC[C@H]1CN(c2ccc(-c3ccc(CNCc4cn[nH]n4)cc3)c(F)c2)C(=O)O1,0
Cc1ccccc1OCC(O)COC(N)=O,0
Cc1cc([C@H]2C[C@H](O)[C@@H](COP(=O)(O)O)O2)c(F)cc1F,0
CCCCCCCC(=O)NC(CN1CCCC1)C(O)c1ccc2c(c1)OCCO2,0
C[C@@H]1CCC[C@H](C)N1CCCC(O)(c1ccccc1)c1ccccn1,0
O=P(O)(O)C(O)(Cc1cnc2ccccn12)P(=O)(O)O,0
CCCC[C@H](C)C[C@H](O)/C=C/[C@H]1[C@H](O)CC(=O)[C@@H]1CCCC/C=C/C(=O)O,0
Nc1c(I)cc(I)c(C(=O)N(CCC(=O)O)c2ccccc2)c1I,0
O=[N+]([O-])c1ncc[nH]1,1
COC(=O)Nc1nc2ccc(Sc3ccc(NC(=O)[C@H](C)N)cc3)cc2[nH]1,0
COC(=O)C=Cc1ccc(O)c(O)c1,1
C1CCC2(C1)[C@H]1CN(CC3CC3)C[C@@H]2CN(CC2CC2)C1,0
CC(C)(C)NC(=O)[C@@H]1CCCCN1,0
Nc1ccn(C2OC(CO)C(O)C2(F)F)c(=O)n1,1
O=C(Nc1cccc(S(=O)(=O)N2CCN(c3ccccn3)CC2)c1)Nc1nccs1,0
Nc1ncc(C(=O)c2cccc(Br)c2)o1,0
C=C[C@]1(O)CC[C@H]2[C@@H]3CCC4=CC(=O)CC[C@@H]4[C@H]3CC[C@@]21C,0
Clc1ccc2c(c1)CCc1cccnc1C2=C1CCNCC1,1
NC(N)=Nc1nc(-c2ccc(CNc3nc4ccccc4[nH]3)s2)cs1,0
Cc1cc(CCCOc2c(C)cc(-c3nnn(C)n3)cc2C)on1,0
CCN(CC)CCCOC(=O)C1(c2ccccc2)CC2CCC1C2,0
CC[Si](C)(C)C,0
N=C(N)CCCC[C@@H](C=O)[C@H]1CCC[C@@H]1O,0
NCCOCC[C@H](N)C(=O)O,0
CC1(C)N=C(N)N=C(N)N1c1ccc(Cl)cc1,0
CCCOc1ccc2c(c1)c1c3c(c4c5ccccc5n5c4c1n2C1CC(O)(C(=O)OC)C5(C)O1)CNC3=O,1
NCCBr,1
O=C(CP(=O)(O)O)NO,0
OC1O[C@H](F)[C@@H](O)[C@H](O)[C@H]1O,0
O=C(NCCN1CCCCC1)c1cc2c(o1)C(=O)c1ccccc1C2=O,0
N=C(N)c1ccc2nc(-c3ccccc3O)[nH]c2c1,0
CSCC[C@H](NC(=O)[C@H](Cc1ccc(OS(=O)(=O)O)cc1)NC(=O)[C@@H](N)CC(=O)O)C(=O)NCC(=O)N[C@@H](Cc1c[nH]c2ccccc12)C(=O)N[C@@H](CCSC)C(=O)N[C@@H](CC(=O)O)C(=O)N[C@@H](Cc1ccccc1)C(N)=O,0
C=Cc1c(/C=C2\NC(=O)C(CCC(=O)O)=C2C)[nH]c(/C=c2\[nH]/c(=C/C3=NC(=O)C(CCC(=O)O)=C3C)c(C)c2C=C)c1C,0
CCCCCCOc1c(OC)cc(NC(C)CCCN)c2nccc(C)c12,1
C[C@H]1[C@H](C)CC[C@]2(C(=O)O)CC[C@]3(C)C(=CC[C@@H]4[C@@]5(C)C[C@@H](O)[C@H](O)[C@@](C)(CO)[C@@H]5CC[C@]43C)[C@H]12,0
Nc1ncnc2c1ncn2[C@@H]1O[C@H](COP(=O)(O)OP(=O)(O)OP(=O)(O)O)C[C@H]1O,0
CC(=O)N[C@H]1[C@H](Oc2ccc3c(C)cc(=O)oc3c2)O[C@H](CO)[C@@H](O[C@@H]2O[C@H](CO)[C@@H](O)[C@H](O)[C@H]2NC(C)=O)[C@@H]1O,0
O=P(O)(O)O[C@@H]1[C@H](O)[C@H](O)[C@@H](OP(=O)(O)O)[C@H](OP(=O)(O)O)[C@H]1O,0
CC1(C)C(/C=C/C=C/C=C/C=C2\N(CCCCS(=O)(=O)O)c3ccc4ccccc4c3C2(C)C)=[N+](CCCCS(=O)(=O)[O-])c2ccc3ccccc3c21,0
CO[C@H]1C[C@@H]2CC[C@@H](C)[C@@](O)(O2)C(=O)C(=O)N2CCCC[C@H]2C(=O)O[C@H]([C@H](C)C[C@@H]2CC[C@@H](O)[C@H](OC)C2)CC(=O)[C@H](C)/C=C(/C)[C@@H](O)[C@@H](OC)C(=O)[C@H](C)C[C@H](C)[C@@H]2CC[C@H](C=C1C)ON2c1ccccc1,0
c1ccc2c(c1)CCCC2C1=NCCN1,0
O=c1cc(-c2ccccc2)oc2cc(O)c(O)c(O)c12,1
NS(=O)(=O)c1cc(C(=O)NN2C[C@@H]3[C@@H]4CC[C@@H](C4)[C@@H]3C2)ccc1Cl,0
N[C@@H](CSCc1ccc(Br)cc1)C(=O)O,0
C=CCCCCP(=O)(O)OC[C@@H]1COC(C)(C)O1,0
O=C(Cc1ccc(N2CCCCC2)cc1)Nc1n[nH]c2ccc(N3CCCS3(=O)=O)cc12,0
Cc1ncsc1CCOP(=O)(O)O,0
CC(C)[C@H]1CC[C@H](C)C[C@@H]1O,0
CN(C)C(=O)CCCOC(=O)C(C)(C)Oc1ccc(Cl)cc1,1
CC1C(OS(=O)(=O)O)CC2CC(C(O)c3cc(=O)[nH]c(=O)[nH]3)NC3=NCC1N32,1
Oc1cc2c(cc1O)[C@@H]1c3ccccc3CN[C@H]1CC2,0
Cc1nc2c([nH]1)-c1ccccc1N(C(=O)c1ccc(NC(=O)c3ccccc3-c3ccccc3)cc1)CC2,0
CCN(CCCc1ccccc1)CCCc1ccccc1,1
O=C1C[C@H]2CC[C@@H]1C2,0
C[N+](C)(C)c1cccc(C(O)(O)C(F)(F)F)c1,0
NC[C@@H]1CCCN1,0
O=Cc1ccccc1,1
C[n+]1cccc(C(N)=O)c1,0
CC(=O)Oc1ccc2c(C)cc(=O)oc2c1,1
CC(C)c1c(C(=O)Nc2ccccc2)c(-c2ccccc2)c(-c2ccc(F)cc2)n1CCC(O)CC(O)CC(=O)O,1
COC(=O)c1nc2cc(Cl)c3cccnc3c2o1,1
CCN1CCC[C@H]1CNC(=O)c1cc(S(N)(=O)=O)ccc1OC,0
COc1nc(C)nc(Cl)c1NC1=NCCN1,0
CSCC[C@@H](NC(=O)CCC(=O)O)C(=O)O,0
CCCC(=O)C1=C(O)C(Cc2c(OC)cc(O)c(C(=O)CCC)c2O)=C(O)C(C)(C)C1=O,0
O=S(=O)(O)c1ccc2ccccc2c1,0
c1ccc(C(c2ccccc2)N2CCN(Cc3ccc4c(c3)OCO4)CC2)cc1,0
CC(C)[C@H](CO)Nc1nc(Nc2ccc(C(=O)O)c(Cl)c2)c2ncn(C(C)C)c2n1,0
CN(C)C[C@H](O)COc1ccc(Nc2cc(Nc3c(F)cccc3F)ncn2)cc1,0
C[C@@H]1COc2c(N3CCN(C)CC3)c(F)cc3c(=O)c(C(=O)O)cn1c23,0
N=C(N)c1ccc(O[C@H]2CO[C@H]3[C@@H]2OC[C@H]3Oc2ccc(C(=N)N)cc2)cc1,0
Cc1cc(N)c(N)cc1C,0
CCN(CC)CCOc1ccc2c(c1)C(=O)c1cc(OCCN(CC)CC)ccc1-2,1
C[C@H](NCc1ccc(OCc2ccccc2F)cc1)C(N)=O,0
Cc1ccc2c(c1)N=C1N(c3ccccc3)CC[C@@]1(O)C2=O,0
Nc1nc(N)c2nc(-c3ccccc3)c(N)nc2n1,1
COC(=O)N[C@H](C(=O)N1CCC[C@H]1C(=O)Nc1ccc([C@@H]2CC[C@@H](c3ccc(NC(=O)[C@@H]4CCCN4C(=O)[C@@H](NC(=O)OC)C(C)C)cc3)N2c2ccc(C(C)(C)C)cc2)cc1)C(C)C,1
CC(C)Nc1cc(NC2CCC(N)CC2)nc2c(C#N)cnn12,0
CCn1c(=O)c2c(nc(C=Cc3ccc(OC)c(OC)c3)n2C)n(CC)c1=O,0
N[C@@H](CS[As](=O)(O)O)C(=O)O,0
NC(Cc1cc(I)c(Oc2cc(I)c(O)c(I)c2)c(I)c1)C(=O)O,1
OC1CCC(Nc2ncc3nc(Nc4c(F)cc(F)cc4F)n([C@H]4CCOC4)c3n2)CC1,0
CC1=C(Br)C(=O)C(C(C)C)=C(Br)C1=O,0
NCCOP(=O)(O)O,0
O=[N+]([O-])c1cccc2c(Br)[nH]nc12,0
CCCc1c(Cn2ccnc2-c2ncccc2F)ncn2nc(C)nc12,0
O=c1oc2ccccc2c(O)c1C(CC(O)c1ccc(-c2ccc(Br)cc2)cc1)c1ccccc1,1
O=C(O)[C@H]1O[C@@H](O)[C@H](O)[C@@H](O)[C@H]1O,0
C=CC[N@@+]12CC[C@@]34c5ccccc5N5C=C6[C@H]7C[C@H]8[C@@]9(CC[N@@+]8(CC=C)C/C7=C/CO)c7ccccc7N(C=C([C@@H](C[C@@H]31)/C(=C\CO)C2)[C@H]54)[C@@H]69,0
CC(C)(c1cc(Br)c(O)c(Br)c1)c1cc(Br)c(O)c(Br)c1,1
O=C(O)c1ccc(-c2ccc3cc(O)ccc3n2)c(Cl)c1,0
CCN(C)C(=O)Oc1cccc(C(C)N(C)C)c1,1
Nc1nc(N)nc(-c2cc(Cl)ccc2Cl)n1,0
CC(C)C[C@H](NC(=S)Nc1ccccc1)C(=O)N[C@@H]1CO[C@H](O)C1,0
Cc1cc(Oc2ncccc2C(F)(F)F)ccc1-c1c(C)c(=O)[nH]c(=O)n1C,0
C[C@H](C(=O)N=C1C=C(C2CC2)N=N1)c1ccc(N2CCNC2=O)cc1,0
C[C@H](C[C@@H]1CCCCN1C)C[C@@H](C)c1ccccc1,0
NS(=O)(=O)c1ccc(Cl)c(S(N)(=O)=O)c1,0
CO[C@H]1[C@H](O)[C@H](O)[C@H](C)O[C@H]1O,0
O=C(O)C[C@H](C(=O)O)C(=O)C(=O)O,0
CC(C)(N)C(=O)O,0
CC(=O)Nc1ccc(OC[C@](C)(O)C(=O)Nc2ccc([N+](=O)[O-])c(C(F)(F)F)c2)cc1,0
CCC(=O)N(c1ccccc1)C1(C(=O)OC)CCN(CCC(=O)OC)CC1,1
CCN(CC)CCOC(=O)C1(C2CCCCC2)CCCCC1,0
NNc1ccccc1,1
N#Cc1ccc(COc2ccc3cc(S(=O)(=O)N[C@H](CCC(=O)O)C(=O)O)ccc3c2)cc1,0
CN1CCN=C(c2ccccc2)c2cc(Cl)ccc21,0
[N-]=[N+]=NC[C@H](O)c1ccc([N+](=O)[O-])cc1,0
COc1ccc(/C(C)=N/OC(N)=O)cc1OC1CCCC1,0
CC(CCc1ccc(O)cc1)NCCc1ccc(O)c(O)c1,0
Cc1ccccc1-c1cc2cc(C(=N)N)ccc2[nH]1,0
O=c1[nH]c(=S)[nH]c(-c2ccccc2)c1Cc1c(O)ccc2ccccc12,0
C[C@H](NC(=O)OCc1ccccc1)C(=O)N1CCC[C@H]1C(=O)O,0
CC(=O)N[C@@H]1[C@@H](O)[C@H](O[C@@H]2O[C@H](CO)[C@@H](O)[C@H](O)[C@H]2NC(C)=O)[C@@H](CO)O[C@H]1O,0
O=C1[C@@H]2C3CCC(CC3)[C@@H]2C(=O)N1c1ccc([N+](=O)[O-])c2ccccc12,0
CC(Cc1ccccc1)N=CC(Cl)(Cl)Cl,0
C[C@]12C=CC(=O)C=C1CC[C@@H]1[C@@H]2C(=O)C[C@@]2(C)[C@H]1CC[C@]2(O)C(=O)CO,0
Cc1ccc(S(=O)(=O)NC(=O)NN2CC3CCCC3C2)cc1,1
[111In],0
CN(C)CC[C@@H](c1ccc(Br)cc1)c1ccccn1,0
C=CCCCCCCCCC(=O)O,0
c12c3c4c5c1c1c6c7c2c2c8c3c3c9c4c4c%10c5c5c1c1c6c6c%11c7c2c2c7c8c3c3c8c9c4c4c9c%10c5c5c1c1c6c6c%11c2c2c7c3c3c8c4c4c9c5c1c1c6c2c3c41,1
CC(C)[C@H](NC(=O)OCc1ccccc1)C(=O)N[C@@H](C)C(=O)N[C@@H](CC(=O)O)C(=O)CF,0
Cn1c(=O)c2c(ncn2CCNCC(O)c2ccc(O)c(O)c2)n(C)c1=O,0
CO[C@@H]1[C@@H](OC(=O)c2ccc(C)[nH]2)[C@@H](O)[C@H](Oc2ccc3c(O)c(NC(=O)c4ccc(O)c(CC=C(C)C)c4)c(=O)oc3c2Cl)OC1(C)C,0
CCCCCCCCCCCCCCCC(=O)NC(CCC(=O)NCCCCC(NC(=O)C(C)NC(=O)C(C)NC(=O)C(CCC(N)=O)NC(=O)CNC(=O)C(CCC(=O)O)NC(=O)C(CC(C)C)NC(=O)C(Cc1ccc(O)cc1)NC(=O)C(CO)NC(=O)C(CO)NC(=O)C(NC(=O)C(CC(=O)O)NC(=O)C(CO)NC(=O)C(NC(=O)C(Cc1ccccc1)NC(=O)C(NC(=O)CNC(=O)C(CCC(=O)O)NC(=O)C(C)NC(=O)C(N)Cc1cnc[nH]1)C(C)O)C(C)O)C(C)C)C(=O)NC(CCC(=O)O)C(=O)NC(Cc1ccccc1)C(=O)NC(C(=O)NC(C)C(=O)NC(Cc1c[nH]c2ccccc12)C(=O)NC(CC(C)C)C(=O)NC(C(=O)NC(CCCNC(=N)N)C(=O)NCC(=O)NC(CCCNC(=N)N)C(=O)NCC(=O)O)C(C)C)C(C)CC)C(=O)O,1
CCCCCCCCCCCCCCCCCCOC[C@@H](O)COP(=O)(O)OCC[N+](C)(C)C,0
CCN=C1NC(=O)C(c2ccccc2)O1,0
C=CCN(C(=O)c1cc(Cl)cc(OCCCON=C(N)N)c1)C1CCCC1,0
N/C(CN(Cc1ccccc1)c1ccccc1)=N\O,0
CC(=O)N[C@@H](Cc1ccc(Oc2cc([N+](=O)[O-])c(O)c([N+](=O)[O-])c2)cc1)C(=O)O,0
Nc1ncnc2c1nc(Br)n2C1OC2COP(=O)(O)OC2C1O,1
CS(=O)(=O)OC[C@@H](OS(C)(=O)=O)[C@@H](O)[C@H](O)[C@@H](COS(C)(=O)=O)OS(C)(=O)=O,0
CC(C)CO,1
Cc1cn([C@H]2C[C@H](O)[C@@H](COP(=O)(O)OP(=O)(O)OP(=O)(O)OP(=O)(O)OP(=O)(O)OC[C@H]3O[C@@H](n4cnc5c(N)ncnc54)[C@H](O)[C@@H]3O)O2)c(=O)[nH]c1=O,0
CCC(C)(C)C(=O)OC1CC(C)C=C2C=CC(C)C(CCC3CC(O)CC(=O)O3)C21,1
Cn1c(CCCC(=O)O)nc2cc(N(CCCl)CCCl)ccc21,0
COCCOC[C@H](CC1(C(=O)NC2CCC(C(=O)O)CC2)CCCC1)C(=O)O,0
NCCCC[C@H](NC(=O)[C@@H](N)CSCC(=O)O)C(=O)O,0
C#Cc1cccc(Nc2ncnc3cc(OC)c(OCCCCCCC(=O)NO)cc23)c1,0
C[C@]12CC[C@@H]3c4ccc(O)cc4CC[C@H]3[C@@H]1C[C@@H](O)[C@@H]2O,0
CN[C@H]1CCc2cc(OC)c(OC)c(OC)c2-c2ccc(OC)c(=O)cc21,0
COC(=O)c1c(C)cc(Oc2cc(C)cc(O)c2O)cc1O,0
c1cnc(NCc2ccc(CNc3ncccn3)cc2)nc1,0
OCC1COC(CI)O1,0
COC[C@H]1O[C@H]2[C@H](n3ccc(=O)[nH]c3=O)O[C@]1(COP(O)(=S)O[C@H]1[C@H]3O[C@H](COC)[C@]1(COP(O)(=S)OC[C@H]1O[C@@H](n4cnc5c(N)ncnc54)[C@H](O)[C@@H]1OP(O)(=S)OC[C@H]1O[C@@H](n4cc(C)c(=O)[nH]c4=O)[C@H](O)[C@@H]1OP(O)(=S)OC[C@H]1O[C@@H](n4cnc5c(=O)[nH]c(N)nc54)[C@H](O)[C@@H]1OP(O)(=S)OC[C@H]1O[C@@H](n4cnc5c(=O)[nH]c(N)nc54)[C@H](O)[C@@H]1OP(O)(=S)OC[C@H]1O[C@@H](n4ccc(N)nc4=O)[C@H](O)[C@@H]1OP(O)(=S)OC[C@H]1O[C@@H](n4cc(C)c(=O)[nH]c4=O)[C@H](O)[C@@H]1OP(O)(=S)OC[C@H]1O[C@@H](n4cnc5c(=O)[nH]c(N)nc54)[C@H](O)[C@@H]1OP(O)(=S)OC[C@H]1O[C@@H](n4ccc(N)nc4=O)[C@H](O)[C@@H]1OP(O)(=S)OC[C@H]1O[C@@H](n4cnc5c(N)ncnc54)[C@H](O)[C@@H]1OP(O)(=S)OC[C@H]1O[C@@H](n4cnc5c(=O)[nH]c(N)nc54)[C@H](O)[C@@H]1OP(O)(=S)OC[C@]14O[C@@H](n5ccc(N)nc5=O)[C@H](O[C@@H]1COC)[C@@H]4OP(O)(=S)OC[C@]14O[C@@H](n5ccc(=O)[nH]c5=O)[C@H](O[C@@H]1COC)[C@@H]4O)O[C@H]3n1ccc(N)nc1=O)[C@H]2O,0
COc1ccc(S(=O)(=O)NCC2CC2)cc1Nc1ncc(-c2cccc(-c3cccnc3)c2)o1,0
O=c1[nH]c2cccc(N3CCN(Cc4cccc(-c5ccccc5)c4)CC3)c2o1,0
Cn1c2cccc(=O)c-2nc2ccccc21,1
O[C@@H]1[C@@H](O)[C@@H](O)OC[C@H]1O,0
CC(=O)N[C@@H](Cc1ccc(OCC(=O)O)c(P(=O)(O)O)c1)C(=O)N[C@H]1CCCCN(Cc2ccc(-c3ccccc3)cc2)C1=O,0
CCCCC1(CCCC)CN(c2ccccc2)c2cc(SC)c(OCC(=O)N[C@@H](C(=O)NCC(=O)O)c3ccccc3)cc2S(=O)(=O)C1,0
CC1CCC(C(C)C)C(OC(=O)C[N+](C)(C)CCCCCCCCCC[N+](C)(C)CC(=O)OC2CC(C)CCC2C(C)C)C1,0
Cc1cc(N=Nc2ccccc2C(=O)O)ccc1O,0
CC(C)=CC1C(C(=O)OCN2C(=O)C3=C(CCCC3)C2=O)C1(C)C,1
C#CC1(O)CCC2C3C(C)CC4=C(CCC(=O)C4)C3CCC21C,1
CC12CCC3C(=CCc4cc(O)ccc43)C1CCC2=O,1
S=C1NCCN1,1
CC(C)(COP(=O)(O)OP(=O)(O)OC[C@H]1O[C@@H](n2cnc3c(N)ncnc32)[C@H](O)[C@@H]1OP(=O)(O)O)[C@@H](O)C(=O)NCCC(=O)NCCSC(=O)CC(=O)O,0
Clc1cccc(C(Cl)(Cl)Cl)n1,1
CN[C@H](CC(C)C)C(=O)N[C@H]1C(=O)N[C@@H](CC(N)=O)C(=O)N[C@H]2C(=O)N[C@H]3C(=O)N[C@H](C(=O)N[C@H](C(=O)O)c4cc(O)cc(O)c4-c4cc3ccc4O)[C@H](O[C@H]3C[C@](C)(N)[C@@H](O)[C@H](C)O3)c3ccc(c(Cl)c3)Oc3cc2cc(c3O[C@@H]2O[C@H](CO)[C@@H](O)[C@H](O)[C@H]2O[C@H]2C[C@](C)(N)[C@@H](O)[C@H](C)O2)Oc2ccc(cc2Cl)[C@H]1O,0
Cc1ccc(S(=O)(=O)NC(CCCCN)C(=O)CCl)cc1,1
Oc1ccc2ccc3c4ccccc4cc4ccc1c2c43,1
CO[C@H]1CC2=CC(=O)O[C@@H]([C@H](C)[C@@H](OC)C[C@H](OC)/C=C/[C@H](C)[C@@H](O)C[C@@H](OC)/C=C/[C@H](C)[C@@H]([C@@H](C)[C@@H](OC)[C@@H](C)CCC(=O)[C@H](C)[C@@H](C/C=C/N(C)C=O)OC)OC(=O)/C=C/C=C(/C)C1)[C@H]2O,0
C[C@]12CC[C@H]3[C@@H](CCC4=CC(=O)CC[C@@]43C)[C@@H]1CC[C@@H]2OC(=O)CCC1CCCC1,0
CC(=O)Nc1nccc(-c2c(C)nc3ccccn23)n1,0
O=C(O)c1cccnc1Nc1ccc(Cl)cc1,0
NC(=O)c1c[n+]([C@@H]2O[C@H](COP(=O)(O)OP(=O)(O)OC[C@H]3O[C@@H](n4cnc5c(N)ncnc54)[C@H](O)[C@@H]3O)[C@@H](O)[C@H]2O)ccc1[C@H](O)C(=O)C[C@H](N)C(=O)O,0
N=C=N,0
CC12CCC3C4CCC(=O)C=C4CCC3C1CCC2OC(=O)CCc1ccccc1,1
CC1=CC2OC3C(O)C(O)C(C)(C34CO4)C2(CO)C(O)C1=O,1
C[C@H](CCc1ccc(O)cc1)NC(=O)Cc1c(-c2ccccc2)[nH]c2ccccc12,0
O=C1C=CC2=C3c4cc(O)c(O)cc4CC3(O)COC2=C1,1
O=C(NOC[C@H](O)CO)c1ccc(F)c(F)c1Nc1ccc(I)cc1Cl,0
O=C(C[S+]([O-])Cc1ccco1)NC/C=C\COc1cc(CN2CCCCC2)ccn1,0
O=C(c1ccc(O)cc1O)c1ccc(O)cc1O,1
C[C@@](N)(C(=O)O)c1ccc(C(=O)O)cc1,0
O=C(O)[C@@H]1C[C@H](O)[C@@H](O)[C@H](O)O1,0
CC1OC(OC2C(Oc3cc(O)c4c(c3)OC(c3ccc(O)cc3)CC4=O)OC(CO)C(O)C2O)C(O)C(O)C1O,1
CN(C)Cc1nnc2n1-c1ccc(Cl)cc1C(c1ccccc1)=NC2,0
Cc1cccc(Nc2ccccc2C(=O)O)c1C,1
C[75Se]C[C@@H]1C[C@@H]2[C@H](CC[C@]3(C)[C@@H]([C@H](C)CCCC(C)C)CC[C@@H]23)C2=C1C[C@@H](O)CC2,0
C[C@H](Cc1ccccc1O)C(=O)O,0
CC(=O)N(CC(O)CO)c1c(I)c(C(=O)NCCO)c(I)c(C(=O)NCC(O)CO)c1I,0
CO[C@H]1O[C@H](COS(=O)(=O)O)[C@@H](O[C@@H]2O[C@@H](C(=O)O)[C@@H](O[C@H]3O[C@H](COS(=O)(=O)O)[C@@H](O[C@@H]4O[C@H](C(=O)O)[C@@H](O[C@H]5O[C@H](COS(=O)(=O)O)[C@@H](O)[C@H](O)[C@H]5NS(=O)(=O)O)[C@H](O)[C@H]4O)[C@H](OS(=O)(=O)O)[C@H]3NS(=O)(=O)O)[C@H](O)[C@H]2OS(=O)(=O)O)[C@H](O)[C@H]1NS(=O)(=O)O,1
N=C(NO)NN=Cc1c(Cl)cccc1Cl,0
C/C=C(C)/C=C/C1=C(C)CCCC1(C)C,0
CN1CCN(C(c2ccccc2)c2ccccc2)CC1,0
CCC(C)C(NC(=O)C(CCC(=O)O)NC(=O)C(CCC(=O)O)NC(=O)C(Cc1ccccc1)NC(=O)C(CC(=O)O)NC(=O)CNC(=O)C(CC(N)=O)NC(=O)CNC(=O)CNC(=O)CNC(=O)CNC(=O)C1CCCN1C(=O)C(CCCNC(=N)N)NC(=O)C1CCCN1C(=O)C(N)Cc1ccccc1)C(=O)N1CCCC1C(=O)NC(CCC(=O)O)C(=O)NC(CCC(=O)O)C(=O)NC(Cc1ccc(O)cc1)C(=O)NC(CC(C)C)C(=O)O,0
c1cc[n+]2c(c1)-c1cccc[n+]1CC2,1
Brc1cccc(-c2cc(-c3ccc4c(c3)OCO4)[nH]n2)c1,0
CCCCCCCCCCS,0
C[Hg]SC[C@@H](N)C(=O)O,0
CC(=O)c1c(C)c2cnc(Nc3ccc(N4CCNCC4)cn3)nc2n(C2CCCC2)c1=O,1
C=CCSCC(=O)N[C@@H]1C(=O)N2[C@@H]1SC(C)(C)[C@@H]2C(=O)O,0
c1ccc([I+]c2ccccc2)cc1,1
NC1CCSC1=O,1
COc1ccc(N2C[C@H](O)c3cc(S(N)(=O)=O)sc3S2(=O)=O)cc1,0
Nc1ncc2c(ncn2[C@H]2O[C@H](COP(=O)(O)O)[C@@H](O)[C@H]2O)n1,0
COC1=C(C(C)C)C(=O)[C@]23O[C@@]2(C1=O)[C@@]1(C)CC[C@H](O)C(C)(C)[C@@H]1CC3=O,0
COCCOC[C@H](CC1(C(=O)NC2CCC(C(=O)O)CC2)CCCC1)C(=O)Oc1ccc2c(c1)CCC2,0
COc1cc2c3cc1Oc1cc(ccc1O)C[C@@H]1c4c(cc(OC)c(O)c4Oc4ccc(cc4)C[C@@H]3N(C)CC2)CC[N+]1(C)C,0
CC(C)C[C@H](NC(=O)CNC(=O)[C@H](CCC(N)=O)NC(=O)[C@H](CC(C)C)NC(=O)[C@H](CC(C)C)NC(=O)[C@H](CCCNC(=N)N)NC(=O)[C@H](CCC(N)=O)NC(=O)[C@H](CC(C)C)NC(=O)[C@H](CCCNC(=N)N)NC(=O)[C@H](C)NC(=O)[C@H](CO)NC(=O)[C@H](CC(=O)O)NC(=O)[C@H](CCCNC(=N)N)NC(=O)[C@H](CC(C)C)NC(=O)[C@H](CCCNC(=N)N)NC(=O)[C@H](CO)NC(=O)[C@H](CC(C)C)NC(=O)[C@H](CCC(=O)O)NC(=O)[C@H](CO)NC(=O)[C@@H](NC(=O)[C@H](Cc1ccccc1)NC(=O)[C@@H](NC(=O)CNC(=O)[C@H](CC(=O)O)NC(=O)[C@H](CO)NC(=O)[C@@H](N)Cc1c[nH]cn1)[C@@H](C)O)[C@@H](C)O)C(=O)N[C@H](C(N)=O)C(C)C,0
CC/C=C/CC(=O)N[C@@H](Cc1ccc(O)cc1)C(=O)N[C@@H](C)C(=O)N[C@@H](CC(=O)O)C(=O)N[C@@H](C)C(=O)N[C@H](C(=O)N[C@@H](Cc1ccccc1)C(=O)N[C@H](C(=O)N[C@@H](CC(N)=O)C(=O)N[C@@H](CO)C(=O)N[C@@H](Cc1ccc(O)cc1)C(=O)N[C@@H](CCCNC(=N)N)C(=O)N[C@@H](CCCCN)C(=O)N[C@H](C(=O)N[C@@H](CC(C)C)C(=O)NCC(=O)N[C@@H](CCC(N)=O)C(=O)N[C@@H](CC(C)C)C(=O)N[C@@H](CO)C(=O)N[C@@H](C)C(=O)N[C@@H](CCCNC(=N)N)C(=O)N[C@@H](CCCCN)C(=O)N[C@@H](CC(C)C)C(=O)N[C@@H](CC(C)C)C(=O)N[C@@H](CCC(N)=O)C(=O)N[C@@H](CC(=O)O)C(=O)N[C@H](C(=O)N[C@@H](CCSC)C(=O)N[C@@H](CO)C(=O)N[C@@H](CCCNC(=N)N)C(=O)N[C@@H](CCC(N)=O)C(=O)N[C@@H](CCC(N)=O)C(=O)NCC(=O)N[C@@H](CCC(N)=O)C(=O)N[C@@H](CO)C(=O)N[C@@H](CC(N)=O)C(=O)N[C@@H](CCC(N)=O)C(=O)N[C@@H](CCCNC(=N)N)C(=O)NCC(=O)N[C@@H](C)C(=O)N[C@@H](CCCNC(=N)N)C(=O)N[C@@H](C)C(=O)N[C@@H](CCCNC(=N)N)C(=O)N[C@@H](CC(C)C)C(N)=O)C(C)CC)C(C)C)C(C)O)C(C)CC,0
CC[C@H](C)[C@H](NC(=O)[C@H](CC(=O)O)NC(=O)[C@H](CC(C)C)NC(=O)[C@H](CC(C)C)NC(=O)[C@H](CCCCN)NC(=O)[C@H](CCCNC(=N)N)NC(=O)[C@H](CC(N)=O)NC(=O)[C@H](CO)NC(=O)[C@H](Cc1c[nH]cn1)NC(=O)[C@H](C)NC(=O)[C@H](CCC(N)=O)NC(=O)[C@H](CCC(N)=O)NC(=O)[C@H](C)NC(=O)[C@H](CC(C)C)NC(=O)[C@H](CCC(N)=O)NC(=O)[C@H](CC(=O)O)NC(=O)[C@H](C)NC(=O)[C@H](CCCCN)NC(=O)[C@@H](NC(=O)[C@H](CCSC)NC(=O)[C@H](CCC(=O)O)NC(=O)[C@H](CC(C)C)NC(=O)[C@@H](NC(=O)[C@H](CCC(=O)O)NC(=O)[C@H](CCCNC(=N)N)NC(=O)[C@H](CC(C)C)NC(=O)[C@H](CC(C)C)NC(=O)[C@H](Cc1c[nH]cn1)NC(=O)[C@H](Cc1ccccc1)NC(=O)[C@@H](NC(=O)[C@H](CC(C)C)NC(=O)[C@H](CC(=O)O)NC(=O)[C@H](CC(C)C)NC(=O)[C@H](CO)NC(=O)[C@@H](NC(=O)[C@@H]1CCCN1C(=O)[C@@H]1CCCN1C(=O)[C@H](CCC(=O)O)NC(=O)[C@H](CCC(N)=O)NC(=O)[C@@H](N)CO)[C@@H](C)CC)[C@@H](C)O)C(C)C)[C@@H](C)O)C(=O)N[C@@H](C)C(N)=O,0
COC(=O)C1=C(C)NC(C)=C(C(=O)OCCN(C)Cc2ccccc2)[C@H]1c1cccc([N+](=O)[O-])c1,0
Cc1c(Cl)cccc1NC(=O)[C@H]1CC(=O)N(C2CCCCC2)C1,0
COC(=O)c1cc(O)c(O)c(O)c1,1
O=P(O)(O)O[C@H]1O[C@H](CO)[C@@H](O)[C@H]1O,0
C[C@H]1O[C@@H](O[C@H]2[C@@H](O)C[C@H](O[C@H]3[C@@H](O)C[C@H](O[C@H]4CC[C@@]5(C)[C@H](CC[C@@H]6[C@@H]5C[C@@H](O)[C@]5(C)[C@@H](C7=CC(=O)OC7)CC[C@]65O)C4)O[C@@H]3C)O[C@@H]2C)C[C@H](O)[C@@H]1O,0
CC(C)[C@]12O[C@H]1[C@@H]1O[C@]13[C@]1(O[C@H]1C[C@@]1(O)C4=C(CC[C@]31C)C(=O)OC4)[C@@H]2O,0
O=C(O)CNC(=O)c1ccccc1[123I],0
CC[C@H]1CN2CC[C@H]1C[C@@H]2[C@@H](O)c1ccnc2ccc(OC)cc12,0
Cc1c(Nc2ncccc2C(=O)O)cccc1C(F)(F)F,0
Clc1nc(Cl)nc(Cl)n1,1
Cc1ccc([C@@H]2C[C@]3(ON2)O[C@H](CO)[C@@H](O)[C@H](O)[C@H]3O)cc1,0
CCCS(=O)(=O)N1CCN(Cc2ccc(NC(=O)c3ccc(-c4cc(NC(=O)C5CC5)ccc4OC(F)(F)F)cc3)cc2)CC1,0
O=[N+]([O-])OC1COC2C(O[N+](=O)[O-])COC12,0
CN[C@@H](C)C(=O)N[C@H](C(=O)N1CCC[C@H]1c1nc(C(=O)c2ccc(F)cc2)cs1)C1CCCCC1,0
NCCCC[C@H](NC(=O)[C@H](Cc1cnc[nH]1)NC(=O)CN)C(=O)O,0
O=C(C[C@H](CSc1ccccc1)C(=O)O)c1ccc(-c2ccc(Cl)cc2)cc1,0
O=C(C=Cc1ccc(O)cc1)CC(=O)C=Cc1ccc(O)cc1,1
CN1CCN2c3ccccc3Cn3cccc3C2C1,0
NC(CCC(=O)NC(CSN=O)C(=O)NCC(=O)O)C(=O)O,1
O=C(NC(=S)Nc1nc2ccc(Br)cc2s1)c1ccccc1Cl,0
CCOC/C=C/c1ccc(-c2nc(-c3ccc(NC(C)C)cc3)c(-c3ccc(NC(C)C)cc3)[nH]2)cc1,0
CC1=CC[C@]2(CO)CO[C@H](c3ccc(O)cc3)[C@H]1C2,0
NC(N)=Nc1nc(CSCCC(N)=NS(N)(=O)=O)cs1,1
CSCC[C@@H]1NC(=O)[C@H](CCC(N)=O)NC(=O)[C@H](Cc2cnc[nH]2)NC(=O)[C@H](CC(=O)O)NC(=O)[C@H]([C@@H](C)O)NC(=O)[C@H]([C@@H](C)O)NC(=O)[C@H](Cc2ccccc2)NC(=O)[C@@H]2CSSC[C@@H]3NC(=O)[C@H](CCCCN)NC(=O)CNC(=O)[C@H](CCCNC(=N)N)NC(=O)CNC(=O)[C@H](CCCCN)NC(=O)CNC(=O)CNC(=O)[C@@H]4CSSC[C@H](NC(=O)[C@H](CCC(N)=O)NC(=O)[C@@H]5CCCN5C(=O)CNC(=O)[C@H](Cc5ccc(O)cc5)NC3=O)C(=O)N[C@@H](CC(C)C)C(=O)N[C@H](C(=O)N[C@@H](CCCNC(=N)N)C(N)=O)CSSC[C@H](NC(=O)[C@H](CCCCN)NC(=O)[C@H](CCCNC(=N)N)NC(=O)[C@H](C)NC1=O)C(=O)N[C@@H](CC(=O)O)C(=O)N[C@@H](CC(=O)O)C(=O)N[C@@H](CSSC[C@H](NC(=O)[C@@H](N)CCSC)C(=O)N[C@@H](CCSC)C(=O)N1CCC[C@H]1C(=O)N2)C(=O)N4,1
Cc1ccc2c(c1)[C@]13CCCC[C@@H]1[C@H](C2)N(C)CC3,0
CCCCCCCCCCCCCCCCCCCCCC(=O)Nc1ccn([C@@H]2O[C@H](CO)[C@@H](O)[C@@H]2O)c(=O)n1,0
COc1cc(F)c(F)c(Nc2ccc(I)cc2F)c1NS(=O)(=O)C1(C[C@H](O)CO)CC1,0
Cn1ccnc1Sc1cc(C(=O)Nc2nccs2)c(N)cc1F,0
CC[PbH](CC)CC,1
CC(=O)c1cc(F)c(Cl)cc1NCC(=O)Nc1ccccc1C(=O)O,0
N=C(N)NCc1cccc([131I])c1,0
NCCCNCCCCNC(=O)[C@H](O)NC(=O)CCCCCCN=C(N)N,0
Cc1ccc(C2(O)CCN(CCCC(=O)c3ccc(F)cc3)CC2)cc1,0
O=C(O)c1cc(I)cc(I)c1O,0
C[C@]12C=CC(=O)C=C1CC[C@@H]1[C@@H]2[C@@H](O)C[C@@]2(C)[C@H]1CC[C@]2(O)C(=O)COP(=O)(O)O,0
COC(=O)c1ccc2c(c1)NC(=O)/C2=C(\Nc1ccc(N(C)C(=O)CN2CCN(C)CC2)cc1)c1ccccc1,0
CN(C)c1cccc2cc(S(=O)(=O)O)ccc12,0
O=C(O)c1ncccc1CP(=O)(O)O,0
C[C@@H]1CN(c2ccc(F)cc2C(F)(F)F)CCN1S(=O)(=O)c1cccc([C@@](C)(O)C(F)(F)F)c1,0
O=Nc1c(NC[C@H](O)[C@H](O)[C@H](O)CO)[nH]c(=O)[nH]c1=O,0
O=C(O)c1ccccc1C(=O)OCc1ccccc1,1
COc1cccc2[nH]c3c4c(c5c(c3c12)C(=O)N(CN1CCN(C)CC1)C5=O)CCC4,0
C[C@@H](O)[C@@H](C)Oc1nc(Nc2ccc([S@](=N)(=O)C3CC3)cc2)ncc1C(F)(F)F,0
C[C@H](O)N[C@H](CO)[C@@H](O)[C@H](O)[C@H](O)CO,0
CCCCCCCCCCC[C@@H](O)CC(=O)O,0
NC(=Nc1ccc(CCNCc2cccc(Cl)c2)cc1)c1cccs1,0
O/N=C/c1cc[n+](COC[n+]2ccc(/C=N/O)cc2)cc1,1
N[C@@H](c1ccccc1)c1ccc(-c2ncnc3nc[nH]c23)cc1,0
CCNCc1cncc(-c2ccc3[nH]nc(-c4nc5c(F)cc(F)cc5[nH]4)c3c2)c1C,0
CCCN1C[C@@H](NS(=O)(=O)N(CC)CC)C[C@@H]2Cc3c(O)cccc3C[C@H]21,0
CCOc1ccc(S(=O)(=O)O)c2cccnc12,0
C[C@H]1c2cccc(O)c2C(O)=C2C(=O)[C@]3(O)C(O)=C(C(N)=O)C(=O)[C@@H](N(C)C)[C@@H]3[C@@H](O)[C@@H]21,0
CN1CCN(Cc2ccc(C(=O)Nc3cccc(Nc4nccc(-c5cccnc5)n4)c3)cc2)CC1,0
CC[C@@H](C)Nc1nc(C)nc2c(-c3ccc(OC)nc3C)c(C)nn12,0
Nc1ncnc2c1nc(Cl)n2[C@@H]1O[C@@H]2COP(=O)(O)O[C@H]2[C@H]1O,0
COc1cc(O)c2c(=O)c3c(O)ccc(O)c3oc2c1,1
NS(=O)(=O)c1ccc(Nc2cncc(Cl)n2)cc1,0
CCn1c2c(c3ccccc31)CCSC2(C)CCN(C)C,0
CC(C)(C)NC(=O)[C@@H]1C[C@@H]2CCCC[C@@H]2CN1C[C@@H](O)[C@H](Cc1ccccc1)NC(=O)[C@H](CC(N)=O)NC(=O)c1ccc2ccccc2n1,1
CCCCCCCC(=O)OC[C@H]1O[C@@](CO)(O[C@H]2O[C@H](CO)[C@@H](O)[C@H](O)[C@H]2O)[C@@H](O)[C@@H]1O,0
CC1=C(C(=O)OC(C)C)C(c2cccc([N+](=O)[O-])c2)C(C(=O)OC2CN(C(c3ccccc3)c3ccccc3)C2)=C(N)N1,0
O=C(O)CN1CCN(CC(=O)O)CCN(C(CO)C(O)CO)CCN(CC(=O)O)CC1,0
CS[C@H]1[C@H](O)[C@@H](O)[C@@H](O)O[C@@H]1CO,0
COC(=O)CCC[N+](C)(C)C,0
CC1(C)SSC(C)(C)C(NC(=O)C(N)Cc2ccc(O)cc2)C(=O)NCC(=O)NC(Cc2ccccc2)C(=O)NC1C(=O)O,1
O=c1cnn([C@@H]2O[C@H](COP(=O)(O)O)[C@@H](O)[C@H]2O)c(=O)[nH]1,0
O=C(N[C@H]1CN2CCC1CC2)c1cc2cccc(Cl)c2s1,0
CC(=O)NC1C(=NOC(=O)Nc2ccccc2)OC(CO)C(O)C1O,1
Nc1sc2c(c1C(=O)c1ccc(Cl)cc1)CCCC2,0
N=C(N)c1cc2cc(-c3cccc(-c4ccccc4)c3O)[nH]c2cc1Cl,0
NC1CCC(Nc2cc(Nc3ccc(S(N)(=O)=O)cc3)n3ncnc3n2)CC1,0
CCCCC(CC)COC(=O)CC(C(=O)OCC(CC)CCCC)S(=O)(=O)O,0
c1ccc2sc(SNC3CCCCC3)nc2c1,0
Fc1ccccc1-c1nc2ccn(Cc3ccc(-c4ccc(C(F)(F)F)cc4C(F)(F)F)nn3)cc-2n1,0
FC(F)(F)c1cccc(N2CCNCC2)c1,1
NCC1(CC(=O)O)CCCCC1,1
Cc1ccc(C(=O)N(c2cc(-c3ccccc3)sc2C(=O)O)C(C)C)cc1,0
CCc1cc(C(N)=S)ccn1,1
COc1ccccc1N1CCN(CCN(C(=O)C2CCCCC2)c2ccccn2)CC1,1
N[C@H](C(=O)O)c1ccc(O)cc1,0
CCC1C(C)=NN=C(c2ccc(OC)c(OC)c2)c2cc(OC)c(OC)cc21,0
CNc1ccc(/C=C/c2ccc(OCCOCCOCCF)nc2)cc1,0
CC(=O)Nc1c(O)cc(C(=O)O)cc1[N+](=O)[O-],0
Nc1nc(=O)c2c([nH]1)N[C@@H]1O[C@@H]3COP(=O)(O)O[C@@H]3C(O)(O)[C@@H]1N2,0
CN(C(=O)Cc1ccc(Cl)c(Cl)c1)[C@H]1CC[C@@]2(CCCO2)C[C@@H]1N1CCCC1,0
O=C1OC2(c3ccccc31)c1cc(I)c(O)c(I)c1Oc1c2cc(I)c(O)c1I,1
Cc1cccc(Cc2nn(C(C)(C)C)c3ncnc(N)c23)c1,0
CC/C=C\C/C=C\C/C=C\C/C=C\C/C=C\CCCCCC(=O)O,0
CN(C)CCC=C1c2ccccc2COc2ccccc21,1
CCCc1nn(C)c2c(=O)[nH]c(-c3cc(S(N)(=O)=O)sc3OCC)nc12,0
CCOc1nc(C(=O)NCc2cc(OC)ccc2OC)ccc1C#N,0
O=C(Nc1ccccn1)Nc1cccc2c1[C@H]1CCCN1C2=O,0
[11CH3]OCc1cccnc1N1CCN(C[C@H]2COc3ccccc3O2)CC1,0
Cc1ccc(N(C)C)cc1,1
CCOP(=S)(S)OCC,1
CC[C@H](C)[C@H](N)C(=O)N[C@@H](CC(C)C)C(=O)N[C@@H](CCCNC(=N)N)C(=O)N[C@@H](Cc1c[nH]c2ccccc12)C(=O)N1CCC[C@H]1C(=O)N[C@@H](Cc1c[nH]c2ccccc12)C(=O)N[C@@H](Cc1c[nH]c2ccccc12)C(=O)N1CCC[C@H]1C(=O)N[C@@H](Cc1c[nH]c2ccccc12)C(=O)N[C@@H](CCCNC(=N)N)C(=O)N[C@@H](CCCNC(=N)N)C(=O)N[C@@H](CCCCN)C(N)=O,0
CC1=CCC[C@H]2[C@](C)(Cc3cc(O)cc(Sc4ccccc4C(=O)O)c3O)[C@@H](C)CC[C@]12C,1
CCOC(C(=O)OCCN(C)C)(c1ccccc1)c1ccccc1,0
COc1nn(CSP(=S)(OC)OC)c(=O)s1,1
COc1cc2c(cc1OC)C1Cc3ccc(OC)c(OC)c3CN1CC2,1
CCc1ccc(/C=C2\SC(=N[C@@H](c3ccc(F)cc3)c3nn[nH]n3)NC2=O)o1,0
CC(C)CCCC(C)N,0
Cc1cc(N)c(C[n+]2csc(CCOP(=O)(O)OP(=O)([O-])O)c2C)cn1,0
OC[C@H]1O[C@@H](n2cnc3c([Se])ncnc32)[C@H](O)[C@@H]1O,0
Cc1cc(CC(=O)OC2OC(C(=O)O)C(O)C(O)C2O)n(C)c1C(=O)c1ccc(Cl)cc1,1
O=[N+]([O-])c1ccc2cn[nH]c2c1,0
C[C@H](CN1CCOCC1)C(C(=O)N1CCCC1)(c1ccccc1)c1ccccc1,0
CCCCC(=O)N(Cc1ccc(-c2ccccc2-c2nn[nH]n2)cc1)C(C(=O)O)C(C)C,1
O=[N+]([O-])c1ccc2ccc3cccc4ccc1c2c34,1
NC(=O)c1cccc2cn(-c3ccc([C@@H]4CCCNC4)cc3)nc12,1
Nc1ccc(S(=O)(=O)c2ccc(NC(=O)CCC(=O)O)cc2)cc1,0
CN(C)CCCOc1cc(=O)sc2ccccc12,0
COc1ccc2c(OCc3nnc4ccc(-c5ccccc5)nn34)ccnc2c1,0
CCCCOc1ccc(OCC(=O)N(CCN(CC)CC)c2cc(OCC)ccc2OCC)cc1,0
C/C=C(/C=O)[C@@H]1NC(C(=O)O)=C2[C@@H](OC)CCC[C@@H]21,0
c1cnc2cc3c(cc2n1)C1CNCC3C1,1
C[N+]1(CCC(O)(c2ccccc2)C2CCCCC2)CCCC1,0
O=C(NOCCO)c1cc(CN2OCCCC2=O)c(F)c(F)c1Nc1ccc(I)cc1F,0
O=C(CCCN1CCN2Cc3[nH]c4ccccc4c3CC2C1)c1ccc(F)cc1,0
N[C@@H](Cc1c[nH]c2cccc(F)c12)C(=O)O,0
CC1=CC(=O)OC2CC(CCC(C)C=CCC1)OC(O)(C1CSC(=O)N1)C2,1
COc1cc2c(cc1O)CC[C@@H]1[C@@H]2CC[C@]2(C)[C@@H](O)CC[C@@H]12,0
CC/C=C\C/C=C\C/C=C\C/C=C\C/C=C\C/C=C\CCC(=O)O[C@@H](C(=O)O[C@H]1C[C@@]2(O)[C@@H](OC(=O)c3ccccc3)[C@@H]3[C@]4(OC(C)=O)CO[C@@H]4C[C@H](O)[C@@]3(C)C(=O)[C@H](OC(C)=O)C(=C1C)C2(C)C)[C@@H](NC(=O)c1ccccc1)c1ccccc1,0
C[C@]12C=CC(=O)C=C1[C@@H](F)C[C@H]1[C@@H]3C[C@@H](O)[C@](O)(C(=O)CO)[C@@]3(C)C[C@H](Cl)[C@@]12Cl,0
COc1cc(CCC(=O)CCCCc2ccccc2)ccc1O,1
CSC1SC[C@H]2C(=O)N(C)[C@@H](C(C)C)C(=O)OC[C@@H](NC(=O)c3cnc4ccccc4n3)C(=O)N[C@@H](C)C(=O)N(C)[C@@H]1C(=O)N(C)[C@@H](C(C)C)C(=O)OC[C@@H](NC(=O)c1cnc3ccccc3n1)C(=O)N[C@@H](C)C(=O)N2C,0
Nn1nnc2ccccc21,1
COc1cc(CC(C)N)c(OC)cc1I,1
N=C(N)NCC1COC2(CCCCC2)O1,0
CS(=O)(=O)NC(=O)CCC/C=C\C[C@H]1C(=O)C[C@@H](O)[C@@H]1/C=C/[C@@H](O)COc1ccccc1,0
COc1cccc(-c2ccc(NC(=O)C3=C(C(=O)O)CCC3)c(F)c2)c1,0
CC(=O)C[C@H](c1ccccc1)c1c(O)c2ccccc2oc1=O,0
COC1CC2CCC(C)C(O)(O2)C(=O)C(=O)N2CCCCC2C(=O)OC(C(C)CC2CCC(OCCO)C(OC)C2)CC(=O)C(C)C=C(C)C(O)C(OC)C(=O)C(C)CC(C)C=CC=CC=C1C,1
Cn1c(O)c(C2=c3ccccc3=NC2=O)c2ccccc21,1
O=C(O)c1ccc(S(=O)(=O)N(Cc2ccc(OC(F)(F)F)cc2)c2ncc3ccccc3c2C2CC2)cc1,0
O=C1c2ccccc2C(=O)C1c1ccc(Br)cc1,0
COc1cc2c(cc1OC)CC(=O)N(CCCN(C)C[C@H]1Cc3cc(OC)c(OC)cc31)CC2,0
O=c1[nH]c(=O)n(C2CC(O)C(CO)O2)cc1Br,1
N#Cc1ccc(COc2ccc3cc(S(=O)(=O)N[C@H](CCC(=O)O)C(=O)O)ccc3c2)c(F)c1,0
CC(=N)C(=O)O,0
CC(NCc1ccc(OCc2cccc(F)c2)cc1)C(N)=O,0
NNCCc1ccccc1,1
O=C(C=CC=Cc1ccc2c(c1)OCO2)N1CCCCC1,1
C[C@@H](CO)C[C@H](C)[C@H](O)[C@@H](C)C(=O)C[PH](=O)O,0
Nc1nc2c(c(=O)[nH]1)N(C=O)[C@@H](CNc1ccc(C(=O)N[C@@H](CCC(=O)N[C@@H](CCC(=O)N[C@@H](CCC(=O)O)C(=O)O)C(=O)O)C(=O)O)cc1)CN2,0
C[C@]12CC[C@H]3[C@@H](CCC4=CC(=O)CC[C@@]43C)[C@@H]1CC[C@@H]2C(=O)CO,0
C=CC(=O)Nc1cccc(Nc2nc(Nc3ccc(OCCOC)cc3)ncc2F)c1,0
Cn1c([N+](=O)[O-])cnc1/C=C/c1ccnc(N)n1,0
O=c1oc2ccccc2c(O)c1Cc1c(O)c2ccccc2oc1=O,1
OC1CN2CCCC(O)C2C1O,1
OCC1OC(O)C(O)C(O)C1O,0
CCCc1cc(O)c2c(c1)OC(C)(C)[C@@H]1CCC(C)=C[C@@H]21,0
Cc1c(N)cccc1N,1
O=C(CN1C(=O)c2ccccc2S1(=O)=O)Nc1ccc(OC(=O)CCO[N+](=O)[O-])cc1,0
c1cscn1,1
Cc1ccc2c(c1)c1c(n2C[C@@H](O)CNC2CCCCC2)CCCC1,0
CCCC(=O)OC[C@H](COP(O)(O)(O)O)OC(=O)CCC,0
Cc1cccc(C)c1NC(=O)c1ccc[nH]c1=O,0
CNS(=O)(=O)Nc1nccc(Cc2c(C)c3ccc(Oc4ncccn4)cc3oc2=O)c1F,0
COc1c(OCCCN2CCOCC2)ccc2c1N=C(NC(=O)c1cnc(N)nc1)N1CCN=C21,0
Oc1ccc([C@@H]2Oc3ccc(O)cc3[C@@H]3CCC[C@@H]32)cc1,0
COc1ccc(CCN(C)CCCC(C#N)(c2ccc(OC)c(OC)c2)C(C)C)cc1OC,1
COc1ccc(C(=O)O)cc1,0
Cc1ccc(C23CNCC2C3)cc1,0
NC(=O)C1CC2(NC(=O)NC2=O)c2cc(F)ccc2O1,1
NC1C(O)OC(CO)C(O)C1O,1
O=c1[nH]c(=O)n(C2CC(O)C(CO)O2)cc1F,1
Cn1cc(-c2cnn3c(N)c(Br)c([C@@H]4CCCNC4)nc23)cn1,0
COC(=O)C1=COC(OC2OC(CO)C(O)C(O)C2O)C2C1C=CC2(O)CO,1
O=P(O)(O)OCCCc1c[nH]c2ccc(F)cc12,0
CC[C@@H]([C@H](C)O)n1ncn(-c2ccc(N3CCN(c4ccc(OC[C@@H]5CO[C@@](Cn6cncn6)(c6ccc(F)cc6F)C5)cc4)CC3)cc2)c1=O,1
CC(C)c1sc([C@@H]2Cc3ccccc3CN2)nc1C(=O)O,0
CCOC(=O)c1ccc(NC(=O)CN2CCCCC2)cc1,0
c1ccc2c(c1)c1cccc3ccc4cccc2c4c31,1
CC(C)(Oc1ccc(F)cc1Cl)C(=O)NC1[C@@H]2CC3C[C@H]1CC(S(C)(=O)=O)(C3)C2,0
CCN1CCCC1CNC(=O)c1cc(S(N)(=O)=O)ccc1OC,1
Cc1cc(=O)oc2cc(O)c(OCC(=O)O)cc12,0
CCC=CCC(O)C=CC1C(=O)CC(O)C1CC=CCCCC(=O)O,1
CC(=O)O[C@H]1C[C@H](O[C@H]2[C@@H](O)C[C@H](O[C@H]3[C@@H](O)C[C@H](O[C@H]4CC[C@@]5(C)[C@H](CC[C@@H]6[C@@H]5C[C@@H](O)[C@]5(C)[C@@H](C7=CC(=O)OC7)CC[C@]65O)C4)O[C@@H]3C)O[C@@H]2C)O[C@H](C)[C@H]1O[C@H]1O[C@H](CO)[C@@H](O)[C@H](O)[C@H]1O,0
C[C@H](CCc1ccc(C(N)=O)cc1)NCC(=O)c1ccc(F)cc1,0
CC[C@H](C)[C@H](NC(=O)[C@H](C)NC(=O)[C@@H](NC(=O)[C@H](CCC(N)=O)NC(=O)[C@@H]1CCCN1C(=O)[C@H](Cc1ccccc1)NC(=O)[C@@H](NC(=O)[C@H](Cc1c[nH]cn1)NC(=O)[C@H](Cc1ccccc1)NC(=O)[C@H](CCCCN)NC(=O)[C@H](CC(N)=O)NC(=O)[C@H](Cc1ccccc1)NC(=O)[C@H](CC(=O)O)NC(=O)[C@H](CCC(N)=O)NC(=O)[C@@H](NC(=O)[C@H](Cc1ccc(O)cc1)NC(=O)[C@@H](NC(=O)CNC(=O)[C@H](CC(C)C)NC(=O)[C@H](CCSC)NC(=O)[C@@H]1CSSC[C@H](N)C(=O)NCC(=O)N[C@@H](CC(N)=O)C(=O)N[C@@H](CC(C)C)C(=O)N[C@@H](CO)C(=O)N[C@@H]([C@@H](C)O)C(=O)N1)[C@@H](C)O)[C@@H](C)O)[C@@H](C)O)[C@@H](C)O)C(=O)NCC(=O)N[C@H](C(=O)NCC(=O)N[C@@H](C)C(=O)N1CCC[C@H]1C(N)=O)C(C)C,0
C/C1=C/C(=O)O[C@@H]2C[C@@H](CC[C@H](C)/C=C\CC1)O[C@@](O)([C@@H]1CSC(=O)N1)C2,0
Nc1ccccc1C(=O)OCC=Cc1ccccc1,1
COC(=O)C[C@H](CCc1ccc(C(=N)N)cc1)c1cccc(C(=N)N)c1,0
Nc1ncnc2c1c(-c1cnc3[nH]ccc3c1)nn2C1CCCC1,0
N#CC(CCN1CCC(C(N)=O)(N2CCCCC2)CC1)(c1ccccc1)c1ccccc1,0
COc1c/c(=C2\C=c3ccccc3=N2)[nH]/c1=C\c1[nH]c(C)cc1C,0
CC(C)CC1=N[C@](O)([C@@H](N)[C@@H](C)O)N(CC=O)C1=O,0
CC(=O)N[C@@H](Cc1ccc(OP(=O)(O)O)cc1)C(=O)N[C@H]1CCCCN(Cc2ccc(-c3ccccc3)cc2)C1=O,0
CCN(CC)C(=O)c1c(NC(=O)c2cccs2)sc2c1CCCC2,0
COc1cc2c(cc1O)-c1cc3ccc(OC)c(OC)c3c[n+]1CC2,1
CC(=O)[C@H]1CC[C@H]2[C@@H]3CCC4=CC(=O)CC[C@]4(C)[C@H]3[C@H](OC(=O)CCC(=O)O)C[C@]12C,0
CN1C(=O)CN=C(c2ccccc2F)c2cc([N+](=O)[O-])ccc21,1
NC(C[SeH])C(=O)O,1
COc1cc(/C=C/C(=O)CC(=O)/C=C/c2ccc(OS(=O)(=O)O)c(OC)c2)ccc1O,0
O=C(O)C(=O)Nc1sc2c(c1C(=O)O)CCO[C@H]2COC1=NS(=O)(=O)c2ccccc21,0
O=C(O)C[C@H](C(=O)O)[C@H](O)C(=O)O,0
CCCCOc1cc(C(=O)NCCN(CC)CC)c2ccccc2n1,0
C[C@@H]1CNS(=O)(=O)N(c2ccc3c(C#N)nccc3c2)C1,0
CN(C)CCOC(C)(c1ccccc1)c1ccccc1,0
C[N+](C)(C)CCC(=O)c1ccc2ccccc2c1,1
Cc1ccc(C(=O)c2ccc(CC(=O)OC3OC(C(=O)O)C(O)C(O)C3O)n2C)cc1,1
C=C1CCC2(C(C)C)CC12,1
CC(=O)OCC(=O)[C@@]12N=C(C)O[C@@H]1C[C@H]1[C@@H]3CCC4=CC(=O)C=C[C@]4(C)[C@H]3[C@@H](O)C[C@@]12C,0
Cc1ccn(-c2cc(Cl)ccc2C(Oc2cc(-c3ccc(CC(N)C(=O)O)cc3)nc(N)n2)C(F)(F)F)n1,0
Cn1sc(=O)c2cc(S(N)(=O)=O)ccc21,0
CC(C)CCCCCCOC(=O)c1ccccc1C(=O)OCCCCCCC(C)C,1
N=C(N)c1ccc(CNC(=O)[C@@H]2CCCN2C(=O)CCC2CCCC2)cc1,0
COc1ccc2nc(COc3ccc(CC4SC(=O)NC4=O)cc3)n(C)c2c1,0
N[C@H]1CC[C@@H](c2ccc(Cl)c(Cl)c2)c2ccccc21,0
CN1[C@@H]2CC[C@H]1CC(=O)C2,0
CCCN=C(N)NCCC[C@H](N)C(=O)O,0
OC[C@H]1O[C@H](S[C@H]2[C@H](O)[C@@H](O)[C@@H](O[C@H]3[C@H](O)[C@@H](O)[C@@H](S[C@H]4[C@H](O)[C@@H](O)[C@@H](O[C@H]5[C@H](O)[C@@H](O)[C@@H](S)O[C@@H]5CO)O[C@@H]4CO)O[C@@H]3CO)O[C@@H]2CO)[C@H](O)[C@@H](O)[C@@H]1O,0
O=C1NCCN1c1ncc([N+](=O)[O-])s1,0
CCOC(=O)c1ccc(N)cc1,0
NCCCNCCSP(=O)(O)O,0
CNC1Cc2ccccc2C(c2ccccc2)C1,0
CC(C)(F)C[C@H](N[C@@H](c1ccc(-c2ccc(S(C)(=O)=O)cc2)cc1)C(F)(F)F)C(=O)NC1(C#N)CC1,0
CCCCCCCCCCCC[N+](C)(C)CCOc1ccccc1,0
CS(=O)(=O)n1cc2c(n1)CN([C@H]1CO[C@H](c3cc(F)ccc3F)[C@@H](N)C1)C2,0
CCCSP(=O)(OCC)SCCC,1
CCC[C@H](NC(=O)CCC(=O)O)C(=O)O,0
COc1ccc2cc1Oc1ccc(cc1)C[C@H]1c3c(cc4c(c3Oc3cc5c(cc3OC)CCN(C)[C@@H]5C2)OCO4)CCN1C,0
C[C@]12CC[C@H]3[C@@H](CC=C4C[C@@H](O)CC[C@@H]43)[C@@H]1CC[C@@H]2O,0
CC(=O)O[C@]1(C(C)=O)CC[C@H]2[C@@H]3C=C(Cl)C4=CC(=O)CC[C@]4(C)[C@H]3CC[C@@]21C,1
O=C(O)[C@H]1O[C@H](O)[C@H](O)[C@@H](O)[C@H]1O,0
O=c1c(OCc2ccccc2)c(-c2ccc(OCc3ccccc3)c(OCc3ccccc3)c2)oc2cc(OCc3ccccc3)cc(OCc3ccccc3)c12,0
Oc1c(I)cc(Cl)c2cccnc12,1
CN(C/C=C/COc1ccc(C(=O)c2ccc(Br)cc2)cc1)C1CC1,0
C=COC(N)=O,1
O=P(O)(O)O[C@H]1[C@H](OP(=O)(O)O)[C@@H](OP(=O)(O)O)[C@H](OP(=O)(O)O)[C@@H](OP(=O)(O)O)[C@H]1OP(=O)(O)O,0
OC[C@H]1O[C@H](Oc2c[nH]c3ccc(Br)c(Cl)c23)[C@@H](O)[C@@H](O)[C@@H]1O,0
COc1ccc(-c2ccc3c(N4CCOC[C@@H]4C)nc(N4CCOC[C@@H]4C)nc3n2)cc1CO,0
O=C(O)c1ccc(-c2cc(Cl)ccc2Cl)o1,0
[O-][n+]1cccc(/C(Cl)=N/OC[C@H](O)CN2CCCCC2)c1,0
CC12CCC(O)CC1CCC1C2CCC2(C)C(C3=CC(=O)OC3)CCC12O,1
CO/N=C(\C(=O)N[C@@H]1C(=O)N2C(C(=O)OC(C)OC(=O)C(C)(C)OC)=C(COC(N)=O)CS[C@H]12)c1ccco1,0
Cc1cc(=O)oc2cc(O[C@H]3O[C@H](CO)[C@@H](O)[C@H](O)[C@H]3O)ccc12,0
CCC(=O)N(c1ccccc1)C1(COC)CCN(CCc2cccs2)CC1,0
Cc1ncc(CO)c(C=O)c1O,0
CC(=O)Oc1c(C)c(C)c2c(c1C)CC[C@@](C)(CCC[C@H](C)CCC[C@H](C)CCCC(C)C)O2,0
CN(C(=O)CCN1Cc2cc(C(=O)c3ccccc3)ccc2N=C1N)C1CCCCC1,0
Ic1cn[nH]c1,0
COC1(O[C@H]2CC[C@H]3[C@@H]4CC[C@H]5C[C@@H]6S[C@@H]6C[C@]5(C)[C@H]4CC[C@]23C)CCCC1,0
CCC[C@H](c1ccc(C(=O)NCCC(=O)O)cc1)[C@H](c1ccc(Cl)cc1)c1c[nH]c2c(F)cc(C)cc12,0
C[C@@H](C(N)=O)[C@H](N)c1nc2ccc(C(C)(C)C)cc2[nH]1,0
Cc1cc(C)cc(C)c1,1
CCCCC[C@](C)(O)/C=C/[C@@H]1[C@@H](C/C=C\CCCC(=O)O)[C@@H](O)C[C@@H]1O,0
Cc1cc(=O)oc2cc(O)ccc12,0
O=S(=O)(O)CCCS(=O)(=O)O,0
[Bk],0
Oc1ccc([As+](c2ccccc2)(c2ccccc2)c2ccccc2)cc1O,0
COC(=O)C1=COC(C)C2CN3CCc4c([nH]c5ccccc45)C3CC12,1
Nc1cccc(-c2cnn3ccc(Nc4cccc(Cl)c4)nc23)c1,0
O=C(Cc1ccc(-c2ccc(OCCN3CCOCC3)cc2)cn1)NCc1ccccc1,0
[Mn+2],0
CO[C@@H]1O[C@H](CO)[C@@H](S)[C@H](O)[C@H]1O,0
COc1ccc(CSC[C@H](NC(=O)CCCN)C(=O)NCC(=O)O)cc1,0
CCCCCCCCCCCCCCCCCC(=O)N[C@@H](CO)[C@H](O)CCCCCCCCCCCCCCC,0
CCN1CCN(C)C[C@@H](NC(=O)c2cc(Br)c(NC)cc2OC)C1,0
CON=C1CN(c2nc3c(cc2F)c(=O)c(C(=O)O)cn3C2CC2)CC1CN,1
O=C([C@@H]1C=Cc2c(Cl)nc(OCc3ccc(F)cc3)c(=O)n21)N1CCCC1,0
CCCCn1c(Cc2ccc3c(c2)OCO3)nc2c(N)nc(F)nc21,0
IC(I)I,0
CCOc1ccc(-c2ccc(Cn3c(CC(C)(C)C(=O)O)c(SC(C)(C)C)c4cc(OCc5ccc(C)cn5)ccc43)cc2)cn1,0
CCS(=O)(=O)CCCC12CCC(c3nnc(-c4ccccc4C(F)(F)F)n3C)(CC1)CC2,0
OC[C@@H]1O[C@@H](O[C@@H]2[C@@H](O)[C@H](O)OC[C@H]2O)[C@H](O)[C@H]1O,0
NC(CCC(=O)NC(CS)C(=O)NCC(=O)O)C(=O)O,1
Cc1ccc2c(c1)CC[C@@H](C[PH](=O)O)O2,0
Cc1cc(C(=O)N2CCCCc3ccccc32)ccc1CNC(=O)N1CCC[C@H]1C(=O)N(C)C,0
O=C(OC[C@@H]1O[C@@H](OC(=O)c2cc(O)c(O)c(O)c2)[C@@H](OC(=O)c2cc(O)c(O)c(O)c2)[C@@H](OC(=O)c2cc(O)c(O)c(O)c2)[C@@H]1OC(=O)c1cc(O)c(O)c(O)c1)c1cc(O)c(O)c(O)c1,0
Cc1nc(N)nc2c1CSCC2,0
CC[C@H]1CCC[C@H](O[C@H]2CC[C@H](N(C)C)[C@@H](C)O2)[C@@H](C)C(=O)C2=C[C@@H]3[C@@H](C=C(C)[C@@H]4C[C@@H](O[C@@H]5O[C@@H](C)[C@H](OC)[C@@H](OC)[C@H]5OC)C[C@@H]34)[C@@H]2CC(=O)O1,0
Cc1nnc(SCC2=C(C(=O)O)N3C(=O)[C@@H](NC(=O)Cn4cc(Cl)c(=O)c(Cl)c4)[C@H]3SC2)s1,0
Nc1ccc2nc(N)nc(N)c2c1,0
C[C@H]1CC(=O)C[C@@H]2CC[C@H]3[C@@H]4CC[C@H](O)[C@@]4(C)CC[C@@H]3[C@]21C,1
CC(C(=O)O)c1ccc(CC2CCCC2=O)cc1,1
CC(=O)NC(C(=O)O)C(C)(C)SN=O,1
CSCC[C@H](NC(=O)[C@H](Cc1ccccc1)NC(=O)CNC(=O)CNC(=O)[C@@H](N)Cc1ccc(O)cc1)C(=O)O,0
CN1CCN(c2ccc(-c3cnc4[nH]cc(NC(=O)c5cccnc5)c4c3)cc2)CC1,0
COc1cc2c(cc1OC)C1C(=O)c3ccc4c(c3OC1CO2)C=CC(C)(C)O4,1
O=P(O)(O)OC[C@H]1O[C@H](OP(=O)(O)OP(=O)(O)O)[C@H](O)[C@@H]1O,0
Cc1cc(-c2csc(Nc3ccc(C(=O)O)c(O)c3)n2)ccc1F,0
c1c[nH]c(Nc2ccc(Nc3ccc(Nc4ncc[nH]4)cc3)cc2)n1,0
CC(C)[C@@H]1NC(=O)[C@H](C)OC(=O)[C@@H](C(C)C)NC(=O)[C@@H](C(C)C)OC(=O)[C@H](C(C)C)NC(=O)[C@H](C)OC(=O)[C@@H](C(C)C)NC(=O)[C@@H](C(C)C)OC(=O)[C@H](C(C)C)NC(=O)[C@H](C)OC(=O)[C@@H](C(C)C)NC(=O)[C@@H](C(C)C)OC1=O,0
CNC(=O)CC[C@H](N)C(=O)O,0
CC(C)Oc1ccc2c(=O)c(-c3ccccc3)coc2c1,0
O=C(COCCOCCOCC(=O)Nc1c(I)cc(I)c(C(=O)O)c1I)Nc1c(I)cc(I)c(C(=O)O)c1I,0
NCc1c[nH]c(=S)n1[C@H]1CCc2c(F)cc(F)cc2C1,0
CC12CCC3c4ccc(O)cc4CCC3C1CCC2OC1OC(C(=O)O)C(O)C(O)C1O,1
CCCn1c(=O)c2[nH]c(C3CCCC3)nc2n(CCC)c1=O,0
CC(=O)NCC(=O)N1[C@@H]2CC[C@H]1c1ccc(Nc3ncc(C(F)(F)F)c(NC4CCC4)n3)cc12,0
C[C@]12CC[C@H](O)C[C@@H]1C[C@H](O)[C@@H]1[C@@H]2CC[C@]2(C)C(=O)CC[C@@H]12,0
CCC1=C(C)CN(C(=O)NCCc2ccc(S(=O)(=O)NC(=O)NC3CCC(C)CC3)cc2)C1=O,1
CC(C)(C)C(=O)OCC(C)(C)[C@@H](O)C(=O)NCCC(=O)NCCO,0
C=CCC1(CC(C)(C)C)C(=O)NC(=O)NC1=O,0
O=NN1CCOCC1,1
C[C@]12CC[C@@H]3c4cc(O)c(O)cc4CC[C@H]3[C@@H]1CC[C@@H]2O,0
O=C(CCCCCCC(=O)C(F)(F)F)Nc1ccccc1,0
Cc1cc(C)cc(O)c1,1
N=C(CCl)NCCC[C@H](NC(=O)c1cc([N+](=O)[O-])c2nonc2c1)C(=O)NCc1cccc(B(O)O)c1,0
C(COCCOCC1CO1)OCCOCC1CO1,0
S=C1SCN(Cc2ccccc2)CN1Cc1ccccc1,0
CC(=O)Oc1ccc2c3c1O[C@H]1[C@@H](OC(C)=O)C=C[C@H]4[C@@H](C2)N(C)CC[C@@]341,0
N#CC1(N2CCCCC2)CCCCC1,0
CCNCCc1ccc(CN(CC)c2cc(OC)ccc2[C@@H]2CCc3cc(O)ccc3C2)cc1,0
Clc1ccc(C/C(=C/CN2CCCC2)c2ccccc2)cc1,0
Cc1ccc(C)c(C)c1,1
Nc1ccccc1-c1ccccc1,1
CCN(CC)CCC1(c2ccccc2)C(=O)Oc2ccccc21,0
CCOC(=O)COc1ccc2c(C)c(CCN(CC)CC)c(=O)oc2c1,0
C[C@@H](O)CCCCn1c(=O)c2c(ncn2C)n(C)c1=O,0
C=CCl,1
NS(=O)(=O)c1ccc(Nc2cc(OC3CCCCC3)nc3ncnn23)cc1,0
C=C[C@@H](N)C(=O)O,0
CC(C)C[C@H](NC(=O)OCc1ccccc1)C(=O)N[C@@H](Cc1ccc(O)cc1)[C@H](C)O,0
CCC1(CC)COC(=O)NC1=O,0
O=C(O)CN(CCN(CC(=O)O)CC(=O)NCCS)CCN(CC(=O)O)CC(=O)NCCS,0
COc1ccc(S(=O)(=O)Nc2cc(C(=O)O)ccc2F)c2ccccc12,0
COc1c(O)cc2cc(C(=O)O)n(C)c2c1C1=c2cc(C(=O)O)[nH]c2=C(Cc2cc(C(=O)O)[nH]c2C(=O)O)C(=O)C1=O,0
Nc1nc2c(c(=O)[nH]1)N[C@@H](CNc1ccc(C(=O)N[C@@H](CCC(=O)O)C(=O)O)cc1)CN2,0
CCOP(=O)(OCC)Oc1cc(C)nc(C(C)C)n1,1
COC(=O)/C=C/c1cccc(N(Cc2ccc(-c3ccc(N(C)C)cc3)cc2)C(=O)C2CCCCC2)c1,0
C[C@]12CC[C@@H]3c4ccc(O)cc4CC[C@H]3[C@@H]1CC[C@@H]2OC(=O)CCC1CCCC1,0
CC(C)OC(=O)[C@@H](C)N[P@@](=O)(OC[C@H]1O[C@@H](n2ccc(=O)[nH]c2=O)[C@](C)(Cl)[C@@H]1O)Oc1ccccc1,0
C[C@@H]1[C@H](c2ccccc2)C[C@H](NC(=O)c2cnc3c(c2)C[C@@]2(C3)C(=O)Nc3ncccc32)C(=O)N1CC(F)(F)F,0
O=C(O)c1cnccn1,1
COc1cc(N(C)C[C@H]2CCC3=C(C2)C(N)=N[C@H](N)N3)cc(OC)c1OC,0
CC[C@H](C)[C@H]1C(=O)N2CCC[C@H]2[C@]2(O)O[C@](NC(=O)[C@@H]3C=C4c5cccc6[nH]cc(c56)C[C@H]4N(C)C3)(C(C)C)C(=O)N12,0
Clc1nc(Br)nc2nc[nH]c12,0
CCOCCC1(Oc2ccc(Oc3ccc(F)cc3)cc2)C(=O)NC(=O)NC1=O,0
O=C1C=Cc2ccc3ccoc3c2C1=O,1
CC(C)=CCc1c(O)ccc(C(=O)C=Cc2ccc(O)cc2)c1O,1
CN1C(=O)C(O)N=C(c2ccccc2Cl)c2cc(Cl)ccc21,0
OCCOc1ccc(/C(=C(/CCCl)c2ccccc2)c2ccccc2)cc1,0
Cc1ncc(COP(=O)(O)O)c(C)c1O,1
CC[C@H](C=O)[C@@H]1[C@@H](NS(C)(=O)=O)CCN1C(=O)[C@@H](NC(=O)OC(C)(C)C)C(C)C,0
O=C(O)CI,1
CC(C)=CCCN(C)CCOP(=O)(O)OP(=O)(O)O,0
O=C1c2ccccc2-c2cccc3cccc1c23,1
N#C[C@@H]1CC(F)(F)CN1C(=O)CNC(=O)c1ccnc2ccc(OCCCN3CCN(C(=O)c4ccc([211At])cc4)CC3)cc12,0
COc1ccc(C(=O)Nc2c(Cl)cncc2Cl)cc1OC1CCCC1,0
CC[C@H]1[C@@H]2C[C@H]3[C@@H]4N(C)c5ccccc5[C@]45C[C@@H](C2[C@H]5O)N3[C@@H]1O,0
CCOC(=O)[C@H](CS)NCCN[C@@H](CS)C(=O)OCC,0
CC[C@H](C)[C@H](N=C(O)[C@H](Cc1ccccc1)N=C(O)[C@H](CC(C)C)N=C(O)[C@H](CCCNC(=N)N)N=C(O)[C@@H](N=C(O)[C@H](C)N=C(O)[C@H](CCC(=O)O)N=C(O)[C@H](CCC(=O)O)N=C(O)[C@H](CCC(=O)O)N=C(O)[C@H](CCSC)N=C(O)[C@H](CCC(=N)O)N=C(O)[C@H](CCCCN)N=C(O)[C@H](CO)N=C(O)[C@H](CC(C)C)N=C(O)[C@H](CC(=O)O)N=C(O)[C@H](CO)N=C(O)[C@@H](N=C(O)[C@H](Cc1ccccc1)N=C(O)[C@@H](N=C(O)CN=C(O)[C@H](CCC(=O)O)N=C(O)CN=C(O)[C@@H](N)Cc1cnc[nH]1)[C@@H](C)O)[C@@H](C)O)C(C)C)C(O)=N[C@@H](CCC(=O)O)C(O)=N[C@@H](Cc1c[nH]c2ccccc12)C(O)=N[C@@H](CC(C)C)C(O)=N[C@@H](CCCCN)C(O)=N[C@@H](CC(=N)O)C(O)=NCC(O)=NCC(=O)N1CCC[C@H]1C(O)=N[C@@H](CO)C(O)=N[C@@H](CO)C(O)=NCC(O)=N[C@@H](C)C(=O)N1CCC[C@H]1C(=O)N1CCC[C@H]1C(O)=N[C@@H](CO)C(O)=N[C@@H](CCCCN)C(O)=N[C@@H](CCCCN)C(O)=N[C@@H](CCCCN)C(O)=N[C@@H](CCCCN)C(O)=N[C@@H](CCCCN)C(O)=N[C@@H](CCCCN)C(=N)O,0
C[N+]1(CCNP(=S)(NCC[N+]2(C)CC3C4=C(C=CC3[C@@H]3[C@H]2C2C=C5OCOC5=CC2C[C@@H]3O)OCO4)NCC[N+]2(C)CC3C4=C(C=CC3[C@@H]3[C@H]2C2CC5CCCC5CC2C[C@@H]3O)OCO4)CC2=C(C=CC3OCOC23)[C@@H]2[C@H]1C1C=C3OCOC3=CC1C[C@@H]2O,1
NC(=O)c1cccc(Nc2nccc(Nc3c(Cl)ccc4c3OCO4)n2)c1,0
OC1CN(CCCOCCc2ccc3sccc3c2)C1,0
NC(=O)CCCC[C@@H](S)CCS,0
O=C1C(Cl)=C(N2C(=O)C(Cl)C2c2ccc([N+](=O)[O-])cc2)C(=O)c2ccccc21,0
C=C1C(=O)OC2CC(C)C(C=CC(C)=O)=CCC12,1
N[C@@H](Cn1cc(Br)c(=O)[nH]c1=O)C(=O)O,0
CCCC[C@@H](C=O)NC(=O)[C@H](CC(C)C)NC(=O)[C@H](CC(C)C)NC(C)=O,0
C[N+]1(C)CCC(OC(=O)C(O)(c2ccccc2)c2ccccc2)CC1,0
O=C(O)c1cccc(O)c1O,0
N=C(O)C1=CN([C@@H]2O[C@H](COP(=O)(O)OP(=O)(O)OC[C@H]3O[C@@H](n4cnc5c(N)ncnc54)[C@H](O)[C@@H]3O)[C@@H](O)[C@H]2O)C=C[C@@H]1n1cc2c(=S)n([C@H](C(=O)N3CCCCCC3)c3ccccc3)cnc2n1,0
O=C(OC1Cc2c(O)cc(O)cc2OC1c1ccc(O)c(O)c1)c1cc(O)c(O)c(O)c1,1
CC(C)(CO)C(O)C(=O)NCCCO,0
N[C@H](C=O)Cc1ccc(O)cc1,0
COc1cc2c(c(OC)c1OC)-c1ccc(OP(=O)(O)O)cc1[C@@H](NC(C)=O)CC2,0
COc1ccc(OC)c(CC(C)N)c1,0
O=C(NC(=S)Nc1nc2ccc([N+](=O)[O-])cc2s1)c1ccccc1,0
Cc1cn(C2CC(CO)C(OP(=O)(O)OCC3OC(n4cnc5c(N)ncnc54)CC3O)O2)c(=O)[nH]c1=O,1
COc1ccc2cc(OCC3(C(=O)O)CN(C(=O)c4ccc(F)cc4)C3)ccc2c1,0
COc1ncnc(NS(=O)(=O)c2ccc(N)cc2)c1OC,1
CCSCc1ccc2c(c1)c1c3c(c4c5cc(CSCC)ccc5n5c4c1n2C1CC(O)(C(=O)OC)C5(C)O1)CNC3=O,1
CC(C)c1noc(N2CCC(COc3ccc(-c4ccc(S(C)(=O)=O)cc4)nc3)CC2)n1,0
O=NC(=O)CNS(=O)(=O)c1ccccc1,0
Cc1nc(C)c(C[n+]2csc(CCOP(=O)(O)OP(=O)([O-])O)c2C)c(N)n1,0
CC1CCCCN1CCCOC(=O)c1ccc(OC2CCCCC2)cc1,0
c1ccc(C(CCN2CCCCCC2)c2ccccc2)cc1,0
O=P(O)(O)OC[C@@H](O)[C@@H](O)[C@H](O)[C@@H](O)CO,0
Cc1nc(N)sc1C1=NC(=Nc2ccc(N3CCOCC3)cc2)N=CC1,0
COC1C=COC2(C)Oc3c(C)c(O)c4c(O)c(c(C=NN5CCN(C)CC5)c(O)c4c3C2=O)NC(=O)C(C)=CC=CC(C)C(O)C(C)C(O)C(C)C(OC(C)=O)C1C,1
CC=CC(=O)N(CC)c1ccccc1C,0
CN[C@H]1CN(c2ccc3c(=O)c(C(=O)O)cn(-c4nccs4)c3n2)C[C@@H]1OC,0
CC(N)=NCCSCC[C@H](N)C(=O)O,0
C=CC[C@H]1CN(CCc2ccccc2)CC[C@H]1N(C(=O)CC)c1ccccc1,0
CC(N)C(=O)N1CCCC1C(=O)NCC(=O)N1CCCC1C(=O)NC(CCCN=C(N)N)C(=O)O,1
CCN(CC)CCOC(=O)c1cccnc1,0
C=CC(C)(C=Cc1ccc(O)cc1)CCC=C(C)C,1
COc1ccc(O)cc1,0
OB1OCc2cc(Cl)ccc21,0
COc1ccc(N2CCc3c(-n4ccc(N5CCNC5=O)n4)cc(C)nc32)c(C)c1,0
Cc1ccccn1,0
CN[C@H](CC(C)C)C(=O)O,0
C[C@](N)(Cc1ccc(O)cc1)C(=O)O,0
COc1ccc2[nH]c([S@+]([O-])Cc3ncc(C)c(OC)c3C)nc2c1,1
N=C(N)NC[C@H]1CC[C@H](C(=O)Oc2ccccc2C(=O)OCc2ccccc2)CC1,0
C[C@@]1(c2cc(-c3cncnc3)c(F)cc2F)CCSC(N)=N1,0
NC(CCC(=O)NC(CSCc1ccc(Br)cc1)C(=O)NCC(=O)OC1CCCC1)C(=O)OC1CCCC1,1
O=c1ccn([C@H]2C[C@H](O)[C@@H](COP(=O)(O)NP(=O)(O)OP(=O)(O)O)O2)c(=O)[nH]1,0
CC(=O)OCC(=O)C1(O)CCC2C3CC(C)C4=CC(=O)C=CC4(C)C3C(O)CC21C,1
N[C@@H](CCCC[B-](O)(O)O)C(=O)O,0
O=c1c(O)c(-c2ccc(O)c(OP(=O)(O)O)c2)oc2cc(O)cc(O)c12,0
CCc1ccc2c(c1)N(CC(C)CN(C)C)c1ccccc1S2,0
C[N+](C)(C)NCCC(=O)[O-],0
CC(C)C(N)C(=O)OCCOCn1cnc2c(=O)[nH]c(N)nc21,1
CP(=O)(O)CC(=O)CC(=O)O,0
O=c1ccn([C@@H]2O[C@@H](CO)[C@@H](O)[C@@H]2O)c(=O)[nH]1,0
CC[C@H]1OC(=O)C[C@@H](O)[C@H](C)[C@@H](O[C@@H]2O[C@H](C)[C@@H](O)[C@H](N(C)C)[C@H]2O)[C@@H](CCN2CCCCC2)C[C@@H](C)C(=O)/C=C/C(C)=C/[C@@H]1CN1CCCCC1,0
COc1cc(-c2cc(=O)c3c(O)c(OC)c(OC)cc3o2)ccc1O,1
O=C1Cc2c(ccc3c2O[C@@H](CNCc2ccccc2)CO3)N1,0
CCCCC/C=C\C/C=C\C/C=C\CCCCCCC(=O)O,0
Cc1ccc(C2OC(CO)C(O)C(O)C2O)cc1Cc1ccc(-c2ccc(F)cc2)s1,1
N[C@H](C(=O)O)[C@@H](O)OP(=O)(O)O,0
COCCCOc1ccnc(C[S+]([O-])c2nc3ccccc3[nH]2)c1C,1
CCc1nc(C2CC2)c(C(N)=O)n1Cc1ccc2oc(-c3ccccc3NS(=O)(=O)C(F)(F)F)c(Br)c2c1,0
Clc1ccc(COC(Cn2ccnc2)c2ccc(Cl)cc2Cl)cc1,0
CCOCCP(CCOCC)CCP(CCOCC)CCOCC,0
CCN1CCN(c2ccc(Nc3ncc(C)c(Nc4ccc5cn[nH]c5c4)n3)cc2OC)CC1,0
CCn1c2ccccc2c2cc(CNC)ccc21,0
O=c1ccc2c(cc3ccc4cccc5ccc2c3c45)c1=O,1
CC[C@H](C)[C@@H]1NC(=O)[C@H](Cc2ccc(O)cc2)NC(=O)CCCCC[C@@H](C(=O)NCC(=O)N[C@@H](CC(C)C)C(=O)NCC(N)=O)NC(=O)[C@H](CC(N)=O)NC(=O)[C@H](CCC(N)=O)NC1=O,0
CC(C)(C)NS(=O)(=O)c1ccc(-c2cnc3cccc(Nc4ccccn4)c3c2)cc1,0
CC(=O)NCCC[C@H](NC(C)=O)C(=O)O,0
O=C(Nc1ccncc1)[C@@H](NS(=O)(=O)c1cccc2nsnc12)c1ccccc1,0
O=C(O)c1sccc1S(=O)(=O)Nc1ccc(Cl)cc1,0
CCCCN=C(N)NO,0
CCCCCC(O)C=CC1OC(O)CC(O)C1CC=CCCCC(=O)O,1
O=C(Cc1cccs1)N1CCC(c2nc(-c3cccs3)no2)CC1,0
N=C(N)Nc1ccc(C(=O)Oc2ccc3cc(C(=N)N)ccc3c2)cc1,0
CO[C@H](C(=O)[C@@H](O)[C@@H](C)O)[C@@H]1Cc2cc3cc(O[C@H]4C[C@@H](O[C@@H]5C[C@@H](O)[C@H](O)[C@@H](C)O5)[C@H](O)[C@@H](C)O4)c(C)c(O)c3c(O)c2C(=O)[C@H]1O[C@H]1C[C@@H](O[C@@H]2C[C@@H](O)[C@@H](O[C@@H]3C[C@](C)(O)[C@H](O)[C@@H](C)O3)[C@@H](C)O2)[C@H](O)[C@@H](C)O1,0
CCCCCOC(CN1C(=O)N(CC(COCCCC)OC(N)=O)C(=O)C(CC)(c2ccccc2)C1=O)OC(N)=O,1
Cc1oc(=O)oc1COC(=O)N1CC[C@@H](N2CC/C(=C\C3=C(C(=O)O)N4C(=O)[C@@H](NC(=O)/C(=N/O)c5nsc(N)n5)[C@H]4SC3)C2=O)C1,0
CCCn1c(C2CCN(C)CC2)nc(-c2ccc(Cl)c(Cl)c2)c1-c1ccnc(NC2CC2)n1,0
O=C1C=CN=N1,1
S=[Hg],1
O=C(CCCN1CCN(c2ccc(F)cc2)CC1)NC1c2ccccc2CSc2ccccc21,1
NC(=O)C[C@@H](N)C(=O)O,0
Cc1cc(C[C@@H](NC(=O)N2CCC(c3cc4ccccc4[nH]c3=O)CC2)C(=O)N2CCN(C3CCN(C)CC3)CC2)cc2cn[nH]c12,0
Cc1ccc(Cn2cnc(-c3cccs3)c2)cc1,0
O=C(CBr)c1ccc(Br)cc1,1
[Mo+8],1
CC(C)=CCC[C@@H](C)[C@H]1CC[C@@]2(C)C3=C(CC[C@]12C)[C@@]1(C)CC[C@H](O)C(C)(C)[C@@H]1CC3,0
CN1CC2c3ccccc3Oc3ccc(Cl)cc3C2C1,1
C=C1CC2(O)OC3(CC2C(C)C)C(C)CCC13,1
CCOC(=O)c1cncn1[C@H](C)c1ccccc1,0
CC(C)OC(=O)CCC/C=C\C[C@@H]1[C@@H](/C=C/C(F)(F)COc2ccccc2)[C@H](O)C[C@@H]1O,0
Cc1ccc2c(NC[C@](O)(CC(C)(C)c3cc(F)cc4c3OCC4)C(F)(F)F)cccc2n1,0
O=C(O)COc1ccc(-c2cnc(CNC(=O)Nc3ncc(Sc4ccccn4)s3)[nH]2)cc1,0
CCC1OC(=O)C(C)C(=O)C(C)C(OC2OC(C)CC(N(C)C)C2O)C(C)(OC)CC(C)C(=O)C(C)C2N(CCCCn3cnc(-c4cccnc4)c3)C(=O)OC12C,1
C[C@@H](Cc1ccccc1)C(=O)O,0
N[C@H]1C(=O)N[C@@H]2Cc3ccc(c(Cl)c3)Oc3cc4cc(c3O)Oc3ccc(cc3Cl)[C@@H](O)[C@@H]3NC(=O)[C@H](NC(=O)[C@@H]4NC(=O)[C@@H](NC2=O)c2cc(O)cc(c2)Oc2cc1ccc2O)c1ccc(O)c(c1)-c1c(O)cc(O)cc1[C@@H](C(=O)O)NC3=O,0
CC(=O)N1CCC[C@H]1C(=O)O,0
CN1CCN(C2=Nc3cc(Cl)ccc3Nc3ccccc32)CC1,1
CC(C)n1nc(-c2cccc(O)c2)c2c(N)ncnc21,0
CC[C@H](C)[C@@H]1NC(=O)[C@H](Cc2ccccc2)NC(=O)[C@@H](N)CSSC[C@@H](C(=O)N2CCC[C@H]2C(=O)N[C@@H](CCCNC(C)C)C(=O)NCC(N)=O)NC(=O)[C@H](CC(N)=O)NC(=O)[C@H](CCCC(N)=O)NC1=O,0
C[C@@H]1C[C@H]2CN1CCn1[nH]c3c(cccc3c1=O)-c1nc3c(cccc3[nH]c1=O)O2,0
Nc1ccn(C2CSC(CO)O2)c(=O)n1,1
C[C@]12CCC(=O)C(O)=C1CC[C@@H]1[C@@H]2CC[C@]2(C)C(=O)CC[C@@H]12,0
O=c1cc(-c2ccc(O)cc2)oc2cc(O)c(-c3c(O)cc(O)c4c(=O)cc(-c5ccc(O)cc5)oc34)c(O)c12,1
Cc1[nH]c2ccccc2c1CCNCc1ccc(/C=C/C(=O)NO)cc1,1
CCOP(=S)(NC(C)C)Oc1ccccc1C(=O)OC(C)C,1
O=C(O)C1=C[C@@H](OP(=O)(O)O)[C@@H](O)[C@H](O)C1,0
CCOC(=O)[C@H](C)NP(=O)(N[C@@H](C)C(=O)OCC)c1ccc(-c2nc(N)sc2CC(C)C)o1,0
NCCCNc1ccc2c3c(nn2CCNCCO)-c2c(O)ccc(O)c2C(=O)c13,1
CC1CC(OC(=O)C(O)c2ccccc2)CC(C)(C)N1C,0
CCOC(=O)c1c(C)n[nH]c1C,0
OC[C@@H]1[C@@H](O)[C@H](O)[C@@H](O)c2nnnn21,0
COc1ccccc1Oc1c(NS(=O)(=O)c2ccc(C)cn2)nc(-c2ccnc(-c3nn[nH]n3)c2)nc1OCCO,0
NC[C@H]1O[C@H](O[C@H]2[C@H](O[C@@H]3O[C@H](CO)[C@@H](O)[C@H]3O)[C@@H](O)[C@H](N)C[C@@H]2N)[C@H](N)[C@@H](O)[C@@H]1O,0
N[C@@H](CSCC(=O)Nc1cc2cccnc2c2ncccc12)C(=O)O,0
NCC(O)c1ccccc1,0
COc1cc2c(cc1OC)C(=O)C(CC1CCN(Cc3ccccc3)CC1)C2,1
C[C@H]1O[C@H](O)[C@@H](O)C[C@@H]1O,0
Oc1ccccc1-c1nnco1,0
c1cc(-c2nc3ccc(-c4ccc5nc(-c6ccncc6)[nH]c5c4)cc3[nH]2)ccn1,0
CO/N=C(\C(=O)N[C@@H]1C(=O)N2C(C(=O)O)=C(CSc3nnnn3C)CS[C@H]12)c1csc(N)n1,0
Nc1ncnc2c1ncn2[C@@H]1O[C@H](COP(=O)(O)OP(=O)(O)OP(=O)(O)O)[C@@H](O)[C@H]1O,0
CC(=O)N(C)C(C)C1CCC2C3CC=C4CC(N(C)C)CCC4(C)C3CCC21C,1
CC1(c2ccccc2)C(=O)NC(=O)NC1=O,0
N=C(NC(=N)N1CCN(C(=N)NC(=N)Nc2ccc(Cl)cc2)CC1)Nc1ccc(Cl)cc1,0
Cc1cc2ncccc2c2nc(N)n(C)c12,1
CC(CC(O)C1OC1(C)C)C1=C2CC(O)C3C4(C)CCC(=O)C(C)(C)C4CCC3(C)C2(C)CC1,1
C[C@H]1CCC/C=C/[C@@H]2C[C@H](O)C[C@H]2[C@H](O)/C=C/C(=O)O1,0
C=C(C)C1CC=C(C=O)CC1,1
O=CC=O,1
C[C@@H](O)CNc1ncnc2[nH]c(-c3ccccc3)c(-c3ccccc3)c12,0
O=c1ccn([C@@H]2O[C@H](COP(=O)(O)OP(=O)(O)O[C@H]3O[C@H](CS(=O)(=O)O)[C@@H](O)[C@H](O)[C@H]3O)[C@@H](O)[C@H]2O)c(=O)[nH]1,0
[Cu+2],0
CN1C(=O)CC[C@H]1c1cccnc1,0
CO/N=C(\C(=O)N[C@@H]1C(=O)N2C(C(=O)OCOC(=O)C(C)(C)C)=C(/C=C\c3scnc3C)CS[C@H]12)c1csc(N)n1,1
CC(=O)CCC1C(=O)N(c2ccccc2)N(c2ccccc2)C1=O,1
Cc1onc(-c2ccc(F)cc2)c1COc1ccc(C(=O)N2CCS(=O)(=O)CC2)cn1,0
C[Te]CC(=O)O,0
O=C(O)c1ccccc1-c1c2cc(Br)c(=O)c(Br)c-2oc2c(Br)c(O)c(Br)cc12,0
Oc1cc(O)c(-c2[nH]ncc2N2CCNCC2)cc1Cl,0
CC(C)c1nc2nc(N)nc(OCC3CCCCC3)c2[nH]1,0
N=C(N)c1ccc2nc(-c3cc(CC(=O)N[C@@H](CC(=O)O)C(=O)O)cc(-c4cc(S(N)(=O)=O)ccc4O)c3O)[nH]c2c1,0
Nc1nc(N)nc(-c2cc3ccccc3cc2Br)n1,0
Nc1[nH]nc2nnc(-c3c(-c4ccccc4)nn4ccccc34)cc12,0
CCCCN(CCCC)CCCOC(=O)c1ccc(N)cc1,0
COc1ccc(C[C@@H](O)c2cc(OC)c(OC)c(OC)c2)cc1O,0
NC(N)=NC(=O)Cn1c(-c2ccccc2)ccc1-c1ccccc1,0
Oc1ccc(-n2nc3ccc(O)cc3c2Cl)cc1,0
Cc1c(-c2ccccc2)oc2c(C(=O)OCCN3CCCCC3)cccc2c1=O,1
Cc1cc(C)cc(Nc2nccc(-c3nc(C)c(C(=O)N[C@@H](C)CO)s3)n2)c1,0
CC(O)C[C@@H]1OC[C@@H](O)[C@H](O)[C@H]1O,0
CCC(C)(C)NC(=N)NC#N,0
O=P(O)(O)CS,0
O=C(O)CCCC(=O)O,0
CCCCNC(=O)OCC(C)(CCC)COC(N)=O,0
C1CCOCC1,0
CN[C@H](CC(C)C)C(=O)N[C@H]1C(=O)N[C@@H](CC(N)=O)C(=O)N[C@H]2C(=O)N[C@H]3C(=O)N[C@H](C(=O)N[C@H](C(=O)O)c4cc(O)cc(O)c4-c4cc3ccc4O)[C@H](O)c3ccc(c(Cl)c3)Oc3cc2cc(c3O[C@@H]2O[C@H](CO)[C@@H](O)[C@H](O)[C@H]2O)Oc2ccc(cc2Cl)[C@H]1O,0
C#CCN(C)[C@H](C)Cc1ccccc1,0
CCOc1ccc(Nc2ccc(/C(=C3/C=C/C(=[N+](/CC)Cc4cccc(S(=O)(=O)[O-])c4)C=C3C)c3ccc(N(CC)Cc4cccc(S(=O)(=O)O)c4)cc3C)cc2)cc1,0
CC(C)(NC(=O)C1=C(O)C2Oc3c(O)ccc4c3C23CCN(CC2CC2)C(C4)C3(O)C1)c1nc(-c2ccccc2)no1,0
CN(C)c1ccc(C(=O)NCCCCCCC(=O)NO)cc1,0
CC(C)(C)c1cc(N=Nc2ccccc2C(=O)O)ccc1O,0
OCCN1CCN(CC/C=C2/c3ccccc3Sc3ccc(C(F)(F)F)cc32)CC1,0
Cn1cc(Nc2nccc(N3C[C@H]4CC[C@@H](C3)N4C(=O)[C@@H]3CC3(F)F)n2)cn1,0
C[Hg]Cl,1
CC(C)Nc1cc(Cl)nc2c(C#N)cnn12,0
CN1CCC23NC(=O)CC(c4cc(Cl)ccc4O2)C3C1,0
CN(C)N(C)C(=O)[C@@]1(Cc2ccccc2)CCCN(C(=O)[C@@H](Cc2c[nH]c3ccccc23)NC(=O)C(C)(C)N)C1,0
C=C1C(C)C2C(Cc3ccccc3)NC(=O)C23OC(=O)C=CC(O)CCCC(C)CC=CC3C1O,1
C[C@@H](O)c1nnc(C2CC(NC(=O)c3cc(-c4ccccc4)no3)C2)o1,0
CCNCc1cc(Nc2ccnc3cc(Cl)ccc23)ccc1O,1
COc1cc(C2c3cc4c(cc3CC3COC(=O)C32)OCO4)cc(OC)c1OC,1
O=C(Nc1ncc(SCCN2CCCC2)s1)[C@]1(c2ccc(S(=O)(=O)C3CC3)cc2)C[C@H]1C1CCCCC1,0
O=[N+]([O-])c1ccc(O[C@@H]2O[C@H](CO)[C@@H](O[C@@H]3O[C@H](CO)[C@@H](O)[C@H](O)[C@H]3O)[C@H](O)[C@H]2F)c([N+](=O)[O-])c1,0
CN(CC[C@H](N)C(=O)O)C[C@H]1O[C@@H](n2cnc3c(N)ncnc32)[C@H](O)[C@@H]1O,0
O=c1[nH]c(=O)c2[nH]c[n+]([C@@H]3O[C@H](COP(=O)(O)O)[C@@H](O)[C@H]3O)c2[nH]1,0
CC(C)=CCC[C@](C)(O)[C@@H]1CC=C(C)CC1,0
O=C1CCCCC1,0
Cc1cccc(C2=C(c3ccc4ncccc4n3)CNN2)n1,0
Nc1ncnc2c1ncn2[C@@H]1O[C@H](COP(=O)(O)OS(=O)(=O)O)[C@@H](O)[C@H]1O,0
CCCCCCCCCCCCCC[C@H](O)OC[C@@H](O)COP(=O)(O)OC[C@H](N)C(=O)O,0
N#Cc1c(Cl)c(Cl)c(Cl)c(C#N)c1Cl,1
CN[C@@H]1CN(c2cccc(OC)c2)S(=O)(=O)c2sc(S(N)(=O)=O)cc21,0
C[C@@H](O)c1ccccc1,0
O=C(O)O,0
CN(C(=O)C(c1ccccc1)c1ccccc1)[C@H](CN1CC[C@H](O)C1)c1ccccc1,0
Cc1nc(C)c2c(n1)N(Cc1ccc(-c3ccccc3-c3nn[nH]n3)cc1)C(=O)CC2,1
CCC(C)c1cc([N+](=O)[O-])cc([N+](=O)[O-])c1O,1
CCCCCOc1ccc(-c2ccc(-c3ccc(C(=O)NC4CC(O)C(O)NC(=O)C5C(O)C(C)CN5C(=O)C(C(C)O)NC(=O)C(C(O)C(O)c5ccc(O)cc5)NC(=O)C5CC(O)CN5C(=O)C(C(C)O)NC4=O)cc3)cc2)cc1,1
Cc1ccnc2c1ccc1c(C)ccnc12,0
CC(C)CCn1c(=O)c(C2=NS(=O)(=O)c3ccccc3N2)c(O)c2ccccc21,0
O=C(O)[C@@H](CCCN1C(=O)N[C@@]2(O[C@H](COP(=O)(O)O)[C@@H](O)[C@H]2O)C1=O)N(O)CO,0
[89Sr+2],0
Cc1nc(=O)c2cc(CN(C)c3ccc(C(=O)N[C@@H](CCC(=O)O)C(=O)O)s3)ccc2[nH]1,0
C[C@@H]1OC(c2cc(Cl)ccc2O)=N[C@H]1[C@H](O)CC(=O)O,0
O=C[C@H](O)[C@H]1OC(=O)[C@@H](O)[C@H]1O,0
O=c1[nH]cnc2c([C@@H]3N[C@@H](CO)[C@H](O)[C@H]3O)c[nH]c12,0
FC(F)(F)C(Cl)Br,1
Cc1noc(-c2ccc(-c3ccc(C4(C(=O)O)CC4)cc3)cc2)c1NC(=O)O[C@H](C)c1ccccc1,0
ONC1=NC[C@@H](O)[C@H](O)[C@H]1O,0
CCCCNC(=O)c1cccc(NC(=O)CCCCCNc2ncnc3nc[nH]c23)c1,0
Nc1cccc(CN2C(=O)N(Cc3cccc(N)c3)[C@H](Cc3ccccc3)[C@H](O)[C@@H](O)[C@H]2Cc2ccccc2)c1,0
C/C=C(/C)C(=O)O[C@H]1C(C)=C2[C@H]([C@@H]1OC(=O)CCCCCCC)[C@@](C)(OC(C)=O)C[C@H](OC(=O)CCCCCCCCCCCNC(=O)C[C@H](N)C(=O)N[C@@H](CCC(=O)N[C@@H](CCC(=O)N[C@@H](CCC(=O)N[C@@H](CCC(=O)O)C(=O)O)C(=O)O)C(=O)O)C(=O)O)[C@@]1(O)[C@H]2OC(=O)[C@@]1(C)O,0
CCCCN(CCN(CCCC)C(=O)N1CCOCC1)C(=O)N1CCOCC1,0
CC1(C)[C@@H](O[C@H]2O[C@H](C(=O)O)[C@@H](O)[C@H](O)[C@H]2O[C@@H]2O[C@H](C(=O)O)[C@@H](O)[C@H](O)[C@H]2O)CC[C@]2(C)[C@H]3C(=O)C=C4[C@@H]5C[C@@](C)(C(=O)O)CC[C@]5(C)CC[C@@]4(C)[C@]3(C)CC[C@@H]12,0
O=C(O)CC1C(=O)OC2C3COC(=O)c4cc(O)c(O)c(O)c4-c4c(cc(O)c(O)c4O)C(=O)OC2C(OC(=O)c2cc(O)c(O)c4c2C1C(O)C(=O)O4)C(OC(=O)c1cc(O)c(O)c(O)c1)O3,1
C[C@@H](O)[C@H]1C(=O)N2C(C(=O)O)=C(S[C@H]3CC[S@@+]([O-])C3)S[C@H]12,0
O=C(O)COc1ccc(C(=O)c2cccs2)c(Cl)c1Cl,1
Oc1ccc(OCc2ccccc2)cc1,0
CCOc1c(Cl)cc(N2CCCCC2)cc1NC(=O)c1cc(C)c(OCCN)c(C)c1,0
O=C(N/N=C/c1cc(Br)c(O)c(Br)c1O)c1ccc(Cl)cc1,0
O=CNC1CCCCC1,0
CC[C@H](C)C(=O)O[C@H]1C[C@@H](C)C=C2C=C[C@H](C)[C@H](CC[C@H]3C[C@@H](O)CC(=O)N3Cc3ccc4c(CO)c(OC)ccc4c3)[C@H]21,0
O=C(O)CCC(=O)CCC(=O)CCC(=O)O,0
O=C1NC2CCCCN2C12CCN(CCCN1c3ccccc3CCc3ccc(Cl)cc31)CC2,0
CCCCC[C@H](CC(=O)NO)C(=O)N[C@H](C(=O)N1CCC[C@H]1CO)C(C)C,0
COC1=CC23CCCN2CCc2cc4c(cc2C3C1O)OCO4,0
CO[C@@H]1[C@H](OC(=O)/C=C/C=C/C=C/C=C/C(=O)O)CC[C@]2(CO2)[C@H]1[C@@]1(C)O[C@@H]1CC=C(C)C,1
CCn1cc(C(=O)O)c(=O)c2cc3c(cc21)OCO3,0
CN1CCc2cccc3c2[C@H]1Cc1ccc(O)c(O)c1-3,0
N#Cc1ccc2[nH]cc(CCCCN3CCN(c4ccc5oc(C(N)=O)cc5c4)CC3)c2c1,0
CN[C@]1(c2ccccc2Cl)CCCCC1=O,0
Clc1ccc(N=Nc2ccc(Cl)c(Cl)c2)cc1Cl,1
O=c1nc(OC[C@@H]2COCCO2)cc2n1CCc1cc(C#CC3CC3)ccc1-2,0
N#Cc1ccc(NCC(F)(F)c2ccccn2)c(F)c1CC(=O)NCCON=C(N)N,0
C[C@H]1[C@H](C)CC[C@]2(C(=O)O)CC[C@]3(C)C(=CC[C@@H]4[C@@]5(C)C[C@@H](O)[C@H](O)[C@@](C)(CO)[C@@H]5[C@H](O)C[C@]43C)[C@H]12,0
O=C(O)CCCC(=O)N[C@H](Cc1ccccc1)P(=O)(O)OCC(=O)NCCc1ccccc1,0
O=C(Cc1cccs1)NC1C(=O)N2C(C(=O)[O-])=C(C[n+]3ccccc3)CSC12,1
CN(C(=O)C(Cl)Cl)c1ccc(OC(=O)c2ccco2)cc1,0
COc1ccc2c(c1)OC(C)(C)[C@@H](c1ccccc1)[C@@H]2c1ccc(OCCN2CCCC2)cc1,0
CCCCCC(=O)O[C@]1(C(C)=O)CC[C@H]2[C@@H]3CCC4=CC(=O)CC[C@]4(C)[C@H]3CC[C@@]21C,1
Cc1cc(Br)c(O)c(-c2nc3ccc(C(=N)N)cc3[nH]2)c1,0
O=C(O)c1c(Cl)c(Cl)c(Cl)c(Cl)c1-c1c2cc([131I])c(=O)c(I)c-2oc2c(I)c(O)c([131I])cc12,0
C=C1C(C)C2C(Cc3ccccc3)NC(=O)C23C(OC(C)=O)C=CC(C)(O)C(=O)C(C)CC=CC3C1O,1
CC[C@H](C)[C@H](NC(=O)[C@H](Cc1ccc(O)cc1)NC(=O)[C@@H](NC(=O)[C@H](CCCN=C(N)N)NC(=O)[C@@H](N)CC(=O)O)C(C)C)C(=O)N[C@@H](Cc1cnc[nH]1)C(=O)N1CCC[C@H]1C(=O)N[C@@H](Cc1ccccc1)C(=O)O,0
CO[C@H]1O[C@H](CO)[C@@H](S)[C@H](O)[C@H]1O,0
O=C[C@@H]1CCC(=O)N1,0
N[C@@H](CCC(=O)O[C@H]1O[C@H](CO)[C@@H](O)[C@]1(O)F)C(=O)O,0
O=[Si](O)O[Si](O)(O)O[Si](=O)O,0
CCNC(C)Cc1cccc(C(F)(F)F)c1,1
C[C@@H](O)[C@H](N)c1nc(/C=C2\C=Nc3cccc(N)c32)c(O)n1CC(=O)O,0
COc1cc2c(N3CCN(C(=O)Nc4ccc(OC(C)C)cc4)CC3)ncnc2cc1OCCCN1CCCCC1,0
N[C@H](Cc1cnc[nH]1)C(=O)Nc1ccc2ccccc2c1,0
NC(N)=NCCC[C@H](NC(=O)[C@@H]1CCCN1C(=O)[C@H](N)Cc1ccccc1)[C@H](O)CCl,0
Oc1ccc(Cc2nccc3cc(O)c(O)cc23)cc1O,0
NC(=O)CN1Cc2ccccc2OC1=O,0
CCCCN1C(=O)C(C(O)C2CCCCC2)NC(=O)C12CCN(Cc1ccc(Oc3ccc(C(=O)O)cc3)cc1)CC2,1
CS(=O)(=O)Nc1ccc2oc3c(OC(F)F)ccc(C(=O)Nc4c(Cl)cncc4Cl)c3c2c1,0
C[C@@H]1CC[C@H]2[C@@H](C)C(O)O[C@@H]3O[C@@]4(C)CC[C@@H]1[C@]32OO4,0
CC1(C)S[C@@H]2[C@H](NC(=O)COc3ccccc3)C(=O)N2[C@H]1C(=O)O,0
CCOc1ccccc1O[C@H](c1ccccc1)[C@H]1CNCCO1,0
Cc1ccco1,1
C=CCOc1ccccc1OCC(O)CNC(C)C,0
CC(C)OP(=O)(O)O,0
CC(=O)N[C@H]1[C@H]([C@H](O)[C@H](O)CO)O[C@@](O)(C(=O)O)C[C@@H]1O,0
COc1cc(Nc2ncc3ccn(-c4ccccn4)c3n2)cc(OC)c1OC,0
COc1cc2c(cc1OC)-c1cc3ccc4c(c3c[n+]1CC2)OCO4,1
O=C(O)Cn1cc(I)c(=O)c(I)c1,0
C[C@]12CC[C@@H]3c4ccc(OC(=O)N(CCCl)CCCl)cc4CC[C@H]3[C@@H]1CC[C@@H]2O,0
CN1[C@@H]2CC(OC(=O)[C@H](CO)c3ccccc3)C[C@H]1[C@@H]1O[C@@H]12,0
CCC(CC)C(=O)Oc1ccccc1C(=O)OC,0
O=C(O)COc1c(C(=O)O)sc2ncccc12,0
NC(Cc1ccc(B(O)O)cc1)C(=O)O,0
Cc1nc(C#Cc2ccnc(Cl)c2)c(C)n1-c1ccc(F)cc1,0
CCOc1cc(C(CS(C)(=O)=O)N2C(=O)c3cccc(NC(C)=O)c3C2=O)ccc1OC,0
CNCC(O)c1ccc(O)cc1,0
Cc1c(NC(=O)C(C)N(C)C)c(=O)n(-c2ccccc2)n1C,0
CCCl,0
Nc1cccc2cnccc12,0
N#C[C@@H]1C[C@@H]2C[C@@H]2N1C(=O)[C@@H](N)C12C[C@@H]3C[C@@H](CC(O)(C3)C1)C2,0
O=C1c2c(O)cccc2C([C@@H]2O[C@H](CO)[C@@H](O)[C@H](O)[C@H]2O)c2cc(CO)cc(O)c21,0
CNC(=O)ON=CC(C)(C)SC,1
Cc1c(Cl)cccc1Nc1ccccc1C(=O)O,1
Nc1nc(F)nc2c1ncn2[C@@H]1O[C@H](CO)[C@@H](O)[C@@H]1O,0
C=CC[C@]1(O)CC[C@H]2[C@@H]3CCC4=CCCC[C@@H]4[C@H]3CC[C@@]21C,0
Cc1cn(C2C=CC(CO)O2)c(=O)[nH]c1=O,1
CC(=O)OCc1ccccc1,1
CC(=O)[C@@]1(O)CC[C@H]2[C@@H]3CCC4=CC(=O)CC[C@@H]4[C@H]3CC[C@@]21C,0
O=C(O)c1ccc(-n2nc(-c3ccccc3O)nc2-c2ccccc2O)cc1,1
Cc1ncc(COP(=O)(O)O)c(CN[C@@](C)(CCC(=O)O)C(=O)O)c1O,0
C[C@H]1NCc2cc(-c3ccc4c(=O)c(C(=O)O)cn(C5CC5)c4c3OC(F)F)ccc21,0
CCc1ccc([C@@H]2O[C@H](CO)[C@@H](O)[C@H](O)[C@H]2O)cc1Cc1ccc2c(c1)OCCO2,0
C[C@@H](c1ccc(-c2ccccc2)c(F)c1)c1cc(/N=C(\N)N2CCOCC2)on1,0
CN(C)c1cc(NC(=O)CNC(C)(C)C)c(O)c2c1C[C@H]1C[C@H]3[C@H](N(C)C)C(O)=C(C(N)=O)C(=O)[C@@]3(O)C(O)=C1C2=O,1
Cn1cc(C2=C(c3cccc(NC[C@H](O)CO)c3)C(=O)NC2=O)c2cc(F)ccc21,0
C[C@@H]1C[C@H]2[C@@H]3C[C@H](F)C4=CC(=O)C=C[C@]4(C)[C@@]3(F)[C@@H](O)C[C@]2(C)[C@@]1(O)C(=O)SCF,0
Cc1cn([C@@H]2O[C@H](COP(=O)(O)O)[C@@H](O)[C@H]2O)c(=O)[nH]c1=O,0
O=C(O)CC[C@H](NC(=O)N[C@@H](CCCCNC(=O)c1ccc(F)nc1)C(=O)O)C(=O)O,0
CNC(=O)[C@@H](N)C(C)(C)C,0
CCCCCCC[C@@H](O)C[C@H]1O[C@@](CO)(O[C@H]2O[C@H](CO)[C@@H](O)[C@H](O)[C@H]2O)[C@@H](O)[C@@H]1O,0
CC1(C)CC[C@]2(NC(=O)C(C)(F)F)CC[C@]3(C)[C@H](C(=O)C=C4[C@@]5(C)C=C(C#N)C(=O)C(C)(C)[C@@H]5CC[C@]43C)[C@@H]2C1,0
CCCCOc1ccc2cc(S(=O)(=O)N[C@H](CCC(=O)O)C(=O)O)ccc2c1,0
S=C=S,1
N=C(N)c1cccc(O[C@H]2CO[C@H]3[C@@H]2OC[C@H]3Oc2cccc(C(=N)N)c2)c1,0
COC(=O)C1=C(C)NC(C)=C(C(=O)OC2CCN(Cc3ccccc3)C2)C1c1cccc([N+](=O)[O-])c1,1
COCCc1sc(S(=O)(=O)NC(=O)Nc2cc(C(F)(F)F)cc(C)n2)cc1C,0
CCC[C@@]1(CCc2ccccc2)CC(O)=C([14C@H](CC)c2cccc(NS(=O)(=O)c3ccc(C(F)(F)F)cn3)c2)C(=O)O1,0
CC(C)N1CCN(c2ccc(OC[C@H]3CO[C@](Cn4cncn4)(c4ccc(Cl)cc4Cl)O3)cc2)CC1,0
CCCC[C@H](NC(=O)[C@H](CO)NC(=O)[C@H](Cc1ccc(O)cc1)NC(=O)[C@H](CO)NC(C)=O)C(=O)N[C@@H](CCC(=O)O)C(=O)N[C@@H](Cc1c[nH]cn1)C(=O)N[C@@H](Cc1ccccc1)C(=O)N[C@@H](CCCNC(=N)N)C(=O)N[C@@H](Cc1c[nH]c2ccccc12)C(=O)NCC(=O)N[C@@H](CCCCN)C(=O)N1CCC[C@H]1C(=O)N[C@H](C(N)=O)C(C)C,0
Cc1cc2c(cc1C)N(C(=O)C(C)C)c1c(nc([O-])[nH]c1=O)N2C[C@H](O)[C@H](O)[C@H](O)COP(=O)(O)OP(=O)(O)OC[C@H]1O[C@@H]([N+]2=CN=C3C(=N)N=CN=C32)[C@H](O)[C@@H]1O,0
CCN(CC)c1nc(NN)nc(N(CC)CC)n1,0
CC(C)(C)c1ccc(CN(Cc2cccc(OCC(=O)O)c2)S(=O)(=O)c2cccnc2)cc1,0
c1ccc(-c2cc3nc4ccccc4nc3s2)cc1,0
Cl[111In](Cl)Cl,0
Cc1cc(OCC(=O)O)cc(C)c1Cc1ccc(O)c(C(C)C)c1,0
Cc1ncc(NC(=O)c2ccc(CN3CCN(C)CC3)c(C(F)(F)F)c2)cc1Nc1nccc(-c2cccnc2)n1,0
CC1OC(OC2C=C3CCC4C(CCC5(C)C(c6ccc(=O)oc6)CCC45O)C3(C)CC2)C(O)C(O)C1O,1
CC(C)C[C@@H](C=O)[C@H](O)C(=O)NO,0
O=c1c(O)c(-c2ccccc2)oc2ccccc12,1
CCOc1ccc(-c2nc(-c3cccc(C(=O)O)n3)cs2)cc1OCC,0
C[C@@H]1CN(C(=O)[C@@](C)(O)C(F)(F)F)[C@@H](C)CN1C(=O)c1ccc(C#N)cc1,0
CC(C)C(C)C=CC(C)C1CCC2C3=CC=C4CC(O)CCC4(C)C3CCC21C,1
C=C1C[C@]23C[C@H]1CC[C@H]2[C@@]12CC[C@H](O)[C@@](C)(C(=O)O1)[C@H]2[C@@H]3C(=O)O,0
NC(=O)OCC(O)c1ccccc1,0
C[C@@H]([C@H](O)c1ccccc1)N(C)C,0
CCOC(=O)C1(c2ccccc2)CCN(CCOCCO)CC1,0
CP(=O)(F)OC1CCCCC1,1
C[C@H](C(=O)O)C(=O)SCCNC(=O)CCNC(=O)[C@H](O)C(C)(C)COP(=O)(O)OP(=O)(O)OC[C@H]1O[C@@H](n2cnc3c(N)ncnc32)[C@H](O)[C@@H]1OP(=O)(O)O,0
O=C1c2ccccc2C(=O)c2ccccc21,1
Nc1ccc(/N=N/c2ccc(S(N)(=O)=O)cc2)c(N)c1,0
CC(C)(C)C(=O)NNCc1ccccc1,0
CCCCCCCCCCCC[N+](C)(C)CC(=O)[O-],0
Cn1cnc2c(N)nc[n+](C)c21,0
CC(O)(P(=O)(O)O)P(=O)(O)O,0
[2H]C1([2H])C([C@@H](CC#N)n2cc(-c3ncnc4[nH]ccc34)cn2)C([2H])([2H])C([2H])([2H])C1([2H])[2H],0
CC(C)N1CCOC(c2cccc(C(F)(F)F)c2)C1,0
CC(C)(C)c1ccc(Oc2ccc(N)cn2)cc1,0
O=C(O)CC/C(=N\OC[C@H](NC(=O)COc1ccccc1)C(=O)O)C(=O)O,0
Cc1cc(Nc2ccc(C(=O)/C=C/c3ccc4ccccc4c3)cc2)n2nc(SCc3nc4ccccc4[nH]3)nc2n1,0
CC/C(=C(\c1ccccc1)c1ccc(OCCN(C)C)cc1)c1ccccc1,1
c1ccoc1,1
NC(CSCC(=O)O)C(=O)O,1
CC(N)C(=O)NC(C)C(=O)NC1C2CN(c3nc4c(cc3F)c(=O)c(C(=O)O)cn4-c3ccc(F)cc3F)CC21,1
CCOC(=O)C1=C(C)NC(=S)N[C@H]1c1cccc(O)c1,0
CCOC(=O)Nc1ccc(NCc2ccc(F)cc2)nc1N,1
CC(C)(C)c1ccc(CCC(O)COc2ccc(C(=O)O)cc2)cc1,0
O=C(CN[C@@H]1CCNC1)N1CCC[C@H]1B(O)O,0
O=S(=O)(O)c1ccc(N=Nc2cc(S(=O)(=O)O)c3ccccc3c2O)c2ccccc12,1
C[N+]1(C)CCCC1COC(=O)C(O)(c1ccccc1)c1ccccc1,0
Nc1nc(CCc2ccc3cc[nH]c3c2)cc(=O)[nH]1,0
CC(=O)OC1CC2(C)C3(CO3)C1OC1C=C(C)C(=O)C(O)C12CO,1
CC1(C)CC(=O)c2sc(N3CCOCC3)nc2C1,0
CC(C)(C)OC(=O)N[C@@H](Cc1ccccc1)C(=O)C[C@H](Cc1ccccc1)C(=O)N[C@@H](CCC(N)=O)C(=O)N[C@@H](Cc1ccccc1)C(N)=O,0
CN1CCCC1c1cccnc1,0
CO[C@H]1[C@H](O)[C@@H](O)[C@H](O)O[C@@H]1C(=O)O,0
CCC[C@@H](/C=C/S(=O)(=O)c1ccccc1)NC(=O)[C@H](Cc1ccccc1)NC(=O)N1CCC(N2CCOCC2)CC1,0
NS(=O)(=O)c1ccc(Nc2cc(OCC3CCCCC3)nc3ncnn23)cc1,0
CC(C)=CCOc1c2occc2cc2ccc(=O)oc12,1
CN1CCCCC1CCN1c2c(Cl)cc(Cl)cc2Sc2cc(Cl)cc(Cl)c21,0
COc1ccc(Cl)c(-c2ccc(NC(=O)c3ccnn3C)nc2N)c1,0
CC(=O)NC1CCSC1=O,0
CC1(C)S[C@@H]2[C@H](NC(=O)[C@H](N)c3ccc(O)cc3)C(=O)N2[C@H]1C(=O)O,1
CCC(=O)c1c(O)cc(O)cc1O,0
CCCCCCCCC(=O)NCc1ccc(CC(O)CO)c(OC)c1,1
CC(/C=C/C=C(C)/C=C/C(=O)O)=C\C=C\C=C(C)\C=C\C=C(C)\C=C\C(=O)O,0
CCCCS(=O)(=O)CCC(=O)O,0
Cc1c(C(=O)c2cccc3ccccc23)c2cccc3c2n1[C@H](CN1CCOCC1)CO3,0
NC(=O)OC[C@@H]1[C@H](NC(=O)/C(=N\OCC(=O)O)c2csc(N)n2)C(=O)N1S(=O)(=O)O,1
N[C@@H](Cc1ccc(CC(F)(F)F)cc1)C(=O)O,0
CCCCCCCCCCC(CO)CCCCCCCC,0
C[C@H](O)[C@H](CCc1cccc2nc(-c3ccc(Cl)cc3)oc12)n1cnc(C(N)=O)c1,0
Cc1cn([C@@H]2O[C@@]3(COP(O)(=S)O[C@H]4[C@H]5OC[C@]4(COP(O)(=S)O[C@@H]4[C@H](O)[C@@H](COP(O)(=S)O[C@H]6[C@@H](O)[C@H](n7cnc8c(=O)[nH]c(N)nc87)O[C@@H]6COP(O)(=S)O[C@H]6[C@@H](O)[C@H](n7ccc(N)nc7=O)O[C@@H]6COP(O)(=S)O[C@H]6[C@@H](O)[C@H](n7ccc(N)nc7=O)O[C@@H]6COP(O)(=S)O[C@H]6C[C@H](n7cc(C)c(=O)[nH]c7=O)O[C@@H]6COP(O)(=S)O[C@H]6[C@@H](O)[C@H](n7ccc(N)nc7=O)O[C@@H]6COP(O)(=S)O[C@H]6C[C@H](n7cc(C)c(=O)[nH]c7=O)O[C@@H]6COP(O)(=S)O[C@H]6[C@@H](O)[C@H](n7cnc8c(=O)[nH]c(N)nc87)O[C@@H]6COP(O)(=S)O[C@H]6[C@@H](O)[C@H](n7cnc8c(=O)[nH]c(N)nc87)O[C@@H]6COP(O)(=S)O[C@H]6[C@@H](O)[C@H](n7cnc8c(N)ncnc87)O[C@@H]6COP(O)(=S)O[C@H]6[C@H]7OC[C@]6(COP(O)(=S)O[C@H]6[C@H]8OC[C@]6(COP(O)(=S)O[C@H]6[C@H]9OC[C@]6(CO)O[C@H]9n6cc(C)c(=O)[nH]c6=O)O[C@H]8n6cc(C)c(=O)[nH]c6=O)O[C@H]7n6cc(C)c(=O)[nH]c6=O)O[C@H]4n4cnc6c(N)ncnc64)O[C@H]5n4cc(C)c(=O)[nH]c4=O)CO[C@@H]2[C@@H]3OP(O)(=S)OC[C@@]23CO[C@@H]([C@H](n4cnc5c(=O)[nH]c(N)nc54)O2)[C@@H]3O)c(=O)nc1N,0
O=C(O)c1cnn(-c2ccccc2)c1,0
O=C(CCCC[C@@H]1SC[C@@H]2NC(=O)N[C@@H]21)Nc1ccc([N+](=O)[O-])cc1,0
COc1cc(F)c(C(C)C)cc1C1=C(CN2C(=O)O[C@H](c3cc(C(F)(F)F)cc(C(F)(F)F)c3)[C@@H]2C)CC(C)(C)CC1,0
CC(C)[C@H](NC(=O)Cn1c(-c2ccc(N)cc2)ncc(NS(C)(=O)=O)c1=O)C(=O)C(F)(F)F,0
CC(C)[N+](C)(CCOC(=O)C1c2ccccc2Oc2ccccc21)C(C)C,0
CC(=O)N[C@H]1[C@H]([C@H](O)[C@H](O)CO)O[C@](O)(C(=O)O)C[C@@H]1O,0
CC1(C)N[C@H](C(=O)O)CS1,0
Nc1c(S(=O)(=O)O)cc(Nc2ccc(Nc3nc(Cl)nc(Nc4ccccc4S(=O)(=O)O)n3)c(S(=O)(=O)O)c2)c2c1C(=O)c1ccccc1C2=O,0
OCCOCCN1CCN(C(c2ccccc2)c2ccc(Cl)cc2)CC1,0
NC[C@@H](CC(=O)O)c1ccc(Cl)cc1,0
CC(C)(COP(=O)(O)OP(=O)(O)OC[C@H]1O[C@@H](n2cnc3c(N)ncnc32)[C@H](O)[C@@H]1OP(=O)(O)O)[C@@H](O)C(=O)NCCC(=O)NCCSC(=O)c1ccc(O)cc1,0
N[C@@H](Cc1ccc2ccccc2c1)C(=O)O,0
COCCOc1cc(C)nc(N)n1,0
CCCCC(C)C(OC(=O)CC(CC(=O)O)C(=O)O)C(CC(C)CC(O)CCCCC(O)CC(O)C(C)N)OC(=O)CC(CC(=O)O)C(=O)O,1
Clc1cccc(-c2ccc(Cl)c(Cl)c2Cl)c1Cl,1
COc1ccc2c(c1)Sc1ccc(C(C)C(=O)O)cc1N2C,0
OCC(CO)(CO)CO,0
COc1ccc(OC)c(/C=C\c2cnc3nc(N)nc(N)c3c2C)c1,0
O=C(O)C(=O)CC(=O)c1cccc(N(Cc2ccccc2)Cc2ccccc2)c1,0
CC1(C)CCC2(C(=O)O)CCC3(C)C(=CCC4C5(C)CC(O)C(O)C(C)(CO)C5CCC43C)C2C1,1
[103Pd],0
Nc1ncnc2c1ncn2[C@@H]1O[C@H](/C=C/CNC(=O)c2cc([N+](=O)[O-])cc(O)c2O)[C@@H](O)[C@H]1O,0
CC(C)(N)c1ccc(-c2nc(Nc3ccc(CCN4CCOCC4)cc3)ncc2Cl)cc1,0
C[C@H]1O[C@H](O)[C@H](O)[C@@H](O)[C@H]1O,0
C[C@H](NC(=O)OCc1ccccc1)C(=O)O,0
CCCOc1ccnc2[nH]cc(-c3ccnc(N)n3)c12,0
Cc1cc(O)c2c(O)c3c(O)cc(=O)c4c5c(O)cc(O)c6c(O)c7c(=O)cc(C)c8c1c2c(c34)c(c65)c78,0
O=P(N1CC1)(N1CC1)N1CC1,1
COc1cc2c(cc1Cc1cccc(Cl)c1F)c(=O)c(C(=O)O)cn2[C@H](CO)C(C)C,0
COc1cc(NS(=O)(=O)c2ccc(N)cc2)nc(OC)n1,1
CS(=O)(=O)OCCC(=O)N1CCN(C(=O)CCOS(C)(=O)=O)CC1,0
CO[C@@H](Cc1ccccc1)[C@@H](C)/C=C(C)/C=C/[C@H](N)[C@H](C)C(=O)O,0
C[C@@H](NC(=O)c1ncnc(N)c1Cl)c1ncc(C(=O)Nc2cc(C(F)(F)F)c(Cl)cn2)s1,0
NC[C@@]1(O)NC(=O)C(=O)N1CC(=O)O,0
N#Cc1ccc(N2[C@@H]3CC[C@H]2CC(O)C3)c2ccccc12,0
CCN(CC)CCn1c(Cc2ccc(Cl)cc2)nc2cc([N+](=O)[O-])ccc21,0
O=C1c2ccccc2-n2c1nc1ccccc1c2=O,1
C[N+](C)(C)CCOP(=O)([O-])OC[C@H](O)CO,0
CCCCCCCCCCCCCCOc1ccc(C(=O)OCC(=O)N(C)CC(=O)OCC)o1,0
COC(=O)Nc1nc2ccc(C3(O)c4ccccc4C(=O)N3c3cc(Cl)ccc3C)cc2[nH]1,0
O=C(CNS(=O)(=O)c1ccccc1C(=O)NCCc1ccc(O)c(O)c1)Nc1ccc(O)cc1,0
CCN(CC)CCn1c2c(c3ccc(OC)cc31)CCN1C[C@H]3C[C@@H](OC(=O)c4cc(OC)c(OC)c(OC)c4)[C@H](OC)[C@@H](C(=O)OC)[C@H]3C[C@H]21,0
CC[Sn](Br)(CC)CC,1
CC#CCOc1ccc(S(=O)(=O)CCCS)cc1,0
CC(=O)N/N=C/c1c(-c2nc(NCCN3CCCC3)c3ccccc3n2)[nH]c2ccccc12,0
CC(=O)NS(=O)(=O)c1ccc(NC(=O)c2ccccc2C(=O)O)cc1,0
Cc1cc(OCCCS(C)(=O)=O)cc(C)c1-c1cccc(COc2cc3c(cn2)[C@H]2[C@@H](C3)[C@@H]2C(=O)O)c1,0
O=c1[nH]cnc2cc[nH]c12,0
C[N+](C)(C)CCOC(Cc1ccccc1)c1ccccc1,0
CCCCC(F)(F)C1(O)CCC2C(CC(=O)C2CCCCCCC(=O)O)O1,0
CC(C)(C)NCC(O)c1ccc(O)c(CO)n1,0
O=C(C[S+]([O-])C(c1ccccc1)c1ccccc1)NO,0
O=C(O)/C=C/c1ccc(O)c(O)c1,0
O=C[C@@H](O)[C@H](O)[C@@H](O)[C@@H](O)CO,0
CC(C)(C)c1ccc(O)cc1,1
CC12CCC(=O)C=C1CCC1C2C(O)CC2(C=O)C(C(=O)CO)CCC12,1
Nc1ncnc2c1ncn2[C@@H]1O[C@H](COS(=O)(=O)NC(=O)[C@@H](N)CS)[C@@H](O)[C@H]1O,0
O=C(O)[C@H](Cc1ccccc1)N(Cc1cccc(C(F)(F)F)c1)C(=O)c1ccc(Cl)cc1Cl,0
COc1ccc2c(c1)N(CC(C)CN1CCC(O)CC1)c1ccccc1S2,0
C=C1/C(=C/C=C2\CCC[C@]3(C)[C@@H]([C@H](C)OCCC(C)(C)O)CC[C@@H]23)C[C@@H](O)C[C@@H]1O,0
COc1cc(C2OCC3C(c4ccc(O)c(OC)c4)OCC23)ccc1O,1
CN(C)c1cccc2c(S(=O)(=O)NCCCC[C@H](N)C(=O)O)cccc12,0
Cc1cnc(NCCCN(C)C)c2c1[nH]c1ccc3cc(O)ccc3c12,0
O=C(NCc1ccccc1)c1cc(-c2[nH]ncc2-c2cccc(Cl)c2)c[nH]1,0
CN1COCN(Cc2cnc(Cl)s2)C1=N[N+](=O)[O-],1
COCC1CN=C(c2ccccc2Cl)c2cc(Br)ccc2N1C,0
O=P(O)(O)Oc1ccccc1,0
CCCCC(CC)COP(=O)(OCC(CC)CCCC)OCC(CC)CCCC,1
CC(C)c1cc(Oc2c(Br)cc(NC(=O)CC(=O)O)cc2Br)ccc1O,0
c1ccc2c(c1)ccc1ccccc12,1
C=C(Br)CO,0
O=C(O)c1ccc(Cl)cc1,0
CCCCCCCCCC(=O)N[C@@H](Cc1c[nH]c2ccccc12)C(=O)N[C@H](CC(N)=O)C(=O)N[C@@H](CC(=O)O)C(=O)N[C@@H]1C(=O)NCC(=O)N[C@@H](CCCN)C(=O)N[C@@H](CC(=O)O)C(=O)N[C@H](C)C(=O)N[C@@H](CC(=O)O)C(=O)NCC(=O)N[C@H](CO)C(=O)N[C@@H]([C@H](C)CC(=O)O)C(=O)N[C@@H](CC(=O)c2ccccc2N)C(=O)O[C@@H]1C,0
NC1=NCCS1,0
CC12CCC3C(CC=C4CC(O)CCC43C)C1CCC2=O,1
CCOc1ccc2c3c1O[C@H]1[C@@H](O)C=C[C@H]4[C@@H](C2)N(C)CC[C@@]341,0
CNC(=C[N+](=O)[O-])NCCSCc1csc(CN(C)C)n1,1
Cc1nc(OCCCCCN2CCCCC2)cc(-c2ccc(F)cc2)n1,0
COc1cc(C)[nH]c(=O)c1CNC(=O)c1c(C)n([C@H](C)C2CCN(CC(F)(F)F)CC2)c2ccccc12,0
NS(=O)(=O)c1ccc(N2CCCCS2(=O)=O)cc1,0
CN1CCCCC1CCN1c2ccc(Br)cc2Sc2cc(Br)ccc21,1
COC1=C(OC)C(=O)C(CC=C(C)CCC=C(C)CCC=C(C)CCC=C(C)CCC=C(C)CCC=C(C)CCC=C(C)CCC=C(C)CCC=C(C)CCC=C(C)C)=C(C)C1=O,0
CO/C(=C/C(N)=O)[C@H](C)[C@H](/C=C/c1csc(-c2csc([C@@H](C)/C=C/C=C/C(C)C)n2)n1)OC,0
Nc1ccc(C#Cc2cnn3c(C(F)(F)F)cc(-c4ccc(C(F)(F)F)cc4)nc23)cn1,0
COCCOCCOCCOCCO,0
CCCCCCCCCCCCCCC[C@H](O)[C@@H](N)CO,0
C[N+]1(CC(=O)c2ccc(-c3ccccc3)cc2)[C@@H]2CC[C@H]1C[C@@H](OC(=O)[C@H](CO)c1ccccc1)C2,0
c1ccc(CC2=NCCN2)cc1,0
O=C(O)C1(Cc2cccc(Nc3nccs3)n2)CCC(Oc2cccc(Cl)c2F)CC1,0
CNC(=O)C[C@@H]1NC(=O)c2csc(n2)-c2ccc(-c3nc(C4=N[C@H](C(=O)N5CCC[C@H]5C(N)=O)CO4)cs3)nc2-c2csc(n2)-c2csc(n2)[C@H]([C@@H](O)c2ccccc2)NC(=O)CNC(=O)c2nc(sc2COC)[C@H](C(C)C)NC(=O)c2nc1sc2C,0
NC(=S)Nc1cccc2ccccc12,1
Cc1c([N+](=O)[O-])cccc1[N+](=O)[O-],1
CCOP(=O)(Cc1ccc(C(=O)Nc2ccc(Br)cc2C#N)cc1)OCC,1
CC(=O)N[C@@H](CC(C)C)C(=O)O,0
C[C@@H]1C[C@@H](NO)N[C@H]1C(=O)O,0
COc1ccccc1-c1c[nH]c2ncc(-c3cncc(C(=O)N(C)C)c3)cc12,0
C=CCCC(=O)O,1
Cc1cccc2c1NC(=O)[C@@H](NC(=O)[C@H](CCC(F)(F)F)[C@H](CCC(F)(F)F)C(N)=O)N=C2c1cccc(F)c1,0
O=c1c2c(O)cccc2oc2c([N+](=O)[O-])ccc(O)c12,0
O=C1OCC(Cc2cccc(O)c2)C1Cc1cccc(O)c1,1
O=C(N[C@H]1CCCNC1)c1[nH]ncc1NC(=O)c1c(F)cccc1F,0
CN=C(NS(=O)(=O)c1ccc(Cl)cc1)N1C[C@H](c2ccccc2)C(c2ccc(Cl)cc2)=N1,0
COC(=O)Nc1c(N)nc(-c2nn(Cc3ccccc3F)c3ncc(F)cc23)nc1N,0
CCOP(=O)(O)OP(=O)(O)O,0
O=Cc1ccccc1C=O,1
Nc1ncnc2c1ncn2[C@@H]1O[C@H](CF)[C@@H](O)[C@H]1O,0
O=NN(CCCl)C(=O)N[C@H]1C(O)O[C@H](CO)[C@@H](O)[C@@H]1O,1
CC(C)[C@@H](CC[C@@H](C)[C@H]1CC[C@H]2[C@@H]3[C@H](O)C[C@H]4C[C@@H](NCCCNCCCCNCCCN)CC[C@]4(C)[C@H]3CC[C@]12C)OS(=O)(=O)O,0
Cc1nc2c(O)cccc2c(=O)[nH]1,0
CCNC(=O)c1noc(-c2cc(C(C)(C)C)c(O)cc2O)c1-c1ccc(CN2CCOCC2)cc1,0
C=CC(=C)Cl,1
CC1CCC2(OC1)OC1CC3C4CC=C5CC(O)CCC5(C)C4CCC3(C)C1C2C,1
CCC[C@@H](C)C[C@H](N)CC(=O)O,0
CCCCCCCN(CC)CCCC(O)c1ccc(NS(C)(=O)=O)cc1,0
CC[C@@]1(O)C(=O)OCc2c1cc1n(c2=O)Cc2c-1nc1ccccc1c2CCNC(C)C,0
CCCCCC(=O)OC[C@H](CCP(=O)([O-])OCC[N+](C)(C)C)OC(=O)CCCCC,0
C[C@@H](O)[C@@H]1NC(=O)[C@H](CCCCN)NC(=O)[C@@H](Cc2c[nH]c3ccccc23)NC(=O)[C@H](Cc2ccccc2)NC(=O)[C@@H](NC(=O)[C@H](N)Cc2ccccc2)CSSC[C@@H](C(=O)N[C@H](CO)[C@@H](C)O)NC1=O,1
CCn1c(=O)c2c(C)[nH]nc2c2ccccc21,0
NC1CC1c1ccccc1,1
C[C@H](O)[C@@H](CCc1cccc2ccccc12)n1cnc(C(N)=O)c1,0
CC(C)(C)C(O)C=Cc1ccc2c(c1)OCO2,0
CC(=O)CC(C)C,1
CC(C)(O)C(Cl)(Cl)Cl,0
CCc1nc(CC)nc(NS(=O)(=O)c2ccc(N)cc2)n1,0
CC(C)(N)C(=O)NC(Cc1c[nH]c2ccccc12)C(=O)NC(Cc1c[nH]c2ccccc12)NC=O,0
CC1(C)SCCN(S(=O)(=O)c2ccc(OCC#CCO)cc2)[C@H]1C(=O)NO,0
COC1(NC(=O)C(C(=O)O)c2ccc(O)cc2)C(=O)N2C(C(=O)O)=C(CSc3nnnn3C)COC21,1
C/C(O)=C(\C#N)C(=O)Nc1ccc(-c2ccccc2)cc1,0
N[C@@H](Cc1ccc(O)c(F)c1)C(=O)O,0
O=C[C@H](O)[C@H](O)[C@H](O)CO,0
Clc1cc2c(cc1Cl)Oc1c(cc(Cl)c(Cl)c1Cl)O2,1
COC(=O)[C@H]1[C@H]2C[C@@H]3c4[nH]c5ccccc5c4CCN3C[C@H]2C[C@@H](OC(=O)c2cc(OC)c(OC)c(OC)c2)[C@@H]1OC,0
CCOC(=O)CSCCC1NC(C(=O)O)CS1,0
C#CCN1C(=O)CN=C(c2ccccc2)c2cc(Cl)ccc21,0
CC(=O)OCC1=C(C(=O)O)N2C(=O)[C@@H](NC(=O)[C@H](N)c3ccccc3)[C@H]2SC1,0
CC(NCCC(c1ccccc1)c1ccccc1)c1ccccc1,0
C#CCOC(C(=O)OCCN(C)C)(c1ccccc1)c1ccccc1,0
C=C(C)CNc1ccc(C(C)C(=O)O)cc1,0
Cn1cc(C2=C(c3cn(C4CCN(Cc5ccccn5)CC4)c4ccccc34)C(=O)NC2=O)c2ccccc21,0
CCCCCCCCCCCCCC(=O)CSCCNC(=O)CCNC(=O)[C@@H](O)C(C)(C)COP(=O)(O)OP(=O)(O)OC[C@H]1O[C@@H](n2cnc3c(N)ncnc32)[C@H](O)[C@@H]1OP(=O)(O)O,0
CCCCCCCCC=CCCCCCCCC(=O)OCC(COC(=O)CCCCCCCC=CCCCCCCCC)OC(=O)CCCCCCCC=CCCCCCCCC,1
COc1ccc(CC(N)=O)cc1,0
O=C([C@@H]1CCCN1C(=O)CCn1c(=O)c(-c2ccccc2)nc2ccccc21)N1CCCC1,0
O=[N+]([O-])c1cncn1CCN1CCOCC1,0
O=C(O)CCCCCCNC1c2ccccc2CCc2ccccc21,1
CC1CC2C3CCC4=CC(=O)C=CC4(C)C3(F)C(O)CC2(C)C1C(=O)CO,1
O=C(c1ccccc1)c1ccc(O)cc1O,1
COC(=O)CCNC(=O)c1cc(-c2ccc(F)cc2F)cc(I)c1O,0
NS(=O)(=O)c1cc2c(cc1Cl)NC(C(Cl)Cl)NS2(=O)=O,1
C[C@H](Nc1nccc(-c2c(-c3cccc(C(F)(F)F)c3)nc(C3CCNCC3)n2C)n1)c1ccccc1,0
[N-]=[N+]=CC(=O)OC[C@H](N)C(=O)O,1
CNCC(O)c1ccc(O)c(O)c1,0
CCN(CC)CCOC(=O)C(=Cc1ccccc1)c1ccccc1,0
[HH],1
C=C1/C(=C\C=C2/CCC[C@]3(C)[C@@H]([C@H](C)CCCC(C)(C)O)CC[C@@H]23)C[C@@H](O)C[C@@H]1O,0
CCOC(=O)N[C@@H](CC(C)C)C(=O)O,0
O=C(O)[C@@H](O)[C@H](O)C(=O)O,0
ON=Cc1cc[n+](CCC[n+]2ccc(C=NO)cc2)cc1,1
COc1cccc(C=O)c1OP(=O)(O)O,0
COc1cc(/N=C(\N)N2CCN(c3cnc(-c4cccc(Cl)c4Cl)c(N)n3)CC2)ccc1C#N,0
CC(C)C[C@@]1(C(=O)O)C[C@H](C(=O)O)[C@H](c2cccs2)N1C(=O)c1ccc(C(F)(F)F)cc1,0
OCCOc1ccc(C(=C(CCCl)c2ccccc2)c2ccccc2)cc1,0
CCCCNS(=O)(=O)c1ccccc1,0
O=C(O)c1cc(Br)ccc1NS(=O)(=O)c1ccc(Cl)cc1,0
CC(=O)[C@@]12O[C@](C)(c3ccccc3)O[C@@H]1C[C@H]1[C@@H]3CCC4=CC(=O)CC[C@]4(C)[C@H]3CC[C@@]12C,0
O=P(O)(O)C(Sc1ccc(Cl)cc1)P(=O)(O)O,0
Cc1cn([C@@H]2O[C@@]3(COP(O)(=S)O[C@@H]4[C@@H](OP(O)(=S)OC[C@H]5O[C@@H](n6cc(C)c(=O)[nH]c6=O)[C@H](O)[C@@H]5OP(O)(=S)OC[C@H]5O[C@@H](n6cnc7c(=O)[nH]c(N)nc76)[C@H](O)[C@@H]5OP(O)(=S)OC[C@H]5O[C@@H](n6cnc7c(=O)[nH]c(N)nc76)[C@H](O)[C@@H]5OP(O)(=S)OC[C@H]5O[C@@H](n6ccc(N)nc6=O)[C@H](O)[C@@H]5OP(O)(=S)OC[C@H]5O[C@@H](n6cc(C)c(=O)[nH]c6=O)[C@H](O)[C@@H]5OP(O)(=S)OC[C@H]5O[C@@H](n6cnc7c(=O)[nH]c(N)nc76)[C@H](O)[C@@H]5OP(O)(=S)OC[C@H]5O[C@@H](n6ccc(N)nc6=O)[C@H](O)[C@@H]5OP(O)(=S)OC[C@H]5O[C@@H](n6cnc7c(N)ncnc76)[C@H](O)[C@@H]5OP(O)(=S)OC[C@H]5O[C@@H](n6cnc7c(=O)[nH]c(N)nc76)[C@H](O)[C@@H]5OP(O)(=S)OC[C@@]56CO[C@@H]([C@H](n7cc(C)c(N)nc7=O)O5)[C@@H]6OP(O)(=S)OC[C@@]56CO[C@@H]([C@H](n7cc(C)c(=O)[nH]c7=O)O5)[C@@H]6O)O[C@@H](n5cnc6c(N)ncnc65)[C@@H]4O)CO[C@@H]2[C@@H]3OP(O)(=S)OC[C@@]23CO[C@@H]([C@H](n4cc(C)c(=O)[nH]c4=O)O2)[C@@H]3O)c(=O)nc1N,1
C[S@@+]([O-])CCCCN=C=S,0
O=C(OCc1ccccc1)c1cccnc1,0
CC(=O)N[C@H](Cc1ccc2ccccc2c1)C(=O)N[C@H](Cc1ccc(Cl)cc1)C(=O)N[C@H](Cc1cccnc1)C(=O)N[C@@H](CO)C(=O)N[C@@H](Cc1ccc(O)cc1)C(=O)N[C@H](CCCCNC(N)=O)C(=O)N[C@@H](CC(C)C)C(=O)N[C@@H](CCCCNC(C)C)C(=O)N1CCC[C@H]1C(=O)N[C@H](C)C(N)=O,0
CCc1ccc(CCOc2ccc(CC3SC(=O)NC3=O)cc2)nc1,1
CC(=O)OCN=[N+](C)[O-],1
O=C(O)[C@@H](c1ccccc1)S(=O)(=O)O,0
NC(Cc1cc(O)c(O)cc1F)C(=O)O,0
CCCCCCSCC(NC(=O)CCC(N)C(=O)O)C(=O)NCC(=O)O,1
Cc1c(C)c2ccc(OCCCN3CCN(Cc4ccc(Cl)cc4)CC3)cc2oc1=O,1
CC=C(C(=CC)c1ccc(O)cc1)c1ccc(O)cc1,1
C=C/C=C/C=C/CCC(C)=O,0
COc1cc2c(cc1C(N)=O)CC[C@@H]1[C@@H]2CC[C@]2(C)C=CC[C@@H]12,0
O=c1ccn([C@@H]2O[C@H](CO)[C@@H](OP(=O)(O)O)[C@@H]2O)c(=O)[nH]1,0
COC(=O)[C@@H](N)Cc1ccc(O)c(O)c1,0
c1ccc2cc(COC3CCNCC3)ccc2c1,0
O=C(O)[C@H]1CCCN1C(=O)CCCCC(=O)N1CCC[C@@H]1C(=O)O,0
CC(C=CC=C(C)C=CC1=C(C)CCCC1(C)C)=CC=CC=C(C)C=CC=C(C)C=CC1=C(C)CCCC1(C)C,1
CCOC(=O)C1(c2cccc(O)c2)CCN(C)CC1,0
Cc1cc(COC(=O)NCCCCCCNc2c3c(nc4ccccc24)CCCC3)c(OCc2ccc(B3OC(C)(C)C(C)(C)O3)cc2)c(COC(=O)C(C)c2ccc(CC(C)C)cc2)c1,1
O=c1[nH]c(=O)n([C@H]2C[C@H](O)[C@@H](COP(=O)(O)O)O2)cc1Br,0
CNc1cc(Nc2cc(C3CC3)[nH]n2)nc(Nc2ccc(CC#N)cc2)n1,0
Nc1ncnc2c1nc(NCc1ccc(Cl)c(Cl)c1)n2[C@@H]1O[C@H](CO)[C@@H](O)[C@H]1O,0
C/C=C/C[C@@H](C)[C@@H](O)[C@H]1C(=O)N[C@@H](CC)C(=O)N(C)[C@H](C)C(=O)N(CC)[C@@H](C(C)C)C(=O)N[C@@H](C(C)C)C(=O)N(C)[C@@H](CC(C)C)C(=O)N[C@@H](C)C(=O)N[C@H](C)C(=O)N(C)[C@@H](CC(C)C)C(=O)N(C)[C@@H](CC(C)C)C(=O)N(C)[C@@H](C(C)C)C(=O)N1C,0
N[C@@H](CSCc1ccccc1)C(=O)O,0
CCCCC(CC)COC(=O)c1ccccc1C(=O)OCC(CC)CCCC,1
N#Cc1ccccc1OCC(O)CNCCNC(=O)Cc1ccc(O)cc1,0
O=c1c2ccccc2[se]n1CCn1[se]c2ccccc2c1=O,0
CCCCCC/C=C/[C@@H]1[C@@H](C/C=C\CCCC(=O)O)[C@@H]2C[C@H]1N=N2,0
O=C(CNS(=O)(=O)c1ccccc1C(F)(F)F)Nc1ccc2c(=O)n3c(nc2c1)CCC3,0
O=C(O)C1=C[C@H](O)[C@H](O)[C@H](O)O1,0
O=C(O)[C@H]1Cc2ccccc2CN1S(=O)(=O)c1ccc(-c2ccccc2)cc1,0
CCCCCNCCOC(=O)c1ccc(N)cc1,0
O=Nc1c(-c2c(O)[nH]c3ccccc23)[nH]c2ccccc12,0
CCOc1ccc2nc3cc(N)ccc3c(N)c2c1,0
NCC1(NC(=O)[C@H](CS(=O)(=O)Cc2ccccc2)N[C@@H](c2ccc(O)cc2)C(F)(F)F)CC1,0
Fc1ccc(C2CCNCC2COc2ccc3c(c2)OCO3)cc1,1
NS(=O)(=O)c1cccc(Nc2nc(OCC3CCCCC3)c3[nH]cnc3n2)c1,0
C[C@]12CCC(=O)C=C1C=C[C@@H]1[C@@H]2CC[C@@]2(C)[C@H]1CC[C@@]2(O)CCC(=O)O,0
O=C(O)[C@@H]1CSCN1,0
Cc1cc(Nc2ccc(C(F)(F)F)cc2)n2ncnc2n1,0
Cc1cc(C)nc(Nc2ccccc2)n1,1
CC[C@H](C)[C@H](NC(=O)[C@H](Cc1ccccc1)NC(=O)[C@H](CC(=O)O)NC(=O)[C@H](CCCNC(=N)N)NC(=O)[C@H](C)NC(=O)[C@H](C)NC(=O)[C@H](CC(C)C)NC(=O)[C@H](CC(N)=O)NC(=O)[C@H](CC(=O)O)NC(=O)[C@H](CC(C)C)NC(=O)[C@@H](NC(=O)[C@@H](NC(=O)[C@H](CC(N)=O)NC(=O)[C@H](CCSC)NC(=O)[C@H](CCC(=O)O)NC(=O)[C@H](CC(=O)O)NC(=O)[C@H](CO)NC(=O)[C@H](Cc1ccccc1)NC(=O)[C@H](CO)NC(=O)CNC(=O)[C@H](CC(=O)O)NC(=O)CNC(=O)[C@@H](N)Cc1c[nH]cn1)[C@@H](C)O)[C@@H](C)CC)C(=O)N[C@@H](CC(N)=O)C(=O)N[C@@H](Cc1c[nH]c2ccccc12)C(=O)N[C@@H](CC(C)C)C(=O)N[C@H](C(=O)N[C@@H](CCC(N)=O)C(=O)N[C@H](C(=O)N[C@@H](CCCCN)C(=O)N[C@H](C(=O)N[C@H](C(=O)N[C@@H](CC(=O)O)C(=O)O)[C@@H](C)O)[C@@H](C)CC)[C@@H](C)O)[C@@H](C)CC,0
O=C(O)C1=NN(c2ccc(S(=O)(=O)O)cc2)C(=O)C1N=Nc1ccc(S(=O)(=O)O)cc1,1
C[C@@H]1CN1C1=CC(=O)c2c(c(CO)c(-c3ccccc3)n2C)C1=O,0
O=C(Nc1ccc(O)c2ncccc12)c1ccc(OC(F)F)c(OCC2CC2)c1,0
O=C(O)CNC(=O)NC1CCCCC1,0
COc1ccc(COC(Cn2ccnc2)c2ccc(Cl)cc2Cl)cc1,0
CC(CN1c2ccccc2Sc2ccc(S(=O)(=O)N(C)C)cc21)N(C)C,0
CN1CN([C@@H]2O[C@H](COP(=O)(O)O)[C@@H](O)[C@H]2O)c2nc(N)[nH]c(=O)c21,0
Cn1nccc1Nc1nccc(-c2ccn([C@H](CO)c3ccc(Cl)c(F)c3)c(=O)c2)n1,0
Cc1[nH]c(=O)c(C#N)cc1-c1ccc2nccn2c1,0
CC(C)(C)NCC(O)COc1ccccc1C1CCCC1,0
CCN[C@H]1CN(CCCOC)S(=O)(=O)c2sc(S(N)(=O)=O)cc21,0
C[C@](Cn1ccnn1)([C@@H](N/C=C\C=O)C(=O)O)S(=O)O,0
O=C(O)C(O)[C@H](O)[C@@H](O)[C@H](O)[C@H](O)CO,0
Nc1c(C(=O)c2cccc(OC3CCNCC3)c2)cnn1-c1ccc(F)cc1,0
CC(C=CC=C(C#CC1=C(C)CC(O)CC1(C)C)CO)=CC=CC=C(C)C=CC=C(C)C(=O)C=C1C(C)(C)CC(O)CC1(C)O,1
C[C@H](N)Cc1cccc(O)c1,0
Cc1nnc(SCC2=C(C(=O)O)N3C(=O)C(NC(=O)Cn4cnnn4)C3SC2)s1,1
CCN(CC)c1ccc2cc(C(=O)N/C=C\N3C(=O)CCC3=O)c(=O)oc2c1,0
Clc1ccc(-c2nnc(-c3ccncc3)o2)c(Cl)c1,0
CNC[C@H](O)c1cccc(O)c1,0
CN1C(=O)C(=NNC(N)=S)c2ccccc21,0
CC[C@H](C)[C@@H]1C(=O)N[C@H](C2Cc3ccccc3C2)C(=O)N1[C@@H](C(=O)N1CCOCC1)c1ccc(C)nc1C,0
Cc1ccccc1O,1
Cl[C@H]1[C@H](Cl)[C@@H](Cl)[C@@H](Cl)[C@H](Cl)[C@H]1Cl,1
CC1(C)CCC(c2ccc(Cl)cc2)=C(CN2CCN(c3ccc(C(=O)NS(=O)(=O)c4ccc(N[C@H](CCN5CCOCC5)CSc5ccccc5)c(S(=O)(=O)C(F)(F)F)c4)cc3)CC2)C1,0
O=P(O)(O)OP(O)(O)=S,0
O=C(O)[C@]1(O)C=C(c2cccc(Sc3ccccc3)c2)[C@@H](O)[C@H](O)C1,0
C=C(Cl)Cl,1
CCCCCc1cc2c(c(O)c1C(=O)O)C1C=C(C)CCC1C(C)(C)O2,1
CC1(C)S[C@@H]2[C@H](NC(=O)[C@H](N=[N+]=[N-])c3ccccc3)C(=O)N2[C@H]1C(=O)O,0
C[C@](O)(COc1ccc(C#N)cc1)C(=O)Nc1ccc(C#N)c(C(F)(F)F)c1,0
N[C@@H](Cc1cc([131I])c(Oc2ccc(O)c([131I])c2)c([131I])c1)C(=O)O,0
C=Cc1c(C)c2cc3nc(c4c5[nH]c(cc6nc(cc1[nH]2)C(C)=C6CC)c(C)c5C(=O)C4)[C@@H](CCC(=O)NCC(=O)NCC(=O)N[C@@H](CC(C)C)C(=O)N[C@@H](CCCCN)C(=O)N[C@H](CC(C)C)C(=O)N[C@@H](CC(C)C)C(=O)N[C@@H](CCCCN)C(=O)N[C@H](CCCCN)C(=O)N[C@@H](CC(C)C)C(=O)N[C@H](CC(C)C)C(=O)N[C@H](CCCCN)C(=O)N[C@@H](CCCCN)C(=O)N[C@@H](CC(C)C)C(=O)N[C@@H](CC(C)C)C(=O)N[C@H](CCCCN)C(=O)N[C@@H](CC(C)C)C(=O)N[C@@H](CC(C)C)C(N)=O)[C@@H]3C,0
C[C@]12CCC(=O)C=C1CC[C@@H]1[C@@H]2[C@@H](O)C[C@@]2(C)[C@H]1CC[C@]2(O)C(=O)CO,0
CCCCC/C=C\C/C=C\C/C=C\C/C=C\C/C=C\CCC(=O)O,0
O=C(O)C(O)Cc1ccc(O)c(O)c1,1
N[C@@H](CCO)C(=O)O,0
C=C[C@@H](O)CCCCC,0
CC[C@H](CO)Nc1nc(OCc2ccccc2)c2ncn(C(C)C)c2n1,0
O=C(CN1C(=O)[C@@H](NC(=O)c2cc3cc(Cl)sc3[nH]2)Cc2ccccc21)NCCO,0
CCCN1CCCCC1C(=O)Nc1c(C)cccc1C,1
NC[C@@H]1CCCN1C(=O)[C@@H](N)Cc1ccc(-c2ccccc2)cc1,0
O=[N+]([O-])OC[C@H](O[N+](=O)[O-])[C@@H](CO[N+](=O)[O-])O[N+](=O)[O-],0
N[C@@H](CC(=O)O)C(=O)O,0
COC(=O)[C@@H]1[C@H]2CC[C@@H](C[C@@H]1O)N2C,0
CC(C)(C)C(=O)OCOC(=O)[C@@H]1N2C(=O)C[C@H]2S(=O)(=O)C1(C)C,0
CCCCCCCCN=C1OC[C@@H]2[C@H](O)[C@H](O)[C@@H](O)[C@H](O)N12,0
CC(C)[C@H](NS(=O)(=O)CCc1ccccc1)P(=O)(O)C[C@H](C(=O)O)c1cccc(CN)c1,0
Cc1cn([C@@H]2C[C@@H](O)[C@H](CN3CCCC3)O2)c(=O)[nH]c1=O,0
CCOP(=O)(OCC)OCC,0
Cc1ccc(C2(C(C)(C)C)OCCO2)cc1,1
O=C(O)[C@@]1(O)O[C@@H]([C@H](O)[C@H](O)CO)[C@H](O)[C@@H](O)[C@H]1F,0
COc1ccc(NC(=O)[C@H](CCCCN)NC(=O)c2cc(NC(=O)[C@H](CCCCN)NC(=O)c3cc(NC(=O)[C@H](CCCCN)NC(=O)c4cc(NC(=O)[C@@H](N)CCCCN)ccc4OC)ccc3OC)ccc2OC)cc1C(N)=O,0
Nc1ccn([C@H]2C[C@H](O)[C@@H](CO)O2)c(=O)n1,0
C#C[C@]1(O)CC[C@H]2[C@@H]3CCC4=CCCC[C@@H]4[C@H]3C(=C)C[C@@]21CC,0
COc1ccc(C2CC(=O)c3c(O)cc(OC4OC(COC5OC(C)C(O)C(O)C5O)C(O)C(O)C4O)cc3O2)cc1O,1
CCC(=O)n1c(=O)n(C2CCN(CCC(C#N)(c3ccccc3)c3ccccc3)CC2)c2ccccc21,0
CN1C(=O)COc2c(C(=O)NC3CN4CCC3CC4)cc(Cl)cc21,0
CCSCC[C@H](N)[C@H](O)C(=O)N[C@@H](C)c1cccc2ccccc12,0
CC[C@H]1OC(=O)[C@H](C)[C@@H](O)[C@H](C)[C@@H](O)[C@@H](C)C[C@@H](C)C(=O)[C@H](C)[C@@H](O)[C@H]1C,0
CC[C@@]1(C(=O)N[C@H](C)c2ccc(Cl)cc2)[C@@H](C)C1(Cl)Cl,0
CCOC(=O)[C@]1(c2ccccc2)CCC=C[C@H]1N(C)C,0
CC[C@H]1[C@@H]2C[C@H]3[C@@H]4N(C)c5ccccc5[C@]45C[C@@H]([C@H]2[C@H]5O)[N@@+]3(CC(O)CN(CC)CC)[C@@H]1O,0
CN(C)[C@@H]1C(O)=C(C(=O)NCN2CCN(C(=N)NC(=N)N)CC2)C(=O)[C@@]2(O)C(O)=C3C(=O)c4c(O)cccc4[C@@](C)(O)[C@H]3C[C@@H]12,0
Cc1ccc(OCC(O)CNC(C)(C)C)c2oc(=O)ccc12,0
N[C@@H](CS(=O)(=O)O)C(=O)O,0
O=C(O)C(O)C(=O)O,0
Cc1nn(C)c2c1C(c1ccccc1F)=NCC(=O)N2C,0
CC(C)(Oc1ccc(Cl)cc1)C(=O)OCc1cccnc1,0
O=P(O)(O)C(Cl)(Cl)P(=O)(O)O,1
NCCCC[C@@H]1NC(=O)[C@H](CCC(=O)O)NC(=O)c2cc([N+](=O)[O-])ccc2OCC[C@@H](C(=O)NCC(=O)O)NC1=O,0
Cc1cc[nH]c1,0
O=C(O)C(O)C(O)C(O)C(O)CO,0
CC1CCCC(C)N1CCCC(O)(c1ccccc1)c1ccccn1,1
COS(=O)(=O)OC,1
CN(C)CCCOc1ccc2n[nH]c(S(=O)(=O)c3cccc4ccccc34)c2c1,0
CC1=C(/C=C/C(C)=C/C=C/C(C)=C/C=C/C=C(C)/C=C/C=C(C)/C=C/C2=C(C)CCCC2(C)C)C(C)(C)CCC1,0
CCCCCC/C=C\CCCCCCCCCC(=O)N[C@H]1[C@H](OC[C@H]2O[C@@H](OP(=O)(O)O)[C@H](NC(=O)CC(=O)CCCCCCCCCCC)[C@@H](OCCCCCCCCCC)[C@@H]2O)O[C@H](COC)[C@@H](OP(=O)(O)O)[C@@H]1OCC[C@@H](CCCCCCC)OC,0
NC(CCC(=O)NC(CS(=O)(=O)CCOP(=O)(N(CCCl)CCCl)N(CCCl)CCCl)C(=O)NC(C(=O)O)c1ccccc1)C(=O)O,1
O=C(O/N=C/c1ccc(O)cc1)C1CCCCC1,0
CCCCC(CC)C1NC(=O)N(SC(Cl)(Cl)Cl)C1=O,0
Cc1cc(CCCCCOc2ccc(C3=NCCO3)cc2)on1,0
CS(=O)(=O)F,0
COc1ccccc1OC(=O)CNC(=O)Cc1ccc(C(=O)c2ccc(C)cc2)n1C,0
O=C(O)c1ccc2c(c1)C1(OC2=O)c2ccc(O)cc2Oc2cc(O)ccc21,1
FC(F)(F)C(F)(F)C(F)(F)C(F)(F)C(F)(F)C(F)(F)C(F)(F)C(F)(F)Br,0
CCC(C)C(NC(=O)C(CC(=O)O)NC(=O)C(CC(C)C)NC(=O)C(CC(C)C)NC(=O)C(CCCCN)NC(=O)C(CCCNC(=N)N)NC(=O)C(CC(N)=O)NC(=O)C(CO)NC(=O)C(Cc1cnc[nH]1)NC(=O)C(C)NC(=O)C(CCC(N)=O)NC(=O)C(CCC(N)=O)NC(=O)C(C)NC(=O)C(CC(C)C)NC(=O)C(CCC(N)=O)NC(=O)C(CC(=O)O)NC(=O)C(C)NC(=O)C(CCCCN)NC(=O)C(NC(=O)C(CCSC)NC(=O)C(CCC(=O)O)NC(=O)C(CC(C)C)NC(=O)C(NC(=O)C(CCC(=O)O)NC(=O)C(CCCNC(=N)N)NC(=O)C(CC(C)C)NC(=O)C(CC(C)C)NC(=O)C(Cc1cnc[nH]1)NC(=O)C(Cc1ccccc1)NC(=O)C(NC(=O)C(CC(C)C)NC(=O)C(CC(=O)O)NC(=O)C(CC(C)C)NC(=O)C(CO)NC(=O)C(NC(=O)C1CCCN1C(=O)C1CCCN1C(=O)C(CCC(=O)O)NC(=O)C(CCC(N)=O)NC(=O)C(N)CO)C(C)CC)C(C)O)C(C)C)C(C)O)C(=O)NC(C)C(N)=O,0
C[N+]1(C)CCN(c2ccccc2)CC1,1
CC12CCc3occc3C1CCC13CC(CCC12)C(O)(CO)C3,1
CSCC[C@H](N)[P+](=O)O,0
N[C@@H](CS[As]O)C(=O)O,0
C[N@+]1(CC2CC2)CC[C@]23c4c5ccc(O)c4O[C@H]2C(=O)CC[C@@]3(O)[C@H]1C5,0
CCCCCCOC(=O)NC(=N)c1ccc(NCc2nc3cc(C(=O)N(CCC(=O)OCC)c4ccccn4)ccc3n2C)cc1,1
Nc1nc(N)nc(Nc2cc(S(=O)(=O)O)cc3cc(S(=O)(=O)O)c(N=Nc4ccccc4S(=O)(=O)O)c(O)c23)n1,0
NS(=O)(=O)c1ccc(C(=O)NCc2cc(F)ccc2F)cc1,0
CC(C)=CCCC(C)=CCCC(C)=CCCC1(C)CCc2c(C)c(O)cc(C)c2O1,1
CC(C)C[C@H](NC(=O)CN(C)C(=O)[C@H](Cc1ccccc1)NC(=O)[C@H](Cc1ccccc1)NC(=O)[C@H](CCC(N)=O)NC(=O)[C@H](CCC(N)=O)NC(=O)[C@@H]1CCCN1C(=O)[C@H](CCCCN)NC(=O)[C@@H]1CCCN1C(=O)[C@@H](N)CCCN=C(N)N)C(=O)N[C@@H](CCS(C)(=O)=O)C(N)=O,0
CC(C)C[C@H](NC(=O)[C@H](CCCCN)NC(=O)CNC(=O)[C@H](CC(C)C)NC(=O)[C@@H](NC(=O)C1CCCCCC(=O)N[C@@H](CO)C(=O)N[C@@H](CC(N)=O)C(=O)N[C@@H](CC(C)C)C(=O)N[C@@H](CO)C(=O)N[C@@H]([C@@H](C)O)C(=O)N1)C(C)C)C(=O)N[C@@H](CO)C(=O)N[C@@H](CCC(N)=O)C(=O)N[C@@H](CCC(=O)O)C(=O)N[C@@H](CC(C)C)C(=O)N[C@@H](Cc1c[nH]cn1)C(=O)N[C@@H](CCCCN)C(=O)N[C@@H](CC(C)C)C(=O)N[C@@H](CCC(N)=O)C(=O)N[C@H](C(=O)N[C@@H](Cc1ccc(O)cc1)C(=O)N1CCC[C@H]1C(=O)N[C@@H](CCCNC(=N)N)C(=O)N[C@H](C(=O)N[C@@H](CC(=O)O)C(=O)N[C@H](C(=O)NCC(=O)N[C@@H](C)C(=O)NCC(=O)N[C@H](C(=O)N1CCC[C@H]1C(N)=O)[C@@H](C)O)C(C)C)[C@@H](C)O)[C@@H](C)O,0
COc1ccc2c(=O)c(C)c(-c3ccccc3)oc2c1CN(C)C,0
CCCN1CC(c2ccc(S(C)(=O)=O)cc2)=C(c2ccc(C)cc2)C1=O,0
COCCOc1cc(Cn2c(C(=O)O)c(-c3ccc(C(C)(C)C)cc3)c3ccccc32)cc(OCCOC)c1,0
CC(=O)N[C@H](Cc1cccc2ccccc12)[B-](O)(O)O,0
O=S(=O)(O)c1ccc(O)cc1,0
O=C(O)[C@@H]1O[C@H](O)[C@H](OS(=O)(=O)O)[C@@H](O)[C@H]1O,0
FC(F)(F)C(F)(F)C(F)(F)F,0
CC(C=CC(=O)NO)=CC(C)C(=O)c1ccc(N(C)C)cc1,1
O=C1[C@@H](Cc2ccc(Cl)c(Cl)c2)SC(=S)N1NS(=O)(=O)c1cccs1,0
N[C@H]1C[C@@H](N2CCn3c(nnc3C(F)(F)F)C2)CC[C@@H]1c1cc(F)c(F)cc1F,0
OC(c1cc(C(F)(F)F)nc2c(C(F)(F)F)cccc12)C1CCCCN1,1
CCCS(=O)(=O)Nc1ccc(F)c(C(=O)c2c[nH]c3ncc(-c4ccc(Cl)cc4)cc23)c1F,1
COC(=O)[C@H]1[C@H]2C[C@@H]3c4[nH]c5cc(OC)ccc5c4CCN3C[C@H]2C[C@@H](OC(=O)/C=C/c2ccc(O)c(OC)c2)[C@@H]1OC,0
CCc1cccc(C)c1N(C(=O)CCl)C(C)COC,1
O=C(O)c1ccccc1C(=O)Nc1ccc(S(=O)(=O)Nc2nccs2)cc1,1
C=CCNc1nc(NCC=C)nc(N2CCN(C(c3ccc(F)cc3)c3ccc(F)cc3)CC2)n1,1
COc1ccc(CCC(=O)O)cc1OC,0
C=C(C#N)C(=O)OCCCC,0
N#Cc1ccc(Nc2nc(N)nc(Cc3c(Cl)ccc4[nH]ccc34)n2)cc1,0
NCCC(=O)N[C@@H](Cc1cnc[nH]1)C(=O)O,0
CCc1cnn2c(NCc3cnc(N)nc3)cc(-c3c(F)cccc3F)nc12,0
CC1(C)S[C@H]([C@H](NC(=O)Cc2ccccc2)C(=O)NCc2ccccc2)N[C@H]1C(=O)O,0
CC(C)(C)CC(=O)OCC(=O)[C@@]1(O)CC[C@H]2[C@@H]3CCC4=CC(=O)C=C[C@]4(C)[C@H]3[C@@H](O)C[C@@]21C,0
O=C(O)c1cc(=O)c2cc(OCC(O)COc3cccc4oc(C(=O)O)cc(=O)c34)ccc2o1,1
Cl[La](Cl)Cl,1
COc1ccc(S(=O)(=O)N2C(=O)[C@@](c3ccccc3OC)(N3C[C@H](O)C[C@H]3C(=O)N(C)C)c3cc(Cl)ccc32)c(OC)c1,0
CC1CC2C(C(O)CC3(C)C2CCC3(O)C(=O)CO)C2(C)C=CC(=O)C=C12,1
c1cc(C2CCC3(CC2)OOC2(O3)C3CC4CC(C3)CC2C4)ccc1OCCN1CCOCC1,0
COc1cccc2c1C(=O)c1c(O)c3c(c(O)c1C2=O)C[C@@](O)(C(C)=O)C[C@@H]3O[C@H]1C[C@H](N)[C@H](O)[C@H](C)O1,0
S=c1nc(-c2ccc(Cl)cc2)cc(-c2cn(-c3ccccc3)nc2-c2ccc(OCc3ccccc3)cc2)[nH]1,1
Cc1cn([C@@H]2O[C@@]3(CO)CO[C@@H]2[C@@H]3OP(O)(=S)OC[C@@]23CO[C@@H]([C@H](n4cc(C)c(=O)[nH]c4=O)O2)[C@@H]3OP(O)(=S)OC[C@@]23CO[C@@H]([C@H](n4cnc5c(=O)[nH]c(N)nc54)O2)[C@@H]3OP(O)(=S)OC[C@@]23CO[C@@H]([C@H](n4ccc(N)nc4=O)O2)[C@@H]3OP(O)(=S)OC[C@@]23CO[C@@H]([C@H](n4cc(C)c(=O)[nH]c4=O)O2)[C@@H]3OP(O)(=S)OC[C@@]23CO[C@@H]([C@H](n4cnc5ncnc(N)c54)O2)[C@@H]3OP(O)(=S)OC[C@@]23CO[C@@H]([C@H]([n+]4c[nH]c5nc(N)[nH]c(=O)c54)O2)[C@@H]3OP(O)(=S)OC[C@@]23CO[C@@H]([C@H](n4ccc(N)nc4=O)O2)[C@@H]3OP(O)(=S)OC[C@@]23CO[C@@H]([C@H](n4ccc(N)nc4=O)O2)[C@@H]3OP(O)(=S)OC[C@@]23CO[C@@H]([C@H](n4cc(C)c(=O)[nH]c4=O)O2)[C@@H]3OP(O)(=S)OC[C@@]23CO[C@@H]([C@H](n4ccc(N)nc4=O)O2)[C@@H]3OP(O)(=S)OC[C@@]23CO[C@@H]([C@H](n4cc(C)c(=O)[nH]c4=O)O2)[C@@H]3OP(O)(=S)OC[C@@]23CO[C@@H]([C@H]([n+]4c[nH]c5nc(N)[nH]c(=O)c54)O2)[C@@H]3OP(O)(=S)OC[C@@]23CO[C@@H]([C@H]([n+]4c[nH]c5nc(N)[nH]c(=O)c54)O2)[C@@H]3OP(O)(=S)OC[C@@]23CO[C@@H]([C@H](n4cnc5ncnc(N)c54)O2)[C@@H]3OP(O)(=S)OC[C@@]23CO[C@@H]([C@H](n4cc(C)c(=O)[nH]c4=O)O2)[C@@H]3OP(O)(=S)OC[C@@]23CO[C@@H]([C@H](n4cc(C)c(=O)[nH]c4=O)O2)[C@@H]3OP(O)(=S)OC[C@@]23CO[C@@H]([C@H](n4cc(C)c(=O)[nH]c4=O)O2)[C@@H]3O)c(=O)nc1N,1
COc1cc(-c2ccc(C)cc2)cc([C@@H](C)C#Cc2c(C)nc(N)nc2N)c1,0
CC(=O)Nc1c(I)c(NC(C)=O)c(I)c(C(=O)O)c1I,0
CN1C2CCC1CC(=C1c3ccccc3CSc3ccccc31)C2,0
O=C(C=Cc1ccc(O)cc1)c1ccc(OC2OC(CO)C(O)C(O)C2O)cc1O,1
CCC(C)C(=O)OC1CC(C)C=C2C=CC(C)C(CCC3CC(O)CC(=O)O3)C21,1
OC[C@H]1O[C@@H]2O[C@H]3[C@H](O)[C@@H](O)[C@@H](O[C@H]4[C@H](O)[C@@H](O)[C@@H](O[C@H]5[C@H](O)[C@@H](O)[C@@H](O[C@H]6[C@H](O)[C@@H](O)[C@@H](O[C@H]7[C@H](O)[C@@H](O)[C@@H](O[C@H]8[C@H](O)[C@@H](O)[C@@H](O[C@H]1[C@H](O)[C@H]2O)O[C@@H]8CO)O[C@@H]7CO)O[C@@H]6CO)O[C@@H]5CO)O[C@@H]4CO)O[C@@H]3CO,0
CC1(C)CCC(C)(C)c2cc([C@@H](O)c3ccc4cc(C(=O)O)ccc4c3)ccc21,0
COC(=O)OCOc1c2n(ccc1=O)N([C@@H]1c3ccccc3SCc3c1ccc(F)c3F)[C@@H]1COCCN1C2=O,0
Cc1ccccc1N1CCN(CCc2nnc3n2CCCC3)CC1,0
C#C[C@@]1(CO)C=C[C@H](n2cc(C)c(=O)[nH]c2=O)O1,0
C[C@](O)(C(=O)O)[C@H](CC(=O)O)C(=O)O,0
CC(C)CC(NC(=O)C(CCCCN)NC(=O)CNC(=O)C(CC(C)C)NC(=O)C(NC(=O)C1CSSCC(N)C(=O)NC(CO)C(=O)NC(CC(N)=O)C(=O)NC(CC(C)C)C(=O)NC(CO)C(=O)NC(C(C)O)C(=O)N1)C(C)C)C(=O)NC(CO)C(=O)NC(CCC(N)=O)C(=O)NC(CCC(=O)O)C(=O)NC(CC(C)C)C(=O)NC(Cc1cnc[nH]1)C(=O)NC(CCCCN)C(=O)NC(CC(C)C)C(=O)NC(CCC(N)=O)C(=O)NC(C(=O)NC(Cc1ccc(O)cc1)C(=O)N1CCCC1C(=O)NC(CCCNC(=N)N)C(=O)NC(C(=O)NC(CC(N)=O)C(=O)NC(C(=O)NCC(=O)NC(CO)C(=O)NCC(=O)NC(C(=O)N1CCCC1C(N)=O)C(C)O)C(C)O)C(C)O)C(C)O,0
N=C(N)NCCC[C@H](NC(=O)[C@@H]1CSSC[C@H](NC(=O)[C@H](Cc2ccc3ccccc3c2)NC(=O)[C@H](CCCNC(=N)N)NC(=O)[C@H](CCCNC(=N)N)NC(=O)c2ccc(F)cc2)C(=O)N[C@@H](Cc2ccc(O)cc2)C(=O)N[C@@H](CCCNC(N)=O)C(=O)N[C@@H](CCCCN)C(=O)N[C@@H](CCCCN)C(=O)N2CCC[C@H]2C(=O)N[C@@H](Cc2ccc(O)cc2)C(=O)N[C@@H](CCCNC(=N)N)C(=O)N[C@@H](CCCNC(N)=O)C(=O)N1)C(N)=O,0
CC(C)(O)CC(=O)O,0
Nc1nc(=O)c2c([nH]1)NCC(CNc1ccc(C(=O)N[C@@H](CCC(=O)O)C(=O)O)cc1)N2C=O,0
NC(N)=Nc1ccc(CNC(=O)NC23CC4CC(CC(C4)C2)C3)cc1,0
CC[C@H](C)[C@H](NC(=O)[C@H](CO)NC(=O)[C@@H](NC(=O)[C@@H]1CCCN1C(=O)[C@H](C)NC(=O)[C@@H](N)CC(N)=O)C(C)C)C(=O)N1CCC[C@H]1C(=O)N[C@@H](CCC(N)=O)C(=O)O,0
C[N+](C)(C)C[C@H](O)CC(=O)O,0
CCCCCCCCCCCCOC(=O)c1cc(O)c(O)c(O)c1,1
CC(C)(O)[C@@H]1C2OC(=O)C1[C@]1(O)C[C@H]3O[C@]34C(=O)O[C@H]2[C@]14C,0
CC(=O)OC1CN2CCC1CC2,0
Nc1ncnc2c1ncn2[C@@H]1O[C@H](COP(O)(=S)S)[C@@H](O)C1O,0
C=CC1(C)CC(=O)C2(O)C(C)(O1)C(OC(C)=O)C(O)C1C(C)(C)CCC(O)C12C,1
O=P(O)(O)OC[C@H]1O[C@H](O)[C@H](O)[C@@H](O)[C@@H]1O,0
O=C(O)CCCCCCOc1c(Cl)cc(NC(=O)NC(=O)c2ccccc2Cl)cc1Cl,0
O=C(O)CC[C@H](NC(=O)c1ccc(S(=O)(=O)N2CCC[C@@H]2C(=O)O)cc1)C(=O)O,0
O=C(OC1Cc2c(O)cc(O)cc2OC1c1cc(O)c(O)c(O)c1)c1cc(O)c(O)c(O)c1,1
NC(=NCCC[C@H](N)C(=O)O)NO,0
CNC(=O)c1c(-c2ccc(F)cc2)oc2cc(NS(C)(=O)=O)c(OC(C)C)cc12,0
C[C@]12CC[C@H]3[C@@H]([C@@H](O)C=C4C[C@@H](O)CC[C@@]43C)[C@@H]1CC[C@@H]2O,0
O=C(Nc1ccccc1-c1ccc(Cl)cc1)c1cccnc1Cl,0
C[C@@H]1C[C@H]2[C@@H]3CCC4=CC(=O)C=C[C@]4(C)[C@@]3(Cl)[C@@H](O)C[C@]2(C)[C@@]1(O)C(=O)CCl,0
C/C1=C2/N[C@H]([C@H](CC(N)=O)[C@@]2(C)CCC(=O)NC[C@@H](C)OP(=O)(O)O[C@H]2[C@@H](O)[C@@H](n3cnc4cc(C)c(C)cc43)O[C@@H]2CO)[C@]2(C)N=C(/C(C)=C3\N=C(/C=C4\N=C1[C@@H](CCC(N)=O)C4(C)C)[C@@H](CCC(N)=O)[C@]3(C)CC(N)=O)[C@@H](CCC(N)=O)[C@]2(C)CC(N)=O,0
CC(C)(COP(=O)(O)OP(=O)(O)OC[C@H]1O[C@@H](n2cnc3c(N)ncnc32)[C@H](O)[C@@H]1OP(=O)(O)O)[C@@H](O)C(=O)NCCC(=O)NCCSS,0
O=C1NC(=O)/C(=C/c2c[nH]c3ccccc23)S1,0
CCOP(=S)(OCC)Oc1cc(Cl)c(Br)cc1Cl,1
COc1cc(N(C)Cc2cnc3nc(N)nc(N)c3c2C)cc(OC)c1OC,0
Oc1ccc(Cl)cc1Cl,1
CC(=O)CCc1ccc(O)cc1,1
Cc1ccc(Sc2ccccc2C2CCNCC2)cc1,0
Cn1nc(-c2ccccc2)cc1NS(=O)(=O)O,0
CCCOCCOC(=O)C1=C(C)NC(C)=C(C(=O)OCCOCCC)C1c1cccc([N+](=O)[O-])c1,0
N[C@@H](CCC(=O)N[C@@H](CSCc1ccc([N+](=O)[O-])cc1)C(=O)NCC(=O)O)C(=O)O,0
Cc1nn(-c2ccccc2)c2nc(-c3ccccc3)cc(C(=O)N/N=C/c3ccccc3O)c12,0
CCCCCc1ccc(C(=O)N(Cc2ccc(-c3ccc(CC(=O)OC)cc3)cc2)C2CCN(Cc3ncc[nH]3)CC2)cc1,0
CCCCC(CC)COCC(O)CO,0
CCN(CC)CCCNc1cc(OC)cc2cccnc12,0
CCCCC(C)=O,1
CCC(=O)O[C@]1(C(=O)CO)CC[C@H]2[C@@H]3CCC4=CC(=O)CC[C@]4(C)[C@H]3CC[C@@]21C,0
NC(CCS)C(=O)O,1
COC(=O)C1C(O)CCC2CN3CCc4c([nH]c5ccccc45)C3CC21,0
Cc1c(N[C@@H](c2nnc(-c3ccc(C#N)cc3)o2)[C@H](C)O)ccc(C#N)c1Cl,0
CN(C)CCn1nnnc1SCC1=C(C(=O)O)N2C(=O)[C@@H](NC(=O)Cc3csc(N)n3)[C@H]2SC1,1
Cc1cc(CCN2CCN(c3cccc(Cl)c3)CC2)n[nH]1,0
Nc1nc2c(ncn2[C@H]2C[C@H](O)[C@@H](COP(=O)(O)OP(=O)(O)OP(=O)(O)O)O2)c(=O)[nH]1,0
CC(C)Cc1ccc(CC(=O)O)cc1,1
CCOC(=O)C(CCc1ccccc1)NC1CCCN2CCCC(C(=O)O)N2C1=O,1
C1CNCCNCCCNCCNC1,0
CC[C@@H]1C[C@]1(NC(=O)[C@@H]1[C@H]2CCN1C(=O)[C@H](C(C)(C)C)NC(=O)OCC(C)(C)CCCCc1cccc3c1CN(C3)C(=O)O2)C(=O)NS(=O)(=O)C1CC1,0
CCCC[C@H](NC(=O)OCC1(Cc2ccc(F)cc2)CCC1)C(=O)C(=O)Nc1ccn[nH]1,0
CC(=O)OCC(=O)[C@@]12OC(C)(C)O[C@@H]1C[C@H]1[C@@H]3C[C@H](F)C4=CC(=O)CC[C@]4(C)[C@H]3[C@@H](O)C[C@@]12C,0
CC[C@@H](COC(=O)c1cc(OC)c(OC)c(OC)c1)N(C)CCN(C)[C@@H](CC)COC(=O)c1cc(OC)c(OC)c(OC)c1,0
OCCN(CCO)c1nc(-c2ccccc2)c(-c2ccccc2)o1,0
CC(=O)O[C@]1(C(C)=O)CC[C@H]2[C@@H]3C=C(Cl)C4=CC(=O)[C@@H]5C[C@@H]5[C@]4(C)[C@H]3CC[C@@]21C,0
C[C@@H]1NC(=O)N[C@@H]1CCCCCC(=O)O,0
CCCCCC(O)CCCC(=O)O,1
CCCCCCP(=O)(O)OCC,0
Cc1cc(C=O)c(OP(=O)(O)O)c(C=O)c1,0
N#Cc1cccc(S(=O)(=O)N2C[C@@H](O)[C@@H](Cc3ccccc3)N(Cc3ccc(O)cc3)C(=O)N2Cc2ccc(O)cc2)c1,0
Cc1nn(C)cc1S(=O)(=O)NC(=O)c1ccc(-n2ccc(OCC(C)(C)C(F)(F)F)n2)nc1N1C[C@@H](C)CC1(C)C,0
Nc1ncnc2c1ncn2[C@@H]1O[C@H](CSCC[C@H](N)C(=O)O)[C@@H](O)[C@H]1O,0
CC(C)(C)c1nc2c3cc[nH]c(=O)c3c3cc(F)ccc3c2[nH]1,0
O=S(=O)(Nc1cccc(Oc2ccc(F)cc2)c1)N1CCC(NCc2ccccc2O)CC1,0
Nc1ccc(S(=O)(=O)Nc2ccc(Cl)nn2)cc1,0
N[C@@H](CCC(=O)N[C@@H](CS(=O)(=O)CCOP(=O)(N(CCCl)CCCl)N(CCCl)CCCl)C(=O)N[C@@H](C(=O)O)c1ccccc1)C(=O)O,0
CN1CC=C(c2ccccc2)CC1,1
CC(C)[C@H](NC(=O)c1ccc(CCc2c[nH]c3nc(N)[nH]c(=O)c23)cc1)C(=O)O,0
CN(C)CCOC(c1ccccc1)c1ccccc1,0
O=C(O)CCCCC(CCSCc1ccccc1)SCc1ccccc1,0
OC(c1ccccc1)(c1ccccc1)C12CC[N+](CCOCc3ccccc3)(CC1)CC2,0
Cc1ncc2n1-c1ccc(Cl)cc1C(c1ccccc1F)=NC2,0
CN(C)CCC(O)(c1ccccc1)c1ccccc1Cl,0
C1=Cc2cc3ccc(cc4ccc(cc5nc(cc1n2)C=C5)[nH]4)[nH]3,0
CC(N)=NCc1cccc(CN)c1,0
NS(=O)(=O)c1nnc(-c2ccccc2Cl)s1,0
Nc1ccccn1,1
CN(C)CC1CCOC1(c1ccccc1)c1ccccc1,0
CO[C@@H]1O[C@H](CO)[C@H](O)[C@H](O[C@@H]2O[C@@H](C(=O)O)[C@@H](OC)[C@H](O)[C@H]2O)[C@H]1NC(C)=O,1
COC(=O)C(C)(C)Oc1ccc(-c2ccc(Cl)cc2)cc1,1
COc1ccc2occ(CC3SC(=O)NC3=O)c(=O)c2c1,0
OCC1OC(OC2OC=CC3C(O)C4OC4(CO)C23)C(O)C(O)C1O,1
CN1CCc2cccc3c2C1Cc1ccc(O)c(O)c1-3,0
OB(O)c1ccc(-c2ccc(B(O)O)cc2)cc1,0
NC(=O)[C@H](Cc1c[nH]c2ccccc12)NC(=O)[C@H](CCCc1ccccc1)CP(=O)(O)[C@@H](Cc1ccccc1)NC(=O)OCc1ccccc1,0
C[N+](C)(C)CCCl,1
N#Cc1cc(NC(=O)C(=O)O)c(Cl)c(NC(=O)C(=O)O)c1,0
Cc1cccc(Cc2cnc[nH]2)c1C,0
COc1cc(C[C@@H]2NCCc3cc(O)c(O)cc32)cc(OC)c1OC,0
CCOc1cc(CC(=O)N[C@@H](CC(C)C)c2ccccc2N2CCCCC2)ccc1C(=O)O,1
COC(=O)C1=C(C)NC(C)=C(C(=O)OCC2COC3(CCN(c4ccc(Cl)cc4)CC3)O2)C1c1cccc([N+](=O)[O-])c1,0
CC(C)N(C(=O)c1ccc(Cl)cc1Cl)c1cc(-c2ccccc2)sc1C(=O)O,0
CON(C)Cc1ccc(O)c2c1C[C@H]1C[C@H]3[C@H](N(C)C)C(=O)C(C(N)=O)=C(O)[C@@]3(O)C(=O)C1=C2O,0
Nc1nc(Nc2cccc(Cl)c2)sc1C(=O)c1ccc(F)cc1,0
CCCN(CCC)c1c([N+](=O)[O-])cc(C(F)(F)F)cc1[N+](=O)[O-],1
Cc1ccc2cc(NC(=O)Cn3c(-c4nonc4N)nc4ccccc43)ccc2n1,0
COc1cc(C(=O)O)cc(OC)c1O,1
CCCCCCCCO[C@@H]1O[C@H](CO)[C@H](O)[C@H](O)[C@H]1O,0
C[N+]1(C)[C@@H]2C[C@@H](OC(=O)[C@H](CO)c3ccccc3)C[C@H]1[C@@H]1O[C@@H]12,0
COC(=O)[C@@H]1[C@H]2C[C@H]3c4[nH]c5ccccc5c4CCN3C[C@@H]2CC[C@@H]1O,0
N[C@@H](CCC(=O)O)C(=O)O,0
CCN1CCCC1CNC(=O)c1cc(S(=O)(=O)CC)ccc1OC,0
O=C1NC=C(F)[C@H](O)N1,0
O=C(O)C1CCc2cc(C3CCCCC3)c(Cl)cc21,0
CC(=O)Oc1cc2c(s1)CCN(C(C(=O)C1CC1)c1ccccc1F)C2,1
CC(Cl)Cl,1
CCCN1CCC(c2cccc(S(C)(=O)=O)c2)CC1,0
NC1=NC(=O)N2CC12,0
COc1ccc(C(=O)CC(=O)c2ccc(C(C)(C)C)cc2)cc1,0
CCC(Nc1ncnc2nc[nH]c12)c1nc2cccc(F)c2c(=O)n1-c1ccccc1,1
O=c1c2ccccc2nc2n1CCc1c-2[nH]c2ccccc12,1
CCCC(=O)SCC[N+](C)(C)C,0
CO[C@H]1/C=C/O[C@@]2(C)Oc3c(C)c(O)c4c(O)c(c(C=NN5CCN(C6CCCC6)CC5)c(O)c4c3C2=O)NC(=O)/C(C)=C\C=C\[C@H](C)[C@H](O)[C@@H](C)[C@@H](O)[C@@H](C)[C@H](OC(C)=O)[C@@H]1C,0
Cn1c(=O)c2c(ncn2CC(O)CO)n(C)c1=O,0
CC(NN)c1ccccc1,1
CCNC(=O)c1cn2ncnc(Nc3cc(C(=O)NOC)ccc3C)c2c1C,0
N=C(N)c1ccc(CN2CCN(S(=O)(=O)c3cc4ccc(Cl)cc4s3)CC2=O)cc1,0
CCC(CC)O[C@@H]1C=C(C(=O)O)C[C@H](N)[C@H]1NC(C)=O,0
Cc1c2ccccc2cc2ccc3ccccc3c12,1
C[C@H](N)C(=O)N[C@@H](C)C(=O)OCCOc1ccc(-c2c(C#N)c(SCc3csc(-c4ccc(Cl)cc4)n3)nc(N3CCCC3)c2C#N)cc1,0
CCCCc1nc2c(=O)[nH][nH]c(=O)c2[nH]1,0
CN(C)C(=O)c1cc(-c2[nH]ncc2-c2ccccc2)c[nH]1,0
CO[C@H]1[C@H](O)[C@H](O)[C@H](C)O[C@@H]1O,0
O=C(N[C@@H]1C2CCN(CC2)[C@H]1Cc1cccnc1)c1cc2ccccc2o1,0
CNC(=S)NC,1
N[C@H](COc1cncc(-c2ccc3cnccc3c2)c1)CC1C=Nc2ccccc21,0
NC(=O)C1CSSCCC(=O)NC(CCCCN=C(N)N)C(=O)NCC(=O)NC(CC(=O)O)C(=O)NC(Cc2c[nH]c3ccccc23)C(=O)N2CCCC2C(=O)N1,0
C=C1C(=O)[C@]23[C@H](O)[C@H]1CC[C@H]2[C@]12C=CCC(C)(C)[C@H]1[C@H](O)[C@]3(O)OC2,0
CCNC(=O)N1CCC(Nc2ncc(Cl)c(-c3c[nH]c4ccccc34)n2)CC1,0
Brc1cnn2c(NCc3cncnc3)cc(-c3ccccc3)cc12,0
CC(C)=CCC/C(C)=C/CC/C(=C/CC/C(C)=C/CO)CO,0
CC(C)=CCCC(C)=CCCC(C)=CC=CC(C)=CC(=O)O,1
CCCCCCCCCCCCCCCCCC[N+](C)(C)CCCCCCCCCCCCCCCCCC,0
NS(=O)(=O)c1ccc(Nc2cc(NC3CCCCC3)nc3ncnn23)cc1,0
Cc1c(NC(=O)c2cccnc2)c(=O)n(-c2ccccc2)n1C,0
CNC(=O)NC(N)=NCCC[C@@H]1NC(=O)[C@@H](C)NC(=O)C[C@@H](C(=O)O)NC(=O)C[C@@H](C(=O)O)NC(=O)[C@H](Cc2ccccc2)N(C)C1=O,0
CCCC=CC=O,1
OB(O)c1ccccc1,0
CCCC(O)C(CC)CO,0
CC(C)(C)NCC(O)COc1ccccc1C#N,0
C=C1/C(=C\C=C2/CCC[C@]3(C)[C@@H](C#CC#CC(C)(C)O)CC[C@@H]23)C[C@@H](O)C[C@@H]1O,0
Cc1ccc([C@@H]2O[C@H](CO)[C@@H](O)[C@H](O)[C@H]2O)cc1Cc1ccc(-c2ccc(F)cc2)s1,0
O=C(O)c1c(O)c(Cc2ccc(Cl)cc2)nc2c3c(ccc12)CCCC3,0
O=C(Nc1ccccc1)c1cc([N+](=O)[O-])ccc1Cl,0
CCc1nc(N)nc(N)c1-c1ccc(Cl)cc1,1
CO[C@@H]1[C@H](OC(=O)/C=C/c2ccc(OCCN(C)C)cc2)CC[C@]2(CO2)[C@H]1[C@@]1(C)O[C@@H]1CC=C(C)C,0
N[C@H](CO)CC1CCCCC1,0
CC(=O)N[C@@H](CO)C(=O)O,0
NC1[C@@H]2CC[C@H]1c1cccc(C(F)(F)F)c12,0
COc1cc(-c2oc3cc(O)cc(O)c3c(=O)c2O)ccc1O,1
O=C1CC(c2ccc(O)c(O)c2)Oc2cc(O)cc(O)c21,1
Nc1cc(S(N)(=O)=O)ccc1[As](=O)(O)O,0
CC1=C/C(=C2\C=C(CCCCCCCCC(=O)NC3C4CC5CC(C4)CC3C5)C=CN2)NC=C1,0
C[C@]12OCC[C@H]1C(=O)N[C@]2(C=O)[C@@H](O)[C@@H]1C=CCCC1,0
CC(C)(COP(=O)([O-])OP(=O)(O)OC[C@H]1O[C@@H](n2cnc3c(N)ncnc32)[C@H](O)[C@@H]1OP(=O)(O)O)[C@@H](O)C(=O)NCCC(=O)NCCSC(=O)C[C@@H](O)C[N+](C)(C)C,0
N=C(N)c1ccc(OCCCCCCOc2ccc(C(=N)N)cc2)cc1,0
O=C(COc1ccc(Cl)cc1)N1CCN(Cc2ccc3c(c2)OCO3)CC1,1
O=C(Cc1cccs1)NCB(O)O,0
CCOc1cccc2sc(-n3c(CC)nc4ccc(Br)cc4c3=O)nc12,0
CN(C)Cc1c[nH]c2c(CCCO)cccc12,0
N[C@@H](CCC(=O)N[C@@H](CSC(O)OCc1ccc([N+](=O)[O-])cc1)C(=O)NCC(=O)O)C(=O)O,0
CN(C)C/C=C\c1cc(F)ccc1S(=O)(=O)Nc1ccc2c(c1C(=O)O)CCCC2,0
Oc1ccc(CCCCNC[C@H](O)c2ccc(O)c(O)c2)cc1,0
O[C@@H](CS)[C@@H](O)CS,0
OCC1OC(n2cnc3c2NC=NCC3O)CC1O,1
Cc1cnc2ccc3c(nc(N)n3C)c2n1,1
N[C@@H](Cc1cccc2ccccc12)C(=O)O,0
OC[C@H]1O[C@H](O)[C@@H](F)[C@@H](O)[C@@H]1O,0
NC1(C(=O)N[C@@H](CCO)c2ccc(Cl)cc2)CCN(c2nc[nH]c3nccc2-3)CC1,0
O=c1c2c(O)cc(O)cc2oc2c(O)ccc(OC3OC(CO)C(O)C(O)C3O)c12,1
N[C@H](C[C@H](Cc1ccc2ccccc2c1)C(=O)O)C(=O)O,0
CCCCC(CC)COc1ccc(-c2nc(-c3ccc(OC)cc3)nc(-c3ccc(OCC(CC)CCCC)cc3O)n2)c(O)c1,0
O=C(O)C(O)C(O)C(O)C(O)C(O)CO[C@H]1O[C@H](CO)[C@@H](O)[C@H](O)[C@H]1O,0
CC(C)OC(=O)CCC[C@H]1CC[C@@H]2[C@@H](/C=C/[C@@H](O)COc3cc(F)ccc3F)[C@H](O)C[C@@H]2OC1,0
Cc1nc(C)c(-c2ccnc(Nc3cccc(O)c3)n2)s1,0
CC[C@H](C)[C@@H](NCc1c(COP(=O)(O)O)cnc(C)c1O)C(=O)O,0
O=C(O)c1nn(Cc2ccc(Cl)cc2Cl)c2ccccc12,1
CC1(C)OC(=O)C(OCC2CC2)=C1c1ccc(S(C)(=O)=O)cc1,0
C=CC(=O)N1CC[C@H](n2nc(C#Cc3cc(OC)cc(OC)c3)c3c(N)ncnc32)C1,0
CC(C)C1C2OC(=O)C1C1CCC3CN(C)C2C31C,1
C#C[C@]1(O)CC[C@H]2[C@@H]3[C@@H](O)C=C4C[C@@H](O)CC[C@]4(C)[C@H]3CC[C@@]21C,0
CC(=O)O[C@H]1C(=O)[C@]23C[C@H]2C[C@H]2OC[C@@]2(OC(C)=O)[C@H]3[C@H](OC(=O)c2ccccc2)[C@]2(O)C[C@H](OC(=O)[C@H](O)[C@@H](NC(=O)OC(C)(C)C)c3ccccc3)C(C)=C1C2(C)C,0
OC[C@H]1O[C@@H](c2ccc(Cl)c(Cc3ccc(O[C@H]4CCOC4)cc3)c2)[C@H](O)[C@@H](O)[C@@H]1O,0
CN[C@@H]1[C@@H](O)[C@@H](O[C@@H]2[C@@H](O)[C@H](O[C@H]3O[C@H](CN)[C@@H](O)[C@H](O)[C@H]3O)[C@@H](N)C[C@H]2NC(=O)[C@@H](O)CN)OC[C@]1(C)O,0
C[C@@H](NC(=O)CCCC[C@H](NC(=O)CN)C(=O)O)C(=O)O,0
Cc1cc(S(=O)(=O)c2c([N+](=O)[O-])cc(C(F)(F)F)cc2[N+](=O)[O-])c(Cl)cc1Cl,0
C[N+](C)(CCOc1ccccc1)Cc1ccccc1,0
NC(Cc1ccc(Oc2cc(I)c(O)c(I)c2)c(I)c1)C(=O)O,1
NCCCC[C@H](N)C(N)=O,0
CC=C(C)C(=O)OC1CC[N+]2([O-])CC=C(COC(=O)C(O)(C(C)C)C(C)O)C12,1
OC1CCC(Nc2nc(-c3ccccc3)nc3[nH]ccc23)CC1,0
CC(=O)NCCc1cnc[nH]1,0
COc1cc(C2c3cc4c(cc3C(OC3OC5COC(C)OC5C(O)C3O)C3COC(=O)C23)OCO4)cc(OC)c1O,1
COc1ccc(C(C)=O)c(O)c1[C@H]1C[C@H]1NC(=S)Nc1ccc(C#N)cn1,0
C[C@]12CC[C@H]3[C@@H](CCC4=CC(=O)CC[C@@]43C)[C@@H]1CC[C@@H]2OC(=O)CCC(=O)O,0
Nc1ccn([C@@H]2O[C@H](CO)[C@@H](O)[C@H]2O)c(=O)n1,0
CSc1sc(C(=O)N2CCC3(CC2)COc2ccc(CN)cc23)c2ccccc12,0
CCSC(=N)N,0
CNC[C@H](O)[C@@H](O)[C@H](O)[C@H](O)CO,0
CCCCCCCCCC(=O)OCCN1CCN(CCCN2c3ccccc3Sc3ccc(C(F)(F)F)cc32)CC1,0
CC(C)=CCC/C(C)=C/Cc1cc(O)cc(Sc2ccccc2C(=O)O)c1O,0
O=c1[nH]cnc2c([C@@H]3N[C@H](CO)[C@@H](O)[C@H]3O)c[nH]c12,0
COc1cc(N)c(Cl)cc1C(=O)NCC1CCN(CCCn2ccnn2)CC1,0
CS(=O)(=O)Nc1ccc(C(=O)O[C@@H](Cc2c(Cl)c[n+]([O-])cc2Cl)c2ccc(OC(F)F)c(OCC3CC3)c2)cc1OCC1CC1,0
CCCCCCCCCCCCCCCCCCN(CCO)CCCN(CCO)CCO,0
Cc1ncc(COP(=O)(O)O)c(CNCC(=O)O)c1O,0
CC(C)c1nc(N(C)S(C)(=O)=O)nc(-c2ccc(F)cc2)c1C=CC(O)CC(O)CC(=O)O,1
CC1C=CC=CC=CC=CC=CC=CC=CC(OC2OC(C)C(O)C(N)C2O)CC2OC(O)(CC(O)CC(O)C(O)CCC(O)CC(O)CC(=O)OC(C)C(C)C1O)CC(O)C2C(=O)O,1
C[C@@](O)(CBr)CCOP(=O)(O)OP(=O)(O)O,0
[153Sm],0
CCCCCCCCCCC(=O)O[C@H]1CC[C@H]2[C@@H]3CCc4cc(O)ccc4[C@H]3CC[C@]12C,0
Cl[C@H]1[C@H](Cl)[C@@H](Cl)[C@H](Cl)[C@@H](Cl)[C@@H]1Cl,1
O=C(O)[C@]1(O)C=C[C@@H](O)[C@H](O)C1,0
O=C(CCn1cnc2c(=O)[nH]cnc21)Nc1ccc(C(=O)O)cc1,0
Nc1c(-c2cc(Cc3ccc(COc4ccccn4)cc3)no2)ccc[n+]1COP(=O)([O-])O,0
CN1C(=O)CC(c2ccccc2)C1=O,0
COc1ccccc1OCCNCC(O)COc1cccc2[nH]c3ccccc3c12,1
CC(C)=CCCN(C)[C@H]1CC=C(C)CC1,0
CCCCCCCCCc1cc(=O)c2ccccc2n1O,0
Oc1cc(O)c2c(c1)O[C@H](c1cc(O)c(O)c(O)c1)[C@H](O)C2,0
NNC(=O)c1ccc(-c2ccccc2Cl)o1,0
CN(C)[C@@H]1C(=O)C(C(N)=O)=C(O)[C@@]2(O)C(=O)C3=C(O)c4c(O)c(NC(=O)CN5CCCC5)cc(F)c4C[C@H]3C[C@@H]12,0
CCCC(=O)Nc1ccc(OCC(O)CNC(C)C)c(C(C)=O)c1,1
C[C@H]1CN(Cc2ccc(CC(=O)N3CCC(Nc4cccc(F)c4)CC3)cc2)CCN1,0
CCC1C2CCCCN3C(C4CC(C)C(=O)O4)CC(C4C(C)C(=O)OC14)C23,1
CO[C@H]1C[C@H](O[C@@H]2/C(C)=C\C[C@@H]3C[C@@H](C[C@]4(C=C[C@H](C)[C@@H](C(C)C)O4)O3)OC(=O)[C@@H]3C=C(C)[C@@H](O)[C@H]4OC/C(=C/C=C\[C@@H]2C)[C@]43O)O[C@@H](C)[C@H]1O[C@H]1C[C@@H](OC)[C@H](NC(C)=O)[C@H](C)O1,0
C[C@H](NC(=O)[C@H](CCCNC(N)N)NC(=O)OCc1ccccc1)C(=O)CF,0
Cc1c(-c2ccc(O)cc2)n(Cc2ccc(OCCN3CCCCC3)cc2)c2ccc(O)cc12,0
c1ccc2c(c1)Sc1ccccc1N2CCN1CCCC1,0
CNCC(C)c1ccccc1,0
CC1=CC(=O)OC2CC(CCC(C)C=CC=CCC1)OC(O)(C1CSC(=O)N1)C2,1
O=C1OC2(c3ccccc31)c1cc(Br)c(O)c(Br)c1Oc1c2cc(Br)c(O)c1Br,0
CN(CCc1cc(C(F)(F)F)cc(C(F)(F)F)c1)C(=O)[C@H](c1ccccc1)N1CCN(CC2CC2)CC1,0
CCOC(=O)C(C)(CC)Oc1ccc(Cc2ccc(Cl)cc2)cc1,1
OCC(Cl)(Cl)Cl,1
CCOC(=O)OC[C@H]1O[C@@H](Oc2nn(C(C)C)c(C)c2Cc2ccc(OC(C)C)cc2)[C@H](O)[C@@H](O)[C@@H]1O,0
O=c1c(-c2ccc(O)cc2)coc2cc(OC3OC(CO)C(O)C(O)C3O)cc(O)c12,1
Cn1cc(CNCC2CCN(c3ncc(C(=O)NO)cn3)CC2)c2ccccc21,0
C=C/C=C/C[C@@H](C)[C@@H](O)[C@H]1C(=O)N[C@@H](CC)C(=O)N(C)CC(=O)N(C)[C@@H](CC(C)C)C(=O)N[C@@H](C(C)C)C(=O)N(C)[C@@H](CC(C)C)C(=O)N[C@@H](C)C(=O)N[C@H](C)C(=O)N(C)[C@@H](CC(C)C)C(=O)N(C)[C@@H](CC(C)C)C(=O)N(C)[C@@H](C(C)C)C(=O)N1C,0
NCCO[N+](=O)[O-],0
Cc1nc2ccccc2n1Cc1ccc2c(c1)nc(CNc1ccc(C(=N)N)cc1)n2C,0
O=c1[nH]c(/C=C/c2cccc(F)c2)nc2ccccc12,0
CCOC(=O)C1(c2ccccc2)CCCN(C)CC1,0
C=C[C@H](N)C(=O)O,0
Cc1ccc(OC/C(=C\C=O)Nc2cc(C[C@H](N)C(=O)O)c(O)cc2O)cc1,0
COc1cc(CCN)c(OC)cc1Br,0
Cc1ncccc1C(=O)N1CCN(S(=O)(=O)c2ccc(C(F)(F)F)cc2)C[C@@H]1C,0
COc1ccc(C2=C(OC(C)=O)c3cccn3-c3ccccc3S2)cc1,1
O=C(O)c1ccc(-c2ccccc2[N+](=O)[O-])o1,0
O=S(=O)(O)OC1C(OS(=O)(=O)O)C(OS(=O)(=O)O)C(OS(=O)(=O)O)C(OS(=O)(=O)O)C1OS(=O)(=O)O,0
CC(=O)N[C@@H](CCCNC(N)=O)C(=O)O,0
N[C@H](CO)Cc1c[nH]c2ccccc12,0
N=C(N)NCc1cccc([123I])c1,0
O=C(CCCN1CC=C(n2c(=O)[nH]c3ccccc32)CC1)c1ccc(F)cc1,0
CCC(C)C(=O)OC1CC(O)C=C2C=CC(C)C(CCC(O)CC(O)CC(=O)O)C21,1
CC(=O)C1CCC2C3CCC4=CC(=O)CCC4(C)C3CCC12C,1
CN(CC(N)=O)C(=O)N(CCCl)N=O,0
CN1CCN(C(=O)OC2c3nccnc3C(=O)N2c2ccc(Cl)cn2)CC1,1
COC[C@@]1(C)CCCN2CCc3c(oc4ccccc34)[C@@H]21,0
COc1cc2ncnc(Oc3cccc(NC(=O)Nc4cc(C(C)(C)C(F)(F)F)on4)c3)c2cc1OC,0
N[C@@H]1CC[C@@H](c2ccc(Cl)c(Cl)c2)c2ccccc21,0
Nc1nc2ncc(CO)nc2c(=O)[nH]1,0
CCCCCCCCCCCCCCCCOC[C@H](COP(=O)([O-])OCC[N+](C)(C)C)OC(C)=O,0
NC(=O)c1[nH]n(-c2ccc(S(N)(=O)=O)cc2)c2c1ccc1nncc12,0
NC(=O)OCC(COC(N)=O)c1ccccc1,1
C[N+](C)(C)CC1COCO1,0
Nc1nc2c(ncn2COCCO)c(=O)[nH]1,1
O=C(NOCCO)C1=CC=C(F)[C@@H](F)C1=Nc1ccc(I)cc1F,0
CN(C)CCOC(C)(c1ccccc1)c1ccccn1,0
CN(C)CCN(Cc1ccccc1)c1ccccn1,0
CC(C)CC(=O)C(=O)O,0
C[C@@H](NCCc1ccc(O)cc1)[C@@H](O)c1ccc(O)cc1,0
CC(=O)SC[C@H](N)C(=O)O,0
C/C=C(\NC)C(=O)O,0
CC1(C)CC[C@@]2(C)C(=C3CC[C@@H]4[C@@]5(C)CC[C@H](O)C(C)(C)[C@@H]5CC[C@@]4(C)[C@]3(C)C[C@@H]2O)C1,0
CCCCCCCCCCNCCSC[C@H]1O[C@@H](n2cnc3c(N)ncnc32)[C@H](O)[C@@H]1O,0
CC(=O)N[C@H](CCC(=O)N[C@@H](CCC1=C(C(=O)O)N[C@@H]([C@H](NC(=O)Cc2ccccc2)C(=O)O)SC1)C(=O)N[C@H](C)C(=O)N[C@H](C)C(=O)O)C(=O)O,0
CCOC(=O)C(C)Oc1ccc(Oc2nc3ccc(Cl)cc3o2)cc1,0
O=P(OCC(Br)CBr)(OCC(Br)CBr)OCC(Br)CBr,1
NC(=O)C[C@H]1C[C@@H](C2=CN[C@@](Cc3ccccc3)(C[C@H](O)[C@H](Cc3ccccc3)NC(=O)O[C@H]3CCOC3)C2=O)c2ccccc21,0
Nc1nc2c(ncn2[C@@H]2O[C@H](COP(=O)(O)OP(=O)(O)OP(O)(O)=S)[C@@H](O)[C@H]2O)c(=O)[nH]1,0
OCCOCCOc1ccc(/C(=C(/CCCl)c2ccccc2)c2ccccc2)cc1,0
CCc1oc2ccccc2c1C(=O)c1cc(Br)c(O)c(Br)c1,1
CC1CCC2(OC1)OC1CC3C4CC=C5CC(OC6OC(CO)C(OC7OC(C)C(O)C(O)C7O)C(O)C6OC6OC(C)C(O)C(O)C6O)CCC5(C)C4CCC3(C)C1C2C,1
CCCCCCCCCCCCCCCCCCC(=O)OC(COC(=O)CCCCCCCCCCCCCCC)COP(=O)([O-])OCC[N+](C)(C)C,1
CC(C)=CCC12Oc3cc(O)c(C4C=C(C)CC(c5ccc(O)cc5O)C4C(=O)c4ccc(O)cc4O)c(O)c3C(=O)C1(O)Oc1cc(O)ccc12,1
COC(=O)C(c1ccccc1Cl)N1CCc2sccc2C1,1
COc1cc(-c2[o+]c3cc(O)cc(O)c3cc2O)cc(OC)c1O,1
CS(=O)(=O)Nc1cccc(Nc2nccc(Nc3c(Cl)ccc4c3OCO4)n2)c1,0
CC(C=CC=C(C)C=CC1=C(C)CC(O)CC1(C)C)=CC=CC=C(C)C=CC=C(C)C=CC1C(C)=CC(O)CC1(C)C,1
COc1ccc(-c2ccc3cc(C(=O)O)ccc3c2)cc1C12CC3CC(CC(C3)C1)C2,0
C[S+](C)CC[C@H](N)C(=O)O,0
COc1cc(C2Oc3c(O)cc(C4Oc5cc(O)cc(O)c5C(=O)C4O)cc3C2CO)ccc1O,1
C1=Cc2cccc(OCC3CNCCO3)c2C1,0
CC(N)C(O)c1ccccc1,1
O=C(CN1C[C@H](NC(=O)c2ccc(Cl)s2)[C@@H](O)C1)Nc1ccc(-n2ccccc2=O)cc1F,0
COC(=O)c1ccc(OC(=O)CCCCCCC(=O)NO)cc1,0
CCCCCc1ccc(Oc2ccccc2)c(O)c1,0
COc1c(O[C@@H]2O[C@H](CO)[C@@H](O)[C@H](O)[C@H]2O)cc2c(c1OC)-c1ccc(SC)c(=O)cc1[C@@H](NC(C)=O)CC2,0
CC(C)(c1ccc(OCC2CO2)cc1)c1ccc(OCC2CO2)cc1,0
C=Cc1ccncc1,1
NCCc1ccccn1,1
Nc1ccn([C@@H]2O[C@H](COP(=O)(O)O[C@@]3(C(=O)O)C[C@@H](O)[C@@H](O)[C@@H]([C@H](O)CO)O3)[C@@H](O)[C@H]2O)c(=O)n1,0
Oc1cc(O)cc(CCc2ccc(Nc3c4c(nc5cc(Cl)ccc35)CCCC4)cc2)c1,1
CNC(=O)c1nnc(NC(=O)C2CC2)cc1Nc1cccc(-c2ncn(C)n2)c1OC,0
N[C@@H](CCC(=O)NO)C(=O)O,0
CCCC(C)C1(CCSC)C(=O)NC(=S)NC1=O,0
Cc1ccc(S(=O)(=O)NO)o1,0
CC(C)C[C@H](NC(=O)CCCCCCCCCCCn1ccnc1)C(=O)O,0
CCCCCCCCCCCCCC=CC(O)C(COC1OC(CO)C(OC2OC(CO)C(OC3OC(CO)C(O)C(O)C3O)C(O)C2O)C(O)C1O)NC(C)=O,1
CC(C)OC(=O)Nc1ccc2nc(-c3cscn3)[nH]c2c1,0
Nc1ccc2nc(N)[nH]c(=O)c2c1,0
CSCCC(N)C(=O)NC(CCC(N)=O)C(=O)NC(Cc1c[nH]c2ccccc12)C(=O)NC(CC(N)=O)C(=O)NC(CO)C(=O)NC(C(=O)NC(C(=O)NC(Cc1ccccc1)C(=O)NC(CC1C=NC=N1)C(=O)NC(CCC(N)=O)C(=O)NC(C(=O)NC(CC(C)C)C(=O)NC(CCC(N)=O)C(=O)NC(CC(=O)O)C(=O)N1CCCC1C(=O)NC(CCCNC(=N)N)C(=O)NC(C(=O)OC(=O)CNC(=O)CNC(=O)C(C)NC(=O)C1CCCN1C(=O)C(Cc1ccccc1)NC(=O)C(Cc1ccc(O)cc1)NC(=O)C(CC(C)C)NC(=O)CNC(=O)C(N)CCCNC(=N)N)C(C)C)C(C)O)C(C)O)C(C)O,1
CC(C)(C)C1CCC(C2=C(O)c3ccccc3C(=O)C2=O)CC1,0
CN(C#N)NC(=O)OC(C)(C)C,0
Cc1ccc(O)c(O)c1CC[C@@H]1C(=O)CC[C@]2(C)C(=O)CC[C@@H]12,0
O=C(O)CCC/C=C\C[C@@H]1[C@@H](/C=C/[C@@H](O)COc2cccc(Cl)c2)[C@H](O)C[C@@H]1O,0
CC(=O)[C@H]1CC[C@H]2[C@@H]3CC[C@H]4C[C@](C)(O)CC[C@]4(C)[C@H]3CC[C@]12C,0
N#Cc1ncc(N2C(=O)C3(CCC3)N(c3ccc(OC4CCNCC4)cc3)C2=S)cc1C(F)(F)F,1
C[C@H]1O[C@@H](O[C@H]2[C@@H](O)C[C@H](O[C@H]3[C@@H](O)C[C@H](O[C@H]4CC[C@@]5(C)[C@H](CC[C@@H]6[C@@H]5CC[C@]5(C)[C@@H](C7=CC(=O)OC7)[C@@H](O)C[C@]65O)C4)O[C@@H]3C)O[C@@H]2C)C[C@H](O)[C@@H]1O,0
Cc1cc(Cl)c(S(N)(=O)=O)cc1S(N)(=O)=O,0
C1=CCC(C2CO2)CC1,1
CC(C)c1nnc2ccc(-c3ocnc3-c3ccc(F)cc3)cn12,0
Cc1cccc(CNC(=O)[C@@H]2CCCN2C(=O)[C@H](N)Cc2ccccc2)c1,0
NC(=O)CI,1
O=C(OC[C@H]1O[C@@H](OC(=O)c2cc(O)c(O)c(OC(=O)c3cc(O)c(O)c(O)c3)c2)[C@H](OC(=O)c2cc(O)c(O)c(OC(=O)c3cc(O)c(O)c(O)c3)c2)[C@@H](OC(=O)c2cc(O)c(O)c(OC(=O)c3cc(O)c(O)c(O)c3)c2)[C@@H]1OC(=O)c1cc(O)c(O)c(OC(=O)c2cc(O)c(O)c(O)c2)c1)c1cc(O)c(O)c(OC(=O)c2cc(O)c(O)c(O)c2)c1,0
O=C(CI)Nc1cccc(B(O)O)c1,0
COC1(C)CC(c2ccccc2)c2c(c3ccccc3oc2=O)O1,0
CCc1c(C(=O)NN2CCCCC2)nn(-c2ccc(Cl)cc2Cl)c1-c1ccc(Br)cc1,0
C=C1[C@H](CO)[C@@H](O)C[C@@H]1n1cnc2c(=O)[nH]c(N)nc21,0
O=C(O)CCC/C=C\C[C@@H]1[C@@H](/C=C/[C@@H](O)COc2cccc(C(F)(F)F)c2)[C@H](O)C[C@@H]1O,0
CCCCCCCCCCCCCCCCS(=O)(=O)OC[C@H](N)C(=O)O,0
CC(C)=CCCN(C)[C@@H]1CC=C(C)CC1,0
CC1(C)CNc2cc(NC(=O)c3cccnc3NCc3ccncc3)ccc21,0
CC(=O)NC(CSSCC(N)C(=O)O)C(=O)NC(C)C(=O)NC(CCCN=C(N)N)C(=O)NC(CCCN=C(N)N)C(=O)NC(CCCN=C(N)N)C(=O)NC(C)C(=O)NC(CCCN=C(N)N)C(N)=O,0
CN1CCC2=C(C1)c1ccccc1Cc1ccccc12,0
N[C@@H](Cc1ccccc1)C(=O)CCl,0
O=C1C=C(Nc2nn[nH]n2)CCC1,0
CC[C@@H](c1ccccc1)c1c(O)c2c(oc1=O)CCCCCC2,0
CCCCCCCCCCCCCCCC(=O)OCC(COP(=O)(O)OCC(O)CO)OC(=O)CCCCCCCCCCCCCCC,0
O=C(O)C=Cc1ccc(O)c(O)c1,1
Cn1cc(C(=O)[C@@H]2CCc3[nH]cnc3C2)c2ccccc21,0
COC(=O)[C@@H](N)Cc1ccccc1,0
COc1cccc(N2CCN(C3=Nc4c(F)cccc4C(CC(=O)O)N3c3cc(C(F)(F)F)ccc3OC)CC2)c1,1
C[N+](C)(C)C[C@H](O)CC(=O)[O-],0
COP(=S)(Oc1cc(Cl)c(Br)cc1Cl)c1ccccc1,1
OCC1CO1,1
[Cr+8],1
NC(=O)[C@](O)(CNc1nc(-c2cc(-c3ccon3)n(Cc3ccccc3F)n2)ncc1F)C(F)(F)F,0
CCCCCCO[C@@H]1O[C@H](CO)[C@H](O)[C@H](N)[C@H]1O,0
C[C@H]1C[C@H]2[C@@H]3CCC4=CC(=O)C=C[C@]4(C)[C@@]3(F)[C@@H](O)C[C@]2(C)[C@@]1(O)C(=O)COP(=O)(O)O,0
CN1Cc2c(N)cccc2C(c2ccccc2)C1,1
Nc1ncnc2c1nc(Br)n2[C@@H]1O[C@H](COP(=O)(O)OP(=O)(O)O)[C@@H](O)[C@H]1O,0
O=C(O)c1ccccc1Nc1cc(Cl)ccc1C(=O)O,0
CCCCCCCCCCCCCCCC(=O)NCCO,0
COC(=O)CCC=C=CC[C@@H]1C(=O)C[C@H](O)[C@H]1/C=C/[C@H](O)COc1ccccc1,0
CCC1CN2CCC3(C(=O)Nc4ccccc43)C2CC1C(=COC)C(=O)OC,1
CCCCCC(C=CC=CCC=CCC=CCCCC(=O)O)OO,1
CC/C=C\C/C=C\C/C=C\C/C=C\C/C=C\CCCC(=O)OCC,0
OC1(c2ccc(Cl)c(C(F)(F)F)c2)CCN(CCCC(c2ccc(F)cc2)c2ccc(F)cc2)CC1,0
O=C(O)[C@H]1CCCN1,0
CN1CCCN=C1C=Cc1cccs1,0
OC(c1ccccc1)(c1ccccc1)C1CN2CCC1CC2,0
O=Cc1c(O)cccc1OCc1ccc(C(=O)O)cc1,0
CCOS(=O)(=O)c1cc(C(C)(C)C)cc2cc(C(C)(C)C)ccc12,0
CC[N+](C)(CC)CCN(C)C(=O)C(O)(c1ccccc1)c1ccccc1,0
O=c1ccn([C@H]2C[C@H](O)[C@@H](COP(=O)(O)O)O2)c(=O)[nH]1,0
N[C@@H]1CCOC1=O,0
CCCNC(=O)C(O)CC(=O)NC(C(=O)N1CCCC1C(=O)O)C(C)CC,1
O/N=C/c1ccc(-c2ccc(O)cc2)c2ccccc12,0
CCOc1ccc(Cc2nc(C)cc3cc(OC)c(OC)cc23)cc1OC,0
CC(C)(C)OC(=O)NCCN1C[C@@H]2CN(CCOc3ccc(C#N)cc3F)C[C@H](C1)O2,0
c1ccc(C2OC2c2ccccc2)cc1,1
Clc1ccc(-c2cc(Cl)c(Cl)c(Cl)c2Cl)cc1Cl,1
O=C(O)Cc1cc(I)c(Oc2ccc(O)c(I)c2)c(I)c1,1
NCc1cc(CSc2ccccc2)c2nc(N)[nH]c(=O)c2c1,0
CONC(=O)Nc1ccc(-c2sc3c(c2CN(C)Cc2ccccc2)c(=O)n(-c2ccccc2)c(=O)n3Cc2c(F)cccc2F)cc1,0
CCS/C(Cc1ccccc1)=N\OS(=O)(=O)O,0
Cn1nc(C(C)(C)C)cc1NC(=O)Nc1ccc(Cl)cc1,0
CC(C)(C)NCC(O)c1cc(Cl)c(N)c(Cl)c1,1
O=C(O)CCn1c2c(c3ccccc31)C[C@H](NS(=O)(=O)c1ccc(F)cc1)CC2,0
CCCCn1c(Cc2cccc(OC)c2)nc2c(N)ncnc21,0
NC(N)=Nc1ccc(C(=O)O)cc1,0
Oc1cc(O)c2c(c1)OC(c1ccc(O)c(O)c1)C(O)C2,1
CCCCCCCCCSC[C@H](N)C(=O)O,0
CCOC(=O)C1=Cc2c3nc(cc4nc(cc5[nH]c(cc6[nH]c2c(C)c6CC)c(C)c5CC)C(C)=C4CC)[C@@H](C)[C@]13CC,0
CN(C)CCOC(C)(c1ccccc1)c1ccc(Br)cc1,0
CC(C)C[C@@H](N)C(=O)O,0
COC(=O)N[C@@H]1O[C@H](CO)[C@@H](O)[C@H](O)[C@H]1O,0
Cc1cccc(C)c1NC(=O)CN(CC(=O)O)CC(=O)O,0
CCOc1cc(N)c([N+](=O)[O-])cc1C(=O)NC1CCN(CC2CC=CCC2)CC1,0
OC[C@H]1O[C@@H](O[C@H]2[C@H](O)[C@H](O)[C@H](O)O[C@@H]2CO)[C@@H](O)[C@@H](O)[C@@H]1O,0
Nc1ccccc1F,0
CCCCCO[C@H]1O[C@H](CO)[C@@H](O)[C@H](O)[C@@H]1O,0
CN[C@@H](C)C(=O)N[C@H](C(=O)N1CCC[C@H]1C(=O)N[C@@H]1CCCc2ccccc21)C(C)(C)C,0
O=S(=O)(Nc1nc2cc(Cl)ccc2o1)c1cc(Cl)ccc1Cl,0
CC1(C)OCCn2c1nc1c(N3CCOCC3)nc(-c3cnc(N)nc3)nc12,0
O=C(OC1OC2COC(=O)c3cc(O)c(O)c(O)c3-c3c(cc(O)c(O)c3O)C(=O)OC(C2O)C1O)c1cc(O)c(O)c(O)c1,1
Cc1nc(-c2ccnc(N)n2)cn1Cc1c(Cl)cccc1Cl,0
COc1ncc(-c2ccc3nccc(-c4ccnnc4)c3c2)cc1NS(=O)(=O)c1ccc(F)cc1F,0
C=CC(O)CC#N,1
Cc1cc(-c2nc3ccccc3o2)cc(C)c1O,0
N[C@@H](Cc1ccc(O)c([N+](=O)[O-])c1)C(=O)O,0
O=C(CO)[C@H](O)[C@@H](O)COP(=O)(O)O,0
Cc1cn([C@H]2C[C@H](OP(=O)(O)OC[C@H]3O[C@@H](n4cnc5c(O)nc(=N)[nH]c54)C[C@@H]3OP(=O)(O)OC[C@H]3O[C@@H](n4cc(C)c(O)nc4=O)C[C@@H]3OP(=O)(O)OC[C@H]3O[C@@H](n4cnc5c(O)nc(=N)[nH]c54)C[C@@H]3OP(=O)(O)OC[C@H]3O[C@@H](n4cnc5c(O)nc(=N)[nH]c54)C[C@@H]3OP(=O)(O)OC[C@H]3O[C@@H](n4cc(C)c(O)nc4=O)C[C@@H]3OP(=O)(O)OC[C@H]3O[C@@H](n4cnc5c(O)nc(=N)[nH]c54)C[C@@H]3OP(=O)(O)OC[C@H]3O[C@@H](n4cnc5c(O)nc(=N)[nH]c54)C[C@@H]3OP(=O)(O)OC[C@H]3O[C@@H](n4cc(C)c(O)nc4=O)C[C@@H]3OP(=O)(O)OC[C@H]3O[C@@H](n4cnc5c(O)nc(=N)[nH]c54)C[C@@H]3OP(=O)(O)OC[C@H]3O[C@@H](n4cnc5c(O)nc(=N)[nH]c54)C[C@@H]3OP(=O)(O)OC[C@H]3O[C@@H](n4cc(C)c(O)nc4=O)C[C@@H]3OP(=O)(O)OC[C@H]3O[C@@H](n4cnc5c(O)nc(=N)[nH]c54)C[C@@H]3OP(=O)(O)OC[C@H]3O[C@@H](n4cnc5c(O)nc(=N)[nH]c54)C[C@@H]3O)[C@@H](COP(=O)(O)O[C@H]3C[C@H](n4cc(C)c(O)nc4=O)O[C@@H]3COP(=O)(O)O[C@H]3C[C@H](n4cnc5c(O)nc(=N)[nH]c54)O[C@@H]3COP(=O)(O)O[C@H]3C[C@H](n4cnc5c(O)nc(=N)[nH]c54)O[C@@H]3COP(=O)(O)O[C@H]3C[C@H](n4cc(C)c(O)nc4=O)O[C@@H]3COP(=O)(O)O[C@H]3C[C@H](n4cnc5c(O)nc(=N)[nH]c54)O[C@@H]3COP(=O)(O)O[C@H]3C[C@H](n4cnc5c(O)nc(=N)[nH]c54)O[C@@H]3COP(=O)(O)O[C@H]3C[C@H](n4cc(C)c(O)nc4=O)O[C@@H]3COP(=O)(O)O[C@H]3C[C@H](n4cnc5c(O)nc(=N)[nH]c54)O[C@@H]3COP(=O)(O)O[C@H]3C[C@H](n4cnc5c(O)nc(=N)[nH]c54)O[C@@H]3COP(=O)(O)O[C@H]3C[C@H](n4cc(C)c(O)nc4=O)O[C@@H]3COP(=O)(O)O[C@H]3C[C@H](n4cnc5c(O)nc(=N)[nH]c54)O[C@@H]3COP(=O)(O)OC3CC(n4cnc5c(O)nc(=N)[nH]c54)OC3CO)O2)c(=O)nc1O,0
CCCOc1ccc(S(=O)(=O)NCCC2CCCN2C)cc1-c1nc(=O)c2c([nH]1)c(CCC)nn2C,0
N=C(N)NC(=N)N1CCOCC1,0
NS(=O)(=O)c1cc([C@@]2(O)NC(=O)c3ccccc32)ccc1Cl,0
CSc1ncnc2c1ncn2[C@@H]1O[C@H](CO)[C@@H](O)[C@H]1O,0
CN(C)C[C@@H](O)COc1ccc(Nc2nccc(Nc3cc(Cl)ccc3Cl)n2)cc1,0
COc1cc2c(c3oc(=O)c4c(c13)CCC4=O)[C@@H]1C=CO[C@@H]1O2,1
CC[C@H](C)C(=O)O[C@H]1CCC=C2C=C[C@H](C)[C@H](CC[C@@H]3C[C@@H](O)CC(=O)O3)[C@H]21,0
COc1ccccc1OC(=O)c1ccccc1OC(C)=O,0
O=P(O)(O)OC[C@H]1O[C@@H](O)[C@H](O)[C@@H]1O,0
CNc1ccc(C(=O)/C=C/c2cc(C)c(OC(C)(C)C(=O)OC(C)(C)C)c(C)c2)cc1,0
CC1OC(OC2CC(O)C3(CO)C4C(O)CC5(C)C(C6=CC(=O)OC6)CCC5(O)C4CCC3(O)C2)C(O)C(O)C1O,1
CC12CCC3c4ccc(OC(=O)N(CCCl)CCCl)cc4CCC3C1CCC2OP(=O)(O)O,1
Nc1ccn([C@@H]2O[C@H](CO)[C@@H](O)C2(F)F)c(=O)n1,1
CC(C)[C@H](NC(=O)NC1CCCC1)C(=O)N1CC[C@H](NC(=O)C2CC2)[C@H]1C1(C=O)CCC1,0
COc1ccccc1OP(=O)(Oc1ccccc1OC)Oc1ccccc1OC,0
O=C(O)CC(=O)N[C@@H](CS)Cc1ccccc1,0
COCc1c(C(=O)OC(C)C)ncc2[nH]c3ccc(OCc4ccccc4)cc3c12,1
C[C@@H](Cc1ccccc1)N(C)Cc1ccccc1,0
NS(=O)(=O)OC[C@H]1C[C@@H](Nc2ccnc3cc(-c4cccc(SC(F)(F)F)c4)nn23)[C@H](O)[C@@H]1O,0
O=C(Nc1cn[nH]c1-c1nc2ccc(CN3CCOCC3)cc2[nH]1)NC1CC1,0
CC(C)C[C@](C)(N)C(=O)O,0
CNC1C(OC2C(OC3C(O)C(O)C(N=C(N)N)C(O)C3N=C(N)N)OC(C)C2(O)C=O)OC(CO)C(O)C1O,0
CC(Oc1ccccc1)C(=O)N[C@@H]1C(=O)N2[C@@H]1SC(C)(C)[C@@H]2C(=O)O,0
CC(=O)OCC(COP(=O)(O)OCCN)OC(C)=O,1
O=P(O)(O)C(O)P(=O)(O)O,0
CN1CCN(CCCN2c3ccccc3Sc3ccc(C(F)(F)F)cc32)CC1,1
O=P(Oc1ccccc1)(Oc1ccccc1)Oc1ccccc1,1
O=C(N[C@@H](Cc1ccccc1)C(=O)N[C@@H](CCc1ccccc1)C(=O)CO)OCc1cccnc1,0
COc1ccc(CCN(C)CCCOc2ccc(S(=O)(=O)c3c(C(C)C)cn4ccccc34)cc2)cc1OC,1
NC(=NCCCC(N)C(=O)O)N[N+](=O)[O-],1
CCOP(=S)(OCC)SCn1c(=O)oc2cc(Cl)ccc21,1
CCOC(=O)[C@H]1O[C@@H]1C(=O)N[C@H](C(=O)N[C@@H](C)C(=O)O)[C@@H](C)CC,0
CN1[C@@H]2CC[C@H]1CC(OC(c1ccccc1)c1ccc(Cl)cc1)C2,0
Nc1ncnc2c1ncn2[C@@H]1O[C@H](COP(=O)(O)OC(=O)[C@@H](N)Cc2cnc[nH]2)[C@@H](O)[C@H]1O,0
Nc1ncnc2c1ncn2[C@@H]1O[C@@H](CO)[C@H](O)[C@H]1O,0
OCCOc1ccccc1-c1ccc(F)c(F)c1F,0
C[C@H](O)C=O,0
Cc1cc2nc3c(=O)[nH]c(=O)nc-3n(C[C@H](O)[C@H](O)[C@H](O)COP(=O)(O)OP(=O)(O)OC[C@H]3O[C@@H](n4cnc5c(N)ncnc54)[C@H](O)[C@@H]3O)c2cc1N(C)C,0
CC[C@@]1(O)C[C@H](O[C@H]2C[C@H](N(C)C)[C@H](O[C@H]3C[C@H](O)[C@@H](O[C@H]4CCC(=O)[C@@H](C)O4)[C@H](C)O3)[C@H](C)O2)c2c(cc3c(c2O)C(=O)c2c(O)cccc2C3=O)[C@H]1O,0
O=C(O)C(=O)Cc1c[nH]c2ccccc12,1
CO[C@H]1[C@@H](O)C[C@H](O[C@H]2[C@@H](O)C[C@H](O[C@H]3[C@@H](O)C[C@H](O[C@H]4CC[C@@]5(C)[C@H](CC[C@@H]6[C@@H]5C[C@@H](O)[C@]5(C)[C@@H](C7=CC(=O)OC7)CC[C@]65O)C4)O[C@@H]3C)O[C@@H]2C)O[C@@H]1C,0
O=C(OCCO)c1ccccc1O,0
CCc1[nH]c(=O)[nH]c1C(=O)c1ccncc1,1
OC[C@H]1O[C@@H](OC[C@H]2OC(O)[C@H](O)[C@@H](O)[C@@H]2O)[C@H](O)[C@@H](O)[C@H]1O,0
CC(C)[C@@H]1NC(=O)[C@H](Cc2ccccc2)NC(=O)[C@H](CC(=O)O)NC(=O)C(CO)NC(=O)[C@@H]2CSSC[C@H](NC(=O)C(CCCNC(=N)N)NC(=O)[C@H](CCCNC(=N)N)NC(=O)[C@H](C)NC(=O)[C@H](CCC(=O)O)NC(=O)[C@H](CC(=O)O)NC(=O)[C@H](C)NC(=O)[C@H](CCC(N)=O)NC1=O)C(=O)N[C@@H](Cc1ccc(O)cc1)C(=O)N[C@@H](CC(N)=O)C(=O)N[C@@H](CC(=O)O)C(=O)N1CCC[C@H]1C(=O)NC(CCCCN)C(=O)N2,0
CC(C)CCC[C@@](C)(O)[C@H]1CC[C@H]2[C@@H]3CC=C4C[C@@H](O)CC[C@]4(C)[C@H]3CC[C@@]21C,0
COc1ccc2c(c1)[C@@H]1C[C@]1(C(=O)N1C3CCC1CN(C)C3)Cn1c-2c(C2CCCCC2)c2ccc(C(=O)NS(=O)(=O)N(C)C)cc21,1
[Ne],0
Oc1cc(O)c2c(c1)OC(c1ccc(O)c(O)c1)C(OC1(c3ccc(O)c(O)c3)Oc3cc(O)cc(O)c3C(O)C1O)C2,1
NS(=O)(=O)c1ccc(C(=O)NCc2ccccc2F)cc1,0
CCNC(=O)c1cc2c(-c3ccc(Cl)cc3Cl)nc(N)nc2s1,0
CNC(=O)c1ccccc1S(=O)(=O)NCC(=O)Nc1ccc(O)cc1,0
CCCCCCCCCCCCCCCCCCCC(=O)N[C@H]1CC[C@@]2(C)[C@@H](C1)C[C@@H](O)[C@@H]1[C@@H]2C[C@H](O)[C@]2(C)[C@@H]([C@H](C)CCC(=O)O)CC[C@@H]12,0
CC(=O)N=C1C=CC(=O)C=C1,1
CC(C)Oc1ccc2c(c1)CCc1c-2c2c(c3c4ccccc4n(CCO)c13)C=NC2=O,0
Cc1ccc2nc(N)[nH]c(=O)c2c1Sc1ccncc1,0
CNc1cc2[nH]c(=O)n(-c3ccc(NC(=O)NS(=O)(=O)c4ccc(Cl)s4)cc3)c(=O)c2cc1F,0
CO/N=C(\N)c1ccc(CNC(=O)[C@@H]2CCN2C(=O)[C@H](O)c2cc(Cl)cc(OC(F)F)c2)cc1,0
CC1(N)CCN(c2cnc(-c3cccc(Cl)c3Cl)c(N)n2)CC1,1
CC(C=CC1=C(C)C(=O)CCC1(C)C)=CC=CC(C)=CCO,1
COC(=O)[C@@H]1[C@H](C(=O)OC)[C@@H]2C=C[C@H]1C2,0
CCOC(=O)Oc1ccc(CCNC(=O)[C@H](CCSC)NC(C)=O)cc1OC(=O)OCC,0
O=c1cc(O)n([C@@H]2O[C@H](COP(=O)(O)O)[C@@H](O)[C@H]2O)c(=O)[nH]1,0
O=C(O)CCC/C=C\C[C@H]1[C@@H]2CC[C@@H](C2)[C@@H]1NS(=O)(=O)c1ccccc1,0
Nc1nccc(-c2ccc3noc(-c4ccc(Cl)cc4)c3c2)n1,0
C[C@H](NC(=O)/C(C#N)=C/c1cccc(Br)n1)c1ccccc1,0
CCCC[C@]1(CC)CS(=O)(=O)c2cc(CNC(CC(=O)O)CC(=O)O)c(OC)cc2[C@@H](c2ccccc2)N1,0
C[N+]1(C)[C@@H]2C[C@@H](OC(=O)C(O)(c3cccs3)c3cccs3)C[C@H]1[C@@H]1O[C@@H]12,0
NCCNS(=O)(=O)c1ccc(Cl)c2ccncc12,0
CC(=O)OCC12CC(OC(=O)CC(C)C)C(C)=CC1OC1C(O)C(OC(C)=O)C2(C)C12CO2,1
CC1CC2C3CCC4=CC(=O)C=CC4(C)C3(Cl)C(O)CC2(C)C1(OC(=O)c1ccco1)C(=O)CCl,1
CC1(C)OC(c2ccc(S(N)(=O)=O)cc2)=C(c2cccc(F)c2)C1=O,0
[W],1
CCCCCCCCCCCCCCCCC(O)C(=O)N[C@@H](CO)[C@H](O)[C@H](O)CCCCCCCCCCCCCC,0
[Sm+3],1
CCOCC(O)COc1ccc(NC(=O)CC[S+](C)C)cc1,1
O=S(=O)(O)O[C@@H]1[C@@H](OS(=O)(=O)O)[C@H](O)[C@@H](CO)O[C@@H]1O,0
N=C(N)SCCc1ccc(CCSC(=N)N)cc1,0
Nc1nc2c(ncn2[C@@H]2O[C@H](COP(=O)(O)OP(=O)(O)O)[C@H]3OP(=O)(O)O[C@H]32)c(=O)[nH]1,0
O=C(O)CCc1nc2ccccc2[nH]1,0
Cc1ncc(COP(=O)(O)O)c(CN[C@@H](C)C(=O)CCCCCC(=O)O)c1O,0
CCNC(=O)CC[C@H](N)C(=O)O,0
Cc1ccc(/C(=C\CN2CCCC2)c2ccccn2)cc1,0
CNC(=O)COc1ccccc1OCC(O)CNC(C)(C)C,0
Cc1cc(O[C@@H](CCC(F)(F)F)c2ccc(C(=O)NCCC(=O)O)cc2)cc(C)c1-c1ccc(C(C)(C)C)cc1,0
CCOC(=O)[C@H]1O[C@@H]1C(=O)N[C@H](C(=O)N[C@H](C(=O)O)[C@@H](C)CC)[C@@H](C)CC,0
COc1c2ccoc2cc2oc(=O)ccc12,0
N[C@@H](CCC(=O)N[C@@H](CSCO)C(=O)NCC(=O)O)C(=O)O,0
CC(=O)[C@H]1CC[C@H]2[C@@H]3CC[C@H]4C[C@@H](O)CC[C@]4(C)[C@H]3CC[C@]12C,0
CCCC/C(C)=C/C=C(\C)C(=O)c1c(O)cc(CCC/C=C/NC(=O)OC)oc1=O,0
CC1(C)S[C@H]([C@H](N=C(O)Cc2ccccc2)C(=O)OC[C@H](N)C(=O)O)N[C@H]1C(=O)O,0
CC(=O)N[C@H]1[C@@H](OP(=O)(O)OP(=O)(O)OC[C@H]2O[C@@H](n3ccc(=O)[nH]c3=O)[C@H](O)[C@@H]2O)O[C@H](CO)[C@@H](O)[C@@H]1O,0
CC(C)N1CCN(c2ccc(N3CCN(c4ccc(OC[C@H]5OC[C@](Cn6cncn6)(c6ccc(F)cc6F)O5)cc4)CC3)cc2)C1=O,0
Cc1cc2nc3c(=O)[nH]c(=O)nc-3n(C[C@H](O)[C@H](O)[C@H](O)COP(=O)(O)O)c2cc1C,0
NCC1(c2ccccc2)CCCC1,0
NC(=O)c1ncn([C@@H]2O[C@H](CO)[C@@H](O)[C@H]2O)c1N,0
O=C(NC[C@H](O)CO)c1ccncc1Nc1ccc(I)cc1F,0
O=C1N[C@H](C(=O)O)CS1,0
CCCCN1CC(O)C(O)C(O)C1CO,0
COc1ccc(CC(C)C(C)Cc2ccc(OC)c(OC)c2)cc1OC,1
Nc1nc(F)nc2c1ncn2[C@@H]1O[C@H](COP(=O)(O)O)[C@@H](O)[C@@H]1O,0
C=Cc1c(C)c2cc3nc(c(CC(=O)N[C@@H](CC(=O)O)C(=O)O)c4[nH]c(cc5nc(cc1[nH]2)C(C)=C5CC)c(C)c4C(=O)O)[C@@H](CCC(=O)O)[C@@H]3C,0
COc1ccc(C[C@H]2NC[C@H](O)[C@H]2OC(C)=O)cc1,0
Nc1nc2c(ncn2/C=C2/CC2(CO)CO)c(=O)[nH]1,0
CCNC(=NCCCCC(NC(=O)C(Cc1ccc(O)cc1)NC(=O)C(CO)NC(=O)C(Cc1cccnc1)NC(=O)C(Cc1ccc(Cl)cc1)NC(=O)C(Cc1ccc2ccccc2c1)NC(C)=O)C(=O)NC(CC(C)C)C(=O)NC(CCCCN=C(NCC)NCC)C(=O)N1CCCC1C(=O)NC(C)C(N)=O)NCC,0
O=C(CCc1ccc(O)cc1)c1c(O)cc(O)cc1OC1OC(CO)C(O)C(O)C1O,1
CC(=O)OCC(=O)NCCCOc1cccc(CN2CCCCC2)c1,0
COc1ccc(O)c(-c2nc3ccc(C(=N)N)cc3[nH]2)c1,0
C=C1[C@@H]2CCC3[C@@](CC[C@@H]4[C@H](C(=O)O)C[C@@H](O[C@@H]5O[C@H](CO)[C@@H](OS(=O)(=O)O)[C@H](OS(=O)(=O)O)[C@H]5OC(=O)CC(C)C)C[C@@]34C)(C2)[C@@H]1O,1
Oc1ccc(Cl)c2cccnc12,0
CC(=O)O[C@H]1CC[C@@]2(C)[C@@H](CC=C3[C@@H]2CC[C@]2(C)[C@@H]([C@H](C)COC=O)CC[C@@H]32)C1,0
[18F]c1ccc([P+](c2ccccc2)(c2ccccc2)c2ccccc2)cc1,0
Oc1cc(O)c2c(c1)OC(c1cc(O)c(O)c(O)c1)C(O)C2,1
CCC(c1ccc(O)cc1)C(CC)c1ccc(O)cc1,1
CCCCC(=O)O[C@]1(C(=O)CO)CC[C@H]2[C@@H]3CCC4=CC(=O)C=C[C@]4(C)[C@H]3[C@@H](O)C[C@@]21C,0
C[C@@](O)(C(=O)O)c1ccccc1,0
CC(=O)OC1CC23CC24CCC(OC2OCC(O)C(O)C2O)C(C)(C)C4CCC3C2(C)CC3OC4(CC(C)C3C12C)OC(O)C1(C)OC41,1
O=[N+]([O-])c1c(Cl)c(Cl)c(Cl)c(Cl)c1Cl,1
CC(Cc1ccccc1)/N=C/C(Cl)(Cl)Cl,0
COc1ccc2c(c1OC)C(=O)O[C@@H]2[C@H]1c2c(cc3c(c2OC)OCO3)CCN1C,0
O=[N+]([O-])c1ccc2[nH]ncc2c1,0
CCN(CC)Cc1cc(Nc2ccnc3cc(Cl)ccc23)ccc1O,1
C=CCN1CCCC1CNC(=O)c1cc2[nH]nnc2cc1OC,0
C=CC=O,1
CC1(C(=O)O)CCC2(C)CCC3(C)C(=CC(=O)C4C5(C)CCC(OC6OC(C(=O)O)C(O)C(O)C6OC6OC(C(=O)O)C(O)C(O)C6O)C(C)(C)C5CCC43C)C2C1,1
COc1cc2c(cc1OS(N)(=O)=O)CC[C@@H]1[C@@H]2CC[C@]2(C)[C@@H](CC#N)CC[C@@H]12,0
O=c1ccn([C@@H]2O[C@H](COP(=O)(O)OP(=O)(O)OP(=O)(O)O)[C@@H](O)[C@H]2O)c(=O)[nH]1,0
COc1ccc(C2=N[C@@H](c3ccc(Cl)cc3)[C@@H](c3ccc(Cl)cc3)N2C(=O)N2CCNCC2)c(OC(C)C)c1,0
CCCC[C@@H](C=O)NC(=O)[C@H](CC(C)C)NC(=O)OCc1ccc(Br)cc1,0
Cc1ccc2ccc3ccc(C)nc3c2n1,1
C[C@H]1CNC(=O)c2[nH]c3ccc(C(=O)Nc4nc(C(=O)NCCN(C)C)cs4)cc3c21,0
CC(C)[C@@H]1CC[C@@H](C)C[C@H]1OC(=O)C[N+](C)(C)CCCCCCCCCC[N+](C)(C)CC(=O)O[C@@H]1C[C@H](C)CC[C@H]1C(C)C,0
CN1CCN(c2ccc(Cc3cc4cnc(CN)nc4n3C3CCCCC3)cc2)CC1,0
COc1c(Cl)ccc(Cl)c1C(=O)O,1
Nc1nonc1-c1nc2ccccc2n1CC(=O)Nc1ccc(Br)c2ccccc12,0
O=C(NO)[C@H](O)[C@H](O)COP(=O)(O)O,0
NC(=O)c1ccc[n+]([C@@H]2O[C@H](COP(=O)([O-])OP(=O)(O)OC[C@H]3O[C@@H](n4cnc5c(N)ncnc54)[C@H](OP(=O)(O)O)[C@@H]3O)[C@@H](O)[C@H]2O)c1,0
C/C(=N\O)c1ncc([C@@H](O)[C@H](O)[C@H](O)CO)[nH]1,0
Cc1cc(OCCO)ccc1-c1cccc(CNc2ccc(OCC(=O)O)c(F)c2)c1,1
O[C@@H]1CO[C@H]2[C@@H]1OC[C@@H]2O,0
OC[C@]1(F)OC(F)[C@@H](O)[C@@H](O)[C@@H]1O,0
COc1ccc2cc([C@H](C)C(=O)OCCCCO[N+](=O)[O-])ccc2c1,0
CCc1oc2cc(S(=O)(=O)N(C)C)ccc2c1C(=O)c1cc(Br)c(O)c(Br)c1,0
O=C(O)[C@@H](CS)CCCc1ccccc1,0
O=C1OCc2c(Cl)c(Cl)c(Cl)c(Cl)c21,0
CN(C)CCCC1(c2ccc(F)cc2)OCc2cc(C#N)ccc21,1
CCCCCCCCCCCCC(=O)O,0
CC[C@H](C)[C@H]1NC(=O)[C@@H](NC(=O)[C@@H](CC(C)C)N(C)C(=O)[C@@H]2CCCN2C(=O)C(C)O)[C@@H](C)OC(=O)[C@H](Cc2ccc(OC)cc2)N(C)C(=O)[C@@H]2CCCN2C(=O)[C@H](CC(C)C)NC(=O)[C@@H](C)C(=O)[C@H](C(C)C)OC(=O)C[C@@H]1O,1
N=C(N)c1ccc(OCCCOc2ccc(C(=N)N)cc2)cc1,0
Cc1cc(N)nc(CCNC(=O)c2ccc(C#N)cc2)c1,0
COC(=O)/C(=C1/OC(=O)C(c2ccccc2)=C1O)c1ccccc1,1
Oc1c(I)cc(I)cc1I,1
CC(C)C[C@H](NC(=O)[C@H](Cc1ccccc1)NC(=O)[C@H](CCC(=O)O)NC(=O)[C@@H](N)CCCCN)C(=O)N[C@@H](Cc1cnc[nH]1)C(=O)N1CCC[C@H]1C(=O)N[C@@H](CO)C(=O)N[C@@H](CCCCN)C(=O)N[C@H](C(=O)N[C@@H](CC(=O)O)C(=O)N[C@@H](CC(C)C)C(=O)N1CCC[C@H]1C(=O)N[C@@H](CCCN=C(N)N)C(=O)O)C(C)C,0
C[C@@H]1C[C@@H](N(C)O)N[C@H]1C(=O)O,0
O=C(O)c1ccccc1OS(=O)(=O)O,0
OC[C@@H](O)[C@@H](O[C@@H]1O[C@H](CO)[C@H](O)[C@H](O)[C@H]1O)[C@H](O)[C@@H](O)CO,0
C/C=C/C[C@H](C(C)=O)n1cc([C@@](C)(NC(=O)c2ccccc2)C(C)C)nn1,0
C[C@]12CC[C@@H]3c4ccc(O)cc4CC[C@H]3[C@@H]1[C@@H](O)[C@@H](O)[C@@H]2O,0
N[14C](N)=O,0
CC(C)(C)NCC(O)c1ccc(O)c(NC(N)=O)c1,0
COc1nccnc1NS(=O)(=O)c1ccc(N)cc1,0
O=C(C1CCN(c2ccncc2)CC1)N1CCN(S(=O)(=O)c2ccc3cc(Cl)ccc3c2)CC1,0
C[C@]12CCC(=O)C=C1CC[C@H]1[C@@H]3CC[C@](O)(C(=O)CO)[C@@]3(C)C[C@H](O)[C@@]12F,0
CC#CCOc1ccc(S(=O)(=O)N2CC[C@H](S)C2)cc1,0
CCCCCC[C@H]([C@H](C)O)n1cnc2c(N)ncnc21,0
O=S(=O)(O)CCNc1ccccc1,0
COc1cc2ncc3c(N)nc4c(C)c(N)ccc4c3c2cc1OC,0
CCCCCCCCCCCCC/C=C/[C@@H](O)[C@@H](CO)NC(C)=O,0
CCC[C@H](N[C@@H](C)C(=O)N1[C@H](C(=O)O)C[C@@H]2CCCC[C@@H]21)C(=O)OCC,0
CCCCCCCc1cc(=O)c2ccccc2n1O,0
COC[C@@H]1[C@@H](c2ccc(Cl)c(Cl)c2)C[C@@H]2CC[C@H]1N2C,0
Cc1ccc2nc[nH]c2c1,0
OC[C@H]1O[C@@H]([n+]2c[nH]c3c2NC=N[C@H]3O)[C@H](O)[C@@H]1O,0
O=C(O)CC(C(=O)O)C(P(=O)(O)O)P(=O)(O)O,0
OC/C=C/c1ccccc1,0
O=C1OC2(c3ccccc31)c1cc([N+](=O)[O-])c(O)c(Br)c1Oc1c2cc([N+](=O)[O-])c(O)c1Br,1
CC[C@@]1(O)C(=O)OCc2c1cc1n(c2=O)Cc2cc3ccccc3nc2-1,0
O=C(O)CN(CC(=O)O)Cc1cc2c(cc1O)Oc1cc(O)c(CN(CC(=O)O)CC(=O)O)cc1C21OC(=O)c2ccccc21,0
CCCCCCCCN=C1SC[C@@H]2[C@@H](O)[C@H](O)[C@@H](O)[C@H](O)N12,0
Cc1oc(-c2ccccc2)nc1CCOc1ccc(CC2SC(=O)NC2=O)c2sccc12,0
CC1=C(C/C=C(\C)CCC[C@H](C)CCC[C@H](C)CCCC(C)C)C(=O)c2ccccc2C1=O,0
CCCC[C@H](N)C(O)(O)CNC1CC1,0
CCC(C(=O)O)c1ccc(-c2ccccc2)cc1,0
CNC(=O)c1c(C)[nH]c(/C=C2\C(=O)Nc3ccc(Cl)cc32)c1C,0
CC(=O)CCC(=O)O,0
CCCNC(C)C(=O)Nc1ccccc1C,0
C/C(=C\CNc1ncnc2nc[nH]c12)CO,0
CC(C)C[C@H](NC(=O)[C@@H]1CCCC(=O)N1)C(=O)N1CCC[C@H]1C(N)=O,0
NC(N)=NCCCC[C@H](N)C(=O)O,0
CSCC[C@H](NC(=O)[C@H](CO)NC(=O)[C@H](Cc1ccc(O)cc1)NC(=O)[C@H](CO)NC(=O)[C@H](CCCCN)NC(=O)[C@H](CCCCN)NC(=O)[C@H](CCCCN)NC(=O)[C@H](CCCCN)NC(=O)[C@H](CCCCN)NC(=O)[C@H](CCCCN)NC(C)=O)C(=O)N[C@@H](CCC(=O)O)C(=O)N[C@@H](Cc1c[nH]cn1)C(=O)N[C@@H](Cc1ccccc1)C(=O)N[C@@H](CCCNC(=N)N)C(=O)N[C@@H](Cc1c[nH]c2ccccc12)C(=O)NCC(=O)N[C@@H](CCCCN)C(=O)N1CCC[C@H]1C(=O)N[C@H](C(N)=O)C(C)C,0
Cc1c(Cn2c(C)nc3c(C(=O)O)cc(N4CCOCC4)cc32)cccc1C(F)(F)F,0
O=C(NCCN1CCC(n2c(=O)[nH]c3cc(Cl)ccc32)CC1)c1ccc(F)cc1,1
O=C(OC1C[N+]2(CCCOc3ccccc3)CCC1CC2)C(O)(c1cccs1)c1cccs1,1
CCCCCOP(=O)(O)OP(=O)(O)O,0
C[C@@H](O)[C@@H]1NC(=O)[C@H](CCCCN)NC(=O)[C@@H](Cc2c[nH]c3ccccc23)NC(=O)[C@H](Cc2ccccc2)NC(=O)[C@@H](NC(=O)[C@@H](Cc2ccccc2)NC(=O)CN(CCN(CCN(CC(=O)O)CC(=O)O)CC(=O)O)CC(=O)O)CSSC[C@@H](C(=O)N[C@H](CO)[C@@H](C)O)NC1=O,0
Cn1c[n+]([C@@H]2O[C@H](COP(=O)(O)OP(=O)(O)OP(=O)(O)OC[C@H]3O[C@@H](n4cnc5c(=O)[nH]c(N)nc54)[C@H](O)[C@@H]3O)[C@@H](O)[C@H]2O)c2nc(N)[nH]c(=O)c21,0
CCC(C)C(NC(=O)C(CCCNC(=N)N)NC(=O)C1CCCN1C(=O)C1CCCN1C(=O)C(CC(C)C)NC(=O)C(CCCNC(=N)N)NC(=O)C1CCCN1C(=O)C1CCCN1C(=O)C(Cc1ccccc1)NC(=O)C(Cc1ccccc1)NC(=O)C1CCCN1C(=O)C1CCCN1C(=O)C1CCCN1C(=O)C(CCCNC(=N)N)NC(=O)C1CCCN1C(=O)C(CCCNC(=N)N)NC(=O)C1CCCN1C(=O)C(CC(C)C)NC(=O)C(Cc1ccc(O)cc1)NC(=O)C1CCCN1C(=O)C1CCCN1C(=O)C(CCCNC(=N)N)NC(=O)C1CCCN1C(=O)C(CCCNC(=N)N)NC(=O)C(CCCNC(=N)N)NC(=O)C(N)CCCNC(=N)N)C(=O)N1CCCC1C(=O)N1CCCC1C(=O)NCC(=O)NC(Cc1ccccc1)C(=O)N1CCCC1C(=O)N1CCCC1C(=O)NC(CCCNC(=N)N)C(=O)NC(Cc1ccccc1)C(=O)N1CCCC1C(=O)N1CCCC1C(=O)NC(CCCNC(=N)N)C(=O)NC(Cc1ccccc1)C(=O)N1CCCC1C(=O)O,1
NC(=O)c1ccn(-c2cnc(NCC3(c4ncccc4F)CC(F)C3)nc2)c1,0
O=C(CNS(=O)(=O)c1ccccc1C(=O)NCc1ccc([N+](=O)[O-])cc1)Nc1ccc(O)cc1,0
O=[N+]([O-])c1ccc(Cl)c(Cl)c1,1
CC(N)C1CCC(C(=O)Nc2ccncc2)CC1,1
CCCCCCCCCCCCCCCCCC(=O)OC[C@H](COP(=O)(O)OCC(O)COP(=O)(O)OC[C@@H](COC(=O)CCCCCCCCCCCCCCCCC)OC(=O)CCCCCCCCCCCCCCCCC)OC(=O)CCCCCCCCCCCCCCCCC,0
O=S(=O)(NCCNCC=Cc1ccc(Br)cc1)c1cccc2cnccc12,1
Cc1ccccc1C(=O)Nc1ccc(C(=O)N2CCC[C@@H](O)c3cc(Cl)ccc32)c(C)c1,0
CN(CC=CC#CC(C)(C)C)Cc1cccc2ccccc12,1
O=P(O)(O)OCCNS(=O)(=O)c1ccc(OC(F)(F)F)cc1,0
C[C@@H]1C[C@H]2[C@@H]3CCC4=CC(=O)C=C[C@]4(C)[C@@]3(F)[C@@H](O)C[C@]2(C)[C@@]1(O)C(=O)CO,0
CCCCOc1nc(N)c2[nH]c(=O)n(CCCN(CCCN3CCOCC3)Cc3cccc(CC(=O)OC)c3)c2n1,0
O=C1NC=NC2C(CN3C[C@H](CO)[C@@H](O)C3)=CNC12,0
Cc1ccc(C(=O)Nc2ccc(Oc3cc4cnn(C)c4cc3-c3cn[nH]c3)c(F)c2)c(=O)n1-c1ccc(F)cc1,0
CC(C)=CCCC(C)=CCCC(C)=CCCC(C)=CCO,1
O=C(CN1CCC(CN2Cc3ccccc3C2=O)CC1)c1ccc(F)cc1,0
CCCCCNC(=O)[C@H](Cc1ccc(OCC(=O)O)c(C(=O)O)c1)NC(=O)[C@H](Cc1ccccc1)NC(=O)CCC(=O)O,0
CC1CCCC(=O)CCCC=Cc2cc(O)cc(O)c2C(=O)O1,1
CCN1C(=O)c2ccccc2C1Nc1ccc(OCCN2CCCCC2)cc1,0
CCCCCCCC/C=C\CCCCCCCC(=O)OCC(O)CO,0
CC(C)C[C@@H](C(=O)NC[C@@H](O)CNS(=O)(=O)c1ccccn1)c1cccc(-c2ccccc2)c1,0
COc1cccc2c1C(=N)c1c(O)c3c(c(O)c1C2=O)C[C@@](O)(C(=O)CO)C[C@@H]3O[C@H]1C[C@H](N)[C@H](O)[C@H](C)O1,0
Cc1ncc(COP(=O)(O)O)c(CN[C@@H](C)C(=O)O)c1O,0
CN(C)Cc1ccc(CSCCNC(=C[N+](=O)[O-])NCc2ccc3c(c2)OCO3)o1,1
O=c1ccc2cc(O)c(O)cc2o1,1
CC(C)CCC[C@@H](C)[C@H]1CC[C@H]2[C@@H]3CC=C4C[C@@H](OS(=O)(=O)O)CC[C@]4(C)[C@H]3CC[C@]12C,0
NC(CCC(=O)NC(CSSCC(NC(=O)CCC(N)C(=O)O)C(=O)NCC(=O)O)C(=O)NCC(=O)O)C(=O)O,1
COc1ccc(C(OCCN(C)C)c2ccccc2)cc1,0
CCC[C@]1(C)SC(=NC2CCCCCCC2)NC1=O,0
CCn1nnn(CCN2CC[C@H](N(C(=O)COC)c3ccccc3F)[C@H](C)C2)c1=O,0
c1ccc(-c2ccc(-c3ccc(-c4ccccc4)cc3)cc2)cc1,0
C[N+](C)(C)CCOC(=O)CCC(=O)OCC[N+](C)(C)C,0
CCC(C)(C)OC,1
OC[C@@]12O[C@@H]1C[C@H](O)[C@@H](O)[C@@H]2O,0
COc1ccc2nc3c(nc2c1)O[C@@H]1C[C@H]2C(=O)N[C@]4(C(=O)NS(=O)(=O)C5(C)CC5)C[C@H]4/C=C/CCCCC[C@H](NC(=O)O[C@@H]4CCC[C@H]4CCCCC3)C(=O)N2C1,0
CN1[C@@H]2CC[C@H]1CC(O)C2,0
O=C1OC(C(O)CO)C(O)=C1O,0
NC(=O)[C@H](CC(=O)O)NC(=O)[C@H](Cc1ccccc1)N[C@@H](CCc1ccccc1)C(=O)O,0
O=C(O)CC[C@H](NC(=O)N[C@@H](CCCCNCc1ccc([123I])cc1)C(=O)O)C(=O)O,0
N=C(N)CCCC[C@@H](C(=O)O)[C@H]1c2cc(-c3ccc(O)cc3)ccc2C[C@@H]1O,0
CC(COc1ccccc1)NN,1
CCSC[C@H]1O[C@@H](n2cnc3c(N)ncnc32)[C@H](O)[C@@H]1O,0
c1ccc(-c2cc(CCC3CCNCC3)c3ccccc3n2)cc1,0
CCOc1ccc(-c2cc(C)cn2-c2ccc(S(N)(=O)=O)cc2)cc1,0
C=Cc1c2[nH]c(c1C)/C=c1\[nH]/c(c(CCC(=O)O)c1C)=C\c1[nH]c(c(C)c1CCC(=O)O)/C=C1\N/C(=C\2c2ccccc2)C(C)C1C=C,0
O=C(O)c1cccnc1,1
CC[C@@H]1[C@H](F)C(=O)N[C@@H]1COc1nccc2cc(C(N)=O)c(OC)cc12,0
CNC1CCC(c2ccc(Cl)c(Cl)c2)c2ccccc21,1
CC[C@@H](CO)NC(=O)[C@@H]1C=C2c3cccc4c3c(cn4C)C[C@H]2N(C)C1,0
COc1ccc(Cc2nccc3cc(OC)c(OC)cc23)cc1OC,1
OCCCO,0
O=C1CCCCC/C=C/CCOC(=O)c2c(O)cc(O)c(Cl)c2C1,0
CC(=O)C1CCC2C3C=CC4=CC(=O)CCC4(C)C3CCC12C,1
N#CCCl,1
CC1(C)O[C@@H]2C[C@H]3[C@@H]4CCC5=CC(=O)C=C[C@]5(C)[C@@]4(F)[C@@H](O)C[C@]3(C)[C@]2(C(=O)CO)O1,0
CC(=O)OC1CC2(O)C3CCC4CC(O)CCC4(C)C3CCC2(C)C1c1ccc(=O)oc1,1
O=[N+]([O-])c1cc([N+](=O)[O-])c(S(=O)(=O)O)c([N+](=O)[O-])c1,1
NS(=O)(=O)c1ccc(S(=O)(=O)NCc2cccs2)s1,0
CN(C)c1ccc(O)cc1,0
C=C1c2cccc(O)c2C(O)=C2C(=O)[C@]3(O)C(O)=C(C(N)=O)C(=O)[C@@H](N(C)C)[C@@H]3[C@@H](O)[C@H]12,0
C[C@H]1C[C@H]2CSC(N)=N[C@@]2(c2nc(NC(=O)c3ccc(OC(F)F)cn3)cs2)CO1,0
CCOC(=O)NCCCNC(=O)OCC,0
C[C@@H]1CCCN1CCCOc1ccc(-c2ccc(=O)[nH]n2)cc1,0
CCCCCCC(C=O)=Cc1ccccc1,1
C=CC(C)(O)CCC=C(C)CCC=C(C)C,1
COc1cccc(Cc2c[nH]c3ncccc23)c1,0
CCOCCn1c(C2CCN(CCc3ccc(C(C)(C)C(=O)O)cc3)CC2)nc2ccccc21,0
OC[C@@H]1O[C@@](O)(CO)[C@H](O)[C@H]1O,0
O=C(Nc1ccccc1Br)N[C@@H]1CCN(c2ccc(C(F)(F)F)cn2)C1,0
S=c1nc[nH]c2nc[nH]c12,1
Cc1ccc(S(=O)(=O)Oc2ccc(N=Nc3ccc(-c4ccc(N=Nc5c(O)ccc6cc(S(=O)(=O)O)cc(S(=O)(=O)O)c56)c(C)c4)cc3C)cc2)cc1,1
CCN(CC)CCOC(=O)C(c1ccccc1)C1CCCCC1,0
c1ccc2c(CC3=NCCN3)cccc2c1,0
CC(=O)OCC(=O)[C@H]1CC[C@H]2[C@@H]3CCC4=CC(=O)CC[C@]4(C)[C@H]3CC[C@]12C,0
Cc1cn(-c2cc(NC(=O)c3ccc(C)c(Nc4nccc(-c5cnccn5)n4)c3)cc(C(F)(F)F)c2)cn1,0
C[C@@H]1C[C@H]2[C@@H]3CCC4=CC(=O)C=C[C@]4(C)[C@@]3(F)[C@@H](O)C[C@]2(C)[C@@]1(O)C(=O)COC(=O)c1cccc(S(=O)(=O)O)c1,0
O=P(O)(O)[C@H](O)c1cccc2ccccc12,0
CC1CNCCc2ccc(Cl)cc21,0
Cc1c(Cl)c(C)[n+]([O-])c(Cl)c1-c1noc(-c2cc(O)c(O)c([N+](=O)[O-])c2)n1,0
COc1cc(C)nc(-n2nc(C)cc2OC)n1,0
CN1C(=O)CN=C(c2ccccc2)c2cc([N+](=O)[O-])ccc21,0
CCC(=O)[C@@]1(C)[C@H](C)C[C@H]2[C@@H]3CCC4=CC(=O)C=C[C@]4(C)[C@H]3[C@@H](O)C[C@@]21C,0
CC[C@H](C)[C@@H]1NC(=O)[C@H](CCC(=O)O)NC(=O)[C@@H]2CCCN2C(=O)[C@H](Cc2c[nH]cn2)NC(=O)[C@H](CC(=O)O)NC(=O)[C@H](Cc2ccc(O)cc2)NC(=O)[C@H](CC(N)=O)NC(=O)[C@@H]2CSSC[C@H](NC(=O)CN)C(=O)N[C@@H](CSSC[C@@H](C(N)=O)NC1=O)C(=O)N[C@@H](CO)C(=O)N[C@@H](CC(=O)O)C(=O)N1CCC[C@H]1C(=O)N[C@@H](CCCNC(=N)N)C(=O)N2,0
NS(=O)(=O)c1ccc2nc(-c3cscn3)[nH]c2c1,0
CCNC(=O)C1OC(n2cnc3c(N)ncnc32)C(O)C1O,1
c1nc(N2CCOCC2)c2[nH]cnc2n1,0
C=C1C[C@H]2[C@@H]3CCC4=CC(=O)CC[C@@H]4[C@H]3CC[C@]2(C)[C@@]1(O)C(C)=O,0
COc1ccc2c(c1)c(CC(=O)O)c(C)n2C(=O)c1ccc(I)cc1,0
C[N+]1(C)CCCC1C(=O)[O-],1
C[C@@H](N)C1CCC(C(=O)Nc2ccncc2)CC1,0
O=S(=O)(Oc1ccc(Cl)cc1)c1ccc(Cl)cc1,0
Oc1c(Br)cc(Oc2ccccc2)cc1Br,0
CCOC(C)(C)C,1
Nc1ncccc1NCc1cc(-c2ccc3cc[nH]c3c2)ccc1OCc1ccccn1,0
COc1ccc2c(c1)OC(C)(C)C=C2,1
C=CCN1CCCC1CNC(=O)c1cc(S(=O)(=O)NC)c(N)cc1OC,0
NC(N)=NOCC[C@H](N)C(=O)O,0
CCOC(=O)COc1ccc2c(=O)cc(-c3ccccc3)oc2c1,0
c1ccc(OCc2ccc(CCCN3CCOCC3)cc2)cc1,0
CCC(C)C(NC(=O)C(Cc1ccccc1)NC(=O)C(CCC(=O)O)NC(=O)C(CCCCN)NC(=O)C(C)NC(=O)C(C)NC(=O)C(CCC(N)=O)NC(=O)CNC(=O)C(CCC(=O)O)NC(=O)C(CC(C)C)NC(=O)C(Cc1ccc(O)cc1)NC(=O)C(CO)NC(=O)C(CO)NC(=O)C(NC(=O)C(CC(=O)O)NC(=O)C(CO)NC(=O)C(NC(=O)C(Cc1ccccc1)NC(=O)C(NC(=O)CNC(=O)C(CCC(=O)O)NC(=O)CNC(=O)C(N)Cc1c[nH]cn1)C(C)O)C(C)O)C(C)C)C(=O)NC(C)C(=O)NC(Cc1c[nH]c2ccccc12)C(=O)NC(CC(C)C)C(=O)NC(C(=O)NC(CCCCN)C(=O)NCC(=O)NC(CCCNC(=N)N)C(=O)O)C(C)C,0
CC(COc1ccccc1Cc1ccccc1)N1CCCCC1,0
CCCCCCCCCCCC[N+](C)(C)CCCS(=O)(=O)O,0
Nc1nc2c(c(=O)[nH]1)C[C@H](CCc1ccc(C(=O)N[C@@H](CCC(=O)O)C(=O)O)cc1)CN2,0
CC(=O)O[C@H]1CC[C@H]2[C@H]3[C@H](CC[C@]12C)[C@H]1CCC(=O)C=C1C[C@H]3C,0
C[C@H]1C[C@H]2[C@@H]3CCC4=CC(=O)C=C[C@]4(C)[C@H]3C(=O)C[C@]2(C)[C@@]1(O)C(=O)CO,0
NC(=NCCCCCCN=C(N)N=C(N)Nc1ccc(Cl)cc1)N=C(N)Nc1ccc(Cl)cc1,1
O=C1NC(=S)S[C@@H]1Cc1ccc(C(F)(F)F)cc1,0
Cc1cc(C)cc(OCC2CNC(=O)O2)c1,1
CCCCCCCCCCCCC(=O)O[C@@H](CCCCCCCCCCCC)CC(=O)O,0
COC(=O)[C@H]1[C@@H](c2ccc([123I])cc2)C[C@@H]2CC[C@H]1N2CCCF,0
CN(Cc1coc2nc(N)nc(N)c12)c1ccc(C(=O)N[C@@H](CCC(=O)O)C(=O)O)cc1,0
CCc1ccsc1-c1ccc(O)c(O)c1,0
CC#CC(=O)N[C@H]1CCCN(c2c(F)cc(C(N)=O)c3[nH]c(C)c(C)c23)C1,0
O=[N+]([O-])c1ccc(O[C@@H]2O[C@H](CO)[C@@H](O)[C@H](O)[C@@H]2F)c([N+](=O)[O-])c1,0
Nc1nc2cc(-c3ccc4ncc(C(=O)N5CCOCC5)n4c3)ccc2o1,0
ClC(Cl)(Cl)C(Cl)(Cl)Cl,1
CC(/C=C/[C@@H]1C[C@]1(C)c1ccc2c(c1)C(C)(C)CCC2(C)C)=C\C(=O)O,0
N[C@@H](CCC(=O)N[C@@H](CSSC[C@H](NC(=O)CC[C@H](N)C(=O)O)C(=O)NCC(=O)O)C(=O)NCC(=O)O)C(=O)O,0
FC(F)(F)C(C(F)(F)F)(C(F)(F)F)C1(F)C(F)(F)C(F)(F)C(F)(F)C(F)(F)C1(F)F,0
O=c1[nH]c2ccc(Cl)cc2c(N[C@@H]2CN3CCC2CC3)c1-c1nc2ccccc2[nH]1,0
CC(Oc1cc(-c2cnn(C3CCNCC3)c2)cnc1N)c1c(Cl)ccc(F)c1Cl,1
CCCN1C[C@H](CSC)C[C@@H]2c3cccc4[nH]cc(c34)C[C@H]21,1
C[C@H](O)[C@@H](O)[C@@H](O)[C@H](O)CO,0
CC(C)=CCC/C(C)=C/CC/C(C)=C/CCN(C)CCOP(=O)(O)OP(=O)(O)O,0
C=C(NC)C(=O)O,0
COc1cc(N)c(Cl)cc1C(=O)NCC1CCN(CC[C@H](OC(N)=O)c2ccc(F)cc2)CC1,0
CCCCCCCCCCCCC(=O)CC(=O)O,0
COc1ccc2cc(-c3cc(-c4cc(Cl)cc(Cl)c4)nn3[C@@H](C)c3ccc(C(=O)NCCC(=O)O)cc3)ccc2c1,0
COc1cccc(-c2ccc(NC(=O)c3ccsc3C(=O)O)c(F)c2)c1,0
CC/C=C\C/C=C\C/C=C\C/C=C\C/C=C\CCCCOC(CC)C(=O)O,0
Fc1cc(-c2cccc(-c3ncn[nH]3)c2)cc(F)c1CNC1Cc2ccccc2C1,0
NCCCn1cc(C2=C(c3c[nH]c4ccccc34)C(=O)NC2=O)c2ccccc21,0
Cc1ccc(S(=O)(=O)NC(=O)NN2CCCCCC2)cc1,1
OC[C@H]1O[C@@]2(CC(c3ccccc3)=NO2)[C@H](O)[C@@H](O)[C@@H]1O,0
CC(C)(c1cc(Cl)c(O)c(Cl)c1)c1cc(Cl)c(O)c(Cl)c1,1
CCC(=O)C1(C)CCC2C3CCC4=CC(=O)CCC4=C3CCC21C,1
CCCCC/C=C\C/C=C\C/C=C\C/C=C\CCCC(=O)O,0
CCCCC(C)(O)C/C=C/[C@H]1[C@H](O)CC(=O)[C@@H]1CCCCCCCO,0
CCC(CC)Nc1cc(C(=O)O)ccc1N1C(=O)CCC1(CO)CO,0
Nc1ccc(C(=O)NCC(=O)O)cc1,0
O=C(O)COc1cccc2c1CCC=C2CCON=C(c1ccccc1)c1cccnc1,1
CNC(=O)[C@@H](NC(=O)[C@H](CC(C)C)NC(=O)[C@@H](S)CCN1C(=O)N(C)C(C)(C)C1=O)C(C)(C)C,0
Clc1cc(Cl)c(-c2cc(Cl)c(Cl)cc2Cl)cc1Cl,1
NC(CC(O)COc1cccc2ccccc12)=NO,0
N=C(N)c1ccc(CNC(=O)[C@@H]2CCCN2C(=O)CCc2ccccc2)cc1,0
NS(=O)(=O)NCCNc1nonc1C(=Nc1ccc(F)c(Br)c1)NO,0
CCN=c1cc2oc3cc(NCC)c(C)cc3c(-c3ccccc3C(=O)OCC)c-2cc1C,0
c1ccc2cc3c(ccc4ccccc43)cc2c1,1
COc1ccc(Br)cc1NC(=O)Nc1cccc2c1ccn2Cc1ccnc(N)c1,0
C=C[C@H]1CN2CC[C@H]1C[C@H]2[C@H](O)c1ccnc2ccc(OC)cc12,1
CCCCC[C@H]1O[C@@H](O)C[C@@H]1SC[C@H](NC(=O)CC[C@H](N)C(=O)O)C(=O)NCC(=O)O,0
Cc1c(NC(=O)OC[C@@H]2COCCN2)cn2ncnc(Nc3ccc4c(cnn4Cc4cccc(F)c4)c3)c12,0
CCCCCCCCNC(C)C(O)c1ccc(SC(C)C)cc1,1
c1conn1,1
CC(C)C[C@@H](C)N,0
COC1C(OC(C)=O)CC(=O)OC(C)CC=CC=CC(O)C(C)CC(CC=O)C1OC1OC(C)C(OC2CC(C)(O)C(OC(=O)CC(C)C)C(C)O2)C(N(C)C)C1O,1
Cn1c(/C=C/CO)c(CO)c2c1C(=O)C=C(N1CC1)C2=O,0
CCC(=O)OC(Cc1ccccc1)(c1ccccc1)C(C)CN(C)C,1
N#Cc1c[nH]c2c(C(=O)N3CCN(CCc4ccc(F)cc4)CC3)cccc12,0
O=C(OCc1ccccc1)c1cn2c(=O)n(Cc3ccccc3)c(=O)cc2s1,0
CSc1ccc(C(=O)c2[nH]c(=O)[nH]c2C)cc1,0
CC[C@H](CO)Nc1nc(NCc2ccc(-c3ccccn3)cc2)c2ncn(C(C)C)c2n1,0
Cc1ccc(C(=O)NC2CC2)cc1-c1ccc2c(-c3ccccc3C)nncc2c1,0
Nc1ncn[nH]1,1
CC(O)C[C@@H](c1ccccc1)c1c(O)c2ccccc2oc1=O,0
C=C(Br)C(=O)Nc1cc(C(=O)Nc2cc(C(=O)Nc3cc(C(=O)Nc4cc(C(=O)NCCN=C(N)N)n(C)c4)n(C)c3)n(C)c2)n(C)c1,0
CC(=O)OC1(c2ccccc2)CCN(CCc2ccccc2)CC1,0
CC(=O)O[C@H]1C[C@@H]2CC[C@@H]3[C@H](CC[C@@]4(C)[C@H]3C[C@H]([N+]3(C)CCCCC3)[C@@H]4OC(C)=O)[C@@]2(C)C[C@@H]1[N+]1(C)CCCCC1,0
CC(C)=CCCC(C)(OC1OC(CO)C(O)C(O)C1O)C1CCC2(C)C1C(O)CC1C3(C)CCC(O)C(C)(C)C3C(OC3OC(CO)C(O)C(O)C3OC3OC(C)C(O)C(O)C3O)CC12C,1
NCCC(=O)NCCSSCCNC(=O)CCN,0
NC(=O)c1ncn([C@@H]2O[C@H](COP(=O)(O)O)[C@@H](O)[C@H]2O)c1O,0
CC(=O)N[C@@H](C=O)[C@@H](O)[C@H](O)[C@H](O)CO,0
Cc1ccc(NC(=O)N(C)C)cc1Cl,1
Nc1cncc(Cl)n1,0
COc1cc(O)c2c(=O)cc(-c3ccccc3)oc2c1OC,1
Cc1cn([C@H]2C[C@H](N=[N+]=[N-])[C@@H](COP(=O)(O)OP(=O)(O)OP(=O)(O)OP(=O)(O)OP(=O)(O)OC[C@H]3O[C@@H](n4cnc5c(N)ncnc54)[C@H](O)[C@@H]3O)O2)c(=O)nc1O,0
O=C(O)C=CC(=O)O,1
CN[C@@H](C)C(=O)N[C@H](C(=O)N1CCC[C@H]1C(=O)Nc1snnc1-c1ccccc1)C1CCCCC1,0
NCc1ccc2c(c1)C1(CCN(C(=O)c3ccc(C#Cc4ccccc4)o3)CC1)CO2,0
O=C(NO)C1(S(=O)(=O)c2ccc(Oc3ccc(C(F)(F)F)cc3)cc2)CCOCC1,0
C[N+](C)(C)CC[N+]1(C)Cc2c(Cl)c(Cl)c(Cl)c(Cl)c2C1,0
OCc1n[nH]nc1-c1ccc2c(-c3cc4cc(CN5CCCCC5)ccc4[nH]3)n[nH]c2c1,0
CCOCCOC(=O)/C=C/c1ccc(OC)cc1,0
CCN(CC)CCOC(=O)C(c1ccccc1)N1CCCCC1,0
COCCO[C@@H]1[C@H](O)[C@@H](COP(O)(=S)O[C@H]2[C@@H](OCCOC)[C@H](n3cnc4c(N)ncnc43)O[C@@H]2COP(=O)(S)O[C@H]2[C@@H](OCCOC)[C@H](n3cc(C)c(N)nc3=O)O[C@@H]2COP(O)(=S)O[C@H]2[C@@H](OCCOC)[C@H](n3cc(C)c(=O)[nH]c3=O)O[C@@H]2COP(O)(=S)O[C@H]2C[C@H](n3cnc4c(N)ncnc43)O[C@@H]2COP(O)(=S)O[C@H]2C[C@H](n3ccc(N)nc3=O)O[C@@H]2COP(O)(=S)O[C@H]2C[C@H](n3cc(C)c(=O)[nH]c3=O)O[C@@H]2COP(O)(=S)O[C@H]2C[C@H](n3cc(C)c(=O)[nH]c3=O)O[C@@H]2COP(O)(=S)O[C@H]2C[C@H](n3ccc(N)nc3=O)O[C@@H]2COP(O)(=S)O[C@H]2C[C@H](n3cc(C)c(=O)[nH]c3=O)O[C@@H]2COP(O)(=S)O[C@H]2C[C@H](n3cnc4c(=O)[nH]c(N)nc43)O[C@@H]2COP(O)(=S)O[C@H]2C[C@H](n3cnc4c(N)ncnc43)O[C@@H]2COP(O)(=S)O[C@H]2C[C@H](n3cnc4c(=O)[nH]c(N)nc43)O[C@@H]2COP(O)(=S)O[C@H]2C[C@H](n3cnc4c(N)ncnc43)O[C@@H]2COP(O)(=S)O[C@H]2C[C@H](n3ccc(N)nc3=O)O[C@@H]2COP(O)(=S)O[C@H]2C[C@H](n3cnc4c(=O)[nH]c(N)nc43)O[C@@H]2COP(O)(=S)O[C@H]2C[C@H](n3cnc4c(N)ncnc43)O[C@@H]2COP(O)(=S)O[C@H]2[C@@H](OCCOC)[C@H](n3cc(C)c(N)nc3=O)O[C@@H]2COP(O)(=S)O[C@H]2[C@@H](OCCOC)[C@H](n3cnc4c(=O)[nH]c(N)nc43)O[C@@H]2COP(O)(=S)O[C@H]2[C@@H](OCCOC)[C@H](n3cnc4c(N)ncnc43)O[C@@H]2COP(O)(=S)O[C@H]2[C@@H](OCCOC)[C@H](n3cc(C)c(N)nc3=O)O[C@@H]2CO)O[C@H]1n1cc(C)c(=O)[nH]c1=O,0
CC(=O)[C@H]1CC[C@H]2[C@@H]3CC=C4C[C@@H](O)CC[C@]4(C)[C@H]3CC[C@]12C,0
O=c1[nH]c(=O)n([C@H]2C[C@H](O)[C@@H](CO)O2)cc1-c1ccc(Br)s1,0
Cc1ccc(O)c([N+](=O)[O-])c1,0
Oc1ccc2cc(SSc3ccc4cc(O)ccc4c3)ccc2c1,1
O=c1c2ccccc2[se]n1-c1ccccc1,0
CCCNC(=O)NS(=O)(=O)c1ccc(Cl)cc1,1
CCOC(=O)C(C)(C)Oc1ccc(Cl)cc1,1
COc1cc2ncnc(Nc3cccc(SC)c3)c2cc1OC,0
CCCc1oc(CCC(=O)O)c(C(=O)O)c1C,0
O=S(=O)(O)CCNC1CCCCC1,0
COc1ccc(C2(C#N)CCC(C(=O)O)CC2)cc1OC1CCCC1,0
C[C@H]1CC[C@@H]2C(C(=O)O)=C[C@H]3CC(C)(C)C[C@]213,0
O=C(CO)N1CCC(c2[nH]nc(-c3ccc(Cl)cc3)c2-c2ccncn2)CC1,0
CC(C)(C)c1ccc(CSc2cnn(C(C)(C)C)c(=O)c2Cl)cc1,1
CC(C)CCN(C[C@@H](O)[C@@H]1Cc2ccc(cc2)OCCCC(=O)N[C@@H](C(C)C)C(=O)N1)S(=O)(=O)c1ccccc1,0
OC[C@H]1O[C@@](CO)(OC[C@@]2(OC[C@@]3(OC[C@@]4(OC[C@@]5(OC[C@@]6(OC[C@@]7(OC[C@@]8(OC[C@@]9(OC[C@@]%10(OC[C@@]%11(OC[C@@]%12(OC[C@@]%13(OC[C@@]%14(OC[C@@]%15(OC[C@@]%16(OC[C@@]%17(OC[C@@]%18(OC[C@@]%19(OC[C@@]%20(OC[C@@]%21(OC[C@@]%22(OC[C@@]%23(OC[C@@]%24(OC[C@@]%25(OC[C@@]%26(OC[C@@]%27(OC[C@@]%28(OC[C@@]%29(OC[C@@]%30(OC[C@@]%31(OC[C@@]%32(OC[C@@]%33(OC[C@@]%34(OC[C@@]%35(OC[C@@]%36(OC[C@@]%37(O[C@H]%38O[C@H](CO)[C@@H](O)[C@H](O)[C@H]%38O)O[C@H](CO)[C@@H](O)[C@@H]%37O)O[C@H](CO)[C@@H](O)[C@@H]%36O)O[C@H](CO)[C@@H](O)[C@@H]%35O)O[C@H](CO)[C@@H](O)[C@@H]%34O)O[C@H](CO)[C@@H](O)[C@@H]%33O)O[C@H](CO)[C@@H](O)[C@@H]%32O)O[C@H](CO)[C@@H](O)[C@@H]%31O)O[C@H](CO)[C@@H](O)[C@@H]%30O)O[C@H](CO)[C@@H](O)[C@@H]%29O)O[C@H](CO)[C@@H](O)[C@@H]%28O)O[C@H](CO)[C@@H](O)[C@@H]%27O)O[C@H](CO)[C@@H](O)[C@@H]%26O)O[C@H](CO)[C@@H](O)[C@@H]%25O)O[C@H](CO)[C@@H](O)[C@@H]%24O)O[C@H](CO)[C@@H](O)[C@@H]%23O)O[C@H](CO)[C@@H](O)[C@@H]%22O)O[C@H](CO)[C@@H](O)[C@@H]%21O)O[C@H](CO)[C@@H](O)[C@@H]%20O)O[C@H](CO)[C@@H](O)[C@@H]%19O)O[C@H](CO)[C@@H](O)[C@@H]%18O)O[C@H](CO)[C@@H](O)[C@@H]%17O)O[C@H](CO)[C@@H](O)[C@@H]%16O)O[C@H](CO)[C@@H](O)[C@@H]%15O)O[C@H](CO)[C@@H](O)[C@@H]%14O)O[C@H](CO)[C@@H](O)[C@@H]%13O)O[C@H](CO)[C@@H](O)[C@@H]%12O)O[C@H](CO)[C@@H](O)[C@@H]%11O)O[C@H](CO)[C@@H](O)[C@@H]%10O)O[C@H](CO)[C@@H](O)[C@@H]9O)O[C@H](CO)[C@@H](O)[C@@H]8O)O[C@H](CO)[C@@H](O)[C@@H]7O)O[C@H](CO)[C@@H](O)[C@@H]6O)O[C@H](CO)[C@@H](O)[C@@H]5O)O[C@H](CO)[C@@H](O)[C@@H]4O)O[C@H](CO)[C@@H](O)[C@@H]3O)O[C@H](CO)[C@@H](O)[C@@H]2O)[C@@H](O)[C@@H]1O,0
CC#Cc1cc(C)nc(Nc2ccccc2)n1,1
C#C[C@]1(O)CC[C@H]2[C@@H]3CCC4=CC(=O)CC[C@]4(C)[C@H]3CC[C@@]21C,0
CCCCCCC(C)(C)c1ccc(C2CC(O)CCC2CCCO)c(O)c1,1
CCCCNC(=N)NC(=N)N,1
CCN(CC)c1ccc(-c2ccc(C(=O)OC)cc2)nn1,0
CCCCC/C=C\C=C\[C@@H](O)CCCCCCCC(=O)O,0
Fc1cccc(Br)c1NC1=NCCN1,0
Cc1cnc2c(c1)c(C)c(C)c1cc(C)c[n+](C)c12,0
C=CCC1C=C(C)CC(C)CC(OC)C2OC(O)(C(=O)C(=O)N3CCCCC3C(=O)OC(C(C)=CC3CCC(O)C(OC)C3)C(C)C(O)CC1=O)C(C)CC2OC,1
N#CSc1cnn2c(NCc3ccncc3)cc(-c3cccc(Cl)c3Cl)nc12,0
C#C[C@]1(O)CC[C@H]2[C@@H]3CCC4=CC(=O)CC[C@@H]4[C@H]3CC[C@@]21CC,0
O=c1[nH]c(=O)n([C@@H]2O[C@H](CO)[C@@H](O)[C@@H]2F)cc1I,1
O=C(O)C(=O)c1ccccc1,0
CC(C)(OCc1nn(Cc2ccccc2)c2ccccc12)C(=O)O,0
O=C(N[C@@H]1CN2CCC1CC2)c1n[nH]c2ccccc12,0
CN1CCN(CCn2cnc3c(NC4CCCCC4)nc(C#N)nc32)CC1,0
CCCOP(=O)(O)OC[C@H]1O[C@@H](n2cnc3c(N)ncnc32)[C@H](O)[C@@H]1O,0
N[C@@H](CO)C(=O)O,0
COc1ccc2c3c1O[C@H]1C(=O)CC[C@H]4[C@@H](C2)N(C)CC[C@]314,0
COc1cc2cc(COCc3c(-c4ccc(F)cc4)nc(N(C)S(C)(=O)=O)nc3C(C)C)oc(=O)c2cc1OC,0
Nc1ncnc2c1C(=O)N(c1ccc(C3CCC(CC(=O)O)CC3)cc1)CCO2,0
C[N+]1(C)[C@@H]2CC[C@H]1CC(OC1c3ccccc3CCc3ccccc31)C2,0
N[C@H](C(=O)O)c1ccc(O[C@H]2O[C@H](CO)[C@@H](O)[C@H](O)[C@@H]2O[C@H]2O[C@H](CO)[C@@H](O)[C@H](O)[C@@H]2O)cc1,0
O=C(CO)[C@@H](O)[C@H](O)[C@H](O)COP(=O)(O)O,0
NC(=Nc1ccc(Cl)cc1)NO,0
C[C@@H]1OC(c2ccccc2O)=N[C@H]1[C@H](O)[C@H](O)C(=O)NC(CO)CO,0
O=C(Nc1cccc2c(=O)cc(-c3nn[nH]n3)oc12)c1ccc(OCCCCc2ccccc2)cc1,1
Cc1cn([C@H]2C=C[C@@H](COP(=O)(O)OP(=O)(O)O)O2)c(=O)[nH]c1=O,0
N[C@@H]1C[C@H]1c1ccccc1,1
CC(C)C[C@H](NC(=O)[C@@H](NC(=O)CNC(=O)CN)C(C)C)C(=O)N[C@H](C(=O)N[C@@H](CCC(N)=O)C(=O)N1CCC[C@H]1C(=O)NCC(=O)O)C(C)C,0
N[C@@H](CCCCN[C@@H](CCC(=O)O)C(=O)O)C(=O)O,0
CCc1c(C)c2c3c(Cl)cc(=O)[nH]c3ccc2n1CC(F)(F)F,0
O=C(c1ccc(O)c(F)c1)N(c1ccc(O)cc1)c1ccc(F)cc1,0
CC[C@H](C)[C@H](NC(=O)[C@H]1O[C@@H]1C(=O)NCc1ccccc1)C(=O)N1CCC[C@H]1C(=O)O,0
CC(=O)N[C@@H](C)C(=O)O,0
CC(C)Oc1ncc(-c2nc(-c3cccc4c3ccn4CCCC(=O)O)no2)cc1Cl,0
NC(=O)[C@@H](N)Cc1c[nH]c2ccccc12,0
OC1OC[C@@H](O)[C@H](O)[C@H]1O,0
CCC1(C)OC(=O)N(C)C1=O,0
N#Cc1cncc(COc2cc(OCc3cccc(-c4ccc5c(c4)OCCO5)c3C(F)F)ccc2CNCCO)c1,0
CC[C@H](C)[C@H](NC(=O)[C@H](Cc1ccccc1)NC(=O)[C@H](CC(C)C)NC(=O)[C@H](CCCNC(=N)N)NC(=O)[C@@H](NC(=O)[C@H](C)NC(=O)[C@H](CCC(=O)O)NC(=O)[C@H](CCC(=O)O)NC(=O)[C@H](CCC(=O)O)NC(=O)[C@H](CCSC)NC(=O)[C@@H](CCC(N)=O)NC(=O)[C@H](CCCCN)NC(=O)[C@H](CO)NC(=O)[C@H](CC(C)C)NC(=O)[C@@H](N)CC(=O)O)C(C)C)C(=O)N[C@@H](CCC(=O)O)C(=O)N[C@@H](Cc1c[nH]c2ccccc12)C(=O)N[C@@H](CC(C)C)C(=O)N[C@@H](CCCCN)C(=O)N[C@@H](CC(N)=O)C(=O)NCC(=O)NCC(=O)N1CCC[C@H]1C(=O)N[C@@H](CO)C(=O)N[C@@H](CO)C(=O)NCC(=O)N[C@@H](C)C(=O)N1CCC[C@H]1C(=O)N1CCC[C@H]1C(=O)N1CCC[C@H]1C(=O)N[C@@H](CO)C(N)=O,0
c1ccc2c(c1)Cc1c-2ccc2ccccc12,1
C#C[C@]1(O)CC[C@H]2[C@@H]3CCC4=CCCC[C@@H]4[C@H]3CC[C@@]21C,1
C#CC1(O)CCC2C3CCC4=CCCCC4C3C(=C)CC21CC,1
CC1=CC2(OC3OC(CO)C(O)C(O)C3O)CC(C)C(=O)C2C(C)(O)C12CC2,1
CC(=O)c1c(O)c(C)c(O)c(Cc2c(O)c3c(c(C(=O)C=Cc4ccccc4)c2O)OC(C)(C)C=C3)c1O,1
CCOP(=S)(OCC)Oc1ccc([N+](=O)[O-])cc1,1
CC(C)(O)CC(C)(O)c1ccc(Cl)cc1,0
O=C(O)CCc1c(C(=O)O)[nH]c2cc(Cl)cc(Cl)c12,0
C=C1C[C@@]23CC[C@H]4[C@@](C)(CCC[C@@]4(C)C(=O)O)[C@@H]2CC[C@@H]1C3,0
COC(=O)c1sc(-c2ccnc(NC(=O)C3CC3)c2)nc1OCCNc1c2c(nc3ccccc13)CCCC2,0
Cc1cc(CCCOc2c(C)cc(-n3nnc(C)n3)cc2C)on1,0
CCNc1cc(O)c2c(c1)/C=C/C[C@H](O)[C@H](O)C(=O)/C=C\[C@@H](C)[C@H](C)OC2=O,0
CC(=O)N[C@@H]1[C@@H](O)[C@@H](O)[C@@H](COS(=O)(=O)O)O[C@H]1O,0
S=P(N1CC1)(N1CC1)N1CC1,1
CCCc1nn(C)c2c(=O)[nH]c(-c3cc(S(=O)(=O)N4CCN(CCOC(=O)OCCN5CCN(S(=O)(=O)c6ccc(OCC)c(-c7nc8c(CCC)nn(C)c8c(=O)[nH]7)c6)CC5)CC4)ccc3OCC)nc12,0
C[C@@H]1C[C@H](C)CN(C(=O)c2cc(Br)ccc2N)C1,0
CCOC(=O)C1(c2ccccc2)CCN(CCOCc2ccccc2)CC1,0
COc1cccc(C(N)=O)c1,0
C#Cc1cc(Nc2nccc(Oc3ccc(NC(=O)Nc4cc(C(C)(C)C)cc(NS(C)(=O)=O)c4OC)c4ccccc34)n2)cc(C(=O)NCCOCCOCCOC)c1,0
C[C@@H](NC(=O)c1ccccc1)C(=O)O,0
CC[N+](CC)(CC)CCOc1cccc(OCC[N+](CC)(CC)CC)c1OCC[N+](CC)(CC)CC,0
O=C1NC=CC=CN1[C@@H]1O[C@H](CO)[C@@H](O)[C@H]1O,0
O=C1OC(c2ccc(O)cc2)(c2ccc(O)cc2)c2ccc([N+](=O)[O-])c3cccc1c23,0
C[C@@]1(C(=O)N[C@@H](CCC(=O)O)C(=O)O)CCCN1C(=O)CN,0
O=P(O)(O)CP(=O)(O)O,0
CC[C@H](C)[C@H](NC(=O)[C@H](CCC(=O)O)NC(=O)[C@H](CCC(=O)O)NC(=O)[C@H](Cc1ccccc1)NC(=O)[C@H](CC(=O)O)NC(=O)CNC(=O)[C@H](CC(N)=O)NC(=O)CNC(=O)CNC(=O)CNC(=O)CNC(=O)[C@@H]1CCCN1C(=O)[C@H](CCCNC(=N)N)NC(=O)[C@@H]1CCCN1C(=O)[C@H](N)Cc1ccccc1)C(=O)N1CCC[C@H]1C(=O)N[C@@H](CCC(=O)O)C(=O)N[C@@H](CCC(=O)O)C(=O)N[C@@H](Cc1ccc(O)cc1)C(=O)N[C@@H](CC(C)C)C(=O)O,0
CC(C)CNCCOC(=O)c1cccc(N)c1,0
O=[P@]1(N(CCCl)CCCl)N[C@H](OO)CCO1,0
CC(=O)NC(CS)C(N)=O,1
CC(=O)O[C@H]1C[C@H](O[C@H]2[C@@H](O)C[C@H](O[C@H]3[C@@H](O)C[C@H](O[C@H]4CC[C@@]5(C)[C@H](CC[C@@H]6[C@@H]5CC[C@]5(C)[C@@H](C7=CC(=O)OC7)CC[C@]65O)C4)O[C@@H]3C)O[C@@H]2C)O[C@H](C)[C@H]1O,0
NC(COC(=O)NCCNc1c(NCCCN2CCN(CCCNC(=O)c3cc(OC4OC(CO)C(O)C(O)C4O)cc([N+](=O)[O-])c3)CC2)c(=O)c1=O)COC(=O)NCCNc1c(NCCCN2CCN(CCCNC(=O)c3cc(O[C@H]4O[C@H](CO)[C@H](O)[C@H](O)[C@H]4O)cc([N+](=O)[O-])c3)CC2)c(=O)c1=O,0
CC(C)NCC(O)COc1cccc2c1C=CC2,0
N[C@@H](CC1=CCCCc2o[nH]c(=O)c21)C(=O)O,0
O=C1Cc2cc(CCN3CCN(c4nsc5ccccc45)CC3)c(Cl)cc2N1,1
CCSCc1ccc2c(c1)c1c3c(c4c5cc(CSCC)ccc5n5c4c1n2[C@@H]1C[C@H](C(=O)OOC)[C@]5(C)O1)CNC3=O,0
CC(C)(C)C(=O)OCC(=O)[C@H]1CC[C@H]2[C@@H]3CCC4=CC(=O)CC[C@]4(C)[C@H]3CC[C@]12C,0
NS(=O)(=O)c1ccc(-c2ccc(/C=C3\SC(=O)NC3=O)o2)cc1,0
C=C1CCC2C(C)(C)CCCC2(C)C1CO,1
CC(=O)N[C@@H](Cc1cccc2ccccc12)[B-](O)(O)OC[C@H](N)C(=O)O,0
CCCCP(=O)(O)O,0
Cc1nc(NC(=N)NS(=O)(=O)c2ccc(N)cc2)oc1C,0
OCC1OC(OCC2OC(OC3(CO)OC(CO)C(O)C3O)C(O)C(O)C2O)C(O)C(O)C1O,1
Cc1c(CC(CO)CO)[nH]c(=O)[nH]c1=O,0
O=S(=O)(O)C(F)(F)C(F)(F)C(F)(F)C(F)(F)C(F)(F)C(F)(F)F,1
CC(C)(N)C(=O)N[C@@H](Cc1cnc[nH]1)C(=O)N[C@H](Cc1ccc2ccccc2c1)C(=O)N[C@H](Cc1ccccc1)C(=O)N[C@@H](CCCCN)C(N)=O,0
O=c1ccn(C2OC(CO)C(O)C2O)c(=O)[nH]1,1
CC[C@@]1(O)C(=O)OCc2c1cc1n(c2=O)Cc2cc3c(CN(C)C)c(O)ccc3nc2-1,0
CC1(C)[C@H](C(=O)O)N2C(=O)[C@@H](NC(=O)Cc3ccccc3)[C@H]2[SH]1O,0
Oc1ccc(-c2ccccc2)cc1,1
COCC1OC(=O)c2coc3c2C1(C)C1=C(C3=O)C2CCC(=O)C2(C)CC1OC(C)=O,1
NC(=O)c1ccccc1S(=O)(=O)NCC(=O)Nc1ccc(O)cc1,1
CC(C)=CCC[C@](C)(O[C@@H]1O[C@H](CO)[C@@H](O)[C@H](O)[C@H]1O)[C@H]1CC[C@]2(C)[C@@H]1[C@H](O)C[C@@H]1[C@@]3(C)CC[C@H](O)C(C)(C)[C@@H]3[C@@H](O[C@@H]3O[C@H](CO)[C@@H](O)[C@H](O)[C@H]3O[C@@H]3O[C@@H](C)[C@H](O)[C@@H](O)[C@H]3O)C[C@]12C,0
CC1=C(CC(=O)O)c2cc(F)ccc2C1=Cc1ccc(S(C)(=O)=O)cc1,1
C=C/C=C/[C@@]1(C)SC(=O)C(C)=C1O,0
O=C(NCc1ccc(Oc2ccccc2)cc1)c1nc(-c2cc(Br)c(O)c(Br)c2)no1,0
CC(C)N=C(N)NO,0
OC1c2ccc3c(ccc4ccccc43)c2C2OC2C1O,1
COc1ccc2c(c1)ncn2[C@H]1O[C@H](CO)[C@@H](OP(=O)(O)O[C@H](C)CNC(=O)CC[C@@]2(C)/C3=C(\C)C4=N/C(=C\C5=N/C(=C(/C)C6=N[C@@](C)(C(=N3)[C@@H]2CC(N)=O)[C@@](C)(CC(N)=O)[C@@H]6CCC(N)=O)[C@@](C)(CC(N)=O)[C@@H]5CCC(N)=O)C(C)(C)[C@@H]4CCC(N)=O)[C@H]1O,0
Cc1ccc2[nH]cc(CCN)c2c1,1
O=C(N/N=C/c1cc(Br)c(O)c(Br)c1O)c1ccc2ccccc2c1,0
C=C1CCC(O)CC1=CC=C1CCCC2(C)C1CCC2C(C)C=CC(C)C(C)C,0
Cc1ccc2c(c1)C(=O)[C@]1(O[C@@H](c3ccc(Cl)c(Cl)c3)[C@@H](C(=O)Nc3ccc(-c4csnn4)cc3)[C@H]1C(=O)O)C2=O,0
NS(=O)(=O)OCCCCCCCOS(N)(=O)=O,1
CC(C)(C)c1ccc(S(=O)(=O)O)cc1,0
c1cn(CCCCCCn2ccnc2)cn1,0
CC[C@@H](O)[C@H](NC(=O)[C@H](Cc1ccc(O)cc1)NC(=O)[C@H](CC(N)=O)NC(=O)[C@H](CC(=O)O)NC(=O)[C@@H](NC(=O)[C@H](Cc1ccccc1)NC(=O)[C@@H](NC(=O)[C@H](C)NC(=O)[C@H](CC(=O)O)NC(=O)[C@H](CO)NC(=O)[C@@H](N)Cc1cnc[nH]1)C(C)C)[C@@H](C)O)C(=O)N[C@@H](CCCNC(=N)N)C(=O)N[C@@H](CC(C)C)C(=O)N[C@@H](C)C(=O)N[C@@H](CCCCN)C(=O)N[C@@H](CCC(N)=O)C(=O)N[C@@H](CCSC)C(=O)N[C@@H](C)C(=O)N[C@H](C(=O)N[C@@H](CCCCN)C(=O)N[C@@H](CCCCN)C(=O)N[C@@H](Cc1ccc(O)cc1)C(=O)N[C@@H](CC(C)C)C(=O)N[C@@H](CC(N)=O)C(=O)N[C@@H](CO)C(=O)N[C@H](C(=O)N[C@@H](CC(C)C)C(=O)N[C@@H](CC(N)=O)C(=O)O)[C@@H](C)CC)C(C)C,0
O=CCCSC(=O)CCS,0
Cc1cccc(C)c1NC(=O)CC12CCCN1CCC2,0
CCCCCCCCCCCCCCCCCCCCCC(=O)O,0
CCC[C@@H](Nc1c(Cc2cccc(C(=O)N(C)C)c2O)c(=O)c1=O)c1ccc(C)o1,0
CCC(=O)C(CC(C)N1CCCCC1)(c1ccccc1)c1ccccc1,0
O[C@@H]1[C@@H](O)[C@H](O)[C@]2(O)CC[C@H]1N2,0
C[C@@H](Oc1ccc(Oc2ccc(Cl)cc2Cl)cc1)C(=O)O,0
NS(=O)(=O)c1ccc([C@@H](O)[C@@H](CO)NC(=O)C(Cl)Cl)cc1,0
NS(=O)(=O)c1cc2c(cc1Cl)NC(Cc1ccccc1)NS2(=O)=O,0
Clc1ccc(-c2cnc[nH]2)cc1,0
CC(C)(C#Cc1ccc(-c2ccc(Cl)c3c(NS(C)(=O)=O)nn(CC(F)(F)F)c23)c(C(Cc2cc(F)cc(F)c2)NC(=O)Cn2nc(C(F)(F)F)c3c2C(F)(F)C2CC32)n1)S(C)(=O)=O,0
CN1CC[C@]2(C)c3cc(OC(=O)Nc4ccccc4)ccc3N(C)[C@H]12,0
CCCCNC(=O)OCC#CI,1
COC(=O)Nc1nc2cc(C(=O)c3ccc(F)cc3)ccc2[nH]1,1
O=C(Nc1cc(Br)c(O)c(Br)c1)c1cc(Cl)ccc1Cl,0
O=S(=O)(c1ccc2c(c1)CN[C@@H](CF)C2)N1CCSCC1,0
Nc1cc(C(F)(F)F)c(-c2cc(N3CCOCC3)nc(N3CCOCC3)n2)cn1,0
N=C(N)c1ccc(O[C@H]2CO[C@H]3[C@@H]2OC[C@H]3Oc2cccc(C(=N)N)c2)cc1,0
C[n+]1cnc2nc[nH]c2c1N,0
CC/C(=C(/c1ccc(/C=C/C(=O)O)cc1)c1ccc2[nH]ncc2c1)c1ccc(F)cc1Cl,0
[198Au],0
O=C(NN=Cc1ccc([N+](=O)[O-])o1)c1ccc(O)cc1,1
CCOCCn1c(N2CCCN(C)CC2)nc2ccccc21,0
Nc1c(O)cccc1C(=O)O,0
C[C@H](N)[C@H](O)c1ccccc1,0
C[C@H](Nc1cc(-c2cnn(C)c2)cc(Nc2cnccn2)n1)c1ccc(F)cc1,0
CC(C)c1cn([C@H]2C[C@H](O)[C@@H](CO)O2)c(=O)[nH]c1=O,0
CCC[C@@]1(CCc2ccccc2)CC(O)=C([C@H](CC)c2cccc(NS(=O)(=O)c3ccc(C(F)(F)F)cn3)c2)C(=O)O1,1
Cc1nccc2c3ccc(OCCCCn4c5ccccc5c5ccncc54)cc3n(CCCc3ccccc3)c12,0
CCc1cc2c(s1)-n1c(C)nnc1CN=C2c1ccccc1Cl,0
CC(=O)N[C@@H]1[C@@H](O)[C@H](O[C@@H]2O[C@H](CO)[C@H](O)[C@H](O)[C@H]2O)[C@@H](CO)O[C@@H]1O,0
CCCCN/C(=C1/C=C(Cl)C=CC1=O)c1ccccc1Cl,1
COC(=O)C1=C(C)NC(C)=C(C(=O)OCC(C)=O)C1c1ccccc1[N+](=O)[O-],0
CC(=O)OCC1=CC2OC(=O)C3=COC(OC4OC(CO)C(O)C(O)C4O)C1C32,1
CC[C@H](OC(C)=O)C(C[C@@H](C)N(C)C)(c1ccccc1)c1ccccc1,0
CC[C@H](C)[C@@H]1NC(=O)[C@H](Cc2ccc(O)cc2)NC(=O)[C@@H](N)CSSC[C@@H](C(=O)N2CCC[C@H]2C(=O)N[C@@H](CC(C)C)C(=O)NCC(N)=O)NC(=O)[C@H](CC(N)=O)NC(=O)[C@H](CCC(N)=O)NC1=O,0
c1ccc([Sn+](c2ccccc2)c2ccccc2)cc1,1
Cc1ccc(S(=O)(=O)Oc2ccc(O)c(S(=O)(=O)O)c2)cc1,0
COc1cc(C2c3ccc(O)cc3Oc3nc4c(c(N)c32)CCCC4)cc(OC)c1OC,0
Cc1ncccc1OC[C@@H]1CCCN1,0
N#Cc1ccc(N(Cc2ccc(OS(N)(=O)=O)cc2)n2cnnc2)cc1,0
CCC(=O)Nc1ccc(Cl)c(Cl)c1,1
CC/C=C\C/C=C\C/C=C\C/C=C\C/C=C\CCCCC(=O)O[C@H](COC(=O)CCC/C=C\C/C=C\C/C=C\C/C=C\C/C=C\CC)COP(=O)(O)OC[C@H](N)C(=O)O,0
NC(Cc1cc(I)c(Oc2ccc(O)c(I)c2)c(I)c1)C(=O)O,0
CC(C)=CCC/C(C)=C/CC/C(C)=C/COP(=O)(O)OP(=O)(O)O,0
Oc1c(Cl)cc(-c2cc(Cl)c(O)c(Cl)c2)cc1Cl,0
CC1CC2C(C(O)CC3(C)C2CCC3(O)C(=O)COC(=O)CCC(=O)O)C2(C)C=CC(=O)C=C12,1
CC1CNC(=O)c2cnn3ccc(nc23)NC(C)c2cc(F)ccc2O1,0
CCCc1ccc(OCC(=O)N2CCN(C(=O)COc3ccc(CCC)cc3OC)CC2)c(OC)c1,0
CCCCC/C=C\C/C=C\C=C\C=C\[C@@H](SC[C@H](NC(=O)CC[C@H](N)C(=O)O)C(=O)NCC(=O)O)[C@@H](O)CCCC(=O)O,0
CC1(C)CCC(C)(C)c2c1cc(C(=O)Nc1cc(F)c(C(=O)O)c(F)c1)c(O)c2Cl,0
O=C(O)CC[C@H](CP(=O)(O)Cc1ccc(I)cc1)C(=O)O,0
CC(=O)N1CCN(CCOc2cc(OC(C)C)c3c(Nc4c(Cl)cnc5c4OCO5)ncnc3c2)CC1,0
NC(N)=NCCCC(N)C(=O)O,0
C=CCN(C)[C@H](C)Cc1ccccc1,0
Cc1ccnc(CNC(=O)Cn2c(C)cnc(NCC(F)(F)c3ccccn3)c2=O)c1F,0
C[C@H](N)[C@@H](CCCCCC(=O)O)NC(=O)OP(=O)(O)O,0
O=C1C=Cc2ccc3c4c(ccc1c24)-c1ccccc1C3=O,1
NCC(O)c1ccc(O)cc1,0
COC(=O)[C@H](Cc1cccc(C(=N)N)c1)NC(=O)CNS(=O)(=O)c1ccc(C)cc1,0
C[C@H]1O[C@H](O[C@H]2[C@H](O)[C@@H](O)[C@@H](O[C@H]3[C@H](O)[C@@H](O)[C@@H](O)O[C@@H]3CO)O[C@@H]2CO)[C@H](O)[C@@H](O)[C@@H]1N[C@H]1C=C(CO)[C@@H](O[C@H]2O[C@H](CO)[C@@H](O[C@H]3O[C@H](CO)[C@@H](O)[C@H](O)[C@H]3O)[C@H](O)[C@H]2O)[C@H](O)[C@H]1O,0
OC[C@H]1O[C@@]2(C[C@@H](c3ccc4ccccc4c3)NO2)[C@H](O)[C@@H](O)[C@@H]1O,0
O=C(Nc1ccc2[nH]ccc2c1)c1cc(F)cc(N2CCOCC2)c1,0
Cc1ccc(N2CCNCC2)c(S(=O)(=O)O)c1,0
CC12C=Cc3occc3C1CCC13CC(CCC12)C(O)(CO)C3,1
CO[C@@H]1[C@@H](O[C@@H]2O[C@H](C)[C@@H](O[C@H]3C[C@@](C)(O)[C@@H](OC(=O)CC(C)C)[C@H](C)O3)[C@H](N(C)C)[C@H]2O)[C@@H](CC=O)C[C@@H](C)C(=O)/C=C/[C@@H]2O[C@H]2C[C@@H](C)OC(=O)C[C@H]1OC(C)=O,0
C[C@H](NC(=O)[C@@H]1CCCN1C(=O)[C@@H]1CCCN1C(=O)[C@@H](O)[C@H](N)Cc1ccccc1)C(N)=O,0
CC(C)NCc1ccc(C[C@H](N)C(=O)O)cc1,0
CCC(CC)CC1(C(=O)Nc2ccccc2SC(=O)C(C)C)CCCCC1,0
CCCC(=O)OC1C(C)OC(OC2C(C)OC(OC3C(CC=O)CC(C)C(O)C=CC=CCC(C)OC(=O)CC(O)C3OC)C(O)C2N(C)C)CC1(C)O,1
CN1[C@@H]2CCC[C@H]1CC(NC(=O)c1nn(C)c3ccccc13)C2,0
NC(=O)c1cncc(Br)c1,0
CC(C)n1c(=O)c(C(=O)NCCCN2CCCCC2)c(O)c2ccsc21,0
CC1(C)CCC2(CC1)N[C@@H](C(=O)N[C@@H]1CC[C@@H](C(N)=O)OC1)[C@H](c1ccnc(Cl)c1F)[C@]21C(=O)Nc2cc(Cl)ccc21,0
COc1ccc(-c2cc(=O)c3c(O)cc(O)c(-c4cc(-c5cc(=O)c6c(O)cc(OC)cc6o5)ccc4OC)c3o2)cc1,1
O=C(NCCCN1CCN(CCCNc2c(NCCCN3CCN(CCCNC(=O)c4cc(O[C@H]5O[C@H](CO)[C@H](O)[C@H](O)[C@H]5O)cc([N+](=O)[O-])c4)CC3)c(=O)c2=O)CC1)c1cc(OC2OC(CO)C(O)C(O)C2O)cc([N+](=O)[O-])c1,0
CC=C(C)C(=O)OC1CCN2CC=C(COC(=O)C(O)(C(C)OC)C(C)(C)O)C12,1
O=C(O)C(Cc1cc(I)c(O)c(I)c1)c1ccccc1,0
O=CC(=O)CNC(=O)c1cc(N(CCBr)CCBr)c([N+](=O)[O-])cc1[N+](=O)[O-],0
Nc1c(Br)cc(Br)cc1CNC1CCC(O)CC1,0
CC1(C)O[C@@H]2C[C@H]3[C@@H]4C[C@H](F)C5=CC(=O)C=C[C@]5(C)[C@@]4(Cl)[C@@H](Cl)C[C@]3(C)[C@]2(C(=O)CO)O1,0
CCS(=O)(=O)c1ccc(/C=N/NC(N)=S)cc1,0
COc1cc(/C=C2\CCCN([C@@H](C)c3ccc(F)cc3)C2=O)ccc1-n1cnc(C)c1,0
Cc1nn(-c2cccc(CCC(N)=O)c2)c2cc(N[C@@H](C)c3ccccc3)ncc12,0
COC1C=COC2(C)Oc3c(C)c(O)c4c(O)c(cc(O)c4c3C2=O)NC(=O)C(C)=CC=CC(C)C(O)C(C)C(O)C(C)C(OC(C)=O)C1C,0
C[C@]12CCCCC1=CC[C@@H]1[C@@H]2CC[C@]2(C)C(=O)[C@H](F)C[C@@H]12,0
CCCN1CCN(c2ccc(C(=O)NC3(C(=O)NCC#N)CCCCC3)cc2)CC1,0
O=c1c2ccccc2c(Cc2ccc(Cl)cc2)nn1C[C@H]1CCCN1CCCCc1ccc(OCCCN2CCCCCC2)cc1,0
O=C(O)c1cccs1,1
CC(=O)OCC(=O)[C@H]1CC[C@H]2[C@@H]3CC=C4C[C@@H](O)CC[C@]4(C)[C@H]3CC[C@]12C,0
CC(C)=CCC[C@](C)(O[C@@H]1O[C@H](CO[C@@H]2OC[C@H](O)[C@H](O)[C@H]2O)[C@@H](O)[C@H](O)[C@H]1O)[C@H]1CC[C@]2(C)[C@@H]1[C@H](O)C[C@@H]1[C@@]3(C)CC[C@H](O[C@@H]4O[C@H](CO)[C@@H](O)[C@H](O)[C@H]4O[C@@H]4O[C@H](CO)[C@@H](O)[C@H](O)[C@H]4O)C(C)(C)[C@@H]3CC[C@]12C,0
C[C@H]1O[C@@H](O)[C@H](O)[C@@H](O)[C@@H]1N[C@H]1C=C(CO)C(O)[C@H](O)[C@H]1O,0
CC(=O)OCC(=O)[C@@]1(O)CC[C@H]2[C@@H]3CCC4=CC(=O)CC[C@]4(C)[C@H]3C(=O)C[C@@]21C,0
CC(CCN1CCOCC1)OC(=O)C1(c2ccccc2)CCOCC1,0
C[C@@H](NC(=O)[C@@H](C)NC(=O)CCCC[C@H](NC(=O)CN)C(=O)O)C(=O)O,0
Cc1c(Sc2ccccc2)n(COCCO)c(=O)[nH]c1=O,0
C#C[C@]1(O)CC[C@H]2[C@@H]3CCc4cc(O)ccc4[C@H]3CC[C@@]21C,1
O=C(O)c1cc2cc(O)ccc2cc1O,0
C=CCCCCCCCCC(=O)O[C@H]1CC[C@H]2[C@@H]3CCC4=CC(=O)C=C[C@]4(C)[C@H]3CC[C@]12C,0
CCCCOc1ccc(C(=O)OCCOCCN(CC)CC)cc1N,0
Cc1c2[nH]c(c1CCC(=O)O)/C=c1\[nH]/c(c(C)c1CCC(=O)O)=C\C1=C(O)[C@](C)(CC(=O)O)C(=CC3=N/C(=C\2)[C@@](C)(CC(=O)O)C3=O)N1,0
CSCCC(NC(=O)C(Cc1ccc(OS(=O)(=O)O)cc1)NC(=O)C(N)CC(=O)O)C(=O)NCC(=O)NC(Cc1c[nH]c2ccccc12)C(=O)NC(CCSC)C(=O)NC(CC(=O)O)C(=O)NC(Cc1ccccc1)C(N)=O,0
O=C(CCCN1CCN(c2ccccn2)CC1)c1ccc(F)cc1,0
C[C@]12CC[C@@H]3c4ccc(OS(N)(=O)=O)cc4CC[C@H]3[C@@H]1CC(=O)N(Cc1cccnc1)C2=O,0
O=c1cc(CN2CCOCC2)c2cc(O)c(O)cc2o1,0
C[C@H]1[C@@H](O)O[C@@H]2O[C@@]3(C)CC[C@H]4[C@H](C)CC[C@@H]1[C@@]24OO3,0
CC=C1C2C=C(C)CC1(N)c1ccc(=O)[nH]c1C2,1
CSCCC(NC=O)C(=O)NC(CC(C)C)C(=O)NC(Cc1ccccc1)C(=O)O,1
c1ccc2c(c1)[nH]c1cnccc12,1
CC(C)C[C@H](NC(=O)c1ccco1)C(=O)N[C@@H](Cc1c[nH]c2ccccc12)P(=O)(O)O,0
Cc1cc2c(cc1-n1c(C(F)(F)F)nc3cc(C(=O)O)ccc31)C(C)(C)CCC2(C)C,1
COC(=O)[C@H](Cc1cccc(C(=N)N)c1)[C@@H](C)NC(=O)c1ccc(-c2cccc(CN)c2)cc1,0
CC1(C)CCCC2(C)OC(=O)C=C12,1
CC(C)C(=O)c1c(C(C)C)nn2ccccc12,1
Cc1cccc2c1C(=O)[C@]1(O)CCN(c3ccccc3)C1=N2,0
Cc1ccc(=O)n(-c2ccccc2)c1,1
CC(C)=CCc1c2c(c(O)c3c(=O)c(-c4ccc(O)cc4)coc13)C=CC(C)(C)O2,1
Cc1onc(-c2ccccc2Cl)c1C(=O)NC1C(=O)N2C1SC(C)(C)C2C(=O)O,1
COc1ccccc1OCC1CNC(=O)O1,0
CC1(C)C(CSS(C)(=O)=O)=C(c2ccccc2)C(C)(C)N1O,0
CCCCN1CCCC[C@H]1C(=O)Nc1c(C)cccc1C,0
COc1cccc(N2CCc3cc(S(N)(=O)=O)sc3S2(=O)=O)c1,0
COc1cc2c(cc1O)C(Cc1ccc(Oc3cc(CC4c5cc(O)c(OC)cc5CCN4C)ccc3O)cc1)N(C)CC2,1
CC(=O)N[C@@H](Cc1ccc(P(=O)(O)O)c(P(=O)(O)O)c1)C(=O)N[C@H]1CCCCN(Cc2ccc(-c3ccccc3)cc2)C1=O,0
CC(C)[C@@H]1NC(=O)[C@H](CCCCN)NC(=O)[C@@H](Cc2c[nH]c3ccccc23)NC(=O)[C@H](Cc2ccc(O)cc2)NC(=O)[C@@H](NC(=O)[C@H](N)Cc2ccc3ccccc3c2)CSSC[C@@H](C(=O)N[C@H](C(N)=O)[C@@H](C)O)NC1=O,0
C[C@]12CC/C(=N\OCCN)C[C@@H]1C(=O)C[C@@H]1[C@@H]2CC[C@]2(C)C(=O)CC[C@@H]12,0
CCCCCCCCC=CCCCCCCCC(=O)NCCO,1
C[C@@H](Cn1ccc(-c2ccc(C#N)c(Cl)c2)n1)NC(=O)c1cc([C@@H](C)O)[nH]n1,0
CC(COc1ccc(Oc2ccccc2)cc1)Oc1ccccn1,1
NC(=O)c1cc(C(=O)O)cc(-c2ccc(-c3ccccc3)cc2)c1,0
CC(=O)O[C@H]1CC[C@H]2[C@@H]3CCC4=CC(=O)CCC4=C3C=C[C@]12C,0
O=NN1CCCCC1,1
CC1=NN(c2ccc(C)c(C)c2)C(=O)/C1=N\Nc1cccc(-c2cccc(C(=O)O)c2)c1O,1
CC(=O)CC[C@H](N)C(=O)O,0
CCCN(CCOc1c(Cl)cc(Cl)cc1Cl)C(=O)n1ccnc1,1
N=C(N)c1cc2nc(-c3cccc(-c4ccccc4)c3O)[nH]c2cc1Cl,0
O=C(O)CCSC[C@H]1O[C@@H]2O[C@H]3[C@H](O)[C@@H](O)[C@@H](O[C@H]4[C@H](O)[C@@H](O)[C@@H](O[C@H]5[C@H](O)[C@@H](O)[C@@H](O[C@H]6[C@H](O)[C@@H](O)[C@@H](O[C@H]7[C@H](O)[C@@H](O)[C@@H](O[C@H]8[C@H](O)[C@@H](O)[C@@H](O[C@H]9[C@H](O)[C@@H](O)[C@@H](O[C@H]1[C@H](O)[C@H]2O)O[C@@H]9CSCCC(=O)O)O[C@@H]8CSCCC(=O)O)O[C@@H]7CSCCC(=O)O)O[C@@H]6CSCCC(=O)O)O[C@@H]5CSCCC(=O)O)O[C@@H]4CSCCC(=O)O)O[C@@H]3CSCCC(=O)O,0
CC(=CCO)CCCC(C)CCCC(C)CCCC(C)C,1
OCCOCCOCCO,0
CC[C@H](Nc1ncnc2nc[nH]c12)c1oc2ccccc2c(=O)c1-c1cccc(F)c1,0
CC1(C)S[C@@H]2[C@H](NC(=O)[C@H](NC(=O)N3CCN(S(C)(=O)=O)C3=O)c3ccccc3)C(=O)N2[C@H]1C(=O)O,1
COc1ccc(-c2cc(=O)c3c(OC)cc(OC)cc3o2)cc1,1
O=P(OC(CCl)CCl)(OC(CCl)CCl)OC(CCl)CCl,1
NC(=O)c1cccc2ncc(-c3ccc(Cl)cc3)nc12,0
C[C@@H]1C[C@H](O)[C@@H](O)[C@@H](O)O1,0
C[C@H](NC(=O)[C@@H](Cc1ccc2ccccc2c1)NC(=O)[C@@H](C)N)C(=O)N[C@@H](Cc1c[nH]c2ccccc12)C(=O)N[C@H](Cc1ccccc1)C(=O)N[C@@H](CCCCN)C(N)=O,0
C=CC(C)(C)OC[C@H]1O[C@H](O[C@@H]2C3=C([C@H](C)COC(C)=O)C[C@H](O)[C@]3(C)/C=C3/[C@@H](COC)CC[C@H]3[C@@H](C)[C@H]2O)[C@H](O)[C@@H](OC(C)=O)[C@@H]1O,0
CC(=O)N[C@H]1[C@@H](OC[C@H](N)C(=O)O)O[C@H](CO)[C@H](O)[C@@H]1O,0
O=C(O)Cn1ccc(=O)n(Cc2nc3cc(Cl)ccc3s2)c1=O,0
CCCCCCCC/C=C\CCCCCCCCCC(=O)O,0
CC(C)(C)NCC(O)c1ccc(O)c(CO)c1,0
CCO[C@@H]1OC(=O)C[C@@H]1NC(=O)[C@@H]1CCCN2C(=O)CC[C@H](NC(=O)c3nccc4ccccc34)C(=O)N12,1
CC(C)(C)NCc1cc(C(C)(C)C)cc(-c2cnc(C(F)(F)F)c(F)c2)c1O,0
C/C=C1\NC(=O)[C@H]2CSSCC/C=C/[C@H](CC(=O)N[C@H](C(C)C)C(=O)N2)OC(=O)[C@H](C(C)C)NC1=O,1
CC(C)C[C@H](NC(=O)CNC(=O)c1cc(Cl)ccc1Cl)B1OC(=O)C(CC(=O)O)(CC(=O)O)O1,0
C#CCN(C)[C@@H]1CCc2ccccc21,0
Nc1[nH]c(=O)[nH]c(=O)c1N,0
CC1(C)O[C@H]2[C@@H]3OS(=O)(=O)O[C@@H]3CO[C@@]2(COS(N)(=O)=O)O1,0
COc1cc2c(cc1Cl)C(c1cccc(Br)c1)=NCC2,0
O=C(O)c1sccc1S(=O)(=O)Nc1cccc([N+](=O)[O-])c1,0
CC(C)OC(=O)OCOP(=O)(COC(C)Cn1cnc2c(N)ncnc21)OCOC(=O)OC(C)C,1
N[C@H](CO)C(=O)O,0
COc1ccc(NS(=O)(=O)c2ccc(NC(c3c(C)n(C)n(-c4ccccc4)c3=O)S(=O)(=O)O)cc2)nn1,0
O=C(/C=C/c1ccccc1)NCCO,0
O=C1NC(=O)C(c2cnc3ccccn23)=C1c1cn2c3c(cc(F)cc13)CN(C(=O)N1CCCCC1)CC2,0
Cc1ccccc1-c1cc2ccc(C(=N)N)cc2[nH]1,0
O=C(CCNNC(=O)c1ccncc1)NCc1ccccc1,1
C[N+]1(CC2CC2)[C@@H]2C[C@@H](OC(=O)[C@H](CO)c3ccccc3)C[C@H]1[C@@H]1O[C@@H]12,0
COc1ccc(/C=C\c2cc(OC)c(OC)c(OC)c2)cc1OP(=O)(O)O,0
CCCCC(CC)COC(=O)c1ccc(N(C)C)cc1,0
CC(C)(OCc1ccc(-c2ccc(Cl)cc2)cc1)C(=O)O,0
CCCCO[C@@H]1[C@H](O)[C@@H](COP(=O)(O)O)O[C@H]1n1cc(C)c(=O)[nH]c1=O,0
Cc1ncnc2c1ncn2[C@@H]1O[C@H]([C@@H](C)O)[C@@H](O)[C@H]1O,0
O=C(O)CCCCN(Cc1ccc([N+](=O)[O-])cc1)CP(=O)(O)O,0
CCCCn1ccc(N2CCC(c3ccccc3)CC2)c(Cl)c1=O,0
CC1=CC([C@H]2C[C@@H](CC3[C@@H](F)[C@@H](F)C(C4[C@@H](F)[C@@H](F)C(NC5C6CC7CC(C6)CC5C7)[C@@H](F)[C@H]4F)[C@H](F)[C@H]3F)CCN2)NCC1,0
CN,0
Cc1c(S(=O)(=O)O)oc2c1C(=O)C(=O)c1c-2ccc2c1CCCC2(C)C,1
Cc1cnc(NS(=O)(=O)c2ccc(N)cc2)nc1,0
CC(=O)c1ccc(C)cc1N[C@H](C(N)=O)c1c(Cl)cccc1Cl,0
CC(C=O)=CC=CC(C)=CC=CC=C(C)C=CC=C(C)C=CC1=C(C)CCCC1(C)C,1
C[C@]12CCC(=O)C=C1[C@@H]1C[C@@H]1[C@H]1[C@@H]3[C@@H]4C[C@@H]4[C@@]4(CCC(=O)O4)[C@@]3(C)CC[C@@H]12,0
CC/C=C\C/C=C\C[C@@H](O)/C=C/C=C\C/C=C\CCCC(=O)O,0
C=Cc1c(C)c2cc3nc(c4c5[nH]c(cc6nc(cc1[nH]2)C(C)=C6CC)c(C)c5C(=O)C4C(=O)OC)C(CCC(=O)OCC=C(C)CCCC(C)CCCC(C)CCCC(C)C)C3C,1
C[C@@]1(O)C(c2c(O)[nH]c3ccc(S(=O)(=O)N4CCC(O)CC4)cc23)=Nc2ccccc21,0
N[C@@H](CCSC(F)F)C(=O)O,0
CCCOC(=O)c1sc(C(=O)OCCC)c(O)c1O,0
CC(C)Nc1nc2cc(Cl)c(Cl)cc2n1[C@H]1O[C@@H](CO)[C@H](O)[C@@H]1O,0
Cc1ncc([N+](=O)[O-])n1CC(O)CCl,1
COc1ccc2c(O[C@@H]3C[C@H]4C(=O)N[C@]5(C(=O)O)C[C@H]5/C=C\CCCCC[C@H](NC(=O)OC5CCCC5)C(=O)N4C3)cc(-c3csc(NC(C)C)n3)nc2c1,0
Cn1c(N)c(NC(=O)NCCN)c[n+]1CC1=C(C(=O)O)N2C(=O)[C@@H](NC(=O)/C(=N\OC(C)(C)C(=O)[O-])c3nsc(N)n3)[C@H]2SC1,0
C=CCC1=C(C)[C@@H](OC(=O)[C@@H]2[C@@H](C=C(C)C)C2(C)C)CC1=O,0
CCCCCCCCCCCCCCCC(=O)OC1CCCn2c1nc(C)c(CCN1CCC(c3noc4cc(F)ccc34)CC1)c2=O,0
CNCC(=O)O,0
O=S(=O)(NCCNC/C=C/c1ccc(Br)cc1)c1cccc2cnccc12,0
C=CC[C@@]12CCCN1C(=O)CNC2=O,0
CNC(=O)[C@@H](NC(=O)[C@H](CC(C)C)[C@H](CNC(=O)c1nccs1)C(=O)NO)C(C)(C)C,0
CN(C)CCN1C(=O)c2ccccc2Nc2cc(Cl)ccc21,0
CN(C)C/C=C/C(=O)Nc1ccc2ncnc(Nc3cccc(Br)c3)c2c1,0
C[C@H](NCCc1ccc(O)cc1)[C@H](O)c1ccc(O)cc1,0
CN1CC[C@]23CCCC[C@H]2[C@H]1Cc1ccc(O)cc13,0
SSSSS,0
CN[C@@H](C)[C@@H](O)c1ccccc1,0
O=C1NC(O)CCN1[C@@H]1O[C@H](CO)[C@@H](O)[C@H]1O,0
CC(CCC(=O)O)C1CCC2C3CCC4CC(O)CCC4(C)C3CCC12C,1
CC(C)(CCC(C(N)=O)(c1ccccc1)c1ccccc1)N1CC(Oc2cccc(O)c2)C1,0
O=C(O)/C=C/c1ccc(O)cc1,0
C[C@H]1Nc2nc(N)[nH]c(=O)c2N2CN(c3ccc(C[C@@H](O)[C@@H](O)[C@H](O)CO[C@H]4O[C@H](COP(=O)(O)O[C@@H](CCC(=O)O)C(=O)O)[C@@H](O)[C@@H]4O)cc3)[C@@H](C)[C@H]12,0
CO[C@H]1/C=C\C=C(/C)C(=O)NC2=CC(=O)C(NCCN(C)C)=C(C[C@@H](C)C[C@H](OC)[C@H](O)[C@@H](C)/C=C(\C)[C@@H]1OC(N)=O)C2=O,0
C[AsH]C,1
O=C(O)c1cc(-c2ccccc2)nc2ccccc12,1
CC(NCCCNc1ccnc2cc(Cl)ccc12)c1ccc(-c2csc3ccc(F)cc23)cc1,1
O=c1ccc2ccc(O)c(O)c2o1,1
CCOCn1oc(=O)c(-c2ccc(F)cc2)c1-c1ccnc(Oc2ccccc2O)n1,0
Cc1ccc(C(=O)Nc2cc(C(=O)N(C)C)cc(-c3ccc(C(=O)NO)cc3)c2)cc1,0
COc1ccc(C(=O)/C(Br)=C\C(=O)O)cc1,0
OCc1ccc(Br)cc1,0
CCOC(=O)c1ccc(C#Cc2ccc3c(c2)C(C)(C)CCS3)nc1,0
CCN(Cc1ccc(Cl)nc1)/C(=C/[N+](=O)[O-])NC,0
O=S(=O)(Nc1nccs1)c1ccc(N=Cc2c(O)[nH]c3ccccc23)cc1,0
COc1ccc(-c2cc(=O)c3c(OC)c(OC)c(OC)c(OC)c3o2)cc1OC,1
NC(=O)C1CCCc2c1[nH]c1ccc(Cl)cc21,0
COC(=O)C1=C(C(=O)OC)[C@@H]2O[C@H]1C(c1ccc(O)cc1)=C2c1ccc(O)cc1,0
CNCC(=O)NC(CCCN=C(N)N)C(=O)NC(C(=O)NC(Cc1ccc(O)cc1)C(=O)NC(C(=O)NC(Cc1cnc[nH]1)C(=O)N1CCCC1C(=O)NC(C)C(=O)O)C(C)C)C(C)C,1
O=P(O)(O)O[C@H]1[C@H](O)[C@@H](O)[C@H](OP(=O)(O)O)[C@@H](OP(=O)(O)O)[C@H]1O,0
CCCCCCCCCCCCCCCCOC[C@H](COP(=O)([O-])OCC[N+](C)(C)C)OCCCCC(=O)O,0
OC(CNc1ccccn1)c1ccccc1,0
O=S(=O)(O)Cc1ccccc1,0
CCN(CC)C(=O)c1c(NC(=O)c2cccs2)sc2c1C[C@H](C)CC2,0
CCOc1ccc(N=Nc2ccc(N)cc2N)cc1,0
CN(C)CCn1nnnc1SCC1=C(C(=O)O)N2C(=O)C(NC(=O)Cc3csc(N)n3)C2SC1,1
CCCCCC=CCC=CCC=CCC=CCCCC(=O)NC(C)CO,1
CC/C=C(\C(=O)N[C@@H]1C(=O)N2C(C(=O)O)=C(COC(N)=O)CS[C@H]12)c1csc(N)n1,0
COc1cc(C)c(S(=O)(=O)N[C@@H](CC(=O)O)C(=O)N[C@H](Cc2ccc(C(=N)N)cc2)C(=O)N2CCCCC2)c(C)c1C,0
C[C@H]1CN(CCOc2ccc([C@@H]3Oc4ccc(O)cc4S[C@H]3c3ccc(O)cc3)cc2)C[C@@H]1C,0
Oc1ccc(C=Cc2cc(O)cc(O)c2)cc1,0
O=C(NC(=O)c1c(F)cccc1F)Nc1cc(Cl)c(Oc2ncc(C(F)(F)F)cc2Cl)c(Cl)c1,1
Cn1c(CCCO)c(CO)c2c1C(=O)C=C(N1CC1)C2=O,0
O=S(=O)(/C=C/c1ccc(Cl)cc1)N1CCN(CC2CCN(c3ccncc3)CC2)CC1,0
O=C1CC[C@H](NC(=O)Cc2ccccc2)C(=O)N1,0
O=C1c2ccccc2C(=O)C1c1ccccc1,1
CCCCCCCCCc1ccc(OCCOCCOCCOCCOCCOCCOCCOCCOCCO)cc1,0
Cc1cc(CCCCCOc2c(Cl)cc(C3=NCCO3)cc2Cl)on1,0
C=C1C(=CC=C2CCCC3(C)C2CCC3C(C)C=CC(C)(O)C(C)C)CC(O)CC1O,1
Cc1ccc(C(=O)C(C)CN2CCCCC2)cc1,0
Cc1cc(/C=C/c2ccccc2)cc(C)c1O,0
CCCCCCCCC=CCCCCCCCC(N)=O,1
O=C1C=CC(=O)C(c2ccccc2)=C1,1
CC(=O)Oc1ccc(/C=C/C(=O)NCCc2ccccc2)cc1OC(C)=O,0
CCCOCC(=Nc1ccc(Cl)cc1C(F)(F)F)n1ccnc1,1
CCCC(=O)OC(C(Cl)(Cl)Cl)P(=O)(OC)OC,0
O=P(O)(O)O[C@H]1[C@@H](O)[C@H](O)[C@@H](OP(=O)(O)O)[C@H](OP(=O)(O)O)[C@H]1O,0
CCNC(=O)N1N=C(c2cc(F)ccc2F)C[C@@]1(CCCN)c1ccccc1,0
Cc1ncc(COC(=O)CCC(=O)OCCN(C)C)c(CO)c1O,0
Cc1cc2c(cc1CC(=O)c1sccc1S(=O)(=O)Nc1onc(C)c1Cl)OCO2,1
CC(CCCCCCCCCCCCc1ccc([123I])cc1)CC(=O)O,0
Cc1c(NC(=O)NC(=O)c2ccc(Cl)cc2Cl)cccc1OCCCCC(=O)O,0
COc1cc(C(=O)N2CCOCC2)cc(OC)c1OC,0
O=C1CN(/N=C/c2ccc([N+](=O)[O-])o2)C(=O)N1CO,0
COc1cc([C@H]2C(C#N)=C(N)Oc3c2ccc(N)c3N)cc(Br)c1OC,0
CCCCC(C(=O)O)C(=O)N(Nc1ccccc1)c1ccccc1,0
CC(CCc1ccccc1)NC(C)C(O)c1ccc(O)cc1,0
CCC[C@@H]1CC(=O)N([C@@H](CC)C(N)=O)C1,0
CCN(CC)c1ccc(C(=C2C=CC(=[N+](CC)CC)C=C2)c2cc(S(=O)(=O)O)ccc2S(=O)(=O)O)cc1,0
C=C(Br)CCO,0
Oc1c(Cl)cc(Cl)cc1Sc1cc(Cl)cc(Cl)c1O,1
CC(C)OP(C)(=O)F,1
Nc1nc(N)c(N=O)c(OCC2CCCCC2)n1,0
CC1(C)CCC2=C(O1)c1ccccc1C(=O)C2=O,0
COc1cc(/C=C/C(=O)SCCNC(=O)CCNC(=O)[C@H](O)C(C)(C)COP(=O)(O)OP(=O)(O)OC[C@H]2O[C@@H](n3cnc4c(N)ncnc43)[C@H](O)[C@@H]2OP(=O)(O)O)cc(O)c1O,0
CCCn1cnc2c1c(=O)n(CCCCC(C)=O)c(=O)n2C,0
NS(=O)(=O)c1ccc(S(=O)(=O)Nc2cccc3c(Cl)c[nH]c23)cc1,0
CC1=CC(=O)c2ccccc2C1=O,1
[Nd],0
C[C@]12C=CC(=O)C[C@@H]1CC[C@@H]1[C@@H]2CC[C@]2(C)[C@@H](O)CC[C@@H]12,0
CC(/C=C/C=C(\C)C(=O)O)=C\C=C\C=C(C)\C=C\C=C(/C)C(=O)O,0
CC#C[C@H]1CC[C@@H](CN)N1C(=O)[C@@H](N)C1CCCC1,0
c1ccncc1,1
CN1CCN(S(=O)(=O)c2ccc3c(c2)S(=O)(=O)N[C@@H](C2CCCC2)C3)CC1,0
Cc1oc(=O)oc1COC(=O)N1CC[C@@H](N2CC/C(=C\C3=C(C(=O)O)N4C(=O)[C@@H](NC(=O)/C(=N\O)c5nsc(N)n5)[C@H]4SC3)C2=O)C1,0
Cc1ccc2nc([C@@H]3O[C@H](CO)[C@@H](O)[C@H](O)[C@H]3O)[nH]c2c1,0
Oc1ccc(Cl)cc1,0
CCCC(=O)Nc1nnc(S(N)(=O)=O)s1,0
CCCCCCCCCCOC[C@@H](COCC(F)(F)F)OP(=O)(O)OC,0
C/C(O)=C(\C#N)C(=O)Nc1ccc(-c2ccccc2Cl)c(Cl)c1,0
Oc1cc2c(cc1O)C(c1ccccc1)CNCC2,1
Cn1c(=O)c2[nH]c(Br)nc2n(C)c1=O,0
CC(=O)OCC(=O)[C@@]1(O)CC[C@H]2[C@@H]3CCC4=CC(=O)CC[C@]4(C)C3=CC[C@@]21C,0
Cc1cccc(C[C@H](N)C(=O)O)c1,0
CC(C)(C)[N+]([O-])=Cc1ccccc1,1
Nc1cccc2ccccc12,1
CCCCCCCCCCCCCCCC(=O)OCC(O)CO,1
O=S(=O)(F)Cc1ccccc1,1
COc1ccc(CCN2CCC(Nc3nc4ccccc4n3Cc3ccc(F)cc3)CC2)cc1,0
Cc1nc2c(-c3cnc(N)nc3)nc(N3CCOCC3)nc2n1C(C)C,0
COc1cc2c(cc1OC)C1(O)C(=O)c3ccc4c(c3OC1CO2)C=CC(C)(C)O4,1
O=c1ncccn1[C@@H]1O[C@H](CO)[C@@H](O)[C@H]1O,0
C[C@@H](n1cnc2cc(Cl)ccc2c1=O)[C@](O)(Cn1cncn1)c1ccc(F)cc1F,0
CCCCN1C[C@H](O)[C@@H](O)[C@@H](O)[C@H]1CO,0
CC(C)=CCCC(C)=CCCn1cc(CC(P(=O)(O)O)P(=O)(O)O)nn1,0
CC(C)[N+]1(C)C2CCC1CC(OC(=O)C(CO)c1ccccc1)C2,1
CCCCCCCCCCCC(=O)N[C@H](CCCC)COP(=O)(O)OCCO,0
C#C[C@H](N)C(=O)O,0
Clc1ccccc1Nc1ncc(-c2ccccc2)n2cncc12,0
Nc1ncc2cc(-c3ccccc3)c(N3CC=CC3)nc2n1,0
O=C(OC1OC2COC(=O)c3cc(O)c(O)c(O)c3-c3c(cc(O)c(O)c3O)C(=O)OC2C2OC(=O)c3cc(O)c(O)c(O)c3-c3c(cc(O)c(O)c3O)C(=O)OC12)c1cc(O)c(O)c(Oc2c(C(=O)OC3OC4COC(=O)c5cc(O)c(O)c(O)c5-c5c(cc(O)c(O)c5O)C(=O)OC4C4OC(=O)c5cc(O)c(O)c(O)c5-c5c(cc(O)c(O)c5O)C(=O)OC34)cc(O)c(O)c2O)c1,1
O=C(CO)[C@@H](O)[C@@H](O)CO,0
COc1ccc2nc[nH]c2c1,0
COC(=O)NC(C(=O)N1CCCC1c1ncc(-c2ccc(-c3ccc(-c4cnc(C5CCCN5C(=O)C(NC(=O)OC)C(C)C)[nH]4)cc3)cc2)[nH]1)C(C)C,1
N[C@H](C(=O)O)[C@H](O)COP(=O)(O)O,0
NCCC[C@H](N)CC(=O)NC[C@@H]1NC(=O)[C@H](CO)NC(=O)[C@@H](N)CNC(=O)[C@H]([C@H]2CCNC(N)=N2)NC(=O)/C(=C\NC(N)=O)NC1=O,0
NCCOP(=O)(O)OC[C@@H](O)CO,0
CCN(CC)CCNc1ccc(CO)c2sc3ccccc3c(=O)c12,1
O=C(OCC(COC(=O)c1cccnc1)(COC(=O)c1cccnc1)COC(=O)c1cccnc1)c1cccnc1,0
CN1CN([C@@H]2O[C@H](COP(=O)(O)OP(=O)(O)O)[C@@H](O)[C@H]2O)c2nc(N)[nH]c(=O)c21,0
C#CCN1CCN(c2c(Cl)cccc2NC(=O)c2ccc(Br)o2)CC1,0
CCc1c2c(nc3ccc(O)cc13)-c1cc3c(c(=O)n1C2)COC(=O)C3(CC)OC(=O)OCc1ccc(NC(=O)C(CCCCN)NC(=O)COCC(=O)NCCOCCOCCOCCOCCOCCOCCOCCOCCn2cc(CNC(=O)C3CCC(CN4C(=O)CC(SCC(N)C(=O)O)C4=O)CC3)nn2)cc1,0
CC(C)=CCC(O)C1=CC(=O)c2c(O)ccc(O)c2C1=O,1
CC1(C)C(C=C(Cl)C(F)(F)F)C1C(=O)OC(C#N)c1cccc(Oc2ccccc2)c1,1
Cc1ccc2nc(-c3ccc(F)cc3)c(CC(=O)N(C)C)n2c1,0
CC12CCC(O)CC1CCC1C2CC(O)C2(C)C(C3=CC(=O)OC3)CCC12O,1
CCCCCNC(=O)N1CCC(CN(Cc2ccc(Cl)cc2)Cc2ccc([N+](=O)[O-])s2)C1,0
CCN(CC)CCOC(=O)C1(c2ccccc2)CCCC1,0
CC12CCC(=O)C=C1C1CC1C1C2CCC2(C)C1C1CC1C21CCC(=O)O1,1
C1CNCCNCCN1,1
CCCCCCCCCCCCCCCCCCCCCCO,0
O=C(O)[C@H](Cc1ccccc1)Oc1ccc(Cl)cc1,0
CC[N+](C)(C)c1cccc(O)c1,0
CCc1nc2c(C)nc(C)cc2n1-c1ccc(CCNC(=O)NS(=O)(=O)c2ccc(C)cc2)cc1,0
O=S(O)CNc1ccc(S(=O)(=O)c2ccc(NCS(=O)O)cc2)cc1,0
c1ccc2c(NCCCCCCCCNc3c4c(nc5ccccc35)CCCC4)ccnc2c1,0
O=C(N[C@@H](Cc1ccccc1)C(=O)N1CC(C(=O)O)C1)c1cc2cc(Cl)ccc2[nH]1,0
CC(=O)Nc1cc([As](=O)(O)O)ccc1O,1
CCC(c1ccccc1)c1c(O)c2ccccc2oc1=O,1
[13NH3],0
CC(C)c1ccccc1,1
CC(C)C(=O)OC[C@H]1O[C@@H](n2ccc(NO)nc2=O)[C@H](O)[C@@H]1O,0
COc1ccc([C@H]2CNC(=O)[C@H](Cc3cccc(C)c3)C2)cc1OC1CCCC1,0
CCCC1OC1(CC)C(N)=O,0
NC1=CC(=Nc2ccc(N)cc2)C(N)=CC1=Nc1ccc(N)cc1,1
Nc1nc(F)nc2c1ncn2[C@H]1C[C@H](O)[C@@H](CO)O1,0
NCCN,0
CCOc1ccccc1OCCNC(C)Cc1ccc(OC)c(S(N)(=O)=O)c1,1
CCCCCCC(=O)O[C@H]1CC[C@H]2[C@@H]3CCc4cc(O)ccc4[C@H]3CC[C@]12C,0
CCCCCC[C@](O)(Cn1ccnc1)c1ccc(Cl)cc1Cl,0
CC[C@H](C)[C@H](NC(=O)[C@H](CCC(=O)O)NC(=O)[C@H](CO)NC(=O)[C@H](CO)NC(=O)[C@@H](NC(=O)[C@H](CC(=O)O)NC(=O)[C@@H](NC(=O)[C@H](C)NC(=O)[C@H](C)NC(=O)[C@H](CC(=O)O)NC(=O)[C@H](CO)NC(C)=O)C(C)C)[C@@H](C)O)C(=O)N[C@H](C(=O)N[C@H](C(=O)N[C@@H](CCCCN)C(=O)N[C@@H](CC(=O)O)C(=O)N[C@@H](CC(C)C)C(=O)N[C@@H](CCCCN)C(=O)N[C@@H](CCC(=O)O)C(=O)N[C@@H](CCCCN)C(=O)N[C@@H](CCCCN)C(=O)N[C@@H](CCC(=O)O)C(=O)N[C@H](C(=O)N[C@H](C(=O)N[C@@H](CCC(=O)O)C(=O)N[C@@H](CCC(=O)O)C(=O)N[C@@H](C)C(=O)N[C@@H](CCC(=O)O)C(=O)N[C@@H](CC(N)=O)C(=O)O)C(C)C)C(C)C)[C@@H](C)O)[C@@H](C)O,0
N[C@@H]1[C@@H](O)[C@@H](O)[C@@H](CO)O[C@H]1O,0
C=CCN(/C=C1/C(=O)O[C@H](COC)[C@@]2(C)C1=C(O)C(=O)C1=C2[C@H](OC(C)=O)C[C@]2(C)C(=O)CC[C@@H]12)CC=C,0
C[C@H]1N=C(N(C)C)N=C(N)N1,0
C[S+]([O-])CCCC/C(=N\OS(=O)(=O)O)S[C@@H]1O[C@H](CO)[C@@H](O)[C@H](O)[C@H]1O,0
CN1C(C(=O)Nc2nccs2)=C(O)c2ccccc2S1(=O)=O,1
COc1ccc2ccccc2c1/C=N/NC(=O)c1ccc(O)c(O)c1,0
CC12Cc3cn[nH]c3CC1CCC1C2CCC2(C)C1CCC2(C)O,1
CCCCC/C=C\C/C=C\[C@H](O)CC(=O)CCCCC(=O)O,0
CCC(C)n1ncn(-c2ccc(N3CCN(c4ccc(OC[C@H]5CO[C@](Cn6cncn6)(c6ccc(Cl)cc6Cl)O5)cc4)CC3)cc2)c1=O,0
O=C(O)c1cccc(-c2cccc(NCCNC[C@H](O)c3cccc(Cl)c3)c2)c1,0
C[C@H](O)[C@@H](N)Cc1ccccc1,0
C1Cc2[nH]nc(-c3nn[nH]n3)c2C1,0
CC12C=CC(=O)NC1CCC1C2CCC2(C)C(C(=O)Nc3cc(C(F)(F)F)ccc3C(F)(F)F)CCC12,0
CCC(=O)N1CCC(Nc2ncnc3c2CN(c2cnc(OC)c(C(F)(F)F)c2)CC3)C1,0
C[C@@H]1C[C@H]2[C@@H]3C[C@H](F)C4=CC(=O)C=C[C@]4(C)[C@@]3(F)[C@@H](O)C[C@]2(C)[C@@]1(O)C(=O)CO,0
CC1(C)S[C@@H]2[C@H](NC(=O)[C@H](NC(=O)N3CCNC3=O)c3ccccc3)C(=O)N2[C@H]1C(=O)O,0
O=C(O)CCCOc1ccc(NC(=O)NC(=O)c2ccc(Cl)cc2Cl)c(Cl)c1,0
OC[C@H]1O[C@H](O)C[C@@H](O)[C@H]1O,0
COc1ccc(C(C)=O)cc1,1
COC(=O)[C@H](C)NP(=O)(OC[C@H]1O[C@@H](n2cc(/C=C/Br)c(=O)[nH]c2=O)C[C@@H]1O)Oc1ccccc1,0
CON=C(C(=O)NC1C(=O)N2C(C(=O)[O-])=C(C[N+]3(C)CCCC3)CSC12)c1csc(N)n1,1
O=C(O)c1ccc(-c2c3cc(F)c(=O)cc-3oc3cc(O)c(F)cc23)c(C(=O)O)c1,0
CC=C1CC(C)C(C)(O)C(=O)OCC2=CCN3CCC(OC1=O)C23,1
CCCCCOc1ccccc1/C(=C\SC)n1ccnc1,0
CC(=O)OC1CC(O)C23COC(O)C1(C)C2CC(O)C1(C)C3C(=O)C(OC(C)=O)C2(C)C(c3ccoc3)CC3OC321,1
Brc1ncnc2nc[nH]c12,0
COc1cc(C(=O)c2csc(-c3ccc(NC(=O)CCCC(=O)Nc4ccccc4N)cc3)n2)cc(OC)c1OC,0
CC(=O)C1(O)CCC2C3CCC4=CC(=O)CCC4(C)C3CCC21C,1
COCC1CC(c2ncc(-c3ccc4c(c3)COc3cc5c(ccc6[nH]c(C7CCC(C)N7C(=O)C(NC(=O)OC)C(C)C)nc65)cc3-4)[nH]2)N(C(=O)C(NC(=O)OC)c2ccccc2)C1,1
O=P(O)(O)OCCCc1c[nH]c2ccccc12,0
Nc1ncnc2c1ncn2[C@@H]1O[C@H](CO)[C@@H](O)[C@@H]1O,0
C/C=C/C[C@@H](C)[C@@H](O)[C@H]1C(=O)N[C@@H](CC)C(=O)N(C)[C@H](SCCN(C)C)C(=O)N(C)[C@@H](CC(C)(C)O)C(=O)N[C@@H](C(C)C)C(=O)N(C)[C@@H](CC(C)C)C(=O)N[C@@H](C)C(=O)N[C@H](C)C(=O)N(C)[C@@H](CC(C)C)C(=O)N(C)[C@@H](CC(C)C)C(=O)N(C)[C@@H](C(C)C)C(=O)N1C,0
Cc1c(C)c2c(c(C)c1OC(=O)CCC(=O)O)CC[C@@](C)(CCC[C@H](C)CCC[C@H](C)CCCC(C)C)O2,0
CN(C)CC/C=C1/c2ccccc2OCc2c1oc1ccccc21,0
O=c1[nH]cnc2c([C@@H]3N[C@H](COP(=O)(O)O)[C@@H](O)[C@H]3O)c[nH]c12,0
COCCOC(=O)C1=C(C)NC(C)=C(C(=O)OC/C=C/c2ccccc2)C1c1cccc([N+](=O)[O-])c1,0
NCSCC[C@H](CCCCC(=O)O)SSCCO,0
COc1cc(C)c(C=CC(C)=CC=CC(C)=CC(=O)O)c(C)c1C,1
O=C(O)COc1cc(F)ccc1C(=S)NCc1ccc(Br)cc1F,0
Cc1cc(CC(=O)O)c(C)n1-c1ccc(Cl)cc1,0
CNS(=O)(=O)c1ccc(N=Cc2c(O)[nH]c3ccccc23)cc1,0
COC1=C(OC)C(=O)C(C)=CC1=O,1
COc1c(-c2ccc3cc(NS(C)(=O)=O)ccc3c2)cc(-n2ccc(=O)[nH]c2=O)cc1C(C)(C)C,1
O=c1ccc2c([nH]1)CCC[C@@H]2NCCCCCCCCCCNc1c2c(nc3ccccc13)CCCC2,0
Oc1c(Br)cc(-c2ccccc2)cc1Br,0
Cc1cc(-c2ccccc2)c(C(=O)C(=O)Nc2ccc(N3CCN(c4ncc(F)cn4)CC3)cc2)n1C,0
COC(=O)C1=C(C)NC(C)=C(C(=O)O[C@@H]2CCCN(Cc3ccccc3)C2)C1c1cccc([N+](=O)[O-])c1,0
CC1(C)Nc2nc(N)[nH]c(=O)c2NC1=O,0
Cc1ccn(-c2cccc(C(F)(F)F)c2)c(=O)c1-c1ccc2nc(N)ncc2c1,0
CCCCCCC=CCCCCCCCC(=O)O,1
CCCCCCCCCCCCCCCC(=O)OCC1(O)CC23CCC4c5ccoc5C=CC4(C)C2CCC1C3,1
NC(N)=NOCCNC(=O)Cc1c(Cl)ccc(NCC(F)(F)c2ccccc2)c1F,0
O=CCC(O)C(O)C(O)CO,1
COC(=O)C[C@@H](C)OC(=O)C[C@@H](C)OC(=O)C[C@@H](C)O,0
COc1cc(-c2c(C)cccc2C)cc([C@@H](C)C#Cc2c(C)nc(N)nc2N)c1,0
CC1CCC2(OC1)OC1C(O)C3C4CCC5CC(OC6OC(CO)C(OC7OC(CO)C(O)C(OC8OCC(O)C(O)C8O)C7OC7OC(CO)C(O)C(OC8OC(CO)C(O)C(O)C8O)C7O)C(O)C6O)C(O)CC5(C)C4CCC3(C)C1C2C,1
Cn1c(NCCN(CCO)CCCc2ccc([N+](=O)[O-])cc2)cc(=O)n(C)c1=O,0
Nc1c2c(nc3c1CCC3)CCCC2,0
CN(NC(=O)c1ccc(Cl)c(S(N)(=O)=O)c1)c1ccccc1,0
Cc1ccc(C[n+]2csc(CCOP(=O)(O)OP(=O)([O-])O)c2C)c(N)n1,0
C[C@@H](NCCCC[C@H](N)C(=O)O)C(=O)O,0
CCCCCCCCCCCCCCCC(=O)NCC(=O)N[C@@H](Cc1cnc[nH]1)C(=O)N[C@@H](CCCCN)C(=O)O,0
CSCC[C@H](NC(=O)CNC(=O)[C@H](CO)NC(=O)[C@H](Cc1ccccc1)NC(=O)[C@H](CCCNC(=N)N)NC(=O)[C@H](Cc1c[nH]cn1)NC(=O)[C@H](Cc1ccc(O)cc1)NC(=O)[C@H](CC(N)=O)NC(=O)[C@H](CC(N)=O)NC(=O)[C@H](CC(C)C)NC(=O)[C@H](CC(=O)O)NC(=O)[C@H](CCCCN)NC(=O)[C@H](Cc1c[nH]c2ccccc12)NC(=O)[C@H](Cc1ccc(O)cc1)NC(=O)[C@H](C)NC(=O)[C@H](CO)NC(=O)[C@H](CC(C)C)NC(=O)[C@H](CC(C)C)NC(=O)[C@@H]1CSSC[C@H](N)C(=O)N[C@@H](CO)C(=O)N[C@@H](CC(N)=O)C(=O)N[C@@H](CC(C)C)C(=O)N[C@@H](CO)C(=O)N[C@@H]([C@@H](C)O)C(=O)N1)C(=O)NCC(=O)N[C@@H](Cc1ccccc1)C(=O)NCC(=O)N1CCC[C@H]1C(=O)N[C@@H](CCC(=O)O)C(=O)N[C@H](C(=O)N1CCC[C@H]1C(N)=O)[C@@H](C)O,0
C[C@H]1O[C@@H](n2cc(I)c3c(N)ncnc32)[C@H](O)[C@@H]1O,0
CCOC(=O)NC1CCC2C(C1)CC1C(=O)OC(C)C1C2C=Cc1ccc(-c2cccc(F)c2)cn1,0
C[C@H]1O[C@@H](O[C@H]2[C@@H](OC=O)C[C@H](O[C@H]3[C@@H](OC=O)C[C@H](O[C@H]4CC[C@@]5(C)[C@H](CC[C@@H]6[C@@H]5CC[C@]5(C)[C@@H](C7=CC(=O)OC7)[C@@H](OC=O)C[C@]65O)C4)O[C@@H]3C)O[C@@H]2C)C[C@H](OC=O)[C@@H]1OC=O,0
C[C@@]1(CCc2ccccc2)Nc2nc(N)[nH]c(=O)c2N=C1CO,0
CC(C)C1CCC2(C)CCC3(C)C(CCC4C5(C)CCCC(C)(C)C5CCC43C)C12,1
CCCCCCCCCCCC(=O)N[C@@H](Cc1ccc(O)cc1)C(=O)O,0
Cc1cc(CC(NC(=O)N2CCC(c3cc4ccccc4[nH]c3=O)CC2)C(=O)N2CCN(C3CCN(C)CC3)CC2)cc2cn[nH]c12,0
O=[Si](O)O[Si](=O)O,1
CN[C@@H]1[C@H](O[C@H]2[C@H](O[C@H]3[C@H](O)[C@@H](O)[C@H](NC(=N)N)[C@@H](O)[C@@H]3NC(=N)N)O[C@@H](C)[C@]2(O)CO)O[C@@H](CO)[C@H](O)[C@H]1O,1
C[C@@H](C(=O)Nc1ccc(Cl)cc1)C1CCC(c2ccnc3ccc(F)cc23)CC1,0
C#CCN(C)Cc1ccccc1,0
Fc1ccc(-c2cn[nH]c2-c2ccnc(F)c2)cc1,0
CCCCCCCCCCCCCCCC(=O)OCC(=O)[C@@]1(O)[C@H](C)C[C@H]2[C@@H]3CCC4=CC(=O)C=C[C@]4(C)[C@@]3(F)[C@@H](O)C[C@@]21C,0
COC(=O)C1=COC(O)C2C(CO)=CCC12,1
CO/N=C(\C(=O)N[C@@H]1C(=O)N2C(C(=O)O)=C(/C=C\c3scnc3C)CS[C@H]12)c1csc(N)n1,0
Cc1nccc2c3ccc(OCCCCn4c5ccccc5c5ccnc(-c6cccs6)c54)cc3n(CCCc3ccccc3)c12,0
O=C=Nc1cccc2ccccc12,1
NC(=O)C1(NC(=O)[C@H](Cc2ccccc2)NC(=O)[C@@H](Cc2c[nH]c3ccccc23)NC(=O)[C@@H](Cc2csc3ccccc23)NC(=O)C2CCNCC2)CCNCC1,0
CC(C)CCC[C@@H](C)[C@H]1CC[C@H]2[C@@H]3[C@@H](O)C=C4C[C@@H](O)CC[C@]4(C)[C@H]3CC[C@]12C,0
COc1cc2ccc(=O)oc2c(O)c1O,1
N#CCC1(n2cc(-c3ncnc4[nH]ccc34)cn2)CN(C2CCN(C(=O)c3ccnc(C(F)(F)F)c3F)CC2)C1,0
N#Cc1ccc(C(c2ccc(C#N)cc2)n2cncn2)cc1,1
O=C(O)Cc1cccc(-c2cc(CCCCCCc3ccc(O[C@H]4O[C@H](CO)[C@@H](O)[C@H](O)[C@@H]4O)c(-c4cccc(CC(=O)O)c4)c3)ccc2O[C@H]2O[C@H](CO)[C@@H](O)[C@H](O)[C@@H]2O)c1,0
COCCNS(=O)(=O)c1ccc(Nc2nccc(-c3cnc(C)n3C(C)C)n2)cc1,0
CN1CCC(Oc2ccc(N3C(=S)N(c4cnc(C#N)c(C(F)(F)F)c4)C(=O)C34CCC4)cc2)CC1,1
O=C(Nc1nc(-c2cc(Cl)cs2)c(N2CCN(C3CCCCC3)CC2)s1)c1cnc(N2CCC(C(=O)O)CC2)c(Cl)c1,0
CC(=O)N[C@@H](Cc1ccccc1)C(=O)N[C@@H](Cc1ccc(C(F)(F)P(=O)(O)O)cc1)C(N)=O,0
C=C1C[C@H]2[C@@H]3CCC4=CC(=O)C=C[C@]4(C)[C@@]3(F)[C@@H](O)C[C@]2(C)[C@@]1(O)C(=O)CO,0
CC(C)(N=NC(C)(C)C(=N)N)C(=N)N,1
COc1cc(O)c2c(c1)O[C@H](c1ccc(O)cc1)CC2=O,0
O=C(CO)COP(=O)(O)O,0
O=C(O)/C=C(/CC(=O)O)C(=O)O,0
c1cc(NCCCCN2CCOCC2)c2ccc3c(ccc4c(NCCN5CCOCC5)ccnc43)c2n1,0
C=C1C(=O)C23C(O)C1CCC2C12COC3(O)C(O)C1C(C)(C)CCC2O,1
O=C(N/N=C/c1ccccc1O)c1ccncc1,0
CC(C)c1cc(C(C)C)c(CC(=O)NS(=O)(=O)Oc2c(C(C)C)cccc2C(C)C)c(C(C)C)c1,1
CC1=C(/C=C/C(C)=C/C=C/C(C)=C\C=C\C=C(C)/C=C/C=C(\C)CO)C(C)(C)C[C@H](O)C1,0
CC1(C(=O)O)OCC(OC(=O)NCCNC(=O)OC2COC(C)(C(=O)O)OC2)CO1,0
C[C@@H](NC=O)NC(=O)[C@H](C)NC(=O)OC(C)(C)C,0
CC(C)C[C@H](NS(=O)(=O)Cc1ccccc1)C(=O)N1CCC[C@H]1C(=O)NCCCCN=C(N)N,0
O=C(NC(=O)c1c(F)cccc1F)Nc1ccc(Cl)c(Oc2ncc(C(F)(F)F)cc2Cl)c1,0
O=C1C(Nc2ccccc2)=CC(=O)c2ncccc21,1
CCC/C=C\C=C\CCCCCCCCCO,0
C=CCn1c(N)cc(=O)n(CC)c1=O,0
C=C(C)[C@@H]1CCC(C)=C[C@H]1c1c(O)cc(CCC)cc1O,0
CCCN(c1ccncc1F)n1cc(C)c2ccccc21,0
C=CC[C@]1(C(=O)O)C[C@H](O)[C@@H](NC(C)=O)[C@H]([C@H](O)[C@H](O)CO)O1,0
c1cn2cnc3nc[nH]c3c2n1,0
COCC(=O)NC/C=C/c1ccc2ncnc(Nc3ccc(Oc4ccc(C)nc4)c(C)c3)c2c1,0
O=P(O)(O)OP(=O)(O)O,0
O=C(O)CCCn1c2c(c3ccccc3c1=O)C(=O)c1ccccc1-2,0
CCC(=O)O[C@]1(c2ccccc2)CCN(C)C[C@H]1C,0
O=C(O)[C@@H](O)[C@@H](O)c1ccc(F)cc1,0
CCCc1ccccc1N,0
CC(=O)N[C@H]1[C@H](O[C@H]2[C@@H](O)[C@@H](NC(C)=O)[C@H](O[C@H]3[C@H](O)[C@H]4N=C(N(C)C)O[C@H]4[C@@H]3CO)O[C@@H]2CO)O[C@H](CO)[C@@H](O)[C@H]1O,0
CSc1cccc(N(C)C(N)=Nc2cc(SC)ccc2Cl)c1,0
Cc1[nH]nc2ccc(-c3cncc(OC[C@@H](N)Cc4ccc(Br)cc4)c3)cc12,0
N#CC(Br)Br,1
NC(N)=Nc1cccc([C@@H](CS)C(=O)O)c1,0
CCc1nc(N)nc(N)c1-c1ccc2c3ccccc3n(CCCOC)c2c1,0
COc1cc(-c2ccc(OC)nc2)c2oc(NS(=O)(=O)c3cc(Cl)ccc3Cl)nc2c1,0
Nc1nc2cc3nc[nH]c3cc2c(=O)[nH]1,0
C[C@H](O)[C@H](O)[C@@H](O)[C@@H](O)CO,0
CC(OP(C)(=O)F)C(C)(C)C,1
CC[C@H](C)[C@H](NC(=O)[C@H](Cc1ccccc1)NC(=O)[C@H](CCC(=O)O)NC(=O)[C@H](CCCCN)NC(=O)[C@H](C)NC(=O)[C@H](C)NC(=O)[C@H](CCC(N)=O)NC(=O)CNC(=O)[C@H](CCC(=O)O)NC(=O)[C@H](CC(C)C)NC(=O)[C@H](Cc1ccc(O)cc1)NC(=O)[C@H](CO)NC(=O)[C@H](CO)NC(=O)[C@@H](NC(=O)[C@H](CC(=O)O)NC(=O)[C@H](CO)NC(=O)[C@@H](NC(=O)[C@H](Cc1ccccc1)NC(=O)[C@@H](NC(=O)CNC(=O)[C@H](CCC(=O)O)NC(=O)CNC(=O)[C@@H](N)Cc1c[nH]cn1)[C@@H](C)O)[C@@H](C)O)C(C)C)C(=O)N[C@@H](C)C(=O)N[C@@H](Cc1c[nH]c2ccccc12)C(=O)N[C@@H](CC(C)C)C(=O)N[C@H](C(=O)N[C@@H](CCCCN)C(=O)NCC(=O)N[C@@H](CCCNC(=N)N)C(=O)O)C(C)C,0
Cc1ccc(-n2nccn2)c(C(=O)N2CCN(c3nc4cc(Cl)ccc4o3)CC[C@H]2C)c1,0
O=C(O)CCC(=O)CF,0
C/C=C1\CN(C)[C@H]2Cc3c([nH]c4ccccc34)[C@@H](c3cc4[nH]c5c(c4cc3OC)CCN3C[C@@H]4C[C@H](CC)[C@H]3[C@@]5(C(=O)OC)C4)C[C@@H]1[C@@H]2C(=O)OC,0
CCCCCCCCCc1ccccc1OCCO,1
N#Cc1cn([C@@H]2O[C@H](CO)[C@@H](O)[C@H]2O)c2ncnc(N)c12,0
O=C(NC[C@@H](O)N(CCO)C1CCCC1)c1cc2cc(Cl)ccc2[nH]1,0
CN(C)CCCN1c2ccccc2Sc2cccnc21,0
C=CC(=O)N1CCC(n2nc(C#Cc3cc(OC)cc(OC)c3)c3c(N)ncnc32)C1,0
CC(C)C[C@@H](NC(=O)[C@H](NC(=O)[C@@H](CO)NC(=O)[C@H]1CCCN1C(=O)[C@@H](CC(C)C)NC(=O)[C@@H](Cc1ccccc1)NC(=O)[C@@H](Cc1ccccc1)NC(=O)[C@H](NC(=O)[C@@H](Cc1c[nH]c2ccccc12)NC(=O)[C@H](N)Cc1c[nH]c2ccccc12)[C@@H](C)O)[C@@H](C)O)C(=O)N[C@H](Cc1c[nH]c2ccccc12)C(=O)N[C@H](CCC(=O)O)C(=O)N[C@H](CCCNC(=N)N)C(=O)N[C@H](CCCCN)C(=O)O,0
CC1(C)SCCN(S(=O)(=O)c2ccc(OCC#CCN)cc2)[C@H]1C(=O)NO,0
O=C(O)C(=O)/C=C/CC(=O)c1ccccc1,0
OCC=Cc1ccccc1,1
Nc1nc(NC2CC2)c2ncn([C@H]3C=C[C@@H](CO)C3)c2n1,1
O=C(Nc1c(Br)cc(Br)cc1CNC1CCC(O)CC1)c1cccs1,0
CC(=O)N[C@H]1C(=O)O[C@H](CO)[C@@H](O)[C@@H]1O,0
N[C@@H](CCC(=O)N[C@@H](CS(=O)O)C(=O)NCC(=O)O)C(=O)O,0
OCC1OC(OCC2OC(OCC3OC(OCC4OC(OC5(CO)OC(CO)C(O)C5O)C(O)C(O)C4O)C(O)C(O)C3O)C(O)C(O)C2O)C(O)C(O)C1O,1
CCC(O)(c1ccccc1)c1cccc(C(F)(F)F)c1,0
On1c(-c2ccncc2)c(-c2ccc(F)cc2)c2ncccc21,0
CCOC(=O)[C@@]1(OC(=O)C(Cl)Cl)CC[C@H]2[C@@H]3CCC4=CC(=O)C=C[C@]4(C)[C@H]3[C@@H](O)C[C@@]21C,0
N[C@H](COP(=O)(O)O)Cc1cnc[nH]1,0
Cc1ccc(C(=CCN2CCCC2)c2ccccn2)cc1,0
C=CC1(C)OC(=O)N(c2cc(Cl)cc(Cl)c2)C1=O,1
CCCc1cc(O)c2c(c1)OC(C)(C)c1ccc(C)cc1-2,0
CC(C)(COP(=O)(O)OP(=O)(O)OC[C@H]1O[C@@H](n2cnc3c(N)ncnc32)[C@H](O)[C@@H]1OP(=O)(O)O)[C@@H](O)C(=O)NCCC(=O)NCCSCCCCC(=O)NCCc1c[nH]c2ccccc12,0
O=S(=O)(O)c1cc(I)c(O)c(I)c1,0
N[C@@H](CCC(=O)N[C@@H](CS)C(=O)NCC(=O)O)C(=O)O,0
O=c1ncc2c(ncn2[C@H]2O[C@H](COP(=O)(O)O)[C@@H](O)[C@H]2O)[nH]1,0
NC(=O)[C@@H]1C[C@@]2(NC(=O)NC2=O)c2cc(F)ccc2O1,0
Cc1c(CCCO)[nH]c(=O)[nH]c1=O,0
CC(C)(C)CC(C)(C)c1ccc(OCCOCCOCCOCCOCCOCCOCCOCCOCCOCCOCCOCCOCCOCCOCCOCCOCCOCCOCCOCCOCCOCCOCCOCCOCCOCCOCCOCCOCCOCCO)cc1,0
N[C@@H](CCCN[P@@](N)(=O)NS(=O)(=O)O)C(=O)O,0
CO/C=C(/C(=O)OC)c1ccccc1Oc1cc(Oc2ccccc2C#N)ncn1,0
N#Cc1cc(CN2CCC(Nc3ncnc4sc(Cl)cc34)CC2)ccc1F,0
NOCC[C@H](N)C(=O)O,0
COc1cc(C2OCC3C(c4cc(OC)c(OC5OC(CO)C(O)C(O)C5O)c(OC)c4)OCC23)cc(OC)c1O,1
O=S(=O)(Nc1nccs1)c1ccc(O)cc1,0
O=C(/C=C/c1ccc(Cl)cc1Cl)NO,0
OC(c1ccccc1)(c1ccccc1)C1CCCCN1,0
CC(=O)N[C@@H](CSC(C)=O)C(=O)O,0
Cc1cc(OCCCS(C)(=O)=O)cc(C)c1-c1cccc(COc2ccc3c(c2)OC[C@H]3CC(=O)O)c1,1
C[C@H]1O[C@@H](OC[C@@H]2O[C@H](Oc3c(-c4ccc(OS(=O)(=O)O)c(OS(=O)(=O)O)c4)oc4cc(OS(=O)(=O)O)cc(OS(=O)(=O)O)c4c3=O)[C@@H](OS(=O)(=O)O)[C@H](OS(=O)(=O)O)[C@H]2OS(=O)(=O)O)[C@@H](OS(=O)(=O)O)[C@@H](OS(=O)(=O)O)[C@@H]1OS(=O)(=O)O,0
COc1ccc(C2C(=O)c3ccccc3C2=O)cc1,0
O=P(O)(O)OC[C@H]1O[C@H](O[C@@H]2[C@H](O)[C@@H](O[C@@H]3[C@H](O)[C@@H](O)O[C@H](CO)[C@H]3O)O[C@H](CO)[C@H]2O)[C@@H](O)[C@@H](O)[C@@H]1O,0
Cn1nnc2c(C(N)=O)ncn2c1=O,1
OC[C@H]1O[C@H](O)[C@H]([18F])[C@@H](O)[C@@H]1O,0
CCN(CC)CCCCCCCCOC(=O)c1cc(OC)c(OC)c(OC)c1,1
O=P(O)(O)F,0
C1=CNC=CC1,1
N[C@@H](CSCCCO)C(=O)O,0
CC(C)(ON=C(C(=O)NC1C(=O)N2C(C(=O)[O-])=C(C[n+]3ccccc3)CSC12)c1csc(N)n1)C(=O)O,1
CC(C)=CCC/C(C)=C/CC/C(C)=C/CC/C(C)=C/CC/C(C)=C/CC1=C(C)C(=O)c2ccccc2C1=O,0
CO[C@H]1C/C=C/c2nc(co2)-c2nc(co2)-c2nc(co2)[C@@H](C)CC(=O)CCC[C@H](O)CC(=O)O[C@@H](C[C@H](OC)[C@@H](C)CCC(=O)[C@@H](C)C(OC(C)=O)C(C)/C=C/N(C)CO)[C@@H]1C,0
C[C@]12C=CC(=O)N[C@@H]1CC[C@@H]1[C@@H]2CC[C@]2(C)[C@@H](C(=O)Nc3cc(C(F)(F)F)ccc3C(F)(F)F)CC[C@@H]12,0
Cc1nc2cc3nc(N)[nH]c(=O)c3cc2[nH]1,0
Nc1nc(N)c2c(Sc3ccccc3)cccc2n1,0
Cc1cc2nc3c(=O)[nH]c(=O)nc-3n(C[C@H](O)[C@H](O)[C@H](O)COP(=O)(O)OP(=O)(O)OC[C@H]3O[C@@H](n4cnc5c(N)ncnc54)[C@H](O)[C@@H]3O)c2cc1C,0
O=c1ccn([C@@H]2O[C@H](COP(=O)(O)O)[C@@H](O)[C@H]2O)c(=O)[nH]1,0
CNCCCC[C@H](N)C(=O)O,0
CCCCCCCCCCCCCCCCOc1nc2ccc(C)cc2c(=O)o1,0
C[S@+]([O-])CC[C@H](N)C(=O)O,0
CC(C)(C(=O)c1cccnc1)c1cccnc1,0
COc1ccc2c(=O)c(-c3ccc(O)cc3)coc2c1,0
CCCCCC(O)c1ccc(C2CCC(=O)C2CCCCCCC(=O)O)cc1,1
CN(C(=O)CC(=O)N(C)c1c(I)c(C(=O)NC(CO)C(O)CO)c(I)c(C(=O)NC(CO)C(O)CO)c1I)c1c(I)c(C(=O)NC(CO)C(O)CO)c(I)c(C(=O)NC(CO)C(O)CO)c1I,0
CCCCOc1cc(C(=O)OCCN(CC)CC)ccc1N,0
Oc1ccc2c(c1)OCO2,1
CC(=O)Nc1ccc(C(=O)O)cc1NC(=O)CN,0
C[C@H](COc1ccccc1)N[C@H](C)[C@@H](O)c1ccc(O)cc1,0
N=C(N=C(N)N)SCc1cccc(C(F)(F)F)c1,0
CN1C(C(=O)Nc2ccccn2)=C(O)c2ccccc2S1(=O)=O,1
CC(=O)Oc1ccc(C2(c3ccc(OC(C)=O)cc3)Oc3ccccc3NC2=O)cc1,0
c1ccc(Nc2c3ccccc3nc3ccccc23)cc1,1
CCCCOCC(CN1C(=O)N(CC(COCCCC)OC(N)=O)C(=O)C(CC)(c2ccccc2)C1=O)OC(N)=O,1
COC(=O)N[C@H](C(=O)N1CCC[C@H]1c1nc(-c2ccc3c(c2)O[C@@H](c2ccccc2)n2c-3cc3cc(-c4c[nH]c([C@@H]5CCCN5C(=O)[C@@H](NC(=O)OC)C(C)C)n4)ccc32)c[nH]1)C(C)C,1
CC(C)C[C@H](CC(=O)O)C(=O)N[C@H]1Cc2cn(c3ccccc23)CCCCCCNC1=O,0
CC1(C)N([O])C(c2ccc(C(=O)O)cc2)=[N+]([O-])C1(C)C,1
CC(=O)O[C@]1(C(C)=O)CC[C@H]2[C@@H]3C=C(Cl)C4=CC(=O)C=C[C@]4(C)[C@H]3CC[C@@]21C,0
Cc1cccnc1,0
COc1cc(O)cc(O)c1C(=O)CC(C)C,1
CN1C(N)=N[C@](C)(c2cc(NC(=O)c3ccc(F)cn3)ccc2F)CS1(=O)=O,0
CN(C)c1ccc(C2C(Cl)C(=O)N2C2=C(Cl)C(=O)c3ccccc3C2=O)cc1,0
CSCC[C@H](NC(=O)O)C(=O)O,0
CCC(C(=O)O)C1(O)CCC(c2ccccc2)CC1,0
Cc1cc(I)c(O)c(C(=O)Nc2ccc(C(=N)N)c(Cl)c2)c1,0
N#CCCN1C(=O)C(O)N=C(c2ccccc2F)c2cc(Cl)ccc21,0
Nc1ccc(/C=C/c2ccc([N+](=O)[O-])o2)nn1,0
NC[C@H]1O[C@H](O[C@H]2[C@H](O)[C@@H](O)[C@H](N)C[C@@H]2N)[C@H](N)[C@@H](O)[C@@H]1O,0
CCN(C)Cc1cnc(C)nc1N,0
CCCCCCCCCCCCCCCC(=O)N[C@@H](CCC(=O)NCCCC[C@H](NC(=O)[C@H](CC(=O)O)NC(=O)[C@H](CO)NC(=O)[C@@H](NC(=O)[C@H](Cc1ccccc1)NC(=O)[C@@H](NC(=O)CNC(=O)[C@H](CCC(N)=O)NC(=O)[C@H](CO)NC(=O)[C@@H](N)Cc1c[nH]cn1)[C@@H](C)O)[C@@H](C)O)C(=O)N[C@@H](CO)C(=O)N[C@@H](CCC(=O)O)C(=O)N[C@@H](Cc1ccc(O)cc1)C(=O)N[C@@H](CC(C)C)C(=O)N[C@@H](CC(=O)O)C(=O)N[C@@H](CO)C(=O)N[C@@H](CCC(=O)O)C(=O)N[C@@H](CCCNC(=N)N)C(=O)N[C@@H](C)C(=O)N[C@@H](CCCNC(=N)N)C(=O)N[C@@H](CC(=O)O)C(=O)N[C@@H](Cc1ccccc1)C(=O)N[C@H](C(=O)N[C@@H](C)C(=O)N[C@@H](Cc1c[nH]c2ccccc12)C(=O)N[C@@H](CC(C)C)C(=O)N[C@@H](CCC(=O)O)C(=O)N[C@@H](C)C(=O)NCC(=O)NCC(=O)O)C(C)C)C(=O)O,0
CC(CC(c1ccccc1)c1ccccc1)N(C)C,0
CCN1c2cc([N+](=O)[O-])ccc2N(C)C(=O)c2cccnc21,0
C[C@@H](O)[C@H](NC(=O)c1ccc(C#Cc2ccc(CN3CCOCC3)cc2)cc1)C(=O)NO,0
Cc1cc(-c2ccccc2C)ccc1N,1
C=CCCCCP(=O)(O)OC[C@H]1COC(C)(C)O1,0
O=c1cc(-c2cc(O)c(O)c(O)c2)oc2cc(O)cc(O)c12,0
CCOc1ccc2c(c1)C(C)=CC(C)(C)N2,1
CO[C@H]1O[C@@H](C)[C@@H](O)[C@@H](O)[C@@H]1O,0
CC(C)C[C@H](NC(=O)[C@@H](Cc1ccc2ccccc2c1)NC(=O)[C@H](Cc1ccc(O)cc1)NC(=O)[C@H](CO)NC(=O)[C@H](Cc1c[nH]c2ccccc12)NC(=O)[C@H](Cc1c[nH]cn1)NC(=O)[C@@H]1CCC(=O)N1)C(=O)N[C@@H](CCCNC(=N)N)C(=O)N1CCC[C@H]1C(=O)NCC(N)=O,0
CC(C)(CO)[C@@H](O)C(=O)NCCCO,0
CC(C)c1cccc(C(C)C)c1O,1
OC(CS)C(O)CS,1
C[n+]1cc2c3c(ccc2c2ccc4cc5c(cc4c21)OCO5)OCO3,1
O=C(O)c1ccccc1Nc1ccccc1,1
Cc1ccc(CCC(=O)O)cc1,0
O=C1CN(/N=C/c2ccc([N+](=O)[O-])o2)C(=O)N1CN1CCOCC1,0
CN1[C@@H]2CCC(C)(C)[C@@H]1C[C@H](OC(=O)C(O)(c1cccs1)c1cccs1)C2,0
O=C(NN1C(=O)[C@@H]2[C@@H]3C=C[C@@H]([C@H]4C[C@@H]34)[C@@H]2C1=O)c1ccc(C(F)(F)F)cc1,0
NCC(=O)NC1O[C@H](COP(=O)(O)O)[C@@H](O)[C@H]1O,0
C[C@H]1O[C@H](O[C@H]2[C@H](O)[C@@H](O)[C@@H](O)O[C@@H]2CO)[C@H](O)[C@@H](O)[C@@H]1N[C@H]1C=C(CO)[C@@H](O)[C@H](O)[C@H]1O,0
COC(=O)O[C@@]12CO[C@@H]1C[C@H](O)[C@@]1(C)C(=O)[C@H](OC(C)=O)C3=C(C)[C@@H](OC(=O)[C@H](O)[C@@H](NC(=O)c4ccccc4)c4ccccc4)C[C@@](O)([C@@H](OC(=O)c4ccccc4)[C@H]21)C3(C)C,0
C[C@H]1CNCCCN1S(=O)(=O)c1cccc2cncc(F)c12,0
CCCCCCCCC(O)(P(=O)(O)O)P(=O)(O)O,0
C=CC(=O)N1C[C@H](Nc2ncnc3[nH]ccc23)CC[C@@H]1C,0
NCC[C@H](CC(=O)O)[C@@H](CN)CCC(=O)O,0
O=C(NN=C1CCCCC1)C(=O)NN=C1CCCCC1,1
O=S(O)S(=O)O,1
COc1cccc(OCCCN)c1-c1cc(Nc2cnc(C#N)cn2)n[nH]1,0
Cc1c(F)cccc1NC(=O)Nc1ccc(Cl)c(S(=O)(=O)[C@H]2CCCNC2)c1O,0
C[C@@H](C(=O)N1CCOCC1)N1CC[C@H](NS(=O)(=O)CCc2ccc(Cl)s2)C1=O,0
COC1=CC(=O)OC(C=Cc2ccc3c(c2)OCO3)C1,1
Cc1nccn1C[C@H]1CCc2c(c3cccc4c3n2CCC4)C1=O,0
O=c1[nH]cnc2sc3c(c12)CCCC3,0
O=C(O)c1cc(-c2ccc(F)cc2F)ccc1O,1
Cc1cc(Cn2nnc3c(-c4ccco4)nc(N)nc32)ccc1N,0
Cl[Sn]Cl,1
CC(C)C[C@H]1C(=O)N2CCC[C@H]2[C@]2(O)O[C@](NC(=O)[C@@H]3C[C@@H]4c5cccc6[nH]cc(c56)C[C@H]4N(C)C3)(C(C)C)C(=O)N12,0
CCc1nn(-c2c(Cl)cc(Cl)cc2Cl)c2nc(Cc3ccc(O)c(O)c3)[nH]c(=O)c12,0
CCCCCCCCCCCC[N+](C)(C)CCOc1ccc(Cl)cc1,0
CN1CCC2(CC1)NC(=O)c1c(c3ccc(Cl)c(Cl)c3n1C)[C@H]2C#N,0
CC(=O)OCC(=O)[C@@]1(O)CC[C@H]2[C@@H]3CCC4=CC(=O)CC[C@]4(C)[C@@]3(F)[C@@H](O)C[C@@]21C,0
CCC1(CC)C(=O)CCNC1=O,0
CC(C)=CCc1cc(C(=O)C=Cc2ccc(O)c(O)c2)c(O)cc1O,1
CCOC(=O)NC,0
CC(C)[C@](C#N)(C[C@H](C)N(C)C)c1ccccc1,0
CCO/C([O-])=N/c1c[n+](N2CCOCC2)no1,0
O=C(CCCN1CCC(O)(c2ccc(Cl)cc2)CC1)c1ccc(F)cc1,1
N/N=c1\[nH][nH]/c(=N\N)c2ccccc12,1
O=[N+]([O-])OC[C@@H](O[N+](=O)[O-])[C@@H](O[N+](=O)[O-])[C@H](O[N+](=O)[O-])[C@@H](CO[N+](=O)[O-])O[N+](=O)[O-],0
CCCCCCCOC(=O)c1ccccc1C(=O)OCCCCCCC,1
COc1cc([C@@H]2c3cc4c(cc3[C@@H](O[C@@H]3O[C@@H]5CO[C@@H](C)O[C@H]5[C@H](O)[C@H]3O)[C@H]3COC(=O)[C@H]23)OCO4)cc(OC)c1OP(=O)(O)O,0
CC[C@H]1C[C@@H](C(=O)NCCNC(=O)CCOCCOCCOCCOCCOCCOCCOCCOCCOCCOCCOCCOC)C[C@@H](O[C@@H]2O[C@H](CO)[C@H](O)[C@H](O[C@@H](CC3CCCCC3)C(=O)O)[C@H]2NC(C)=O)[C@@H]1O[C@@H]1O[C@@H](C)[C@@H](O)[C@@H](O)[C@@H]1O,0
O=C(CNS(=O)(=O)c1ccccc1C(=O)NCc1ccccc1)Nc1ccc(O)cc1,1
C#CC1(O)C=CC2C3CCC4=CC(=O)CCC4C3CCC21CC,1
C[C@H]1C[C@H]2[C@@H]3CCC4=CC(=O)C=C[C@]4(C)[C@@]3(F)[C@@H](O)C[C@]2(C)[C@@]1(OC(=O)c1ccccc1)C(=O)CO,0
Nc1nc(Nc2ccc3c(c2)CC[C@@H](N2CCCC2)CC3)nn1-c1cc2c(nn1)-c1ccccc1CCC2,0
O=[N+]([O-])c1ccc(S[C@@H]2O[C@H](CO)[C@@H](O)[C@H](O)[C@H]2O)cc1,0
N=C(N)c1ccc2cc(C(=O)Nc3ccc(CN)cc3)cc(Nc3ncccn3)c2c1,0
CC/C=C\c1cc2c(cc1O)CC[C@@H]1[C@@H]2CC[C@]2(C)[C@@H](O)CC[C@@H]12,0
O=C(C[C@H]1Sc2ccccc2NC1=O)NO,0
COc1cc(-c2cccc(N)c2)c2oc(NS(=O)(=O)c3cc(Cl)ccc3Cl)nc2c1,0
CC(C)[C@@H](c1ccc(Br)cc1)c1c(O)c2ccccc2oc1=O,0
NC(=O)[C@H]1O[C@@H](O)[C@H](O)[C@@H](O)[C@@H]1O,0
Clc1ccc(CO[C@H](Cn2ccnc2)c2ccc(Cl)cc2Cl)cc1,0
COC12CCC3(CC1C(C)(O)C(C)(C)C)C1Cc4ccc(O)c5c4C3(CCN1CC1CC1)C2O5,1
C[C@]12CCC(=O)C[C@@H]1CC[C@@H]1[C@@H]2CC[C@]2(C)[C@@H](O)CC[C@@H]12,0
N#Cc1ccc(N2CCC[C@@H]2[C@@H](O)C(F)(F)F)cc1C(F)(F)F,0
CC(C)[C@H](NC(=O)[C@H](CCCN=C(N)N)NC(=O)N[C@@H](Cc1ccccc1)C(=O)O)C(=O)N[C@H](C=O)CCCN=C(N)N,0
COc1ccc(C2CC(=O)c3c(O)cc(O)cc3O2)cc1O,1
Cc1cn([C@@H]2O[C@@]3(COP(O)(=S)O[C@H]4[C@H]5OC[C@]4(CO)O[C@H]5n4cc(C)c(N)nc4=O)CO[C@@H]2[C@@H]3OP(O)(=S)OC[C@H]2O[C@@H](n3cnc4c(N)ncnc43)[C@H](O)[C@@H]2OP(O)(=S)OC[C@H]2O[C@@H](n3cnc4c(=O)[nH]c(N)nc43)[C@H](O)[C@@H]2OP(O)(=S)OC[C@H]2O[C@@H](n3cnc4c(=O)[nH]c(N)nc43)[C@H](O)[C@@H]2OP(O)(=S)OC[C@H]2O[C@@H](n3cc(C)c(=O)[nH]c3=O)C[C@@H]2OP(O)(=S)OC[C@H]2O[C@@H](n3ccc(N)nc3=O)[C@H](O)[C@@H]2OP(O)(=S)OC[C@H]2O[C@@H](n3ccc(N)nc3=O)[C@H](O)[C@@H]2OP(O)(=S)OC[C@H]2O[C@@H](n3ccc(N)nc3=O)[C@H](O)[C@@H]2OP(O)(=S)OC[C@H]2O[C@@H](n3cnc4c(=O)[nH]c(N)nc43)[C@H](O)[C@@H]2OP(O)(=S)OC[C@H]2O[C@@H](n3cnc4c(=O)[nH]c(N)nc43)[C@H](O)[C@@H]2OP(O)(=S)OC[C@H]2O[C@@H](n3cc(C)c(=O)[nH]c3=O)C[C@@H]2OP(O)(=S)OC[C@@]23CO[C@@H]([C@H](n4cc(C)c(=O)[nH]c4=O)O2)[C@@H]3OP(O)(=S)OC[C@@]23CO[C@@H]([C@H](n4ccc(N)nc4=O)O2)[C@@H]3O)c(=O)nc1N,0
O=C(N[C@H]1CCS[C@H]2CCC[C@@H](C(=O)O)N2C1=O)[C@@H](S)Cc1ccccc1,0
O=C(O)Cc1ccc(-c2c[nH]c3ncc(-c4ccc5ccccc5c4)cc23)cc1,0
C[C@H]1CNC(=O)c2cnn3ccc(nc23)N[C@H](C)c2cc(F)ccc2O1,0
CO[C@]12CC[C@@]3(C[C@@H]1[C@](C)(O)C(C)(C)C)[C@H]1Cc4ccc(O)c5c4[C@@]3(CCN1CC1CC1)[C@H]2O5,0
CCOC(=O)C(SP(=S)(OC)OC)c1ccccc1,1
O=C1CC(=O)N([C@@H]2O[C@H](COP(=O)(O)O)[C@@H](O)[C@H]2O)C(=O)N1,0
C1CCN2C[C@@H]3C[C@@H](CN4CCCC[C@@H]34)[C@@H]2C1,0
Brc1cc(-c2ccc(Br)c(Br)c2Br)cc(Br)c1Br,1
Nc1ncnc2c1ncn2[C@@H]1O[C@H](COP(O)(=S)OP(=O)(O)OP(=O)(O)O)[C@@H](O)[C@H]1O,0
COc1cc2c(c3oc(=O)c4c(c13)CCC4=O)C1C=COC1O2,1
O=C(N[C@@H](Cc1ccccc1)[C@@H](O)C(=O)O)OCc1ccccc1,0
COc1ccc(-c2oc3c(CC=C(C)C)c(OC4OC(CO)C(O)C(O)C4O)cc(O)c3c(=O)c2OC2OC(C)C(O)C(O)C2O)cc1,1
CCCCNCC(=O)Nc1c(C)cccc1Cl,0
C[C@@H](O)[C@@H](O)c1cnc2nc(N)[nH]c(=O)c2n1,0
CCCCCC=CCC=CCCCCCCCC(=O)O,1
CCN(CC)CCOC(=O)c1ccc(N)cc1Cl,0
C=CC(C)(O)CCC1C(C)(O)CCC2C(C)(C)CCCC21C,1
CCCCCCC(=O)OCCN1CCN(CCCN2c3ccccc3Sc3ccc(C(F)(F)F)cc32)CC1,0
O=c1cc(-c2ccccc2)c2ccc(O)c(O)c2o1,0
COc1cc([S+](C)[O-])ccc1-c1nc2cccnc2[nH]1,0
CC[C@H](C)[C@@H]1NC(=O)[C@H](Cc2ccc(OC)cc2)NC(=O)CCCSC[C@@H](C(=O)N2CCC[C@H]2C(=O)N[C@@H](CC(C)C)C(=O)NCC(N)=O)NC(=O)[C@H](CC(N)=O)NC(=O)[C@H](CCC(N)=O)NC1=O,0
COc1cccc(-c2cccc(CCc3cccc(N)n3)c2)c1,0
CN[C@@H]1[C@@H](O)[C@@H](O[C@@H]2[C@@H](O)[C@H](O[C@H]3O[C@H](CN)CC[C@H]3N)[C@@H](N)C[C@H]2N)OC[C@]1(C)O,0
NC1(P(=O)(O)O)CC1,0
C[C@]12CC[C@H]3[C@@H](CCC4=C(Cl)C(=O)CC[C@@]43C)[C@@H]1CC[C@@H]2O,0
C[C@H](O)[C@H](O)[C@H]1CNc2[nH]c(N)nc(=O)c2N1,0
COP(=O)(OC)C(O)C(Cl)(Cl)Cl,1
Cc1sc2ccccc2c1CC1=NCCN1,0
C=C/C(C)=C/[C@@]1(C)SC(=O)C(C)=C1O,0
CC(C)CC(NC(=O)C(CCc1ccccc1)NC(=O)CN1CCOCC1)C(=O)NC(Cc1ccccc1)C(=O)NC(CC(C)C)C(=O)C1(C)CO1,1
COC1C=CC=CC=CCC(OC(=O)C(C)NC(=O)C2CCCCC2)C(C)C(O)C(C)=CCCc2cc(O)cc(c2O)NC(=O)C1,1
CC1=CC[C@H](C(=O)N(c2cc(C#CC(C)(C)C)sc2C(=O)O)C2CCC(O)(CO[C@H]3CCOC3)CC2)CC1,0
C[C@H](Oc1cccc2nc(N)nc(N)c12)c1cccc(Cl)c1,0
CCCc1c(OC2CCCCC2)c2cc(Cl)ccc2[nH]c1=O,0
CC1CCC2(C)CCC3(C)C(=CCC4C5(C)CCC(O)C(C)(C(=O)O)C5CCC43C)C2C1C,1
CC1=N[C@@H]2[C@@H](O)[C@H](O)[C@@H](CO)O[C@@H]2S1,0
CCC(C)Nc1c([N+](=O)[O-])cc(C(C)(C)C)cc1[N+](=O)[O-],1
CC(C)=CCC[C@]1(C)[C@@H](CC=C(C)C)C[C@@]2(CC=C(C)C)C(=O)[C@]1(C(=O)C(C)C)C(=O)C(CC=C(C)C)=C2O,0
COc1ncc(-c2ccc3ncc(-c4cn(CCCN5CCOCC5)nn4)n3n2)cc1NS(=O)(=O)c1ccc(F)cc1F,0
CSCC[C@H](N)C(=O)NS(=O)(=O)OC[C@H]1O[C@@H](N2C=NC3=C(N)NC=NC32)[C@H](O)[C@@H]1O,0
COc1cc(C2Oc3cc(C4Oc5cc(O)cc(O)c5C(=O)C4O)ccc3OC2CO)ccc1O,1
NC(CCC(=O)NC(CSC(Cl)=CCl)C(=O)NCC(=O)O)C(=O)O,1
CC(C)[C@H](N)C(=O)O,0
N[C@H](CS)C(=O)O,0
CC(=O)c1cc2cccc(OCC(O)CNC(C)C)c2o1,0
CC(N)(Cc1ccc(O)c(O)c1)C(=O)O,1
CCC[N@+]12[C@H](O)[C@@H](CC)[C@@H]3C[C@H]1[C@@H]1N(C)c4ccccc4[C@]14C[C@H]2[C@H]3[C@H]4O,0
CC(C)Cc1ccc([C@H](C)C(=O)O)cc1,0
O=C(O)c1ccccc1NC[C@@H](O)[C@H](O)[C@H](O)COP(=O)(O)O,0
C=C1C[C@H]2C=Nc3cc(OCCCOc4cc5c(cc4OC)C(=O)N4CC(=C)C[C@H]4C=N5)c(OC)cc3C(=O)N2C1,0
O=C1C=CC(=O)N1COCN1C(=O)C=CC1=O,0
O=c1c(-c2ccc(O)cc2)coc2c(C3OC(CO)C(O)C(O)C3O)c(O)ccc12,1
O=C(O)c1ccc(CCCc2c(CCNS(=O)(=O)Cc3ccccc3C(F)(F)F)n(C(c3ccccc3)c3ccccc3)c3ccc(Cl)cc23)cc1,0
N=C1C=C(C[C@H](N)C(=O)O)C(O)=CC1=O,0
NCCCCCC(=O)O,0
CCCCCCCCCCCCCCCC(=O)NCC(O)COP(O)(=S)OCC1OC(n2cc(C)c(=O)[nH]c2=O)CC1NP(=O)(S)OCC1OC(n2cnc3c(N)ncnc32)CC1NP(O)(=S)OCC1OC(n2cnc3c(=O)[nH]c(N)nc32)CC1NP(O)(=S)OCC1OC(n2cnc3c(=O)[nH]c(N)nc32)CC1NP(O)(=S)OCC1OC(n2cnc3c(=O)[nH]c(N)nc32)CC1NP(O)(=S)OCC1OC(n2cc(C)c(=O)[nH]c2=O)CC1NP(O)(=S)OCC1OC(n2cc(C)c(=O)[nH]c2=O)CC1NP(O)(=S)OCC1OC(n2cnc3c(N)ncnc32)CC1NP(O)(=S)OCC1OC(n2cnc3c(=O)[nH]c(N)nc32)CC1NP(O)(=S)OCC1OC(n2cnc3c(N)ncnc32)CC1NP(O)(=S)OCC1OC(n2ccc(N)nc2=O)CC1NP(O)(=S)OCC1OC(n2cnc3c(N)ncnc32)CC1NP(O)(=S)OCC1OC(n2cnc3c(N)ncnc32)CC1N,0
CN(C)[C@@H]1C(=O)C(C(=O)NCO)=C(O)[C@@]2(O)C(=O)C3=C(O)c4c(O)ccc(Cl)c4[C@@](C)(O)[C@H]3C[C@@H]12,0
Oc1ccc(CCc2cc(O)cc(O)c2)cc1,0
CC(=O)N(c1ccccc1)C1CCN(C(C)Cc2ccccc2)CC1,0
CCCCCCCCCCOc1cc2c(=O)c(C(=O)OCC)c[nH]c2cc1OCC,0
NC(N)=NCCC[C@@H](N)C(=O)O,0
N[C@@H](CSS(=O)(=O)O)C(=O)O,0
CCN(CC)C(=O)C(Cl)=C(C)OP(=O)(OC)OC,1
Clc1ccc(-c2ccc(Cl)c(Cl)c2Cl)c(Cl)c1Cl,1
CC1(C)OC2CC(=O)OCC23C1CC(=O)C1(C)C3CCC2(C)C(c3ccoc3)OC(=O)C3OC321,1
O=C(O)C(=O)N(c1ccccc1C(=O)O)c1cccc2ccccc12,0
CCCSc1cc(OC)c(CCN)cc1OC,0
Nc1ccccc1C(=O)CC(N)C(=O)O,1
Nc1nc2c(ncn2[C@@H]2O[C@H](COP(=O)(O)OP(=O)(O)O)[C@@H](O)[C@H]2O)c(=O)[nH]1,0
CCC(C)C(NC(=O)C(Cc1ccccc1)NC(=O)C(CC(C)C)NC(=O)C(CCCNC(=N)N)NC(=O)C(NC(=O)C(C)NC(=O)C(CCC(=O)O)NC(=O)C(CCC(=O)O)NC(=O)C(CCC(=O)O)NC(=O)C(CCSC)NC(=O)C(CCC(N)=O)NC(=O)C(CCCCN)NC(=O)C(CO)NC(=O)C(CC(C)C)NC(=O)C(CC(=O)O)NC(=O)C(CO)NC(=O)C(NC(=O)C(Cc1ccccc1)NC(=O)C(NC(=O)CNC(=O)C(CCC(=O)O)NC(=O)CNC(=O)C(N)Cc1c[nH]cn1)C(C)O)C(C)O)C(C)C)C(=O)NC(CCC(=O)O)C(=O)NC(Cc1c[nH]c2ccccc12)C(=O)NC(CC(C)C)C(=O)NC(CCCCN)C(=O)NC(CC(N)=O)C(=O)NCC(=O)NCC(=O)N1CCCC1C(=O)NC(CO)C(=O)NC(CO)C(=O)NCC(=O)NC(C)C(=O)N1CCCC1C(=O)N1CCCC1C(=O)NC(CO)C(=O)NC(CCCCN)C(=O)NC(CCCCN)C(=O)NC(CCCCN)C(=O)NC(CCCCN)C(=O)NC(CCCCN)C(=O)NC(CCCCN)C(N)=O,0
CC(C)(C)NC[C@H](O)COc1cccc2c1CC(C#N)=N2,0
CNC1(C)C2CCC(C2)C1(C)C,0
CNC(=O)[C@H](Cc1c(F)c(F)c(F)c(F)c1F)NC(=O)Nc1n[nH]c(=S)s1,0
O=C(Nc1nccs1)c1cccc(CN2C(=O)N(CC3CC3)[C@H](Cc3ccccc3)[C@H](O)[C@@H](O)[C@H]2Cc2ccccc2)c1,0
O=C(O)Cc1ccccc1,0
Cc1cn([C@H]2C[C@H](O)[C@@H](CO)O2)c(=O)[nH]c1=O,0
CCOc1ccc2ccccc2c1C(=O)NC1C(=O)N2C1SC(C)(C)C2C(=O)O,1
C=CCSCC=C,1
[11CH3]Oc1ccc(-c2c(C#N)c(C(=O)NN3CCCCC3)nn2-c2ccc(Cl)cc2Cl)cc1,0
Clc1cc(Cl)c(Cl)cc1Cl,1
CC(C)(Oc1ccc(NC(=O)Nc2cc(Cl)cc(Cl)c2)cc1)C(=O)O,0
FC(F)(F)C(F)(F)C(F)(F)C(F)(F)F,0
NCCCCCC[C@H](N)C(=O)O,0
C[C@]12CC[C@@H]3c4ccc(OC(=O)Cc5ccc(N(CCCl)CCCl)cc5)cc4CC[C@H]3[C@@H]1CC[C@@H]2OC(=O)Cc1ccc(N(CCCl)CCCl)cc1,0
C=C(C)C(=O)OCCOC(=O)C(=C)C,1
O=P(O)(O)NP(=O)(O)OP(=O)(O)O,0
CN[C@@H]1[C@H](O[C@H]2[C@H](O[C@H]3[C@H](O)[C@@H](O)[C@H](NC(=N)N)[C@@H](O)[C@@H]3NC(=N)N)O[C@@H](C)[C@]2(O)C=O)O[C@@H](CO)[C@H](O[C@H]2O[C@@H](CO)[C@@H](O)[C@H](O)[C@@H]2O)[C@H]1O,0
COc1cc(Cc2cnc(N)nc2N)cc(OCCC[C@@H](CCC(=O)O)C(=O)O)c1Br,0
CCOC(=O)[C@H](CCc1ccccc1)N[C@H]1CCc2ccccc2N(CC(=O)O)C1=O,1
Cc1cn([C@@H]2O[C@H](CO)[C@@H](O)[C@@H]2[18F])c(=O)[nH]c1=O,0
C1N2CN3CN1CN(C2)C3,0
NC(=O)c1cn([C@@H](CO)CCn2ccc3ccc(NC(=O)CCc4ccccc4)cc32)cn1,0
CCCCCCCC(=O)Oc1c(Br)cc(C#N)cc1Br,1
COC1=CC2C3Cc4ccc(OC)c(O)c4C2(CCN3C)CC1=O,1
N[C@@H]1[C@H]2CN(c3nc4c(cc3F)c(=O)c(C(=O)O)cn4-c3ccc(F)cc3F)C[C@@H]12,1
CC(C)CNCCOC(=O)c1ccc(N)cc1,0
O=C(O)C1=CN=C(C(=O)O)CS[C@H]1c1cn2c3c(sc2n1)CCC3,0
O=C1NC2NC(=O)NC2N1,0
Cc1cn([C@H]2C[C@H](O)[C@@H](COP(=O)(O)OP(=O)(O)O[C@H]3O[C@@H](C)[C@H](O)[C@@H](O)[C@H]3O)O2)c(=O)[nH]c1=O,0
CC(NNC(=O)c1ccccc1)c1ccccc1,0
N=c1nnc(=N)c1=NNc1cccc(C(F)(F)F)c1,0
O=C(Cc1ccccc1)N[C@@H](Cc1cccc(C(=O)O)c1)B(O)O,0
N#CC(C(N)=O)[C@@H](S)Nc1cc(C(F)(F)F)cc(C(F)(F)F)c1,0
Cc1c(C)c2c(c(C)c1O)CCC(C)(CCCC(C)CCCC(C)CCCC(C)C)O2,0
CC(/C=C/c1c(C)cc(O)c(C)c1C)=C\C=C\C(C)=C\C(=O)O,0
CCCC1OC2CC3C4CCC5=CC(=O)C=CC5(C)C4C(O)CC3(C)C2(C(=O)CO)O1,0
OC[C@@H](O)CSO,0
Cc1nnc(C(C)C)n1C1CC2CCC(C1)N2CCC(NC(=O)C1CCC(F)(F)CC1)c1ccccc1,1
C=CC[C@H]1C(=O)C(C)(C)[C@@H](O)CC(=O)O[C@H](c2ccc3sc(C)nc3c2)C[C@@H]2O[C@]2(C)CCC[C@H](C)[C@@H]1O,0
CCCCCCCCCCCCCCCc1cccc(O)c1C(=O)O,1
COc1cccc(Nc2ncnn3ccc(CN4CC[C@@H](N)[C@H](O)C4)c23)c1,0
C[C@H](N)Cc1ccccc1,0
Brc1c(Br)c(Br)c(Oc2c(Br)c(Br)c(Br)c(Br)c2Br)c(Br)c1Br,1
CC(=C\C(=O)O)/C=C(\C)C[C@H](C)CCCC[C@@H](O)[C@H](C=O)CO,0
COc1cc(C=CC(=O)O)ccc1O,1
O=S(=O)(O)c1cccc(N=Nc2ccc(Nc3ccccc3)cc2)c1,1
NC[C@H]1CN(c2c(Br)cnc3[nH]ncc23)CCO1,0
CNC(=O)c1cc(Oc2ccc3nc(Nc4ccc(Cl)c(C(F)(F)F)c4)[nH]c3c2)ccn1,0
CCCCCCOC(=O)c1ccccc1C(=O)OCCCCCC,1
CS(=O)(=O)c1ccc2c(c1)N(CCCN1CCC(C(N)=O)CC1)c1ccccc1S2,0
O=C(CO)[C@@H](O)[C@@H](O)[C@H](O)CO,0
CCOC(=O)CCc1ccc(S(N)(=O)=O)cc1,0
C#C[C@]1(O)CC[C@H]2[C@@H]3CC=C4C=C(OC5CCCC5)CC[C@@H]4[C@H]3CC[C@@]21C,0
COC(=O)Nc1nc2ccc(C(=O)c3ccccc3)cc2[nH]1,1
O=C1c2c(O)cccc2Cc2cccc(O)c21,0
Cc1nnc(-c2ccc(-c3cc(C(=O)NC4CC4)ccc3C)c(C)c2)o1,0
CCOC(=O)C1=C(COCCN)NC(C)=C(C(=O)OC)C1c1ccccc1Cl,1
O=Cc1ccccc1OP(=O)(O)OCC1CCCCC1,0
CCCCOc1nc(NCCN2CCOCC2)c2ncn(Cc3c(F)cccc3F)c2n1,0
CCC(CC)COC(=O)[C@@H]1C[C@H]2C[C@@H](Oc3cccc(Cl)c3-c3nn[nH]n3)CC[C@H]2CN1,0
CC(O)C1C(=O)N2C(C(=O)O)=C(SC3CNC(C(=O)N(C)C)C3)C(C)C12,1
C=CC(C)(CCC=C(C)C)OC(C)=O,1
N[C@@H](O)Cc1c[nH]c2ccccc12,0
c1ccc2n[nH]nc2c1,1
O=C(O)[C@@H]1C[C@@H]2CCCC[C@@H]2N1,0
CC12CCC3c4ccc(O)c(O)c4CCC3C1CCC2=O,1
CN(Cc1cnc2nc(N)nc(N)c2n1)c1ccc(C(=O)NC(CCC(=O)O)C(=O)O)cc1,1
COCCCC(=O)NCc1ccc(C(F)(F)F)cc1,0
NCCCN1CCN(CCCNC(=O)c2cc(O[C@H]3O[C@H](CO)[C@H](O)[C@H](O)[C@H]3O)cc([N+](=O)[O-])c2)CC1,0
Cc1cccc2c1NC(=O)C2(c1ccc(OS(=O)(=O)O)cc1)c1ccc(OS(=O)(=O)O)cc1,0
FCC(F)(F)F,0
CC1(C)S[C@@H]2[C@H](NC(=O)CCC[C@@H](N)C(=O)O)C(=O)N2[C@H]1C(=O)O,0
Cc1ccc(NC2=NCCN2)c(Cl)c1,0
CC1=Cc2cc3[nH]c(cc4nc(cc5[nH]c(cc1n2)c(C)c5CCC(=O)O)C(CCC(=O)O)=C4C)cc3C,0
N[C@@H](Cn1ccc(=O)c(O)c1)C(=O)O,0
Cn1c(NO)nc2ncc(-c3ccccc3)cc21,1
[Cu+],0
Clc1ccc(C(Cn2ccnc2)OCc2ccc(Sc3ccccc3)cc2)c(Cl)c1,0
COC1=C(Br)C(O)C(O)(CC#N)C=C1Br,1
CNCCC[C@]1(C)C(=O)N(c2ccccc2)c2ccccc21,0
CCn1c(C(=O)N(C2CC2)C2CC2)cc2c3c(ncn3C)c(Nc3cc(C)n(C)n3)nc21,0
CC1(C)COC(=O)CCCCCCCCCCCOC(=O)[C@@H]2CCCCN2C(=O)C1=O,0
Fc1ccc(OC[C@@H]2CNCCO2)c2c1CCC2,0
Cc1ccc(NC(=O)c2ccc(CN3CCN(C)CC3)cc2)cc1Nc1nccc(-c2cccnc2)n1,1
Cc1ncc(COP(=O)(O)O)c(CN[C@@H](C)P(=O)(O)O)c1O,0
O=C1C2(Cl)C3(Cl)C4(Cl)C(Cl)(Cl)C5(Cl)C3(Cl)C1(Cl)C5(Cl)C24Cl,1
NS(=O)(=O)c1ccc(C(=O)NCc2cc(F)c(F)c(F)c2)cc1,0
OC1(c2ncccn2)C[C@H]2CC[C@@H](C1)N2C(c1ccccc1Cl)c1ccccc1Cl,0
CCCc1c(OCCCOc2cc(O)c(-c3ccc(F)cc3)cc2CC)cccc1Oc1ccccc1C(=O)O,0
CCON=C(C(=O)NC1C(=O)N2C(C(=O)O)=C(Sc3nc(-c4cc[n+](C)cc4)cs3)CSC12)c1nsc(NP(=O)([O-])O)n1,1
O=C(O)CC[C@H](NP(=O)(O)OCCC[C@H](NC(=O)CC[C@H](NC(=O)CCCCCNC(=O)c1ccc(F)cc1)C(=O)O)C(=O)O)C(=O)O,0
CC(=O)Oc1cc(C(C)C)c(OCCN(C)C)cc1C,1
CC1(C)C(C=C(Cl)c2ccc(Cl)cc2)C1C(=O)OC(C#N)c1ccc(F)c(Oc2ccccc2)c1,1
Cc1c2[nH]c(c1CCC(=O)O)Cc1[nH]c(c(CCC(=O)O)c1C)Cc1[nH]c(c(CCC(=O)O)c1C)Cc1[nH]c(c(C)c1CCC(=O)O)C2,0
Nc1nc2c(ncn2[C@@H]2O[C@H](COP(=O)(O)OP(=O)(O)O)[C@@H](OP(=O)(O)O)[C@H]2O)c(=O)[nH]1,0
N#Cc1c(N(CC(=O)O)CC(=O)O)sc(C(=O)O)c1CC(=O)O,0
O=C(O)c1cc(O)c2c3nc4ccccc4oc-3cc(=O)c2n1,0
Cc1ncc2c(c1O)COC2c1ccc(Cl)cc1,0
CC(=O)OC1CC2(C)C(CC(O)C3C4(C)CCC(O)C(C)C4CCC32C)C1=C(CCC=C(C)C)C(=O)O,1
O=[N+]([O-])OCC(CO)(CO[N+](=O)[O-])CO[N+](=O)[O-],0
CCOC(=O)C1(c2ccccc2)CCN(CCOCC2CCCO2)CC1,0
CCCCCCO[C@@H]1O[C@H](CO)[C@H](O)C[C@H]1O,0
O=C(O)CNC(=O)CCCP(=O)(O)OCc1ccc([N+](=O)[O-])cc1,0
Nc1cc([As]=O)ccc1O,1
COc1cc2c(cc1OC)C(=O)[C@H](CC1CCN(Cc3ccccc3)CC1)C2,0
NCC[C@H](O)C(=O)N[C@@H]1C[C@H](N)[C@@H](O[C@H]2O[C@H](CN)[C@@H](O)[C@H](O)[C@H]2O)[C@H](O)[C@H]1O[C@H]1O[C@H](CO)[C@@H](O)[C@H](N)[C@H]1O,0
O=C(NCP(=O)(O)O)OCc1ccccc1,0
CCN=C1Nc2ccc(Cl)cc2C(C)(c2ccccc2)O1,1
NC(=O)C1CCCN1C(=O)C(Cc1cnc[nH]1)NC(=O)C1CCC(=O)N1,0
O=C(c1ccccn1)N1CCN(Cc2ccccc2)CC1,0
CNC(=O)c1c(I)c(C(=O)NCC(=O)Nc2c(I)c(C(=O)O)c(I)c(C(=O)NCCO)c2I)c(I)c(N(C)C(C)=O)c1I,0
CC(C)c1ccccc1OCC1=NCCN1,0
CC(C)NCC(O)COc1ccc(OCCOCC2CC2)cc1,0
COC(COC(N)=O)C1=C(N2CC2)C(=O)C(C)=C(N2CC2)C1=O,0
CC1=C(C)C(=O)C(C(C)(C)CC(=O)O[C@@H]2[C@@]3(C(C)C)O[C@H]3[C@@H]3O[C@]34[C@]23O[C@H]3C[C@H]2C3=C(CC[C@@]24C)C(=O)OC3)=C(C)C1=O,0
C,0
NC(N)=NC(=O)c1nc(Cl)c(N)nc1N,1
CCN(CC)S(=O)(=O)c1ccc(C(=O)O)cc1,0
CSc1n[nH]c(-c2ccc(Cl)cc2)n1,0
Cc1cccc2c(=O)[nH]c(N)nc12,0
Cc1cn([C@H]2C[C@H](OP(=O)(O)O)[C@@H](COP(=O)(O)O)O2)c(=O)[nH]c1=O,0
Cc1cc(C2=NO[C@@](c3cc(Cl)c(Cl)c(Cl)c3)(C(F)(F)F)C2)sc1C(=O)NCC(=O)NCC(F)(F)F,0
CN(CC1(C)CCCO1)S(=O)(=O)c1ccc(Cl)c(S(N)(=O)=O)c1,0
CO/N=C(\C(=O)N[C@@H]1C(=O)N2C(C(=O)O)=C(CSc3nc(=O)c(O)nn3C)CS[C@H]12)c1csc(N)n1,1
NCc1ccc(C(=O)O)cc1,0
Clc1ccc(-c2ccccc2)cc1,1
C=CCN1C(=O)CSC1=NNC(=S)NC,1
Cc1c(O)cc2c(c1C)O[C@](C)(CCC[C@H](C)CCC[C@H](C)CCCC(C)C)CC2,0
CCOc1cc2c(c(F)c1OCC)C(=N)N(CC(=O)c1cc(N3CCOCC3)c(OC)c(C(C)(C)C)c1)C2,0
Clc1cnn(CCCCN2CCN(c3ncccn3)CC2)c1,0
O=C(O)Cc1ccc(-c2ccccc2)cc1,0
Cn1cncc1[C@H](OCc1nc(Cl)c(C#N)cc1-c1cccc(Cl)c1)c1ccc(C#N)cc1,0
S=[Sb+]([S-])S[Sb+](=S)[S-],0
C=CC[N+]1(C2CC3C4CCC5CC(O)C(N6CCOCC6)CC5(C)C4CCC3(C)C2OC(C)=O)CCCC1,0
Cc1cc(-c2cc(OC(=O)c3ccccc3)ccc2Cl)cc2nnc(Nc3ccc(OCCN4CCCC4)cc3)nc12,0
CCOC(=O)C(Cc1ccc2ccc(C(N)N)cc2c1)c1ccc(OC2CCNC2)cc1,0
Cc1nc2c(c(=O)[nH]1)CSCC2,0
COc1cc(NC(=O)CCN2CCC(OC(=O)Nc3ccccc3-c3ccccc3)CC2)c(Cl)cc1CNC[C@H](O)c1ccc(O)c2[nH]c(=O)ccc12,0
Cc1cc(F)ccc1-c1cc(N2CC3COCCN3CC2CO)ncc1N(C)C(=O)C(C)(C)c1cc(C(F)(F)F)cc(C(F)(F)F)c1,0
CCCCc1nc(N)[se]c1CCC,0
COc1ccc2c(c1OC)CN1CCc3cc4c(cc3C1C2)OCO4,1
CC(=O)OCC(=O)[C@@]12N=C(C)O[C@@H]1C[C@H]1[C@@H]3CCC4=CC(=O)C=C[C@]4(C)[C@@]3(F)[C@@H](O)C[C@@]12C,0
Cc1nn(-c2cnc(OCC(C)C)c(Cl)c2)c2ccc(C(=O)NS(C)(=O)=O)cc12,0
NC(=O)c1ccc2c(c1O)C13CCN(CC4CC4)C(C2)C1(O)CCC(=O)C3,0
CCCC[C@@H](N)C(=O)O,0
O=S(=O)(Nc1cccc(B(O)O)c1)c1cc(S(=O)(=O)c2ccccc2)cs1,0
CN(C)[C@H]1C[C@@H](C(C)(C)CO)Nc2ccc([N+](=O)[O-])cc21,0
CC1C(=O)OC2CCN3CC=C(COC(=O)C(C)(O)C1(C)O)C23,1
Cc1cc(C)c(/C=C2\C(=O)Nc3ccccc32)[nH]1,0
CN1C[C@H](CC#N)C[C@@H]2c3cccc4[nH]c(Cl)c(c34)C[C@H]21,1
CCCCCCCCCCCCCCCCOC(=O)C(CC)CCCC,0
O=c1n(CC(Br)CBr)c(=O)n(CC(Br)CBr)c(=O)n1CC(Br)CBr,1
CCOC(=O)CN1CCN(C(=O)/C=C/c2cc(OC)c(OC)c(OC)c2)CC1,0
COc1cc2c(cc1OC)C(=O)C(CC1CCN(Cc3ccccc3F)CC1)C2,0
O=c1ccc2ncc(=O)n3c2n1C[C@H]3CN1CCC(NCc2cc3c(cn2)OCCC3)CC1,0
O=C(O)[C@@H]1C[C@@H](O)CN1,0
OCc1ccccc1C(c1ccc(O)cc1)c1ccc(O)cc1,0
CCC(C(=O)OCCN1CCOC(c2ccccc2)C1C)c1ccccc1,0
CN1CC[C@@H]2Nc3ccccc3[C@@H]2C1,1
CC(C)(CCCCOCCCCC(C)(C)C(=O)O)C(=O)O,0
C[C@](O)(COc1ccc(Cl)c(F)c1)C(=O)Nc1ccc(C#N)c(C(F)(F)F)c1,0
C[N+](C)([O-])CCC=C1c2ccccc2CCc2ccccc21,1
CN(C)C(=O)CCn1nc(Nc2ccc3c(c2)OC(F)(F)O3)nc1-c1ccncc1,0
C[C@H](C(=O)O)c1ccc(-c2ccccc2)c(F)c1,0
CC(=O)NC(=O)c1ccccc1O,0
CCOC(=O)c1ccc(OCCCC2CCN(c3ccc(C)nn3)CC2)cc1,0
Cc1ccccc1[C@H]1CCCN1C(=O)c1ccc(O)cc1O,0
CC=C(C)C(=O)OC1CC(OC(C)=O)C2(C(=O)OC)COC3C2C12COC(O)(C(=O)OC)C2C(C)(C12OC1(C)C1CC2OC2OC=CC21O)C3O,1
O=C1CN=C(c2ccccc2)c2cc(Cl)ccc2N1CC(F)(F)F,0
CO[C@H]1O[C@@H](COS(=O)(=O)O)[C@H](O[C@@H]2O[C@H](C(=O)O)[C@H](O[C@H]3O[C@@H](COS(=O)(=O)O)[C@H](O[C@@H]4O[C@H](C(=O)O)[C@@H](O[C@H]5O[C@@H](COS(=O)(=O)O)[C@@H](OC)[C@H](OC)[C@H]5OS(=O)(=O)O)[C@@H](OC)[C@H]4OC)[C@@H](OS(=O)(=O)O)[C@@H]3OS(=O)(=O)O)[C@@H](OC)[C@H]2OS(=O)(=O)O)[C@@H](OS(=O)(=O)O)[C@@H]1OS(=O)(=O)O,0
Nc1ncc(N=Nc2ccccc2)c(-c2ccc(Cl)cc2Cl)n1,0
COc1ccc(C(=O)NCc2ccc(OCCN(C)C)cc2)cc1OC,0
OCC(O)CCl,1
COc1cc2c(cc1OC)C(Cc1ccc(OC)c(OCc3ccccc3)c1)N(C)CC2,0
CC1=NN(c2ccccc2)C(=O)C1,0
Fc1cc(F)c(OCc2ccccc2C2CCNCC2)c(F)c1,0
CC(=O)C1CCC2C3CCC4CC(O)CCC4(C)C3CCC12C,0
CC(=O)c1ccc(-c2cc(NS(=O)(=O)c3ccc(C)cc3C)c(C(=O)O)s2)s1,0
Cc1cc(OCC(=O)O)c(C)cc1CCN[C@@H](C)[C@H](O)c1ccc(O)cc1,0
c1ccc(Cn2ccnc2)cc1,0
CCNc1nc(Cl)nc(N[C@](C)(C#N)CC)n1,0
O=C(O)Cc1c2ccccc2n2c1[nH]c(=O)c1ccccc12,0
CCSC(N)=Nc1ccccc1,0
CCOC(=O)[C@H](CCc1ccccc1)N[C@@H](C)C(=O)N(CC(=O)O)C1Cc2ccccc2C1,0
CC(C)NCCCn1c(Sc2cc3c(cc2I)OCO3)nc2c(N)ncnc21,0
CN1CCC(=C2c3ccccc3C=Cc3ccccc32)CC1,1
C[C@H](CCC(=O)O)[C@H]1CC[C@H]2[C@@H]3CC[C@@H]4C[C@H](O)CC[C@]4(C)[C@H]3CC[C@]12C,1
Cc1nc(N)nc2c1/C(=N/O)C[C@@H](c1ccc(F)cc1-c1cccnc1)C2,0
Cc1nnc(C(C)C)n1[C@H]1C[C@H]2CC[C@@H](C1)N2CC[C@H](NC(=O)C1CCC(F)(F)CC1)c1ccccc1,1
C[C@@H]1c2nnn(-c3ncc(F)cn3)c2CCN1C(=O)c1cccc(C(F)(F)F)c1Cl,0
O=C1CN2C(=O)CCC2N1,0
ClCc1ccccn1,1
c1cncc(C2=NC(CN3CCCCC3)CON2)c1,0
CC1=C(C(=O)Nc2ccccc2)SCCO1,0
CCC(=O)Oc1ccc(C(CC)C(CC)c2ccc(OC(=O)CC)c(C)c2)cc1C,0
CC(C)(COP(=O)(O)OP(=O)(O)OC[C@H]1O[C@@H](n2cnc3c(N)ncnc32)[C@H](O)[C@@H]1OP(=O)(O)O)[C@@H](O)C(=O)NCCC(=O)NCCSCC(=O)NCCc1c[nH]c2ccccc12,0
NCCO,0
OCC(F)(F)F,0
c1ccc(CN2CCNCC2)cc1,1
CCCCCC(O)C=CC1C(O)CC2CC(=CCCCC(=O)O)CC21,1
CS(=O)(=O)OC[C@H](O)[C@@H](O)COS(C)(=O)=O,0
CN1C2CC(OC(=O)C(CO)c3ccccc3)CC1C1OC12,0
CC1=C(/C=C/C(C)=C\C=C\C(C)=C\C(=O)O)C(C)(C)CCC1,0
NC[C@H](O)CNc1ccc([N+](=O)[O-])c2cccnc12,0
CSC[S@+]([O-])C[C@H](CO)NC(=O)/C=C/c1c(C)[nH]c(=O)[nH]c1=O,0
O=C(O)c1cc(N=Nc2ccc(O)c(C(=O)O)c2)ccc1O,1
COc1cc(/C=C/C(O)O)cc(O)c1O,0
CC(C)(Cc1ccc(F)cc1)NC(=O)[C@H](CCC(=O)O)NC(=O)c1ccc(-c2ccccc2)cc1,0
N=C(N)c1ccc2nc(-c3cccc(OC4CCCC4)c3O)[nH]c2c1,0
Oc1cc2cc[nH]c2cc1O,0
Oc1c(I)cc(I)c(O)c1I,0
[Y+3],1
COc1cc(Nc2nccc(Nc3c(Cl)ccc4c3OCO4)n2)cc(OC)c1OC,0
N=c1ccn2c(n1)O[C@H]1[C@H](O)[C@@H](CO)O[C@H]12,0
C=C(C)C1CCC2=CC(=O)CC(C)C2(C)C1,1
CN=C(N)NCCC[C@H](N)C(=O)O,0
COCc1nn2c(CN3C[C@@H](CC(F)(F)Cl)CC3=O)c(C(F)(F)F)nc2s1,0
c1cc(-c2nc3c4c(ncc3[nH]2)CCOC4)no1,0
O=C1N=C2C=CC=CN2C12Cc1ccccc1C2,0
CCC/C(C)=C/C=C(\C)C(=O)C1C(=O)C=C([C@H](C)CCC/C=N/C(=O)OC)OC1=O,0
Nc1nc2cc3nc(NCCN4CCOCC4)[nH]c3cc2c(=O)[nH]1,0
Cc1cc(Nc2ncc(F)c(N[C@H]3[C@@H](C(N)=O)[C@@H]4C=C[C@H]3C4)n2)ccc1N1CCN(C)CC1,0
O=C(OCO)[C@H]1O[C@H](O[C@@H]2[C@H](O)[C@@H](O)[C@@H](O[C@@H]3[C@H](O)[C@@H](O)[C@@H](O[C@@H]4[C@H](O)[C@@H](O)[C@@H](O)O[C@@H]4C(=O)OCO)O[C@@H]3C(=O)OCO)O[C@@H]2C(=O)OCO)[C@H](O)[C@@H](O)[C@H]1O,0
COc1ccc(C(C)=O)c(O)c1,1
CCCCCC(O)C=CC1CCC(=O)C1CCCCCCC(=O)O,1
Clc1ccc(-c2cc(C3CCNCC3)[nH]n2)cc1,0
O=C(O)c1cccc(/C=N/OCCO/N=C/c2cc(=O)[nH]c(=O)[nH]2)c1,0
C[C@H]1O[C@H](O[C@@H]2C(CO)=C[C@H](N[C@H]3[C@H](O)[C@@H](O)[C@@H](O[C@H]4[C@H](O)[C@@H](O)[C@@H](O[C@H]5[C@H](O)[C@@H](O)[C@@H](O)O[C@@H]5CO)O[C@@H]4CO)O[C@@H]3C)[C@H](O)[C@H]2O)[C@H](O)[C@@H](O)[C@@H]1O,0
NCCCCNC(=O)c1ccc(S(N)(=O)=O)cc1,0
CC[C@H]1C2=CC3=NC(=C(CC(=O)OC)C4=NC(=CC5=C(C)/C(=C(\C)O)C(=N5)C=C(N2)[C@@H]1C)[C@@H](C)[C@@H]4CCC(=O)O)C(C(O)=NCCS(=O)(=O)O)=C3C,0
NCCCC[C@H](NC(=O)[C@@H](Cc1cc(Br)c(O)c(Br)c1)NC(=O)N1CCC(N2Cc3ccccc3NC2=O)CC1)C(=O)N1CCN(c2ccncc2)CC1,0
Cc1c(C)c2c(c(C)c1O)CCC(C)(C(=O)NCCCCCCCCNc1c3c(nc4cc(Cl)ccc14)CCCC3)O2,0
Nc1ccc2c(c1)Cc1ccccc1-2,1
CC(=O)OCOC(=O)[C@@H]1N2C(=O)[C@@H](NC(=O)Cc3ccccc3)[C@H]2SC1(C)C,0
COc1ccccc1N1CCN(CCCNc2cc(=O)n(C)c(=O)n2C)CC1,0
CCCCCCCCCCCCCCCCCC(=O)OC[C@@H](COP(=O)(O)OCCN)OC(=O)CCCCCCCCCCCCCCCCC,0
Cc1nc2ccc(C(=O)N3CCC4(CC3)CC(=O)c3c(cnn3C(C)C)C4)cc2[nH]1,0
CCC(=O)N(c1ccccc1)C1(COC)CCN(CCn2nnn(CC)c2=O)CC1,0
O[C@H]([C@H](O)[C@@H]1CO1)[C@H]1CO1,0
[O-][n+]1ccccc1SSc1cccc[n+]1[O-],0
CC(=O)c1ccc(N2C[C@@H](C(=O)O)CC2=O)cc1,0
Nc1nc(=O)n([C@H]2C=C[C@@H](CO)O2)cc1F,0
Cn1c(=O)c2c(nc3n2CCCCN3Cc2ccc(Cl)c(Cl)c2)n(C)c1=O,1
CC(=O)OCC1=C(C(=O)O)N2C(=O)[C@@H](NC(=O)Cc3cccs3)[C@H]2SC1,1
CN(C)c1cc(CNCC(C)(C)C)c(O)c2c1C[C@H]1C[C@H]3[C@H](N(C)C)C(O)=C(C(N)=O)C(=O)[C@@]3(O)C(O)=C1C2=O,0
CN(C(=O)c1cc(OS(=O)(=O)c2ccc3ccccc3c2)ccc1NS(=O)(=O)c1ccc2ccccc2c1)[C@@H](CC(=O)O)C(=O)O,0
CC(C)(C)[N+]([O-])=Cc1ccc(S(=O)(=O)O)cc1S(=O)(=O)O,0
CCOC(=O)C1=C(C)NC(C)=C(C(=O)OC)[C@@H]1c1cccc([N+](=O)[O-])c1,0
Cn1cnc2c(=O)[nH]c(N)nc21,0
Cn1c(=O)c2c(ncn2CC(=O)O)n(C)c1=O,0
CC(=O)NC(CSSCC(NC(C)=O)C(=O)O)C(=O)O,1
CSc1nc2c(Br)c(Br)c(Br)c(Br)c2[nH]1,0
C=CC(O)C#CC#CCC(O)C(O)CCCCCCC,1
C[C@H](CN1CCOCC1)n1c(NC(N)=O)nc2cc(/C=C3\c4ccccc4COc4cc(F)ccc43)ccc21,0
Cc1cc(C)c(NC(=O)CN(CC(=O)O)CC(=O)O)c(C)c1Br,0
COCC12CCC(OC)C34C5CC6(O)C(OC)C(O)C(OC(C)=O)(C5C6OC(=O)c5ccccc5)C(C(OC)C13)C4N(C)C2,1
COC(=O)[C@@H](CC(C)C)N(O)C(C)=O,0
C[C@]12CC[C@H](O)C[C@H]1CC[C@@H]1[C@@H]2CC[C@]2(C)[C@@H](c3ccc(=O)oc3)C[C@H]3O[C@]132,0
C[C@@H](O)[C@H]1C(=O)N2C(C(=O)O)=C(SCCN=CN)C[C@H]12,0
C[C@]12CCC(=O)C[C@@H]1CC[C@@H]1[C@@H]2CC[C@@]2(C)[C@H]1CC[C@]2(C)O,0
CCCCCCCCCCCCCCCCCCN(C)C,0
C[C@@]12C(=O)OC(=O)[C@]1(C)[C@H]1CC[C@@H]2O1,0
C=CC(O)C#CC#CCC1OC1CCCCCCC,1
OCc1ccc(F)cc1F,0
O=C(O)c1cc(C(=O)O)c(C(=O)O)cc1C(=O)O,0
N=C(N)c1ccc2nc(Cc3nc4ccccc4[nH]3)[nH]c2c1,0
Nc1nonc1-c1nc2ccccc2n1CC(=O)Nc1cnc2ccccc2c1,0
CC(C)(C)C(=O)OCOC(=O)[C@@H]1N2C(=O)[C@@H](N=CN3CCCCCC3)[C@H]2SC1(C)C,0
COc1ccc2c(c1OC)[C@@]13CCN(C)[C@@H](C2)[C@]1(O)CC[C@@H](O)C3,0
COc1ccc(NS(=O)(=O)c2ccc(N)cc2)nn1,1
COc1ccc2c3c1O[C@H]1[C@@H](O)CC[C@H]4[C@@H](C2)N(C)CC[C@@]341,0
Cc1c(-c2ccnn2C)cc(C(=O)NCc2ccc(S(C)(=O)=O)cn2)c(=O)n1-c1cccc(C(F)(F)F)c1,0
O[C@H]1[C@H](O)[C@@H](O)[C@H](O)[C@@H](O)[C@H]1O,0
O=P(O)(O)OC[C@@H](O)[C@@H](O)CCO,0
Cc1cc(OCC(=O)O)cc(C)c1Cc1ccc(O)c(Cc2ccccc2)c1,0
Oc1ccc2c3c1O[C@H]1[C@@H](O)CC[C@@]4(O)[C@@H](C2)N(CC2CCC2)CC[C@]314,0
CCC(=O)SCCNC(=O)CCNC(=O)[C@H](O)C(C)(C)COP(=O)(O)OP(=O)(O)OC[C@H]1O[C@@H](n2cnc3c(N)ncnc32)[C@H](O)[C@@H]1OP(=O)(O)O,0
Cc1ccc(/C=C2/C(=O)C3(C)CCC2C3(C)C)cc1,0
C/C1=C/C[C@@H](/C(C)=C/c2cc(C)on2)OC(=O)C[C@H](O)C(C)(C)C(=O)[C@H](C)[C@@H](O)[C@@H](C)/C=C\C1,0
Cc1nc(Nc2n[nH]c3c2CN(C(=O)N[C@H](CN(C)C)c2ccccc2)C3(C)C)c2sccc2n1,0
CCCCC1=NC2(CCCC2)C(=O)N1Cc1ccc(-c2ccccc2-c2nn[nH]n2)cc1,1
NCCCCNCCCNC(=O)CNC(=O)[C@H](CSSC[C@H](NC(=O)CC[C@@H](N)C(=O)O)C(=O)NCC(=O)NCCCNCCCCN)NC(=O)CC[C@@H](N)C(=O)O,0
Cc1c(N)cccc1Cn1ccc(OCCc2cccs2)cc1=O,0
NN(CC(=O)O)C(=O)C[C@H](O)C(=O)N(Cc1ccccc1)Cc1ccccc1,0
CCCCCC(=O)N[C@@H](CCS)C(=O)O,0
c1ccc(Nc2nc(Nc3ccccc3)n3nccc3n2)cc1,0
Oc1ccc2c(c1)CCC(c1ccccc1)C2c1ccc(OCCN2CCCC2)cc1,0
CC(=O)C(C)=O,1
C=C(C=O)CC1CC(O)C2(C)OC3CC4OC5CC6(C)OC7(C)CCC8OC9CC%10(C)OC%11C(C)=CC(=O)OC%11CC%10OC9CC(C)C8OC7CC6OC5CC=CC4OC3CC2O1,1
Clc1cc(Cl)cc(-c2cc(Cl)cc(Cl)c2)c1,1
CCN(C(=O)c1cc(C)cc(OC[C@H](C)Nc2ccncc2)c1)C(C)C,0
c1ccc2cc3c4ccccc4c4ccccc4c3cc2c1,1
C[C@@H]1C[C@H]2[C@@H]3C[C@H](F)C4=CC(=O)C=C[C@]4(C)[C@@]3(F)[C@@H](O)C[C@]2(C)[C@H]1C(=O)CO,0
Nc1ccc([As](=O)(O)O)cc1,0
N[C@@H](CCSC(F)(F)F)C(=O)O,0
O=C(O)C(=O)Nc1sc2c(c1C(=O)O)CCOC2,0
CCCCCCCc1ccc(O)cc1,0
CCCCCC(C)N,0
CNn1cc(C(=O)O)c(=O)c2cc(F)c(N3CCN(C)CC3)cc21,1
CN(C)CCCNC(=O)/C(=C/CCCCC(=O)NO)COc1cccc2ccccc12,0
Cc1ccccc1-c1cccc(CNc2ccc(OCC(=O)O)c(F)c2)c1,1
CC(=O)NC[C@H]1CN(c2ccc(N3CCOCC3)c(F)c2)C(=O)O1,1
Nc1nc(NC2CC2)c2ncn(C3C=CC(CO)C3)c2n1,1
Nc1ccc(Cc2ccc(N)cc2)cc1,1
Nc1n[n+]([O-])c2ccccc2[n+]1[O-],1
CN1CCN(CCCCN2C(=O)CN(/N=C/c3ccc(-c4ccc(Cl)cc4)o3)C2=O)CC1,0
NC(CO)C(=O)O,1
NCCCCCCN,0
CCCC(=O)O[C@H](COC(=O)CC)COP(=O)(O)OC[C@H](N)C(=O)O,0
NC(=O)[C@@H](N)CCC(=O)O,0
Clc1ccc2c(Cl)c(Cl)c(Cl)c(Cl)c2c1Cl,1
CCCCOC(=O)CC(c1ccccc1)N1CCCCC1,0
COc1cc(Nc2nccc(Nc3ccc4c(C)[nH]nc4c3)n2)cc(OC)c1OC,0
CCOC(=O)c1ccc(OC(=O)CCCCCN=C(N)N)cc1,0
CO[C@H]1/C=C/O[C@@]2(C)Oc3c(C)c(O)c4c(=O)c(c5oc6cc(N7CCN(CC(C)C)CC7)cc(=O)c6nc5c4c3=C2O)NC(=O)/C(C)=C\C=C\[C@H](C)[C@H](O)[C@@H](C)[C@@H](O)[C@@H](C)[C@H](OC(C)=O)[C@@H]1C,0
C[11C](=O)O,0
NS(=O)(=O)c1ccc(C(=O)NCc2ccc(F)cc2F)cc1,0
Oc1ccc(CCNc2nc(SCCCc3ccc(Cl)cc3)nc(N3CCNCC3)n2)cc1,0
C=CCN(C)CCCCCCOc1ccc2c(-c3ccc(Br)cc3)nsc2c1,0
O=C(O)[C@@H]1C[C@H](O)[C@@H](O)CO1,0
CN=[N+](C)[O-],1
Nc1nc(=O)n([C@H]2C[C@H](O)[C@@H](CO)O2)cc1F,0
O=C(O)C[C@H]1CCc2c1[nH]c1ccc(OCc3ccc(C4CCCC4)c(C(F)(F)F)c3)cc21,0
COCCCOc1ccnc(C[S@@+]([O-])c2nc3ccccc3[nH]2)c1C,0
[Bi+3],0
CCC(C)CC/C=C\C=C\C(=O)N[C@H](C(=O)N[C@@H]1C(=O)N[C@H](C(C)C)C(=O)N[C@@H](CCCCN)C(=O)N[C@@H](C(O)C(=O)O)C(=O)N[C@@H](CC(=O)O)C(=O)NCC(=O)N[C@H](C(C)C(=O)O)C(=O)N[C@@H](C(C)C)C(=O)N2C[C@H](C)C[C@H]2C(=O)NC1C)C(C)C(=O)O,0
Nc1nc(=O)n([C@H]2C[C@H](O)[C@@H](CO)O2)cc1I,0
CCCCCCCCCCCC,1
CC(=O)Nc1ccc(OC(=O)c2ccccc2OC(C)=O)cc1,0
O=C[C@@H](O)[C@@H](O)[C@H](O)[C@H](O)COP(=O)(O)O,0
NC(C[Se][Se]CC(N)C(=O)O)C(=O)O,1
OC[C@H]1NC[C@H](O)[C@@H](O)[C@@H]1O,0
CCC(C)C1NC(=O)C(Cc2ccc(O)cc2)NC(=O)C(N)CSSCC(C(=O)N2CCCC2C(=O)NC(CC(C)C)C(=O)NCC(N)=O)NC(=O)C(CC(N)=O)NC(=O)C(CCC(N)=O)NC1=O,0
CC1CO1,0
CC1C2Cc3ccc(O)cc3C1(C)CCN2CCc1ccccc1,0
CCC(c1ccc(O)cc1)C(CC)C(C)c1ccc(O)cc1,0
COC1CCC(N2C(=O)CNc3ncc(-c4ccc(C(C)(C)O)nc4)nc32)CC1,0
C#C[C@]1(O)CC[C@H]2[C@@H]3CC[C@H]4C[C@H](O)CC[C@]4(C)[C@H]3CC[C@@]21C,0
CCCNC[C@]1(O)[C@H](C)O[C@@H](O[C@H]2[C@H](C)[C@@H](O[C@@H]3O[C@H](C)C[C@H](N(C)C)[C@H]3O)[C@](C)(O)C[C@@H](C)CN[C@H](C)[C@@H](O)[C@](C)(O)[C@@H](CC)OC(=O)[C@@H]2C)C[C@@]1(C)OC,0
COc1ccc(OCCCCCCn2ccnc2)c(Cl)c1,0
C[C@]12CC[C@@H]3c4ccc(O)cc4CC[C@H]3[C@@H]1C[C@@H](OC(=O)CCC(=O)O)[C@@H]2OC(=O)CCC(=O)O,0
C[C@@H]1c2nc(C(F)(F)F)nn2CCN1C(=O)C[C@H](N)Cc1cc(F)c(F)cc1F,0
O=Cc1c2ccccc2cc2ccccc12,1
Cc1cc(CC(C)CC(C)(C)C)n(O)c(=O)c1,0
Cc1ccc(O)cc1C,0
Cc1cccc(Nc2cc(Cl)nc(SCC(=O)O)n2)c1C,1
Nc1nc2c(ncn2[C@@H]2C[C@H](CO)[C@H]2CO)c(=O)[nH]1,0
OCCOCCOCCOCCOCCOCCOCCS,0
CN(Cc1ccc(C(C)(C)C)cc1)Cc1cccc2ccccc12,0
COc1nc(C(Cl)(Cl)Cl)c(Cl)c(OC(=O)O[C@H]2CC[C@@]3(C)C(=CC[C@H]4[C@@H]5CC[C@H]([C@H](C)CCCC(C)C)[C@@]5(C)CC[C@@H]43)C2)c1Cl,0
Nc1ccc([N+](=O)[O-])cc1Cl,1
O=C(NCc1ccccc1)c1cccc(O[C@H]2O[C@H](CO)[C@H](O)[C@H](O)[C@H]2O)c1,0
CCC(C)C1OC2(CCC1C)CC1CC(CC=C(C)C(OC3CC(OC)C(OC4CC(OC)C(OP(=O)(O)O)C(C)O4)C(C)O3)C(C)C=CC=C3COC4C(O)C(C)=CC(C(=O)O1)C34O)O2,1
O=C(O)C(F)(F)C(F)(F)C(F)(F)C(F)(F)C(F)(F)C(F)(F)C(F)(F)F,1
O=C(c1cc(Cc2n[nH]c(=O)c3ccccc23)ccc1F)N1CCCNCC1,0
NCc1ccc(C(=O)N2CCC3(CC2)N=C(N)c2c(F)cccc2N3)cc1,0
CN(C)[C@@H]1C(O)=C(C(N)=O)C(=O)[C@@]2(O)C(O)=C3C(=O)c4c(O)ccc(Cl)c4[C@@H](O)[C@H]3C[C@@H]12,1
O=S(=O)(O)Oc1ccc(C(c2ccc(OS(=O)(=O)O)cc2)c2ccccn2)cc1,0
CNC(=O)c1ccc2cc([C@@]3(O)CCn4cncc43)ccc2c1,0
CCC(CO)NC(=O)C1C=C2c3cccc4c3c(cn4C)CC2N(C)C1,0
N=C(N)c1ccc2[nH]c(-c3ccccc3O)cc2c1,0
O=C(O)c1co[nH]c1=O,0
C=CCn1cc(-c2nc3ccccc3nc2Cl)c2cc(OC)ccc21,0
O=C(COP(=O)(O)O)NO,0
CCOc1cc(O[C@@H]2CCOC2)c(F)c([C@@H](Nc2ccc(C(=N)N)cc2)C(=O)O)c1,0
O=C(O)CNc1ncnc2oc(-c3ccccc3)c(-c3ccccc3)c12,0
CCCCCNC(=O)c1coc([C@H]2[C@@H](Cc3ccccc3CCC(=O)O)[C@@H]3CC[C@H]2O3)n1,0
COc1ccccc1OC(=O)C(C)c1ccc(CC(C)C)cc1,0
NCC(O)c1cccc(O)c1,0
O=[N+]([O-])c1ccc2c(ccn2[C@H]2C[C@H](O)[C@@H](COP(=O)(O)O)O2)c1,0
CCCCCCCCCCCCCCCC(=O)OCC=C(C)C=CC=C(C)C=CC1=C(C)CCCC1(C)C,1
OC[C@@H](O)CS,0
O=C(NC(Cc1cc(=O)[nH]c2ccccc12)C(=O)O)c1ccc(Cl)cc1,0
COc1cc2c(Oc3ccc(NC(=O)C4(C(=O)Nc5ccc(F)cc5)CC4)cc3F)ccnc2cc1OCCCN1CCOCC1,0
COc1ccc(CNC(=O)c2cc(-c3cncc(Cl)c3)cnc2-c2ccccn2)nc1OC,0
C[C@@H]1C[C@H]2[C@@H]3CCC4=CC(=O)C=C[C@]4(C)[C@@]3(F)[C@@H](O)C[C@]2(C)[C@@]1(O)C(=O)COP(=O)(O)O,0
CCCc1c2oc(C(=O)O)cc(=O)c2cc2c(=O)cc(C(=O)O)n(CC)c12,0
C=C/C=C/C=C\CCC(C)=O,0
COc1ccc2c(c1)c(CC(=O)OCC(C(=O)O)c1ccccc1)c(C)n2C(=O)c1ccc(Cl)cc1,0
Cc1cc(SC2=C(O)C[C@@](CCc3ccc(O)cc3)(C3CCCC3)OC2=O)c(C(C)(C)C)cc1N,0
O=C(Nc1ccncc1)Nc1ccc(-c2nc(N3CCOCC3)nc(N3[C@@H]4CC[C@H]3COC4)n2)cc1,0
OC(c1ccc(Cl)cc1)(c1cncnc1)c1ccccc1Cl,1
O=C(O)C(=O)/C=C/c1ccccc1O,0
CCN1C(=O)CCC1=O,0
COc1cc2c(cc1OC)CN(CCc1ccc(-n3nnc(-c4cc(OC)c(OC)cc4NC(=O)c4cc(=O)c5ccccc5o4)n3)cc1)CC2,0
CC(C)(C(=O)O)c1ccc(C(O)CCCN2CCC(C(O)(c3ccccc3)c3ccccc3)CC2)cc1,0
COc1ccc(-c2cc(=O)c3c(O)cc(O)cc3o2)cc1,1
O=C(O[C@@H]1Cc2c(O)cc(O)cc2O[C@@H]1c1cc(O)c(O)c(O)c1)c1cc(O)c(O)c(O)c1,0
CNC(=O)Oc1cccc2c1OC(C)(C)O2,1
CC1(C)OB(O)c2cc(NC(=O)c3ccc(F)cc3C(F)(F)F)ccc21,0
O=C(O)[C@H](Cc1c[nH]c2ccccc12)NS(=O)(=O)c1ccc(N2CCC(c3ccccc3)CC2)cc1,0
O=C(c1ccc(C(O)(O)C(F)(F)F)s1)N1CCn2c(-c3ccccc3)cnc2C1,0
CC[C@@H](C)[C@H](N)C(=O)O,0
CC1=NCCc2c1[nH]c1cc(O)ccc21,1
OC[C@H]1O[C@@H](S)[C@H](O)[C@@H](O)[C@@H]1S,0
CC(=O)N(C)C1CCC([C@H](C)[C@H](N)C(=O)N2CC[C@H](F)C2)CC1,0
N[C@@H](CNC(=O)CC[C@@H](NC(=O)c1ccc(NCc2cnc3nc[nH]c(=O)c3n2)cc1)C(=O)O)C(=O)N[C@@H](CC(=O)O)C(=O)N[C@@H](CS)C(=O)O,0
N[C@@H](CCC(=O)N[C@@H](CS)C(=O)O)C(=O)O,0
O=C(O)/C=C/c1ccc(C(=O)O)cc1,0
CC(C=O)c1ccccc1,1
C[Se]C[C@H](N)C(=O)O,0
CC(=O)OCC[N+](C)(C)C,0
O=C(O)CN1C(=O)[C@@H](NC(=O)C2(C[C@@H](CCc3cccc4ccccc34)C(=O)O)CCCC2)CCc2ccccc21,0
CS(=O)(=O)c1ccc(Nc2cc(Cl)nc3ccnn23)cc1,0
O=C(NCCOCCOCCNC(=O)c1cc2cc(Cl)ccc2[nH]1)c1cc2cc(Cl)ccc2[nH]1,0
CC(Cc1ccc(C(C)(C)C)cc1)CN1CCCCC1,0
O=C1/C(=C/c2cccc([N+](=O)[O-])c2O)SC(=S)N1Cc1ccccc1,0
CCO[C@H]1O[C@@H]2O[C@@]3(C)CC[C@H]4[C@H](C)CC[C@@H]([C@H]1C)[C@@]24OO3,0
N#Cc1cc(-c2n[nH]c(-c3ccncc3)n2)ccn1,0
CNC(=O)[C@@H](c1ccccc1)N1CCc2cc(OC)c(OC)cc2[C@@H]1CCc1ccc(C(F)(F)F)cc1,0
CN1CCC(CN2c3ccccc3Sc3ccccc32)C1,0
CCOC(=O)N1CCC(=C2c3ccc(Cl)cc3CCc3cccnc32)CC1,0
CC(N)C(=O)OC(C)(C)Cc1ccc(Cl)cc1,1
COc1ccc2c3c1OC1C(=O)CCC4C(C2)N(C)CCC314,0
Cc1cc(-c2c3ccccc3c(Br)c3sc(C)c(C)c23)cc(C)c1O[C@H](Cc1ccccc1)C(=O)O,0
CCCCCCOc1nsnc1C1=CCCN(C)C1,0
C=CCn1c(=O)c2[nH]c(Cc3ccc(NC(C)=O)cc3)nc2n(CCCC)c1=O,0
O=[N+]([O-])c1ccc([As](=O)(O)O)cc1,0
NC(N)=NC(N)=NCCc1ccccc1,1
NC(=O)NS(=O)(=O)c1ccc(N)cc1,1
C[C@]12CCC(=O)C=C1CC[C@@H]1[C@@H]2[C@@H](O)C[C@]2(C=O)[C@@H](C(=O)CO)CC[C@@H]12,0
CC1(C(=O)O)CCC2(C)CCC3(C)C(=CC(=O)C4C5(C)CCC(O)C(C)(C)C5CCC43C)C2C1,1
COC1=C(OC)C(=O)C(C/C=C(\C)CC/C=C(\C)CC/C=C(\C)CC/C=C(\C)CC/C=C(\C)CC/C=C(\C)CC/C=C(\C)CC/C=C(\C)CC/C=C(\C)CCC=C(C)C)=C(C)C1=O,0
O=C1CN(c2ccccc2)S(=O)(=O)N1,0
CNC(=O)c1cccnc1,0
C[C@@H]1C[C@H]2[C@@H]3C[C@H](F)C4=CC(=O)C=C[C@]4(C)[C@@]3(Cl)[C@@H](O)C[C@]2(C)[C@H]1C(=O)COC(=O)C(C)(C)C,0
N[C@@H](CC(=O)OCC(=O)O)C(=O)O,0
C=C[C@@H]1C[C@]1(NC(=O)[C@@H]1C[C@@H](Oc2cc(-c3csc(NC(=O)C(C)C)n3)nc3c(Br)c(OC)ccc23)CN1C(=O)[C@@H](NC(=O)OC1CCCC1)C(C)(C)C)C(=O)O,0
CN1CCN(C2=Nc3ccccc3Cc3ccccc32)CC1,0
Cn1c(=O)c2c(nc(N3CCNCC3)n2Cc2ccccc2)n(C)c1=O,0
C=C1CC(=CC)C(=O)OC2CCN3CC=C(COC(=O)C1(O)CO)C23,1
CC1CCC2(C(=O)O)CCC3(C)C(=CCC4C5(C)CC(O)C(O)C(C)(CO)C5CCC43C)C2C1C,1
c1nc2nc(Nc3ccc(N4CCOCC4)cc3)nc(NC3CCCCC3)c2[nH]1,0
O=c1ccc2c([nH]1)CCC[C@H]2NCCCCCCCCCCNc1c2c(nc3ccccc13)CCCC2,0
Fc1ccc(Cn2c(NC3CCNCC3)nc3ccccc32)cc1,0
CC(C)(O)C(C)(O)c1ccc(Cl)cc1,0
CC(C)C[C@@H](N=C(N)N)C(=O)NCC(=O)N1CCC(c2cc(-c3ccc(OCc4ccc(C(=O)O)o4)c(Cl)c3Cl)nn2C)CC1,0
COC(=O)c1c(Cl)cccc1-c1ccc([C@@H](C)NC(=O)C2(NC(=O)C(F)(F)F)CC2)c(F)c1,0
CCCCC(NC(=O)C(CC(C)C)NC(=O)C(Cc1c[nH]c2ccccc12)NC(=O)C(Cc1ccccc1)NC(=O)C(Cc1c[nH]c2ccccc12)NC(=O)C(CC(N)=O)NC(=O)C(N)Cc1ccc(Cl)c(Cl)c1)C(=O)N(C(=O)C1CCCN1C(=O)C(N)CCCCNC(=O)c1cccnc1)C(=O)C1CCCN1C(=O)C(N)Cc1cccnc1,1
CCC(C(=O)O)c1ccc(CC(C)C)cc1,0
CC(=O)OCOC(=O)CN(CC(=O)OCOC(C)=O)Cc1cc2c(cc1OC(C)=O)Oc1cc(OC(C)=O)c(CN(CC(=O)OCOC(C)=O)CC(=O)OCOC(C)=O)cc1C21OC(=O)c2ccccc21,1
CC(O)(CC(=O)O)CC(=O)O,0
CCNCCc1ccc(CN(CC)c2cc(OC)ccc2C2CCc3cc(O)ccc3C2)cc1,0
C[As](=O)(O)O,1
COc1cc2c(cc1OC)C(Cc1cc(OC)c(OC)c(OC)c1)[N+](C)(CCCOC(=O)CCC=CCCC(=O)OCCC[N+]1(C)CCc3cc(OC)c(OC)cc3C1Cc1cc(OC)c(OC)c(OC)c1)CC2,0
c1ccc(-c2ncc(-c3ccn[nH]3)s2)cc1,0
CN(C)c1ccc(C(O)(c2ccc(N(C)C)cc2)c2ccc(N(C)C)cc2)cc1,0
CNCCCCOc1ccccc1Cc1ccccc1,0
COc1cc2c(cc1OC)CN(C(=O)[C@H](C)N[C@@H](CCc1ccccc1)C(=O)O)[C@H](C(=O)O)C2,0
CCN(CC)CCS(=O)(=O)[C@H]1CN2C[C@H]1C(=O)O[C@H](C(C)C)[C@H](C)/C=C/C(=O)NC/C=C/C(C)=C/[C@@H](O)CC(=O)Cc1nc(co1)C2=O,0
C[C@]12CCC(=O)C=C1CC[C@@H]1[C@@H]2[C@@H](O)C[C@@]2(C)[C@H]1CC[C@]2(O)C(=O)COP(=O)(O)O,0
CC(=O)N1CCN(c2ccc(CN(C(=O)/C=C/c3ccc(C(C)(C)C)cc3)[C@@H](Cc3ccccc3)C(=O)N3CCN(Cc4ccc(C#N)cc4)CC3)cc2)CC1,0
CCCCCc1cc(O)c2c(c1)OC(C)(C)c1ccc(C)cc1-2,0
CCOc1ccc2c(C(F)(F)F)cc(=O)oc2c1,1
O=C1CS[C@@H](c2cccc(Br)c2)N1c1cc(Cl)ccc1O,0
CC(C)Nc1ccc2cnn(-c3cncc(-n4ccc(CC(=O)O)c4)n3)c2c1,0
COC(=O)N1CCC(CN2CCC(CNC(=O)c3cccc4[nH]c(C(C)C)nc34)CC2)CC1,0
COc1c(C=O)c(O)cc2c1C(=O)c1ccccc1C2=O,1
O=P(O)(O)OC[C@H]1O[C@@H](n2cnc3c(OP(=O)(O)O)ncnc32)[C@H](O)[C@@H]1O,0
Nc1cc(C(F)(F)F)c(-c2nc(N3CCOCC3)nc(N3CCOCC3)n2)cn1,0
Nc1ncnc2c1ncn2[C@@H]1O[C@H](COP(=O)(O)O)[C@@H](O)[C@H]1OP(=O)(O)O,0
OC(OCC(COC(O)C(Cl)(Cl)Cl)(COC(O)C(Cl)(Cl)Cl)COC(O)C(Cl)(Cl)Cl)C(Cl)(Cl)Cl,0
C=C(C)C1Cc2c(ccc3c2OC2COc4cc(OC)c(OC)cc4C2C3=O)O1,1
Fc1ccccc1-c1cc(NCc2ccncc2)n2nccc2n1,0
O=C(O)CCl,1
CCOC(=O)NNc1ccc(N(CC)CC(C)O)nn1,0
NCCc1ccccc1,0
N=C(N)c1ccc2[nH]c(-c3cccc(-c4ccccc4)c3O)cc2c1,0
C[N+](C)(C)C,0
CC(=O)Cc1cc[n+]([C@@H]2O[C@H](COP(=O)([O-])OP(=O)(O)OC[C@H]3O[C@@H](n4cnc5c(N)ncnc54)[C@H](O)[C@@H]3O)[C@@H](O)[C@H]2O)cc1C(N)=O,0
COc1ccc2cc(C(C)C(=O)Oc3ccc(C(N)=S)cc3)ccc2c1,0
CNCC(=O)c1ccc(O)c(O)c1,0
C=C1CS[C@H]([C@@H](C=O)NC(=O)/C(=N\OC)c2csc(N)n2)N=C1C(=O)O,0
N[C@@H](Cc1cc(I)c(Oc2ccc(O)c(I)c2)c(I)c1)C(=O)O,0
CC1=C(C)C(=O)C(C)=C(C)C1=O,0
COc1ccc(CCNCC(O)COc2cccc(C)c2)cc1OC,0
CC(=O)Nc1ccc2c(c1)Cc1ccccc1-2,1
C[N+]1(CC2CC2)[C@@H]2CC(OC(=O)[C@H](CO)c3ccccc3)C[C@H]1[C@@H]1O[C@@H]12,0
COc1ccc(C)c(OCc2ccncc2)c1,0
O=C(O)CCC(=O)c1ccc(C2CCCCC2)c(Cl)c1,0
Nc1ccccc1C(=O)OCCC1CCCCN1,0
CN(C)CCOC(c1ccccc1)c1ccc(Br)cc1,0
CCN(CC)CCS(=O)(=O)[C@@H]1CCN2C(=O)c3coc(n3)CC(=O)C[C@H](O)/C=C(C)/C=C/CNC(=O)/C=C/[C@@H](C)[C@@H](C(C)C)OC(=O)[C@@H]12,0
COC(C)(C)CCCC(C)CC=CC(C)=CC(=O)OC(C)C,1
CCc1oc2ccccc2c1C(=O)c1cc(I)c(O)c(I)c1,1
COc1ccc(C)cc1N,1
c1ccc(C(Cc2noc(CCN3CCCCC3)n2)c2ccccc2)cc1,0
CC(=O)OCOC(=O)CN(CCOCCOCCN(CC(=O)OCOC(C)=O)CC(=O)OCOC(C)=O)CC(=O)OCOC(C)=O,1
C[C@@H](COc1ccc([C@@H]2Oc3ccc(O)cc3S[C@@H]2c2ccc(O)cc2)cc1)N1CCCC1,0
CC[N+](C)(CC)CCOC(=O)C(O)(c1cccs1)C1CCCC1,0
O=C(O)CCCCC1CCSS1,0
CCCc1ccc(OCC(O)Cn2cc(COc3ccc([N+](=O)[O-])cc3)nn2)c(OC)c1,0
CCc1occc(=O)c1O,1
O=S(=O)(O)O[C@@H]1[C@H]2OC[C@@H](O[C@@H]1O)[C@@H]2O,0
Nc1nc(N)c2nc(CNc3ccc(C(=O)NC(CCC(=O)O)C(=O)O)cc3)cnc2n1,1
CCCCCc1cc(O)c(C/C=C(\C)CCC=C(C)C)c(O)c1,0
N=C(N)c1ccc2nc(-c3ccc[nH]c3=O)[nH]c2c1,0
C[C@]12CC[C@H]3[C@@H](CCC4=CC(=O)CC[C@@H]43)[C@@H]1CCC2=O,0
CC(C)[C@@H](C)/C=C/[C@@H](C)[C@H]1CC[C@H]2/C(=C/C=C3\C[C@@H](O)CC[C@@H]3C)CCC[C@]12C,0
CNc1ccc(-c2nc3ccc(O)cc3s2)cc1[18F],0
COCc1cc(O)cc2c1O[C@@H](c1ccc(O)cc1)[C@H]1CCC[C@@H]21,0
Clc1ccc(-c2ccc(Cl)cc2Cl)cc1,1
OC[C@H]1CNC[C@@H](O)[C@@H]1O,0
Nc1ccc(S(=O)(=O)Nc2ccnn2-c2ccccc2)cc1,1
CCNC(=O)NC(=O)C(C#N)=NOC,1
CSCC[C@@H](N)C(=O)O,0
Oc1ccc(CCNCCCCCCNCCc2ccccc2)cc1O,0
O=C(O)CCCN=Cc1nc(-c2ccccc2)oc1O,0
Cc1c2c(nn1C)CSCc1cc(n(C)n1)CSc1cc(c3ccccc3c1)OCCCc1c(C(=O)O)n(C)c3c-2c(Cl)ccc13,0
O=C(C=Cc1ccccc1)c1ccccc1,1
CCc1ccc(C(=O)COc2ccc(CC3SC(=O)NC3=O)cc2)nc1,0
O=C(c1ccc(OC[C@H]2CCCN2)cc1)c1ccc(-c2ccsc2)cc1,0
c1ccc([Se][Se]c2ccccc2)cc1,1
CO/N=C1\CN(c2nc3c(cc2F)c(=O)c(C(=O)O)cn3C2CC2)CC1CN,1
C[C@H](NCC=C(c1ccsc1)c1ccsc1)[C@H](O)c1ccccc1,0
C[Si](C)(C)C(CC(=O)O)C(=O)O,0
CC1=CC[C@@H](C(C)(C)O)C[C@@H]1O,0
CC(C)OP(=O)(OC(C)C)C(Cc1cc(C(C)(C)C)c(O)c(C(C)(C)C)c1)P(=O)(OC(C)C)OC(C)C,0
CN(c1nc2ccccc2s1)C1CCN(C[C@H](O)COc2ccc(F)c(F)c2)CC1,0
Clc1ccc(CCCOCCCN2CCCCC2)cc1,0
CCNCCCCNCCCCNCCCCNCC,0
O=C(O)[C@@H]1CCCC[C@@H]1c1nc(=S)[nH][nH]1,0
CC(C)(C)c1[nH]cnc1/C=c1\[nH]c(=O)/c(=C/c2ccccc2)[nH]c1=O,0
CN(C)C(=N)N=C(N)N,1
CCCCCCCCCCCCCC(=O)OCC(COP(=O)([O-])OCC[N+](C)(C)C)OC(=O)CCCCCCCCCCCCC,0
O=P1(N(CCCl)CCCl)OCCCN1CCCl,0
CCC(=O)N(c1ccccc1)C1CCN(CCc2ccccc2)CC1C,0
O=[N+]([O-])c1ccc(OCCCO)cc1,0
N#CCC1C=CC(=Nc2nc(Nc3cc(C4CC4)[nH]n3)c3ccccc3n2)C=C1,0
NCC[C@H](NC(=O)[C@@H](N)CCCN=C(N)N[N+](=O)[O-])C(N)=O,0
CSCC[C@H](N)P(=O)(O)O,0
N=C(N)c1ccc2nc(-c3cc([C@@H](CC(=O)O)C(=O)O)cc(-c4ccccc4F)c3O)[nH]c2c1,0
NC(CCC(=O)NC(CS)C(=O)O)C(=O)O,1
CS(=O)(=O)c1ccc(-c2cc(Br)sc2-c2ccc(F)cc2)cc1,1
C=C(C)[C@@H]1CC=C(CO)CC1,0
O=C(N/N=C/c1ccc([N+](=O)[O-])o1)c1ccc(O)cc1,0
CCc1cc2c(cc1CC)CC(NC[C@H](O)c1ccc(O)c3[nH]c(=O)ccc13)C2,0
C[C@H](c1nc(-c2ccc(S(C)(=O)=O)cc2)no1)[C@H](N)C(=O)N1CCCC1,0
C[N+](C)(C)CCOP(=O)([O-])OP(=O)(O)OC[C@H]1O[C@@H](n2ccc(N)nc2=O)[C@H](O)[C@@H]1O,0
Cc1ccc2c(c1)CC(=O)c1cc(C(C)C(=O)O)ccc1O2,0
C[C@H]1CN=C(N)c2sccc2O1,0
COc1cc(C(=O)O)ccc1NC(=O)[C@@H]1N[C@@H](CC(C)(C)C)[C@](C#N)(c2ccc(Cl)cc2F)[C@H]1c1cccc(Cl)c1F,0
S=C=Nc1ccccc1,1
C=C1CSC([C@H](NC(=O)Cc2cccs2)C(=O)O)=N[C@@H]1C(=O)O,0
CCCCCc1cc(O)c2c(c1)OC(C)(C)C1CC=C(C)CC21,1
CCOCN(C(=O)CCl)c1c(C)cccc1CC,1
CCOP(=O)(OCC)[C@@H](C)NC(=O)N(CCCl)N=O,0
CCCC(CCC)C(=O)O,1
C[C@H](C(=O)O)c1ccc(C(=O)c2ccc(I)s2)cc1,0
OC[C@H]1O[C@H](S[C@H]2[C@H](O)[C@@H](O)[C@@H](O[C@H]3[C@H](O)[C@@H](O)[C@@H](S[C@H]4[C@H](O)[C@@H](O)[C@@H](O[C@H]5[C@H](O)[C@@H](O)[C@@H](S[C@H]6[C@H](O)[C@@H](O)[C@@H](O)O[C@@H]6CO)O[C@@H]5CO)O[C@@H]4CO)O[C@@H]3CO)O[C@@H]2CO)[C@H](O)[C@@H](O)[C@@H]1O,0
O=C(OCCN1CCCCCC1)C(c1ccsc1)C1CCCCC1,0
CN1c2ccccc2C(=O)N2CCc3c([nH]c4ccccc34)C21,1
C[C@]12C=CC(=O)C=C1[C@@H](Cl)C[C@@H]1[C@@H]2C(=O)C[C@@]2(C)[C@H]1CC[C@]2(O)C(=O)CO,0
C=CC1=C(C)C(C=c2[nH]c(=Cc3[nH]c(C=C4NC(=O)C(C)=C4C=C)c(C)c3CCC(=O)O)c(CCC(=O)O)c2C)=NC1=O,1
CC(=O)N[C@@H](C)C(=O)N[C@@H](Cc1ccccc1)C(=O)CCCl,0
CCC(=O)O[C@H]1C[C@H]2OC[C@@]2(OC(C)=O)[C@H]2[C@H](OC(=O)c3ccccc3)[C@]3(O)C[C@H](OC(=O)[C@H](O)[C@@H](NC(=O)OC(C)(C)C)c4ccco4)C(C)=C([C@@H](O)C(=O)[C@]12C)C3(C)C,0
O=c1cc(-c2ccccc2)oc2cc(OCCCN3CCN(CCCNc4c5c(nc6ccccc46)CCCC5)CC3)cc(O)c12,1
O=c1oc2ccccc2c(O)c1C1CC(c2ccc(-c3ccc(Br)cc3)cc2)Cc2ccccc21,1
Cc1cc(C(=O)N(C)C)cc(NC(=O)[C@H]2CCC(=O)N2C2CCN(Cc3ccc(Cl)c(C)c3)CC2)n1,0
C[C@@H]1CN(C(=O)c2ccc(NC(=O)c3cc(O[C@H](C)c4c(Cl)ccc(F)c4Cl)c(N)nn3)cc2)C[C@H](C)N1,0
CCCCCCCCCC(=O)O[C@H]1CC[C@H]2[C@@H]3CCC4=CC(=O)CC[C@@H]4[C@H]3CC[C@]12C,0
N[C@@H](COP(=O)(O)O)C(=O)O,0
CNC(C)Cc1ccc(O)cc1,0
CCN(CC)C(C)C=C(c1cccs1)c1cccs1,0
O=C(Nc1cccc(C(F)(F)F)c1)Nc1ncc(CCNc2ncnc3ccsc23)s1,0
CCCN(CCC)C(=S)S,1
C=CN1CCCC1=O,1
Cc1cc(Nc2ccc3cc4ccccc4cc3c2)n2ncnc2n1,0
CCCOc1ccc2[nH]cc(C[C@@H](NS(=O)(=O)CC)C(=O)N[C@@H](CCC(N)=O)C(=O)NCc3ccc(C(=N)N)cc3)c2c1,0
Nc1ccn(C[C@@H](CO)OCP(=O)(O)O)c(=O)n1,0
CCCCCC=O,1
CC[C@H](C)[C@@H]1NC(=O)[C@H](Cc2ccc(O)cc2)NC(=O)CCSSC[C@H](C(=O)N2CCC[C@H]2C(=O)N[C@@H](CC(C)C)C(=O)NCC(N)=O)NC(=O)[C@H](CC(N)=O)NC(=O)[C@H](CCC(N)=O)NC1=O,0
COC(=O)CCC(=O)CN,0
NC[C@@H](F)C[P+](=O)O,0
O=C(O)CCC(NC(=O)NC(CCCCNC(=O)c1ccc(F)nc1)C(=O)O)C(=O)O,0
COc1ccc(C2C(Cl)C(=O)N2C2=C(Cl)C(=O)c3ccccc3C2=O)cc1,0
CN1CCN(c2ccc3nc(-c4ccc5nc(-c6ccc(N(C)C)cc6)[nH]c5c4)[nH]c3c2)CC1,0
NC(=O)c1cccc(-c2ccc([C@H](N)Cc3cc(F)ccc3F)cc2)c1,0
O=c1[nH]c(=O)n(C2OC(CO)C(O)C2F)cc1I,1
C=CCN1CCC[C@H]1CNC(=O)c1cc(CCCF)cc(OC)c1OC,0
CC(C)C(=O)OC[C@@]1(N=[N+]=[N-])O[C@@H](n2ccc(N)nc2=O)[C@@H](C)[C@@H]1OC(=O)C(C)C,0
C[C@@H](Nc1c(Nc2ccncc2)c(=O)c1=O)c1ccccc1,0
Cc1cccc(-c2[nH]c(CNc3ccccc3F)nc2-c2ccc3ncnn3c2)n1,0
Fc1ccc(-c2ncn(CC3CC3)c2-c2ccncc2)cc1,0
COc1cc(N)c(Cl)cc1C(=O)N[C@@H]1CCN(CCCCCC(=O)O[C@H]2CN3CCC2CC3)C[C@@H]1OC,0
CN1CCN(CC(=O)[C@@]2(O)CC[C@H]3[C@@H]4CCC5=CC(=O)C=C[C@]5(C)[C@H]4[C@@H](O)C[C@@]32C)CC1,0
CC(C)(C)NCC(O)COc1ccccc1OCC1CCCO1,0
N#C[Se]Cc1ccc(C[Se]C#N)cc1,1
OC[C@@H]1[C@@H](O)[C@H](O)[C@@H](O)c2nc(-c3ccccc3)cn21,0
CC1(C)[C@H]2CC[C@]1(C)C(=O)C2,0
COc1ccc(OC)c(CN(C)c2cnc3nc(N)nc(N)c3c2)c1,0
C[C@]12C=C[C@H](O)C[C@@H]1CC[C@@H]1[C@@H]2CC[C@]2(C)[C@@H](O)CC[C@@H]12,0
c1csc(C2(N3CCCCC3)CCCCC2)c1,0
CNC(C)Cc1ccccc1,0
C=CC1=C(C)C(/C=c2\[nH]/c(=C\c3[nH]c(/C=C4\NC(=O)C(C)=C4C=C)c(C)c3CCC(=O)O)c(CCC(=O)O)c2C)=NC1=O,0
O=[N+]([O-])c1ccc(I)c([N+](=O)[O-])c1,1
CN[C@@H]1C[C@H]2O[C@@](C)([C@@H]1OC)n1c3ccccc3c3c4c(c5c6ccccc6n2c5c31)C(=O)NC4,0
O=C(O)c1ccc(O)cc1O,0
CCCC1(CCc2ccccc2)CC(O)=C(C(CC)c2cccc(NS(=O)(=O)c3ccc(C(F)(F)F)cn3)c2)C(=O)O1,1
O=C(O)[C@]1(O)C[C@H](CCCOc2ccccc2)[C@@H](O)[C@H](O)C1,0
OC[C@@H]1N[C@@H](CO)[C@H](O)[C@H]1O,0
CC12NC(Cc3ccccc31)c1ccccc12,1
C[C@H]1CN(C(=O)CC#N)[C@]12CCN(c1ncnc3[nH]ccc13)C2,0
O=S(O)(O)=S,0
NC(=O)c1cnc2ccn(S(=O)(=O)c3ccccc3[N+](=O)[O-])c2c1,0
O=C(O)c1cccc2c1Oc1c(C(=O)O)cccc1N2c1cccc(C(F)(F)F)c1,0
NC(=NCCC[C@H](N)C(=O)O)N[N+](=O)[O-],0
O=C(Nc1cccc(C2=NCCN2)c1)Nc1cccc(C2=NCCN2)c1,0
Nc1ncnc2c1ncn2[C@@H]1O[C@H](COP(=O)(O)CP(=O)(O)OP(=O)(O)O)[C@@H](O)[C@H]1O,0
CC(C)[C@H]1CC[C@H](C(=O)N[C@H](Cc2ccccc2)C(=O)O)CC1,0
CCc1c2cc(O)ccc2nn1-c1ccc(O)cc1,0
[Dy+3],1
N#CCc1ccc(Nc2nc(Nc3cc(C4CC4)[nH]n3)c3ccccc3n2)cc1,0
COc1ccccc1OCC(O)CO,0
CC1(C)O[C@@H]2C[C@H]3[C@@H]4C[C@H](F)C5=CC(=O)C=C[C@]5(C)[C@@]4(F)[C@@H](O)C[C@]3(C)[C@]2(C(=O)CO)O1,0
C=C1CC[C@H]2[C@@H](/C=C(\C)C(=O)[C@@]3(OC(C)=O)C[C@H](C)[C@H](OC(=O)c4ccccc4)[C@@H]3[C@H]1OC(C)=O)C2(C)C,0
CCCC(CCC)C(=O)Nc1ccn([C@@H]2O[C@H](CO)[C@@H](O)C2(F)F)c(=O)n1,0
CO/N=C(\C(=O)N[C@@H]1C(=O)N2C(C(=O)OCOC(=O)C(C)(C)C)=C(Cn3nnc(C)n3)CS[C@H]12)c1csc(N)n1,0
CC(C)(C)c1snc(O)c1C[C@H](N)C(=O)O,0
O=C(NC1CCNCC1)c1[nH]ncc1NC(=O)c1c(Cl)cccc1Cl,0
COCC#CC[C@@H](NS(=O)(=O)c1ccc(-c2ccc(OC)cc2)cc1)C(=O)O,0
C[C@@H]1c2cc(O)ccc2O[C@@H](c2ccc(OCCN3CCCC3)cc2)[C@H]1c1ccc(O)cc1,0
O=C1NCc2c(-c3ccc(F)cc3F)cc(N3CCNCC3)cc2N1c1c(Cl)cccc1Cl,0
O=P(O)(O)CN(CC(O)O)C[C@@H](O)[C@@H](O)[C@H](O)[C@H](O)COP(=O)(O)O,0
CCN(CC)c1ccc(C=O)cc1,1
O=C(Nc1ccccc1)OCC1(COC(=O)Nc2ccccc2)CCCC1,0
COC(=O)c1ccc(NC(=O)NC[C@H]2CC[C@@H](C(=O)N3CCC[C@H]3CN)N2)cc1,0
CC(=O)OC1C(=O)C2(C)C(O)CC3OCC3(OC(C)=O)C2C(OC(=O)c2ccccc2)C2(O)CC(OC(=O)C(O)C(NC(=O)c3ccccc3)c3ccccc3)C(C)=C1C2(C)C,1
CCCCC1C(=O)N(c2ccccc2)N(c2ccccc2)C1=O,1
CCOC(=O)c1cccc(N)c1,0
COc1ccc(C=CC(=O)OCCC(C)C)cc1,0
CC(=O)Nc1cccc2c1-c1ccccc1C2,1
O=[N+]([O-])c1ccc(/C=C/c2cccc(CO)n2)o1,0
Clc1ccc2c(c1Cl)CNCC2,0
O=C(O)C1CSCN1,0
CCOc1cc(OCC)c(C(=O)CCC(=O)O)cc1OCC,0
COc1cccc(-c2cccc(CC[C@]3(C)CC(=O)N(C)C(N)=N3)c2)c1,0
CC1(C)N([O])C(c2ccccc2)=[N+]([O-])C1(C)C,1
N#C[C@@H](O)c1ccccc1,0
OCC(O)CN1CCN(c2ccccc2)CC1,0
O=c1[nH]c(=O)c2c([nH]1)n(C[C@H](O)[C@@H](O)[C@H](O)CO)c(=O)n2CCCOP(=O)(O)O,0
CN(C)CCN(Cc1ccc(Cl)cc1)c1ccccn1,0
NCC(O)CC(=O)O,0
CC(C)=CCc1cc(O)cc(Sc2ccccc2C(=O)O)c1O,0
CCN(CC)CCNC(C(=O)OCCC(C)C)c1ccccc1,0
CC(C)NC(=O)C[C@H]1CCCN(C(=O)c2ccc(N3CCCC3)cc2Cl)c2ccccc21,0
Cc1cc(C(=O)Nc2cc(Oc3ccc4nc(NC(=O)C5CC5)cn4n3)ccc2C)n(C)n1,0
C[N+](C)(C)CC(O)CC(=O)[O-],0
C=C(CCC[C@H](N)C(=O)O)C(=O)O,0
Cc1c(CN(C)C(=O)/C=C/c2cnc3c(c2)CCC(=O)N3COP(=O)(O)O)oc2ccccc12,0
C=CCC1(C2C=CCC2)C(=O)NC(=O)NC1=O,0
Cc1nsc(-c2nnc3n2CCN(C(=O)c2ccc(F)cc2)[C@@H]3C)n1,0
CC1NCCOC1c1ccccc1,0
C[C@@H](C1CC1)N1Cc2cc(-c3cc(C(=O)N(C)C)no3)cc(Cl)c2C1=O,0
C=COCC(F)(F)F,1
NCCCCC(NC(=O)C1CCCN1C(=O)C1CSSCC(NC(=O)CNC(=O)CNC(=O)CN)C(=O)NC(Cc2ccc(O)cc2)C(=O)NC(Cc2ccccc2)C(=O)NC(CCC(N)=O)C(=O)NC(CC(N)=O)C(=O)N1)C(=O)NCC(N)=O,1
ClC(Br)Br,1
N=C(N)n1cc2cccc([N+](=O)[O-])c2n1,0
NC(=O)c1ccc(I)c([N+](=O)[O-])c1,0
CCC(=O)N1CC[C@H](Nc2ncnc3c2CN(c2cnc(OC)c(C(F)(F)F)c2)CC3)C1,0
O=C(O)c1ccc(-c2c[nH]c3ncc(-c4ccccc4)cc23)cc1,0
CN(C)[C@@H]1C(O)=C(C(N)=O)C(=O)[C@@]2(O)C(O)=C3C(=O)c4c(O)c(NC(=O)CN5CCCC5)cc(F)c4C[C@H]3C[C@@H]12,0
CC(=O)OC/C=C(C)/C=C/C=C(C)\C=C\C1=C(C)CCCC1(C)C,0
CC(C)C[C@@H](NS(=O)(=O)c1ccc(-c2ccccc2)cc1)C(=O)O,0
O=C(OC1OC2COC(=O)c3cc(O)c(O)c(O)c3-c3c(cc(O)c(O)c3O)C(=O)OC2C2OC(=O)c3cc(O)c(O)c(O)c3-c3c(cc(O)c(O)c3O)C(=O)OC12)c1cc(O)c(O)c(O)c1,1
CC(=N)N1CCC(Oc2ccc3c4ccccc4n(Cc4ccc5ccc(C(=N)N)cc5c4)c3c2)CC1,0
O=S(=O)(c1ccc(NC(CC(c2ccccc2)S(=O)(=O)O)S(=O)(=O)O)cc1)c1ccc(NC(CC(c2ccccc2)S(=O)(=O)O)S(=O)(=O)O)cc1,0
COc1cc2ncc(-c3ccccc3)nc2cc1OC,1
O=S(=O)(c1cccc2c(Cl)cccc12)N1CCCNCC1,1
COC[C@H](NC(=O)c1cnc(C)s1)C(=O)N[C@@H](COC)C(=O)N[C@@H](Cc1ccccc1)C(=O)[C@@]1(C)CO1,0
CCN(CC)CCNC(=O)c1c(C)[nH]c(/C=C2\C(=O)Nc3ccc(Cl)cc32)c1C,0
CO[C@@]12CC[C@@]3(C[C@@H]1[C@](C)(O)C(C)(C)C)[C@H]1Cc4ccc(O)c5c4[C@@]3(CCN1CC1CC1)[C@H]2O5,0
CC[C@@H](C)[C@H]1C(=O)N2CCC[C@H]2[C@]2(O)O[C@](NC(=O)[C@@H]3C[C@@H]4c5cccc6[nH]cc(c56)C[C@H]4N(C)C3)(C(C)C)C(=O)N12,0
C[C@@H](c1ccccc1)N(C)C=O,0
NC(=O)[C@@H](N)Cc1ccccc1,0
CCC(c1ccccc1)C(c1ccccc1)c1ccc(OCCN(C)C)cc1,0
O=C(O)C1CSC(C(=O)O)N1,0
O=C(O)c1ccc(CN2C[C@@H]3C[C@H]2CN3Cc2ccc(Oc3ccc(-c4ncco4)cc3)cc2)cc1,0
C[C@@H](O)[C@H](N)CO,0
CC(CCC(=O)NCCS(=O)(=O)O)C1CCC2C3CCC4CC(O)CCC4(C)C3CC(O)C12C,1
C=CC1C(OC2OC(CO)C(O)C(O)C2O)OC=C2C(=O)OCCC21O,1
NNC(=O)c1cc2cc([N+](=O)[O-])ccc2s1,0
C=C1C(=O)OC2CC(C)C3C=CC(=O)C3(C)C(O)C12,1
CCNC(=O)[C@@H]1CCCN1C(=O)[C@H](CCCNC(=N)N)NC(=O)[C@H](CC(C)C)NC(=O)[C@@H](COC(C)(C)C)NC(=O)[C@H](Cc1ccc(O)cc1)NC(=O)[C@H](CO)NC(=O)[C@H](Cc1c[nH]c2ccccc12)NC(=O)[C@H](Cc1c[nH]cn1)NC(=O)[C@@H]1CCC(=O)N1,0
CC(C)CON=O,1
CC(=O)N1C[C@H](O)C[C@H]1C(=O)N[C@@H](CCCN=C(N)N)C(=O)c1nc2ccccc2s1,0
C[C@H](OP(=O)(O)OC[C@@H](O)[C@@H](O)[C@@H](O)Cn1c2cc(=O)ccc-2cc2c(=O)[nH]c(=O)[nH]c21)C(=O)N[C@@H](CCC(=O)N[C@@H](CCC(=O)O)C(=O)O)C(=O)O,0
N[C@H](Cc1c[nH]c2ccccc12)C(=O)O,0
CC[C@H](C)[C@H](NC(=O)[C@@H]1CCCN1C(=O)CNC(=O)[C@H](Cc1ccccc1)NC(=O)[C@H](CC(N)=O)NC(=O)[C@H](CC(N)=O)NC(=O)[C@H](CO)NC(=O)[C@H](CO)NC(=O)[C@H](Cc1c[nH]cn1)NC(=O)[C@@H](NC(=O)[C@H](CC(C)C)NC(=O)[C@H](Cc1ccccc1)NC(=O)[C@H](CC(N)=O)NC(=O)[C@H](C)NC(=O)[C@H](CC(C)C)NC(=O)[C@H](CCCNC(=N)N)NC(=O)[C@H](CCC(N)=O)NC(=O)[C@@H](NC(=O)[C@H](C)NC(=O)[C@@H]1CSSC[C@H](NC(=O)[C@@H](N)CCCCN)C(=O)N[C@@H](CC(N)=O)C(=O)N[C@@H]([C@@H](C)O)C(=O)N[C@@H](C)C(=O)N[C@@H]([C@@H](C)O)C(=O)N1)[C@@H](C)O)C(C)C)C(=O)N[C@@H](CC(C)C)C(=O)N1CCC[C@H]1C(=O)N1CCC[C@H]1C(=O)N[C@H](C(=O)N[C@@H](CC(N)=O)C(=O)N[C@H](C(=O)NCC(=O)N[C@@H](CO)C(=O)N[C@@H](CC(N)=O)C(=O)N[C@H](C(=O)N[C@@H](Cc1ccc(O)cc1)C(N)=O)[C@@H](C)O)C(C)C)[C@@H](C)O,0
Cn1cc(NC(=O)c2cc(NC(=O)c3cc(NC=O)cn3C)cn2C)cc1C(=O)NCCC(=N)N,0
CC(C)Nc1ccc(Nc2ccccc2)cc1,0
CC(C)(C)Cn1c(N)nc2ccc(-c3[nH]c(C(C)(C)C)nc3-c3ccc(F)cc3)nc21,0
O=C(O)CCCCC(=O)O,0
COc1cc2c(cc1OC)[C@H](c1cc(OC)c(OC)c(OC)c1)[N@@+](C)(CCCOC(=O)/C=C(\Cl)C(=O)OCCC[N@+]1(C)CCc3cc(OC)c(OC)cc3[C@H]1Cc1cc(OC)c(OC)c(OC)c1)CC2,0
CC(=O)c1sc(Nc2ccccc2)nc1C,0
O=c1[nH]c(=O)n([C@H]2C[C@H](O)[C@@H](CO)O2)cc1C(F)(F)F,0
OC[C@H]1O[C@H](S)[C@H](O)[C@@H](O)[C@@H]1S,0
C=CCC1(CC(C)C)C(=O)NC(=S)NC1=O,0
CN(C)CCOc1ccccc1Cc1ccccc1,0
CC(C)c1c(OC#CC2CC2)c2cc(F)ccc2[nH]c1=O,0
CC(C)C(=O)Oc1ccc(CO)cc1[C@H](CCN(C(C)C)C(C)C)c1ccccc1,0
CCCn1c(C2CCNCC2)nc(-c2ccc(Cl)c(Cl)c2)c1-c1ccnc(NC2CCCCC2)n1,0
NCCS,1
C#C[C@]1(O)CC[C@H]2[C@@H]3CCc4cc(OC5CCCC5)ccc4[C@H]3CC[C@@]21C,0
NCC1(c2ccc(Cl)cc2)CCN(c2ncnc3[nH]ccc23)CC1,0
CC(C)(C)C(=O)Oc1ccc2c(c1)nc(NC(=O)c1cccc([N+](=O)[O-])c1)n2CCCO,0
CCCCCCCCCCCCCC=CC(O)C(N)CO,1
CCN(C)C(=O)C(C)[S+](C)[O-],1
O=C(O)C(=O)C[C@H](O)[C@@H](O)CO,0
COC(=O)c1cc(Oc2ccc(Cl)cc2Cl)ccc1[N+](=O)[O-],1
CC[C@@H](C(=O)O)[C@@H]1O[C@@H]([C@@H](C)[C@H](O)[C@H](C)C(=O)[C@H](CC)[C@H]2O[C@]3(C=C[C@@H](O)[C@]4(CC[C@@](C)([C@H]5CC[C@](O)(CC)[C@H](C)O5)O4)O3)[C@H](C)C[C@@H]2C)[C@@H](C)C[C@@H]1C,0
Clc1ccc(-c2cccc(Cl)c2Cl)c(Cl)c1,1
Cn1c(=O)[nH]c2c(=O)[nH]c(=O)[nH]c21,0
CCCCC1(CC)C(=O)NC(=O)NC1=O,0
CCOP(=S)(OCC)SCSCC,1
C=CCN1CC[C@]23c4c5ccc(O)c4O[C@H]2C(=O)CC[C@@]3(O)[C@H]1C5,0
NC[C@@H]1CC[C@@H](N)[C@@H](O[C@H]2[C@H](O)[C@@H](O[C@H]3O[C@H](CO)[C@@H](O)[C@H](N)[C@H]3O)[C@H](N)C[C@@H]2N)O1,0
C[C@H]1O[C@H](OP(=O)(O)OP(=O)(O)OC[C@H]2O[C@@H](n3cnc4c(=O)[nH]c(N)nc43)[C@H](O)[C@@H]2O)[C@@H](O)[C@@H](O)[C@@H]1O,0
CC(C)NC[C@@H](O)COc1cccc2ccccc12,0
O=S(=O)(c1ccc(Cl)cc1)c1ccc(Cl)cc1,1
CCC1=C[C@@H]2Cc3nc4cc(Cl)ccc4c(N)c3[C@H](C1)C2,0
CC(=O)[C@H]1CC[C@H]2[C@@H]3CC[C@H]4C[C@@H](OC(=O)CCC(=O)O)CC[C@]4(C)[C@H]3CC[C@]12C,0
CC1O[C@@]2(CS1)CN1CCC2CC1,0
CC(C)CC/C=C\C=C\C(=O)N[C@H](C(=O)N[C@@H]1C(=O)N[C@H](C(C)C)C(=O)N[C@@H](CCCCN)C(=O)N[C@@H](C(O)C(=O)O)C(=O)N[C@@H](CC(=O)O)C(=O)NCC(=O)N[C@H](C(C)C(=O)O)C(=O)N[C@@H](C(C)C)C(=O)N2C[C@H](C)C[C@H]2C(=O)NC1C)C(C)C(=O)O,0
CC12C=CC(=O)C=C1CCC1C2CCC2(C)C1CCC2(C)O,1
CN(C)CC=C(c1ccc(Br)cc1)c1cccnc1,1
CC(CC(C(N)=O)(c1ccccc1)c1ccccc1)N(C)C,0
CS(=O)(=O)OCCN(CCBr)c1c(C(=O)NCCOP(=O)(O)O)cc([N+](=O)[O-])cc1[N+](=O)[O-],0
CCOC(=O)CCN(SN(C)C(=O)Oc1cccc2c1OC(C)(C)C2)C(C)C,1
CCC(C)(CN(C)C)OC(=O)c1ccccc1,0
O=Cc1ccco1,1
CCC(=O)O[C@@](Cc1ccccc1)(c1ccccc1)[C@@H](C)CN(C)C,0
CC[C@H](CC[C@@H](C)[C@H]1CC[C@H]2[C@@H]3CC=C4C[C@@H](O)CC[C@]4(C)[C@H]3CC[C@]12C)C(C)C,0
CC(CCN1CCN(c2ccc(F)cc2)CC1)NC(=O)c1cccnc1,0
N[C@@H](CCCCO)C(=O)O,0
CCOc1ccc(C[C@@H](CN(CCN(CC(=O)O)CC(=O)O)CC(=O)O)N(CC(=O)O)CC(=O)O)cc1,0
CC(=O)O[C@H]1C[C@H](O[C@H]2[C@@H](O)C[C@H](O[C@H]3[C@@H](O)C[C@H](O[C@H]4CC[C@@]5(C)[C@H](CC[C@@H]6[C@@H]5C[C@@H](O)[C@]5(C)[C@@H](C7=CC(=O)OC7)CC[C@]65O)C4)O[C@@H]3C)O[C@@H]2C)O[C@H](C)[C@H]1O[C@@H]1O[C@H](CO)[C@@H](O)[C@H](O)[C@H]1O,0
Cn1nccc1-c1ccc(Sc2cccc(C3(C(N)=O)CCOCC3)c2)cc1,0
Cc1cccc(C)c1OCC(C)N,1
CCCNCC(O)COc1ccccc1C(=O)CCc1ccccc1,1
c1ccn(CCOc2ccc3[nH]ccc3c2)c1,0
Cc1c(N(C)C)c(=O)n(-c2ccccc2)n1C,1
O=C(O)c1ccc(-c2ccccc2Cl)o1,0
Cc1ccc(CN(Cc2ccc(C(=O)N3CCc4ccc(OS(N)(=O)=O)cc4C3)cc2)Cc2ccco2)s1,0
COc1nc(N)nc2nc[nH]c12,1
C=CCC1(CC=C)C(=O)NC(=O)NC1=O,0
NC[C@@H](c1ccc(Cl)cc1)c1ccc(-c2cn[nH]c2)cc1,0
CCN(CC)CCNC(=O)COc1ccc(OC)cc1,0
CC1(C)CCC(C)(C)c2cc(C(=O)Nc3ccc(C(=O)O)cc3)ccc21,1
CC1(C)S[C@@H]2[C@H](NC(=O)[C@H](NC(=O)c3cnc4cccnc4c3O)c3ccccc3)C(=O)N2[C@H]1C(=O)O,0
N[C@@H](Cc1cc(Br)c(O)c(Br)c1)C(=O)O,0
O=C(NOC[C@@H](O)CO)c1cc(Br)c(F)c(F)c1Nc1ccc(I)cc1F,0
CCC(=O)N(c1ccccc1)C1CCN(CC(O)c2ccccc2)CC1C,0
COc1ccc(C[C@H](NC(=O)CC(C)(C)N)C(=O)N[C@@H](Cc2cnc[nH]2)C(=O)N[C@@H](CC2CCCCC2)[C@@H](O)[C@@H](O)CC(C)C)cc1,0
CC(C)=CCCC(C)(OC1OC(CO)C(O)C(O)C1O)C1CCC2(C)C1C(O)CC1C3(C)CCC(O)C(C)(C)C3C(OC3OC(CO)C(O)C(O)C3O)CC12C,1
COC(C)(C)C,1
CNCC[C@@H](Oc1ccccc1C)c1ccccc1,1
O=C1C(=C(O)C=Cc2ccc(O)cc2)C(O)=C(C2OC(CO)C(O)C(O)C2O)C(=O)C1(O)C1OC(CO)C(O)C(O)C1O,1
[201Tl+],0
O=P(O)(O)O[C@H]1O[C@H](CO)[C@@H](O)[C@H](O)[C@H]1O,0
CC1OC(OC2C(=O)c3c(O)cc(O)cc3OC2c2ccc(O)c(O)c2)C(O)C(O)C1O,1
CC(=O)OCC(=O)[C@@]1(OC(C)=O)[C@@H](C)C[C@H]2[C@@H]3C[C@H](F)C4=CC(=O)C=C[C@]4(C)[C@@]3(F)[C@@H](O)C[C@@]21C,0
CCC(C)C1OC2(C=CC1C)CC1CC(CC=C(C)C(OC3CC(OC)C(OC4CC(OC)C(O)C(C)O4)C(C)O3)C(C)C=CC=C3COC4C(O)C(C)=CC(C(=O)O1)C34O)O2,1
O=C(Cc1ccc(I)cc1)NC[PH](=O)O,0
CC(C)(C)COc1ccc(-n2cc(C(=O)O)cn2)cc1C#N,0
COC(=O)NC(C(=O)NC(Cc1ccccc1)C(O)CN(Cc1ccc(-c2ccccn2)cc1)NC(=O)C(NC(=O)OC)C(C)(C)C)C(C)(C)C,1
O=c1ccc2nc3ccc(OCc4ccccc4)cc3oc-2c1,1
CC(C(=O)N1c2ccccc2Sc2ccccc21)[N+]1(C)CCCC1,0
CN1CC(=O)N2[C@H](c3ccc4c(c3)OCO4)c3[nH]c4ccccc4c3C[C@@H]2C1=O,1
CC(=O)OCC(=O)C12N=C(C)OC1CC1C3CCC4=CC(=O)C=CC4(C)C3C(O)CC12C,0
CNCc1ccc(-c2cccnc2)o1,0
CN(C)CC/C=C1/c2ccccc2Sc2ccc(Cl)cc21,1
CCC(NC(C)C)C(O)c1ccc(O)c2[nH]c(=O)ccc12,1
C#Cc1cnc2[nH]c(=O)n(C(CC)CC)c2n1,0
c1cc2c3c(c1)[C@H]1CCC[C@H]1CN3CCNC2,0
O=C(Nc1ccccc1)c1ccccc1O,0
CC(C)CC(NC(=O)CNC(=O)c1cc(Cl)ccc1Cl)B(O)O,1
CC12COC(=O)CC1CCC1C2CCC2(C)C1CCC2(C)O,1
Oc1ccc(CN=C=S)cc1,1
CCC(=O)C(CC(C)N1CCOCC1)(c1ccccc1)c1ccccc1,0
Cc1c(-c2ccccc2)[n+](/N=N/[n+]2c(-c3ccccc3)c(C)n3ccccc32)c2ccccn12,0
[Cr+6],1
CC(C)(N)NC(=O)C[C@H]1CC[C@]2(CC1)OOC1(O2)[C@H]2CC3CC(C[C@H]1C3)C2,0
CCCCCC(O)C=CC1OC2CC(O2)C1CC=CCCCC(=O)O,1
CCCCCCCCCCCCCCCC(=O)OC[C@H](COP(=O)(O)OCCNC(=O)[C@H](C)NC(=O)CC[C@@H](NC(=O)[C@H](C)NC(=O)[C@@H](C)O[C@@H]([C@H](O)[C@H](O)CO)[C@H](C=O)NC(C)=O)C(N)=O)OC(=O)CCCCCCCCCCCCCCC,0
CCCC(CCC)CCCC1COCCN1CCO,0
CN(C)CCON=C1c2ccccc2CCc2ccccc21,0
CCCCCCCC(=O)OCC(O)CO,0
CSCC[C@H](NC(=O)[C@@H]1CCCN1C(=O)[C@H](Cc1ccc(O)cc1)NC(=O)CS)C(N)=O,0
Nc1ncnc2c([C@@H]3O[C@H](COP(=O)(O)O)[C@@H](O)[C@H]3O)[nH]nc12,0
CC(C)(CO)[C@@H](O)C(=O)O,0
CC(N)=S=O,1
CCCCCN,0
CCCCCCCCC(=O)OC[C@H](CO)OC(=O)CCC,0
NC(=O)C1=CN([C@@H]2O[C@H](COP(=O)(O)OP(=O)(O)OC[C@H]3O[C@@H](n4cnc5c(N)ncnc54)[C@H](OP(=O)(O)O)[C@@H]3O)[C@@H](O)[C@H]2O)C=CC1,0
O=C(/C=C/c1ccc(O)c(O)c1)NCCc1ccc(O)cc1,0
CCCCCCCCCCCCCCCCSCC(COC)COP(=O)([O-])OCC[N+](C)(C)C,1
C=CC1=C(C)c2cc3[nH]c(cc4nc(cc5[nH]c(cc1n2)c(C)c5CCC(=O)O)C(CCC(=O)O)=C4C)c(C)c3C(C)OCCCCCC,0
CN(C)CC(=O)OC[C@@H](O)[C@@H](O)[C@H](O)[C@@H](O)C(=O)O,0
O=C(O)C1CCCCC1(O)c1ccccc1,0
COc1ccccc1-c1ccc(C(=O)O)o1,0
CC[C@H]1OC(=O)[C@H](C)[C@@H](O)[C@@H](C)C[C@@H](C)C(=O)/C=C/[C@H]1C,0
Cc1cccc(C)c1NC(=O)C(C)N,1
CCOC(=O)CCC(=O)OC1C(OC2C(C)C(OC3CC(C)(OC)C(O)C(C)O3)C(C)C(=O)OC(CC)C(C)(O)C(O)C(C)C(=O)C(C)CC2(C)O)OC(C)CC1N(C)C,1
CN1[C@@H]2CC[C@H]1CC(OC(=O)C(CO)c1ccccc1)C2,0
CC(=O)NCCCS(=O)(=O)O,1
Cc1coc2c1CCC(C)C2,1
O=C(N[C@@H]1C2CCN(CC2)[C@H]1Cc1cccnc1)c1cc(F)cc(F)c1,0
[Ti+3],1
CC(C)C(C(=O)OC(C#N)c1cccc(Oc2ccccc2)c1)c1ccc(OC(F)F)cc1,1
Clc1ccc2c(NCCNCCNc3ccnc4cc(Cl)ccc34)ccnc2c1,0
N[C@H](CO)CCCCNC(=O)O,0
CCC(CC)C(c1ccc(Nc2nc3ccccc3s2)cc1)n1cncn1,0
N[C@H](Cc1ccccc1)C(=O)N1CCC[C@H]1C(=O)NCCNc1ccncc1,0
CN1CC(O)C2=CC(=NNC(N)=O)C(=O)C=C21,0
CN(C)S(=O)(=O)c1ccc2c(c1)N(CCCN1CCC(CCO)CC1)c1ccccc1S2,0
CN1CCC(=C2c3ccccc3CCc3cccnc32)CC1,0
NC(N)=NCCc1ccc(B2OC[C@@H](CO)O2)cc1,0
CCOCCn1nc(C(=O)NS(C)(=O)=O)c2nc(N(C)CC)nc(Nc3cc(C)ccn3)c21,0
CNc1ccc(C=Cc2ccc(OCCOCCOCCF)nc2)cc1,0
C=C[C@@H]1C(C)=C2/C=c3\[nH]c(c(C)\c3=C\O)/C=c3\[nH]/c(c(CCC(=O)O)c3C)=C\c3[nH]c(c(C)c3CCC(=O)O)/C=C/1N2,0
C[N+](C)(C)CCOP(=O)([O-])OCC(O)CO,0
O=C(OCC1CCCO1)c1cccnc1,0
O=C1c2c(O)cccc2C(C2OC(CO)C(O)C(O)C2O)c2cc(CO)cc(O)c21,1
N=C(N)c1ccc2nc(Cc3nc4ccc(C(=N)N)cc4[nH]3)[nH]c2c1,0
CC(C)CCCC(C)CCCC(C)CCCC(C)C,1
Nc1nc(=O)n([C@H]2C[C@H](O)[C@@H](CO)O2)cc1Cl,0
CNc1nc(C)c(-c2ccnc(Nc3ccc(O)cc3)n2)s1,0
Oc1c(O)c(Br)c(Br)c(Br)c1Br,0
COC(=O)N[C@H](C(=O)N1CCC[C@H]1c1ncc(-c2ccc(-c3ccc(-c4cnc([C@@H]5CCCN5C(=O)[C@@H](NC(=O)OC)C(C)C)[nH]4)cc3)cc2)[nH]1)C(C)C,0
O=C(O)C(S)C(S)C(=O)O,1
Nc1ccc(N)c([N+](=O)[O-])c1,1
CC12CC(=CO)C(=O)CC1CCC1C2CCC2(C)C1CCC2(C)O,1
OC[C@H]1O[C@H](O[C@H]2[C@H](O)[C@@H](O)[C@@H](O[C@H]3[C@H](O)[C@@H](O)[C@@H](O)O[C@@H]3CO)O[C@@H]2CO)[C@H](O)[C@@H](O)[C@@H]1O,0
O=C1NC(=O)C(Cc2coc3ccc(Cl)cc3c2=O)S1,0
CC[C@@H]1[C@@H]2CN(C(=O)[C@H](C(C)(C)C)NC(=O)O[C@@H]3C[C@H]3CCCCC(F)(F)c3nc4ccc(OC)cc4nc3O2)[C@@H]1C(=O)N[C@]1(C(=O)NS(=O)(=O)C2(C)CC2)C[C@H]1C(F)F,1
CC(=O)NS(=O)(=O)c1ccc(N)cc1,0
CNc1ccc(C=Cc2ccc(OCCOCCOCCF)cc2)cc1,0
Fc1ccc2c(CCNCc3cccc(OCC(F)(F)C(F)F)c3)c[nH]c2c1,0
COC(=O)CCCCC(CCSSC(CCO)=C(C)N(C=O)Cc1cnc(C)nc1N)SC(C)=O,0
NC(=O)c1ncn([C@@H]2O[C@H](COP(=O)(O)O)[C@@H](O)[C@H]2O)c1N,0
CC1(C)S[C@@H]2[C@H](NC(=O)CCC[C@H](N)C(=O)O)C(=O)N2[C@H]1C(=O)O,0
NS(=O)(=O)c1cc2c(cc1Cl)NC(c1ccccc1)NC2=O,0
C=CCOC(=O)c1ccccc1C(=O)OCC=C,1
CCCBr,1
O=c1ncc(I)cn1[C@H]1C[C@H](O)[C@@H](CO)O1,0
COC1CC(OC2C(C)C(=O)OC(C)C(C)C(OC(C)=O)C(C)C(=O)C3(CO3)CC(C)C(OC3OC(C)CC(N(C)C)C3OC(C)=O)C2C)OC(C)C1OC(C)=O,1
Cc1cc(/N=N/c2ccc(S(=O)(=O)NC3CCCC3)cc2)c(N)cc1O,0
C[C@]12CC[C@@H](O)C[C@@H]1CC[C@@H]1[C@@H]2CC[C@]2(C)C=CC[C@@H]12,0
O=C(O)COC(=O)c1cc2ccccc2c2c1S(=O)(=O)N(CC(=O)O)C2=O,0
O=c1ccn([C@H]2C[C@H](O)[C@@H](COP(=O)(O)OP(=O)(O)OP(=O)(O)O)O2)c(=O)[nH]1,0
COCC1(CO)C(=O)C2CCN1CC2,0
CC(Cc1ccc(C(C)(C)C)cc1)CN1CC(C)OC(C)C1,1
C=CCN1C[C@H](C(=O)N(CCCN(C)C)C(=O)NCC)C[C@@H]2c3cccc4[nH]cc(c34)C[C@H]21,0
CCOc1ccccc1C(=O)NCc1coc(-c2ccc(OC(F)F)c(OC(C)C)c2)n1,0
CC(=O)O[C@H]1C[C@@H]2CC[C@@H]3[C@H](CC[C@@]4(C)[C@H]3C[C@H](N3CC[N+](C)(C)CC3)[C@@H]4OC(C)=O)[C@@]2(C)C[C@@H]1N1CC[N+](C)(C)CC1,0
CCCCCCCCCCCC[N+](CCO)(CCO)Cc1ccccc1,0
CC1(C)N=C(N)N=C(N)N1OCCCOc1ccc(Br)cc1,0
C=C(C)C(=O)OCC1CO1,1
COc1cc2ncnc(Nc3cccc(Cl)c3)c2cc1OC,1
CC(=O)N[C@@H](CC(C)C)C(=O)N[C@H](C=O)Cc1ccccc1,0
O=C(CCCCCCNC(=O)c1cnc(N(c2ccccc2)c2ccccc2)nc1)NO,0
O=NN(CCCl)C(=O)NC1[C@H](O)CCC[C@@H]1O,0
O=C(c1ccncc1)c1ccc(F)cc1,0
C[C@@H](C(=O)O)N1C(=O)[C@@H]2[C@@H]3CC[C@@H](C3)[C@@H]2C1=O,0
OC[C@@H]1[C@@H](O[C@@H]2O[C@H](CO)[C@@H](O)[C@H](O)[C@H]2O)[C@H](O)[C@@H](O)c2nccn21,0
Clc1c[nH]c2ncnc(N3CCc4nc[nH]c4C3)c12,0
CCCCCC,1
CS(=O)(=O)c1ccc([C@H]2NOC([C@@H](CC3CC3)[C@H](N)C(=O)N3CC[C@H](F)C3)N2)c(F)c1,0
C[C@@H](O[P@H](C)=O)C(C)(C)C,0
O=c1[nH]cnc2c1ncn2[C@@H]1O[C@H](COS(=O)(=O)O)[C@@H](O)[C@H]1O,0
O=C(CC1(S(=O)(=O)c2ccc(Oc3ccc(Cl)cc3)cc2)CCOCC1)NO,0
N[C@@H](C(=O)O)c1ccc(O)cc1,0
O[Si](O)(O)O[Si](O)(O)O,0
CN1CCc2cc3c(cc2[C@H]1[C@@H]1OC(=O)c2c1ccc1c2OCO1)OCO3,0
CC(=O)OCOC(=O)C1=C(COC(N)=O)SC2[C@H]([C@H](C)O)C(=O)N12,1
N#Cc1ccc(N(Cc2ccc(OS(N)(=O)=O)c(Br)c2)n2cnnc2)cc1,0
CN1CCN(c2ccc3nc(-c4c(N)c5c(F)cccc5[nH]c4=O)[nH]c3c2)CC1,0
NS(=O)(=O)c1cc(-c2nn[nH]n2)c(NCc2cccs2)cc1Cl,0
CSc1nc(O)c(Cc2cccs2)[nH]1,0
O=C1/C(=C2\Nc3ccc(S(=O)(=O)O)cc3C2=O)Nc2ccc(S(=O)(=O)O)cc21,0
O=C(CO)[C@@H](O)[C@@H](O)[C@H](O)COP(=O)(O)O,0
CCCCOCc1ccc(O)c(OC)c1,0
NC(=O)c1cnc2[nH]ccc2c1NC1[C@@H]2CC3C[C@H]1CC(O)(C3)C2,0
CC(=O)CCC=C(C)CC/C=C(\C)CC/C=C(\C)CCC=C(C)C,0
COC(=O)C[C@H](NC(=O)OC(C)(C)C)C(C)=O,0
CCC1=C(C[C@H]2NCCc3cc(OC)c(OC)cc32)C[C@H]2c3cc(OC)c(OC)cc3CCN2C1,0
CC(C)CCC[C@@H](C)CCC[C@@H](C)CCC[C@@H](C)CCOC[C@@H](COP(=O)(O)O)OCC[C@H](C)CCC[C@H](C)CCC[C@H](C)CCCC(C)C,0
CCCCCCCCN1CCc2c(C)c(CC(=O)O)c(C)c(NC(=O)C(C)(C)C)c21,0
COc1cc(O)c(C(=O)c2ccccc2)cc1S(=O)(=O)O,0
CNC(=O)[C@H](Cc1ccccc1)NC(=O)[C@@H](CC(=O)NO)CC(C)C,0
Cc1cccc(C)c1OCC(=O)N[C@@H](Cc1ccccc1)[C@@H](O)C[C@H](CC(C)C)NC(=O)c1ccc(N)cc1,0
CC=Cc1ccc2c(c1)OCO2,1
CC(C)[C@@H](CC[C@@H](C)[C@H]1CC[C@H]2[C@@H]3[C@H](O)C[C@H]4C[C@@H](NCCCNCCCCN)CC[C@]4(C)[C@H]3CC[C@]12C)OS(=O)(=O)O,1
C[C@H](NC(=O)[C@H](Cc1ccccc1)C(=O)NO)C(=O)NCC(=O)Nc1ccc([N+](=O)[O-])cc1,0
O=C(NCC(O)CO)c1c(I)c(C(=O)NCC(O)CO)c(I)c(N(CCO)C(=O)CO)c1I,0
CC(C)CC(NC(=O)C(CCCN=C(N)N)NC(=O)C(CC(=O)O)NC(=O)CNC(=O)C(N)CCCCN)C(=O)NC(CO)C(=O)O,1
N[C@@H]1NCNc2c1ncn2[C@@H]1O[C@H](COP(=O)(O)OP(=O)(O)OC[C@H]2O[C@@H](O)[C@H](O)[C@@H]2O)[C@@H](O)[C@H]1OP(=O)(O)O,0
C[C@H](O)CBr,0
Cc1nc(N(C)C(=O)Cc2ccc(-c3ccccn3)cc2)sc1S(N)(=O)=O,0
COC[C@H](C)Oc1cc(Oc2cnc(C(=O)N3CCC3)cn2)cc(C(=O)Nc2cnc(C)cn2)c1,0
NO,1
CCNC(=O)Nc1ncnc2c1ncn2[C@@H]1O[C@H](COP(=O)(O)O)[C@H]2O[C@H](/C=C/c3ccccc3)O[C@H]21,0
CC(C)(O/N=C(\C(=O)NCB(O)O)c1csc(N)n1)C(=O)O,0
C[C@]12CC[C@H]3[C@@H](CCC4=CC(=O)CC[C@@H]43)[C@@H]1CC[C@@H]2O,1
COc1ccc(CNC(=O)Nc2ncc([N+](=O)[O-])s2)cc1,0
COC(=O)[C@@]1(O)C[C@H]2O[C@]1(C)n1c3ccccc3c3c4c(c5c6ccccc6n2c5c31)C(=O)NC4,0
CC(C)CCC(=O)N1CCC[C@H]1C(=O)NCc1ccc(C(=N)N)cc1,0
C[C@H]1C[C@@H]2[C@H]([C@@H](O)C[C@@]3(C)[C@H]2CC[C@]3(O)C(=O)COC(=O)CCCCCCC(=O)N(C)CCS(=O)(=O)O)[C@@]2(C)C=CC(=O)C=C12,0
COC(=O)[C@H]1[C@@H](c2ccc(F)cc2)C[C@@H]2CC[C@H]1N2C/C=C/[123I],0
CC(C)CCN(C[C@@H](O)[C@@H]1Cc2ccc(cc2)OCCCC(=O)N[C@@H](CC(N)=O)C(=O)N1)S(=O)(=O)c1ccccc1,0
CC(N)Cc1ccccc1,1
CN(C(=O)C(Cl)Cl)c1ccc(O)cc1,0
NC1C2CN(c3nc4c(cc3F)c(=O)c(C(=O)O)cn4-c3ccc(F)cc3F)CC12,1
COc1cccc2c1C(=O)c1c(O)c3c(c(O)c1C2=O)C[C@@](O)(C(=O)CO)C[C@@H]3O[C@H]1C[C@H](N)[C@H](O[C@@H]2CCCCO2)[C@H](C)O1,1
CC(F)(F)c1cc(F)ccc1-c1sc2cc(O)ccc2c1Oc1ccc(/C=C/C(=O)O)cc1,0
C[C@](Cn1ccnn1)([C@@H](N/C=C/C=O)C(=O)O)S(=O)O,0
Cl[Tl],0
Cc1cccc(/C=N/Nc2cc(N3CCOCC3)nc(OCCc3ccccn3)n2)c1,0
Clc1cc2c(cc1Cl)Oc1cc(Cl)c(Cl)cc1O2,1
CCCOc1ccc2nc(NC(=O)OC)[nH]c2c1,1
COc1cc(N)c(OC)c(CCOC(=O)c2cc(Cl)c(O)cc2O)c1OC,0
S=C=Nc1ccc(N=C=S)cc1,0
Cc1cc(C)cc(C(=O)N(NC(=O)c2ccc3c(c2C)OCCO3)C(C)(C)C)c1,0
O=c1[nH]cnc2c1ncn2[C@@H]1O[C@H](COP(=O)(O)O)[C@@H](O)[C@H]1O,0
Cc1cc(C)cc(C(=O)c2c(C(C)C)c(=O)[nH]c(=O)n2CC2CC2)c1,0
CN1c2ccccc2C(C#N)(C(=O)NCCC(=O)O)c2ccccc21,0
NC(=O)[C@@H]1C[C@]2(NC(=O)NC2=O)c2cc(F)ccc2O1,0
O=C(O)[C@]1(O)O[C@H](COP(=O)(O)O)[C@@H](O)[C@H]1O,0
CC(=O)N[C@H](Cc1ccccc1)C(=O)N1CCC[C@H]1C(=O)N[C@@H](CCCCN)B(O)O,0
NCCCC(=O)Nc1ccc(OCc2ccccc2)cc1,0
CC(=O)C1C(=O)C=C(C)OC1=O,1
Cc1nc(C(=O)O)nn1-c1cc(Cl)cc(Cl)c1,0
CC(C)c1cccc(C(C)C)c1OCOP(=O)(O)O,1
CCOC(=O)NC(=N)c1ccc(OCc2cccc(COc3ccc(C(C)(C)c4ccc(O)cc4)cc3)c2)cc1,0
Cc1ncnc2nc[nH]c12,0
O=C(O)C=Cc1cnc[nH]1,1
NC(N)=NCCC[C@@H](C(=O)O)N1CCC1=O,0
N[C@@H](CCC(=O)N[C@@H](CS)C(=O)NCC(=O)NCCCCNCCCNC(=O)CNC(=O)[C@H](CS)NC(=O)CC[C@H](N)C(=O)O)C(=O)O,0
CC[C@@H](C)c1nccs1,0
C=CCC1(C(C)CC)C(=O)NC(=O)NC1=O,0
c1cc2ccc3cccc4ccc(c1)c2c34,1
Cc1c(N=C2O[C@@H](C(F)(F)F)[C@@H]3[C@@H](O)CCN23)ccc(C#N)c1Cl,0
CC[C@H](C)[C@H](NC(=O)[C@H](CO)NC(=O)[C@H](CCCCN)NC(=O)CNC(=O)[C@H](CCCCN)NC(=O)[C@H](CC(=O)O)NC(=O)[C@H](Cc1c[nH]cn1)NC(=O)[C@H](CC(C)C)NC(=O)[C@H](CC(C)C)NC(=O)[C@H](CCC(N)=O)NC(=O)[C@H](Cc1c[nH]cn1)NC(=O)[C@H](CCC(=O)O)NC(=O)[C@H](CO)NC(=O)[C@@H](NC(=O)[C@H](C)N)C(C)C)C(=O)N[C@@H](CCC(N)=O)C(=O)N[C@@H](CC(=O)O)C(=O)N[C@@H](CC(C)C)C(=O)N[C@@H](CCCNC(=N)N)C(=O)N[C@@H](CCCNC(=N)N)C(=O)N[C@@H](CCCNC(=N)N)C(=O)N[C@@H](CCC(=O)O)C(=O)N[C@@H](CC(C)C)C(=O)N[C@@H](CC(C)C)C(=O)N[C@@H](CCC(=O)O)C(=O)N[C@@H](CCCCN)C(=O)N[C@@H](CC(C)C)C(=O)N[C@@H](CC(C)C)C(=O)NC(C)(C)C(=O)N[C@@H](CCCCN)C(=O)N[C@@H](CC(C)C)C(=O)N[C@@H](Cc1c[nH]cn1)C(=O)N[C@H](C(=O)N[C@@H](C)C(N)=O)[C@@H](C)O,0
O=CN(O)CCP(=O)(O)O,0
Cc1cc(C)nc(NS(=O)(=O)c2ccc(/N=N/c3ccc(O)c(C(=O)O)c3)cc2)n1,0
CC1(C)C=Cc2c(ccc3c2OCC(c2ccc(O)cc2O)C3)O1,1
Nc1nc(=O)c2c(CCc3ccc(C(=O)N[C@@H](CCC(=O)O)C(=O)O)cc3)c[nH]c2[nH]1,0
CCO[C@@H](Cc1ccc(OCCn2c3ccccc3c3ccccc32)cc1)C(=O)O,0
C[C@]12CC[C@H](O)C[C@H]1CC[C@@H]1[C@@H]2C[C@@H](O)[C@]2(C)[C@@H](C3=CC(=O)OC3)CC[C@]12O,0
CNC(=O)c1ccc(N2C(=S)N(c3ccc(C#N)c(C(F)(F)F)c3)C(=O)C2(C)C)cc1F,0
CCc1c2c(nc3ccc(OC(=O)N4CCC(N5CCCCC5)CC4)cc13)-c1cc3c(c(=O)n1C2)COC(=O)C3(O)CC,1
C#CCCCn1c(Cc2cc(OC)c(OC)c(OC)c2Cl)nc2c(N)nc(F)nc21,0
CCCN(CCC)C(=O)C(CCC(=O)OCCCN1CCN(CCOC(=O)Cc2c(C)n(C(=O)c3ccc(Cl)cc3)c3ccc(OC)cc23)CC1)NC(=O)c1ccccc1,0
COc1cc2c(cc1OC)-c1cc3ccc(OC)c(OC)c3c[n+]1CC2,1
COc1ccccc1-c1ccc(NC(=O)/C(C#N)=C(/C)O)c(Cl)c1,0
C=CC(=O)Nc1cccc(Nc2nc(Nc3ccc(N4CCN(C(C)=O)CC4)cc3OC)ncc2C(F)(F)F)c1,0
COc1c(N2C[C@H](CNC3CC3)[C@H](F)C2)c(F)cc2c(=O)c(C(=O)O)cn(CCF)c12,0
CON[C@H]1C[C@H](C(=O)NO)N(S(=O)(=O)c2ccc(OC)cc2)C1,0
CCCC[C@](C)(O)C/C=C/[C@H]1[C@H](O)CC(=O)[C@@H]1CCCCCCC(=O)OC,1
C=C1C(=O)[C@]23[C@H](O)[C@H]1CC[C@H]2[C@]12C=CCC(C)(C)[C@H]1[C@H](O)[C@@]3(OCCC(=O)O)OC2,0
C#CC1(OC(C)=O)CCC2C3CCC4=CC(=O)CCC4C3CCC21C,0
NC(=O)c1cc(N2CC2)c([N+](=O)[O-])cc1[N+](=O)[O-],0
CNC(=O)C[C@H]1COc2cc(F)ccc2N1C(=O)c1ccc2c(c1)NC(=O)CO2,0
NS(=O)(=O)c1ccc(C(=O)NCCCCNCS)cc1,0
CC1OC(OCC2OC(Oc3c(-c4ccc(O)cc4)oc4cc(OC5OC(C)C(O)C(O)C5O)cc(O)c4c3=O)C(O)C(O)C2O)C(O)C(O)C1O,1
C[C@]12CC[C@H]3[C@@H](CCC4=CC(=O)C=C[C@@]43C)[C@@H]1CC[C@@H]2OC1=CCCC1,0
NCCCC[C@H](NC(=O)[C@@H]1CCCN1C(=O)[C@@H]1CSSC[C@H](N)C(=O)N[C@@H](Cc2ccc(O)cc2)C(=O)N[C@@H](Cc2ccccc2)C(=O)N[C@@H](CCC(N)=O)C(=O)N[C@@H](CC(N)=O)C(=O)N1)C(=O)NCC(N)=O,0
O=C/C=C/c1ccccc1,0
OCCN1CCC(C2CCN(c3nc(NCc4cccc(F)c4F)c4ncn(C5CCCC5)c4n3)CC2)CC1,0
CC1(C)[C@@H]2CC[C@@]1(C)C(=O)[C@H]2C(=O)O,0
CC(C)[C@@H]1NCCc2ccc(NC(=O)c3ccc4cc(C(=N)N)ccc4c3)cc21,0
ClC1=C(Cl)C2(Cl)C3C(Cl)C=CC3C1(Cl)C2(Cl)Cl,1
CCN(CC)N=O,1
O=C(NC(=O)c1cc(F)c(F)cc1Cl)Nc1ccc(C(=O)O)cc1OC(F)(F)F,0
CCC(C)C(N)C1=NC(C(=O)NC(CC(C)C)C(=O)NC(CCC(=O)O)C(=O)NC(C(=O)NC2CCCCNC(=O)C(CC(N)=O)NC(=O)C(CC(=O)O)NC(=O)C(Cc3cnc[nH]3)NC(=O)C(Cc3ccccc3)NC(=O)C(C(C)CC)NC(=O)C(CCCN)NC2=O)C(C)CC)CS1,0
CC(C)(Cc1c[nH]c2ccccc12)NCC(O)COc1ccccc1C#N,0
O=C(N/N=C/c1ccc2no[n+]([O-])c2c1)c1ccncc1,0
CCOC(=O)c1cc2ccc(O)cc2oc1=O,0
Cc1c(Cl)c(=O)oc2cc(OP(=O)(OCCCl)OCCCl)ccc12,0
c1ccc2[nH]c(-c3ccn[nH]3)nc2c1,0
COc1c(O)cc2oc(-c3ccc(O)cc3)cc(=O)c2c1O,0
CCCCCCCCCCCC[P+](C)(C)CC(P(=O)(O)O)P(=O)(O)O,0
CCC(CC)n1ccc2c3c(N)nc(N)nc3ccc21,0
O=C(O)c1cc(=O)c2ccccc2o1,0
CCC1(c2cnc[nH]2)Cc2ccc(F)cc2C1,0
CCN(CC)CCC(=O)N1c2ccccc2Sc2ccc(C(F)(F)F)cc21,0
CN1CCCC1CCOC(C)(c1ccccc1)c1ccc(Cl)cc1,0
CC1OC(OCC2OC(Oc3c(-c4ccc(O)c(O)c4)oc4cc(O)cc(O)c4c3=O)C(O)C(O)C2O)C(O)C(O)C1O,1
O=CC(F)C(O)C(O)C(O)CO,1
Cc1ccccc1OCC(=O)N[C@@H](CC(C)C)C(=O)N[C@@H](Cc1ccc(OC(=O)N2CCC(C(N)=O)CC2)cc1)C(=O)O,0
C[C@@](C#N)(COCc1ccccc1)NC(=O)[C@H](CC1CCCCC1)NC(=O)N1CCOCC1,0
CC(C)C(c1ccccc1)C(O)CC[N+]1(C)CCCCC1,0
CCCCCCCCCCCCOCCOCCOCCOCCOCCOCCOCCOCCOCCO,0
CCC(CC)COC(C(=O)OCCN(C)C)(c1ccccc1)c1ccccc1,0
COC1[C@@H](O)[C@@H](O)C(O)[C@H](O)[C@H]1O,0
CCOC(=O)[C@H]1O[C@@H]1C(=O)N[C@H](C(=O)O)[C@@H](C)CC,0
CCOC(=O)C(CCc1ccccc1)NC(C)C(=O)N1C(C(=O)O)CC2CCCC21,1
CC(C)CC(NC(=O)C1CCCN1C(=O)C(C)NC(=O)C(C)NC(=O)C(CC12C=CC3(O)SC3C1S2)NC(=O)C(C)N)C(=O)NC(CCCCN)C(=O)N1CCCC1C(=O)NC(C)C(=O)NC(CCCCN)C(=O)NC(C=O)C(=O)NC(C)C(=O)O,1
COc1nsnc1NS(=O)(=O)c1ccc(N)cc1,0
CCNC(=O)C1CCCN1C(=O)C(CCCN=C(N)N)NC(=O)C(CC(C)C)NC(=O)C(COC(C)(C)C)NC(=O)C(Cc1ccc(O)cc1)NC(=O)C(CO)NC(=O)C(Cc1c[nH]c2ccccc12)NC(=O)C(Cc1cnc[nH]1)NC(=O)C1CCC(=O)N1,1
CC(C)[C@@H]1CC[C@@H](C)C[C@H]1OCCO,0
CCOc1ccc(C(C)(C)COCc2cccc(Oc3ccccc3)c2)cc1,1
N#C[C@@H](O)c1ccc(O)cc1,0
O=C(CCBr)N1CCN(C(=O)CCBr)CC1,1
CN(C)CCC=C1c2ccccc2OCc2c1oc1ccccc21,0
Cc1ccc(C(CCN(C)C)c2ccccc2)cc1,0
O=c1cc(-c2ccc(Oc3c(O)cc4oc(-c5ccc(O)cc5)cc(=O)c4c3O)cc2)oc2cc(O)cc(O)c12,1
CCCCCC(O)C=CC1C2CC(OO2)C1CC=CCCCC(=O)O,1
CCSCCCl,1
CCCCOc1ccc2cc(S(=O)(=O)N[C@@H](CCC(=O)O)C(=O)O)ccc2c1,0
CCCCCCCCCCCCO,0
[W+8],1
C=CC(=O)N1CC(Nc2ncnc3[nH]ccc23)CCC1C,0
CN1CC(=O)N2C(Cc3c([nH]c4ccccc34)C2c2ccc3c(c2)OCO3)C1=O,1
CCN(CC)CCOc1cc2oc(=O)cc(C)c2cc1OCCN(CC)CC,0
O=C1CCC/C=C\CCOC(=O)c2c(O)cc(O)c(Cl)c2C1,0
O=C1OC(CN2CCOCC2)CN1/N=C/c1ccc([N+](=O)[O-])o1,0
CNC(=O)[C@H](Cc1ccccc1)NC(=O)Nc1n[nH]c(=S)s1,0
N[C@@H](CSCCC(=O)c1ccc(Cl)c(Cl)c1)C(=O)O,0
CC(C)CCOP(=O)(O)OP(=O)(O)O,0
Nc1ncnc2c1ncn2C[C@@H](O)[C@@H](O)C(=O)O,0
COCCNCCc1cccc(Nc2ncc3c(n2)-c2ccccc2[C@H](c2ccccc2F)C3)c1,0
Cn1c(N)nc2c3cccnc3ccc21,1
N#CC1(NC(=O)[C@H](CS(=O)(=O)C[C@@H]2CCC(=O)N2)N[C@@H](c2ccc(F)cc2)C(F)(F)F)CC1,0
C[N+](C)(C)Cc1ccco1,0
C#CC(C)(C)NC(=O)c1cc(Cl)cc(Cl)c1,1
N=C(N)NCC1CCCCCCN1,0
CCC=CCC(=O)NC(Cc1ccc(O)cc1)C(=O)NC(C)C(=O)NC(CC(=O)O)C(=O)NC(C)C(=O)NC(C(=O)NC(Cc1ccccc1)C(=O)NC(C(=O)NC(CC(N)=O)C(=O)NC(CO)C(=O)NC(Cc1ccc(O)cc1)C(=O)NC(CCCNC(=N)N)C(=O)NC(CCCCN)C(=O)NC(C(=O)NC(CC(C)C)C(=O)NCC(=O)NC(CCC(N)=O)C(=O)NC(CC(C)C)C(=O)NC(CO)C(=O)NC(C)C(=O)NC(CCCNC(=N)N)C(=O)NC(CCCCN)C(=O)NC(CC(C)C)C(=O)NC(CC(C)C)C(=O)NC(CCC(N)=O)C(=O)NC(CC(=O)O)C(=O)NC(C(=O)NC(CCSC)C(=O)NC(CO)C(=O)NC(CCCNC(=N)N)C(=O)NC(CCC(N)=O)C(=O)NC(CCC(N)=O)C(=O)NCC(=O)NC(CCC(=O)O)C(=O)NC(CO)C(=O)NC(CC(N)=O)C(=O)NC(CCC(N)=O)C(=O)NC(CCC(=O)O)C(=O)NC(CCCNC(=N)N)C(=O)NCC(=O)NC(C)C(=O)NC(CCCNC(=N)N)C(=O)NC(C)C(=O)NC(CCCNC(=N)N)C(=O)NC(CC(C)C)C(N)=O)C(C)CC)C(C)C)C(C)O)C(C)CC,0
O=C(NN1C(=O)C2C3C=CC(C4CC34)C2C1=O)c1ccc(C(F)(F)F)cc1,0
COC(=O)C1(OC(=O)c2cncn2[C@H](C)c2ccccc2)CC1,0
N=CCN,0
COC(=O)c1cc(OC)c2c(c1-c1c(C(=O)NCCCCCCCCCCNc3c4c(nc5ccccc35)CCCC4)cc(OC)c3c1OCO3)OCO2,0
NC(=O)c1cccc(Cn2c3c(c4cccc(C(=O)O)c42)CCCCC3)c1,0
CCOc1ccc(Cc2cc(C3OC(CO)C(O)C(O)C3O)ccc2Cl)cc1,0
Cc1ccc(S(=O)(=O)NCCCOC(=O)Nc2ccncc2)cc1,0
CCCCCNCC(N)=O,1
CCCOc1cc(N)ccc1C(=O)OCCN(CC)CC,0
CC(=O)Nc1ccc(C(=O)Nc2ccccc2N)cc1,0
CC(=Cc1ccccc1)CC(N)=O,0
O=C(NCCN1CCN(c2cccc3c2OC[C@H](CO)O3)CC1)c1ccc(F)cc1,1
COc1cc2nc(N3CCN(C(=O)C4CCCO4)CC3)nc(N)c2cc1OC,0
CC(=O)N(O)CCC[C@@H]1NC(=O)CNC(=O)[C@@H](Cc2ccccc2)NC(=O)CNC(=O)[C@H](CCCN(O)C(C)=O)NC(=O)[C@H](CCCN(O)C(C)=O)NC1=O,0
COc1cc(O)c2c(c1)oc(=O)c1c3cc(O)c(O)cc3oc21,1
CN(C)CCN1c2ccccc2Sc2ccccc21,0
Cc1cc(N)nc(C[C@H]2CNC[C@H]2NCCNCc2ccc(Cl)cc2)c1,0
Nc1nc2ncc(CNc3ccc(C(=O)NC(CCC(=O)O)C(=O)O)cc3)nc2c(=O)[nH]1,0
COc1ccc2c(c1)[C@@H]1C[C@]1(C(=O)N1[C@@H]3CC[C@H]1CN(C)C3)Cn1c-2c(C2CCCCC2)c2ccc(C(=O)NS(=O)(=O)N(C)C)cc21,0
OCCOCCOCCN1CCN(C(c2ccccc2)c2ccc(Cl)cc2)CC1,0
O=C1c2c(O)cc(O)cc2OC(c2ccc(O)c(O)c2)C1O,1
O=[N+]([O-])c1cc2c3ccccc3ccc2c2ccccc12,1
CCC(=O)N(c1ccccc1)C1CCN(CC(O)c2cccs2)CC1,0
O=C(O)[C@H]1O[C@@H](Oc2cc3oc(-c4ccccc4)cc(=O)c3c(O)c2O)[C@H](O)[C@@H](O)[C@@H]1O,0
[18FH],0
COc1cc2c(cc1OC)[C@@H]1C[C@H](N)[C@@H](N3C[C@@H](CF)CC3=O)CN1CC2,0
CSCCCCC(=NOS(=O)(=O)O)SC1OC(CO)C(O)C(O)C1O,1
O=P(O)(O)O[C@@H]1[C@H](O)[C@@H](COP(=O)(O)OP(=O)(O)OC[C@H]2O[C@@H](O)[C@H](O)[C@@H]2O)O[C@H]1n1cnc2c1ncn1ccnc21,0
CN1C(=O)[C@@H](NC(=O)c2cc3cccc4c3n2CCC4)N=C(c2ccccc2)c2ccccc21,0
O=NN(CCCl)C(=O)NCCCl,0
C1=Cc2cccc3cccc1c23,1
C[C@]12CC[C@@H]3c4ccc(O)cc4CC[C@H]3[C@@H]1CC[C@@H]2OC(=O)CCC(=O)O,0
CNC(C)CC1CCCC1,0
O=C(O)c1ccc[n+]([C@@H]2O[C@H](COP(=O)([O-])O)[C@@H](O)[C@H]2O)c1,0
COc1ccc2c(c1)C=C1Cn3c-2c(C2CCCCC2)c2ccc(cc23)C(=O)NS(=O)(=O)N(C)CCOCCN(C)C1=O,0
COc1ccc(-c2c(Cl)ncn2-c2ccc(S(N)(=O)=O)cc2)cc1F,0
Cn1c[n+]([C@@H]2O[C@H](COP(=O)(O)OP(=O)(O)OP(=O)(O)O)[C@@H](O)[C@H]2O)c2nc(N)[nH]c(=O)c21,0
CN(C)CCn1nc(Cc2ccccc2)c2ccccc2c1=O,0
C[C@H]1CN(C2COC2)CCN1c1ccc(Nc2cc(-c3ccnc(N4CCn5c(cc6c5CC(C)(C)C6)C4=O)c3CO)cn(C)c2=O)nc1,0
NCCc1c[nH]cn1,0
C=C(C)C1CCC2(CO)CCC3(C)C(CCC4C5(C)CCC(O)C(C)(C)C5CCC43C)C12,1
CC1(C)SC2C(NC(=O)C(N)c3ccccc3)C(=O)N2C1C(=O)OCOC(=O)C1N2C(=O)CC2S(=O)(=O)C1(C)C,1
C[C@H](NC(=O)[C@H](CCC(=O)O)NC(=O)CCCC[C@@H]1CCSS1)C(=O)O,0
CCN(C)[C@@H](C)[C@H](O)c1ccccc1,0
Cn1cc(Nc2nccc(-c3ccc4c(c3)CN(C3COC3)CC[C@H]4NC(=O)c3cn(C(C)(C)C)nn3)n2)cn1,0
NC1CCN(c2c(F)cc3c(=O)c(C(=O)O)cn(C4CC4)c3c2Cl)C1,0
Cc1ccc(C(=O)Oc2ccc(C(O)CNC(C)(C)C)cc2OC(=O)c2ccc(C)cc2)cc1,0
NC(N)=NCCCC(N)C(=O)N1CCCC1C(=O)N1CCCC1C(=O)NCC(=O)NC(Cc1ccccc1)C(=O)NC(CO)C(=O)N1CCCC1C(=O)NC(Cc1ccccc1)C(=O)O,1
CCCC[C@H]1CC[S@+]([O-])C1,0
[S],0
CC[C@H]1OC(=O)[C@H](C)[C@@H](O[C@H]2C[C@@](C)(OC)[C@@H](O)[C@H](C)O2)[C@H](C)[C@@H](O[C@@H]2O[C@H](C)C[C@H](N(C)C)[C@H]2O)[C@](C)(O)C[C@@H](C)/C(=N\OCOCCOC)[C@H](C)[C@@H](O)[C@]1(C)O,0
CC(C)(C)c1cc(-n2nc3ccccc3n2)c(O)c(C(C)(C)C)c1,1
CCN(Cc1cccc(S(=O)(=O)O)c1)c1ccc(C(=C2C=CC(=[N+](CC)Cc3cccc(S(=O)(=O)O)c3)C=C2)c2ccc(O)cc2S(=O)(=O)[O-])cc1,1
FC(F)(CNc1nccc2oc(Cc3ccccc3-n3cncn3)nc12)[C@H]1CCCCN1,0
COc1cc2c(cc1OC)C(=O)C(CC1CCN(Cc3cccc(C)n3)CC1)C2,0
NC(=O)N[C@@H](CCC(=O)O)C(=O)O,0
Nc1ncnc2c([C@@H]3O[C@H](CO)[C@@H](O)[C@H]3O)[nH]nc12,0
CC1(C)[C@H](C(=O)O[C@H](C#N)c2cccc(Oc3ccccc3)c2)[C@@H]1C=C(Br)Br,0
[Zn],0
Nc1cccc2cc3ccccc3cc12,0
c1ccc(NCc2cccnc2)cc1,0
CCOc1nc2cccc(C(=O)OC(C)OC(=O)OC3CCCCC3)c2n1Cc1ccc(-c2ccccc2-c2nn[nH]n2)cc1,1
CCOC(OCC)C(=O)OCC(=O)[C@]1(O)Cc2c(O)c3c(c(O)c2[C@@H](O[C@H]2C[C@H](N)[C@H](O)[C@H](C)O2)C1)C(=O)c1c(OC)cccc1C3=O,1
CCCSc1nc(N2CCC[C@@H](CC(=O)O)C2)ccc1C(=O)NC1CCCCC1,0
Nc1ccc(Cc2ccc(N)c(Cl)c2)cc1Cl,1
Cc1cccc2c1C(=O)N(c1ccnc(Cl)c1)C2=O,0
O=C1c2ccccc2C(=O)N1CCOC(=S)Nc1ccc(Cl)cc1,0
Nc1ncnc2c1ncn2[C@@H]1O[C@H](COP(=O)(O)OP(=O)(O)OP(=O)(O)OP(=O)(O)OP(=O)(O)OC[C@H]2O[C@@H](n3ccc(=O)[nH]c3=O)[C@H](O)[C@@H]2O)[C@@H](O)[C@H]1O,0
CC12CCC3C4CCC(=O)C=C4CCC3C1CCC2O,1
C[C@H](NC(=O)[C@H](Cc1ccc(O)cc1)NC(=O)OCc1ccccc1)C(=O)CF,0
C[C@H](N)[C@H](N)CCCCCC(=O)O,0
CC(C)NNC(=O)COc1ccc(Cl)cc1,0
Cn1c2c3ccccc3nc-2cc2ccccc21,1
NC(=O)N(CCO)/N=C/c1ccc([N+](=O)[O-])o1,0
O=C(O)CCCc1cccs1,0
CCCCCCC1C(=O)OC(C)C(NC(=O)c2cccc(NC=O)c2O)C(=O)OC(C)C1OC(=O)CC(C)C,1
O=c1c(OC2OC(CO)C(O)C(O)C2O)c(-c2ccc(O)c(O)c2)oc2cc(O)cc(O)c12,1
NCC(=O)NCC(=O)NC(Cc1cnc[nH]1)C(=O)O,1
C[C@@H]1CN(CCCCCCCCNC=O)C[C@H](C)O1,0
Cc1cc(F)ccc1-c1nc(NC(CO)CO)nc2c1ccc(=O)n2-c1c(F)cccc1F,0
C[C@H](NC(=O)C(=O)Nc1ccccc1C(C)(C)C)C(=O)N[C@@H](CC(=O)O)C(=O)COc1c(F)c(F)cc(F)c1F,0
Cc1ccc(C(=O)Nc2cccc(C(F)(F)F)c2)cc1Nc1cncc(C(N)=O)c1,0
O=C(O)C(=O)Nc1ccc(I)cc1C(=O)O,0
Cc1cc2c(F)c(Oc3ncnn4cc(OC[C@@H](C)OC(=O)[C@H](C)N)c(C)c34)ccc2[nH]1,0
Cc1csc(NC(=O)C(C(=O)OC(C)C)=C2SCS2)n1,0
CC1C(=O)CC2(C(C)C)CC12,1
Clc1cc(Cl)c(-c2ccc(Cl)c(Cl)c2Cl)cc1Cl,1
C[C@]12CCC(=O)C[C@@H]1CC[C@@H]1[C@@H]2CC[C@]2(C)C(=O)CC[C@@H]12,0
C1CNCCN1,1
CCCCn1c(Cc2ccc3c(c2)OCO3)nc2c(N)ncnc21,0
CC1CCC2(C(=O)OC3OC(CO)C(O)C(O)C3O)CCC3(C)C(=CCC4C5(C)CCC(O)C(C)(CO)C5CCC43C)C2C1(C)O,1
O=C(O)N1CCC(Cc2cnc3ccccc3c2)CC1,0
CC(C)COC(=O)OCN1C(=O)CN(CCN2CC(=O)N(COC(=O)OCC(C)C)C(=O)C2)CC1=O,0
CCCCCC=CCC=CC=CC=CC(SCC(N)C(=O)NCC(=O)O)C(O)CCCC(=O)O,1
C[C@](COC(=O)Cc1ccc(O)c(O)c1)([C@@H](Nc1c(C=O)cc2ccccn12)C(=O)O)S(=O)O,0
COc1cc([Te]Cc2ccc(S(N)(=O)=O)cc2)cc(OC)c1OC,0
O=C1c2ccccc2C(=O)c2c1ccc1ccccc21,1
CC(C)(C)C(=O)C(Oc1ccc(Cl)cc1)n1cncn1,1
Cc1c(F)c(N2CCNC(C)C2)cc2c1c(=O)c(C(=O)O)cn2C1CC1,1
CS[C@H]1SC[C@H]2C(=O)N(C)[C@@H](C(C)C)C(=O)OC[C@@H](NC(=O)c3cnc4ccccc4n3)C(=O)N[C@@H](C)C(=O)N(C)[C@@H]1C(=O)N(C)[C@@H](C(C)C)C(=O)OC[C@@H](NC(=O)c1cnc3ccccc3n1)C(=O)N[C@@H](C)C(=O)N2C,1
CCCCCCC(=O)O,0
C=CC1CN2CCC1CC2C(O)c1ccnc2ccc(OC)cc12,1
CCOc1ccnc(CCNC(=S)Nc2ccc(Cl)cn2)c1F,0
Cn1cnc(C[C@H](N)C(=O)O)c1,0
C[C@@H](Cc1ccsc1)NC(=O)NC[C@H](Cc1ccc(O)cc1)N(C)C,0
CCCCCCCCCCCCCCCCOCCCOP(=O)(O)COC(CO)Cn1ccc(N)nc1=O,1
O=C(CCCN1CCC(O)(c2ccc(Br)cc2)CC1)c1ccc(F)cc1,1
O=c1[nH]n(CCc2ccccc2)c(=O)c2ccccc12,0
NCC[C@@H](O)[C@H](N)CC(=O)N[C@H]1CNC(=O)[C@H]([C@H]2CCNC(N)=N2)NC(=O)/C(=C/NC(N)=O)NC(=O)[C@H](CO)NC(=O)[C@H](CO)NC1=O,0
CC(C)n1nc(-c2ccc3oc(N)nc3c2)c2c(N)ncnc21,0
Cn1ncc2c(NC(P(=O)(O)O)P(=O)(O)O)nc(-c3cccc(C(=O)Nc4ccc(C(F)(F)F)cc4)c3)nc21,0
CC1CCCC=CC2CC(O)CC2C(O)C=CC(=O)O1,1
N#C[C@@H]1C[C@@H]2C[C@@H]2N1C(=O)[C@@H](N)C12CC3CC(CC(O)(C3)C1)C2,0
N[C@@H](Cc1cccs1)C(=O)O,0
C[C@H](C[C@H](N)C(=O)O)C(=O)O,0
CCN(CCO)c1ccc(N=Nc2ncc([N+](=O)[O-])s2)c(C)c1,0
COc1c(O)cc2oc(Oc3ccc(O)cc3)cc(=O)c2c1O,1
CC(CCC(=O)O)CC(C)CC(C)C(=O)C=C(O)C(C)CC(C)CC=CC(C)C(O)C(C)C(O)CC1CCC(C)(C2CCC(C)(C(C)O)O2)O1,1
CC(C)C[C@H](NC(=O)OCc1ccccc1)C(=O)N[C@@H]1CCN(C#N)C1,0
Cc1cc(=O)c2c(O)c3c(O)cc(O)c4c5c(O)cc(O)c6c(O)c7c(=O)cc(C)c8c1c2c(c34)c(c65)c78,1
C[C@H]1C[C@@H]2[C@H](C(=O)C[C@@]3(C)[C@H]2CC[C@]3(O)C(=O)CO)[C@@]2(C)C=CC(=O)C=C12,0
CN1CCC23c4c5ccc(O)c4OC2C(=O)CCC3(O)C1C5,0
Nc1ccn([C@@H]2O[C@H](COP(=O)(O)OP(=O)(O)OC[C@H]3O[C@H]4Nc5nc(N)[nH]c(=O)c5N[C@H]4C(S)=C3S)[C@@H](O)[C@H]2O)c(=O)n1,0
CCCCCOc1ccc(-c2ccc(-c3ccc(C(=O)N[C@H]4C[C@@H](O)[C@@H](OCC[N+](C)(C)C)NC(=O)[C@@H]5[C@@H](O)[C@@H](C)CN5C(=O)[C@H]([C@@H](C)O)NC(=O)[C@H]([C@H](O)[C@@H](O)c5ccc(O)cc5)NC(=O)[C@@H]5C[C@@H](O)CN5C(=O)[C@H]([C@@H](C)O)NC4=O)cc3)cc2)cc1,0
CO[C@H]1C[C@H](O[C@H]2[C@H](C)[C@@H](O[C@@H]3O[C@H](C)C[C@H](N(C)C)[C@H]3O)[C@@H](C)C[C@@]3(CO3)C(=O)[C@H](C)[C@@H](O)[C@@H](C)[C@@H](C)OC(=O)[C@@H]2C)O[C@@H](C)[C@@H]1O,0
CCCCCCCC/C=C\CCCCCCCC(=O)O[C@H](COC(=O)CCCCCCCCCCCCCCC)COP(=O)(O)OCC(O)CO,0
C[N@+]1(CCF)[C@@H]2CC[C@H]1C[C@@H](OC(=O)C(O)(c1ccccc1)c1ccccc1)C2,0
C[C@H](NCCn1cnc2c1c(=O)n(C)c(=O)n2C)[C@H](O)c1ccccc1,0
[N-]=[N+]=N[C@]1(C(N)O)O[C@H](CO)[C@@H](O)[C@H](O)[C@H]1O,0
C[C@]12CC[C@H](O)CC1=CC[C@@H]1[C@@H]2CC[C@@]2(C)[C@H]1CC[C@]2(C)O,0
COc1ccc(S(=O)(=O)N2CCN(C(=O)OCc3ccccc3)C[C@@H]2C(=O)NO)cc1,0
COc1cc(CCc2ccc(Nc3c4c(nc5ccc(OC)cc35)CCCC4)cc2)cc(OC)c1,1
O=S(=O)(N[C@H](CO)C(C(F)(F)F)C(F)(F)F)c1ccc(Cl)s1,0
C=CCC1(CC)C(=O)NC(=O)NC1=O,0
O=P(O)(O)OC[C@@H](O)[C@@H](O)[C@H](O)[C@H](O)COP(=O)(O)O,0
CN(C)C1(c2ccccc2)CCC2(CC1)OCCc1c2[nH]c2ccc(F)cc12,0
CCCCCCn1c(=O)c2c(ncn2C)n(C)c1=O,0
C/C(=C\C=C\[C@@H](C)c1ccccn1)[C@H]1OC(=O)C[C@H](O)CC[C@@](C)(O)[C@@H](OC(=O)N2CCN(C)CC2)/C=C/[C@@H]1C,0
CC12CCC3C(CCC4CC(=O)CCC43C)C1CCC2O,1
CC(C)C[C@H](NC(=O)N1CCOCC1)C(=O)N[C@H](C#N)COCc1ccccc1,0
CO[C@H]1O[C@@H]2O[C@@]3(C)CC[C@H]4[C@H](C)CC[C@@H]([C@H]1C)[C@@]24OO3,1
CC(C)[C@H](NC(=O)Cc1c[nH]c2ccccc12)C(=O)O,0
OC[C@H]1O[C@@H]2O[C@H]3[C@H](O)[C@@H](O)[C@@H](O[C@H]4[C@H](O)[C@@H](O)[C@@H](O[C@H]5[C@H](O)[C@@H](O)[C@@H](O[C@H]6[C@H](O)[C@@H](O)[C@@H](O[C@H]7[C@H](O)[C@@H](O)[C@@H](O[C@H]1[C@H](O)[C@H]2O)O[C@@H]7CO)O[C@@H]6CO)O[C@@H]5CO)O[C@@H]4CO)O[C@@H]3CO,0
CC[C@]1(O)CC[C@H]2[C@@H]3CCC4=CC(=O)CC[C@@H]4[C@H]3CC[C@@]21C,1
NC(=O)c1ncn([C@@H]2O[C@H](COP(=O)(O)O)[C@@H](O)[C@H]2O)n1,0
CC(=O)N[C@@H](Cc1cccc(C(=O)O)c1)B(O)O,0
CN(C)c1ccc(/C=C/C(=O)SCCNC(=O)CCNC(=O)[C@H](O)C(C)(C)COP(=O)(O)OP(=O)(O)OC[C@H]2O[C@@H](n3cnc4c(N)ncnc43)[C@H](O)[C@@H]2OP(=O)(O)O)cc1,0
c1coc(CNc2[nH]cnc3ncnc2-3)c1,0
CN(C)C[C@@H](O)COc1ccc(Nc2ncc(Br)c(Nc3ccccc3)n2)cc1,0
COP(=S)(OC)Oc1nc(Cl)c(Cl)cc1Cl,1
NC(=NCCC[C@H](N)C(=O)O)N[C@H](CC(=O)O)C(=O)O,0
CC(=O)OC1CC(C)(C)C(=C=CC(C)=CC=CC(C)=CC=CC=C(C)C=CC=C(C)C(=O)CC23OC2(C)CC(O)CC3(C)C)C(C)(O)C1,1
O=C(O)COc1c(C(=O)O)sc(-c2cccc(NC3CCCCC3)c2)c1Br,0
CC(C)C1(C(C)C)OCC(CO)O1,0
NN1C(=O)N[C@@]2(O[C@H](CO)[C@@H](O)[C@H](O)[C@H]2O)C1=O,0
C#C[C@]1(O)CC[C@H]2[C@@H]3CCC4=C[C@@H](O)CC[C@@H]4[C@H]3CC[C@@]21C,0
O=C(O)Cc1nn(Cc2nc3cc(C(F)(F)F)ccc3s2)c(=O)c2ccccc12,1
O=C(O)c1ccccc1NCCc1ccccc1,0
CC(C)=CCOc1ccc(/C=C/C(=O)c2ccc(OCC=C(C)C)cc2OCC(=O)O)cc1,0
O=C(O)COCCN1CCN(C(c2ccccc2)c2ccc(Cl)cc2)CC1,1
CNC(=O)Oc1cc(C)c(SC)c(C)c1,1
CC(C)(C)NCC(O)COc1cc(Cl)ccc1Cl,0
O=P(O)(O)OC[C@@H](O)[C@@H](O)[C@H](O)CCO,0
CC(=O)NC1C(OCc2ccccc2)OC(CO)C(O)C1O,1
CNS(=O)(=O)Cc1ccc(N=Nc2c(O)[nH]c3ccc4ncsc4c23)cc1,0
OC[C@H]1O[C@@H](O[C@H]2[C@H](O)[C@@H](O)[C@@H](O)O[C@@H]2CO)[C@H](O)[C@@H](O)[C@H]1O,0
Cc1cc2c(OCC(CNC(C)(C)C)OC(=O)c3ccccc3)cccc2[nH]1,0
O=C(O)C(=O)Nc1ccccc1C(=O)O,0
CC=C(C)C(=O)OC1C(OC(=O)CC(C)C)c2c(ccc3ccc(=O)oc23)OC1(C)C,1
NS(=O)(=O)c1cc2c(s1)S(=O)(=O)N(c1cccc(O)c1)C(CN1CCOCC1)=C2,0
O=C(NCc1ccccc1)OCCO,0
CC(C)=CCC/C(C)=C/CC/C(C)=C/CC/C(C)=C/CC1=C(C)C(=O)c2ccccc2C1=O,0
CCS(=O)(=O)c1ccc(F)cc1,0
O=C(CCc1ccc(CN[C@H](C(=O)OC2CCCC2)C2CCCCC2)cn1)NO,0
COc1ccc(N)cc1,1
CC(C)CCCCCCCOP(=O)(Oc1ccccc1)Oc1ccccc1,1
N[C@@H](CC1CCCCC1)C(=O)O,0
C[C@H](C(=O)O)[C@@H](N)C(=O)O,0
CCC(=O)OCC(=O)[C@@]1(OC(=O)CC)[C@H](C)C[C@H]2[C@H]3[C@H]([C@@H](O)C[C@@]21C)[C@@]1(C)C=CC(=O)C=C1C[C@H]3Cl,0
O=[N+]([O-])OCC(CCl)O[N+](=O)[O-],0
O=C(O)[C@H]1CCCNC1,0
O=C(O)[C@@H](O)c1ccccc1,0
N=C(N)NCCCC[C@@H]1NC(=O)CCSSC[C@@H](C(N)=O)NC(=O)[C@@H]2CCCN2C(=O)[C@H](Cc2c[nH]c3ccccc23)NC(=O)[C@H](CC(=O)O)NC(=O)CNC1=O,0
COc1ccc2ccc(C(=N)N)cc2c1-c1cnn(S(C)(=O)=O)c1,0
CCCCCSCC(=O)SCCNC(=O)CCNC(=O)[C@H](O)C(C)(C)COP(=O)(O)OP(=O)(O)OC[C@H]1O[C@@H](n2cnc3c(N)ncnc32)[C@H](O)[C@@H]1OP(=O)(O)O,0
O=C(O)CCCCCCCCCCCO,0
NS(=O)(=O)C(F)(F)C(F)(F)C(F)(F)C(F)(F)C(F)(F)C(F)(F)C(F)(F)C(F)(F)F,1
CC(=O)NCCc1c[nH]c2ccc(O)cc12,0
Oc1ccc(C2COc3cc(O)ccc3C2)cc1,1
CCOCn1c(Cc2ccccc2)c(C(C)C)c(=O)[nH]c1=O,0
O=C(O)CCC/C=C\C[C@H]1[C@H](SC[C@H](O)COc2cccc(Cl)c2)[C@@H](O)C[C@H]1O,0
Cc1cn([C@H]2C[C@H]([18F])[C@@H](CO)O2)c(=O)[nH]c1=O,0
CC(Cc1ccc2c(c1)OCO2)NCC(O)c1ccc(O)c(O)c1,0
Cc1nc(C)c(-c2ccc(C3CCC(CC(=O)O)CC3)cc2)nc1C(N)=O,0
CC1(C)O[C@@H]2C[C@H]3[C@@H]4CCC5=CC(=O)C=C[C@]5(C)[C@H]4[C@@H](O)C[C@]3(C)[C@]2(C(=O)CO)O1,0
O=C1CN2CCCC[C@H]2c2[nH]c3ccccc3c21,0
CCNC(=O)CCC(N)C(=O)O,1
CC(=O)C[C@@H](c1ccccc1)c1c(O)c2ccccc2oc1=O,0
CC(=O)Nc1ccc(O)cc1,1
[V+5],1
Cn1cc(-c2ccc(N3CCC(N4CCc5ccc(F)cc54)CC3)nn2)cn1,0
CC[C@@H](COc1ccccc1)O[P@@](C)(=O)Cl,0
O=C1CCc2c(Oc3ccc4c(c3)[C@@H]3[C@H](O4)[C@H]3c3nc4ccc(C(F)(F)F)cc4[nH]3)ccnc2N1,0
Nc1nnnn1-c1ccccc1,0
CCOCn1c(SC2CCCCC2)c(C(C)C)c(=O)[nH]c1=O,0
CCCCCCSC[C@H](NC(=O)CC[C@H](N)C(=O)O)C(=O)NCC(=O)O,0
N#Cc1cc(-c2ccc(O)c(F)c2)cc2ccc(O)cc12,0
O=C(O)[C@@H](O)[C@@H](O)[C@H](O)[C@@H](O)C(=O)O,0
O=c1c(-c2ccc(O)cc2)coc2cc(O[C@@H]3O[C@H](CO)[C@@H](O)[C@H](O)[C@H]3O)ccc12,0
CCCCCC(=O)CP(=O)(O)O,0
COc1cc2c(c(OC)c1OC)-c1ccc(O)c(=O)cc1C(NC(C)=O)CC2,0
Cc1[nH]c(/C=C2\C(=O)Nc3ccc(F)cc32)c(C)c1C(=O)N[C@H]1CCN(C(=O)N(C)C)C1,0
Nc1nc2c(c(=O)[nH]1)N1C(=O)OC[C@H]1CN2,0
CCCCCCCCCCCCCCCC(=O)OC[C@@H](NC(=O)C(Cl)Cl)[C@H](O)c1ccc([N+](=O)[O-])cc1,1
O=C(O)C1=CC(O)C(O)C(O)C1,1
Cc1ncc(COP(=O)(O)O)c(CNC(C)(C)C(=O)O)c1O,0
O=C(c1ccccc1)c1ccc(O)c(O)c1[N+](=O)[O-],0
Clc1cccc(Nc2nc(OCC3CCCCC3)c3[nH]cnc3n2)c1,0
CNc1nc(-c2cccc(NC(=O)c3ccc(C(=O)OC)cc3)c2)c2cc(OC)c(OC)cc2n1,0
O=[N+]([O-])c1cc[n+]([O-])c2ccccc12,1
CC1(C)SC2C(NC(=O)Cc3ccccc3)C(=O)N2C1C(=O)O,1
CCCCCc1cc(O)c(CC=C(C)CCC=C(C)C)c(O)c1,1
CC(C)(C)NCc1cc(Nc2ccnc3cc(Cl)ccc23)ccc1F,1
COC(CNC(N)=O)C[Hg]Cl,0
CN1CCC(n2[nH]c(-c3ccccc3)c(Cc3ccccc3)c2=O)CC1,0
CC(=O)NC(CO)C(=O)NC(CC(=O)O)C(=O)NC(CCCCN)C(=O)N1CCCC1C(=O)O,1
O=C(O)CCNC(=O)c1ccccc1,0
COCCOCCOCCOCCOCCOC,0
c1ccc(CN(CCN2CCCC2)c2ccccc2)cc1,0
O=C(Nc1ccc2[nH]c(=O)oc2c1)C(=O)N1CCC(Cc2ccc(F)cc2)CC1,0
CCC(C=CC(C)C1CCC2C3=CCC4CC(O)CCC4(C)C3CCC21C)C(C)C,1
CCC(C)C(C)(COC(N)=O)COC(N)=O,0
CCN1CC2(COC)C(O)CC(OC)C34C5CC6(O)C(OC)C(O)C(O)(C5C6OC(=O)c5ccccc5)C(C(OC)C23)C14,1
C[C@H](CCC(=O)NCC(=O)O)[C@H]1CC[C@H]2[C@@H]3[C@H](O)C[C@@H]4C[C@H](O)CC[C@]4(C)[C@H]3C[C@H](O)[C@]12C,0
CNC(C)(C)Cc1ccccc1,0
COc1cc(/C=C/C(=O)O)ccc1OCCO,0
CC(C)C(=O)O,0
CCC1=C(C)c2cc3[nH]c(cc4nc(cc5[nH]c(cc1n2)c(C)c5CCC(=O)O)C(CCC(=O)O)=C4C)c(C)c3CC,1
N=C1CCCN1Cc1[nH]c(=O)[nH]c(=O)c1Cl,0
Nc1cccc2c(S(=O)(=O)O)cccc12,0
CN[C@H]1[C@@H](O[C@@H]2[C@@H](O[C@H]3[C@H](O)[C@@H](O)[C@H](NC(=N)N)[C@@H](O)[C@@H]3NC(=N)N)O[C@H](C)[C@@]2(O)CO)O[C@H](CO)[C@@H](O)[C@@H]1O,0
O=C(O)c1ccc2c(c1)C(=O)N([C@H](Cc1cccc3ccccc13)C(=O)O)C2=O,0
O=C(O)COc1nn(Cc2ccccc2)c2ccccc12,1
CCCN[C@H]1CCc2nc(N)sc2C1,0
OC1C(NCC[C@H]2CCCCN2)=NC[C@H](Cl)N1CCNCc1csc2ccc(Cl)cc12,0
FC(F)(F)COCC(F)(F)F,0
CC(C)N1CC(O)c2cc(N=NC(N)=O)c(O)cc21,0
CCCCC(NC(=O)C1[C@@H]2[C@H](CN1C(=O)C(NC(=O)NC1(CS(=O)(=O)C(C)(C)C)CCCCC1)C(C)(C)C)C2(C)C)C(=O)C(=O)NC1CC1,0
CC1=CCC(C(C)C)C=C1,1
COC(=O)c1ccccc1S(=O)(=O)NC(=O)Nc1nc(C)cc(C)n1,1
CCCCN(CCCC)C(=O)CN1CC(c2ccc3c(c2)OCO3)C(C(=O)O)C1c1ccc(OC)cc1,0
Nc1nc(N)c2nc(CN3c4ccc(O)cc4C=CC4=CCC=C[C@@H]43)cnc2n1,0
c1ccc2c(c1)-c1ccc3ccc4cccc5cc-2c1c3c45,1
CCOC(=O)[C@H](Cc1ccccc1)NC(=O)[C@@H]1CSCCN1S(=O)(=O)c1ccc(C)cc1,0
CC(C)(CO)[C@@H](O)C(=O)OP(=O)(O)OC[C@H]1O[C@@H](n2cnc3c(N)ncnc32)[C@H](O)[C@@H]1O,0
NCC[C@@H](O)c1cccc(OCC2CCCCC2)c1,0
CCCCCCCCc1ccc(O)cc1,1
CCC(NC(C)C)C(O)c1ccc(O)c(O)c1,0
O=[P@@]1(N(CCCl)CCCl)N[C@@H](SCCS(=O)(=O)O)CCO1,0
CCC1=C(C)C(=O)N=C1/C=c1\[nH]/c(=C\c2[nH]c(/C=C3\NC(=O)C(C)=C3CC)c(CCC(=O)O)c2C)c(C)c1CCC(=O)O,0
CCc1ccc(NS(=O)(=O)c2ccc(F)cc2)c(C(=O)O)c1C,0
CCCCCCC(C)(C)c1cc(O)c([C@H]2CC(=O)[C@H]3C[C@@H]2C3(C)C)c(OC(=O)/C=C/C(=O)O)c1,0
CN1[C@@H]2CC[C@H]1C[C@@H](OC(=O)C(CO)c1ccccc1)C2,0
CC(C)(C)C(=O)NCCCC(=O)O,0
O=[N+]([O-])c1ccc2ccc3c4ccccc4c([N+](=O)[O-])c4ccc1c2c43,1
NC(COC(=O)NCCCOCCOCCOCCCNc1c(NCCCN2CCN(CCCNC(=O)c3cc(OC4OC(CO)C(O)C(O)C4O)cc([N+](=O)[O-])c3)CC2)c(=O)c1=O)COC(=O)NCCCOCCOCCOCCCNc1c(NCCCN2CCN(CCCNC(=O)c3cc(O[C@H]4O[C@H](CO)[C@H](O)[C@H](O)[C@H]4O)cc([N+](=O)[O-])c3)CC2)c(=O)c1=O,0
CN(c1nccc(-c2cnc3ccccn23)n1)C1CCCCC1,0
OCCN1CCN(CCC=C2c3ccccc3SC3C=CC(C(F)(F)F)=CC23)CC1,1
CCOC(=O)c1c(C)nn(-c2cccc([N+](=O)[O-])c2)c1C,0
N#Cc1cccc(C[C@H](NC(=O)[C@@H]2CCCN2C(=O)[C@H](N)Cc2ccccc2)B(O)O)c1,0
CCN(CC)CCCC(C)Nc1ccnc2cc(Cl)ccc12,1
CC(=O)N[C@@H](Cc1ccc(O)cc1)C(=O)O,0
Cc1cccc(C)c1NC1=NCCCS1,1
CCC(CCC(C)=O)COC(=O)c1ccccc1C(=O)O,1
O=c1sn(-c2cccc3ccccc23)c(=O)n1Cc1ccccc1,0
C/C=C/C(=O)N(CCC)C(CC)C(=O)N(C)C,0
C#C[C@]1(O)CC[C@H]2[C@@H]3CCC4=CC(=O)CCC4=C3C=C[C@@]21CC,1
CN(C)CC1CCn2c(c(C3=C(c4cn(C)c5ccccc45)C(=O)NC3=O)c3ccccc32)C1,1
CO[C@H]1C=CO[C@@]2(C)Oc3c(C)c(O)c4c(O)c(c(/C=N/N5CCN(C6CCCC6)CC5)c(O)c4c3C2=O)NC(=O)/C(C)=C\C=C/[C@H](C)[C@H](O)[C@@H](C)[C@@H](O)[C@@H](C)[C@H](O)[C@@H]1C,0
CCCCCc1cc(O)c2c(c1)OC(C)(CCC=C(C)C)C=C2,0
C[N+](C)(C)CCOP(=O)(O)O,0
CC12CCc3c(ccc4cc(O)ccc34)C1CCC2=O,1
Oc1ccc2c(c1)[C@]13CCCC[C@@]1(O)[C@H](C2)N(CC1CCC1)CC3,0
O=C(O)[C@@H]1O[C@@H](O)[C@H](O)[C@@H](O)[C@@H]1O,0
CC[N+](CC)(CCNC(=O)C(=O)NCC[N+](CC)(CC)Cc1ccccc1Cl)Cc1ccccc1Cl,0
CC(C)(C)c1nnc(NS(=O)(=O)c2ccc(N)cc2)s1,0
C[Se]CCC(N)C(=O)O,1
O=C(O)CCSC[C@H]1O[C@@H]2O[C@H]3[C@H](O)[C@@H](O)[C@@H](O[C@H]4[C@H](O)[C@@H](O)[C@@H](O[C@H]5[C@H](O)[C@@H](O)[C@@H](O[C@H]6[C@H](O)[C@@H](O)[C@@H](O[C@H]7[C@H](O)[C@@H](O)[C@@H](O[C@H]8[C@H](O)[C@@H](O)[C@@H](O[C@H]9[C@H](O)C(O)[C@@H](O[C@H]1[C@H](O)[C@H]2O)O[C@@H]9CSCCC(=O)O)O[C@@H]8CSCCC(=O)O)O[C@@H]7CSCCC(=O)O)O[C@@H]6CSCCC(=O)O)O[C@@H]5CSCCC(=O)O)O[C@@H]4CSCCC(=O)O)O[C@@H]3CSCCC(=O)O,0
COc1ccc(-c2oc3c(CC=C(C)C)c(O)cc(O)c3c(=O)c2O)cc1,0
O=[N+]([O-])c1ccc(Cl)cc1,1
O=P(O)(O)OC(Cn1cncn1)(Cn1cncn1)c1ccc(F)cc1F,0
OC[C@H]1O[C@@H](S)[C@H](O)[C@@H](O)[C@@H]1O,0
O=c1c(-c2ccc(O)cc2)coc2cc(OC3OC(CO)C(O)C(O)C3O)ccc12,1
CC(=O)C1CCC2C3CC=C4CC(O)CCC4(C)C3CCC12C,1
CC#CC(=O)N1CC[C@@H](n2c(=O)n(-c3ccc(Oc4ccccc4)cc3)c3c(N)ncnc32)C1,1
Cc1cc2ccccc2[nH]1,1
O=C(Nc1ccc(Oc2ccc(C(=O)O)c(C(=O)O)c2)c(NC(=O)c2cccc([N+](=O)[O-])c2)c1)c1cccc([N+](=O)[O-])c1,0
O=C(Nc1ccc(C(=O)O)c(O)c1)c1ccccc1,0
Cn1cc(-c2cc3cccnc3[nH]2)c2cc(C(=O)NC(C)(C)CO)ccc21,0
O=C(/C=C/c1c(C(=O)O)[nH]c2cc(Cl)cc(Cl)c12)Nc1ccccc1,0
CC(C)NC[C@H](O)COc1ccc(O)cc1,0
O=C(O)C(=O)Nc1cc2[nH]ccc2cc1C(=O)O,0
CC1OC(OC2C(CO)OC(OC(C(O)CO)C(O)C(O)C=O)C(O)C2O)C(O)C(O)C1NC1C=C(CO)C(O)C(O)C1O,1
CCN(CC)C(=O)SCc1ccc(Cl)cc1,1
CCC1C(O)C2C3CCC(C(C)CCC(=O)O)C3(C)CCC2C2(C)CCC(O)CC12,1
OC(CCN1CCCCC1)(c1ccccc1)C1CC2C=CC1C2,0
Cc1ccc(-n2nc(C(C)(C)C)cc2NC(=O)Nc2ccc(OCCN3CCOCC3)c3ccccc23)cc1,1
FC(F)(F)c1cccc(-c2nnc3ccc(NC4CCCCC4)nn23)c1,0
O=C(O)CCCOc1cccc(CCCCCCOc2cc(-c3ccncc3)cc(-c3ccncc3)c2)c1CCC(=O)O,1
CC(=O)Oc1ccccc1C(=O)Oc1cccc(CO[N+](=O)[O-])c1,0
CCOC(=O)[C@@H](N)Cc1ccc(O)c(O)c1,0
Oc1ccc(/C=C/c2cc(O)cc(O)c2)cc1,0
CC(C(=O)O)c1ccc(-c2ccccc2)c(F)c1,1
CC(=O)S[C@H](C(=O)N[C@H]1Cc2ccccc2[C@H]2CCC[C@@H](C(=O)O)N2C1=O)C(C)C,0
NC(=O)[C@@H](O)[C@H](N)C(=O)O,0
CC(C)(C)OC(=O)NCC(=O)N1CCC[C@H]1COC(=O)Cc1cccc(Cl)c1,0
CCNC(=O)C1OC(n2cnc3c(N)nc(NCCc4ccc(CCC(=O)O)cc4)nc32)C(O)C1O,1
CCC1(c2ccccc2)C(=O)NC(=O)N(C)C1=O,0
NCCNC(=O)c1ccc(Cl)cn1,1
Cc1cc(COc2ccc3c(c2)O/C(=C\c2ccc(C(F)(F)F)cc2)C3=O)cc(C)c1OC(C)(C)C(=O)O,0
[2H]C([2H])([2H])NC(=O)c1nnc(NC(=O)C2CC2)cc1Nc1cccc(-c2ncn(C)n2)c1OC,0
O=C(O)C1CCCN1,1
C=CC[N@+]1(C)CC[C@]23c4c5ccc(O)c4O[C@H]2C(=O)CC[C@@]3(O)[C@H]1C5,0
CC(CN(C)C)OC(C)(c1ccccc1)c1ccc(Cl)cc1,0
NCCNCCNCCNCCN,1
CNC(CC(=O)O)C(=O)O,1
CO[C@@H]1[C@@H](O)[C@H](C)[C@@](O)(CC(=O)O)O[C@H]1[C@H](C)[C@H]1O[C@@]2(CC[C@@](C)([C@H]3CC[C@@](C)([C@@H]4O[C@@H]([C@H]5O[C@](C)(O)[C@H](C)C[C@@H]5C)C[C@@H]4O[C@H]4CC[C@H](OC)[C@@H](C)O4)O3)O2)C[C@H](O)[C@H]1C,0
CCNC(=O)c1noc(-c2cc(Cl)c(O)cc2O)c1-c1ccc(OC)cc1,0
O=P(O)(O)OCC1OC(O)(COP(=O)(O)O)C(O)C1O,1
O=c1c(O)c(-c2cc(O)c(O)c(O)c2)oc2cc(O)ccc12,1
NC(=O)c1nc(F)c[nH]c1=O,0
CC(C(=O)O)c1ccc(N2CC=CC2)c(Cl)c1,1
CC(=O)N[C@H](Cc1ccc(O)cc1)C(=O)N1CCC[C@@H]1C(=O)N1C[C@@H](O)C[C@@H]1C(=O)NCC(=O)N[C@H](C)C(=O)NCC(N)=O,0
COc1nccnc1CC(C)C,0
N=C(N)c1cc2c(I)cccc2s1,0
Cc1cc(-c2ccc3c(c2)CC[C@H]3N2CC3(CCN(C(=O)Cc4cn5cc(C)sc5n4)CC3)C2)ncn1,0
NC(=O)OCCCc1ccccc1,0
CNc1ccccc1C(=O)O[C@H]1C[C@H](n2cnc3c(N)ncnc32)O[C@@H]1COP(=O)(O)OP(=O)(O)O,0
Nc1nc2c(ncn2[C@@H]2O[C@H](COP(=O)(O)OP(=O)(O)O[C@H]3O[C@H](C(=O)O)[C@@H](O)[C@H](O)[C@@H]3O)[C@@H](O)[C@H]2O)c(=O)[nH]1,0
Cc1c(C(=O)NN2CCCCC2)nn(-c2ccc(Cl)cc2Cl)c1-c1ccc(Cl)cc1,1
NC(=O)C(c1ccccc1)(c1ccccc1)C1CCN(CCc2ccc3c(c2)CCO3)C1,0
O=[N+]([O-])c1ccc(Nc2ccc(N=C=S)cc2)cc1,0
CC(=O)N[C@@H](Cc1cc(I)c(O)c(I)c1)C(=O)NCC(=O)O,0
COc1cc(CCC(=O)CC(=O)CCc2ccc(O)c(OC)c2)ccc1O,1
CC1(C)C[C@@H]2CCCNc3cccc(n3)S(=O)(=O)NC(=O)c3ccc(-n4ccc(OCCC5C6(CC6)C56CC6)n4)nc3N1C2,0
SCc1cccnc1,0
CCn1ccc(NS(=O)(=O)c2ccc(N)cc2)nc1=O,0
O=c1cc(C(F)(F)F)c2ccc(O)cc2o1,1
CC(C)=CCC/C(C)=C/CC/C(C)=C/Cc1cc(O)cc(Sc2ccccc2C(=O)O)c1O,0
CC[N+]1(C)[C@@H]2C[C@@H](OC(=O)[C@H](CO)c3ccccc3)C[C@H]1[C@@H]1O[C@@H]12,0
CCc1c2[nH]c(c1C)/C=c1\[nH]/c(c(CCC(=O)O)c1C)=C\c1[nH]c(c(C)c1CCC(=O)O)/C=C1\N/C(=C\2)C(C)(CC)C1=O,0
CN(C)C1=N[C@@H]2[C@@H](O)[C@H](O)[C@@H](CO)[C@@H]2O1,0
CN1C(=O)C(=O)c2cc(S(=O)(=O)N3CCC[C@H]3COc3ccccc3)ccc21,0
CO[C@@]1(NC(=O)C(C(=O)O)c2ccsc2)C(=O)N2[C@@H](C(=O)O)C(C)(C)S[C@@H]21,0
CC1(C)CC[C@@]2(CC[C@H]3[C@@H]4CCc5cc(C(N)=O)ccc5[C@H]4CC[C@@]32C)OC1=O,0
Nc1nc2c(c(=O)[nH]1)CC=N2,0
CCNC(=O)CCC/C=C\C[C@@H]1[C@@H](/C=C/[C@@H](O)CCc2ccccc2)[C@H](O)C[C@@H]1O,0
CC=CCC(C)C(=O)C1C(=O)NC(C(C)C)C(=O)N(C)CC(=O)N(C)C(CC(C)C)C(=O)NC(C(C)C)C(=O)N(C)C(CC(C)C)C(=O)NC(C)C(=O)NC(C)C(=O)N(C)C(CC(C)C)C(=O)N(C)C(CC(C)C)C(=O)N(C)C(C(C)C)C(=O)N1C,1
Cc1nc2ccc(-n3ncc(C(=O)c4cc5ccccc5[nH]4)c3N)cc2[nH]1,0
Nc1ncnc2c1ncn2[C@@H]1O[C@H](CO)[C@@H](O)[C@H]1N,0
CCCC(N)=NCCC[C@H](N)C(=O)O,0
O=C(O)COc1c(C(=O)O)sc(-c2ccccc2)c1Br,0
NC(C(=O)O)C(=O)O,0
CC(=O)Oc1ccc([N+](=O)[O-])cc1,1
CN1CCC(=C2c3ccccc3Sc3ccccc32)CC1,0
Nc1cccc2c1CN(C1CCC(=O)NC1=O)C2=O,1
Cc1ccc(C)c(OC[C@@H](O)CN2CCOCC2)c1,0
CC(C)(Oc1ccc(Cl)cc1)C(=O)O,1
CCN(CC)CCc1c[nH]c2ccccc12,0
CC1(c2ccccc2)Cc2cc(OCC(=O)O)c(Cl)c(Cl)c2C1=O,1
CNc1nc(Nc2ccc(-n3cnc(C)n3)c(OC)c2)nc2c1CC[C@H]2c1ccc(F)cc1,0
O=Cc1ccccc1OP(=O)(O)OCc1ccccc1,0
OC[C@@H](O)[C@H](O)[C@@H](O)CO,0
O=C(O)/C=C/c1ccc(Cn2ccnc2)cc1,0
ClC(Cl)Br,1
CC(=O)OC(C)C(=O)OCC[N+](C)(C)C,0
O=C(O)c1c(O)c(-c2ccccc2)nc2ccccc12,0
CCN(CC)CCNC(=O)c1ccc(N)cc1,1
N[C@@H](C(=O)N[C@@H]1C(=O)N2C(C(=O)O)=C(Cl)CS[C@H]12)c1ccccc1,0
Oc1cc(O)cc(C=Cc2ccccc2)c1,1
C=C(O[C@H]1C=CC=C(C(=O)O)[C@@H]1O)C(=O)O,0
CNC(=O)c1c(C)oc2cc(Oc3ncnc4cc(OC)c(OC)cc34)ccc12,0
OC[C@@H]1NC[C@H](O)[C@H]1O,0
Nc1ncnc2c1ncn2CCOC[P@@]1(=O)OCC[C@@H](c2cccc(Cl)c2)O1,0
O=C1NC(=O)c2c1c(-c1ccccc1)cc1[nH]c3ccc(O)cc3c21,0
CO/N=C(\C(=O)N[C@@H]1C(=O)N2C(C(=O)[O-])=C(C[N+]34CCC(C(N)=O)(CC3)CC4)CS[C@H]12)c1nsc(N)n1,1
CCN1C[C@H]2CN(C)C[C@@H](C1)[C@H]2OC(=O)c1ccc(Cl)cc1,0
NS(=O)(=O)c1ccc(C(=O)NCc2cccc(F)c2F)cc1,0
CC(C)=CC(C)=NN=c1[nH]ncc2ccccc12,0
CN(C)CCO[C@]1(c2ccccc2)C[C@H]2CC[C@]1(C)C2(C)C,0
C[C@]12CCC(=O)C[C@H]1CC[C@@H]1[C@@H]2CC[C@]2(C)C(=O)CC[C@@H]12,0
CCOC(=O)Nc1ccc(NCc2ccc(F)cc2)cc1N,0
N[C@@H](CC(=O)N1CCn2c(nnc2C(F)(F)F)C1)Cc1cc(F)c(F)cc1F,1
CC[C@@H](O)C(C[C@@H](C)N(C)C)(c1ccccc1)c1ccccc1,0
CCCCCCCCOCCOCCOCCOCCO,0
C[C@](O)(CS(=O)(=O)c1ccc(F)cc1)C(=O)Nc1ccc(C#N)c(C(F)(F)F)c1,0
CC12CC3CC(C)(C1)CC(N)(C3)C2,1
O=C(O)c1ccc2nc(-c3c(Cl)cccc3Cl)oc2c1,0
O=C1c2ccc3c4c(c(NCCN5CCCC5)cc(c24)C(=O)N1CCCN1CCOCC1)C(=O)N(CCCN1CCOCC1)C3=O,0
CC(C)C[C@@H]1NC(=O)[C@@H](C(C)C)NC(=O)[C@@H]2CCCN2C(=O)[C@@H](CC(=O)O)NC(=O)[C@@H](Cc2c[nH]c3ccccc23)NC1=O,0
Cn1c(=O)c(O)c(O)c2ccccc21,0
CC(C)O[P+](=O)OC(C)C,0
NC(=O)CN(CC(=O)O)CC(=O)O,0
CC#CCOc1ccc(S(=O)(=O)N[C@H](Cc2c[nH]c3ccc(C)cc23)C(=O)O)cc1,0
Cn1c(=O)[nH]c2ncn(C)c2c1=O,1
CC(=O)NN1C(=O)N[C@@]2(O[C@H](CO)[C@@H](O)[C@H](O)[C@H]2O)C1=O,0
CC(C)=CCCC(C)=CC=O,1
N#Cc1cc(Cl)cc(Oc2cc(OCc3[nH]nc4nc(N)ccc34)ccc2Cl)c1,0
CS(=O)(=O)c1cc(Cl)c(-c2cc(Cl)c(S(C)(=O)=O)cc2Cl)cc1Cl,0
C[C@@H](c1nc(-c2ccc(C#N)cc2)cs1)[C@](O)(Cn1cncn1)c1ccc(F)cc1F,0
CC(=N)N1CCC(Oc2ccc3nc(C)n(Cc4ccc5ccc(C(=N)N)cc5c4)c3c2)CC1,0
CN(C)c1ccc2cc(C(=O)N[C@@H](CCCNC(=N)CCl)C(=O)NCc3ccccc3)ccc2c1,1
NNC(=O)C1CCc2nc3ccccc3c(N)c2C1,0
C[C@@](Cc1ccc(OP(=O)(O)O)c(O)c1)(NN)C(=O)O,0
CCOC(=O)O[C@]1(C(=O)OCCl)CC[C@H]2[C@@H]3CCC4=CC(=O)C=C[C@]4(C)[C@H]3[C@@H](O)C[C@@]21C,0
CCCC[SnH2]CCCC,1
CCOP(=S)(OCC)Oc1cnc2ccccc2n1,1
COc1ccc(/C=C/C(=O)/C=C(O)/C=C/c2ccc(OC)c(OC)c2)cc1OC,0
Cn1cc(-c2ccccc2)c(=O)c(-c2cccc(C(F)(F)F)c2)c1,1
COc1cc2c(Nc3ccc(Cl)c(Cl)c3F)ncnc2cc1OCC1C[C@@H]2CN(C)C[C@@H]2C1,0
COc1ccc2cc1Oc1ccc(cc1)CC1c3c(cc4c(c3Oc3cc5c(cc3OC)CCN(C)C5C2)OCO4)CCN1C,1
CCCS(=O)(=O)NC1CC(N(C)c2ncnc3[nH]ccc23)C1,0
COc1cc(NS(=O)(=O)c2ccc(N)cc2)ncn1,0
C[N+](C)(C)CCO,0
C[C@]12C[C@H](c3ccc(S(C)(=O)=O)cc3)C3=C4CCC(=O)C=C4CC[C@H]3[C@@H]1CC[C@@]2(O)C(F)(F)C(F)(F)F,0
NCc1ccccc1CC(=O)N[C@@H]1C(=O)N2C(C(=O)O)=C(CSc3nnnn3CC(=O)O)CS[C@H]12,0
Cc1[nH]c(CC2=c3cc(S(=O)(=O)N(C)c4cccc(Cl)c4)ccc3=NC2=O)c(C)c1C,0
O=C(Cn1cnnn1)N[C@@H]1C(=O)N2C(C(=O)O)=C(CSc3nncs3)CS[C@H]12,0
COc1cc(N)c(Cl)cc1C(=O)NC1CCN(Cc2ccccc2)CC1,0
CN(C)CC[C@@H](c1ccc(Cl)cc1)c1ccccn1,0
O=c1[nH]c(=O)n([C@H]2C[C@H](O)[C@@H](COP(=O)(O)O)O2)cc1CO,0
Oc1ccc(C(c2ccc(O)cc2)c2ccccn2)cc1,0
O=S(=O)(O)CCNBr,1
OCCNc1ncnc2[nH]c(-c3ccccc3)c(-c3ccccc3)c12,0
[Au+],0
COC(=O)c1cc(Oc2ccc(C(F)(F)F)cc2Cl)ccc1[N+](=O)[O-],1
Cc1csc(NS(=O)(=O)c2ccc(N)cc2)n1,0
CC1(C)CCC(C)(C)c2cc(/C(=N\O)c3ccc4cc(C(=O)O)ccc4c3)ccc21,0
O=C(O)/C(F)=C\c1ccc(O)cc1,0
[Mn],1
CC(C)[C@H](NC(=O)[C@H](C)NC(=O)OCc1ccccc1)C(=O)N[C@H](CO)Cc1ccccc1,0
CCN1[C@@H]2CC[C@H]1CC(OC(c1ccccc1)c1ccccc1)C2,0
Nc1nc2c(nc(Br)n2C2OC3COP(=O)(O)OC3C2O)c(=O)[nH]1,1
CCCCC/C=C/C=C1\C(=O)C=C[C@@H]1C/C=C/CCCC(=O)O,0
O=c1[nH]c(=O)n(C2CCCO2)cc1F,1
O=S(=O)(O)c1ccc(O)c(N=Nc2c(S(=O)(=O)O)cc3c(S(=O)(=O)O)c(Nc4ncnc(Nc5ccc6c(O)c(N=Nc7cc(S(=O)(=O)O)ccc7O)c(S(=O)(=O)O)cc6c5S(=O)(=O)O)n4)ccc3c2O)c1,0
C=C1c2c(Cl)ccc(O)c2C(O)=C2C(=O)C3(O)C(O)=C(C(N)=O)C(=O)C(N(C)C)C3C(O)C12,1
O=C1C[C@@H](c2ccc(O)cc2)Oc2ccccc21,0
Nc1nc2c(c(=O)[nH]1)NC1C(N2)OC2COP(=O)(O)OC2C1(O)O,0
CCOC(=O)[C@H](C)C[C@@H](Cc1ccc(-c2ccccc2)cc1)NC(=O)CCC(=O)O,0
O=C(O)C1=CC(=O)[C@@H](O)[C@H](O)C1,0
CCCCCOc1ccc2cc(S(=O)(=O)N[C@H](CCC(=O)O)C(=O)O)ccc2c1,0
Nc1cccc(Sc2ccc(/C=C/C(=O)N3CCOCC3)c(C(F)(F)F)c2C(F)(F)F)c1,0
CNC(C)Cc1ccc(O)c(O)c1,1
ClC=CCl,1
Cn1cc(-c2ccc(F)c(C(F)(F)F)c2)nc1C1CCN(c2ncnc3[nH]ncc23)CC1,0
C=CC=C,1
COc1cccc2c1[C@@H]1CN(CCCCn3c(=O)[nH]c4c(sc5ncc(-c6ccccc6)nc54)c3=O)C[C@@H]1CO2,1
CCC(=O)O[C@]1(c2ccccc2)CCN(C)C[C@@H]1CC,0
Nc1ccc(S(=O)(=O)NC(=O)c2ccccc2)cc1,0
O=Cc1c[nH]c2ccccc12,1
COc1ccc(N(CCCC(=O)O)C(=O)c2ccc(Cl)cc2)cc1,0
CC(=O)[C@@]1(O)CC[C@H]2[C@@H]3CC=C4C=C(OC5CCCC5)CC[C@]4(C)[C@H]3CC[C@@]21C,0
Cc1cn(C2CC(OP(O)(=S)OCC3OC(n4ccc(=N)nc4O)CC3OP(O)(=S)OCC3OC(n4cnc5c(O)nc(=N)[nH]c54)CC3OP(O)(=S)OCC3OC(n4ccc(=N)nc4O)CC3OP(O)(=S)OCC3OC(n4cc(C)c(O)nc4=O)CC3OP(O)(=S)OCC3OC(n4cnc5c(O)nc(=N)[nH]c54)CC3OP(O)(=S)OCC3OC(n4cnc5c(O)nc(=N)[nH]c54)CC3OP(O)(=S)OCC3OC(n4cc(C)c(O)nc4=O)CC3OP(O)(=S)OCC3OC(n4cnc5c(O)nc(=N)[nH]c54)CC3OP(O)(=S)OCC3OC(n4cnc5c(N)ncnc54)CC3OP(O)(=S)OCC3OC(n4cnc5c(O)nc(=N)[nH]c54)CC3OP(O)(=S)OCC3OC(n4cc(C)c(O)nc4=O)CC3OP(O)(=S)OCC3OC(n4cc(C)c(O)nc4=O)CC3OP(O)(=S)OCC3OC(n4cc(C)c(O)nc4=O)CC3OP(O)(=S)OCC3OC(n4ccc(=N)nc4O)CC3OP(O)(=S)OCC3OC(n4cnc5c(N)ncnc54)CC3O)C(COP(O)(=S)OC3CC(n4ccc(=N)nc4O)OC3COP(O)(=S)OC3CC(n4cc(C)c(O)nc4=O)OC3COP(O)(=S)OC3CC(n4cc(C)c(O)nc4=O)OC3COP(O)(=S)OC3CC(n4cnc5c(O)nc(=N)[nH]c54)OC3CO)O2)c(=O)nc1O,0
CC(=O)N[C@@H]1[C@@H](O)[C@H](O)[C@@H](CO)O[C@@H]1O,0
CCCCCCCCCCC1=C(C)C(=O)C(OC)=C(OC)C1=O,0
COc1ccc(CCC(C)NCC(O)c2ccc(O)c([S+](C)[O-])c2)cc1,0
CCCCCC[C@@H](C)NC=O,0
CC(=O)Nc1ccc(C[C@H](NC(=O)[C@H](CO)NC(=O)[C@@H](Cc2cccnc2)NC(=O)[C@@H](Cc2ccc(Cl)cc2)NC(=O)[C@@H](Cc2ccc3ccccc3c2)NC(C)=O)C(=O)N[C@H](Cc2ccc(NC(C)=O)cc2)C(=O)N[C@@H](CC(C)C)C(=O)N[C@@H](CCCCNC(C)C)C(=O)N2CCC[C@H]2C(=O)N[C@H](C)C(N)=O)cc1,0
CCOC(=O)CCCCCCCCC(C)c1ccc(I)cc1,0
C[C@@H]1C[C@H]2[C@@H]3C[C@H](F)C4=CC(=O)C=C[C@]4(C)[C@@]3(Cl)[C@@H](O)C[C@]2(C)[C@H]1C(=O)CO,0
CC(=O)N[C@@H](Cc1ccc(CC(=O)O)c(C(=O)O)c1)C(=O)N[C@H]1CCCCN(Cc2ccc(-c3ccccc3)cc2)C1=O,0
CN1N=C(N)c2cn([C@@H]3O[C@H](CO)[C@@H](O)[C@H]3O)c3ncnc1c23,0
CC(C)c1c(CCN(C)C(C)Cc2ccccc2)n(C)n(-c2ccccc2)c1=O,0
Oc1cc(O)cc(/C=C/c2ccc(Nc3c4c(nc5cc(Cl)ccc35)CCCC4)cc2)c1,1
CC[C@@H](C)C(=O)O[C@@H]1[C@H](OC(C)=O)c2c(ccc3ccc(=O)oc23)OC1(C)C,0
O=C1c2ccccc2S(=O)(=O)N1CCCCNC[C@H]1CCc2ccccc2O1,0
Cc1cn([C@H]2CC[C@@H](CO)O2)c(=O)[nH]c1=O,1
CC(C)(CCl)C(=O)Nc1ccc(C(F)(F)F)cc1,0
Cc1cccc(C)c1NC(=O)CN1CCCC1=O,0
N[C@@H](CCC(=O)N[C@@H](CSCc1cccc2ccccc12)C(=O)NCC(=O)O)C(=O)O,0
CC(C=CC1=C(C)C(=O)CCC1(C)C)=CC=CC(C)=CC(=O)O,1
N[C@H](COc1cncc(C2=NCC3=NN=CC3=C2)c1)CC1=C2C=CCC=C2N=C1,0
CCCCC(=O)O[C@]1(C(=O)CO)[C@H](C)C[C@H]2[C@@H]3CCC4=CC(=O)C=C[C@]4(C)[C@@]3(F)[C@@H](O)C[C@@]21C,0
CCCCCCCCCCCC(CC1OC(=O)C1CCCCCC)OC(=O)C(CC(C)C)NC=O,1
N[C@@H](CCC(=O)Nc1ccc(OCc2ccccc2)cc1)C(=O)O,0
C[C@@H]1CCc2ncc(F)cc2[C@H]2CCCN2c2ccn3ncc(c3n2)C(=O)N1,0
CCOC(=O)/C=C/C(C[C@@H]1CCNC1=O)NC(=O)[C@@H](NC(=O)[C@@H](NC(=O)OC(C)(C)C)C(C)C)c1ccccc1,0
COc1ccc(-c2cc(=O)c3c(OCCO)cc(O[C@@H]4O[C@H](CO[C@@H]5O[C@@H](C)[C@H](O)[C@@H](O)[C@H]5O)[C@@H](O)[C@H](O)[C@H]4O)cc3o2)cc1O,0
CC(C)Nc1ncccn1,1
CCCCCl,0
c1ccc(-c2oc3ccccc3c2-c2ccccc2)cc1,1
CCCCC(CC)COC(=O)C(C#N)=C(c1ccccc1)c1ccc(OC)cc1,0
CCCCCCCCCCCCCC=CC(O)C(N)COP(=O)(O)O,1
C[C@@H]1CN(Cc2ncccn2)C[C@H]1c1nc2c(cnn2C2CCOCC2)c(=O)[nH]1,0
Cc1nnc2n1-c1ccc(Br)cc1C(c1ccccn1)=NC2,0
CCc1ccccc1NC(=O)Oc1ccc2c(c1)[C@]1(C)CCN(C)O[C@@H]1N2C,0
NS(=O)(=O)c1ccc(C(=O)NCc2c(F)c(F)c(F)c(F)c2F)cc1,0
NOC(=O)CCn1ccc(=O)[nH]c1=O,0
C[C@]12C=C[C@@]3(CC[C@@H]4[C@](C)(CO)CCC[C@@]4(C)[C@@H]3CC1)C2,1
Nc1nc2c(ncn2[C@@H]2O[C@H](COP(=O)(O)OP(N)(=O)O)[C@@H](O)[C@H]2O)c(=O)[nH]1,0
CCN(CC)C(=O)N[C@H]1C[C@@H]2c3cccc4[nH]cc(c34)C[C@H]2N(C)C1,0
CCC(=O)O[C@@H]1CC(=O)O[C@H](C)C/C=C/C=C/[C@H](O)[C@H](C)C[C@H](CC=O)[C@H](O[C@@H]2O[C@H](C)[C@@H](O[C@H]3C[C@@](C)(O)[C@@H](OC(=O)CC)[C@H](C)O3)[C@H](N(C)C)[C@H]2O)[C@H]1OC,1
O=C(O)CCC(=O)c1ccc2c(c1)-c1cccc3cccc-2c13,0
Clc1cc(N2C[C@@H]3CN[C@@H]3C2)cnc1Cl,0
Nc1ncnc2c1ncn2C1OC(COP(=O)(O)OP(=O)(O)OP(O)(O)=S)C(O)C1O,1
CC(C)C[C@H](NC(=O)CNC(=O)[C@H](Cc1ccc(O)cc1)NC(=O)[C@H](CO)NC(=O)[C@H](Cc1c[nH]c2ccccc12)NC(=O)[C@H](Cc1c[nH]cn1)NC(=O)[C@@H]1CCC(=O)N1)C(=O)N[C@@H](CCCNC(=N)N)C(=O)N1CCC[C@H]1C(=O)NCC(N)=O,0
COc1cc(-c2ccccc2)cc([C@@H](C)C#Cc2c(C)nc(N)nc2N)c1,0
NC(=O)c1ncn([C@@H]2O[C@H](CO)[C@@H](O)[C@H]2O)c1O,0
CN(CCOP(=O)(O)O)C(=N)N,0
CC(=O)O[C@H]1C[C@@H]2CC[C@@H]3[C@H](CC[C@@]4(C)[C@H]3C[C@H]([N+]3(C)CCCCC3)[C@@H]4OC(C)=O)[C@@]2(C)C[C@@H]1N1CCCCC1,0
CCOC1OC(=O)CC1NC(=O)C1CCCN2C(=O)CCC(NC(=O)c3nccc4ccccc34)C(=O)N12,1
O=C(O)C(F)(F)C(F)(F)C(F)(F)C(F)(F)C(F)(F)C(F)(F)C(F)(F)C(F)F,1
CC(C=CC1=C(C)CCCC1(C)C)=CC=CC(C)=CCO,1
N#CC1CC2CC2N1C(=O)C(N)C12CC3CC(CC(O)(C3)C1)C2,1
CC[C@H](C)[C@@H]([C@@H](CC(=O)N1CCC[C@H]1[C@H](OC)[C@@H](C)C(=O)NCCc1ccccc1)OC)N(C)C(=O)[C@@H](NC(=O)[C@H](C(C)C)N(C)C)C(C)C,0
CCCC=CC=CC(=O)OC1C(=CC(=O)OC)CC2CC(C(C)O)OC(=O)CC(O)CC3CC(OC(C)=O)C(C)(C)C(O)(CC4CC(=CC(=O)OC)CC(C=CC(C)(C)C1(O)O2)O4)O3,1
CN(C)c1ccc(N=Nc2ccccc2)cc1,1
CCCCCCCCCCCCCCC(I)C=O,1
NC(N)=NC(N)=Nc1cc(C(F)(F)F)ccc1Cl,0
O=C(NC1CCCCC1)NS(=O)(=O)c1ccc2c(c1)CCC2,0
COC(=O)[C@H]1[C@@H](c2ccc(I)cc2)C[C@@H]2CC[C@H]1N2CCCF,0
Nc1ncnc2c1nc(Sc1ccc(Cl)cc1)n2C1OC2COP(=O)(O)OC2C1O,1
NCCCCO,0
Nc1ncnc2c1ncn2[C@@H]1O[C@@H](COP(=O)(O)OP(=O)(O)O)[C@@H](O)[C@@H]1O,0
C1CCC(C(CC2CCCCN2)C2CCCCC2)CC1,1
CCCCCCCCCCCCCC(=O)SCCNC(=O)CCNC(=O)[C@H](O)C(C)(C)COP(=O)(O)OP(=O)(O)OC[C@H]1O[C@@H](n2cnc3c(N)ncnc32)[C@H](O)[C@@H]1OP(=O)(O)O,0
CC(=O)OCCc1sc(S(=O)(=O)NC(=O)Nc2cc(C(F)(F)F)c(F)c(N)n2)cc1C,0
COc1ccc(-n2cnc3ccc(-c4n[nH]c(=S)o4)cc32)cc1,0
COc1cccc(N(C)C(=S)Oc2ccc3c(c2)CCCC3)n1,0
O=P(O)(O)CN1CCN(CP(=O)(O)O)CCN(CP(=O)(O)O)CCN(CP(=O)(O)O)CC1,0
NC1=N[C@H]2[C@H](CS[C@H]2CCCCC(=O)O)N1,0
COc1cc2c(c3oc(=O)c4c(c13)CCOC4=O)C1C=COC1O2,1
O=C(O)[C@@H](O)c1ccc(O)cc1,0
O=C(O)c1ccc(-c2c(F)cccc2F)cc1,0
CCC1=C[C@@H]2[C@H](C1)C[C@]2(CN)CC(=O)O,0
CCCCCCOc1cc(C)c(O)c(C)c1C,0
O=C(NC(=S)Nc1nc2ccc(Cl)cc2s1)c1ccc(Cl)cc1,0
CC(C)CCOC(CN1CCCC1)c1ccccc1,0
Oc1ccc([C@H]2COc3cc(O)ccc3C2)cc1,0
COc1cc(CN(C)c2cnc3nc(N)nc(N)c3c2)cc(OC)c1,0
CCCCCC=CCC(O)C=CC=CC=CC(O)CCCC(=O)O,1
CCCCCCCCCCCCCCCCCCOC[C@H](COP(=O)(O)OCCSC)NC(C)=O,0
CC(=O)NC(CS)C(=O)O,0
CCCCCCCCCC(C)=O,0
O=S(=O)(O)c1cc(Br)c(O)c(Br)c1,0
O=C(NCC(=O)N1[C@@H](c2ccccc2)CC[C@H]1C(=O)O)[C@@H](S)Cc1ccccc1,0
COc1cc(C=CC=O)ccc1O,1
C=Cc1nc2c(N)ncnc2n1[C@@H]1O[C@H](CN(C)CCCCON)[C@@H](O)[C@H]1O,0
C[C@H](O)[C@@H](C)O,0
CP(=O)(O)OC[C@H]1O[C@@H](n2cnc3c(N)ncnc32)[C@H](O)[C@@H]1O,0
CCC1(O)C(=O)OCc2c1cc1n(c2=O)Cc2cc3c(CN(C)C)c(O)ccc3nc2-1,0
CCOc1ncc(C)c2c1[C@H](c1ccc(C#N)cc1OC)C(C(N)=O)=C(C)N2,0
Nc1nc(OCC2CCCCC2)c2[nH]cnc2n1,0
COc1cc(CCc2ccc(Nc3c4c(nc5cc(Cl)ccc35)CCCC4)cc2)cc(OC)c1,1
O=C(O)COCC1CCC(COC(=O)N(c2ccccc2)c2ccc(Cl)cc2)CC1,0
Cc1c(N(C)CS(=O)(=O)O)c(=O)n(-c2ccccc2)n1C,1
OCc1ccc(OC2OC(CO)C(O)C(O)C2O)cc1,1
CC(C)c1cnc(Nc2ccc(S(N)(=O)=O)cc2)s1,0
CCCc1cc(C(N)=S)ccn1,1
C[C@H]1O[C@H](O[C@H]2[C@H](O)[C@@H](O)[C@@H](O)O[C@@H]2CO)[C@H](O)[C@@H](O)[C@@H]1N[C@H]1C=C(CO)[C@@H](O[C@H]2O[C@H](CO)[C@@H](O[C@H]3O[C@H](CO)[C@@H](O)[C@H](O)[C@H]3O)[C@H](O)[C@H]2O)[C@H](O)[C@H]1O,0
CC(CC(=O)O)CC(=O)O,1
O=S(=O)(Nc1ccc(Cl)cc1)c1ccc2c(c1)CN[C@@H](CO)C2,0
C[C@@H]1OC(c2cc(Cl)ccc2O)=N[C@H]1[C@H](O)[C@H](O)C(=O)NC(CO)CO,0
CCC(C)CCCCC/C=C/CC(=O)N[C@@H](CC(=O)O)C(=O)N[C@H](C(=O)N[C@@H](CC(=O)O)C(=O)NCC(=O)N[C@@H](CC(=O)O)C(=O)NCC(=O)N[C@@H](C(=O)N[C@H](C(=O)N1CCC[C@H]1C(=O)N[C@@H](C)[C@@H]1NC(=O)[C@H]2CCCCN2C1=O)C(C)C)[C@H](C)N)[C@@H](C)C(=O)O,0
CCCC[C@]1(CC)CS(=O)(=O)c2ccc(N(C)C)cc2[C@@H](c2cccc(NC(=O)N[C@@H]3O[C@H](COS(=O)(=O)O)[C@@H](O)[C@H](OCc4ccccc4)[C@H]3O)c2)[C@H]1O,0
CCc1cnc(N2CCC(c3nc(COc4ccc(-n5cnnn5)cc4)cs3)CC2)nc1,0
O=C(O)c1ccc(Nc2ncc3c(n2)-c2ccc(Cl)cc2C(c2c(F)cccc2F)=NC3)cc1,0
CCOc1ccccc1OCC1CNCCO1,0
O[C@H]1CSSC[C@@H]1O,0
CC(C)(CO)C(O)C(=O)NCCCC(=O)O,1
COc1ccc([C@@H]2CC(=O)c3c(O)cc(O)cc3O2)cc1O,0
N=C(N)c1ccc2nc(-c3[nH]nc(-c4ccccc4)c3O)[nH]c2c1,0
CO[C@H]1CC2=CC(=O)O[C@H](C2)[C@H](C)[C@@H](OC)C[C@H](OC)/C=C/[C@H](C)[C@@H](OC)C[C@@H](OC)/C=C/[C@H](C)[C@@H]([C@@H](C)[C@@H](OC)[C@@H](C)CCC(=O)[C@H](C)[C@@H](C/C=C/N(C)C=O)OC)OC(=O)/C=C/C=C(\C)C1,0
O=C(O)[C@H](O)[C@@H](O)COP(=O)(O)O,0
CC1=CC(=O)c2c(O)cccc2C1=O,1
CC(=O)N[C@H](Cc1ccc2ccccc2c1)C(=O)N[C@H](Cc1ccc(Cl)cc1)C(=O)N[C@H](Cc1cccnc1)C(=O)N[C@@H](CO)C(=O)N(C)[C@@H](Cc1ccc(O)cc1)C(=O)N[C@H](CC(N)=O)C(=O)N[C@@H](CC(C)C)C(=O)N[C@@H](CCCCNC(C)C)C(=O)N1CCC[C@H]1C(=O)N[C@H](C)C(N)=O,0
O=C(O)[C@@H](O)[C@@H](O)[C@H](O)[C@@H](O)CO,0
CCCCCCCCS[C@@H]1O[C@H](CO)[C@@H](O)[C@H](O)[C@H]1O,0
COc1ccc(CCN(C)CCC[C@](C#N)(c2ccc(OC)c(OC)c2)C(C)C)cc1OC,0
C/C(=C(\CCOP(=O)(O)O)SC(=O)c1ccccc1)N(C=O)Cc1cnc(C)nc1N,0
O=CC=CC=CC=O,1
CC(Nc1cc(=O)n(C(C)C)c(=O)[nH]1)c1ccccc1,0
C/C=C/C[C@@H](C)C(=O)[C@H]1C(=O)N[C@@H](C(C)C)C(=O)N(C)CC(=O)N(C)[C@@H](CC(C)C)C(=O)N[C@@H](C(C)C)C(=O)N(C)[C@@H](CC(C)C)C(=O)N[C@@H](C)C(=O)N[C@H](C)C(=O)N(C)[C@@H](CC(C)C)C(=O)N(C)[C@@H](CC(C)C)C(=O)N(C)[C@@H](C(C)C)C(=O)N1C,0
Nc1ccc(/N=N/c2ccccc2)c(N)n1,1
O=C1CC[C@@](c2ccccc2)(C2CCN(Cc3ccccc3)CC2)C(=O)N1,0
CC(=O)N(CCC(CCN1CCCCC1)(C(N)=O)c1ccccc1Cl)C(C)C,0
CO[C@@]1(NC(=O)CSC(F)F)C(=O)N2C(C(=O)O)=C(CSc3nnnn3CCO)CO[C@@H]21,0
Cc1cn([C@@H]2C[C@@H]3O[C@@](c4ccccc4)(P(=O)(O)O)OC[C@@H]3O2)c(=O)[nH]c1=O,0
Cc1ccc(/C=N/NC(=O)c2cc3cc([N+](=O)[O-])ccc3s2)o1,0
COc1cc(OC)c(/C=C/S(=O)(=O)Cc2ccc(OC)c(OP(=O)(O)O)c2)c(OC)c1,0
C[N+]1(C)CCCC(OC(=O)C(O)(c2ccccc2)c2ccccc2)C1,0
O=S(=O)(Nc1cc(-c2cccs2)nn1-c1ccc(F)cc1)c1cccc(F)c1,0
CCC,1
CC1=C(C)C(=O)C(CCCCC#CCCCC#CCO)=C(C)C1=O,1
COc1c(Cl)c(C)c(C=O)c(O)c1CC=C(C)C=CC1(C)C(C)CCC(=O)C1C,1
N[C@](CS(=O)(=O)c1ccc(Oc2ccccc2)cc1)(C(=O)NO)C(F)(F)F,0
Brc1ccccc1Br,1
O=S=O,1
CC(=O)[C@@]1(C)CC[C@H]2[C@@H]3C=C(C)C4=CC(=O)CC[C@]4(C)[C@H]3CC[C@@]21C,0
CCc1cc(Cl)c(OC)c(C(=O)NC[C@@H]2CCCN2CC)c1O,0
CC1=CCCC2=CC(OC2=O)c2c(C)coc2C1,1
Cc1ccc(C)cc1,1
CCCCCCC(=O)OC1CCC2C3CCC4=CC(=O)CCC4(C)C3CCC12C,1
O=C1c2cc3sc(-c4cccc([N+](=O)[O-])c4)cc3n2C(=S)N1CCCN1CCOCC1,0
C=CC(=O)N1CC[C@@H](Oc2nc(Nc3ccc(N4CCC(N5CCN(C)CC5)CC4)cc3)c(C(N)=O)nc2CC)C1,0
COc1ccc(Oc2cc(N(C)CCOc3ccc(CC4SC(=O)NC4=O)cc3)ncn2)cc1,1
COc1cccc2c1C(=O)c1c(O)c3c(c(O)c1C2=O)C[C@@](O)(C(=O)CO)C[C@@H]3O[C@H]1C[C@H](N)[C@H](O)[C@H](C)O1,1
Cc1cc(CCCOc2c(Cl)cc(C3=NCCO3)cc2Cl)on1,0
CCOc1cc(C2C(Cl)C(=O)N2C2=C(Cl)C(=O)c3ccccc3C2=O)ccc1O,0
CC(=O)[C@@]1(O)CC[C@H]2[C@@H]3C[C@H](C)C4=CC(=O)C=C[C@]4(C)[C@@]3(F)[C@@H](O)C[C@@]21C,0
O=C(O)c1cc(O)c2c(c1)Cc1cccc(O)c1C2=O,0
C=CS(=O)(=O)O,0
CC(=O)NN,1
CCOC(=O)NP(=O)(N1CC1(C)C)N1CC1(C)C,0
CCCCC#Cc1ccc(C(=O)NNC(=S)NC)o1,0
C=CC(=O)Nc1ccc2ncnc(Nc3cccc(Br)c3)c2c1,0
OC(CCN1CCCCC1)(c1ccccc1)c1ccccc1,0
Clc1ccc(Sc2cc(Cl)c(Cl)cc2Cl)cc1,0
Nc1ccc(C(=O)O)c(O)c1,1
COc1ccc(-c2cc(=O)c3c(OC)c(OC)c(OC)c(OC)c3o2)cc1,1
O=P(O)(NCCCl)NCCCl,0
CCN(CC)CCCN1c2ccccc2Sc2ccc(Cl)cc21,0
C=C(C)C12OC3(c4ccccc4)OC1C1C4OC4(CO)C(O)C4(O)C(=O)C(C)=CC4C1(O3)C(C)C2OC(=O)C=CC=Cc1ccccc1,1
COc1cccc2c1CCC(=O)N2CCCN1CCN(c2cccc(Cl)c2)CC1,0
C[C@@H](O)[C@H](N)C(=O)N1CCC[C@H]1C(=O)N1CCC[C@@]1(Cc1ccccc1)C(=O)N[C@H](C(N)=O)[C@@H](C)O,0
C[C@H](O)c1cc(C(=O)O)nc2c1C=CC[C@@H]2O,0
N=C1NC(=O)/C(=C/c2ccc(-c3ccc(C(=O)O)cc3)o2)S1,0
CO[C@]12C[C@@H](COC(=O)c3cncc(Br)c3)CN(C)[C@@H]1Cc1cn(C)c3cccc2c13,0
CCn1cnc2c(-c3ccc(F)c(-c4cc5c(cc4OC)C(=O)N(C)C5)c3)cnnc21,1
Cn1ncc(Cl)c1-c1cc(C(=O)N[C@H](CN)Cc2ccc(F)c(F)c2)oc1Cl,0
C[C@]12C[C@@]34CCC(=O)[C@@](C)(CCC(=O)Nc5c(O)ccc(C(=O)O)c5O)[C@@H]3[C@H](C[C@@H]1C4)O2,0
CC(C)C[C@H](CS)C(=O)O,0
CCC[C@H](N[C@@H](C)C(=O)N1[C@H](C(=O)O)C[C@@H]2CCCC[C@@H]21)C(=O)O,0
Nc1cccc(CCc2ccc3cc[nH]c3c2)n1,0
O=CN1CCN(c2ccc(CC3C(=O)Nc4ccccc43)cc2)CC1,0
CCN(CC)CCNC(=O)c1c(C)[nH]c(C=C2C(=O)Nc3ccc(F)cc32)c1C,1
N[C@@H](Cc1ccc(I)cc1)C(=O)O,0
COc1c(O)c2c(=O)cc(OC)c3c4c(OC)cc(=O)c5c(O)c(OC)c(CC(C)OC(=O)c6ccccc6)c(c(c1CC(C)OC(=O)Oc1ccc(O)cc1)c23)c54,1
NCc1ccc2c(c1)C1(CCN(C(=O)/C=C/c3ccccc3)CC1)CO2,0
COc1c(O)c(C)c(C/C=C(\C)CC/C=C(\C)CC/C=C(\C)CC/C=C(\C)CC/C=C(\C)CC/C=C(\C)CC/C=C(\C)CC/C=C(\C)CC/C=C(\C)CCC=C(C)C)c(O)c1OC,0
NC(=O)[C@@H]1CC[C@@H]2CN1C(=O)N2OS(=O)(=O)O,0
C[C@@H]1O[C@@H](O[C@@H]2[C@@H](O)[C@H](OCCc3ccc(O)c(O)c3)O[C@H](CO[C@@H]3O[C@H](CO)[C@@H](O)[C@H](O)[C@H]3O)[C@H]2OC(=O)/C=C/c2ccc(O)c(O)c2)[C@H](O)[C@H](O)[C@H]1O,0
Clc1ccc(C(OCCN2CCCCC2)c2ccccc2)cc1,0
COc1ccc(OC)c(Cc2nc3nc(F)nc(N)c3[nH]2)c1,0
O=C(O)CSCC(=O)NC1CCSC1=O,0
Cc1cc(Cl)ccc1OC(C)C(=O)O,1
CCCCNCC(O)c1ccc(O)cc1,0
N=C(N)c1ccc2cccc(NC(=O)c3cccc(S(=O)(=O)OCCCO)c3)c2c1,0
O=c1[nH]cnc2c(CN3C[C@H](CO)[C@@H](O)C3)c[nH]c12,0
O=C1C(c2c(O)[nH]c3ccc(Br)cc23)=Nc2ccccc21,0
COc1ccc(C(CN(C)C)C2(O)CCCCC2)cc1,1
[Ba+2],1
C[C@H](Oc1ccc(-c2nc(-c3ccc4nc[nH]c4c3)no2)cc1C(F)(F)F)C(F)(F)F,0
CC12OOC(CCC(=O)O)(c3ccccc31)c1ccccc12,0
CCCCCc1ccc(C(=O)Nc2ccc(S(=O)(=O)N(CCN3CCOCC3)[C@@H](C(=O)NO)C(C)C)cc2)cc1,0
NC(N)=NCCC[C@H](NC(=O)C1CCCC1)C(=O)c1nc2ccccc2s1,0
CC(=O)N[C@@H]1[C@@H](O)[C@H](O[C@@H]2O[C@H](CO)[C@H](O)[C@H](O)[C@H]2O[C@@H]2O[C@@H](C)[C@@H](O)[C@@H](O)[C@@H]2O)[C@@H](CO)O[C@H]1O,0
Cn1c(Cc2ccc(C(=N)N)cc2)nc2cc(NS(=O)(=O)c3ccccc3)ccc21,0
O=CC(Cl)(Cl)Cl,0
CC[N+]1(C)CCCC(OC(=O)C(O)(c2ccccc2)c2ccccc2)C1,0
[99Mo],0
CC(=O)O[C@H](CC(=O)[O-])C[N+](C)(C)C,0
COc1ccc2c(c1)ncn2[C@H]1O[C@H](COP(=O)(O)O)[C@@H](O)[C@H]1O,0
CC#CC1(O)CCC2C3CCC4=CC(=O)CCC4=C3C(c3ccc(N(C)C)cc3)CC21C,1
N[C@@H](CCC(=O)N[C@@H](CS[C@@H](CO)COc1ccc([N+](=O)[O-])cc1)C(=O)NCC(=O)O)C(=O)O,0
OCCOCOCc1cc(CCCCCOc2c(Cl)cc(C3=NCCO3)cc2Cl)on1,0
OC1C=Cc2cc3ccc4cccc5ccc(c2C1O)c3c45,1
CC(=O)[C@@]1(C)CC[C@H]2[C@@H]3CCC4=CC(=O)CCC4=C3CC[C@@]21C,0
OC[C@H]1O[C@@H](O[C@H]2[C@H](O)[C@@H](O)[C@H](O[C@H]3[C@H](O)[C@@H](O)[C@H](O[C@H]4[C@H](O)[C@@H](O)[C@H](O)O[C@@H]4CO)O[C@@H]3CO)O[C@@H]2CO)[C@H](O)[C@@H](O)[C@@H]1O,0
O=C1c2ccccc2C(=O)C1c1ccc(Cl)cc1,0
Oc1cc(O)cc(Oc2c(O)cc(O)c3c2Oc2c(O)cc(O)cc2O3)c1,1
COC(=O)[C@H](c1ccccc1Cl)N1CCc2sccc2C1,0
O=C(O)CN1C(=O)c2c(c(C(=O)O)cc3ccccc23)S1(=O)=O,0
[Cd+2],1
CCOc1c(N)c2c(c(OCC)c1OCC)C(C1c3c(cc4c(c3OC)OCO4)CCN1C)OC2=O,0
Nc1nc2c(ncn2[C@@H]2O[C@H](CO)[C@H]3OP(O)(=S)O[C@H]32)c(=O)[nH]1,0
CC(C)c1c(O)cc(/C=C/c2ccccc2)cc1O,0
Cc1cccc2c1C(=O)N(c1cc(-c3ccccc3)ccc1O)C2=O,0
C=NC1=N[C@@H]2[C@@H](O)[C@H](O)[C@@H](CO)[C@@H]2O1,0
NC(=S)N=Nc1ccc(NN=C(N)N)cc1,0
NCCCCNNC(=O)[C@@H]1CCCN1C(=O)OCc1ccccc1,0
CCCCCCCCCCCCCCCC(=O)OC[C@H](COP(=O)(O)OCC(O)CO)OC(=O)CCCCCCCCCCCCCCC,0
ClC1=C(Cl)C2(Cl)C3C(Cl)C(Cl)CC3C1(Cl)C2(Cl)Cl,1
CS(=O)(=O)c1cc(Cl)ccc1C(=C(Cl)Cl)c1ccc(Cl)cc1,1
O=c1oc(-c2ccc(O)c(O)c2)cc2cc(O)cc(O)c12,1
Cc1ccc(C)c(OCCCC(C)(C)C(=O)O)c1,1
CC1(C)OC2CC3C4CCC5=CC(=O)C=CC5(C)C4(F)C(O)CC3(C)C2(C(=O)CO)O1,1
C#CCNC(Cc1ccc(O)c2ncccc12)C(=O)OCC,0
CC1(C)Oc2cc(NS(C)(=O)=O)ccc2N(c2ccc(F)cc2)C1=O,0
CON=C(C(=O)NC1C(=O)N2C(C(=O)O)=C(CSc3nc(=O)c(=O)[nH]n3C)CSC12)c1csc(N)n1,1
CC1(C)CC(N2C(=O)CCC2=O)CC(C)(C)N1O,0
COc1cc([C@H]2Oc3cc([C@H]4Oc5cc(O)cc(O)c5C(=O)[C@@H]4O)ccc3O[C@@H]2CO)ccc1O,0
CCN(CC)C(=S)SSC(=S)N(CC)CC,1
Cn1c(C2(NC(=O)c3ccc4c(C5CCCC5)c(-c5ncc(Br)cn5)n(C)c4c3)CCC2)nc2ccc(/C=C/C(=O)O)cc21,0
C=CC1=C(C)C2=NC1=CC1=NC(=C(CC)/C1=C/O)C=c1[nH]c3c(c1C)C(=O)[C@H](C(=O)OC)C=3C1=NC(=C2)[C@@H](C)[C@@H]1CCC(=O)OC/C=C(\C)CCC[C@H](C)CCC[C@H](C)CCCC(C)C,0
Oc1cc(O)c2c(O)cc(O)c(O)c2c1,0
Nc1ncnc2c1ncn2[C@@H]1O[C@H](COP(=O)(O)OC(=O)[C@@H](N)Cc2c[nH]c3ccccc23)[C@@H](O)[C@H]1O,0
NC(=O)NCc1cccc(-c2cccc(-c3cc4cnccc4[nH]3)c2O)c1,0
CCCCCCCCCO[C@@H]1O[C@H](CO)[C@@H](O)[C@H](O)[C@H]1O,0
Cc1nc(-c2ccc(OCC(C)C)c(C#N)c2)sc1C(=O)O,1
C[C@@H]1[C@@H]2[C@@H](c3ccc(O)cc3)OC[C@@]1(CO)CC[C@@H]2C,0
NC(=O)c1ncn(C2OC(CO)C(O)C2O)c1N,1
COc1cccc(C(=O)c2c[nH]c3nccc(-c4cc(F)cc(F)c4)c23)c1,0
Nc1ccc(S(=O)(=O)Nc2cnc3ccccc3n2)cc1,0
O=c1[nH]c(=O)n([C@H]2C[C@H](O)[C@@H](COP(=O)(O)O)O2)cc1I,0
CSCC[C@H](NC(=O)[C@H](Cc1c[nH]c2ccccc12)NC(=O)CCNC(=O)OC(C)(C)C)C(=O)N[C@@H](CC(=O)O)C(=O)N[C@@H](Cc1ccccc1)C(N)=O,0
C=C(C)C1CC=C(C)C(O)C1,1
CC(N)Cc1ccc(Cl)cc1,1
COc1ccc2[nH]c(I)c(CCNC(C)=O)c2c1,0
CNc1cnn(-c2cccc(C(F)(F)F)c2)c(=O)c1Cl,1
Cc1nc2cccc(C(F)(F)F)c2c(=O)n1-c1ccc(OCCCN2CCCC2)cc1,0
O=C1c2ccccc2C(=O)C1C(=O)C(c1ccccc1)c1ccccc1,0
C[C@H](C1=c2cc(O)ccc2=NC1=O)c1ccc[nH]1,0
CCC(C(=O)OCCOCCN(CC)CC)c1ccccc1,0
Nc1nc2c(ncn2[C@H]2C[C@H](O)[C@@H](COP(=O)(O)O)O2)c(=O)[nH]1,0
CCCCSC[C@H]1CN(Cc2c[nH]c3c(N)ncnc23)C[C@@H]1O,0
CCC(=O)OC1(c2ccccc2)CCN(C)CC1,0
O=C(NCCCOc1ccc2[nH]c(=O)ccc2c1)N(C1CC1)[C@@H]1CCCC[C@H]1O,0
CN(C)C(=O)c1cc2cnc(Nc3ccc(N4CCNCC4)cn3)nc2n1C1CCCC1,1
CCOC(=O)C(CCN1CCOCC1)(c1ccccc1)c1ccccc1,0
COc1nc(N)nc2c1ncn2C1OC(CO)C(O)C1O,1
CCCCCC[C@H]1CCC(O)[C@@H]1CCCCCCC(=O)O,0
CCCN(CCc1cccs1)[C@H]1CCc2c(O)cccc2C1,0
COC(=O)[C@H](Cc1ccc(O)cc1)NC(=O)CNC(=O)[C@H](CO)NC(=O)CNC(=O)[C@H](CC(C)C)NC(=O)[C@@H](N)Cc1ccc(O)cc1,0
CCOc1ccc(Cc2cc([C@@]34OC[C@@](CO)(O3)[C@@H](O)[C@H](O)[C@H]4O)ccc2Cl)cc1F,0
O=C(O)C(c1ccccc1)c1ccccc1,0
O=C(Cn1c(Cl)cnc(NCC(F)(F)c2cccc[n+]2[O-])c1=O)NCc1ccccc1F,0
CC/C=C\C/C=C\C/C=C\C/C=C\C/C=C\C/C=C\CCC(=O)NCCNC(=O)c1ccccc1O,0
N=C(N)c1ccc(CNC(=O)[C@@H]2CCCN2C(=O)CNC2CCCCCCC2)cc1,0
Cc1cc(S(C)(=O)=O)c(S(C)(=O)=O)cc1C(=O)N=C(N)N,0
CC(C)=CCOP(=O)(O)OP(=O)(O)O,0
CC(NC(=O)N(CCCl)N=O)C(N)=O,1
CC(CN(C)C)CN1c2ccccc2S(=O)(=O)c2ccccc21,0
CN1[C@@H]2CC[C@H]1CC(OC(=O)C(O)c1ccccc1)C2,0
O=C(N[C@@H]1Cc2ccccc2[C@H]1O)c1cc2cc(Cl)sc2[nH]1,0
O=C(OC1C[C@@H]2CC3C[C@H](C1)N2CC3=O)c1c[nH]c2ccccc12,0
O=c1c(-c2ccccc2)coc2ccccc12,0
CN1Cc2cc(Cl)ccc2-n2c(nnc2C2CCC(Oc3ccccn3)CC2)C1,0
CC(C)(C)c1cc(NC(=O)Nc2ccc(Cl)cc2)n(-c2ccccc2)n1,0
Cn1c(N)nc2ncc(-c3ccc(O)cc3)cc21,0
CCCCC(CC)COC(=O)c1ccccc1O,0
CSC[C@H]1O[C@@H](n2cnc3c(N)ncnc32)[C@H](O)[C@@H]1O,0
O=[N+]([O-])c1ccc(O[C@@H]2O[C@H](CO)[C@@H](O)[C@H](O)[C@H]2F)c([N+](=O)[O-])c1,0
CNCCC(Oc1cccc2ccccc12)c1cccs1,1
CCN(CC)c1ccc(/C=C(\C)C(=O)O)c(O)c1,0
O=C(O)[C@@H]1C[C@@H](C2CCCCC2)CN1C(=O)CP(=O)(O)CCCCc1ccccc1,0
COCCOCCOCCOCCOCCOCCO[C@H]1CC[C@@]2(O)[C@H]3Cc4ccc(OC)c5c4[C@@]2(CCN3C)[C@H]1O5,0
Nc1ccn([C@H]2C[C@H](O)[C@@H](COP(=O)(O)O)O2)c(=O)n1,0
Oc1ccc2c3c1OC1C(O)CCC4(O)C(C2)N(CC2CCC2)CCC314,0
Clc1ccc(CCC2(Cn3ccnc3)OCCO2)cc1,0
CCOc1nc2cccc(C(=O)O)c2n1Cc1ccc(-c2ccccc2-c2noc(=O)[nH]2)cc1,0
c1ccc(C2(N3CCCC3)CCCCC2)cc1,0
COC1C(O)C(O)C(O)C(O)C1O,1
C=C1CC[C@H](O)C/C1=C/C=C1\CCC[C@]2(C)[C@@H]([C@H](C)CCCC(C)C)CC[C@@H]12,0
COc1ccc(-c2nccc3c4ccccc4n(CCCCOc4ccc5c6ccnc(C)c6n(CCCc6ccccc6)c5c4)c23)cc1,0
CC12CCC(=O)C=C1CCC1C2CCC2(C)C(O)CCC12,1
O=C1CCCCC1CN1CCCCC1,0
O=C(O)CCCC(=O)Nc1ccc(CC[N+]2([O-])CCCCC2)cc1,0
O=C(O)[C@]1(O)C[C@H](CP(=O)(O)O)[C@@H](O)[C@H](O)C1,0
Cc1ncc(COP(=O)(O)O)c(CN)c1O,0
N[C@H](Cc1ccc(I)cc1)C(=O)O,0
Cc1cc(C=CC#N)cc(C)c1Nc1ccnc(Nc2ccc(C#N)cc2)n1,1
N[C@H](CC(=O)O)C(=O)O,0
O=C(O)C=CC=CC(=O)O,1
Cc1nc(COP(=O)(O)O)cc(CN(CCN(CC(=O)O)Cc2cc(COP(=O)(O)O)nc(C)c2O)CC(=O)O)c1O,0
CN1[C@@H]2CC[C@H]1CC(=C1c3ccccc3CSc3ccccc31)C2,0
NCC(CC(=O)O)c1ccccc1,0
CCOC(=O)OC(C)OC(=O)[C@@H]1N2C(=O)[C@@H](/N=C/N3CCCCCC3)[C@H]2SC1(C)C,1
O=C([C@H](O)CS(=O)(=O)c1ccc2cc(Cl)ccc2c1)N1CCC(N2CCCNC2=O)CC1,0
CCN(CC)CCCOC(=O)C1(c2ccccc2)C[C@@H]2CC[C@H]1C2,0
CC1(C)CCC2(C(=O)OC3OC(CO)C(O)C(O)C3O)CCC3(C)C(=CCC4C5(C)CCC(OC6OC(C(=O)O)C(O)C(O)C6O)C(C)(C)C5CCC43C)C2C1,1
CC(C)=CCCC(C)(OC1OC(CO)C(O)C(O)C1O)C1CCC2(C)C1C(O)CC1C3(C)CCC(OC4OC(CO)C(O)C(O)C4OC4OC(CO)C(O)C(O)C4O)C(C)(C)C3CCC12C,1
CN(C(=O)Cc1ccc(Cl)c(Cl)c1)C1CCCCC1N1CCCC1,1
CNC(=N)NC(=O)Nc1c(C)cccc1C,0
COC(=O)[C@@H](NC(=O)CNC(=O)[C@H](CS)NCc1ccc(-c2ccccc2)cc1)C(C)C,0
OC(CCl)CCl,1
c1ccc2[nH]c(-c3cscn3)nc2c1,1
CCCCOCCOP(=O)(OCCOCCCC)OCCOCCCC,1
CC(C)(C)c1cc(C(C)(C)c2ccc(O)c(C(C)(C)C)c2)ccc1O,0
O=C(O)CNC(=O)c1ncc(-c2cn(CCCc3ccc(Cl)cc3)nn2)cc1O,0
Cc1cc(C#N)cc(C)c1Oc1nc(Nc2ccc(C#N)cc2)nc(CO)c1Br,0
COc1ccc2ccc(=O)oc2c1CC=C(C)C,1
CC(N)=S,1
OC(c1ccc(Cl)cc1)c1cc2ccccc2o1,0
C[C@@H]1O[C@@H](O[C@@H]2C=C3CC[C@@H]4[C@H](CC[C@]5(C)[C@@H](c6ccc(=O)oc6)CC[C@]45O)[C@@]3(C)CC2)[C@H](O)[C@H](O)[C@H]1O,0
C=Cc1c(C)c2cc3nc(c4c5[nH]c(cc6nc(cc1[nH]2)C(C)=C6CC)c(C)c5=C(O)C4C(=O)OC)C(CCC(=O)OCC=C(C)CCCC(C)CCCC(C)CCCC(C)C)C=3C,1
C[C@@H](c1nc(-c2ccc(C#N)cc2)cs1)[C@@](Cn1cncn1)(OCOP(=O)(O)O)c1ccc(F)cc1F,0
c1ccc2c(c1)cc1ccc3cccc4ccc2c1c34,1
CCCC[C@@]12CCC(=O)C(Br)=C1c1ccc(O)cc1C2,0
O=S(O)c1ccccc1,0
COC(=O)C[C@@H]1C[C@@H](COc2ccc(-c3ccc(/C(N)=N/C(=O)OC)cc3)cc2)NC1=O,0
CCC=CCC(O)C=CC=CCC=CCC=CCC=CCCC(=O)O,1
CCNC(=O)/C=C/c1cccc(Br)c1,0
NCCOCCOCCNC(=O)c1ccc(S(N)(=O)=O)cc1,0
O=C(O)[C@H](Cc1ccccc1)C[N+](=O)[O-],0
C[N+]1(C)CCC[C@H]1C(=O)[O-],0
O=[N+]([O-])c1ccc(O)c2ncccc12,1
Cc1onc(-c2ccccc2)c1C(=O)N[C@@H]1C(=O)N2[C@@H]1SC(C)(C)[C@@H]2C(=O)O,1
N[C@H](/C=C/S(=O)(=O)c1ccccc1)CCc1ccccc1,0
CC(=O)N(CC(O)CO)c1c(I)c(C(=O)NCC(O)CO)c(I)c(C(=O)NCC(O)CO)c1I,0
C[C@@H](O)Cn1cnc2c(N)ncnc21,0
N#C[C@H](O[C@@H]1O[C@H](CO[C@@H]2O[C@H](CO)[C@@H](O)[C@H](O)[C@H]2O)[C@@H](O)[C@H](O)[C@H]1O)c1ccccc1,1
CC(=O)SCCNC(=O)CCNC(=O)C(O)C(C)(C)COP(=O)(O)OP(=O)(O)OCC1OC(n2cnc3c(N)ncnc32)C(O)C1OP(=O)(O)O,1
COc1ccc(CC2c3cc(OC)c(OC)cc3CC[N+]2(C)CCC(=O)OCCCCCOC(=O)CC[N+]2(C)CCc3cc(OC)c(OC)cc3C2Cc2ccc(OC)c(OC)c2)cc1OC,0
O=C(O)C(=O)/C=C/C=C(/O)c1ccccc1,0
C[As](C)(=O)SC[C@H](N)C(=O)O,0
CC(=O)[C@H]1CC[C@H]2[C@@H]3CC[C@H]4C[C@H](O)CC[C@]4(C)C3CC[C@]12C,0
COc1ccc(NS(=O)(=O)c2c(F)c(F)c(F)c(F)c2F)cc1NC(N)=O,0
CC1(C)CC(OC(=O)C2CC2)CC(C)(C)N1O,0
C=CCNC(=S)Nc1cc(C(=O)Nc2ccc(F)c(C)c2)c(C)cc1F,0
CO/N=C(\C(=O)N[C@@H]1C(=O)N2C(C(=O)O)=C(Cn3nnc(C)n3)CS[C@H]12)c1csc(N)n1,0
O=C(O)c1cccc2c1oc1c(C(=O)O)cccc12,0
O=C(O)CNS(=O)(=O)c1ccc(N2CCC(c3ccccc3)CC2)cc1,0
CCCCCCCCOCCOCCOCCOCCOCCO,0
O=C1C=CCC(C=Cc2ccccc2)O1,1
Cc1ncc(COP(=O)(O)O)c(CN[C@@H]2CONC2=O)c1O,0
O=C1CCC(N2C(=O)c3ccccc3C2=O)C(=O)N1,1
Cc1cc(N2CCN([C@@H]3CN[C@H](C(=O)N4CCSC4)C3)CC2)n(-c2ccccc2)n1,0
CC1(C)O[C@@H]2C[C@H]3[C@@H]4C[C@H](F)C5=CC(=O)C=C[C@]5(C)[C@H]4[C@@H](O)C[C@]3(C)[C@]2(C(=O)CO)O1,0
OCc1cccc(I)c1,0
C[C@H]1O[C@@H](O[C@H]2[C@@H](O)C[C@H](O[C@H]3[C@@H](O)C[C@H](O[C@H]4CC[C@@]5(C)[C@H](CC[C@@H]6[C@@H]5CC[C@]5(C)[C@@H](C7=CC(=O)OC7)CC[C@]65O)C4)O[C@@H]3C)O[C@@H]2C)C[C@H](O)[C@@H]1O,0
CCN(CC)CCSC(=O)C(c1ccccc1)c1ccccc1,0
O[C@@H]([C@H](O)[C@H](O)CNCCCl)[C@H](O)CNCCCl,0
CCN1CCC(Oc2c(C#N)ncc3[nH]c4ncccc4c23)CC1,0
CCc1ccc(C(=O)C(C)CN2CCCC2)cc1,0
CCCCOc1ccc(C(=O)OCCN(CC)CC)cc1,0
Nc1nc2ccc(C[C@H](C(=O)O)c3ccc(C(=O)N[C@@H](CCC(=O)O)C(=O)O)cc3)cc2c(=O)[nH]1,0
CC(C)n1nccc1-c1ncccc1COc1cccc(O)c1C=O,0
NC(=Nc1ccccc1)NC(=O)c1nc(Cl)c(N)nc1N,1
CN(C)C[C@H](O)COc1ccc(Nc2ncc(Br)c(Nc3ccccc3)n2)cc1,0
O=C(NOCCO)c1ccc2cncn2c1Nc1ccc(I)cc1F,0
CCc1cc(S(=O)(=O)O)c2cc(C(C)C)cccc1-2,0
CC(=O)NCCOC(=O)[C@H](Oc1cccc(C(F)(F)F)c1)c1ccc(Cl)cc1,0
COc1ccc(/C=C2\CCCN=C2c2cccnc2)c(OC)c1,0
CC(=O)NC(C=O)C(O)C(O)C(O)CO,1
COC(=O)c1cc(OC)c(O)c(OC)c1,0
CC12CCC3C(CCC4CC(=O)CCC43C)C1CCC2=O,1
CO[C@H]1O[C@H](COS(=O)(=O)O)[C@@H](O[C@@H]2O[C@@H](C(=O)O)[C@@H](COC[C@H]3O[C@H](COS(=O)(=O)O)[C@@H](O[C@@H]4O[C@H](C(=O)O)[C@@H](COC[C@H]5O[C@H](COS(=O)(=O)O)[C@@H](O)[C@H](O)[C@H]5NS(=O)(=O)O)[C@H](O)[C@H]4O)[C@H](OS(=O)(=O)O)[C@H]3NS(=O)(=O)O)[C@H](O)[C@H]2OS(=O)(=O)O)[C@H](O)[C@H]1NS(=O)(=O)O,1
CCC(=O)N(c1ccccc1)C1CCN(CCc2ccccc2)CC1,0
C[N+](C)(C)[C@@H](CCc1ncc(C[C@H](N)C(=O)O)[nH]1)C(N)=O,0
NCC1CCCCC1,0
C[C@]12CC[C@@H]3c4ccc(OC(=O)N(CCCl)CCCl)cc4CC[C@H]3[C@@H]1CC[C@@H]2OP(=O)(O)O,0
CCC(=O)C(C[C@@H](C)N(C)C)(c1ccccc1)c1ccccc1,0
O=C1OCCN1N=Cc1ccc([N+](=O)[O-])o1,1
O=C(O)c1ccccc1Nc1cccc(C(F)(F)F)c1,1
CCCCCCCCCCCCCCCC(=O)OC[C@H](COP(=O)(O)OCCNC(=O)[C@H](C)NC(=O)CC[C@@H](NC(=O)[C@H](C)NC(=O)[C@@H](C)O[C@H]1[C@H](O)[C@@H](CO)OC(O)[C@@H]1NC(C)=O)C(N)=O)OC(=O)CCCCCCCCCCCCCCC,0
C[C@]12CC[C@H]3[C@@H](CCC4=CC(=O)CC[C@@H]43)[C@@H]1CC[C@H]2OC(=O)CCC(=O)O,0
Cc1onc(-c2ccccc2)c1-c1ccc(S(N)(=O)=O)cc1,1
C[C@H]1Cc2c([nH]c3cc(Cl)c(F)cc23)[C@@]2(N1)C(=O)Nc1ccc(Cl)cc12,0
O=C(O)c1[nH]c(C(=O)O)c(-c2c[nH]c3ccccc23)c1-c1c[nH]c2ccccc12,0
CC(=O)Oc1ccccc1,1
CCNC(=O)[C@@H]1CCCN1C(=O)[C@H](CCCNC(=N)N)NC(=O)[C@H](CC(C)C)NC(=O)[C@H](CC(C)C)NC(=O)[C@H](Cc1ccc(O)cc1)NC(=O)[C@H](CO)NC(=O)[C@H](Cc1c[nH]c2ccccc12)NC(=O)[C@H](Cc1c[nH]cn1)NC(=O)[C@@H]1CCC(=O)N1,1
COc1cccc2c1C1CN(CCCCn3c(=O)[nH]c4c(sc5ncc(-c6ccccc6)nc54)c3=O)CC1CO2,1
CC1=C2C3OC34CCC3C(C)(C)CCCC3(C)C4C3OC23OC1O,1
CCCCCCCC/C=C/CCCCCCCC(=O)O[C@H](COC(=O)CCCCCCCCCCCCCCC)COP(=O)(O)OC1[C@H](O)[C@H](O)C(O)[C@H](O)[C@H]1O,0
NS(=O)(=O)c1ccc(C(=O)NCc2c(F)cc(F)cc2F)cc1,0
COc1cc(CNC(=O)CCCC/C=C/C(C)C)ccc1O,0
Cc1cc(C)c2cccc(OCc3c(Cl)ccc(S(=O)(=O)N4CCC[C@H]4C(=O)NCCCNC(=O)c4ccc(C(=N)N)cc4)c3Cl)c2n1,0
CCCN1CC(NS(=O)(=O)N(CC)CC)CC2Cc3c(O)cccc3CC21,0
CCN(CC)CC[n+]1ccc2c(C)c3[nH]c4ccc(O)cc4c3c(C)c2c1,1
CCN(CC)CCOC(=O)C(Cc1cccc2ccccc12)CC1CCCO1,1
CNC(=O)[C@H](Cc1ccc2ccccc2c1)N1CCC(=O)N(Cc2cnc3ccccc3c2)[C@@H](CC(C)C)C1=O,0
CCCCCCCCCCCCCC(=O)NCCCC[C@H](NC(=O)[C@@H]1CCCN1C(=O)[C@@H](NC(=O)[C@H](Cc1ccc(O)cc1)NC(=O)[C@H](Cc1ccccc1)NC(=O)[C@H](Cc1ccccc1)NC(=O)CNC(=O)[C@H](CCCNC(=N)N)NC(=O)[C@H](CCC(=O)O)NC(=O)CNC(=O)[C@@H]1CSSC[C@@H](C(=O)N[C@@H](CC(N)=O)C(=O)O)NC(=O)[C@H](Cc2ccc(O)cc2)NC(=O)[C@H](CC(N)=O)NC(=O)[C@H](CCC(=O)O)NC(=O)[C@H](CC(C)C)NC(=O)[C@H](CCC(N)=O)NC(=O)[C@H](Cc2ccc(O)cc2)NC(=O)[C@H](CC(C)C)NC(=O)[C@H](CO)NC(=O)[C@@H]2CSSC[C@H](NC(=O)[C@H](CCC(N)=O)NC(=O)[C@H](CCC(=O)O)NC(=O)[C@@H](NC(=O)[C@@H](NC(=O)CN)[C@@H](C)CC)C(C)C)C(=O)N[C@@H](CSSC[C@H](NC(=O)[C@H](CC(C)C)NC(=O)[C@H](Cc3c[nH]cn3)NC(=O)[C@H](CCC(N)=O)NC(=O)[C@H](CC(N)=O)NC(=O)[C@@H](NC(=O)[C@@H](N)Cc3ccccc3)C(C)C)C(=O)NCC(=O)N[C@@H](CO)C(=O)N[C@@H](Cc3c[nH]cn3)C(=O)N[C@@H](CC(C)C)C(=O)N[C@@H](C(C)C)C(=O)N[C@@H](CCC(=O)O)C(=O)N[C@@H](C)C(=O)N[C@@H](CC(C)C)C(=O)N[C@@H](Cc3ccc(O)cc3)C(=O)N[C@@H](CC(C)C)C(=O)N[C@@H](C(C)C)C(=O)N1)C(=O)N[C@@H]([C@@H](C)O)C(=O)N[C@@H](CO)C(=O)N[C@@H]([C@@H](C)CC)C(=O)N2)[C@@H](C)O)C(=O)O,0
COc1cc(C(=O)C(=O)N(C)[C@@H](Cc2ccc(Cl)cc2)C(=O)N(Cc2ccccc2)C(CCc2ccncc2)CCc2ccncc2)cc(OC)c1OC,0
Cc1cn([C@@H]2O[C@H](COP(=O)(O)O)[C@@H](O)[C@H]2O)c(=O)nc1N,0
O=C(NC(=O)c1c(F)cccc1F)Nc1ccc(Cl)cc1,1
CN(C)CCOCCOC(=O)N1c2ccccc2Sc2ccccc21,0
COC(C(=O)N[C@@H]1C(=O)N2[C@@H]1SC(C)(C)[C@@H]2C(=O)O)c1ccc(Cl)c(Cl)c1,0
C[C@H](O)Cn1cnc2c(N)ncnc21,0
Cc1ccccc1C(=O)Nc1ccc(C(=O)N2CCCC(O)c3cc(Cl)ccc32)c(C)c1,1
c1ccc2nc(COc3ccc(-c4[nH]ncc4Cc4ccncc4)cc3)ccc2c1,0
COc1ccc2nc(NC(=S)NC(=O)c3ccccc3Cl)sc2c1,0
CC(=O)OCCc1sc(S(=O)(=O)NC(=O)Nc2cc(C(F)(F)F)cc(C)n2)cc1C,0
CCCCCCCCc1ccc2n1[B-](F)(F)[N+]1=C(CCCCC(=O)O)C=CC1=C2,0
CC(C)=CCC/C(C)=C/CNCCNC1C2CC3CC(C2)CC1C3,0
NC(=O)c1c(OCc2c(F)cc(Br)cc2F)nsc1NC(=O)NCCCCN1CCCC1,0
CC/C=C\C/C=C\C/C=C\C/C=C\C/C=C\C/C=C\CCC(=O)OC[C@H](COP(=O)(O)OC[C@H](N)C(=O)O)OC(=O)CC/C=C\C/C=C\C/C=C\C/C=C\C/C=C\C/C=C\CC,0
Nc1nc2c([nH]c(=O)n2[C@H]2C[C@H](O)[C@@H](COP(=O)(O)O)O2)c(=O)[nH]1,0
CCC(N)Cc1c[nH]c2ccccc12,0
CC(C)n1c(=O)cc(N[C@@H](C)c2ccccc2)[nH]c1=O,0
COc1cc(CNC(=O)CCCC/C=C\C(C)C)ccc1O,0
N[C@@H](Cc1ccc(C(=O)c2ccccc2)cc1)C(=O)O,0
O=C(Cc1cccs1)N[C@H](B(O)O)c1cccc(C(=O)O)c1,0
Cc1c(OCC(F)(F)F)ccnc1C[S@@+]([O-])c1nc2ccccc2[nH]1,1
Cc1cc(CCCCCCCOc2ccc(C3=NCCO3)cc2)on1,0
CC1=C(CO)C(=O)OC(C(C)C2CCC3C4CC5OC56C(O)C=CC(=O)C6(C)C4CCC23C)C1,1
O=C(Nc1ccc(Cl)cc1)c1ccccc1NCc1ccncc1,0
CC(C)(C)N1CCN(c2ccc(N3CCN(C(=O)N[C@H]4C5CC6CC4C[C@](C(N)=O)(C6)C5)c4ccccc43)nc2)CC1,0
Cc1cncc(CN2CCC(=C3c4ccc(Cl)cc4CCc4cccnc43)CC2)c1,0
COc1cc(S(=O)(=O)O)c(C)cc1N=Nc1c(O)ccc2cc(S(=O)(=O)O)ccc12,1
Clc1cccc(-c2ccccc2)c1,1
CCO[C@H]1CCN(Cc2c(OC)cc(C)c3[nH]ccc23)[C@H](c2ccc(C(=O)O)cc2)C1,0
CC(=O)OCC(=O)[C@@]1(O)CC[C@H]2[C@@H]3CCC4=CC(=O)C=C[C@]4(C)[C@@]3(Cl)[C@@H](Cl)C[C@@]21C,0
C=CCNc1c(O)cc2c(O)c1C[C@@H](C)C[C@H](OC)[C@H](O)[C@@H](C)/C=C(\C)[C@H](OC(N)=O)[C@@H](OC)/C=C\C=C(/C)C(=O)N2,0
Nc1ccn([C@@H]2O[C@H](CO)[C@@H](O)/C2=C\F)c(=O)n1,0
CCCC[C@@H](CC)COC(=O)c1ccccc1C(=O)OC[C@@H](CC)CCCC,1
CC(C(=O)O)c1ccc2c(c1)CC(=O)c1ccccc1S2,0
CCCCCC=CCC(O)C=CC=CCC=CCCCC(=O)O,1
COc1ccc2c(c1)/C(=C/c1cnc[nH]1)C(=O)N2,0
CCCSP(=S)(OCC)Oc1ccc(Cl)cc1Cl,1
CCCCC(CC)COP(=O)(Oc1ccccc1)Oc1ccccc1,1
C=CC#N,1
Brc1c(NC2=NCCN2)ccc2nccnc12,0
CCCCCCC(C)(C)c1cc(O)c2c(c1)OC(C)(C)[C@H]1CC=C(CO)C[C@H]21,0
Oc1c(Cl)c(Cl)c(Cl)c(Cl)c1Cl,1
CCCCCCCCCCCCCCCC(=O)OC,1
NC(=O)[C@@H](N)CS,0
CN(C)C(=O)Oc1cc(OC(=O)N(C)C)cc(C(O)CNC(C)(C)C)c1,0
O=S(=O)(O)N[C@@H]1[C@@H](O)[C@H](O)[C@@H](COS(=O)(=O)O)O[C@@H]1O,0
Cc1ccc(S(=O)(=O)N2CCC[C@@H]2C(=O)O)cc1,0
COC(=O)NC(C(=O)N1CCCC1C(=O)Nc1ccc(C2CCC(c3ccc(NC(=O)C4CCCN4C(=O)C(NC(=O)OC)C(C)C)cc3)N2c2ccc(C(C)(C)C)cc2)cc1)C(C)C,1
O=c1[nH]c(=O)n([C@H]2C[C@H](O)[C@@H](CO)O2)cc1I,1
Cc1c2ccncc2c(C)c2c1[nH]c1ccccc12,1
CC(=O)OC1CCC2(C)C(CCC3(C)C2CC=C2C4CC(C)(C)CCC4(C(=O)O)CCC23C)C1(C)C,1
CNCCOC(c1ccccc1)c1ccccc1C,0
O[C@@H]1[C@H](O)[C@H](O)CO[C@H]1O,0
O=C(O)C=C1CCCc2ccccc2C1O,1
OC[C@H](O)[C@@H](O)CO,0
CCc1c(C)c2cc3[nH]c(cc4nc(cc5nc(cc1[nH]2)C(C)=C5CCC(=O)O)C(CCC(=O)O)=C4C)c(C)c3CC,1
C=CCc1cccc(C)c1O,0
CN(CCCN1c2ccccc2CCc2ccccc21)CC(=O)c1ccc(Cl)cc1,0
O=C(O)c1c(NS(=O)(=O)c2ccccc2)ccc2c1CCCC2,0
Cc1cc(Br)c(O)c(-c2cc3cc(C(=N)N)ccc3[nH]2)c1,0
CNC(=O)c1ccc(N2C(=S)N(c3cnc(C#N)c(C(F)(F)F)c3)C(=O)C23CCC3)cc1F,0
CCN(CC)CCOCCC1=CC[C@H]2C[C@@H]1C2(C)C,0
[131IH],0
COc1ccc2c(c1)-c1nn(CCCN(C)C)c3ccc([N+](=O)[O-])c(c13)N2,0
CSC[C@H]1N[C@@H](c2c[nH]c3c(=O)[nH]cnc23)[C@H](O)[C@@H]1O,0
O=P(O)(O)OC[C@H]1C[C@H](OP(=O)(O)OP(=O)(O)O)[C@H](O)[C@@H]1O,0
NCCC[C@H](N)C(=O)O,0
CCOC(=O)[C@@H](N)CCC(=O)N[C@@H](CSCc1ccccc1)C(=O)N[C@@H](C(=O)OCC)c1ccccc1,0
CC(=O)Oc1ccc2c(c1)CC[C@@H]1[C@@H]2CC[C@]2(C)C(=O)[C@H](OC(C)=O)C[C@@H]12,0
CC(C)(C)OC=O,0
CC[C@H](Nc1nc(NCc2cnc(C)cc2C)c2ncn(C(C)C)c2n1)[C@@H](C)O,0
Nc1nc(/C(=N/O)C(=O)N[C@@H]2C(=O)N3C(C(=O)O)=C(/C=C4\CCN([C@@H]5CCNC5)C4=O)CS[C@H]23)ns1,0
CCN(CC)CCOC(=O)C(O)(c1ccccc1)c1ccccc1,0
O=S1(=O)Nc2c(cc(F)c(F)c2Nc2ccc(I)cc2F)OCC(O)C(O)CC12CC2,0
COC(F)(F)C(Cl)Cl,1
O=[N+]([O-])c1ccc([C@@H]2CO2)cc1,0
O=C(N[C@H]1c2ccccc2C[C@H]1O)[C@@H](C[C@@H](O)[C@@H](OCc1ccccc1)C(=O)N[C@H]1c2ccccc2C[C@H]1O)OCc1ccccc1,0
Cc1ccc(O)c(C(CCN(C(C)C)C(C)C)c2ccccc2)c1,1
COc1ccc(C(=O)NC(=S)Nc2nc3ccc(OC)cc3s2)cc1,0
C[C@@H]1O[C@@H](OC[C@H]2O[C@@H](Oc3c(-c4ccc(O)c(O)c4)oc4cc(OCCO)cc(O)c4c3=O)[C@H](O)[C@@H](O)[C@@H]2O)[C@H](O)[C@H](O)[C@H]1O,0
COc1ccc(-c2ccc(OC)c(=O)cc2)c(OC)c1OC,1
Cc1csc(Cl)c1N=C1NCCN1,0
NCCONC(=O)[C@@H]1CC[C@@H]2CN1C(=O)N2OS(=O)(=O)O,0
C=C1CCC2C(C3C1CCC3(C)O)C2(C)C,1
NC[C@H]1O[C@H](O[C@H]2[C@H](O)[C@@H](O[C@H]3O[C@H](CO)[C@@H](O)[C@H](N)[C@H]3O)[C@H](N)C[C@@H]2N)[C@H](N)C[C@@H]1O,0
CC[C@@]1(O)C(=O)OCc2c1cc1n(c2=O)Cc2cc3c(N)cccc3nc2-1,0
O[Si],0
O=c1cccc2n1C[C@@H]1CNC[C@H]2C1,0
Oc1ccc2c(c1)CC[C@H](c1ccccc1)[C@@H]2c1ccc(OCCN2CCCC2)cc1,0
O=C(N[C@@H]1Cc2ccccc2NC1=O)c1cc2cc(Cl)sc2[nH]1,0
C[C@H](NC(=O)OCc1ccccc1)C(=O)NCP(=O)(O)O[C@@H](Cc1ccccc1)C(=O)O,0
CC[C@]1(O)CC[C@H]2[C@@H]3CCC4=CC(=O)CCC4=C3C=C[C@@]21CC,0
NCP(=O)(O)O,1
CC(=O)O[C@H]1C[C@H](O[C@H]2[C@@H](O)C[C@H](O[C@H]3[C@@H](O)C[C@H](O[C@H]4CC[C@@]5(C)[C@H](CC[C@@H]6[C@@H]5C[C@@H](O)[C@]5(C)[C@@H](C7=CC(=O)OC7)CC[C@]65O)C4)O[C@@H]3C)O[C@@H]2C)O[C@H](C)[C@H]1O,0
CC(C)(C)NCC(O)CSc1nc(-c2ccc(C(N)=O)s2)cs1,0
O=C1CN=C(c2ccccc2)c2cc(Cl)ccc2N1CC1CC1,0
CC(=O)O[C@]1(C(C)=O)CC[C@H]2[C@@H]3CCC4=CC(=O)CC[C@@H]4[C@H]3[C@@H](C)C[C@@]21C,0
C[C@@H]1C/C=C/C=C/C=C/C=C/[C@H](O[C@@H]2O[C@H](C)[C@@H](O)[C@H](N)[C@@H]2O)C[C@@H]2O[C@](O)(C[C@@H](O)C[C@H]3O[C@@H]3/C=C/C(=O)O1)C[C@H](O)[C@H]2C(=O)O,0
COC1C(OC(=O)c2ccc(C)[nH]2)C(O)C(Oc2ccc3c(O)c(NC(=O)c4c[nH]c(C(=O)Nc5c(O)c6ccc(OC7OC(C)(C)C(OC)C(OC(=O)c8ccc(C)[nH]8)C7O)c(C)c6oc5=O)c4C)c(=O)oc3c2C)OC1(C)C,1
CNCCCC1(c2ccccc2)SC(C)(C)c2ccccc21,0
Nc1ncnc2c1ncn2[C@@H]1O[C@H](COP(=O)(O)OCCCCC[C@@H]2SC[C@@H]3NC(=O)N[C@@H]32)[C@@H](O)[C@H]1O,0
CN(C(=O)CO)c1c(I)c(C(=O)NCC(O)CO)c(I)c(C(=O)NCC(O)CO)c1I,0
Nc1ncnc2c1ncn2[C@@H]1O[C@H](COP(=O)(O)OP(=O)(O)O[C@H]2C[C@H](n3ccc(=O)[nH]c3=O)O[C@@H]2COP(=O)(O)O)[C@@H](OP(=O)(O)O)[C@H]1O,0
C[C@@]1(C(=O)Nc2ccc(F)nc2)CCCN1c1nc(Nc2cc(C3CC3)[nH]n2)c2cccn2n1,0
Nc1nc2c(ncn2C2OC3COP(=O)(O)OC3C2O)c(=O)[nH]1,1
CSCC(=O)O,0
OC(CO/N=C(\Cl)c1cccnc1)CN1CCCCC1,0
NCCCOc1ccc(-c2cn[nH]c2-c2cc(Cl)c(O)cc2O)cc1,0
O=C1NC(Cc2ccc(O)cc2)C(=O)N2CCCC12,1
CN1[C@@H]2CC[C@H]1C[C@@H](OC(=O)[C@H](CO)c1ccccc1)C2,0
N/C(=N\O)N1CCC(CNC(=O)[C@@H]2CC[C@H]3CN(S(=O)(=O)Cc4ccccc4)CC(=O)N32)CC1,0
CCC(C)C(NC(=O)C(C)NC(=O)C(CC(N)=O)NC(=O)C(CCCCN)NC(=O)C(Cc1ccccc1)NC(=O)C(CC(C)C)NC(=O)C(NC(=O)C(NC(=O)C(CC(C)C)NC(=O)C1CCCN1C(=O)C(NC(=O)C(CCC(N)=O)NC(=O)C(CO)NC(=O)C(CCCCN)NC(=O)C(CCC(=O)O)NC(=O)C(CO)NC(=O)C(NC(=O)C(CCSC)NC(=O)C(Cc1ccccc1)NC(=O)CNC(=O)CNC(=O)C(N)Cc1ccc(O)cc1)C(C)O)C(C)O)C(C)C)C(C)O)C(=O)NC(C(=O)NC(CCCCN)C(=O)NC(CC(N)=O)C(=O)NC(C)C(=O)NC(Cc1ccc(O)cc1)C(=O)NC(CCCCN)C(=O)NC(CCCCN)C(=O)NCC(=O)NC(CCC(=O)O)C(=O)O)C(C)CC,1
CC[C@H](C(=O)N1CCCC[C@H]1C(=O)O[C@H](CCc1ccc(OC)c(OC)c1)c1cccc(OCC(=O)NCCNC(=O)COc2cccc([C@@H](CCc3ccc(OC)c(OC)c3)OC(=O)[C@@H]3CCCCN3C(=O)[C@@H](CC)c3cc(OC)c(OC)c(OC)c3)c2)c1)c1cc(OC)c(OC)c(OC)c1,0
Nc1nc2c(ncn2C2OC(COP(=O)(O)OP(=O)(O)OP(O)(O)=S)C(O)C2O)c(=O)[nH]1,1
CC(=O)OCC(F)(F)F,0
CC[C@@]1(O)C[C@H](O[C@H]2C[C@H](N(C)C)[C@H](O)[C@H](C)O2)c2c(O)c3c(c(O)c2[C@H]1C(=O)OC)C(=O)c1cccc(OC)c1C3=O,0
CCCCOC(=O)CCC(=O)OCCCC,0
CCn1cc(C(=O)O)c(=O)c2cnc(N3CCNCC3)nc21,0
CC1=C(C)C(=O)C(C(CCCCCC(=O)O)c2ccccc2)=C(C)C1=O,0
CC(=C(CCOP(=O)(O)O)SC(=O)c1ccccc1)N(C=O)Cc1cnc(C)nc1N,1
O=C(N/N=C/c1cc(Br)c(O)c(Br)c1O)c1cccnc1,0
COc1c2ccccc2nc2occc12,1
C[C@@H](O)[C@H]1C(=O)N2C(C(=O)OCOC(=O)C(C)(C)C)=C(SC3CN(C4=NCCS4)C3)[C@H](C)[C@H]12,0
CSCC[C@H](N)C1=N/C(=C\c2ccc(O)cc2)C(=O)N1CC(=O)O,0
[Pt+4],1
O=C(NCO)c1cccnc1,0
COc1cc(/C=C\c2ccc(OC)c(OP(=O)(O)O)c2OP(=O)(O)O)cc(OC)c1OC,0
O=C1C[C@@H](c2ccc(O)cc2)Oc2cc(O)cc(O)c21,0
CN(CCC1CCCCC1)CCC1CCCCC1,0
C[C@@H]1CC(=O)NN=C1c1ccc(NC2=C(Cc3cccc(I)c3)C(=O)CCC2)cc1,0
CC(C)=CCCC(C)=CCCC(C)=CCN1CCN(Cc2ccc3c(c2)OCO3)CC1,0
CCOC(=O)CCC(=O)O[C@H]1[C@H](O[C@@H]2[C@@H](C)[C@H](O[C@H]3C[C@@](C)(OC)[C@@H](O)[C@H](C)O3)[C@@H](C)C(=O)O[C@H](CC)[C@@](C)(O)[C@H](O)[C@@H](C)C(=O)[C@H](C)C[C@@]2(C)O)O[C@H](C)C[C@@H]1N(C)C,0
O=C(O)CCCc1c[nH]c2ccccc12,0
CC[C@H](C)[C@@H]1NC(=O)[C@H](CCCNC(=N)N)NC(=O)[C@H](CC(=O)O)NC(=O)[C@H](CCSC)NC(=O)[C@H](CCCNC(=N)N)NC(=O)CNC(=O)CNC(=O)[C@H](Cc2ccccc2)NC(=O)[C@@H](NC(=O)[C@H](CO)NC(=O)[C@H](CO)NC(=O)[C@H](CCCNC(=N)N)NC(=O)[C@H](CCCNC(=N)N)NC(=O)[C@H](CC(C)C)NC(=O)[C@H](CO)NC(=O)[C@H](CCCNC(=N)N)NC(=O)[C@@H]2CCCN2C(=O)[C@H](C)NC(=O)[C@@H](N)[C@@H](C)O)CSSC[C@@H](C(=O)N[C@@H](CC(N)=O)C(=O)N[C@@H](CO)C(=O)N[C@@H](Cc2ccccc2)C(=O)N[C@@H](CCCNC(=N)N)C(=O)N[C@@H](Cc2ccc(O)cc2)C(=O)O)NC(=O)CNC(=O)[C@H](CC(C)C)NC(=O)CNC(=O)[C@H](CO)NC(=O)[C@H](CCC(N)=O)NC(=O)[C@H](C)NC(=O)CNC1=O,0
C=C1C(=O)OC2C1CCC(=C)C1CCC(=C)C12,1
NCCSSCCN,1
CO[C@@H]1O[C@@H](C)Cc2oc3cc(O)c(O)c(C(=O)O)c3c(=O)c21,0
O=C(O)COc1ccc2c(c1)C(=NO)c1cc(OCC(=O)O)ccc1-2,0
C=C1C=NC(C(F)(F)F)=NC1=N,0
CC(=O)[C@H](N)C(=O)O,0
O=[Ce]=O,1
Oc1cccc(O)c1O,1
CCCN1CCC(c2nc3c(C(N)=O)cccc3[nH]2)CC1,0
O=C1Cc2c([nH]c3ccc([N+](=O)[O-])cc23)-c2ccccc2N1,0
O=C(O)[C@H](O)[C@@H](O)CO,0
COc1c(C2C(C(=O)Nc3ccnc(C(N)=O)c3)OC(C)(C(F)(F)F)C2C)ccc(F)c1F,0
C[C@@]12OC(=O)[C@]1([C@@H](O)[C@@H]1C=CCCC1)NC(=O)[C@@H]2CCCl,0
C[C@@H]1CC2=CC(=O)CC[C@]2(C)[C@H]2CC[C@@]3(C)[C@@H](CC[C@]3(C)O)[C@H]12,0
CN1CCN(c2cccc3[nH]c(=O)oc23)CC1,0
Cc1[nH]cc[n+]1C,0
N=C1N(O)[C@@H](COC(N)=O)[C@@H]2N=C(N)N[C@]23N1CCC3(O)O,0
CNCc1ccc(-c2ncnc3nc[nH]c23)cc1,0
O=C(O)[C@@]1(O)C[C@@H](O)[C@@H](O)[C@@H]([C@H](O)CO)O1,0
NS(=O)(=O)c1ccc2c(c1)CCC2,0
O=C(CO)[C@@H](O)[C@H](O)COP(=O)(O)O,0
CCC1(c2ccccc2)C(=O)NCNC1=O,0
O=C(O)CCNC(=O)[C@H]1CCCN1S(=O)(=O)c1ccc(C(=O)N[C@@H](CCC(=O)O)C(=O)O)cc1,0
COc1cc(C=CC(=O)OC2CCC34CC35CCC3(C)C(C(C)CCC=C(C)C)CCC3(C)C5CCC4C2(C)C)ccc1O,1
OC(CN1CCCCC1)c1cc(-c2ccccc2)on1,0
C[C@@H]1O[C@H](O)[C@@H](O)[C@H](O)[C@@H]1O,0
Nc1ncnc2c1ncn2C1OC(CO)C(O)C1O,0
C=CCN(C)C/C=C/COc1ccc2c(-c3ccc(Br)cc3)coc2c1,0
C=CCC1(c2ccccc2)C(=O)NC(=O)NC1=O,0
CN(C)[C@@H](CCOc1cccc2ccccc12)c1ccccc1,0
O=C(O)CNC(=O)C1C(=O)N(C2CCCCC2)C(=O)N(C2CCCCC2)C1=O,0
Nc1ncnc2c1ncn2[C@@H]1C=C[C@H](O)[C@H]1O,0
C=Cc1c2[nH]c(c1C)/C=c1\[nH]/c(c(C)c1C=C)=C\c1[nH]c(c(CCC(=O)OC)c1C)/C=c1\[nH]/c(c(C)c1CCC(=O)OC)=C\2,0
CCCC[N+]1(C)[C@@H]2CC(OC(=O)[C@H](CO)c3ccccc3)C[C@H]1[C@@H]1O[C@@H]12,0
CC[C@@H]1CCN[C@H](C(=O)N[C@@H]([C@H]2O[C@H](SC)[C@H](O)[C@@H](O)[C@H]2O)[C@H](C)Cl)C1,0
CN(C)CC/C=C1/c2ccccc2CSc2sccc21,0
O=C(O)CN1CCN(CC(=O)O)CCN(CC(=O)O)CCN(CC(=O)O)CC1,0
C1CO1,1
CCC(C)CC(C)N,0
NCCCCC(N)C(=O)NC(CCCN=C(N)N)C(=O)N1CCCC1C(=O)N1CCCC1C(=O)NCC(=O)NC(Cc1ccccc1)C(=O)NC(CO)C(=O)N1CCCC1C(=O)NC(Cc1ccccc1)C(=O)O,1
O=C(O)c1ccc(Cc2ccccc2Cl)o1,0
O=C(O)CNC(=O)c1nc(Cl)c2ccccc2c1O,0
CSCC[C@@H](NC(N)=O)C(=O)O,0
O=C1NCCc2[nH]c(-c3ccnc(-c4ccccc4F)c3)cc21,0
Cc1ccccc1-c1cc(N2CC[N+](C)(COP(=O)(O)O)CC2)ncc1N(C)C(=O)C(C)(C)c1cc(C(F)(F)F)cc(C(F)(F)F)c1,0
CC1NC(=O)C(C(C)O)NC(=O)CNC(=O)C(Cc2cnc[nH]2)NC(=O)C(Cc2c[nH]c3ccccc23)NC(=O)CC(C(N)=O)NC(=O)CNC(=O)CC(C(=O)NC(Cc2c[nH]c3ccccc23)C(=O)NC(Cc2ccccc2)C(=O)NC(Cc2ccccc2)C(=O)NC(CC(N)=O)C(=O)NC(Cc2ccc(O)cc2)C(=O)NC(Cc2ccc(O)cc2)C(=O)NC(Cc2c[nH]c3ccccc23)C(=O)O)NC(=O)C2CCCN2C1=O,1
Cc1nc(Nc2ncc(C(=O)Nc3c(C)cccc3Cl)s2)cc(N2CCN(CCO)CC2)n1,1
COc1ccc(C(=O)c2ccc(C)cc2)c(O)c1,0
C=C(C#N)C(=O)OCCCCCCCC,0
CCCCCCCCCCCCCCCC(=O)NC(CSCC(COC(=O)CCCCCCCCCCCCCCC)OC(=O)CCCCCCCCCCCCCCC)C(=O)NC(CO)C(=O)O,1
Cc1nc(C)c(-c2ccnc(Nc3ccc(N(C)C)cc3)n2)s1,0
N#C/C(=C/Nc1ccc(Nc2ccccc2)cc1)c1nn[nH]n1,0
CN1CCCN=C1/C=C/c1cccs1,0
NC(=O)CC(=O)O,0
CNS(=O)(=O)c1ccc(Nc2ncc(C(F)(F)F)c(N[C@@H]3CCC[C@H]3N(C)C)n2)cc1,0
CC(=O)N[C@H]1NC[C@H](CO)[C@H](O)[C@@H]1O,0
O=c1[nH]c(=S)[nH]cc1I,0
C[S+](C)CCOC(=O)C(O)(c1ccccc1)C1CCCCC1,0
O=C(O)CCCN1CCC(O[C@@H](c2ccc(Cl)cc2)c2ccccn2)CC1,0
CN(C)[C@@H]1C(=O)C(C(N)=O)=C(O)[C@@]2(O)C(=O)C3=C(O)c4c(O)c(NC(=O)[C@@H]5CCCN5C)cc(F)c4C[C@H]3C[C@@H]12,0
CCC(C)C(NC(=O)C(Cc1ccccc1)NC(=O)C(CCC(=O)O)NC(=O)C(CCCCNC(=O)COCCOCCNC(=O)COCCOCCNC(=O)CCC(NC(=O)CCCCCCCCCCCCCCCCC(=O)O)C(=O)O)NC(=O)C(C)NC(=O)C(C)NC(=O)C(CCC(N)=O)NC(=O)CNC(=O)C(CCC(=O)O)NC(=O)C(CC(C)C)NC(=O)C(Cc1ccc(O)cc1)NC(=O)C(CO)NC(=O)C(CO)NC(=O)C(NC(=O)C(CC(=O)O)NC(=O)C(CO)NC(=O)C(NC(=O)C(Cc1ccccc1)NC(=O)C(NC(=O)CNC(=O)C(CCC(=O)O)NC(=O)C(C)(C)NC(=O)C(N)Cc1cnc[nH]1)C(C)O)C(C)O)C(C)C)C(=O)NC(C)C(=O)NC(Cc1c[nH]c2ccccc12)C(=O)NC(CC(C)C)C(=O)NC(C(=O)NC(CCCNC(=N)N)C(=O)NCC(=O)NC(CCCNC(=N)N)C(=O)NCC(=O)O)C(C)C,1
N#CC(C#N)=Cc1ccc(O)c([N+](=O)[O-])c1,1
CCCC[C@@H](CC)COS(=O)(=O)O,0
CC(C)CN(C[C@@H](O)[C@H](Cc1ccccc1)NC(=O)O[C@H]1CO[C@H]2OCC[C@H]21)S(=O)(=O)c1ccc2nc(NC3CCN(C4CCCC4)CC3)sc2c1,0
CCC(=O)O[C@@]1(c2ccccc2)CCN(C)C[C@H]1C,0
Cc1ccc(Nc2nccc(N(C)c3ccc4c(C)n(C)nc4c3)n2)cc1S(N)(=O)=O,1
Cc1c([N+](=O)[O-])c(C)c([N+](=O)[O-])c(C(C)(C)C)c1[N+](=O)[O-],1
C[C@@H](O[C@H]1OCCN(Cc2nn(P(=O)(O)O)c(=O)[nH]2)[C@H]1c1ccc(F)cc1)c1cc(C(F)(F)F)cc(C(F)(F)F)c1,0
CC[N+](C)(CC)CCOC(=O)C(O)(c1ccccc1)c1ccccc1,0
CNCCCC1(c2ccccc2)OC(C)(C)c2ccccc21,0
N[C@@H](Cc1ccccc1)C(=O)NCCOCCOCCNC(=O)c1ccc(S(N)(=O)=O)cc1,0
Oc1cc(O)cc(/C=C/c2ccc(O)c(O)c2)c1,0
O=C1C=C(O)c2c(O)cc(O)cc2C1=O,0
O=c1ccn([C@H]2C[C@H](OP(=O)(O)O)[C@@H](CO)O2)c(=O)[nH]1,0
CS(=O)(=O)c1cccc(-c2cc(N3CC[C@H](c4cc(F)c(F)cc4F)[C@@H](N)C3)ncn2)c1,0
CC(=O)OC(C)(C)C=CC(=O)C(C)(O)C1C(O)CC2(C)C3CC=C4C(CC(O)C(=O)C4(C)C)C3(C)C(=O)CC12C,1
CCOC(=O)NC(O)C(Cl)(Cl)Cl,0
C=CC1=C(C)C2=CC3=NC(=C(CC(=O)O)C4=NC(=C(C)C4=C(O)O)C=c4[nH]c(c(C)c4CC)=CC1=N2)C(CCC(=O)O)C3C,1
C[C@@H](CS)C(=O)N1CCC[C@H]1C(=O)O,0
CCc1cc(-c2n[nH]c(C)c2-c2ccc3c(c2)OCCO3)c(O)cc1O,0
CCCCOCC(CN1C(=O)NC(=O)C(CC)(c2ccccc2)C1=O)OC(N)=O,1
COc1ccc2[nH]c([S+]([O-])Cc3ncc(C)c(OC)c3C)nc2c1,1
NCCNc1cccc2ccccc12,1
CN(C)C(=O)C(CC[N@+]1([O-])CC[C@@](O)(c2ccc(Cl)cc2)CC1)(c1ccccc1)c1ccccc1,0
COc1cccc(OC)c1O,1
CCOC(=O)C1=C[C@]2(CC)CCCN3CCc4c(n1c1ccccc41)[C@@H]32,0
CC[C@H]1[C@@H]2C[C@H]3[C@@H]4N(C)c5ccccc5[C@]45C[C@@H]([C@H]2[C@H]5O)N3[C@@H]1O,0
CC[C@@H](N)C(=O)N1CCC[C@H]1C(=O)NCc1cccc(Cl)c1,0
CNC(=O)NC(O)C(Cl)(Cl)Cl,0
O=C(OC[C@H](OC(=O)c1cccnc1)[C@@H](OC(=O)c1cccnc1)[C@H](OC(=O)c1cccnc1)[C@@H](COC(=O)c1cccnc1)OC(=O)c1cccnc1)c1cccnc1,0
O=C(NCC1CCCCN1)c1cc(OCC(F)(F)F)ccc1OCC(F)(F)F,1
Nc1ncnc2c1ncn2[C@@H]1O[C@H](CO)C(=O)[C@H]1O,0
COc1cc2c(cc1OC)[C@@H]1Cc3ccc(OC)c(OC)c3CN1CC2,0
O=C(O)CCc1ccc(-c2cccc([N+](=O)[O-])c2)s1,0
CCCCCCCCC(=O)OC,0
Cc1ccnc(NC(=O)C(C)c2cccc(C(=O)c3ccccc3)c2)c1,0
COc1cc(NS(C)(=O)=O)ccc1Nc1c2ccccc2nc2ccccc12,1
CSC(=O)c1c(C(F)F)nc(C(F)(F)F)c(C(=O)SC)c1CC(C)C,0
Nc1nc2c(ncn2[C@@H]2O[C@H](COP(=O)(O)OP(=O)(O)O)[C@@H](OP(=O)(O)OP(=O)(O)O)[C@H]2O)c(=O)[nH]1,0
CO[C@H]1O[C@H](CO)[C@@H](O)[C@H](O)[C@@H]1O,0
COc1ccc(Nc2nc(N)c(C(=O)c3ccc(OC)cc3)s2)cc1,0
C=CC(=O)Nc1cc2c(Nc3ccc(F)c(Cl)c3)ncnc2cc1C#CC(C)(C)N1CCN(C)CC1,0
O=c1[nH]c(=O)n(CCCCN2CC=C(c3ccccc3)CC2)c2cccc(F)c12,0
CC[C@@H](C(=O)Nc1ccncc1)c1ccccc1,0
CCN(CC)CC(=O)Nc1c(C)cc(C)cc1C,0
CN(C)CCCN1c2ccccc2Sc2ccccc21,1
C[C@]12O[C@H](C[C@]1(O)CO)n1c3ccccc3c3c4c(c5c6ccccc6n2c5c31)CNC4=O,0
CCCCCc1cc(O)c2c(c1)OC(C)(C)C1CCC(C(=O)O)=CC21,1
O=C(O)c1ccc2nc(-c3cc(Cl)cc(Cl)c3)oc2c1,0
C=C1C=C(C(C)(C)C)C(=O)C(C(C)(C)C)=C1,1
Cc1ccc(-c2ccc(C)cn2)nc1,0
CCC1(O)C(=O)OCc2c1cc1n(c2=O)Cc2cc3c(OC)cccc3nc2-1,1
COc1ccc2nc(NC(=S)NC(=O)c3ccccc3)sc2c1,0
CC(=O)N[C@@H](Cc1cccc2ccccc12)[B-](O)(O)O,0
Cc1ccc(-c2noc(-c3cccc(OCC4CCN(Cc5cccc(F)c5)CC4)c3)n2)cn1,0
O=C(O)CCn1c2ccc(O)cc2c2c3c(c(-c4ccccc4)cc21)C(=O)NC3=O,0
CN1Cc2c(ccc3c2OCO3)C2C(O)Cc3cc4c(cc3C21)OCO4,1
Cc1ccccc1C(O)(c1ccccc1C)C1CN2CCC1CC2,0
CCCCCCCCCCS(=O)(=O)O,0
Oc1c(Br)cc(-c2nc3ccccc3o2)cc1Br,0
C=C(OP(=O)(O)O)C(=O)O,0
N[C@@H](C[C@@H]1C=C(NNc2ccccn2)C(O)=CC1=O)C(=O)O,0
COCC1=C(C(=O)O)N2C(=O)[C@@H](NC(=O)/C(=N\OC)c3csc(N)n3)[C@H]2SC1,0
COc1cc(C(=O)OC2C3C=COC(OC4OC(CO)C(O)C(O)C4O)C3C3(CO)OC23)ccc1O,1
O=C(O)CN(CC(=O)O)CC(O)CN(CC(=O)O)CC(=O)O,0
Cc1cc(C(C)(C)C)c(O)c(C)c1CC1=NCCN1,0
COc1ccc(C)cc1OCc1ccccn1,0
CCCCC(CC)COC(=O)c1ccccc1,0
C[C@H]1C=CC2=CCC[C@H](O)[C@@H]2[C@H]1CC[C@H]1C[C@@H](O)CC(=O)O1,0
CC(C)C[C@H](NC(=O)[C@H](Cc1ccccc1)NC(=O)c1cnccn1)B1O[C@H]([C@H](O)CO)[C@@H]([C@H](O)CO)O1,0
Nc1ncnc2c1ncn2[C@@H]1O[C@H](COP(=O)(O)OP(=O)(O)OP(=O)(O)OP(=O)(O)OP(=O)(O)O)[C@@H](O)[C@H]1O,0
CC[C@@H](c1ccccc1)c1c(O)c2ccc(OC)cc2oc1=O,0
CCN(CC)CC(=O)Nc1c(C)cccc1C(=O)OC,0
O=C(Nc1ccccc1)N(Cc1ccc(Cl)cc1)C1CCCC1,1
CCC(=O)Oc1ccc2c(c1)CC[C@@H]1[C@@H]2CC[C@@]2(C)[C@H]1C[C@@H](OC(=O)CC)[C@@H]2OC(=O)CC,0
Cc1[nH]c2ccccc2c1CCNC(=O)c1cccs1,0
c1cn[nH]n1,1
O=C(c1ccccc1)c1ccc2n1CCC2C(=O)O,1
CCN(CC)C(=O)[C@@H]1C=C2c3cccc4[nH]cc(c34)C[C@H]2N(C)C1,0
O=P(O)(O)OP(=O)(O)OP(=O)(O)O,0
c1cc2c(c(NC3=NCCN3)c1)CCC2,0
COc1cccc(OC)c1C(=O)N[C@@H]1C(=O)N2[C@@H]1SC(C)(C)[C@@H]2C(=O)O,1
CC(=O)OCC(=O)[C@@]1(OC(=O)C(C)C)[C@@H](C)C[C@H]2[C@@H]3CCC4=CC(=O)C=C[C@]4(C)[C@@]3(F)[C@@H](O)C[C@@]21C,0
CCC1(c2cnc[nH]2)Cc2ccccc2C1,0
Nc1ncc(C(=O)N(Cc2ccccc2)Cc2ccccc2)o1,0
CN1CCN(/C=C2\N=C3CN=C(c4ccccc4Cl)c4cc([N+](=O)[O-])ccc4N3C2=O)CC1,0
Cc1cc(C#N)cc(Oc2ccc(Cc3n[nH]c4nnccc34)cc2Br)c1,0
NC(=O)c1ccccc1Nc1ccnc(Nc2cccc(O)c2)n1,0
CC1COc2c(N3CCN(C)CC3)c(F)cc3c(=O)c(C(=O)O)cn1c23,1
O=C(O)CC[C@@H](CCc1ccccc1)NC(=O)CCCCCCc1ccccc1,0
CC12CCc3c(ccc4c(O)c(O)ccc34)C1CCC2=O,1
C[C@@H](Oc1nnc(-c2ccncc2)n1C)c1cc(-c2cccc(Cl)c2)on1,0
c1ccc(-c2cc(-c3ccncc3)c(N3CCN(c4ncccn4)CC3)nn2)cc1,0
CCCCc1ccc(C(=O)O)nc1,1
CC[C@@H](C(=O)[C@@H](C)[C@@H](O)[C@H](C)CCc1ccc(C)c(O)c1C(=O)O)[C@H]1O[C@](CC)([C@H]2CC[C@](O)(CC)[C@H](C)O2)C[C@@H]1C,0
O=c1[nH]cnc2c1ncn2C1CCC(CO)O1,1
CCC(=C(c1ccccc1)c1ccc(O)cc1)c1ccccc1,1
CCCNC(C)(C)COC(=O)c1ccccc1,0
NC[C@@H]1O[C@H](O[C@H]2[C@@H](O)[C@H](O[C@@H]3[C@@H](O)[C@H](N)C[C@H](N)[C@H]3O[C@H]3O[C@H](CO)[C@@H](O)[C@H](O)[C@H]3N)O[C@@H]2CO)[C@H](N)[C@@H](O)[C@@H]1O,0
O=C1C=CC(=O)C=C1,1
CN(N=O)C(=O)N[C@@H]1[C@@H](O)[C@H](O)[C@@H](CO)O[C@@H]1O,0
N[C@@H](C(=O)N[C@@H]1C(=O)N2C(C(=O)O)=C(CSc3c[nH]nn3)CS[C@H]12)c1ccc(O)cc1,0
CCNCC(O)c1cccc(OC(=O)C(C)(C)C)c1,0
Cc1nc(C)c(C)nc1C,1
O=C(O)c1cnc(-c2ccccc2)[nH]1,0
O=C(O)Cc1ccc2c(c1O)C(=O)c1c(O)cccc1C2,0
C=C[C@H]1CN2CC[C@H]1C[C@@H]2[C@@H](O)c1ccnc2ccc(OC)cc12,0
CCCCCCCCCC(=O)CC(=O)N[C@H]1CCOC1=O,0
CC(NC(C)(C)C)C(=O)c1cccc(Cl)c1,1
CC(C)CCC(=O)N[C@H](C(=O)N[C@@H](CCCNC(N)N)C(=O)c1nccs1)C(C)C,0
CCN(CC)C(=O)[S+](C)[O-],1
c1ccc2[nH]c(-c3n[nH]c4ccccc34)nc2c1,0
CN(C)CCCN1c2ccccc2CCc2ccc(Cl)cc21,1
C#CCOc1ccc2c(c1)c(-c1ccc(C(C)C)cc1)nc(=O)n2Cc1ccc2nc(Br)cnc2c1,0
OCCNc1ncnc2c1nc1ccccn12,0
CC(=O)OC1C=CC(=O)N(C(=O)CCc2ccccc2)C1,1
COc1cccc2c1C(=O)c1c(O)c3c(c(O)c1C2=O)C[C@@](O)(CCO)C[C@@H]3O[C@H]1C[C@H](N)[C@H](O)[C@H](C)O1,0
Cc1ccn(-c2cc(Cl)ccc2[C@@H](Oc2cc(-c3ccc(C[C@H](N)C(=O)O)cc3)nc(N)n2)C(F)(F)F)n1,0
CC(C)COCC(CN(Cc1ccccc1)c1ccccc1)N1CCCC1,1
C[C@H]1C[C@H]2[C@@H]3CCC4=CC(=O)C=C[C@]4(C)[C@@]3(F)[C@@H](O)C[C@]2(C)[C@@]1(O)C(=O)CCl,0
CN(C)Cc1ccc(S(=O)(=O)n2ccc(/C=C/C(=O)NO)c2)cc1,0
C[Se]CC(=O)O,0
C[C@H](O)[C@@H](CCc1cccc(Cl)c1Cl)n1cnc(C(N)=O)c1,0
COCCCOc1cc(C[C@@H](C[C@H](N)[C@@H](O)C[C@H](C(=O)NCC(C)(C)C(N)=O)C(C)C)C(C)C)ccc1OC,1
O=c1ccn([C@@H]2O[C@H](COP(=O)(O)OP(=O)(O)O[C@H]3O[C@H](CO)[C@H](O)[C@H](O)[C@H]3F)[C@@H](O)[C@H]2O)c(=O)[nH]1,0
COc1cc(C)[nH]c(=O)c1CN1CCc2c(Cl)cc([C@H](OC)C3COC3)c(Cl)c2C1=O,0
O=C(O)c1cn(-c2ccc(F)cc2)c2cc(N3CCNCC3)c(F)cc2c1=O,0
O=S(=O)(O)OC[C@H]1O[C@@](COS(=O)(=O)O)(O[C@H]2O[C@H](COS(=O)(=O)O)[C@@H](OS(=O)(=O)O)[C@H](OS(=O)(=O)O)[C@H]2OS(=O)(=O)O)[C@@H](OS(=O)(=O)O)[C@@H]1OS(=O)(=O)O,0
CN1CC[C@@H](c2c(O)cc(O)c3c(=O)cc(-c4ccc(C(F)(F)F)cc4Cl)oc23)[C@@H]1CO,0
C=CC(=O)c1ccc(CCCCCC)cc1,0
CCC/C(=C/c1ccc(-c2cccc(C(=O)O)c2)o1)[N+](=O)[O-],0
O=C(O)CCCCCC(=O)O,0
CCCCCCCCCCCCCCCCS(=O)(=O)F,0
Cc1cc(C(F)(F)F)cc(NC(=O)NS(=O)(=O)c2cc(C)c(CCO)s2)n1,0
CCC(C(=O)NC(=O)NC(C)=O)c1ccccc1,0
N#Cc1nc2c(nc1C#N)-c1cc(F)c(F)cc1C2=O,0
CCCCNc1ccc(C(=O)OCCN(C)C)c(O)c1,0
CC(O)C(CO)NC(=O)C1CSSCC(NC(=O)C(Cc2ccccc2)N=C(O)CN(CCN(CCC(C(=O)O)C(=O)O)CC(=O)O)CC(=O)O)C(=O)NC(Cc2ccccc2)C(=O)NC(Cc2c[nH]c3ccccc23)C(=O)NC(CCCCN)C(O)=NC(C(C)O)C(=O)N1,0
CC(CC1c2ccccc2CCc2ccccc21)CN(C)C,0
CCOC1(NC(=O)c2ccccc2)CC1,1
COCCOC1C(OP(O)(=S)OCC2OC(n3cnc4c(N)ncnc43)C(OCCOC)C2OP(O)(=S)OCC2OC(n3cc(C)c(O)nc3=O)C(OCCOC)C2O)C(COP(O)(=S)OC2C(COP(O)(=S)OC3CC(n4cnc5c(O)nc(=N)[nH]c54)OC3COP(O)(=S)OC3CC(n4cnc5c(O)nc(=N)[nH]c54)OC3COP(O)(=S)OC3CC(n4cc(C)c(=N)nc4O)OC3COP(O)(=S)OC3CC(n4cc(C)c(O)nc4=O)OC3COP(O)(=S)OC3CC(n4cc(C)c(=N)nc4O)OC3COP(O)(=S)OC3CC(n4cnc5c(O)nc(=N)[nH]c54)OC3COP(O)(=S)OC3CC(n4cc(C)c(=N)nc4O)OC3COP(O)(=S)OC3CC(n4cnc5c(O)nc(=N)[nH]c54)OC3COP(O)(=S)OC3CC(n4cnc5c(O)nc(=N)[nH]c54)OC3COP(O)(=S)OC3CC(n4cc(C)c(=N)nc4O)OC3COP(O)(=S)OC3CC(n4cnc5c(O)nc(=N)[nH]c54)OC3COP(O)(=S)OC3CC(n4cc(C)c(=N)nc4O)OC3COP(O)(=S)OC3C(COP(O)(=S)OC4C(COP(O)(=S)OC5C(COP(O)(=S)OC6C(CO)OC(n7cnc8c(O)nc(=N)[nH]c87)C6OCCOC)OC(n6cnc7c(O)nc(=N)[nH]c76)C5OCCOC)OC(n5cnc6c(O)nc(=N)[nH]c65)C4OCCOC)OC(n4cnc5c(N)ncnc54)C3OCCOC)OC(n3cc(C)c(O)nc3=O)C2OCCOC)OC1n1cc(C)c(=N)nc1O,0
CCCCC[C@@H](O)/C=C/c1ccccc1/C=C/[C@@H](O)[C@@H](O)CCCC(=O)O,0
COc1ccc(OC)c(C(O)CNC(=O)CN)c1,0
N[C@@H](CCSCCCCC(=O)O)C(=O)O,0
CC(C)OC(=O)CCC/C=C\C[C@@H]1[C@@H](/C=C/[C@@H](O)COc2cccc(C(F)(F)F)c2)[C@H](O)C[C@@H]1O,0
O=S(=O)(O)CCN1CCOCC1,0
CC(=O)Nc1nc(-c2ccc3nccnc3c2)c(-c2ccc(F)c(C)n2)[nH]1,0
CCc1cc(CCN)ccc1O,0
CC(=O)N[C@H]1[C@@H](OP(=O)(O)OP(=O)(O)OC[C@H]2O[C@@H](n3ccc(=O)[nH]c3=O)[C@H](O)[C@@H]2O)O[C@H](CO)[C@@H](O)[C@@H]1O[C@@](C)(OP(=O)(O)O)C(=O)O,0
Nc1ccn([C@@H]2O[C@H](COP(=O)(O)OP(=O)(O)OC[C@@H](O)CO)[C@@H](O)[C@H]2O)c(=O)n1,0
CCCCCC(O)C=CC1C=CC(=O)C1CCCCCCC(=O)O,1
Nc1cc([As]2[As](c3ccc(O)c(N)c3)[As](c3ccc(O)c(N)c3)[As](c3ccc(O)c(N)c3)[As]2c2ccc(O)c(N)c2)ccc1O,1
N[C@@H](Cc1ccc(-c2ccccc2)cc1)C(=O)O,0
COc1ccc(CC(C)N)cc1,0
O=P(O)(O)OP(=O)(O)OC[C@H]1O[C@@H](n2cnc3c(NCc4ccccc4)ncnc32)[C@H](O)[C@@H]1O,0
COc1cccc(OC)c1CN1CCC(NC(=O)CCCS)CC1,0
CC1(C)CCC(C)(C)c2cc(C(=O)c3ccc4cc(C(=O)O)ccc4c3)ccc21,0
CCCCCCCCCCC1=C(O)C(=O)NC1=O,0
CP(=O)(O)CCC(N)C(=O)O,1
O=c1ccc2cc(OC3OC(CO)C(O)C(O)C3O)c(O)cc2o1,1
CCC(C)CCCC(=O)NC(CCN)C(=O)NC(C(=O)NC(CCN)C(=O)NC1CCNC(=O)C(C(C)O)NC(=O)C(CCN)NC(=O)C(CCN)NC(=O)C(CC(C)C)NC(=O)C(CC(C)C)NC(=O)C(CCN)NC1=O)C(C)O,1
CC(C)=CCC/C(C)=C/CC/C(C)=C/CSc1ccccc1C(=O)O,0
Cc1[nH]cnc1CCN,1
C[C@]1(CS(=O)(=O)N2CCC(Oc3ccc(Cl)cn3)CC2)NC(=O)NC1=O,0
CC(C)CC(NC(=O)C(Cc1ccccc1)NC(=O)C(CC(C)C)NC(=O)C(Cc1ccccc1)NC(=O)OC(C)(C)C)C(=O)NC(Cc1ccccc1)C(=O)O,1
O=C(Nc1ccccc1)OCC(CN1CCCCC1)OC(=O)Nc1ccccc1,0
C=CC(=O)Nc1cc(N2CCN(CC)CC2)ccc1Nc1cc(N(C)C(=O)Nc2c(Cl)c(OC)cc(OC)c2Cl)ncn1,0
Cc1ccccc1C(O)(c1ccccc1C)[C@@H]1CN2CCC1CC2,0
C[C@H]1O[C@H](O[C@H]2[C@H](O)[C@@H](O)[C@@H](OC[C@H]3O[C@@H](O)[C@H](O)[C@@H](O)[C@@H]3O)O[C@@H]2CO)[C@H](O)[C@@H](O)[C@@H]1N[C@H]1C=C(CO)[C@@H](O)[C@H](O)[C@H]1O,0
[Ru],1
CCCC[Sn](Cl)(Cl)CCCC,1
Cc1ccc(C(=O)c2ccc(CC(=O)O)n2C)cc1,1
CCC(=O)OC1(C(=O)CO)C(C)CC2C3CCC4=CC(=O)C=CC4(C)C3(Cl)C(O)CC21C,1
CN(C)[C@@H]1C(O)=C(C(N)=O)C(=O)[C@@]2(O)C(O)=C3C(=O)c4c(O)cccc4[C@@](C)(O)[C@H]3C[C@@H]12,1
NCC(CC(=O)O)c1ccc(Cl)cc1,1
CCC=CCC=CCC=CCCCCCCCC(=O)O,1
O=C(O)/C=C(/C(=O)O)[C@@H](O)C(=O)O,0
CC(=O)Nc1ccc(OC(C)(C)C)cc1,0
O=C(O)[C@@H](O)C[C@H](O)[C@H](O)CO,0
C[C@]1(COc2ccc(N3CCC(Oc4ccc(OC(F)(F)F)cc4)CC3)cc2)Cn2cc([N+](=O)[O-])nc2O1,0
Nc1nc(=O)n([C@@H]2C=C[C@H](CO)O2)cc1F,0
O=C(O)CCCC(=O)NCCc1cnc[nH]1,0
CN1CCCN=C1/C=C/c1cccc(O)c1,0
CC(=O)[C@@H](N)COCc1ccccc1,0
OC[C@H]1O[C@@H](O[C@H]2[C@H](O)[C@@H](O)C(O)O[C@@H]2CO)[C@H](O)[C@@H](O)[C@@H]1O,0
Cc1ccc(NC(=O)c2cccnc2)cc1Nc1nccc(-c2cccnc2)n1,0
CN(C)CC(CN1c2ccccc2Sc2ccccc21)N(C)C,0
CC(C)=CCC[C@](C)(O[C@@H]1O[C@H](CO)[C@@H](O)[C@H](O)[C@H]1O)[C@H]1CC[C@]2(C)[C@@H]1[C@H](O)C[C@@H]1[C@@]3(C)CC[C@H](O)C(C)(C)[C@@H]3[C@@H](O[C@@H]3O[C@H](CO)[C@@H](O)[C@H](O)[C@H]3O)C[C@]12C,0
O=C(Nc1cc(Br)c(O)c(Br)c1)c1ccccc1,0
COc1ccc2c(c1)CC[C@@H]1[C@@H]2CC[C@]2(C)[C@H](O)[C@H](O)C[C@@H]12,0
COC1=CC(=O)OC(C=Cc2ccccc2)C1,1
O=C1OC2(c3ccc(O)cc3Oc3cc(O)ccc32)c2ccccc21,0
CC[C@@H]1[C@@H]2CN(C(=O)[C@H](C(C)(C)C)NC(=O)O[C@@H]3C[C@H]3CCCCC(F)(F)c3nc4ccc(OC)cc4nc3O2)[C@@H]1C(=O)N[C@]1(C(=O)NS(=O)(=O)C2(C)CC2)C[C@H]1C(C)C,0
CC[C@H]1c2cc3[nH]c4c(c3C)C(=O)[C@H](C(=O)OC)c4c3nc(cc4[nH]c(cc(n2)[C@@H]1C)c(C(C)=O)c4C)[C@@H](C)[C@@H]3CCC(=O)OC/C=C(\C)CCC[C@H](C)CCC[C@H](C)CCCC(C)C,0
COC1=C(OC)C(=O)C(CC=C(C)C)=C(C)C1=O,0
CC(C)CCCC(C)C1CCC2C3CC=C4CC(O)CCC4(C)C3CCC12C,1
Cc1ncc(COP(=O)(O)O)c(CN=C2CONC2=O)c1O,0
Cc1cn([C@H]2C=C[C@@H](COP(=O)(O)OP(=O)(O)OP(=O)(O)O)O2)c(=O)[nH]c1=O,0
CCCCOP(=O)(O)OCCCC,1
C/C1=C/C[C@@H](/C(C)=C/c2csc(C)n2)OC(=O)C[C@H](O)C(C)(C)C(=O)[C@H](C)[C@@H](O)[C@@H](C)/C=C/C1,0
C[C@]12CC[C@H](OS(=O)(=O)O)CC1=CC[C@@H]1[C@@H]2CC[C@]2(C)C(=O)CC[C@@H]12,0
NCCCNc1ccccc1[N+](=O)[O-],0
O=P(O)(O)OC[C@H]1O[C@](O)(COP(=O)(O)O)[C@@H](O)[C@@H]1O,0
CC(O)C[N+](C)(C)C,1
CCC(C)(C)C(=O)C(=O)N1CCC[C@H]1C(=O)O,0
CSCCC(NC(=O)C1CSSCC(NC(=O)C(NC(=O)C(CO)NC(=O)C(Cc2c[nH]c3ccccc23)NC(=O)C2CSSCC(NC(=O)C(CC(=O)O)NC(=O)C(NC(=O)C(CC(=O)O)NC(=O)C(NC(=O)C(Cc3ccccc3)NC(=O)C3CCC(=O)N3)C(C)O)C(C)C)C(=O)NC(CO)C(=O)NC(C(C)C)C(=O)NC(CO)C(=O)NC(CCCCN)C(=O)NC(CCC(=O)O)C(=O)N2)C(C)C)C(=O)NC(CCCCN)C(=O)NC(CC(=O)O)C(=O)NC(CC(C)C)C(=O)NC(Cc2ccccc2)C(=O)NCC(=O)NC(C(C)C)C(=O)NC(CC(=O)O)C(=O)NC(CCCNC(=N)N)C(=O)NCC(=O)NC(CCCCN)C(=O)N1)C(=O)NCC(=O)NC(CCCCN)C(=O)NC(CCCCN)C(=O)NC1CSSCC(C(=O)NC(Cc2ccc(O)cc2)C(=O)NC(CCC(N)=O)C(=O)O)NC(=O)C(CCCNC(=N)N)NC1=O,1
COc1ccc2c(c1)S(=O)(=O)N=C(c1c(O)c(-c3ccccc3)nn(CCC(C)C)c1=O)N2,0
Cc1c[nH]c(/C=C2\C(=O)Nc3ccccc32)c1CCC(=O)O,0
CC(=O)N[C@H](Cc1ccc(Cl)cc1)[B-](O)(O)OC[C@H](N)C(=O)O,0
Fc1cc(F)cc(-c2cc3nccnc3s2)c1,0
CC(C)[C@H](NC(=O)c1ccc(C(=O)NCC(=O)O)cc1)C(=O)N1CCC[C@H]1C(=O)N[C@H](C(=O)C(F)(F)F)C(C)C,0
O=[N+]([O-])c1cccc(S(=O)(=O)O)c1[N+](=O)[O-],1
COc1ccc(-c2ccccc2)cc1N1CC(=O)NS1(=O)=O,0
CC(C)(C)c1nnc(C(=O)[C@@H]2CCCN2)o1,0
O=C(O)c1c(Cl)c(Cl)c(Cl)c(Cl)c1-c1c2cc(Br)c(=O)c(Br)c-2oc2c(Br)c(O)c(Br)cc12,0
CN(Cc1cc(Br)cc(Br)c1N)C1CCCCC1,0
Nc1ccc2c(c1)c(-c1ccccc1)[n+](CCCCCCc1cn(CCNc3c4c(nc5ccccc35)CCCC4)nn1)c1cc(N)ccc21,0
CC(C)N1CCC(N(C(=O)Cc2ccccc2)c2ccc(Cl)cc2)CC1,0
CN1CCc2nc(C(=O)N[C@@H]3CCCC[C@H]3NC(=O)c3cc4cc(Cl)ccc4[nH]3)sc2C1,0
Nc1nc2cc3nc(NCc4cccc5ccccc45)[nH]c3cc2c(=O)[nH]1,0
CN(CC(=O)O)C(N)N,0
Nc1cc(Cl)c(N=C2NCCN2)c(Cl)c1,0
O=C(O)C1C(C(=O)O)C2(Cl)C(Cl)=C(Cl)C1(Cl)C2(Cl)Cl,1
C=CCn1c(=O)c2cnc(Nc3ccc(N4CCN(C)CC4)cc3)nc2n1-c1cccc(C(C)(C)O)n1,0
CC[C@H](c1ccc2cc(OC)ccc2c1)C(C)(C)C(=O)O,0
CO[C@@H]1O[C@H](CO)[C@@H](O)[C@H](O)[C@H]1O,0
O=C1CCCN1c1ccc(Oc2ccc3c(c2)CCN(C2CCC2)CC3)nc1,0
Nc1nc(NCCc2cccc(Cl)c2Cl)nc(NCCc2c[nH]c3ccccc23)n1,0
CC1NCCc2cc(O)c(O)cc21,1
C=Cc1c2[nH]c(c1C)/C(O)=c1\[nH]/c(c(CCC(=O)O)c1C)=C\c1[nH]c(c(C)c1CCC(=O)O)C=c1[nH]c(c(C)c1C=C)=C2,0
CC[C@H](C)[C@@H]([C@@H](CC(=O)N1CCC[C@H]1[C@H](OC)[C@@H](C)C(=O)N[C@@H](Cc1ccccc1)c1nccs1)OC)N(C)C(=O)[C@@H](NC(=O)[C@H](C(C)C)N(C)C)C(C)C,0
CCc1c(C)[nH]c2c1C(=O)C(CN1CCOCC1)CC2,1
Cc1ncnc2c1ncn2[C@H]1C[C@H](O)[C@@H](CO)O1,0
N=C(N)c1ccc([C@H](NC(=O)OCc2ccccc2)P(=O)(O)O)cc1,0
O=C(c1ccc(Oc2ccc(F)cc2)nc1)N1CCCN(C2CCC2)CC1,0
O=C(NCCS)c1cccc(C(=O)NCCS)c1,0
O=C(O)CCCCO,0
N[C@@H](CSO)C(=O)O,0
CC1CCC(C(=O)N(c2cc(-c3ccccc3)sc2C(=O)O)C(C)C)CC1,0
COc1cc(CC(C)N)cc2c1OCO2,0
CCCCCC(O)C=CC1C(=O)CC(O)C1CC=CCCCC(=O)O,1
O=C(O)[C@@H](O)CS(=O)(=O)O,0
N[C@H]1CCCCCCCCCCNC1=O,0
CC(OCC1(c2ccccc2)CCC2(CCC(=O)N2)CN1)c1cc(C(F)(F)F)cc(C(F)(F)F)c1,0
Cc1ccccc1C(=O)Nc1ccc(C(=O)N2CCCC(N(C)C)c3ccccc32)cc1,0
CNNCc1ccc(C(=O)NC(C)C)cc1,1
CC(=O)N[C@@H]1[C@@H](O)[C@H](O[C@@H]2O[C@H](CO)[C@@H](O[C@@H]3O[C@H](CO)[C@@H](O)[C@H](O)[C@H]3NC(C)=O)[C@H](O)[C@H]2NC(C)=O)[C@@H](CO)O[C@H]1O,0
CCO[C@@H](Cc1ccc(OCCn2c(C)ccc2-c2ccc(SC)cc2)cc1)C(=O)O,0
O=C(O)C1(O)CC(O)C(O)C(O)C1,1
COc1cc2c(cc1OC)CN(CCCCNC(=O)c1cc(C)ccc1OCC[18F])CC2,0
N[C@@H](CSCC[B-](O)(O)O)C(=O)O,0
CC(=O)Nc1ccc(N2C(=O)[C@@H]3C4CCC(NC(=O)OCC(=O)O)(CC4)[C@@H]3C2=O)cc1,0
CC(C)NC[C@H](O)COc1ccc(CCOCC2CC2)cc1,0
CC(C)(C)c1cc(NC(=O)Nc2ccccc2)n(-c2cccc(N)c2)n1,0
C[C@H](O)CO,0
c1cnc2c(c1)C[C@@]1(CN3CCC1CC3)O2,0
N[C@H]1C=C(C(=O)O)C[C@@H](O)[C@@H]1O,0
CC(=O)N[C@H]1[C@H]([C@H](O)[C@H](O)CO)O[C@@H](P(=O)(O)O)C[C@@H]1O,0
CC(C)[N+](=O)[O-],1
[Pb],1
C[C@H](CNC(=O)c1ccc(S(N)(=O)=O)cc1)Cn1ccc2ccccc21,0
CN(C)c1cc(NC(=O)CNC(C)(C)C)c(O)c2c1CC1CC3C(N(C)C)C(=O)C(C(N)=O)=C(O)C3(O)C(=O)C1=C2O,1
CCCCCCCC/C=C/CCCCCCCC(N)=O,0
COc1ccc2c(c1)N(CCCN(C)C)c1ccccc1S2,0
NC[C@@H]1O[C@H](O[C@H]2[C@@H](OCCNCC3CCCNC3)[C@H](O[C@@H]3[C@@H](O)[C@H](N)C[C@H](N)[C@H]3O[C@H]3O[C@H](CO)[C@@H](O)[C@H](O)[C@H]3N)O[C@@H]2CO)[C@H](N)[C@@H](O)[C@@H]1O,0
CCOc1ccnc(CCNC(=S)Nc2ccc(C)cn2)c1F,0
CN[C@H](CC(C)C)C(=O)N[C@H]1C(=O)N[C@@H](CC(N)=O)C(=O)N[C@H]2C(=O)N[C@H]3C(=O)N[C@H](C(=O)N[C@H](C(=O)O)c4cc(O)cc(O)c4-c4cc3ccc4O)[C@H](O[C@H]3C[C@](C)(N)[C@@H](O)[C@H](C)O3)c3ccc(c(Cl)c3)Oc3cc2cc(c3O[C@@H]2O[C@H](CO)[C@@H](O)[C@H](O)[C@H]2O[C@H]2C[C@](C)(NCc3ccc(-c4ccc(Cl)cc4)cc3)[C@@H](O)[C@H](C)O2)Oc2ccc(cc2Cl)[C@H]1O,0
C#C[C@]1(O)CC[C@H]2[C@@H]3CCC4=C/C(=N/O)CC[C@@H]4[C@H]3CC[C@@]21CC,0
O=C(O)C1CCCN1C(=S)S,1
Cc1ccc2c(-c3ccccc3)nc(=O)n(C(C)C)c2c1,1
O=S(=O)(O)c1ccc2c(N=Nc3ccc(S(=O)(=O)O)c4ccccc34)c(O)c(S(=O)(=O)O)cc2c1,1
COC(=O)C1=CO[C@@H](C)[C@@H]2CN3CCc4c([nH]c5cc(OC)c(OC)cc45)[C@H]3C[C@H]12,0
CN1CC[C@]23c4c5ccc(O)c4O[C@H]2[C@@H](O)CC[C@H]3[C@H]1C5,0
CC(=O)N[C@@H](CCC(=O)O)C(=O)O,0
NC(CSC(F)(F)C(F)F)C(=O)O,1
OC[C@@H](O)C(O)[C@@H](O)CO,0
CC(=O)OC1C(c2ccc(=O)oc2)C2(C)CCC3C(CCC4CC(O)CCC43C)C23OC13,1
CC(C)(N)CNC(=O)C[C@H]1CC[C@]2(CC1)OO[C@]1(O2)C2CC3CC(C2)CC1C3,0
O=C(O)CCCCCCCCCCOC(=O)S,0
C=C1C(O)C2OC3(CCC(C=CC(C)C4CC(C)=CC5(OC(CC(C)(O)C(=O)O)CCC5O)O4)O3)CCC2OC1C(O)CC(C)C1OC2(CCCCO2)CCC1C,1
Cc1cccc2c1C(=O)N(c1ccc(C#N)cc1)C2=O,0
CN(C)CCO,0
Cc1cn([C@@H]2O[C@]3(CO)CO[C@@H]2[C@@H]3OP(O)(=S)OC[C@]23CC([C@H](n4cc(C)c(=O)[nH]c4=O)O2)[C@@H]3OP(O)(=S)OC[C@H]2O[C@@H](n3cc(C)c(=O)[nH]c3=O)C[C@@H]2OP(O)(=S)OC[C@H]2O[C@@H](n3cnc4c(N)ncnc43)[C@H](O)[C@@H]2OP(O)(=S)OC[C@H]2O[C@@H](n3cnc4c(=O)[nH]c(N)nc43)[C@H](O)[C@@H]2OP(O)(=S)OC[C@H]2O[C@@H](n3ccc(N)nc3=O)[C@H](O)[C@@H]2OP(O)(=S)OC[C@H]2O[C@@H](n3cnc4c(N)ncnc43)[C@H](O)[C@@H]2OP(O)(=S)OC[C@H]2O[C@@H](n3ccc(N)nc3=O)[C@H](O)[C@@H]2OP(O)(=S)OC[C@H]2O[C@@H](n3cc(C)c(=O)[nH]c3=O)C[C@@H]2OP(O)(=S)OC[C@H]2O[C@@H](n3cnc4c(=O)[nH]c(N)nc43)[C@H](O)[C@@H]2OP(O)(=S)OC[C@H]2O[C@@H](n3cnc4c(=O)[nH]c(N)nc43)[C@H](O)[C@@H]2OP(O)(=S)OC[C@H]2O[C@@H](n3ccc(N)nc3=O)[C@H](O)[C@@H]2OP(O)(=S)OC[C@]23CO[C@@H]([C@H](n4cc(C)c(N)nc4=O)O2)[C@@H]3OP(O)(=S)OC[C@]23CC([C@H](n4cc(C)c(=O)[nH]c4=O)O2)[C@@H]3O)c(=O)nc1N,1
O=C(Cc1ccc(-c2ccccc2)cc1)Nc1ccccn1,0
CCNCC(O)c1cccc(O)c1,0
CCC(=O)O[C@@H](C(=O)N1N=CC[C@H]1C(=O)NCc1cc(Cl)ccc1-n1cnnn1)c1ccc(F)cc1,0
CN(C)CCOC(=O)COc1ccc(Cl)cc1,0
CCN(CC)CCC1(c2ccccc2)CCC(=O)NC1=O,0
NCCCC[C@@H](N)C(=O)O,0
CCCCC(O)c1ccccc1,0
CC(C)N1C(=O)c2ccccc2NS1(=O)=O,1
O=C1OCCN1/N=C/c1ccc([N+](=O)[O-])o1,0
O=c1[nH]c(Cl)c(Cl)cc1Cl,1
NS(=O)(=O)c1ccc(N=NC2=c3cc(Br)ccc3=NC2=O)cc1,0
CC1(C)C2CCC1(CS(=O)(=O)O)C(=O)C2=Cc1ccc(C=C2C(=O)C3(CS(=O)(=O)O)CCC2C3(C)C)cc1,0
Cc1cn([C@H]2C[C@H](O)[C@@H](COP(=O)(O)OP(=O)(O)O[C@H]3OC[C@@H](O)[C@H](O)[C@H]3O)O2)c(=O)[nH]c1=O,0
C#Cc1cccc(Nc2ncnc3cc4c(cc23)OCCOCCOCCO4)c1,0
N=C1NC(=O)/C(=C/c2ccc(-c3ccc(S(N)(=O)=O)c(C(F)(F)F)c3)o2)S1,0
Cc1ccc(-c2nn(C(C)(C)C)c3ncnc(N)c23)cc1,0
O=CN(C1CCCC1)C1CCC1,0
[177Lu],0
[3He],0
OC[C@@H]1C[C@H](O)[C@@H](O)[C@@H](O)O1,0
CCC(=O)c1ccc2c(c1)N(CC(C)N(C)C)c1ccccc1S2,0
O=C(O)c1ccc2ccccc2c1O,1
COc1ccc2c(O[C@@H]3C[C@H]4C(=O)N[C@]5(P(=O)(O)Cc6c(F)cccc6F)C[C@H]5CCCCCCC[C@H](NC(=O)OC5CCCC5)C(=O)N4C3)cc(-c3csc(NC(C)C)n3)nc2c1Cl,0
C[C@@H](C(=O)O)N(C)C,0
C[C@](O)(COc1ccc(C#N)cc1)C(=O)Nc1ccc(C#N)c(I)c1,0
Cn1nc(-c2ccc3ccccc3c2)c2c(N)ncnc21,0
O=CC=CC=O,1
[90Y],0
Oc1ccc(-c2cnc3ccc4ccncc4c3c2)cc1,0
NC(=O)N1c2ccccc2C[C@H](O)c2ccccc21,0
N[C@H]1CCc2ccccc2[C@@H]1O,0
C=CC(C)(C)C1=Nc2cc(CC=C(C)C)ccc2C1=Cc1[nH]c(=O)c(=O)[nH]c1O,1
CCCCCCCC/C=C\CCCCCCCC(=O)Oc1ccc2c(c1)CC[C@@H]1[C@@H]2CC[C@]2(C)C(=O)CC[C@@H]12,0
CCCCCOC(=O)Nc1nc(=O)n(C2OC(C)C(O)C2O)cc1F,1
Nc1ccn(C2CC(O)C(CO)O2)c(=O)n1,1
CC1(C)S[C@@H]2[C@H](NC(=O)[C@H](C(=O)O)c3ccsc3)C(=O)N2[C@H]1C(=O)O,1
O=C[C@H](O)[C@@H](O)[C@@H](CO)O[C@@H]1O[C@H](CO)[C@H](O)[C@H](O)[C@H]1O,0
CC(CCC(=O)NCC(=O)O)C1CCC2C3CCC4CC(O)CCC4(C)C3CC(O)C12C,1
N[C@@H](CSCC(=O)O)C(=O)O,0
O=C(/C=C/c1cn(-c2ccccc2)nc1-c1ccc(OCc2ccccc2)cc1)c1ccc(Cl)cc1,0
CC1=CC(=O)[C@H]2C[C@@H]1C2(C)C,0
CCN(N=O)C(=N)N[N+](=O)[O-],1
CCC(O)C(CC(C)N(C)C)(c1ccccc1)c1ccccc1,0
Oc1ccc(O)c(O)c1,1
CN(C)CCCn1cc(C2=C(c3c[nH]c4ccccc34)C(=O)NC2=O)c2ccccc21,0
Brc1cccc(-c2cc(NCc3ccncc3)[n+]3[nH]cnc3n2)c1,0
CNCCc1ccc(O)c(O)c1,0
C[C@@]1(c2cc(NC(=O)c3ccc(C#N)cn3)ccc2F)C=CSC(N)=N1,1
C[C@@H]1O[C@@H](O[C@@H]2[C@@H](O)[C@H](OCCc3ccc(O)c(O)c3)O[C@H](CO)[C@H]2OC(=O)/C=C/c2ccc(O)c(O)c2)[C@H](O)[C@H](O)[C@H]1O,0
O=C(O)CNC(=O)c1ccccc1I,0
OCC(Br)CBr,1
CN1CCN(c2cc3c(cc2F)c(=O)c(C(=O)O)cn3-c2ccc(F)cc2)CC1,0
CN1CC[C@]23c4c5ccc(O)c4O[C@H]2[C@@H](O)C=C[C@H]3[C@H]1C5,0
O=c1[nH]cnc2c1NCN2[C@@H]1O[C@H](CO)[C@@H](O)[C@H]1O,0
COc1cc([C@H]2C3=C(COC3=O)Cc3cc4c(cc32)OCO4)cc(OC)c1OC,0
C[C@@H](O)[C@@H](O)[C@H]1CNc2nc(N)[nH]c(=O)c2N1,0
NCC(=O)N1C[C@H](NC(=O)c2ccccc2)C[C@H]1C(=O)O,0
CC(C)OC(=O)[C@H](C)N[P@](=O)(CO[C@H](C)Cn1cnc2c(N)ncnc21)Oc1ccccc1,0
CSCCC(=O)C1=N/C(=C/c2ccc(O)cc2)C(=O)N1CC=O,0
OC(O)(C(F)(F)F)C(F)(F)F,0
Cc1cc(Cl)cc2c1oc1cc(Cl)cc(Cl)c12,1
O=C(NC1CCN(CCc2c[nH]c3ccccc23)CC1)c1ccccc1,0
CC(C)(C)NS(=O)(=O)c1ccc(-c2ccc3[nH]nc(N)c3c2)cc1,0
O=C(O)CCC(=O)Nc1ccc(Br)cn1,0
CCC(C(C)O)n1ncn(-c2ccc(N3CCN(c4ccc(OCC5COC(Cn6cncn6)(c6ccc(F)cc6F)C5)cc4)CC3)cc2)c1=O,1
Cc1c(N)nc([C@@H](CC(N)=O)NC[C@@H](N)C(N)=O)nc1C(=O)N[C@@H](C(=O)N[C@@H](C)[C@H](O)[C@@H](C)C(=O)N[C@H](C(=O)NCCc1nc(-c2nc(C(=O)NCCCN(C)CCCN(Cc3ccc(OCc4ccccc4)c(OCc4ccccc4)c3)Cc3ccc(OCc4ccccc4)c(OCc4ccccc4)c3)cs2)cs1)[C@@H](C)O)C(O[C@H]1O[C@@H](CO)[C@H](O)[C@@H](O)[C@H]1O[C@H]1O[C@@H](CO)[C@@H](O)[C@H](OC(N)=O)[C@@H]1O)c1c[nH]cn1,1
CNC(=O)c1ccc(-c2cnc3ncc(Cc4ccc5ncccc5c4)n3n2)cc1F,1
Cc1cccc(C)c1NC(=O)CN1CCCC1,0
COc1cccc(O)c1O,1
COc1cc(CCC(C)=O)ccc1O,0
Cc1nc2sccn2c(=O)c1CCN1CCC(=C(c2ccc(F)cc2)c2ccc(F)cc2)CC1,0
CSc1ccc(C=C2C(C)=C(CC(=O)O)c3cc(F)ccc32)cc1,1
Cc1nc(-c2ccc(C(F)(F)F)cc2)sc1C(=O)NCc1ccc(OC(C)(C)C(=O)O)cc1,0
O=C(NO)c1ccccc1O,0
O=c1n(CCCN2CCN(c3cccc(Cl)c3)CC2)nc2ccccn12,1
CC(C)CCC(=O)N1CCC[C@H]1C(=O)NCc1cccc(Cl)c1,0
Nc1ccc(Cl)c(Cl)c1,1
CC[C@@H](c1cccc(NC(=O)CNC(=O)OC(C)(C)C)c1)c1c(O)c2ccccc2oc1=O,0
CS(=O)(=O)OCCCNCCCOS(C)(=O)=O,0
Nc1nc2ccc(C[C@@H](C(=O)O)c3ccc(C(=O)N[C@@H](CCC(=O)O)C(=O)O)cc3)cc2c(=O)[nH]1,0
CC1CC(C)CC(C)C(O)C(C#N)=CC=CCC(C2CCCC2C(=O)O)OC(=O)CC(O)C(C)C1,1
CC[C@@H](C(N)=O)N1C[C@H](C=C(F)F)CC1=O,0
CCC(C)OC(=O)N1CCCCC1CCO,0
CCCN(CCC)C(=O)C1=Cc2ccc(-c3ccc(C(=O)N4CCCC4)cc3)cc2N=C(N)C1,0
Cc1cn(-c2cc(NC(=O)c3ccc(C)c(Nc4nccc(-c5cccnc5)n4)c3)cc(C(F)(F)F)c2)cn1,1
O=C(O)C(C(=O)O)c1ccccc1,0
CCCCSc1ccc(C(SCCN(C)C)c2ccccc2)cc1,0
CCCCN1CCCCC1C(=O)Nc1c(C)cccc1C,1
CC(CN1c2ccccc2Sc2cccnc21)N(C)C,0
COC(=O)N[C@H](C(=O)N1CCC[C@H]1c1ncc(-c2ccc(-c3ccc(-c4cnc([C@@H]5CCCN5C(=O)[C@@H](NC(=O)OC)C(C)C)[nH]4)c4c3OCO4)cc2)[nH]1)C(C)C,0
CO[C@H](C(=O)CO)[C@H](O)[C@H](O)CO,0
O=c1c(O)c(-c2ccc(O)cc2O)oc2cc(O)cc(O)c12,1
CNCCC(Oc1ccccc1OC)c1ccccc1,0
CN(C)c1cccc2c(S(=O)(=O)NCCCCCN)cccc12,1
C[N+](C)(C)CC(=O)O,0
N=C(N)NN=C1C=CC(=NNC(N)=S)C=C1,0
C=CCOC=O,1
CC(C)(O)C#N,0
Cc1cccc(-c2ccc3c(c2)c(C(=O)C(=O)O)cn3Cc2ccc(C(C)(C)C)cc2)c1,0
CC(C)CNC(=O)C1CC(F)(c2ccc(CN3CCCC3)c(F)c2)C1,0
O=C(O)[C@H](Cc1ccc(O)cc1)NC(=O)[C@H](Cc1ccccc1)NC(=O)[C@@H](S)Cc1ccccc1,0
NC(=O)OCC(N)Cc1ccccc1,0
CCCCOc1c(OCCCC)c(=O)c1=O,0
CC[C@@]1(O)C(=O)OCc2c1cc1n(c2=O)Cc2c-1nc1cc3c(cc1c2CN1CCN(C)CC1)OCCO3,0
N=C(N)c1ccc(O)c(CN2CC[C@H](NS(=O)(=O)c3cc4ncccc4s3)C2=O)c1,0
Cc1ccc(NC(=O)c2cccc(C(F)(F)F)c2)cc1Nc1ncccc1-c1ccncn1,0
C=C1c2c(Cl)ccc(O)c2C(O)=C2C(=O)[C@]3(O)C(O)=C(C(N)=O)C(=O)[C@@H](N(C)C)[C@@H]3[C@@H](O)[C@H]12,0
O=C(O)C(F)(F)C(F)(F)C(F)(F)F,1
COc1ccc2cc(C(C)C(=O)O)ccc2c1,1
O=C(CO)Nc1ccc([As](=O)(O)O)cc1,0
Cc1ncc([N+](=O)[O-])n1CC(O)CN1CCOCC1,0
CC(C)C[C@H](NC(=O)[C@H](CCCCN)NC(=O)CNC(=O)[C@H](CC(C)C)NC(=O)[C@@H](NC(=O)[C@@H]1CSSC[C@H](N)C(=O)N[C@@H](CO)C(=O)N[C@@H](CC(N)=O)C(=O)N[C@@H](CC(C)C)C(=O)N[C@@H](CO)C(=O)N[C@@H]([C@@H](C)O)C(=O)N1)C(C)C)C(=O)N[C@@H](CO)C(=O)N[C@@H](CCC(N)=O)C(=O)N[C@@H](CCC(=O)O)C(=O)N[C@@H](CC(C)C)C(=O)N[C@@H](Cc1c[nH]cn1)C(=O)N[C@@H](CCCCN)C(=O)N[C@@H](CC(C)C)C(=O)N[C@@H](CCC(N)=O)C(=O)N[C@H](C(=O)N[C@@H](Cc1ccc(O)cc1)C(=O)N1CCC[C@H]1C(=O)N[C@@H](CCCNC(=N)N)C(=O)N[C@H](C(=O)N[C@@H](CC(N)=O)C(=O)N[C@H](C(=O)NCC(=O)N[C@@H](CO)C(=O)NCC(=O)N[C@H](C(=O)N1CCC[C@H]1C(N)=O)[C@@H](C)O)[C@@H](C)O)[C@@H](C)O)[C@@H](C)O,0
CCCCC[C@@H](C/C=C/C(=O)SCCNC(=O)CCN[C@H](O)C(=O)C(C)(C)COP(=O)(O)OP(=O)(O)OC[C@H]1O[C@@H]([n+]2c[nH]c3c(N)ncnc32)[C@H](O)[C@@H]1OP(=O)(O)O)SCC=O,0
Cn1c(Nc2ccc(C(F)(F)F)cc2)nc2cc(Oc3ccnc(-c4ncc(C(F)(F)F)[nH]4)c3)ccc21,0
CO[C@@H]1O[C@H](C=S)[C@H](O)[C@H](O)[C@H]1O,0
COC(C)(C)CCC[C@H](C)C/C=C/C(C)=C/C(=O)O,0
CC1=CC2OC3CC4OC(=O)C=CC=CC5(C(C)O)OCCC6(OC6C(=O)OCC2(CC1)C4(C)C31CO1)C5O,1
COc1ccc(C(=O)CCC(=O)O)c2ccccc12,0
O=S(=O)(O)Oc1ccccc1,0
CSCCC(NC(=O)C(CC(C)C)NC(=O)C(Cc1c[nH]c2ccccc12)NC(=O)C(CCC(N)=O)NC(=O)C(NC(=O)C(Cc1ccccc1)NC(=O)C(CC(=O)O)NC(=O)C(CCC(N)=O)NC(=O)C(C)NC(=O)C(CCCNC(=N)N)NC(=O)C(CCCNC(=N)N)NC(=O)C(CO)NC(=O)C(CC(=O)O)NC(=O)C(CC(C)C)NC(=O)C(Cc1ccc(O)cc1)NC(=O)C(CCCCN)NC(=O)C(CO)NC(=O)C(Cc1ccc(O)cc1)NC(=O)C(CC(=O)O)NC(=O)C(CO)NC(=O)C(NC(=O)C(Cc1ccccc1)NC(=O)C(NC(=O)CNC(=O)C(CCC(N)=O)NC(=O)C(CO)NC(=O)C(N)Cc1cnc[nH]1)C(C)O)C(C)O)C(C)C)C(=O)NC(CC(N)=O)C(=O)NC(C(=O)O)C(C)O,1
COCCc1sc(S(=O)(=O)NC(=O)Nc2cc(C(F)(F)F)c(F)c(N)n2)cc1C,0
CCN(CC)CCN1CCc2[nH]c(/C=C3\C(=O)Nc4ccc(F)cc43)c(C)c2C1=O,0
COc1cc2ncnc(N3CC[C@@H](Oc4ccc5ccccc5c4)C3)c2cc1OC,0
CCCCCCCC/C=C\CCCCCCCC(=O)OC[C@H](COP(=O)(O)OCC[N+](C)(C)C)OC(=O)CCCCCCC/C=C\CCCCCCCC,0
COC(=O)[C@@H]1CCCN1C(=O)[C@H](C)NP(=O)(O)[C@H](Cc1ccccc1)NC(=O)[C@H](CCCCN)NC(=O)[C@@H]1CCCN1C(=O)OCc1ccccc1,0
c1ccc(C2CN3CCSC3=N2)cc1,1
CCc1cc(C(N)=O)ccc1-n1nc(C(C)C)c2c(-n3cnc(-c4cnn(C)c4)c3)ccnc21,0
C=C1C[C@H]2[C@@H]3CCC4=CC(=O)C=C[C@]4(C)[C@H]3[C@@H](O)C[C@]2(C)[C@@]1(O)C(=O)CO,0
C[N+]1(CCC(C(N)=O)(c2ccccc2)c2ccccc2)CCCCCC1,0
Cc1nc(CN2CCN([C@H](C(=O)N[C@@H](Cc3ccccc3)[C@H](O)CN(CC(C)C)S(=O)(=O)c3ccc(/C=N/O)cc3)C(C)C)C2=O)cs1,0
OB1OCc2cc(F)ccc21,0
OC[C@@H]1O[C@@H](O)[C@H](O)[C@H]1O,0
CCC(C)N(CC(O)c1cccn1Cc1ccccc1Cl)C(C)CC,0
COC1C(O)CC(=O)OC(C)CC=CC=CC(OC2CC(C)(O)C(O)C(C)O2)C(C)CC(CCO)C1OC1OC(C)C(OC2CC(C)(O)C(O)C(C)O2)C(N(C)C)C1O,0
O=C(Oc1ccccc1)c1ccccc1O,0
O=C1C[C@@H](c2ccc(O)cc2)Oc2cc(O)ccc21,0
CON,0
CCC(=O)NCCC1CCc2ccc3c(c21)CCO3,0
O=P(O)(O)O[C@H]1O[C@@H](CO)[C@H](O)[C@@H](O)[C@@H]1O,0
N#CC(c1ccc(Cl)cc1)c1c(Cl)cc(-n2ncc(=O)[nH]c2=O)cc1Cl,0
CC(C)(C(=O)NCC(F)(F)C(F)(F)F)C(=O)N[C@@H]1C(=O)Nc2ccccc2-c2ccccc21,0
CCNC(=O)COc1ccc(Cl)cc1CNC(=O)[C@@H]1CCCN1C(=O)[C@H](N)C1CCCCC1,0
COc1cc(C(C)C)c(Oc2cnc(N)nc2N)cc1S(N)(=O)=O,0
C[C@@H](C(=O)N1CCOCC1)N1CC[C@H](NS(=O)(=O)c2cc3cc(Cl)ccc3s2)C1=O,0
NC(=O)c1ncn([C@@H]2O[C@H](COP(=O)(O)O)[C@@H](O)[C@H]2O)c1/C=C/C(=O)N(Cc1ccc2nc(N)[nH]c(=O)c2n1)c1ccc(C(=O)N[C@@H](CCC(=O)O)C(=O)O)cc1,0
CC1(C)S[C@@H]2[C@H](NC(=O)CCCC[C@H](NC(=O)CN)C(=O)O)C(=O)N2[C@H]1C(=O)O,0
O=C(OCCOCCN1CCCCC1)N1c2ccccc2Sc2cccnc21,0
CC1=C(C(=O)OCOC(=O)C(C)(C)C)N2C(=O)[C@@H](NC(=O)[C@H](N)c3ccccc3)[C@H]2SC1,0
COc1cc(CN)ccc1O,0
CC1(C)N=C(N)N=C(N)N1OCCCOc1cc(Cl)c(Cl)cc1Cl,0
c1ccc(Cn2c(N3CCNCC3)nc3ccccc32)cc1,0
O=C(O)c1ccc2c(c1)C(=O)N([C@H](Cc1ccc(O)cc1)C(=O)O)C2=O,0
CCOc1ccc(C(=O)OCCN(CC)CC)cc1,0
Cc1ncc(COP(=O)(O)O)c(C=NCCCC[C@H](N)C(=O)O)c1O,0
O=c1c(I)cn(CC(O)CO)cc1I,0
C[C@@H](N)[C@@H](N)C(=O)O,0
N=C(N)c1ccc2nc(-c3ncccc3O)[nH]c2c1,0
CC(=O)O[C@@H]1[C@H](N)[C@@H](OP(=O)(O)O)[C@@]2(C(=O)O)CS[C@@](O)(C(N)=O)[C@@H]1O2,0
CC(C)C[C@@H](C(=O)N[C@H](C(=O)OC1CCCC1)c1ccccc1)[C@H](O)C(=O)NO,0
O=C1NC(=S)N[C@@]12O[C@H](CO)[C@@H](O)[C@H](O)[C@H]2O,0
Nc1nc(=O)c2ncn(CCC(CO)CO)c2[nH]1,0
C[Se](=O)CC[C@H](N)C(=O)O,0
OCCOc1ccccc1,0
O=C1C(N(CO)C(=O)NCO)N(CO)C(=O)N1CO,0
C[C@@H](NC(=O)c1cc(F)ccc1O)c1ccc(Br)cc1,0
O=C1C[C@@H](C(=O)O)NC(=O)N1,0
CN(C)[C@@H]1C(O)=C(C(=O)NCO)C(=O)[C@@]2(O)C(O)=C3C(=O)c4c(O)ccc(Cl)c4[C@@](C)(O)[C@H]3C[C@@H]12,0
COc1c(C)c2c(c(O)c1CC=C(C)CCC(=O)OCCN1CCOCC1)C(=O)OC2,1
CN(C)[C@@H]1C(=O)C(C(N)=O)=C(O)[C@@]2(O)C(=O)C3=C(O)c4c(O)ccc(Cl)c4[C@@](C)(O)[C@H]3C[C@@H]12,0
Nc1cc(Nc2ccc(S(N)(=O)=O)cc2)ncn1,0
CC(O)CN1CCN(CC(=O)O)CCN(CC(=O)O)CCN(CC(=O)O)CC1,0
COc1ccc(C2CC2N)cc1,1
CC(C)C(=O)C(=O)O,0
C=C1[C@@H](O)[C@@H]2O[C@]3(CC[C@H](/C=C/[C@@H](C)[C@@H]4CC(C)=C[C@@]5(O[C@H](C[C@@](C)(O)C(=O)O)CC[C@H]5O)O4)O3)CC[C@H]2O[C@@H]1[C@@H](O)C[C@H](C)[C@H]1O[C@@]2(CCCCO2)CC[C@H]1C,0
CCCCn1c(Cc2cc(OC)c(OC)c(OC)c2)nc2c(N)ncnc21,0
NCc1ccc[n+]([C@@H]2O[C@H](COP(=O)(O)OP(=O)([O-])OC[C@H]3O[C@@H](n4cnc5c(N)ncnc54)[C@H](O)[C@@H]3O)[C@@H](O)[C@H]2O)c1,0
Cc1c(O)c(C=O)c(COP(=O)(O)O)c[n+]1C,0
CC(C)(CO)[C@@H](O)C(=O)NCCC(=O)N/C=C\S,0
CSCC[C@H](NC=O)C(=O)N[C@@H](CC(=O)O)C(=O)NCC(=O)N[C@@H](CS)C(=O)N[C@@H](CCC(=O)O)C(=O)N[C@@H](CC(C)C)C(=O)O,0
Clc1ccc(Nc2nnc(Cc3ccncc3)c3ccccc23)cc1,0
N[C@@H](C/[N+]([O-])=N/O)C(=O)O,0
CC(=O)O[C@@]12[C@H](O)[C@@H](C)[C@@]3(O)[C@@H](C=C(CO)C[C@]4(O)C(=O)C(C)=C[C@@H]34)[C@@H]1C2(C)C,0
CC(C)CCC[C@@H](C)[C@H]1CC[C@H]2[C@@H]3CC=C4C[C@@H](Cl)CC[C@]4(C)[C@H]3CC[C@]12C,0
CC(N)Cc1ccc(O)cc1,0
C[C@]12C=CC(=O)C=C1CC[C@@H]1[C@@H]2[C@@H](O)C[C@@]2(C)[C@H]1CC[C@]2(O)C(=O)COC(=O)CCC(=O)O,0
Nc1ncnc2c1ncn2C1OC(COP(=O)(O)OP(=O)(O)OP(=O)(O)O)C(OC(=O)c2ccc(C(=O)c3ccccc3)cc2)C1O,1
COC(=O)C(Cc1ccc(N(CCCl)CCCl)cc1)NC(=O)C(CC(C)C)NC(=O)C(Cc1ccccc1)NC(=O)CNC(=O)C(C)NC(=O)C(N)Cc1ccc(O)cc1,1
c1ccc2cnccc2c1,0
COc1cc(N=C(N)N=C(N)N)cc(OC)c1,0
O=C(O)CNC(=O)c1ncc2c(I)cccc2c1O,0
CCCCCC(C)c1cc([N+](=O)[O-])cc([N+](=O)[O-])c1O,0
NNC(=O)c1ccncc1,1
O=c1ccc2cc(O[C@@H]3O[C@H](CO)[C@@H](O)[C@H](O)[C@H]3O)c(O)cc2o1,0
Cc1ccc(-c2nc3ccc(F)cn3c2CC(=O)N(C)C)cc1,0
Nc1cc(C(Cl)=C(Cl)Cl)c(S(N)(=O)=O)cc1S(N)(=O)=O,0
CCCCCCCOc1cc2c(cc1C(C)=Cc1ccc(C(=O)O)cc1)C(C)(C)CCS2(=O)=O,1
CC(=O)OCC(=O)[C@@]1(OC(=O)c2ccco2)[C@H](C)C[C@H]2[C@@H]3CCC4=CC(=O)C=C[C@]4(C)[C@@]3(F)[C@@H](O)C[C@@]21C,0
CCCCC(CC)COC(=O)c1ccc(Nc2nc(Nc3ccc(C(=O)NC(C)(C)C)cc3)nc(Nc3ccc(C(=O)OCC(CC)CCCC)cc3)n2)cc1,0
Oc1c(Br)cc(/C=C/c2ccccc2)cc1Br,0
CCCCOc1ccc(C[N+]2(C)[C@@H]3CC[C@H]2C[C@H](OC(=O)[C@H](CO)c2ccccc2)C3)cc1,0
C=C(C)C1CC=C(CO)CC1,1
CCCCCc1cccc(CC(=O)O)c1,0
O=P(O)(O)OC[C@H]1OC[C@H](O)[C@H]1O,0
C#CC1(O)CCC2C3CCc4cc(OC)ccc4C3CCC21C,1
NCc1ccc(-c2cccs2)cc1,0
O=C1N[C@H](O)C=CN1[C@H]1C[C@H](O)[C@@H](COP(=O)(O)O)O1,0
N#Cc1cc(NC(=O)[C@H]2c3ccccc3C(=O)N(CC(F)(F)F)[C@@H]2c2cccnc2)ccc1F,0
Cc1ccc(NCCCN)c([N+](=O)[O-])c1,0
COc1cc(C2c3cc(O)c(OC)cc3CC(CO)C2CO)ccc1O,1
CC(=O)N[C@@H](CCCN(O)C(=O)/C=C(\C)CCO)C(=O)OCC/C(C)=C/C(=O)N(O)CCC[C@@H]1NC(=O)[C@H](CCCN(O)C(=O)/C=C(\C)CCO)NC1=O,0
CCN(CC)C(=O)N[C@H]1C=C2c3cccc4[nH]cc(c34)C[C@H]2N(C)C1,0
COc1cc(CC(C)N)c(OC)cc1C,0
CC[C@H](C)CC(F)(F)[C@@]1(O)CC[C@H]2[C@@H](CC(=O)[C@@H]2CCCCCCC(=O)O)O1,0
NS(=O)(=O)OC[C@@H]1C[C@@H](n2ccc3c(N[C@H]4CCc5ccccc54)ncnc32)C[C@@H]1O,0
Nc1nc(N)c2c(n1)NC[C@@H](c1ccccc1)N2,0
CN1[C@H]2CC[C@@H]1[C@@H](C(=O)O)[C@@H](OC(=O)c1ccccc1)C2,0
CC(=O)OCN(C)N=O,1
Cn1cnc2c(ncn2[C@@H]2O[C@H](COP(=O)(O)O)[C@@H](O)[C@H]2O)c1=N,0
CCOC(=O)C1=CC(OC(CC)CC)C(NC(C)=O)C(N)C1,1
Nc1ccc(S(=O)(=O)C(CC(=O)c2ccccc2)c2ccccc2)cc1,0
OC(CCN1CCCC1)(c1ccccc1)C1CCCCC1,0
CCCCCCCC1=C(O)c2ncsc2C(=O)C1=O,0
C=C(C=N)CCc1ccc(F)cc1,0
O=C(O)COc1ccc(NCc2cccc(-c3ccccc3C(F)(F)F)c2)cc1F,1
COCCO[C@@H]1[C@H](SP(=O)(O)OC[C@H]2O[C@@H](n3cc(C)c(=O)[nH]c3=O)[C@H](OCCOC)[C@@H]2SP(=O)(O)OC[C@H]2O[C@@H](n3cc(C)c(N)nc3=O)[C@H](OCCOC)[C@@H]2SP(=O)(O)OC[C@H]2O[C@@H](n3cnc4c(N)ncnc43)C[C@@H]2SP(=O)(O)OC[C@H]2O[C@@H](n3cnc4c(=O)[nH]c(N)nc43)C[C@@H]2SP(=O)(O)OC[C@H]2O[C@@H](n3cc(C)c(=O)[nH]c3=O)C[C@@H]2SP(=O)(O)OC[C@H]2O[C@@H](n3cc(C)c(N)nc3=O)C[C@@H]2SP(=O)(O)OC[C@H]2O[C@@H](n3cc(C)c(=O)[nH]c3=O)C[C@@H]2SP(=O)(O)OC[C@H]2O[C@@H](n3cnc4c(=O)[nH]c(N)nc43)C[C@@H]2SP(=O)(O)OC[C@H]2O[C@@H](n3cc(C)c(N)nc3=O)C[C@@H]2SP(=O)(O)OC[C@H]2O[C@@H](n3cc(C)c(=O)[nH]c3=O)C[C@@H]2SP(=O)(O)OC[C@H]2O[C@@H](n3cc(C)c(=O)[nH]c3=O)C[C@@H]2SP(=O)(O)OC[C@H]2O[C@@H](n3cc(C)c(N)nc3=O)C[C@@H]2SP(=O)(O)OC[C@H]2O[C@@H](n3cnc4c(=O)[nH]c(N)nc43)[C@H](OCCOC)[C@@H]2SP(=O)(O)OC[C@@H]2O[C@H](n3cc(C)c(N)nc3=O)[C@@H](OCCOC)[C@H]2SP(=O)(O)OC[C@@H]2O[C@H](n3cnc4c(N)ncnc43)[C@@H](OCCOC)[C@H]2SP(=O)(O)OC[C@@H]2O[C@H](n3cc(C)c(N)nc3=O)[C@@H](OCCOC)[C@H]2SP(=O)(O)OC[C@@H]2O[C@H](n3cc(C)c(N)nc3=O)[C@@H](OCCOC)[C@H]2O)[C@@H](COP(=O)(O)S[C@H]2[C@@H](OCCOC)[C@H](n3cc(C)c(N)nc3=O)O[C@@H]2COP(=O)(O)S[C@H]2[C@@H](OCCOC)[C@H](n3cnc4c(=O)[nH]c(N)nc43)O[C@@H]2CO)O[C@H]1n1cc(C)c(N)nc1=O,0
CC1(C)CC(C)(C)CC(C)(N)C1,0
CNCc1ccc(-c2cc(-c3nc(-c4ccc(S(=O)(=O)C(C)C)cc4)cnc3N)on2)cc1,0
[133Xe],0
C/C=C(/N)CCC(=O)O,0
CC(C)(NC(=O)c1ccc2c(C3CCCCC3)c3n(c2c1)CCOc1ccccc1-3)C(=O)O,0
CC(C)=CCC/C(C)=C/CO,0
O=C(O)CNC(=O)Cc1c[nH]c2ccccc12,0
O=C(O)C1=C[C@H](O)[C@@H](OS(=O)(=O)O)[C@H](O)O1,0
COc1c2ccoc2c(OC)c2oc(=O)ccc12,1
CCOc1cccc(-c2ccc(NC(=O)/C(C#N)=C(/C)O)cc2)c1,0
CO/C1=C/C(C)=C\[C@@H](C)[C@@H](O)[C@@H](C)C/C(C)=C\C=C/[C@H](OC)C([C@@H](C)[C@@H](O)[C@H](C)[C@@]2(O)C[C@@H](OC(=O)/C=C/C(=O)NC3=C(O)CCC3=O)[C@H](C)[C@@H](C(C)C)O2)OC1=O,0
Cc1cn([C@H]2C[C@H](O)[C@@H](COP(=O)(O)OP(=O)(O)OP(=O)(O)O)O2)c(=O)[nH]c1=O,0
O=c1ccn([C@@H]2O[C@H](COP(=O)(O)OP(=O)(O)Oc3ccccc3)[C@@H](O)[C@H]2O)c(=O)[nH]1,0
O=C1c2c(O)c(=O)ccn2N(C2c3ccccc3SCc3c2ccc(F)c3F)C2COCCN12,0
Clc1nccc(Nc2nnnn2Cc2ccccc2)n1,1
CC[N+](C)(CC)CCSC1=Nc2ccccc2N=C(c2ccc(Sc3ccccc3)cc2)C1,0
O=P(O)(O)OC[C@H]1O[C@H](O)[C@@H](O)[C@@H](O)[C@@H]1O,0
CCCCOP(=O)(OCCCC)OCCCC,1
COc1ccc(C(=O)NC(=S)Nc2nc3ccc(F)cc3s2)cc1,0
CC(C)(C)c1nnc(NS(=O)(=O)c2ccccc2)s1,0
CCN1CCN(c2nc(Nc3ccccc3)n3ncc(C#N)c3n2)CC1,0
C=C(F)C(=O)N1CCN(c2nc(OC[C@@H]3CCCN3C)nc3c2CCN(c2cccc4cccc(Cl)c24)C3)C[C@@H]1CC#N,0
CCCCCCCCOC(=O)c1ccccc1C(=O)OCCCCCCCC,1
Nc1nc2c(ncn2[C@@H]2O[C@H](COP(=O)(O)CP(=O)(O)O)[C@@H](O)[C@H]2O)c(=O)[nH]1,0
COC(=O)N(C)c1c(N)nc(-c2nn(Cc3ccccc3F)c3ncccc23)nc1N,0
O=C(O)CN(CCOCCOCCN(CC(=O)O)CC(=O)O)CC(=O)O,1
O=C(O)Cc1cc(=O)[nH]c(=O)[nH]1,0
C[C@@H]1C[C@H]2O[C@@H]2/C=C\C=C\C(=O)Cc2c(Cl)c(O)cc(O)c2C(=O)O1,0
NC(=O)NO,1
Fc1ccc(NC(=S)Nc2cc(Cl)cc(Cl)c2)cc1,0
COC(=O)N1CCC(CC#Cc2nc(N)c3ncn([C@@H]4O[C@H](C(=O)NC5CC5)[C@@H](O)[C@H]4O)c3n2)CC1,0
CCOc1cc2ncc(C#N)c(Nc3ccc(OCc4cccc(F)c4)c(Cl)c3)c2cc1NC(=O)/C=C/CN(C)C,0
O=C(Cn1ccnc1)C12CC3CC(CC(C3)C1)C2,0
COc1ccc(CC2NCC(O)C2OC(C)=O)cc1,1
CC(CC1CCCCC1)NCCC(c1ccccc1)c1ccccc1,0
Clc1ccccc1CN1CCc2sccc2C1,1
CC[C@H](CO)Nc1ccc2ncc(-c3ccc(C(=O)O)cc3)n2n1,0
Nc1ccn(C2CC(OP(=O)(O)OC[C@H]3O[C@@H](n4cnc5c(=O)[nH]c(N)nc54)C[C@@H]3O)C(CO)O2)c(=O)n1,0
C=CC1=C(C(=O)O)N2C(=O)C(NC(=O)C(=NO)c3csc(N)n3)C2SC1,1
Cn1nnnc1SCC1=C(C(=O)O)N2C(=O)[C@@H](NC(=O)[C@H](O)c3ccccc3)[C@H]2SC1,1
Nc1ncnc2c1ncn2[C@@H]1O[C@H](COP(=O)(O)OP(=O)(O)OC[C@H]2O[C@H](O)[C@H](O)[C@@H]2O)[C@@H](O)[C@H]1O,0
Brc1cc(Br)cc(Br)c1,1
O=[N+]([O-])c1ccc(Oc2c(Cl)cc(Cl)cc2Cl)cc1,1
CCC1OC(=O)C(C)C(OC2CC(C)(OC)C(O)C(C)O2)C(C)C(OC2OC(C)CC(N(C)C)C2O)C(C)(O)CC(C)C(=NOCOCCOC)C(C)C(O)C1(C)O,1
COc1ccc(N)cc1O,0
ClSSCl,0
CC(C)NCC(O)c1ccc(Cl)c(Cl)c1,0
COc1ccc(S(=O)(=O)N(CC(=O)NO)CC(C)C)cc1,0
COc1ccc(-c2oc3c(CC=C(C)C)c(O[C@@H]4O[C@H](CO)[C@@H](O)[C@H](O)[C@H]4O)cc(O)c3c(=O)c2O[C@@H]2O[C@@H](C)[C@H](O)[C@@H](O)[C@H]2O)cc1,0
CN(C)CCOC(=O)CCC1CCCCC1,0
C#Cc1cccc(-c2cc(=O)n(C)c3ccc([C@](O)(c4ccc(Cl)cc4)c4cncn4C)cc23)c1,0
NNC(=O)c1ccc(N)cc1,1
c1ccc(N(CCN2CCCCC2)Cc2ccccn2)cc1,0
CCCC(=O)c1cc(F)ccc1OCC(O)CNC(C)(C)C,0
C[N+](C)(CCCCCC[N+](C)(C)C1c2ccccc2-c2ccccc21)C1c2ccccc2-c2ccccc21,0
Nc1ccn([C@@H]2O[C@H](COP(=O)(O)O)[C@@H](O)[C@H]2O)c(=O)n1,0
CCOC(=O)c1c(S(=O)(=O)N2CCC[C@H](C(=O)Nc3ccc(F)c(C)c3)C2)c(C)n(CC(F)(F)F)c1C,0
CNC(=O)CSP(=S)(OC)OC,1
NNC(=O)c1[nH]c2ccc(S(N)(=O)=O)cc2c1-c1ccccc1,0
NC(=O)c1ncn(C2OC(CO)C(O)C2O)c1O,1
CC(=O)OCC1OC(S)C(OC(C)=O)C(OC(C)=O)C1OC(C)=O,1
Cc1cc(NS(=O)(=O)c2ccc(N=O)cc2)no1,1
CCOC(=O)[C@H]1O[C@@H]1C(=O)N[C@H](C(=O)N[C@H](C(=O)O)[C@@H](C)CC)[C@@H](C)O,0
c1ccc2nc(COc3ccc(-c4[nH]ncc4-c4ccncc4)cc3)ccc2c1,0
CCC=O,1
O=C(CCCN1CCC(C(=O)c2ccc(F)cc2)CC1)c1ccc(F)cc1,1
CN1[C@@H]2C[C@H](OC(=O)[C@H](CO)c3ccccc3)C[C@H]1[C@@H]1O[C@@H]12,0
O=C(O)CP(=O)(O)O,0
O=C(O)C[C@H](NC(=O)Cc1c[nH]c2ccccc12)C(=O)O,0
C=CCCCCCCCCC(=O)N[C@@H](CC(C)C)C(=O)OC,0
CCOc1ccccc1C(N)=O,0
Nc1ccn([C@@H]2O[C@H](COP(=O)(O)OP(=O)(O)OP(=O)(O)O)[C@@H](O)[C@H]2O)c(=O)n1,0
O=C(Nc1ccncc1)C(=O)c1cn(Cc2ccc(Cl)cc2)c2ccccc12,0
CNc1ccc(-c2nc3ccc([18F])cc3s2)cc1,0
O=c1[nH]c(NC[C@H](O)[C@H](O)[C@H](O)CO)c([N+](=O)[O-])c(=O)[nH]1,0
NC(=O)c1cn([C@@H](CO)CCc2cccc3ccccc23)cn1,0
CC1(C)SC2C(NC(=O)COc3ccccc3)C(=O)N2C1C(=O)O,0
O=c1[nH]c(=O)n(C2CC(O)C(CO)O2)cc1C(F)(F)F,0
CC(=O)Oc1ccccc1C1OC(c2cc(-c3ccccc3)nc3c2c(C)nn3-c2ccccc2)=NN1C(C)=O,0
CC(C)NCCCC1(C(N)=O)c2ccccc2-c2ccccc21,0
CNC(=O)c1cc(Oc2ccc(NC(=O)Nc3ccc(Cl)c(C(F)(F)F)c3)cc2)ccn1,1
C=C(C)[C@@H]1CC[C@@]2(C)O[C@H]2C1,0
Clc1ccc(Cl)c(-c2cc(Cl)c(Cl)cc2Cl)c1,1
O=S(=O)(O)c1cc(N=C=S)ccc1C=Cc1ccc(N=C=S)cc1S(=O)(=O)O,1
COc1cc(COP2(=O)OCC3OC(n4c(Br)nc5c(N)ncnc54)C(O)C3O2)c([N+](=O)[O-])cc1OC,1
CC(=O)Nc1ccc(COc2ccc(-c3cc(C4CCN(C(=O)CNC(=O)[C@@H](CC(C)C)N=C(N)N)CC4)n(C)n3)c(Cl)c2Cl)cc1,0
CCc1nn(C2CCCC2)c2c1CCn1c(-c3cccs3)nnc1-2,0
CC[N+]1(CC)CCC(=C(c2ccccc2)c2ccccc2)C1C,0
CCC(CC)Nc1c([N+](=O)[O-])cc(C)c(C)c1[N+](=O)[O-],1
CSC[C@H](NC(=O)CC[C@H](N)C(=O)O)C(=O)NCC(=O)O,0
CS(=O)(=O)c1cccc(-c2cc(N3C[C@H](c4cc(F)c(F)cc4F)[C@@H](N)C3)ncn2)c1,0
CC(C)(C)NC[C@H](O)c1ccc(O)c(CO)c1,0
NC(=O)[C@@H]1CCCN1C(=O)[C@H](Cc1c[nH]cn1)NC(=O)[C@@H]1CCC(=O)N1,0
Nc1cc(F)cc(F)c1,0
O=C(NC(=S)Nc1nc2ccc(F)cc2s1)c1ccccc1Cl,0
O=C(/C=C/c1ccc(O)cc1)c1ccc(O)cc1O,0
CC(=O)[C@]1(O)Cc2c(O)c3c(c(O)c2[C@@H](O[C@H]2C[C@H](N)[C@H](O)[C@H](C)O2)C1)C(=O)c1c(O)cccc1C3=O,0
CNC(=S)NCO,0
COc1ccc(CC(N)C(=O)NC2C(CO)OC(n3cnc4c(N(C)C)ncnc43)C2O)cc1,1
CCCCCCCC/C=C/CCCCCCCC(=O)OC[C@H]1O[C@@H](n2ccc(N)nc2=O)[C@@H](O)[C@@H]1O,0
Oc1ccc(-c2ccc3c(Cl)c(O)ccc3c2)cc1,0
COc1ccc(C)cc1NC(=O)Nc1nc2ccc(Nc3ncnc4cc(OCCCN5CCN(C)CC5)c(OC)cc34)cc2s1,0
O=C(O)C1=C(CSc2nnnn2CS(=O)(=O)O)CSC2C(NC(=O)C(O)c3ccccc3)C(=O)N12,1
CSC[C@H]1CN(Cc2c[nH]c3c(N)ncnc23)C[C@@H]1O,0
O=c1n(CC2CO2)c(=O)n(CC2CO2)n1CC1CO1,1
O=C(O/N=C/c1ccc(O)c(F)c1)C1CCCCC1,0
[He],0
N[C@@H](CNC(=O)c1ccccc1)C(=O)O,0
Fc1ccc(-c2cncc(CNC[C@H]3CCc4ccccc4O3)c2)cc1,0
N=C(N)c1ccc2nc[nH]c2c1,0
OC[C@H]1O[C@@H](Oc2ccc(O)cc2)[C@H](O)[C@@H](O)[C@@H]1O,0
C=C(C)C(=O)OCCOCCOCCOC(=O)C(=C)C,1
O=c1ccc2ccc(F)c3c2n1C[C@H]3CN1CCC(NCc2cc3c(nn2)OCCO3)CC1,0
CC1=C(CCOP(=O)(O)OP(=O)(O)O)S[C@@]2([C@H](C)O)Nc3nc(C)ncc3CN12,0
NS(=O)(=O)c1c(F)cccc1F,0
CC(C)=CCCC(C)(O)C1CCC2(C)C1C(O)CC1C3(C)CCC(O)C(C)(C)C3C(OC3OC(CO)C(O)C(O)C3O)CC12C,1
C[Se]CC[C@H](N)C(=O)O,0
CCCCCCCCCN1C[C@H](O)[C@@H](O)[C@H](O)[C@H]1CO,0
COc1ccccc1OC(=O)Oc1ccccc1OC,0
O=c1[nH]c2ccccc2n1C1CCN(CCCC(c2ccc(F)cc2)c2ccc(F)cc2)CC1,0
Cc1c(C(=O)Nc2ccc(S(C)(=O)=O)cc2)cn(CCO)c1-c1ccccc1C(F)(F)F,0
Nc1nc(NCCCCN2CCN(c3cccc(Cl)c3Cl)CC2)nc(NCCc2c[nH]c3ccccc23)n1,0
O=S(O)S(=O)(=O)O,1
CCNc1nc(Cl)nc(NC(C)(C)C)n1,1
CC(=O)N(CCCCNCCCn1c(=O)[nH]c2ccccc2c1=O)CCCn1c(=O)[nH]c2ccccc2c1=O,0
CCC(C(N)=O)N1CCCC1=O,1
Cc1ccccc1CN1C(=O)C2=C(CCN(Cc3ccccc3)C2)N2CCN=C12,0
O=[N+]([O-])c1ccc(S(=O)(=O)O)c([N+](=O)[O-])c1,1
COC1CC(=C(c2cccs2)c2cccs2)C[N+](C)(C)C1,0
CC(Cl)(Cl)Cl,1
Oc1ccc2c(c1)C13CCCCC1(O)C(C2)N(CC1CCC1)CC3,0
SC[C@@H](Cc1ccccc1)c1nc2ccncc2[nH]1,0
COc1cc([C@@H]2c3cc4c(cc3[C@H](O)[C@H]3COC(=O)[C@H]23)OCO4)cc(OC)c1OC,0
CCOC(=O)C1=C(C)NC(C)=C(C(=O)OC)C1c1cccc(Cl)c1Cl,1
Nc1nccc(-c2c(-c3ccc(F)cc3)ncn2C2CCNCC2)n1,0
N[C@@H](COP(=O)(O)OC[C@H](O)CO)C(=O)O,0
COC(=O)[C@H](c1ccccc1)[C@H]1CCCCN1C(=O)OC[n+]1cccc(C(=O)N[C@@H](CO)C(=O)O)c1,0
NC(=O)c1cc[n+](CC2=C(C(=O)[O-])N3C(=O)[C@@H](NC(=O)Cc4cccs4)[C@H]3SC2)cc1,0
c1ccc2c(c1)ccc1cc3c(ccc4ccccc43)cc12,1
NC(=O)[C@@H](N)Cc1cccc2ccccc12,0
O=C1c2ccccc2C(=O)c2c(O)ccc(O)c21,1
N[C@H](CCc1ccccc1)P(=O)(O)C[C@@H](Cc1ccccc1)C(=O)O,0
CC(C)CC(=O)O,0
Cn1cc(CCO)c2c3c(c(-c4ccccc4Cl)cc21)C(=O)NC3=O,0
O=[N+]([O-])c1ccc(O)c(O)c1,0
N[C@H]1C(O)O[C@H](CO)[C@@H](O)[C@@H]1O,0
CCN[C@H]1CN(CCOC)S(=O)(=O)c2sc(S(N)(=O)=O)cc21,0
COC(=O)[C@]12CCC(C)(C)C[C@H]1[C@H]1C(=O)C=C3[C@@]4(C)C=C(C#N)C(=O)C(C)(C)[C@@H]4CC[C@@]3(C)[C@]1(C)CC2,0
O=C(O)Cc1cccc([N+](=O)[O-])c1,0
COC(=O)[C@H](c1ccccc1)[C@H]1CCCCN1,1
CCC=CCC=CCC=CCC=CC=CC(O)CCCC(=O)O,1
COC(=O)[C@@H](C)c1ccc(-c2ccccc2)c(F)c1,0
CC(C)CCC(O)C(C)C1CCC2C3CC=C4CC(O)CCC4(C)C3CCC12C,1
Nc1ncnc2c1ncn2CCOCP(=O)(O)O,0
CCN(CC)CCOc1ccc(C(=C(Cl)c2ccccc2)c2ccccc2)cc1,1
O=Cc1ccc([N+](=O)[O-])cc1,1
CC1(C)CC=C(c2nc(C3CC(C)(C)OC(C)(C)C3)ccc2NC(=O)c2ncc(C#N)[nH]2)CC1,0
[3H]C1C2=CC(=O)C([3H])C([3H])[C@]2(C)[C@H]2CC[C@]3(C)[C@@H](O)CC[C@H]3[C@@H]2C1[3H],0
Nc1nc2ccccc2c(=O)[nH]1,0
O=C(O)CCC(=O)C1=CC=C[C@@H](O)[C@@H]1C(=O)O,0
CN1CCN(c2cnc3cc(C(F)(F)F)cc(-c4cccc(O)c4)c3n2)CC1,0
O=C(C=Cc1ccc(O)c(O)c1)c1ccc(O)cc1O,1
C=C/C(C)=C/C=C/C(C)=C/C=C1/C(C)=CCCC1(C)C,0
C[C@@H]1C(=O)O[C@H]2[C@H](O)[C@]34[C@@H]5OC(=O)[C@]3(O[C@@H]3OC(=O)[C@H](O)[C@@]34[C@H](C(C)(C)C)[C@H]5O)[C@@]12O,0
C[C@@H]1CCC[C@H](C)N1NC(=O)c1ccc(Cl)c(S(N)(=O)=O)c1,0
C#C[C@]1(O)C=C[C@H]2[C@@H]3CCC4=CC(=O)CC[C@@H]4[C@H]3CC[C@@]21CC,0
COP(=O)(N[C@@H]1O[C@H](CO)[C@@H](O)[C@H](O)[C@H]1O)OC,0
Oc1ccc(-c2cc3cc(O)ccc3o2)cc1,0
C[C@H](N)C(=O)N[C@@H](CCC(N)=O)C(=O)O,0
c1ncc2cn[nH]c2n1,1
Nc1cc(N)c2c(=O)[nH][nH]c(=O)c2c1,0
CC(=O)C(N)=O,0
Nc1ccc(C(=O)Oc2ccccc2)c(O)c1,0
NC(=O)c1ccc[n+](C2OC(COP(=O)([O-])OP(=O)(O)OCC3OC(n4cnc5c(N)ncnc54)C(OP(=O)(O)O)C3O)C(O)C2O)c1,1
CCCCCCCCCc1ccccc1O,1
O=C1C=CC=CC1=O,1
COC[C@@H](c1ccc(C(F)(F)F)cc1)N1CCN(C2(C)CCN(C(=O)c3c(C)ncnc3C)CC2)C[C@@H]1C,0
CC(O)(C(N)=O)c1ccccc1,0
C=C(C)C1CNC(C(=O)O)C1CC(=O)O,1
Cc1ccc2c(c1C)CN(C(=O)N(C)C)C[C@@H]2c1cccc(O)c1,0
Cc1nc(COc2ccc(C[C@H](NC(=O)O[C@H]3CO[C@H]4OCC[C@H]43)[C@H](O)CN(CC(C)C)S(=O)(=O)c3ccc4c(c3)OCO4)cc2)cs1,0
Cc1cccc(C)c1NC(=O)c1cc(S(N)(=O)=O)c(Cl)cc1O,0
O=C(OC1C2OC(=O)c3cc(O)c(O)c(O)c3Oc3cc4c(c(O)c3O)-c3c(cc(O)c(O)c3O)C(=O)OCC3OC(O)C(OC(=O)c5cc(O)c(O)c(O)c5Oc5cc6c(c(O)c5O)-c5c(cc(O)c(O)c5O)C(=O)OC1C(COC6=O)OC2O)C(OC(=O)c1cc(O)c(O)c(O)c1)C3OC4=O)c1cc(O)c(O)c(O)c1,1
N#C[C@H](c1ccnc(NCCc2cccnc2)n1)c1nc2ccccc2s1,0
COC(=O)c1cccc(CCN(C)CCC[C@@](C#N)(c2ccc(OC)c(OC)c2)C(C)C)c1,0
NCC(N)=O,0
CC1CN2c3c(cc4c(N5C(=O)OCC5C)noc4c3F)CC3(C(=O)NC(=O)NC3=O)C2C(C)O1,0
C[C@](O)(COc1ccc([N+](=O)[O-])cc1)[C@@H](O)Nc1ccc(C#N)c(C(F)(F)F)c1,0
c1cc(CN2CCCNCCNCCCNCC2)ccc1CN1CCCNCCNCCCNCC1,0
CCOC(=O)OC(C)OC1=C(C(=O)Nc2ccccn2)N(C)S(=O)(=O)c2ccccc21,0
C=C1C[C@@]23CC[C@H]4[C@@](C)(CCC[C@@]4(C)C(=O)O[C@@H]4O[C@H](CO)[C@@H](O)[C@H](O)[C@H]4O)[C@@H]2CC[C@]1(O[C@@H]1O[C@H](CO)[C@@H](O)[C@H](O[C@@H]2O[C@H](CO)[C@@H](O)[C@H](O)[C@H]2O)[C@H]1O[C@@H]1O[C@H](CO)[C@@H](O)[C@H](O)[C@H]1O)C3,0
CCCCCCCCCCCCO[C@H]1O[C@H](CO)[C@@H](O[C@H]2O[C@H](CO)[C@@H](O)[C@H](O)[C@H]2O)[C@H](O)[C@H]1O,0
Nc1nc2c(c(=O)[nH]1)NC1C(S)=C(S)C(COP(=O)(O)O)OC1N2,0
COC(=O)c1cc(OC)c2c(c1-c1c(CO)cc(OC)c3c1OCO3)OCO2,1
Cc1cccc(C2CN(C)CCc3c2cc(O)c(O)c3Cl)c1,1
O=C(NC1CCNCC1)[C@@H]1CC[C@@H]2CN1C(=O)N2OS(=O)(=O)O,0
CC(C)C(C(=O)OC(C#N)c1cccc(Oc2ccccc2)c1)c1ccc(Cl)cc1,1
COC1=C(OC)C(=O)c2ccccc2C1=O,1
C=CCN(C)CCCCCCOc1ccc2c(-c3ccc(Br)cc3)coc2c1,0
CC(C)CC(NP(=O)(O)OC1OC(C)C(O)C(O)C1O)C(=O)NC(Cc1c[nH]c2ccccc12)C(=O)O,1
O=C(O)C(=O)Cc1ccc(O)cc1,0
CNc1ccc2oc(CC3OC4(CCC3C)OC(C(C)C(=O)c3ccc[nH]3)C(C)CC4C)nc2c1C(=O)O,1
CCCCC[C@H](O)/C=C/[C@H]1[C@H](O)CC(=O)[C@@H]1C/C=C\CCCC(=O)O,0
NS(=O)(=O)c1cc2c(cc1Cl)NC(C(Cl)(Cl)Cl)NS2(=O)=O,0
Oc1cc(O)c2c(c1)O[C@H](c1ccc(O)c(O)c1)[C@H](O)C2,0
CC(C)=CCCC1(C)C=Cc2c(O)c3c(c(CC=C(C)C)c2O1)OC12C(=CC4CC1C(C)(C)OC2(CC=C(C)C(=O)O)C4=O)C3=O,1
CCOC(=O)C12CCC(NCC(=O)N3C[C@@H](F)C[C@H]3C#N)(CC1)CC2,0
CC12CC(c3ccoc3)OC(=O)C1CCC1(C)C2C2C=CC1(O)C(=O)O2,1
CC(C)OP(C)(=O)OC(C)C,0
COC1OC(COS(=O)(=O)O)C(OC2OC(C(=O)O)C(OC3OC(COS(=O)(=O)O)C(OC4OC(C(=O)O)C(OC5OC(COS(=O)(=O)O)C(O)C(O)C5NS(=O)(=O)O)C(O)C4O)C(OS(=O)(=O)O)C3NS(=O)(=O)O)C(O)C2OS(=O)(=O)O)C(O)C1NS(=O)(=O)O,1
CC(=O)C(C)=NO,1
CC/C=C\C/C=C\C/C=C\C/C=C\C=C\[C@H](O)CCCC(=O)O,0
CC1=C[C@H](O)CC(C)(C)[C@H]1/C=C/C(C)=C/C=C/C(C)=C/C=C/C=C(C)/C=C/C=C(C)/C=C/C1=C(C)C[C@@H](O)CC1(C)C,0
N=C([S-])c1ccc[n+]([C@@H]2O[C@H](COP(=O)(O)OP(=O)(O)OC[C@H]3O[C@@H](n4cnc5c(N)ncnc54)[C@H](O)[C@@H]3O)[C@@H](O)[C@H]2O)c1,0
CC[C@H](CO)NC(=O)Cc1c(C)n(C(=O)c2ccc(Cl)cc2)c2ccc(OC)cc12,0
CCCCCCC(C)(C)c1cc(O)c2c(c1)OC(C)(C)[C@@H]1CCC(=O)C[C@@H]21,0
O=C(O)C[C@@H]1CC[C@H](NC(=O)Cc2cccs2)B(O)O1,0
NC(=O)c1ccc(Nc2nc(N)c(N=O)c(OCC3CCCCC3)n2)cc1,0
CN1CCC(C(=O)c2cccc(NC(=O)c3c(F)cc(F)cc3F)n2)CC1,0
CC(C)c1ccc(N)cc1,0
COc1cc(O)c2c(=O)cc(-c3ccc(O)c(O)c3)oc2c1,1
CC12CCC(=O)C=C1CCC1C2C(O)CC2(C)C(C(=O)CO)CCC12,1
CCN(CC)Cc1nccn1-c1ccc([N+](=O)[O-])cc1C(=O)c1ccccc1Cl,0
O=P(O)(O)OCC(Cl)(Cl)Cl,0
O=[N+]([O-])c1c(Cl)cccc1-c1c[nH]cc1Cl,0
COc1ccc(Oc2cccc3nc(N)nc(N)c23)cc1,0
O=S(=O)(O)OOS(=O)(=O)O,1
Oc1ccc2ccccc2c1N=Nc1ccccc1,1
OCCO,1
Cn1c(N)c(NC(=O)NCCN)c[n+]1CC1=C(C(=O)O)N2C(=O)[C@@H](NC(=O)/C(=N\OC(C)(C)C(=O)O)c3nsc(N)n3)[C@H]2SC1,0
Cc1ccc2cc3c(ccc4ccccc43)c3c2c1CC3,1
Nc1cncc(-c2cn3ccnc3c(Nc3ccc(N4CCN(C5COC5)CC4)cc3)n2)n1,0
CC[C@]1(c2ccccc2)OC[C@H]([C@@H]2CCCCN2)O1,0
Cc1ccc(S(=O)(=O)/N=C2/NC(=O)/C(=C/c3ccc(C)o3)S2)cc1,0
COc1cc2nc(N(C)CCCNC(=O)C3CCCO3)nc(N)c2cc1OC,1
c1ccc2c(CCc3ccncc3)c[nH]c2c1,0
C#C[C@]1(O)CC[C@H]2[C@@H]3CCC4=CC(=O)CC[C@@H]4[C@H]3CC[C@@]21C,0
CC(C)N(Cc1ccccc1)C(=O)CN1C(=O)[C@@H](Cc2c[nH]c3ccccc23)c2nnc(-c3ccccc3)n2-c2ccccc21,0
Nc1nc(N)c2nc(CNc3ccc(C(=O)N[C@@H](CCCNC(=O)c4ccccc4C(=O)O)C(=O)O)cc3)cnc2n1,0
NC(=O)N1c2ccccc2CC(=O)c2ccccc21,1
CC(C)C(C)C(O)C(O)C(C)C1CCC2C3COC(=O)C4CC(O)C(O)CC4(C)C3CCC12C,1
Nc1nc2c(CCc3ccccc3)c3nc[nH]c3cc2c(=O)[nH]1,0
C[C@@H](O)[C@H](N)c1nccs1,0
CC12C=CC(C(=O)O[C@H]3CC[C@H]4[C@@H]5CCC6=CC(=O)CC[C@@H]6[C@H]5CC[C@]34C)(CC1)CC2,0
CN(Cc1ccccc1)C(=O)[C@@H](NC(=O)c1cc2cc(NC(=O)c3ccccc3-c3ccc(C(F)(F)F)cc3)ccc2n1C)c1ccccc1,0
C=C1C(=CC=C2CCCC3(C)C2CCC3C(C)CCCC(C)C)CC(O)CC1O,1
O=C(NCCO)c1ccc(Cl)cc1,0
N=C(N)c1ccc(CC(=O)C(=O)O)cc1,0
COc1cc(C(=O)OCCN2CCN(CCCN3c4ccccc4Sc4ccc(Cl)cc43)CC2)cc(OC)c1OC,0
CS(=O)(=O)c1cccc(Nc2nccc(Nc3c(Cl)ccc4c3OCO4)n2)c1,0
O=C(O)CCCC=CCC=CCC=CCC=CCCCCCO,1
c1c2c(cc3c1OCO3)-c1cc3ccc4c(c3c[n+]1CC2)OCO4,1
CCc1c(C(=O)C(N)=O)c2c(OCC(=O)OC)cccc2n1Cc1ccccc1,0
CO[C@@H]1[C@H](OC(=O)N[C@@H](C(N)=O)C(C)C)CC[C@]2(CO2)[C@H]1[C@@]1(C)O[C@@H]1CC=C(C)C,0
NC(C(=O)NC1C(=O)N2C(C(=O)O)=C(Cl)CCC12)c1ccccc1,1
CC(C)Oc1ccc2c(=O)c3cc(C(=O)O)ccc3oc2c1,1
C/C(=C(/OCCOc1ccc(Cl)cc1)c1ccc(Cl)cc1Cl)n1ccnc1,0
COc1ccc(-c2ccc(S(=O)(=O)N[C@@H](C(C)C)P(=O)(O)O)cc2)cc1,0
O=C(O)CCCNC(=O)c1ccc([C@H]2CC[C@H](c3ccccc3)C[C@@H]2O)cc1,0
CC12C=CC(=O)C=C1CCC1C2C(O)CC2(C)C1CCC2(O)C(=O)CO,1
OC[C@H]1O[C@@H](S[C@@H]2O[C@H](CO)[C@H](O)[C@H](n3cc(-c4cccc(F)c4)nn3)[C@H]2O)[C@H](O)[C@@H](n2cc(-c3cccc(F)c3)nn2)[C@H]1O,0
Cc1nc(N)nc(N)c1-c1ccc(Cl)c(Cl)c1,0
Cc1ccc2c(c1)c1c(n2CCc2ccc(C)nc2)CCN(C)C1,0
CC(C)c1ccc(C(=O)N=C(N)N)cc1S(C)(=O)=O,0
Cc1oc(=O)oc1CN1CCN(c2cc3c(cc2F)c(=O)c(C(=O)O)c2n3C(C)S2)CC1,1
O=c1ccn([C@@H]2O[C@H](CO)[C@@H](OP(=O)(O)O)[C@H]2O)c(=O)[nH]1,0
CCN(CC)Cc1ccc(OCC[C@H]2CC[C@H]3[C@@H]4[C@H](C)Cc5cc(O)ccc5[C@H]4CC[C@]23C)c(OC)c1,0
CNNC,1
N#Cc1ccccc1Cn1c(N2CCC[C@@H](N)C2)nc2ccccc2c1=O,0
CC1=C(CC(=O)O)c2cc(F)ccc2/C1=C\c1ccc(S(C)(=O)=O)cc1,0
CN1CCC(N(Cc2ccccc2)c2ccccc2)CC1,0
N=C(N)c1ccc(C[C@@H]2CCCC[C@@H](Cc3ccc(C(=N)N)cc3)C2=O)cc1,0
CC(C)NC[C@H](O)COc1cccc2[nH]c3ccccc3c12,0
O=C(O)CCC(=O)c1ccc(-c2ccccc2)cc1,1
NC(=NC[C@H](N)C(=O)O)NO,0
O=C1N(Cc2ccccc2)[C@H](COc2ccccc2)[C@H](O)[C@@H](O)[C@@H](COc2ccccc2)N1Cc1ccccc1,0
C[C@]12CC[C@@H](O)C[C@@H]1CC[C@@H]1[C@@H]2CC[C@]2(C)[C@@H](O)CC[C@@H]12,0
CC(C)S(=O)(=O)NC[C@H](C)c1ccc(-c2ccc(CCNS(C)(=O)=O)cc2)cc1,0
Nc1nc(-c2ccccc2)cc(-c2cn(-c3ccccc3)nc2-c2ccc(OCc3ccccc3)cc2)n1,1
CC(C)(C)N=C(NC#N)Nc1cccc(/C(=C\CCCC(=O)O)c2cccnc2)c1,0
c1ccc2c(CCC3CCNCC3)c[nH]c2c1,1
Cc1cccc(-n2cnc3cc(N)ccc32)c1,0
COc1cc(N)c(Cl)cc1C(=O)N[C@@H]1CCN(CCCOc2ccc(F)cc2)C[C@@H]1OC,0
CCCCCCCCCCCCCCCCCCOP(=O)([O-])OC1CC[N+](C)(C)CC1,0
Cc1cc(NS(=O)(=O)c2ccc(N)cc2)nc(C)n1,1
CN1[C@@H]2CC[C@H]1CC(OC1c3ccccc3CCc3ccccc31)C2,0
CO[C@H]1C[C@H](O[C@H]2CC[C@]3(C=O)[C@H]4CC[C@]5(C)[C@@H](C6=CC(=O)OC6)CC[C@]5(O)[C@@H]4CC[C@]3(O)C2)O[C@H](C)[C@H]1O,0
Nc1nc(NCCc2ccc(O)cc2)nc2nc(-c3ccco3)nn12,0
CCc1cc2c(s1)N(C)C(=O)CN=C2c1ccccc1Cl,1
O=C(NCCS(=O)(=O)O)c1cccs1,0
C/C1=C2/N=C(/C=C3\N=C(/C(C)=C4\N[C@@](C)([C@@H]5N=C1[C@](C)(CCC(=O)NC[C@@H](C)OP(=O)(O)O[C@H]1[C@@H](O)[C@@H](n6cnc7cc(C)c(C)cc76)O[C@@H]1CO)[C@H]5CC(N)=O)[C@@](C)(CC(N)=O)[C@@H]4CCC(N)=O)[C@@](C)(CC(N)=O)[C@@H]3CCC(N)=O)C(C)(C)[C@@H]2CCC(N)=O,0
COc1ccc(CC2OC(=O)NC2=O)cc1C(=O)NCc1ccc(C(F)(F)F)cc1,0
Cl[Pb]Cl,1
C[C@H](CC(=O)O)[C@H](N)C(=O)O,0
CC(C)Nc1nc2cc(Cl)c(Cl)cc2n1C1OC(CO)C(O)C1O,0
c1ccsc1,1
Nc1nccc(-c2c3c(=O)cc[nH]c3n3c(N)nccc23)n1,0
C#CC(OC(N)=O)c1ccccc1,0
CC(C)(C)C(O)/C=C/c1ccc2c(c1)OCO2,0
C1=C(c2ccccc2)C(c2ccc(OCCN3CCCCC3)cc2)Oc2ccccc21,1
CN(C)CCCNc1c2ccccc2nc2cccc([N+](=O)[O-])c12,0
CCN(CC)C(=O)CC(C)C,0
Nc1ccn([C@@H]2O[C@H](COP(=O)(O)OP(=O)(O)O)[C@@H](O)[C@H]2O)c(=O)n1,0
NC(=O)c1cc(N(CCCl)CCCl)c([N+](=O)[O-])cc1[N+](=O)[O-],0
C[C@H](NP(=O)(OC[C@H]1O[C@@H](n2cc(F)c(=O)[nH]c2=O)C[C@@H]1O)Oc1cccc2ccccc12)C(=O)OCc1ccccc1,0
C#C[C@]1(O)CC[C@H]2[C@@H]3CCC4=CC(=NO)CC[C@@H]4[C@H]3CC[C@@]21CC,0
COc1cc2cc3c4cc(OC)c(OC)cc4cc[n+]3c(C)c2cc1OC,1
Cc1nc2c([nH]1)c(=O)n(C)c(=O)n2Cc1ccco1,1
Cc1cc(C(C)(C)C)c(O)c(C(C)(C)C)c1,1
CC(C)(O/N=C(\C(=O)N[C@@H]1C(=O)N2C(C(=O)[O-])=C(C[N+]3(CCNC(=O)c4ccc(O)c(O)c4Cl)CCCC3)CS[C@H]12)c1csc(N)n1)C(=O)O,0
NCc1ccc(-c2cccs2)s1,0
CCCCCC=CCC=CCC1OC1CC=CCCCC(=O)O,1
[As],1
Cc1cc(/C=C/c2ccc3cc(N(C)C)ccc3[n+]2C)c(C)n1-c1ccccc1,0
CC1=C(/C=C/C(C)=C/C=C/C(C)=C/C(=O)Nc2ccc(O)cc2)C(C)(C)CCC1,0
CCNC(=O)N1CCN(CCCC(c2ccc(F)cc2)c2ccc(F)cc2)CC1,0
O=C1NC(=O)C(=O)C(=O)N1,1
NC(=O)c1ccc[n+]([C@@H]2O[C@@H](COP(=O)(O)O)[C@H](O)[C@H]2O)c1,0
O=C(NC(=O)c1ccccc1Cl)Nc1ccc(OC(F)(F)F)cc1,1
CCc1nc2c(C)cc(N3CCN(CC(=O)N4CC(O)C4)CC3)cn2c1N(C)c1nc(-c2ccc(F)cc2)c(C#N)s1,0
CCC(C)(C)c1ccc(O)cc1,1
[U],1
O=C1C=CC(=O)c2ccccc21,1
CCn1c(Nc2ccccc2Cl)nc2cnc(Nc3c(F)cccc3F)nc21,0
O=C(CSc1nc(C(F)(F)F)cc(=O)[nH]1)N1CCCCC1,0
Cc1oc(=O)oc1COC(=O)C1=C([C@H]2CCCO2)S[C@@H]2[C@@H]([C@@H](C)O)C(=O)N12,0
O=C(COP(=O)(O)O)[C@@H](O)[C@H](O)[C@H](O)COP(=O)(O)O,0
N[C@@H](CCC(=O)O)C(=O)N[C@@H](Cc1c[nH]c2ccccc12)C(=O)O,0
Nc1ncnc2c1ncn2[C@@H]1O[C@H](C[C@@H](N)CC[C@H](N)C(=O)O)[C@@H](O)[C@H]1O,0
CCOC(COc1ccc(C(F)(F)F)cc1)CSc1ccc(OCC(=O)O)c(C)c1,0
O=C(O)C(=O)Nc1sc2c(c1C(=O)O)CCSC2,0
CCCc1nc2c(C)cc(-c3nc4ccccc4n3C)cc2n1Cc1ccc(-c2ccccc2C(=O)O)cc1,1
O=c1c(-c2ccc(O)cc2)coc2c([C@@H]3O[C@H](CO)[C@@H](O)[C@H](O)[C@H]3O)c(O)ccc12,0
COc1ccc(S(=O)(=O)N2CN(Cc3ccccc3)C(=O)C[C@@H]2C(=O)NO)cc1,0
COc1cc(CCc2cc(NC(=O)c3ccc(N4C[C@@H](C)N[C@@H](C)C4)cc3)n[nH]2)cc(OC)c1,0
Nc1nc2ncc(COP(=O)(O)OP(=O)(O)O)nc2c(=O)[nH]1,0
CC(C)[C@@H](NC(=O)c1ccc(C(=O)N2CCOCC2)cc1)C(=O)N1CCC[C@@H]1C(=O)N[C@@H](C(=O)C(F)(F)C(F)(F)F)C(C)C,0
C=C1C(=O)[C@@]23[C@@H]4OC(c5ccc(Cl)cc5)O[C@@]25OC[C@@]2([C@H]([C@@H]5O)C(C)(C)CC[C@@H]2O)[C@@H]3CC[C@@H]14,0
CC(C)N(CCc1c[nH]c2ccccc12)C(C)C,1
NC(=O)[C@H](Cc1ccc(C(F)(F)P(=O)(O)O)cc1)NC(=O)[C@H](Cc1ccc(C(F)(F)P(=O)(O)O)cc1)NC(=O)[C@H](CCC(=O)O)NC(=O)c1ccccc1,0
O=c1[nH]c2ccccc2n1CCN1CCN(c2cccc(C(F)(F)F)c2)CC1,0
CSc1nc(NCCC(C)C)c2ncn([C@@H]3O[C@H](COP(=O)(O)O)[C@@H](O)[C@H]3O)c2n1,0
C=CCn1nc(-c2ccc(O)cc2O)c2cccc(C(F)(F)F)c21,0
C[C@H](NC(=O)CCCP(=O)(O)Oc1ccc([N+](=O)[O-])cc1)C(=O)O,0
COc1cc(C(=O)OCCCCN=C(N)N)cc(OC)c1O,1
CCN(CC)CCOc1cccc(OCCN(CC)CC)c1OCCN(CC)CC,0
COc1ccc(C(=O)Nc2ccc(O)c3ncccc23)cc1OC1CCCC1,0
CCCCN(CCCC)C(=O)CN1C[C@H](c2ccc3c(c2)OCO3)[C@@H](C(=O)O)[C@@H]1c1ccc(OC)cc1,0
Cc1ccc(S(=O)(=O)NC(=O)N[C@H]2[C@H]3CC[C@@](C)([C@H]2O)C3(C)C)cc1,0
O=C(O)[C@H]1C/C(=C2/CCN(c3ccccc3)C2=O)c2ccc(Cl)cc2N1,0
NCCCNCCCCNCCCNC(=O)Cc1cccc2ccccc12,1
O=C(NC(=O)c1cc(F)c(F)cc1Cl)Nc1cc(F)ccc1N1CCC(C(=O)O)CC1,0
O=C1Nc2ccc(Cl)cc2C(C#CC2CC2)(C(F)(F)F)O1,1
CC(C)S(=O)(=O)NCCCn1c2c(c3ccccc31)C(=O)CN1CCCC[C@@H]21,0
CC(=O)Nc1c(I)c(C(=O)N[C@H]2C(O)O[C@H](CO)[C@@H](O)[C@@H]2O)c(I)c(N(C)C(C)=O)c1I,0
CO[C@@H]1[C@H](OP(=O)(OC[C@H]2O[C@@H](n3cnc4c(N)ncnc43)C[C@@H]2O)SCOC(=O)OC(C)C)[C@@H](CO)O[C@H]1n1ccc(=O)[nH]c1=O,0
CC#CCOc1ccc(S(=O)(=O)N2CCSC(C)(C)[C@@H]2C(=O)NO)cc1,0
CC1(C)[C@H](C=C(Cl)Cl)[C@H]1C(=O)OCc1c(F)c(F)cc(F)c1F,0
Nc1nc2c(ncn2[C@@H]2O[C@H](COP(=O)(O)O)[C@@H](O)[C@H]2O)c(=O)[nH]1,0
Cn1ccc2ccccc21,1
CC(C)[C@H](C(=O)Nc1ccc(C(=O)NO)cc1)c1ccccc1,0
O=C1OC2C3COC(=O)c4cc(O)c(O)c(O)c4-c4c(cc(O)c(O)c4O)C(=O)OC2C(OC(=O)c2cc(O)c(O)c4c2C2C1=CC(=O)C(O)(O4)C2(O)O)C(OC(=O)c1cc(O)c(O)c(O)c1)O3,1
COc1cc2c(cc1OC)C13CCN4CC5=CCOC6CC(=O)N2C1C6C5CC43,1
CC[C@@](C)(N)C(=O)O,0
CC(=O)OCC(=O)C1(O)CCC2C3CCC4=CC(=O)CCC4(C)C3C(O)CC21C,0
COc1cc(OC)c(/C=C/S(=O)(=O)Cc2ccc(OC)c(NCC(=O)O)c2)c(OC)c1,0
CC(=O)Nc1c(I)c(C(=O)O)c(I)c(N(C)C(C)=O)c1I,0
NC(=O)Oc1ccc(Cc2ccccc2)cc1,0
O=C1N[C@@H](Cc2ccc(O)cc2)C(=O)N2CCC[C@@H]12,0
CN1CCc2nc(C(=O)N[C@@H]3C[C@@H](C(=O)N(C)C)CC[C@@H]3NC(=O)C(=O)Nc3ccc(Cl)cn3)sc2C1,0
COC(=O)C(N)CC(C)C,1
CNc1cccc(NC(=O)N[C@@H]2N=C(c3ccccn3)c3ccccc3N(CC(=O)C(C)(C)C)C2=O)c1,0
CN(C)c1ccc(-c2c(N)ncnc2C#Cc2ccc(N3CCOCC3)nc2)cc1,0
C=CCNc1ccccc1,0
NC(=O)c1cncc([C@@H]2O[C@H](COP(=O)(O)OP(=O)(O)OC[C@H]3O[C@@H](n4cnc5c(N)ncnc54)[C@H](O)[C@@H]3O)[C@@H](O)[C@H]2O)c1,0
CN(CC(=O)Nc1nc2ccc(OC(F)(F)F)cc2s1)C(=O)CNC(=O)CN,0
CCC(O)c1ccccc1,0
CC(=O)Oc1cc2c(cc1Cl)C1(OC(=O)c3ccccc31)c1cc(Cl)c(OC(C)=O)cc1O2,1
[Nb],0
O=C(CNS(=O)(=O)c1ccccc1C(=O)NCCc1ccccc1)Nc1ccc(O)cc1,1
COc1nc(C)cnc1NS(=O)(=O)c1cccnc1-c1ccc(-c2nnco2)cc1,0
Cc1ccc(N(CC2=NCCN2)c2cccc(O)c2)cc1,0
NC(COC(=O)NCCCN1CCN(CCCNC(=O)c2cc(OC3OC(CO)C(O)C(O)C3O)cc([N+](=O)[O-])c2)CC1)COC(=O)NCCCN1CCN(CCCNC(=O)c2cc(O[C@H]3O[C@H](CO)[C@H](O)[C@H](O)[C@H]3O)cc([N+](=O)[O-])c2)CC1,0
Nc1ccc2c(=O)[nH][nH]c(=O)c2c1,0
OCCOCCN1CCN(C2=Nc3ccccc3Sc3ccccc32)CC1,1
O=C1c2ccc(O)c(O)c2C(=O)c2c(O)ccc(O)c21,0
CC=Cc1ccc(OC)cc1,1
Nc1c2c(nc3ccccc13)CCC(C(=O)NCCCc1ccccc1)C2,1
COc1cc(COC(=O)CCCCCCC(C)C)ccc1O,0
CN=C(NC)NCc1ccc(OC)cc1,0
CCNC(C)Cc1ccccc1,0
COc1cc2c(cc1OC)C(Cc1ccc(O)c(Oc3ccc(CC4c5cc(OC)c(OC)cc5CCN4C)cc3)c1)NCC2,1
O=C(O)C1=NCCC1,0
NC(=O)C(CCCCNC(=O)CSCC(N)C(=O)O)NC(=O)COCCOCCNC(=O)CCC(NC(=O)CCC(NC(=O)COCCOCCNC(=O)CCCS(=O)(=O)NC(=O)CCCCCCCCCCCCCCCc1nn[nH]n1)C(=O)O)C(=O)O,0
Cc1ccc(N)cc1C,0
CCCCCCCCCCCCOC1O[C@H](CO)[C@@H](O)[C@H](O)[C@H]1O,0
O=C(O)c1ccccc1O[P+](=O)[O-],0
OC1(CN2CCC(COc3noc4cccc(O[C@@H]5CCOC5)c34)CC2)CCOCC1,0
CN1CC[C@]2(C)C[C@@H](Cc3ccc(O)cc32)C1,0
Nc1ccc(N=Nc2ccccc2)c(N)n1,1
CCOC(=O)c1c[nH]c2cc(OCC(C)C)c(OCC(C)C)cc2c1=O,0
CC(=O)ONC(=O)c1ccccc1O,0
C[C@]12CCC(=O)C=C1CC[C@@H]1[C@@H]2C(=O)C[C@@]2(C)[C@H]1CC[C@]2(O)C(=O)CO,1
C[N+](C)([O-])CCNc1ccc(NCC[N+](C)(C)[O-])c2c1C(=O)c1c(O)ccc(O)c1C2=O,0
CC(C)(C)c1cc2nc3ccccc3nc2s1,1
O=C(NCO)NCO,0
[Ni],1
CNC(C)CCC=C(C)C,0
O=C[C@H](O)[C@H](O)COP(=O)(O)O,0
CC(N)(Cc1ccc(O)cc1)C(=O)O,0
COc1cc2oc(-c3ccc(OC4OC(CO)C(O)C(O)C4O)cc3)cc(=O)c2c(O)c1OC,1
Cc1ncc(COP(=O)(O)O)c(CN[C@H](CCC(=O)O)C(=O)O)c1O,0
O=c1[nH]c(=O)n([C@H]2C[C@H](O)[C@@H](CO)O2)cc1Br,0
c1ccc2c(c1)cc1ccc3cccc4c5ccccc5c2c1c34,1
CN(C)CCC=C1c2ccccc2CCc2ccccc21,1
CC1CCC2C(C)C3CCC4C(CC5C4CC(=O)C4CC(O)CCC45C)C3CN2C1,1
CC1OC(OC2C(OC(=O)C34CCC(C)(C)CC3C3=CCC5C6(C)CC(O)C(OC7OC(CO)C(O)C(O)C7O)C(CO)(CO)C6CCC5(C)C3(C)CC4O)OCC(O)C2O)C(O)C(O)C1OC1OCC(O)C(OC2OCC(O)(CO)C2O)C1O,1
CCCOc1ccc(-c2cc(C(C(=O)OCCOCCO)n3cc4nc(-c5cccc(F)c5F)nc-4cn3)on2)c(C(F)(F)F)c1,1
C=CCN1Cc2ccccc2-c2ccccc2C1,0
CC(C(=O)O)c1cccc(Oc2ccccc2)c1,1
O=C1CC(c2ccc(O)cc2)Oc2cc(O)cc(O)c21,1
CC=C1NC(=O)C2CSSCCC=CC(CC(=O)NC(C(C)C)C(=O)N2)OC(=O)C(C(C)C)NC1=O,0
CC12CCC3C(CCC4(O)CC(O)CCC34C=O)C1(O)CCC2C1=CC(=O)OC1,1
C=C(c1ccc(C(=O)O)cc1)c1cc2c(cc1C)C(C)(C)CCC2(C)C,1
C=C1C[C@H]2[C@@H]3CCC4=CC(=O)CC[C@@H]4[C@H]3CC[C@]2(C)[C@@]1(OC(C)=O)C(C)=O,0
N[C@@H](Cc1cccc(O)c1)C(=O)O,0
O=S(=O)(NCCNCCOCc1ccc(Cl)cc1)c1cccc2cnccc12,0
COc1ccc(O)cc1NC(=O)NC(=O)c1ccc(F)cc1Cl,0
NCCc1c[nH]c2ccc(Br)cc12,1
CO[C@H]1O[C@H](CO)[C@@H](O)[C@H](O[C@H]2O[C@H](CO)[C@@H](O)[C@H](O)[C@@H]2O)[C@@H]1O,0
C[C@]12CC[C@H]3[C@@H](CCC4=C[C@@H](O)CC[C@@H]43)[C@@H]1CC[C@@H]2O,0
COc1cc(C[C@H](C)[C@H](C)Cc2ccc3c(c2)OCO3)ccc1O,0
Cc1c(COC(=O)[C@@H]2[C@H](/C=C(\Cl)C(F)(F)F)C2(C)C)cccc1-c1ccccc1,0
O=C(O)CCc1cc(I)c(Oc2ccc(O)c(I)c2)c(I)c1,0
[Kr],0
C=CC=N[C@@H]1CCc2c(O)cccc21,0
CC(C)[C@@H](C)/C=C/[C@@H](C)[C@H]1CC[C@H]2C3=CC=C4C[C@@H](O)CC[C@]4(C)[C@H]3CC[C@]12C,0
O=C1CN=C(c2ccccn2)c2cc(Br)ccc2N1,0
O=C(OC1C(Oc2ccccc2COC(=O)C2(O)C=CCCC2=O)OC(CO)C(O)C1O)c1ccccc1,1
Nc1c(Br)cc(Br)c2c1C(=O)c1ccccc1C2=O,1
CC(=O)N[C@@H](Cc1ccc(OP(=O)(O)O)c(C=O)c1)C(=O)N[C@H]1CCCCN(Cc2ccc(-c3ccccc3)cc2)C1=O,0
C[SeH],1
COn1cc(C(=O)O)c(=O)c2cc3c(cc21)OCO3,0
Cc1cc2nc3c(=O)[nH]c(=O)nc-3n(CC(O)C(O)C(O)CO)c2cc1C,1
c1ccc(-p2c(-c3ccccn3)c3c(c2-c2ccccn2)CCCC3)cc1,0
CC(=O)N[C@H]1[C@@H](Oc2ccc3c(C)cc(=O)oc3c2)O[C@H](CO)[C@@H](O[C@@H]2O[C@H](CO)[C@@H](O[C@@H]3O[C@H](CO)[C@@H](O)[C@H](O)[C@H]3NC(C)=O)[C@H](O)[C@H]2NC(C)=O)[C@@H]1O,0
CN(CCN1CCC(OC(=O)Nc2ccccc2-c2ccccc2)CC1)C(=O)c1ccc(CN2CCC(C(N)=O)CC2)cc1,0
N=C(N)SCCc1cccc(CCSC(=N)N)c1,0
CC(C)(C)c1ccc(S(=O)(=O)Nc2ccc(Cl)cc2C(=O)c2cc[n+]([O-])cc2)cc1,0
COc1ccc([C@H]2c3ccc(O)cc3OC[C@H]2c2ccc(O)cc2)cc1,0
CC(=O)O[C@H]1CC[C@H]2[C@@H]3CC[C@H]4CC(=O)CC[C@]4(C)[C@H]3CC[C@]12C,0
CC1(O)CCC(C(C)(C)O)CC1,0
C=C[C@@H]1C(C)=C2/C=C3\NC(=C(C)[C@@H]3C(=C)O)/C=c3\[nH]/c(c(CCC(=O)O)c3C)=C\c3[nH]c(c(C)c3CCC(=O)O)/C=C/1N2,0
CC(C)N1CCC(N2CCCN(c3cccc(C(=O)Nc4ccncc4)n3)CC2)CC1,0
CN1CCN(CCCN2c3ccccc3Sc3ccc(Cl)cc32)CC1,1
CC(C)C[C@@]1(C(=O)O)C[C@H](C(=O)O)[C@H](c2nccs2)N1C(=O)c1ccc(C(C)(C)C)cc1,0
Oc1ccc(I)cc1,0
CC1CS(=O)(=O)CCN1/N=C/c1ccc([N+](=O)[O-])o1,0
COc1ccc(F)cc1C(=O)NCc1ccc(-c2nn(C(C)C(F)(F)F)c(N)c2C(N)=O)cc1,0
N#Cc1ccc2c(c1)N(CCCN1CCC(O)CC1)c1ccccc1S2,0
O=C[C@H](O)CO,0
C[C@@]1(O)[C@H](O)[C@@H](CO)O[C@H]1n1ccc(N)nc1=O,0
Cc1cc(N2CCCS2(=O)=O)c2oc(-c3ccc(O)c(O)c3)c(O)c(=O)c2c1,0
C[C@@H](Oc1cc(C(=O)Nc2ccc(C(=O)N3CCN(C)CC3)cc2)nnc1N)c1c(Cl)ccc(F)c1Cl,0
NC(=O)c1ccccc1O,0
C[C@@H]1[C@H](O)[C@@H](C)/C=C/C=C/CC/C=C/C=C/C=C/C=C/C(O[C@H]2O[C@H](C)[C@@H](O)[C@H](N)[C@@H]2O)CC2O[C@](O)(CC(O)C(O)CCC(O)CC(O)CC(O)CC(=O)O[C@H]1C)CC(O)C2C(=O)O,0
COC1=CC(=O)c2c(c(COc3ccc([N+](=O)[O-])cc3)c(C)n2C)C1=O,0
CC(C)C[C@H](NC(=O)c1cc2ccccc2o1)C(=O)N[C@H]1CCCN(S(=O)(=O)c2ccccn2)CC1=O,0
CC(C)c1nc(CN(C)C(=O)NC(C(=O)NC(Cc2ccccc2)CC(O)C(Cc2ccccc2)NC(=O)OCc2cncs2)C(C)C)cs1,1
O=C(O)c1ccc([C@H]2C[C@@H](NC(=O)C3(c4ccc5c(c4)OC(F)(F)O5)CC3)c3ccc(OC(F)F)cc3O2)cc1,0
O=C(O)CNC(=O)CCCP(=O)(O)Oc1ccc([N+](=O)[O-])cc1,0
C=CC(C)(C)c1cc2cc3c(cc2oc1=O)O[C@H](C(C)(C)O)C3,0
CCc1c(C)c2cc3c(CC)c(C)c(cc4nc(cc5nc(cc1[nH]2)C(C)=C5CCC(=O)O)C(CCC(=O)O)=C4C)n3C,0
COc1ccc(-n2nc(C(N)=O)c3c2C(=O)N(c2ccc(N4CCCCC4=O)cc2)CC3)cc1,1
Cc1nc([N+](=O)[O-])cn1-c1ccc([N+](=O)[O-])cc1,1
COc1cc(/C=C/c2ccc(Nc3c4c(nc5ccccc35)CCCC4)cc2)cc(OC)c1,1
OCCN1CC(O)C(O)C(O)C1CO,0
CCCCC(=O)O[C@]1(C(=O)CO)[C@@H](C)C[C@H]2[C@@H]3CCC4=CC(=O)C=C[C@]4(C)[C@@]3(F)[C@@H](O)C[C@@]21C,0
CCCCCCCCCCCCCCCOC(=O)CCCCCCC,0
O=P(O)(O)C(O)(Cc1cccc(-c2ccc(-c3ccccc3)cc2)c1)P(=O)(O)O,0
COC[C@H]1O[C@@H](OC2OC[C@@H]3O[C@]4(O[C@H]3[C@H]2OC(=O)C(C)C)O[C@H](C)[C@@](O)(C(C)=O)[C@@H]2OCO[C@H]24)[C@@H](OC)[C@@H](O)[C@@H]1O[C@@H]1O[C@H](C)[C@H](OC)[C@H](O[C@H]2C[C@@]3(C)OC4(C[C@@H](O)[C@H](O[C@H]5C[C@@H](O)[C@H](OC(=O)c6c(C)c(Cl)c(O)c(Cl)c6OC)[C@@H](C)O5)[C@@H](C)O4)O[C@@H]3[C@@H](C)O2)[C@H]1O,0
Cc1c(OC(=O)c2ccc(N)cc2)c(O)c2ccccc2c1O,0
CC[C@H]1C[C@H](C)[C@@]2(NC1=O)O[C@@H](C[C@H](O)[C@@H](C)CC/C=C/C=C(\C)[C@@H]1C/C=C/C=C/[C@H](O)[C@H](C)[C@@H](O)[C@@H](CCC(C)=O)C(=O)N[C@@H](C(C)C)C(=O)N[C@@H](Cc3cccc(O)c3)C(=O)N3CCC[C@H](N3)C(=O)O1)[C@H](C)[C@H](O)[C@@H]2C,0
C#CC1(O)CCC2C3CCc4cc(O)ccc4C3CCC21C,1
O=P(O)(O)OC[C@H](O)CO,0
c1cn(-c2ccc(O[C@H]3CCCN(Cc4ccc5c(c4)OCO5)C3)cc2)cn1,0
CCOCC(=O)O,1
Nc1nc(N)c2c(OCC3CCN(Cc4cccc(Cl)c4Cl)CC3)cccc2n1,0
CCCCC(O)CO,0
COc1cc2ncnc(Nc3ccc(F)c(Cl)c3)c2cc1OCCCN1CCOCC1,1
COc1ccc2c(c1)c(CC(=O)O)c(C)n2C(=O)c1ccc(Cl)cc1,1
O=S(=O)(CCNCCCO)c1ccc(Nc2nc(OCC3CCCCC3)c3[nH]cnc3n2)cc1,0
c1cn(-c2ccc(Oc3nccc(Oc4ccc5c(c4)OCO5)n3)cc2)cn1,0
COc1cc(C(=O)NS(=O)(=O)c2ccccc2C)ccc1Cc1cn(C)c2ccc(NC(=O)OC3CCCC3)cc12,1
CC(C)c1c(Cc2ccccc2)n(COCc2ccccc2)c(=O)[nH]c1=O,0
Cc1cn(C2CC(N=[N+]=[N-])C(CO)O2)c(=O)[nH]c1=O,1
COc1ccc2c3c1O[C@H]1[C@@H](OC(=O)c4cccnc4)C=C[C@H]4[C@@H](C2)N(C)CC[C@@]341,0
NC(Cc1ccc(N(CCCl)CCCl)cc1)C(=O)O,1
CN1[C@@H]2CC[C@H]1CC(OC(c1ccccc1)c1ccccc1)C2,0
c1ccc(Nc2c[nH]c3ncccc23)cc1,0
c1ccc2c(c1)Nc1ccccc1S2,1
CCn1ncc2c(NC3CCOCC3)c(C(=O)NCc3ccccc3)cnc21,0
C[C@@H]1CCc2cccc(c2)C[C@@](C)(N)C(=O)OCc2cc(nc(N(C)S(C)(=O)=O)c2)CC1,0
C/C1=C/C(=O)O[C@@H]2C[C@@H](CC[C@H](C)/C=C\C=C\CC1)O[C@@](O)([C@@H]1CSC(=O)N1)C2,0
C#C[C@]1(O)CC[C@H]2[C@@H]3CCC4=CC(=O)CCC4=C3C=C[C@@]21C,0
O=C(Nc1ccccc1)[C@H]1CC(=O)N(C2CCCCC2)C1,0
CC(C)(C)OC(=O)N[C@H]1CCCCC/C=C\[C@@H]2C[C@@]2(C(=O)NS(=O)(=O)C2CC2)NC(=O)[C@@H]2C[C@@H](OC(=O)N3Cc4cccc(F)c4C3)CN2C1=O,0
CC(C)OC(=O)[C@H](O)[C@@H](N)CC1CCCCC1,0
OCCOCCO,1
CC(=O)N[C@@H]1[C@H](O)[C@H](O)[C@@H](CO)O[C@H]1O,0
CS(=O)(=O)c1ccc2c(c1)nc1n2C[C@H](N)[C@@H](c2cc(F)c(F)cc2F)C1,0
CCOC(=O)C1(c2ccccc2)CCN(CCC(C#N)(c2ccccc2)c2ccccc2)CC1,0
CCCCCCCCOC(=O)c1cc(O)c(O)c(O)c1,1
CC(C)[N+](C)(CCC(C(N)=O)(c1ccccc1)c1ccccc1)C(C)C,0
C=C1C[C@H]2[C@@H]3C=C(C)C4=CC(=O)CC[C@]4(C)[C@H]3CC[C@]2(C)[C@@]1(OC(C)=O)C(C)=O,0
NCCC(=O)NC(Cc1cnc[nH]1)C(=O)O,1
CCCCCCCCCCCCCCCC(=O)N[C@@H](CCCCN)C(=O)N[C@@H](CCCCN)C(=O)N[C@@H](CO)C(=O)N[C@@H](CCCN=C(N)N)C(=O)N[C@@H](C)C(=O)N[C@@H](CC(C)C)C(=O)N[C@@H](Cc1ccccc1)C(N)=O,0
Cc1cc(-c2ccc(/N=N/c3ccc4c(S(=O)(=O)O)cc(S(=O)(=O)O)c(N)c4c3O)c(C)c2)ccc1/N=N/c1ccc2c(S(=O)(=O)O)cc(S(=O)(=O)O)c(N)c2c1O,0
Nc1nc(N)c2ncn(CCOCP(=O)(O)O)c2n1,0
Cc1c(NC(C)C)c(=O)n(-c2ccccc2)n1C,0
Nc1cccc2[nH]cc(C[C@H](N)C(=O)O)c12,0
N#Cc1ccc(-c2ccc(OCCC(=O)NO)cc2)cc1,0
C[Se]C,1
O=C(O)CCCC[C@H]1SC[C@@H]2NC(=O)N[C@@H]21,0
Cc1nc(-c2cccnc2)sc1C(=O)Nc1ccccc1-c1cn2c(CN3CCOCC3)csc2n1,0
CN(CCC=O)N=O,1
Cc1nc(C(=O)N2CCCC[C@H]2CNC(=O)c2cccc3occc23)c(-c2ccc(F)cc2)s1,0
C[C@]12CC[C@H](O)CC1=CC[C@@H]1[C@@H]2CC[C@]2(C)C(c3cccnc3)=CC[C@@H]12,0
COc1cc(O)c2c(=O)c(-c3ccc(O)cc3)coc2c1,1
C/C(=C\C(=O)OCCCCCCCCC(=O)O)C[C@@H]1OC[C@H](C[C@@H]2O[C@H]2[C@@H](C)[C@H](C)O)[C@@H](O)[C@H]1O,0
CC(C)C[C@H](NC(=O)OCc1ccccc1)C(=O)N[C@@H]1CN(C(=O)[C@H](CC(C)C)NC(=O)OCc2ccccc2)CC1=O,0
COc1ccc2c(c1)c1c3n2CCN(C)C3=NCC1,0
Cc1cccc(-c2nc(Nc3ccncc3)c3ccccc3n2)n1,0
N/N=c1/ccc(C(N)=O)n[nH]1,0
CC[C@H](C)C1=C2N=C3OC=CC=C[C@@]34OC[C@H]3O[C@@]4(OC3(C)C)N2[C@@H](Cc2ccccc2)C(=O)N1,1
COc1ccc2c3ccnc(C)c3n(CCCCOc3ccc4c5ccnc(C)c5n(CCCc5ccccc5)c4c3)c2c1,0
OC1c2cc3ccc4cccc5ccc(c2C2OC2C1O)c3c45,1
COc1ccc(/C=C\c2cc(OC)c(OC)c(OC)c2)cc1NC(=O)[C@@H](N)CO,0
C=C(OC)C(=O)Nc1cc(OC)c(OC)cc1C(=O)O[C@H]1C[C@H](O[C@@H]2C(=O)C(NC(=O)OC)=C3/C(=C\CSSSC)[C@]2(O)C#C/C=C\C#C[C@@H]3O[C@@H]2O[C@H](C)[C@@H](NO[C@H]3C[C@H](O)[C@H](SC)[C@@H](C)O3)[C@H](O)[C@H]2O[C@H]2C[C@H](OC)[C@@H](NC(C)C)CO2)O[C@@H](C)[C@H]1O,1
COC(=O)C1C(c2ccc(I)cc2)CC2CCC1N2CCCF,0
CCCCCCCC(=O)SCCNC(=O)CCNC(=O)[C@H](O)C(C)(C)COP(=O)(O)OP(=O)(O)OC[C@H]1O[C@@H](n2cnc3c(N)ncnc32)[C@H](O)[C@@H]1OP(=O)(O)O,0
COc1cc(O)c(C(=O)/C=C/c2ccc(O)cc2)cc1CC=C(C)C,0
CO[C@@]1(NC(=O)[C@H](C(=O)O)c2ccc(O)cc2)C(=O)N2C(C(=O)O)=C(CSc3nnnn3C)CO[C@@H]21,0
CCCCCc1ccc(C)cc1O,0
CCCCCCCCCCCCCC=CC(O)C(COC1OC(CO)C(OC2OC(CO)C(O)C(OC3(C(=O)O)CC(O)C(NC(C)=O)C(C(O)C(CO)OC4(C(=O)O)CC(O)C(NC(C)=O)C(C(O)C(O)CO)O4)O3)C2O)C(O)C1O)NC(=O)CCCCCCCCCCCCCCCCC,1
CCCCCCCCCCOc1c(OC)cc(C(N)=O)cc1OC,0
CC(=O)OC1CC2CCC3C(CCC4(C)C3CC([N+]3(C)CCCCC3)C4OC(C)=O)C2(C)CC1N1CCCCC1,0
CCCCC1C(=O)OC(C(C)C(O)CCCN=C(N)N)C(C)C=C(C)CCCCC(O)CC(O)CC(O)CC(O)CC(O)C(OC2OC(CO)C(O)C2O)C=C(C)C(O)CCCC(O)CCCC(O)CCC(C)C1O,1
CC(C)[C@@H](C(=O)N[C@@H](Cc1ccc(OCCF)cc1)C(=O)O)n1cc(COc2ccc3nc(S(N)(=O)=O)sc3c2)nn1,0
CC(C)(COP(=O)(O)OP(=O)(O)OC[C@H]1O[C@@H](n2cnc3c(N)ncnc32)[C@H](O)[C@@H]1OP(=O)(O)O)[C@@H](O)C(O)=NCCC(O)=NCCSC(=O)C[C@@](C)(O)CC(=O)O,0
Cc1ccc(Cl)c(OCC(O)CNC(C)(C)C)c1,0
CCCCCCC(=O)Oc1ccc2c(c1)CC[C@@H]1[C@@H]2CC[C@]2(C)[C@@H](OC(=O)CCCCCC)CC[C@@H]12,0
CCOP(=O)(OCC)SCC[N+](C)(C)C,0
CC(=O)N[C@H]1[C@H]([C@H](O)[C@H](O)CO)O[C@@](O[C@H]2[C@@H](O)[C@@H](CO)O[C@@H](O[C@H]3[C@H](O)[C@@H](O)[C@@H](O)O[C@@H]3CO)[C@@H]2O)(C(=O)O)C[C@@H]1O,0
CN1C2CCC1CC(OC(c1ccccc1)c1ccccc1)C2,0
Oc1ccc([C@H]2Sc3cc(O)ccc3O[C@H]2c2ccc(OCCN3CCCCC3)cc2)cc1,0
O=C1[C@H](CC[C@H](O)c2ccc(F)cc2)[C@@H](c2ccc(O)cc2)N1c1ccc(F)cc1,1
CC(=O)Nc1cccc(O)c1,1
c1ccc2cc(NC3=NC[C@@]4(CN5CCC4CC5)O3)ncc2c1,1
CCCCCCCCC(F)(F)C(F)(F)C(F)(F)C(F)(F)C(F)(F)C(F)(F)F,0
CN(C)CCN1C(=O)c2ccc3c4c(ccc(c24)C1=O)C(=O)N(CCN(C)C)C3=O,1
CC1=C(/C=C/C(C)=C/C=C/C(C)=C/C=C/C=C(C)/C=C/C=C(C)/C=C/C2=C(C)C[C@@H](O)CC2(C)C)C(C)(C)C[C@H](O)C1,0
C[C@H]1O[C@@H](O[C@H]2CC[C@@]3(C)[C@H](CC[C@@H]4[C@@H]3C[C@@H](O)[C@]3(C)[C@@H](C5=CC(=O)OC5)CC[C@]43O)C2)C[C@H](O)[C@@H]1O[C@H]1C[C@H](O)[C@H](O[C@H]2C[C@H](O)[C@H](O[C@@H]3O[C@H](CO)[C@@H](O)[C@H](O)[C@H]3O)[C@@H](C)O2)[C@@H](C)O1,0
c1ccc2c(c1)[nH]c1ccccc12,0
CC1=C(/C=C\C2=CCC[C@]3(C)[C@@H]([C@H](C)CCCC(C)C)CC[C@@H]23)C[C@@H](O)CC1,0
CC(C)(CO)NCC(O)c1ccccc1,0
O=C1CN(N=CC=Cc2ccc([N+](=O)[O-])o2)C(=O)N1,0
ClC(Cl)=C(c1ccc(Cl)cc1)c1ccc(Cl)cc1,1
Fc1ccc2scc(-c3ccc(F)c(CNCCCNc4ccnc5cc(Cl)ccc45)c3)c2c1,0
CCCCC[C@H](O)/C=C/C=C\CCCCCCCC(=O)O,0
CCCNC(=O)[C@H]1O[C@@H]1C(=O)N[C@H](C(=O)N1CCC[C@H]1C(=O)OC)[C@@H](C)CC,0
Cc1cc(N=Nc2ccccc2C(=O)O)cc(C)c1O,0
O=C1C=CN(c2c(F)cc(N3C[C@H](CNc4ccon4)OC3=O)c(F)c2F)CC1,0
CC1(C)OC2(C)C(O)CC1CC2O,0
C[C@@H]1CN(CC2(C(N)=O)CC2)CCN1S(=O)(=O)c1ccc([C@](C)(O)C(F)(F)F)cc1,0
C[C@]12CCC3=C4CCC(=O)C=C4CC[C@H]3[C@@H]1CC[C@@]2(O)CC#N,0
N=C(N)c1ccc([C@H]2[C@H]3C(=O)N(Cc4ccc5c(c4)OCO5)C(=O)[C@H]3[C@@H]3C[C@@H](O)CN32)cc1,0
COP(=S)(OC)Oc1cc(Cl)c(Cl)cc1Cl,0
Cc1ccc2ccccc2c1,1
CC(=O)N[C@@H](CCCN=C(N)N)C(=O)O,0
CC#CC1(O)CCC2C3CCC4=CC(=O)CCC4(Cc4ccc(C)cc4)C3=CCC21C,1
O=S1(=O)NCCCNc2nc(ncc2Br)Nc2cccc1c2,0
Cc1[nH]c(/C=C2\C(=O)Nc3ccccc32)c(C)c1CCC(=O)O,0
Cc1ccc2nc(NC(=S)NC(=O)c3ccccc3Cl)sc2c1,0
O=C(NOCC1CC1)c1ccc(F)c(F)c1Nc1ccc(I)cc1Cl,0
CC(=O)C1=C(O)C=C2Oc3c(C(C)=O)c(O)c(C)c(O)c3[C@@]2(C)C1=O,0
CC(=O)N[C@H]1C(O)O[C@H](COP(=O)(O)O)[C@@H](O)[C@@H]1O,0
CN(C)[C@@H]1C(O)=C(C(N)=O)C(=O)[C@@]2(O)C(O)=C3C(=O)c4c(O)ccc(Cl)c4[C@@](C)(O)[C@H]3C[C@@H]12,1
Nc1c2c(nc3cc(Br)ccc13)CCC(C(=O)NCCc1ccccc1)C2,1
CC(C)(C)[C@@H]1NC(=O)O[C@@H]2CCC[C@H]2OC/C=C/C(F)(F)c2nc3ccccc3nc2O[C@@H]2C[C@@H](C(=O)N[C@]3(C(=O)NS(=O)(=O)C4(C)CC4)C[C@H]3C(F)F)N(C2)C1=O,1
CSCC[C@H](NC(=O)[C@H](CC(C)C)NC(=O)[C@H](Cc1c[nH]cn1)NC(=O)CNC(=O)[C@@H](NC(=O)[C@H](C)NC(=O)[C@H](Cc1c[nH]c2ccccc12)NC(=O)[C@H](CCC(N)=O)NC(=O)[C@H](CC(N)=O)NC(=O)CNC(=O)[C@H](CC(C)C)NC(=O)[C@H](CCCNC(=N)N)NC(=O)[C@H](CCC(N)=O)NC(=O)[C@@H]1CCC(=O)N1)C(C)C)C(N)=O,0
Cc1ncsc1CCCl,1
NC(=O)c1ccccc1OCC(=O)O,0
C[N+](C)(C)c1ccc(CNC(=O)c2cc3cc(OCc4ccccc4)ccc3n2Cc2cccc(C(=N)N)c2)cc1,0
Cc1nnc(C(=O)NC(C)(C)c2nc(C(=O)NCc3ccc(F)cc3)c(O)c(=O)n2C)o1,1
CC[C@H](C)[C@@H]1C(=O)N[C@H](C2Cc3ccccc3C2)C(=O)N1[C@@H](C(=O)N1CCOCC1)c1coc(C)n1,0
O=C(O)c1ccc(C(=O)O)cc1,1
C(=C/c1ccccc1)\CN1CCN(C(c2ccccc2)c2ccccc2)CC1,1
CCCCCCCCCCCC(=O)OC[C@H](COP(=O)(O)OCC[N+](C)(C)C)OC(=O)CCCCCCCCCCC,0
O=C1NC(=O)/C(=C/c2ccc3c(c2)OC(F)(F)O3)S1,0
O=C1C(Cl)=C(Cl)C(=O)C(Cl)=C1Cl,1
CC(C)OC(=O)C(C)NP(=O)(OCC1OC(n2ccc(=O)[nH]c2=O)C(C)(F)C1O)Oc1ccccc1,0
CO[C@@H]1[C@@H](O[C@@H]2O[C@H](C)[C@@H](O[C@H]3C[C@@](C)(O)[C@@H](OC(=O)CC(C)C)[C@H](C)O3)[C@H](N(C)C)[C@H]2O)[C@@H](CC=O)C[C@@H](C)[C@@H](O)/C=C/C=C/C[C@@H](C)OC(=O)C[C@H]1OC(C)=O,1
Oc1cccc(-c2ccccc2Cl)c1O,0
C[C@H](OP(=O)(O)O)[C@@H](N)C(=O)O,0
CCCN[C@@H]1CCc2nc(N)sc2C1,0
CC1N=C(N)OC1c1ccccc1,0
CCOc1c([C@H](C)n2nc(C)c3c(N)ncnc32)cc(Cl)c(F)c1[C@@H]1CNC(=O)C1,0
O=C(C(Cl)Cl)N(CCO)Cc1ccc(Oc2ccc([N+](=O)[O-])cc2)cc1,0
CCCCCCCCCCCCCCCC(=O)OC[C@H](O)COP(=O)(O)OC[C@@H](O)CO,0
COc1ccc2c(c1)O[C@@H](O)C(=O)N2O,0
O=C([C@@H]1CC(F)(F)CN1C(=O)CCN1C(=O)c2ccccc2C1=O)N1CCCC1,0
CC(C)c1ccc2c(c1)c(SC(C)(C)C)c(CC(C)(C)C(=O)O)n2Cc1ccc(Cl)cc1,1
c1ccc(Nc2ccc(NC3CCCCC3)cc2)cc1,0
CC1=CC(=O)N2CC(=O)N(C)c3ccc(Cl)cc3C2(c2ccccc2)O1,0
CC1CN(C(=O)c2ccc(NC(=O)c3cc(OC(C)c4c(Cl)ccc(F)c4Cl)c(N)nn3)cc2)CC(C)N1,1
CN(C)CCCN1c2ccccc2CCc2ccccc21,1
CN(C)CCOC(C)(c1ccccc1)c1ccc(Cl)cc1,0
COc1cc(O)c(CC=C(C)C)c(O)c1C(=O)C=Cc1ccc(O)cc1,1
CSCC1CN(/N=C/c2ccc([N+](=O)[O-])o2)C(=O)O1,0
C=C(C)[C@]12C[C@@H](C)[C@@]34O[C@](Cc5ccccc5)(O[C@@H]1[C@@H]3C=C(COC(=O)Cc1ccc(O)c(OC)c1)C[C@]1(O)C(=O)C(C)=C[C@@H]41)O2,0
CCCC[C@H](NCc1c(COP(=O)(O)O)cnc(C)c1O)C(=O)O,0
C[C@]12CCC(=O)C=C1CC[C@@H]1[C@@H]2CC[C@]2(C)C(=O)CC[C@@H]12,0
O=C1OC2(c3cc(I)c(O)c(I)c3Oc3c2cc(I)c(O)c3I)c2c(Cl)c(Cl)c(Cl)c(Cl)c21,0
CC(C)=CCC/C(C)=C/COP(=O)(O)OP(=O)(O)O,0
C[C@]12Cc3c[nH]nc3C[C@@H]1CC[C@@H]1[C@@H]2CC[C@@]2(C)[C@H]1CC[C@]2(C)O,0
CC(C)(Sc1cc(C(C)(C)C)c(O)c(C(C)(C)C)c1)Sc1cc(C(C)(C)C)c(OC(=O)CCC(=O)O)c(C(C)(C)C)c1,0
CC(c1ccccc1)C(C)(C)N,0
CCCCC/C=C\C/C=C\CCCCCCCC(=O)OC[C@H](COP(=O)([O-])OCC[N+](C)(C)C)OC(=O)CCCCCCC/C=C\C/C=C\CCCCC,0
C[C@]12C=CC(=O)C=C1CC[C@@H]1[C@@H]2[C@@H](O)C[C@@]2(C)[C@H]1CC[C@]2(O)C(=O)OCCl,0
O=C(O)CNC(=O)c1ncc(C2CCN(C(=O)CNc3ccc(Cl)cc3)CC2)cc1O,0
CCCCCCCC(=O)CC[C@@H]1[C@@H](C/C=C\CCCC(=O)OC(C)C)[C@@H](O)C[C@H]1O,0
c1ccc2cc3ccccc3cc2c1,1
N[C@H](CCl)C(=O)O,0
CCOC(=O)C(CCc1ccccc1)NC1CCc2ccccc2N(CC(=O)O)C1=O,1
CCOc1nc(NC(=O)Cc2cc(OC)c(Br)cc2OC)cc(N)c1C#N,0
O=C1NC(=O)/C(=C/c2ccc3nccnc3c2)S1,0
Nc1nc2c(c(=O)[nH]1)N1CN(c3ccc(C(=O)N[C@H](CCC(=O)O)C(=O)O)cc3)C[C@H]1C=N2,0
FC(F)OC(Cl)C(F)(F)F,1
Nc1nc2c(c(=O)[nH]1)N[C@H]1C(S)=C(S)[C@H](COP(=O)(O)O)O[C@H]1N2,0
Cc1cc2c(cc1C)[n+](S(=O)(=O)[O-])c1c(=O)[nH]c(=O)nc-1n2C[C@H](O)[C@H](O)[C@H](O)COP(=O)(O)O,0
O=S(=O)(O)c1cc(O)ccc1O,0
CCOc1ccccc1Sc1ccc(-c2ccnc(N3CCN(C(C)=O)CC3)c2)cc1[N+](=O)[O-],0
CCOc1ccc(-c2ccc(C(=O)C[C@H](CCN3C(=O)c4ccccc4C3=O)C(=O)O)cc2)cc1,0
O=CCCl,1
Cl[Ra]Cl,0
O=C(O)COc1cccc2ccccc12,0
CC(C)(O)[C@@H]1[C@H]2OC(=O)[C@@H]1[C@]1(O)C[C@H]3O[C@]34C(=O)O[C@H]2[C@]14C,0
C=CCSSC,1
CC1(C)SSC(C)(C)[C@@H](NC(=O)[C@@H](N)Cc2ccc(O)cc2)C(=O)NCC(=O)N[C@@H](Cc2ccccc2)C(=O)N[C@H]1C(=O)O,0
COC(=O)C1=C(C)NC(C)=C(C(=O)OCCCN2CCC(c3ccccc3)(c3ccccc3)CC2)[C@H]1c1cccc([N+](=O)[O-])c1,0
COC(=O)C1(OC)CC2OC1(C)n1c3ccccc3c3c4c(c5c6ccccc6n2c5c31)C(=O)N(C)C4,1
O=C(O)c1ccccc1S,0
O=P(O)(O)O[C@@H]1C(O)[C@H](OP(=O)(O)O)[C@@H](OP(=O)(O)O)C(O)[C@H]1OP(=O)(O)O,0
Cc1cc(C)c(-c2ccc(NC(=O)[C@H](Cc3ccc(C(=O)NCCS(=O)(=O)O)cc3)c3ccc(-c4ccc(C(C)(C)C)cc4)cc3)cc2)c(C)c1,0
CC[C@H](C)[C@H](N=C(O)[C@@H](N=C(O)[C@H](CCCNC(=N)N)N=C(O)[C@H](CC(C)C)N=C(O)[C@H](CC(C)C)N=C(O)[C@H](C)N=C(O)[C@@H](N=C(O)CN=C(O)CN=C(O)CN=C(O)[C@H](CC(C)C)N=C(O)[C@@H](N)C(C)C)C(C)C)C(C)C)C(=O)N1CCC[C@H]1C(O)=N[C@@H](C)C(O)=N[C@@H](CC(C)C)C(O)=N[C@@H](CC(=O)O)C(O)=N[C@@H](CO)C(O)=N[C@@H](CC(C)C)C(O)=N[C@H](C(=O)N1CCC[C@H]1C(O)=N[C@@H](C)C(O)=N[C@@H](CC(=N)O)C(O)=N[C@@H](CCC(=O)O)C(O)=N[C@@H](CC(=O)O)C(=O)O)[C@@H](C)O,0
Nc1nc(=O)n([C@@H]2O[C@H](CO)[C@@H](O)[C@@H]2F)cc1I,0
N[C@@H](CCCC=O)C(=O)O,0
N#Cc1ccccc1-c1cc(-c2ccccn2)cn(-c2ccccc2)c1=O,0
C[As](C)SC[C@H](NC(=O)CC[C@H](N)C(=O)O)C(=O)NCC(=O)O,0
CCOc1cc(C(C)(C)C)ccc1C1=N[C@@](C)(c2ccc(Cl)cc2)[C@@](C)(c2ccc(Cl)cc2)N1C(=O)N1CCN(CCCS(C)(=O)=O)CC1,0
Nc1ccn([C@]2(O)O[C@H](CO)[C@@H](O)[C@@H]2O)c(=S)n1,0
C[C@]12CC[C@@H]3c4ccc(OS(N)(=O)=O)cc4CC[C@H]3[C@@H]1CC[C@@H]2O,0
CCCSc1nc(NC2CC2c2ccc(F)c(F)c2)c2nnn(C3CC(OCCO)C(O)C3O)c2n1,0
Cc1oc(-c2ccccc2)nc1COc1ccc(CO/N=C(\CCC(=O)O)c2ccccc2)cc1,0
Cc1ccc(NC(=O)c2ccc(CN3CCN(C)CC3)cc2)cc1Nc1nc(-c2cccnc2)cs1,0
CC(C)=CCN1CC[C@@]2(C)c3cc(O)ccc3C[C@@H]1[C@@H]2C,0
Cn1c(=O)c2c(ncn2CCOC(=O)C(C)(C)Oc2ccc(Cl)cc2)n(C)c1=O,0
NS(=O)(=O)c1ccc(C(=O)NCc2ccc(F)c(F)c2F)cc1,0
COc1ccccc1CNCCCCCCNCCCCCCCCNCCCCCCNCc1ccccc1OC,1
COC(=O)N[C@H](C(=O)N1[C@H](c2nc3ccc(-c4cc5ccc4CCc4ccc(c(-c6ccc7nc([C@@H]8C[C@@H]9CCCC[C@@H]9N8C(=O)[C@@H](NC(=O)OC)C(C)C)[nH]c7c6)c4)CC5)cc3[nH]2)C[C@@H]2CCCC[C@@H]21)C(C)C,0
N[C@@H](CSSCCO)C(=O)O,0
NC(N)=Nc1cccc(C(CP(=O)(O)CCCc2ccccc2)C(=O)O)c1,0
CC(C)[C@@H](CO)Nc1nc(Nc2cc(N)cc(Cl)c2)c2ncn(C(C)C)c2n1,0
CN(C)C[C@@H](O)COc1ccc(Nc2cc(Nc3cc(C(F)(F)F)ccc3F)ncn2)cc1,0
N[C@H](C(=O)O)c1cc(O)cc(O)c1,0
Cn1cnc([N+](=O)[O-])c1Sc1[nH]c(N)nc2ncnc1-2,0
Nc1nc2c(ncn2[C@@H]2O[C@H](COP(=O)(O)OP(=O)(O)OP(=O)(O)OC[C@H]3O[C@@H](n4cnc5c(=O)[nH]c(N)nc54)[C@H](O)[C@@H]3O)[C@@H](O)[C@H]2O)c(=O)[nH]1,0
C[C@@H](/C=C/C(=O)C=O)NC(=O)[C@@H](Cc1ccccc1)NC(=O)OCc1ccccc1,0
[Rb+],0
CNC(=O)[C@@H](NC(=O)[C@H](OCc1ccc(-c2cccnc2)cc1)[C@H](O)[C@@H](O)[C@@H](OCc1ccc(-c2cccnc2)cc1)C(=O)N[C@H](C(=O)NC)C(C)C)C(C)C,0
COc1cc(=O)n(C)c2c3c(ccc12)OCO3,0
O=C(O)C1(C(=O)O)CCC1,1
O=C(NS(=O)(=O)c1ccc(Br)s1)c1ccc(Cl)cc1Cl,0
C[As](C)(C)=O,1
[32PH3],0
CON=C(C(=O)NC1C(=O)N2C(C(=O)O)=C(COC(N)=O)CSC12)c1ccco1,1
NC(=S)N/N=C/c1ncccc1N,0
C=CCC(CCC)C(=O)O,1
Cc1c(N)cc([N+](=O)[O-])cc1[N+](=O)[O-],1
C[C@@H]1C(=O)O[C@H]2[C@H](O)[C@@]34[C@H]5C[C@@H](C(C)(C)C)[C@]36[C@@H](OC(=O)[C@@H]6O)O[C@@]4(C(=O)O5)[C@@]12O,0
CC(=O)Nc1ccc(CP(=O)(O)O[C@@H](C)c2ccccc2)cc1,0
CC1OC1P(=O)(O)O,1
COc1ccc(CNc2nc(N3CCC[C@H]3CO)ncc2C(=O)NCc2ncccn2)cc1Cl,0
CCC1C2CC3C4N(C)c5ccccc5C45CC(C2C5O)N3C1O,1
CCCOC(=O)NCCCN(C)C,1
O=C1C(CC[S+]([O-])c2ccccc2)C(=O)N(c2ccccc2)N1c1ccccc1,1
COc1cc(O)c2c(c1)C(=O)c1cc(C)cc(O)c1C2=O,1
COc1cc(OC)cc(C(=O)N[C@@H]2[C@H](O)[C@@H](CO)O[C@H]2n2cnc3c(N[C@@H]4CCCc5ccccc54)ncnc32)c1,0
C[C@H](O)CC(C)(C)O,0
Cc1cc2nc3c(=O)[nH]c(=O)nc-3n(C)c2cc1C,0
NC(=O)Cc1ccc(Nc2cc(C(F)(F)F)nc(-c3cccc(Cl)c3)n2)cc1,0
CCc1nn(CCCN2CCN(c3cccc(Cl)c3)CC2)c(=O)n1CC,0
OCCN1CCCN(CCCN2c3ccccc3Sc3ccc(C(F)(F)F)cc32)CC1,0
CC(C)[C@]12O[C@H]1[C@@H]1O[C@]13[C@]1(O[C@H]1C[C@H]1C4=C(CC[C@@]13C)C(=O)OC4)[C@@H]2OC(=O)CCCCC[P+](c1ccccc1)(c1ccccc1)c1ccccc1,0
CN(C)CCSCc1cc(N)cc2c(=O)[nH]c(N)nc12,0
CN(C)CCCC[C@H](N)C(=O)O,0
CNCCCC1(C)CN(c2ccccc2)c2ccccc21,0
CO[C@H]1C[C@H](O[C@@H]2/C(C)=C/C[C@@H]3C[C@@H](C[C@]4(CC[C@H](C)[C@@H](C5CCCCC5)O4)O3)OC(=O)[C@@H]3C=C(C)/C(=N/O)[C@H]4OC/C(=C\C=C\[C@@H]2C)[C@]43O)O[C@@H](C)[C@@H]1O,0
N#CCNC(=O)c1ccc(-c2ccnc(Nc3ccc(N4CCOCC4)cc3)n2)cc1,1
Nc1ncnc2c1ncn2[C@@H]1O[C@H](COS(=O)(=O)NC(=O)[C@@H](N)CO)[C@@H](O)[C@H]1O,0
C=C1CC23CCC4C(C)(C(=O)OC5OC(CO)C(O)C(O)C5O)CCCC4(C)C2CCC1(OC1OC(CO)C(O)C(O)C1OC1OC(CO)C(O)C(O)C1O)C3,1
NS(=O)(=O)c1ccc(N2C(=O)CC(c3ccccc3)C2=O)c(Cl)c1,0
NC(=O)c1ccc(N)nc1,1
O=P(O)(O)/C=C/CCSc1cc(F)ccc1O,0
O=C(O)CCC(=O)OC1N=C(c2ccccc2Cl)c2cc(Br)ccc2NC1=O,0
Cc1ccccc1C(OCCN(C)C)c1ccccc1,0
N=C(N)NCC1COc2ccccc2O1,1
O=c1ccn([C@@H]2O[C@H](COP(=O)(O)OP(=O)(O)O[C@H]3O[C@H](CO)[C@@H](O)[C@H](O)[C@H]3O)[C@@H](O)[C@H]2O)c(=O)[nH]1,0
C[Si](Cn1cncn1)(c1ccc(F)cc1)c1ccc(F)cc1,1
COC(=O)C1=C(C)NC(C)=C(C(=O)OCCCN2CCC(c3ccccc3)(c3ccccc3)CC2)[C@@H]1c1cccc([N+](=O)[O-])c1,0
ClC1(Cl)C2(Cl)C3(Cl)C4(Cl)C(Cl)(Cl)C5(Cl)C3(Cl)C1(Cl)C5(Cl)C24Cl,1
O=C(O)COC(=O)Cc1ccccc1Nc1c(Cl)cccc1Cl,1
OC[C@H]1O[C@H](O)[C@H](O)[C@@H](O)[C@H]1O,0
COc1nc(-c2ccnc(NC(=O)C3CC3)c2)sc1C(=O)NCCCNc1c2c(nc3ccccc13)CCCC2,0
COc1nc(-c2nc3n(n2)CCC[C@H]3c2ccccc2C(F)(F)F)ccc1-n1cnc(C)c1,0
CN(C)c1ccc(-c2sc3cc(O)ccc3[n+]2C)cc1,0
CN1CC[C@]23c4c5ccc(O)c4O[C@H]2[C@@H](O[C@@H]2O[C@H](C(=O)O)[C@@H](O)[C@H](O)[C@H]2O)C=C[C@H]3[C@H]1C5,0
CN1c2c(nc(N)[nH]c2=O)NCC1CNc1ccc(C(=O)NC(CCC(=O)O)C(=O)O)cc1,0
CC(C)(CO)[C@@H](O)C(=O)NCCC(=O)O,0
CCN(CC)C(C)CC(=O)Nc1ccccc1,0
FCOC(C(F)(F)F)C(F)(F)F,1
CCCNC(=O)c1nnc2c(-c3c(F)cccc3OC)cccc2c1N,0
Cc1cc2nc[nH]c2cc1C,0
CN(C)C1C(=O)C(C(N)=O)=C(O)C2(O)C(=O)C3=C(O)c4c(O)cccc4C(C)(O)C3CC12,1
CC1COC2=C1C(=O)C(=O)c1c2ccc2c1CCCC2(C)C,1
FC(F)(F)c1ccc(COC(Cn2ccnc2)c2ccc(Cl)cc2Cl)cc1,0
N[C@H](Cc1ccccc1)C(=O)O,0
Cc1ncc([N+](=O)[O-])n1C[C@H](C)CCl,0
C=CC(=O)N(C)[C@H]1C[C@@](C)(Oc2nc(-c3cnn(C)c3)cn3nccc23)C1,0
Nc1nc(=O)n(C2CC(O)C(CO)O2)cc1Cl,1
Cc1c(NC(=O)NC(=O)c2ccc(Cl)cc2Cl)ccc(OCCCC(=O)O)c1C,0
COc1nc(C)ccc1CN1CC1C#N,1
Nc1ccc(S(=O)(=O)NC(=O)NCCS)cc1,0
CO[C@@H](/C(C)=C/C=C/C(C)=C/c1coc(C)n1)[C@@H](C)[C@@H]1C[C@H](O)[C@@]2(C)O[C@@H]2/C=C/[C@@H](C)[C@H]2C[C@H](CC(=O)O2)C[C@@H]2O[C@H]2C(=O)O1,1
COc1ccc(NC(=O)c2ccc(C(=N)N(C)C)cc2)c(C(=O)Nc2ccc(Cl)cn2)c1,0
Nc1ccc(S(=O)(=O)c2ccc(N)cc2)cc1,1
C=C1C[C@H]2[C@@H]3C=C(C)C4=CC(=O)CC[C@]4(C)[C@H]3CC[C@]2(C)[C@@]1(O)C(C)=O,0
CCN(CC)C(=O)c1ccc(O)c(OC)c1,0
CC(C)(C)OC[C@@H]1C(=O)NCCN1C(=O)C[C@H](N)Cc1cc(F)c(F)cc1F,0
Clc1c(Cl)c(Cl)c(Cl)c(Cl)c1Cl,1
CC(=O)C1(O)CCC2C3CC(C)C4=CC(=O)C=CC4(C)C3(F)C(O)CC21C,1
O=c1c2ccccc2[nH]c(=S)n1CCN1CCC(=C(c2ccc(F)cc2)c2ccc(F)cc2)CC1,1
CC(C)=CCC/C(C)=C/CC/C(C)=C/CSP(=O)(O)OP(=O)(O)O,0
CCOC(=O)c1c(CSc2ccccc2)n(C)c2cc(Br)c(O)c(CN(C)C)c12,0
c1ccc(Cc2nc3ccccc3[nH]2)cc1,0
S=C=Nc1cccc2ccccc12,1
CCCCCCCCC=CCCCCCCCC(=O)OCC(C[N+](C)(C)C)OC(=O)CCCCCCCC=CCCCCCCCC,1
CNC1(c2ccccc2Cl)CCCCC1=O,1
N#CCCCSC(=N)N,0
O=[N+]([O-])c1ccccc1O[C@@H]1O[C@H](CO)[C@H](O)[C@H](O)[C@H]1O,0
CO[C@H]1C[C@@H]2CC[C@@H](C)[C@@](O)(O2)C(=O)C(=O)N2CCCC[C@H]2C(=O)O[C@H]([C@H](C)C[C@@H]2CC[C@@H](OP(C)(C)=O)[C@H](OC)C2)CC(=O)[C@H](C)/C=C(\C)[C@@H](O)[C@@H](OC)C(=O)[C@H](C)C[C@H](C)/C=C/C=C/C=C/1C,0
CC1(C)SC2C(NC(=O)C(C(=O)O)c3ccsc3)C(=O)N2C1C(=O)O,1
CCCC=C1OC(=O)c2ccccc21,1
O=C(O)CC1CCC(c2ccc(-c3ccc(Nc4ccc(C(F)(F)F)nc4)cn3)cc2)CC1,0
CCC[C@H](C(=O)O)c1c[nH]c2ccccc12,0
O=C(O)CCCC[C@@H](S)CCS,0
COc1ccc2cc1Oc1ccc(cc1)CC1c3cc(c(OC)cc3CCN1C)Oc1c(OC)c(OC)cc3c1C(C2)N(C)CC3,1
CC1CCC2(NC1)OC1CC3C4CC=C5CC(O)CCC5(C)C4CCC3(C)C1C2C,1
C/C(=C\S(=O)(=O)N[C@H]1CCN([C@@H](C)C(=O)N2CCOCC2)C1=O)c1ccc(Cl)s1,0
NC(N)=NCCC[C@H](NCCC(=O)O)C(=O)O,0
NC(=O)c1csc([C@@H]2O[C@H](CO)[C@@H](O)[C@H]2O)n1,0
Cc1cnc(NCC(F)(F)c2ccccn2)c(=O)n1CC(=O)NCc1ncccc1F,0
O=C(O)CC(=O)O,0
c1ccc(Nc2nc(OCC3CCCCC3)c3[nH]cnc3n2)cc1,0
COc1cc(C=CC(=O)O)cc(OC)c1O,1
CCCCCCCCC(CCCCCC)C(=O)O,0
CCCC[C@@H](C=O)NC(=O)O[C@H](Cc1ccccc1)C(C)C,0
O=P(O)(O)C[C@@H]1O[C@H](COP(=O)(O)O)[C@@H](O)[C@@H]1O,0
Nc1c(Br)cc(Br)cc1CN[C@H]1CC[C@H](O)CC1,0
CN(C)C(N)=NCCC[C@H](N)C(=O)O,0
OB(O)CCc1ccccc1,0
COc1cc(C(=O)OCCCN2CCCN(CCCOC(=O)c3cc(OC)c(OC)c(OC)c3)CC2)cc(OC)c1OC,0
O=C1C2CC3CC(C2)CC1C3,0
CCCCCCCCN[C@@H]1C=C(CO)[C@@H](O)[C@H](O)[C@H]1O,0
O=C(Nc1cccc(Nc2nccc(Nc3cccc(C(F)(F)F)c3)n2)c1)C1CC1,0
[P-3],1
O=P(O)(O)[C@@H](CCCc1ccc(-c2ccccc2)cc1)S(=O)(=O)O,0
Cn1cc(-c2ccc3nnc(C(F)(F)c4ccc5ncccc5c4)n3n2)cn1,0
CC(C)(S)[C@@H](N)C(=O)O,1
Cc1cc2n(C[C@H](O)[C@H](O)[C@H](O)COP(=O)(O)OP(=O)(O)OC[C@H]3O[C@@H](n4cnc5c(N)ncnc54)[C@H](O)[C@@H]3O)c3[nH]c(=O)[nH]c(=O)c3nc-2c(=O)c1C,0
CCCNC(=O)c1cn2ncnc(Nc3cc(C(=O)NC4CC4)ccc3C)c2c1C,0
Cc1ccc(NNC(=O)[C@@H](O)[C@H](N)CC2CCCCC2)cc1,0
Cc1ccc(NS(=O)(=O)c2cccc(C#N)c2)c2[nH]cc(C#N)c12,0
CCCCCCCC(=O)O[C@H](CC(=O)O)C[N+](C)(C)C,0
O=C(Nc1nc2ccccc2[nH]1)c1cccc(CN2C(=O)N(Cc3cccc(C(=O)Nc4nc5ccccc5[nH]4)c3)[C@H](Cc3ccccc3)[C@H](O)[C@@H](O)[C@H]2Cc2ccccc2)c1,0
[O-][n+]1ccccc1S,0
O=CCc1ccc(O)c(O)c1,1
C=CC(C)(O)CCC=C(C)C,1
CNCC(O)c1ccc(OC(=O)C(C)(C)C)c(OC(=O)C(C)(C)C)c1,0
C=CCOc1cc(Cl)ccc1C(=O)NCCN(CC)CC,0
CC(=O)CSC[C@H](N)C(=O)O,0
CC(C)c1cccc(C(C)C)c1NC(=O)CN(CC(=O)O)CC(=O)O,0
CN(C)CCN(Cc1ccccc1)c1ccccc1,0
Nc1ccccc1NC(=O)c1ccc(CNC(=O)OCc2cccnc2)cc1,0
O=C(O)[C@@H](O)C[C@@H](O)[C@H](O)CO,0
CCCCCCCCCCCCCCCC(=O)N[C@@H](CCC(=O)O)C(=O)NCCCC[C@H](NC(=O)[C@H](C)NC(=O)[C@H](C)NC(=O)[C@H](CCC(N)=O)NC(=O)CNC(=O)[C@H](CCC(=O)O)NC(=O)[C@H](CC(C)C)NC(=O)[C@H](Cc1ccc(O)cc1)NC(=O)[C@H](CO)NC(=O)[C@H](CO)NC(=O)[C@@H](NC(=O)[C@H](CC(=O)O)NC(=O)[C@H](CO)NC(=O)[C@@H](NC(=O)[C@H](Cc1ccccc1)NC(=O)[C@@H](NC(=O)CNC(=O)[C@H](CCC(=O)O)NC(=O)[C@H](C)NC(=O)[C@@H](N)Cc1cnc[nH]1)[C@H](C)O)[C@@H](C)O)C(C)C)C(=O)N[C@@H](CCC(=O)O)C(=O)N[C@@H](Cc1ccccc1)C(=O)N[C@H](C(=O)N[C@@H](C)C(=O)N[C@@H](Cc1c[nH]c2ccccc12)C(=O)N[C@@H](CC(C)C)C(=O)N[C@H](C(=O)N[C@@H](CCCNC(=N)N)C(=O)NCC(=O)N[C@H](CCCNC(=N)N)C(=O)NCC(=O)O)C(C)C)[C@@H](C)CC,0
CC1CC(=O)NN=C1c1ccc(NN=C(C#N)C#N)cc1,0
CC(=O)OCN(CCCC(=O)c1cccnc1)N=O,1
CC(=O)NCC1CN(c2ccc(N3CCOCC3)c(F)c2)C(=O)O1,1
CC(=O)N[C@H](Cc1ccc(Cl)cc1)[B-](O)(O)O,0
Cc1cc(C(=O)Nc2cc(Cl)cc(N3CCCCC3)c2)cc(C)c1OCCN,0
CSCC[C@@H]1NC(=O)[C@H](CC(C)C)NC(=O)[C@H](CCCNC(=N)N)NC(=O)[C@H](CO)NC(=O)[C@@H]2CSSC[C@@H]3NC(=O)[C@H](CO)NC(=O)CNC(=O)[C@H]([C@@H](C)O)NC(=O)[C@H](CSSC[C@H](N)C(=O)N[C@@H](CCCCN)C(=O)NCC(=O)N[C@@H](CCCCN)C(=O)NCC(=O)N[C@@H](C)C(=O)N[C@@H](CCCCN)C(=O)N2)NC(=O)[C@H](CSSC[C@@H](C(N)=O)NC(=O)[C@H](CCCCN)NC(=O)CNC(=O)[C@H](CO)NC(=O)[C@H](CCCNC(=N)N)NC3=O)NC(=O)[C@H](CC(=O)O)NC(=O)[C@H](Cc2ccc(O)cc2)NC1=O,0
O=C(O)Cn1c2c(c3cc(F)ccc31)CN(C(=O)c1cccc3ccccc13)CC2,0
CCCC[C@H](C)C[C@H](O)/C=C/[C@H]1[C@H](O)CC(=O)[C@@H]1CC(=O)CCCCC(=O)OC,0
CCCCn1c(Cc2cc(OC)ccc2OC)nc2c(N)ncnc21,0
Nc1nc(N)c2c(Sc3ccc(N4CCOCC4)cc3)cccc2n1,0
CC(C)C[C@@H](C(=O)O)n1cc(CN)nn1,0
CCN(CCO)CCCC(C)Nc1ccnc2cc(Cl)ccc12,1
CCOC1O[C@H]([C@@H](COCc2ccccc2)OCc2ccccc2)[C@H](OCc2ccccc2)[C@H]1O,0
Cc1cnc(NC(=O)c2cc(Oc3cnc(C(=O)N(C)C)nc3)c3cc(C)oc3c2)cn1,0
NC(=O)c1ccc(F)c2c1C[C@@H](N(C1CCC1)C1CCC1)CO2,0
C=CCCCCCCCCC(=O)OC1CCC2C3CCC4=CC(=O)C=CC4(C)C3CCC12C,1
CNCC(=O)N[C@@H](CCCN=C(N)N)C(=O)N[C@H](C(=O)N[C@@H](Cc1ccc(O)cc1)C(=O)N[C@H](C(=O)N[C@@H](Cc1cnc[nH]1)C(=O)N1CCC[C@H]1C(=O)N[C@@H](C)C(=O)O)C(C)C)C(C)C,0
CCCCCCCCCCCP(=O)(O)OC,0
CCN(CC)CCCC(C)Nc1cc(OC)cc2cccnc12,0
COc1ccccc1[N+](=O)[O-],1
N=C(N)c1ccc([C@H]2[C@H]3C(=O)N(Cc4ccc(F)cc4)C(=O)[C@H]3[C@@H]3CCCN32)cc1,0
CC1(C)O[C@@H]2C[C@H]3[C@@H]4CCC5=CC(=O)CC[C@]5(C)[C@@]4(F)[C@@H](O)C[C@]3(C)[C@]2(C(=O)CCl)O1,0
CCC(=O)Nc1c(C)cc(C(=O)N2CCC(N(C)CCc3ccccc3)CC2)cc1C,0
CO[Si](C)(C)O[Si](C)(C)C,0
NS(=O)(=O)Oc1ccc2c3c(c(=O)oc2c1)CCCCC3,0
O=C(NN1CCCCCC1)NS(=O)(=O)c1ccc(Cl)cc1,0
CCOB(OCC)[C@@H](N)CCCCN,0
CCC(=O)N(c1ccccc1)C1CCN(CC(O)c2ccccc2)CC1,0
CC1(C)S[C@@H]2[C@H](/N=C/N3CCCCCC3)C(=O)N2[C@H]1C(=O)O,0
O=C1NCCc2[nH]c(-c3ccnc(-c4cnc5ccccc5c4)c3)cc21,0
O=C(O)CCc1ccc(O)c(CN(CCN(CC(=O)O)Cc2cc(CCC(=O)NCCCCCC(=O)NCCCCC(NC(=O)NC(CCC(=O)O)C(=O)O)C(=O)O)ccc2O)CC(=O)O)c1,0
C[C@]12CCC(=O)C[C@@H]1CC[C@@H]1[C@@H]2CC[C@]2(CCOCc3cc(F)cc(F)c3)[C@@H](O)CC[C@@H]12,0
O=C(Sc1n[nH]c(C(F)(F)F)n1)c1ccc(C#Cc2ccccc2)o1,0
CCC(C)C(NC(=O)C(CO)NC(=O)C(CCCCN)NC(=O)CNC(=O)C(CCCCN)NC(=O)C(CC(=O)O)NC(=O)C(Cc1cnc[nH]1)NC(=O)C(CC(C)C)NC(=O)C(CC(C)C)NC(=O)C(CCC(N)=O)NC(=O)C(Cc1cnc[nH]1)NC(=O)C(CCC(=O)O)NC(=O)C(CO)NC(=O)C(NC(=O)C(C)N)C(C)C)C(=O)NC(CCC(N)=O)C(=O)NC(CC(=O)O)C(=O)NC(CC(C)C)C(=O)NC(CCCNC(=N)N)C(=O)NC(CCCNC(=N)N)C(=O)NC(CCCNC(=N)N)C(=O)NC(CCC(=O)O)C(=O)NC(CC(C)C)C(=O)NC(CC(C)C)C(=O)NC(CCC(=O)O)C(=O)NC(CCCCN)C(=O)NC(CC(C)C)C(=O)NC(CC(C)C)C(=O)NC(C)(C)C(=O)NC(CCCCN)C(=O)NC(CC(C)C)C(=O)NC(Cc1cnc[nH]1)C(=O)NC(C(=O)NC(C)C(N)=O)C(C)O,0
O=C(O)C1C(=CCO)OC2CC(=O)N21,1
CCCCCCCCCCCCCC(=O)OC1C(C)C2(O)C(C=C(CO)CC3(O)C(=O)C(C)=CC32)C2C(C)(C)C12O,1
CO[C@]12C=C[C@@]3(C[C@@H]1C(C)(C)O)[C@H]1Cc4ccc(O)c5c4[C@@]3(CCN1CC1CC1)[C@H]2O5,0
CSc1ccc(C(=O)C=Cc2cc(C)c(OC(C)(C)C(=O)O)c(C)c2)cc1,0
O=C[C@H](CC(=O)O)NC(=O)c1cncc(-c2ccc(C(=O)O)cc2)c1,0
O=P1(N(CCCl)CCCl)NC(OO)CCO1,1
O=C1OC(c2ccc(O)c(Br)c2)(c2ccc(O)c(Br)c2)c2cccc3c(Cl)ccc1c23,0
Nc1ccc(-c2ccccc2)cc1,1
CCCCCCCC/C=C\CCCCCCCC(=O)N[C@H](CO)C(C)C,0
CC(C)c1ccc2oc3nc(N)c(C(=O)O)cc3c(=O)c2c1,0
C[C@@]12CCCCC[C@@H](Cc3ccc(O)cc31)[C@@H]2N,0
CC(C)NC(C)Cc1ccc([123I])cc1,0
CC1(c2ccc3ccc4ccccc4c3c2)NC(=O)NC1=O,0
O=CC1OC(=O)c2cc(O)c(O)c(O)c2-c2c(cc(O)c(O)c2O)C(=O)OC1C1OC(=O)c2cc(O)c(O)c(O)c2-c2c(O)c(O)c3oc(=O)c4c(c(O)c(O)c5oc(=O)c2c3c54)-c2c(cc(O)c(O)c2O)C(=O)OCC1O,1
C=CCC1(C2C=CCCC2)C(=O)NC(=S)NC1=O,0
OCCN1CCC(C2CCN(c3nc(NCc4ccc(F)c(Cl)c4)c4ncn(CC5CC5)c4n3)CC2)CC1,0
CCOC(=O)c1ccc(OCCC2CCN(c3ccc(C)nn3)CC2)cc1,0
CC(C)C[C@H](NC(=O)c1ccc([N+](=O)[O-])cc1)C(=O)N1CCC[C@H]1C(=O)NCCCCN=C(N)N,0
CC(C)(C)c1cc(C(C)(C)C)c2[nH]c(C(C)(C)C)c(C[C@H](NC(=O)[C@@H](N)CCCN=C(N)N)C(=O)N[C@@H](CCCN=C(N)N)C(=O)NCCc3ccccc3)c2c1,0
CC(C)=CCCC(C)=CC=CC(C)=CC=CC(C)=CC=CC=C(C)C=CC=C(C)C=CC=C(C)CCC=C(C)C,1
O=C(Nc1ccc(Cl)c(Cl)c1)NS(=O)(=O)c1ccc2c(c1)CCO2,0
CC(CCC(=O)O)C1CCC2C3CCC4CC(O)CCC4(C)C3CC(O)C12C,0
CCCCCCC(N)=O,0
NC(=O)c1cccc([C@@H]2O[C@H](COP(=O)(O)OP(=O)(O)OC[C@H]3O[C@@H](n4cnc5c(N)ncnc54)[C@H](O)[C@@H]3O)[C@@H](O)[C@H]2O)n1,0
CN(C)C/C=C(/c1ccc(Br)cc1)c1cccnc1,1
CCC(C)C(NC(=O)C(Cc1ccccc1)NC(=O)C(CC(C)C)NC(=O)C(CCCNC(=N)N)NC(=O)C(NC(=O)C(C)NC(=O)C(CCC(=O)O)NC(=O)C(CCC(=O)O)NC(=O)C(CCC(=O)O)NC(=O)C(CCSC)NC(=O)C(CCC(N)=O)NC(=O)C(CCCCN)NC(=O)C(CO)NC(=O)C(CC(C)C)NC(=O)C(CC(=O)O)NC(=O)C(CO)NC(=O)C(NC(=O)C(Cc1ccccc1)NC(=O)C(NC(=O)CNC(=O)C(CCC(=O)O)NC(=O)CNC(=O)C(N)Cc1c[nH]cn1)C(C)O)C(C)O)C(C)C)C(=O)NC(CCC(=O)O)C(=O)NC(Cc1c[nH]c2ccccc12)C(=O)NC(CC(C)C)C(=O)NC(CCCCN)C(=O)NC(CC(N)=O)C(=O)NCC(=O)NCC(=O)N1CCCC1C(=O)NC(CO)C(=O)NC(CO)C(=O)NCC(=O)NC(C)C(=O)N1CCCC1C(=O)N1CCCC1C(=O)N1CCCC1C(=O)NC(CO)C(N)=O,0
C[N+]1(C)[C@@H]2CC[C@H]1C[C@H](OC(=O)[C@@H](CO)c1ccccc1)C2,0
NCCNCCNc1ccnc2cc(C(F)(F)F)ccc12,0
C[C@H](NC(=O)CCC(F)(F)F)C(=O)N[C@@H]1C(=O)N(CCO)c2ncccc2-c2ccccc21,0
N[C@H](C(=O)O)[C@@H](O)c1c[nH]c2ccccc12,0
OB1OB2OB(O)OB(O1)O2,0
CO/N=C/[C@@H]1[C@@H](c2ccc(Cl)c(Cl)c2)C[C@@H]2CC[C@H]1N2C,0
O=C1NC(=O)C(c2ccccc2)(c2cccs2)N1,0
NCCc1ccc(OS(=O)(=O)O)cc1,0
CCCCN(CCCC)CCNc1nc(-c2ccccc2)no1,0
CC[C@H]1CNCc2ccc(NC(=O)c3ccc4cc(C(=N)N)ccc4c3)cc21,0
NC(=O)NCCCC(N)C(=O)O,1
O=P(O)(O)OC1C(O)C(O)C(OP(=O)(O)O)C(OP(=O)(O)O)C1O,1
CCN(CC)CCOC(=O)c1ccc(N)cc1,0
[SeH2],1
CC[C@@H](C)C(=O)O,0
COc1ccc(C2(c3ccc(OC)cc3)NC(=O)N(CCN3CCCCC3)C2=O)cc1,0
N#Cc1c(-c2ccccc2)cc(-c2cc(Br)ccc2O)[nH]c1=O,0
CC(=O)/C=C/c1cn(C)c2ccccc12,0
C=CC(O)c1ccc(OC)cc1,1
Nc1ccc2c(n1)[nH]c1ccccc12,1
CCC(=O)N(c1ccccc1)C1(c2ccccc2)CCN(CCc2ccccc2)CC1,0
CC(C)N=C(N)/N=C(\N)Nc1ccc(Cl)cc1,0
COc1cc(O)c(CC=C(C)C)c(O)c1C(=O)/C=C/c1ccc(O)cc1,0
OCc1cc(C(O)CNCCCCCCOCCCCc2ccccc2)ccc1O,0
Nc1ncnc2c1ncn2[C@H]1C[C@H](O)[C@@H](CF)O1,0
COc1cc(C2Oc3ccc(C4Oc5cc(O)cc(O)c5C(=O)C4O)cc3OC2CO)ccc1O,1
CC[C@@H](C)O,0
CC(=O)CC(c1ccc([N+](=O)[O-])cc1)c1c(O)c2ccccc2oc1=O,1
O=C(C[C@@H](Cc1cccc(O)c1)C(=O)N[C@H]1c2ccccc2C[C@H]1O)NO,0
NC(N)=NCCC[C@H](NC(=O)CCC(=O)O)C(=O)O,0
CCN(C)C(=O)Oc1cccc([C@H](C)N(C)C)c1,1
C[C@H](CN)C(=O)O,0
CCC(CN)=C(c1ccccc1)c1ccccc1,0
CC(C)S(=O)(=O)N[C@H]1COC[C@H]1Oc1ccc(-c2ccc(C#N)s2)cc1,0
C=C(C)[C@H]1CN[C@H](C(=O)O)[C@H]1CC(=O)O,0
CCN(CCCCOC(=O)c1ccc(OC)c(OC)c1)C(C)Cc1ccc(OC)cc1,0
CN1CCN(C(=O)O[C@H]2c3nccnc3C(=O)N2c2ccc(Cl)cn2)CC1,1
CC1(S(=O)(=O)O)CC(=O)c2ccccc2C1=O,0
Nc1ncnc2c1ncn2[C@@H]1O[C@H](COP(=O)(O)OP(=O)(O)C[As](=O)(O)O)[C@@H](O)[C@H]1O,0
CC(=O)Oc1ccccc1C(=O)Oc1ccccc1,0
CC(=O)c1ccc2c(c1)[C@H](NC(=O)c1ccc(F)c(Cl)c1)[C@H](O)C(C)(C)O2,0
CC(=O)OC[C@@H]1CS[C@@H]2[C@H](N=C(O)CCCC[C@H](NC(=O)CN)C(=O)O)C(=O)N2[C@@H]1C(=O)O,0
CNC(=O)CN1CCC(Nc2nccc(-c3cnc4ccccn34)n2)CC1,0
CCC(=C(c1ccccc1)c1ccc(OCCN(C)C)cc1)c1ccccc1,1
[2H]C([2H])([2H])Oc1cc2c(cc1OC([2H])([2H])[2H])C1CC(=O)C(CC(C)C)CN1CC2,0
O=C1N(Cc2ccc(C(F)(F)F)o2)c2ccccc2[C@]12COc1cc3c(cc12)OCO3,0
COc1cccc2c1C(=O)c1c(O)c3c(c(O)c1C2=O)C[C@@](O)([C@H](C)O)C[C@@H]3O[C@H]1C[C@H](N)[C@H](O)[C@H](C)O1,0
Nc1c(C(=O)O)ccc(Cl)c1O,0
Nc1nc2[nH]cc(CCc3ccc(C(=O)N[C@@H](CCc4nn[nH]n4)C(=O)O)cc3)c2c(=O)[nH]1,0
CC(C)(C)NC(=O)C1CC2CCCCC2CN1CC(O)C(Cc1ccccc1)NC(=O)C(CC(N)=O)NC(=O)c1ccc2ccccc2n1,1
Cc1ccc(C(=O)Nc2cccc(C(F)(F)F)c2)cc1-c1ccc2nc(N)ncc2c1,0
O=C(O)Cc1cc(O)ccc1O,0
N[C@@H](CCCO)C(=O)O,0
CC(C)[C@@H]1NC(=O)CCCCOc2ccc(cc2)C[C@@H](C(=O)O)NC1=O,0
COc1cc2c(cc1OC)-c1c/c(=N\c3c(C)cc(C)cc3C)n(CCNC(N)=O)c(=O)n1CC2,0
C[C@](O)(C(=O)Nc1cccc2c1C(=O)c1sccc1CS2(=O)=O)C(F)(F)F,0
O=C1CCC(C(=O)O)N1,1
COCCN1CCC(N(Cc2ccc(-c3ccc(C(F)(F)F)cc3)cc2)C(=O)Cn2c(SCc3cccc(F)c3F)cc(=O)c3ccccc32)CC1,0
CCCCCCCC/C=C\CCCCCCCC(=O)Cl,0
COc1cccc2c1C(=O)c1c(O)c3c(c(O)c1C2=O)C[C@@](O)(/C(CO)=N/NC(=O)CCCCCN1C(=O)C=CC1=O)C[C@@H]3O[C@H]1C[C@H](N)[C@H](O)[C@H](C)O1,0
CN1CCC(OC(c2ccccc2)c2ccccc2)CC1,0
Cc1nc2cccc(N)c2c(=O)n1C1CCC(=O)NC1=O,0
CCCCCCCC(=O)N[C@H](CN1CCCC1)[C@H](O)c1ccc2c(c1)OCCO2,0
Nc1ccc2nc3ccccn3c2n1,1
C[C@@H]1OC(c2ccccc2O)=N[C@H]1[C@H](O)CC(=O)O,0
Cc1nnc2n1-c1sc(Br)cc1C(c1ccccc1Cl)=NC2,0
CCn1nccc1-c1c[nH]c2ncc(-c3ccc(N)c(C(=O)N(C)C)c3)cc12,0
Cc1cnc(NC(=O)C2=C(O)c3ccccc3S(=O)(=O)N2C)s1,1
O=C(O)CC[N+](=O)[O-],1
Cc1cccc2nc3cccc(C(=O)NCCNCCNCCNC(=O)c4cccc5nc6cccc(C)c6nc45)c3nc12,0
COc1cnc(NS(=O)(=O)c2ccc(N)cc2)nc1,0
CON=C(C(=O)NC1C(=O)N2C(C(=O)O)=C(COC(C)=O)CSC12)c1csc(N)n1,1
C[C@](O)(CBr)CCOP(=O)(O)OP(=O)(O)O,0
CN1C[C@H](CNC(=O)OCc2ccccc2)C[C@@H]2c3cccc4c3c(cn4C)C[C@H]21,0
Nc1ncnc2c1ncn2[C@@H]1O[C@H](COP(=O)(O)OC(=O)[C@@H](N)CC(=O)O)[C@@H](O)[C@H]1O,0
COC1C=CC=CC=CCC(OC(=O)C(C)NC(=O)C2CCCCC2)C(C)C(O)C(C)=CCCC2=CC(=O)C=C(NC(=O)C1)C2=O,1
O=C(Nc1c(F)cc(-c2cccc(OC(F)(F)F)c2)cc1F)c1ccsc1C(=O)O,0
C/C1=C/C[C@@H](/C(C)=C/c2csc(C)n2)OC(=O)C[C@H](O)C(C)(C)C(=O)[C@H](C)[C@@H](O)[C@@H](C)CCC1,0
CCCCC(CC)COC(=O)/C=C/c1ccc(OC)cc1,0
Cc1ncc(COP(=O)(O)O)c(CNOCC(=O)O)c1O,0
CN(C)CCN1c2ccccc2Sc2ccc(Cl)cc21,0
Cn1c(=O)c(C(=O)NCCO)c(O)c2ncc(Cc3ccc(F)cc3)cc21,0
COC(=O)Nc1nc2cc(C(=O)C3CC3)ccc2[nH]1,0
O=c1oc2ccccc2c(O)c1C(CC(O)c1ccc(Cl)cc1)c1ccc(Cl)s1,0
CCCCCCCCCCCCCCCC(=O)O[C@H](COC(=O)CCCCCCCCCCCC)CO[C@@H]1O[C@@H](CO)[C@H](O)[C@H](O)[C@@H]1O,0
Cc1cc(C)cc([C@@H]2CCCN2Cc2ccc(Oc3ccc(C(N)=O)cc3F)cc2)c1,0
CC(C)(C)C(=O)C(Oc1ccc(Cl)cc1)n1ccnc1,0
[Sm],0
CC(C(=O)OCCCCO[N+](=O)[O-])c1ccc(-c2ccccc2)c(F)c1,1
c1ccc(CNc2c3c(nc4ccccc24)CCCC3)cc1,0
Cn1c(=O)c2c(ncn2CCCNCC(O)c2cc(O)cc(O)c2)n(C)c1=O,0
Cc1cccc(C)c1,1
CC(C)(C)OC(=O)N[C@H](C=O)C1CCCCC1,0
C[C@H]1O[C@@H](O)[C@H](O)[C@@H](O)[C@H]1O,0
CSCC[C@H](NC(=O)C1CCC(C)CC1)C(=O)Nc1ccncc1,0
CC(C)(C)S(=O)(=O)C[C@@H](Cc1ccccc1)C(=O)N[C@@H](Cc1c[nH]cn1)C(=O)N[C@@H](CC1CCCCC1)[C@@H](O)[C@@H](O)C1CC1,0
CC(C)(C)NC[C@H](O)COc1cccc2c1CCCC2=O,0
CCCCc1c(-c2ccc(O)cc2)[nH]c2nccnc12,0
O=C1Cc2ccccc2N1,1
C[C@@H](N)[C@H](N)C(=O)O,0
CC(SC(=O)c1cccs1)C(=O)NCC(=O)O,0
O=C(O)[C@H](Cc1ccccc1)CC(O)(O)C[N+](=O)[O-],0
O=C(NNS(=O)(=O)c1ccccc1C(F)(F)F)c1cc2cc(Cl)ccc2o1,0
O=S(=O)(O)c1ccc2c(S(=O)(=O)O)cc(S(=O)(=O)O)cc2c1,0
CC(C)(S)C(N)C(=O)O,1
O=P(O)(O)OC[C@H]1O[C@H](OP(=O)(O)O)[C@H](O)[C@@H](O)[C@@H]1O,0
CC(=O)OCC1OC(n2ccc(=O)[nH]c2=O)C(OC(C)=O)C1OC(C)=O,0
O=NN(O)c1ccccc1,1
CC(=O)[C@H]1CC[C@H]2[C@@H]3C=CC4=CC(=O)CC[C@@]4(C)[C@@H]3CC[C@]12C,0
O=C(Nc1ccc(Cl)cc1)c1cc(Br)ccc1O,0
C[C@H](Cn1cnc2c(N)ncnc21)OCP(=O)(O)O,0
O=C(/C=C/c1cn(-c2ccccc2)nc1-c1ccc(OCc2ccccc2)cc1)c1ccccc1,0
CC(C)N1CC(O)C2=CC(=NNC(N)=O)C(=O)C=C21,0
CC(=O)N[C@@H](Cc1cccc(C(=O)O)c1O)B(O)O,0
CCC1(c2ccccc2)C(=O)N(COC)C(=O)N(COC)C1=O,0
NC(=O)CCCN=C(c1ccc(Cl)cc1)c1cc(F)ccc1O,0
CCCCC1(CC)CS(=O)(=O)c2cc(CNC(CC(=O)O)CC(=O)O)c(OC)cc2C(c2ccccc2)N1,0
c1ccc2c(c1)OCC(C1=NCCN1)O2,0
CCOc1nc(N)nc2c1ncn2[C@@H]1O[C@@H]2CO[P@@](=O)(OC(C)C)O[C@H]2[C@@]1(C)F,0
Cc1cc2c(-c3ccccc3F)nc(N3CCNCC3)nc2s1,0
CC(=O)CCCCn1cnc2c1c(=O)n(C)c(=O)n2C,0
CC(=O)[C@H]1CC[C@H]2[C@@H]3C[C@H](C)C4=CC(=O)CC[C@]4(C)[C@H]3[C@@H](O)C[C@]12C,0
CN(C)CCNC(=O)c1cccc2cc3ccccc3nc12,0
C[C@@H](CO)NC(=O)[C@@H]1C=C2c3cccc4[nH]cc(c34)C[C@H]2N(C)C1,0
CCOC(=O)C(CCc1ccccc1)NC(C)C(=O)N1Cc2ccccc2CC1C(=O)O,1
CC12CCC(=O)C=C1CCC1C2C(O)CC2(C)C1CCC2(O)C(=O)CO,1
Nc1nc2c(c(=O)[nH]1)N=C(CNc1ccc(C(=O)N[C@@H](CCC(=O)O)C(=O)O)cc1)CN2,0
[2H]C([2H])([2H])[C@H](O)C([2H])([2H])CCCn1c(=O)c2c(ncn2C)n(C)c1=O,0
CCC(c1ccc2cc(OC)ccc2c1)C(C)(C)C(=O)O,0
C[C@@]1(c2ccc(F)cc2F)OC(=O)N(Nc2ccccc2)C1=O,0
NCCCCCCCCN,0
CCCCC[C@H](O)/C=C/[C@H]1[C@H](O)CC(=O)[C@@H]1CCCCCCC(=O)O,0
CC(C)=CCCC(C)(O)C1CCC2(C)C1C(O)CC1C3(C)CCC(OC4OC(CO)C(O)C(O)C4O)C(C)(C)C3CCC12C,1
c1cc(-c2cnn3cc(-c4ccc(OCCN5CCCCC5)cc4)cnc23)ccn1,0
O=[As](O)(O)O,1
CNC(=O)c1ccccc1Nc1cc(Nc2ccc(N3CCOCC3)cc2OC)ncc1C(F)(F)F,0
C[N+]1(C)[C@@H]2C[C@H](OC(=O)C(O)(c3cccs3)c3cccs3)C[C@H]1[C@@H]1O[C@@H]12,0
COc1ccc(C=CC(=O)O)cc1OC,1
C=CCC1(CC(=C)Br)C(=O)NC(=O)NC1=O,0
CC(C)=CC(=O)OC1Cc2cc3ccc(=O)oc3cc2OC1(C)C,1
O=c1cc(-c2ccccc2)oc2cccc(O)c12,1
CCCO,0
O=C(O)[C@H](NOCCS)c1c[nH]c2ccccc12,0
COC1C(O)CC(=O)OC(C)CC=CC=CC(OC2CCC(N(C)C)C(C)O2)C(C)CC(CC=O)C1OC1OC(C)C(OC2CC(C)(O)C(O)C(C)O2)C(N(C)C)C1O,1
CC(=O)N1CCN(NC(=O)c2ccc(F)cc2)CC1,0
CCCS(=O)(=O)Nc1ccc(F)c(C(=O)c2c[nH]c3ncc(Cl)cc23)c1F,0
CN(C)CCCCSC(=N)N,0
COc1ccc(NCCNC(=O)[C@H](CC2CCCCC2)Nc2nc3ccccc3o2)cc1,0
OC[C@H](O)CCO/N=C1/C(c2c(O)[nH]c3ccccc23)=Nc2ccccc21,0
O=C1CSC2(CCN(CCCN3c4ccccc4Sc4ccc(Cl)cc43)CC2)N1,0
Cc1ccnc2c1NC(=O)c1cccnc1N2C1CC1,1
[OH],1
O=c1cc(-c2ccc(O)cc2)oc2c([C@@H]3O[C@H](CO)[C@@H](O)[C@H](O)[C@H]3O)c(O)cc(O)c12,0
N=C(N)c1ccc(OCCCOc2ccc(C(=N)N)cc2Br)c(Br)c1,0
O=C(O)c1ccc(NS(=O)(=O)c2ccsc2C(=O)O)c(O)c1,0
CCOCc1nc2c(N)nc3ccccc3c2n1CC(C)(C)O,0
Cc1ncccc1NC(=O)c1ccc2c(c1)CC[C@@H]1C[C@@](OP(=O)(O)O)(C(F)(F)F)CC[C@@]21Cc1ccccc1,0
O=C(O)c1ccccc1Nc1ccccc1C(F)(F)F,0
CCOc1ccc(Cc2cc([C@@H]3O[C@H](SC)[C@@H](O)[C@H](O)[C@H]3O)ccc2Cl)cc1,0
CNC(=O)CNC(=O)c1c(I)c(NC(C)=O)c(I)c(C(=O)O)c1I,0
C[C@H]1C[C@@H]2[C@H]([C@@H](O)C[C@@]3(C)[C@H]2CC[C@]3(O)C(=O)CO)[C@@]2(C)C=CC(=O)C=C12,0
O=C(Cc1ccc(F)cc1)NC(=O)Nc1ccc(Oc2ccnc3[nH]ccc23)c(F)c1,0
CC(=O)N[C@@H](Cc1ccc(Cl)cc1)[B-](O)(O)O,0
CS(=O)(=O)c1ccc(CN2CCN(c3cn[nH]c3-c3cc(Cl)c(O)cc3O)CC2)cc1,0
Nc1nc2c(ncn2[C@@H]2O[C@@H]3COP(=O)(O)O[C@H]3[C@H]2O)c(=O)[nH]1,0
CC(C)CCCCCCC/C=C\CC(=O)N[C@@H](CC(N)=O)C(=O)N[C@@H]1C(=O)N2CCCC[C@@H]2C(=O)N[C@@H]([C@H](C)C(=O)O)C(=O)N[C@@H](CC(=O)O)C(=O)NCC(=O)N[C@@H](CC(=O)O)C(=O)NCC(=O)N[C@H]([C@@H](C)N)C(=O)N[C@@H](C(C)C)C(=O)N2CCC[C@H]2C(=O)N[C@H]1C,0
CCc1noc(CC)c1C(=O)O[C@H]1C(C)=C[C@]23C(=O)[C@@H](C=C(CO)[C@@H](O)[C@]12O)[C@H]1[C@@H](C[C@H]3C)C1(C)C,0
CCCC(CCC)C(=O)NCC(N)=O,0
OCc1cc([C@@H](O)CNCCCCCCOCCOCc2c(Cl)cccc2Cl)ccc1O,0
COC1=C2CC(C)CC(OC)C(O)C(C)C=C(C)C(OC(N)=O)C(OC)C=CC=C(C)C(=O)NC(=CC1=O)C2=O,1
C=C(C)[C@@H]1CC[C@]2(C)CC[C@]3(C)[C@H](CC[C@@H]4[C@@]5(C)CC[C@H](O)C(C)(C)[C@@H]5CC[C@]43C)[C@@H]12,0
NCCc1c[nH]c2ccc(F)cc12,1
COc1c2occc2cc2ccc(=O)oc12,1
COC(=O)C(N)CCCN=C(N)N[N+](=O)[O-],1
Cc1nnc2n1-c1ccc(Cl)cc1C(c1ccccc1)=NC2,1
O=C(O)[C@H](CCCN1C(=O)N[C@@]2(O[C@H](COP(=O)(O)O)[C@@H](O)[C@H]2O)C1=O)N(O)CO,0
COC1=C(OC)C(=O)C(CCCCCCCCCCCCO)=C(C)C1=O,0
CCCC1CC(=O)N(C(CC)C(N)=O)C1,0
NC(=O)c1cccc(C2C[C@H]3CC[C@@H](C2)N3CCN(CC2CCCCC2)C(=O)[C@@H](O)CO)c1,0
ClC(Cl)Cl,1
CC(C)N(O)C(=O)C(=O)O,0
CC1=C(C(=O)c2ccccc2)[C@@H](c2cccc(O)c2)NC(=S)N1C,0
CC(C)NC(C)Cc1ccc(I)cc1,0
NS(=O)(=O)NC[C@H]1COc2cc(Cl)ccc2O1,0
O=[N+]([O-])c1cccc(N=C2N=CCC(c3cccc(Cn4cncn4)c3)=N2)c1,0
NNC(=O)c1ccc(N)cc1O,0
C#CC1(OC(N)=O)CCCCC1,0
CC1OC(OCC2OC(Oc3c(-c4ccc(OCCO)c(OCCO)c4)oc4cc(OCCO)cc(O)c4c3=O)C(O)C(O)C2O)C(O)C(O)C1O,1
CC1=C(/C=C/C(C)=C/C=C/C(C)=C/C(=O)Oc2c(C)c(C)c3c(c2C)CCC(C)(CCCC(C)CCCC(C)CCCC(C)C)O3)C(C)(C)CCC1,0
CC[C@@]12CCCN3CCc4c(n(c5ccccc45)C(=O)C1)[C@H]32,0
CC(C)C[C@H](CN)CC(=O)O,1
Clc1cc(Cl)cc(Cl)c1,0
NC(=O)Nc1ccc(OC(F)(F)F)cc1,0
COc1ccc(-n2nccn2)c(C(=O)N2CCCC2(C)c2nc3c(C)c(Cl)ccc3[nH]2)c1,0
Cc1cc(=O)oc2cc(N)ccc12,0
O=C(c1cc(Cc2n[nH]c(=O)c3ccccc23)ccc1F)N1CCN(C(=O)C2CC2)CC1,1
Cc1nc2n(c(=O)c1CCN1CCC(c3noc4cc(F)ccc34)CC1)CCCC2O,1
CCCS(=O)(=O)N[C@H]1C[C@@H](N(C)c2ncnc3[nH]ccc23)C1,0
CC(=O)Oc1cccc(O)c1,0
NCCC[C@H](NC(=O)[C@@H]1CCCN1C(=O)[C@@H]1CSSC[C@H](N)C(=O)N[C@@H](Cc2ccc(O)cc2)C(=O)N[C@@H](Cc2ccccc2)C(=O)N[C@@H](CCC(N)=O)C(=O)N[C@@H](CC(N)=O)C(=O)N1)C(=O)NCC(N)=O,0
Cn1nnnc1SCC1=C(C(=O)O)N2C(=O)[C@@H](NC(=O)[C@H](OC=O)c3ccccc3)[C@H]2SC1,0
CCCCc1oc2ccccc2c1C(=O)c1cc(I)c(OCCN(CC)CC)c(I)c1,1
COCC[C@H]1C[C@H]2CN3CCc4c([nH]c5ccccc45)[C@](C(=O)OC)(C2)[C@H]13,0
COCCOCCOCCOc1ccc(C(C)(C)CC(C)(C)C)cc1,0
O=S(=O)(c1ccc2c(c1)OCCO2)N1CCN(S(=O)(=O)c2c(F)cccc2F)CC1,0
O=C1CN(/N=C/C=C/c2ccc([N+](=O)[O-])o2)C(=O)N1,0
COc1ccc(CCO[C@@H]2CCCC[C@H]2N2CC[C@@H](O)C2)cc1OC,0
CC(C(=O)O)c1ccc2c(c1)[nH]c1ccc(Cl)cc12,0
CC(C)CCC[C@@H](C)CCC[C@@H](C)C[C@@H](O)P(=O)(O)O,0
CO[C@H]1/C=C/O[C@@]2(C)Oc3c(C)c(O)c4c(O)c(c5c(c4c3C2=O)NC2(CCN(CC(C)C)CC2)N=5)=NC(=O)/C(C)=C\C=C\[C@H](C)[C@H](O)[C@@H](C)[C@@H](O)[C@@H](C)[C@H](OC(C)=O)[C@@H]1C,0
N=C(N)c1ccc(/C=C/c2ccc(C(=N)N)cc2)cc1,1
CC(C)[C@@H]1CC[C@@H](C)C[C@H]1OC(=O)c1ccccc1O,0
Cc1cc(=O)oc2cc(O[C@@H]3SC[C@@H](O)[C@H](O)[C@H]3O)ccc12,0
CCS(=O)(=O)CCn1c([N+](=O)[O-])cnc1C,1
O=[As](O)(O)c1ccccc1,1
CN1C(C)(C)CCCC1(C)C,0
COc1ccc2c(C(=S)N(C)CC(=O)O)cccc2c1C(F)(F)F,1
CCCCCC(C=CC=CCCCCCCCC(=O)O)OO,1
Fc1ccc(-c2ccc3c(c2)[nH]c2ccncc23)cn1,0
O=C(NC1CCN(CCCCC2(C(=O)NCC(F)(F)F)c3ccccc3-c3ccccc32)CC1)c1ccccc1-c1ccc(C(F)(F)F)cc1,1
CCCCC1C/C=C/C=C/C=C/C=C/C(O[C@@H]2O[C@H](C)[C@@H](O)[C@H](N)[C@@H]2O)CC2OC(O)(CC(O)CC3OC3/C=C/C(=O)O1)CC(O)C2C(=O)O,0
C[C@H](Cc1ccc(O)c(O)c1)[C@@H](C)Cc1ccc(O)c(O)c1,0
CCc1ccc(Nc2c(F)c(F)cc(F)c2F)c(CC(=O)O)c1,0
NC(=O)n1c(O)c(C(=O)c2cccs2)c2cc(Cl)ccc21,0
CC1=C(/C=C/C(C)=C/C=C/C(C)=C/CO)C(C)(C)CCC1=O,0
OC[C@H]1O[C@@H](Oc2cc(O)cc(/C=C/c3ccc(O)cc3)c2)[C@H](O)[C@@H](O)[C@@H]1O,0
COc1ccc(C2CNC(=O)C2)cc1OC1CCCC1,0
N[C@@H](CNC(=O)[C@H](Cc1ccccc1)NC(=O)[C@H](Cc1ccccc1)NC(=O)CCCCCCCNC(=O)CC[C@H](NC(=O)N[C@@H](CCC(=O)O)C(=O)O)C(=O)O)C(=O)N[C@@H](CC(=O)O)C(=O)N[C@@H](CS)C(=O)O,0
N[C@H](CCC(=O)N[C@@H](Cc1c[nH]c2ccccc12)C(=O)O)C(=O)O,0
CC(C)CCC[C@H](C)CCC[C@H](C)CCC[C@H](C)CCO,0
CN1C[C@@H]2C(CN(Cc3ccc(F)c(Cl)c3)C(=O)c3cn(C)cn3)[C@@H]2C1,0
OC[C@@H](O)Cc1ccccc1,0
C=C1C(=O)OC2C=C(C)C(O)CC3OC3(C)CC(OC(=O)C(C)=CC)C12,1
CCc1c(CC)c2cc3nc(cnc4cc(OCCOCCOCCOC)c(OCCOCCOCCOC)cc4ncc4nc(cc1[nH]2)C(CCCO)=C4C)C(C)=C3CCCO,0
C[C@H]1C[C@@H](OC(=O)C(OC(=O)c2cccnc2)c2ccccc2)CC(C)(C)C1,0
C/C=C1/CN(C)[C@@H]2Cc3c([nH]c4ccccc34)[C@@H](c3cc4[nH]c5c(c4cc3OC)CCN3C[C@H]4C[C@H](CC)[C@H]3[C@@]5(C(=O)OC)C4)C[C@@H]1C2C(=O)OC,0
CCCCCCCC(=O)O[C@H](COC(=O)CCCC)COP(=O)(O)OC[C@@H](O)CO,0
O=c1cc(O)c1=O,1
CCCCCCCC/C=C\CCCCCCCC(=O)OCC(COC(=O)CCCCCCC/C=C\CCCCCCCC)OC(=O)CCCCCCC/C=C\CCCCCCCC,0
O=C1N2C=C(c3ccc(O)cc3)N[C@@H](Cc3ccccc3)C2=N[C@@]1(Cc1ccc(Br)cc1)OO,0
N[C@H]1[C@@H](OP(=O)(O)O)O[C@H](CO)[C@@H](O)[C@@H]1O,0
CCC(C=CC(C)C1CCC2C3CC=C4CC(O)CCC4(C)C3CCC12C)C(C)C,1
O=C(Nc1ccc([N+](=O)[O-])cc1Cl)c1cc(Cl)ccc1O,0
Cc1c(CCOP(=O)([O-])O)sc[n+]1Cc1cnc(C(F)(F)F)nc1N,0
Nc1nc(=S)c2[nH]cnc2[nH]1,1
CC(=O)OC1C(O)C2OC3C=C(C)C(=O)C(O)C3(CO)C1(C)C21CO1,1
CC(CN1c2ccccc2Sc2ccccc21)[N+](C)(C)C,0
CC(=O)N1CCN([C@H]2CCN(C(=O)N(C)[C@H](C)c3cc(C(F)(F)F)cc(C(F)(F)F)c3)[C@@H](c3ccc(F)cc3C)C2)CC1,0
CN(C)CCCN1c2ccccc2C(C)(C)c2ccccc21,1
C[C@]1(C(=O)O)OC[C@H]2O[C@@H](O[C@H]3[C@H](O)[C@@H](O)C(O)O[C@@H]3C(=O)O)[C@@H](O)[C@@H](O)[C@@H]2O1,0
O=C(NCC1CCOCC1)c1cnc(Nc2ccc(Cl)cc2Cl)nc1C(F)(F)F,0
CCCCCCCCCCCCCCCC(=O)OCC(O)C1OC(=O)C(O)=C1O,1
CCCC(=O)c1ccc2c(c1)N(CCCN1CCN(C)CC1)c1ccccc1S2,0
C[C@@H](O)C(=O)O,0
COc1ccc(S(=O)(=O)N(Cc2cccnc2)c2c(C)cccc2C(=O)NO)cc1,0
CC(C)(C)NC(=O)[C@@H]1CN(Cc2cc3ccccc3o2)CCN1C[C@@H](O)C[C@@H](Cc1ccccc1)C(=O)NC1c2ccccc2C[C@H]1O,0
CC(C)=CCCC1(C)CC(O)c2c(O)c3c(c(CC=C(C)C)c2O1)OC12C(=CC4CC1C(C)(C)OC2(CC=C(C)C(=O)O)C4=O)C3=O,1
CCCCCCOc1ccccc1C(N)=O,0
O=c1c2cc(O)ccc2oc2cccc(O)c12,1
O=C(CBr)NCCC(=O)N[C@@H](CO)C(=O)NCCc1ccc(NC(=O)C(=O)O)cc1,0
CCC(C)C(N)C(=O)O,1
O=C(CCS)N1CCc2c([nH]c3ccccc23)C1,0
CC1C(=O)OC2C(O)C34C5CC(C(C)(C)C)C36C(OC(=O)C6O)OC4(C(=O)O5)C12O,1
CCC[C@H](N[C@H]1CCc2cc(F)cc(F)c2C1)C(=O)Nc1cn(C(C)(C)CNCC(C)(C)C)cn1,0
COc1cccc2c1C(=Nc1ncnc3c1ncn3C1CC(O)C(CO)O1)c1[nH]c(O)c3cc4c(c-2c13)OCO4,1
CN1CCN(C(=O)O)CC1,0
CN(Cc1ccccc1)N=O,1
CNC=O,1
Cc1nc(NS(=O)(=O)c2ccc(N)cc2)nc(C)c1Br,0
CC(=CCC1=C(C)C(=O)c2ccccc2C1=O)CCCC(C)CCCC(C)CCCC(C)C,0
COC(=O)CCC=C=CC[C@H]1[C@H](/C=C/[C@H](O)COc2ccccc2)[C@@H](O)C[C@H]1O,0
C[C@]12CC[C@H](O)C[C@H]1CC[C@@H]1[C@@H]2CC[C@]2(C)[C@@](O)(c3ccoc3)CC[C@]12O,0
O=P(O)(O)CNC[C@@H](O)[C@@H](O)[C@H](O)[C@H](O)COP(=O)(O)O,0
CC(=O)OCC1=C(C(=O)O)N2C(=O)C(N)C2SC1,1
CCc1nc(N)nc(N)c1-c1ccc2c(c1)N(CCCOC)[C@H](c1ccccc1)CC2,0
Oc1ccc([C@@H]2Oc3ccc(O)cc3[C@@H]3CC(F)(F)C[C@@H]32)cc1,0
CC/C=C(\C(=O)N[C@@H]1C(=O)N2C(C(=O)OCOC(=O)C(C)(C)C)=C(COC(N)=O)CS[C@H]12)c1csc(N)n1,1
COC(=O)c1c(O)cccc1OC/C=C/c1cccc(-c2onc(C(=O)O)c2CO)c1,0
CCCCCCCCCCCCCCCCO,0
CCN(CC)CCOc1ccc(/C(=C(/Cl)c2ccccc2)c2ccccc2)cc1,0
C/C(=C(/CCO)SSCC1CCCO1)N(C=O)Cc1cnc(C)nc1N,0
CC(=O)Nc1ccc(C(=O)O)cc1,0
C[C@@H]1C[C@@H](OC(=O)c2cccnc2)CC(C)(C)C1,0
Oc1ccc(-c2n[nH]c3cc(O)ccc23)c(O)c1,0
CCC(C(=O)O)C1(O)CCCCC1,0
C[C@H]1OC[C@]2(c3cc(NC(=O)c4cnc(C(F)F)cn4)ccc3F)N=C(N)SC[C@H]12,0
CC(=O)C1CCC2C3CCC4CC(=O)CCC4(C)C3CCC12C,1
O=C(CNS(=O)(=O)C1CCCCC1)N[C@H](CCNc1ccncc1)C(=O)N1CCCCC1,0
CC(C)C[C@H](CC(=O)NO)C(=O)N[C@H]1Cc2cn(c3ccccc23)CCCCCCNC1=O,0
NC(=O)N1c2ccccc2C=Cc2ccccc21,1
COc1cc(Br)c(C[N+]2(CCOCCC3CCC4CC3C4(C)C)CCOCC2)cc1OC,0
CC[n+]1c(-c2ccccc2)c2cc(N)ccc2c2ccc(N)cc21,1
CCC(=O)N(c1ccccc1)C1CCN(C(C)Cc2ccccc2)CC1,0
Cc1nc(N)sc1-c1ccnc(Nc2cccc([N+](=O)[O-])c2)n1,0
CC[C@H]1C[C@H]2[C@@H]3CCC4=CC(=O)CC[C@@H]4[C@H]3CC[C@]2(C)[C@H]1O,0
CC12C=CC(=O)C=C1CCC1C2C(=O)CC2(C)C1CCC2(O)C(=O)CO,1
CCOC(=O)Oc1c(OC)cc(C(=O)O[C@@H]2C[C@@H]3CN4CCc5c([nH]c6cc(OC)ccc56)[C@H]4C[C@@H]3[C@H](C(=O)OC)[C@H]2OC)cc1OC,0
CN1CC(O)c2cc(N=NC(N)=O)c(O)cc21,0
C[C@H]1CC=CC(=O)O1,0
C[C@@H]1C[C@H]2[C@@H]3C[C@H](F)C4=CC(=O)C=C[C@]4(C)[C@H]3[C@@H](O)C[C@]2(C)[C@H]1C(=O)CO,0
CC1(C)CCSc2ccc(C#Cc3ccc(C(=O)O)cn3)cc21,1
C[S+](CCON)C[C@@H]1O[C@@H](n2cnc3c(N)ncnc32)[C@H](O)[C@@H]1O,0
NCCc1ccc(O)cc1,0
NCC(O)c1ccc(O)c(O)c1,0
CC[N+](C)(C)CCCS(=O)(=O)[O-],0
BrC(Br)Br,0
Nc1nc2c(ncn2[C@@H]2O[C@H](CO)[C@H]3O[C@H](P(=O)(O)O)O[C@H]32)c(=O)[nH]1,0
CCC1OC(=O)C(C)C(OC2CC(C)(OC)C(O)C(C)O2)C(C)C(OC2OC(C)CC(N(C)C)C2O)C(C)(O)CC(C)C(=O)C(C)C(O)C1(C)O,1
Nc1ncnc2c1ncn2[C@@H]1O[C@H](COP(=O)(O)OP(=O)(O)O)[C@@H](O)[C@H]1OP(=O)(O)O,0
CCCNC(=O)c1nnc2c(-c3cc(OC)ccc3OC)cccc2c1N,0
O=C(O)CCON=C1c2ccccc2-c2ccccc21,0
NCCCC[C@@H]1NC(=O)[C@@H](Cc2c[nH]c3ccccc23)NC(=O)[C@H](c2ccccc2)NC(=O)[C@@H]2C[C@@H](OC(=O)NCCN)CN2C(=O)[C@H](Cc2ccccc2)NC(=O)[C@H](Cc2ccc(OCc3ccccc3)cc2)NC1=O,0
Cc1ccc(C(=O)C=Cc2cccc([N+](=O)[O-])c2)cc1,1
Nc1nccc2ccc(CN3CC[C@H](NS(=O)(=O)c4cc5ncccc5s4)C3=O)cc12,0
CC[C@H](C=O)[C@@H](CNS(=O)(=O)c1ccc(C)cc1)C(=O)O,0
C#C[C@]1(O)CC[C@H]2[C@@H]3CCc4cc(O)ccc4[C@H]3[C@@H](OC)C[C@@]21C,0
CCCCN1C[C@H](OC(=O)CCC)[C@@H](OC(=O)CCC)[C@H](OC(=O)CCC)[C@H]1COC(=O)CCC,0
O=C(O)[C@H](CC(=O)N1C[C@H]2CCCC[C@H]2C1)Cc1ccccc1,0
CC1(O)CCC2C3CCC4=CC(=O)CCC4=C3C=CC21C,1
CCCCCCCCCCCCOc1ccc(NC(=N)N)cc1NC(=N)N,0
C[Hg]C,1
CC(C)(C)NC(=O)N1CCN(C(=O)N[C@H](C(=O)O)[C@H](C=O)CCCN=C(N)N)CC1,0
CCCCCNC(=O)[C@H](Cc1ccc(OC(C(=O)O)C(=O)O)cc1)NC(=O)N[C@@H](Cc1ccccc1)C(=O)O,0
CCCC(C)(O)C1C[C@@]23C=CC1(OC)C1Oc4c(O)ccc5c4[C@@]12CCN(C)[C@@H]3C5,0
COS(C)(=O)=O,1
O=C(c1c(O)cc(O)cc1O)n1cccc1,0
NC1CCN(C(=O)C[C@H]2CC[C@]3(CC2)OO[C@]2(O3)C3CC4CC(C3)CC2C4)CC1,0
CC(C)OP(=O)(OC(C)C)SCc1ccccc1,1
NCC1CCN(Cc2ccc3[nH]c(-c4cc5ccccc5[nH]c4=O)cc3c2)CC1,0
NS(=O)(=O)c1cc(C(=O)O)cc(N2CCCC2)c1Oc1ccccc1,0
COCC(COC)n1ccc2c3c(N)nc(N)nc3ccc21,0
CC(F)(F)c1nnc(N[C@H](c2cn3ncc([C@@H](C4CC4)N4C[C@@H](C(F)(F)F)NC4=O)cc3n2)C2CCC(F)(F)CC2)o1,1
Cc1cc(CCCCCCCOc2ccc(C3=N[C@H](C)CO3)cc2)on1,0
Cc1nc(N(C)C)nc(OC(=O)N(C)C)c1C,1
CC(C)n1c(C=CC(O)CC(O)CC(=O)O)c(-c2ccc(F)cc2)c2ccccc21,1
O=C(NC(Cc1ccccc1)c1ccccc1)c1cccnc1,0
Cc1c(C)c2c(c(C)c1O)CC[C@](C)(COc1ccc(C[C@H]3SC(=O)NC3=O)cc1)O2,0
C[C@@H]1C[C@H](N)N[C@H]1C(=O)O,0
CCC(C)C(C)C1Nc2cc(Cl)c(S(N)(=O)=O)cc2S(=O)(=O)N1,0
CC(C)SC(=N)N,0
N[C@H](C(=O)O)c1ccc(O)c(Cl)c1,0
C[C@H](O)CCO,0
O=C(Cc1cccs1)N[C@H](B(O)O)c1ccccc1,0
C=C1C(=CC=C2CCCC3(C)C2CCC3C(C)C=CC=CC(O)(CC)CC)CC(O)CC1O,1
Cc1c(Cc2ccccc2)nnc(N2CCN(c3cnc(C(C)(C)O)cn3)[C@H](C)C2)c1C,0
O=C(O)c1ccc[nH]1,0
CN1[C@@H]2CC[C@H]1CC(OC(=O)[C@H](CO)c1ccccc1)C2,0
Cn1cc(C2=C(c3cn(C)c4cc([N+](=O)[O-])ccc34)C(=O)NC2=O)c2ccccc21,0
CCCCCCCCCC(=O)OC1CCC2C3CCC4=CC(=O)CCC4C3CCC12C,1
CC(CCl)OP(=O)(OC(C)CCl)OC(C)CCl,1
CNC1CCCN(c2c(F)cc3c(=O)c(C(=O)O)cn(C4CC4)c3c2OC)C1,1
COc1ccc(-c2oc3c(CC=C(C)C)c(OC4OC(CO)C(O)C(O)C4O)cc(O)c3c(=O)c2OC2OC(C)C(O)C(O)C2OC2OCC(O)C(O)C2O)cc1,1
C[C@]12CC[C@H]3[C@@H](CC[C@H]4CC(=O)CC[C@@H]43)[C@@H]1CCC2=O,0
CCS(=O)(=O)Nc1ccc(F)c(C(=O)c2c[nH]c3ncc(-c4cccnc4)cc23)c1F,0
COC[C@H](O)Cn1c(=O)cnn(-c2ccc(Cl)c(C(=O)NCC3(O)CCCCCC3)c2)c1=O,0
CCOC(=O)NNc1nncc2ccccc12,1
CCN(C)C(C)C=C(c1cccs1)c1cccs1,0
O=C(O)c1ccc(N=Cc2ccccc2O)c(N=Cc2ccccc2O)c1,0
Nc1ccc(Cl)cc1[N+](=O)[O-],1
CCCCCCCCNc1nc(=O)n(Cc2ccccc2)cc1C,0
C#CCOS(=O)OC1CCCCC1Oc1ccc(C(C)(C)C)cc1,1
C=C(C)CCOP(=O)(O)OP(=O)(O)O,0
COc1ccccc1C(=O)NCCc1ccc(S(=O)(=O)NC(=O)NC2CCCC2)cc1,0
COc1cccc([C@@H](Oc2ccc3c(cnn3-c3ccc(F)cc3)c2)[C@H](C)NC(=O)C(F)(F)F)c1,0
c1ccc2c(c1)c1ccccc1c1ccccc21,1
NS(=O)(=O)c1nnc(NS(=O)(=O)c2ccccc2)s1,0
COc1cc2c(Nc3c(Cl)ccc4c3OCO4)ncnc2cc1OCCCN1CCCCC1,0
CCCCC(C)(C)[C@H](O)/C=C/[C@H]1[C@H](O)CC(=O)[C@@H]1CCCC/C=C/C(=O)OC,0
CC(C)=CCC/C(C)=C/CC/C(C)=C/CC/C(C)=C/Cc1cc(O)cc(Sc2ccccc2C(=O)O)c1O,0
CC(C)C(C(=O)O)C(O)C(=O)O,0
CC(C)N1C[C@@H]2C[C@H]1CN2c1ccc(Nc2ncc(-c3coc(C(N)=O)c3)n3ncnc23)cc1,0
C[C@]12CC[C@H]3C(=CCc4cc(O)ccc43)[C@@H]1CCC2=O,0
CC(C)=CCn1cnc(=N)c2[nH]cnc21,0
O[C@H]([C@H](O)[C@@H](O)CBr)[C@H](O)CBr,0
Cc1nc2ccccc2c(=O)n1-c1ccccc1Cl,0
CCc1nc(N)nc(N)c1-c1ccccc1,0
CSC[C@H]1N[C@@H](c2c[nH]c3c2NC=NC3N)[C@H](O)[C@@H]1O,0
CC1(C)NC(=O)N(c2ccc([N+](=O)[O-])c(C(F)(F)F)c2)C1=O,1
c1ccc2c(c1)sc1ccccc12,1
CCCC(=O)O[C@]1(C(=O)COC(=O)CC)[C@@H](C)C[C@H]2[C@@H]3CCC4=CC(=O)C=C[C@]4(C)[C@@]3(F)[C@@H](O)C[C@@]21C,0
CC[C@@H](C(=O)O)[C@H](NS(=O)(=O)c1ccc(C)cc1)C(=O)O,0
NCCCSC[C@H](N)CO,0
Cc1cc2nc3c(=O)[nH]c(=O)nc-3n(C[C@H](O)[C@H](O)[C@H](O)CO)c2cc1C,0
O=C(O)CSc1nnc(Br)n1-c1ccc(C2CC2)c2ccccc12,0
NC[C@H]1CC[C@H](C(=O)c2ccc(CCC(=O)O)cc2)CC1,0
CN1C(=O)N[C@@]2(O[C@H](CO)[C@@H](O)[C@H](O)[C@H]2O)C1=O,0
COc1cc(-c2ccc3c(c2)NC(=O)/C3=C\c2ccc[nH]2)ccc1O,0
Cc1cc2nc3c(=O)[nH]c(=O)nc-3n(C[C@H](O)[C@H](O)[C@H](O)COP(=O)(O)OP(=O)(O)OC[C@H]3O[C@@H]([n+]4c[nH]c5c(N)ncnc54)[C@H](O)[C@@H]3O)c2cc1C,0
NC[C@@H](NC(=O)c1ccc(-c2ccnc3[nH]ccc23)s1)c1ccccc1,0
N=C(N)c1ccc(NC(=O)Nc2ccc(Cl)cc2)cc1,0
CN(C)c1nc(N)c(C(=O)N=C(N)N)nc1Cl,1
COc1c(F)c(F)c(C(N)=O)c(F)c1F,0
CC1C(c2ccccc2)CC(NC(=O)c2cnc3c(c2)CC2(C3)C(=O)Nc3ncccc32)C(=O)N1CC(F)(F)F,0
CC(=O)N[C@H]1[C@H]([C@H](O)[C@H](O)CO)O[C@@](Oc2ccc3c(C)cc(=O)oc3c2)(C(=O)O)C[C@@H]1O,0
CN(Cc1ccc(Cl)cc1)S(=O)(=O)c1ccc(S(N)(=O)=O)cc1,0
C[n+]1ccc(-c2ccccc2)cc1,1
COP(=S)(OC)SCn1nnc2ccccc2c1=O,1
CC(=O)N[C@@H](Cc1cc(I)c(O)c(I)c1)C(=O)N[C@@H](C(=O)O)[C@@H](C)O,0
C[C@H]1C[C@H]2[C@@H]3C[C@H](F)C4=CC(=O)C=C[C@]4(C)[C@@]3(F)[C@@H](O)C[C@]2(C)[C@@]1(O)C(=O)CCl,0
Cc1ccc2[nH]ccc2c1,1
O=C1COc2ccc(OCCCCN3CCN(c4cccc(Cl)c4Cl)CC3)cc2N1,0
CCc1cc(-c2noc(-c3cc(OC)nc(C4CCCC4)c3)n2)cc(C)c1OC[C@@H](O)CO,0
COc1ccccc1OC[C@@H](O)CNC(C)C,0
O=C(O)[C@H]1O[C@@H](O)[C@H](O)[C@@H](O)[C@@H]1O,0
CC(=O)OCC(=O)[C@H]1[C@H](C)C[C@H]2[C@@H]3C[C@H](F)C4=CC(=O)C=C[C@]4(C)[C@@]3(Cl)[C@@H](O)C[C@@]21C,0
N#Cc1cnn2c(Nc3ccccc3)nc(NCc3ccc(Cl)cc3)nc12,0
CCCCCC1OC1CC=CCC=CCC=CCCCC(=O)O,1
Cc1cc2c(cc1C(=O)CCC(=O)O)[C@@H](C(C)C)[C@H](C)C2(C)C,0
CC(C[N+](C)(C)C)OC(N)=O,0
Cc1cn([C@H]2C[C@H](N=[N+]=[N-])[C@@H](COP(=O)(O)OP(=O)(O)O)O2)c(=O)[nH]c1=O,0
OCc1cccnc1,0
CCc1nc(N)nc(N)c1-c1ccc2c(c1)N(CCCOC)C(=O)[C@H](c1cc(F)cc(F)c1)O2,0
C[C@@H](Cl)CCl,0
O=C(O)c1cn(C2CC2)c2cc(N3CCNCC3)c(F)cc2c1=O,1
CCOC(=O)NP(=O)(N1CC1)N1CC1,0
C=CCc1cc(-c2cc(CC=C)c(O)c(CN(CC)CC)c2)cc(CN(CC)CC)c1O,0
CN(CC=Cc1ccccc1)Cc1cccc2ccccc12,0
CC(C)OC(=O)[C@H](C)N[P@](=O)(OC[C@@]1(F)O[C@@H](n2ccc(=O)[nH]c2=O)[C@](C)(O)[C@@H]1O)Oc1ccccc1,0
CN1CCC[C@H]1CCNC(=O)c1cn2c3c(c(N4CCC(c5cnccn5)C4)c(F)cc3c1=O)Oc1cc3ccccc3cc1-2,0
CCC(C)C(NC(=O)C(CCC(=O)O)NC(=O)C(CO)NC(=O)C(NC(=O)C(N)CO)C(C)C)C(=O)NC(CCC(N)=O)C(=O)NC(CC(C)C)C(=O)NC(CCSC)C(=O)NC(Cc1c[nH]cn1)C(=O)NC(CC(N)=O)C(=O)NC(CC(C)C)C(=O)NCC(=O)NC(CCCCN)C(=O)NC(Cc1c[nH]cn1)C(=O)NC(CC(C)C)C(=O)NC(CC(N)=O)C(=O)NC(CO)C(=O)NC(CCSC)C(=O)NC(CCC(=O)O)C(=O)NC(CCCNC(=N)N)C(=O)NC(C(=O)NC(CCC(=O)O)C(=O)NC(Cc1c[nH]c2ccccc12)C(=O)NC(CC(C)C)C(=O)NC(CCCNC(=N)N)C(=O)NC(CCCCN)C(=O)NC(CCCCN)C(=O)NC(CC(C)C)C(=O)NC(CCC(N)=O)C(=O)NC(CC(=O)O)C(=O)NC(C(=O)NC(Cc1c[nH]cn1)C(=O)NC(CC(N)=O)C(=O)NC(Cc1ccccc1)C(=O)O)C(C)C)C(C)C,1
O=C1CCCC(=O)C1=C(O)c1ccc(C(F)(F)F)cc1[N+](=O)[O-],0
Cc1cccc(N)c1N,1
Cc1c(S(=O)(=O)c2ccc(=O)[nH]n2)oc2ccc(Cl)cc12,0
O=C(NC(=O)c1c(F)cccc1F)Nc1cc(Cl)c(OC(F)(F)C(F)C(F)(F)F)cc1Cl,0
CCOC(=O)c1c(C)nn(-c2ccccc2Cl)c1C,0
CN1CCCC[C@H]1CCc1ccccc1NC(=O)/C=C/c1ccccc1,0
CC(=O)SC[C@@H](C)C(=O)N1CCC[C@H]1C(=O)N[C@@H](Cc1ccccc1)C(=O)O,0
OC(c1ccc(NCC(F)(F)F)cc1)(C(F)(F)F)C(F)(F)F,0
O=C1C[C@@H](c2ccccc2)Oc2cc(O)ccc21,0
NC(CCO)(CCO)CCO,0
CC(C)(Cc1ccc2ccccc2c1)NC[C@@H](O)COc1cccc(Cl)c1C#N,0
CC(O)COC[C@H]1O[C@@H]2O[C@H]3[C@H](O)[C@@H](O)[C@@H](O[C@H]4[C@H](O)[C@@H](O)[C@@H](O[C@H]5C[C@@H](O)[C@@H](O[C@H]6[C@H](O)[C@@H](OCC(C)O)[C@@H](O[C@H]7[C@H](O)[C@@H](O)[C@@H](O[C@H]8[C@H](O)[C@@H](O)[C@@H](O[C@H]1[C@H](O)[C@H]2O)O[C@@H]8CO)O[C@@H]7CO)O[C@@H]6CO)O[C@@H]5COCC(C)O)O[C@@H]4COCC(C)O)O[C@@H]3CO,0
C/C=C/CC/C=C/CC/C=C/CCCCCCC(=O)OC[C@H](COP(=O)(O)OCCN)OC(=O)CCCCCCC/C=C/C/C=C/CCC,0
O=C1CCN(C2C[C@H](O)[C@@H](CO)O2)C(=O)N1,0
Cc1nc2cnccc2n1CC1CCN(C(=O)/C=C(/c2ccccc2)c2ccc(N=Nc3ccc(O)c(C(=O)O)c3)cc2)CC1,0
O=C1Nc2cncc(n2)OCCCCCOc2ccc(Cl)cc2N1,0
[La],1
CCC(C)C(NC(=O)C1CCCN1C(=O)C(Cc1cnc[nH]1)NC(=O)C(CCCCNC(=O)C(CCCN=C(N)N)NC(=O)OCc1ccccc1)NC(=O)C(Cc1ccc(O)cc1)NC(=O)c1cccnc1)C(=O)O,1
O=C(O)c1c[nH]c(=O)cn1,1
CCc1nc(N)nc(N)c1C#CCc1cc(OC)ccc1OC,0
CC(C)[C@@H](NC(=O)[C@H](CS)NC(=O)CCC[C@H](N)C(=O)O)C(=O)O,0
COC(=O)[C@@H]1CS[C@]2(c3ccccc3)c3ccccc3C(=O)N12,0
COCCOc1cnc(NS(=O)(=O)c2ccccc2)nc1,0
CC(C)(C)c1cnc(CSc2cnc(NC(=O)C3CCNCC3)s2)o1,0
CC(=O)N[C@@H](Cc1ccccc1)C(O)(O)C(F)(F)F,0
CCCCCOc1ccc(-c2cc(-c3ccc(C(=O)NC4CC(O)C(O)NC(=O)C5C(O)C(C)CN5C(=O)C(C(O)CC(N)=O)NC(=O)C(C(O)C(O)c5ccc(O)c(OS(=O)(=O)O)c5)NC(=O)C5CC(O)CN5C(=O)C(C(C)O)NC4=O)cc3)no2)cc1,1
CC1(C)S[C@@H]2[C@H](NC(=O)C(Oc3ccccc3)c3ccccc3)C(=O)N2[C@H]1C(=O)O,0
O=C(O)C1=C[C@H](O)[C@@H](O)CO1,0
NCCCC[C@H](N)C1=N/C(=C\c2ccc(O)cc2)C(=O)N1CC(=O)O,0
CC(C)=CCCC(C)(O)C1CCC2(C)C1C(O)CC1C3(C)CCC(O)C(C)(C)C3C(OC3OC(CO)C(O)C(O)C3OC3OC(C)C(O)C(O)C3O)CC12C,1
Cc1cccc(CCCN(O)C=O)n1,0
Oc1cccc(Cl)c1,0
O=c1[nH]c(=O)c2c([nH]1)n(C[C@H](O)[C@@H](O)[C@H](O)CO)c(=O)n2CCCCOP(=O)(O)O,0
O=C(O)c1ccc(-c2ccc([N+](=O)[O-])cc2Cl)o1,0
CC(=O)N[C@H](Cc1ccccc1)C(=O)N1CCC[C@H]1C(=O)N[C@@H](CCCN)B(O)O,0
CNC(=O)c1cccc2cc(Oc3ccnc4cc(OCC5(N)CC5)c(OC)cc34)ccc12,0
c1ccc2c(CCNc3ccc(Nc4ccncc4)cc3)c[nH]c2c1,0
CC(=O)NCCSSCCNC(=O)C1CCC(NC(=O)c2nccnc2C(=O)O)CC1,0
COP(=O)(OC)OC(Br)C(Cl)(Cl)Br,1
CC1=C2CC3C(CC=C4CC(O)CCC43C)C2CCC12OC1CC(C)CNC1C2C,1
C[N+](C)(C)C(Cc1c[nH]c(=S)[nH]1)C(=O)[O-],1
CCCCOC(=O)c1ccccc1C(=O)O,1
COC(=O)c1cc(NC(=O)c2cccc(O)c2C)c2cc(C(=N)N)ccc2c1,0
CC(=O)c1ccc(NC(=O)c2cn[nH]c2-c2cc(Cl)c(O)cc2O)cc1,0
O=C(O)Cc1ccc2c(c1)C(=O)c1ccccc1CO2,0
S=C=NCc1ccccc1,1
CC(C)[C@H](NC(=O)[C@H](CCCN=C(N)N)NC(=O)[C@@H](N)CC(N)=O)C(=O)N[C@@H](Cc1ccc(O)cc1)C(=O)N[C@H](C(=O)N[C@@H](Cc1cnc[nH]1)C(=O)N1CCC[C@H]1C(=O)N[C@@H](Cc1ccccc1)C(=O)O)C(C)C,0
C=CC(=O)c1ccc2cc(N(C)C)ccc2c1,1
CN1CCN(C2CCN(C(=O)Nc3cc(Oc4ccc(NC(=O)C5(C(=O)Nc6ccc(F)cc6)CC5)c(F)c4)ccn3)CC2)CC1,0
CCN(CC)CCNC(=O)c1cc(Br)c(N)cc1OC,0
CCCCCCCCNC(=S)N1[C@@H]2OC[C@H]1[C@@H](O)[C@H](O)[C@H]2O,0
CCCCC[C@@](C)(O)/C=C/[C@@H]1[C@@H](CC=C=CCCC(=O)OC)[C@@H](O)C[C@H]1O,0
CC1=CCC(C(C)(C)O)CC1O,0
CN1[C@@H]2CC[C@H]1C[C@@H](OC(=O)c1c[nH]c3ccccc13)C2,0
C=CC(C=Cc1ccc(O)cc1)c1ccc(O)cc1,1
CC12CCC3c4ccc(O)cc4CCC3C1CC(O)C2O,1
CN1C[C@@H](O)C2=CC(=O)C(=O)C=C21,0
CCOc1cc(N)c(Cl)cc1C(=O)NCC1CN(Cc2ccc(F)cc2)CCO1,1
COc1c(N2CC3CCCNC3C2)c(F)cc2c(=O)c(C(=O)O)cn(C3CC3)c12,1
CC(C)[C@@H](NC(=O)Cn1c(-c2ccccc2)ncc(N)c1=O)[C@@H](O)c1nnc(C(C)(C)C)o1,0
CCOP(=S)(OCC)SCSC(C)(C)C,1
COc1c(N2C[C@@H](C)C[C@H](N)C2)ccc2c(=O)c(C(=O)O)cn(C3CC3)c12,0
CCC(C)(C)C(=O)O[C@H]1C[C@@H](C)C=C2C=C[C@H](C)[C@H](CC[C@@H]3C[C@@H](OC(C)=O)CC(=O)O3)[C@H]21,0
CP(=O)(O)Oc1ccc([N+](=O)[O-])cc1,0
Oc1ccc(C2Oc3cc(O)cc(C=Cc4ccc(O)c(C5c6cc(O)cc7c6C(c6cc(O)cc(O)c6C5c5ccc(O)cc5)C(c5ccc(O)cc5)O7)c4)c3C2c2cc(O)cc(O)c2)cc1,1
COc1ccc2nc(NC(=S)NC(=O)c3ccc(Cl)cc3)sc2c1,0
O=C(O)C(=O)CP(=O)(O)O,0
NC(=O)C1(N2CCCCC2)CCN(CCCC(=O)c2ccc(F)cc2)CC1,0
O=C1NC(=O)[C@@H](c2cn3c4c(cccc24)CCC3)[C@@H]1c1c[nH]c2ccccc12,0
[Be],1
CN(C)c1cccc2c(S(=O)(=O)O)cccc12,0
O=c1ccn([C@@H]2O[C@H](COP(=O)(O)OP(=O)(O)OP(=O)(O)OP(=O)(O)OC[C@H]3O[C@@H](n4ccc(=O)[nH]c4=O)[C@H](O)[C@@H]3O)[C@@H](O)[C@H]2O)c(=O)[nH]1,0
CN1CCN(CCN2CCN(CCCN3c4ccccc4Sc4ccc(Cl)cc43)CC2)C1=O,0
Cc1cc(C(=O)N[C@@H](CCC(=O)O)C(=O)O)sc1CC[C@@H]1CNc2nc(N)[nH]c(=O)c2C1,0
N[C@H]1CN(C(=O)c2cnc3ccccc3n2)C[C@H]1C(=O)N1CCCC1,0
C=CC[C@]1(O)CC[C@H]2[C@@H]3CCC4=CC(=O)CCC4=C3C=C[C@@]21C,0
CC(=O)O[C@H]1O[C@@H](n2ccc(=O)[nH]c2=O)[C@H](OC(C)=O)[C@@H]1OC(C)=O,0
CCCC=CCC=CC=CC=NNN=O,1
OB1OCCO1,0
N[C@@H](CSCCS(N)(=O)=O)C(=O)O,0
CC(=O)NS(=O)(=O)c1cc(N)ccc1S(=O)(=O)c1ccc(N)cc1,0
CC(C)(C)CC(=O)O/N=C/c1ccc(O)cc1,0
CC(=O)O[C@H]1CC[C@H]2[C@@H]3CC[C@H]4CC(=O)C=C(C)[C@]4(C)[C@H]3CC[C@]12C,1
N[C@H]1CC(C(=O)N2CCn3c(nnc3C(F)(F)F)C2)=CC[C@@H]1c1cc(F)c(F)cc1F,0
CCc1nc2ccc(Br)cc2c(=O)n1-c1nc2c(OC)cccc2s1,0
N#CC(OC1OC(COC2OC(CO)C(O)C(O)C2O)C(O)C(O)C1O)c1ccccc1,1
CCCCCCCCCCCCCCCCCC(=O)NCCCC[C@H](NC(=O)CC[C@@H](NC(=O)[C@H](C)NC(=O)[C@@H](C)O[C@H]1[C@H](O)[C@@H](CO)OC(O)[C@@H]1NC(C)=O)C(N)=O)C(=O)O,0
NC(=O)OCC(O)COc1ccc(Cl)cc1,0
CCCCNC(=O)c1ccc(Cl)cc1O,0
COc1cc(-c2[o+]c3cc(O)cc(O)c3cc2OC2OC(CO)C(O)C(O)C2O)cc(OC)c1O,1
COc1cncc(-c2cccc(CNc3cccnc3N)c2)c1,0
C[N+]1(C)C2CC(OC(=O)C(CO)c3ccccc3)CC1C1OC12,0
C/C=C1/C(=O)N[C@@H](C(=O)O)[C@H](C)C(=O)N[C@@H](C(C)C)C(=O)N[C@@H](/C=C/C(C)=C/[C@H](C)[C@H](Cc2ccccc2)OC)[C@H](C)C(=O)N[C@@H](C(=O)O)CCC(=O)N1C,0
CCOC(=O)[C@H](CCc1ccccc1)CC1(C(=O)N[C@H]2CCc3ccccc3N(CC(=O)O)C2=O)CCCC1,0
NS(=O)(=O)Oc1ccc2c(c1)S(=O)(=O)C(CC1CCCCCC1)=C2,0
C[C@@H]1C[C@@]2(C)[C@@H](CC[C@@H]3[C@@H]2CC[C@]2(C)[C@@H](O)CC[C@@H]32)CC1=O,0
CC1(OC(=O)C=Cc2ccccc2)CC(O)C2(O)C=COC(OC3OC(CO)C(O)C(O)C3O)C12,1
Nc1nc2c(ncn2[C@@H]2O[C@H](COP(=O)(O)OP(=O)(O)CP(=O)(O)O)[C@@H](O)[C@H]2O)c(=O)[nH]1,0
O=C1CN(/N=C/c2ccc(-c3ccc([N+](=O)[O-])cc3)o2)C(=O)N1,1
Cc1cc2c(nc1N)[nH]c1ccccc12,1
CSCCNc1nc(SCCC(F)(F)F)nc2c1ncn2[C@@H]1O[C@H](COP(=O)(O)OP(=O)(O)C(Cl)(Cl)P(=O)(O)O)[C@@H](O)[C@H]1O,0
CCOc1cc(-c2nncn2C)ccc1Nc1ncc2cc(C)nc(NCC(C)(C)C)c2n1,0
CCNC(=O)c1cc2c(-c3cc(OCCN4CCCC4)c(Cl)cc3Cl)nc(N)nc2s1,0
CC(C)=CCCC(C)=CCCC(C)=CCCC1(C)CCc2c(C)c(O)c(C)c(C)c2O1,1
COCC(=O)OC1(CCN(C)CCCc2nc3ccccc3[nH]2)CCc2cc(F)ccc2C1C(C)C,1
CC[C@]12CCCN3CCc4c(n(c5ccccc45)C(=O)C1)[C@@H]32,0
CCCCCCCCCCC,1
NC(N)=NCCC[C@@H]1NC(=O)[C@@H]2CCCN2C1=O,0
CCCC[C@H](C(=O)O)c1c[nH]c2ccccc12,0
CCCC[C@H](N)C=O,0
C[C@@H](O)[C@H](N)c1nc(/C=C2/C=Nc3ccccc32)c(O)n1CC(=O)O,0
O=C(O)[C@]1(O)C=C(F)[C@@H](O)[C@H](O)C1,0
OC[C@H]1O[C@@H](n2cnc3cc(Cl)c(Cl)cc32)[C@H](O)[C@@H]1O,0
CCN(CC)C(COC(=O)c1ccc(N)cc1)CC(C)C,0
OC[C@H]1O[C@@H](O[C@H]2[C@H](O)[C@@H](O)[C@H](O[C@H]3[C@H](O)[C@@H](F)[C@@H](O)O[C@@H]3CO)O[C@@H]2CO)[C@H](O)[C@@H](O)[C@@H]1O,0
CC(C)CN(CC(O)C(Cc1ccccc1)NC(=O)OC1COC2OCCC12)S(=O)(=O)c1ccc(N)cc1,1
CC(C)(C)c1cc(NC(=O)Nc2cccc3ccccc23)n(-c2cccc(N)c2)n1,0
CCCc1cc2nc3ccccc3nc2s1,0
Cc1sc2c(c1C)C(c1ccc(Cl)cc1)=N[C@@H](CC(=O)NCCCN1CCN(C)CC1)c1nnc(C)n1-2,0
CCOCCOCCOCC,0
CCS(=O)(=O)N1CCN(c2ccc(Nc3ncc(C(N)=O)c(NC4CC4)n3)cc2)CC1,0
COc1cn(-c2ccc(-n3cccn3)cc2F)nc(-c2ccnn2-c2ccccc2)c1=O,0
O=C(N/N=C/c1cc(Br)c(O)c(Br)c1O)c1cccc(Br)c1,0
CC(=O)OCC(=O)[C@@]1(O)[C@@H](C)C[C@H]2[C@@H]3CCC4=CC(=O)C=C[C@]4(C)[C@H]3C(=O)C[C@@]21C,0
Cn1cc(S(=O)(=O)N2CCC3=Cc4c(cnn4-c4ccc(F)cc4)C[C@]3(C(=O)c3cc(C(F)(F)F)ccn3)C2)cn1,0
NC(=O)N1c2ccccc2CC(O)c2ccccc21,1
CCCCCCCCCCCCCCCC(=O)OC[C@H](COP(=O)(O)OCC(O)CO)OC(=O)CCCCCCC[C@H]1C[C@H]1CCCCCC,0
Clc1cc2oc3c(Cl)c(Cl)c(Cl)cc3c2cc1Cl,1
Cc1cnc(C(=O)N[C@H]2CCCCC/C=C\[C@@H]3C[C@@]3(C(=O)NS(=O)(=O)C3CC3)NC(=O)[C@@H]3C[C@@H](Oc4nc5ccccc5c5ccccc45)CN3C2=O)cn1,1
COc1cc2c(cc1O)CCC1C2CCC2(C)C(O)CCC12,1
NC[C@H](c1ccc(Cl)cc1)c1ccc(-c2cn[nH]c2)cc1,0
O=C(NC(CO)C(O)c1ccc([N+](=O)[O-])cc1)C(Cl)Cl,0
CC1OC(OC2C(OC3C(OC4CCC5(C)C(CCC6(C)C5CC=C5C7CC(C)(C)CC(O)C7(C)CCC56C)C4(C)CO)OC(C(=O)O)C(O)C3O)OC(CO)C(O)C2O)C(O)C(O)C1O,1
O=C(C=Cc1ccc(O)cc1)c1ccccc1,1
CC(=O)c1ccc(OC2OC(CO)C(O)C(O)C2O)cc1,1
CCOc1ccc(N=C(C)Nc2ccc(OCC)cc2)cc1,0
CN1CC[C@]23c4c5ccc(OC(=O)c6cccnc6)c4O[C@H]2[C@@H](OC(=O)c2cccnc2)C=C[C@H]3[C@H]1C5,0
O=NC(=O)CNS(=O)(=O)c1ccc(F)cc1,0
CCCC[C@H](NC(=O)[C@H](CCCN=C(N)N)NC(=O)[C@@H](N)CC(=O)O)C(=O)N[C@@H](Cc1ccc(O)cc1)C(=O)N[C@H](C(=O)N[C@@H](Cc1cnc[nH]1)C(=O)N1CCC[C@H]1C(=O)O)[C@@H](C)CC,0
Cc1ccc(Cl)cc1NC(=O)[C@H]1CC(=O)N(C2CCCCC2)C1,0
Cc1oc(-c2ccccc2)nc1CCOc1ccc(CC2C(=O)NOC2=O)cc1,0
CCN1CCCC1CNC(=O)c1cc(S(=O)(=O)CC)c(N)cc1OC,1
CN(C)C(=O)Cc1c(-c2ccc(F)cc2)nc2ccc(F)cn12,0
CCC(Oc1c(I)cc(I)cc1I)C(=O)O,0
NS(=O)(=O)c1cc2c(cc1Cl)NC(C1CC3C=CC1C3)NS2(=O)=O,0
COC(=O)C1CCN(C(=O)c2ccc(NCc3cnc4nc(N)nc(N)c4n3)cc2)CC1,0
COc1c(C)c2c(c(O)c1C/C=C(\C)CCC(=O)O)C(=O)OC2,0
COCCOCCOCCOCCOCCO,0
O=C(O)[C@@H](O)[C@H](O)[C@H](O)COP(=O)(O)O,0
CC1CCC2(OC1)OC1CC3C4CC=C5CC(OC6OC(CO)C(OC7OC(C)C(OC8OC(C)C(O)C(O)C8O)C(O)C7O)C(O)C6OC6OC(C)C(O)C(O)C6O)CCC5(C)C4CCC3(C)C1C2C,1
C[C@H]1C=C(c2csc(SC3=C(C(=O)O)N4C(=O)[C@H]([C@@H](C)O)[C@H]4[C@H]3C)n2)CN1,0
N[C@@H](COS(=O)(=O)O)C(=O)O,0
C[C@H](CCC(=O)NCC(=O)O)[C@H]1CC[C@H]2[C@@H]3[C@H](O)C[C@@H]4C[C@H](O)CC[C@]4(C)[C@H]3CC[C@]12C,0
Cc1cc(C(=O)NOCCO)c(Nc2ccc(I)cc2F)n(C)c1=O,0
CC(C)(COP(=O)(O)OP(=O)(O)OC[C@H]1O[C@@H](n2cnc3c(N)ncnc32)[C@H](O)[C@@H]1OP(=O)(O)O)[C@@H](O)C(=O)NCCC(=O)NCCS,0
O=C(Nc1ccc([C@@H](O)CO)cc1)c1cc2cc(Cl)ccc2[nH]1,0
CC(=O)Nc1ccc2c(c1)OCCOCCOc1ccccc1OCCOCCO2,0
COC1CC(OC2C(C)OC(OC3C(C)=CCC4CC(CC5(C=CC(C)C(C6CCCCC6)O5)O4)OC(=O)C4C=C(C)C(O)C5OCC(=CC=CC3C)C45O)CC2OC)OC(C)C1O,1
CC(=O)N[C@@H](CS)C(=O)O,0
NC[C@@H]1O[C@H](O[C@H]2[C@@H](O)[C@H](O[C@@H]3[C@@H](O)[C@H](N)C[C@H](N)[C@H]3O[C@H]3O[C@H](CN)[C@@H](O)[C@H](O)[C@H]3N)O[C@@H]2CO)[C@H](N)[C@@H](O)[C@@H]1O,0
O=C(O)c1ccc2cc(C(F)(F)P(=O)(O)O)ccc2c1,0
Nc1ccccc1CO,0
OCC1OC(OC2C(CO)OC(O)(CO)C2O)C(O)C(O)C1O,0
CC[N+]1(C)[C@@H]2CC(OC(=O)[C@H](CO)c3ccccc3)C[C@H]1[C@@H]1O[C@@H]12,0
Cc1cn([C@H]2C[C@H](O)[C@@H](COP(=O)(O)OP(=O)(O)O[C@H]3O[C@H](CO)[C@@H](O)[C@H](O)[C@H]3O)O2)c(=O)[nH]c1=O,0
CCOC(=O)C(COC(=O)Cc1ccc(NC(=O)c2ccccc2-c2ccc(C(F)(F)F)cc2)c(C(=O)N(C)C)c1)(C(=O)OCC)c1ccccc1,0
COC1=CC(=O)CC(C)C12Oc1c(Cl)c(OC)cc(OC)c1C2=O,1
CC1=CC(=O)C=C2CC[C@@H]3[C@H](CC[C@]4(C)C(=O)CC[C@@H]34)[C@@]12C,0
CN(C)CCOC(c1ccc(Cl)cc1)c1ccccn1,0
N[C@H](Cc1ccccc1)C(=O)N1CCC[C@H]1C(=O)NCc1cccc(Cl)c1,0
COc1cc(OC)c2c(=O)cc(-c3ccc(OC)c(OC)c3)oc2c1,1
CCC[C@H](NCc1c(COP(=O)(O)O)cnc(C)c1O)C(=O)O,0
CCC(=O)N(c1ccccc1)C1CCN(CCc2cccs2)CC1,0
NCCNc1ccc(NCCN)c2c1C(=O)c1ccncc1C2=O,0
NC[C@H](O)c1cccc(C(F)(F)F)c1,0
Cc1cccn2c1nc1ccc(N)nc12,1
CC(C=CC1=C(C)CCCC1(C)C)=CC=CC(C)=CC(=O)O,1
C[C@@H](CC(=O)O)[C@H](N)C(=O)O,0
C/C=C/C/C=C/CCC(=O)[C@H]1O[C@H]1C(N)=O,0
Cc1nc(Nc2ccc(F)cc2)nc(N2CCc3ccccc3C2C)c1C,0
OCC1OC(Oc2ccc(O)cc2)C(O)C(O)C1O,1
Cc1nnc(SCC2=C(C(=O)O)N3C(=O)C(NC(=O)Cn4cc(Cl)c(=O)c(Cl)c4)C3SC2)s1,1
C[C@]12CCC(=O)CC1=CC[C@@H]1[C@@H]2CC[C@]2(C)C(=O)CC[C@@H]12,0
Cc1ccc(/C(=C\CN2CCCC2)c2cccc(/C=C/C(=O)O)n2)cc1,0
O=C(O)C1CSC(c2ccccc2O)N1C(=O)CCS,1
CC(C)Cc1ccc(C(C)c2nnc3sc(-c4ccc(Cl)cc4Cl)nn23)cc1,0
N[C@H](CC1CCCCC1)C(=O)N1CCC[C@H]1C(=O)NCc1cccc(Cl)c1,0
O=C(O)/C=C/c1ccc(B(O)O)cc1,0
O=C1OC(C(O)CO)C(=O)C1=O,1
O=C1NCC[C@@H](O[C@@H]2OC[C@@H](O)[C@H](O)[C@H]2O)[C@@H]1O,0
Cc1ccccc1CNC(=O)[C@H]1N(C(=O)[C@@H](O)[C@H](Cc2ccccc2)NC(=O)c2cccc(O)c2C)CSC1(C)C,0
O=C(O)C1=C(C[n+]2ccc(CCS(=O)(=O)[O-])cc2)CS[C@@H]2[C@H](NC(=O)[C@H](NC(=O)c3nc[nH]c3C(=O)O)c3ccccc3)C(=O)N12,0
O=C(O)c1ccc(/C=N/OCCO/N=C/c2cc(=O)[nH]c(=O)[nH]2)cc1,0
O=C(/C=C/c1ccc(OC(F)F)c(OC(F)F)c1)Nc1ccccc1C(=O)O,0
C[C@H](NC(=O)[C@H](Cc1ccccc1)NC(=O)[C@H](S)Cc1ccccc1)C(=O)O,0
O=C(O)[C@@H](Cc1ccc2c(c1)OCO2)[C@H](Cc1ccc2c(c1)OCO2)C(=O)O,0
Cc1ccc(C2CC(c3ccc(-c4ccccc4)cc3)=NN2)cc1,0
CN(C)CCC[C@@]1(c2ccc(F)cc2)OCc2cc(C#N)ccc21,1
CCNS(=O)(=O)C(F)(F)C(F)(F)C(F)(F)C(F)(F)C(F)(F)C(F)(F)C(F)(F)C(F)(F)F,1
COc1c(O)cc2c(c1O)C1OC(CO)C(O)C(O)C1OC2=O,1
COCCO[C@@H]1[C@H](O)[C@@H](COP(O)(=S)O[C@H]2[C@@H](OCCOC)[C@H](n3cc(C)c(=O)[nH]c3=O)O[C@@H]2COP(O)(=S)O[C@H]2[C@@H](OCCOC)[C@H](n3cnc4c(=O)[nH]c(N)nc43)O[C@@H]2COP(O)(=S)O[C@H]2[C@@H](OCCOC)[C@H](n3cc(C)c(N)nc3=O)O[C@@H]2COP(O)(=S)O[C@H]2[C@@H](OCCOC)[C@H](n3cc(C)c(=O)[nH]c3=O)O[C@@H]2COP(O)(=S)O[C@H]2[C@@H](O)[C@H](n3cnc4c(N)ncnc43)O[C@@H]2COP(O)(=S)O[C@H]2[C@@H](O)[C@H](n3cnc4c(=O)[nH]c(N)nc43)O[C@@H]2COP(O)(=S)O[C@H]2[C@@H](O)[C@H](n3cc(C)c(N)nc3=O)O[C@@H]2COP(O)(=S)O[C@H]2[C@@H](O)[C@H](n3cc(C)c(N)nc3=O)O[C@@H]2COP(O)(=S)O[C@H]2C[C@H](n3cc(C)c(=O)[nH]c3=O)O[C@@H]2COP(O)(=S)O[C@H]2[C@@H](O)[C@H](n3cc(C)c(N)nc3=O)O[C@@H]2COP(O)(=S)O[C@H]2C[C@H](n3cc(C)c(=O)[nH]c3=O)O[C@@H]2COP(O)(=S)O[C@H]2[C@@H](O)[C@H](n3cnc4c(=O)[nH]c(N)nc43)O[C@@H]2COP(O)(=S)O[C@H]2[C@@H](O)[C@H](n3cnc4c(=O)[nH]c(N)nc43)O[C@@H]2COP(O)(=S)O[C@H]2[C@@H](O)[C@H](n3cnc4c(N)ncnc43)O[C@@H]2COP(O)(=S)O[C@H]2[C@@H](OCCOC)[C@H](n3cc(C)c(=O)[nH]c3=O)O[C@@H]2COP(O)(=S)O[C@H]2[C@@H](OCCOC)[C@H](n3cc(C)c(=O)[nH]c3=O)O[C@@H]2COP(O)(=S)O[C@H]2[C@@H](OCCOC)[C@H](n3cc(C)c(=O)[nH]c3=O)O[C@@H]2COP(O)(=S)O[C@H]2[C@@H](OCCOC)[C@H](n3cnc4c(=O)[nH]c(N)nc43)O[C@@H]2COP(O)(=S)O[C@H]2[C@@H](OCCOC)[C@H](n3cnc4c(N)ncnc43)O[C@@H]2CO)O[C@H]1n1cc(C)c(N)nc1=O,0
N[C@@H](Cc1cc(I)c(O)c(I)c1)C(=O)O,0
Cc1ccc(C(=O)OCc2ccc([C@@H](CN)C(=O)Nc3ccc4cnccc4c3)cc2)c(C)c1,0
Cl[As](Cl)Cl,1
CN1CCc2nc(C(=O)N[C@@H]3CCCC[C@@H]3NC(=O)c3cc4cc(Cl)ccc4[nH]3)sc2C1,0
COCCOCCCCCC(=O)NCCCC[C@H](N)C(=O)O,0
CCOP(=S)(CC)Sc1ccccc1,1
Cc1c[nH]c2ccccc12,1
O=C(O)C1=C[C@H](O)[C@@H](O)[C@H](O)O1,0
C[C@H]1CCC[C@H](O)CCCCCc2cc(O)cc(O)c2C(=O)O1,0
CC(C)=CC1CC(C)(O)C2C3CCC4C5(C)CCC(OC6OCC(O)C(OC7OC(COC8OC(CO)C(O)C(O)C8O)C(O)C(O)C7OC7OCC(O)C(O)C7O)C6OC6OC(C)C(O)C(O)C6O)C(C)(C)C5CCC4(C)C34COC2(C4)O1,1
O=CCP(=O)(O)O,0
Cc1cn([C@H]2C[C@H](O)[C@@H](COP(O)(O)=S)O2)c(=O)[nH]c1=O,0
O=C(OCCN1CCCCC1)C1(C2CCCCC2)CCCCC1,0
Clc1ccc(C2(c3ccc(-c4ncnc5nc[nH]c45)cc3)CCNCC2)cc1,0
O=C1CCC(=O)N1,0
CC(C)CC(NC(=O)C(Cc1ccccc1)NC(=O)c1cnccn1)B(O)O,1
CN1CC[C@]23c4c5ccc(OCc6ccccc6)c4O[C@H]2[C@@H](O)C=C[C@H]3[C@H]1C5,0
CCCCC(NC(=O)C(CO)NC(=O)C(Cc1ccc(O)cc1)NC(=O)C(CO)NC(C)=O)C(=O)NC(CCC(=O)O)C(=O)NC(Cc1cnc[nH]1)C(=O)NC(Cc1ccccc1)C(=O)NC(CCCNC(=N)N)C(=O)NC(Cc1c[nH]c2ccccc12)C(=O)NCC(=O)NC(CCCCN)C(=O)N1CCCC1C(=O)NC(C(N)=O)C(C)C,0
C/C=C\C=C\[C@@H]1O[C@](O)([C@H](CC)C(=O)NC/C=C/C=C(\C)[C@@H](OC)[C@@H](C)[C@@H]2O[C@H](/C=C/C=C/C=C(\C)C(=O)c3c(O)ccn(C)c3=O)[C@H](O)[C@@H]2O)[C@H](O)[C@H](O)C1(C)C,0
O=C(O)CCC(=O)c1ccccc1C(=O)O,0
Oc1ccccc1Cl,0
Cc1cc(CNC(=O)c2cc(C(=O)NCc3ccc(F)c(C)c3)ncn2)ccc1F,0
CNC(=O)Oc1ccc2c(c1)C1(C)CCN(C)C1N2C,0
[99Tc],0
COc1cc(-c2ccc(=O)[nH]n2)ccc1OC(F)F,0
CSc1ccc(Oc2ccc(S(N)(=O)=O)cc2CN(C)C)cc1,0
O=C1c2cc(-c3ccc(OC(F)(F)F)cc3)ccc2OCCN1Cc1ncccn1,0
[223Ra],0
CNC1CC2OC(C)(C1OC)n1c3ccccc3c3c4c(c5c6ccccc6n2c5c31)C(=O)NC4O,1
C[As](C)SC[C@H](N)C(=O)O,0
Cc1cc(NS(=O)(=O)c2ccc(NC=O)cc2)nc(C)n1,0
N[C@H](CC=O)C(=O)O,0
Cc1cc(Oc2ccc3c(c2)OCO3)nc(Oc2ccc(-n3ccnc3)cc2)n1,0
CC(=O)c1ccccc1,0
c1ccc2[nH]ncc2c1,1
C[N+](CO)(CO)CO,0
CC(C)(C)c1nnc([C@H]2O[C@@H](n3cnc4c(Nc5ccc(Cl)cc5F)ncnc43)[C@H](O)[C@@H]2O)o1,0
CCOc1ccc(NC(=O)CN)cc1,0
c1cc(OCCN2CCCCC2)cc(-c2n[nH]c3ccc(-c4ncn[nH]4)cc23)c1,0
O=c1[nH]cnc2c1ncn2[C@H]1C[C@H](O)[C@@H](CO)O1,0
Nc1nc2c(ncn2[C@@H]2O[C@H](COP(=O)(O)OP(=O)(O)OP(=O)(O)O)[C@@H](O)[C@H]2O)c(=O)[nH]1,0
CCC/C(=N\OCC(C)Oc1ccc(Cl)cc1)C1=C(O)CC(C2CCCSC2)CC1=O,0
Clc1ccc(C2(c3ccc(-c4cn[nH]c4)cc3)CCNCC2)cc1,0
Cc1ccc2cc(C)ccc2c1,1
CN(CC(=O)N1CCOCC1)Cc1c(Cl)cccc1NC(=O)c1ccccc1,0
Cn1c(=O)c2c(ncn2CC2OCCO2)n(C)c1=O,0
NC1=N[C@@](c2cccc(-c3cncnc3)c2)(c2ccnc(C(F)F)c2)c2cccc(F)c21,0
CCCC(CCC)C(=O)O[C@H]1C[C@H]2CC[C@@H](C1)[N+]2(C)C,0
C=CCN1CCC23c4c5ccc(O)c4OC2C(=O)CCC3(O)C1C5,0
O=C(O)c1ccc(C(F)(F)F)cc1-c1ccc2c(c1)OC[C@H](Cc1ccccc1)[C@H]2O,0
O=C(O)c1cc2ccccc2c(Cc2c(O)c(C(=O)O)cc3ccccc23)c1O,0
Oc1ccc(-c2[o+]c3cc(O)cc(O)c3cc2O)cc1,1
O=C(O)[C@H]1CCCO1,0
O=C[C@H](O)[C@@H](O)[C@H](O)CO,0
Nc1ncc2cc(-c3c(Br)cccc3Br)c(N)nc2n1,0
Cl[Sb](Cl)Cl,1
Nc1ccn([C@H]2C[C@H](O)[C@@H](COP(=O)(O)OP(=O)(O)OP(=O)(O)OP(=O)(O)OC[C@H]3O[C@@H](n4ccc(=O)[nH]c4=O)[C@H](O)[C@@H]3O)O2)c(=O)n1,0
C[C@H]([C@](O)(Cn1cncn1)c1ccc(F)cc1F)S(C)(=O)=O,1
CC(C)COc1cccc(-c2nc3ccc(C(=N)N)cc3[nH]2)c1O,0
O=C1C(c2ccc(O)cc2)=C(Br)c2ccc(O)cc21,0
Nc1nc2c(ncn2[C@@H]2O[C@H](COP(=O)(O)O[C@@H]3[C@H](O)[C@@H](CO)O[C@H]3n3ccc(=O)[nH]c3=O)[C@@H](O)[C@H]2O)c(=O)[nH]1,0
CC1C(=O)CCC2C1(C)CCC1C2(C)CCC2(C)C3CC(C)(C(=O)O)CCC3(C)CCC12C,1
CCOC(=O)N1CCN(C(=O)[C@H](Cc2cccc(C(=N)N)c2)NS(=O)(=O)c2c(C(C)C)cc(C(C)C)cc2C(C)C)CC1,0
C[C@]12CC[C@H]3[C@@H](CC[C@@]45O[C@@H]4C(O)=C(C#N)C[C@]35C)[C@@H]1CC[C@@H]2O,0
CCOc1ccnc(CCNC(=S)Nc2ccc(C#N)cn2)c1F,0
Nc1ncnc2c1ncn2[C@@H]1O[C@H](COP(=O)(O)OP(=O)(O)OP(=O)(O)O)[C@H]2OC3(O[C@H]21)C([N+](=O)[O-])=CC(=[N+]([O-])O)C=C3[N+](=O)[O-],0
Cc1cnc2c(NCc3ccncc3)nccn12,0
O=C(NCCCc1ccccc1)NC1CCCCC1,0
NC(CC1CC(=NC2CC2c2ccccc2)C(O)=CC1=O)C(=O)O,0
CCN1CCCC1CNC(=O)c1c(O)c(Cl)cc(Cl)c1OC,1
CC(/C=C/C=C(\C)C(=O)O[C@@H]1O[C@H](CO[C@@H]2O[C@H](CO)[C@@H](O)[C@H](O)[C@H]2O)[C@@H](O)[C@H](O)[C@H]1O)=C\C=C\C=C(C)\C=C\C=C(/C)C(=O)O[C@@H]1O[C@H](CO[C@@H]2O[C@H](CO)[C@@H](O)[C@H](O)[C@H]2O)[C@@H](O)[C@H](O)[C@H]1O,0
Cc1cc(C)c(Nc2ccnc(Nc3ccc(C#N)cc3)n2)c(C)c1,0
O=C(O)c1ccc([Hg])cc1,0
Cc1ccc(N)cc1,1
C/C=C1\[C@H]2C=C(C)C[C@]1(N)c1ccc(=O)[nH]c1C2,0
Nc1ccc2c3c(cccc13)-c1ccccc1-2,1
CNC(=O)N(N(CCCl)S(C)(=O)=O)S(C)(=O)=O,0
Nc1nc(NC(=O)Nc2ccc(C(=O)N[C@@H](CCC(=O)O)C(=O)O)cc2)c(N)c(=O)[nH]1,0
CO[C@@H]1O[C@@H](C)[C@@H](O)[C@@H](O)[C@@H]1O,0
COC(=O)CC1=C(C(=O)O)N[C@@H]([C@@H](C=O)NC(=O)Cc2cccs2)SC1,0
COCCOC(=O)c1ccccc1C(=O)OCCOC,1
N#Cc1cnn2c(Nc3ccccc3)nc(NCC3CCCCC3)nc12,0
CCC(C(=O)O)c1ccc(N2Cc3ccccc3C2=O)cc1,0
COCCCN1CCC(NC(=O)c2cc(Cl)c(N)c3c2OCC3)CC1,0
CN(N=O)C(N)=O,1
O=C(CCCl)NCc1ccccc1,0
CC1=C2C(=O)OC(c3ccoc3)C2(C)CCC1,1
CCCOC(C(=O)OC1CCN(C)CC1)(c1ccccc1)c1ccccc1,0
CCCCC(=O)OC[C@H](COP(=S)([S-])OCC[N+](C)(C)C)OC(=O)CCCC,0
CCCCC/C=C/CC(C/C=C/CCCCC)(P(=O)(O)O)P(=O)(O)O,0
CO[C@]12CC[C@@]3(C[C@@H]1C(C)(C)O)[C@H]1Cc4ccc(O)c5c4[C@@]3(CCN1CC1CC1)[C@H]2O5,0
Cc1ccc(S(=O)(=O)O)cc1,0
CC[C@H](C)[C@@H]1NC(=O)[C@H](CCCNC(=N)N)NC(=O)[C@H](CC(=O)O)NC(=O)[C@H](CCSC)NC(=O)[C@H](CCCNC(=N)N)NC(=O)CNC(=O)CNC(=O)[C@H](Cc2ccccc2)NC(=O)[C@@H](NC(=O)[C@H](CO)NC(=O)[C@H](CO)NC(=O)[C@H](CCCNC(=N)N)NC(=O)[C@H](CCCNC(=N)N)NC(=O)[C@H](CC(C)C)NC(=O)[C@@H](N)CO)CSSC[C@@H](C(=O)N[C@@H](CC(N)=O)C(=O)N[C@@H](CO)C(=O)N[C@@H](Cc2ccccc2)C(=O)N[C@@H](CCCNC(=N)N)C(=O)N[C@@H](Cc2ccc(O)cc2)C(=O)O)NC(=O)CNC(=O)[C@H](CC(C)C)NC(=O)CNC(=O)[C@H](CO)NC(=O)[C@H](CCC(N)=O)NC(=O)[C@H](C)NC(=O)CNC1=O,0
CCCCCCCCCCNCCN[C@@]1(C)C[C@H](O[C@H]2[C@H](Oc3c4cc5cc3Oc3ccc(cc3Cl)[C@@H](O)[C@@H](NC(=O)[C@@H](CC(C)C)NC)C(=O)N[C@@H](CC(N)=O)C(=O)N[C@H]5C(=O)N[C@H]3C(=O)N[C@H](C(=O)N[C@H](C(=O)O)c5cc(O)c(CNCP(=O)(O)O)c(O)c5-c5cc3ccc5O)[C@H](O)c3ccc(c(Cl)c3)O4)O[C@H](CO)[C@@H](O)[C@@H]2O)O[C@@H](C)[C@H]1O,0
CO[C@H]1C[C@@H]2CC[C@@H](C)[C@@](O)(O2)C(=O)C(=O)N2CCCC[C@H]2C(=O)O[C@H]([C@H](C)C[C@@H]2CC[C@@H](OCCO)[C@H](OC)C2)CC(=O)[C@H](C)/C=C(\C)[C@@H](O)[C@@H](OC)C(=O)[C@H](C)C[C@H](C)/C=C/C=C/C=C/1C,1
CCCCCCCOc1cccc(C(=O)O)c1,0
CO/N=C(\C(=O)N[C@@H]1C(=O)N2C(C(=O)[O-])=C(C[N+]3(C)CCCC3)CS[C@H]12)c1csc(N)n1,1
Cc1cc(C#N)cc(C)c1Oc1nc(Nc2ccc(C#N)cc2)nc(N)c1Br,1
C[C@H](O)[C@H](O)[C@H]1CN=c2nc(N)[nH]c(=O)c2=N1,0
OC1c2ccc3c(c2C2OC2C1O)-c1ccccc1C1C=CC=CC31,1
COc1ccc2cc3[n+](cc2c1OC)CCc1cc2c(cc1-3)OCO2,0
CN(C)C(=S)S,1
COc1ccc(C[C@@H](C)[C@@H](C)Cc2ccc(OC)c(OC)c2)cc1OC,0
O=C(O)C(=O)N[C@H](Cc1ccccc1)C(=O)O,0
CCC(=O)c1ccc2c(c1)N(CCCN1CCN(CCO)CC1)c1ccccc1S2,0
CCNC(=O)/C=C(C)/C=C/C=C(C)/C=C/C1=C(C)CCCC1(C)C,0
C1=C/COCc2cc(ccc2OCCN2CCCC2)Nc2nccc(n2)-c2ccc(o2)COC/1,0
O=C(O)C1=C(C(=O)Nc2c(F)c(F)c(-c3cccc(OC(F)(F)F)c3)c(F)c2F)C=CC1,0
[W+5],1
C=CCN1CCc2nc(N)sc2CC1,0
C[C@H](O)C[C@](C)(O)CO,0
Nc1ncnc2c1ncn2CCNCCCCCO,0
COC(=O)c1cnc2n1CCc1ccccc1C2=C1CCN(CCc2ccc(OCc3ccc4ccccc4n3)cc2)CC1,0
CC1(C)SC2C(NC(=O)C(N)c3ccc(O)cc3)C(=O)N2C1C(=O)O,1
Cc1cc2ccccc2c2ccc3ccccc3c12,1
CN1c2ccccc2C(NCCCCCCC(=O)O)c2ccc(Cl)cc2S1(=O)=O,1
CC(=O)NC[C@H]1CN(c2ccc(N3CCSCC3)c(F)c2)C(=O)O1,0
CCCN1CCCC2Cc3[nH]ncc3CC21,1
NC(=O)[C@@H](CCC(F)(F)F)N(Cc1ccc(-c2ncon2)cc1F)S(=O)(=O)c1ccc(Cl)cc1,0
Cc1nnc2n1-c1sc3c(c1C(c1ccccc1Cl)=NC2)CC(C(=O)N1CCOCC1)C3,1
COc1ccc(CNS(=O)(=O)c2ccc(S(N)(=O)=O)s2)cc1,0
CC(Cc1ccc(O)c(O)c1)C(C)Cc1ccc(O)c(O)c1,1
O=C(COc1ccc(Cl)cc1)Nc1ccccc1C(=O)O,0
[Ta],0
N[C@@H](Cc1c[nH]c2ccc(O)cc12)C(=O)O,0
CCOC(=O)C[N+]1(C)CC[C@@H](OC(=O)[C@](O)(c2ccccc2)C2CCCC2)C1,0
OC[C@H]1O[C@@H](O)[C@H](O)[C@@H](O)[C@@H]1S,0
C=C(CCCCCCCCCCCCCCCc1nnn[nH]1)NS(=O)(=O)CCCC(=O)NCCOCCOCC(=O)N[C@@H](CCC(=O)N[C@@H](CCC(=O)NCCOCCOCC(=O)N[C@@H](CCCCNC(=O)CSC[C@H](N)C(=O)O)C(N)=O)C(=O)O)C(=O)O,0
O=P(O)(O)C(c1ccccc1)P(=O)(O)O,0
N=C(N)c1cc2cc(-c3cccc(OC4CCCC4)c3O)[nH]c2cc1Cl,0
CCOC(=O)N[C@@H]1CC[C@@H]2[C@@H](C1)C[C@H]1C(=O)O[C@H](C)[C@H]1[C@H]2/C=C/c1ccc(-c2cccc(F)c2)cn1,0
COc1ccccc1C=CC=O,1
CCn1c(=O)ccc2cc(COc3cc(F)cc(C4(OC)CCOCC4)c3)ccc21,1
CCOC(=O)N1c2ccc(C(F)(F)F)cc2[C@@H](N(Cc2cc(C(F)(F)F)cc(C(F)(F)F)c2)C(=O)OC)C[C@H]1CC,0
CC(=CC(=O)O)C(=O)O,1
N[C@@H](COC(=O)[C@@H](N=C(O)Cc1cccs1)[C@@H]1NC(C(=O)O)=C(/C=C/c2ccc([N+](=O)[O-])cc2[N+](=O)[O-])CS1)C(=O)O,0
O=C(CNC(=O)c1ccccc1)NN1C(=O)CSC1c1ccccc1,1
O=C(Nc1ncc([N+](=O)[O-])s1)c1cccs1,0
CCCCn1c(=O)n(Cc2ccccc2F)c(=O)c2[nH]c(Cc3ccc(NC(C)=O)cc3)nc21,0
CCOCCOCCOCCOCCOCCOCC,0
CN(C(=O)c1cc2ccccc2cc1C(=O)[C@@H](c1cccc2ccccc12)P(=O)(O)O)C1CCN(C(=O)c2ccc3ccccc3c2)CC1,0
CC1=C(CCC(=O)O)c2cc3[nH]c(cc4nc(cc5[nH]c(cc1n2)c(C)c5C(C)S)C(C)=C4C(C)S)c(C)c3CCC(=O)O,0
CCOC(=O)CO/N=C(/c1ccccn1)C1(c2ccc3c(c2)nc(CNc2ccc(C(=N)N)cc2)n3C)CC1,0
N=C(N)c1ccc(COB2OCCO2)cc1,0
CC(C)N1CCN(c2ccc(OCC3COC(Cn4cncn4)(c4ccc(Cl)cc4Cl)O3)cc2)CC1,0
CC(=O)N(C(C)=O)c1ccc(/N=N/c2ccccc2C)cc1C,0
COc1ccc(-c2ccc(S(=O)(=O)N[C@H](C(C)C)P(=O)(O)O)cc2)cc1,0
CC(C=CC=C(C)C=CC1=C(C)CCCC1(C)C)=CC=O,1
OCC1OC(OC2OC(CO)C(O)C(O)C2O)C(O)C(O)C1O,1
CC1NC(=O)C(CC(C)(O)CO)NC(=O)C2Cc3c([nH]c4ccccc34)SCC(NC(=O)C(C(C)O)NC1=O)C(=O)N1CC(O)CC1C(=O)NC(C)C(=O)N2,1
C[C@@H](NC(=O)[C@H](CCCCNC(=O)OCc1ccccc1)NC(=O)CC[C@H](NC(=O)OC(C)(C)C)C(=O)O)B(O)O,0
O=C(O)C[C@@H](Cc1ccccc1)C(=O)O,0
CC(=O)OO,0
CC[C@@H](Cc1ccc(OC)c(CNC(=O)c2ccc(C(F)(F)F)cc2F)c1)C(=O)O,0
Cc1cc(Cc2cc(C)cc(C(C)(C)C)c2O)c(O)c(C(C)(C)C)c1,1
NS(=O)(=O)c1cncc(-c2nc(NCc3ccccn3)c3c(-c4ccccc4)cccc3n2)c1,0
O=C(N[C@@H](Cc1ccccc1)C(=O)N[C@@H](CCc1ccccc1)CCS(=O)(=O)Oc1ccc([N+](=O)[O-])cc1)OCc1ccccc1,0
CCCCCCOC(=O)C1(O)CC2OC1(C)n1c3ccccc3c3c4c(c5c6ccccc6n2c5c31)C(=O)NC4,1
C[n+]1ccc(-c2cc[n+](C)cc2)cc1,1
CC#Cc1cncc(-c2ccc3c(c2)[C@@]2(N=C(C)C(N)=N2)C2(CCC(OC)CC2)C3)c1,0
N=C(N)NNCCOc1c(Cl)cccc1Cl,0
OCC(CO)(CBr)CBr,1
Cc1cc(NS(=O)(=O)c2ccc(N)cc2)sn1,0
O=[N+]([O-])c1ccc(Cl)c([N+](=O)[O-])c1,0
O=C1CC[C@H](N2Cc3c(OCc4ccc(CN5CCOCC5)cc4)cccc3C2=O)C(=O)N1,0
CCCCCCCCC=CCCCCCCCC(=O)OCC(CO)OC(C)=O,1
CCCCCCCC(=O)OC[C@@H](O)[C@@H](OC)[C@@H]1OC(C(=O)O)=C[C@H](N=C(N)N)[C@H]1NC(C)=O,0
CCCCCC=CCC=CC=CC=CC(SCC(NC(=O)CCC(N)C(=O)O)C(=O)NCC(=O)O)C(O)CCCC(=O)O,1
c1ccc2c(c1)N=c1cc3c(cc1-2)=Nc1ccccc1-3,1
CC(C)c1cc(C(C)C)c(S(=O)(=O)N[C@@H](Cc2cccc(C(=N)N)c2)C(=O)N2CCN(C(=O)CCN)CC2)c(C(C)C)c1,0
CC1=C(CC(=O)O)c2cc(F)ccc2C1=Cc1ccc([S+](C)[O-])cc1,1
O=C(CO[N+](=O)[O-])NCCCNc1c2c(nc3ccccc13)CCCC2,0
CC(=O)N[C@@H](CC(C)C)C(=O)N[C@@H](Cc1ccccc1)C(=O)C(F)(F)F,0
Nc1cc(N2CCCCC2)nc(N)[n+]1[O-],0
NC(=O)c1c[se]c([C@@H]2O[C@H](COP(=O)(O)OP(=O)(O)OC[C@H]3O[C@@H](n4cnc5c(N)ncnc54)[C@H](O)[C@@H]3O)[C@@H](O)[C@H]2O)n1,0
O=C(O)CNC(=O)[C@H](CS)NC(=O)OCc1ccccc1,0
CC(C)NC[C@@H](C(=O)N1CCN(c2ncnc3c2[C@H](C)C[C@H]3O)CC1)c1ccc(Cl)cc1,0
O=C1CCc2ccc(OCCCCN3CCN(c4cccc(Cl)c4Cl)CC3)cc2N1,1
CC(=O)OCC(=O)[C@H]1CC[C@H]2[C@@H]3CC[C@H]4C[C@H](O)CC[C@]4(C)[C@H]3C(=O)C[C@]12C,0
CC(=O)OCCN1CCN(CC/C=C2/c3ccccc3Sc3ccc(Cl)cc32)CC1,0
COc1cc(/C=C/c2ccc(Nc3c4c(nc5ccc(OC)cc35)CCCC4)cc2)cc(OC)c1,1
NCCc1cc[nH]n1,0
CN(CC[C@H](N)CC(=O)N[C@H]1C=C[C@H](N2C=C[C@@](N)(O)NC2=O)O[C@@H]1C(=O)O)C(=N)N,0
CCOC(CN1CCN(CC(C)C(=O)c2ccccc2)CC1)c1ccccc1,0
FC(F)(F)C(F)(F)C(F)(F)N(C(F)(F)C(F)(F)C(F)(F)F)C(F)(F)C(F)(F)C(F)(F)F,0
COC(=O)c1cncn1[C@H](C)c1ccc(I)cc1,0
O=C(O)CN(CCN(CC(=O)O)CC(=O)O)CCN(CC(=O)O)C(COCc1ccccc1)C(=O)O,0
CC(=O)O[C@]1(C(C)=O)CC[C@H]2[C@@H]3C[C@H](C)C4=CCCC[C@]4(C)[C@H]3CC[C@@]21C,0
CS(=O)(=O)c1cccc(C(=O)NC[C@@H]2CCCN2C(=O)C[C@H](N)Cc2cccc(Cl)c2)c1,0
COc1ccc2nc3cc(Cl)ccc3c(NC(C)CCCN(CCCl)CCCl)c2c1,0
N=C(N)c1ccc2[nH]c(-c3cc(CC(=O)O)cc(Br)c3O)cc2c1,0
CCCCCCCCOC(=O)CCCCC(=O)OCCCCCCCC,1
CC(C)CCNc1ncnc2c1ncn2[C@@H]1O[C@H](COP(=O)(O)O)[C@@H](O)[C@H]1O,0
C[C@@H]1CN2c3c(cc4c(N5C(=O)OC[C@@H]5C)noc4c3F)CC3(C(=O)NC(=O)NC3=O)[C@H]2[C@H](C)O1,0
C=C[C@]1(O)CC[C@H]2[C@@H]3CCC4=C(CCC(=O)C4)[C@H]3CC[C@@]21C,0
N[C@H](CO)Cc1ccccc1,0
O=C(Nc1nc2cccc(-c3ccc(CN4CCS(=O)(=O)CC4)cc3)n2n1)C1CC1,1
O=C(c1ccc2nonc2c1)N1CCCCC1,0
CCOCCOCCOC,0
O=C(Cc1ccccc1)c1cc(O)c(O)c([N+](=O)[O-])c1,0
C[C@]12CCc3c(ccc4cc(O)ccc34)[C@@H]1CC[C@@]2(C)O,0
NC(=O)CCC/N=C(\c1ccc(Cl)cc1)c1cc(F)ccc1O,1
O=c1[nH]c2cc([N+](=O)[O-])c([N+](=O)[O-])cc2[nH]c1=O,0
CN(C)C(=O)N=NC(=O)N(C)C,1
O=C(/C=C/C=C/c1ccc2c(c1)OCO2)N1CCCCC1,0
CC(C)C[C@@H](C(=O)Nc1ccn(C[C@@H](O)CO)n1)N1CC(Oc2ccccc2Cl)=CC1=O,0
C[C@H](CCC(=O)NCCS(=O)(=O)O)[C@H]1CC[C@H]2[C@@H]3[C@@H](O)C[C@@H]4C[C@H](O)CC[C@]4(C)[C@H]3CC[C@]12C,0
CCC1CN2CCC1CC2C(O)c1ccnc2ccc(OC)cc12,1
COc1cc2c(cc1OC)CC(=O)N(CCCN(C)CC1Cc3cc(OC)c(OC)cc31)CC2,0
COc1ccc2c(c1)OC(C)(C)C(c1ccccc1)C2c1ccc(OCCN2CCCC2)cc1,0
CCN1C(=O)OC(C)(C)C1=O,0
CCOC(Nc1ccc(C(=O)O)cc1)C(=O)c1ccc(-c2ccccc2)cc1,1
CC(C)[C@@H]1CC[C@@H](C)C[C@H]1O,0
Cc1cc(Cn2cnc3c2CC(C(=O)O)N(C(=O)C(c2ccccc2)c2ccccc2)C3)ccc1N(C)C,1
Cc1nc(NS(=O)(=O)c2ccc(N)cc2)oc1C,1
CN1C(C(=O)Nc2ccccn2)=C(O)c2sccc2S1(=O)=O,1
C[C@@H](CNC(=O)c1ccc(S(N)(=O)=O)cc1)Cn1ccc2ccccc21,0
CN1C[C@@H]2C[C@H]1CN2c1cc2c(cc1F)c(=O)c(C(=O)O)cn2C1CC1,0
Cc1cc(N2CCC[C@@H]2C(=O)NCCc2ccc3c(c2)OCO3)nc(-n2ccnc2)n1,0
CCNC(=S)Nc1ccc(-c2c3ccc(=O)cc-3oc3cc(O)ccc23)c(C(=O)O)c1,0
O=[N+]([O-])C(Br)(CO)CO,0
CN(C)[C@@H]1C(=O)C(C(=O)NCN2CCN(CCO)CC2)=C(O)[C@@]2(O)C(=O)C3=C(O)c4c(O)cccc4[C@@](C)(O)[C@H]3C[C@@H]12,0
CN(C)C(Cc1ccccc1)c1ccccc1,1
COCCO[C@@H]1[C@H](O)[C@@H](COP(O)(=S)O[C@H]2[C@@H](OCCOC)[C@H](n3cc(C)c(N)nc3=O)O[C@@H]2COP(O)(=S)O[C@H]2[C@@H](OCCOC)[C@H](n3cc(C)c(=O)[nH]c3=O)O[C@@H]2COP(O)(=S)O[C@H]2[C@@H](OCCOC)[C@H](n3cc(C)c(=O)[nH]c3=O)O[C@@H]2COP(O)(=S)O[C@H]2[C@@H](OCCOC)[C@H](n3cc(C)c(N)nc3=O)O[C@@H]2COP(O)(=S)O[C@H]2[C@@H](O)[C@H](n3cc(C)c(N)nc3=O)O[C@@H]2COP(O)(=S)O[C@H]2[C@@H](O)[C@H](n3cc(C)c(N)nc3=O)O[C@@H]2COP(O)(=S)O[C@H]2C[C@H](n3cc(C)c(=O)[nH]c3=O)O[C@@H]2COP(O)(=S)O[C@H]2[C@@H](O)[C@H](n3cnc4c(=O)[nH]c(N)nc43)O[C@@H]2COP(O)(=S)O[C@H]2[C@@H](O)[C@H](n3cnc4c(N)ncnc43)O[C@@H]2COP(O)(=S)O[C@@H]2[C@H](O)[C@@H](COP(O)(=S)O[C@H]3[C@@H](O)[C@H](n4cnc5c(=O)[nH]c(N)nc54)O[C@@H]3COP(O)(=S)O[C@H]3[C@@H](O)[C@H](n4cnc5c(=O)[nH]c(N)nc54)O[C@@H]3COP(O)(=S)O[C@H]3C[C@H](n4cc(C)c(=O)[nH]c4=O)O[C@@H]3COP(O)(=S)O[C@H]3C[C@H](n4cc(C)c(=O)[nH]c4=O)O[C@@H]3COP(O)(=S)O[C@H]3[C@@H](OCCOC)[C@H](n4cc(C)c(=O)[nH]c4=O)O[C@@H]3COP(O)(=S)O[C@H]3[C@@H](OCCOC)[C@H](n4cc(C)c(N)nc4=O)O[C@@H]3COP(O)(=S)O[C@H]3[C@@H](OCCOC)[C@H](n4ccc(N)nc4=O)O[C@@H]3COP(O)(=S)O[C@H]3[C@@H](OCCOC)[C@H](n4cc(C)c(N)nc4=O)O[C@@H]3COP(O)(=S)O[C@H]3[C@@H](OCCOC)[C@H](n4cc(C)c(N)nc4=O)O[C@@H]3CO)O[C@H]2n2cnc3c(N)ncnc32)O[C@H]1n1cc(C)c(N)nc1=O,0
O=P(O)(O)OC[C@@H](O)[C@@H](O)[C@H](O)CO,0
O=C(N[C@@H]1CNCCC[C@H]1OC(=O)c1ccc(O)cc1)c1ccc(O)cc1,0
CC(C)C[C@H](NC(=O)c1cc2ccccc2o1)C(=O)N[C@H]1CC[C@@H](C)N(S(=O)(=O)c2ccccn2)CC1=O,0
N[C@@H](CCCCNC(=S)Nc1ccc(CC2CN(CC(=O)O)CCN(CC(=O)O)CCN(CC(=O)O)CCN2CC(=O)O)cc1)C(=O)O,0
CC(=O)N[C@@H](Cc1ccc(Cl)cc1)[B-](O)(O)OC[C@H](N)C(=O)O,0
COc1cccc(Cn2c(C(=O)NC3CCN(C(C)C)CC3)cc3ccccc32)c1,0
C[C@@H]1COCCN1c1cc(C2([S@](C)(=N)=O)CC2)nc(-c2cncc3[nH]ccc23)n1,0
CC(CCC(=O)NCCS(=O)(=O)O)C1CCC2C3CCC4CC(OS(=O)(=O)O)CCC4(C)C3CCC12C,1
CCCCCCCCOc1ccc(C(=O)c2ccccc2)c(O)c1,0
CN(C)[C@@H]1C(=O)C(C(=O)NCN2CCCC2)=C(O)[C@@]2(O)C(=O)C3=C(O)c4c(O)cccc4[C@@](C)(O)[C@H]3C[C@@H]12,0
N[C@@H](CS)CC(=O)O,0
Oc1cccc(-c2c(Cl)cccc2Cl)c1O,0
Cc1oc(-c2ccccc2)nc1CCC(=O)c1ccc(CC2SC(=O)NC2=O)cc1,0
Nc1ccn([C@@H]2O[C@H](CO)[C@@H](OP(=O)(O)O)[C@H]2O)c(=O)n1,0
O=c1[nH]cnc2c([C@@H]3O[C@H](CO)[C@@H](O)[C@H]3O)[nH]nc12,0
CCCCCCCCCCCCS(=O)(=O)O,0
CC(=O)C(=O)c1ccccc1,1
C[n+]1cnc2c([C@@H]3O[C@H](CO)[C@@H](O)[C@H]3O)[nH]nc2c1N,0
Cc1c(-c2c(F)cc(C(N)=O)c3[nH]c4c(c23)CC[C@H](C(C)(C)O)C4)cccc1-n1c(=O)c2cccc(F)c2n(C)c1=O,0
CC(=O)O[C@H]1[C@@H](O)C[C@H](O[C@H]2[C@@H](O)C[C@H](O[C@H]3[C@@H](O)C[C@H](O[C@H]4CC[C@@]5(C)[C@H](CC[C@@H]6[C@@H]5C[C@@H](O)[C@]5(C)[C@@H](C7=CC(=O)OC7)CC[C@]65O)C4)O[C@@H]3C)O[C@@H]2C)O[C@@H]1C,0
CC1CCC2C(C)C3C(CC4C5CC=C6CC(OC7OC(CO)C(OC8OC(C)C(O)C(O)C8O)C(O)C7OC7OC(C)C(O)C(O)C7O)CCC6(C)C5CCC43C)N2C1,1
CC1(C)CCC=[N+]1[O-],1
Cc1cc(C2CCCCC2)n(O)c(=O)c1,0
O=C1CN2CCOC2(c2ccccc2F)c2cc(Br)ccc2N1,0
Cc1cn([C@H]2O[C@@H](CO)[C@H](O)[C@H]2F)c(=O)[nH]c1=O,0
COc1cc(C[C@H]2COC(=O)[C@@H]2Cc2ccc(O)c(OC)c2)ccc1O,0
CCCCC/C=C\C=C\CCCCCCCCC(=O)O,0
O=[N+]([O-])c1cc([N+](=O)[O-])c(O)c([N+](=O)[O-])c1,0
CCC[C@H](NC(=O)[C@@H](NC(=O)[C@H](NC(=O)[C@@H](NC(=O)CNC(=O)CN(C)C(C)=O)C(C)C)[C@@H](C)CC)[C@@H](C)O)C(=O)N[C@H](C(=O)N[C@@H](CCCN=C(N)N)C(=O)N1CCC[C@H]1C(=O)NCC)[C@@H](C)CC,0
OCC(CO)(CO)NCCCNC(CO)(CO)CO,0
CC[C@H]1NC(=O)[C@@H](NC(=O)c2ncccc2O)[C@@H](C)OC(=O)[C@H](c2ccccc2)NC(=O)[C@@H]2CC(=O)CCN2C(=O)[C@H](Cc2ccccc2)N(C)C(=O)[C@@H]2CCCN2C1=O,0
CC1=C[C@@H]2CN(C(=O)N2OS(=O)(=O)O)[C@@H]1C(N)=O,0
CCCCCCCOC(=O)NC1=NCN([C@H]2C[C@H](O)[C@@H](CO)O2)C(=O)N1,0
Cc1cc(NC2CCN(C(=O)CCNCC(=O)O)CC2)nc(NCc2cn(CCCNCCCNC3CCCCC3)nn2)n1,0
CCCC(CCC)C(=O)N[C@@H]1Cc2ccc(S(N)(=O)=O)cc2C1,0
CCC(=O)C(CCN(C)C)(c1ccccc1)c1ccccc1,0
C[C@@H]1C[C@H]2[C@@H]3C[C@H](F)C4=CC(=O)C=C[C@]4(C)[C@@]3(F)[C@@H](O)C[C@]2(C)[C@H]1C(=O)COC(=O)C(C)(C)C,0
C[C@H](C(=O)O)[C@H](N)C(=O)O,0
CN1C(=O)C[C@@H](C(=O)N[C@@H](Cc2cnc[nH]2)C(=O)N2CCCC2C(N)=O)NC1=O,0
C[N+]1(C)[C@@H]2CC[C@H]1C[C@@H](OC(=O)C(O)c1ccccc1)C2,0
O=c1ccc(Cc2ccc(Cl)c(Oc3ccccc3)c2F)n[nH]1,0
CC(=O)Oc1cccc(C)c1,0
Cc1cc(C)c2c3ccccc3n(Cc3cccc([C@@H](C(=O)N[C@@H](CO)c4ccccc4)C4CCCC4)c3)c2n1,0
CCC(=C(CC)c1ccc(O)cc1)c1ccc(O)cc1,1
COc1cc(Cc2cnc(N)nc2N)c2c(c1OC)OC(C1CC1)C=C2,0
CC(=O)OC(C)OC(=O)C(C)c1ccc(-c2ccccc2)c(F)c1,0
O=C1NC(=O)c2c1c1c3ccccc3n3c1c1c2c2ccccc2n1[C@H]1CC[C@@H]3O1,0
NC1(C(=O)O)CC(F)C1,0
C[C@H](Nc1ccc(C#N)n(C)c1=O)c1cc2cc(Cl)ccc2[nH]c1=O,0
CN1CCN(CCCN2c3ccccc3Sc3ccc(S(=O)(=O)N(C)C)cc32)CC1,1
CCN1[C@@H]2CC[C@H]1C[C@@H](OC(c1ccccc1)c1ccccc1)C2,0
Cn1cncc1[C@@](N)(c1ccc(Cl)cc1)c1ccc2c(c1)c(-c1cccc(Cl)c1)cc(=O)n2C,0
Cn1c(=O)c2c(ncn2CCOC(=O)c2cccnc2)n(C)c1=O,0
CC(=O)O[C@H]1C[C@H](n2cc(C)c(=O)[nH]c2=O)O[C@@H]1COP(=O)(O)OP(=O)(O)O,0
NC1=N/C(=C2/CCNC(=O)c3[nH]ccc32)C(=O)N1,0
CC(C)N(C(=O)COc1nnc(C(F)(F)F)s1)c1ccc(F)cc1,1
C=CCCl,1
CC(C)(N)CO,1
C=C1c2cccc(O)c2C(=O)C2=C(O)[C@]3(O)C(=O)C(C(N)=O)=C(O)[C@@H](N(C)C)[C@@H]3[C@@H](O)[C@H]12,1
O=C(CO)COP(=O)(O)OC1[C@H](O)[C@H](O)[C@@H](OP(=O)(O)O)[C@H](OP(=O)(O)O)[C@H]1O,0
Cc1cn([C@H]2C[C@H](F)[C@@H](COP(=O)(O)O)O2)c(=O)[nH]c1=O,0
NC(=O)NCCC[C@H](N)C(=O)O,0
COc1ccc2c(c1)c(CC(=O)O)c(C)n2Cc1ccccc1,0
O=C1O[C@H]([C@@H](O)CO)C(O)=C1O[C@H]1O[C@H](CO)[C@@H](O)[C@H](O)[C@H]1O,0
CC1CCCC(O)CCCCCc2cc(O)cc(O)c2C(=O)O1,1
CC(C)(C)C(NC(=O)C(F)(F)F)C(=O)N1CC2C(C1C(=O)NC(C#N)CC1CCNC1=O)C2(C)C,0
Oc1ccc(C(O)C2CCCCN2)cc1O,0
CCCCCC#CCC#CCC#CCC#CCCCC(=O)O,1
CCOc1ccc(Cc2cc([C@]34OC[C@](CO)(O3)[C@@H](O)[C@H](O)[C@H]4O)ccc2Cl)cc1,0
Nc1nc2cc3nc(NCc4cccs4)[nH]c3cc2c(=O)[nH]1,0
Cn1cc([C@H]2C[C@H](O)[C@@H](CO)O2)c(=O)[nH]c1=O,0
COc1cc(C(=O)N[C@@H](Cc2ccccc2)[C@@H](O)CN(CC[C@@H]2CCC3OCOC3C2)C(=O)CCN2C(=O)c3ccccc3C2=O)cc(OC)c1OCc1ccccc1,0
NCC1(NC(=O)[C@H](CS(=O)(=O)N2CCOCC2)N[C@@H](c2ccc(F)cc2)C(F)(F)F)CC1,0
COc1cc(CC(=O)O)ccc1O,1
CC(C)(O)[C@H]1CC[C@@](C)(O)CC1,0
O=C1CCC2(O)c3c(ccc(O)c31)-c1ccc(O)c3c1C2C1OC1C3=O,1
Oc1ccc(Oc2c(Br)cc(CC(O)O)cc2Br)cc1C(O)NCCc1ccccc1,0
Oc1cccc(-c2c3nc(c(-c4cccc(O)c4)c4ccc([nH]4)c(-c4cccc(O)c4)c4nc(c(-c5cccc(O)c5)c5ccc2[nH]5)CC4)C=C3)c1,0
C[N+]1(CC2CC2)CC[C@]23c4c5ccc(O)c4O[C@H]2C(=O)CC[C@@]3(O)[C@H]1C5,0
O=C(O)CCCc1cc2cc(Cl)ccc2n1S(=O)(=O)c1ccc2ncsc2c1,0
O=c1c2ccccc2nc2n1CCC2,0
CCc1ccc(C(=O)C(C)CN2CCCCC2)cc1,0
O=[N+]([O-])OCCN(CCO[N+](=O)[O-])CCN(CCO[N+](=O)[O-])CCO[N+](=O)[O-],0
N#CCNC(=O)[C@H](CS(=O)(=O)Cc1ccccc1OC(F)F)OC(=O)N1CCOCC1,0
CC1(C)C(O)CCC2(C)C1CCC1(C)C2C=CC2=C(O)C(=O)C(=O)C21C,1
Cc1cc(S(=O)(=O)O)ccc1-n1[nH]c(C)c(N=Nc2cc(S(=O)(=O)O)ccc2C(=O)O)c1=O,0
NS(=O)(=O)c1ccc(C(=O)NCc2ccc(F)cc2)cc1,0
CN1CCN2c3ncccc3Cc3ccccc3C2C1,1
NC(=O)C1(N2CCCCC2)CCN(CCCN2c3ccccc3CCc3ccc(Cl)cc32)CC1,0
CC(C)OC(=O)C(O)(c1ccc(Br)cc1)c1ccc(Br)cc1,1
CC(C)C[C@H](NC(=O)[C@@H]1CC(=O)NCCCCCCOC(=O)N[C@@H](C(C)C)C(=O)N1)[C@@H](O)C[C@@H](C)C(=O)N[C@H](C(=O)NCc1ccccc1)C(C)C,0
O=C1Oc2ccccc2C(=O)[C@@H]1C[C@H]1C(=O)Oc2ccccc2C1=O,0
Nc1nc2[nH]cc(CCc3ccc(C(=O)N[C@@H](CCC(=O)N[C@@H](CCC(=O)N[C@@H](CCC(=O)NC(CCC(=O)O)C(=O)O)C(=O)O)C(=O)O)C(=O)O)cc3)c2c(=O)[nH]1,0
CC(=O)OC(C)=O,1
CCN(CC)C(=O)Cc1cccc(NS(=O)(=O)c2cccc(Cl)c2C)n1,0
CCN(CC)CC(C)(C)COC(=O)C(CO)c1ccccc1,0
O=C(O)[C@H]1O[C@H](O)[C@@H](O)[C@@H](O)[C@@H]1O,0
N[C@H]1N[C@@H](N)[C@@H]2C[C@@H](CN3CC[C@H]4CCCC[C@@H]43)CC[C@@H]2N1,0
Nc1ccc2cc3ccccc3cc2c1,1
CCNC(C)Cc1ccc2c(c1)OCO2,0
CC[C@@]1(O)C(=O)OCc2c1cc1n(c2=O)Cc2c-1nc1ccc(O)cc1c2[Si](C)(C)C(C)(C)C,0
O=C(NO)N[C@@H](Cc1ccccc1)C(=O)O,0
O=C(Nc1ccc2ccccc2c1)[C@H](c1csc2ccc(Cl)cc12)P(=O)(O)O,0
CN(C)C(=O)N1CC(c2cc(F)ccc2F)=C[C@H]1c1ccccc1,0
CC(=O)Nc1ccc(C(=O)O)cc1NC(=O)CO,0
CCN(CC)c1ccc(C(=C2C=CC(=[N+](CC)CC)C=C2)c2cc(O)c(S(=O)(=O)O)cc2S(=O)(=O)O)cc1,0
Cc1cccc(-c2nn3c(c2-c2ccc(F)cc2)CCC3)n1,0
CC[C@@]1(O)C(=O)OCc2c1cc1n(c2=O)Cc2cc3cc(O)ccc3nc2-1,0
C[C@H](CF)C[C@H](N)C(=O)O,0
CCC(=O)C1(c2ccccc2)CCN(CCOCCO)CC1,0
CC(O)CN(C)c1ccc(NN)nn1,0
CC(=O)Nc1cccc(-n2c(=O)n(C3CC3)c(=O)c3c(Nc4ccc(I)cc4F)n(C)c(=O)c(C)c32)c1,1
COc1cc2c(cc1OS(N)(=O)=O)CC[C@@H]1[C@@H]2CC[C@]2(C)[C@@H](OS(N)(=O)=O)CC[C@@H]12,0
CN1CC[C@@]23CCCC[C@@H]2[C@@H]1Cc1ccc(O)cc13,0
CC(=C/C=C/C(C)=C/C(=O)O)/C=C1\CCCc2ccccc21,0
O=C(O)CCC(=O)OC[C@@H](NC(=O)C(Cl)Cl)[C@H](O)c1ccc([N+](=O)[O-])cc1,0
COc1cc(O)c2c(c1)/C=C/C[C@H](O)[C@H](O)C(=O)/C=C\C[C@@H](C)OC2=O,0
Nc1ccc2[nH]ncc2c1,0
CNC1CCc2[nH]c3ccc(C(N)=O)cc3c2C1,0
C[C@@H]1O[C@@H](OC[C@H]2O[C@@H](Oc3cc4c(O)cc(O)cc4[o+]c3-c3ccc(O)c(O)c3)[C@H](O)[C@@H](O)[C@@H]2O)[C@H](O)[C@H](O)[C@H]1O,0
CC(C)[C@@]1(C(=O)N[C@H]2CC(=O)O[C@]2(O)CF)CC(c2nccc3ccccc23)=NO1,0
C#CCN(Cc1ccc2nc(N)[nH]c(=O)c2c1)c1ccc(C(=O)NC(CCC(=O)O)C(=O)O)cc1,1
C[N+]1(C)CCN(CC(O)(c2ccccc2)C2CCCCC2)CC1,0
CCC1(O)CC2CN(CCc3c([nH]c4ccccc34)C(C(=O)OC)(c3cc4c(cc3OC)N(C=O)C3C(O)(C(=O)OC)C(OC(C)=O)C5(CC)C=CCN6CCC43C65)C2)C1,1
Cn1ncc(Cl)c1-c1cc(C(=O)N[C@H](CN)Cc2cccc(F)c2)sc1Cl,0
Nc1nnc(-c2cccc(Cl)c2Cl)c(N)n1,1
CC(C)COc1ccc(CNC(=O)N(Cc2ccc(F)cc2)C2CCN(C)CC2)cc1,0
O=C(c1ccc2nccnc2c1)N1CCCCC1,0
CCCCCNC(=N)N/N=C/c1c[nH]c2ccc(OC)cc12,1
C[C@H]1CC2=CC(=O)CC[C@]2(C)[C@H]2CC[C@@]3(C)[C@@H](CC[C@]3(C)O)[C@H]12,0
C[C@@H]1C[C@H]2[C@@H]3CCC4=CC(=O)C=C[C@]4(C)[C@@]3(F)[C@@H](O)C[C@]2(C)[C@H]1C(=O)CO,0
Cc1ccc(O)c(C(=O)NC2CCC(NC(=O)c3cc(F)cnc3Oc3ccc(F)c(F)c3)CC2)c1,0
OCCCl,1
Cc1cn([C@@H]2O[C@@]3(COP(O)(=S)O[C@H]4[C@H]5OC[C@]4(COP(O)(=S)O[C@@H]4[C@H](O)[C@@H](COP(O)(=S)O[C@H]6[C@@H](O)[C@H](n7cnc8c(=O)[nH]c(N)nc87)O[C@@H]6COP(O)(=S)O[C@H]6[C@@H](O)[C@H](n7ccc(N)nc7=O)O[C@@H]6COP(O)(=S)O[C@H]6[C@@H](O)[C@H](n7ccc(N)nc7=O)O[C@@H]6COP(O)(=S)O[C@H]6C[C@H](n7cc(C)c(=O)[nH]c7=O)O[C@@H]6COP(O)(=S)O[C@H]6[C@@H](O)[C@H](n7ccc(N)nc7=O)O[C@@H]6COP(O)(=S)O[C@H]6C[C@H](n7cc(C)c(=O)[nH]c7=O)O[C@@H]6COP(O)(=S)O[C@H]6[C@@H](O)[C@H](n7cnc8c(=O)[nH]c(N)nc87)O[C@@H]6COP(O)(=S)O[C@H]6[C@@H](O)[C@H](n7cnc8c(=O)[nH]c(N)nc87)O[C@@H]6COP(O)(=S)O[C@H]6[C@@H](O)[C@H](n7cnc8c(N)ncnc87)O[C@@H]6COP(O)(=S)O[C@H]6[C@H]7OC[C@]6(COP(O)(=S)O[C@H]6[C@H]8OC[C@]6(CO)O[C@H]8n6cc(C)c(=O)[nH]c6=O)O[C@H]7n6cc(C)c(=O)[nH]c6=O)O[C@H]4n4cnc6c(N)ncnc64)O[C@H]5n4cc(C)c(=O)[nH]c4=O)CO[C@@H]2[C@@H]3O)c(=O)nc1N,0
Cc1cccc(C)c1NC(=O)C1CCCCN1C,1
O=C(C=Cc1ccccc1)NCCO,0
NCC1OC(OC2C(CO)OC(OC3C(O)C(N)CC(N)C3OC3OC(CO)C(O)C(O)C3N)C2O)C(N)C(O)C1O,0
C[C@]12C=C(C=O)C(=O)C=C1CC[C@@H]1[C@@H]2[C@H](O)C[C@@]2(C)[C@H]1CC[C@]2(C)O,0
CCC(C)(Oc1ccc(C2(c3ccc(OC(C)(CC)C(=O)O)cc3)CCCCC2)cc1)C(=O)O,1
C=C1C(=O)[C@]23[C@H](O)[C@H]1CC[C@H]2[C@@]12CO[C@]3(O)[C@@H](O)[C@@H]1C(C)(C)CC[C@@H]2O,0
COC(=O)N[C@H](C(=O)N1CCC[C@H]1c1nc2cc(F)c([C@H]3CC[C@H](c4cc5[nH]c([C@@H]6CCCN6C(=O)[C@@H](NC(=O)OC)[C@@H](C)OC)nc5cc4F)N3c3cc(F)c(N4CCC(c5ccc(F)cc5)CC4)c(F)c3)cc2[nH]1)[C@@H](C)OC,1
Cc1ccc(-n2nccn2)c(C(=O)N2CCN(c3nc4cc(Cl)ccc4o3)CCC2C)c1,0
Cc1ccc2c(c1)ncn2[C@H]1O[C@H](COP(=O)(O)O)[C@@H](O)[C@H]1O,0
O=[N+]([O-])c1nccn1CC(O)CN1CCCCC1,0
C[C@H]1C[C@H]2[C@@H]3CCC4=CC(=O)C=C[C@]4(C)[C@@]3(F)C(=O)C[C@]2(C)[C@@]1(O)C(=O)CCl,0
OCCNc1ncnc2oc(-c3ccccc3)c(-c3ccccc3)c12,0
O=C[C@H](O)[C@@H](O)[C@@H](O)[C@H](O)CO,0
C=CCc1ccccc1OCC(O)CNC(C)C,0
COC(=O)C1=COC(OC2OC(COC(C)=O)C(OC(C)=O)C(OC(C)=O)C2OC(C)=O)C2C(COC(C)=O)=CCC12,1
NC(=O)N(O)CCC#C[C@@H]1CC[C@@H](COc2ccc(F)cc2)O1,0
OC[C@H]1O[C@@H](O)[C@H](F)[C@@H](O)[C@H]1O,0
O=C(O)c1ccccc1-c1c2ccc(=O)cc-2oc2cc(O)ccc12,0
CC1=CCC(C(C)(C)O)CC1,1
NC(=O)NC(NC(N)=O)C(=O)O,0
CN1CC(C(=O)NC2(C)OC3(O)C4CCCN4C(=O)C(Cc4ccccc4)N3C2=O)CC2c3cccc4[nH]cc(c34)CC21,0
CC(=O)CC(=O)O,0
CCN(CC)S(=O)(=O)c1cc(C(=O)Nc2ccccc2C(=O)O)ccc1Br,0
c1ccc2cc([C@]34CNC[C@H]3C4)ccc2c1,0
COP(=S)(OC)Oc1ccc(S(=O)(=O)N(C)C)cc1,0
CCc1nc(N)nc(N)c1-c1ccc2c(c1)N(CCCOC)C(=O)C(C)(C)O2,0
O=C(OC1CC2CCC(C1)[N+]21CCCC1)C(O)(c1ccccc1)c1ccccc1,0
COC(=O)[C@@H](CC(C)C)NC(=O)[C@H](C)NC(=O)[C@@H](O)[C@H](N)c1ccc(C(C)C)cc1,0
O=P(O)(O)OC[C@H]1O[C@@H](O)[C@H](O)[C@@H](O)[C@@H]1O,0
c1cc2c(c(NC3=NCCN3)c1)CCCC2,0
COc1cc2oc(=O)c(C)c(C)c2cc1OCCCN1CCN(c2ccccc2OC)CC1,1
CC[C@H](C)[C@H]1NC(=O)[C@@H](NC(=O)[C@@H](CC(C)C)N(C)C(=O)[C@@H]2CCCN2C(=O)C(C)=O)[C@@H](C)OC(=O)[C@H](Cc2ccc(OC)cc2)N(C)C(=O)[C@@H]2CCCN2C(=O)[C@H](CC(C)C)NC(=O)[C@@H](C)C(=O)[C@H](C(C)C)OC(=O)C[C@@H]1O,0
N=C(N)c1ccc(C=Cc2ccc(C(=N)N)cc2O)cc1,0
CC(C)Oc1cccc(NC(=O)c2ccccc2C(F)(F)F)c1,1
CC(C)CCCC(C)NC(C)C,0
Fc1ccccc1-c1cn2ccnc2c(NCc2cccnc2)n1,0
CC(=O)OC1CC(=O)OC(C)(C)C2CC(=O)C3(C)C(CCC4(C)C(c5ccoc5)OC(=O)C5OC543)C12C,1
NC(=O)c1csc(C2OC(CO)C(O)C2O)n1,1
C[C@H](C(=O)O)c1ccc2oc(-c3ccc(F)cc3)nc2c1,1
CNCCNc1ccc2c3c(nn2CCNCCO)-c2c(O)ccc(O)c2C(=O)c13,1
N#Cc1ccc(-c2cc(C3CC4CCC3N4)cnc2F)cc1,0
CC(=O)O[C@]1(C(C)=O)CC[C@H]2[C@@H]3C=C(C)C4=CC(=O)CC[C@@H]4[C@H]3CC[C@@]21C,0
C=CCC1(C(C)C)C(=O)NC(=O)N(C)C1=O,0
CC(=O)Nc1c(I)c(C(=O)N[C@@H](C=O)[C@@H](O)[C@H](O)[C@H](O)CO)c(I)c(N(C)C(C)=O)c1I,0
CCN1CCN(Cc2ccc(-c3cc4c(N[C@H](C)c5ccccc5)ncnc4[nH]3)cc2)CC1,0
C[C@H](NC(=O)C(C)(C)Oc1ccc(C(F)(F)F)cn1)[C@@H](Cc1ccc(Cl)cc1)c1cccc(C#N)c1,0
CCC(=O)C(C)=O,1
NC1CCC(Nc2nc(NCc3ccccc3)c3ncn(C4CCCC4)c3n2)CC1,0
COc1ccc(CSc2nnc(-c3ccc4c(c3)OCO4)o2)cc1F,0
O=c1[nH]cnc2[nH]ncc12,1
Cc1cc(C)c2nc(-c3cnc(NCCCC4CCN(C)CC4)nc3C)[nH]c2c1,0
Oc1ccc(Cl)cc1Sc1cc(Cl)ccc1O,0
O=C(Nc1ccc(Oc2ncccn2)cc1C(=O)O)c1ccc(Cl)cc1Cl,0
CC(=O)/N=c1/sc(S(N)(=O)=O)nn1C,1
O=Nc1c(O)n(Cc2cc(F)cc3c2OCOC3)c2cccc(/C=C/c3ccccc3)c12,0
Nc1nc2nn(-c3cccc(C(=O)O)c3)nc2c(=O)[nH]1,0
CC(C)C[C@H](NC(=O)[C@@H](NC(=O)c1cccc(-c2ccccc2)n1)[C@@H](C)O)B(O)O,0
Cc1cnc(NC(=O)Nc2cc(Br)c(C)cc2OC[C@@H]2CNCCO2)cn1,0
CCn1c(-c2nonc2N)nc2c(C#CC(C)(C)O)ncc(OC[C@H]3CCCNC3)c21,0
CC(C)CC(C)Nc1ccc(Nc2ccccc2)cc1,1
CCCC(=O)SC[C@H](N)C(=O)O,0
COc1cc(NC(=O)Nc2cccc(CNC(=O)O[C@H]3CCOC3)c2)ccc1-c1cnco1,0
CNc1ncc(-c2ccc3c(=O)c(C(=O)O)cn(C4CC4)c3c2C)cc1C,0
CN(NC(=O)CC(=O)NN(C)C(=S)c1ccccc1)C(=S)c1ccccc1,0
O=P(O)(O)OC[C@H]1O[C@H](n2cnc3ncncc32)[C@H](O)[C@@H]1O,0
Cc1ccc2c(c1)C13CCCCC1C(C2)N(C)CC3,1
O=C(N[C@H]1c2ccccc2C[C@H]1O)[C@H](OCc1ccccc1F)[C@H](O)[C@@H](O)[C@@H](OCc1ccccc1F)C(=O)N[C@H]1c2ccccc2C[C@H]1O,0
C[C@H]1O[C@@H](n2cnc3c(N)ncnc32)C[C@@H]1OP(=O)(O)O,0
CN(C)C[C@H](O)Cn1c2ccc(Br)cc2c2cc(Br)ccc21,0
C#CCCCn1c(Cc2cc(OC)c(OC)c(OC)c2Cl)nc2c(N)ncnc21,0
CC(N)=NCCC[C@H](NC(=O)c1ccccc1)C(N)=O,0
CN(C)[C@H](Cc1ccccc1)c1ccccc1,0
Cc1cc(Nc2ncc(Cl)c(Nc3ccccc3S(=O)(=O)C(C)C)n2)c(OC(C)C)cc1C1CCNCC1,1
CC(O)C1C(=O)N2C(C(=O)O)=C(SCCN=CN)CC12,1
CCN1CCN(CCCN2CCCN(C(=O)c3ccc(NC(=O)c4ccccc4-c4ccccc4)cc3)c3ccccc32)CC1,0
COc1cc(C(C)(C)C#Cc2c(C)nc(N)nc2N)cc(OC)c1OC,0
C[C@H]1CCCC[C@@H]1Oc1cccc(-c2cc3cc(C(=N)N)c(F)cc3[nH]2)c1O,0
CCCCOCN(C(=O)CCl)c1c(CC)cccc1CC,1
CC1CCN(c2ccc(CO)cc2NC(=O)c2ccc(C#N)o2)CC1,0
Cc1cc(Nc2ccc(S(F)(F)(F)(F)F)cc2)n2nc(C(C)(F)F)nc2n1,0
CC(C)=CCc1c(-c2ccc(O)cc2O)oc2c3c(cc(O)c2c1=O)OC(C)(C)C=C3,1
[Pb+2],1
C=Cc1cc(C(=O)Nc2ccc(C(=N)N)cc2)c(-c2ccc(C(=O)NCC3CC3)nc2C(=O)O)cc1OC,0
Cn1cc(-c2ccc3nnc(Sc4ccc5ncccc5c4)n3n2)cn1,0
CS(=O)(=O)Nc1cc2occ(NC=O)c(=O)c2cc1Oc1ccccc1,1
CC1=CCC(=C(C)C)C(=O)CC(C)=CCC1,1
CCCCCCCCCO,0
COc1cccc2c1C(=O)c1c(O)c3c(c(O)c1C2=O)C[C@@](O)(/C(C)=N/NC(=O)c1ccccc1)C[C@@H]3O[C@H]1C[C@H](N)[C@H](O)[C@H](C)O1,1
CCCCCCCCCCCCSC[C@@H](COP(=O)(O)OC[C@H]1O[C@@H](n2cc(C)c(=O)[nH]c2=O)C[C@@H]1F)OCCCCCCCCCC,0
CO[C@H]1Cc2c(O)cc(O)cc2O[C@@H]1c1ccc(O)c(O)c1,1
CCOC(=O)OC(C)OC(=O)[C@@H]1N2C(=O)[C@@H](NC(=O)[C@H](N)c3ccccc3)[C@H]2SC1(C)C,0
[Sr+2],0
Cc1c2ccccc2cc2c1ccc1ccccc12,1
COC(=O)C(Cc1ccccc1)(Cc1ccc(NS(=O)(=O)O)cc1)C(=O)OC,0
Oc1ccc(C2Oc3cc(O)cc4c3C2c2cc(O)cc3c2C(c2cc(O)cc5c2C4C(c2ccc(O)cc2)O5)C(c2ccc(O)cc2)O3)cc1,1
O=C(NCCO[N+](=O)[O-])c1cccnc1,0
CC(=O)OCC(=O)[C@@]1(O)[C@H](C)C[C@H]2[C@@H]3C=C(C)C4=Cc5c(cnn5-c5ccccc5)C[C@]4(C)[C@H]3[C@@H](O)C[C@@]21C,0
NS(=O)(=O)Cc1noc2ccccc12,1
CC12C=CC(=O)C=C1CCC1C3CC(O)C(O)(C(=O)CO)C3(C)CC(O)C12F,1
O=P(O)(O)[C@@H](NCc1ccccc1)c1ccccc1,0
CC(=O)NC(Cc1ccc(O)cc1)C(=O)NC(C(=O)NC(C)C(=O)NC(C=O)CC(=O)O)C(C)C,1
N#Cc1cc(Cl)cc(Oc2cc(OCc3[nH]nc4ncccc34)ccc2Cl)c1,0
CC[C@]12CC[C@H]3[C@@H](CCC4=CC(=O)CC[C@@H]43)[C@@H]1CC[C@@H]2O,0
O=c1[nH]c(NCc2cccc3ccccc23)nc2c1ncn2[C@H]1C[C@H](O)[C@@H](COP(=O)(O)O)O1,0
CC(=O)CC(=O)CCC(=O)O,1
CO[C@H](O)c1ccc(CN2[C@H](COc3ccccc3)[C@H](O)[C@@H](O)[C@@H](COc3ccccc3)N(Cc3ccc(CO)cc3)S2(=O)=O)cc1,0
CS(=O)(=O)N1CCN(Cc2cc3nc(-c4cccc5[nH]ncc45)nc(N4CCOCC4)c3s2)CC1,0
COc1cc(N2CCN(C(=O)Cn3nc(-c4ncc[nH]4)c4cccnc43)CC2)ccc1Cl,0
Cn1cnc2cc(C#N)c(-c3ccccc3Cl)c(CN)c21,0
c1ccc2c(c1)-c1cccc3c1c-2cc1ccccc13,1
Cc1nc(NNC(=O)[C@H](CC2CCCC2)CN(O)C=O)c(F)c(N2CCN3CCOC[C@@H]3C2)n1,0
CC1Cc2c(Cl)cc(C(=O)NC(Cc3ccccc3)C(=O)O)c(O)c2C(=O)O1,1
CC(=O)CC(c1ccccc1)c1c(O)c2ccccc2oc1=O,1
CC(C)c1cc(-c2n[nH]c(=O)n2-c2ccc3c(ccn3C)c2)c(O)cc1O,0
NC(CCC(=O)NC(CSCO)C(=O)NCC(=O)O)C(=O)O,0
C=C1CCC(O)CC1=CC=C1CCCC2(C)C1CCC2C(C)CCCC(C)C,1
CN(C)c1nc(Cc2ccc(NC(=O)c3ccc(C(F)(F)F)cc3)cc2)nc(N(C)C)c1CC(=O)O,0
Cc1c(O)c(C=O)c(COP(=O)(O)O)c[n+]1[O-],0
C=CC(=O)Nc1ccc2ncnc(Nc3ccccc3)c2c1,0
C[C@H](C(=O)O)c1ccc(-c2ccccc2)cc1,0
CP(=O)(O)CC[C@@H](N)C(=O)O,0
N[C@@H](Cc1ccccc1)C(O)[C@@H](N)Cc1ccccc1,0
O=C1CCO1,0
O=[N+]([O-])c1ccc2ccc3ccc([N+](=O)[O-])c4ccc1c2c34,1
CC(=O)Nc1ccc(CC(=O)O)cc1,0
N[C@H](COc1cncc(/C=C/c2ccncc2)c1)Cc1c[nH]c2ccccc12,0
C[P+](=O)O,0
C=CCSCC1Nc2cc(Cl)c(S(N)(=O)=O)cc2S(=O)(=O)N1,0
O=C(O)C[18F],0
C=CCSSSSCC=C,1
Nc1nc2ncc([C@H](O)[C@H](O)CO)nc2c(=O)[nH]1,0
Nc1nc2ccc(C(=O)c3c(F)cccc3F)cn2c1C(=O)c1ccccc1,0
OC[C@H]1O[C@@H](n2cnc3c2N=CNC[C@H]3O)C[C@@H]1O,1
Nc1ccn(C2OC(CO)C(O)C2O)c(=O)n1,1
C#CCN(C)C(C)Cc1ccccc1,0
ClC=CCCl,1
CC(=O)N[C@H](C=O)[C@@H](O)[C@H](O)[C@H](O)CO,0
N[C@H]1NC(=O)C(CCC[C@H](c2ccc(C(=O)N[C@@H](CCC(=O)O)C(=O)O)cc2)C(O)(O)C(F)(F)F)[C@@H](N)N1,0
O=C(Nc1cn[nH]c1-c1nc2ccccc2[nH]1)c1ccccc1,0
O=C1NC(=O)C(c2ccc(Oc3ccccc3)cc2)(N2CCN(c3ncccn3)CC2)C(=O)N1,0
O=C1N[C@H](CO)[C@@H](O[C@@H]2O[C@H](CO)[C@@H](O)[C@H](O)[C@H]2O)[C@H](O)[C@H]1O,0
N[C@@H](CO)[C@H]1N=C(Cc2cnc[nH]2)C(=O)N1CC(=O)O,0
N=C(N)c1ccc2nc(C(=O)c3nc4ccc(C(=N)N)cc4[nH]3)[nH]c2c1,0
O=C(NO)C1(CS(=O)(=O)c2ccc(Oc3ccc(Cl)cc3)cc2)CCOCC1,0
Cc1cn([C@H]2C[C@H](N=[N+]=[N-])[C@@H](COP(=O)(O)O)O2)c(=O)[nH]c1=O,0
O=C(O)c1cc(O)c2c(c1)C(C1c3cc(C(=O)O)cc(O)c3C(=O)c3c(OC4OC(CO)C(O)C(O)C4O)cccc31)c1cccc(OC3OC(CO)C(O)C(O)C3O)c1C2=O,1
NC[C@H]1CN(c2c(-c3ccccc3)cnc3[nH]ncc23)CCO1,0
C[C@]12C=CC(=O)C=C1[C@@H](F)C[C@H]1[C@@H]3C[C@@H](O)[C@](O)(C(=O)CO)[C@@]3(C)C[C@H](O)[C@@]12F,0
CCOC(=O)c1ccccc1C(=O)OCC,1
CN1CCC[C@@H](OC(=O)C(O)(c2ccccc2)C2CCCCC2)C1,0
CC(C)CN(C)c1nc(N)c(C(=O)N=C(N)N)nc1Cl,1
Cc1nc(C)c(-c2[nH]nc3c2C(=O)c2c(NC(=O)NN4CCN(C)CC4)cccc2-3)s1,0
CCS(=O)(=O)c1ccc(OC)c(Nc2ncc(-c3cccc(-c4ccccn4)c3)o2)c1,0
NCCc1c[nH]c(=S)n1[C@H]1COc2c(F)cc(F)cc2C1,0
CCCC(=O)C1=C(O)C(C)(C)C(O)=C(Cc2c(OC)cc(O)c(C(=O)CCC)c2O)C1=O,0
CCC(C)CCCC(=O)N[C@@H](CCN)C(=O)N[C@H](C(=O)N[C@@H](CCN)C(=O)N[C@H]1CCNC(=O)C([C@@H](C)O)NC(=O)[C@@H](CCN)NC(=O)[C@H](CCN)NC(=O)[C@@H](CC(C)C)NC(=O)[C@@H](CC(C)C)NC(=O)[C@H](CCN)NC1=O)[C@@H](C)O,0
Nc1cc(Cl)ccc1C(=O)C[C@H](N)C(=O)O,0
CC(C)=CCN1Cc2c(Cl)ccc3[nH]c(=S)n(c23)C[C@@H]1C,0
C[C@H](c1ccc(Cl)cc1)c1cc([N+](=O)[O-])cc([N+](=O)[O-])c1O,0
Cc1c(CNc2cccc3ncccc23)cnc2nc(N)nc(N)c12,0
O=C(O[C@H]1C[N+]2(CCCOc3ccccc3)CCC1CC2)C(O)(c1cccs1)c1cccs1,0
CN(CCCC(=O)c1cccnc1)N=O,1
CCOC(=O)[C@@H](N)Cc1ccc(-c2cc(O[C@H](c3ccc(Cl)cc3-n3ccc(C)n3)C(F)(F)F)nc(N)n2)cc1,0
Cc1cccc2cc3ccccc3cc12,1
[C-]#[N+]C,0
NCC1OC(OC2C(CO)OC(OC3C(O)C(N)CC(N)C3OC3OC(CN)C(O)C(O)C3N)C2O)C(N)C(O)C1O,0
O=C(Nc1ccc(Oc2ccncc2)cc1)Nc1cccc(C(F)(F)F)c1,0
CC(C)OC(=O)CNc1cccc(CN(Cc2ccc(-n3cccn3)cc2)S(=O)(=O)c2cccnc2)n1,0
CC12CCC(=O)C=C1CCC1C2CCC2(C)C(C(=O)CO)CCC12,1
CC1OC(OC2C(O)C(OCCc3ccc(O)c(O)c3)OC(CO)C2OC(=O)C=Cc2ccc(O)c(O)c2)C(O)C(O)C1O,1
OCCN(Cc1ccc2c(c1)OCO2)Cc1ccc2c(c1)OCO2,0
Cc1cc2nc3c(=O)[nH]c(=O)nc-3n(CC(O)C(O)C(O)COP(=O)(O)O)c2cc1C,0
O=CN(O)CC(=O)O,0
N[C@H](Cc1ccc(O)cc1)C(=O)O,0
O[C@@](Cn1cnnn1)(c1ccc(F)cc1F)C(F)(F)c1ccc(-c2ccc(OCC(F)(F)F)cc2)cn1,0
Cn1cnc2c(NCc3ccccc3)nc(NCCO)nc21,0
NCc1[nH]cc(CCC(=O)O)c1CC(=O)O,0
N[C@@H](Cc1cc(O)c(O)cc1[18F])C(=O)O,0
O=[As]c1ccccc1,1
CCCNS(=O)(=O)Nc1ncnc(OCCOc2ncc(Br)cn2)c1-c1ccc(Br)cc1,1
CO[C@@H]1C(C=O)=CC[C@@H]2C3=C(C(C)C)CC[C@]3(C)CC[C@@]2(C)[C@H]1O,0
O=C(O)CCCCCNC(=O)Cc1cc(I)c(O)c([N+](=O)[O-])c1,0
C[C@]12CC[C@@H](O)C[C@@H]1CC[C@H]1[C@@H]3CC[C@H](C(=O)CO)[C@@]3(C)CC(=O)[C@@H]12,1
CC(C)C(=O)COc1nc(N)nc2nc[nH]c12,0
CCCCCC(=O)C=CC=CCC=CCC=CCCCC(=O)O,1
COc1cc2ccc(=O)oc2cc1O,1
CCSCC(NC(=O)CCC(N)C(=O)O)C(=O)NCC(=O)O,1
CCc1ccccc1-n1c(C)nc2ccccc2c1=O,0
Nc1ncc(Cc2ccccc2)s1,0
O=C(Nc1ccc(C[C@@H]2CC[C@H]([C@H](O)c3ccccc3)N2)cc1)[C@@H]1CCc2nccc(=O)n21,0
O=[P+]([O-])OCCCO,0
CCCCCCP(=O)(O)O[C@H]1C[C@@H](C)CC[C@@H]1C(C)C,0
CC(C)[C@H]1C(O)=C(C2=NS(=O)(=O)c3ccccc32)C(=O)N1Cc1ccccc1,0
CO[C@H]1CCCC[C@@H](c2ccccc2)OC(=O)[C@@H](C)[C@@]2(O)O[C@H]([C@@H](C)[C@H](O)[C@H]2OC)[C@@H](C)/C=C/[C@H]1OC,0
COc1ccc2c(c1)c(CC(=O)N[C@H]1C(O)O[C@H](CO)[C@@H](O)[C@@H]1O)c(C)n2C(=O)c1ccc(Cl)cc1,0
CCOC(=O)c1cc2c([nH]c3ccccc32)c(C(c2nnnn2C(C)(C)C)N2CCN(C)CC2)n1,0
O=C(O)c1ccc2c(c1)nc(Nc1cccc(Cl)c1)c1ccncc12,0
COc1cc(C=NNC(=O)c2ccncc2)ccc1O,0
CC(=O)N[C@@H](CCN1[C@@H]2CC[C@H]1CC(n1c(C)nc3c1CCN(C(=O)C(C)C)C3)C2)c1cccc(F)c1,0
CC(CN1CCN(CCOCCO)CC1)CN1c2ccccc2Sc2ccccc21,0
CCNC(=O)c1[nH]nc(-c2cc(Cl)c(O)cc2O)c1N1CCNCC1,0
CC1(C)S[C@@H]2[C@H](NC(=O)[C@H](N)c3ccccc3)C(=O)N2[C@H]1C(=O)OC1OC(=O)c2ccccc21,0
Cn1c(=O)cc(N2CCC[C@@H](N)C2)n(Cc2cc(F)ccc2C#N)c1=O,0
CC=CC=O,1
N[C@H](Cc1ccc(OC[18F])cc1)C(=O)O,0
CC1CCc2c(N3CCC(O)CC3)c(F)cc3c(=O)c(C(=O)O)cn1c23,0
CC(NCCc1ccc(O)cc1)C(O)c1ccc(O)cc1,1
CCCCCCC(O)(P(=O)(O)O)P(=O)(O)O,0
C=COC=C,0
[186Re],0
CC(=O)NC(CSC(Cl)=CCl)C(=O)O,1
COc1ccc(-c2cc(=O)c3c(O)c(OC)c(O)cc3o2)cc1OC,1
Cc1nnc(-c2ccc(C)c(-c3ccc(C(=O)Nc4cccc(C#N)c4)cc3)c2)o1,0
N[C@@H](CC(=O)N1CCc2c(nc(C(F)(F)F)nc2C(F)(F)F)C1)CN1CC(F)(F)CCC1=O,0
NC(=O)N=Nc1ccc2ccccc2c1O,0
CCCNC(=O)[C@@H](O)CC(=O)N[C@H](C(=O)N1CCC[C@H]1C(=O)O)[C@@H](C)CC,0
CC12C=CC(=O)C=C1CCC1C2C(O)CC2(C)C1CCC2(O)C(=O)COC(=O)c1cccc(S(=O)(=O)O)c1,0
[11CH3]Nc1ccc(-c2nc3ccc(O)cc3s2)cc1,0
Nc1c2c(nc3ccccc13)CCC(C(=O)NCCc1ccccc1)C2,1
CC1(C)CN[Se]c2ccccc21,0
CN(CCCC1CCCCC1)C(=O)[C@H](CCC(=O)O)NC(=O)N(CC(=O)O)Cc1ccc(OP(=O)(O)O)cc1,0
CC(C)(c1ccccc1)c1ccc(O)cc1,0
CCC(=O)N(c1ccccc1)C1CC(C)N(CCc2ccccc2)CC1C,0
N=C(N)NCCN1CCCCCCC1,0
C=CCc1ccc(O)c(-c2ccc(O)c(CC=C)c2)c1,1
C#C[C@]1(O)CC[C@H]2[C@@H]3[C@H](C)CC4=C(CCC(=O)C4)[C@H]3CC[C@@]21C,0
C=C[C@@]1(C)CC(=O)[C@]2(O)[C@@]3(C)[C@@H](O)CCC(C)(C)[C@@H]3[C@H](OC(=O)CCN(C)C)[C@H](OC(C)=O)[C@@]2(C)O1,0
O=S(=O)(Nc1cc(Cl)c(Oc2cnc3ccccc3c2)c(Cl)c1)c1ccc(Cl)cc1Cl,0
CCCC[C@H](NC(=O)CCC(=O)O)P(=O)(O)Oc1ccccc1,0
Cc1nc2ccccn2c1-c1ccnc(Nc2ccc(OC[C@@H](O)CN(C)C)cc2)n1,0
CC[C@H](C)C(=O)O[C@H]1C[C@@H](C)C=C2C=C[C@H](C)[C@H](CC[C@@H](O)C[C@@H](O)CC(=O)O)[C@H]21,0
O=S(=O)(O)c1ccc2[nH]c(-c3ccccc3)nc2c1,0
CN1C(=O)C23CC4=CC=CC(O)C4N2C(=O)C1(CO)SS3,1
O[C@H](CCCl)c1ccccc1,0
NC(N)=NCCC[C@H](NC(=O)[C@H](Cc1ccccc1)NC(=O)[C@@H]1CCCN1C(=O)[C@H](CO)NC(=O)[C@H](Cc1ccccc1)NC(=O)CNC(=O)[C@@H]1CCCN1C(=O)[C@@H]1CCCN1C(=O)[C@@H](N)CCCN=C(N)N)C(=O)O,0
Nc1[nH]ncc1-c1cc(Cl)ccc1Oc1cc(F)c(S(=O)(=O)Nc2cscn2)cc1Cl,0
Cc1csc(NC(=O)c2cc(Sc3nncn3C)ccc2N)n1,0
O=C(O)COc1cc(OCC(=O)O)c2c(=O)cc(-c3ccccc3)oc2c1,0
CN1N=C2CCN(C(=O)[C@@H](COCc3ccccc3)NC(=O)C(C)(C)N)C[C@@]2(Cc2ccccc2)C1=O,0
COc1ccc(S(=O)(=O)N2CCN(S(=O)(=O)c3ccc4c(c3)OCCO4)CC2)cc1,0
CC1=CC(C)CC=CC2C3OC3(C)C(C)C3C(Cc4c[nH]c5ccccc45)NC(=O)C23C(=O)C=CC(=O)C1O,1
Cc1cccc2ccccc12,1
COc1ccc(OC)c(Cc2cnc3nc(N)nc(N)c3c2C)c1,0
CC(=O)[C@@H](C)O,0
CCCC(=O)OC1C(C)C2(O)C(C=C(CO)CC3(O)C(=O)C(C)=CC32)C2C(C)(C)C12OC(=O)CCC,1
CCCCCC/C=C\CCCCCCCCCC(=O)N[C@H]1[C@H](OC[C@H]2O[C@H](OP(=O)(O)O)[C@H](NC(=O)CC(=O)CCCCCCCCCCC)[C@@H](OCCCCCCCCCC)[C@@H]2O)O[C@H](COC)[C@@H](OP(=O)(O)O)[C@@H]1OCC[C@@H](CCCCCCC)OC,0
c1ccc2c(c1)ccc1c3ccccc3c3ccccc3c21,1
Cc1cc2c(OCC(O)CNC(C)C)cccc2[nH]1,0
COC(=O)c1ccc2c(C(=Nc3ccc(N(C)C(=O)CN4CCN(C)CC4)cc3)c3ccccc3)c(O)[nH]c2c1,1
O=C(NCc1c(F)cc(F)cc1F)c1cn2c(c(O)c1=O)C(=O)N1[C@H]3CC[C@H](C3)O[C@@H]1C2,0
CN[C@@H]1[C@H](O[C@H]2[C@H](O[C@H]3[C@H](O)[C@@H](O)[C@H](N=C(N)N)[C@@H](O)[C@@H]3N=C(N)N)O[C@@H](C)[C@]2(O)C=O)O[C@@H](CO)[C@H](O)[C@H]1O,0
CCC(=O)c1ccc(F)c([C@@H]2C[C@@H]2NC(=O)Nc2ccc(Br)cn2)c1O,0
OC(O)C(Cl)(Cl)Cl,0
C=C(C)[C@@H]1CC[C@]2(NCCN3CCS(=O)(=O)CC3)CC[C@]3(C)[C@H](CC[C@@H]4[C@@]5(C)CC=C(c6ccc(C(=O)O)cc6)C(C)(C)[C@@H]5CC[C@]43C)[C@@H]12,0
CC(C)(C)c1nc(N2CCN(c3ncccn3)CC2)c2cc(C(N)=O)c(N)nc2n1,0
C=CCc1cc(OC)c2c(c1)OCO2,1
OCCSSCCO,0
CC[N+](C)(CC)CCOC(=O)C(O)(c1ccccc1)C1CCCCC1,0
COc1ccc([C@@H]2Sc3ccccc3N(CCN(C)C)C(=O)[C@@H]2OC(C)=O)cc1,1
C=C(CC(NC(=O)c1ccc(CCc2ccc3nc(N)nc(N)c3c2)cc1)C(=O)O)C(=O)O,0
O=C(N[C@@H](Cc1ccccc1)C(=O)N[C@@H](CCc1ccccc1)CCS(=O)(=O)Oc1ccccc1)OCc1ccccc1,0
O=C1CC2(CCCC2)CC(=O)N1CCCCN1CCN(c2nsc3ccccc23)CC1,1
CC(C)c1cc(Oc2c(Cl)cc(-n3nc(C#N)c(=O)[nH]c3=O)cc2Cl)n[nH]c1=O,1
COc1ccc(CC(C)NCC(O)c2ccc(O)c(NC=O)c2)cc1,0
CC(=O)OC(CC(=O)[O-])C[N+](C)(C)C,1
CCOC(=O)/C=C/[C@H](C[C@@H]1CCNC1=O)NC(=O)[C@H](CC(C)C)NC(=O)[C@@H](NC(=O)[C@@H](NC(=O)c1ccoc1)C(C)C)C(C)C,0
CN1CC[C@H](c2c(O)cc(O)c3c(=O)cc(-c4ccccc4Cl)oc23)[C@H](O)C1,0
N=C(N)c1ccc(CNC(=O)[C@@H]2CCCN2C(=O)CNC2CCCCCC2)cc1,0
Fc1ccc(CN2CCC(Nc3ccc(C(F)(F)F)nn3)CC2)cc1F,0
N#Cc1cnn(-c2ccc(Cl)cc2)c1N,0
NCc1ccccc1,0
COc1ccc2c(c1)c(CC(=O)O)c(C)n2C(=O)/C=C/c1ccccc1,0
O=c1[nH]c(=O)n([C@@H]2O[C@H](CO)[C@@H](O)[C@@H]2O)cc1/C=C/Br,1
Nc1ccc(S(=O)(=O)Nc2nccs2)cc1,1
N=C(N)c1cccc(CN2CCN(S(=O)(=O)c3cc4ccc(Cl)cc4s3)CC2=O)c1,0
CC(C)c1cc(C(=O)O)c(O)c(C(C)C)c1,1
C[C@]12CC[C@H]3[C@@H](CCC4=CC(=O)CC[C@@]43C)[C@@H]1CC[C@@H]2OC(O)C(Cl)(Cl)Cl,0
NS(=O)(=O)c1cc2c(cc1C(F)(F)F)NC(Cc1ccccc1)NS2(=O)=O,1
CC(C)(Oc1ccc(Cl)cc1)C(=O)OCCOC(=O)c1cccnc1,1
Cc1ccc(S(=O)(=O)N[C@@H](CCCCN)C(=O)CCl)cc1,0
C=C(C)C1CCC(C)=CC1C1=C(O)C(=O)C(CCCCC)=CC1=O,1
C#CC1(O)CC[C@H]2[C@@H]3CCC4=CC(=O)CC[C@@H]4[C@H]3CC[C@@]21CC,0
CC(=O)N[C@H]1[C@H]([C@H](O)[C@H](O)CO)OC(C(=O)O)=C[C@@H]1O,0
O=C(c1ccccc1)C(O)c1ccccc1,0
CCCC(C)(COC(N)=O)COC(N)=O,0
OCN(O)CCCc1ccccc1,0
C=CCN(C)CCCCCCOc1ccc(C(=O)c2ccc(Br)cc2)c(F)c1,0
Nc1nc(/C(=C/CC(=O)O)C(=O)N[C@@H]2C(=O)N3C(C(=O)O)=CCS[C@H]23)cs1,0
Nc1ncnc2c1ncn2[C@@H]1O[C@H](COP(=O)(O)CP(=O)(O)OC[C@H]2O[C@H](O)[C@H](O)[C@@H]2O)[C@@H](O)[C@H]1O,0
CC1CCC(C(=O)N(c2cc(C#CC(C)(C)C)sc2C(=O)O)C2CCC(O)CC2)CC1,0
Cc1cnc(C(=O)NC2CCCCCC=CC3CC3(C(=O)NS(=O)(=O)C3CC3)NC(=O)C3CC(Oc4nc5ccccc5c5ccccc45)CN3C2=O)cn1,1
CC[C@H]1[C@@H]2C[C@H]3[C@@H]4N(C)c5ccccc5[C@]45C[C@@H]([C@H]2[C@H]5OC(=O)CCl)N3[C@@H]1O,0
O=C(O)CCCCCNC(=O)CCCC[C@@H]1SC[C@@H]2NC(=O)N[C@@H]21,0
O=Cc1c(-c2nc(NCCC3CCCC3)c3ccccc3n2)[nH]c2ccccc12,1
NC1CCCCC1,0
C[N+](C)(C)CC(=O)[O-],0
O=C(O)c1ccccc1-c1c2cc(Br)c(=O)cc-2oc2c([Hg])c(O)c(Br)cc12,0
O=C(COc1ccc(Cl)cc1Cl)NCCS,0
NC(CCSCC(N)C(=O)O)C(=O)O,1
NC(N)=NCCC[C@H](N)C(=O)c1nc2ccccc2s1,0
CO[C@H]1O[C@H](CNC(=O)N(CCCl)N=O)[C@@H](O)[C@H](O)[C@H]1O,0
C[C@H](C[75Se]CC(=O)NCCS(=O)(=O)O)[C@H]1CC[C@H]2[C@@H]3[C@H](O)C[C@@H]4C[C@H](O)CC[C@]4(C)[C@H]3C[C@H](O)[C@]12C,0
CC(C)Nc1nc2ccc(-c3ocnc3-c3ccccc3F)cc2s1,0
CC(C)(NC(=O)C1=C(O)[C@@H]2Oc3c(O)ccc4c3[C@@]23CCN(CC2CC2)[C@H](C4)[C@]3(O)C1)c1nc(-c2ccccc2)no1,0
CC(C)(C)CC(C)(C)c1ccc(O)cc1,1
CCOCC,0
Cc1nnn(C)c1-c1cnc2c3ccc(C(C)(C)O)cc3n([C@H](c3ccccc3)C3CCOCC3)c2c1,0
N#Cc1cncc(COc2cc(OCc3cccc(-c4ccccc4F)c3Cl)ccc2CNCCO)c1,0
[O][Cl+][O-],0
CC(C)[C@H](O)C(=O)N[C@@H](C)C(=O)N[C@@H]1C(=O)N(C)CCc2ccccc21,0
CC(=O)Oc1cccc2c1C(=O)c1c(OC(C)=O)cc(C(=O)O)cc1C2=O,1
CCCNC(=O)[C@H](O)[C@@H](O)C(=O)O,0
CC1=CCCC2C1(C)CCC(C)C2(C)Cc1cc(O)ccc1O,1
C1=CC2OC2C=C1,1
Oc1ccc2c(O)cccc2c1,0
NC(N)=Nc1ccc(CC(=O)c2ccccc2)cc1,0
CC(=O)Nc1nnc(S(N)(=O)=O)s1,1
CCC(C)C1NC(=O)C2CSSCC(NC(=O)C(CC(C)C)NC(=O)C3CSSCC(NC(=O)C(CC(=O)O)NC(=O)C(NC(=O)C(Cc4ccc(O)cc4)NC(=O)C(NC(=O)C(N)C(C)C)C(C)C)C(C)O)C(=O)NC(C(C)O)C(=O)NC(CCC(=O)O)C(=O)NC(CO)C(=O)NCC(=O)NC(CCC(N)=O)C(=O)NC(CC(N)=O)C(=O)NC(CC(C)C)C(=O)N3)C(=O)NC(CCC(=O)O)C(=O)NCC(=O)NC(CO)C(=O)NC(CC(N)=O)C(=O)NC(C(C)C)C(=O)NC(CSSCC(C(=O)NC(C(=O)NC(C(=O)NCC(=O)NC(CCC(=O)O)C(=O)NCC(=O)NC(C(=O)N3CCCC3C(=O)NC(CCCCN)C(=O)N3CCCC3C(=O)NC(CCC(N)=O)C(=O)NC(CO)C(=O)NC(Cc3cnc[nH]3)C(=O)NC(CC(N)=O)C(=O)NC(CC(=O)O)C(=O)NCC(=O)NC(CC(=O)O)C(=O)NC(Cc3ccccc3)C(=O)NC(CCC(=O)O)C(=O)NC(CCC(=O)O)C(=O)NC(C(=O)N3CCCC3C(=O)NC(CCC(=O)O)C(=O)NC(CCC(=O)O)C(=O)NC(Cc3ccc(O)cc3)C(=O)NC(CC(C)C)C(=O)NC(CCC(N)=O)C(=O)O)C(C)CC)C(C)O)C(C)O)C(C)C)NC(=O)C(CCC(N)=O)NC(=O)C(CC(N)=O)NC(=O)C(CCCCN)NC(=O)C(CCC(=O)O)NC(=O)CNC(=O)C(CC(=O)O)NC(=O)C(CO)NC(=O)CNC(=O)C(CC(C)C)NC1=O)C(=O)NCC(=O)NC(CCC(N)=O)C(=O)NCC(=O)NC(CC(N)=O)C(=O)NC(CCCCN)C(=O)N2,0
CO[C@H]1/C=C/O[C@@]2(C)Oc3c(C)c(O)c4c(O)c(c(/C=N/N5CCN(C)CC5)c(O)c4c3C2=O)NC(=O)/C(C)=C\C=C\[C@H](C)[C@H](O)[C@@H](C)[C@@H](O)[C@@H](C)[C@H](OC(C)=O)[C@@H]1C,1
O=C(Cc1cccc(OC(F)(F)F)c1)Nc1ccc(CCCCc2nnc(NC(=O)Cc3ccccn3)s2)nn1,0
OC[C@H]1O[C@@H](n2cnc3c(N[C@@H]4CCOC4)ncnc32)[C@H](O)[C@@H]1O,0
Cc1ncc(COP(=O)(O)O)c(CNc2co[nH]c2=O)c1O,0
CCCCNC(=O)NS(=O)(=O)c1ccc(N)cc1,0
O=C(O)c1cc(=O)[nH]c(=O)n1[C@@H]1O[C@H](COP(=O)(O)O)[C@@H](O)[C@H]1O,0
Cc1cn([C@H]2C[C@H](O)[C@@H](COP(O)(=S)S)O2)c(=O)[nH]c1=O,0
Cc1nc2n(c(=O)c1CCN1CCC(c3noc4cc(F)ccc34)CC1)CCCC2,1
OC[C@H]1N=C(NO)[C@H](O)[C@@H](O)[C@H]1O,0
N[C@@H](CSCCO)C(=O)O,0
COc1ccc(CCN(C)CCCC2(c3ccc(OC)c(OC)c3)S(=O)(=O)CCCS2(=O)=O)cc1OC,1
CC(C)c1cnc(NC(=O)Cc2cccnc2)s1,0
CO[C@H]1O[C@H](CO)[C@@H](O)[C@H](O)[C@@H]1S[C@H]1O[C@H](CO)[C@@H](O)[C@H](O)[C@@H]1O,0
COCCOCCOCCOc1cccc(C2=N[C@@](C)(C(=O)O)CS2)c1O,0
N#Cc1ccc(NC(=NCC(=O)O)NC(c2ccccc2)c2ccccc2)cc1,0
CCN(CC)C(=O)C(C#N)=Cc1cc(O)c(O)c([N+](=O)[O-])c1,1
CCCCCCCCCCCC(O)(P(=O)(O)O)P(=O)(O)O,0
CCCCCCCCCCCCCCCCCC(=O)OCC(CSSc1ccc(COC(=O)N2[C@H]3[C@@H]2CN2C4=C(C(=O)C(N)=C(C)C4=O)[C@@H](COC(N)=O)[C@@]32OC)cc1)OC(=O)CCCCCCCCCCCCCCCCC,0
Cc1cn([C@@H]2O[C@]3(CO)CN(C)O[C@@H]2[C@@H]3OP(O)(=S)OC[C@]23CN(C)O[C@@H]([C@H](n4cc(C)c(=O)[nH]c4=O)O2)[C@@H]3OP(O)(=S)OC[C@H]2O[C@@H](n3cc(C)c(=O)[nH]c3=O)C[C@@H]2OP(O)(=S)OC[C@H]2O[C@@H](n3cnc4c(N)ncnc43)[C@H](O)[C@@H]2OP(O)(=S)OC[C@H]2O[C@@H](n3cnc4c(=O)[nH]c(N)nc43)[C@H](O)[C@@H]2OP(O)(=S)OC[C@H]2O[C@@H](n3ccc(N)nc3=O)[C@H](O)[C@@H]2OP(O)(=S)OC[C@H]2O[C@@H](n3cnc4c(N)ncnc43)[C@H](O)[C@@H]2OP(O)(=S)OC[C@H]2O[C@@H](n3ccc(N)nc3=O)[C@H](O)[C@@H]2OP(O)(=S)OC[C@H]2O[C@@H](n3cc(C)c(=O)[nH]c3=O)C[C@@H]2OP(O)(=S)OC[C@H]2O[C@@H](n3cnc4c(=O)[nH]c(N)nc43)[C@H](O)[C@@H]2OP(O)(=S)OC[C@H]2O[C@@H](n3cnc4c(=O)[nH]c(N)nc43)[C@H](O)[C@@H]2OP(O)(=S)OC[C@H]2O[C@@H](n3ccc(N)nc3=O)[C@H](O)[C@@H]2OP(O)(=S)OC[C@]23CN(C)O[C@@H]([C@H](n4cc(C)c(N)nc4=O)O2)[C@@H]3OP(O)(=S)OC[C@]23CN(C)O[C@@H]([C@H](n4cc(C)c(=O)[nH]c4=O)O2)[C@@H]3O)c(=O)nc1N,0
CCCCCCC(=O)CCCCCCC=CCC(O)C(O)C(N)(CO)C(=O)O,1
COc1ccc(C(=O)Nc2cccc(O)c2NC(=O)c2ccc(N3CCCN(C)CC3)cc2)cc1,0
N#C[C@H]1[C@H](O)[C@@H](CO)O[C@H]1n1ccc(N)nc1=O,0
Cc1ccc(O)c(N)c1,0
CC(CN(C)C)CN1c2ccccc2Sc2ccccc21,0
CCCCCCCCCCCCCCCCOCCCOP(=O)(O)CO[C@H](CO)Cn1ccc(N)nc1=O,0
C=C1/C(=C\C=C2/CCC[C@]3(C)[C@@H]([C@H](C)/C=C/[C@@H](O)C4CC4)CC[C@@H]23)C[C@@H](O)C[C@@H]1O,0
O=C(O)c1nc2ccccc2[nH]1,0
Cc1cn([C@H]2C[C@H](O)[C@@H](COP(=O)(O)OP(=O)(O)O)O2)c(=O)[nH]c1=O,0
CC(C)N(C(=O)CN1C(=O)[C@H](NC(=O)Nc2cccc(C(=O)O)c2)C(=O)N(c2ccccc2)c2ccccc21)c1ccccc1,0
CCCCCC(=O)OCC(=O)[C@H]1[C@H](C)C[C@H]2[C@@H]3C[C@H](F)C4=CC(=O)C=C[C@]4(C)[C@@]3(Cl)[C@@H](O)C[C@@]21C,0
NC(N)=NCCS[C@@H](CC(=O)O)C(=O)O,0
CN[C@H](CC(C)C)C(=O)N[C@@H](C(=O)N[C@H](Cc1ccccc1)C(=O)N[C@H](Cc1ccccc1)C(=O)N[C@H](CC(C)C)C(N)=O)C(C)C,0
O=C(CCCN1CCC(n2c(=O)[nH]c3ccccc32)CC1)c1ccc(F)cc1,0
CCn1cc(C(=O)O)c(=O)c2ccc(-c3ccncc3)cc21,0
CC(CCC(=O)NCC(=O)O)C1CCC2C3C(O)CC4CC(O)CCC4(C)C3CCC12C,1
CCCCC1OC(=O)c2ccccc21,1
Nc1ccc(S(=O)(=O)c2cnc(N)s2)cc1,0
CC(CCC(=O)NCCS(=O)(=O)O)C1CCC2C3C(O)CC4CC(O)CCC4(C)C3CC(O)C12C,1
CC1(C)S[C@@H]2[C@H](NC(=O)[C@H](N)C3=CCC=CC3)C(=O)N2[C@H]1C(=O)O,0
O=C1N[C@H](O)CCN1[C@@H]1O[C@H](CO)[C@@H](O)C1(F)F,0
COc1cccc2cc(-c3nc(C4CCC(C(=O)O)CC4)n4ncnc(N)c34)[nH]c12,0
C[C@@H](O)[C@H](N)C1=N/C(=C\c2ccc(O)cc2)C(=O)N1CC(=O)O,0
CC(=O)[C@@]1(O)CC[C@H]2[C@@H]3C=C(Cl)C4=CC(=O)CC[C@]4(C)[C@H]3CC[C@@]21C,0
NCc1ccc(S(N)(=O)=O)cc1,0
CCN(CC)CCOC(=O)C(c1ccccc1)C1(O)CCCC1,0
COc1ccc(CCCOC(Cn2ccnc2)c2ccc(OC)cc2)cc1,1
Cc1c(C(N)=O)cc([N+](=O)[O-])cc1[N+](=O)[O-],0
CC(C)(C)Nc1nc(C(F)(F)F)nc2ccc(-c3cccc(N)c3)cc12,0
Nc1ccc(S(=O)(=O)c2ccc(NCC(=O)O)cc2)cc1,0
CCOP(=O)(Cc1ccc(C)cc1)OCC,0
CC(C)(C)NCC(O)c1cc(O)cc(O)c1,1
O=C(O)/C(=C\O[P+](=O)[O-])c1ccccc1,0
CCOc1cc2ncnc(Nc3cccc(-c4csc(CO)n4)c3)c2cc1OCC,0
NCCCCC(NC(=O)C(Cc1cnc[nH]1)NC(=O)CN)C(=O)O,1
COc1cc2cnc3c(c2cc1OC)Cc1cc2c(cc1-3)OCO2,0
c1ccc2c(c1)OC[C@H](CNCCCOc1ccc3c(c1)OCO3)O2,0
FC(F)(F)c1ccc2c(c1)N(CCCN1CCN(CCC3OCCCO3)CC1)c1ccccc1S2,0
CC(C)C[C@@H](C(=O)O)C(=O)NO,0
CC(CCC(=O)O)C1CC[C@H]2[C@@H]3CC[C@@H]4C[C@H](O)CC[C@]4(C)[C@H]3CC[C@]12C,1
CCOc1cc(C[C@H]2SC(=S)N(CC(=O)O)C2=O)c(Br)c(Br)c1O,0
CN(C)C[C@@H]1CCn2cc(c3ccccc32)C2=C(C(=O)NC2=O)c2cn(c3ccccc23)CCO1,0
CCCCC(=O)O,0
CC[C@]12CCCN3CCc4c(n(c5cc(Br)ccc45)[C@@](O)(C(=O)OC)C1)[C@@H]32,0
CC(C)=CCOc1cc(NC(=S)c2ccoc2C)ccc1Cl,0
COc1ccc(C[C@H](O)c2cc(OC)c(OC)c(OC)c2)cc1O,0
CC(=O)Nc1cc([As]2SCC(CO)S2)ccc1O,0
N=C(N)NCCC[C@H](NC(=O)[C@@H]1CCCN1C(=O)[C@@H]1CSSC[C@H](N)C(=O)N[C@@H](Cc2ccc(O)cc2)C(=O)N[C@@H](Cc2ccccc2)C(=O)N[C@@H](CCC(N)=O)C(=O)N[C@@H](CC(N)=O)C(=O)N1)C(=O)NCC(N)=O,0
CC1=CC2OC3CC4OC(=O)C=CC=CC(C(C)O)OCCC(C)C(O)C(=O)OCC2(CC1)C4(C)C31CO1,1
CCCCCC(=O)OC[C@H](O)COP(=O)(O)O,0
CC1(C)CCC2(NC(=O)C(C)(F)F)CCC3(C)C(C(=O)C=C4C5(C)C=C(C#N)C(=O)C(C)(C)C5CCC43C)C2C1,0
C[N+]1(C)C2CC(OC(=O)C(O)(c3cccs3)c3cccs3)CC1C1OC12,1
CCCCCC(=O)SCCNC(=O)CCNC(=O)[C@@H](O)C(C)(C)COP(=O)(O)O,0
c1cc2c3c(cccc3c1)CC2,1
CNC(=O)c1ccc(Nc2ncc(C(F)(F)F)c(NCc3nccnc3N(C)S(C)(=O)=O)n2)cc1,0
Cc1ncc(C[n+]2csc(CCOP(=O)([O-])O)c2C)c(N)n1,0
NC1(Cc2ccc(Cl)cc2)CCN(c2ncnc3[nH]ccc23)CC1,0
C[C@H](NC(=O)CNC(=O)[C@H](N=C(N)N)C1CCCCC1)C(=O)NCCCS,0
O=[N+]([O-])c1ccc(OP(=O)(O)O)cc1,0
CCCCCCCC[S@@+]([O-])CCO,0
CN1CCCC1=O,0
COC(=O)C(Cc1ccccc1)NC(=O)C(N)CC(=O)O,1
COc1cc(C(=O)OCc2cccc(COC(=O)c3cc(OC)c(OC)c(OC)c3)n2)cc(OC)c1OC,0
Clc1ccc(CS[C@@H](Cn2ccnc2)c2ccc(Cl)cc2Cl)cc1,0
CCCCC(CC)CN1CN(CC(CC)CCCC)CC(C)(N)C1,0
N#CCCNc1nonc1-c1nc2ccccc2n1CC(=O)c1ccc(NC(=O)[C@@H](N)CCCCN)cc1,0
Cn1nnc2ccc([C@H](c3ccc(Cl)cc3)n3cncn3)cc21,0
O=C(O)CC1(CO)CCCCC1,0
O=C([C@@H]1C[C@H](N2CCN(c3ncccn3)CC2)CN1)N1CCC(F)(F)C1,0
COC(=O)C1=C(C)NC(C)=C([N+](=O)[O-])C1c1ccccc1C(F)(F)F,1
Cc1cccc(C)c1OC[C@@H](C)N,0
CCCCCCCC/C=C\CCCCCCCCCCCC(=O)OCC(COC(=O)CCCCCCCCCCC/C=C\CCCCCCCC)OC(=O)CCCCCCCCCCC/C=C\CCCCCCCC,0
c1ccc2c(c1)CC[n+]1cc3ccccc3cc1-2,1
CC(C(O)c1ccc(O)cc1)N1CCC(Cc2ccccc2)CC1,0
OCCCCCCCCCCCCBr,0
Cc1ncc(COP(=O)(O)O)c(CO)c1O,0
O=C(Nc1ccccc1-c1cn2c(CN3CCNCC3)csc2n1)c1cnc2ccccc2n1,0
C1CCN(C2CCNCC2)CC1,0
Cc1cc(-c2ncc(CC(=O)Nc3ccc(-c4cnccn4)cn3)cc2C)ccn1,0
Cc1cn([C@H]2C[C@H](O)[C@@H](CN3CCCCC3)O2)c(=O)[nH]c1=O,0
CC(C)S[C@@H]1O[C@H](CO)[C@H](O)[C@H](O)[C@H]1O,0
NS(=O)(=O)c1cc(F)cc(F)c1,0
Cn1c(C#N)ccc1-c1ccc2c(c1)C(C)(C)OC(=S)N2,0
O=C(C1CCCCC1)N1CC(=O)N2CCc3ccccc3[C@@H]2C1,0
COC[C@]1(OC)CC[C@H]2[C@@H]3CCC4=CC(=O)CCC4=C3[C@@H](c3ccc(/C=N/O)cc3)C[C@@]21C,0
CC1COCc2cc3c(cc21)C(C)(C)C(C)C3(C)C,1
C[N+]1(CCCCC[N+]2(C)CCCC2)CCCC1,0
OC[C@H]1O[C@@H](O[C@H]2[C@@H](CO)O[C@](O)(CO)[C@H]2O)[C@H](O)[C@@H](O)[C@H]1O,0
[2H]C([2H])([2H])NC(=O)c1cc(Oc2ccc(NC(=O)Nc3ccc(Cl)c(C(F)(F)F)c3)cc2)ccn1,0
Cc1cc(C(=O)Nc2cc(Br)c(O)c(Br)c2)cc(C)c1O,0
CCOc1ccccc1OC(c1ccccc1)C1CNCCO1,0
CN(C)CCOP(=O)(O)OP(=O)(O)O,0
CCCCOC(=O)c1ccccc1C(=O)OCc1ccccc1,1
CCCCCCCC=CCCCCCC(=O)OC(COC(=O)CCCCCC)COC1OC(CO)C(O)C(OC2OC(C)C(N)C(O)C2NC(C)=O)C1O,1
Cc1ccc(Sc2cccc3nc(N)nc(N)c23)cc1,0
O=C1CCc2ccc(OCCCCN3CCN(c4cccc5ccccc45)CC3)nc2N1,0
CC(=O)N[C@H]1[C@@H](OP(=O)(O)OP(=O)(O)OC[C@H]2O[C@@H](n3ccc(=O)[nH]c3=O)[C@H](O)[C@@H]2O)O[C@H](CO)[C@@H](O)[C@@H]1O[C@H](C)C(=O)N[C@@H](C)C(=O)O,0
O=c1ccn([C@H]2C[C@H](O)[C@@H](CO)O2)c(=O)[nH]1,0
COC(=O)CCC1N=C(c2ccccn2)c2cc(Br)ccc2-n2c(C)cnc21,0
O=C1C2CC=CCC2C(=O)N1SC(Cl)(Cl)C(Cl)Cl,1
CCCCOCC(O)COc1ccccc1,0
C[C@@H]1C(=O)O[C@H]2C[C@]34[C@@H]5OC(=O)[C@]3(O[C@@H]3OC(=O)[C@H](O)[C@@]34[C@H](C(C)(C)C)[C@H]5O)[C@]21O,0
CC(C)C[C@H](NC(=O)[C@@H](NC(=O)N[C@@H](Cc1ccccc1)C(=O)O)C1CCN=C(N)N1)C(=O)N[C@H](C=O)Cc1ccccc1,0
Cc1ccc(N=CN(C)C=Nc2ccc(C)cc2C)c(C)c1,1
CC(C)[C@H](O)[C@H](N)C(=O)O,0
COC(=O)c1ccc(O)c(N)c1,0
O=C1CN(S(=O)(=O)/C=C/c2ccc(Cl)s2)CCN1Cc1cc2cnccc2[nH]1,0
O=NN(CCCl)C(=O)NC1CCCCC1,1
CC1(C)[C@@H]2CC[C@@]1(C)C(=S)C2,0
CCCCCN(CCCOC)C(=O)C(CCC(=O)O)NC(=O)c1ccc(Cl)c(Cl)c1,0
CN1CCN(C(=O)[C@H](CCCN[C@@H]2C[C@H]2c2ccc(F)cc2)NC(=O)c2ccc(-n3ccnn3)cc2)CC1,0
CC(C)(C)c1ccc(C(O)CCCN2CCC(C(O)(c3ccccc3)c3ccccc3)CC2)cc1,1
O=C(NCO)NS(=O)(=O)c1ccc(NC(=O)c2ccccc2C(=O)O)cc1,0
CC1(C)S[C@@H]2[C@H](NC(=O)C(C(=O)Oc3ccc4c(c3)CCC4)c3ccccc3)C(=O)N2[C@H]1C(=O)O,0
Cn1ncnc1COc1nn2c(-c3c(F)cccc3F)nnc2cc1C1CCC1,0
COCCNC(=O)CN(CCN(CCN(CC(=O)O)CC(=O)NCCOC)CC(=O)O)CC(=O)O,0
CN(c1nccc(=O)[nH]1)C1CCN(c2nc3ccccc3n2Cc2ccc(F)cc2)CC1,0
O=S1(=O)CCN(CN2CCS(=O)(=O)NC2)CN1,0
CC(=O)N(O)CCC[C@@H]1NC(=O)[C@H](CCCN(O)C(C)=O)NC(=O)CNC(=O)[C@@H](CO)NC(=O)CNC(=O)[C@H](CCCN(O)C(C)=O)NC1=O,0
CN(C)CCc1c[nH]c2ccccc12,0
COc1cc(C2c3cc4c(cc3C(OC3OC5COC(c6cccs6)OC5C(O)C3O)C3COC(=O)C23)OCO4)cc(OC)c1O,1
CCSc1ccc2c(c1)N(CCCN1CCN(C)CC1)c1ccccc1S2,0
CN(C(=S)NN=C(c1ccccn1)c1ccccn1)C1CCCCC1,0
CC1(C)S[C@H](C(NC(=O)Cc2ccccc2)C(=O)NCCCC[C@@H](N)C(=O)O)N[C@H]1C(=O)O,0
COC[C@@H](O)[C@H](CC(C)C)NC(=O)[C@H](CC(C)C)NC(=O)OCc1ccccc1,0
O=C(O)/C(O)=C(F)\C=C\C(=O)c1ccc(F)cc1,0
CCOc1c(N2CCOCC2)cnn(C)c1=O,0
CC(C)c1cc2c(c(O)c1O)C1(C(=O)O)CCCC(C)(C)C1CC2,1
CC(=O)OP(=O)(O)O,0
CC(C)[C@@H](CS(=O)(=O)C(C)C)N1C(=O)[C@@](C)(CC(=O)O)C[C@H](c2cccc(Cl)c2)[C@H]1c1ccc(Cl)cc1,0
CC(C)CC(NC(=O)N1CCCCCC1)C(=O)NC(Cc1cn(C=O)c2ccccc12)C(=O)NC(Cc1c[nH]c2ccccc12)C(=O)O,1
NCc1ccnc(Oc2cccc(C(=O)N3C[C@@H](O)[C@H](F)C3)c2)c1,0
CC(C)(COP(=O)(O)O)[C@@H](O)C(=O)NCCC(=O)NCCS,0
O=C(NCc1cccnc1)c1cc(C(=O)NCc2cccnc2)ncn1,0
Cc1ccc(Nc2c(F)cccc2Cl)c(CC(=O)O)c1,1
C[C@](O)(c1ccc(C(=O)N(C2CC2)C2CCN(CC3(C(N)=O)CC3)CC2)cc1)C(F)(F)F,0
CC(C)(C)NCC(O)COc1cccc2[nH]c(=O)[nH]c12,1
CC(OC(=O)NCC1(CC(=O)O)CCCCC1)OC(=O)C(C)C,0
Cc1cccc(C)c1C(=O)Nc1cc(Br)c(O)c(Br)c1,0
Nc1nc2c(c(=O)[nH]1)N=C([C@H](O)[C@H](O)CO)CN2,0
[CH2]C(CNC(=O)c1ccccc1OCC(=O)O)OCCOC,0
c1ccc2c(c1)cc1ccc3c4ccccc4cc4ccc2c1c43,1
CC1(C)OC[C@@H](COC(=O)CCc2ccc(OC[C@@H](O)CNCCNC(=O)N3CCOCC3)cc2)O1,0
CCC(=O)O[C@]1(c2ccccc2)CCN(C)C[C@@H]1C,0
CC(CN(C)C)N1c2ccccc2Sc2ccccc21,0
CC(=O)OCC(=O)C1(O)CCC2C3CCC4=CC(=O)CCC4(C)C3(F)C(O)CC21C,0
CC1CN(c2cc3c(cc2F)c(=O)c(C(=O)O)cn3-c2ccc(F)cc2F)CCN1,1
COC(=O)NC(C(=O)N1CC2(CC2)CC1c1ncc(-c2ccc3c(c2)C(F)(F)c2cc(-c4ccc5nc(C6C7CCC(C7)N6C(=O)C(NC(=O)OC)C(C)C)[nH]c5c4)ccc2-3)[nH]1)C(C)C,1
OCC1OC(n2cnc3c2NC=NCC3O)C(O)C1O,1
COC1=C(OC)[C@H](O)[C@H](C/C=C(\C)CC/C=C(\C)CCC=C(C)C)[C@@H](C)C1=O,0
CCCC1=N[C@@H]2[C@@H](O)[C@H](O)[C@@H](CO)O[C@@H]2S1,0
N[C@@H](CCC(=O)N[C@@H](CSCc1ccccc1I)C(=O)NCC(=O)O)C(=O)O,0
COc1ccc(N(C(=O)Nc2ccccc2Cl)c2ccnc(N[C@@H](C)C(C)(C)O)n2)cc1,0
Cc1c(O)c(C)c2c(c1O)C(=O)CC(c1ccc(O)cc1)O2,1
CCC(=O)CCC(C)(C)O,0
COC[C@@H]1O[C@H]2[C@H](n3ccc(=O)[nH]c3=O)O[C@]1(COP(O)(=S)O[C@@H]1[C@H]3O[C@H](COC)[C@]1(COP(O)(=S)OC[C@H]1O[C@@H](n4cnc5c(N)ncnc54)[C@H](O)[C@@H]1OP(O)(=S)OC[C@H]1O[C@@H](n4cc(C)c(=O)[nH]c4=O)[C@H](O)[C@@H]1OP(O)(=S)OC[C@H]1O[C@@H](n4cnc5c(=O)[nH]c(N)nc54)[C@H](O)[C@@H]1OP(O)(=S)OC[C@H]1O[C@@H](n4cnc5c(=O)[nH]c(N)nc54)[C@H](O)[C@@H]1OP(O)(=S)OC[C@H]1O[C@@H](n4ccc(N)nc4=O)[C@H](O)[C@@H]1OP(O)(=S)OC[C@H]1O[C@@H](n4cc(C)c(=O)[nH]c4=O)[C@H](O)[C@@H]1OP(O)(=S)OC[C@H]1O[C@@H](n4cnc5c(=O)[nH]c(N)nc54)[C@H](O)[C@@H]1OP(O)(=S)OC[C@H]1O[C@@H](n4ccc(N)nc4=O)[C@H](O)[C@@H]1OP(O)(=S)OC[C@H]1O[C@@H](n4cnc5c(N)ncnc54)[C@H](O)[C@@H]1OP(O)(=S)OC[C@H]1O[C@@H](n4cnc5c(=O)[nH]c(N)nc54)[C@H](O)[C@@H]1OP(O)(=S)OC[C@]14O[C@@H](n5ccc(N)nc5=O)[C@H](O[C@H]1COC)[C@@H]4OP(O)(=S)OC[C@]14O[C@@H](n5ccc(=O)[nH]c5=O)[C@H](O[C@H]1COC)[C@@H]4O)O[C@H]3n1ccc(N)nc1=O)[C@H]2O,0
O=C(O[C@H]1C[C@H]2CC3C[C@@H](C1)N2CC3=O)c1c[nH]c2ccccc12,0
Cn1ncc2ncnc(NCCc3cnc(NC(=O)Nc4cccc(C(F)(F)F)c4)s3)c21,0
CCCCCCCCSCC(=O)C(F)(F)F,0
CCCC(=O)O[C@H]1[C@H](C)O[C@@H](O[C@H]2[C@H](N(C)C)[C@@H](O)[C@H](O[C@H]3[C@@H](CC=O)C[C@@H](C)[C@@H](O)/C=C/C=C/C[C@@H](C)OC(=O)C[C@@H](O)[C@@H]3OC)O[C@@H]2C)C[C@@]1(C)OC(=O)CC,1
CC(C)NC[C@H](O)COc1ccc(CC(N)=O)cc1,0
CNC(C)(C)C(=O)O,1
NC1=NC(=O)C([C@H]2CCNC(=O)C3=NC(Br)=C[C@H]32)=N1,0
CC(CNC(=O)c1cccnc1)NC(=O)c1cccnc1,0
NCCNCCNCCN,0
COc1ccnc(C[S+]([O-])c2nc3cc(-n4cccc4)ccc3[nH]2)c1C,0
CCCCCCCC[N+](C)(C)CCCCCCCC,0
O=P(O)(O)OCC(O)CO,0
CC(O)=N[C@H](CCCNC(=N)N)C(O)=N[C@H](CCCNC(=N)N)C(O)=N[C@H](CCCNC(=N)N)C(O)=N[C@H](CCCNC(=N)N)C(O)=N[C@H](CCCNC(=N)N)C(O)=N[C@H](CCCNC(=N)N)C(O)=N[C@H](CCCNC(=N)N)C(O)=N[C@H](CCCNC(=N)N)C(O)=N[C@H](CCCNC(=N)N)C(O)=N[C@@H]1CSSC[C@H](C(O)=N[C@H](CCCNC(=N)N)C(O)=N[C@H](CCCNC(=N)N)C(O)=N[C@H](CCCCN)C(O)=N[C@H](CC(=N)O)C(=O)O)N=C(O)[C@@H](CCC(=N)O)N=C1O,0
OCC1=CC(O)C2C=COC(OC3OC(CO)C(O)C(O)C3O)C12,1
C=C1C(=O)NC(C)C(=O)NC(CC(C)C)C(=O)NC(C(=O)O)C(C)C(=O)NC(CCCN=C(N)N)C(=O)NC(C=CC(C)=CC(C)C(O)Cc2ccccc2)C(C)C(=O)N(C)C(C(=O)O)CCC(=O)N1C,1
CC(C)n1c(/C=C/[C@H](O)C[C@H](O)CC(=O)O)c(-c2ccc(F)cc2)c2ccccc21,0
CC1=CC[C@H](N(C)C)CC1,0
C=C(N)C(N)=O,0
NC(=O)c1cnc2[nH]ccc2c1N[C@@H]1[C@@H]2CC3C[C@H]1C[C@@](O)(C3)C2,0
O=C(O)[C@@H](S)Cc1ccc(I)cc1,0
Cc1c(CN2CCN(C(=O)[C@H](C)O)CC2)sc2c(N3CCOCC3)nc(-c3cnc(N)nc3)nc12,0
CC(C)(C)[C@@H](CO)NC(=O)c1nn(-c2c[n+]([O-])ccn2)c2c1C[C@@H]1C[C@H]21,0
O=C(CNS(=O)(=O)c1ccccc1C(=O)N1CCN(Cc2ccccc2)CC1)Nc1ccc(O)cc1,1
OC[C@H]1O[C@@H](O[C@H]2[C@H](O)[C@@H](O)[C@H](O[C@H]3[C@H](O)[C@@H](O)[C@H](O)O[C@@H]3CO)O[C@@H]2CO)[C@H](O)[C@@H](O)[C@@H]1O,0
Nc1ncnc2c1ncn2[C@@H]1O[C@H](CO)[C@@H](O)[C@H]1O,0
CC(=O)Oc1cccc(C(=O)O)c1OC(C)=O,0
Nc1nccc(-c2cc(Cl)sc2Cl)n1,0
O=C1NC(=S)NC(=O)C1Cc1ccc(-c2ccccc2C(F)(F)F)o1,0
CC(C)CCCC(C)NCCC(C)C,0
COc1c(C)cc2c(c1O)[C@@H]1[C@@H]3Cc4c(OC(C)=O)c(C)c5c(c4[C@H](CNC(=O)/C=C/c4cccc(C(F)(F)F)c4)N3[C@@H](O)[C@H](C2)N1C)OCO5,0
C=C(C#N)C(=O)OCCC(C)C,0
CC(=O)c1sc(CCOP(=O)(O)OP(=O)(O)O)c(C)[n+]1Cc1cnc(C)nc1N,0
O=C(O)[C@H]1CC(=O)N(c2ccccc2O)C1,0
COc1ccc(OC)c(C(O)C(C)N)c1,0
CC1(C)CCC2(C(=O)OC3OC(CO)C(O)C(O)C3O)CCC3(C)C(=CCC4C5(C)CCC(OC6OC(C(=O)O)C(OC7OC(CO)C(O)C7O)C(O)C6O)C(C)(C)C5CCC43C)C2C1,1
O=S(O)c1ccccc1-c1ccccc1,0
C#CC1(O)CCC2C3CCC4=CC(=O)CCC4C3CCC21CC,0
CN(C)CCCNC(=O)c1cccc2c(N)c3ccccc3nc12,0
O=C(Cc1cccs1)N[C@@H]1C(=O)N2C(C(=O)O)=C(/C=C/c3ccc([N+](=O)[O-])cc3[N+](=O)[O-])CS[C@H]12,0
COc1cc2c(cc1OC)/C(=C/COCc1c(-c3ccc(F)cc3)nc(N(C)S(C)(=O)=O)nc1C(C)C)OC2=O,0
CC(C)CCOC(=O)c1ccc(N(C)C)cc1,0
c1ccc2ncccc2c1,1
O=C(NO)[C@@H](Cc1ccc2ccccc2c1)NS(=O)(=O)c1ccc2ccccc2c1,0
CC1(C)[C@H](/C=C/C=C2C[C@@H](O)C[C@H](O)C2)CC[C@]1(C)CCC#CC(O)(C(F)(F)F)C(F)(F)F,0
O=C(O)C=C(CC(=O)O)C(=O)O,1
FC(F)OC(F)C(F)(F)F,1
O=[N+]([O-])c1cc([As](=O)(O)O)ccc1O,1
Clc1ccc2c(c1Nc1ccnc(Nc3cccc(N4CCOCC4)c3)n1)OCO2,0
CC#C[C@]1(O)CC[C@H]2[C@@H]3CCC4=CC(=O)CCC4=C3[C@@H](c3ccc4c(c3)OCO4)C[C@@]21C,0
CO[C@@H]1C[C@H](C(=O)Nc2ccc(-n3ccccc3=O)cc2F)N(C(=O)Nc2ccc(Cl)cc2)C1,0
C[C@@H](C(=O)N1CCOCC1)N1CC[C@H](NS(=O)(=O)c2nc(-c3ccc(Cl)s3)n[nH]2)C1=O,0
CN[C@H](CC(C)C)C(=O)N[C@H]1C(=O)N[C@@H](CC(N)=O)C(=O)N[C@H]2C(=O)N[C@H]3C(=O)N[C@H](C(=O)N[C@H](C(=O)O)c4cc(O)cc(O)c4-c4cc3ccc4O)[C@H](O[C@H]3C[C@](C)(N)C(O)(O)[C@H](C)O3)c3ccc(c(Cl)c3)Oc3cc2cc(c3O)Oc2ccc(cc2Cl)[C@H]1O,0
CCCCCCCC/C=C\CCCCCCCC(=O)N[C@@H](CO)[C@H](O)[C@H](O)CCCCCCCCCCCCCC,0
CCCC(=O)Nc1ncnc2c1ncn2C1OC2COP(=O)(O)OC2C1OC(=O)CCC,1
CCOP(=O)(O)N(CC)CC,0
COCc1ccc([N+](=O)[O-])o1,0
N=C(N)c1ccc2[nH]c(-c3cccc(OC4CCCC4)c3O)cc2c1,0
CC=C1CC(C)C(C)(O)C(=O)OCC2=CCN(C)CCC(OC1=O)C2=O,1
CCCCCCCCCCCCCCCCCC(=O)OC[C@H](COP(=O)(O)OCC[N+](C)(C)C)OC(=O)CCCCCCCCCCCCCCCCC,0
O=C(NCCNCC(O)COc1ccc(O)cc1)N1CCOCC1,0
O=c1ccc2ncc(=O)n3c2n1CC3CN1CCC(NCc2cc3c(cn2)OCCC3)CC1,0
C[C@@H]1C[C@H]2[C@@H]3CCC4=CC(=O)C=C[C@]4(C)C3=CC[C@]2(C)[C@@]1(O)C(=O)CO,0
CC1(C)CCC2(C(=O)O)CCC3(C)C(=CCC4C5(C)CCC(O)C(C)(C)C5CCC43C)C2C1,1
[Hg+2],1
FC(F)(F)c1ccc2c(c1)[C@H]1CNC[C@@H]2C1,0
O=c1c(O)c(-c2ccccc2)oc2cc(O)cc(O)c12,1
O=c1[nH]c(=O)n(COCCO)c(O)c1Cc1cccc(OCc2ccccc2)c1,0
C[C@H](O)C(=O)O,0
CNCCc1ccc(OC(=O)C(C)C)c(OC(=O)C(C)C)c1,0
OCCc1ccc(F)cc1,0
CC(=O)O[C@H]1C[C@@]2(C)[C@@H](C[C@@H](O)[C@H]3[C@@]4(C)CC[C@@H](O)[C@@H](C)[C@@H]4CC[C@@]32C)/C1=C(\CCC=C(C)C)C(=O)O,0
CC(C(=O)O)c1ccc(/C=C2\CCCCC2=O)cc1,0
CC[C@H]1OC(=O)C[C@@H](O)[C@H](C)[C@@H](O[C@@H]2O[C@H](C)[C@@H](O[C@H]3C[C@@](C)(O)[C@@H](O)[C@H](C)O3)[C@H](N(C)C)[C@H]2O)[C@@H](CC=O)C[C@@H](C)C(=O)/C=C/C(C)=C/[C@@H]1CO[C@@H]1O[C@H](C)[C@@H](O)[C@@H](OC)[C@H]1OC,0
CCC(=O)OC(OP(=O)(CCCCc1ccccc1)CC(=O)N1CC(C2CCCCC2)CC1C(=O)O)C(C)C,1
NC(=O)c1ncn(C2OC(COP(=O)(O)O)C(O)C2O)c1N,1
CC(C)[C@H](N)C(=O)N1CCC[C@H]1B(O)O,0
CCCC[C@@H](O)/C=C(C)/C=C/C=C/C(=O)N1CCCC1=O,0
O=c1oc2cc(O)ccc2s1,0
[Er+3],1
C[C@@H](NC(=O)CCS)C(=O)O,0
CN=CNc1ccc(C)cc1C,1
CCC[C@@H](N(NC(=O)c1cccc(OC)c1CC)C(=O)c1cc(C)cc(C)c1)C(C)(C)C,0
NCCCC(O)(P(=O)(O)O)P(=O)(O)O,1
CN(C)c1ccc(N=Nc2ccc(OC3OC(CO)C(OC4OC(CO)C(O)C(O)C4O)C(O)C3O)cc2)cc1,1
S=[Se]=S,0
NCCCc1ccccc1,0
CCCCCCCCCCOCO,0
C[C@@H]1O[C@@H](O[C@H]2C[C@@H](O)[C@]3(CO)[C@H]4[C@H](O)C[C@]5(C)[C@@H](C6=CC(=O)OC6)CC[C@]5(O)[C@@H]4CC[C@]3(O)C2)[C@H](O)[C@H](O)[C@H]1O,0
Nc1nc2ccc(C[C@@](O)(CNCC(=O)N[C@@H]3O[C@H](COP(=O)(O)O)[C@@H](O)[C@H]3O)c3ccc(C(=O)N[C@@H](CCC(=O)O)C(=O)O)cc3)cc2c(=O)[nH]1,0
O=c1ccc2cc3ccoc3cc2o1,1
O=C(O)C(c1ccc(Cl)cc1)c1ccccc1Cl,1
O=C(O)CC[C@H](NC(=O)N[C@@H](CCCCNC(=O)c1ccc([18F])nc1)C(=O)O)C(=O)O,0
Cc1cc(N=Nc2ccccc2C)ccc1N,1
C=CCOC(=O)N[C@@H](Cc1ccc(N(C(=O)C(=O)O)c2ccccc2C(=O)O)cc1)C(=O)NCCCCOc1cccc(O)c1C(=O)OC,0
CC(Cl)CCl,1
N#CC(Cc1ccc(O)cc1)c1ccc(O)cc1,0
CC(C)(C)S(=O)(=O)NC1CCC(C(=O)Nc2ccc(C(F)(F)F)cn2)CC1,0
NC(N)=NCCCC(N)C(=O)NCC(=O)NC(CC(=O)O)C(=O)O,1
O=C(O)C1=C(C(=O)Nc2c(F)cc(-c3cccc(OC(F)(F)F)c3)cc2F)CCC1,0
CCC(Br)(CC)C(=O)NC(=O)NC(C)=O,0
COc1cc(OC)nc(O[C@H](C(=O)O)C(OC)(c2ccccc2)c2ccccc2)n1,0
O=c1[nH]c2ccccc2c(=O)o1,0
Oc1ncc(N(CCCl)CCCl)c(O)n1,1
c1ccc2c(c1)CCCC2,1
CC(C)(C)c1cc(NC(=O)Nc2ccc(-c3cn4c(n3)sc3cc(OCCN5CCOCC5)ccc34)cc2)no1,0
NC(N)=NCCCOB1OCCO1,0
CC(C)=CCC/C(C)=C/CC/C(C)=C/CC/C=C(\C)CC/C=C(\C)CCC=C(C)C,0
NC1=N[C@@]2(c3cc(NC(=O)c4ccc(F)cn4)ccc3F)COC[C@H]2CS1,0
CCCCn1c(Cc2cc(OC)ccc2OC)nc2c(N)nc(F)nc21,0
Nc1nc2cc[nH]c2c(=O)[nH]1,0
CC(CNC(=O)c1ccccc1)C(=O)OCC(=O)[C@@]12OC(C)(C)O[C@@H]1C[C@H]1[C@@H]3CCC4=CC(=O)C=C[C@]4(C)[C@@]3(F)[C@@H](O)C[C@@]12C,0
O=[N+]([O-])c1ccc2c(c1)Cc1ccccc1-2,1
CC[C@H](C(=O)N1CCCC[C@H]1C(=O)O[C@H](CCc1ccc(OC)c(OC)c1)c1cccc(OCC(=O)O)c1)c1cc(OC)c(OC)c(OC)c1,0
COc1ccc2[nH]cc(CCNC(C)=O)c2c1,0
CN(C)C(=O)c1ccc(S(=O)(=O)c2ccc(NC(=O)[C@@](C)(O)C(F)(F)F)c(Cl)c2)cc1,0
C[N+]12CCC(CC1)C(OC(=O)C(O)(c1ccccc1)c1ccccc1)C2,0
CN[C@H]1CN(c2cccc(OC)c2)S(=O)(=O)c2sc(S(N)(=O)=O)cc21,0
CCO[C@H](Cc1ccc(OCCN2c3ccccc3Oc3ccccc32)cc1)C(=O)O,0
NCC[C@H](N)C(=O)O,0
O=C1OC(C(O)CO)C(O)=C1OP(=O)(O)O,1
CCCCCCCCCCCCCCCC(=O)O[C@@H]1[C@@H](O)[C@@H](O)[C@@H]([C@H](NC(=O)[C@@H]2C[C@@H](CCC)CN2C)[C@H](C)Cl)O[C@@H]1SC,0
CC(C)NCC(O)c1ccc([N+](=O)[O-])cc1,0
COCc1c(-c2cc3cc(C)cc(OC)c3s2)c2c(N)ncnn2c1CN1CCNC(=O)C1,0
Nc1nccc(-c2c(-c3ccc(F)cc3)ncn2CC2CC2)n1,0
N=c1nnc(=N)c1=NNc1ccccc1C(F)(F)F,0
C=C(C)CC1(CC)C(=O)NC(=S)NC1=O,0
CN(C)C(=O)[C@H](Cc1ccccc1)NC(=O)C(=O)CC(=O)NCCc1ccccn1,0
Nc1ccc(N=Nc2ccccc2)cc1,1
NC(=O)c1ccc(Nc2nc(OCC3CCCCC3)c3[nH]cnc3n2)cc1,0
CC(C)CC(NC(=O)CNC(=O)C(Cc1ccc(O)cc1)NC(=O)C(CO)NC(=O)C(Cc1c[nH]c2ccccc12)NC(=O)C(Cc1cnc[nH]1)NC(=O)C1CCC(=O)N1)C(=O)NC(CCCN=C(N)N)C(=O)N1CCCC1C(=O)NCC(N)=O,0
CCCCOC(=O)C(=O)[C@H]1[C@H](C)C[C@H]2[C@@H]3C[C@H](F)C4=CC(=O)C=C[C@]4(C)[C@H]3[C@@H](O)C[C@@]21C,0
CC(=O)Nc1cccc(N2CCN(CCCCNS(=O)(=O)CC3CCCCC3)CC2)c1,0
CC(=O)NC(N)=NCCC[C@@H]1NC(=O)[C@H](CCCC(=O)O)NC(=O)[C@H](Cc2cnc[nH]2)N2C(=O)[C@H](C[C@H]2O)NC(=O)[C@H]2CCCN2C1=O,0
Cc1ncnc2c1ncn2[C@@H]1O[C@H]([C@H](C)O)[C@@H](O)[C@H]1O,0
CCN(c1nc(N)c(C(=O)N=C(N)N)nc1Cl)C(C)C,1
O=C(O)CSc1nc(-c2cccc(Cl)c2)no1,0
Nc1cc2ccccc2c2ccccc12,0
CCCCc1cc2c(=O)c(C(=O)OC)c[nH]c2cc1OCc1ccccc1,0
CCCCCCCCCCCCCC(=O)O[C@H]1C=C[C@H]2[C@H]3Cc4ccc(OCc5ccccc5)c5c4[C@@]2(CCN3C)[C@H]1O5,0
CC[C@@](C)(O)[C@@H](O)C(=O)O,0
NS(=O)(=O)c1ccc(Nc2nccc(-c3cnc4ccccn34)n2)cc1,0
CCCCCCCCCCCCCC(=O)OC(C)C,0
O=S(=O)(O)CCCSc1nc2ccccc2s1,0
O=P(O)(O)OC[C@@H](O)[C@H]1O[C@H](O)[C@@H](O)[C@@H](O)[C@@H]1O,0
Nc1ccc2[nH]c(-c3cc(CC(=O)O)cc(-c4cccc([N+](=O)[O-])c4)c3O)cc2n1,0
NC1CCCCC1N,1
C[C@@H](C[C@H](C[C@@H](CCC(=O)O)C(=O)O)C(=O)O)C(=O)O,0
COc1nc(C(Cl)(Cl)Cl)c(Cl)c(OC)c1Cl,0
CC1=C(C(=O)O)N2C(=O)[C@@H](NC(=O)CCC[C@@H](N)C(=O)O)[C@H]2SC1,0
C=C1C=NC(C)=NC1=N,0
C[C@@H](O)CO,0
CN1N=C(N)c2cn([C@@H]3O[C@H](COP(=O)(O)O)[C@@H](O)[C@H]3O)c3ncnc1c23,0
Cc1cccc(N(C)C(=S)Oc2ccc3c(c2)C2CCC3C2)c1,0
CC(C)CCCCCOC(=O)COc1ccc(Cl)cc1Cl,1
CN1C(=O)CN=C(c2ccccc2F)c2cc(Cl)ccc21,0
CO/C=C(/C(=O)OC)c1ccccc1/C=C/c1ccccc1,0
Cc1ccc2c([nH]c(=O)c3c(=O)cc(C(=O)OCCC(C)C)oc32)c1C,0
CC1(C(=O)O)CCC2(C)CCC3(C)C(=CC(=O)C4C5(C)CCC(OC(=O)CCC(=O)O)C(C)(C)C5CCC43C)C2C1,1
CNC(=O)Oc1ccccc1OC(C)C,1
Cc1[nH]nc2ccc(-c3cncc(OC[C@@H](N)Cc4c[nH]c5ccccc45)c3)cc12,0
CC(C)N(CC[C@H](c1ccccc1)c1cc(CO)ccc1O)C(C)C,0
Cn1cc(OCC(O)CNC(C)(C)C)c2ccccc2c1=O,0
CC(=O)N[C@H](CSSC[C@H](N)C(=O)O)C(=O)N[C@H](C)C(=O)N[C@H](CCCN=C(N)N)C(=O)N[C@H](CCCN=C(N)N)C(=O)N[C@H](CCCN=C(N)N)C(=O)N[C@H](C)C(=O)N[C@H](CCCN=C(N)N)C(N)=O,0
CC(=O)Nc1ccc(S(=O)(=O)N2CCN(C)CC2)cc1,0
COc1cc(OO)ccc1O,0
ON=Cc1cc[n+](C[n+]2ccc(C=NO)cc2)cc1,1
[2H]C([2H])([2H])C(c1cc(C(C)(C)C)c(NC(=O)c2c[nH]c3ccccc3c2=O)cc1O)(C([2H])([2H])[2H])C([2H])([2H])[2H],0
CC(C)(C)OC(=O)Nc1cccnc1C(=O)Nc1nccs1,0
CCCCCCC(C)(C)c1cc(O)c2c(c1)OC(C)(C)C1CCC(=O)CC21,0
COc1ccnc(C[S+]([O-])c2nc3cc(OC(F)F)ccc3[nH]2)c1OC,1
C=CCc1ccc(O)c(O)c1,1
O=C(O)c1cc(/N=N/c2ccc(O)c(C(=O)O)c2)ccc1O,1
CO[C@@H](C[C@@H]1OC(=O)C[C@@H](O)C[C@H](O)CC(=O)[C@H](C)[C@H](OC)c2coc(n2)-c2coc(n2)-c2coc(n2)/C=C/CC[C@H]1C)[C@@H](C)CCC(=O)[C@H](C)[C@@H](C/C=C/N(C)CO)OC,0
COc1ccc2[nH]cc(CCC(=O)O)c2c1,0
c1ccc2c(c1)ccc1c3ccccc3ccc21,1
N[C@@H](CCS)C(=O)O,0
C[C@]12CC[C@H](O)C[C@H]1CC[C@@H]1[C@@H]2CC[C@]2(C)[C@@H](C3=CC(=O)OC3)CC[C@]12O,0
CCCCCC=CC=CC=O,1
Clc1ccc(CCC(Cn2ccnc2)Sc2c(Cl)cccc2Cl)cc1,0
Nc1ncnc2c1ncn2[C@@H]1O[C@H](CO)[C@@H](NC(=O)[C@@H](N)CO)[C@H]1O,0
CC1OC(n2cc(F)c(=O)[nH]c2=O)C(O)C1O,1
CCCCCCCC/C=C\CCCCCCCCCCCCCC(=O)N[C@@H](CO[C@@H]1O[C@H](CO)[C@H](O)[C@H](OS(=O)(=O)O)[C@H]1O)[C@H](O)/C=C/CCCCCCCCCCCCC,0
CCn1c(=O)c2c(nc(/C=C/c3ccc(OC)c(OC)c3)n2C)n(CC)c1=O,0
Cn1c(=O)c(F)c(Nc2ccc(I)cc2F)c2c(=O)n(C[C@@H](O)CO)cnc21,0
Cc1noc(-c2ccc3c(c2)c2c(n3CCCSc3cc(F)cc(F)c3)CCCC2)n1,0
CC(=O)OCC1=C(C(=O)O)N2C(=O)[C@@H](NC(=O)CS/C(=N/C(C)C)NC(C)C)[C@H]2SC1,0
C[S+](CC[C@H](N)C(=O)[O-])C[C@H]1O[C@@H](n2cnc3c(N)ncnc32)[C@H](O)[C@@H]1O,0
N[C@@H](Cc1ccc(O)cc1)C(=O)O,0
Cc1ncc(-c2ccnc(Nc3ccc(N4CCN(C(=O)CO)CC4)cc3)n2)n1C(C)C,0
CC(=O)NC(CSc1ccccc1)C(=O)O,1
O=C(O)Cc1sc(-c2ccccc2)nc1-c1ccc(Cl)cc1,1
C=Cc1ccc(O)c(OC)c1,0
CCc1nn(CCO)c(CC)c1Oc1cc(C#N)cc(C#N)c1,0
CCOC(=O)C1(CCCCCCOc2ccc(Cl)cc2)CO1,1
Cc1[nH]cnc1CSCCNc1nc(=O)c(Cc2ccc3c(c2)OCO3)c[nH]1,1
Cc1cn(C2OC3(CO)COC2C3OP(O)(=S)OCC2OC(n3cnc4c(N)ncnc43)CC2OP(O)(=S)OCC23COC(C(n4cc(C)c(N)nc4=O)O2)C3OP(O)(=S)OCC2OC(n3cnc4c(=O)[nH]c(N)nc43)CC2OP(O)(=S)OCC2OC(n3cnc4c(N)ncnc43)CC2OP(O)(=S)OCC23COC(C(n4cc(C)c(=O)[nH]c4=O)O2)C3OP(O)(=S)OCC23COC(C(n4cc(C)c(=O)[nH]c4=O)O2)C3OP(O)(=S)OCC2OC(n3cnc4c(N)ncnc43)CC2OP(O)(=S)OCC23COC(C(n4cnc5c(=O)[nH]c(N)nc54)O2)C3OP(O)(=S)OCC2OC(n3ccc(N)nc3=O)CC2OP(O)(=S)OCC23COC(C(n4cnc5c(N)ncnc54)O2)C3OP(O)(=S)OCC23COC(C(n4cc(C)c(=O)[nH]c4=O)O2)C3OP(O)(=S)OCC23COC(C(n4cc(C)c(=O)[nH]c4=O)O2)C3OP(O)(=S)OCC23COC(C(n4cnc5c(N)ncnc54)O2)C3O)c(=O)nc1N,0
Cc1cc2c(cc1S(=O)(=O)N1CCN(C)CC1)S(=O)(=O)N[C@@H](C1CCCC1)N2,0
N[C@@H]1c2cccnc2[C@H](OC(=O)N2CCC(n3c(=O)[nH]c4ncccc43)CC2)CC[C@H]1c1cccc(F)c1F,0
CCOC(=O)C1N=C(c2ccccc2F)c2cc(Cl)ccc2NC1=O,0
CC(C)(C)C[C@@H]1N[C@@H](C(=O)NC2CCC(O)CC2)[C@H](c2cccc(Cl)c2F)[C@]12C(=O)Nc1cc(Cl)ccc12,0
O=C(O)[C@@H](Cc1ccccc1)[C@H](Cc1ccc2c(c1)OCO2)C(=O)O,0
Cc1cccc(OCC(O)CNC(C)C)c1,0
O=C[C@@H](NC(=O)Cc1cccs1)[C@@H]1N=C(C(=O)O)CCS1,0
O=C(Nc1ccc2[nH]cc(CCc3ccncc3)c2c1)c1cc(F)cc(N2CCOCC2)c1,0
Nc1nc2n[nH]nc2c(=O)[nH]1,0
CC(=O)[C@H]1CC[C@H]2[C@@H]3CC[C@H]4C[C@H](O)CC[C@]4(C)[C@H]3C(=O)C[C@]12C,0
CNC[C@@H]1CC[C@@H](N)[C@@H](O[C@H]2[C@H](O)[C@@H](O[C@H]3OC[C@](C)(O)[C@H](NC)[C@H]3O)[C@H](N)C[C@@H]2N)O1,0
COc1ccc(C[C@@H](C)NC[C@H](O)c2ccc(O)c(NC=O)c2)cc1,0
O=C1NC(=O)C(c2ccccc2)(c2ccccc2)N1,1
Oc1ccc2c(c1)[C@@]13CCCC[C@@]1(O)[C@@H](C2)N(CC1CCC1)CC3,0
CC1(C)Cc2c(-c3ccccc3)c(-c3ccc(Cl)cc3)c(CC(=O)O)n2C1,0
CSC[C@H](N)C(=O)O,0
COc1ccc(Nc2ncnc(Nc3cc(OC)c(OC)c(OC)c3)n2)cc1Cl,0
CC=Cc1cc(OC)c(OC)cc1OC,1
CCC(C)C(C(=O)OC1CC[N+](C)(C)CC1)c1ccccc1,0
CO/C1=C\C(C)=C\[C@@H](C)[C@@H](O)[C@@H](C)C/C(C)=C/C=C/[C@H](OC)[C@@H]([C@@H](C)[C@@H](O)[C@H](C)[C@@]2(O)C[C@@H](O)[C@H](C)[C@@H](C(C)C)O2)OC1=O,0
O=C1CN(N=Cc2ccc([N+](=O)[O-])o2)C(=O)N1,1
Cc1cc(Nc2nc(C(O)c3ccc(F)cc3)nc3ccccc23)n[nH]1,0
CN(C)C=Nc1c(I)cc(I)c(CCC(=O)O)c1I,0
C[C@@H]1O[C@@H](O[C@H]2C[C@](O)(C(=O)CO)Cc3c(O)c4c(c(O)c32)C(=O)c2ccccc2C4=O)[C@H](I)[C@H](O)[C@H]1O,0
COc1ccc(CN(C(=O)CSC(=S)N2CCN(c3ccc(N)cc3)CC2)c2cc(OC)c(OC)c(OC)c2)cc1O,0
Nc1ncc2[nH]cnc2n1,1
C/C(=C(/CCOC(=O)C(C)C)SS/C(CCOC(=O)C(C)C)=C(\C)N(C=O)Cc1cnc(C)nc1N)N(C=O)Cc1cnc(C)nc1N,0
CCCC1(C(O)CC=CC2C(O)CC(=O)C2CCCCCCC(=O)OC)CCC1,1
CC(C)Cc1ccc(C(C)C(=O)NCCO)cc1,0
ClC(Cl)(Cl)Br,1
CC1=CC[C@H]2C[C@@H]1[C@H](c1ccc(O)cc1)OC2(C)C,0
COc1cc(Cl)cc(C(C)Nc2cc(N3CCNCC3)ccc2S(C)(=O)=O)c1OC,0
O=C(N=c1c(Cl)cn(O)cc1Cl)c1ccc(OC(F)F)c2oc3ccncc3c12,0
COC(=O)C1=C(C)NC(C)=C(C(=O)OC(C)(C)CN(C)CCC(c2ccccc2)c2ccccc2)C1c1cccc([N+](=O)[O-])c1,0
O=c1[nH]c(=O)n([C@H]2C[C@H](F)[C@@H](CO)O2)cc1Cl,0
CCCCCCCCCCCCCC[N+](C)(C)Cc1ccccc1,0
CCNc1nc(NC(C)C)nc(SC)n1,1
Cc1c(CC(N)=O)c2cc(OCCCC(=O)O)ccc2n1Cc1ccccc1,0
CCC(C)N(C)C(=O)c1cc2ccccc2c(-c2ccccc2Cl)n1,1
O=C(O)C(O)c1ccccc1,0
O=c1c2cc(O)c(O)cc2oc2cc(O)c(C3OC(CO)C(O)C(O)C3O)c(O)c12,1
CC(C)(C)CC(C)(C)c1ccc(O)c(Cc2ccc(Cl)cc2Cl)c1,0
C[C@@H]1O[C@H](O[C@H]2[C@@H](OC=O)C[C@H](O[C@H]3CC[C@@]4(C)[C@H](CC[C@@H]5[C@@H]4CC[C@]4(C)[C@@H](C6=CC(=O)OC6)[C@@H](OC=O)C[C@]54O)C3)O[C@@H]2C)C[C@@H](OC=O)[C@H]1O[C@H]1C[C@H](OC=O)[C@H](OC=O)[C@@H](C)O1,0
Fc1nc(Cl)c2[nH]cnc2n1,0
COc1cccc2c1C(=O)c1c(O)c3c(c(O)c1C2=O)C[C@@](O)(C(C)=NNC(=O)c1ccccc1)C[C@@H]3O[C@H]1C[C@H](N)[C@H](O)[C@H](C)O1,0
CC(C)CCC(=O)O,0
Cc1ccc([N+](=O)[O-])cc1[N+](=O)[O-],1
N[C@@H](CSSC[C@H](N)C(=O)O)C(=O)O,0
C[N+](C)(C)CCCCC[N+](C)(C)C,0
CC[C@H]1OC(=O)C[C@@H](O)[C@H](C)[C@@H](O[C@@H]2O[C@H](C)[C@@H](O)[C@H](N(C)C)[C@H]2O)[C@@H](CCN2C[C@H](C)C[C@H](C)C2)C[C@@H](C)C(=O)/C=C/C(C)=C/[C@@H]1CO[C@@H]1O[C@H](C)[C@@H](O)[C@@H](OC)[C@H]1OC,0
NC(=O)OC[C@H](N)Cc1ccccc1,0
O=P1(N(CCCl)CCCl)NCCCO1,1
O=C[C@H](O)COP(=O)(O)O,0
O=C(OCC(O)CO)c1ccccc1Nc1ccnc2c(C(F)(F)F)cccc12,0
CCCCCCCCCCCCCCCC[N+](C)(C)Cc1ccccc1,0
CCCCCCCCCC[N+](C)(C)CCCCCCCC,0
CC1=C(C(=O)Nc2ccc(Cl)c(C(=O)OC(C)C)c2)SCCO1,0
O=C1COc2cc(O)ccc2-c2cc(O)c(O)cc2C1,1
CC(C)(C)c1ccc(C(=O)N/N=C/c2cc(Br)c(O)c(Br)c2O)cc1,0
CCCCCCC#CC(=O)OC,1
CC[C@H](C)[C@H](N=C(O)[C@H](Cc1ccc(O)cc1)N=C(O)[C@H](CCCNC(=N)N)N=C(O)[C@H](CCCNC(=N)N)N=C(O)[C@H](CC(C)C)N=C(O)[C@H](CC(=O)O)N=C(O)[C@H](C)N=C(O)[C@H](C)N=C(O)[C@H](Cc1ccc(O)cc1)N=C(O)[C@H](CCC(=N)O)N=C(O)[C@H](C)N=C(O)[C@H](CCSC)N=C(O)[C@H](CCC(=N)O)N=C(O)[C@H](CCC(=O)O)N=C(O)[C@@H]1CCCN1C(=O)[C@@H](N=C(O)[C@H](C)N=C(O)[C@H](CC(=N)O)N=C(O)[C@H](CC(=O)O)N=C(O)CN=C(O)[C@@H]1CCCN1C(=O)[C@H](Cc1ccc(O)cc1)N=C(O)[C@@H](N=C(O)[C@@H]1CCCN1C(=O)[C@H](CCC(=O)O)N=C(O)[C@H](CC(C)C)N=C(O)[C@@H]1CCCN1C(=O)[C@H](C)N)C(C)C)[C@@H](C)O)C(O)=N[C@@H](CC(=N)O)C(O)=N[C@@H](CCSC)C(O)=N[C@@H](CC(C)C)C(O)=N[C@H](C(O)=N[C@@H](CCCNC(=N)N)C(O)=N[C@@H](CCC(=N)O)C(O)=N[C@@H](CCCNC(=N)N)C(O)=N[C@@H](Cc1ccc(O)cc1)C(=N)O)[C@@H](C)O,0
CC(=O)N[C@@H](Cc1ccc(OCC(=O)O)c(P(=O)(O)O)c1)C(=O)N[C@@H](C)c1ccc(OCC2CCCCC2)c(C(N)=O)c1,0
CCCc1cc(=O)oc2c3c(c4c(c12)OC(C)(C)C=C4)O[C@H](C)[C@@H](C)[C@@H]3O,0
NC(=O)[C@H]1C=[N+]([C@@H]2O[C@H](COP(=O)(O)OP(=O)(O)OC[C@H]3O[C@@H](n4cnc5c(N)ncnc54)[C@H](OP(=O)(O)O)[C@@H]3O)[C@@H](O)[C@H]2O)C=CC1=O,0
Cc1ccc(Cn2nc(CCCc3ccc(OC(C)(C)C(=O)O)cc3)[nH]c2=O)cc1,0
CCC(C)C(NC(=O)CN)C(=O)NC(C(=O)NC(CCC(=O)O)C(=O)NC(CCC(N)=O)C(=O)NC1CSSCC2NC(=O)C(C(C)CC)NC(=O)C(CO)NC(=O)C(C(C)O)NC(=O)C(CSSCC(NC(=O)C(CC(C)C)NC(=O)C(Cc3c[nH]cn3)NC(=O)C(CCC(N)=O)NC(=O)C(CC(N)=O)NC(=O)C(NC(=O)C(N)Cc3ccccc3)C(C)C)C(=O)NCC(=O)NC(CO)C(=O)NC(Cc3c[nH]cn3)C(=O)NC(CC(C)C)C(=O)NC(C(C)C)C(=O)NC(CCC(=O)O)C(=O)NC(C)C(=O)NC(CC(C)C)C(=O)NC(Cc3ccc(O)cc3)C(=O)NC(CC(C)C)C(=O)NC(C(C)C)C(=O)NC(C(=O)NCC(=O)NC(CCC(=O)O)C(=O)NC(CCCNC(=N)N)C(=O)NCC(=O)NC(Cc3ccccc3)C(=O)NC(Cc3ccccc3)C(=O)NC(Cc3ccc(O)cc3)C(=O)NC(C(=O)N3CCCC3C(=O)NC(CCCCN)C(=O)NC(C(=O)NC(CCCNC(=N)N)C(=O)NC(CCCNC(=N)N)C(=O)O)C(C)O)C(C)O)CSSCC(C(=O)NCC(=O)O)NC(=O)C(Cc3ccc(O)cc3)NC(=O)C(CC(N)=O)NC(=O)C(CCC(=O)O)NC(=O)C(CC(C)C)NC(=O)C(CCC(N)=O)NC(=O)C(Cc3ccc(O)cc3)NC(=O)C(CC(C)C)NC(=O)C(CO)NC2=O)NC1=O)C(C)C,1
Ic1[nH]c(I)c(I)c1I,0
Nc1cccc2c1C(=O)N(C1CCC(=O)NC1=O)C2=O,1
Cc1c2[nH]c(c1CCC(=O)O)/C=c1\[nH]/c(c(CCC(=O)O)c1C)=C\c1[nH]c(c(CCC(=O)O)c1C)/C=c1\[nH]/c(c(CCC(=O)O)c1C)=C\2,0
O=C(NC(=S)Nc1nc2ccc(Br)cc2s1)c1ccc(Cl)cc1,0
Cc1oncc1C(=O)Nc1ccc(C(F)(F)F)cc1,1
CNCCCC1c2ccccc2C=Cc2ccccc21,0
CO[C@@H](Cc1ccc(OCCCOc2ccc(Oc3ccccc3)cc2)cc1)C(=O)O,0
CN1CCC[C@H]1CCn1cc(C2=C(c3c[nH]c4ccccc34)C(=O)NC2=O)c2ccccc21,0
c1ccc2c(c1)Cc1ccccc1-2,1
Cc1cccc(C)c1Nc1ncc(-c2ccccc2)n2cncc12,0
CC[C@H](NC(=O)c1c(NS(C)(=O)=O)c(-c2ccccc2)nc2ccccc12)c1ccccc1,0
O=C1CN2CCOC2(c2ccccc2F)c2cc(Cl)ccc2N1CCO,0
CC[C@@H](C)[C@@H](NC(=O)[C@H](O)Cc1ccc(O)cc1)C(=O)N1[C@H](C(=O)NCCCCN=C(N)N)C[C@@H]2CC[C@@H](OS(=O)(=O)O)C[C@@H]21,0
CCCC[C@@H](NC(=O)[C@@H](Cc1ccccc1)NC(=O)[C@H](N)Cc1ccccc1)C(=O)N[C@H](CCCN=C(N)N)C(=O)NCc1ccncc1,0
CSCC[C@H](NC(=O)[C@H](CO)NC(=O)[C@H](Cc1ccc(O)cc1)NC(=O)[C@@H](N)CO)C(=O)N[C@@H](CCC(=O)O)C(=O)N[C@@H](Cc1c[nH]cn1)C(=O)N[C@@H](Cc1ccccc1)C(=O)N[C@@H](CCCNC(=N)N)C(=O)N[C@@H](Cc1c[nH]c2ccccc12)C(=O)NCC(=O)N[C@@H](CCCCN)C(=O)N1CCC[C@H]1C(=O)N[C@H](C(=O)NCC(=O)N[C@@H](CCCCN)C(=O)N[C@@H](CCCCN)C(=O)N[C@@H](CCCNC(=N)N)C(=O)N[C@@H](CCCNC(=N)N)C(=O)N1CCC[C@H]1C(=O)N[C@H](C(=O)N[C@@H](CCCCN)C(=O)N[C@H](C(=O)N[C@@H](Cc1ccc(O)cc1)C(=O)N1CCC[C@H]1C(=O)N[C@@H](CC(N)=O)C(=O)NCC(=O)N[C@@H](C)C(=O)N[C@@H](CCC(=O)O)C(=O)N[C@@H](CC(=O)O)C(=O)N[C@@H](CCC(=O)O)C(=O)N[C@@H](CO)C(=O)N[C@@H](C)C(=O)N[C@@H](CCC(=O)O)C(=O)N[C@@H](C)C(=O)N[C@@H](Cc1ccccc1)C(=O)N1CCC[C@H]1C(=O)N[C@@H](CC(C)C)C(=O)N[C@@H](CCC(=O)O)C(=O)N[C@@H](Cc1ccccc1)C(=O)O)C(C)C)C(C)C)C(C)C,0
CN[C@@H]1[C@@H](O[C@H]2O[C@H](CO)[C@@H](N)[C@H](O)[C@H]2O)O[C@H]2C[C@@H](N)[C@@H](O[C@H]3[C@H](O)[C@@H](O)[C@H](N)C[C@@H]3N)O[C@@H]2[C@@H]1O,0
COCC(C(O)C(O)C(=O)NCCC(C)c1nc(C=CCC2OC3(CC(O)C2C)OC(C(CC(O)C(C)C(O)C(C)C=C(C)C(C)=CC=CC(C)=CC#N)OC)C(OP(=O)(O)O)C3(C)C)co1)N(C)C,1
COc1c2occc2c(OC)c2c(=O)cc(C)oc12,0
CC12CCC3c4ccc(OC(=O)c5ccccc5)cc4CCC3C1CCC2O,1
CN[C@H](Cc1ccccc1)C(=O)N1CCC[C@H]1C(=O)NCC1CCC(N)CC1,0
O=C(O)c1ccccc1C1c2ccc(O)cc2Oc2cc(O)ccc21,0
CN1CCC(CNc2ccc3ncc(-c4cccc(OC(F)(F)F)c4)n3n2)CC1,0
CC(C)C[C@@H](NC(=O)N1CCOCC1)C(=O)N[C@@H](/C=C/S(=O)(=O)c1ccccc1)CCc1ccccc1,0
CC(Nc1ccc2c(c1)OCCn1cc(N3C(=O)OCC3C(F)F)nc1-2)C(N)=O,0
CC(=O)OC[C@H]1O[C@@H](S)[C@H](OC(C)=O)[C@@H](OC(C)=O)[C@@H]1OC(C)=O,0
O=C(O)CCCOc1cccc(CCCCCCOc2cc(-c3ccc4c(c3)OCO4)cc(-c3ccccc3F)c2)c1CCC(=O)O,1
NC1=NCCN1CC(=O)O,1
O=C(O)COc1cc(Cl)c(Cl)cc1Cl,1
Cc1c(CC(=O)O)c2cccnc2n1Cc1ccc(S(C)(=O)=O)cc1,0
CC(C)=CCCC(C)CCO,1
CCOC(=O)NCCOc1ccc(Oc2ccccc2)cc1,1
CN1c2c(nc(N)[nH]c2=O)NCC1CNc1ccc(C(=O)N[C@@H](CCC(=O)O)C(=O)O)cc1,0
O=c1c2cccnc2oc2c(Cl)cc(-c3nnn[nH]3)cc12,0
CC(N)Cc1c[nH]c2ccc(F)cc12,1
CCN(CC)CCc1nc(-c2ccccc2)no1,0
CC(C)CC(NC(=O)C(Cc1c[nH]c2ccccc12)NC(=O)C(Cc1ccc(O)cc1)NC(=O)C(CO)NC(=O)C(Cc1c[nH]c2ccccc12)NC(=O)C(Cc1cnc[nH]1)NC(=O)C1CCC(=O)N1)C(=O)NC(CCCN=C(N)N)C(=O)N1CCCC1C(=O)NCC(N)=O,1
C[C@H](CCCC(C)(C)O)[C@H]1CC[C@H]2[C@@H]3CC=C4C[C@@H](O)CC[C@]4(C)[C@H]3CC[C@]12C,0
COc1cc(O)ccc1C(=O)C=Cc1ccc(O)c(O)c1,1
CC(C)C[C@H](NC(=O)OCc1ccccc1)C(=O)NNC(=O)NNC(=O)[C@H](CC(C)C)NC(=O)OCc1ccccc1,0
NNC(=O)Nc1cc2cc([N+](=O)[O-])ccc2s1,0
c1cc(NCCN2CCOCC2)c2ccc3c(ccc4c(NCCN5CCOCC5)ccnc43)c2n1,0
CC(C)[C@H]1C(=O)N2CCC[C@H]2[C@]2(O)O[C@](NC(=O)[C@@H]3C[C@@H]4c5cccc6[nH]cc(c56)C[C@H]4N(C)C3)(C(C)C)C(=O)N12,0
NC(=O)CC[C@@H](C(=O)O)N(CCNC(=S)Nc1ccc2c(c1)C(=O)OC21c2ccc(O)cc2Oc2cc(O)ccc21)C(=O)c1ccc(NCc2cnc3nc(N)[nH]c(=O)c3n2)cc1,0
O=C1c2ccccc2-c2n[nH]c3cccc1c23,0
CC(C)(CO)[C@@H](O)C(=O)NCCCC(=O)O,0
NC(=O)CN1CC(O)CC1=O,0
Cn1nc(-c2cc(C(=O)O)c(Cl)cc2F)c(Br)c1C(F)(F)F,0
NC[C@@H](CO)C(=O)O,0
CCCCCCCCCC(=O)CN=Cc1c(CO[P+](O)(O)O)cnc(C)c1O,0
O=Cc1cc(=O)oc2cc(OCc3cccc(Cl)c3)ccc12,0
CCC12CCCN3CCc4c(n(c5ccccc45)C(O)(C(=O)OC)C1)C32,1
C[C@]12CCC(OC3CCCC3)=CC1=CC[C@@H]1[C@@H]2CC[C@@]2(C)[C@H]1CC[C@]2(C)O,0
CC(C)Nc1cc(-c2c[nH]c(C(=O)N[C@H](CO)c3cccc(Cl)c3)c2)c(Cl)cn1,0
O=[N+]([O-])c1c2ccccc2cc2c1ccc1ccccc12,1
CC(C)[C@H](N)C(=O)N1CCCC1,0
C=CCc1cc(OC)c(OC)c(OC)c1,1
COc1cccc2c1C(=O)c1c(O)c3c(c(O)c1C2=O)CC(O)(C(O)CO)CC3OC1CC(N)C(O)C(C)O1,1
O=C(CC(=O)c1ccccc1)c1ccccc1,1
CCCOP(=O)(O)OP(=O)(O)O,0
CCCC(=O)O[C@H]1CN2CC[C@H](O)[C@@H]2[C@@H](O)[C@@H]1O,0
C=C(NC(=O)C(=C)NC(=O)c1csc(C2=NC3c4csc(n4)C4NC(=O)c5csc(n5)C(C(C)(O)C(C)O)NC(=O)C5CSC(=N5)C(=CC)NC(=O)C(C(C)O)NC(=O)c5csc(n5)C3(CC2)NC(=O)C(C)NC(=O)C(=C)NC(=O)C(C)NC(=O)C(C(C)CC)NC2C=Cc3c(C(C)O)cc(nc3C2O)C(=O)OC4C)n1)C(N)=O,1
CCCCC/C=C\C/C=C\CCCCCCCC(=O)O[C@H]1CC[C@@]2(C)C(=CC[C@H]3[C@@H]4CC[C@H]([C@H](C)CCCC(C)C)[C@@]4(C)CC[C@@H]32)C1,0
NC1CCN(c2nc3c(cc2F)c(=O)c(C(=O)O)cn3-c2ccc(F)cc2F)C1,1
O=S(=O)(O)O[C@@H]1[C@@H](O)[C@H](O)O[C@H](CO)[C@@H]1O,0
Nc1nc2c(sc(=O)n2[C@@H]2O[C@H](CO)[C@@H](O)[C@H]2O)c(=O)[nH]1,0
CC[C@H](C)[C@H](NC(=O)[C@H](Cc1ccccc1)NC(=O)[C@H](CCC(=O)O)NC(=O)[C@H](CCCCN)NC(=O)[C@H](C)NC(=O)[C@H](C)NC(=O)[C@H](CCC(N)=O)NC(=O)CNC(=O)[C@H](CCC(=O)O)NC(=O)[C@H](CC(C)C)NC(=O)[C@H](Cc1ccc(O)cc1)NC(=O)[C@H](CO)NC(=O)[C@H](CO)NC(=O)[C@@H](NC(=O)[C@H](CC(=O)O)NC(=O)[C@H](CO)NC(=O)[C@@H](NC(=O)[C@H](Cc1ccccc1)NC(=O)[C@@H](NC(=O)CNC(=O)[C@H](CCC(=O)O)NC(=O)C(C)(C)NC(=O)[C@@H](N)Cc1c[nH]cn1)[C@@H](C)O)[C@@H](C)O)C(C)C)C(=O)N[C@@H](C)C(=O)N[C@@H](Cc1c[nH]c2ccccc12)C(=O)N[C@@H](CC(C)C)C(=O)N[C@H](C(=O)N[C@@H](CCCCN)C(=O)NC(C)(C)C(=O)N[C@@H](CCCNC(=N)N)C(N)=O)C(C)C,0
COc1ccc2[nH]cc(CCN(C(C)C)C(C)C)c2c1,0
CCCCCCCCCCCCCCCCCC(=O)OCC(=O)OCC(=O)[C@@]1(O)CC[C@H]2[C@@H]3CCC4=CC(=O)C=C[C@]4(C)[C@H]3[C@@H](O)C[C@@]21C,0
Cn1nc(C(F)(F)F)c2cc(C(=O)NCCS)sc21,0
Clc1ccc(-c2cc(-c3cn(-c4ccccc4)nc3-c3ccc(OCc4ccccc4)cc3)on2)cc1,1
O=C(O)c1nn(-c2ccc(S(=O)(=O)O)cc2)c(O)c1/N=N/c1ccc(S(=O)(=O)O)cc1,0
C[n+]1c2cc(N)ccc2cc2ccc(N)cc21,0
N[C@@H](Cc1ccccc1)C(=O)O,0
O=C(O)[C@H]1O[C@H](OP(=O)(O)OP(=O)(O)OC[C@H]2O[C@@H](n3ccc(=O)[nH]c3=O)[C@H](O)[C@@H]2O)[C@H](O)[C@@H](O)[C@@H]1O,0
C[C@@H]1C(=O)O[C@@H]2C1[C@@]13O[C@@H]4OC(=O)[C@H](O)[C@@]45[C@H](C(C)(C)C)[C@@H](O)[C@@H](OC1=O)[C@]53[C@H]2O,0
CCn1ncc2c(NC3CCOCC3)c(-c3nnc(Cc4sc(C)nc4C)o3)cnc21,0
O=C(c1ccccc1Cl)c1cccnc1-c1nnn(Cc2cc(C(F)(F)F)cc(C(F)(F)F)c2)c1-c1ccncc1,0
O=C[C@H](CSCc1ccccc1)NC(=O)[C@H](Cc1ccccc1)NC(=O)N1CCOCC1,0
O=[N+]([O-])c1ccc(OC2OC(CO)C(O)C(O[C@@H]3O[C@H](CO)[C@@H](O)[C@H](S[C@@H]4O[C@H](CO)[C@@H](O)[C@H](O)[C@H]4O)[C@H]3O)C2O)cc1,0
NC[C@H]1CC[C@H](C(=O)Oc2ccc(CCC(=O)O)cc2)CC1,0
COC(=O)[C@H]1[C@H]2C[C@@H]3c4[nH]c5ccc(OC)cc5c4CCN3C[C@H]2C[C@@H](OC(=O)c2cc(OC)c(OC)c(OC)c2)[C@@H]1OC,0
CC(C(=O)c1ccccc1)N(C)C,0
CCC(=O)C(c1ccccc1)(c1ccccc1)C(C)CN(C)C,0
CSCCCCN=C=S,1
CC(C)Cc1ccc(C(C)C(=O)OCc2ccccn2)cc1,0
NCC1OC(OC2C(N)CC(N)C(OC3OC(CO)C(O)C(N)C3O)C2O)C(O)C(O)C1O,0
O=C(C(Cl)Cl)N(CCO)Cc1ccc(Cl)cc1Cl,0
CC(C)(C)NCC(O)c1ccccc1Cl,0
Nc1ccncc1,0
C=CC(=O)N1CCC(Oc2cc3c(Nc4ccc(Cl)c(Cl)c4F)ncnc3cc2OC)CC1,0
O=[N+]([O-])c1ccc2ccc3c([N+](=O)[O-])ccc4ccc1c2c43,1
O=C(O)C1=CC(=CC=[N+]2c3cc(O)c(OC4OC(CO)C(O)C(O)C4O)cc3CC2C(=O)[O-])CC(C(=O)O)N1,1
NC(N)=NCCCCNC(=O)c1csc(-c2cscn2)n1,0
Nc1nc2ncc([C@@H](O)[C@H](O)CO)nc2c(=O)[nH]1,0
Nc1ncnc2c1ncn2[C@@H]1O[C@H](CO)C[C@H]1O,0
CO/N=C(\C(=O)N[C@@H]1C(=O)N2C(C(=O)O)=C(COC(N)=O)CS[C@H]12)c1ccco1,1
O=c1cc(-c2ccc(O)cc2)oc2cc(O)c(C3OC(CO)C(O)C(O)C3O)c(O)c12,1
NC(Cc1c[nH]c2ccccc12)C(=O)O,1
NC(=Nc1ccccc1)Nc1ccccc1,0
O=C1N(c2ccccc2)c2ccccc2C1(Cc1ccncc1)Cc1ccncc1,0
CC(C)=CCCC(C)C1CCC2C3CC=C4CC(O)CCC4(C)C3CCC12C,1
c1ccc2c(c1)ccc1c2ccc2c3ccccc3ccc21,1
CCCCC(=O)O[C@]1(C(=O)CO)CC[C@H]2[C@@H]3CCC4=CC(=O)CC[C@]4(C)[C@H]3[C@@H](O)C[C@@]21C,0
N[C@@H](CCC(=O)N[C@@H](CS[C@@H]1c2ccccc2-c2ccccc2[C@H]1O)C(=O)NCC(=O)O)C(=O)O,0
CCOc1cc(OC)ccc1C1=N[C@@H](c2ccc(Br)cc2)[C@@H](c2ccc(Br)cc2)N1C(=O)N1CCN(CCO)CC1,0
COc1cc(NC(C)CCCN/C(C)=C2/CCOC2=O)c2ncccc2c1,0
CCC1(C)CC(=O)NC(=O)C1,0
Oc1c(Cl)c(Cl)c(O)c(Cl)c1Cl,1
OC[C@H]1OC(F)[C@@H](F)[C@@H](O)[C@@H]1O,0
O=c1[nH]c2ccccc2n1CCCN1CCN(C(c2ccccc2)c2ccccc2)CC1,1
O=C(O)[C@H](CF)OP(=O)(O)O,0
CCCCCCC(C)NN,0
CC(C)(C)OC(=O)[C@@H](N)CCC(N)=O,0
CCOC(=O)Nc1ccc2c(c1)N(C(=O)CCN(CC)CC)c1ccccc1S2,0
C[N@+]1(CC2CC2)CC[C@]23CC(=O)CC[C@@]2(O)[C@H]1Cc1ccc(C(N)=O)c(O)c13,0
CC(C)=CCc1c(-c2ccc(O)cc2O)oc2c(C3C=C(C)CC(c4ccc(O)cc4O)C3C(=O)c3ccc(O)cc3O)c(O)cc(O)c2c1=O,1
CCC1=C(C)c2cc3[nH]c(cc4[nH]c(cc5nc(cc1n2)C(C)=C5CC)c(C)c4CCC(=O)O)c(CCC(=O)O)c3C,0
Cc1cc(C)cc(NC(=O)Cc2ccc(OC(C)(C)C(=O)O)cc2)c1,0
COc1ccc(S(=O)(=O)n2cc(CCC(=O)O)c3cc(OC)ccc32)cc1,0
CCNC1C2CCC(C2)C1c1ccccc1,0
CC12CCC(=O)C=C1CCC1C2C(O)CC2(C)C1CCC2(O)C(=O)COC(=O)c1cccc(CO[N+](=O)[O-])c1,0
F[B-](F)(F)F,1
COC(=O)C1CC2=CC(=O)CCC2(C)C23OC2CC2(C)C(CCC24CCC(=O)O4)C13,1
CCC(C)C1NC(=O)C(Cc2ccccc2)NC(=O)C(CCC(=O)O)NC(=O)C(CCC(=O)O)NC(=O)C2CSSCC3NC(=O)C(CCC(=O)O)NC(=O)C(CCC(=O)O)NC(=O)C(CC(C)C)NC(=O)C(CO)NC(=O)C(CCC(=O)O)NC(=O)C(Cc4ccccc4)NC(=O)C(CCCNC(=N)N)NC(=O)C(CC(N)=O)NC(=O)C(CCC(N)=O)NC(=O)C(CC(N)=O)NC(=O)CNC(=O)C(CCC(=O)O)NC(=O)C(CSSCC(NC(=O)C4CCCN4C(=O)CNC(=O)C(CC(=O)O)NC(=O)C(CC(=O)O)NC(=O)C(C)NC(=O)C(CCCCN)NC(=O)C(Cc4ccccc4)NC(=O)C(C)NC(=O)C(NC(=O)C(Cc4ccccc4)NC(=O)C(CO)NC(=O)C(Cc4cnc[nH]4)NC(=O)C(CCSC)NC(=O)C(C)NC(=O)C(N)CCC(=O)O)CSSCC(C(=O)NC(C(=O)NC(CCCNC(=N)N)C(=O)NC(CC(=O)O)C(=O)O)C(C)O)NC(=O)C(CCSC)NC(=O)C(CCCCN)NC(=O)C(CCCCN)NC3=O)C(=O)NC(CCCNC(=N)N)C(=O)NC(C)C(=O)NC(C)C(=O)NC(Cc3cnc[nH]3)C(=O)N3CCCC3C(=O)NC(CCCNC(=N)N)C(=O)NC(Cc3c[nH]c4ccccc34)C(=O)NC(Cc3ccccc3)C(=O)NC(Cc3ccccc3)C(=O)NC(CC(N)=O)C(=O)NC(C(C)CC)C(=O)NC(Cc3ccccc3)C(=O)NC(C(C)O)C(=O)NC(CCCNC(=N)N)C(=O)NC(CCC(N)=O)C(=O)N2)NC(=O)CNC(=O)CNC(=O)C(Cc2ccc(O)cc2)NC1=O,0
O=C(N=C1CN(N2CCOCC2)NO1)C1CCCCC1,0
CO[C@@H]1O[C@H](CO)[C@H](O)[C@H](O)[C@H]1O,0
c1ccc(C2CO2)cc1,1
Oc1ccc(-n2ccnc2)cc1,0
C[C@@H](OP(=O)(O)O)C(=O)O,0
O=P(O)(O)Oc1cccc2c1NCCC2,0
Cn1c[n+](C)c2c1[C@H](O)N[C@H](N)N2,0
CCC(c1ccc(O)c(C)c1)C(CC)c1ccc(O)c(C)c1,0
O=P(O)(O)O[C@@H]1C(O)[C@H](OP(=O)(O)O)[C@@H](O)C(O)[C@H]1O,0
CC#CCC(C)[C@H](O)/C=C/[C@@H]1[C@H]2C/C(=C/CCCC(=O)O)C[C@H]2C[C@H]1O,0
CCCCN1CCC(CNC(=O)c2c3n(c4ccccc24)CCCO3)CC1,0
CN(C)C(=S)N(C)C,1
Cc1cn([C@H]2C[C@H](N)[C@@H](COP(=O)(O)O)O2)c(=O)[nH]c1=O,0
N[C@@H](CC/C=C/[B-](O)(O)O)C(=O)O,0
CN(C)[C@@H](c1cccc(O)c1)[C@H]1CCCC[C@H]1O,0
O=C(OC[C@H]1OC(OC(=O)c2cc(O)c(O)c(OC(=O)c3cc(O)c(O)c(O)c3)c2)[C@H](OC(=O)c2cc(O)c(O)c(OC(=O)c3cc(O)c(O)c(O)c3)c2)[C@@H](OC(=O)c2cc(O)c(O)c(OC(=O)c3cc(O)c(O)c(O)c3)c2)[C@@H]1OC(=O)c1cc(O)c(O)c(OC(=O)c2cc(O)c(O)c(O)c2)c1)c1cc(O)c(O)c(OC(=O)c2cc(O)c(O)c(O)c2)c1,0
COc1ccc(-c2oc3ncnc(NCCO)c3c2-c2ccc(OC)cc2)cc1,0
O=C1OCC/C1=C\Nc1ccccc1,0
N#Cc1cc(I)c(O)c(I)c1,1
C=C(C=CCC(O)C(O)C(O)CC=CC=CC(O)CC1OC(CC(O)C(O)CC2OC(C(O)C(O)CCC(O)C=CC(C)C(O)CC3(O)OC(CC(O)CCCCCCCC45CC(C)CC(C)(O4)C(CC(C)CCCCCC(O)C(O)C(O)C(O)C(O)C4OC(CC(O)C(O)C(C)=CC(O)CC(C)C(O)C(=O)NC=CC(=O)NCCCO)C(O)C(O)C4O)O5)C(O)C(O)C3O)CC(O)C2O)C(O)C(O)C1O)CCC(O)C(O)C(O)C(C)CC1OC(C=CC(O)C(O)CC2CC3CC(O2)C(CCC2OC(CN)CC2O)O3)C(O)C(O)C1O,1
C=CCC1(C(C)CCC)C(=O)NC(=S)NC1=O,0
O=[N+]([O-])c1ccc(O[C@@H]2O[C@H](CO)[C@H](O)[C@H](O)[C@H]2O)cc1,0
B,1
BrCc1ccccc1,1
CCCCC(=O)OC1(C(=O)CO)C(C)CC2C3CCC4=CC(=O)C=CC4(C)C3(F)C(O)CC21C,1
C/C=C/C(C)=C/[C@@]1(C)SC(=O)C(C)=C1O,0
C[C@H](N)C(=O)NCC(=O)N[C@H]1CSSC[C@@H](C(=O)O)NC(=O)[C@H](CO)NC(=O)[C@H]([C@@H](C)O)NC(=O)[C@H](Cc2ccccc2)NC(=O)[C@H]([C@@H](C)O)NC(=O)[C@H](CCCCN)NC(=O)[C@H](Cc2c[nH]c3ccccc23)NC(=O)[C@H](Cc2ccccc2)NC(=O)[C@H](Cc2ccccc2)NC(=O)[C@H](CC(N)=O)NC(=O)[C@H](CCCCN)NC1=O,0
CCCC[C@H](CN(O)C=O)C(=O)O,0
NCCCCCCCCNc1c2c(nc3ccccc13)CCCC2,0
NCCCC[C@H](N)C(=O)O,0
Cn1cnc([N+](=O)[O-])c1C[N+](C)(C)C/C=C/C(=O)Nc1cc2c(Nc3ccc(Cl)c(Br)c3)ncnc2cn1,0
O=C(CN1[C@H](Cl)CN=C(NCCc2ccccn2)[C@@H]1O)NCc1csc2ccc(Cl)cc12,0
COC(=O)c1c(O)cc(O)c(Cl)c1CCC(=O)Nc1cc(O)c(OC)cc1O,0
CC(=O)N[C@H]1[C@@H](O[C@H]2[C@H](O)[C@@H](O)[C@H](O[C@H]3[C@H](CS(=O)(=O)O)[C@@H](OS(=O)(=O)O)[C@@H](O[C@H]4[C@H](O)[C@@H](OS(=O)(=O)O)C(O)O[C@H]4C(=O)O)O[C@@H]3O)O[C@@H]2C(=O)O)O[C@H](COS(=O)(=O)O)[C@@H](O)[C@@H]1O,1
N[C@@H](CCC(=O)N[C@@H](CS(=O)(=O)O)C(=O)NCC(=O)O)C(=O)O,0
C[C@@H]1CN(Cc2ccc(F)cc2)[C@@H](C)CN1C(=O)c1cc2c(C(=O)C(=O)N(C)C)cn(C)c2cc1Cl,0
Nc1nc2c(ncn2[C@@H]2O[C@H](CO)[C@H]3O[C@@H](CP(=O)(O)O)O[C@H]32)c(=O)[nH]1,0
O=c1[nH]c(=O)c2c([nH]1)n(C[C@@H](O)[C@H](O)[C@H](O)CO)c(=O)n2CCCOP(=O)(O)O,0
Cc1c(F)cc(C(=O)NC2CC2)cc1-c1ccc(C(=O)NCC(C)(C)C)cn1,0
CC(=O)N(O)CCC[C@@H](N)C(=O)N[C@H](CCCN(O)C(C)=O)C(=O)N[C@@H](CCCN(O)C(C)=O)C(=O)N[C@@H](CO)C(=O)N[C@@H](C(=O)O)[C@@H](O)[C@H]1S[C@@H](n2cc/c(=N/C(N)=O)n(C)c2=O)[C@@H](O)[C@@H]1O,0
N=C(N)c1ccc(CO)cc1,0
CCC(=O)NCC[C@@H]1CCc2ccc3c(c21)CCO3,0
O=S(=O)(c1ccc(NC([C@H](O)[C@@H](O)[C@H](O)[C@H](O)CO)S(=O)(=O)O)cc1)c1ccc(NC([C@H](O)[C@@H](O)[C@H](O)[C@H](O)CO)S(=O)(=O)O)cc1,0
OC(c1ccc(Cl)cc1)(c1ccc(Cl)cc1)C(Cl)(Cl)Cl,1
NC1(C(=O)O)CC([18F])C1,0
CCc1c(C)[nH]c(=O)c(N(C)CCOC)c1Cc1cccc(C)c1,0
Cc1ccc(S(=O)(=O)N2CCSC[C@H]2C(=O)N[C@@H](CC(C)C)C(=O)O)cc1,0
O=c1c(O)cc(C2Oc3cc(O)cc(O)c3CC2O)cc2c(C3Oc4cc(O)cc(O)c4CC3O)cc(O)c(O)c12,1
CCOC(=O)C1=CCCC[C@H]1S(=O)(=O)Nc1ccc(F)cc1Cl,0
CCCCCCCCC(=O)N(CCO)C[C@@H](O)[C@@H](O)[C@@H](O)[C@@H](O)CO,0
O=[N+]([O-])c1ccccc1O,1
c1cnc2cc3c(cc2n1)[C@@H]1CNC[C@H]3C1,1
O=C(O)CCc1nc2c(=O)[nH]c(=O)[nH]c2n(C[C@H](O)[C@H](O)[C@H](O)CO)c1=O,0
Nc1ccc(N)c2c1C(=O)c1c(O)ccc(O)c1C2=O,0
CC(=O)N[C@@H](CCCN=C(N)N)C(=O)N[C@H]1CSSC[C@@H](C(N)=O)NC(=O)[C@H](Cc2c[nH]c3ccccc23)NC(=O)[C@H](CCCN=C(N)N)NC(=O)[C@@H](Cc2ccccc2)NC(=O)[C@H](Cc2cnc[nH]2)NC(=O)[C@@H](C)NC1=O,0
[60Co],0
N=C(N)c1ccc2cccc(Nc3ncccn3)c2c1,0
CC(C)(O)c1ccccc1CCC(SCC1(CC(=O)O)CC1)c1cccc(C=Cc2ccc3ccc(Cl)cc3n2)c1,1
C/C=C(\N)C1=N[C@@H](C(=O)O)CS1,0
CCOc1ccc(Cc2cc([C@@H]3S[C@H](CO)[C@@H](O)[C@H](O)[C@H]3O)c(OC)cc2C)cc1,0
Cc1ccc(S(=O)(=O)N2CCC[C@@H]2C(=O)NCCS)cc1,0
O=c1ccc2ccccc2o1,1
CC(C)(COP(=O)(O)OP(=O)(O)OC[C@H]1O[C@@H](n2cnc3c(N)ncnc32)[C@H](O)[C@@H]1OP(=O)(O)O)[C@@H](O)C(=O)NCCC(=O)NCCSC(=O)CCC[N+](=O)[O-],0
CC(=O)N[C@H]1[C@H](OCC(C)C)OC(C(=O)O)=C[C@@H]1O,0
CC1(C)C=Cc2c(cc3occ(-c4ccc(O)cc4)c(=O)c3c2O)O1,1
CC(C)(C)CC(=O)OCC(=O)[C@@]12OC(C)(C)O[C@@H]1C[C@H]1[C@@H]3CCC4=CC(=O)C=C[C@]4(C)[C@@]3(F)[C@@H](O)C[C@@]12C,0
CCCC=C1OC(=O)C2=C1CCC=C2,1
C[C@@H](O)C1NC(=O)[C@H](CCCCN)NC(=O)[C@@H](Cc2c[nH]c3ccccc23)NC(=O)C(Cc2ccc(O)cc2)NC(=O)[C@@H](NC(=O)[C@@H](Cc2ccccc2)NC(=O)CN2CCN(CC(=O)O)CCN(CC(=O)O)CCN(CC(=O)O)CC2)CSSCC(C(=O)N[C@H](CO)[C@@H](C)O)NC1=O,0
CCCCCCCCCCCCCCCCCC(=O)OC[C@H](CO[C@@H]1O[C@H](CO[C@H]2O[C@H](CO)[C@H](O)[C@H](O)[C@H]2O)[C@H](O)[C@H](O)[C@H]1O)OC(=O)CCCCCCCCCCCCCCCCC,0
N#[O+],0
O=C(O)C1OC(Oc2c(O)cc(O)c3c(=O)c(O)c(-c4ccc(O)c(O)c4)oc23)C(O)C(O)C1O,1
CC1=C(CO)C2=C(C)C3(CC3)[C@@](C)(O)C(=O)C2=C1,0
CNC(=O)Oc1ccc2c(c1)[C@]1(C)CCN(C)O[C@@H]1N2C,0
N[C@@H](CCC(=O)N[C@@H](CSc1ccc([N+](=O)[O-])cc1[N+](=O)[O-])C(=O)NCC(=O)O)C(=O)O,0
CC[C@@H](C)c1ccc2cc3c(c(O)c2c1O)C(=O)C[C@H]([C@H](OC)C(=O)[C@@H](O)[C@@H](C)O)C3,0
[Ga+3],0
CNC(=O)CN1CCC(Oc2cc3c(Nc4cccc(Cl)c4F)ncnc3cc2OC)CC1,0
C[S@+]([O-])C[C@H](C(=O)O)N1C(=O)[C@@H](NC(=O)CCC[C@H](N)C(=O)O)[C@H]1S,0
Nc1nccc2c1ncn2C1OC(CO)C(O)C1O,1
CC(=CCCC1=CCC(C2=CC(=O)OC2O)OC1O)CCC1=C(C)CCCC1(C)C,1
Clc1ccc2c(N3CCN(CCCN4CCN(c5ccnc6cc(Cl)ccc56)CC4)CC3)ccnc2c1,0
CC(C)(Oc1ccc(C(=O)c2ccc(Cl)cc2)cc1)C(=O)O,1
CCS(=O)(=O)O,0
CNC(=O)c1cnn(-c2nc(N)c3ncn([C@@H]4O[C@H](CO)[C@@H](O)[C@H]4O)c3n2)c1,0
O=C(O)CNCP(=O)(O)O,0
CC12CCC3C(CCC45OC4C(O)=C(C#N)CC35C)C1CCC2O,1
CCCCCCC(=O)OCC(COC(=O)CCCCCC)OC(=O)CCCCCC,0
C[C@H](O)C[C@H](c1ccccc1)c1c(O)c2ccccc2oc1=O,0
CCOc1ncc(C)c2c1C(c1ccc(C#N)cc1OC)C(C(N)=O)=C(C)N2,0
CN1[C@@H]2CC[C@H]1C[C@@H](OC1c3ccccc3CCc3ccccc31)C2,0
CN1Cc2c(Cl)cc(Cl)cc2C(c2cccc(S(=O)(=O)NCCOCCOCCNC(=O)NCCCCNC(=O)NCCOCCOCCNS(=O)(=O)c3cccc(C4CN(C)Cc5c(Cl)cc(Cl)cc54)c3)c2)C1,0
COC1=CC(C)=CC(C)C(O)C(C)CC(C)=CC=CC(OC)C(C(C)C(O)C(C)C2(O)CC(O)C(C)C(C(C)C)O2)OC1=O,1
O=P1(NCCCl)OCCCN1CCCl,1
Cc1ccc(-c2cccc(C(=O)N3CCCC(C)(C)C3)n2)cc1F,0
CCC(OC(N)=O)C1CCCCC1,0
Oc1ccc2c(-c3cc(Br)c(O)cc3O)noc2c1,0
FC(F)(F)c1cccc(C2=CCN(CCc3ccc(-c4ccccc4)cc3)CC2)c1,0
C[C@]12CC[C@H](O)C=C1CC[C@@H]1[C@@H]2CC[C@@]2(C)[C@H]1CC[C@]2(C)O,0
COc1cc(NC(C)CCCN)c2ncccc2c1,0
Nc1nc2nn(-c3cccc(C(=O)NCc4ccccc4Sc4ccccc4CO)c3)nc2c(=O)[nH]1,0
O=C1[C@@H]2[C@H]3CC[C@H](C3)[C@@H]2C(=O)N1C[C@@H]1CCCC[C@H]1CN1CCN(c2nsc3ccccc23)CC1,0
[Rb],0
CC(C)NC1CCC(c2ccccc2)(c2ccccc2)CC1,0
CCC(=O)OCC(=O)[C@@]1(OC(=O)CC)[C@@H](C)C[C@H]2[C@@H]3CCC4=CC(=O)C=C[C@]4(C)[C@@]3(Cl)[C@@H](O)C[C@@]21C,0
C=CCOc1ccc(CC(=O)O)cc1Cl,1
O=CN(CC(O)CN(C=O)c1c(I)c(C(=O)NCC(O)CO)c(I)c(C(=O)NCC(O)CO)c1I)c1c(I)c(C(=O)NCC(O)CO)c(I)c(C(=O)NCC(O)CO)c1I,0
C[C@@H]1OC(=O)N[C@@H]1C(=O)N[C@@H](Cc1cscn1)C(=O)N1CCC[C@H]1C,0
CC#CCNc1ccc(S(=O)(=O)CC2(C(=O)NO)CCN(C(=O)OC(C)(C)C)CC2)cc1,0
COc1ccc2sc3c(c2c1)NC[C@@H](CN)NC3=O,0
CCCCCCCC(=O)OCC(COC(=O)CCCCCCC)OC(=O)CCCCCCC,0
Cc1cc(Nc2cc(CN3CCOCC3)c3nc(C)c(Cc4ccc(Cl)cc4F)n3n2)n[nH]1,0
CC[C@@H](c1cccc(O)c1)[C@@H](C)CN(C)C,0
CNCCC=C1c2ccccc2CCc2ccccc21,1
Oc1ccc([C@@H](O)[C@@H]2CCCCN2)cc1O,0
Cc1c(N)nc([C@H](CC(N)=O)NC[C@H](N)C(N)=O)nc1C(=O)N[C@H](C(=O)N[C@H](C)[C@@H](O)[C@H](C)C(=O)N[C@H](C(=O)NCCc1nc(-c2nc(C(=O)NCCCN[C@@H](C)c3ccccc3)cs2)cs1)[C@@H](C)O)[C@@H](O[C@@H]1O[C@@H](CO)[C@@H](O)[C@H](O)[C@@H]1O[C@H]1O[C@H](CO)[C@@H](O)[C@H](OC(N)=O)[C@@H]1O)c1c[nH]cn1,0
O=C(N[C@H]1c2ccccc2C[C@H]1O)[C@H](CCc1ccccc1)[C@@H](O)[C@H](O)[C@@H](CCc1ccccc1)C(=O)N[C@H]1c2ccccc2C[C@H]1O,0
C[Si]1(C)O[Si](C)(C)O[Si](C)(C)O[Si](C)(C)O1,1
CCCCCCCCO[C@@H]1O[C@H](CO)[C@H](O)[C@H](N)[C@H]1O,0
O=C(CCn1cnc2c(=O)[nH]cnc21)NCCCN1CCCC1=O,0
CCCCCCCCN=c1ccn(CCCCCCCCCCn2ccc(=NCCCCCCCC)cc2)cc1,0
O=C(N[C@@H]1CO[C@H](CO)C1)[C@H](OCc1ccccc1)[C@H](O)[C@@H](O)[C@@H](OCc1ccccc1)C(=O)N[C@H]1c2ccccc2C[C@H]1O,0
CS(=O)(=O)c1ccc([C@@H](O)[C@@H](COC(=O)CN)NC(=O)C(Cl)Cl)cc1,0
CC=CCC=CCCC(=O)C1OC1C(N)=O,1
C#CCN(c1nc(-c2cc(C)c(OC)cc2Cl)c(C)s1)[C@@H](CC1CC1)c1ccc(C)c(F)c1,0
O=C(O)CN1CCN(CC(=O)O)CCN([C@@H](CO)[C@@H](O)CO)CCN(CC(=O)O)CC1,0
CC1=CCC(C(C)C)=CC1,1
C[N+](C)(C[18F])CCO,0
O=C(O)C(CP(=O)(O)O)=C(Cl)Cl,0
Nc1ncnc2c1ncn2C1CC(O)C(CO)O1,1
CC(=O)OC[C@H](N)C(=O)O,0
CCN(Cc1ccccc1)C(=O)Cn1c(=O)n(C)c2cnc(-c3ccccc3)nc21,0
COc1cc2ncnc(Nc3ccc(F)c(Cl)c3)c2cc1NC(=O)C=CCN1CCCCC1,1
Clc1ccc2nsnc2c1NC1=NCCN1,1
NS(=O)(=O)c1ccc2c(c1)CNCC2,0
Oc1ccc(-c2ccccc2)cc1O,0
CCCCCCCCO[C@@H]1O[C@@H](CO)[C@H](O)[C@H](O)[C@H]1O,0
CCCC[C@@H](O)[C@H](O)CO,0
CS(=O)(=O)CCNCc1ccc(-c2ccc3ncnc(Nc4ccc(OCc5cccc(F)c5)c(Cl)c4)c3c2)o1,1
O=c1ccn([C@@H]2O[C@H](CO)[C@@H](OP(=O)(O)O)[C@H]2F)c(=O)[nH]1,0
CCOC(=O)C(C)(C)NP(=O)(NC(C)(C)C(=O)OCC)c1ccc(-c2nc(N)sc2C(=O)C(C)(C)C)o1,0
Nc1nc(Cl)nc2c1ncn2C1CC(O)C(CO)O1,1
CCN1C(=O)CNc2ncc(-c3ccc(-c4ncn[nH]4)nc3C)nc21,0
CCCC[C@@H]1CC(=O)[C@]2(O)O[C@@H]3[C@@H](NC)[C@@H](O)[C@@H](NC)[C@H](O)[C@H]3O[C@@H]2O1,0
Nc1nc2c(ncn2CCCCC(F)(F)P(=O)(O)O)c(=O)[nH]1,0
Cc1onc(-c2c(F)cccc2Cl)c1C(=O)N[C@@H]1C(=O)N2[C@@H]1SC(C)(C)[C@@H]2C(=O)O,0
CC(CCC(OC1OC(COC2OC(CO)C(O)C(O)C2O)C(O)C(O)C1OC1OC(CO)C(O)C(O)C1O)C(C)(C)O)C1CCC2(C)C3CC=C4C(CCC(OC5OC(COC6OC(CO)C(O)C(O)C6O)C(O)C(O)C5O)C4(C)C)C3(C)C(O)CC12C,1
CN1CCN(c2c(F)cc3c(=O)c(C(=O)O)cn(CCF)c3c2F)CC1,1
CCC(C)C(CC)C(=O)NC(N)=O,0
Cc1cccc([C@H](C)c2c[nH]c(=S)[nH]2)c1C,0
CC(C)SCC[C@@H](N)[C@H](O)C(=O)NNC(=O)c1cccc(Cl)c1,0
O=c1cc(-c2ccc(O)c(O)c2)oc2ccccc12,1
CSCCC(N)C(=O)NC1CSSCC2NC(=O)C(CC(=O)O)NC(=O)C(CC(=O)O)NC(=O)C3CSSCC4NC(=O)C(CCC(N)=O)NC(=O)C5CCCN5C(=O)CNC(=O)C(Cc5ccc(O)cc5)NC(=O)C(CSSCC(NC(=O)C5CCCN5C(=O)C(CCSC)NC1=O)C(=O)NC(Cc1ccccc1)C(=O)NC(C(C)O)C(=O)NC(C(C)O)C(=O)NC(CC(=O)O)C(=O)NC(Cc1c[nH]cn1)C(=O)NC(CCC(N)=O)C(=O)NC(CCSC)C(=O)NC(C)C(=O)NC(CCCNC(=N)N)C(=O)NC(CCCNC(=N)N)C(=O)N3)NC(=O)C(CCCCNC(=O)CCCCCN1/C(=C\C=C\C=C\C=C\C3=[N+](CCCCS(=O)(=O)[O-])c5ccc6ccccc6c5C3(C)C)C(C)(C)c3c1ccc1ccccc31)NC(=O)CNC(=O)C(CCCNC(=N)N)NC(=O)CNC(=O)C(CCCNC(=N)N)NC(=O)CNC(=O)CNC(=O)C(CSSCC(C(=O)NC(CCCNC(=N)N)C(=O)O)NC(=O)C(CC(C)C)NC4=O)NC2=O,0
N#CC1=C(N)OC(c2ccccc2)=CC1c1cn(-c2ccccc2)nc1-c1ccc(OCc2ccccc2)cc1,1
OCc1c(F)c(F)c(F)c(F)c1F,0
NC[C@H]1O[C@H](O[C@H]2[C@H](O)[C@@H](O[C@H]3O[C@H](CO)[C@@H](O)[C@H](N)[C@H]3O)[C@H](N)C[C@@H]2N)[C@H](O)[C@@H](O)[C@@H]1O,0
NC[C@H](O)c1ccc(O)c(O)c1,0
O=C(Nc1ccc(Oc2ccnc3[nH]ccc23)c(F)c1)c1cccn(-c2ccc(F)cc2)c1=O,0
Cc1cc(-n2nc3ccc(Cl)cc3n2)c(O)c(C(C)(C)C)c1,1
N#CCC(=O)NN=Cc1c[n+]([O-])c2ccccc2[n+]1[O-],1
c1ccc([C@@H]2CO2)cc1,0
O=C(NCCS)c1cc2cc(F)ccc2[nH]1,0
O=C1O[C@H]([C@@H](O)CO)C(O)=C1O,0
CC(C)NC[C@H](O)c1ccc(O)c(O)c1,0
O=c1[nH]c(Br)nc2nc[nH]c12,0
C[C@]12CC[C@H]3[C@@H](CCC4=CC(=O)C=C[C@@]43C)[C@@H]1CC[C@@H]2O,0
CCc1cccc(CC)c1N(COC)C(=O)CCl,1
CC1C=CC=CCCC=CC=CC=CC=CC(OC2OC(C)C(O)C(N)C2O)CC2OC(O)(CC(O)C(O)CCC(O)CC(O)CC(O)CC(=O)OC(C)C(C)C1O)CC(O)C2C(=O)O,0
OCC(CO)N[C@H]1C[C@](O)(CO)[C@@H](O)[C@H](O)[C@H]1O,0
C=C[C@]1(C)C[C@@H](OC(=O)CSCCN(CC)CC)[C@]2(C)[C@H](C)CC[C@]3(CCC(=O)[C@H]32)[C@@H](C)[C@@H]1O,0
Cc1cc2c(s1)c1cnn(Cc3ccccc3F)c(=O)c1n2C,0
CN(C)CCN1C(=O)c2cccc3cc(N)cc(c23)C1=O,1
CCOC(=O)c1ncn2c1CN(C)C(=O)c1cc(F)ccc1-2,0
CC(C(=O)OCCN1CCN(CCOC(=O)C(C)c2cccc3ccccc23)CC1)c1cccc2ccccc12,0
O=PO,0
C[N+]1(C)CCC(OC(=O)C(O)(c2ccccc2)C2CCCC2)C1,0
O=P(O)(O)OC[C@H]1O[C@@H](O)[C@H](O)[C@@H](O)[C@H]1O,0
O=C(O)CCCCC(S)CCS,1
CC(=O)OCC(=O)[C@@]1(O)CC[C@H]2[C@@H]3CCC4=CC(=O)CC[C@]4(C)[C@H]3[C@@H](O)C[C@@]21C,0
CC1CC2C3CCC4=CC(=O)C=CC4(C)C3(F)C(O)CC2(C)C1(O)C(=O)CCl,1
Oc1cc(O)cc(Oc2c(O)cc(O)c3c2Oc2c(O)cc4oc5c(Oc6cc(O)cc(O)c6)c(O)cc(O)c5c4c2O3)c1,1
CC(C)(C)c1cc(NC(=O)NCc2ccccc2Sc2ccc3nnc(-c4ccccc4SCCO)n3c2)n(-c2ccc(O)c(Cl)c2)n1,0
N=C(N)c1ccc2nc(-c3cc(OC(F)(F)F)ccc3O)[nH]c2c1,0
Cc1c2ccc(N(C)c3ccnc(Nc4ccc(C(=O)Nc5ccccc5N)cc4)n3)cc2nn1C,0
O=C(O)COc1cc(Cl)ccc1C(=O)NCc1cccc([N+](=O)[O-])c1,0
C[N+](C)(C)CCCC[C@H](N)C(=O)O,0
COC1CC(CC2CCC(C)C(C(C)C(=O)O)O2)OC2(OC(C)(C3CCC(C)(C4OC(C5OC(O)(CO)C(C)CC5C)CC4C)O3)CC2C)C1C,1
CN[C@H](C)Cc1ccccc1,0
Oc1ccc(C2=Cc3ccc(O)cc3OC2)cc1,0
CC(C)C(N)C(=O)O,1
CCOc1ccc(/C=C2\NCCc3cc(OCC)c(OCC)cc32)cc1OCC,0
O=P(O)(O)OC[C@H]1O[C@@H]([n+]2c[nH]c3c(SP(=O)(O)O)ncnc32)[C@H](O)[C@@H]1O,0
O=C(O)CNC(=O)c1ncc(-c2cccc(Cl)c2)cc1O,0
COC(=O)C1C2CC3c4[nH]c5cc(OC)ccc5c4CCN3CC2CC(OC(=O)c2cc(OC)c(OC)c(OC)c2)C1OC,0
c1ccc(C(OC2CCN(CCCc3nn[nH]n3)CC2)c2ccccc2)cc1,0
CC[C@H]1C(C)=NN=C(c2ccc(OC)c(OC)c2)c2cc(OC)c(OC)cc21,0
CN(C)C(=O)Oc1cccc([N+](C)(C)C)c1,0
O=C1NC(=O)C(c2c[nH]c3ccccc23)=C1c1c[nH]c2ccccc12,1
Clc1cc2c(cc1Cl)Oc1c(Cl)c(Cl)c(Cl)c(Cl)c1O2,1
CCC1CCC(CCC(=O)O)CC1,1
C=C(Br)CC1(C(C)C)C(=O)NC(=O)NC1=O,0
CC(C)OC(=O)c1cc(NC(=S)OC(C)C)ccc1Cl,0
C[C@@]1(CO)OP(=O)(O)OP(=O)(O)OC[C@H]1O,0
CN1CN([C@@H]2O[C@H](COP(=O)(O)OP(=O)(O)OP(=O)(O)O)[C@@H](O)[C@H]2O)c2nc(N)[nH]c(=O)c21,0
CNC(=O)c1cnn(-c2nc(N)c3ncn(C4OC(CO)C(O)C4O)c3n2)c1,0
O=C(O)c1ccccc1N=Nc1ccc(O)cc1,0
OCc1cccc(F)c1F,0
COC(=O)N1CCN(Cc2cccc(NC(=O)Nc3ccc(C)nc3)c2F)CC1,0
S=C(S)NCCNC(=S)S,1
COc1cc(C)c2ccc(O)c(C(=O)OC3[C@H](O)C=C[C@@H]3O)c2c1,0
COCCO[C@@H]1[C@H](OP(O)(=S)OC[C@H]2O[C@@H](n3cc(C)c(=O)[nH]c3=O)C[C@@H]2OP(O)(=S)OC[C@H]2O[C@@H](n3cnc4c(=O)[nH]c(N)nc43)[C@H](OCCOC)[C@@H]2OP(O)(=S)OC[C@H]2O[C@@H](n3cc(C)c(N)nc3=O)[C@H](OCCOC)[C@@H]2OP(O)(=S)OC[C@H]2O[C@@H](n3cc(C)c(=O)[nH]c3=O)C[C@@H]2OP(O)(=S)OC[C@H]2O[C@@H](n3cnc4c(N)ncnc43)[C@H](O)[C@@H]2OP(O)(=S)OC[C@H]2O[C@@H](n3cnc4c(=O)[nH]c(N)nc43)[C@H](O)[C@@H]2OP(O)(=S)OC[C@H]2O[C@@H](n3cc(C)c(N)nc3=O)C[C@@H]2OP(O)(=S)OC[C@H]2O[C@@H](n3cc(C)c(N)nc3=O)C[C@@H]2OP(O)(=S)OC[C@H]2O[C@@H](n3cc(C)c(=O)[nH]c3=O)C[C@@H]2OP(O)(=S)OC[C@H]2O[C@@H](n3cc(C)c(N)nc3=O)C[C@@H]2OP(O)(=S)OC[C@H]2O[C@@H](n3cc(C)c(=O)[nH]c3=O)C[C@@H]2OP(O)(=S)OC[C@H]2O[C@@H](n3cnc4c(=O)[nH]c(N)nc43)[C@H](O)[C@@H]2OP(O)(=S)OC[C@H]2O[C@@H](n3cnc4c(=O)[nH]c(N)nc43)[C@H](O)[C@@H]2OP(O)(=S)OC[C@H]2O[C@@H](n3cnc4c(N)ncnc43)[C@H](O)[C@@H]2OP(O)(=S)OC[C@H]2O[C@@H](n3cc(C)c(=O)[nH]c3=O)C[C@@H]2OP(O)(=S)OC[C@H]2O[C@@H](n3cc(C)c(=O)[nH]c3=O)C[C@@H]2OP(O)(=S)OC[C@H]2O[C@@H](n3cc(C)c(=O)[nH]c3=O)C[C@@H]2OP(O)(=S)OC[C@H]2O[C@@H](n3cnc4c(=O)[nH]c(N)nc43)[C@H](OCCOC)[C@@H]2OP(O)(=S)OC[C@H]2O[C@@H](n3cnc4c(N)ncnc43)[C@H](OCCOC)[C@@H]2O)[C@@H](CO)O[C@H]1n1cc(C)c(N)nc1=O,0
CCC[S+]([O-])c1ccc2nc(NC(=O)OC)[nH]c2c1,0
CCCC1O[C@@H]2C[C@H]3[C@@H]4CCC5=CC(=O)C=C[C@]5(C)[C@H]4[C@@H](O)C[C@]3(C)[C@]2(C(=O)CO)O1,0
N[C@@H](Cc1c[nH]c2[se]ccc12)C(=O)O,0
COc1cc(CNC(=O)CCCCC=CC(C)C)ccc1O,1
CO[C@@H]1C[C@](C)(O)Cc2cc3c(c(O)c21)C(=O)c1c(O)cc2c(c1C3=O)O[C@@H]1O[C@@]2(C)[C@H](O)[C@@H](N(C)C)[C@@H]1O,1
O=C(O)CCC(=O)C(=O)O,0
CC1=C2N=C(/C=C3\N/C(=C(/C)C4=N[C@@](C)(C5N=C1[C@](C)(CCC(=O)NC[C@@H](C)OP(=O)(O)O[C@H]1[C@@H](O)[C@@H]([n+]6c[nH]c7cc(C)c(C)cc76)O[C@@H]1CO)[C@H]5CC(N)=O)[C@@](C)(CC(N)=O)[C@@H]4CCC(=N)O)[C@@](C)(CC(N)=O)[C@H]3CCC(=N)[O-])C(C)(C)[C@@H]2CCC(=N)O,0
CC[C@@H](CO)NCCN[C@@H](CC)CO,1
COc1ccc2[nH]cc(CCN(C)C)c2c1,0
CCCCCCCCCCCCCCCCCC(=O)OC(CO)CO,0
CC(CCc1ccc2c(c1)OCO2)NCC(O)c1ccc(O)c(C(N)=O)c1,0
O=C(O)CC[C@H](NC(=O)N[C@@H](CCCCNC(=O)Nc1ccc([131I])cc1)C(=O)O)C(=O)O,0
CCN(CC)C(=O)[C@@]1(c2ccccc2)C[C@H]1CN,0
Nc1ccccc1C(=O)C[C@H](N)C(=O)O,0
CCOCCN(Cc1ccc(CN(CCOCC)C(=O)C(Cl)Cl)cc1)C(=O)C(Cl)Cl,0
COc1c(OCCCN2CCOCC2)ccc2c3n(c(=NC(=O)c4cnc(N)nc4)nc12)CCN3,0
O=C1NC[C@H](I)C(=O)N1,0
N#Cc1cnn2c(NCCc3cnc[nH]3)nc(Nc3ccccc3)nc12,0
O=C1OC2(c3ccc(O)cc3Oc3cc(O)ccc32)c2ccc(N=C=S)cc21,1
CCCCCCCCCCCCNCC(O)CCCCCCCCCn1c(=O)c2c(ncn2C)n(C)c1=O,0
CCCCCC/C=C\CCCCCCCC(=O)O[C@@H](COC(=O)CCCCCCC/C=C\CCCCCCCC)COP(=O)(O)OCCO,0
CCCOc1ccc2nc(NC(=O)OC)sc2c1,0
NC(CO)(CO)CO,1
C#C[C@]1(O)CC[C@H]2[C@@H]3CCc4cc(OC)ccc4[C@H]3CC[C@@]21C,1
c1ccc(-c2cc(NCc3cccnc3)n3ncc(C4CC4)c3n2)cc1,0
Nc1nc2nn(-c3cccc(C(=O)NCc4cc(Cl)cc(Cl)c4)c3)nc2c(=O)[nH]1,0
C=C1/C(=C\C=C2/CCC[C@]3(C)[C@@H]([C@H](C)CCCC(C)C)CC[C@@H]23)C[C@@H](O)C[C@@H]1O,0
N[C@@H](CSS)C(=O)O,0
N[C@H]1[C@H](O)[C@@H](O)[C@@H](O)O[C@@H]1CO,0
CC(C)C[C@H](N[C@@H](Cc1cncn1Cc1cc(Cl)cc(Cl)c1)C(=O)O)C(=O)O,0
O=C(O)c1ccc(-c2ccccc2OC(F)(F)F)o1,0
COc1cc(OC)c2c(=O)[nH]c(-c3cc(C)c(OCCO)c(C)c3)nc2c1,0
c1cc[nH]c1,1
Cc1cc(S(=O)(=O)O)c2c(C)ccc(C(C)C)cc1-2,0
CCCCCCCCCCNC(=O)NC1CCCCC1,0
O=C(O)CCC1CCCCC1,0
O=C(Oc1ccc2c(c1)CCCN2C(=O)C(Cl)Cl)c1ccco1,0
OC[C@@H]1[C@@H](O)[C@H](O)[C@@H](O)c2nc(CNc3ccccc3)cn21,0
NS(=O)(=O)c1ccc(N2CCCC2=O)c([N+](=O)[O-])c1,0
Cc1ncc(CO)c(C=NNC(=O)c2ccncc2)c1O,1
CC(C)=CCC/C(C)=C/CC/C(=C/COP(=O)(O)OP(=O)(O)O)C(F)(F)F,0
CN(C)CCCN1c2ccccc2Sc2ccc(Cl)cc21,1
O=C(O)[C@@H]1C[C@H]2C[C@@H](CCc3nn[nH]n3)CC[C@H]2CN1,0
Nc1ncnc2c1nc(Br)n2[C@@H]1O[C@H](COP(=O)(O)O)[C@@H](O)[C@H]1O,0
Cc1ccc(C)c(Cc2nn(C(C)(C)C)c3ncnc(N)c23)c1,0
Clc1ccc(CN(Cc2ccc(Cl)cc2)c2nn[nH]n2)cc1,0
COc1ccc(C[C@@H]2c3cc(OC)c(OC)cc3CC[N@+]2(C)CCC(=O)OCCCCCOC(=O)CC[N@@+]2(C)CCc3cc(OC)c(OC)cc3[C@H]2Cc2ccc(OC)c(OC)c2)cc1OC,0
COc1cc(Nc2ncc3c(n2)-c2ccc(Cl)cc2C(c2c(F)cccc2OC)=NC3)ccc1C(=O)O,0
CCCCCCCCCCCCCCCC(=O)NCC(=O)N[C@@H](CCC(N)=O)C(=O)N1CCC[C@H]1C(=O)N[C@@H](CCCN=C(N)N)C(=O)O,0
C[C@@H]1O[C@@H](OC[C@H]2O[C@@H](Oc3c(-c4ccc(O)c(O)c4)oc4cc(O)cc(O)c4c3=O)[C@H](O)[C@@H](O)[C@@H]2O)[C@H](O)[C@H](O)[C@H]1O,0
CCC(C(=O)C(C)C(O)C(C)CCc1ccc(C)c(O)c1C(=O)O)C1OC(CC)(C2CCC(O)(CC)C(C)O2)CC1C,1
Cc1ccc(C(=O)NCCC2CCCC2)cc1C(=O)Nc1ccc(N)nc1,0
O=C(O)CNC(=O)CCCC(=O)NCc1ccc([N+](=O)[O-])cc1,0
CNC(=O)[C@H]1O[C@@H](n2cnc3c(NCc4cccc(I)c4)nc(Cl)nc32)[C@H](O)[C@@H]1O,0
NC[C@H](N)C(=O)O,0
Cc1cccc2c1CCNC2=O,0
O=C(O)CCCC=CCC1C(O)CC(O)C1C=CC(O)COc1cccc(Cl)c1,1
BrCCBr,1
NC(=O)N1c2ccccc2C2OC2c2ccccc21,1
Fc1ccc(-n2cc(CCCCN3CCC4(CC3)OCc3ccccc34)c3ccccc32)cc1,0
CC(C)=CCC/C(C)=C/CC/C(C)=C/CC[C@@](C)(O)CCC1=C(C)C(=O)C(C)=C(C)C1=O,0
CCc1nc2ccc(Br)cc2c(=O)n1-c1nc2cc(Cl)ccc2s1,0
CNC(=O)c1ccc(C)c(-n2c(C)cc(OCc3ccc(F)cc3F)c(Br)c2=O)c1,0
O=P(O)(O)CP(=O)(O)O[C@H]1O[C@H](COP(=O)(O)O)[C@@H](O)[C@H]1O,0
CCCCCC#CC(=O)OC,1
C[C@@H](O)[C@@H]1NC(=O)[C@H](CCCCN)NC(=O)[C@@H](Cc2c[nH]c3ccccc23)NC(=O)[C@H](Cc2c[nH]c3ccccc23)NC(=O)[C@H](Cc2ccccc2)NC(=O)CCCNC(=O)CCCN(CC(N)=O)C(=O)[C@H](Cc2ccccc2)NC1=O,0
CC1(C)CCC(C)(C)c2cc(Cn3cccn3)c(/C=C/c3ccc(C(=O)O)cc3)cc21,0
O=C(Cc1ccc2ccccc2c1)Nc1cc(C2CC2)[nH]n1,0
O=C(CCC(=O)Nc1ccc2c(c1)C(=O)C(=O)NC2=O)Nc1cccc(OCCF)c1,0
O=c1[nH]ccc2c(S(=O)(=O)N3CCCNCC3)cccc12,0
O=C(O)CCCCCC(=O)CCC(=O)O,0
CCCCCCCCCCCCCCCC=O,0
CC(C)(COP(=O)(O)OP(=O)(O)OC[C@H]1O[C@@H](n2cnc3c(N)ncnc32)[C@H](O)[C@@H]1O)[C@@H](O)C(=O)NCCC(=O)NCCS,0
CCC(OC(C)=O)C(CC(C)N(C)C)(c1ccccc1)c1ccccc1,0
COc1ccc(C(=O)NC(=S)Nc2nc3ccc([N+](=O)[O-])cc3s2)cc1,0
COc1cc2c(cc1OC)[C@H]1C[C@@H](OC(=O)[C@@H](N)C(C)C)[C@H](CC(C)C)CN1CC2,0
CNC(=O)Oc1cccc(N=CN(C)C)c1,1
C[C@@](O)(CCO)CC(=O)O,0
CCCO[C@H]1[C@@H]([C@@H](COCc2ccc(Cl)cc2)OCc2ccc(Cl)cc2)OC(OCC)[C@@H]1O,0
C[C@H]1COC2=C1C(=O)C(=O)c1c2ccc2c1CCCC2(C)C,0
OC[C@H]1NC[C@H](O)[C@@H](O)[C@H]1O,0
CCC(C)C(NC(=O)CN)C(=O)NC(C(=O)NC(CCC(=O)O)C(=O)NC(CCC(N)=O)C(=O)NC1CSSCC2NC(=O)C(C(C)CC)NC(=O)C(CO)NC(=O)C(C(C)O)NC(=O)C(CSSCC(NC(=O)C(CC(C)C)NC(=O)C(Cc3c[nH]cn3)NC(=O)C(CCC(N)=O)NC(=O)C(NC(=O)C(NC(=O)C(N)Cc3ccccc3)C(C)C)C(N)=O)C(=O)NCC(=O)NC(CO)C(=O)NC(Cc3c[nH]cn3)C(=O)NC(CC(C)C)C(=O)NC(C(C)C)C(=O)NC(CCC(=O)O)C(=O)NC(C)C(=O)NC(CC(C)C)C(=O)NC(Cc3ccc(O)cc3)C(=O)NC(CC(C)C)C(=O)NC(C(C)C)C(=O)NC(C(=O)NCC(=O)NC(CCC(=O)O)C(=O)NC(CCCNC(=N)N)C(=O)NCC(=O)NC(Cc3ccccc3)C(=O)NC(Cc3ccccc3)C(=O)NC(Cc3ccc(O)cc3)C(=O)NC(C(=O)N3CCCC3C(=O)NC(CCCCN)C(=O)NC(C(=O)O)C(C)O)C(C)O)CSSCC(C(=O)NC(CC(N)=O)C(=O)O)NC(=O)C(Cc3ccc(O)cc3)NC(=O)C(CC(N)=O)NC(=O)C(CCC(=O)O)NC(=O)C(CC(C)C)NC(=O)C(CCC(N)=O)NC(=O)C(Cc3ccc(O)cc3)NC(=O)C(CC(C)C)NC(=O)C(CO)NC2=O)NC1=O)C(C)C,1
Nc1ncccc1NCc1cccc(-c2ccc3cc[nH]c3c2)c1,0
c1ccc2scnc2c1,1
[In+3],1
NC[C@H]1CC[C@H](C(=O)O)CC1,0
O[C@H](CS)[C@@H](O)CS,0
CCCCCCCCCCCCCC[C@@H](O)[C@@H](O)[C@@H](N)CO,0
NCCCCNCCCNC(=O)CNC(=O)[C@H](CS)NC(=O)CC[C@H](N)C(=O)O,0
CCCCC(CC)C(=O)O,1
CN(C)C1=CCC2=C(c3ccc(N4C(=O)C=CC4=O)cc3C(=O)O)c3ccc(N(C)C)cc3OC2=C1,0
CC=CCC(C)C(O)C1C(=O)NC(CC)C(=O)N(C)CC(=O)N(C)C(CC(C)C)C(=O)NC(C(C)C)C(=O)N(C)C(CC(C)C)C(=O)NC(C)C(=O)NC(C)C(=O)N(C)C(CC(C)C)C(=O)N(C)C(CC(C)C)C(=O)N(C)C(C(C)C)C(=O)N1C,1
CCN(CC)CCOC(=O)c1cccc(-c2ccccc2)c1O,0
Oc1cc(Cl)ccc1Oc1ccc(Cl)cc1,0
NC(=NCCCC(N)C(=O)Nc1ccc([N+](=O)[O-])cc1)N[N+](=O)[O-],1
Nc1ncnc2c1ncn2[C@@H]1O[C@H](COP(=O)(O)OP(=O)(O)O)[C@@H](N)[C@H]1O,0
N/C(=N\N=C\c1c(Cl)cccc1Cl)NO,0
O[C@@H]1c2ccccc2C=C[C@@H]1O,0
COC(=O)C[C@H]1CC(c2ccc(O)cc2)=NO1,0
CC(C)(C)n1ncc(OCc2ccc(COCC[18F])cc2)c(Cl)c1=O,0
C=C1CC23CCC4C(C)(C(=O)OC5OC(CO)C(O)C(O)C5O)CCCC4(C)C2CCC1(OC1OC(CO)C(O)C(OC2OC(CO)C(O)C(O)C2O)C1OC1OC(CO)C(O)C(O)C1O)C3,1
CC(=O)Oc1ccc(C2(c3ccc(OC(C)=O)cc3)C(=O)Nc3ccccc32)cc1,1
O=C(/C=C/c1ccc(O)c(O)c1/C=C/c1ccc(O)c(O)c1)O[C@H](Cc1ccc(O)c(O)c1)C(=O)O,0
N=C(N)NCc1cccc(I)c1,0
NCCOC(=O)Cc1cccc2ccccc12,0
CC[C@@H]1SC2(CCN(C)CC2)NC1=O,0
CN(C)Cc1c(C(=O)NCCOc2ccc(C(=O)NO)cc2)oc2ccccc12,0
CC[C@@]1(O)C(=O)OCc2c1cc1n(c2=O)Cc2cc3c([N+](=O)[O-])cccc3nc2-1,0
CN(Cc1cnc2nc(=N)[nH]c(N)c2n1)c1c(Cl)cc(C(=O)N[C@@H](CCC(=O)O)C(=O)O)cc1Cl,1
CC(C)(C)C(=O)OCOC(=O)[C@@H]1N2C(=O)[C@@H](/N=C/N3CCCCCC3)[C@H]2SC1(C)C,0
Cc1ncc(OC[C@@]2(c3cccc(F)c3)C[C@H]2C(=O)Nc2ccc(F)cn2)c(C)n1,0
C=C1C[C@@H]2[C@H](CC[C@]3(C)C(=O)CC[C@@H]23)[C@@]2(C)C=CC(=O)C=C12,1
C=C(C)[C@@H]1CCC(C)=C[C@H]1c1c(O)cc(CCCCC)cc1OC(=O)N(C)Cc1ccc(Cl)cc1,0
CC#Cc1cn([C@@H]2O[C@H](CO)[C@@H](O)[C@@H]2O)c(=O)[nH]c1=O,0
CC(=O)NCCOC(=O)C(Oc1cccc(C(F)(F)F)c1)c1ccc(Cl)cc1,1
COc1ccc2c(c1)c(CC(=O)NO)c(C)n2C(=O)c1ccc(Cl)cc1,0
C[C@H](N)C(=O)N1C[C@H](CCCB(O)O)[C@](N)(C(=O)O)C1,0
Cc1ncc(CO)c(N)n1,0
CCC(CO)NC(=O)[C@@H]1C=C2c3cccc4c3c(cn4C)C[C@H]2N(C)C1,0
Cc1ccc2c(c1)C(=O)[C@]1(O)CCN(c3ccccc3)C1=N2,0
CCOC(C)C(=O)C(O)O,0
C[C@H](Nc1ccc2c(c1)OCCn1cc(N3C(=O)OC[C@H]3C(F)F)nc1-2)C(N)=O,0
CCCCCCCCCc1ccc(O)cc1,1
NC(=O)C(CS)NC(=O)CCCCCNC(=O)[C@H](Cc1ccc(C(F)(F)P(=O)(O)O)cc1)NC(=O)C(CC(=O)O)NC(=O)Cc1ccc(C(F)(F)P(=O)(O)O)cc1,0
O=C(N[C@@H](Cc1ccccc1)C(=O)N[C@@H](CCc1ccccc1)CCS(=O)(=O)Cc1ccccc1)OCc1ccccc1,0
NCC[C@H](C(=O)Nc1ccc2[nH]nc(NC(=O)c3ccccc3)c2c1)c1cccc(Cl)c1,0
CC(C)[C@H]1C(=O)N[C@@H](CCCN=C(N)N)C(=O)NCC(=O)N[C@@H](CC(=O)O)C(=O)N[C@H](Cc2ccccc2)C(=O)N1C,0
CCN(CC)CCNC(=O)c1ccc(N)c(Cl)c1,0
C[C@H](CCC(=O)O)[C@H]1CC[C@H]2[C@@H]3CC[C@@H]4C[C@H](O)CC[C@]4(C)[C@H]3C[C@H](O)[C@]12C,0
O=C(O)CN(CC(=O)O)c1ccccc1OCCOc1ccccc1N(CC(=O)O)CC(=O)O,1
CN(C)c1ccc(C(=C2C=CC(=[N+](C)C)C=C2)c2ccc(N(C)C)cc2)cc1,1
COc1cc2ncnc(Nc3cccc(O)c3)c2cc1OC,0
N#CCc1cc(O)cc2cc(-c3ccc(O)cc3)oc12,0
N[C@@H](Cc1ccc(O)c(I)c1)C(=O)O,0
NNc1nncc2ccccc12,1
Cn1c(N)nc2nc(-c3ccc(O)cc3)ccc21,1
CN(CCCCC(=O)O)c1ccc(/C=C/c2ccc([N+](=O)[O-])cc2)cc1,0
Cc1nn(C)c(Oc2ccccc2)c1C=NOCc1ccc(C(=O)OC(C)(C)C)cc1,1
[Ag+],0
CCCCCCCCCC(=O)N[C@@H](Cc1c[nH]c2ccccc12)C(=O)N[C@@H](CC(N)=O)C(=O)N[C@@H](CC(=O)O)C(=O)N[C@@H]1C(=O)NCC(=O)N[C@@H](CCCN)C(=O)N[C@@H](CC(=O)O)C(=O)N[C@H](C)C(=O)N[C@@H](CC(=O)O)C(=O)NCC(=O)N[C@H](CO)C(=O)N[C@@H]([C@H](C)CC(=O)O)C(=O)N[C@@H](CC(=O)c2ccccc2N)C(=O)O[C@@H]1C,1
Cc1sc[n+](CC(=O)c2ccccc2)c1C,0
CS(=O)(=O)c1ccc(-n2nc(C(F)(F)F)cc2-c2ccc(F)cc2)cc1,1
CCCc1ccc(OCC(O)Cn2cc(COc3ccc(Cl)cc3)nn2)c(OC)c1,0
CO[C@H]1/C=C/O[C@@]2(C)Oc3c(C)c(O)c4c(O)c(cc(O)c4c3C2=O)NC(=O)/C(C)=C\C=C\[C@H](C)[C@H](O)[C@@H](C)[C@@H](O)[C@@H](C)[C@H](OC(C)=O)[C@@H]1C,0
O=c1oc2c(c(O)c1[C@H](c1cccc(NS(=O)(=O)c3ccccc3)c1)C1CC1)CCCCCC2,0
C[C@]12CC[C@@H]3c4ccc(O)cc4CC[C@H]3[C@@H]1C[C@H](CCCCCCCCC(=O)OC[C@H]1O[C@@H](n3cnc4c(N)ncnc43)[C@H](O)[C@@H]1O)[C@@H]2O,0
CCCCCC(=O)SCCNC(=O)CCNC(=O)[C@H](O)C(C)(C)COP(=O)(O)OP(=O)(O)OC[C@H]1O[C@@H](n2cnc3c(N)ncnc32)[C@H](O)[C@@H]1OP(=O)(O)O,0
CCNC(=O)c1noc(-c2cc(Cl)c(O)cc2O)c1-c1ccc(CN2CCOCC2)cc1,0
COc1cc(OC)cc(-c2nc(N)c(CN)c(-c3ccc(Cl)cc3Cl)n2)c1,0
O=C1NCCN1/N=C/c1ccc([N+](=O)[O-])o1,0
O=C(Nc1cccc(-c2nn[nH]n2)c1)c1cccc(F)c1,0
CON1C[C@@]2(COP(O)(=S)O[C@H]3[C@H]4ON(OC)C[C@@]3(COP(O)(=S)O[C@H]3[C@@H](O)[C@H](n5ccc(N)nc5=O)O[C@@H]3COP(O)(=S)O[C@H]3[C@@H](O)[C@H](n5cnc6c(=O)[nH]c(N)nc65)O[C@@H]3COP(O)(=S)O[C@H]3[C@@H](O)[C@H](n5cnc6c(=O)[nH]c(N)nc65)O[C@@H]3COP(O)(=S)O[C@H]3C[C@H](n5cc(C)c(=O)[nH]c5=O)O[C@@H]3COP(O)(=S)O[C@H]3[C@@H](O)[C@H](n5ccc(N)nc5=O)O[C@@H]3COP(O)(=S)O[C@H]3[C@@H](O)[C@H](n5cnc6c(N)ncnc65)O[C@@H]3COP(O)(=S)O[C@H]3[C@@H](O)[C@H](n5ccc(N)nc5=O)O[C@@H]3COP(O)(=S)O[C@H]3[C@@H](O)[C@H](n5cnc6c(=O)[nH]c(N)nc65)O[C@@H]3COP(O)(=S)O[C@H]3[C@@H](O)[C@H](n5cnc6c(N)ncnc65)O[C@@H]3COP(O)(=S)O[C@H]3C[C@H](n5cc(C)c(=O)[nH]c5=O)O[C@@H]3COP(O)(=S)O[C@H]3[C@H]5ON(OC)C[C@@]3(COP(O)(=S)O[C@H]3[C@H]6ON(OC)C[C@@]3(CO)O[C@H]6n3cc(C)c(N)nc3=O)O[C@H]5n3cc(C)c(=O)[nH]c3=O)O[C@H]4n3cc(C)c(N)nc3=O)O[C@@H](n3cc(C)c(=O)[nH]c3=O)[C@H](O1)[C@@H]2O,0
CC(C)CCCC(C)C1CCC2C3C(=O)C=C4CC(O)CCC4(C)C3CCC12C,1
FC(F)(F)c1cccc(C2=CCN(CCc3ccc4ccccc4c3)CC2)c1,0
C[C@]12C=CC3=C4CCC(=O)C=C4CC[C@H]3[C@@H]1CC[C@@H]2OC(=O)OCC1CCCCC1,0
CCNP(=S)(OC)OC(C)=CC(=O)OC(C)C,1
O=C(O)COCCN1CCN([C@H](c2ccccc2)c2ccc(Cl)cc2)CC1,1
C[C@@]1(c2ccc(Oc3ccccc3)cc2)OC(=O)N(Nc2ccccc2)C1=O,0
O=C(O)c1ccccc1NC(=O)N1CCC(c2ccccc2C(F)(F)F)CC1,0
C=CCc1ccc(O)c(OC)c1,1
C#CCN(C)CC1=Cc2ccccc2Oc2ccccc21,0
CC(C)NC[C@@H](O)COc1ccc(CC(N)=O)cc1,0
CCC=C(C)C1(CC)C(=O)NC(=O)NC1=O,0
O=C1N2C=C(c3ccc(O)cc3)N=C(Cc3ccccc3)C2=N[C@]1(O)Cc1ccc(O)cc1,0
CCOc1cc2ncc(C#N)c(Nc3ccc(OCc4ccccn4)c(Cl)c3)c2cc1NC(=O)/C=C/[C@H]1CCCN1C,0
COc1ccc2c(c1)CN(C(=O)CCN1CCC(Cc3ccccc3)CC1)CCS2,0
CO/N=C1/CN(c2nc3c(cc2F)c(=O)c(C(=O)O)cn3C2CC2)CC12CNC2,0
NCCCC(N)(C(=O)O)C(F)F,0
CCc1cccc2c3c([nH]c12)C(CC)(CC(=O)O)OCC3,1
CC(C)[C@H](N)C(=O)O[C@@H]1C[C@@H](n2ccc(N)nc2=O)O[C@H]1CO,0
COc1ccc(S(=O)(=O)N2CCCSC(C)(C)[C@H]2C(=O)NO)cc1,0
CC(C)(C)C(=O)OCOC(=O)[C@@H]1N2C(=O)[C@@H](NC(=O)[C@H](N)c3ccccc3)[C@H]2SC1(C)C,0
C[C@@H]1O[C@H]2CC(=O)O[C@@H]2C2=C1C(=O)c1c(O)cccc1C2=O,0
FC(F)(F)C(F)(F)C(F)(F)C(F)(F)C(F)(F)F,0
O=C(O)CNC(=O)c1c(=O)cc(CCc2ccccc2)n2[nH]cnc12,0
CO[C@@H]1O[C@H](CO)[C@@H](O[C@@H]2O[C@H](CO)[C@H](O)[C@H](O)[C@H]2O)[C@H](O)[C@H]1O,0
COc1cc2c(Oc3ccc4[nH]c(C)cc4c3F)ncnc2cc1OCCCN1CCCC1,0
Cc1cccc([C@]23SCCN2C(=O)c2ccccc23)c1,0
CCCCCCCCO[C@@H]1O[C@H](CO)[C@H](O)C[C@H]1O[C@@H]1O[C@@H](C)[C@@H](O)[C@@H](O)[C@@H]1O,0
O=C[C@@H]1CCCN1C(=O)[C@@H]1CCCN1C(=O)OCc1ccccc1,0
Nc1nc2cc3nc(N)[nH]c3cc2c(=O)[nH]1,0
NC(=O)C1CCN(CCCN2c3ccccc3Sc3ccc(Cl)cc32)CC1,1
NC(=O)c1ncn([C@H]2O[C@@H](CO)[C@H](O)[C@@H]2O)n1,0
O/N=c1\cc(-c2cc3sccc3cn2)oc2ccc(CCCN3CCOCC3)cc12,0
CC1(C)S[C@@H]2[C@H](NC(=O)Cc3ccccc3)C(=O)N2[C@H]1C(=O)O,0
O=P(O)(O)OC[C@H]1O[C@@H](O)[C@@H](O)[C@@H]1O,0
C#CCC(N)C(=O)O,1
CC(=O)[C@]1(N)Cc2c(O)c3c(c(O)c2[C@@H](O[C@H]2C[C@H](O)[C@H](O)CO2)C1)C(=O)c1ccccc1C3=O,0
c1ccc(-c2ccc(Cn3ccnc3)cc2)cc1,0
N[C@H](COc1cncc2nc(-c3ccncc3)ccc12)Cc1c[nH]c2ccccc12,0
O=c1ccn([C@H]2C[C@H](O)[C@@H](COP(=O)(O)NP(=O)(O)O)O2)c(=O)[nH]1,0
Cc1c2oc3c(C)ccc(C(=O)N[C@@H]4C(=O)N[C@H](C(C)C)C(=O)N5CCC[C@H]5C(=O)N(C)CC(=O)N(C)[C@@H](C(C)C)C(=O)O[C@@H]4C)c3nc-2c(C(=O)N[C@@H]2C(=O)N[C@H](C(C)C)C(=O)N3CCC[C@H]3C(=O)N(C)CC(=O)N(C)[C@@H](C(C)C)C(=O)O[C@@H]2C)c(N)c1=O,1
Nc1ccc2c(c1)CN1C(=O)c3ccccc3C1=N2,0
CNC1CC2OC(C)(C1OC)n1c3ccccc3c3c4c(c5c6ccccc6n2c5c31)C(=O)NC4,1
Nc1ncnc2cc[nH]c12,0
O=C(O)c1[nH]c(O)c2c1c1c3ccccc3[nH]c1c1[nH]c3ccccc3c12,0
COc1cc(/C=C/C(=O)CC(=O)/C=C/c2ccc(O)c(OC)c2)ccc1O,0
Cc1cccc(C)c1OCC(=O)O,0
COc1ccc2c(c1)C(=O)N(CCc1ccc(S(=O)(=O)NC(=O)NC3CCCCC3)cc1)C(=O)C2(C)C,0
CN[C@@H]1CCN(c2cc(NCC3CC3)nc(N)n2)C1,0
C[C@@H](CNS(C)(=O)=O)c1ccc(-c2ccc([C@@H](C)CNS(C)(=O)=O)cc2)cc1,0
O=C(N[C@@H](CO)C(=O)O)c1cccc(O)c1O,0
Cn1cc[nH]c1=S,1
CCCCCCC(O)CCCC(O)C1CCC(C2CCC(C(O)CCCCCCCCCCCCC3=CC(C)OC3=O)O2)O1,1
OC[C@H]1O[C@H](OCC[C@H]2CO2)[C@H](O)[C@@H](O)[C@@H]1O,0
Clc1ccc(Cl)c(-c2c(Cl)ccc(Cl)c2Cl)c1,1
CC[C@@H](OC(C)=O)C(C[C@@H](C)N(C)C)(c1ccccc1)c1ccccc1,0
COc1cc(CC(C)N)cc(OC)c1OC,0
C[C@H](C(=O)O)c1cccc(C(=O)c2ccccc2)c1,0
ClC(Cl)=C(Cl)c1c(Cl)c(Cl)c(Cl)c(Cl)c1Cl,1
CC(=O)N[C@@H]1[C@@H](O[C@@H]2O[C@@H](C(=O)O)[C@@H](O)[C@H](O)[C@H]2O)[C@@H](OS(=O)(=O)O)[C@@H](CO)O[C@H]1O,1
CC(=O)OCC12C(C=C(C)C(=O)C1O)OC1C(O)CC2(C)C12CO2,1
C[C@@H]1CN(c2c(F)c(F)c3c(=O)c(C(=O)O)cn(C4CC4)c3c2F)C[C@H](C)N1,0
O=C(O)Cn1cc(Cc2nc3c(F)c(F)cc(F)c3s2)c2cccnc21,0
Nc1nc2nc(I)[nH]c2c(=O)[nH]1,0
COc1cc(Nc2nccc(N(C)c3ccc4c(C)[nH]nc4c3)n2)cc(OC)c1OC,0
Cc1c(/C=C2\C(=O)Nc3ccc(F)cc32)[nH]c2c1C(=O)N(C[C@H](O)CN1CCOCC1)CCC2,0
C[C@]1(Cn2ccnn2)[C@H](C(=O)O)N2C(=O)C[C@H]2S1(=O)=O,0
CON(C)Cc1ccc(O)c2c1CC1CC3C(N(C)C)C(=O)C(C(N)=O)=C(O)C3(O)C(=O)C1=C2O,0
O=[Se](=O)(O)O,0
CC(O)C(CO)NC(=O)C1CSSCC(NC(=O)C(N)Cc2ccccc2)C(=O)NC(Cc2ccccc2)C(=O)NC(Cc2c[nH]c3ccccc23)C(=O)NC(CCCCN)C(=O)NC(C(C)O)C(=O)N1,1
CN1CCOC(O)(c2ccc3c(c2)Sc2ccccc2N3)C1,0
CC(C)=CCN1Cc2cc(Cl)cc3[nH]c(=S)n(c23)C[C@@H]1C,0
CCOC(N)=O,1
O=C(O)CCCn1c2ccccc2c2ccccc21,0
Cc1cccc(NC(=O)NC2N=C(c3ccccc3)c3ccccc3N(C)C2=O)c1,1
C[C@H](O)[C@@H](CCOc1ccc2ccccc2c1)n1cnc(C(N)=O)c1,0
CNC(=O)[C@@H]1Cc2ccc(NS(=O)(=O)O)cc2CN1C(=O)OC(C)(C)C,0
CC(C)C(Br)C(=O)NC(N)=O,1
C[C@H](N)c1ccc([C@H](O)CNC(C)(C)C)cc1,0
O=C(O)[C@@H](O)C[C@H](O)[C@@H](O)C(=O)O,0
CO/N=C(\C(=O)N[C@@H]1C(=O)N2C(C(=O)OCOC(=O)C(C)(C)C)=C(C)CS[C@H]12)c1csc(N)n1,0
OC[C@H]1O[C@H](O[C@H]2[C@H](O)C[C@@H](O)O[C@@H]2CO)[C@H](O)[C@@H](O)[C@@H]1O,0
COc1cc(C2c3cc4c(cc3C(O)C3COC(=O)C23)OCO4)cc(OC)c1OC,1
C[Si](C)(C)c1cccc(C(=O)C(F)(F)F)c1,1
O=P(O)(O)OC[C@H]1O[C@H](n2cnc3ccccc32)[C@H](O)[C@@H]1O,0
Cn1c(=O)c2c(nc(N3CCC[C@@H](N)C3)n2Cc2ccccc2C#N)n(C)c1=O,0
CC1(C(=O)O)OCC(OC(=O)N2CCN(C(=O)OC3COC(C)(C(=O)O)OC3)CC2)CO1,0
CC(C)[C@H](NC(=O)[C@H](OCc1ccccc1)[C@H](O)[C@@H](O)[C@@H](OCc1ccccc1)C(=O)N[C@H](C(=O)NCc1ccccn1)C(C)C)C(=O)NCc1ccccn1,0
CC(=O)O[C@H]1CC(C)(C)C(=C=C/C(C)=C/C=C/C=C/C=C(C)/C=C2/C=C(/C=C/[C@@]34O[C@]3(C)C[C@@H](O)CC4(C)C)C(=O)O2)[C@](C)(O)C1,0
CC[N+](C)(C)C(C)CC(c1ccccc1)c1ccccc1,0
CN1Cc2c(ccc3c2OCO3)C2(C)C(O)Cc3cc4c(cc3C12)OCO4,1
CC(C)CC(NC(=O)C(NC(=O)NC(Cc1ccccc1)C(=O)O)C1CCN=C(N)N1)C(=O)NC(C=O)Cc1ccccc1,1
O=[Th]=O,1
C[N+](C)(C)CCOP(=O)([O-])OCCCCCCCCCCCCCCCCCCc1ccc([131I])cc1,0
O=C(O[C@H]1[C@H](OC(=O)c2cccnc2)[C@@H](OC(=O)c2cccnc2)[C@H](OC(=O)c2cccnc2)[C@@H](OC(=O)c2cccnc2)[C@H]1OC(=O)c1cccnc1)c1cccnc1,0
CCCc1nc(C(F)(F)F)ccc1/C=C/C(=O)N[C@H](C)c1cc(F)c(NS(C)(=O)=O)c(F)c1,0
CN1CCN2c3ncccc3Cc3ccccc3[C@H]2C1,0
NC(=O)[C@@H]1C[C@@H](NC(=O)[C@@H](N)CCCN=C(N)N[N+](=O)[O-])CN1,0
N#C[C@@H]1CCCN1C(=O)CNC12CC3CC(CC(O)(C3)C1)C2,0
CO[C@@H]1O[C@H](CO)[C@@H](O)[C@H](O)[C@H]1NC(C)=O,0
CC(C)[C@H]1NC(=O)[C@H]2CSSCC/C=C/[C@H](CC(=O)N[C@H](C)C(=O)N2)OC(=O)C[C@@H]1O,0
C[C@H](CCC(=O)N[C@@H](CCCCNC(=S)Nc1ccc(C2c3ccc(O)cc3Oc3cc(O)ccc32)c(C(=O)O)c1)C(=O)O)[C@H]1CC[C@H]2[C@@H]3[C@H](O)C[C@@H]4C[C@H](O)CC[C@]4(C)[C@H]3C[C@H](O)[C@]12C,0
CCC(=O)N(c1ccccc1)C1CCN(CCc2cccs2)CC1C,0
CCOc1ccc(-c2c(C#N)c(N)nc3sc(C(N)=O)c(N)c23)cc1,0
CC(C)C[C@H](NC(=O)[C@@H](O)CC(=O)O)C(=O)NCCCCN=C(N)N,0
O=C1OC2(c3cc(Br)c(O)c(Br)c3Oc3c2cc(Br)c(O)c3Br)c2c(Cl)ccc(Cl)c21,1
C[C@]12CCc3c(ccc4cc(O)ccc34)[C@@H]1CCC2=O,0
O=C(CCCCCCC(=O)Nc1cccnc1)NO,0
CC(=O)NC(=O)N[C@@H]1O[C@H](CO)[C@@H](O)[C@H](O)[C@H]1O,0
C=C1/C(=C\C=C2/CCC[C@]3(C)[C@@H]([C@H](C)CCCCC(C)(C)O)CC[C@@H]23)C[C@@H](O)C[C@@H]1O,0
CCN(C)C(C)C(O)c1ccccc1,0
Cc1nc(-c2ccccn2)nc(NCCc2ccccc2)c1Cl,0
Cc1ccc(CCc2c3nc[nH]c3cc3c(=O)[nH]c(N)nc23)cc1,0
ClCCl,1
CCN(CC)CCN(Cc1ccc(-c2ccc(C(F)(F)F)cc2)cc1)C(=O)Cn1c(SCc2ccc(F)cc2)nc(=O)c2c1CCC2,0
CC[C@H](O)[C@@H](C)C(=O)C[PH](=O)O,0
CCOC(=O)c1cc2ccc(OC)cc2o1,0
O=C(O)c1cscn1,0
N/C=C/OP(=O)(O)O,0
NC1C(O)OC(COP(=O)(O)O)C(O)C1O,1
Cc1ccc(C(=O)NC2CC2)cc1-c1ccc(C(=O)NCC2CC2)cc1,0
Cc1c([C@@H](O)CN2CCN(C[C@H](O)c3ccc4c(c3C)COC4=O)CC2)ccc2c1COC2=O,0
[Cu],1
OC1CCCC1,1
Cc1ccccc1-c1n[nH]c(=S)n1N,0
CC1=CC(=O)C[C@@H]2CC[C@H]3[C@@H]4CC[C@H](O)[C@@]4(C)CC[C@@H]3[C@@]12C,0
C=CCO,1
O=C(c1ccccc1)[C@H](Cc1ccc(C(F)(F)P(=O)(O)O)c(Br)c1)c1ccccc1,0
C1=CNCCC1,1
C=C1C(=O)NC(C)C(=O)NC(CC(C)C)C(=O)NC(C(=O)O)C(C)C(=O)NC(C)C(=O)NC(C=CC(C)=CC(C)C(Cc2ccccc2)OC)C(C)C(=O)NC(C(=O)O)CCC(=O)N1C,1
C[C@@H](N)[C@H]1O[C@@H](O[C@@H]2[C@@H](O)[C@H](N)C[C@H](N)[C@H]2O[C@H]2O[C@H]([C@@H](C)O)[C@@H](O)[C@H](O)[C@H]2N)[C@H](O)[C@@H]1O,0
OC[C@@H]1O[C@H](O)[C@H](O)[C@H]1O,0
CCC1(CC)C(=O)NCC(C)C1=O,0
CC[C@H](COc1ccccc1)O[P@@](C)(=O)Cl,0
CC(NC(=O)[C@]1([S@+](C)[O-])[C@@H](C)C1(Cl)Cl)c1ccc(Br)cc1,0
CN1CCC23c4c5ccc(O)c4OC2C(O)C=CC3C1C5,0
CCCOC(C)=O,0
CC(=O)Nc1ccc(OC(=O)c2ccccc2O)cc1,0
O=C1c2cc3c(cc2O[C@@H]2CCCN12)OCCO3,0
CN(C/C=C/c1ccccc1)Cc1cccc2ccccc12,0
COC(=O)[C@H](Cc1ccccc1)NC(=O)[C@@H](N)CC(=O)O,0
CCOC(=O)C(O)(c1ccc(Cl)cc1)c1ccc(Cl)cc1,1
CCC[C@H](Oc1cc(C)c(-n2cc(C(F)(F)F)cn2)c(C)c1)c1ccc(C(=O)NCCC(=O)O)cc1,0
OC[C@H]1OC(O)[C@H](F)[C@@H](O)[C@@H]1O,0
CCN[C@@H]1C[C@H](N)[C@@H](OC2O[C@H](CN)CC[C@H]2N)[C@H](O)[C@H]1O[C@H]1OC[C@](C)(O)[C@H](NC)[C@H]1O,0
CC(=O)N[C@@H](Cc1ccc(P(=O)(O)O)c(P(=O)(O)O)c1)C(=O)N[C@H]1CCCCc2cc(OCC3CCCCC3)c(C(N)=O)cc21,0
O=C[C@H](O)[C@@H](O)[C@H](O[C@H]1O[C@H](CO)[C@@H](O[C@H]2O[C@H](CO)[C@@H](O[C@H]3O[C@H](CO)[C@@H](O)[C@H](O)[C@H]3O)[C@H](O)[C@H]2O)[C@H](O)[C@H]1O)[C@H](O)CO,0
O=C1c2ccc(Br)cc2C(=O)C1c1ccccc1,0
CC[C@@]1([C@@H]2O[C@@H]([C@H]3O[C@@](O)(CO)[C@H](C)C[C@@H]3C)C[C@@H]2C)CC[C@H]([C@]2(C)CC[C@]3(C[C@H](O)[C@@H](C)[C@@H]([C@@H](C)[C@@H](OC)[C@H](C)C(=O)O)O3)O2)O1,0
CCC[C@@H]1C[C@@H](C(=O)N[C@@H]([C@H]2O[C@H](SC)[C@H](OP(=O)(O)O)[C@@H](O)[C@H]2O)[C@H](C)Cl)N(C)C1,1
CC(=O)OCC(=O)[C@@]12OC(C)(C)O[C@@H]1C[C@H]1[C@@H]3C[C@H](F)C4=CC(=O)C=C[C@]4(C)[C@H]3[C@@H](O)C[C@@]12C,0
CN(C)CCCOc1nn(Cc2ccccc2)c2ccccc12,0
CC(C)n1cc2c3c(cccc31)C1CC(C(=O)NC3CCCC3O)CN(C)C1C2,1
C=C(C)C1CCC(C)=CC1c1c(O)cc(CCCCC)c(C(=O)O)c1O,1
CCCCS(=O)(=O)N[C@@H](Cc1ccc(OCCCCC2CCNCC2)cc1)C(=O)O,0
CCCCCCOC(C)c1cccc(-c2csc(NC(=O)c3cc(Cl)c(C=C(C)C(=O)O)c(Cl)c3)n2)c1OC,0
CC(CCC(=O)NCCS(=O)(=O)O)C1CCC2C3CCC4CC(O)CCC4(C)C3CCC12C,1
CC#CCn1c(N2CCCC(N)C2)nc2c1c(=O)n(Cc1nc(C)c3ccccc3n1)c(=O)n2C,1
CCCCC(CC)COC(=O)c1ccccc1C(=O)c1ccc(-c2ccccc2)cc1,0
C[C@@H]1O[C@@H](O[C@@H]2[C@@H](NC(=O)c3cc(=O)[nH]c(=O)[nH]3)C[C@@H](C(=O)NCCNC(=O)COCCOCC(=O)Nc3cc(S(=O)(=O)O)cc4cc(S(=O)(=O)O)cc(S(=O)(=O)O)c34)C[C@H]2O[C@@H]2O[C@H](CO)[C@H](O)[C@H](O[C@@H](CC3CCCCC3)C(=O)O)[C@H]2OC(=O)c2ccccc2)[C@@H](O)[C@H](O)[C@@H]1O,0
Cc1cc(-n2c(=O)[nH]c(=O)n(C)c2=O)ccc1Oc1ccc(S(=O)(=O)C(F)(F)F)cc1,0
OCCCCO,0
O=C(O)CCC1CCC(c2cc(F)ccc2F)(S(=O)(=O)c2ccc(Cl)cc2)CC1,0
Nc1ncnc2c1ncn2C1OC(COP(=O)(O)OP(=O)(O)O)C(O)C1O,1
O=C(NO)c1ccc(C(=O)N2CCn3c(-c4ccccc4)cnc3C2)s1,0
CN1CCC2=C(C1)C(c1ccccc1)c1ccccc12,0
CC(=O)OCCN1CCN(CCCN2c3ccccc3Sc3ccc(Cl)cc32)CC1,0
CCOP(=O)(O)O,0
CNC(=O)c1cc(COc2nnc(Nc3ccc(Cl)cc3)c3ccoc23)ccn1,0
C[C@@H](NC(=O)CCCP(=O)(O)Oc1ccc([N+](=O)[O-])cc1)C(=O)O,0
Nc1nc2ncn(CCNC(CO)CO)c2c(=O)[nH]1,0
CC#C[C@@H](CC(=O)O)c1ccc(OCc2ccc(CN3CCC4(C=Cc5ccccc54)CC3)cc2)cc1,0
COc1cc2c(cc1OC)C(Cc1ccc(O)c(Oc3cc4c(cc3OC)CCN(C)C4Cc3ccc(O)cc3)c1)N(C)CC2,1
CO[C@H]1[C@H](OC(=O)c2ccc(C)[nH]2)[C@H](O)[C@@H](Oc2ccc3c(O)c(NC(=O)c4c[nH]c(C(=O)Nc5c(O)c6ccc(O[C@H]7OC(C)(C)[C@@H](OC)[C@H](OC(=O)c8ccc(C)[nH]8)[C@@H]7O)c(C)c6oc5=O)c4C)c(=O)oc3c2C)OC1(C)C,0
COc1cc(OC)c2ccc(=O)oc2c1,1
COc1cc2c(c3oc(=O)c4c(c13)CCC4=O)C1CCOC1O2,1
CN1[C@@H](CC(=O)c2ccccc2)CCC[C@H]1C[C@H](O)c1ccccc1,0
O=c1ccn([C@H]2C[C@H](F)[C@@H](COC(c3ccccc3)(c3ccccc3)c3ccccc3)O2)c(=O)[nH]1,0
O[Si]12O[Si]3(O)O[Si](O)(O1)O[Si](O)(O2)O3,1
COC(=O)c1nc(C(F)(F)F)n2c1CN(C(=O)C[C@H](N)Cc1cc(F)c(F)cc1F)CC2,0
O=C1c2ccccc2-[n+]2ccc3c([nH]c4ccccc43)c21,1
CCCCCCCCCC(=O)OC1(c2ccc(Cl)cc2)CCN(CCCC(=O)c2ccc(F)cc2)CC1,1
CCOP(=O)(OCC)Oc1ccc(OC)cc1,0
Nc1nc(=O)c2c([nH]1)NC[C@H](CNc1ccc(C(=O)N[C@@H](CCC(=O)O)C(=O)O)cc1)N2C=O,0
CCn1c(=O)n(Cc2cnn(C)c2)c(=O)c2cc(S(=O)(=O)NC3(CF)CC3)ccc21,1
COc1cc(O)c2c(c1)[C@H]1O[C@@H]1C[C@H](O)[C@H](O)C(=O)/C=C\C[C@H](C)OC2=O,0
CCCn1c(=O)c2[nH]c(C34CCC(CCC(=O)O)(CC3)CC4)nc2n(CCC)c1=O,0
O=C1CCCC2C3CCC[N+]4([O-])CCCC(CN12)C34,1
COc1ccc2nc(C(F)(F)F)c3c(c2c1)CC[C@]1(C[C@H]2C(=O)N[C@]4(C(=O)NS(=O)(=O)C5(C)CC5)C[C@H]4/C=C\CCCCC[C@H](NC(=O)OCC(C)C)C(=O)N2C1)O3,0
CCC(CC)(CC(=O)Nc1cccc(/C=C/c2nc(C3CCC3)cs2)c1)C(=O)O,0
Clc1cc(Cl)c2c(c1)CCc1ccccc1C2n1ccnc1,0
CCCn1cnc(C[C@H](CCCN)C(=O)O)c1,0
CCOC(=O)c1c[n+](C)c2n(c1=O)C(C)CCC2,0
N[C@@H](Cc1ccccc1)[C@@H](O)CCl,0
CC(C)(C)OC(=O)NCCCCCC[C@H](C(=O)O)c1c[nH]c2ccccc12,0
Cc1c(Br)c(Br)c(Br)c(Br)c1Br,1
Cn1c(=O)c2[nH]c(Cl)nc2n(C)c1=O,0
CC(C)[C@H](NC(=O)OC(C)(C)C)C(=O)Nc1cccc(Cl)c1C=O,0
Cc1ccc2c(c1)c1c3n2CCNC3CCC1,0
O,0
OC(c1ccccc1)(c1ccccc1)C1CCNCC1,0
COc1cc(C(C(=O)NC2CCCCC2)N(C(=O)Cc2c[nH]c3ccccc23)c2ccc(C(C)C)cc2)cc(OC)c1OC,0
CC(=O)N[C@H]1[C@H](O[C@H]2[C@H](O[C@H](C)C(=O)N[C@@H](C)C(=O)N[C@H](CCC(=O)N[C@@H](CCC[C@@H](N)C(=O)O)C(=O)N[C@H](C)C(=O)O)C(=O)O)[C@@H](NC(C)=O)[C@@H]3OC[C@H]2O3)O[C@H](CO)[C@@H](O)[C@@H]1O,0
O=CCCCC[C@@H]1SC[C@@H]2NC(=O)N[C@@H]21,0
CO[C@@H]1[C@@H](O[C@@H]2O[C@H](C)[C@@H](O[C@H]3C[C@@](C)(O)[C@@H](O)[C@H](C)O3)[C@H](N(C)C)[C@H]2O)[C@@H](CC=O)C[C@@H](C)[C@@H](O[C@H]2CC[C@H](N(C)C)[C@H](C)O2)/C=C/C=C/C[C@@H](C)OC(=O)C[C@H]1O,0
O=C(O)[C@H]1O[C@H](O)[C@H](O)[C@@H](O)[C@@H]1O,0
CC(=O)Nc1ncc([N+](=O)[O-])s1,0
OC[C@H](O)[C@H]1O[C@H](O)[C@@H](O)[C@@H](O)[C@@H]1O,0
COc1ccc(S(=O)(=O)N2CCc3cc(O)c(OC)cc3[C@@H]2C(=O)NO)cc1,0
O=P(O)(O)C(O)(Cn1ccnc1)P(=O)(O)O,1
[Cr+2],1
CO/N=C(\C(=O)NCB(O)O)c1csc(N)n1,0
CS(=O)(=O)Nc1ccc2c(c1)S(=O)(=O)N=C(C1=C(O)[C@@H]3[C@H]4CC[C@H](C4)[C@@H]3N(Cc3ccc(F)cc3)C1=O)N2,0
CNC(CC(C)C)C(=O)NC1C(=O)NC(CC(N)=O)C(=O)NC2C(=O)NC3C(=O)NC(C(=O)NC(C(=O)O)c4cc(O)cc(O)c4-c4cc3ccc4O)C(OC3CC(C)(N)C(=O)C(C)O3)c3ccc(c(Cl)c3)Oc3cc2cc(c3OC2OC(CO)C(O)C(O)C2O)Oc2ccc(cc2Cl)C1O,0
COC(=O)[C@H]1[C@H]2C[C@@H]3c4[nH]c5cc(OC)ccc5c4CCN3C[C@H]2C[C@@H](OC(=O)/C=C/c2cc(OC)c(OC)c(OC)c2)[C@@H]1OC,0
COc1ccc(C2SCC(=O)N2NC(=O)CNC(=O)c2ccccc2)cc1OC,0
Cc1c(-c2ccccc2)ccc2nc(N)nc(N)c12,0
Nc1c(C2=NCCN2)cnn1-c1cc(Cl)cc(Cl)c1,0
C#CC(O)(C=CCl)CC,0
Cc1c2oc3c(C)ccc(C(=O)NC4C(=O)NC(C(C)C)C(=O)N5CCCC5C(=O)N(C)CC(=O)N(C)C(C(C)C)C(=O)OC4C)c3nc-2c(C(=O)NC2C(=O)NC(C(C)C)C(=O)N3CCCC3C(=O)N(C)CC(=O)N(C)C(C(C)C)C(=O)OC2C)c(N)c1=O,1
CCCOC(=O)Cc1ccc(OCC(=O)N(CC)CC)c(OCC)c1,0
CN(C)C[C@H](O)COc1ccc(Nc2nccc(Nc3cc(Cl)ccc3Cl)n2)cc1,0
CN1CC[C@@]2(C)c3cc(OC(=O)Nc4ccccc4)ccc3N(C)[C@@H]12,0
COC(=O)N1CC[C@@H]2[C@H]1CCC[C@@]2(O)C#Cc1cccc(C)c1,0
Cn1c[n+]([C@@H]2O[C@H](COP(=O)(O)OP(=O)(O)OP(=O)(O)OC[C@H]3O[C@@H](n4cnc5c(N)ncnc54)[C@H](O)[C@@H]3O)[C@@H](O)[C@H]2O)c2nc(N)[nH]c(=O)c21,0
CC1(C)SC2C(NC(=O)C(N)c3ccccc3)C(=O)N2C1C(=O)O,1
CSC(=N)NCCCCCCCCCCCCCCN=C(N)SC,0
CC(C)C(O)CCC(C)C1CCC2C3CC=C4CC(O)CCC4(C)C3CCC12C,1
[Hg],1
CC(O)=C(C#N)C(=O)Nc1ccc(C(F)(F)F)cc1,1
CO/N=C(\C#N)[C@H]1CN2CCC1CC2,0
CC(=O)[C@H]1CC[C@H]2[C@@H]3CC=C4C[C@@H](OC(=O)CCC(=O)O)CC[C@]4(C)[C@H]3CC[C@]12C,0
C[C@]12CCCN1CC1=NNC(=O)c3cc(F)cc4[nH]c2c1c34,1
CC(C)n1cnc2c(Nc3cccc(Cl)c3)nc(NCCO)nc21,0
Cc1ccc(C)c(N)c1,0
CCC(C(=O)OCCN(CC)CC)c1ccccc1,0
C[C@H](N[C@@H](CCc1ccccc1)C(=O)O)C(=O)N1[C@H](C(=O)O)C[C@H]2CCCC[C@@H]21,0
C[C@H](Nc1ncnc2cc(F)c(F)cc12)C(c1ccccc1)c1ccccc1,0
CC(=O)NC1C(O)OC(CO)C(OS(=O)(=O)O)C1OC1OC(C(=O)O)C(O)C(O)C1O,1
NS(=O)(=O)Nc1ncnc(OCCOc2ncc(Br)cn2)c1-c1ccc(Br)cc1,0
Clc1cc2oc3cc(Cl)c(Cl)cc3c2cc1Cl,1
CCn1cc(C(=O)O)c(=O)c2cnc(N3CCCC3)nc21,0
O[C@@H](c1cc(C(F)(F)F)nc2c(C(F)(F)F)cccc12)[C@H]1CCCCN1,1
C=C1CCCC2(C)CCC(C(C)(C)O)CC12,1
Cc1cc(Nc2nc(-c3ccccc3)nc3ccccc23)n[nH]1,0
CCCCCC(O)c1cccc(OCc2ccc3ccccc3n2)c1,1
Cc1cccc(C)c1OCC(=O)N[C@@H](Cc1ccccc1)[C@@H](O)C[C@H](Cc1ccccc1)NC(=O)[C@H](C(C)C)N1CCCNC1=O,0
CC(=O)Cl,0
O=c1cccc2n1CC1CNCC2C1,1
COc1cc(-c2ccccc2)c(O)c(-c2cc3cc(C(=N)N)ccc3[nH]2)c1,0
CC(C)(C)Nc1nc(N)c(C(=O)c2ccccc2)s1,0
O=C(CO)C(O)C(O)C(O)COC1OC(CO)C(O)C(O)C1O,1
CCN(CC)CCOc1ccccc1-n1c(C)ccc1-c1ccccc1,0
O=C(Nc1ccc(F)c(F)c1)Nc1ccc(Sc2nc3cc(Cl)ccc3s2)c(Cl)c1,0
COC(=O)CCc1ccc(OCC(O)CNC(C)C)cc1,0
CC(=O)N1CCN(C(=O)[C@H](Cc2cccc(C(=N)N)c2)NS(=O)(=O)c2ccc3ccccc3c2)CC1,0
CC(=O)O[C@]1(C(C)=O)CC[C@H]2[C@@H]3C[C@H](C)C4=CC(=O)C=C[C@]4(C)[C@@]3(F)[C@@H](O)C[C@@]21C,0
O=C(O)CCS,1
Nc1ccn([C@@H]2O[C@H](CO)[C@@H](O)[C@H]2OP(=O)(O)O)c(=O)n1,0
COCCc1ccc(-c2c(C)nc3c(N4CCOCC4)ccnn23)cn1,0
CC(=C(CCOC(=O)C(C)C)SSC(CCOC(=O)C(C)C)=C(C)N(C=O)Cc1cnc(C)nc1N)N(C=O)Cc1cnc(C)nc1N,1
O=C(O)Cc1nn(Cc2nc3cc(C(F)(F)F)ccc3s2)c(=O)c2nccnc12,0
CC1(Cn2ccnn2)C(C(=O)O)N2C(=O)CC2S1(=O)=O,1
COc1ccc(C(c2ccc(OC)cc2)C(Cl)(Cl)Cl)cc1,1
C[C@]1(c2nc3c(C(N)=O)cccc3[nH]2)CCCN1,1
N=C(N)c1ccc(CNC(=O)[C@@H]2CCCN2C(=O)[C@H](N)Cc2ccccc2)cc1,0
CC(C)[C@H](N)C(=O)OCC[C@@H](CO)Cn1cnc2c(=O)[nH]c(N)nc21,0
CCCC(=O)N[C@H]1/C(=N/OC(=O)Nc2ccccc2)O[C@H](CO)[C@@H](O)[C@@H]1O,0
OC[C@H]1N=C(NO)[C@H](O)[C@@H](O)[C@@H]1O[C@H]1O[C@H](CO)[C@@H](O[C@H]2O[C@H](CO)[C@@H](O)[C@H](O)[C@H]2O)[C@H](O)[C@H]1O,0
CNC(=O)C[C@@H]1NC(=O)c2csc(n2)-c2ccc(-c3nc(N(CCCCC(=O)O)C(=O)OC4CCC(C(=O)O)CC4)cs3)nc2-c2csc(n2)-c2csc(n2)[C@H]([C@@H](O)c2ccccc2)NC(=O)CNC(=O)c2nc(sc2COC)[C@H](C(C)C)NC(=O)c2nc1sc2C,0
CNS(=O)(=O)c1ccc(NS(=O)(=O)c2ccc(N)cc2)cc1,0
O=C(O)c1cc2c(c3c1c([N+](=O)[O-])cc1ccccc13)OCO2,1
C=C(C)C12CC(C)C34OC(Cc5ccccc5)(OC1C3C=C(COC(=O)Cc1ccc(O)c(OC)c1)CC1(O)C(=O)C(C)=CC14)O2,1
O=C1N2C=C(c3ccc(O)cc3)N[C@@H](CC3CCCC3)C2=N[C@@]1(Cc1ccc(O)cc1)OO,0
C#CCN[C@@H]1CCc2ccc(O)cc21,0
COCN1C(=O)N(COC)C(=O)C(c2ccccc2)(c2ccccc2)C1=O,0
COCCOC(=O)NCCCCC(NC(=O)OCCOC)C(=O)NCCCCCCOP(=O)(O)O,0
CC(C)C[C@H](O)[C@H](O)[C@@H](N)CC1CCCCC1,0
CC12CCC(O)CC1CCC1C2CCC2(C)C(c3ccc(=O)oc3)CCC12O,1
C=C(C=O)CCP(=O)(O)O,0
C[C@@H]1C(=O)NCCCN1C(=O)C[C@H](N)Cc1cc(F)c(F)cc1F,0
Cc1cn2nc(-c3cc(=O)n4cc(N5CCNC6(CC6)C5)ccc4n3)cc(C)c2n1,0
O=C1C(=O)c2nc(CN3CCN(Cc4ccccc4)CC3)oc2-c2ccccc21,0
C=C1C2=C(C[C@@]1(C)C/C=C/C(C)=C/C(=O)O)C(C)(C)CCC2,0
N[C@H](Cc1ccccc1)C(=O)N1CCC[C@H]1C(=O)NCc1ccccc1,0
N[C@H](C(=O)O)[C@H](O)c1ccc(O)c(O)c1,0
CC(C)Cc1ccc(C(C)C(=O)NO)cc1,0
Nc1ccn([C@H]2CO[C@@H](CO)S2)c(=O)n1,0
O[C@H]1[C@H](O)Cn2ccnc2[C@@H]1O,0
CC(C)(Sc1cc(C(C)(C)C)c(O)c(C(C)(C)C)c1)Sc1cc(C(C)(C)C)c(O)c(C(C)(C)C)c1,1
CCCCCCCCCCCC1=C(O)C(=O)C=C(O)C1=O,1
Oc1cc(O)c(-c2noc3ccc(NCCN4CCOCC4)cc23)cc1Cl,0
C[C@]1(O)CC[C@H]2[C@@H]3CCC4=CC(=O)CC[C@@H]4[C@H]3CC[C@@]21C,1
CCOC[C@@H]1[C@@H](c2ccc(Cl)c(Cl)c2)C[C@@H]2CC[C@H]1N2C,0
O=C(O)c1ccc2c(c1)C(=O)OC2=O,1
N[C@@H](CCC(=O)N[C@@H](CS[C@@H](O)N(O)c1ccc(I)cc1)C(=O)NCC(=O)O)C(=O)O,0
CC(=O)O[C@H]1CC[C@H]2[C@@H]3CCC4=C(Cl)C(=O)CC[C@]4(C)[C@H]3CC[C@]12C,0
CN1CCCC(=C(c2cccs2)c2cccs2)C1,0
CCc1nnc(NS(=O)(=O)c2ccc(N)cc2)s1,0
N=C(N)c1ccc2nc(C(O)(O)c3nc4ccc(C(=N)N)cc4[nH]3)[nH]c2c1,0
O=C(O)c1cc(C(=O)O)cc(C(=O)O)c1,0
O=C(CNS(=O)(=O)c1ccccc1C(=O)N1CCOCC1)Nc1ccc(O)cc1,0
CC(=O)OCC(=O)[C@@]1(O)CC[C@H]2[C@@H]3C[C@H](F)C4=CC(=O)C=C[C@]4(C)[C@H]3[C@@H](O)C[C@@]21C,0
CCCCCC[C@@H]1CCc2cc([C@H]3CC[C@](N)(CO)C3)ccc2C1,0
NC(N)=NCc1ccc(B2OC[C@@H](CO)O2)cc1,0
CC(=O)OCC(=O)[C@@]1(O)[C@H](C)C[C@H]2[C@@H]3C[C@H](F)C4=CC(=O)C=C[C@]4(C)[C@H]3[C@@H](O)C[C@@]21C,0
CCOC(=O)/C=C/c1ccc(O)c(OC)c1,0
CC(C)(O)c1ccccc1-c1ccc2nc(/C=C/c3ccc(C(F)(F)F)cc3)[nH]c2c1,0
CC(N)=NCC[C@H](F)C[C@H](N)C(=O)O,0
C[C@@H]1[C@H](O)[C@@H](C)/C=C/C=C/CC/C=C/C=C/C=C/C=C/[C@H](O[C@@H]2O[C@H](C)[C@@H](O)[C@H](N)[C@@H]2O)C[C@@H]2O[C@](O)(C[C@@H](O)[C@H](O)CC[C@@H](O)C[C@@H](O)C[C@@H](O)CC(=O)O[C@H]1C)C[C@H](O)[C@H]2C(=O)O,0
CC1=C(CCC(=O)O)c2cc3[nH]c(cc4nc(cc5[nH]c(cc1n2)c(CCC(=O)O)c5C)C(CCC(=O)O)=C4C)c(CCC(=O)O)c3C,0
CN[C@@H]1Cc2cccc3[nH]c(=O)n(c23)C1,0
COc1ccccc1-c1cc([C@@H](CC(=O)O)C(=O)O)cc(-c2nc3ccc(C(=N)N)cc3[nH]2)c1O,0
N#Cc1nn(-c2c(Cl)cc(C(F)(F)F)cc2Cl)c(N)c1[S+]([O-])C(F)(F)F,1
CC(C(=O)O)c1ccc2oc(-c3ccc(Cl)cc3)nc2c1,1
CCC(c1ccc(OCCN(CC)CC)cc1)C(CC)c1ccc(OCCN(CC)CC)cc1,0
CC(=O)N[C@@H](Cc1ccc(C(=O)O)c(C=O)c1)C(=O)N[C@H]1CCCCN(Cc2ccc(-c3ccccc3)cc2)C1=O,0
CC(C)C(C#N)(CCCN(C)CCc1ccccc1)c1ccccc1,0
C/C=C/C(=O)N(CC)C(CC)C(=O)N(C)C,0
CC(C)(O)C=CC(=O)C(C)(O)C1C(O)CC2(C)C3CC=C4C(C=C(O)C(=O)C4(C)C)C3(C)C(=O)CC12C,1
N=C(N)c1ccc(O[C@@H]2CO[C@H]3[C@@H]2OC[C@@H]3Oc2cccc(C(=N)N)c2)cc1,0
CCCCCCC#Cc1ccccc1/C=C/C(=O)O,0
NC1=NC(O)C2C3OC4(O)O[C@H](C(O)C2(N1)[C@@H]4O)C3(O)CO,0
O=CC(Oc1c(O)cc(O)cc1C=Cc1ccc(O)cc1)C(O)C(O)C(O)CO,1
CC1COC2(c3ccccc3Cl)c3cc(Cl)ccc3NC(=O)CN12,0
CCCCc1oc2ccccc2c1C(=O)c1cc(I)c(OCCNCC)c(I)c1,1
Brc1cccc(-c2cc(NCc3ccncc3)[n+]3[nH]ccc3n2)c1,0
COCCNCc1ccc(-c2cc3nccc(Oc4ccc(NC(=S)NC(=O)Cc5ccc(F)cc5)cc4F)c3s2)nc1,0
COc1ccc2c(c[n+](C)c3c4cc5c(cc4ccc23)OCO5)c1OC,1
CN(C)CCc1c[nH]c2ccc(CS(=O)(=O)N3CCCC3)cc12,0
CC(=O)OCC1=C(C(=O)O)N2C(=O)C(NC(=O)Cc3cccs3)C2SC1,1
NC(=O)OCC1N=C(N)N2CCC(O)(O)C23NC(N)=NC13,1
CC[C@@H]1C[C@]1(NC(=O)[C@@H]1C[C@@H]2CN1C(=O)[C@H](C(C)(C)C)NC(=O)OCC(C)(C)CCCCc1cccc3c1CN(C3)C(=O)O2)C(=O)NS(=O)(=O)C1CC1,0
CC(C)COc1cccc(-c2nc3cc(C(=N)N)c(F)cc3[nH]2)c1O,0
[Na+],0
C=CCC(CC)(CC)C(N)=O,0
CC(C)=CCCC(C)=CCCC(=CCCC(C)=CCO)CO,1
COc1cc(C=CC(=O)NCCc2ccc(O)cc2)ccc1O,1
C[C@H](N)C(=O)O,0
Cn1ccc(N)nc1=O,0
CC(=O)SCCC(=O)NCCCNc1c2c(nc3ccccc13)CCCC2,0
CCCCCCCS[C@@H]1O[C@H](CO)[C@@H](O)[C@H](O)[C@H]1O,0
CC(C)c1cc2c(cc1S(=O)(=O)O)[C@@]1(C)CCC[C@@](C)(C(=O)O)[C@@H]1CC2,0
CNC(=O)[C@H]1Cc2ccc(NS(=O)(=O)O)cc2CN1C(=O)OC(C)(C)C,0
C[N+]1(C)[C@@H]2CC(OC(=O)[C@H](CO)c3ccccc3)C[C@H]1[C@@H]1O[C@@H]12,0
CCCCCC[C@@H](CCC)C(=O)O,0
O=C1C=C2C=CC3CC2(O1)C1CCCCN31,1
CC1=C(C(=O)O)N2C(=O)[C@@H](NC(=O)[C@H](N)c3ccccc3)[C@H]2SC1,1
COc1ccc2nc3cc(Cl)ccc3c(Nc3cc(CN4CCCC4)c(O)c(CN4CCCC4)c3)c2n1,0
SCc1ccccc1I,0
C=C(O)c1c2[nH]c(c1C)/C=c1\[nH]/c(c(CCC(=O)O)c1C)=C\c1[nH]c(c(C)c1CCC(=O)O)/C=c1\[nH]/c(c(C)c1C(C)=O)=C\2,0
C[C@H](c1ccc(F)cc1)N(Cc1cccc(C(=O)O)c1)C(=O)c1cnc2ccccc2c1,0
CC(C)C[C@H](NC(=O)[C@H](C)NC(=O)[C@@H](NC(=O)[C@H](Cc1ccc(O)cc1)NC(=O)[C@H](Cc1c[nH]c2ccccc12)NC(=O)[C@H](CO)NC(=O)[C@H](CO)NC(=O)[C@H](Cc1ccc(O)cc1)NC(=O)[C@H](CCCCN)NC(=O)[C@H](CCCNC(=N)N)NC(=O)[C@H](CO)NC(=O)[C@H](CCCNC(=N)N)NC(=O)[C@@H](N)Cc1ccc(O)cc1)C(C)C)C(=O)N[C@@H](CCCCN)C(=O)N[C@@H](CCCNC(=N)N)C(=O)N[C@@H](CC(C)C)C(=O)N1CCC[C@H]1C(=O)N[C@@H](CCC(=O)O)C(=O)N[C@H](C(=O)NCC(=O)NCC(=O)NCC(=O)NCCOCCOCCOCCOCCOCCOc1ccc([N+](=O)[O-])cc1[N+](=O)[O-])[C@@H](C)O,0
Nc1nc(N)nc(OCCOc2ccccc2)n1,0
CC1N[C@@H](N)CCC1CNCCN1C(Cl)=CNC(=NCC(F)(F)c2ccccn2)C1O,0
O=C(Nc1cccc(Cl)c1)Nc1ncc(CCNc2ncnc3ccsc23)s1,0
COC(=O)C1=C(C)NC(C)=C(C(=O)O[C@@H]2CCCN(Cc3ccccc3)C2)[C@@H]1c1cccc([N+](=O)[O-])c1,0
Cc1ccc(=O)n(-c2ccc(O)cc2)c1,0
Nc1cc([As](Cl)Cl)ccc1O,0
CON(C)Cc1ccc(O)c2c1C[C@H]1C[C@H]3[C@H](N(C)C)C(O)=C(C(N)=O)C(=O)[C@@]3(O)C(O)=C1C2=O,0
CC(=O)N(O)CCCC1NC(=O)[C@@H](CCCN(O)C(C)=O)NC(=O)CNC(=O)[C@H](CO)NC(=O)CNC(=O)[C@H](CCCN(O)C(C)=O)NC1=O,0
CC1(C)CC1C(=O)NC(=CCCCCSCC(N)C(=O)O)C(=O)O,1
CCN(CC)CCCCCCNc1cc(OC)cc2c(C)ccnc12,0
O=P(O)(O)/C=C/[C@@H](O)[C@@H](O)[C@H](O)CCO,0
NC(CCC(=O)NC(CSc1c(C=CC(=O)O)ccc(O)c1O)C(=O)NCC(=O)O)C(=O)O,1
CC(C)[C@](O)(C(=O)OCC1=CC[N+]2([O-])CC[C@@H](O)[C@@H]12)[C@H](C)O,1
NNc1nnc(Cc2ccncc2)c2ccccc12,0
O=S(=O)(O)c1cc(O)c2c(/N=N/c3ccc(Nc4ccccc4)c4c(S(=O)(=O)O)cccc34)cc(S(=O)(=O)O)cc2c1,0
C#CC(C)(CC)OC(=O)c1ccccc1C(=O)O,0
Cc1nc2c(N)nc3cccnc3c2n1CC(C)C,0
O[C@@H]1[C@H](O)Cc2c(cc3ccc4cccc5ccc2c3c45)[C@H]1O,0
CC[C@H](C)[C@H](NC(=O)[C@H](OCc1ccccc1)[C@H](O)[C@@H](O)[C@@H](OCc1ccccc1)C(=O)N[C@H](C(=O)NC)[C@@H](C)CC)C(=O)NC,0
N[C@@H](CC(=O)N1CCCCCN1C(=O)c1ccccc1)Cc1cc(F)c(F)cc1F,0
CCCCCC(=O)CC(=O)N[C@H]1CCOC1=O,0
CC1CCC2(O)C(C)(C)C3CCC2(C)C1C3,1
CCCOC(=O)c1ccccc1C(=O)OCCC,1
CCn1c(=O)c(-c2ccn[nH]2)cc2c(C)nc(N)nc21,0
CN1C(=O)N(C)C2C1N(C)C(=O)N2C,0
CNC(=O)[C@@H](Cc1ccccc1F)CN1CCC2(CC1)OCCc1cc(F)sc12,0
[51Cr],0
CCCCCCP(=O)(O)O[C@@H]1C[C@H](C)CC[C@H]1C(C)C,0
COc1ccc(F)cc1C[C@@](O)(C1CCOCC1)[C@@H]1CNCCO1,0
C#C[C@]1(OC(C)=O)CC[C@H]2[C@@H]3CC=C4C=C(OC5CCCC5)CC[C@@H]4[C@H]3CC[C@@]21C,0
NC(=O)Cc1cccc(C(=O)c2ccccc2)c1N,0
Cc1nn(C)c2c1c(=O)c1cc(Cl)ccc1n2O,0
C#C[C@@]1(O)CC[C@H]2[C@@H]3CCC4=CC(=O)CC[C@@H]4[C@H]3CC[C@@]21C,1
N[C@H]1[C@@H](OC2[C@@H](O)[C@H](O)C(O)[C@@H](O)[C@H]2O)O[C@H](CO)[C@@H](O)[C@@H]1O,0
O=P(O)(O)C(F)(F)c1ccc(CC(Cc2ccc(C(F)(F)P(=O)(O)O)cc2)(c2ccc(F)c(F)c2)n2nnc3ccccc32)cc1,0
COc1ccc2cc1Oc1ccc(cc1)C[C@H]1c3cc(c(OC)cc3CCN1C)Oc1c(OC)c(OC)cc3c1[C@H](C2)N(C)CC3,0
Brc1c(Br)c(Br)c2n[nH]nc2c1Br,0
O=c1[nH]c(=O)n([C@@H]2O[C@H](CO)[C@@H](O)[C@H]2O)cc1F,0
COc1cc(-c2ccc3c(-c4nc5ccccc5[nH]4)n[nH]c3c2)ccc1O,0
C[C@H]1c2cccc(O)c2C(=O)C2=C(O)[C@]3(O)C(=O)C(C(N)=O)=C(O)[C@@H](N(C)C)[C@@H]3[C@@H](O)[C@@H]21,1
CCC1(CCC(C)C)C(=O)NC(=O)NC1=O,1
NC(=S)NS(=O)(=O)c1ccc(N)cc1,0
C[C@@H]1CC[C@H]([C@@H](O)C(F)(F)F)N1c1ccc2[nH]c(=O)cc(C(F)(F)F)c2c1,0
Cc1sc2c(c1C)C(c1ccc(Cl)cc1)=N[C@@H](CC(=O)Nc1ccc(O)cc1)c1nnc(C)n1-2,0
NC1[C@H]2CN(c3nc4c(cc3F)c(=O)c(C(=O)O)cn4-c3ccc(F)cc3F)C[C@@H]12,0
O=C(O)[C@H](O)[C@@H](O)[C@H](O[C@@H]1O[C@H](CO)[C@H](O)[C@H](O)[C@H]1O)[C@H](O)CO,0
CC=C(C)C(=O)OC1C(C)=C2C(C1OC(=O)CCCCCCC)C(C)(OC(C)=O)CC(OC(=O)CCC)C1(O)C2OC(=O)C1(C)O,1
CC[C@]12C=CCN3CC[C@@]4(c5cc([C@@]6(C(=O)OC)C[C@@H]7C[C@@H](C(C)(F)F)CN(Cc8c6[nH]c6ccccc86)C7)c(OC)cc5N(C)[C@H]4[C@@](O)(C(=O)OC)[C@@H]1OC(C)=O)[C@@H]32,0
O=C(O)COc1c(C(=O)O)sc(-c2ccc(O)cc2)c1Br,0
CCCCC(C)(C)C(O)C=CC1C(O)CC(=O)C1CC=CCCCC(=O)O,1
Cc1cc(CCCOc2c(C)cc(-c3coc(C)n3)cc2C)on1,0
CCCCCCCCCCCCCCCC(=O)OCCC1CCN(CCCN2c3ccccc3Sc3ccc(S(=O)(=O)N(C)C)cc32)CC1,0
CN(C)CCn1cc(C(=O)N2CCC3(CC2)OCc2ccccc23)c2ccc(Cl)cc21,0
C=C1/C(=C\C=C2/CCC[C@]3(C)[C@@H]([C@H](C)CC[C@@H](CC)C(C)C)CC[C@@H]23)C[C@@H](O)C[C@@H]1O,0
N=C(N)c1ccc2nc(-c3cc(F)ccc3O)[nH]c2c1,0
OCC1=C[C@H](O)[C@H](O)[C@@H](O)[C@@H]1O,0
CO[P@@](=O)(c1cc(C)cc(/C=C/C#N)c1)c1c(C(N)=O)[nH]c2ccc(Cl)cc12,0
C#Cc1ccc(Nc2c(C(=O)NOCCO)ccc(F)c2F)c(F)c1,0
COC(=O)C(c1ccccc1)C1CCCCN1,1
COc1cc2c3c(c1OC)-c1ccccc1CC3N(C)CC2,1
O=c1[nH]c(=O)n([C@H]2C[C@H](O)[C@@H](COP(=O)(O)O)O2)cc1F,0
CCCCCCP(=O)(O)OC[C@H](C)Cc1ccccc1,0
C[C@@H](CCc1ccc(O)cc1)NCCc1ccc(O)c(O)c1,0
N=C(N)c1ccc(NC(=O)Nc2ccc(Oc3ccccc3)cc2)cc1,0
CCOC(=O)C1=C[C@@H](OC(CC)CC)[C@H](NC(C)=O)[C@@H](N)C1,1
CC(C)(Oc1ccc(Cl)cc1)C(=O)OCCCOC(=O)C(C)(C)Oc1ccc(Cl)cc1,0
CCC(O)c1ccc(OCCNC(C)Cc2ccccc2)cc1,0
CC(C)[C@@H](N)C(=O)NO,0
CCC(C)(C)C(=O)O[C@H]1C[C@@H](C)C=C2C=C[C@H](C)[C@H](CC[C@@H](O)C[C@@H](O)CC(=O)O)[C@H]21,0
CC(C)CCn1c(=O)/c(=C2/Nc3ccc(NS(C)(=O)=O)cc3S(=O)(=O)N2)c(=O)c2cccn21,0
C[C@@H](O)[C@H](NC(=O)[C@H](CS(=O)(=O)O)NC(=O)CNC(=O)[C@H](CCCN=C(N)N)NC(=O)CN)C(=O)N1CCC[C@H]1C(=O)O,0
Cn1c(=O)oc2cc(-n3cc(C(=O)O)c(=O)n([C@@H]4CCc5c4cccc5C(F)(F)F)c3=O)ccc21,0
CC1(C)C(C=C(Cl)Cl)C1C(=O)OCc1cccc(Oc2ccccc2)c1,1
O=C(O)C(F)(F)C(F)(F)C(F)(F)C(F)(F)C(F)(F)C(F)(F)C(F)(F)C(F)(F)C(F)(F)F,1
CN(C)CCC(c1ccc(Br)cc1)c1ccccn1,0
O=P(NCCCl)(NCCCl)O[C@@H]1O[C@H](CO)[C@@H](O)[C@H](O)[C@H]1O,0
CC1CCC2(C(=O)OC3OC(COC4OC(CO)C(OC5OC(C)C(O)C(O)C5O)C(O)C4O)C(O)C(O)C3O)CCC3(C)C(=CCC4C5(C)CC(O)C(O)C(C)(CO)C5CCC43C)C2C1C,1
O=C(O)Cn1c2ccccc2c(=O)c2ccccc21,0
Cc1ccc(OCC(O)C(C)NC(C)C)c2c1CCC2,1
C[N+]1(CCC(C(N)=O)(c2ccccc2)c2ccccc2)CCCCC1,0
CNCCC(Oc1ccc(C(F)(F)F)cc1)c1ccccc1,1
C[C@]12C=CC(=O)C=C1[C@@H](F)C[C@@H]1[C@@H]2[C@@H](O)C[C@@]2(C)[C@H]1CC[C@]2(O)C(=O)CO,0
Cn1cc(C(=O)Cc2ccccc2)cc1/C=C/C(=O)NO,0
CCOc1cc2ncc(C#N)c(Nc3ccc(F)c(Cl)c3)c2cc1NC(=O)/C=C/CN(C)C,0
CO[C@@H](C(=O)N1Cc2[nH]nc(NC(=O)c3ccc(N4CCN(C)CC4)cc3)c2C1)c1ccccc1,0
CN(C)CCC=C1c2ccccc2C(C)(C)c2ccccc21,0
CSCC[C@H](NC(=O)[C@H](CO)NC(=O)[C@H](Cc1ccc(O)cc1)NC(=O)[C@@H](N)CO)C(=O)N[C@@H](CCC(=O)O)C(=O)N[C@@H](Cc1c[nH]cn1)C(=O)N[C@@H](Cc1ccccc1)C(=O)N[C@@H](CCCNC(=N)N)C(=O)N[C@@H](Cc1c[nH]c2ccccc12)C(=O)NCC(=O)N[C@@H](CCCCN)C(=O)N1CCC[C@H]1C(=O)N[C@H](C(=O)NCC(=O)N[C@@H](CCCCN)C(=O)N[C@@H](CCCCN)C(=O)N[C@@H](CCCNC(=N)N)C(=O)N[C@@H](CCCNC(=N)N)C(=O)N1CCC[C@H]1C(=O)N[C@H](C(=O)N[C@@H](CCCCN)C(=O)N[C@H](C(=O)N[C@@H](Cc1ccc(O)cc1)C(=O)N1CCC[C@H]1C(=O)N[C@@H](CC(=O)O)C(=O)N[C@@H](C)C(=O)NCC(=O)N[C@@H](CCC(=O)O)C(=O)N[C@@H](CC(=O)O)C(=O)N[C@@H](CCC(N)=O)C(=O)N[C@@H](CO)C(=O)N[C@@H](C)C(=O)N[C@@H](CCC(=O)O)C(=O)N[C@@H](C)C(=O)N[C@@H](Cc1ccccc1)C(=O)N1CCC[C@H]1C(=O)N[C@@H](CC(C)C)C(=O)N[C@@H](CCC(=O)O)C(=O)N[C@@H](Cc1ccccc1)C(=O)O)C(C)C)C(C)C)C(C)C,0
CN=C(NC#N)NCCSCc1nc[nH]c1C,1
COc1ccc(C(=O)N2CCCc3cc(C4=NNC(=O)S[C@@H]4C)ccc32)cc1OC,0
CO[C@@H]1[C@@H](N)[C@@H](O[C@H]2[C@H](Oc3cccc4c(O)c5c(=O)oc6ccc(C)c7c(=O)oc(c34)c5c67)O[C@H](C)[C@H](O)[C@]2(C)O)O[C@H](C)[C@@H]1O,1
Oc1ccc(Nc2nc(OCC3CCCCC3)c3[nH]cnc3n2)cc1,0
C[C@H](C=O)Cc1csc(N)n1,0
CN1CCN(C(=O)C2C(C(=O)O)[C@H]3CC[C@@H]2O3)CC1,0
CCCCCCCCCCCCCCCCCC(=O)OCC(O)CO,0
CN(C)C(=O)C(CC[N+]1([O-])CCC(O)(c2ccc(Cl)cc2)CC1)(c1ccccc1)c1ccccc1,0
O=C(O)c1ns[nH]c1=O,0
Oc1cccc2ccccc12,1
CCCCCCCCCCCCCCCC(=O)OC[C@H](COP(=O)(O)OCCN)OC(=O)CCCCCCCCCCCCCCC,0
ClC(Cl)C(Cl)Cl,1
O=C(NNC(=O)[C@@H]1CC[C@@H]2CN1C(=O)N2OS(=O)(=O)O)[C@@H]1CCCNC1,0
Cc1nc([C@H](C)N)n(CC(=O)O)c1O,0
COP(=O)(NC(C)=O)SC,1
O=S1(=O)Cc2ccc(N=Cc3c(O)[nH]c4ccc(-c5cnco5)cc34)cc2C1,0
Nc1nc2c(c(=O)[nH]1)C[C@@H](CCc1ccc(C(=O)N[C@@H](CCC(=O)O)C(=O)O)cc1)CN2,0
N[C@@H](Cc1ccccn1)c1ccccc1,0
CC(C)CN(C[C@H]1CNC[C@@H]1COCc1ccccc1)S(=O)(=O)c1ccccc1,0
CCNC1(C(N)=O)CCN(c2ncnc3c2nc(-c2ccccc2Cl)n3-c2ccc(Cl)cc2)CC1,0
O=C(O)c1cccc(-c2noc(-c3ccccc3F)n2)c1,0
CCCc1cc(CC(=O)O)c2[nH]c(CC(N)=O)cc2c1,0
CN(C)C(C)(C)COC(=O)C(O)(c1ccccc1)c1ccccc1,0
CC(C)Oc1ccc(CC[C@@]2(C3CCCC3)CC(O)=CC(=O)O2)cc1F,0
COc1ccc2c(c1)N(C[C@H](C)CN(C)C)c1ccccc1S2,0
COc1ccc(C2CC(c3cc4ccccc4oc3=O)=NN2C(C)=O)cc1,0
Nc1nc2c(c(=O)[nH]1)NC(CNc1ccc(C(=O)N[C@@H](CCC(=O)O)C(=O)O)cc1)CN2,0
O=C(O)[C@@H](CS)Cc1ccccc1,0
O=C(CNS(=O)(=O)c1ccccc1C(=O)NCCN1CCCC1)Nc1ccc(O)cc1,0
C[C@H]1O[C@H](O[C@H]2[C@H](O)[C@@H](O)[C@@H](O[C@H]3[C@H](O)[C@@H](O)[C@@H](O)O[C@@H]3CO)O[C@@H]2CO)[C@H](O)[C@@H](O)[C@@H]1N[C@H]1C[C@H](CO)[C@@H](O)[C@H](O)[C@H]1O,0
CCN[C@H]1C[C@H](C)S(=O)(=O)c2sc(S(N)(=O)=O)cc21,0
C=CCN1C(=O)C(CC(C)C)NC1=S,0
C[C@@H](Cc1ccccc1)NCc1ccccc1Cl,0
COc1ccc(N(C)c2nc(C)nc3ccccc23)cc1,0
Nc1ncc2nc(Br)n(C3OC(COP(O)(O)=S)C(O)=C3O)c2n1,1
COC1C=CC=C(C)C(=O)NC2=CC(=O)C=C(C2=O)C(OC)C(C)CC(OC)C(OC)C(C)C=C(C)C1OC(N)=O,1
CC(=O)Oc1ccc(C(c2ccc(OC(C)=O)cc2)c2ccccn2)cc1,0
CN(C)/C=N/c1c(I)cc(I)c(CCC(=O)O)c1I,0
CCOc1ccc(Cc2cc(C34OCC(CO)(O3)C(O)C(O)C4O)ccc2Cl)cc1,0
CN(CC(O)CO)C(=O)c1c(I)c(NC(=O)C(CO)CO)c(I)c(C(=O)N(C)CC(O)CO)c1I,0
C#C[C@]1(OC(=O)CCCCCC)CC[C@H]2[C@@H]3CCC4=CC(=O)CC[C@@H]4[C@H]3CC[C@@]21C,0
O=c1[nH]cnc2c1N=NC2,0
C[C@]12CC[C@@H](O)C[C@H]1CC[C@@H]1[C@@H]2CC[C@]2(C)C(=O)CC[C@@H]12,0
OC[C@@H](O)[C@H]1O[C@@H]2O[C@H](C(Cl)(Cl)Cl)O[C@@H]2[C@H]1O,0
COC(=O)C12OCC34C(CC5C(C)=C(O)C(=O)CC5(C)C3C(O)C1O)OC(=O)C(OC(=O)C=C(C)C)C24,1
C=CCOC(=O)C1=CS[C@@H]([C@H](C=O)[C@@H](C)OC(C)=O)N1,0
CS(=O)(=O)CC[C@H](N)C(=O)O,0
CCC(=O)O[C@]1(C(=O)CCl)[C@@H](C)C[C@H]2[C@@H]3CCC4=CC(=O)C=C[C@]4(C)[C@@]3(F)[C@@H](O)C[C@@]21C,0
N[C@@H](CS[Se])C(=O)O,0
Clc1cc(Cl)c(OCC#CI)cc1Cl,0
CCC=CCC(O)C=CC1C(O)CC2OC(=CCCCC(=O)O)CC21,1
COc1ccccc1OCCNCC(O)c1ccc(C)c(S(N)(=O)=O)c1,0
COc1ccc([C@@H]2CC(=O)c3c(O)cc(O[C@@H]4O[C@H](CO[C@@H]5O[C@@H](C)[C@H](O)[C@@H](O)[C@H]5O)[C@@H](O)[C@H](O)[C@H]4O)cc3O2)cc1O,0
COC(C)C1=C(C)c2cc3[nH]c(cc4nc(cc5[nH]c(cc1n2)c(C)c5CCC(=O)O)C(CCC(=O)O)=C4C)c(C)c3C(C)O,0
O=c1ccn([C@@H]2O[C@H](COP(=O)(O)OP(=O)(O)O)[C@@H](O)[C@H]2O)c(=O)[nH]1,0
O=C(Nc1nccs1)C(=O)NC1CCCC1,0
O=C(O)CCCCCCCn1ccnc1,1
CC(C)(CO)n1cc(C(=O)c2cncc(NC(=O)Cc3ccc(Cl)cn3)c2)c2cnc(N)nc21,0
CC(Cc1ccc2c(c1)OC(C(=O)O)(C(=O)O)O2)NCC(O)c1cccc(Cl)c1,1
CCCCCC/C=C\CCCCCCCCCC(=O)O,0
CCCCOc1cc(CC2CNC(=O)N2)ccc1OC,1
CC(/C=C/C=C(C)/C=C/[C@@]12O[C@]1(C)C[C@@H](O)CC2(C)C)=C\C=C\C=C(C)\C=C\C=C(C)\C=C\[C@@]12O[C@]1(C)C[C@@H](O)CC2(C)C,0
O=C(O)C(F)(F)C(F)(F)C(F)(F)C(F)(F)C(F)(F)C(F)(F)F,1
CS(=O)(=O)Nc1ccc(C(=O)O)cc1,0
Oc1cc(Cl)c(Cl)cc1Cl,1
O=C(CCCS)NC1CCN(Cc2ccccc2)CC1,0
CC1=CC2OC3C(O)CC(C)(C34CO4)C2(CO)C(O)C1=O,1
c1ccc(-c2oc3ncnc(NCCN4CCNCC4)c3c2-c2ccccc2)cc1,0
NC(=O)C1=CN([C@@H]2O[C@H](COP(=O)(O)OP(=O)(O)OC[C@H]3O[C@@H](n4cnc5c(N)ncnc54)[C@H](OP(=O)(O)O)[C@@H]3O)[C@@H](O)[C@H]2O)[C@@H](O)[C@@H](O)C1,0
CCOC(=O)[C@H](CCc1ccccc1)N[C@@H](C)C(=O)N1C(=O)N(C)C[C@H]1C(=O)O,0
CCCCCCC/C=C\C(=O)SCCNC(C)=O,0
Cn1c(COc2ccc(CC3SC(=O)NC3=O)cc2)nc2ccccc2c1=O,0
Nc1cncn1[C@@H]1O[C@H](CO)[C@@H](O)[C@H]1O,0
CN1c2ccc([C@H]3CN(Cc4ccccc4)C(=O)CO3)cc2CS1(=O)=O,0
O=C(Nc1nc2ccc(Cl)cc2s1)NN1C(=O)C(Cl)C1c1ccc(Cl)cc1Cl,1
O=C1NC(=O)/C(=C/c2ccc3nccc(-c4ccncc4)c3c2)S1,0
Cc1coc2ccccc2c1=O,0
COc1cc2ncnc(N3CC[C@@H](Oc4cnc5ccccc5n4)C3)c2cc1OC,0
CC1(C)[C@H]2CC(=O)[C@]1(C)C[C@H]2O,0
O=P(O)(O)OC1[C@H](OP(=O)(O)O)[C@@H](OP(=O)(O)O)C(O)[C@H](OP(=O)(O)O)[C@H]1OP(=O)(O)O,0
O=C(O)N1CCC(Cc2cccc(Oc3ccc(C(F)(F)F)cn3)c2)CC1,0
CCn1cc(C(=O)O)c(=O)c2cc(F)c(N3CCNCC3)nc21,0
CS(=O)(=O)OCCOS(C)(=O)=O,1
CC1=CCN(CCNC(=N)N)CC1,0
CC(=O)OCC1=C(C(=O)O)N2C(=O)[C@@H](NC(=O)CCC[C@@H](N)C(=O)O)[C@H]2SC1,0
COc1ccc(OC(=O)N(CC(=O)O)Cc2ccc(OCCc3nc(-c4ccccc4)oc3C)cc2)cc1,0
C[C@]12C=CC(=O)C=C1CC[C@H]1[C@@H]3C[C@@H](O)[C@](O)(C(=O)CO)[C@@]3(C)C[C@H](O)[C@@]12F,0
O=C(Nc1ccccc1C(=O)O)c1cccc(S(=O)(=O)N2CCc3ccccc3C2)c1,0
C[N+]1(C)[C@H]2CC(OC(=O)[C@H](CO)c3ccccc3)C[C@H]1C1OC12,0
O=C1C2CC=CCC2C(=O)N1SC(Cl)(Cl)Cl,1
ClC=C[As](Cl)Cl,1
O=[32P](O)(O)O,0
C#CC1(OC(C)=O)CCC2C3CCC4=CC(=NO)CCC4C3CCC21CC,1
CCCc1cc(O)c2c(c1)OC(C)(C)C1CCC(C)=CC21,1
CC(C)NC(C)Cc1ccc2c(c1)OCO2,0
COc1cc(C(=O)C(=O)N2CCCC[C@H]2C(=O)OC(CCCc2cccnc2)CCCc2cccnc2)cc(OC)c1OC,0
CC(=O)O[C@@H]1[C@H](O)[C@@H](COP(=O)(O)OP(=O)(O)OC[C@H]2O[C@@H](n3cnc4c(N)ncnc43)[C@H](O)[C@@H]2O)O[C@@H]1O,0
CCC(C)C1NC(=O)C(CCCNC(=N)N)NC(=O)C(CC(=O)O)NC(=O)C(CC(C)C)NC(=O)C(CCCCN)NC(=O)C(CC(C)C)NC(=O)CNC(=O)C(Cc2ccccc2)NC(=O)C(NC(=O)CNC(=O)C(CCCCN)NC(=O)C(CO)NC(=O)C(CC(C)C)NC(=O)CNC(=O)C(CCCCN)NC(=O)C(CCCCN)NC(=O)C(CC(N)=O)NC(=O)C(C)NC(=O)CNC(=O)C(CCCCN)NC(=O)C(Cc2ccc(O)cc2)NC(=O)C(CCCCN)NC(=O)C(CCCNC(=N)N)NC(=O)C(C)NC(=O)C(CC(N)=O)NC(=O)C2CCCN2C(=O)C(Cc2cnc[nH]2)NC(=O)C(CCC(=O)O)NC(=O)C(CCC(N)=O)NC(=O)CNC(=O)C2CCCN2)CSSCC(C(=O)O)NC(=O)CNC(=O)C(CC(C)C)NC(=O)CNC(=O)C(CO)NC(=O)C(CCSC)NC(=O)C(CO)NC(=O)CNC1=O,0
CCCCCCCCCCCCCCCC(=O)SCCNC(C)=O,0
COc1cc(F)ccc1-c1c(C)sc2cnc(Nc3cnn(C4CCNCC4)c3)nc12,0
O=C(O)CCCc1nc(-c2cccc([N+](=O)[O-])c2)no1,0
CN1CCN([C@@H]2C[C@@H](c3ccccc3)c3ccc(Cl)cc32)CC1(C)C,0
CC(C)(C)OC(=O)N[C@@H](CC(=O)OCc1ccccc1)C(=O)N[C@@H](CCCCNC(=O)OCc1ccccc1)C(=O)OC(C)(C)C,0
CCOC(=O)C1(c2ccccc2)N=C(c2ccccc2)N(Cc2ccccc2)C1c1ccccc1,0
N[C@]1(C(=O)O)C[C@@H](F)C1,0
CCOC(=O)O[C@@H](C)n1nnnc1-c1c(-c2ccc(C(=O)N(c3ncccc3Cl)[C@@H]3CCCNC3)cc2F)cnn1C,0
CCCCC(CC)COC(=O)c1ccc(Nc2nc(Nc3ccc(C(=O)OCC(CC)CCCC)cc3)nc(Nc3ccc(C(=O)OCC(CC)CCCC)cc3)n2)cc1,0
OC[C@H](O)CNc1ncnc2[nH]c(-c3ccccc3)c(-c3ccccc3)c12,0
COc1ccc(C2Sc3ccccc3N(CCN(C)C)C(=O)C2OC(C)=O)cc1,1
O=C(Cl)C(Cl)Cl,1
NC(Cn1ccc(=O)c(O)c1)C(=O)O,1
OC1(c2ccc(Cl)cc2)c2ccccc2C2=NCCN21,0
CCOC(=O)/C(=C/c1ncc([N+](=O)[O-])n1C)C(C)=O,0
COc1[nH]c(C(Cl)(Cl)Cl)c(Cl)c(=O)c1Cl,0
CCCCCS(=O)(=O)NC(=O)c1ccc2nc(C)n(Cc3ccc(Cl)cc3Cl)c2c1,0
CC(C)(Oc1ccc(CCNC(=O)c2ccc(Cl)cc2)cc1)C(=O)O,1
O=C1OC(OC(=O)c2cccnc2Nc2cccc(C(F)(F)F)c2)c2ccccc21,0
O=C1N[C@@]2(O[C@H](CO)[C@@H](O)[C@H](O)[C@H]2O)C(=O)N1O,0
C=N[C@@H](C(=O)N[C@@H]1C(=O)N2[C@@H]1SC(C)(C)[C@@H]2C(=O)O)c1ccccc1,0
[82Rb+],0
N[C@@H](Cc1ccccc1)C(O)O,0
C[N+](C)(C)CCOC(=O)NCCCCCCNC(=O)OCC[N+](C)(C)C,0
O=C(Nc1ccc(O)cc1)c1ccccc1O,0
Cc1cc(S(=O)(=O)N[C@@H](C(=O)NO)C2CCOCC2)ccc1F,0
COc1cc([C@@H]2c3cc4c(cc3[C@H](O)[C@H]3COC(=O)[C@@H]23)OCO4)cc(OC)c1OC,0
CCCSP(=O)(OCC)Oc1ccc(Br)cc1Cl,1
NCc1ccc(-c2cccnc2)o1,0
COP(=S)(NC(C)C)Oc1ccc(Cl)cc1Cl,0
N[C@@H](Cc1ccc(OP(=O)(O)O)c(O)c1)C(=O)O,0
OS(O)(O)c1ccc(-c2c3nc(c(-c4ccc(S(O)(O)O)cc4)c4ccc([nH]4)c(-c4ccc(S(O)(O)O)cc4)c4nc(c(-c5ccc(S(O)(O)O)cc5)c5ccc2[nH]5)C=C4)C=C3)cc1,0
C=CCN1C(=O)OC(C)C1=O,0
N=C(N)n1cncn1,0
Cc1ccc(S(=O)(=O)NC(=O)NC2CCCCC2)cc1,0
CC[C@H](Nc1cc(C)nc2c(-c3ccc(OC)cc3C)c(C)nn12)c1nc(C)no1,0
CC(C)(COP(=O)(O)OP(=O)(O)OC[C@H]1O[C@@H](n2cnc3c(N)ncnc32)[C@H](O)[C@@H]1OP(=O)(O)O)[C@@H](O)C(=O)NCCC(=O)NCCSO,0
C[C@H](N)C(=O)c1nnc(C(C)(C)C)o1,0
C[C@]12C=CC(=O)C=C1C(Cl)=C[C@@H]1[C@@H]2[C@@H](O)C[C@@]2(C)[C@H]1CC[C@]2(O)C(=O)CO,0
COc1cc2c3c(c4cc(OC)c(OC)cc4c2cc1OC)CN1CCCC1C3,1
CC(C)[C@@]1(C)N=C(c2nc3ccccc3cc2C(=O)O)NC1=O,0
NP(=O)(O)N(CCCl)CCCl,1
C[C@@H]1Cc2c([nH]c3ccccc23)[C@@H](c2c(F)cc(/C=C/C(=O)O)cc2F)N1CC(C)(C)F,0
CC(=O)N=c1sc(S(N)(=O)=O)nn1C,1
O=C(N[C@H](CO)c1ccc(F)c(Cl)c1)c1cc(-c2[nH]ncc2-c2cccc(Cl)c2)c[nH]1,0
CS(=O)(=O)c1cccc(C[C@H](NC(=O)c2c(Cl)cc3c(c2Cl)CCN(C(=O)c2ccc4ccoc4c2)C3)C(=O)O)c1,0
C[P+](=O)[O-],0
N#Cc1ccc(C2CCCc3cncn32)cc1,0
CCCCNC(=O)n1c(NC(=O)OC)nc2ccccc21,1
COc1ccc2c(OC3CC4C(=O)NC5(C(=O)NS(=O)(=O)C6CC6)CC5C=CCCCCN(C)C(=O)C4C3)cc(-c3nc(C(C)C)cs3)nc2c1C,1
C=CCc1cc(OC)c(O)c(C(=O)NCCO)c1,0
NC(N)=S,1
CCCCCCCCCCCCSCC(COP(=O)(O)OC[C@H]1O[C@@H](n2cc(C)c(=O)[nH]c2=O)C[C@@H]1N=[N+]=[N-])OCCCCCCCCCC,0
O=C(O)CCO/N=C/c1ccccc1C(F)(F)F,0
CCCc1c(OCCCOc2ccc(OCC(=O)O)cc2)ccc(C(C)=O)c1O,0
CC(C)NC(=O)N1CC(=O)N(c2cc(Cl)cc(Cl)c2)C1=O,1
CC[C@H](CO)Nc1nc(NCc2ccccc2O)c2ncn(C(C)C)c2n1,0
Clc1ccc([C@H]2C[C@@H]3CC[C@H]2N3)cn1,0
COc1cc2c3cc1Oc1cc(ccc1O)CC1c4c(cc(OC)c(O)c4Oc4ccc(cc4)CC3N(C)CC2)CC[N+]1(C)C,1
N[C@@H](CS[As](O)O)C(=O)O,0
COC1C=COC2(C)Oc3c(C)c(O)c4c(O)c(c5c(c4c3C2=O)=NC2(CCN(CC(C)C)CC2)N=5)NC(=O)C(C)=CC=CC(C)C(O)C(C)C(O)C(C)C(OC(C)=O)C1C,1
CNc1cc(OC)c(C(=O)N[C@@H]2CCN(Cc3ccccc3)[C@@H]2C)cc1Cl,0
CC(C1=C(CCN(C)C)Cc2ccccc21)c1ccccn1,0
CO[C@H]1[C@H](O)[C@@H](O)[C@@H](O)O[C@@H]1C(=O)O,0
NC(=O)c1ccc(Oc2ccc(CNCCC3CCOCC3)cc2F)nc1,0
COC(N)=O,1
N#CC(CCN1CCC(C(=O)O)(c2ccccc2)CC1)(c1ccccc1)c1ccccc1,0
COc1ccc(-c2nn(C3CCC3)c3ncnc(N)c23)cc1OC,0
c1ccc(-c2[nH]ncc2-c2ccnc3ccccc23)nc1,0
NC(=O)c1cnc2n1CCc1ccccc1C21CCNCC1,0
COc1ccc(S(=O)(=O)Nc2ccc(F)c(C(=O)O)c2)c2ccccc12,0
N#CC(Cl)(Cl)Cl,1
CCCCCCCCNC(=N)NC(=N)NCc1ccc(Cl)c(Cl)c1,0
CC(=O)N(C)CCN(C)c1ccc([N+](=O)[O-])c2nonc12,0
Cc1cc2nc3[nH]c(=O)[nH]c(=O)c3nc2cc1C,0
C[C@]12Cc3nonc3C[C@@H]1CC[C@@H]1[C@@H]2CC[C@@]2(C)[C@H]1CC[C@]2(C)O,0
OC[C@H]1OC(O)[C@H]([18F])[C@@H](O)[C@@H]1O,0
O=P(O)(O)C(F)(F)c1ccc(CCCCc2ccc(C(F)(F)P(=O)(O)O)cc2)cc1,0
N[C@H](Cc1ccc(I)cc1)C(=O)NO,0
CN[C@@H](C)Cc1ccccc1,0
CC(N)C(O)c1ccc(O)c(O)c1,0
CC(C)=CCCC(C)=CCCC(C)=CCCC=C(C)CCC=C(C)CCC=C(C)C,1
O=C(O)c1ccccc1Nc1cc(Cl)c(OOO)c(Cl)c1,0
CCCCCCCCCC(=O)NC(Cc1c[nH]c2ccccc12)C(=O)NC(CC(N)=O)C(=O)NC(CC(=O)O)C(=O)NC1C(=O)NCC(=O)NC(CCCN)C(=O)NC(CC(=O)O)C(=O)NC(C)C(=O)NC(CC(=O)O)C(=O)NCC(=O)NC(CO)C(=O)NC(C(C)CC(=O)O)C(=O)NC(CC(=O)c2ccccc2N)C(=O)OC1C,1
N=c1c2ncn([C@@H]3O[C@H](COP(=O)(O)OP(=O)(O)OP(=O)(O)O)[C@@H](O)[C@H]3O)c2ncn1C1O[C@H](COP(=O)(O)O)[C@@H](O)[C@H]1O,0
O=c1c2ccc3cccc4c(=O)cc(c5ccccc15)-c2c34,1
CCc1oc2cc(S(=O)(=O)Nc3ccc(S(N)(=O)=O)cc3)ccc2c1C(=O)c1cc(Br)c(O)c(Br)c1,0
CCN(CC)CC(=O)Oc1ccc(NC(C)=O)cc1,1
C[C@](O)(COc1c(F)c(F)c(F)c(F)c1F)C(=O)Nc1ccc([N+](=O)[O-])c(C(F)(F)F)c1,0
Cn1cc(C[C@@H](N)C(=O)O)c2ccccc21,0
CC1CCc2cc(F)cc3c(=O)c(C(=O)O)cn1c23,1
CCCCCCCCCCCCCCCC[N+](C)(C)CCN(Cc1ccc(OC)cc1)c1ncccn1,0
N=C(N)c1ccc2cc(C(=O)Nc3cccc(OC4CCCC4)c3)ccc2c1,0
CC(C)N=c1cc2n(-c3ccc(Cl)cc3)c3ccccc3nc-2cc1Nc1ccc(Cl)cc1,0
CN(C)c1nc2c(Br)c(Br)c(Br)c(Br)c2[nH]1,0
CN(C)[C@@H]1C(=O)C(C(N)=O)=C(O)[C@@]2(O)C(=O)C3=C(O)c4c(O)cccc4[C@@](C)(O)[C@H]3C[C@@H]12,0
C[C@H](N)C(=O)c1ccccc1,0
CCOCn1c(Cc2cc(C)cc(C)c2)c(C(C)C)c(=O)[nH]c1=O,0
CC1CCCC2(C)CCC3C(C)CCC(CC12)C3(C)C,1
Nc1ncnc2c1ncn2[C@@H]1O[C@H](COS(N)(=O)=O)[C@@H](O)[C@H]1O,0
O=C(c1ccc(O)cc1)N1CCc2c(n(Cc3ccc(O)cc3)c3ccccc23)C1,0
NC(=O)C[C@@H]1NC(=O)C2(CCCCC2)NC(=O)C[C@@H](c2ccc(CP(=O)(O)O)cc2)/C=C/C[C@@H](Cc2cccc3ccccc23)CNC1=O,0
O=P(O)(O)OC[C@@H](O)[C@@H](O)[C@@H](O)[C@@H](O)COP(=O)(O)O,0
O=c1ccn([C@@H]2O[C@H](COP(=O)(O)OP(=O)(O)O[C@H]3O[C@H](CO)[C@@H](O)[C@H](O)[C@@H]3O)[C@@H](O)[C@H]2O)c(=O)[nH]1,0
NCCCCCC(O)(P(=O)(O)O)P(=O)(O)O,0
N=C(CCC(=O)O)C1=N/C(=C/c2ccc(O)cc2)C(=O)N1CC(=O)O,0
CC1=CC(C)CC(C)OC(=O)CC(c2ccc(O)cc2)NC(=O)C(Cc2c(Br)[nH]c3ccccc23)N(C)C(=O)C(C)NC(=O)C(C)C1,1
Nc1nc2c(ncn2[C@H]2C[C@H](O)[C@@H](COP(=O)(O)OP(=O)(O)O)O2)c(=O)[nH]1,0
COc1cc(Cl)ccc1[C@H]1c2[nH]c3cccc(F)c3c2C2(CC2)CN1C(C)=O,0
CCN1CCN(C(=O)N[C@@H](C(=O)N[C@@H]2C(=O)N3C(C(=O)O)=C(CSc4nnnn4C)CS[C@H]23)c2ccc(O)cc2)C(=O)C1=O,1
N#Cc1c[nH]cc1-c1cccc2c1OC(F)(F)O2,1
O=C1CC(c2ccccc2)Oc2ccccc21,1
NCCc1cc(O)c(O)cc1O,1
[Ac],0
CCC(C)C(CC)C(N)=O,0
O=C1c2ccccc2OC=C(Cl)N1CCCCN1CC=C(c2ccccn2)CC1,0
C[C@H](CCC(=O)NCCS(=O)(=O)O)[C@H]1CC[C@H]2[C@@H]3[C@H](O)C[C@@H]4C[C@H](O)CC[C@]4(C)[C@H]3C[C@H](O)[C@]12C,0
Cl[Sn](c1ccccc1)(c1ccccc1)c1ccccc1,1
OC[C@@H](O)[C@@H](O)CO,0
O=C(c1ccc2nonc2c1)N1CCOCC1,0
S=[As]S,1
CCc1c(C)[nH]n(-c2nn[nH]n2)c1=O,0
O[C@@H](COc1cccc2ncccc12)CN1CCN(C2c3ccccc3[C@@H]3[C@H](c4ccccc42)C3(F)F)CC1,0
NC(=O)c1cccc2c(N[C@H](CN3CCC3)c3ccc(Cl)c(C(F)(F)F)c3)ncnc12,0
COc1ccc(-c2nc(N3CCOCC3)c3sc(CN(C)c4ncc(C(=O)NO)cn4)cc3n2)cn1,0
NCCN(CCN)[N+]([O-])=NO,1
CC(OC(=O)c1ccc(Cc2c(O)c3ccccc3oc2=O)cc1)(C(F)(F)F)C(F)(F)F,0
NCC1=N/C(=C\c2ccc(O)cc2)C(=O)N1CC(=O)O,0
CCN(CC)C(=O)Nc1ccc(OCC(O)CNC(C)(C)C)c(C(C)=O)c1,0
Cc1cc2c(cc1S(=O)(=O)N1CCN(C)CC1)S(=O)(=O)N[C@@H](C1CCCC1)C2,0
OC[C@H]1O[C@H]2C=C[C@H]3O[C@H]4[C@H](O)[C@H]5OCC=CC[C@@H]5O[C@@H]4C[C@@H]3O[C@@H]2C/C=C\[C@@H]1O,0
CCCCCCO[C@@H](C)c1cccc(-c2csc(NC(=O)c3cc(Cl)c(/C=C(\C)C(=O)O)c(Cl)c3)n2)c1OC,0
CC(=O)C=Cc1ccccc1,1
CC=Cc1ccc(OC)c(OC)c1,1
CC[C@H]1OC(=O)[C@H](C)[C@@H](O[C@H]2C[C@@](C)(OC)[C@@H](O)[C@H](C)O2)[C@H](C)[C@@H](O[C@@H]2O[C@H](C)C[C@H](N(C)C)[C@H]2O)[C@](C)(O)C[C@](C)(F)C(=O)[C@H](C)[C@@H](O)[C@]1(C)O,1
CCCCCCCCCCCCCC(=O)O[C@@H]1[C@@H](CC(=O)NO)CO[C@H](CO)[C@H]1O,0
COc1cc(O)cc(CCc2ccc(OC)c(O)c2)c1,1
CNCCc1ccc2c(c1)OCO2,0
CC1=CC(=O)C(C(C)C)=CC1=O,1
NC(N)=N[C@@H](C(=O)NCC(=O)N1CCC(c2cc(-c3cccc(Cl)c3Cl)n[nH]2)CC1)C1CCCCC1,0
O=C(Oc1ccccc1)c1ccccc1,1
C[C@H]1O[C@@H](O)CC[C@@H]1O,0
C#Cc1c[nH]c(=O)[nH]c1=O,0
O=C(O)c1ccc([Hg]Cl)cc1,1
CC(O)(CS(=O)(=O)c1ccc(F)cc1)C(=O)Nc1ccc(C#N)c(C(F)(F)F)c1,1
C[C@H]1CC[C@@H]2N(C1)C[C@@H]1[C@H]([C@@H](O)[C@H](O)[C@]3(O)[C@H]1C[C@@]14O[C@@]5(O)[C@@H]([C@@H](O)[C@@H](O)[C@@H]31)[C@]4(C)CC[C@@H]5O)[C@]2(C)O,0
N[C@@H](CCC(=O)N[C@@H](CSCc1ccccc1)C(=O)NCC(=O)O)C(=O)O,0
Cc1ccc2c(c1)C(N1CCN(C)CC1)=Nc1ccccc1S2,1
CC(=O)N[C@H]1[C@H]([C@H](O)[C@H](O)CO)OC(C(=O)O)=C[C@@H]1N,0
O=[N+]([O-])c1cccc2ccccc12,1
CCc1cn([C@H]2C[C@H](O)[C@@H](CO)O2)c(=O)[nH]c1=O,0
CN(C)C/C=C/C(=O)Nc1cc2c(Nc3ccc(F)c(Cl)c3)ncnc2cc1O[C@H]1CCOC1,0
COc1ccc2[nH]cc(CCNC(=O)c3cc(=O)cco3)c2c1,0
CCSC(=O)N1CCCCCC1,1
CCc1ccc(NC(=O)P(=O)(O)O)cc1,0
CC(C)=O,1
CCOC(=O)[C@H](CCc1ccccc1)N[C@H]1CS[C@H](c2cccs2)CN(CC(=O)O)C1=O,0
NCCN1CCOCC1,0
Cc1cn([C@H]2C[C@H](O)[C@@H](COP(=O)(O)O)O2)c(=O)[nH]c1=O,0
C[N+](C)(C)[O-],1
C[C@H](NCc1ccc(OCc2cccc(F)c2)cc1)C(N)=O,0
COc1cc(C[C@@H](CO)[C@H](CO)Cc2ccc(O)c(OC)c2)ccc1O,0
CN(C)CC/C=C1/c2ccccc2COc2ccccc21,0
O=C(c1cc(Cl)c(O)c(Cl)c1)n1ccc2cccnc21,0
CN(C)CCNC(=O)COc1c2cccc1Cc1cccc(c1OCC(=O)NCCN(C)C)Cc1cccc(c1OCC(=O)NCCN(C)C)Cc1cccc(c1OCC(=O)NCCN(C)C)C2,0
C[N+](=O)[O-],1
C=C1C(=O)O[C@H]2[C@H]1CC/C(C)=C/CC[C@@]1(C)O[C@@H]21,0
CNc1ccc(/C=C/c2ccc(OCCOCCOCC[18F])nc2)cc1,0
N[C@H]1CN(CCc2ccc3c(c2)OCO3)C(=O)C[C@@H]1c1cc(F)c(F)cc1F,0
O=C(O)C[C@H](OC(=O)/C=C/c1ccc(O)cc1)[C@@H](OC(=O)/C=C/c1ccc(O)cc1)C(=O)O,0
O=c1[nH]c2c(c3ccccc13)Cc1cc(S(=O)(=O)NCCCN3CCOCC3)ccc1-2,0
Cc1ccc2c(c1)CCCN2C(=O)SCC(=O)Nc1ccc(S(N)(=O)=O)cc1Cl,0
N[C@@H](CCC[C@H](N)C(=O)O)C(=O)O,0
CC(=O)c1c(C)c([N+](=O)[O-])c(C(C)(C)C)c([N+](=O)[O-])c1C,1
CN1C(=O)CCC1(C)C,0
O=c1oc(Cl)c(Cl)c2ccccc12,0
CCN(C(C)=O)c1cccc(-c2ccnc3c(C#N)cnn23)c1,0
CNC(CC(C)C)C(=O)NC1C(=O)NC(CC(N)=O)C(=O)NC2C(=O)NC3C(=O)NC(C(=O)NC(C(=O)O)c4cc(O)cc(O)c4-c4cc3ccc4O)C(O)c3ccc(c(Cl)c3)Oc3cc2cc(c3OC2OC(CO)C(O)C(O)C2OC2CC(C)(N)C(O)C(C)O2)Oc2ccc(cc2Cl)C1O,1
CC1=C(C(=O)O)N2C(=O)[C@@H](NC(=O)[C@H](N)c3ccc(O)cc3)[C@H]2SC1,0
OCC(OS(O)(O)O)[C@H](O)CN1C[C@@H](O)[C@H](O)[C@H]1CO,0
C=CCc1ccc(O)c(-c2cc(CC=C)ccc2O)c1,1
CCCC1COC(Cn2cncn2)(c2ccc(Cl)cc2Cl)O1,1
COC(=O)N[C@]1(C(N)=O)O[C@H](CO)[C@@H](O)[C@H](O)[C@H]1O,0
CC1(C)C=C(CSS(C)(=O)=O)C(C)(C)N1O,0
CCC[C@@](C)(O)[C@H]1C[C@@]23CC[C@]1(OC)[C@@H]1Oc4c(O)ccc5c4[C@@]12CCN(C)[C@@H]3C5,0
COc1ccc2c(c1)c(CN1CCN(C)CC1)cn2S(=O)(=O)c1ccccc1Br,0
C=CCc1ccc(OC)c(OC)c1,1
CCCCCC(O)C=CC1C(O)CC(O)C1CC(=O)CCCCC(=O)O,1
O=C(O)C[C@@H](O)C(=O)O,0
CN(N=O)C(=N)N[N+](=O)[O-],1
OCCCCCCBr,0
CO[C@@H](Cc1ccccc1)[C@@H](C)C[C@H](C)CC[C@H](N)[C@H](C)C(=O)O,0
CC=O,1
CCN1CCC(=C2c3ccccc3CCc3ccccc32)C1C,0
CC(C)(C)C(O)C(Cc1ccc(Cl)cc1)n1cncn1,1
CCN1CCN(c2cc(-c3ccc(F)cc3)c3c(n2)CCCCCC3)CC1,0
CCc1cc2cc(OC)c(OC)cc2c(Cc2ccccc2)n1,0
CCCCCCCC(C(=O)c1ccccc1)N1CCCC1,0
N[C@@H](CC(=O)N1CCCNC(=O)C1CC(F)(F)F)Cc1cc(F)c(F)cc1F,0
COC(=O)Nc1nc2ccc([S+]([O-])c3ccccc3)cc2[nH]1,1
Cc1onc(-c2c(F)cccc2Cl)c1C(=O)NC1C(=O)N2C1SC(C)(C)C2C(=O)O,1
O=C1C=Cc2c1cccc2[N+](=O)[O-],0
COC(=O)C1=C(C)NC(C)=C(C(=O)OC2CCCN(Cc3ccccc3)C2)C1c1cccc([N+](=O)[O-])c1,1
C1C2CC3CC1CC(C2)C3,0
Nc1nc2c(c(=O)[nH]1)N=C(COP(=O)(O)OP(=O)(O)OP(=O)(O)OP(=O)(O)OC[C@H]1O[C@@H](n3cnc4c(N)ncnc43)[C@H](O)[C@@H]1O)CN2,0
O=C1N[C@@H]2[C@@H](O)[C@@H](O)[C@H](O)[C@@H](CO)N2C1=O,0
CC(=O)Nc1cc2cccnc2c2ncccc12,0
N=C(N)c1ncn([C@@H]2O[C@H](CO)[C@@H](O)[C@H]2O)n1,0
NC(N)=NO,0
COc1cc(OC)c(CN[C@@H](CO)C(=O)O)c(OC)c1,0
CCCCOc1ccc(S(=O)(=O)N2C[C@@H](NS(C)(=O)=O)C[C@@H]2C(=O)NO)cc1,0
CC(C)CC1C(=O)N2CCCC2C2(O)OC(NC(=O)C3C=C4c5cccc6[nH]c(Br)c(c56)CC4N(C)C3)(C(C)C)C(=O)N12,1
O=C(c1cc(O)c(O)c(O)c1)c1ccc(O)c(O)c1O,1
CO[C@@H]1C[C@@H](C[C@H]2CC[C@H](C)[C@H]([C@@H](C)C(=O)O)O2)O[C@]2(O[C@](C)([C@H]3CC[C@@](C)([C@@H]4O[C@@H]([C@H]5O[C@@](O)(CO)[C@H](C)C[C@@H]5C)C[C@@H]4C)O3)C[C@H]2C)[C@@H]1C,0
CC(=O)Nc1cccc(Nc2nc(Nc3ccccc3)n3ncc(C#N)c3n2)c1,0
CCCCCC(O)CC(=O)CCc1ccc(O)c(OC)c1,1
Cc1cccc(CN2CCN(C(c3ccccc3)c3ccc(Cl)cc3)CC2)c1,0
O=C1CCNC(=O)N1,0
CC(=O)O[C@]1(C(C)=O)CC[C@H]2[C@@H]3C[C@H](C(F)(F)F)C4=CC(=O)CC[C@]4(C)[C@H]3CC[C@@]21C,0
CC(OCCN1CCCCCC1)(c1ccccc1)c1ccc(Cl)cc1,0
O=C1CNC(=O)N1,1
C[C@@H](O)[C@H](N)C(=O)N1CCC[C@H]1C(=O)N1CCC[C@H]1C(=O)N[C@H](C(N)=O)[C@@H](C)O,0
CC(C)(C)NCC(O)COc1cccc2c1C[C@H](O)[C@H](O)C2,0
NC(=O)NN=Cc1ccc([N+](=O)[O-])o1,1
CC1(C)S[C@@H]2[C@H](NC(=O)C(C(=O)Oc3ccccc3)c3ccccc3)C(=O)N2[C@H]1C(=O)O,0
CC(=O)OCC=C(C)C=CC=C(C)C=CC1=C(C)CCCC1(C)C,1
NS(=O)(=O)c1ccc(NC(=O)c2n[nH]c3ccccc23)cc1,0
O=[N+]([O-])N1CN([N+](=O)[O-])CN([N+](=O)[O-])C1,1
CC(=O)Nc1c(N)cc(C(=O)O)cc1O,0
C=C[C@]1(C)C[C@@H](OC(=O)CSC2C[C@H]3CC[C@@H](C2)N3C)[C@]2(C)[C@H](C)CC[C@]3(CCC(=O)[C@H]32)[C@@H](C)[C@@H]1O,0
C[C@H](N)[C@H](O)c1ccc(O)c(O)c1,0
Cc1c(Br)cc(Br)c(O)c1Br,0
CC(C)=CCC/C(C)=C/CC/C(C)=C/CC/C(C)=C/CC/C(C)=C/CC/C(C)=C/CC1=C(C)C(=O)c2ccccc2C1=O,0
CCN(CC)CCn1c(=O)c(Cc2ccc(OC)cc2)nc2ccccc21,0
O=C(OC1C[C@H]2CC[C@@H](C1)[N+]21CCCC1)C(O)(c1ccccc1)c1ccccc1,0
N#Cc1ccc(N2C(=O)[C@@H]3[C@H](O)CCN3C2=O)c2ccccc12,0
C=C1C(CCl)(CCl)C2(Cl)C(Cl)C(Cl)C1(Cl)C2(Cl)Cl,1
Cc1ncc(COP(=O)(O)O)c(CNC2(C(=O)O)CC2)c1O,0
CN(CCO)c1ncnc2oc(-c3ccccc3)c(-c3ccccc3)c12,0
CN1CCCCC1CCN1c2ccc(Br)cc2[Se]c2cc(Br)ccc21,0
Cc1ccc(Cc2cc3c(=O)n([C@H]4CCCC[C@@H]4O)cnc3c3ccccc23)cn1,0
C[C@H]1[C@H]2Cc3ccc(O)cc3[C@]1(C)CCN2CCc1ccccc1,0
CC(=O)N[C@@H]1O[C@H](CO)[C@@H](O)[C@H](O)[C@H]1O,0
CN[C@@H](C)CC1CCCCC1,0
N[C@@H](C[Se](=O)=O)C(=O)O,0
O=C(CCC/C=C\C[C@@H]1[C@@H](CC[C@@H](O)CCc2ccccc2)[C@H](O)C[C@@H]1O)OCCCCO[N+](=O)[O-],0
CC(=CC=CC(C)C(=O)O)C1CNC(C(=O)O)C1CC(=O)O,1
NS(=O)(=O)c1cc2c(cc1Cl)NC(CC1CCCC1)NS2(=O)=O,0
O=C(O)C1=C[C@H](O)[C@@H](OS(=O)(=O)O)[C@H](O[C@H]2[C@H](O)[C@@H](NS(=O)(=O)O)[C@@H](O)O[C@@H]2CO)O1,0
C[C@]12C[C@@]34C=CC(=O)[C@@](C)(CCC(=O)Nc5c(O)ccc(C(=O)O)c5O)[C@@H]3[C@H](C[C@@H]1C4)O2,0
COc1ccc(-c2cc(=O)c3c(OC)cc(OCC(=O)O)cc3o2)cc1OC,0
Cc1c2ccccc2c(CCC(=O)O)c2ccccc12,0
C[C@@H]1CC[C@H]2[C@@H](C)C(=O)O[C@@H]3O[C@@]4(C)CC[C@@H]1[C@]32OO4,0
Cc1c(N2C(=O)[C@@H]3[C@H](O)CCN3C2=O)ccc(C#N)c1Cl,0
CC(=O)c1ccc[n+]([C@@H]2O[C@H](COP(=O)(O)OP(=O)([O-])OC[C@H]3O[C@@H](n4cnc5c(N)ncnc54)[C@H](O)[C@@H]3O)[C@@H](O)[C@H]2O)c1,0
CC(=O)N(C)Cc1cc(C(=O)N(C)Cc2cc3ccccc3n2C)ccc1N,0
O=C(C(c1ccccc1)c1ccccc1)N1CCN(CC(O)COc2cccc3ncccc23)CC1,0
CN(C)CCN1C(=O)c2ccccc2Nc2ccccc21,1
O=P(O)(O)Oc1ccc(Cc2ccc(OP(=O)(O)O)cc2)cc1,0
COC1=C2C[C@@H](C)C[C@H](OC)[C@H](O)[C@@H](C)/C=C(\C)[C@H](OC(N)=O)[C@@H](OC)/C=C\C=C(/C)C(=O)NC(=CC1=O)C2=O,0
N[C@@H](Cc1cc(O)c(O)cc1F)C(=O)O,0
COc1ccccc1/C=C\C(=O)C(=O)O,0
Cc1cc(O)cc(C)c1C[C@H](NC(=O)[C@H](N)CCCN=C(N)N)C(=O)N[C@@H](CCCCN)C(=O)N[C@@H](Cc1ccccc1)C(N)=O,0
C[C@]12C=CC(=O)C=C1CC[C@@H]1[C@@H]2[C@@H](O)C[C@@]2(C)[C@H]1CC[C@]2(O)C(=O)COC(=O)c1cccc(S(=O)(=O)O)c1,0
CC(C)[C@H](NC(=O)OCc1ccccc1)P(=O)(O)C[C@H](C(=O)O)c1cccc(CN)c1,0
CCCCCCCCc1ccc(CCC(N)(CO)CO)cc1,1
O=c1c(C2=NS(=O)(=O)c3ccccc3N2)c(O)c2cc(F)ccc2n1CCC1CC1,0
CC(C)Oc1cccc(NC(=O)c2cc(Cl)c(OCCN)c(Cl)c2)c1,0
COCCOc1c(OC)cc(Cc2cnc(N)nc2N)cc1OC,0
C[C@@H]1CN[C@@H](C2CC2)C(=O)N(C)[C@H](C)C(=O)N[C@H](Cc2ccc(F)cc2)C(=O)NCCCc2ccccc2O1,0
CCC(=O)Oc1ccc2c(c1)CC[C@@H]1[C@@H]2CC[C@]2(C)[C@@H](OC(=O)CC)CC[C@@H]12,0
O=C(Nc1ccccc1)Nc1ccccc1,0
CCOCCO[C@@H]1CC[C@@H](C[C@@H](C)[C@@H]2CC(=O)[C@H](C)/C=C(\C)[C@@H](O)[C@@H](OC)C(=O)[C@H](C)C[C@H](C)/C=C/C=C/C=C(\C)[C@@H](OC)C[C@@H]3CC[C@@H](C)[C@@](O)(O3)C(=O)C(=O)N3CCCC[C@H]3C(=O)O2)C[C@H]1OC,0
O=S(=O)(O)CCCN1CCOCC1,0
CO[C@H]1/C=C/O[C@@]2(C)Oc3c(C)c(O)c4c(O)c(c(C=NN5CCN(C)CC5)c(O)c4c3C2=O)NC(=O)/C(C)=C\C=C\[C@H](C)[C@H](O)[C@@H](C)[C@@H](O)[C@@H](C)[C@H](OC(C)=O)[C@@H]1C,0
CCNCCS(=O)(=O)NC[C@@]1(c2ccccc2)SC(NC(=O)C(C)(C)C)=NN1C(=O)C(C)(C)C,0
CC(O)Cn1cnc2c1c(=O)n(C)c(=O)n2C,0
CCCC(=O)/C(O)=C/OP(=O)(O)O,0
CNC(=O)[C@H]1[C@H](C(=O)O)[C@H]1c1ccc(OP(=O)(O)O)cc1,0
N[C@@H](Cc1co[nH]c1=O)C(=O)O,0
OC[C@H]1O[C@H](O[C@H]2[C@H](O)[C@@H](O)[C@H](O)O[C@@H]2CO)[C@H](O)[C@@H](O)[C@@H]1O,0
O=C(O)c1cc(C(F)(F)F)nc2c(C(F)(F)F)cccc12,1
CCCCC/C=C\C/C=C\CCCCCCCC(=O)OC(COC(C)=O)COC(=O)CCCCCCCCCCCCCCC,0
O=c1[nH]cc([C@@H]2O[C@H](COP(=O)(O)O)[C@@H](O)[C@H]2O)c(=O)[nH]1,0
CC(C)CC(NC(=O)N1CCCCCC1)C(=O)NC(Cc1cn(C)c2ccccc12)C(=O)NC(Cc1ccccn1)C(=O)O,1
COc1cc(/C=C/C(=O)O)cc(OC)c1O,0
C[C@H](CCC(=O)N(CCCNC(=O)[C@H](O)[C@@H](O)[C@H](O)[C@H](O)CO)CCCNC(=O)[C@H](O)[C@@H](O)[C@H](O)[C@H](O)CO)[C@H]1CC[C@H]2[C@@H]3CC[C@@H]4C[C@H](O)CC[C@]4(C)[C@H]3C[C@H](O)[C@]12C,0
CCCCCCCCCCCCCCCCOCC(COP(=O)([O-])OCC[N+](C)(C)C)OC(=O)NC,1
O=C1c2cc(Cl)c3c4c(Oc5ccc(OCc6cn(CCCN7C[C@H](O)[C@@H](O)[C@H](O)[C@H]7CO)nn6)cc5)cc5c6c(cc(Oc7ccc(OCc8cn(CCCN9C[C@H](O)[C@@H](O)[C@H](O)[C@H]9CO)nn8)cc7)c(c7c(Oc8ccc(OCc9cn(CCCN%10C[C@H](O)[C@@H](O)[C@H](O)[C@H]%10CO)nn9)cc8)cc(c2c37)C(=O)N1Cc1cn(CCCN2C[C@H](O)[C@@H](O)[C@H](O)[C@H]2CO)nn1)c64)C(=O)N(Cc1cn(CCCN2C[C@H](O)[C@@H](O)[C@H](O)[C@H]2CO)nn1)C5=O,0
O=C(Nc1cccc(C(F)(F)F)c1)c1cc(Br)cc(Br)c1O,0
CN1CCN(C(=O)N[C@@H](Cc2ccccc2)C(=O)N[C@@H](CCc2ccccc2)CCS(=O)(=O)NOCc2ccccc2)CC1,0
CC(C)COc1cccc(-c2nc3cc(C(=N)N)c(Cl)cc3[nH]2)c1O,0
c1ccc(CN(CCN(Cc2ccccn2)Cc2ccccn2)Cc2ccccn2)nc1,1
CCN(C(=O)Cc1ccc(S(C)(=O)=O)cc1)C1CCN(CC[C@H](c2ccc(S(C)(=O)=O)cc2)c2cc(F)cc(F)c2)CC1,0
O=C(O)[C@@H]1O[Sb](=O)(O[Sb]2(=O)O[C@H]([C@H](O)CO)[C@H](O)[C@H](C(=O)O)O2)O[C@H]([C@H](O)CO)[C@@H]1O,0
ClC1=C(Cl)C2(Cl)C3C4CC(C5OC45)C3C1(Cl)C2(Cl)Cl,1
C[C@@H](Oc1ccc2[nH]nc(/C=C/c3cnn(CCO)c3)c2c1)c1c(Cl)cncc1Cl,0
O=C(O)[C@]1(O)C/C(=N\O)[C@@H](O)[C@H](O)C1,0
Nc1ccn([C@H]2CC[C@@H](COP(=O)(O)O)O2)c(=O)n1,0
CC(=O)N(C)C1(c2ccccc2)CCN(CCC[C@]2(c3ccc(Cl)c(Cl)c3)CCCN(C(=O)c3ccccc3)C2)CC1,0
CN(C)S(=O)(=O)N1CCN(c2ccnc(CO)n2)CC1,0
CCCC[C@H](NC(=O)[C@@H](CCCCNC(N)=O)NC(=O)[C@H](Cc1ccc(O)cc1)N(C)C(=O)[C@H](CO)NC(=O)[C@@H](Cc1cccnc1)NC(=O)[C@@H](Cc1ccc(Cl)cc1)NC(=O)[C@@H](Cc1ccc2ccccc2c1)NC(C)=O)C(=O)N[C@@H](CCCN=C(N)N)C(=O)N1CCC[C@H]1C(=O)N[C@H](C)C(N)=O,0
O=c1[nH]c([C@@H]2CCCN2)nc2c1oc1ccc(Cl)cc12,0
CNC(=O)Oc1ccc2c(c1)[C@]1(C)CCN(C)[C@@H]1N2C,0
CC(C)CCC[C@@H](C)[C@H]1CC[C@H]2[C@@H]3CC=C4C[C@@H](O)CC[C@]4(C)[C@H]3CC[C@]12C,0
CCCOc1ccc(/C=C/C(=O)NCCCNc2c3c(nc4ccccc24)CCCC3)cc1OC,0
CC(C)CCNC(=O)[C@H](CCc1ccccc1)NC(=O)[C@@H](O)CC(=O)O,0
Cc1onc(-c2ccccc2)c1C(=O)NC1C(=O)N2C1SC(C)(C)C2C(=O)O,1
O=S(=O)(NC[C@@H]1C[C@@H](OCc2ccc(Cl)cc2)CN1)c1cccc2cnccc12,0
NC(=O)c1c(NC(=O)C2CC2)sc2c1CCCC2,0
Clc1ccc([C@H](Cn2ccnc2)OCc2c(Cl)cccc2Cl)c(Cl)c1,0
CN1CCCC(CN2c3ccccc3Sc3ccccc32)C1,1
O=C(O)CCSCC1OC2OC3C(CSCCC(=O)O)OC(OC4C(CSCCC(=O)O)OC(OC5C(CSCCC(=O)O)OC(OC6C(CSCCC(=O)O)OC(OC7C(CSCCC(=O)O)OC(OC8C(CSCCC(=O)O)OC(OC9C(CSCCC(=O)O)OC(OC1C(O)C2O)C(O)C9O)C(O)C8O)C(O)C7O)C(O)C6O)C(O)C5O)C(O)C4O)C(O)C3O,0
CNc1ncnc2c([C@@H]3O[C@H](CO)[C@@H](O)[C@H]3O)[nH]nc12,0
C=CCC1CN(C)CCC1(OC(=O)CC)c1ccccc1,0
CC[C@H](C)[C@H](NC(=O)[C@H](C)NC(=O)[C@H](CC(=O)O)NC(=O)[C@H](C)NC(=O)[C@@H](N)Cc1ccc(O)cc1)C(=O)N[C@@H](Cc1ccccc1)C(=O)N[C@H](C(=O)N[C@@H](CC(N)=O)C(=O)N[C@@H](CO)C(=O)N[C@@H](Cc1ccc(O)cc1)C(=O)N[C@@H](CCCNC(=N)N)C(=O)N[C@@H](CCCCN)C(=O)N[C@H](C(=O)N[C@@H](CC(C)C)C(=O)NCC(=O)N[C@@H](CCC(N)=O)C(=O)N[C@@H](CC(C)C)C(=O)N[C@@H](CO)C(=O)N[C@@H](C)C(=O)N[C@@H](CCCNC(=N)N)C(=O)N[C@@H](CCCCN)C(=O)N[C@@H](CC(C)C)C(=O)N[C@@H](CC(C)C)C(=O)N[C@@H](CCC(N)=O)C(=O)N[C@@H](CC(=O)O)C(=O)N[C@H](C(=O)N[C@@H](CCSC)C(=O)N[C@@H](CO)C(=O)N[C@@H](CCCNC(=N)N)C(N)=O)[C@@H](C)CC)C(C)C)[C@@H](C)O,0
OC1(c2ccc(Cl)cc2)CCN(CCCC2(c3ccc(F)cc3)SCCS2)CC1,0
CC(C)C(=O)OCC(=O)[C@@]12O[C@H](C3CCCCC3)O[C@@H]1C[C@H]1[C@@H]3CCC4=CC(=O)C=C[C@]4(C)[C@H]3[C@@H](O)C[C@@]12C,0
CC(=O)NC1C(O)OC(COS(=O)(=O)O)C(OC2OC(C(=O)O)C(OC3OC(CO)C(OC4OC(C(=O)O)C(O)C(O)C4OS(=O)(=O)O)C(OS(=O)(=O)O)C3NS(=O)(=O)O)C(O)C2OS(=O)(=O)O)C1O,1
CC[C@H]1OC(=O)[C@H](C)[C@@H](O[C@H]2C[C@@](C)(OC)[C@@H](O)[C@H](C)O2)[C@H](C)[C@@H](O[C@@H]2O[C@H](C)C[C@H](N(C)C)[C@H]2OC(C)=O)[C@](C)(O)C[C@@H](C)C(=O)[C@H](C)[C@@H](O)[C@]1(C)O,0
CCO[C@H](COc1ccc(C(F)(F)F)cc1)CSc1ccc(OCC(=O)O)c(C)c1,0
CNCC(=O)c1nnc(C(C)(C)C)o1,0
CC(=O)OCC(=O)[C@@]12OC3(CCCC3)O[C@@H]1C[C@H]1[C@@H]3CCC4=CC(=O)C=C[C@]4(C)[C@@]3(F)[C@@H](O)C[C@@]12C,0
Nc1cccc2cc(S(=O)(=O)O)ccc12,0
CC1=C/C(=N\OCC(=O)O)c2ccccc2C1=O,0
O=C1C[C@@H]2OCC=C3CN4CC[C@]56c7ccccc7N1[C@H]5[C@H]2[C@H]3C[C@H]46,0
O=c1c(O[C@@H]2O[C@H](CO)[C@@H](O)[C@H](O)[C@H]2O)c(-c2ccc(O)c(O)c2)oc2cc(O)cc(O)c12,0
C[N+]1(C)[C@@H]2CC(OC(=O)C(O)(c3cccs3)c3cccs3)C[C@H]1[C@@H]1O[C@@H]12,0
O=C([O-])c1ccc([Hg+])cc1,1
CN(C)c1ccc(C(=O)O)cc1,0
O=C(c1ccc2ccccc2c1)[C@@H](c1cccc2ccccc12)P(=O)(O)O,0
CCCCCN(C)CCC(O)(P(=O)(O)O)P(=O)(O)O,1
CCCCCCCCCCCCCCCC[N+](C)(C)C,0
COc1ccccc1N,1
CC1(C)CCC(CN2CCN(c3ccc(C(=O)NS(=O)(=O)c4ccc(NCC5CCOCC5)c([N+](=O)[O-])c4)c(Oc4cnc5[nH]ccc5c4)c3)CC2)=C(c2ccc(Cl)cc2)C1,1
N[C@@H](Cc1cn(OO)c2ccccc12)C(=O)O,0
Nc1ccc(S(=O)(=O)Nc2ncccn2)cc1,1
O=C(O)[C@H](O)C=C(O)O,0
CC(C)C[C@@H](NC(=O)[C@@H](Cc1ccccc1)NC(=O)[C@H]1CCCN1C(=O)[C@@H](CCC(N)=O)NC(=O)[C@H](NC(=O)[C@H]1CCCN1C(=O)[C@@H](CCCNC(=N)N)NC(=O)[C@@H](CO)NC(=O)[C@@H](CCC(N)=O)NC(=O)[C@H](N)CC(=O)O)C(C)C)C(=O)N[C@H](CC(N)=O)C(=O)N[C@H](CC(C)C)C(=O)N[C@@H](C(=O)N[C@@H](C(=O)N1CCC[C@@H]1C(=O)N[C@H](CCCNC(=N)N)C(=O)N[C@H](CCCCN)C(=O)N1CCC[C@@H]1C(=O)N[C@H](CCCNC(=N)N)C(=O)N1CCC[C@@H]1C(=O)N1CCC[C@@H]1C(=O)N[C@H](CCCNC(=N)N)C(=O)N[C@H](CCCNC(=N)N)C(=O)N[C@H](CCCNC(=N)N)C(=O)N[C@H](CCC(N)=O)C(=O)N[C@H](CCCNC(=N)N)C(=O)N[C@H](CCCNC(=N)N)C(=O)N[C@H](CCCCN)C(=O)N[C@H](CCCCN)C(=O)N[C@H](CCCNC(=N)N)C(=O)NCC(N)=O)[C@H](C)O)[C@H](C)O,0
CCC(C)Oc1cc(NC(=O)/C(C#N)=C(/C)O)c(F)cc1-c1cccc(C(F)(F)F)c1,1
CCN(CC)CCOc1ccccc1C(=O)CCc1ccccc1,0
O=C1N[C@@H](Cc2cnc[nH]2)C(=O)N2CCC[C@@H]12,0
CN=C(N)NCCC[C@H](NC(=O)[C@H](CC(C)C)NC(=O)NNC(=O)[C@H](Cc1ccccc1)NC(=O)[C@@H](NC(=O)[C@H](CC(N)=O)NC(=O)[C@@H]1C[C@@H](O)CN1C(=O)[C@@H](Cc1ccc(O)cc1)NC(C)=O)[C@@H](C)O)C(=O)N[C@@H](Cc1c[nH]c2ccccc12)C(N)=O,0
CCOCCOC(=O)N[C@@H](Cc1ccccc1)[C@@H](O)C[C@]1(Cc2ccccc2)NC=C([C@H]2c3ccccc3[C@H]3NC(=O)O[C@H]32)C1=O,0
O=P(O)(O)OC1[C@@H](O)[C@H](O)C(O)[C@H](O)[C@@H]1O,0
CCCCCCCCO[C@@H]1O[C@H](CO)[C@H](O)[C@H](N)[C@H]1O[C@H]1C[C@H](O)[C@H](O)[C@H](C)O1,0
NC(=O)C(c1ccccc1)(c1ccc(F)cc1)c1ccc(F)cc1,0
N/C=C\S,0
Nc1ncnc2c1[C@@H](I)NN2[C@@H]1O[C@H](CO)[C@@H](O)[C@H]1O,0
CC(C)C[C@H](NC(=O)CNC(=O)[C@H](C)NC(=O)[C@H](CC(=O)O)NC(=O)[C@H](CC(=O)O)NC(=O)[C@H](C)NC(=O)[C@@H]1CCCN1C(=O)[C@H](CCCCN)NC(=O)CNC(=O)[C@@H]1CCCN1C(=O)[C@@H]1CCCN1C(=O)[C@@H]1CCCN1C(=O)[C@H](CCC(=O)O)NC(=O)CN)C(=O)N[C@H](C(=O)O)C(C)C,0
CN(C)Cc1ccc(-c2cccnc2)o1,0
CC1(C)C(=O)N(C(=O)NCC2CCN(CC3(O)CCOCC3)CC2)c2cc(F)ccc21,0
Cc1nc(C(=O)O)sc1CCOP(=O)(O)OP(=O)(O)OC[C@H]1O[C@@H](n2cnc3c(N)ncnc32)[C@H](O)[C@@H]1O,0
Oc1cc(O)cc(C=Cc2ccc(O)cc2O)c1,1
CN(C)CC(c1ccc(O)cc1)C1(O)CCCCC1,1
O=c1ccn([C@@H]2O[C@H](COP(=O)(O)OP(=O)(O)O[C@H]3O[C@H](CO)[C@@H](F)[C@H](O)[C@H]3O)[C@@H](O)[C@H]2O)c(=O)[nH]1,0
COc1ccc(CN2CCN(C(c3ccc(F)cc3)c3ccc(F)cc3)CC2)c(OC)c1OC,0
O=c1[nH]c(NC[C@H](O)[C@H](O)[C@H](O)CO)c(CCCCCP(=O)(O)O)c(=O)[nH]1,0
CC(C)=CCC/C(C)=C/CC/C(C)=C/C(=O)OCC(=O)[C@@]1(O)CC[C@H]2[C@@H]3CCC4=CC(=O)C=C[C@]4(C)[C@H]3[C@@H](O)C[C@@]21C,0
c1cc2ccc3ccc4ccc5cccc6c(c1)c2c3c4c56,1
Nc1ncnc2c1ncn2[C@@H]1O[C@@H](COP(=O)(O)OP(=O)(O)NP(=O)(O)O)[C@H](O)[C@H]1O,0
C[C@](O[C@@H]1CC(C(=O)O)=C[C@@H](OP(=O)(O)O)[C@H]1O)(OP(=O)(O)O)C(=O)O,0
C=CC(=O)N1CCCC(n2nc(-c3ccc(Oc4ccccc4)cc3)c3c(N)ncnc32)C1,1
O=C(OC1C(Oc2c(-c3ccc(O)c(O)c3)oc3cc(O)cc(O)c3c2=O)OC(CO)C(O)C1O)c1cc(O)c(O)c(O)c1,1
O=C([C@@H](O)CO)N1CC=C(c2c(F)cc(N3C[C@H](COc4ccon4)OC3=O)cc2F)CC1,0
Cc1onc(-c2ccccc2Cl)c1C(=O)N[C@@H]1C(=O)N2[C@@H]1SC(C)(C)[C@@H]2C(=O)O,1
CCCCCCCCCCCCCC,1
CC[C@H](C)[C@H](NC(=O)[C@H](Cc1ccc(O)cc1)NC(=O)[C@@H](NC(=O)[C@H](CCCN=C(N)N)NC(=O)[C@@H](N)CC(=O)O)C(C)C)C(=O)N[C@@H](Cc1cnc[nH]1)C(=O)N1CCC[C@H]1C(=O)O,0
O=C(Nc1ccc(F)cc1)c1[nH]ncc1NC(=O)c1c(F)cccc1F,0
O=C1C(Cl)=C(N2C(=O)C(Cl)C2c2ccc(Cl)cc2)C(=O)c2ccccc21,0
Cc1onc(-c2c(Cl)cccc2Cl)c1C(=O)NC1C(=O)N2C1SC(C)(C)C2C(=O)O,1
CC(C)(C)n1nc(-c2cccc(O)c2)c2c(N)ncnc21,0
C=C(F)C(=O)N1CCN(c2nc(OCC3CCCN3C)nc3c2CCN(c2cccc4cccc(Cl)c24)C3)CC1CC#N,1
O=C(Nc1cn[nH]c1C(=O)Nc1ccc(F)cc1)c1ccccc1,0
COc1c(O)cc(O)c2c(=O)cc(-c3ccccc3)oc12,1
CC1=C(C(=O)O)N[C@H]([C@H](NC(=O)Cc2cccs2)C(=O)O)SC1,0
CCCC[N+]1(C)[C@@H]2C[C@@H](OC(=O)[C@H](CO)c3ccccc3)C[C@H]1[C@@H]1O[C@@H]12,0
CC(=O)O[C@H]1C(=O)[C@@]2(C)[C@H]([C@H](OC(=O)c3ccccc3)[C@]34OC(=O)O[C@H]3[C@H](OC(=O)[C@H](O)[C@H](CC(C)C)NC(=O)OC(C)(C)C)C(C)=C1C4(C)C)[C@]1(OC(C)=O)CO[C@@H]1C[C@@H]2O,0
CCCSc1nc(N[C@@H]2C[C@H]2c2ccc(F)c(F)c2)c2nnn([C@@H]3C[C@H](OCCO)[C@@H](O)[C@H]3O)c2n1,0
C[n+]1ccn(C[C@@]2(C)[C@H](C(=O)[O-])N3C(=O)C[C@H]3S2(=O)=O)n1,0
CCC(CCCCC1CCC2CC(=O)CC12)OC,0
NC(=O)C[C@H](N)C(=O)O,0
CCNC(=O)Nc1ccc(-c2nc3c(c(N4CCOC[C@@H]4C)n2)CCN(C2COC2)C3)cc1,0
Cc1cc(OC[P@@]2(=O)OCC[C@@H](c3cccc(Cl)c3)O2)cc(C)c1Cc1ccc(O)c(C(C)C)c1,0
O=C1C=CC(=O)c2c(O)cccc21,1
Cc1ccc2ccc3cccc4ccc1c2c34,1
Cn1c[n+]([C@@H]2O[C@H](CO)[C@@H](O)[C@H]2O)c2nc(N)[nH]c(=O)c21,0
COC1CC2CCC(C)C(O)(O2)C(=O)C(=O)N2CCCCC2C(=O)OC(C(C)CC2CCC(OC(=O)C(C)(CO)CO)C(OC)C2)CC(=O)C(C)C=C(C)C(O)C(OC)C(=O)C(C)CC(C)C=CC=CC=C1C,0
O=C(O)/C=C/c1ccccc1O,0
NC(=O)c1cn([C@@H](CO)CCn2ccc3ccc(NC(=O)NCc4ccccc4)cc32)cn1,0
NC1(C(=O)O)CCCC1,0
O=C(O)C[C@@H]1CC[C@@H](C(=O)O)N1,0
Fc1cc(F)cc(-c2cc3nc4ccccc4nc3s2)c1,0
CCP(=O)(OC)c1ccc2oc(-c3ccc(F)cc3)nc2c1,1
Nc1ncccc1NCc1ccccc1,0
O/N=C1\CCc2cc(-c3cn(C4CCNCC4)nc3-c3ccncc3)ccc21,0
Nc1cccc(C(=O)O)c1,0
C[C@@H]1C=CN[C@H]1C(=O)O,0
NC[C@H](c1ccccc1)c1ccc(Cl)cc1,0
C=C1C=CC=C(C)[C@@H]1N,0
N=C(N)c1ccc(CNC(=O)[C@@H]2CCCN2C(=O)COC2CCCCC2)cc1,0
c1ccc(-c2cnc[nH]2)cc1,0
C#CC1(O)CCC2C3CCC4=CCCCC4C3CCC21C,1
CON(C)C(=O)N1N=C(c2cc(F)ccc2F)S[C@@]1(CCCN)c1ccccc1,0
Cc1cc(Br)c(O)c2ncccc12,1
N[C@@H](CCCCNC(=O)O)C(=O)O,0
CS(=O)(=O)OC[C@@H](O)[C@@H](O)[C@H](O)[C@H](O)COS(C)(=O)=O,0
C[C@H](CCC(=O)NCCS(=O)(=O)O)[C@H]1CC[C@H]2[C@@H]3[C@H](O)C[C@@H]4C[C@H](O)CC[C@]4(C)[C@H]3CC[C@]12C,0
COc1ccccc1N1CCN(CCCC(=O)c2ccc(F)cc2)CC1,0
CC(C)=CCCC(C)=CCCC(C)=CCCC(C)=CCCC(C)=CCCC(C)=CCC1=C(C)C(=O)c2ccccc2C1=O,1
CCc1cc(CC[C@]2(C3CCCC3)CC(O)=C(Cc3nc4nc(C)cc(C)n4n3)C(=O)O2)cc(CC)n1,0
CN(C)N=Nc1nc[nH]c1C(N)=O,1
Cc1occc(=O)c1O,0
O=C(O)Cc1cccc(OCCCN(Cc2cccc(C(F)(F)F)c2Cl)CC(c2ccccc2)c2ccccc2)c1,0
Nc1ncnc2c1ncn2[C@@H]1O[C@H](COP(=O)(O)OP(=O)(O)OP(=O)(O)OP(=O)(O)OP(=O)(O)OC[C@H]2O[C@@H](n3cnc4c(N)ncnc43)[C@H](O)[C@@H]2O)[C@@H](O)[C@H]1O,0
CCOC(=O)c1ncn2c1CN(C)C(=O)c1c([123I])cccc1-2,0
C[C@H](CCc1ccccc1)NC[C@H](O)c1ccc(O)c(C(N)=O)c1,1
CN[C@H]1C[C@@H](N)[C@H](O)[C@@H](O[C@@H]2O[C@H](CO)[C@H](O)[C@@H]3OC4(O[C@H]23)O[C@H]([C@@H](N)CO)[C@H](O)[C@H](O)[C@H]4O)[C@@H]1O,0
C[C@@H](N[C@@H](NCC(O)O)Nc1ccc(CN)cc1)c1ccccc1,0
O=NN(CCO)CCO,1
CN(C)CC(=O)Nc1ccc2[nH]c(=O)c3ccccc3c2c1,0
Cc1ccc2c(c1)C1CN(C)CCC1N2,1
CCC(=O)c1ccc2c(c1)N(CCCN(C)C)c1ccccc1S2,0
CC=Cc1ccc(O)c(OC)c1,1
Nc1ccc2ccc3cccc4ccc1c2c34,1
O=C(O)/C(=C/c1ccc(Oc2ccccc2Br)cc1)NC(=O)c1ccccc1,0
CCC(=O)O[C@@H]1CC(=O)O[C@H](C)C/C=C/C=C/[C@H](OC(C)=O)[C@H](C)C[C@H](CC=O)C(O[C@@H]2O[C@H](C)[C@@H](O[C@H]3C[C@@](C)(OC(C)=O)[C@@H](OC(=O)CC)[C@H](C)O3)[C@H](N(C)C)[C@H]2O)[C@H]1OC,0
C#Cc1cccc(Nc2ncnc3cc(OCCOC)c(OCCOC)cc23)c1,1
CN(C)CCN(Cc1ccc(Cl)s1)c1ccccn1,0
O=C(C[C@@H](NC(=O)OCc1ccccc1)c1ccccc1)Nc1n[nH]c(=S)s1,0
O=S(=O)(O)O[C@@H]1[C@H](O)[C@@H](O)[C@H](O)O[C@@H]1CO,0
CC(C)C[C@H](NC(=O)OCc1ccccc1)C(=O)N[C@@H](CC(C)C)C(=O)N[C@@H](Cc1ccc(O)cc1)C(=O)CF,0
CC(C)[N+]1(C)[C@@H]2CC[C@H]1CC(OC(=O)C(CO)c1ccccc1)C2,0
COc1ccc2nc3c(c(NCCCNC(=O)C4(C)CCc5c(C)c(O)c(C)c(C)c5O4)c2c1)CCCC3,0
CCCCCOc1ccc(-c2cc(-c3ccc(C(=O)N[C@H]4C[C@@H](O)[C@@H](O)NC(=O)[C@@H]5[C@@H](O)[C@@H](C)CN5C(=O)[C@H]([C@H](O)CC(N)=O)NC(=O)[C@H]([C@H](O)[C@@H](O)c5ccc(O)c(OS(=O)(=O)O)c5)NC(=O)[C@@H]5C[C@@H](O)CN5C(=O)[C@H]([C@@H](C)O)NC4=O)cc3)no2)cc1,0
COc1ccc(/C(C)=C/C(=O)O)c(OC)c1,0
CC(C)Cc1ccc(C(C)C(=O)O)cc1,1
C[S+]([O-])CCCN=C=S,1
CC/C=C\C/C=C\C/C=C\CCCCCCCC(=O)O,0
O=C(O)CNC(=O)c1ncc(C2=CCN(S(=O)(=O)Cc3ccc(OC(F)(F)F)cc3)CC2)cc1O,0
CCC1=C[C@@H]2CN(CCc3c([nH]c4ccccc34)[C@@](C(=O)OC)(c3cc4c(cc3OC)N(C)[C@H]3[C@@](O)(C(=O)OC)[C@H](OC(C)=O)[C@]5(CC)C=CCN6CC[C@]43[C@@H]65)C2)C1,0
NCc1nnc2ccccc2c1N=CC=C(c1ccccc1)c1ccccc1,0
N[C@]1(C(=O)O)C[C@@H]([18F])C1,0
Nc1nc(N)c2ncn([C@H]3CO[C@@H](CO)O3)c2n1,0
Oc1ccc2c(c1)CCN(c1ccccc1)[C@@H]2c1ccc(N2CCN3CCCC[C@H]3C2)cc1,0
CC(C)(C)c1onc(O)c1C[C@H](N)C(=O)O,0
COC(=O)OCOc1c2n(ccc1=O)N(C1c3ccccc3SCc3c1ccc(F)c3F)C1COCCN1C2=O,0
COc1ccc2c(c1)N(C(=O)OC(C)C)[C@@H](CSC)C(=S)N2,0
O=C(O)c1ccc(-c2cc3cccnc3c(-c3cccc([N+](=O)[O-])c3)n2)cc1,0
Nc1ncnc2c1ncn2C1CCCO1,1
COc1cc(CO)ccc1O,0
Cc1ncc(COP(=O)(O)O)c(CN=C(/C=C/CP(=O)(O)O)C(=O)O)c1O,0
NC(=O)c1[nH]c2ccc(Br)cc2c1S(=O)(=O)N1CCCC1,0
CCNC(C)C(O)c1ccc(O)c(O)c1,0
CCN(Cc1cccc(S(=O)(=O)O)c1)c1ccc(C(=C2C=CC(=[N+](CC)Cc3cccc(S(=O)(=O)[O-])c3)C=C2)c2ccccc2)cc1,1
O=C(/C=C/c1ccc(O)c(O)c1)O[C@@H]1C[C@@](OC(=O)/C=C/c2ccc(O)c(O)c2)(C(=O)O)C[C@@H](O)[C@@H]1O,0
CN[C@H](CNC(=O)N1CCC[C@@H]([C@@H](OCCNC(=O)OC)c2cccc(Cl)c2)C1)C[C@H]1CCCOC1,0
C#CCN[C@H]1CCc2ccccc21,0
CCCCCCOCC(O)COc1ccccc1C(=O)O,0
C[C@@H]1C[C@H](C)CN(S(=O)(=O)c2ccc(Cl)c(C(=O)O)c2)C1,1
Nc1ncnc2c1ncn2[C@@H]1O[C@H](C[Se]CC[C@H](N)C(=O)O)[C@@H](O)[C@H]1O,0
CC[C@H](C)c1cc(C(=O)N[C@@H]2CNCCC[C@H]2OC(=O)c2ccc(C(=O)c3cc(OC)ccc3O)cc2)ccc1O,0
COc1ccc(CCC(=O)c2c(O)cc(OC3OC(CO)C(O)C(O)C3OC3OC(C)C(O)C(O)C3O)cc2O)cc1O,1
CO[C@H]1C[C@H](O[C@H]2CC[C@@]3(C)[C@H](CC[C@@H]4[C@@H]3CC[C@]3(C)[C@@H](C5=CC(=O)OC5)[C@@H](OC(C)=O)C[C@]43O)C2)O[C@@H](C)[C@@H]1O,0
OC[C@H]1O[C@H](Oc2ccc(O)cc2)[C@H](O)[C@@H](O)[C@@H]1O,0
CC1=C(C(=O)O)N2C(=O)C(NC(=O)C(N)c3ccccc3)C2SC1,1
C[C@](O)(COc1ccc(F)cc1)C(=O)Nc1ccc([N+](=O)[O-])c(C(F)(F)F)c1,0
O=S(=O)(O)c1ccc2cc(S(=O)(=O)O)ccc2c1,0
NC(=O)c1cnccn1,1
COc1cc(OC)cc(C(=O)N[C@@H]2[C@H](O)[C@@H](CO)O[C@H]2n2cnc3c(NCc4cccc5ccccc45)ncnc32)c1,0
CN(C)CC/C=C1\c2ccccc2CSc2ccccc21,0
CN(C)C(=O)N[C@H]1CC[C@H](CCN2CCN(c3cccc(Cl)c3Cl)CC2)CC1,0
CCOP(=O)(OCC)C(=Cc1cc(C(C)(C)C)c(O)c(C(C)(C)C)c1)P(=O)(OCC)OCC,0
OCC1OC(n2cnc3c(NC4CCCC4)ncnc32)C(O)C1O,1
c1ccc2c(c1)[I+]c1ccccc1-2,1
C[C@]12CCC(=O)C=C1CC[C@@H]1[C@@H]2[C@@H](O)C[C@@]2(C)[C@H]1CC[C@]2(O)C(=O)COC(=O)CCC1CCCC1,0
N[C@@H](CC(=O)N1CCC[C@H]1CNC(=O)c1ccccc1)Cc1ccccc1F,0
O=[N+]([O-])OC[C@H]1O[C@@H](n2cnc3c(NC4CCCC4)ncnc32)[C@H](O)[C@@H]1O,0
Cc1cc2nc3c4cc(Cl)ccc4n(CC(=O)NCCN(C)C)c3nc2cc1C,0
CCNC(=O)[C@@H]1CCCN1C(=O)[C@H](CCCNC(=N)N)NC(=O)[C@H](CC(C)C)NC(=O)[C@@H](CC(C)C)NC(=O)[C@H](Cc1ccc(O)cc1)NC(=O)[C@H](CO)NC(=O)[C@H](Cc1c[nH]c2ccccc12)NC(=O)[C@H](Cc1c[nH]cn1)NC(=O)[C@@H]1CCC(=O)N1,1
CC[C@H](C)[C@H](NC(=O)[C@H](Cc1c[nH]c2ccccc12)NC(=O)[C@H](CCC(=O)O)NC(=O)[C@H](CCC(=O)O)NC(=O)CNC(=O)[C@H](CCCCN)NC(=O)CNC(=O)[C@@H]1CCCN1C(=O)[C@@H]1CCCN1C(=O)[C@H](CCC(N)=O)NC(=O)[C@H](CCCNC(=N)N)NC(=O)[C@@H](NC(=O)[C@H](Cc1c[nH]c2ccccc12)NC(=O)[C@H](CO)NC(=O)[C@H](Cc1c[nH]c2ccccc12)NC(=O)[C@H](Cc1ccc(O)cc1)NC(=O)[C@H](Cc1ccc(O)cc1)NC(=O)CN)[C@@H](C)CC)C(=O)NCC(=O)O,0
CC[C@]1(O)CC[C@H]2[C@@H]3CCC4=CCCC[C@@H]4[C@H]3CC[C@@]21C,0
COC(=O)[C@H]1[C@@H](c2ccc(F)cc2)C[C@@H]2CC[C@H]1N2C/C=C/I,0
CCCN1C[C@H](C)[C@@H](O)[C@](C)(O)[C@@H](CC)OC(=O)[C@H](C)[C@@H](O[C@H]2C[C@@](C)(OC)[C@@H](O)[C@H](C)O2)[C@H](C)[C@@H](O[C@@H]2O[C@H](C)C[C@H](N(C)C)[C@H]2O)[C@](C)(O)C[C@H]1C,0
CCCc1ccc(O)cc1,1
COc1cc(C)c(S(=O)(=O)NC[C@@H](O)[C@@H](N)Cc2ccccc2)c(C)c1C,0
Cc1cccc(Cl)c1Nc1nc2ccc(N3CCN[C@@H](C)C3)cc2n2cncc12,0
CN=N,0
O[C@H]1[C@H](O)[C@@H](O)CN2CC[C@H](O)[C@H]12,0
C[C@@H]([C@H](N)C(=O)N[C@H](C(=O)O)[C@H]1O[C@@H](n2ccc(=O)[nH]c2=O)[C@H](O)[C@@H]1O)[C@H](O)c1ccc(O)cn1,0
O=C(O)c1ccc2ccccc2n1,0
COc1ccc(C(=CC(=O)N2CCOCC2)c2ccc(Cl)cc2)cc1OC,1
NC(=O)[C@H](CCC(=O)O)NC(=O)c1ccc2cc(C(F)(F)P(=O)(O)O)ccc2c1,0
CC1CC2C3CCC4=CC(=O)C=CC4(C)C3(F)C(O)CC2(C)C1(O)C(=O)COP(=O)(O)O,1
CNC(=O)ON=C(C)SC,1
NC[C@H]1OB(O)c2c(OCCCO)cccc21,0
CC(C)=CCC/C(C)=C/CC/C(C)=C/CC/C(C)=C/COP(=O)(O)OP(=O)(O)O,0
CCN(CCCOc1ccc2c(Nc3cc(CC(=O)Nc4cccc(F)c4)[nH]n3)ncnc2c1)CCOP(=O)(O)O,0
O=c1c(OC2OC(C(O)CO)C(O)C2O)c(-c2ccc(O)c(O)c2)oc2cc(O)cc(O)c12,1
O=C(O)[C@H]1C2CCC(CC2)[C@@H]1Nc1nc(-c2c[nH]c3ncc(F)cc23)ncc1F,0
CNC1CCc2cc(OC)c(OC)c(OC)c2-c2ccc(OC)c(=O)cc21,1
Cn1c(CNc2ccc(C(=N)N)cc2)nc2cc(C(=O)N(CCC(=O)O)c3ccccn3)ccc21,1
C[C@@H]1C[C@H]2[C@@H]3C[C@H](F)C4=CC(=O)C(Cl)=C[C@]4(C)[C@@]3(F)[C@@H](O)C[C@]2(C)[C@@]1(O)C(=O)CO,0
Cn1cc(NC(=O)c2cc(NC(=O)c3ccc(/C=C/c4cnc5ccccc5c4)cc3)cn2C)cc1C(=O)NCCN1CCOCC1,0
Cc1cn([C@H]2C[C@H](S)[C@@H](COP(=O)(O)O)O2)c(=O)[nH]c1=O,0
NCCCS(=O)(=O)O,0
CCCCC(CC)CCC(CC(C)C)OS(=O)(=O)O,0
COC(=O)O[C@@]12CO[C@@H]1C[C@H](O)[C@@]1(C)C(=O)[C@H](OC(C)=O)C3=C(C)[C@@H](OC(=O)[C@H](O)[C@@H](NC(=O)OC(C)(C)C)C(C)(C)C)C[C@@](O)([C@@H](OC(=O)c4ccccc4)[C@H]21)C3(C)C,0
NC(N)=NCCC[C@@H]1NC(=O)[C@@H]2CCCN2C(=O)[C@@H](NC=O)CNC(=O)/C=C/[C@H](Cc2ccc(O)cc2)NC(=O)[C@@H](Cc2ccccc2)NC(=O)C1=O,0
NC(=O)CN1CCCC1=O,0
O=C(O)c1ccc2c(C3CCCCC3)c(-c3ccccc3)n(CC(=O)N3CCOCC3)c2c1,0
COc1cc(N(CC(=O)O)CC(=O)O)c2nc(COc3cc(C)ccc3N(CC(=O)O)CC(=O)O)ccc2c1,1
C[C@H](O)[C@H](O)C1=Nc2c(nc(N)[nH]c2=O)NC1,0
NC(CC(=O)N1CCn2c(nnc2C(F)(F)F)C1)Cc1cc(F)c(F)cc1F,1
CCN(CC)C(=O)C1CN2CCc3cc(OC)c(OC)cc3C2CC1OC(C)=O,0
CCC(C)C(NC(=O)C(Cc1ccc(O)cc1)NC(=O)C(NC(=O)C(CCCN=C(N)N)NC(=O)C(N)CC(=O)O)C(C)C)C(=O)NC(Cc1cnc[nH]1)C(=O)N1CCCC1C(=O)NC(Cc1ccccc1)C(=O)O,0
CCN(C/C=C\c1ccc(C2CCCCC2)c(Cl)c1)C1CCCCC1,0
CN1CCN(c2nc(C3=C(c4c[nH]c5ccccc45)C(=O)NC3=O)c3ccccc3n2)CC1,0
Nc1nc2c(c(=O)[nH]1)N=C(CO)CN2,0
Cc1cc(NS(=O)(=O)c2ccccc2)cc(OCCNc2ccncc2)c1,0
O=c1[nH]c(=O)c2n[nH]nc2[nH]1,0
CC(C)C[C@H](CN(O)C=O)C(=O)O,0
CN(C)CCNC(=O)c1cccc2c(N)c3cccc(Br)c3nc12,0
Cc1ccccc1-n1c(CF)nc2ccc(N)cc2c1=O,0
NC(=NCCC[C@H](N)C(=O)O)SC[C@H](N)C(=O)O,0
CC(C)[C@@H](NC(=O)NCC(C)(C)O)C(=O)N1CC[C@](O)(c2ccc(Cl)cc2)C(C)(C)C1,0
CCC(=O)c1ccc(O)cc1,0
CNC(=O)[C@@H](NC(=O)[C@H](CC(C)C)[C@H](O)C(=O)NO)C(C)(C)C,0
COCC(=O)[C@@]1(OC(C)=O)CC[C@H]2[C@@H]3CCC4=CC(=O)CCC4=C3[C@@H](c3ccc(N(C)C)cc3)C[C@@]21C,0
Cc1cc(C)cc(S(=O)(=O)c2cccc(N)c2C#N)c1,0
CCCNC(=O)[C@H]1O[C@@H]1C(=O)N[C@H](C(=O)N1CCC[C@H]1C(=O)OCc1ccccc1)[C@@H](C)CC,0
N#Cc1c(N2C[C@@H]3NCCO[C@H]3C2)c(F)cc2c(=O)c(C(=O)O)cn(C3CC3)c12,0
CCOC(=O)CC(SP(=O)(OC)SC)C(=O)OCC,1
Cc1ccc(C(=O)NC2CC2)cc1-n1ncc(C(=O)c2cccc(C#N)c2)c1N,0
CCC(=O)OCC(=O)[C@@]1(OC(=O)CC)[C@H](C)C[C@H]2[C@@H]3CCC4=CC(=O)C=C[C@]4(C)[C@@]3(F)[C@@H](O)C[C@@]21C,0
[O-][n+]1cccc(-c2nc3c(Cl)cccc3cc2[C@@H](Nc2ncnc3cccnc23)C(F)(F)F)c1,0
O=C1c2cccc(O)c2C(=O)c2c(O)cccc21,1
Nc1n[nH]c(=S)s1,0
O=C(O)CCN1C(=O)/C(=C\c2ccc(-c3ccc(Cl)cc3)o2)SC1=S,0
C#CCN(Cc1ccc2nc(N)[nH]c(=O)c2c1)c1ccc(C(=O)N[C@@H](CCC(=O)O)C(=O)O)cc1,0
Cn1c(=O)c2c(nc3n2CCCN3Cc2c(F)cccc2Cl)n(C)c1=O,1
COc1ccccc1OC1(C)OC(=O)c2ccccc2O1,0
[Ce],1
CC(C)(S)C(=O)NC(CS)C(=O)O,1
Clc1ccc2c(c1Cl)CNCCC2,0
C=C1C(=CC=C2CCCC3(C)C2CCC3C(C)CCCC(C)(C)O)CC(O)CC1O,0
O=C(NOC[C@H](O)CO)c1ccc(F)c(F)c1Nc1ccc(I)cc1F,0
COc1ccc(CCc2c3nc[nH]c3cc3c(=O)[nH]c(N)nc23)cc1,0
CC=C1C(OC2OC(CO)C(O)C(O)C2O)OC=C(C(=O)OC)C1CC(=O)OCCc1ccc(O)c(O)c1,1
COC(=O)C1CCN(C(=O)c2ccc(N(C)Cc3cnc4nc(N)nc(N)c4n3)cc2)CC1,0
N[C@@H](Cc1c(O)[nH]c2ccccc12)C(=O)O,0
O=C(O)Cc1ccc([N+](=O)[O-])cc1,0
O=C(O)[C@H](CI)Cc1ccccc1,0
CN1C(=O)CC(C)(c2ccccc2)C1=O,0
CC(CC(C)(C)O)OC(O)C(Cl)(Cl)Cl,0
OC1C=C2CCN3Cc4cc5c(cc4C(C1O)C23)OCO5,1
C/C(=C\c1csc(C)n1)[C@@H]1C[C@@H]2O[C@]2(C)CCC[C@H](C)[C@H](O)[C@@H](C)C(=O)C(C)(C)[C@@H](O)CC(=O)O1,0
O=c1cc(O)c2ccccc2o1,0
CN(C(=O)/C=C/c1ccoc1)[C@@H]1CC[C@@]2(O)[C@H]3Cc4ccc(O)c5c4[C@@]2(CCN3CC2CC2)[C@H]1O5,0
CC(C)OC(=O)[C@H](C)N[P@](=O)(OC[C@H]1O[C@@](C#N)(c2ccc3c(N)ncnn23)[C@](C)(O)[C@@H]1OC(=O)C(C)C)Oc1ccccc1,0
C[N+]1(Cc2ccc(-c3ccccc3)cc2)[C@@H]2CC[C@H]1C[C@@H](OC(=O)C(CO)c1ccccc1)C2,0
OCCOCCOCCOCCOCCOCCOCCO,0
N[C@@H](CC1=CC(=O)C(=O)C=C1O)C(=O)O,0
COCC(c1c(O)c2ccccc2oc1=O)c1c(O)c2ccccc2oc1=O,0
CCCCCC[C@@H](O)C/C=C\CCCCCCCC(=O)O,0
Cc1ccc(C=O)cc1,1
O=C(O)c1ccnc(N2CC(O)(c3ccc(OCc4c(-c5c(Cl)cccc5Cl)noc4C4CC4)cc3Cl)C2)c1,0
CC(C)[C@@H](NC(=O)OC(C)(C)C)c1nnco1,0
Cc1ccccc1-c1cc(N2CC[N+](C)(COP(=O)([O-])O)CC2)ncc1N(C)C(=O)C(C)(C)c1cc(C(F)(F)F)cc(C(F)(F)F)c1,0
CCCS(=O)(=O)N[C@@H](C(=O)N[C@@H](CCSC)C(=O)NCc1ccc(C(=N)N)cc1)[C@H](C)O,0
CCC[C@H](NC(=O)[C@@H]1[C@H]2CCC[C@H]2CN1C(=O)[C@@H](NC(=O)[C@@H](NC(=O)c1cnccn1)C1CCCCC1)C(C)(C)C)C(=O)C(=O)NC1CC1,1
Cc1ccc(S(=O)(=O)N2N=Cc3ccccc3B2O)cc1,0
Nc1nc(Nc2ccc(S(N)(=O)=O)cc2)nn1C(=S)Nc1c(F)cccc1F,0
CC(=O)Nc1nc(C)c(-c2ccc(Cl)c(S(=O)(=O)NCCO)c2)s1,0
NC(=O)CCC1NC(=O)C(Cc2ccccc2)NC(=O)C(Cc2ccc(O)cc2)NC(=O)C(N)CSSCC(C(=O)N2CCCC2C(=O)NC(CCCN=C(N)N)C(=O)NCC(N)=O)NC(=O)C(CC(N)=O)NC1=O,0
OC[C@H]1O[C@H](O)[C@H](F)[C@@H](O)[C@@H]1O,0
C/C=C/c1ccc(O)c(OC)c1,0
Nc1ccccc1NC(=O)c1ccc(CNc2nccc(-c3cccnc3)n2)cc1,0
N[C@@H](CO)[C@@H](O)[C@H](O)[C@H](O)COP(=O)(O)O,0
O=COCc1ccccc1,0
CC(C)c1c(OC2CCCCC2)c2cc(Cl)ccc2[nH]c1=O,0
COC(=O)CC[C@@H]1N=C(c2ccccn2)c2cc(Br)ccc2-n2c(C)cnc21,0
Cc1cc(=O)oc2cc(O[C@@H]3O[C@H](CO)[C@@H](O)[C@H](O)[C@H]3O)ccc12,0
C[C@@H](Nc1nc(N[C@H](C)C(F)(F)F)nc(-c2cccc(Cl)n2)n1)C(F)(F)F,0
CCc1ccc(NS(=O)(=O)O)cc1,0
Nc1nc(NC2CC2)c2ncn([C@H]3C=C[C@@H](COC(=O)CO)C3)c2n1,0
NCC1OC(OC2C(N)CC(N)C(OC3OC(CO)C(O)C(N)C3O)C2O)C(N)CC1O,1
CCCc1nc(C(C)(C)O)c(C(=O)OCc2oc(=O)oc2C)n1Cc1ccc(-c2ccccc2-c2nn[nH]n2)cc1,1
Cc1cn([C@@H]2O[C@@]3(COP(O)(=S)O[C@H]4[C@H]5O[C@H](C)[C@]4(COP(O)(=S)O[C@H]4C[C@H](n6cc(C)c(=O)[nH]c6=O)O[C@@H]4COP(O)(=S)O[C@H]4[C@@H](O)[C@H](n6cnc7c6N=CNC7N)O[C@@H]4COP(O)(=S)O[C@H]4[C@@H](O)[C@H](n6cnc7c(=O)[nH]c(N)nc76)O[C@@H]4COP(O)(=S)O[C@H]4[C@@H](O)[C@H](n6ccc(N)nc6=O)O[C@@H]4COP(O)(=S)O[C@H]4[C@@H](O)[C@H](n6cnc7c(N)ncnc76)O[C@@H]4COP(O)(=S)O[C@H]4[C@@H](O)[C@H](n6ccc(N)nc6=O)O[C@@H]4COP(O)(=S)O[C@H]4[C@@H](O)[C@H](n6cc(C)c(=O)[nH]c6=O)O[C@@H]4COP(O)(=S)O[C@H]4[C@@H](O)[C@H](n6cnc7c(=O)[nH]c(N)nc76)O[C@@H]4COP(O)(=S)O[C@H]4[C@@H](O)[C@H](n6cnc7c(=O)[nH]c(N)nc76)O[C@@H]4COP(O)(=S)O[C@H]4[C@@H](O)[C@H](n6ccc(N)nc6=O)O[C@@H]4COP(O)(=S)O[C@H]4[C@H]6O[C@H](C)[C@]4(COP(O)(=S)O[C@H]4[C@H]7O[C@H](C)[C@]4(CO)O[C@H]7n4ccc(=O)[nH]c4=O)O[C@H]6n4cc(C)c(N)nc4=O)O[C@H]5n4ccc(=O)[nH]c4=O)[C@@H](C)O[C@@H]2[C@@H]3O)c(=O)nc1N,1
CN(C)c1ccc(O)c2c1C[C@H]1C[C@H]3[C@H](N(C)C)C(O)=C(C(N)=O)C(=O)[C@@]3(O)C(O)=C1C2=O,1
CC(C)(CO)C(O)C(=O)NCCC(=O)O,1
COc1cc(CC2COC(=O)C2Cc2ccc(O)c(OC)c2)ccc1O,1
O=C1[C@@H]2[C@H]3CC[C@H](C3)[C@@H]2C(=O)N1CCCCN1CCN(c2ncccn2)CC1,0
CC(C)=CCCC(C)=CCCC(C)=CCCC(C)=CCCC(C)=CCCC(C)=CCCC(C)=CCCC(C)=CCCC1(C)CCc2cc(O)c(C)c(C)c2O1,1
CSCC[C@H](N)C(O)(O)c1nccs1,0
CNC(=O)[C@H]1O[C@@H](n2cnc3c(NCc4cccc(I)c4)ncnc32)[C@H](O)[C@@H]1O,0
CC1(O)CC(N)(c2ccc(-c3nc4n(c3-c3ccccc3)COc3ccncc3-4)cc2)C1,0
CC(=O)Oc1ccccc1C(=O)O[C@H]1CC[C@@]2(C)C(=CC[C@H]3[C@@H]4C[C@@H]5O[C@]6(CC[C@@H](C)CO6)[C@@H](C)[C@@H]5[C@@]4(C)CC[C@@H]32)C1,0
C[C@H](CCC(=O)NCCS(=O)(=O)O)[C@H]1CC[C@H]2[C@@H]3CC[C@@H]4C[C@H](O)CC[C@]4(C)[C@H]3CC[C@]12C,1
O=c1[nH]c(=O)c2c([nH]1)n(C[C@@H](O)[C@@H](O)[C@H](O)CO)c(=O)n2CCCOP(=O)(O)O,0
O=C1Nc2ccccc2OC1(c1ccc(O)cc1)c1ccc(O)cc1,0
O=C(NO)[C@@H](O)[C@H](O)[C@@H](O)C(=O)O,0
NCC[C@@H](O)[C@H](N)CC(=O)N[C@H]1CNC(=O)[C@H]([C@H]2CCNC(N)=N2)NC(=O)C(=CNC(N)=O)NC(=O)[C@H](CO)NC(=O)[C@H](CO)NC1=O,0
CN(C)CC1CCn2cc(c3ccccc32)C2=C(C(=O)NC2=O)c2cn(c3ccccc23)CCO1,1
CCC[C@@H](C)C[C@H](CN)CC(=O)O,0
Cc1nnc2n1-c1sc(CCC(=O)N3CCOCC3)cc1C(c1ccccc1Cl)=NC2,1
Nc1nc2c(c(=O)[nH]1)N1CN(c3ccc(C(=O)N[C@@H](CCC(=O)O)C(=O)O)cc3)C[C@H]1CN2,0
CCC(=O)O[C@@H]1CC(=O)O[C@H](C)C/C=C/C=C/[C@H](O[C@H]2CC[C@H](N(C)C)[C@@H](C)O2)[C@H](C)C[C@H](CC=O)[C@H](O[C@@H]2O[C@H](C)[C@@H](O[C@H]3C[C@@](C)(O)[C@@H](O)[C@H](C)O3)[C@H](N(C)C)[C@H]2O)[C@H]1OC,0
CC(C)=CCCC(C)CC=O,1
CC(C)=CCC/C(C)=C/CC/C(C)=C/CN1C(=O)c2cccc(O)c2Nc2c(O)cc(O)cc21,0
CCC(c1cccc(O)c1)C(C)CN(C)C,0
[127Xe],0
COC(=O)c1cccnc1,0
COC(=O)N[C@H](C(=O)N1CCC[C@H]1c1ncc(-c2cc(F)c3c(c2)O[C@@H](c2cnc(C4CC4)s2)n2c-3cc3cc(-c4cnc([C@@H]5CCCN5C(=O)[C@@H](NC(=O)OC)C(C)C)[nH]4)ccc32)[nH]1)C(C)C,1
O=C(Nc1ccc(OC(F)(F)F)cc1)c1sccc1NCc1ccnc2ccccc12,0
NCCCN1CCN(CCCNC(=O)c2cc(O[C@@H]3O[C@H](CO)[C@H](O)[C@H](O)[C@H]3O)cc([N+](=O)[O-])c2)CC1,0
O=C1CCc2ccccc2O1,1
NS(=O)(=O)c1ccc(C(=O)NCc2ccccc2)cc1,0
C[C@H]1O[C@@H](n2cc(F)c(=O)[nH]c2=O)[C@H](O)[C@@H]1O,0
ClN(Cl)Cl,0
CCCN(CCC)CCc1cccc2c1CC(=O)N2,1
CC(CCc1ccc(O)cc1)NCC(O)c1ccc(O)cc1,0
Cc1ccc(NC(=O)c2ccc(CN3CC[C@H](N(C)C)C3)c(C(F)(F)F)c2)cc1Nc1nccc(-c2cncnc2)n1,0
C1=C/COCc2cc(ccc2OCCN2CCCC2)Nc2nccc(n2)-c2cccc(c2)COC/1,0
CC(C)/N=C/Nc1ccc(-c2c[nH]cn2)cc1,1
O=C(O)CCC(=O)OCC(NC(=O)C(Cl)Cl)C(O)c1ccc([N+](=O)[O-])cc1,1
CCCOCCOCCOCCCNc1c(N)c(=O)c1=O,0
Nc1nc2c(c(=O)[nH]1)N(CO)[C@@H](CNc1ccc(C(=O)N[C@@H](CCC(=O)O)C(=O)O)cc1)C=N2,0
CCC(=O)OC1C(OC2C(C)C(OC3CC(C)(OC)C(O)C(C)O3)C(C)C(=O)OC(CC)C(C)(O)C(O)C(C)C(=O)C(C)CC2(C)O)OC(C)CC1N(C)C,1
O=C1CC[C@@H](C(=O)N2CSC[C@H]2C(=O)O)N1,0
C[Si]1(C)O[Si](C)(C)O[Si](C)(C)O[Si](C)(C)O[Si](C)(C)O1,0
CC(=O)Nc1ccc(C(=O)O)cc1NC(N)N,0
CC(=O)OC/C=C(C)/C=C/C=C(C)/C=C/C1=C(C)CCCC1(C)C,0
Cc1c2cc[n+](C)cc2c(C)c2c1[nH]c1ccc(O)cc12,0
Brc1c(Br)c(Br)c(Br)c(Br)c1Br,1
OCC(O)C(O)C(O)CO,1
C[C@@H]1C[C@H]2[C@@H]3C[C@H](F)C4=CC(=O)C=C[C@]4(C)[C@H]3[C@@H](O)C[C@]2(C)[C@H]1C(=O)C(=O)O,0
NC(=O)c1ccc2c(c1O)[C@]13CCN(CC4CC4)[C@H](C2)[C@]1(O)CCC(=O)C3,0
CCOC(=O)C1(c2ccccc2)CCN(CCCNc2ccccc2)CC1,0
CC1(C)[C@@H]2CC[C@@]1(C)NC2,0
CCc1cc(-c2[nH]ncc2-c2cnc[nH]2)c(O)cc1O,0
CN(C(=O)N1CC(c2cc(F)ccc2F)=C[C@H]1c1ccccc1)C1CCNCC1,0
N[C@@H](C[C@H]1CO1)C(=O)O,0
O=C1C(=Cc2ccc(O)c(O)c2)Oc2cc(O)cc(O)c21,1
O=C(NO)[C@@H](O)[C@H](O)[C@H](O)COP(=O)(O)O,0
CN1[C@H]2CC[C@@H]1[C@@H](C(=O)O)[C@@H](O)C2,0
Cc1cccc2c1ccc1ccccc12,1
CC(C)CN(C[C@@H](O)[C@H](Cc1ccccc1)NC(=O)[C@H](CC(N)=O)NC(=O)c1ccc2ccccc2n1)C(=O)NC(C)(C)C,0
COc1ccc2cc([C@H](C)C(=O)OCCS(C)(=O)=O)ccc2c1,0
Cc1cc(OP(=O)(O)O)c2ccccc2c1OP(=O)(O)O,0
C[C@@H]1C[C@H]2[C@H]3[C@H]([C@@H](O)C[C@]2(C)[C@@]1(O)C(=O)CO)[C@@]1(C)C=CC(=O)C=C1C[C@H]3Cl,0
CN1CCN(c2c(F)cc3c(=O)c(C(=O)O)cn4c3c2OCN4C)CC1,0
OCCOc1ccc(Cl)cc1,0
O=C(N[C@H]1CNCCC[C@H]1OC(=O)c1cc(O)c(C(=O)c2c(O)cccc2C(=O)O)c(O)c1)c1ccc(O)cc1,0
Nc1nccc(-c2csc(N)n2)n1,0
CC1=C2C(=O)c3c(O)cccc3C=C2C[C@@H](CC(=O)O)O1,0
O=C(O)C[C@H](NC(=O)CP(=O)(O)O)C(=O)O,0
CC(CN(C)C)CN1c2ccccc2Sc2ccc(C#N)cc21,0
C[C@H]1CCC/C=C/[C@@H]2C[C@H](OC(=O)OCc3cccnc3)C[C@H]2[C@H](O)/C=C/C(=O)O1,0
CCCc1c(OCCCOc2ccc3c(ccn3CC(=O)O)c2)ccc2c(C(F)(F)F)noc12,0
COC(=O)c1ccccc1S(=O)(=O)NC(=O)N(C)c1nc(C)nc(OC)n1,0
O=P(O)(O)OC[C@@H](O)[C@@H](O)c1c[nH]c2ccccc12,0
CCCCCC(O)C=CC=CCC=CCC=CCCCC(=O)O,1
CC(C)NCC(O)COc1cccc2[nH]ccc12,0
N[C@@H]1[C@@H](O)[C@H](OP(=O)(O)O)[C@@H](CO)O[C@H]1O,0
CCOC(=O)OCC/C(SC(=O)OCC)=C(\C)N(C=O)Cc1cnc(C)nc1N,0
N=C(N)c1ccc(CNC(=O)[C@@H]2CCCN2C(=O)CNC2CCCCC2)cc1,0
C[C@]12CC[C@H]3[C@@H](CCC4=CC(=O)CC[C@@]43C)[C@@H]1CC[C@H]2O,0
O=C(O)CCCCC[C@@H]1SC[C@@H]2NC(=O)N[C@@H]21,0
OCCNCCO,1
CCCCCC(O)C=CC1C2CC(CO2)C1CC=CCCCC(=O)O,1
COC1CCC(C(=O)Nc2cc(-c3ccnc(Nc4ccc(F)cc4)c3)ccn2)CC1,0
O=c1ccn([C@@H]2O[C@H](CO)[C@@H](O)[C@@H]2F)c(=O)[nH]1,0
O=C(O)CCCCCCNC(=O)NC1CCCCC1,0
CCCCc1nc(CCCC)n(Cc2ccc(-c3ccccc3-c3nn[nH]n3)nc2)n1,0
OCCN1CCN(CCCN2c3ccccc3Sc3cccnc32)CC1,0
CC(C)OC(=O)C(C(=O)OC(C)C)=C1SC=CS1,0
CC(Cc1ccccc1)NN,1
COc1cccc(/C=N/N(C(=O)C(F)(F)F)c2ccc(C)cc2C)c1,0
CCCC[S@@+]([O-])c1sc2nc(-c3nccs3)cc(-c3cnc(C)n3C)c2c1N,0
O=C(/C=C\n1cnc(-c2cc(C(F)(F)F)cc(C(F)(F)F)c2)n1)NNc1ccccn1,0
Brc1cc2c(cc1Br)Oc1cc(Br)c(Br)cc1O2,1
CCCCC(C)(C)[C@H](O)/C=C/[C@H]1[C@H](C)CC(=O)[C@@H]1C/C=C\CCCC(=O)O,1
COc1ccc(F)c(F)c1C(=O)c1cnc(NC2CCN(S(C)(=O)=O)CC2)nc1N,0
COc1ccc([C@@]23Oc4cc(OC)cc(OC)c4[C@]2(O)[C@H](O)[C@H](C(=O)N(C)C)[C@H]3c2ccccc2)cc1,0
CCC(=O)[C@@H](C)c1cc[n+]([C@@H]2O[C@H](COP(=O)(O)OP(=O)([O-])OC[C@H]3O[C@@H](n4cnc5c(N)ncnc54)[C@H](O)[C@@H]3O)[C@@H](O)[C@H]2O)cc1C(N)=O,0
CCOc1ccc2ccccc2c1C(=O)NCB(O)O,0
S=C(S)N1CCCC1,1
C=C(C#N)C(=O)OC(C)CCCCCC,0
NC(=O)[C@@H](N)Cc1ccc(O)cc1,0
C#CCOc1ccc(Nc2nc(Nc3ccc(C)c(S(=O)(=O)NC(=O)CC)c3)ncc2F)cc1,0
CC(=O)[C@H]1CC[C@H]2[C@@H]3CC[C@@H]4CC(=O)CC[C@]4(C)[C@H]3CC[C@]12C,0
Cc1c(N)cccc1F,0
[125IH],0
O=C(Nc1ccc(Cl)c(S(=O)(=O)N2CCNCC2)c1O)Nc1cccc(F)c1Cl,0
Oc1ccccc1C=NCCN=Cc1ccccc1O,1
O=C(O)CN(CCO)CCO,0
COc1ccc(C(=O)C=Cc2ccccc2)cc1,1
CSCCC(NC(=O)C(Cc1c[nH]c2ccccc12)NC(=O)CCNC(=O)OC(C)(C)C)C(=O)NC(CC(=O)O)C(=O)NC(Cc1ccccc1)C(N)=O,0
CC(C)Oc1cc(NC(=N)c2ccccn2)ccc1-c1ccc(-c2ccc(NC(=N)c3ccccn3)cc2OC(C)C)o1,0
CC[C@@H](C)[C@@H]1OC(=O)[C@H](C(C)C)N(C)C(=O)[C@H](CC(C)C)NC(=O)[C@H](C(C)C)N(C)C(=O)[C@@H]([C@H](C)C(C)C)NC(=O)[C@@H]2CCCN2C(=O)[C@H](Cc2ccccc2)N(C)C(=O)[C@H](Cc2ccccc2)NC(=O)C(C(C)C)NC1=O,0
COC1=CC(=O)O[C@@H](/C=C/c2ccc3c(c2)OCO3)C1,0
CC(NC(=O)c1ncnc(N)c1Cl)c1ncc(C(=O)Nc2cc(C(F)(F)F)c(Cl)cn2)s1,0
CCCCCCCCCCCC1=C(O)c2ncsc2C(=O)C1=O,0
O=C(c1cc(Cl)c(O)c(Cl)c1)N1CS(=O)(=O)c2ccccc21,0
CCC(C)C(NC(=O)CN)C(=O)NCC(=O)NC(C)C(=O)NC(C(=O)NC(CC(C)C)C(=O)NC(CCCCN)C(=O)NC(C(=O)NC(CC(C)C)C(=O)NC(C(=O)NC(C(=O)NCC(=O)NC(CC(C)C)C(=O)N1CCCC1C(=O)NC(C)C(=O)NC(CC(C)C)C(=O)NC(C(=O)NC(CO)C(=O)NC(Cc1c[nH]c2ccccc12)C(=O)NC(C(=O)NC(CCCCN)C(=O)NC(CCCNC(=N)N)C(=O)NC(CCCCN)C(=O)NC(CCCNC(=N)N)C(=O)NC(CCC(N)=O)C(=O)NC(CCC(N)=O)C(N)=O)C(C)CC)C(C)CC)C(C)O)C(C)O)C(C)C)C(C)C,1
CC(CCc1ccccc1)NC(C)C(O)c1cc(I)c(O)c(I)c1,0
CC1OC(Oc2c(-c3ccc(O)c(O)c3)oc3cc(O)cc(O)c3c2=O)C(O)C(O)C1O,1
CC(C)=CCC[C@](C)(O[C@@H]1O[C@H](CO[C@@H]2O[C@H](CO)[C@@H](O)[C@H](O)[C@H]2O)[C@@H](O)[C@H](O)[C@H]1O)[C@H]1CC[C@]2(C)[C@@H]1[C@H](O)C[C@@H]1[C@@]3(C)CC[C@H](O[C@@H]4O[C@H](CO)[C@@H](O)[C@H](O)[C@H]4O[C@@H]4O[C@H](CO)[C@@H](O)[C@H](O)[C@H]4O)C(C)(C)[C@@H]3CC[C@]12C,0
O=C(O)CNC(=O)c1cccc(O)c1,0
N#Cc1c(N2C[C@@H]3CCCN[C@@H]3C2)c(F)cc2c(=O)c(C(=O)O)cn(C3CC3)c12,0
CCCCC=CC=CC=CCCCCCCCC(=O)O,1
COC(=O)c1ccc(O)c(OC)c1,0
CC1=C(O)C(=O)C=C2C1=CC=C1C2(C)CCC2(C)C3CC(C)C(=O)C(O)C3(C)CCC12C,1
C[C@H]1CCCC[C@@]1(c1cccs1)N1CCCCC1,0
CCN(CC)c1cc(C)nc2ncnn12,0
C1=Cc2ccccc2ON1,1
COc1nc(N)nc2c1ncn2[C@@H]1O[C@H](COP(=O)(N[C@@H](C)C(=O)OCC(C)(C)C)Oc2cccc3ccccc23)[C@@H](O)[C@@]1(C)O,0
Nc1ncnc(Nc2ccccc2)n1,0
O=C(O)CCc1ccc(N=Cc2ccccc2O)c(N=Cc2ccccc2O)c1,0
CCCCCCCCCCCC(=O)SCCNC(=O)CCNC(=O)[C@H](O)C(C)(C)COP(=O)(O)OP(=O)(O)OC[C@H]1O[C@@H](n2cnc3c(N)ncnc32)[C@H](O)[C@@H]1OP(=O)(O)O,0
CN1CCOC(O)(c2ccc3c(c2)Nc2ccccc2S3)C1,0
N#CNC(=NCCCCCCOc1ccc(Cl)cc1)Nc1ccncc1,0
BrC1CC(Br)CC(Br)CC(Br)CC(Br)CC(Br)C1,1
Nc1nc2cc(Cl)ccc2o1,1
C=CC[C@@H](C=O)[C@H]1CCC[C@@H]1O,0
COc1ccc2c3c1O[C@H]1[C@@H](O)C=C[C@H]4[C@@H](C2)[N@@+](C)([O-])CC[C@@]341,0
C[C@]12C=CC(=O)C[C@@H]1CC[C@@H]1[C@@H]2CC[C@@]2(C)[C@H]1CC[C@]2(C)O,0
CCN(C(=O)c1c(O)c2c(Cl)cccc2n(C)c1=O)c1ccccc1,0
CC(O)CCOCCC(C)O,0
CC(=O)[C@@H](N)CCc1ccccc1,0
Cn1c(CCCCCCC(=O)NO)nc2cc(N(CCCl)CCCl)ccc21,0
Cc1cc(NS(=O)(=O)c2ccc(N)cc2)no1,1
Oc1ccc2ccccc2c1N=Nc1ccc(N=Nc2ccccc2)cc1,1
CO[C@H](Cc1ccccc1)[C@H](C)/C=C(C)/C=C/[C@H](N)[C@H](C)C(=O)O,0
NCCCCc1ccccc1,0
N#CC(Cl)Cl,1
C[C@@H](CC1(c2nn[nH]n2)c2ccc(C(=O)N(C)C)cc2CCc2cc(C(=O)N(C)C)ccc21)NCC(=O)N1CCC[C@H]1C#N,0
NCC1CCN(CC(=O)Nc2cccc3c2C(=O)c2c-3n[nH]c2C2CCCCC2)CC1,0
C[C@H](Oc1ccc(S(C)(=O)=O)cc1C(=O)N1CCN(c2ncc(C(F)(F)F)cc2F)CC1)C(F)(F)F,0
CCC(CO)NC(=O)C1C=C2c3cccc4[nH]cc(c34)CC2N(C)C1,0
C[C@]12CC[C@H]3[C@@H](CCC4=C(O)C(=O)CC[C@@H]43)[C@@H]1CC[C@@H]2O,0
CC12CCC(O)CC1=CCC1C2CCC2(C)C(c3cccnc3)=CCC12,1
CC(C)CC(=O)Nc1cncc(-c2ccc3[nH]nc(-c4nc5c(-c6cccc(F)c6)cncc5[nH]4)c3c2)c1,0
CCc1nn(C)c(C(=O)NCc2ccc(C(C)(C)C)cc2)c1Cl,1
CCN1CC(CCN2CCOCC2)C(c2ccccc2)(c2ccccc2)C1=O,0
c1cn2cc(-c3ccc4cn[nH]c4c3)nc(Nc3ccc(N4CCOCC4)cc3)c2n1,0
O=C(NCc1ccccc1)NC[C@@H](O)C(=O)O,0
CCC(=O)N(c1ccccc1)C1(C(=O)O[11CH3])CCN(CCc2ccccc2)CC1,0
CCCCCCC(COC(=O)c1cccnc1)(COC(=O)c1cccnc1)COC(=O)c1cccnc1,0
C=Cc1c2[nH]c(c1C)/C=c1\[nH]/c(c(C)c1CC)=C\c1[nH]c(c(CCC(=O)O)c1C)/C=c1\[nH]/c(c(C)c1CCC(=O)O)=C\2,0
COc1ccc(CC2COC(=O)C2Cc2ccc(OC3OC(CO)C(O)C(O)C3O)c(OC)c2)cc1OC,1
Cc1cccc2c(CCN)c[nH]c12,1
CNC(=O)c1ccccc1Nc1nc(Nc2ccc(N3CCOCC3)cc2OC)ncc1Cl,0
CCCC[C@H](CN(O)C=O)C(=O)N[C@H](C(=O)N(C)C)C(C)(C)C,0
NC(N)=NCCCC(NC(=O)C(Cc1ccccc1)NC(=O)C1CCCN1)C(=O)CCl,1
O=C(OCC(O)CO)c1ccccc1Nc1ccnc2cc(Cl)ccc12,1
CC[Hg]Cl,1
CC(C)C(NC(=O)[C@H](CC(=O)O)NC(=O)[C@H](CCCCN)NC(=O)[C@@H](N)CCCN=C(N)N)C(=O)N[C@@H](Cc1ccc(O)cc1)C(=O)O,0
N[C@H](CO)Cc1cnc[nH]1,0
CCCCCCCCCCC[P@@H](=O)OCCCC,0
O=C1NOCC1/N=C/c1ccc(/C=N/C2CONC2=O)cc1,0
CNC(=O)[C@H](Cc1c[nH]c2ccccc12)NC(=O)[C@@H](CC(=O)NO)CC(C)C,0
C=Cc1c(C)c2cc3nc(c(CC(=O)N[C@@H](CC(=O)O)C(=O)O)c4nc(cc5[nH]c(cc1[nH]2)c(C)c5CC)C(C)=C4C(=O)O)[C@@H](CCC(=O)O)[C@@H]3C,0
C/C=C/C=C/C1OC(O)(C(CC)C(=O)NC/C=C/C=C(\C)C(OC)C(C)C2OC(/C=C/C=C/C=C(\C)C(=O)c3c(O)ccn(C)c3=O)C(O)C2O)C(O)C(OC2OC(C)C(OC3OC(C)C(OC)C(O)C3OC)C(OC)C2O)C1(C)C,0
COc1ccc(C(=O)NCc2cccnc2)cc1C(=O)NCc1cccnc1,0
CCCCC[C@H](O)CC[C@@H]1[C@H]2Cc3cccc(OCC(=O)O)c3C[C@H]2C[C@H]1O,0
Nc1cc(CSc2ncc[nH]2)c2nc(N)[nH]c(=O)c2c1,0
O=C1C(c2c(O)[nH]c3ccc(S(=O)(=O)O)cc23)=Nc2ccccc21,0
CCCCc1nc(-c2ccc(OCCCN(CC)CC)cc2)cn1-c1ccc(Oc2ccc(Cl)cc2)cc1,0
O=C(CCS)NCCCNc1c2c(nc3ccccc13)CCCC2,0
OCC1OC(OC2(CO)OC(CO)C(O)C2O)C(O)C(O)C1O,1
CC(=O)O[C@@]12CO[C@@H]1CC[C@@]1(C)[C@@H]3O[C@H](CN(C)C)O[C@@H]3C3=C(C)[C@@H](OC(=O)[C@H](O)[C@@H](NC(=O)OC(C)(C)C)c4ncccc4F)C[C@@](O)([C@@H](OC(=O)c4ccccc4)[C@@H]12)C3(C)C,0
Cc1cccc(N(C)C(=S)Oc2ccc3c(c2)CCC3)c1,0
C=C1/C(=C\C=C2/CCC[C@]3(C)[C@@H]([C@H](C)/C=C/[C@@](C)(O)C(C)C)CC[C@@H]23)C[C@@H](O)C[C@@H]1O,0
CC(=O)N(Br)CCOP(=O)(O)O,0
CC(C)C[C@H](C[C@H](O)[C@@H](N)CC1CCCCC1)C(=O)O,0
COC(=O)[C@@H]1C[C@H](OC(C)=O)C(=O)[C@H]2[C@@]1(C)CC[C@H]1C(=O)O[C@H](c3ccoc3)C[C@]21C,0
N=C(N)NCc1ccc2c(c1)OCCO2,0
CCC(=C(c1ccccc1)c1ccc(OCCNC)cc1)c1ccccc1,1
NC1(C(=O)O)CC1,0
CC(=O)OCC(=O)[C@@]1(O)[C@@H](C)C[C@H]2[C@@H]3CCC4=CC(=O)C=C[C@]4(C)[C@@]3(F)[C@@H](O)C[C@@]21C,0
OCc1ccc(-c2nn(Cc3ccccc3)c3ccccc23)o1,1
O=C(CCC(=O)c1ccccc1)Nc1nc2ccc(Cl)cc2s1,0
CN(C)C(=O)[C@@H](C1CCC(c2ccc3ncnn3c2)CC1)[C@H](N)C(=O)N1CCC(F)(F)C1,0
O=C(O)c1cc(N=Nc2ccc(S(=O)(=O)Nc3ccccn3)cc2)ccc1O,1
CN1C(=O)CCS(=O)(=O)C1c1ccc(Cl)cc1,1
C#CCC/C(O)=C(\C#N)C(=O)Nc1ccc(C(F)(F)F)cc1,0
NC(=O)c1nnn(Cc2cc(Cl)c(C(=O)c3ccc(Cl)cc3)c(Cl)c2)c1N,0
NS(=O)(=O)c1ccc(Nc2nc(OCC3CCCCC3)c3[nH]cnc3n2)cc1,0
Brc1cnn2c(NCc3ccncc3)cc(-c3ccccc3)nc12,0
O=C1CCC(=O)N1c1cc(Cl)cc(Cl)c1,1
CO[C@]1(C(=O)N[C@@H]2CC[C@@]3(C)[C@@H](CC[C@@H]4[C@@H]3CC[C@]3(C)[C@@H]([C@H](C)CCCC(C)C)CC[C@@H]43)C2)C[C@H](O)[C@@H](NC(C)=O)[C@H]([C@H](O)[C@H](O)CO)O1,0
NCC1CCC(C(=O)O)CC1,0
COc1ccc(C(=O)NC(=S)Nc2nc3ccc(Cl)cc3s2)cc1,0
COc1cccc2c1cc([N+](=O)[O-])c1c(C(=O)O)cc3c(c12)OCO3,1
C=C1CC[C@H]2[C@H](CN)[C@@H]([C@@]3(C)CC[C@H](O)C[C@@H]3CO)CC[C@]12C,0
Clc1ccc(CC(=CCN2CCCC2)c2ccccc2)cc1,0
NC(=O)C(c1ccccc1)(c1ccccc1)[C@@H]1CCN(CCc2ccc3c(c2)CCO3)C1,0
CC(C)(C)c1cc(-c2cc(-c3ccc(C(=O)O)cc3)ccc2OCCO)ccc1N1CCCC1,0
OC[C@@H]1C[C@H](O)[C@@H](O)[C@H](O[C@H]2[C@H](O)[C@@H](O)[C@H](O)O[C@@H]2CO)O1,0
CCOC(=O)O[C@]1(C(=O)COC(=O)CC)CC[C@H]2[C@@H]3CCC4=CC(=O)C=C[C@]4(C)[C@H]3[C@@H](O)C[C@@]21C,0
Nc1cc(N2CCN(CCP(=O)(O)O)CC2)nc(NCC2CCC(CNCCCNC3CCCCC3)CC2)n1,0
Cc1cc2c3ccccc3[n+]1CCCCCCCCCC[n+]1c(C)cc(c3ccccc31)NCCCCCCCCCCN2,0
CN(C)Cc1ccc2c(Cl)cc(Cl)c(O)c2n1,0
OC[C@H]1O[C@@H](O[C@H]2[C@H](O)[C@@H](O)C(O)O[C@@H]2CO)[C@H](O)[C@@H](O)[C@H]1O,0
N=C(N)c1ccc(OCCCCCOc2ccc(C(=N)N)cc2)cc1,1
N#[N+]CC(=O)[C@@H](Cc1ccccc1)N=C([O-])OCc1ccccc1,0
NC(=O)c1nnc(N[C@@H]2CCCC[C@@H]2N)nc1Nc1cccc2cc[nH]c12,1
C[C@H](NC(=O)OCc1ccccc1)C(=O)N1CCC[C@H]1C(=O)N[C@@H](Cc1ccccc1)[C@@H](C)O,0
CCCCCCOC(C)C1=C(C)C2=NC1=CC1=NC(=CC3=C(C)C4=C(O)CC(=C5NC(=C2)[C@@H](C)[C@@H]5CCC(=O)O)C4=N3)C(CC)=C1C,0
CC1(C)S[C@@H]2[C@H](NC(=O)[C@@H](c3ccccc3)S(=O)(=O)O)C(=O)N2[C@H]1C(=O)O,0
Cc1noc(NS(=O)(=O)c2ccc(N)cc2)c1C,1
O=Nc1c(O)n(Cc2cc(F)cc3c2OCOC3)c2cccc(-c3ccccc3)c12,0
COC(C(=O)C(O)C(C)O)C1Cc2cc3cc(OC4CC(OC5CC(O)C(O)C(C)O5)C(O)C(C)O4)c(C)c(O)c3c(O)c2C(=O)C1OC1CC(OC2CC(OC3CC(C)(O)C(O)C(C)O3)C(O)C(C)O2)C(O)C(C)O1,1
N=C(N)c1ccc2cc(C(=O)Nc3ccc(CN)cc3)ccc2c1,0
C=C(N)C(=O)O,0
CCS(=O)(=O)N[C@H](Cc1c[nH]c2ccccc12)C(=O)N[C@@H](CCC(N)=O)C(=O)NCc1ccc(C(=N)N)cc1,0
Cn1cnc2nc(N)[nH]c(=O)c21,1
CC(C(=O)N1c2ccccc2Sc2ccccc21)N(C)C,0
NC1C(O)OC(COS(=O)(=O)O)C(O)C1O,1
FC(F)(F)C(Cl)Cl,1
CCCCc1oc2ccc(NS(C)(=O)=O)cc2c1C(=O)c1ccc(OCCCN(CCCC)CCCC)cc1,1
COc1cc2c(c(OC)c1OC)-c1c(cc3c(c1OC)OCO3)CC(C)C(C)(O)C2OC(=O)c1ccccc1,1
C[C@@H]1COC(Nc2ccc3ncnc(Nc4ccc(OCc5nccs5)c(Cl)c4)c3c2)=N1,0
C/C(=C\Cc1cc(O)cc(Sc2ccccc2C(=O)O)c1O)CCCC(C)CCCC(C)CCCC(C)C,1
C[C@]12C[C@H]3S[C@H]3C[C@@H]1CC[C@@H]1[C@@H]2CC[C@]2(C)[C@@H](O)CC[C@@H]12,0
c1ccc2c(c1)Sc1ccccc1N2CC1CN2CCC1CC2,0
N=C(N)c1ccc2cc([C@@H]3C[C@H]3c3ccccc3)ccc2c1,0
O=C1NC(=O)C(=Cc2ccc(OC3CCN(C(=O)c4ccc(C(F)(F)F)c(F)c4)CC3)cc2)C(=O)N1,0
Cn1cc(-c2[nH]c3cc(NC(=O)[C@H](N)C4CCCCC4)cc4c3c2C=NNC4=O)cn1,0
N[C@@H](CSP(=O)(O)O)C(=O)O,0
CC(=O)Nc1cccc2c1c(Sc1ccc(Cl)cc1)c(C)n2CC(=O)O,0
C/C(O)=C1\C(=O)[C@@H]2[C@H]3c4c[nH]c5cccc(c45)C[C@H]3C(C)(C)N2C1=O,0
CN(C)CCCN1c2ccccc2Sc2ccc(C(F)(F)F)cc21,0
O=C(OCCN1CCCCC1)C(c1ccccc1)N1CCCCC1,0
Cc1ccc(NC(=O)NCCSCc2ccc(CN(C)C)o2)cc1Cl,0
CC(C)n1c(Nc2ccccc2F)nc2cnc(Oc3c(F)cccc3F)nc21,0
C[C@H](N)[C@H]1N[C@@H](CN)C(=O)N1CC(=O)O,0
Cc1ccc(Nc2nccc(-c3ccnc(N4CCN(CCN)CC4)c3)n2)cc1Cl,0
CC(=O)N1C[C@H](O)C[C@H]1C(=O)O,0
NC(=O)[C@@H]1CC[C@H](c2ccc(OCc3ccccc3F)cc2)N1,0
CC[C@H](C)[C@H](N)C(=O)O,0
CC(C)(C)C(=O)OCOP(=O)(COCCn1cnc2c(N)ncnc21)OCOC(=O)C(C)(C)C,1
C=CCN1CC[C@]23c4c5ccc(O)c4O[C@H]2[C@@H](O)C=C[C@H]3[C@H]1C5,0
CCOS(=O)(=O)OCC,1
CS(=N)(=O)CCC(N)C(=O)O,1
O=c1[nH]c(=O)c2c([nH]1)n(C[C@@H](O)[C@H](O)[C@H](O)CO)c(=O)n2CCCCOP(=O)(O)O,0
CCC1(c2ccccc2)C(=O)N=C(O)NC1=O,1
C/C=C(\N)C(=O)O,0
CN(C)c1ccc(N=Nc2ccccc2C(=O)O)cc1,0
Cc1cn([C@H]2CC[C@@H](COP(=O)(O)O)O2)c(=O)[nH]c1=O,0
CCCCN(CCCC)N=O,1
CC(O)C(=O)Nc1c(I)c(C(=O)NC(CO)CO)c(I)c(C(=O)NC(CO)CO)c1I,1
CO[C@H]1/C=C/O[C@@]2(C)Oc3c(C)c(O)c4c(c3C2=O)C(=O)C(N2CCOCC2)=C(NC(=O)/C(C)=C\C=C\[C@H](C)[C@H](O)[C@@H](C)[C@@H](O)[C@@H](C)[C@H](OC(=O)CC(=O)OCC2CCCN(C)C2)[C@@H]1C)C4=O,0
N[C@@H]1C[C@H](O)[C@@H](CO)O[C@@H]1O,0
CC1=C2N=C(C=C3N=C(C(C)=C4NC(C)(C5N=C1C(C)(CCC(=O)NCC(C)OP(=O)(O)OC1C(CO)OC(n6cnc7cc(C)c(C)cc76)C1O)C5CC(N)=O)C(C)(CC(N)=O)C4CCC(N)=O)C(C)(CC(N)=O)C3CCC(N)=O)C(C)(C)C2CCC(N)=O,1
ClCC(Cl)Cl,1
Cc1nc2c(C)cccn2c(=O)c1CCN1CCC(c2noc3cc(F)ccc23)CC1,0
CCOC(=O)c1ncn2c1CN(C)C(=O)c1c(I)cccc1-2,0
CO[C@@H]1[C@@H](O[C@@H]2O[C@H](C)[C@@H](O[C@H]3C[C@@](C)(O)[C@@H](O)[C@H](C)O3)[C@H](N(C)C)[C@H]2O)[C@@H](CC=O)C[C@@H](C)[C@@H](O[C@H]2CC[C@H](N(C)C)[C@@H](C)O2)/C=C/C=C/C[C@@H](C)OC(=O)C[C@H]1OC(C)=O,0
C[C@]12CCC(=O)C=C1CC[C@@H]1C2=CC[C@@]2(C)[C@H]1CC[C@]2(O)C(=O)CO,0
O=[N+]([O-])c1ccc(O)c(OS(=O)(=O)O)c1,0
C=CC(=O)Nc1cccc(Oc2nc(Nc3ccc(N4CCN(C)CC4)cc3)nc3ccsc23)c1,0
c1cc(Nc2cc(C3CC3)[nH]n2)nc(Nc2ccc3nc[nH]c3c2)n1,0
N=C(S)c1ccc[n+]([C@@H]2O[C@H](COP(=O)(O)OP(=O)(O)OC[C@H]3O[C@@H](n4cnc5c(N)ncnc54)[C@H](OP(=O)([O-])O)[C@@H]3O)[C@@H](O)[C@H]2O)c1,0
Nc1nc(N)nc(N)n1,1
CCC(=O)OC1CCC2C3CCC4=CC(=O)CCC4(C)C3CCC12C,1
Cc1cc(CC(=O)O)n(C)c1C(=O)c1ccc(Cl)cc1,1
COc1cccc(OC)c1-c1cc2cnc(N)nc2nc1N,0
CC(C)NCC1CCc2cc(CO)c([N+](=O)[O-])cc2N1,0
COc1ccccc1Oc1c(NS(=O)(=O)c2ccc(C(C)C)cn2)nc(-c2ccnc(-c3nn[nH]n3)c2)nc1OCCO,0
O=C(CO)[C@@H](O)[C@H](O)[C@H](O)CO,1
COc1cc(OC)c(Cl)c(NC(=O)N(C)c2cc(Nc3ccc(N4CCN(C(=O)C5CCN(c6ccc7c(c6)C(=O)N(C6CCC(=O)NC6=O)C7=O)CC5)CC4)cc3)ncn2)c1Cl,0
C[S+](CCC(N)C(=O)[O-])CC1OC(n2cnc3c(N)ncnc32)C(O)C1O,1
CCN1C(=O)C(C)(C)c2cc3[nH]c4c(c3cc21)CCCc1c-4n[nH]c1C,0
O=C(c1ccc(CN2CCOCC2)cc1)N1CCN(C2CC2)CC1,0
O=[N+]([O-])c1ccc(NN=C(c2ccc(O)cc2)c2ccc(O)cc2)c([N+](=O)[O-])c1,0
Cc1cccc(Nc2nc(N[C@@H]3CCCC[C@@H]3N)ncc2C(N)=O)c1,0
CCCCCCCCCCCCCC(=O)OCC(COP(=O)(O)OCC(O)CO)OC(=O)CCCCCCCCCCCCC,0
CCCN1CCc2cccc3c2C1Cc1ccc(O)c(O)c1-3,1
O=S(=O)(O)CCCNC1CCCCC1,0
CC(C)C[C@@H](NC(=O)[C@H](Cc1ccccc1)NC(=O)CNC(=O)[C@@H](C)NC(=O)[C@@H](N)Cc1ccc(O)cc1)C(=O)O,0
C[C@@H](NC(=O)Cc1c(Cl)ccc(=NCC(F)(F)c2cccc[n+]2[O-])n1O)c1cccc(Cl)c1,0
C=C1C(=O)C23C(O)CC4C(C)(C)CCC(O)C4(CO)C2CCC1C3O,1
O=C=S,1
CCN(CC)c1ccc2c(-c3ccccc3C(=O)NCC(=O)NCC(=O)N[C@@H](CC(C)C)C(=O)N[C@@H](CCCCN)C(=O)N[C@H](CC(C)C)C(=O)N[C@@H](CC(C)C)C(=O)N[C@@H](CCCCN)C(=O)N[C@H](CCCCN)C(=O)N[C@@H](CC(C)C)C(=O)N[C@H](CC(C)C)C(=O)N[C@H](CCCCN)C(=O)N[C@@H](CCCCN)C(=O)N[C@@H](CC(C)C)C(=O)N[C@@H](CC(C)C)C(=O)N[C@H](CCCCN)C(=O)N[C@@H](CC(C)C)C(=O)N[C@@H](CC(C)C)C(N)=O)c3ccc(=[N+](CC)CC)cc-3oc2c1,1
CCN(CC)CCOc1ccc(Cc2ccccc2)cc1,0
CCCn1c(=O)[nH]c(=O)c2[nH]cnc21,0
OC[C@@H](O)CN1CCN(c2ccccc2)CC1,0
N=c1nc(N2CCCCC2)cc(N)n1O,0
COc1c(C)cnc(Cn2cnc3c(Cl)nc(N)nc32)c1C,0
N#CC1(c2ccc(NC(=O)c3cccnc3NCc3ccncc3)cc2)CCCC1,0
CCCCC/C=C\C/C=C\C/C=C\CCCCC(=O)O,0
O=C(O)[C@@H](O)[C@@H](O)C(=O)O,0
c1ccc2[nH]ccc2c1,0
CCN(CC)CC(=O)OCC(=O)[C@@]1(O)CC[C@H]2[C@@H]3CCC4=CC(=O)C=C[C@]4(C)[C@H]3[C@@H](O)C[C@@]21C,0
O=C(O)C1=C[C@H](O)[C@@H](OS(=O)(=O)O)[C@H](O[C@H]2[C@H](O)[C@@H](NS(=O)(=O)O)[C@@H](O)O[C@@H]2COS(=O)(=O)O)O1,0
C=Cc1c2[nH]c(c1C)Oc1[nH]c(c(C)c1C=C)/C=c1\[nH]/c(cc1C)=C\C1=NC(=C2)C(C)=C1CCC(=O)O,0
CCCCCCCCCCCCCCCC(O)C(N)CO,1
CCC[C@@H]1C[C@@H](C(=O)NC(C(C)Cl)[C@H]2O[C@H](SC)[C@H](O)[C@@H](O)[C@H]2O)N(C)C1,0
Nc1nonc1-c1nc2ccccc2n1CC(=O)Nc1cccc([N+](=O)[O-])c1,0
Cc1cnc2cc(C)c3c(nc(N)n3C)c2n1,1
Cc1ccc(Oc2ccccc2-c2csc(NC3=NCCCN3)n2)c(C)c1,0
COc1cccc(C=Nc2ccc(C)cc2)c1O,0
OC[C@H]1O[C@H](O[C@H]2[C@H](O)[C@@H](O)[C@H](OCCCCCC3CCCCC3)O[C@@H]2CO)[C@H](O)[C@@H](O)[C@@H]1O,0
CC(c1cc2ccccc2s1)N(O)C(N)=O,1
Cc1cc2c(cc1S(N)(=O)=O)S(=O)(=O)CCC2,0
CCOC(=O)C=C1SC(N2CCCCC2)C(=O)N1C,0
CC(C)NNC(=O)c1ccncc1,1
O=C(O)CNC(=O)CNC(=O)CNC(=O)CSC(=O)c1ccccc1,0
CC(C)(Oc1ccc(Cl)cc1)C(=O)Oc1ccc(-c2cc(=S)ss2)cc1,0
COC(=O)C1=C(C)CC(=O)c2c1cc1c(c2O)C(=O)c2c(O)cccc2C1=O,0
Cc1c(C)c2c(c(C)c1OC(=O)c1cccnc1)CC[C@@](C)(CCC[C@H](C)CCC[C@H](C)CCCC(C)C)O2,0
C=CCC1=C(C)C(OC(=O)C2C(C=C(C)C)C2(C)C)CC1=O,1
CC(=O)O,0
COC(=O)[C@@H](CC(C)C)NC(=O)[C@H](C)NC(=O)[C@@H](O)[C@H](N)c1ccc(C)cc1,0
C[C@@H](Oc1ccc(Oc2ncc(C(F)(F)F)cc2Cl)cc1)C(=O)O,0
O=C(O)c1cn(C2CC2)c2cc(N3CCC(O)(COc4ccc(N5C[C@H](CO)OC5=O)cc4F)CC3)c(F)cc2c1=O,0
Oc1ccc2cc(-c3noc4cc(O)ccc34)ccc2c1,0
CC12C(=O)OC(=O)C1(C)C1CCC2O1,1
CCCN(C)C(=O)[C@@H]1OC(C(=O)O)=C[C@H](N=C(N)N)[C@H]1NC(C)=O,0
CC1/C=C/C=C/C=C/C=C/C=C/C=C/C=C/C(O[C@@H]2O[C@H](C)[C@@H](O)[C@@H](N)[C@@H]2O)CC2OC(O)(CC(O)CC(O)CC(O)CC(=O)CCCC(=O)CC(=O)OC1C(C)CC(C)C(O)CC(=O)c1ccc(N)cc1)CC(O)C2C(=O)O,0
CCC(=O)O[C@]1(C(=O)COC(C)=O)CC[C@H]2[C@@H]3C[C@H](C)C4=CC(=O)C=C[C@]4(C)[C@H]3[C@@H](O)C[C@@]21C,0
CCN1CC2(COC)C(O)CC(OC)C34C5CC6(O)C(OC)C(O)C(OC(C)=O)(C5C6OC(=O)c5ccccc5)C(C(OC)C23)C14,1
O=c1ccc2ccc(OCCCCN3CCN(c4cccc5sccc45)CC3)cc2[nH]1,0
CCCCCCCCO[C@@H]1[C@@H](O)[C@H](O)[C@@H](CO)O[C@H]1O,0
OC(Cn1cncn1)(Cn1cncn1)c1ccc(F)cc1F,1
CC[C@@H](N)C(=O)N1CCC[C@H]1C(=O)NCc1ccc(C(=N)N)cc1,0
C[C@@H](CON=C1c2ccccc2-c2ccccc21)C(=O)O,0
N=C(N)c1ccc(CNC(=O)[C@@H]2CCCN2C(=O)CCC2CCCCC2)cc1,0
C#CCC1=C(C)C(OC(=O)C2C(C=C(C)C)C2(C)C)CC1=O,1
CCOC(=O)/C=C/[C@H](C[C@@H]1CCNC1=O)NC(=O)[C@H](CC(C)C)NC(=O)[C@@H](NC(=O)[C@H](C)NC(=O)c1cc(C)on1)C(C)C,0
CC(C)COC(=O)c1ccccc1C(=O)OCC(C)C,1
CC[C@@H]1/C=C(\C)[C@@H](O)[C@H](C)C[C@H](OC)[C@H]2O[C@@](O)(C(=O)C(=O)N3CCCC[C@H]3C(=O)O[C@H](/C(C)=C/[C@@H]3CC[C@@H](Oc4ccc5c(ccn5C)c4)[C@H](OC)C3)[C@H](C)[C@@H](O)CC1=O)[C@H](C)C[C@@H]2OC,0
CN(C)c1cccc2c(S(=O)(=O)NCCCCNC(=O)C34CC5CC(CC(C5)C3)C4)cccc12,0
Cc1cc(C)nc(N2C[C@H]3CN(C(=O)c4c(F)cccc4-n4nccn4)C[C@H]3C2)n1,0
CCCCOc1cc(C[C@@H]2CNC(=O)N2)ccc1OC,0
CC=CC=CC(=O)O,1
CC(C)CCNC(=O)[C@@H](CCc1ccccc1)NC(=O)[C@@H](O)CC(=O)O,0
CC/C=C\C=C\C=C\CCCCCCCCCC(=O)O,0
C[C@H](c1ccccc1)[C@@H](C[C@H](O)CN1CCN(Cc2ccc3c(c2)OCO3)C[C@H]1C(=O)NC(C)(C)C)C(=O)N[C@H]1c2ccccc2C[C@H]1O,0
OCC1OC2OC3C(CO)OC(OC4C(CO)OC(OC5C(CO)OC(OC6C(CO)OC(OC7C(CO)OC(OC8C(CO)OC(OC1C(O)C2O)C(O)C8O)C(O)C7O)C(O)C6O)C(O)C5O)C(O)C4O)C(O)C3O,1
CCC(C(C)C)C(O)C(O)C(C)C1CCC2C3CC(=O)C4CC(O)C(O)CC4(C)C3CCC12C,1
CSCCNc1nc(SCCC(F)(F)F)nc2c1ncn2C1OC(COP(=O)(O)OP(=O)(O)C(Cl)(Cl)P(=O)(O)O)C(O)C1O,0
CCOC(=O)C(C)(N)Cc1cc(I)c(Oc2cc(I)c(O)c(I)c2)c(I)c1,0
CCCCCC=CCC=CCC=CCC=CCCCC(=O)NCCO,1
O=C1O[C@H](CO)[C@H](O)[C@H](O)[C@H]1O,0
CN(C)[C@@H]1C(=O)C(C(=O)NCNCCCC[C@H](N)C(=O)O)=C(O)[C@@]2(O)C(=O)C3=C(O)c4c(O)cccc4[C@@](C)(O)[C@H]3C[C@@H]12,0
CNS(=O)(=O)c1ccc(-c2ccc(/C=C3\SC(=N)NC3=O)o2)cc1,0
CCC(=O)N(c1ccc(F)cc1)C1CCN(CCc2ccccc2)CC1,0
CC(=O)O[C@H](C(=O)Nc1cccc2c1C(=O)C(=O)NC2=O)c1cccc(Cl)c1,0
C[C@H]1O[C@H](O[C@H]2[C@H](O)[C@@H](O)[C@@H](OC[C@H]3O[C@@H](O)[C@H](O)[C@@H](O)[C@@H]3O)O[C@@H]2CO)[C@H](O)[C@@H](O)[C@@H]1N[C@H]1C=C(CO)[C@@H](O[C@H]2O[C@H](CO)[C@@H](O[C@H]3O[C@H](CO)[C@@H](O)[C@H](O)[C@H]3O)[C@H](O)[C@H]2O)[C@H](O)[C@H]1O,0
Cc1ccc2c(c1)c1c3c(c(C)cc1n2CCCN)C(=O)NC3=O,0
CCC(=O)N(c1ccccc1)C1CCN(C(C)Cc2cccs2)CC1,0
C[C@@H]1C[C@H]2[C@@H]3CCC4=CC(=O)C=C[C@]4(C)[C@@]3(F)[C@@H](O)C[C@]2(C)[C@@]1(O)C(=O)COC(=O)c1ccncc1,0
CN1CCC[C@@H]1CCn1cc(C2=C(c3c[nH]c4ccccc34)C(=O)NC2=O)c2ccccc21,0
COc1ccc(-c2c(-c3ccc(O)cc3O)n[nH]c2C)cc1,0
CO[C@@H]1[C@@H](OC)[C@H](C)[C@@](O)(CC(=O)O)O[C@H]1[C@H](C)[C@H]1O[C@@]2(CC[C@@](C)([C@H]3CC[C@@](C)([C@@H]4O[C@@H]([C@H]5O[C@](C)(O)[C@H](C)C[C@@H]5C)C[C@@H]4O[C@@H]4C[C@H](OC)[C@@H](OC)[C@H](C)O4)O3)O2)C[C@H](O)[C@H]1C,0
CC(=O)OCC(=O)[C@@]12OC(C)(C)O[C@@H]1C[C@H]1[C@@H]3CC(C=O)=C4C=C(OCCCl)CC[C@]4(C)[C@@]3(F)[C@@H](O)C[C@@]12C,0
O=C(O)CCCN1CCC(OC(c2ccc(Cl)cc2)c2ccccn2)CC1,0
CCCC(C(=O)OCCN(CC)CC)(c1ccccc1)c1ccccc1,1
C1=Cc2ccccc2NN=C1,0
CO/N=C(/C(=O)N[C@@H]1C(=O)N2C(C(=O)O)=C(CSc3nc(=O)c(O)nn3C)CS[C@H]12)c1csc(N)n1,1
O=C(NCCCCNCCCNC(=O)c1ccccc1)c1ccccc1,1
CCC(=O)C(C[C@H](C)N(C)C)(c1ccccc1)c1ccccc1,0
CN(C)[C@@H]1C(O)=C(C(N)=O)C(=O)[C@@]2(O)C(O)=C3C(=O)c4c(O)cccc4C[C@H]3C[C@@H]12,0
OC1COC2C(O)COC12,1
CN1Cc2ccccc2N[C@@H](CC(=O)O)C1=O,0
CON(C)C(=O)Nc1ccc(Cl)c(Cl)c1,1
CC(=O)N(O)c1ccc2c(c1)Cc1ccccc1-2,1
N[C@@H](CCCNC(=O)CP(=O)(O)O)C(=O)O,0
CO[C@H]1[C@H](O)[C@@H](O)[C@H](n2c3c(Cl)cccc3c3c4c(c5c6cccc(Cl)c6[nH]c5c32)C(=O)NC4=O)O[C@@H]1CO,0
COc1cccc(OC)c1C(O)=N[C@H](C(=O)OC[C@H](N)C(=O)O)[C@@H]1N[C@@H](C(=O)O)C(C)(C)S1,0
CCCc1c(SCCCOc2ccc(C(C)=O)c(OCCCC(=O)O)c2CCC)ccc(C(C)=O)c1O,0
COc1ccc2c3c1O[C@H]1[C@@H](OC(C)=O)CC[C@H]4[C@@H](C2)N(C)CC[C@@]341,0
CC1CCC2(NC1)OC1CC3C4CCC5CC(O)CCC5(C)C4CCC3(C)C1C2C,1
O=[N+]([O-])OCCN(CCO[N+](=O)[O-])CCO[N+](=O)[O-],0
CC(C)(Oc1ccc(Cl)cc1)C(=O)OCc1cccc(CO)n1,0
COc1ccc([C@H](Cc2cc([N+](=O)[O-])ccc2OC)c2cnc(N)[nH]2)cc1F,0
Cc1c(C)c2c(c(C)c1O)CCC(C)(C(=O)NCCCCCCNc1c3c(nc4ccccc14)CCCC3)O2,0
O=c1c2c3c(sc2ncn1Cc1nn[nH]n1)CCCC3,0
O=C(O)c1cn(C2CC2)c2cc(N3CCC(NN4CCNCC4)C3)c(F)cc2c1=O,1
CCC(=O)NS(=O)(=O)c1ccc(NC(=O)Cc2ccc(Br)c(Oc3cc(Cl)cc(C#N)c3)c2F)c(Cl)c1,0
CC[C@@H](Oc1cccc(CN(CCCOc2ccc(OC)cc2)c2nc3ccccc3o2)c1)C(=O)O,0
CO[C@@H]1[C@@H](O[C@@H]2O[C@H](C)[C@@H](O[C@H]3C[C@@](C)(O)[C@@H](O)[C@H](C)O3)[C@H](N(C)C)[C@H]2O)[C@@H](CC=O)C[C@@H](C)[C@@H](O[C@H]2CC[C@H](N(C)C)[C@@H](C)O2)/C=C/C=C/C[C@@H](C)OC(=O)C[C@H]1O,0
FC(F)(F)c1cccc(N2CCN(CCc3nnc4n3CC3CCCC43)CC2)c1,0
CCOC(=O)COc1ccc2c(c1)C[C@@H](NC[C@H](O)c1cccc(Cl)c1)CC2,0
CC1(C)[C@@H]2CC[C@@]1(C)C(=O)C2,0
COc1ccc(Cl)c(Nc2nc3ccccc3nc2NS(=O)(=O)c2cccc(NC(=O)C(C)(C)N)c2)c1,0
Oc1ccc(Br)cc1Br,1
O=C(O)C(F)(F)C(F)(F)C(F)(F)C(F)(F)C(F)(F)C(F)(F)C(F)(F)C(F)(F)F,1
COc1cccc(-c2nc3c(C(N)=O)cccc3[nH]2)c1,0
COc1cc2c(Oc3ccc4[nH]c(C)cc4c3F)ccnc2cc1OCC1(N)CC1,0
CCOC(C(=O)N(C)CCN(C)CCc1ccccc1)(c1ccccc1)c1ccccc1,0
CC(=O)c1ccc2c(c1)N(CCCN1CCN(CCO)CC1)c1ccccc1S2,0
CCOc1ccc(NS(=O)(=O)c2ccc(N)cc2)nn1,0
OCC(S)CS,0
CC(=O)N[C@@H]1[C@@H](O)[C@@H](O)[C@@H](CO)O[C@@H]1O,0
Clc1ccc2c(c1)C(c1ccccc1)=NCc1nncn1-2,0
CCC(CO)NCCNC(CC)CO,1
CC1=CCCC2C1(C)CCC(C)C2(C)CCC1=CC(=O)OC1O,1
COc1ccc2c(=O)c3ccccc3oc2c1CN1CCCCC1,0
CN1C(=O)CCC1c1cccnc1,1
CSCC[C@H](NC(=O)[C@H](CO)NC(=O)[C@H](Cc1ccc(O)cc1)NC(=O)[C@H](CO)NC(C)=O)C(=O)N[C@@H](CCC(=O)O)C(=O)NC(Cc1cnc[nH]1)C(=O)N[C@@H](Cc1ccccc1)C(=O)N[C@@H](CCCNC(=N)N)C(=O)N[C@@H](Cc1c[nH]c2ccccc12)C(=O)NCC(=O)N[C@@H](CCCCN)C(=O)N1CCC[C@H]1C(=O)N[C@H](C(N)=O)C(C)C,0
CCN(CC)CCOc1ccc(-c2nc3cc(Cl)ccc3s2)cc1,0
CCC(C)(S(=O)(=O)CC)S(=O)(=O)CC,0
COC(=O)N[C@H](C(=O)NCCCC[C@@H](CO)N(CC(C)C)S(=O)(=O)c1ccc(N)cc1)C(c1ccccc1)c1ccccc1,0
O=C(OC1C(OC(=O)c2cccnc2)C(OC(=O)c2cccnc2)C(OC(=O)c2cccnc2)C(OC(=O)c2cccnc2)C1OC(=O)c1cccnc1)c1cccnc1,0
CC(O)C(CO)NC(=O)C1CSSCC(NC(=O)C(Cc2ccccc2)NC(=O)CN2CCN(CC(=O)O)CCN(CC(=O)O)CCN(CC(=O)O)CC2)C(=O)NC(Cc2ccc(O)cc2)C(=O)NC(Cc2c[nH]c3ccccc23)C(=O)NC(CCCCN)C(=O)NC(C(C)O)C(=O)N1,0
NCc1cccc(C2CCN(C(=O)c3cncc(CCc4ccccc4)c3)CC2)c1,0
CCN1c2c(F)ccc(F)c2C(N)=NC12CCN(C(=O)C1=CN=C(C#N)CC1)CC2,0
CCC(C)C(NC(=O)C(CCSC)NC(=O)OC(C)(C)C)C(=O)NC(Cc1ccccc1)C(=O)O,1
CCC(=O)C(CCN1CCCCC1)(c1ccccc1)c1ccccc1,0
OC[C@H]1O[C@H](O[C@H]2O[C@H](CO)[C@@H](O)[C@H](O)[C@H]2O)[C@H](O)[C@@H](O)[C@@H]1O,0
C#CCO[C@H]1CN2CCC1CC2,0
Clc1ccccc1C(c1ccccc1)(c1ccccc1)n1ccnc1,1
CN(Cc1cc2ccccc2n1C)C(=O)/C=C/c1ccc(N)nc1,0
CC(C)OCCn1c(=S)[nH]c(=O)c2[nH]ccc21,0
CCCCC1(CCOC(N)=O)C(=O)NC(=O)NC1=O,0
Nc1ncccc1-c1nc2ccc(-c3ccccc3)nc2n1-c1ccc(C2(N)CCC2)cc1,0
CN(C)[C@@H]1C(O)=C(C(=O)NCN2CCCC2)C(=O)[C@@]2(O)C(O)=C3C(=O)c4c(O)cccc4[C@@](C)(O)[C@H]3C[C@@H]12,0
O=c1ccc2ccc3occc3c2o1,1
CC(=O)OC1(C)CC(C)C(=O)C(C(O)CC2CC(=O)NC(=O)C2)C1,1
CCC(=O)N(CC(C)N(C)CCc1ccccc1)c1ccccc1,0
OC[C@H]1NC[C@@H](O)[C@@H](O)[C@@H]1O,0
O=C(O)Cc1c(-c2ccccc2)c(-c2ccccc2)nn1-c1ccccc1,0
CCOC(=O)C1=C(C)NC2=C(C(=O)CCC2)C1c1cc(C(C)CC)c2oc(C(=O)c3ccc(C)cc3)cc2c1,0
C/N=C(/Cc1ccc2ccccc2c1)NC,1
C[C@@H](NCCCc1cccc(C(F)(F)F)c1)c1cccc2ccccc12,0
Oc1ccc(-c2noc3cc(O)ccc23)c(O)c1,0
CCN(CC)C(=O)C1(c2ccccc2)CC1CN,1
O=C(O)c1nc(=O)[nH]c(=O)[nH]1,0
COP(=O)(OC)OC(C)=CC(=O)N(C)C,1
Nc1nc([S+](N)[O-])c2ncn(C3OC(CO)C(O)C3O)c2n1,1
CC(=O)[C@@]1(O)CC[C@H]2[C@@H]3C[C@H](C(F)(F)F)C4=CC(=O)CC[C@]4(C)[C@H]3CC[C@@]21C,0
CC1NC(=O)C2CCCN2C(=O)C(CC(N)=O)NC(=O)C2CSSCC(N)C(=O)NC3CSSCC(NC1=O)C(=O)NC(C(C)O)C(=O)NCC(=O)NC(C(=O)NC(Cc1ccc(O)cc1)C(=O)O)CSSCC(NC(=O)C(Cc1ccc(O)cc1)NC(=O)C(CCC(=O)O)NC3=O)C(=O)N2,0
CC(C)(C)c1ccc(C(=O)CCCN2CCC(OC(c3ccccc3)c3ccccc3)CC2)cc1,0
O=C(O)C(=O)Nc1cc2ccccc2cc1C(=O)O,0
C[C@]1(OP(=O)(O)O)O[C@H](CO)[C@@H](O)[C@H](O)[C@H]1O,0
CO/N=C(\C(=O)N[C@@H]1C(=O)N2C(C(=O)OC(C)OC(C)=O)=C(COC(N)=O)CS[C@H]12)c1ccco1,1
C=CC(=O)Nc1cc(Nc2nccc(-c3cn(C)c4ccccc34)n2)c(OC)cc1N(C)CCN(C)C,1
CCN(CC)CCCN(c1ccccc1)C1Cc2ccccc2C1,1
COc1ccc(CCNC[C@H](O)c2ccc(O)cc2)cc1OC,0
C(CCOCC1CO1)COCC1CO1,1
CCn1cc(C(=O)O)c(=O)c2cc(F)c(N3CCNCC3)cc21,1
CC(C)(C)NC(=O)N[C@H](C(=O)N1C[C@H]2[C@@H]([C@H]1C(=O)NC(CC1CCC1)C(=O)C(N)=O)C2(C)C)C(C)(C)C,1
CCC(Cc1c(I)cc(I)c(O)c1I)C(=O)O,0
CSC[C@H]1O[C@@H](n2ccc3c(N)ncnc32)[C@H](O)[C@@H]1O,0
Cc1ccc(S(=O)(=O)NC(=O)Nc2ccc(S(N)(=O)=O)cc2)cc1,0
O=C(NCc1ccc(-c2ccccc2)cc1)[C@@H]1O[C@H]2CN(C(=O)NO)C[C@@H]1O2,0
COc1cccc([C@@]2(O)CCCC[C@@H]2CN(C)C)c1,0
CC/C=C\C/C=C\C/C=C\C/C=C\C/C=C\CCCC(=O)O,0
CCCCCCCCCCCCCCCC(=O)Nc1ccn([C@@H]2O[C@H](CO)[C@@H](O)[C@@H]2C#N)c(=O)n1,0
CC(=O)N(C)c1cccc(-c2nnc3ccc(-c4ccccc4)nn23)c1,0
O=C1NCCO1,1
COc1cc2c(cc1OC)[C@@H]1CC(=O)[C@@H](CC(C)C)CN1CC2,0
CCOC(=O)C(CCc1ccccc1)NC(C)C(=O)N1C(C(=O)O)CC2CCCCC21,1
CCCCNc1cc(C)nc2nc(Nc3cc(Cl)ccc3C)nn12,0
NC(=O)c1ccccc1,1
CN1CCN(c2c(F)cc3c(=O)c(C(=O)O)cn4c3c2SCC4)CC1,0
CN1c2c(oc(=O)n(-c3ccccn3)c2=O)-c2ccccc2S1(=O)=O,1
CC[C@H](C)[C@H](NC(=O)[C@H](CC(C)C)NC(=O)[C@H](Cc1c[nH]c2ccccc12)NC(=O)[C@H](CCC(=O)O)NC(=O)[C@@H](NC(=O)[C@H](Cc1ccccc1)NC(=O)[C@H](CCC(=O)O)NC(=O)[C@H](CCCCNC(=O)CC[C@H](NC(=O)C(CCCCCCCCCNC(=O)COC(=O)C(C)(C)CCCOc1cc(C)ccc1C)NC(=O)COC(=O)C(C)(C)CCCOc1cc(C)ccc1C)C(=O)O)NC(=O)[C@H](C)NC(=O)[C@H](C)NC(=O)[C@H](CCC(=O)O)NC(=O)[C@H](CCC(=O)O)NC(=O)[C@H](CCC(=O)O)NC(=O)[C@H](CC(C)C)NC(=O)[C@H](Cc1ccc(O)cc1)NC(=O)[C@H](CCC(=O)O)NC(=O)[C@@H](NC(=O)[C@@H](NC(=O)[C@H](CC(=O)O)NC(=O)[C@H](CC(N)=O)NC(=O)[C@@H](NC(=O)[C@H](Cc1ccc(O)cc1)NC(=O)[C@@H](NC(=O)CNC(=O)[C@H](CCC(=O)O)NC(=O)CNC(=O)[C@@H](N)Cc1cnc[nH]1)[C@@H](C)O)[C@@H](C)O)C(C)C)[C@@H](C)O)[C@@H](C)CC)C(=O)N[C@@H](CCCCN)C(=O)NCC(=O)N[C@@H](CCCCN)C(=O)N1CCC[C@H]1C(=O)N[C@@H](CO)C(=O)N[C@@H](CO)C(=O)NCC(=O)N[C@@H](C)C(=O)N1CCC[C@H]1C(=O)N1CCC[C@H]1C(=O)N1CCC[C@H]1C(=O)N[C@@H](CO)C(=O)O,0
O=C(O)CN(O)C(=O)O,0
O=C(CCC1CCN(Cc2ccccc2)CC1)c1ccc2c(c1)NCCCC2,0
CC1CN(CCOC(=O)c2ccc(N)cc2)CC(C)O1,0
COC(=O)C1=COC(OC2OC(CO)C(O)C(O)C2O)C2C(CO)=CCC12,1
Cc1cc(=O)oc2cc(OCCCCSC(=S)N3CCCCC3)ccc12,0
CC1(C)[C@@H](OC(=O)CCC(=O)O)CC[C@]2(C)[C@H]3C(=O)C=C4[C@@H]5C[C@@](C)(C(=O)O)CC[C@]5(C)CC[C@@]4(C)[C@]3(C)CC[C@@H]12,0
CCN(CC)C(N)=S,1
O=C(C=Cc1ccc(O)c(O)c1)OCCc1ccccc1,1
CC[C@@]1(O)C(=O)OCc2c1cc1n(c2=O)Cc2c-1nc1cc(F)c(C)c3c1c2[C@@H](N)CC3,0
Cc1cc2c(cc1C)-c1oc(CNc3ccc(CN4CCOCC4)cc3)c(C)c1C(=O)C2=O,0
Nc1c(C(=O)c2cccc(OC[C@@H](O)CO)c2)cnn1-c1ccc(F)cc1,0
CNC(=O)C1OC(n2cnc3c(NCc4cccc(I)c4)ncnc32)C(O)C1O,1
Nc1cc2c3ccccc3ccc2c2ccccc12,1
Cc1cc(=O)c(C(=O)N[C@@H](C(=O)N[C@@H]2C(=O)N3C(C(=O)O)=C(CSc4nnnn4C)CS[C@H]23)c2ccc(O)cc2)c[nH]1,0
O=C(Nc1ccc2ccn(CCc3ccncc3)c2c1)c1cc(F)cc(N2CCOCC2)c1,0
N=C(N)c1cccc(C[C@H](NS(=O)(=O)c2ccc3ccccc3c2)C(=O)N2CCCC[C@@H]2C(=O)O)c1,0
c1ccc2c(c1)-c1nc-2nc2[nH]c(nc3nc([nH]c4nc(n1)-c1ccccc1-4)-c1ccccc1-3)c1ccccc21,0
OC[C@@H]1[C@H](O)[C@H](O)[C@@H](O)c2nnnn21,0
c1ccc2cnncc2c1,1
C#CC1(O)CCC2C3CCC4=Cc5oncc5CC4(C)C3CCC21C,1
OC[C@H]1O[C@@H](O[C@H]2[C@H](O)[C@@H](O)[C@H](O)O[C@@H]2CO)[C@H](F)[C@@H](O)[C@H]1O,0
[2H]C([2H])(C#C)N([11CH3])[C@H](C)Cc1ccccc1,0
Nc1cc2[nH]cnc2c(OCC2CCCCC2)n1,0
C[C@H]1CCCC[C@@H]1Oc1cccc(-c2nc3cc(C(=N)N)c(F)cc3[nH]2)c1O,0
COC12C(COC(N)=O)C3=C(C(=O)C(C)=C(N)C3=O)N1CC1NC12,1
COC(=O)C1C(O)CC2(O)CC(O)CC(O)C(O)CCC(O)CC(O)CC(=O)OC(C)C(C)C(O)C(C)C=CC=CC=CC=CC=CC=CC=CC(OC3OC(C)C(O)C(N)C3O)CC1O2,1
O=C(NCc1c(F)cc(F)cc1F)c1cn2c(c(O)c1=O)C(=O)N1C3CCC(C3)OC1C2,0
N=C(Cc1c[nH]c2ccccc12)C(=O)O,0
[2H]C([2H])([2H])Oc1cc2c(cc1OC([2H])([2H])[2H])[C@@H]1CC(=O)[C@@H](CC(C)C)CN1CC2,0
Nc1ccc(O)c(C(=O)O)c1,1
NCCCNCCO[C@H]1[C@H](O[C@@H]2[C@@H](O)[C@H](N)C[C@H](N)[C@H]2O[C@H]2O[C@H](CO)[C@@H](O)[C@H](O)[C@H]2N)O[C@H](CO)[C@H]1O[C@H]1O[C@@H](CN)[C@@H](O)[C@H](O)[C@H]1N,0
CC(C)NCC(O)c1cc(O)cc(O)c1,0
CC(C)C[C@H](NC(=O)[C@H](Cc1c[nH]c2ccccc12)NC(=O)[C@H](Cc1ccc(O)cc1)NC(=O)[C@H](CO)NC(=O)[C@H](Cc1c[nH]c2ccccc12)NC(=O)[C@H](Cc1c[nH]cn1)NC(=O)[C@@H]1CCC(=O)N1)C(=O)N[C@@H](CCCNC(=N)N)C(=O)N1CCC[C@H]1C(=O)NCC(N)=O,1
CC(Oc1c(Cl)cccc1Cl)C1=NCCN1,0
Cc1ccc(C(C)C)cc1O,1
CC1(C)CCC2(C(=O)O)CCC3(C)C(=CCC4C5(C)CCC(O)C(C)(COS(=O)(=O)O)C5CCC43C)C2C1,1
C[C@]12C=C[C@@]3(CC[C@@H]4[C@@](C)(CO)CCC[C@@]4(C)[C@@H]3CC1)C2,1
CCOC(=O)N1CSC[C@H]1C(=O)O,0
Cn1cc([C@H]2SC=C(C(=O)O)NC=C2C=O)nn1,0
CCCCN(C)C(=O)CCCCCCCCCC[C@@H]1Cc2cc(O)ccc2[C@H]2CC[C@]3(C)[C@@H](O)CC[C@H]3[C@H]12,0
O=[N+]([O-])O[C@H]1CO[C@H]2[C@@H]1OC[C@H]2O[N+](=O)[O-],0
CCCCCC(O)C=CC(=O)CCCCCCCCC(=O)O,1
NC(CSSCC(N)C(=O)O)C(=O)O,1
Cc1ccc2sc([C@@H]3O[C@H](CO)[C@@H](O)[C@H](O)[C@H]3O)nc2c1,0
CCCCCCCCCCCCCCCC(=O)OC/C=C(C)/C=C/C=C(C)/C=C/C1=C(C)CCCC1(C)C,1
CO[C@@H]1[C@@H](O[C@@H]2O[C@H](C)[C@@H](O[C@H]3C[C@@](C)(O)[C@@H](OC(=O)CC(C)C)[C@H](C)O3)[C@H](N(C)C)[C@H]2O)[C@@H](CC=O)C[C@@H](C)[C@@H](O)/C=C/C=C/C[C@@H](C)OC(=O)C[C@H]1O,0
O=C1O[C@H](CO)[C@@H](O)[C@H](O)[C@H]1O,0
CCNC(=O)/C=C(C)/C=C/C=C(C)/C=C/c1c(C)cc(OC)c(C)c1C,0
Nc1ccn([C@H]2C[C@H](O)[C@@H](COP(=O)(O)OP(=O)(O)OP(=O)(O)O)O2)c(=O)n1,0
C[C@@]1(C(=O)O)OC[C@H]2O[C@@H](O)[C@H](O)[C@@H](O)[C@H]2O1,0
CCC(=O)O[C@H](CC(=O)O)C[N+](C)(C)C,0
CC(CN1C(=O)c2cccnc2Nc2ccccc21)N(C)C,0
OCC1OC(n2cnc3c(NC4CCCCC4)ncnc32)C(O)C1O,1
CCCCCC(=O)O[C@]1(C(C)=O)CC[C@H]2[C@@H]3CCC4=CC(=O)CC[C@@H]4[C@H]3CC[C@@]21C,0
O=[N+]([O-])c1ccc(F)c([N+](=O)[O-])c1,1
COCCCN(C(=O)c1ccc(Cl)cc1)[C@H]1CCCN(CCc2ccccc2)C1,0
CN[C@@H]1CCc2[nH]c3ccc(C(N)=O)cc3c2C1,0
CC(=O)N1N=C(c2ccc(N)cc2)c2cc3c(cc2C[C@H]1C)OCO3,0
O=C(NCc1ccc(OC(F)(F)F)c(F)c1)[C@H]1CN(c2nc3nc(C4CC4)ncc3s2)CCN1S(=O)(=O)c1ccc(C(F)(F)F)cc1,0
COC(=O)[C@H]1[C@@H](OP(=O)(O)c2ccccc2)C[C@@H]2CC[C@H]1N2C,0
CN(C(Cc1ccc(OS(=O)(=O)c2cccc3cnccc23)cc1)C(=O)N1CCN(c2ccccc2)CC1)S(=O)(=O)c1cccc2cnccc12,1
O=c1c(O)c(-c2ccc(O)c(O)c2)oc2c(OC3OC(CO)C(O)C(O)C3O)c(O)cc(O)c12,1
CC(=O)[C@@]1(O)CC[C@H]2[C@@H]3C=C(Cl)C4=CC(=O)[C@@H]5C[C@@H]5[C@]4(C)[C@H]3CC[C@@]21C,1
COc1ccc(C(=O)N/N=C/c2cc(Br)c(O)c(Br)c2O)cc1,0
CC(C)(Oc1ccc(Cl)cc1)C(=O)OCCCOC(=O)c1cccnc1,0
CCOP(=O)(OCC)Oc1nc(Cl)c(Cl)cc1Cl,1
CCN1CCN(Cc2ccc(Nc3ncc(F)c(-c4cc(F)c5nc(C)n(C(C)C)c5c4)n3)nc2)CC1,1
COc1cc2c(cc1O)CC[C@@H]1[C@@H]2CC[C@]2(C)C(=O)/C(=C/c3ccc(Cl)cc3)C[C@@H]12,1
COc1cc2c(cc1OCCC[18F])CCN1C[C@@H](CC(C)C)[C@H](O)C[C@H]21,0
CC(=O)c1ccc(C)cc1N[C@H](C(N)=O)c1c(Br)cccc1Br,0
CNC(=O)C=C(C)OP(=O)(OC)OC,1
O=P(O)(O)C(O)(COc1cccc(-c2cccc(-c3ccccc3)c2)c1)P(=O)(O)O,0
Cc1cc(C#Cc2ccccc2CNn2ccoc2=O)nc(N)n1,0
O=C(NC(=S)Nc1nc2ccc(Cl)cc2s1)c1ccccc1,0
CCC(C)CCCCC(=O)N[C@@H](CCN)C(=O)N[C@H](C(=O)N[C@@H](CCN)C(=O)N[C@H]1CCNC(=O)[C@H]([C@@H](C)O)NC(=O)[C@H](CCN)NC(=O)[C@H](CCN)NC(=O)[C@H](CC(C)C)NC(=O)[C@@H](Cc2ccccc2)NC(=O)[C@@H](CCN)NC1=O)[C@@H](C)O,0
CC(C)c1ccc(NC(=O)N(C)C)cc1,1
CCOC(=O)N1CCC(Nc2cc(C)ccn2)CC1,0
C[C@]12C=CC(=O)C=C1CC[C@@H]1[C@@H]2[C@@H](O)C[C@@]2(C)[C@H]1CC[C@]2(O)C(=O)CO,0
CC(C)C(=O)OCC(=O)C12OC(C3CCCCC3)OC1CC1C3CCC4=CC(=O)C=CC4(C)C3C(O)CC12C,1
CN1CCN(c2ccc(N3C[C@H](CO)OC3=O)cc2F)C=N1,0
CC(C)N(CCC(c1ccccc1)c1ccccc1)C(C)C,0
NCCCC[C@@H]1NC(=O)[C@@H](Cc2c[nH]c3ccccc23)NC(=O)C(c2ccccc2)NC(=O)[C@@H]2C[C@@H](OC(=O)NCCN)CN2C(=O)[C@H](Cc2ccccc2)NC(=O)[C@H](Cc2ccc(OCc3ccccc3)cc2)NC1=O,0
N#Cc1cc(Cl)cc(Oc2cc(OCc3[nH]nc4ccccc34)ccc2Cl)c1,0
CCOC(=O)CC[C@H](C[C@@H]1CCNC1=O)NC(=O)[C@H](CC(=O)[C@@H](NC(=O)c1cc(C)on1)C(C)C)Cc1ccc(F)cc1,0
O=C(O)c1ccc(OCCn2ccnc2)cc1,0
CCN(CC)CCNC(=O)c1cc(Cl)c(N)cc1OC,1
CCCCCCCCCCCCOC(=O)CS(=O)(=O)O,0
NCCCCCCOP(=O)(O)OP(=O)(O)OC[C@H]1O[C@@H](n2ccc(=O)[nH]c2=O)[C@H](O)[C@@H]1O,0
C=C1CC2C3C=C(C)C4=CC(=O)CCC4(C)C3CCC2(C)C1(OC(C)=O)C(C)=O,1
CCNCC,1
COc1ccc2c(c1OC)C(OC)N(C)c1c-2ccc2cc3c(cc12)OCO3,1
CC(=O)c1cccc(-c2cnc3ccc(NCC4CC4)nn23)c1,0
CC(C)c1cc2[nH]c(=O)n(NS(C)(=O)=O)c(=O)c2cc1-c1ccnn1C,0
CCCCn1c(Cc2cc(OC)c(OC)c(OC)c2Cl)nc2c(N)ncnc21,0
CC(=O)N[C@H](Cc1ccccc1)C(=O)N1CCC[C@H]1C(=O)N[C@@H](CCCCCN)B(O)O,0
O=S(=O)(O)c1ccc([Hg])cc1,0
CN(Cc1cnc2nc(N)nc(N)c2n1)c1ccc(C(=O)N[C@@H](CCC(=O)O)C(=O)O)cc1,1
CC(C)Oc1cccc(CC(=O)N2CCC[C@@](CC[N+]34CCC(c5ccccc5)(CC3)CC4)(c3ccc(Cl)c(Cl)c3)C2)c1,0
CSc1nc(NC(C)C)nc(NC(C)C)n1,1
COP(O)(=S)OC,0
C[C@]12C=CC3=C4CCC(=O)C=C4CC[C@H]3[C@@H]1CC[C@@H]2O,0
CCCCCC(O)C=CC=O,1
C[N+]1(CC(=O)c2ccc(-c3ccccc3)cc2)[C@@H]2CC[C@H]1CC(OC(=O)[C@H](CO)c1ccccc1)C2,0
CCCCN(CCCC)C(C(N)=O)c1ccc(OC)cc1,0
CC1=C[C@H]2Cc3[nH]c(=O)ccc3[C@]3(C1)NCCC[C@H]23,0
O=C(Nc1ccccc1F)N[C@H]1N=C(c2ccccc2)c2ccccc2NC1=O,0
c1ccc2c(c1)cc1ccc3cc4ccccc4c4ccc2c1c34,1
CC1(C)CCC(C)(C)c2cc(NC(=O)c3ccc(C(=O)O)cc3)ccc21,1
CS(=O)(=O)c1ccc(C(=N)N)cc1,0
Cc1cc(SCc2sc(-c3ccc(C(F)(F)F)cc3)nc2C)ccc1OCC(=O)O,0
N=C(N)c1ccc2nc(-c3cc([C@@H](CC(=O)O)C(=O)O)cc(Br)c3O)[nH]c2c1,0
CCC(=O)C1(c2cccc(O)c2)CCN(C)CC1,0
CNC(=C[N+](=O)[O-])NCCSCc1ccc(CN(C)C)o1,1
Cc1nccn1CCC(C(N)=O)(c1ccccc1)c1ccccc1,0
N[C@@H](Cc1c[nH]c2cc[se]c12)C(=O)O,0
Nc1ccn([C@@H]2O[C@H](CO)[C@@H](O)[C@H]2O)c(=O)c1,0
O=C(CCCCCCCCC(=O)Oc1ccc2c3c1O[C@H]1[C@@H](O)CC[C@@]4(O)[C@@H](C2)N(CC2CCC2)CC[C@]314)Oc1ccc2c3c1O[C@H]1[C@@H](O)CC[C@@]4(O)[C@@H](C2)N(CC2CCC2)CC[C@]314,0
COC1OC(c2ccc(Cl)c(Cc3ccc(OC4CCOC4)cc3)c2)C(O)C(O)C1O,1
COc1ccc2c3c1O[C@H]1C(OC(=O)c4ccccc4)=CC[C@@H]4[C@@H](C2)N(C)CC[C@@]341,0
Nc1ncnc2c1ncn2[C@@H]1O[C@H](COP(=O)(O)OP(=O)(O)OC[C@H]2O[C@@H]([n+]3cccc(C(=O)O)c3)[C@H](O)[C@@H]2O)[C@@H](O)[C@H]1O,0
O=C(O)CCCO,0
Nc1nc(N)c2nc(CNc3ccc(C(=O)N[C@@H](CCC(=O)O)C(=O)O)cc3)cnc2n1,0
c1ccc(C2CC2)c(OCC2=NCCN2)c1,0
COc1ccc(S(=O)(=O)C[C@@H]2CCCC[C@H]2C(=O)NCCN)cc1,0
Cc1c(-c2ccc(-c3ccccc3)cc2)nc2ccc(F)cc2c1C(=O)O,0
CC1OC(C)OC(C)O1,0
CSCC[C@H](NC(=O)[C@H](Cc1c[nH]c2ccccc12)NC(=O)CNC(=O)[C@@H](NC(=O)[C@H](Cc1ccc(OS(=O)(=O)O)cc1)NC(=O)[C@H](CC(=O)O)NC(=O)[C@H](CCC(N)=O)NC(=O)[C@@H]1CCC(=O)N1)[C@@H](C)O)C(=O)N[C@@H](CC(=O)O)C(=O)N[C@@H](Cc1ccccc1)C(N)=O,0
Cn1sccc1=O,1
CC(=O)Nc1ccc(C(=O)O)cc1N,0
[Rn],1
O=P(O)(O)C(O)(Cc1cccc(-c2cccc(-c3ccccc3)c2)c1)P(=O)(O)O,0
CCCCC1C(=O)N(c2ccccc2)N(c2ccc(O)cc2)C1=O,1
COC(=O)[C@@H](N)CCCN=C(N)N[N+](=O)[O-],0
O=C(O)Cn1cc(Cc2nc3c(F)c(F)cc(F)c3s2)c2ccccc21,0
CCOC(=O)c1c(C)nn(-c2ccc(OC)cc2)c1C,0
CS(=N)(=O)CC[C@H](N)C(=O)O,0
COC(=O)C1=C(C)NC(C)=C(C(=O)OC(C)C)C1c1cccc2nonc12,1
CNc1nc(N)[nH]c(=O)c1[N+](=O)[O-],0
Cc1ncc(-c2nc(Nc3ccc(C(=O)N4CC[C@H](N(C)C)C4)cc3)ncc2F)n1C(C)C,0
C[C@@H](c1cc(Cl)cc2ccccc12)N(C)C(=O)CC1(c2ccc(F)cc2)CCN(C)CC1,0
C[C@]12CC[C@H](O)CC1=CC[C@@H]1[C@@H]2CC[C@]2(C)C(n3cnc4ccccc43)=CC[C@@H]12,0
Nc1ncnc2c1ncn2C1OC(CO)CC1O,1
O=C1c2ccccc2C(=O)N1CCc1nn[nH]n1,0
Oc1ccccc1,1
CC[C@H](C)[C@H](NC(=O)[C@H](Cc1ccccc1)NC(=O)[C@H](C)NC(=O)[C@H](CC(=O)O)NC(=O)[C@H](CCCCN)NC(=O)[C@H](CO)NC(=O)[C@@H]1CCCN1C(=O)[C@@H]1CCC(=O)N1)C(=O)NCC(=O)N[C@@H](CC(C)C)C(=O)N[C@@H](CCSC)C(N)=O,0
CC[C@H]1OC(=O)[C@H](C)[C@@H](O[C@H]2C[C@@](C)(OC)[C@@H](O)[C@H](C)O2)[C@H](C)[C@@H](O[C@@H]2O[C@H](C)C[C@H](N(C)C)[C@H]2O)[C@](C)(O)C[C@@H](C)C(=O)[C@H](C)[C@H]2OC(=O)O[C@@]21C,0
C#CCCCn1c(Cc2cc(OC)ccc2OC)nc2c(N)nc(F)nc21,0
CC(O)CC(=O)SCCNC(=O)CCNC(=O)[C@H](O)C(C)(C)COP(=O)(O)OP(=O)(O)OC[C@H]1O[C@@H](n2cnc3c(N)ncnc32)[C@H](O)[C@@H]1OP(=O)(O)O,0
CC(=O)c1ccc2c(c1)C(=O)C1(CC1)O2,0
CCCCCCCC/C=C\CCCCCCCC(=O)OCC(COP(=O)([O-])OCC[N+](C)(C)C)OC(=O)CCCCCCCCCCCCCCC,0
COc1cc2c(c3oc(=O)c4c(c13)CCC4=O)C1C(O2)OC2OC21,1
CN1CCN(c2ccc(OC(F)(F)F)c(Nc3ncc4c(n3)-c3c(c(C(N)=O)nn3CCO)CC4)c2)CC1,0
CCC[N+]12C(O)C(CC)C3CC1C1N(C)c4ccccc4C14CC2C3C4O,1
COc1ccccc1N1CCN(CC(O)COc2cccc3ccccc23)CC1,0
NCc1ccccc1-c1ccccc1,0
CC(=O)O[C@@]12CO[C@@H]1C[C@H](O)[C@@]1(C)C(=O)[C@H](OC(=O)C3CCCC3)C3=C(C)[C@@H](OC(=O)[C@H](O)[C@@H](NC(=O)OC(C)C)c4cccs4)C[C@@](O)([C@@H](OC(=O)c4ccccc4)[C@H]21)C3(C)C,0
CO[C@@]12[C@H](COC(N)=O)C3=C(C(=O)C(C)=C(N)C3=O)N1C[C@H]1[C@@H]2N1C,0
C[C@@H]1CN(C2CCC(C#N)(c3ccc(F)cc3)CC2)CC[C@]1(C(=O)O)c1ccccc1,0
CC[C@H](C)[C@@H](NC(=O)[C@@H](NC(=O)[C@H](CCC(=O)O)NC(=O)[C@H](Cc1ccccc1)NC(=O)[C@@H](CCN)NC(=O)[C@H](CCN)NC(=O)[C@H](CO)NC(=O)[C@@H](Cc1c[nH]c2ccccc12)NC(=O)[C@@H](CO)NC(=O)CNC(=O)[C@@H](CCN)NC(=O)[C@H](NC(=O)[C@H](C)N)C(C)C)C(C)C)C(=O)N[C@@H](C)C(=O)O,0
CC(=O)Nc1ccc(OC(=O)CCCO[N+](=O)[O-])cc1,0
CC(C)(NC(=O)O[C@@H]1CN2CCC1CC2)c1csc(-c2ccc(F)cc2)n1,0
CC(C)NCC(O)COc1cccc2[nH]c3ccccc3c12,0
C[N+]1(CC2CC2)CCC23c4c5ccc(O)c4OC2C(=O)CCC3(O)C1C5,0
CC(C)C12OC1C1OC13C1(C)CCC4=C(COC4=O)C1CC1OC13C2O,1
COc1ccc(CN(CCN(C)C)c2ccccn2)cc1,0
O=C1CCCO1,0
CCCOc1ccc([N+](=O)[O-])cc1NC(C)=O,0
O=C(Nc1cccc(-c2n[nH]c3ccc(-c4ncn[nH]4)cc23)c1)c1ccco1,0
Nc1ncnc2c1ncn2[C@@H]1O[C@H](COS(=O)(=O)NC(=O)[C@@H](N)Cc2ccc(O)cc2)[C@@H](O)[C@H]1O,0
CCC/C=C/C=C/C(=O)O[C@H]1/C(=C/C(=O)OC)C[C@H]2C[C@H]([C@@H](C)O)OC(=O)C[C@H](O)C[C@@H]3C[C@H](OC(C)=O)C(C)(C)[C@](O)(C[C@@H]4C/C(=C/C(=O)OC)C[C@H](/C=C/C(C)(C)[C@]1(O)O2)O4)O3,1
CC1(C)SCCN(S(=O)(=O)c2ccc(Oc3ccncc3)cc2)[C@H]1C(=O)NO,0
OC(CI)CI,0
N[C@@H](CC(C(=O)O)C(=O)O)C(=O)O,0
C[C@]12CCC(=O)C=C1CC[C@@H]1[C@@H]2[C@@H](O)C[C@@]2(C)[C@H]1CC[C@]2(O)C(=O)CS,0
O=C(Nc1cnccc1Cl)N1CCN(Cc2ccc3c(c2)OC(F)(F)O3)CC1,0
C[N+](C)(C)CC=O,0
O=[N+]([O-])c1ccc([C@H]2CO2)cc1,0
CCCCCCCCC/C=C/C=C/C(=O)NCC(=O)N[C@@H]1[C@@H](O)[C@@H](O)[C@@H](Nc2ncnc3nc[nH]c23)O[C@H]1[C@@H](O)CO,0
NCCCC[C@H](NC(=O)[C@@H]1CCCN1C(=O)[C@@H]1CSSC[C@H](NC(=O)CNC(=O)CNC(=O)CN)C(=O)N[C@@H](Cc2ccc(O)cc2)C(=O)N[C@@H](Cc2ccccc2)C(=O)N[C@@H](CCC(N)=O)C(=O)N[C@@H](CC(N)=O)C(=O)N1)C(=O)NCC(N)=O,0
COc1ccccc1-n1c(CSc2ncnc3nc[nH]c23)nc2cccc(Cl)c2c1=O,0
CC=CC#CC#CC=Cc1ccco1,1
O=C1c2c(O)cccc2C(=O)c2c([N+](=O)[O-])ccc(O)c21,0
O=C(CCN1CCN(c2cccc(C(F)(F)F)c2)CC1)c1cc(O)c(O)c([N+](=O)[O-])c1,0
Nc1ncnc2c1ncn2[C@@H]1O[C@H](CO)[C@H](O)[C@H]1O,0
O=C(CCCCCCC(=O)Nc1ccc(CN[C@H](C(=O)OC2CCCC2)c2ccccc2)cc1)NO,0
C=C(C)Cn1c(N)cc(=O)n(C)c1=O,0
NC(N)=NCCC[C@H](N)C(=O)NCCCN1CCN(CCCNC(=O)[C@@H](N)CCCN=C(N)N)CC1,0
CC/C=C\C/C=C\C/C=C\C/C=C\C/C=C\C=C\[C@@H](O)CCC(=O)O,0
CCOC(=O)/C=C1\SC(N2CCCCC2)C(=O)N1CC,0
C[C@H]1COc2c(C3(N)CC3)c(F)cc3c(=O)c(C(=O)O)cn1c23,1
C=CC1=C(C(=O)O)N2C(=O)C(NC(=O)C(=NOCC(=O)O)c3csc(N)n3)C2SC1,1
C#CCN(C)CCCCOc1ccc2ccc(=O)oc2c1,0
CC1OC(Oc2c(-c3cc(O)c(O)c(O)c3)oc3cc(O)cc(O)c3c2=O)C(O)C(O)C1O,1
O=P(O)(O)OC[C@@H]1O[C@H](COP(=O)(O)O)[C@@H](O)[C@@H]1O,0
CC(=O)C1C(CC#N)CC2C3CC=C4CC(O)CCC4(C)C3CCC21C,1
CC(=O)O[C@@]12CO[C@@H]1C[C@H](O)[C@@]1(C)C(=O)[C@H](O)C3=C(C)[C@@H](OC(=O)[C@H](O)[C@@H](NC(=O)OC(C)(C)C)c4ccccc4)C[C@@](O)([C@@H](OC(=O)c4ccccc4)[C@H]21)C3(C)C,1
CNCCNS(=O)(=O)c1cccc2cnccc12,0
Cc1occc1C(=O)Nc1nn(Cc2ccc(C(F)(F)F)cc2)c2ccccc12,0
CC(=O)OC12COC1CC(O)C1(C)C(=O)C(O)C3=C(C)C(OC(=O)C(O)C(NC(=O)OC(C)(C)C)c4ccccc4)CC(O)(C(OC(=O)c4ccccc4)C21)C3(C)C,1
N[C@H]1C=C(CO)[C@@H](O)[C@H](O)[C@H]1O,0
COc1ccc(C=Cc2cc(O)cc(OC3OC(CO)C(O)C(O)C3O)c2)cc1O,1
CO[C@H]([C@H](C)/C=C/N(C)CO)[C@@H](C)C(=O)CC[C@H](C)[C@H](C[C@@H]1OC(=O)C[C@@H](O[C@H](N)O)C[C@H](C)C[C@H](O)[C@H](C)[C@@H](OC)c2coc(n2)-c2coc(n2)-c2coc(n2)/C=C/C[C@H](OC)[C@H]1C)OC,0
CCC1=C(C)c2cc3c(CC)c(C)c(cc4nc(cc5[nH]c(cc1n2)c(C)c5CCC(=O)O)C(CCC(=O)O)=C4C)n3C,0
N=C(N)NCCC[C@H](N)C(=O)O,0
Cc1nc(-c2cn3c(n2)-c2ccc(-c4cnn(C(C)(C)C(N)=O)c4)cc2OCC3)n(C(C)C)n1,0
CS(=O)(=O)c1ccc(-c2noc([C@@H](CC3CC3)[C@H](N)C(F)=C3CCCC3)n2)c(Cl)c1,0
O=C(O)C(=O)CC1(C(=O)O)C=CC(O)C=C1,0
c1ccccc1,1
Br[Hg]Br,1
C=C(C)C=O,1
C[C@@H]1CC[C@@]2(NC1)O[C@H]1C[C@H]3[C@@H]4CC=C5C[C@@H](O[C@@H]6O[C@H](CO)[C@@H](O[C@@H]7O[C@@H](C)[C@H](O)[C@@H](O)[C@H]7O)[C@H](O)[C@H]6O[C@@H]6O[C@@H](C)[C@H](O)[C@@H](O)[C@H]6O)CC[C@]5(C)[C@H]4CC[C@]3(C)[C@H]1[C@@H]2C,0
CC(C)c1cc(Oc2c(Cl)cc(CC(=O)O)cc2Cl)ccc1O,0
CCOC(=O)c1c(C)cc2c(CO)n[nH]c(=O)c2c1C,0
C[N+](C)(CCCCC(C#N)(c1ccccc1)c1ccccc1)CC[N+]1(C)CCOCC1,0
O=P(O)(O)OC1O[C@H](CO)[C@@H](O)[C@H](O)[C@@H]1O,0
C[As]=O,1
CC(=O)c1ccc(S(=O)(=O)NC(=O)NC2CCCCC2)cc1,1
CC(C)(CO)C(=O)C(=O)O,0
COc1cc(Br)c2oc(C3CCNCC3)cc2c1,0
CCCCCC(=O)CCC1C(=O)CC(O)C1CC=CCCCC(=O)O,1
CCOC(=O)C1(c2ccccc2)CCN(C)CC1,0
c1ccc(CNc2ccc(OC[C@H]3CCCN3)cc2)cc1,0
CCSc1cc(OC)c(CC(C)N)cc1OC,0
CC[C@@H](N)CCC(=O)O,0
N[C@@H]1CCCC[C@H]1N,0
COc1cc(CNC(=O)CCCCCCC(C)C)ccc1O,1
O=C(O)/C=C/c1ccc(O)cc1O,0
CC(O)c1ccc(CCOc2ccc(CC3SC(=O)NC3=O)cc2)nc1,0
CC(=O)O[C@H](c1ccccc1)[C@H]1CCCCN1,0
CC(=O)OC1(C(C)=O)CCC2C3C=C(Cl)C4=CC(=O)C5CC5C4(C)C3CCC21C,1
ClC1=C(Cl)C2(Cl)C3C4OC4C(Cl)C3C1(Cl)C2(Cl)Cl,1
OCC(CO)(CCl)CCl,0
O=C(O)CCCOc1cccc(CCCCCCOc2cc(-c3ccsc3)cc(-c3ccc4c(c3)OCO4)c2)c1CCC(=O)O,1
O=C[C@H](O)[C@H](O)[C@H](O)COP(=O)(O)O,0
OC1C=Cc2c(cc3ccc4cccc5ccc2c3c45)C1O,1
COc1c(N2CCNC(C)C2)c(F)cc2c(=O)c(C(=O)O)cn(C3CC3)c12,1
C[C@H]1C[C@H]2[C@@H]3CCC4=CC(=O)C=C[C@]4(C)[C@@]3(F)[C@@H](O)C[C@]2(C)[C@@]1(O)C(=O)CO,0
O=C(NO)c1cnc(N2C[C@@H]3C(NCc4ccc5cc(F)ccc5n4)[C@@H]3C2)nc1,0
CC[C@H](C)[C@@H]1NC(=O)[C@H](Cc2ccc(O)cc2)NC(=O)CCCSC[C@@H](C(=O)N(CC(=O)N[C@@H](CC(C)C)C(=O)NCC(N)=O)Cc2ccc(F)cc2)NC(=O)[C@H](CC(N)=O)NC(=O)[C@H](CCC(N)=O)NC1=O,0
Clc1ccc(C2(Cn3ccnc3)OCC(COc3ccc(N4CCNCC4)cc3)O2)c(Cl)c1,1
CC(=O)N[C@@H]1[C@@H](O)[C@@H](F)[C@@](O)(C(=O)O)O[C@H]1[C@H](O)[C@H](O)CO,0
O=C1C(=C2CCC(c3ccc(Cl)cc3)CC2)C(O)=C(O)c2ccccc21,0
CCC1CC2C3CCC4=CC(=O)CCC4C3CCC2(C)C1C(=O)CO,1
FCCCCCF,1
CC(CNC1CCCCC1)OC(=O)c1ccccc1,0
CN1C[C@H]2CCN(c3ccc(-c4ccc(-n5ncccc5=O)cc4)cc3)[C@H]2C1,0
C[N+]1(CCC(O)(c2ccccc2)c2cccs2)CCOCC1,0
CSCCC(N)C(=O)O,0
Cn1cc(-c2ccc(S(=O)(=O)n3ccc(/C=C/C(=O)Nc4ccccc4N)c3)cc2)cn1,0
O=[N+]([O-])C(Cl)(Cl)Cl,1
CCCC1C(=O)c2[nH]c([C@H]3C[C@H]4C[C@@H]3[C@@H]3O[C@H]43)nc2N(CCC)C1=O,0
CN1C[C@H](C(=O)N[C@]2(C)O[C@@]3(O)[C@@H]4CCCN4C(=O)[C@H](Cc4ccccc4)N3C2=O)C[C@@H]2c3cccc4[nH]cc(c34)C[C@H]21,0
CO[C@H]1C[C@H](O[C@H]2[C@H](C)[C@@H](O[C@@H]3O[C@H](C)C[C@H](N(C)C)[C@H]3OC(C)=O)[C@@H](C)C[C@@]3(CO3)C(=O)[C@H](C)[C@@H](OC(C)=O)[C@@H](C)[C@@H](C)OC(=O)[C@@H]2C)O[C@@H](C)[C@@H]1OC(C)=O,1
O=C(O)CC[C@H](NC(=O)N[C@@H](CCCCNC(=O)Nc1ccc([123I])cc1)C(=O)O)C(=O)O,0
Cn1c(=O)ccc2ccccc21,0
CCC[N+]12[C@H](O)[C@@H](CC)[C@@H]3C[C@H]1[C@@H]1N(C)c4ccccc4[C@]14C[C@H]2C3[C@H]4O,1
NS(=O)(=O)c1cc2c(cc1Cl)N[C@@H](C(Cl)Cl)NS2(=O)=O,0
C=CC=CCC(C)C(O)C1C(=O)NC(CC)C(=O)N(C)CC(=O)N(C)C(CC(C)C)C(=O)NC(C(C)C)C(=O)N(C)C(CC(C)C)C(=O)NC(C)C(=O)NC(C)C(=O)N(C)C(CC(C)C)C(=O)N(C)C(CC(C)C)C(=O)N(C)C(C(C)C)C(=O)N1C,0
CC(=O)NCC(=O)O,0
CCCN=C1S/C(=C\c2ccc(OC[C@H](O)CO)c(Cl)c2)C(=O)N1c1ccccc1C,0
CCC(=O)N(c1ccccc1F)C1(c2ccccc2)CCN(CCn2nnn(CC)c2=O)CC1,0
C=CCN1CC[C@]23c4c5ccc(O)c4O[C@H]2[C@@H](OCCOCCOCCOCCOCCOCCOCCOC)CC[C@@]3(O)[C@H]1C5,0
CON=C(C(=O)NC1C(=O)N2C(C(=O)OCOC(=O)C(C)(C)C)=C(C=Cc3scnc3C)CSC12)c1csc(N)n1,1
CC(C)C[C@H](C(=O)NO)N(Cc1ccccc1)[P@](C)(=O)c1ccccc1,0
CNC(=O)c1ccccc1Nc1nc(Nc2ccc3c(c2OC)CCC[C@H](N2CCN(CCO)CC2)C3)ncc1Cl,0
c1ccc2c3c(ccc2c1)-c1cccc2cccc-3c12,1
O=C1NC(c2ccccc2)(c2ccccc2)C(=O)N1COP(=O)(O)O,1
CCCCCCCCCCCCCCCC(=O)NCCCCCCNC(=O)C1CCCCNC(=O)CCN2C(=O)CC(SC[C@H](NC(=O)[C@H](Cc3ccc(O)cc3)NC(=O)[C@H](CCC(=O)O)NC(=O)[C@@H](NC(=O)[C@@H](NC(=O)[C@H](CC(=O)O)NC(=O)[C@H](CC(N)=O)NC(=O)[C@@H](NC(=O)[C@H](Cc3ccc(O)cc3)NC(=O)[C@@H](NC(=O)CNC(=O)[C@H](CCC(=O)O)NC(=O)C(C)(C)NC(=O)[C@@H](N)Cc3c[nH]cn3)[C@@H](C)O)[C@@H](C)O)C(C)C)[C@@H](C)O)C(=O)N[C@@H](CCC(=O)O)C(=O)N[C@@H](CCC(=O)O)C(=O)N[C@@H](CCC(=O)O)C(=O)N[C@@H](C)C(=O)N[C@@H](C)C(=O)N[C@@H](CCCCN)C(=O)N[C@H](C(=O)N[C@@H](Cc3ccccc3)C(=O)N[C@H](C(=O)N[C@@H](CCC(=O)O)C(=O)N[C@@H](Cc3c[nH]c4ccccc34)C(=O)N[C@@H](CC(C)C)C(=O)N[C@H](C(=O)N[C@@H](CCCCN)C(=O)NCC(=O)N[C@@H](CCCCN)C(=O)N3CCC[C@H]3C(=O)N[C@@H](CO)C(=O)N[C@@H](CO)C(=O)NCC(=O)N[C@@H](C)C(=O)N3CCC[C@H]3C(=O)N3CCC[C@H]3C(=O)N3CCC[C@H]3C(=O)N[C@@H](CO)C(=O)NCCOCCOCC(=O)NCCOCCOCC(=O)N[C@@H](Cc3ccc(O)cc3)C(=O)NCC(=O)N[C@@H](Cc3c[nH]c4ccccc34)C(=O)N[C@@H](CC(C)C)C(=O)N[C@@H](CC(=O)O)C(=O)N[C@@H](Cc3ccccc3)C(N)=O)[C@@H](C)CC)[C@@H](C)CC)CSC3CC(=O)N(CCC(=O)N1)C3=O)C2=O,0
Nc1ncc(-c2cnn(CCO)c2)c2scc(-c3ccc(NC(=O)Nc4cccc(F)c4)cc3)c12,0
CC(C)C[C@H]1C(=O)O[C@H](Cc2ccc(N3CCOCC3)cc2)C(=O)N(C)[C@@H](CC(C)C)C(=O)O[C@H](C)C(=O)N(C)[C@@H](CC(C)C)C(=O)O[C@H](Cc2ccc(N3CCOCC3)cc2)C(=O)N(C)[C@@H](CC(C)C)C(=O)O[C@H](C)C(=O)N1C,0
CC1(C)CC(=O)c2c(N)ncnc2C1,0
Brc1cnn2c(NCc3cccnc3)cc(-c3ccccc3)nc12,0
CC(=O)Nc1ccc(S(=O)(=O)Cl)cc1,0
C[C@]12C=CC(=O)C=C1CC[C@@H]1[C@@H]2CC[C@]2(C)C(=O)CC[C@@H]12,0
CCOc1ccc(C[C@@H](NC(=O)Cc2ccc(C(C)(C)C)cc2)C(=O)N[C@@H](Cc2ccc(F)cc2)C(=O)N[C@H](C(=O)N[C@@H](CC(N)=O)C(=O)N[C@@H](CC)C(=O)N2CCC[C@H]2C(=O)N[C@@H](CCCNC(=N)N)C(=O)N[C@@H](CCCNC(=N)N)C(N)=O)C(C)C)cc1,0
CCCCCCCCCCCCCC=CC(O)C(CO)NC(=O)CCCCCCCCCCCCCCC,1
CC1(C)CC(=O)c2c(C(F)(F)F)nn(-c3ccc(C(N)=O)c(NC4CCC(OC(=O)CN)CC4)c3)c2C1,0
CNC(=O)[C@@H](NC(=O)[C@H](OCc1ccccc1)[C@H](O)[C@@H](O)[C@@H](OCc1ccccc1)C(=O)N[C@H]1c2ccccc2C[C@H]1O)C(C)C,0
C/C(=C/C(=O)O)C(=O)O,0
CCCOc1ccc(CC(=O)O)cc1Cl,0
OCC1OC(Oc2c[nH]c3ccccc23)C(O)C(O)C1O,1
CC1(O)CC(O)C2(O)C=COC(OC3OC(CO)C(O)C(O)C3O)C12,1
CC(=Cc1ccccc1)C=C1SC(=S)N(CC(=O)O)C1=O,1
CN(C)CCc1c[nH]c2cccc(OP(=O)(O)O)c12,0
NC1=C(Cl)C(=O)c2ccccc2C1=O,0
COC(=O)[C@H]1O[C@H](O[C@@H]2[C@H](O)[C@@H](O)[C@@H](O[C@@H]3[C@H](O)[C@@H](O)[C@@H](O[C@@H]4[C@H](O)[C@@H](O)[C@@H](O)O[C@@H]4C(=O)OC)O[C@@H]3C(=O)OC)O[C@@H]2C(=O)OC)[C@H](O)[C@@H](O)[C@H]1O,0
CC[C@H](C)[C@@H]1NC(=O)[C@H](CCCNC(=N)N)NC(=O)[C@H](CC(=O)O)NC(=O)[C@H](CCSC)NC(=O)[C@H](CCCCN)NC(=O)[C@H](CCCNC(=N)N)NC(=O)CNC(=O)[C@H](Cc2ccccc2)NC(=O)[C@@H](NC(=O)CNC(=O)[C@H](CO)NC(=O)CNC(=O)[C@H](CCC(N)=O)NC(=O)[C@@H](NC(=O)[C@H](CCSC)NC(=O)[C@H](CCCCN)NC(=O)[C@@H]2CCCN2C(=O)[C@@H](N)CO)C(C)C)CSSC[C@@H](C(=O)N[C@@H](CCCCN)C(=O)N[C@H](C(=O)N[C@@H](CC(C)C)C(=O)N[C@@H](CCCNC(=N)N)C(=O)N[C@@H](CCCNC(=N)N)C(=O)N[C@@H](Cc2c[nH]cn2)C(=O)O)C(C)C)NC(=O)CNC(=O)[C@H](CC(C)C)NC(=O)CNC(=O)[C@H](CO)NC(=O)[C@H](CO)NC(=O)[C@H](CO)NC(=O)[C@H](CO)NC1=O,0
CC1CC2OC2C=CC=CC(=O)Cc2c(Cl)c(O)cc(O)c2C(=O)O1,1
CC1=C2C[C@H]3[C@@H](CC[C@@H]4C[C@H](NS(C)(=O)=O)CC[C@@]43C)[C@@H]2CC[C@@]2(C1)O[C@@H]1C[C@H](C)CN[C@H]1[C@H]2C,0
CN1CC(=O)N/C1=N/C(=O)Nc1cccc(Cl)c1,0
O=C1CCc2c(ccc3ccccc23)O1,1
CCC1(CC)C(=O)NC(=O)N(c2ccccc2)C1=O,0
Oc1cccc(-c2ccccc2)c1O,0
CN(Cc1ccc(/C=C/C(=O)NO)cc1)CC12CC3CC(CC(C3)C1)C2,0
COC(=O)[C@@H](N)CS,0
CC(NCCCc1cccc(C(F)(F)F)c1)c1cccc2ccccc12,0
N[C@H]1CC(=O)NC1=O,0
c1ccc(-c2ccc(C(c3ccccc3)n3ccnc3)cc2)cc1,0
C[C@@H]1C[C@H]2[C@@H]3C[C@H](F)C4=CC(=O)C=C[C@]4(C)[C@@]3(F)[C@@H](O)C[C@]2(C)[C@@]1(OC(=O)c1ccco1)C(=O)SCF,0
CC(O)COC(C)(C)C,1
CC(C)C(=O)OC[C@H]1O[C@@H](n2ccc(N)nc2=O)[C@](C)(F)[C@@H]1OC(=O)C(C)C,0
O=C(O)c1ccc(NC(=O)[C@H](CC2CCCC2)n2cnc(C(F)(F)F)c2)nc1,0
CC(C)(Oc1ccc(C2CCCc3ccccc32)cc1)C(=O)O,1
CC=CC=CC=CC(=O)O,1
Cc1nc(-c2cnn(C)c2-c2ccc(C(F)(F)F)cn2)c2c(N3CCC3)ncnn12,0
Cl[In](Cl)Cl,1
CC(C)C1=NCCc2ccc(NC(=O)c3ccc4cc(C(=N)N)ccc4c3)cc21,0
CN(C)c1ncnc2c1ncn2[C@@H]1O[C@H](COP(=O)(O)O)[C@@H](N)[C@H]1O,0
COC(=O)[C@@H]1C[C@H](C(=O)O)O[C@H]1[C@H](CC(C)C)NC(C)=O,0
CCCCNC(=O)NS(=O)(=O)c1ccccc1,0
CCCCCCCO[C@@H]1O[C@H](CO)[C@@H](O)[C@H](O)[C@H]1O,0
O=S(=O)(Nc1ccc(Cl)cc1)c1ccc2c(c1)CNCC2,0
CC(C)(OO)c1ccccc1,1
CC[C@H](C)OC(=O)Cc1oc2ccccc2c1C(=O)c1cc(I)c(OCCN(CC)CC)c(I)c1,0
CCC12C=CCN3CCC4(C(=C(C(=O)OC)C1)Nc1ccccc14)C32,1
c1ccc2ccccc2c1,1
CC(C)(C)[n+]1[nH]c(-c2ccc(Cl)cc2)c2c(N)ncnc21,0
N[C@H]1CCc2ccccc2[C@H]1O,0
COc1cccc2c1C(=O)c1c(O)c3c(c(O)c1C2=O)CC(O)(C(=O)CO)CC3OC1CC(N)C(O)C(C)O1,1
CC(O)C(=O)O,0
NS(=O)(=O)c1ccc(CNC(=O)c2cn[nH]c2-c2cc(Cl)c(O)cc2O)cc1,0
CS(=O)(=O)OCCCCOS(C)(=O)=O,1
CC(=O)Nc1nc2c(s1)C(=O)NCCC2,0
CCCC[C@H](N)P(=O)(O)O,0
CCOC(=O)c1ccc(OCCCCC2CCN(c3ccc(C)nn3)CC2)cc1,0
CCCCCCCCCCCCCCCC(=O)NC(CSCC(COC(=O)CCCCCCCCCCCCCCC)OC(=O)CCCCCCCCCCCCCCC)C(=O)O,1
C[N+]1([O-])[C@@H]2CC[C@H]1C[C@@H](OC(=O)C(CO)c1ccccc1)C2,0
C[C@](O)(CO)[C@H](O)COP(=O)(O)OP(=O)(O)OC[C@H]1O[C@@H](n2ccc(N)nc2=O)[C@H](O)[C@@H]1O,0
Cc1cnc(C(=O)Nc2ccc(S(=O)(=O)NC(C)C)cc2)cn1,1
COc1cc(CCc2ccc(Nc3c4c(nc5ccccc35)CCCC4)cc2)cc(OC)c1,1
O=CCO,1
CC1CCC2(NC1)OC1CC3C4CC=C5CC(OC6OC(CO)C(OC7OC(C)C(O)C(O)C7OC7OC(C)C(O)C(O)C7O)C(O)C6O)CCC5(C)C4CCC3(C)C1C2C,1
COc1ccc(S(=O)(=O)N[C@H](C)C(=O)O)cc1,0
NC(=S)NCCC[C@H](N)C(=O)O,0
CCC(N)=O,0
CC1=C\[C@@H](O)CC(=O)Cc2nc(co2)C(=O)N2CCC=C2C(=O)O[C@H](C(C)C)[C@H](C)/C=C/C(=O)NC\C=C\1,0
CCCCCCCCCCCCCCCCCCCCCCCCCCO,1
O=C(N[C@H](CO)[C@H](O)c1ccc([N+](=O)[O-])cc1)C(Br)Br,0
Nc1nc2c([nH]c(=O)n2[C@H]2C[C@H](O)[C@@H](CO)O2)c(=O)[nH]1,0
c1ccc2c(c1)-c1cccc3cccc-2c13,1
O=c1ccc2c([C@@H](O)CNCCCCCCOCC(F)(F)c3ccccc3)ccc(O)c2[nH]1,0
CCCCCCCCCC[N+](C)(C)[O-],0
C/C(=C/C=C/[C@@H](C)C(=O)O)[C@H]1CN[C@H](C(=O)O)[C@H]1CC(=O)O,0
COc1cccc2c1C(=O)c1c(O)c3c(c(O)c1C2=O)CC(O)(C(C)=O)CC3OC1CC(N)C(O)C(C)O1,0
CC[C@H]1COC(c2ccc(OCCCCCCCc3cc(C)no3)cc2)=N1,0
C[C@]12Cc3conc3C[C@@H]1CC[C@@H]1[C@@H]2CC[C@@]2(C)[C@H]1CC[C@]2(C)O,0
C=C1C[C@H]2[C@@H]3CCC4=CC(=O)C=C[C@]4(C)[C@@]3(F)[C@@H](O)C[C@]2(C)[C@@]1(O)C(=O)COC(C)=O,0
CO[C@@H]1[C@@H](O)[C@H](O[C@H]2CC[C@@]3(C)[C@H](CC[C@@H]4[C@@H]3CC[C@]3(C)[C@@H](C5=CC(=O)OC5)[C@@H](O)C[C@]43O)C2)O[C@H](C)[C@@H]1O[C@@H]1O[C@H](CO)[C@@H](O)[C@H](O)[C@H]1O,0
CNC(=O)c1cc(Oc2ccc(NC(=O)Nc3ccc(Cl)c(C(F)(F)F)c3)c(F)c2)ccn1,1
COCCNc1cc(-n2c3c(c4ccccc42)C(=O)CCC3)ccc1C(N)=O,0
Cc1ccc(C(=O)NC2CC2)cc1-c1ccc2nc(NCCN3CCOCC3)ncc2c1,0
CCCC[C@H](NC(=O)[C@H](Cc1ccc(CS(=O)(=O)O)cc1)NC(=O)[C@H](CC(=O)O)NC(=O)COCCOCCNC(=O)COCCOCCNC(=O)[C@H](CCCCN)NC(=O)CNC(=O)[C@H](CCCCN)NC(=O)[C@@H](NC(=O)[C@H](CC(C)C)NC(=O)[C@H](Cc1c[nH]c2ccccc12)NC(=O)[C@H](CCC(=O)O)NC(=O)[C@@H](NC(=O)[C@H](Cc1ccccc1)NC(=O)[C@H](CCC(=O)O)NC(=O)[C@H](CCCCNC(=O)COCCOCCNC(=O)COCCOCCNC(=O)CC[C@H](NC(=O)CCCCCCCCCCCCCCCCC(=O)O)C(=O)O)NC(=O)[C@H](C)NC(=O)[C@H](C)NC(=O)[C@H](CCC(=O)O)NC(=O)[C@H](CCC(=O)O)NC(=O)[C@H](CCC(=O)O)NC(=O)[C@H](CC(C)C)NC(=O)[C@@H](NC(=O)[C@H](CCC(=O)O)NC(=O)[C@@H](NC(=O)[C@@H](NC(=O)[C@H](CC(=O)O)NC(=O)[C@H](CC(N)=O)NC(=O)[C@@H](NC(=O)[C@H](Cc1ccc(O)cc1)NC(=O)[C@@H](NC(=O)CNC(=O)[C@H](CCC(=O)O)NC(=O)C(C)(C)NC(=O)[C@@H](N)Cc1cnc[nH]1)[C@@H](C)O)[C@@H](C)O)C(C)C)[C@@H](C)O)[C@@H](C)O)[C@@H](C)CC)[C@@H](C)CC)C(=O)NCC(=O)N[C@@H](Cc1c[nH]c2ccccc12)C(=O)N[C@@H](CCCC)C(=O)N(C)[C@H](CC(=O)O)C(=O)N(C)[C@@H](Cc1ccccc1)C(N)=O,0
Cc1ccc2c(c1)Sc1ccc(C)cc1S2,0
CCn1nc(C(=O)O)c(=O)c2cc3c(cc21)OCO3,0
O=P(O)(O)C(Nc1ccc(Cl)cn1)P(=O)(O)O,0
c1ccc2c(c1)ccc1ccc3ccccc3c12,1
CC(=O)N[C@H](CO)[C@H](O)c1ccc([N+](=O)[O-])cc1,0
O=C(NNCS(=O)(=O)O)c1ccncc1,0
CC(C)=CCCC(C)=CCCC(C)=CCOP(=O)(O)OP(=O)(O)O,1
C=C1[C@H](O)CC(=C/C=C2\CCC[C@]3(C)[C@@H]([C@@H](C)CC)CC[C@@H]23)C[C@H]1O,0
O=C[C@H](CC(=O)O)NC(=O)[C@@H](CCCCNC(=O)c1ccc2cccc(O)c2n1)c1cccs1,0
CC[C@H](NC(C)C)[C@H](O)c1ccc(O)c2[nH]c(=O)ccc12,0
NC1C=CC(CC[C@H](N)C(=O)O)C=C1,0
N[C@@H](Cn1cc(I)c(=O)[nH]c1=O)C(=O)O,0
O=c1[nH]c2ccc(-c3c(Cl)cccc3OC(F)(F)F)cc2[nH]1,1
OC(C1=CC(=C(c2ccccn2)c2ccccn2)C=C1)(c1ccccn1)c1ccccn1,0
CC(C)(O)C(=O)Nc1ccc([N+](=O)[O-])c(C(F)(F)F)c1,1
CN1[C@@H]2C[C@@H](OC(=O)[C@H](CO)c3ccccc3)C[C@H]1[C@@H]1O[C@H]12,0
CC[C@]1(O)C[C@@H]2CN(CCc3c([nH]c4ccccc34)[C@@](C(=O)OC)(c3cc4c(cc3OC)N(C)[C@@H]3[C@]45CCN4CC=C[C@@](CC)(C[C@@]36OC(=O)N(CCCl)C6=O)[C@H]45)C2)C1,0
C[C@H](N)[C@H](O)c1cccc(O)c1,0
OC[C@H]1O[C@@H](S[C@H]2[C@H](O)[C@@H](O)[C@H](O)O[C@@H]2CO)[C@H](O)[C@@H](O)[C@@H]1O,0
CCC(=O)O[C@]1(C(=O)SCF)[C@H](C)C[C@H]2[C@@H]3C[C@H](F)C4=CC(=O)C=C[C@]4(C)[C@@]3(F)[C@@H](O)C[C@@]21C,0
CCCCC/C=C\C/C=C\C/C=C\C/C=C\CC/C=C(/OC(=O)C(C)c1ccc(C(=O)c2ccccc2)cc1)C(F)(F)F,0
CC(C(=O)Nc1cc(-c2ccccc2)nn1-c1ccccc1)N(C)C,1
O=Cc1ccc(O)cc1,0
COc1ccc(-c2sc3cc(O)ccc3c2Oc2ccc(OCCN3CCCCC3)cc2)cc1,0
CCC(CC)(CO)CO,0
COc1ccc(C=Cc2cc(OC)cc(=O)o2)cc1,1
CC(=O)NC(CCCN=C(N)N)C(=O)NC1CSSCC(C(N)=O)NC(=O)C(Cc2c[nH]c3ccccc23)NC(=O)C(CCCN=C(N)N)NC(=O)C(Cc2ccccc2)NC(=O)C(Cc2cnc[nH]2)NC(=O)C(C)NC1=O,0
c1cc2c(cc1C1OCC3C(c4ccc5c(c4)OCO5)OCC13)OCO2,1
CC12CCC3c4ccc(O)cc4CCC3C1CCC2O,1
CC=C1C(=O)CC2C3CCC4=CC(=O)CCC4(C)C3CCC12C,1
CO[C@H]1[C@H](O)[C@H](O[C@H]2CC[C@@]3(C=O)[C@H](CC[C@@H]4[C@@H]3CC[C@]3(C)[C@@H](C5=CC(=O)OC5)CC[C@]43O)C2)O[C@@H](C)[C@@H]1O,0
CC(C)(C)c1nc(NCCc2cnc[nH]2)c2cc(C(N)=O)c(N)nc2n1,0
[Cr+7],1
Cc1[nH]nc2ccc(F)c(Oc3cc(C#N)cc(C#N)c3)c12,0
C=C1C(=O)C23C(O)CC4C(C)(C)C(=O)CCC4(C)C2CCC1C3O,1
Cn1cnc([N+](=O)[O-])c1Sc1ncnc2nc[nH]c12,1
COc1ccc(-c2nc(-c3cccs3)[nH]c2-c2ccc(OC)cc2)cc1,0
CC(C)C[C@H](NC(=O)NCc1cn(Cc2ccccc2OCc2ccccc2)nn1)C(=O)NO,0
CCC(=O)N(c1ccccc1)C1CCN(Cc2ccccc2)CC1,0
CS(=O)(=O)c1ccc(-c2cn3ccccc3n2)cc1,0
Cc1cc(N)c2cc(NC(=O)Nc3ccc4nc(C)cc(N)c4c3)ccc2n1,0
CCCCCCCCCCCCCCCC[N+](C)(C)C1CCCCC1O,0
CN1CC[C@]23c4c5ccc(O)c4O[C@H]2[C@@H](O)CC[C@@]3(O)[C@H]1C5,0
N[C@@H]1CCC=NC1,0
O=C1NC(=O)C(c2cccc(Cl)c2)=C1Nc1ccc(Cl)c(C(=O)O)c1,0
O=C(C=Cc1ccc(O)c(O)c1)OC1CC(O)(C(=O)O)CC(O)C1O,1
COC(=O)C1=C(C)NC(C)=C(C(=O)OCCN2CCN(C(c3ccccc3)c3ccccc3)CC2)C1c1cccc([N+](=O)[O-])c1,0
CC(=O)[C@@]1(O)CC[C@H]2[C@@H]3C[C@H](C)C4=CC(=O)CC[C@]4(C)[C@H]3CC[C@@]21C,1
C=C[C@@H]1C[C@]1(NC(=O)[C@@H]1C[C@@H](Oc2cc(-c3ccccc3)nc3cc(OC)ccc23)CN1C(=O)[C@@H](CC(=O)N1CCCCC1)C(C)(C)C)C(=O)NS(=O)(=O)C1CC1,0
Nc1ncc(-c2ccncc2)nc1Nc1ccc2[nH]ccc2c1,0
CC(=O)OC[C@H](O)COP(=O)(O)OCCN,0
CCCCCCCCCCCCCC(=O)OC1C(C)C2(O)C(C=C(CO)CC3(O)C(=O)C(C)=CC32)C2C(C)(C)C12OC(C)=O,1
CSCC[C@H](NC(=O)[C@H](CC(C)C)NC(=O)[C@H](Cc1c[nH]c2ccccc12)NC(=O)[C@H](CCC(N)=O)NC(=O)[C@@H](NC(=O)[C@H](Cc1ccccc1)NC(=O)[C@H](CC(=O)O)NC(=O)[C@H](CCC(N)=O)NC(=O)[C@H](C)NC(=O)[C@H](CCCNC(=N)N)NC(=O)[C@H](CCCNC(=N)N)NC(=O)[C@H](CO)NC(=O)[C@H](CC(=O)O)NC(=O)[C@H](CC(C)C)NC(=O)[C@H](Cc1ccc(O)cc1)NC(=O)[C@H](CCCCN)NC(=O)[C@H](CO)NC(=O)[C@H](Cc1ccc(O)cc1)NC(=O)[C@H](CC(=O)O)NC(=O)[C@H](CO)NC(=O)[C@@H](NC(=O)[C@H](Cc1ccccc1)NC(=O)[C@@H](NC(=O)CNC(=O)[C@H](CCC(N)=O)NC(=O)[C@H](CO)NC(=O)[C@@H](N)Cc1c[nH]cn1)[C@@H](C)O)[C@@H](C)O)C(C)C)C(=O)N[C@@H](CC(N)=O)C(=O)N[C@H](C(=O)O)[C@@H](C)O,0
CCO[C@@H](Cc1ccc2c(ccn2Cc2nc(-c3ccccc3Cl)oc2C)c1)C(=O)O,0
O=C1NC(O)CCN1C1OC(CO)C(O)C1(F)F,0
N[C@H](C(=O)O)[C@H]1C[C@@H](SC[C@H](N)C(=O)O)NO1,0
C=CCN1CC[C@]23CCCC[C@H]2[C@H]1Cc1ccc(O)cc13,0
CC1NC(C2CC2)CC1c1ccc(Cl)cc1,0
Nc1ncnc2c1ncn2[C@H]1CC[C@@H](COP(=O)(O)OP(=O)(O)OP(=O)(O)O)O1,0
[N-]=[N+]=NCc1cc(C(=O)NCCCO[C@H]2O[C@H](CO)[C@@H](O)[C@H](O)[C@@H]2O)cc(C(=O)NCCCO[C@H]2O[C@H](CO)[C@@H](O)[C@H](O)[C@@H]2O)c1,0
Cc1n[nH]c(C)c1CCCOc1cc(C(=O)O)ccc1F,0
C[C@@H](N[C@@H](CCc1ccccc1)C(=O)N[C@@H](CCCN=C(N)N)C(=O)Nc1ccccc1)C(=O)O,0
Cc1cc(N2CCOc3ncnc(N)c3C2=O)cc(C)c1C#CC(C)(C)CC(=O)O,0
Cc1cnc(C(=O)O)c[n+]1[O-],1
[C],1
C=CCSCC(N)C(=O)O,1
O=C(O)Cc1ccccc1Oc1ccc(Cl)cc1Cl,1
CC(C)CCC(=O)CC1c2ccccc2C(=O)N1c1ccc2ccc(Cl)nc2n1,0
CNc1nc(N(C)C)nc(N(C)C)n1,1
COc1cc(Br)cc(CN2CCC(NC(=O)CCCS)CC2)c1OC,0
NC(=O)c1c[n+]([C@@H]2O[C@H](COP(=O)([O-])OP(=O)(O)OC[C@H]3O[C@@H](n4cnc5c(N)ncnc54)[C@H](O)[C@@H]3O)[C@@H](O)[C@H]2O)ccc1[C@@H]1CCCCC1=O,0
C#C[C@]1(OC(C)=O)CC[C@H]2[C@@H]3CCC4=C[C@@H](OC(C)=O)CC[C@@H]4[C@H]3CC[C@@]21C,0
C[C@H]1[C@H](C)CC[C@]2(C(=O)O[C@@H]3O[C@H](CO[C@@H]4O[C@H](CO)[C@@H](O[C@@H]5O[C@@H](C)[C@H](O)[C@@H](O)[C@H]5O)[C@H](O)[C@H]4O)[C@@H](O)[C@H](O)[C@H]3O)CC[C@]3(C)C(=CC[C@@H]4[C@@]5(C)C[C@@H](O)[C@H](O)[C@@](C)(CO)[C@@H]5[C@H](O)C[C@]43C)[C@H]12,0
NCC1(Cc2ccc(Cl)cc2)CCN(c2ncnc3[nH]ccc23)CC1,0
CC(C)n1c(=O)c(C(=O)NC2C[C@H]3CC[C@@H](C2)N3C[C@@H](O)CN(C)S(C)(=O)=O)cc2ccccc21,0
C[C@H]1O[C@H](O)[C@H](O)[C@@H](O)[C@@H]1O,0
O=c1[nH]cnc2c([C@@H]3O[C@H](CO)[C@H]4O[C@@H](CP(=O)(O)O)O[C@H]43)c[nH]c12,0
C[C@@H]1C[C@H](C)CN(C(=O)c2cc(Br)ccc2NC(=O)CCC(=O)N2CCOCC2)C1,0
Cc1nsc(-c2nnc3n2CCN(C(=O)c2ccc(F)cc2)C3C)n1,1
C=C1CO[C@H]([C@@](C=O)(NC(=O)[C@@H](C(=O)O)c2ccc(O)cc2)OC)N=C1C(=O)O,0
Cc1nnnn1/N=C/c1ccc(O)c(C(c2ccc(O)cc2)c2cc(/C=N/n3nnnc3C)ccc2O)c1,0
CCO[C@@H](Cc1ccc(OCCc2ccc(OS(C)(=O)=O)cc2)cc1)C(=O)O,0
O=C(O)CCc1nc(-c2ccccc2)c(-c2ccccc2)o1,1
CCCCN,0
C=Cc1c(C)c2cc3nc(cc4[nH]c(cc5nc(cc1[nH]2)C(C)=C5CCC(=O)O)c(CCC(=O)OC)c4C)[C@@]1(C)C3=CC=C(C(=O)OC)[C@H]1C(=O)OC,0
CC(C)(C)OC(=O)NCc1c[nH]c2nc(N)[nH]c(=O)c12,0
CC(=O)OCC(=O)C1(O)CCC2C3CCC4=CC(=O)CCC4(C)C3C(=O)CC21C,0
CC(=O)O[C@H]1CC[C@@]2(C)C(=CC[C@@H]3[C@@H]2CC[C@]2(C)C(=O)CC[C@@H]32)C1,0
Oc1cc(O)c2cc(O)c(-c3cc(O)c(O)c(O)c3)[o+]c2c1,1
CC(/C=C/C(=O)NO)=C\[C@@H](C)C(=O)c1ccc(N(C)C)cc1,0
N[C@H](COc1cncc(-c2ccc3[nH]ncc3c2)c1)CC1=C2C=CC=CC2N=C1,0
O=C(O)CC(O)CC(=O)O,0
C=CC(=O)Nc1cccc(Oc2nc(Nc3ccc(N4CCN(C)CC4)c(F)c3)nc3[nH]ccc23)c1,0
O=c1[nH]c(=O)c2ccccc2o1,0
Cc1[nH]ccc2c1[nH]c1cc(=O)ccc12,1
Nc1ncnc2c1ncn2[C@@H]1O[C@H](CO)[C@@H](OP(=O)(O)OC[C@H]2O[C@@H](n3ccc(=O)[nH]c3=O)[C@H](O)[C@@H]2OP(=O)(O)O)[C@H]1O,0
O=C(Nc1ccc(Oc2ccccc2)cc1)c1cccnc1NCc1ccncc1,0
CO[C@H]1O[C@H](CO)[C@H](O)[C@H](O)[C@H]1O,0
CCOCn1cnc2c1c(=O)n(CCCCC(C)(C)O)c(=O)n2C,1
CCCCCC/C=C\CCCCCCCC(=O)O[C@H](COC(=O)CCCCCCC/C=C\CCCCCCCC)COP(=O)(O)OC[C@H](O)CO,0
CCCCOc1nc(N)c2c(n1)N(Cc1cccc(CN3CCCC3)c1)CC(=O)N2,0
CC#CC(CC(=O)O)c1ccc(OCc2ccc3nc(-c4ccc(OC)cc4)cn3c2)cc1,0
CCCCC(CC)COC(=O)c1ccccc1C(=O)O,1
O=CN1CCCCC1,0
CN[C@@H]1[C@H](O[C@H]2[C@H](O[C@H]3[C@H](O)[C@@H](O)[C@H](NC(=N)N)[C@@H](O)[C@@H]3NC(=N)N)O[C@@H](C)[C@@H]2CO)O[C@@H](CO)[C@H](O)[C@H]1O,0
CCCCNc1c2c(nc3ccccc13)CCCC2,0
CCOC(=O)C1=C(C)NC(C)=C(C(=O)OCC)C1c1ccccc1/C=C/C(=O)OC(C)(C)C,0
C[SnH](C)C,1
CC[C@H](C)[C@@H]1NC(=O)[C@H](Cc2c[nH]c3ccccc23)NC(=O)[C@H]([C@@H](C)O)NC(=O)[C@@H]2CCCN2C(=O)[C@H]2CCCN2C(=O)[C@H](CO)NC(=O)[C@H](C)NC(=O)[C@H](CCN)NC(=O)[C@H](CCN)NC(=O)[C@H](Cc2c[nH]c3ccccc23)NC(=O)[C@H](CCN)NC(=O)[C@@H](CCN)NC(=O)[C@H](CCCN)NC(=O)[C@H](CCN)NC1=O,0
N[C@@H](CCC(=O)N[C@@H](CS[C@H](O)N(O)c1ccc(Br)cc1)C(=O)NCC(=O)O)C(=O)O,0
Cc1ncc(-c2csc(N=C(N)N)n2)[nH]1,1
Cc1nc(-c2ccccc2Nc2ncnc3[nH]ccc23)n[nH]1,0
C[C@H](N)C(=O)N[C@@H](C)C(=O)N[C@@H](Cc1ccccc1)[C@@H](C)O,0
Clc1ccc(Cl)cc1,1
CN(C)CCC(c1ccccc1)c1ccccn1,0
O=C1C(=O)c2ccccc2-c2ccccc21,1
O=C(O)CN(CCN(CC(=O)O)CC(COP(=O)(O)OC1CCC(c2ccccc2)(c2ccccc2)CC1)N(CC(=O)O)CC(=O)O)CC(=O)O,0
CC(=O)[C@@H](O)[C@H](O)COP(=O)(O)O,0
CC(C)(COP(=O)(O)OP(=O)(O)OC[C@H]1O[C@@H](n2cnc3c(N)ncnc32)[C@H](O)[C@@H]1OP(=O)(O)O)[C@@H](O)C(=O)NCCC(=O)NCC[C@@H](F)C(=O)O,0
[Te-2],1
CCCCCOC(=O)c1ccccc1C(=O)OCCCCC,1
c1cnc2c(c1)O[C@H]1CCN3CC[C@@]1(C2)C3,0
CC(C)(C#Cc1ccc(-c2ccc(Cl)c3c(NS(C)(=O)=O)nn(CC(F)(F)F)c23)c([C@H](Cc2cc(F)cc(F)c2)NC(=O)Cn2nc(C(F)(F)F)c3c2C(F)(F)[C@@H]2C[C@H]32)n1)S(C)(=O)=O,0
CNCCCOc1cc(F)c(-c2c(Cl)nc3ncnn3c2N[C@@H](C)C(F)(F)F)c(F)c1,0
CC(=O)c1cc2c(o1)C(=O)c1ccccc1C2=O,0
O=C(C[C@H]1NCCC[C@@H]1O)Cn1cnc2cc(Br)c(Cl)cc2c1=O,0
Nc1nc2c(ncn2[C@@H]2O[C@H](CO)[C@@H](O)[C@H]2O)c(=O)[nH]1,0
NS(=O)(=O)c1ccc(-n2nc(C(F)(F)F)cc2-c2ccc(Cl)cc2)cc1,0
COCCN1CCCC[C@H](NC(=O)[C@H](CC(C)C)[C@H](CCCO)C(=O)NO)C1=O,0
NCC(=O)N1CCC[C@H]1C(=O)N[C@@H](CCC(=O)O)C(=O)O,0
C[n+]1cccc(C(=O)[O-])c1,1
CC(C)OC(=O)Nc1cccc(Cl)c1,1
CNC(=O)Oc1cccc2c1OC(C)(C)C2,1
CNC(=O)CSP(=O)(OC)OC,1
Nc1c2c(nc3ccccc13)CCCC2O,1
CC(C)C(=O)OC[C@@]1(CCl)O[C@@H](n2ccc(N)nc2=O)[C@H](F)[C@@H]1OC(=O)C(C)C,0
COc1ccc(-c2c(S(C)(=O)=O)ccc(C(=O)c3c[nH]n(C(C)(C)C)c3=O)c2C)cc1,0
O=C1N=C(O)CN1N=Cc1ccc(-c2ccc([N+](=O)[O-])cc2)o1,1
O=S(=O)(O)C(F)(F)C(F)(F)C(F)(F)C(F)(F)C(F)(F)C(F)(F)C(F)(F)C(F)(F)F,1
C=CC1(C)C=C2CCC3C(C)(C(=O)O)CCCC3(C)C2CC1,1
CCNC(=O)[C@H]1O[C@@H](n2cnc3c(NCC(c4ccccc4)c4ccccc4)nc(C(=O)NCCNC(=O)NC4CCN(c5ccccn5)CC4)nc32)[C@H](O)[C@@H]1O,0
O=C(O)CC(CC(=O)O)C(=O)O,0
O=C(O)Cc1ccc2c(c1O)C(=O)c1c(O)cccc1C2=O,0
O=C(N/N=C/C=C/c1ccc([N+](=O)[O-])o1)c1ccc([N+](=O)[O-])s1,0
O=C(CC1(S(=O)(=O)c2ccc(Oc3ccccc3)cc2)CCOCC1)NO,0
C[C@]12CC[C@@H]3c4ccc(O)cc4CC[C@H]3[C@@H]1CC[C@@H]2O,1
C=CCN1CCC23c4c5ccc(O)c4OC2C(OCCOCCOCCOCCOCCOCCOCCOC)CCC3(O)C1C5,0
O=C1CN=C(c2ccccc2)c2c(sc3c2CCCC3)N1,1
CCOC(=O)CC(O)C(=O)OCC,1
O=C(O)C(=O)Cc1ccccc1,0
COc1ccccc1OC(=O)c1ccccc1,0
CC12CCC3c4ccc(O)c(O)c4CCC3C1CCC2O,1
CN1CCN(CCOc2cc(OC3CCOCC3)c3c(Nc4c(Cl)ccc5c4OCO5)ncnc3c2)CC1,0
O=S1(=O)N=C(Cl)c2ccccc21,0
CCN(CC)C(C)C(=O)c1ccccc1,0
O=C(O)c1cc(-n2c(-c3ccccc3)cc3c2CCc2ccccc2-3)ccc1O,0
CCC1CN2CCc3cc(OC)c(OC)cc3C2CC1CC1NCCc2cc(O)c(OC)cc21,1
COc1cc(C(=O)NC2CCCNC2)cc(OC)c1OC,0
CCCCC[C@H](O)/C=C/C1=C(C/C=C\CCCC(=O)O)C(=O)CC1,0
CNC(C)C1CCC(N)C(OC2C(N)CC(N)C(OC3OCC(C)(O)C(NC)C3O)C2O)O1,0
O=C(N/N=C/[C@H](O)[C@H]1OC(=O)[C@@H](O)[C@H]1O)c1ccncc1,0
O=C(C=Cc1ccc(O)cc1)c1c(O)cc(O)cc1OC1OC(CO)C(O)C(O)C1O,1
Brc1cccc(Br)c1,1
CC[C@H](NC(=O)[C@H](C)NC)C(=O)N1C[C@@H](O)C[C@H]1Cc1c(-c2[nH]c3cc(F)ccc3c2C[C@@H]2C[C@H](O)CN2C(=O)[C@H](CC)NC(=O)[C@H](C)NC)[nH]c2cc(F)ccc12,0
O=C(O)c1ccc[n+]([O-])c1,0
Cc1cc(-c2ccc(/N=N/c3c(S(=O)(=O)O)cc4cc(S(=O)(=O)O)cc(N)c4c3O)c(C)c2)ccc1/N=N/c1c(S(=O)(=O)O)cc2cc(S(=O)(=O)O)cc(N)c2c1O,0
O=C1Nc2ccccc2C1(c1ccc(O)cc1)c1ccc(O)cc1,1
COCCC[C@H](NC(=O)[C@@H]1CCCN1C(=O)[C@@H](Cc1ccccc1)NC(=O)OCc1ccccc1)B(O)O,0
CC(C)CC(=O)Nc1n[nH]c2c1CN(C(=O)C1CCN(C)CC1)C2(C)C,0
O=C(O[C@H]1C[C@H]2CC[C@@H](C1)[N+]21CCCC1)C(O)(c1ccccc1)c1ccccc1,0
Nc1nc(F)nc2c1ncn2C1OC(COP(=O)(O)O)C(O)C1O,0
Nc1nc2c(ncn2C2OC(CO)C(O)C2O)c(=O)[nH]1,1
NCCCN1CCN(CCCNC(=O)c2cc(NC(=O)Cc3cccs3)cc(O[C@H]3O[C@H](CO)[C@H](O)[C@H](O)[C@H]3O)c2)CC1,0
CS(=O)(=O)N1CCc2c(-c3cnc(N)nc3)nc(N3CCOCC3)nc21,0
NC(=O)CNC1Cc2ccccc2C1,0
CC1(C)CC(N=C=O)CC(C)(CN=C=O)C1,1
CCC1CN2CCc3c([nH]c4cccc(OC)c34)C2CC1C(=COC)C(=O)OC,1
C=C(C)C1C2OC(=O)C1C1(O)CC3OC34C(=O)OC2C14C,1
O=C(O)C[C@@H](NC(=O)c1cc(-c2ccc(-c3ccncc3)cc2)cs1)c1ccccc1,0
CSC(C)=NOC(=O)N(C)SN(C)C(=O)ON=C(C)SC,1
Oc1ccc(-c2cc3ccc(O)cc3s2)cc1,0
NC1=NC(O)C2C3OC4(O)OC(C(O)C2(N1)C4O)C3(O)CO,1
CC1OC(OC2C(O)CC(OC3C(O)CC(OC4CCC5(C)C(CCC6C5CC(O)C5(C)C(C7=CC(=O)OC7)CCC65O)C4)OC3C)OC2C)CC(O)C1O,0
CCCCCCCCCCP(C)(C)=O,0
CCCCCCCC[Si](OCC)(OCC)OCC,0
C[C@@]1(N2CCN(c3cc4c(cnn4-c4cnn(C56CC(C5)C6)c4)cc3Cl)CC2)COC[C@@H]1O,0
COC(=O)N[C@H](C(=O)N1CCC[C@H]1c1nc2ccc(-c3csc4c(-c5ccc(-c6cnc([C@@H]7CCCN7C(=O)[C@H](NC(=O)OC)c7ccccc7)[nH]6)cc5)csc34)cc2[nH]1)C(C)C,0
COc1cc(F)c(-n2c(=O)[nH]c3csc(C(=O)O)c3c2=O)cc1OCc1c(OC)ccc(F)c1F,0
CCSCCC(N)C(=O)O,1
Cc1cc(O)c(C(C)C)cc1N=Nc1ccc(S(=O)(=O)c2ccc(N=Nc3cc(C(C)C)c(O)cc3C)cc2)cc1,0
CC1(C)CCC(C)(C)c2cc([C@H](O)C(=O)Nc3ccc(C(=O)O)cc3F)ccc21,0
CC[C@@]1(O)C(=O)OCc2c1cc1n(c2=O)Cc2c-1nc1ccccc1c2/C=N/OC(C)(C)C,0
CCOc1cc(OCC)cc(OCCN2CCOCC2)c1,0
O[C@@H]([C@H](O)[C@H](O)CBr)[C@H](O)CBr,0
O=C(O)c1cccc(C(=O)O)n1,0
CC(C)OC(=O)CCC/C=C\C[C@@H]1[C@@H](CC[C@@H](O)CCc2ccccc2)[C@H](O)C[C@@H]1O,0
CC(C)=CCc1c(O)ccc2c1OC(c1ccc(O)cc1)CC2=O,1
COc1cc(OC)c(C2CC(c3ccc(-c4ccccc4)cc3)=NN2C(=O)c2ccccc2)c(OC)c1,0
O=c1c2ccccc2nc2n1CCC2O,1
CCCCCCCCCCCCCCC(O)C(O)C(N)CO,1
N[C@@H](Cc1cc(I)c(Oc2cc(I)c(O)c(I)c2)c(I)c1)C(=O)O,1
CC1(COc2ccc(CC3SC(=O)NC3=O)cc2)CCCCC1,1
CCC(Oc1ccccc1)C(=O)N[C@@H]1C(=O)N2[C@@H]1SC(C)(C)[C@@H]2C(=O)O,0
Cn1c(=O)c2c(ncn2C)n(C)c1=O,0
FC(F)(F)Oc1ccc(Nc2ccc3cccc(Cl)c3n2)cc1,0
OCC(O)COc1ccc(Cl)cc1,0
O=C(Nc1ccccc1S(=O)(=O)Nc1ccc(Cl)cn1)c1ccc(-n2ccccc2=O)cc1,0
CCN(CCO)CCn1c(Cc2ccccc2)nc2c1c(=O)n(C)c(=O)n2C,0
OC[C@H]1O[C@@H](n2cnc3cncnc32)[C@H](O)[C@@H]1O,0
CCOC(=O)C1(c2ccccc2)CCC=CC1N(C)C,0
CC(C)Cn1cnc2c(N)nc3ccccc3c21,1
O=C(O)[C@H](O)COP(=O)(O)O,0
CC1(C)S[C@@H]2[C@H](NC(=O)C(c3ccccc3)S(=O)(=O)O)C(=O)N2[C@H]1C(=O)O,1
c1ccc(-c2cccc(-c3ccccn3)n2)nc1,0
O=C1C=C2CCNC2=CC1=O,1
CC(C=CC=C(C)C=CC1=C(C)C(=O)C(O)CC1(C)C)=CC=CC=C(C)C=CC=C(C)C=CC1=C(C)C(=O)C(O)CC1(C)C,1
COc1ccccc1OCC(O)CNC(C)C,0
COc1c(O)ccc2c1cc([N+](=O)[O-])c1c(C(=O)O)cc3c(c12)OCO3,0
O=C(CO)[C@H](O)[C@H](O)[C@H](O)CO,0
OC1OC[C@H](O)[C@@H](O)[C@@H]1O,0
O=c1[nH]c(=O)n([C@H]2C[C@H](O)[C@@H](CO)O2)cc1F,0
COc1ccc(COc2cc3oc(=O)c4cc(C(C)O)ccc4c3cc2OC)cc1,0
Nc1nc2c(ncn2[C@@H]2O[C@H](CO)C[C@H]2O)c(=O)[nH]1,0
CC[C@H](C=O)[C@@H](CNS(=O)(=O)c1ccc([N+](=O)[O-])cc1)C(=O)O,0
CC(C)(N)C(=O)N[C@H](Cc1c[nH]c2ccccc12)C(=O)N[C@H](Cc1c[nH]c2ccccc12)NC=O,0
CCOC(=S)SSC(=S)OCC,0
C=C(c1ccccc1OCc1cccc(Cl)c1)n1ccnc1,0
CCN(CC)CCOCCOC(=O)C1(c2ccccc2)CCCC1,1
CC(C)(O)C1OC2CCC3(C)C(O)(CCC4Cc5c([nH]c6ccccc56)C43C)C2=CC1=O,1
O=[N+]([O-])O[C@@H]1CO[C@H]2[C@@H]1OC[C@H]2O,1
NC1=N[C@H](COc2ccc3c(c2)CNCC3)COc2ccsc21,0
c1ccc2sc(SN3CCOCC3)nc2c1,0
CCC(CC)C(=O)OCOC(=O)C1=C(S[C@H]2CC[S+]([O-])C2)S[C@@H]2[C@@H]([C@@H](C)O)C(=O)N12,0
CCN(CC)CCCC(C)Nc1c2ccc(Cl)cc2nc2ccc(OC)cc12,0
COc1cc(CCNCc2ccccc2O)c(OC)cc1C#N,0
OCCN1CCCCC1C(c1ccccc1)c1ccccc1,0
CNCC(O)C(O)C(O)C(O)CO,0
COc1cc(C(=S)N2CCOCC2)ccc1O,0
ClCCSCCCl,1
CC(C)[C@H](C[C@H](O)[C@@H](N)CC1CCCCC1)C(=O)O,0
COC[C@H]1C[C@]2(C)[C@@H](O)CC[C@H]2[C@@H]2CCc3cc(O)ccc3[C@@H]12,0
CC(=O)CSCCS(=O)(=O)O,0
COC12C(CO)C3=C(C(=O)C(C)=C(N)C3=O)N1CC1NC12,1
CNCC(O)c1cccc(O)c1,1
CCN1CC2(COC(=O)c3ccccc3N3C(=O)CC(C)C3=O)CCC(OC)C34C5CC6C(OC)CC(O)(C5C6OC)C(O)(C(OC)C23)C14,1
CCOC(=O)C=C1SC(N2CCCCC2)C(=O)N1CC,0
O=C(NCCN1CCOCC1)Nc1nc2ccc(Sc3nnc4ccc(-c5ccc(F)cc5)nn34)cc2s1,0
CN1CCC(Nc2ncc3ncnc(Nc4ccc(F)c(Cl)c4)c3n2)CC1,1
O=C1CN=C(c2ccccc2)c2cc([N+](=O)[O-])ccc2N1,0
CC(=O)SCC(Cc1ccccc1)C(=O)NCC(=O)OCc1ccccc1,0
O=C(O)[C@H](Cc1ccccc1)Oc1ccc(-c2ccccc2)cc1,0
CC(C)C[C@H]1C(=O)N2CCC[C@H]2[C@]2(O)O[C@](NC(=O)[C@@H]3C=C4c5cccc6[nH]cc(c56)C[C@H]4N(C)C3)(C(C)C)C(=O)N12,0
CCCN(CCC)C1CCc2cccc(O)c2C1,1
CC(C)(C)NC[C@H](O)COc1ccccc1C1CCCC1,0
CC(C)=CC(=O)CC(C)c1ccc(C)cc1,1
CC(C)(C)C(=O)CCC1C(=O)N(c2ccccc2)N(c2ccccc2)C1=O,0
C=C1c2c(Cl)ccc(O)c2C(=O)C2=C(O)[C@]3(O)C(=O)C(C(N)=O)=C(O)[C@@H](N(C)C)[C@@H]3[C@@H](O)[C@H]12,0
O=CCCCC1CCNCC1,0
Clc1ccc([C@]23CNC[C@H]2C3)cc1Cl,0
C=CCN(C)CCCCCCOc1ccc2c(-c3ccc(Br)cc3)nn(C)c2c1,0
CCC(C)(OO)OOC(C)(CC)OO,1
Nc1nc2ncc(COP(=O)(O)O)nc2c(=O)[nH]1,0
N=O,0
CCc1ccccc1,1
C[C@@H](O)[C@H](NC(=O)[C@@H]1CSSC[C@H](NC(=O)[C@@H](Cc2ccccc2)NC(=O)CN2CCN(CC(=O)O)CCN(CC(=O)O)CCN(CC(=O)O)CC2)C(=O)N[C@@H](Cc2ccc(O)cc2)C(=O)N[C@H](Cc2c[nH]c3ccccc23)C(=O)N[C@@H](CCCCN)C(=O)N[C@@H]([C@@H](C)O)C(=O)N1)C(=O)O,0
CCOC(=O)c1cncn1C(C)c1ccccc1,0
C[C@@H]1CC[C@@]2(OC1)O[C@H]1C[C@H]3[C@@H]4CC[C@@H]5C[C@@H](O)CC[C@]5(C)[C@H]4CC[C@]3(C)[C@H]1[C@@H]2C,0
FC(F)OC(F)(F)C(F)Cl,1
O=C(CCCP(=O)(O)O)NO,0
C[C@H](O)C(=O)[C@@]1(C)CC[C@H]2[C@@H]3CCC4=CC(=O)CCC4=C3CC[C@@]21C,0
COCCOc1cc2ncc3c(N)nc(-n4ccnc4)cc3c2cc1OC,0
CCc1ccc(Cc2ccc3c(c2)[C@]2(OC3)O[C@H](CO)[C@@H](O)[C@H](O)[C@H]2O)cc1,0
CCC(CO[N+](=O)[O-])(CO[N+](=O)[O-])CO[N+](=O)[O-],0
CSCC[C@H](NC=O)C(=O)O,0
C[C@H](NC(=O)CN)C(=O)N1CCC[C@H]1C(=O)Nc1ccc2ccccc2c1,0
NCCCC[C@H](NC(=O)[C@@H](NC(=O)[C@H](Cc1c[nH]c2ccccc12)NC(=O)[C@H](CCCCN)NC(=O)[C@H](CCCCN)NC(=O)[C@H](Cc1c[nH]c2ccccc12)NC(=O)[C@H](Cc1c[nH]c2ccccc12)NC(=O)[C@H](CCCCN)NC(=O)[C@@H](N)CCCCN)C(c1ccccc1)c1ccccc1)C(N)=O,0
S=C(NCc1ccc2c(c1)OCO2)N1CCN(c2ncnc3c2oc2ccccc23)CC1,0
ClCC(Cl)CCl,1
NC(=O)NC(CCC(=O)O)C(=O)O,0
COc1ccc(Cl)cc1C(=O)NCCc1ccc(S(=O)(=O)NC(=O)NC2CCCCC2)cc1,1
Nc1ccc(Sc2ccc(N3C(=O)c4ccc(N)cc4C3=O)cc2)cc1,0
Cc1ccc(C(C)C)c(OCC2=NCCN2)c1,0
Cn1c(=O)n(Cc2ccc(C(=O)O)cc2)c(=O)c2cc(C#CCc3ccccc3)ccc21,0
NC(N)c1ccc2nc(C(=O)c3nc4ccc(C(N)N)cc4[nH]3)[nH]c2c1,0
CO[C@]1(C(=O)N[C@@H](C)c2ccc(-n3cc(F)cn3)nc2)CC[C@H](c2nc(C)cc(Nc3cc(C)[nH]n3)n2)CC1,0
CC(CC(C#N)(c1ccccc1)C(C)C)N(C)C,0
C[C@H](N[C@@H](CCc1ccccc1)C(=O)O)C(=O)N1Cc2ccccc2C[C@H]1C(=O)O,0
Nc1ccn([C@@H]2O[C@H](COP(=O)(O)O)[C@@H](O)[C@@H]2O)c(=O)n1,0
CCNc1nc(NC(C)(C)C)nc(SC)n1,0
CCOC(=O)[C@H](C)NC(=O)[C@H](CC(C)C)NC(=O)[C@@H](CC(=O)NO)CC(C)C,0
COC(=O)CCCCCCCCO[C@@H]1O[C@H](CO)[C@H](O)[C@H](O)[C@H]1O,0
COc1cc(C(=O)c2ccc(Cl)cc2)cc(OC)c1OCCN1CCOCC1,0
CCC(=O)N(c1ccccc1)C1(COC)CCN(CCc2ccccc2)CC1,0
NS(=O)(=O)c1ccc(NC(=O)c2ccccc2S)cc1,0
CC[N+]1(CC)CCC(OC(=O)C(O)(c2ccccc2)c2ccccc2)C1,0
CCCCc1nc(Cl)c(CO)n1Cc1ccc(-c2ccccc2-c2nnn[nH]2)cc1,1
O=C1CC2OCC=C3CN4CCC56c7ccccc7N1C5C2C3CC46,1
O=[N+]([O-])c1ccc(C=NO)o1,0
OC[C@H]1N=C(NO)[C@H](O)[C@@H](O)[C@@H]1O,0
CC(C)=CCCC(C)(O)C1CC=C(C)CC1,1
CNC[C@H](O)c1ccc(O)c(O)c1,0
OCCc1ccccc1,0
Fc1ccc(-c2nc(-c3ccccc3)n[nH]2)cc1,0
OC[C@@H](O)CCO/N=C1/C(c2c(O)[nH]c3ccccc23)=Nc2ccccc21,0
COc1cc(Nc2ncc(F)c(Nc3ccc4c(n3)NC(=O)C(C)(C)O4)n2)cc(OC)c1OC,0
Oc1ccc2nc(-c3cccc4c(O)cccc34)oc2c1,0
O=C(O)CS,0
CO[C@H]1CC2CC[C@@H](C)[C@@](O)(O2)C(=O)C(=O)N2CCCC[C@H]2C(=O)O[C@H]([C@H](C)C[C@@H]2CC[C@@H](OC(=O)C(C)(CO)CO)[C@H](OC)C2)CC(=O)[C@H](C)/C=C(\C)[C@@H](O)[C@@H](OC)C(=O)[C@H](C)C[C@H](C)/C=C/C=C/C=C/1C,0
Cc1ncc(COP(=O)(O)O)c(CNC[C@@H](C)OP(=O)(O)O)c1O,0
N[C@@H](Cc1ccc2ccc3cccnc3c2n1)C(=O)O,0
CC(C)CCNC(=O)[C@H](CC(C)C)NC(=O)[C@@H](O)CC(=O)O,0
COc1cc(CN(C)c2cnc3nc(N)nc(N)c3c2)cc(OC)c1OC,0
C[C@@]1(O)CC[C@H]2[C@H](CC[C@@H]3[C@@H]2CC[C@]2(C)[C@@H](C(=O)Cn4cc(C#N)cn4)CC[C@@H]32)C1,0
CN(CCOc1ccc(-c2ccc(C#N)cc2)cc1)C(=O)NO,0
Nc1ccc([N+](=O)[O-])cc1,1
C[Se]CC(N)C(=O)O,1
CC[C@H](C(=O)Oc1c(OC)cc(C)cc1OC)N(CCOC)CCOC,0
Oc1ccccc1C=Nc1ccccc1N=Cc1ccccc1O,0
CC1(C)OC(=O)C=CC2(C)C1CC(=O)C1(C)C2CCC2(C)C(c3ccoc3)OC(=O)C3OC321,1
CCCCC(CC)CNC(=O)CC(C)O,0
CC[C@H](C)[C@H](NC(=O)[C@@H](NC(=O)[C@H](CCC(=O)O)NC(=O)[C@H](CCSC)NC(=O)[C@H](CC(C)C)NC(=O)[C@H](CCCCN)NC(=O)[C@H](CCCNC(=N)N)NC(=O)[C@H](CC(N)=O)NC(=O)[C@H](CO)NC(=O)[C@H](Cc1c[nH]cn1)NC(=O)[C@H](C)NC(=O)[C@H](CCC(N)=O)NC(=O)[C@H](CCC(N)=O)NC(=O)[C@H](C)NC(=O)[C@H](CC(C)C)NC(=O)[C@H](CCC(N)=O)NC(=O)[C@H](CCC(=O)O)NC(=O)[C@H](C)NC(=O)[C@H](CCCNC(=N)N)NC(=O)[C@H](C)NC(=O)[C@H](CCSC)NC(=O)[C@H](CCC(=O)O)NC(=O)[C@H](CC(C)C)NC(=O)[C@@H](NC(=O)[C@H](CCC(=O)O)NC(=O)[C@H](CCCNC(=N)N)NC(=O)[C@H](CC(C)C)NC(=O)[C@H](CC(C)C)NC(=O)[C@H](Cc1c[nH]cn1)NC(=O)[C@H](Cc1ccccc1)NC(=O)[C@@H](NC(=O)[C@H](CC(C)C)NC(=O)[C@H](CC(=O)O)NC(=O)[C@H](CC(C)C)NC(=O)[C@H](CO)NC(=O)[C@@H](NC(=O)[C@@H]1CCCN1C(=O)[C@@H]1CCCN1C(=O)[C@H](CCC(=O)O)NC(=O)[C@H](CCC(=O)O)NC(=O)[C@@H](N)CO)[C@@H](C)CC)[C@@H](C)O)C(C)C)[C@@H](C)CC)C(N)=O,0
CCC(C)NCC(O)c1ccc2c(c1)CCCC2,0
CCCc1nc(C(C)(C)O)c(C(=O)O)n1Cc1ccc(-c2ccccc2-c2nn[nH]n2)cc1,1
O=CO,0
CC(=O)NCc1c(I)c(NC(C)=O)c(I)c(C(=O)O)c1I,0
CC(=O)N[C@H]1[C@H]([C@H](O)[C@H](O)CO)O[C@@H](C(=O)O)C[C@@H]1N=C(N)N,0
O=C(O)[C@@H](S)[C@@H](S)C(=O)O,1
CC(=O)N1CCC[C@@H](C)C1,0
COc1ccc(C=CC(=O)Nc2ccccc2C(=O)O)cc1OC,1
C=CC1CC=CCC1,1
CCc1cc(Cl)c(OC)c(C(=O)NCC2CCCN2CC)c1O,1
O=C(Nc1ccc(I)cc1)NC1CCCCC1,0
CC(C)[C@H](CO)Nc1nc(Nc2cccc(Cl)c2)c2ncn(C(C)C)c2n1,0
O=C(Cl)Cl,1
CO[C@H]1C[C@H](O[C@H]2[C@H](C)O[C@@H](O[C@@H]3/C(C)=C/C[C@@H]4C[C@@H](C[C@]5(C=C[C@H](C)[C@@H](C6CCCCC6)O5)O4)OC(=O)[C@@H]4C=C(C)[C@@H](O)[C@H]5OC/C(=C\C=C\[C@@H]3C)[C@]54O)C[C@@H]2OC)O[C@@H](C)[C@@H]1O,0
CC[C@H]1OC(=O)[C@H](C)[C@@H](O[C@H]2C[C@@](C)(OC)[C@@H](O)[C@H](C)O2)[C@H](C)[C@@H](O[C@@H]2O[C@H](C)C[C@H](N(C)C)[C@H]2O)[C@](C)(O)C[C@@H](C)C(=O)[C@H](C)[C@@H](O)[C@]1(C)O,0
CC(Cc1ccccc1)NCCC(c1ccccc1)c1ccccc1,1
CCCC(C)(CO[N+](=O)[O-])CO[N+](=O)[O-],0
CC[C@@H](Oc1cccc(-n2c(C)c(C(=O)c3ccc(OC)cc3)c3ccc(OC(F)(F)F)cc32)c1)C(=O)O,0
CC(=O)C1=C(O)C2C3c4c[nH]c5cccc(c45)CC3C(C)(C)N2C1=O,1
COc1cc(Nc2c(C#N)cnc3cc(OCCCN4CCN(C)CC4)c(OC)cc23)c(Cl)cc1Cl,1
CC(C)c1ccc2c(c1O)CCC1C3=C(CCC21C)C(=O)OC3,1
CN(CCO)c1nc2c(c(=O)n(C)c(=O)n2C)n1C,0
CC(C)C(Nc1ccc(C(F)(F)F)cc1Cl)C(=O)OC(C#N)c1cccc(Oc2ccccc2)c1,1
NCCCCC(=O)O,0
O=C(N[C@H]1CCC[C@H]1NC(=O)c1ccc(Cl)s1)c1ccc(-n2ccccc2=O)cc1,0
COC(=O)C=CC(=O)OC,1
CC(=O)n1c2c(c3ccccc31)CCCC2=O,0
N=C(N)N=C(N)N,0
Cc1nc(C)c(-c2ccnc(Nc3ccc(C(F)(F)F)cc3)n2)s1,0
Cc1c(OCC(F)(F)F)ccnc1C[S+]([O-])c1nc2ccccc2[nH]1,1
Cn1c(=O)c2[nH]c(N)nc2n(C)c1=O,0
O=C1N2C=C(c3ccc(O)cc3)N=C(Cc3ccccc3)C2=N[C@@]1(Cc1ccc(O)cc1)OO,0
CN(CCOc1ccc(CC2SC(=O)NC2=O)cc1)c1ccccn1,1
Nc1nc2c(ncn2[C@@H]2O[C@H](COP(=O)(O)CP(=O)(O)OP(=O)(O)O)[C@@H](O)[C@H]2O)c(=O)[nH]1,0
C=CC[N@@+]12CC[C@@]34c5ccccc5N5/C=C6/[C@H]7C[C@H]8[C@@]9(CC[N@@+]8(CC=C)C/C7=C/CO)c7ccccc7N(/C=C(/[C@@H](C[C@@H]31)/C(=C\CO)C2)[C@H]54)[C@@H]69,0
O=C1NC(=O)C(Cc2ccc3cc(OCc4ccccc4F)ccc3c2)S1,0
C[C@]12CC[C@H](O)C[C@@H]1CC[C@@H]1[C@@H]2CC[C@]2(C)[C@@H](O)CC[C@@H]12,0
CN(C(=O)c1c(O)c2ccccc2n(C)c1=O)c1ccccc1,0
CCc1cc(-c2n[nH]c(C(=O)O)c2-c2ccc3c(c2)OCO3)c(O)cc1O,0
Cc1c(C)c2c(c(C)c1O)CCC(C)(COc1ccc(CC3SC(=O)NC3=O)cc1)O2,1
N=C(N)c1ccc(CNC(=O)[C@@H]2CCCN2C(=O)COC2CCCC2)cc1,0
CC12CC(c3ccc(OCCCCCS(=O)(=O)CCCC(F)(F)C(F)(F)F)cc3)C3c4ccc(O)cc4CCC3C1CCC2O,1
OCC1OC(c2ccc(F)c(Cc3cc4ccccc4s3)c2)C(O)C(O)C1O,0
Cc1n[nH]c(=O)c2c(F)cc3c(c12)C(c1ccc(F)cc1F)N(C)C3,1
CC[C@@H]1CC(=O)[C@@H]2CC[C@@]3(C)[C@H]4CC[C@]5(CN6CCC(C(C)(C)N)C6)[C@@H](C)[C@@H](OCc6ccc(C(F)(F)F)cn6)CC[C@]5(C)[C@H]4CC[C@@]23C1=O,0
CN1CCC(=Cc2ccc3nc(N4CC5CN(c6ncnc7[nH]ccc67)CC54)cnc3c2)CC1,0
Cn1cc(-c2ccc(-c3ccc(F)c(F)c3)c(F)c2OC[C@@H]2COC(=O)N2Cn2cnnn2)nn1,0
CC(=O)N1c2ccccc2C12CCc1ccc(F)cc1N2CCN1CCC2=NCCCN2CC1,0
Nc1nc(C2=NC(=C3CCN(/C=C4/C(C(=O)O)=C(S[C@@H]5N[C@@H](C(=O)O)CO5)C(=O)N4O)CC3)NC2=O)c(Cl)s1,0
COC(=O)OCON1C(=O)C(=O)[C@H]2CCO[C@H](c3ccc(F)cc3-c3cccc(F)c3)N2C1=O,0
CC[C@@H]1OC(=O)[C@H](C)[C@@H](O[C@H]2C[C@@](C)(OC)[C@@H](O)[C@H](C)O2)[C@H](C)C(=O)[C@](C)(Cn2cc(-c3ccc(N)nc3)nn2)[C@@H](OC)[C@]2(C)[C@@H](OC(=O)N2F)[C@H]1C,1
COc1c2c(=O)c(C(=O)O)cn(C3CC3)c2c(F)c2c1n1c(=O)n2CC(/C=N/N)C1,0
COC(=O)N[C@H](C(=O)N1C[C@H]2C[C@H]1C(=O)N[C@@]1(C(=O)NS(=O)(=O)C3CC3)C[C@H]1/C=C\CCCCCC[C@H]2Oc1cnc2cc(OC)ccc2n1)C(C)(C)C,1
Clc1ccc(CCCCOCCCN2CCCCC2)cc1,0
CC(=O)NC1(C(=O)O)CCc2cc(-c3ccc(C(F)(F)F)c(C(F)(F)F)c3)c(F)cc2C1,1
CC[C@H]1OC(=O)[C@H](C)[C@@H](O[C@H]2C[C@@](C)(OC)[C@@H](O)[C@H](C)O2)[C@H](C)C(=O)[C@@](C)(Cn2ccc(-c3ccccc3)n2)[C@@H](OC)[C@]2(C)[C@@H](OC(=O)N2F)[C@H]1C,0
N=C(N)NCCC[C@H]1C[C@@H]2[C@@H](C(=O)N3CCNCC3)N(C1)C(=O)N2OS(=O)(=O)O,0
NC1=Nc2cccnc2[C@@H]1OC(=O)N1CCC(n2c(=O)[nH]c3ncccc32)CC1,0
CCCCCCCCc1ccc(C(CC(C)(C)N)C(O)CO)cc1,1
C[C@H](CC(F)(F)F)NC(=O)[C@@H]1C[C@H](c2cnc3ccccc3n2)CN1C(=O)[C@H](N)Cc1cc(F)c(F)cc1F,0
CC1N=C(N)NC(N(C)C)=N1,0
O=C(NCc1cc(F)c(F)cc1F)C1=C(O)C(=O)[C@@H]2OC[C@H]3CCC[C@@H]3N2C1=O,0
C=CC(=O)N1CCC(c2cc(Nc3ccc(NC(=O)c4ccccc4)c(OC)c3)ncn2)CC1,1
CCC(C)[C@@H](O)[C@@H](C)n1ncn(-c2ccc(N3CCN(c4ccc(OC[C@H]5CO[C@](Cn6cncn6)(c6ccc(F)cc6F)O5)cc4)CC3)cc2)c1=O,1
CC[C@@H]1C=C(C)[C@H](C)C[C@@H](O[C@H]2OC(C)(C)[C@@H](O)[C@H](OC)[C@@H]2O)[C@H](O)/C(C)=C/C(C)=C/[C@@H](C)[C@H](O[C@@H]2O[C@H](C)[C@H](OC(=O)c3c(C)cc(O)c(Cl)c3O)[C@H](OC)[C@@H]2O)/C(C)=C/C(=O)O1,0
CC[C@H]1[C@@H](O[C@@H]2O[C@@H](C)[C@H](O)[C@@H](N)[C@H]2O)O[C@H](C[C@@H]2O[C@H](CC[C@H](O)C[C@H](O)C[C@H](O)CC(=O)OC[C@H](C)O)C[C@@H](O)[C@@H](O)[C@@H](C(=O)O)[C@@H]2O)/C=C/C=C/C=C/C=C/C=C/C=C/C=C/[C@H](C)[C@H](O)[C@@H]1C,1
Cn1c(=O)cc(N2CCCC(N)C2)n(Cc2cc(F)ccc2C#N)c1=O,0
CC[C@@]1(C)C[C@@H](OC(=O)CS[C@@H]2CC[C@@H](N)C[C@H]2O)[C@]2(C)[C@H](C)CC[C@]3(CCC(=O)[C@H]32)[C@@H](C)[C@@H]1O,0
CCC(C)C(NC(=O)C(Cc1ccccc1)NC(=O)C(CCC(=O)O)NC(=O)C(CCCCN)NC(=O)C(C)NC(=O)C(C)NC(=O)C(CCC(N)=O)NC(=O)CNC(=O)C(CCC(=O)O)NC(=O)C(CC(C)C)NC(=O)C(Cc1ccc(O)cc1)NC(=O)C(CO)NC(=O)C(CO)NC(=O)C(NC(=O)C(CC(=O)O)NC(=O)C(CO)NC(=O)C(NC(=O)C(Cc1ccccc1)NC(=O)C(NC(=O)CNC(=O)C(CCC(=O)O)NC(=O)C(C)NC(=O)C(N)Cc1cnc[nH]1)C(C)O)C(C)O)C(C)C)C(=O)NC(C)C(=O)NC(Cc1c[nH]c2ccccc12)C(=O)NC(CC(C)C)C(=O)NC(C(=O)NC(CCC(N)=O)C(=O)NC(CC(C)C)C(=O)NC(CCCNC(=N)N)C(=O)NCC(=O)O)C(C)C,0
CN(C)C(=O)N[C@H]1CC[C@@H](CCN2CCN(c3cccc(Cl)c3Cl)CC2)CC1,0
N#Cc1ccc(-c2ccc(N3CCN(c4ccc(C(=O)O)c(OP(=O)(O)O)c4)CC3)nc2)cc1,0
CC(C)C(=O)OC[C@H]1O[C@H](n2cnc(=O)c(NC(=O)NO)c2)[C@H](O)[C@@H]1O,0
CC(C)(C)OCC1C(=O)NCCN1C(=O)CC(N)Cc1cc(F)c(F)cc1F,0
COc1cc(C(C)=O)ccc1OCCCN1CCC(c2ccccc2F)CC1,0
Cc1cc2ncc(C(=O)NCC(C)(C)NCC(=O)N3CCCC3C#N)cn2n1,0
CS(=O)(=O)n1cc2c(n1)CN(C1COC(c3cc(F)ccc3F)C(N)C1)C2,0
COc1ccc2c(c1)N(CC(=O)O)[C@H](c1ccc(N3CCN(c4cccc(C(F)(F)F)c4)CC3)cc1)CN2CC(F)(F)F,0
CC(=O)N[C@H]1CCN(C(=O)C(=O)[C@@H]2C(=O)N3C(C(=O)O)=C(S[C@@H]4C[C@H](C(=O)N(C)C)CN4)C(C)[C@H]23)C1,0
COc1c2c(c(F)c3c1c(=O)c(C(=O)O)cn3C1CC1)C[C@@H]1CNC(C)CN21,1
CC(=O)N1CCN(c2ncnc3c(-c4ccc(F)cc4F)c(C#N)[nH]c23)CC1,0
COc1ccc(C(=O)N2CCC[C@H]2c2nc3c(s2)CCCC3=O)cc1Cl,0
CN1CCC(C(=O)NCc2cccnc2)CC1,0
O=C(Cc1cccs1)NC1C(=O)OB(O)C12CCCCCC2,0
COc1c(Cn2c(C)nn(-c3cc(C#N)ccc3F)c2=O)cc(Cl)cc1C(F)(F)F,0
Cc1ncncc1[C@](O)(Cn1cncn1)[C@@H](C)c1cc(F)cc(F)n1,1
CC[C@@H](C)CCCCCCCCCCC(=O)N[C@H]1C[C@@H](O)[C@@H](O)NC(=O)[C@@H]2[C@@H](O)[C@@H](C)CN2C(=O)[C@H]([C@@H](O)[C@@H](O)c2ccc(O)cc2)NC(=O)[C@H]([C@@H](O)C(O)c2ccc(O)c(OS(=O)(=O)O)c2)NC(=O)[C@H]1NC(=O)[C@@H]1C[C@@H](O[C@H]2CN(CCN[C@@H]3C[C@H]3C)C(=O)O2)CN1,0
O=C(O)c1ccccc1-n1nc(-c2ccccc2O)nc1-c1ccccc1O,1
COC(=O)NC(C(=O)N1CCCC1c1nc2ccc(-c3ccc4c(c3)C(F)(F)c3cc(-c5ccc6[nH]c(C7CCCN7C(=O)C(NC(=O)OC)C(C)C)nc6c5)ccc3-4)cn2n1)C(C)C,1
CCC(C)CC(C)CCCCCCCCC(=O)N[C@@H](CCN)C(=O)N[C@H]1C[C@@H](O)[C@@H](O)NC(=O)[C@@H]([C@H](O)CC(N)=O)NC(=O)[C@@H]([C@H](O)[C@H](O)c2ccc(O)cc2)NC(=O)[C@H]2[C@H](O)[C@@H](C)CN2C(=O)[C@H]1NC(=O)[C@H](CCN)NC(=O)[C@H]1C[C@@H](O)CN1,1
CC(C)(O/N=C(\C(=O)N[C@@H]1C(=O)N2C(C(=O)O)=C(Cn3ccc(=NC(=N)N)c(NC(=O)NCCN)n3)CS[C@H]12)c1csc(N)n1)C(=O)O,0
CCCNc1cc(/C=C2\C(=O)NC(=S)N2[C@@H]2CC[C@H](OCC(O)CO)c3ccc(C)cc32)cc(C)c1Cl,1
CC1CCOC2CN3OC(=C(NCc4ccc(F)cc4F)C(=O)N1C2)C3=O,0
CCOc1ccc(Cc2cc(C3OC(SC)C(O)C(O)C3O)ccc2Cl)cc1,0
CCC1N(C)C(=O)c2cc3c(=O)[nH]c(=O)[nH]c3cc2N1Cc1ccc(N(C)C(N)=O)cc1,0
COc1cc(C(=O)N(c2ccc(C)cc2)C(C)C)cc(OC)c1C(=O)NC[C@H](C(=O)O)c1cc(C)cc(C(N)=O)c1,1
COc1nc2ccc(Br)cc2cc1[C@H](c1ccccc1)[C@](O)(CCN(C)C)c1cccc2ccccc12,1
O=[N+]([O-])c1cn2c(n1)OC(COc1ccc(OC(F)(F)F)cc1)C2,1
NCCCC(=O)N[C@H]1C[C@@H](N)[C@H](O[C@H]2O[C@H](CNC(=O)CO)[C@@H](O)[C@H](N)[C@H]2O)[C@@H](O[C@H]2O[C@H](CN)CC[C@H]2N)[C@@H]1O,0
CC(=O)O[C@@H]1C(C)/C=C/C=C(\C)C(=O)NC(C)=CC(=O)C2=C(O)C(=O)C3=C(C2=O)C(C)=C2C3=C(O)C(=O)[C@]2(C)O/C=C/[C@H](C)[C@H](O)[C@H](C)[C@@H](O)[C@@H]1C,1
CO/N=C(/C(=O)N[C@@H]1C(=O)N2C(C(=O)[O-])=C(CN3C(=O)CC=[N+]3Cc3ccc(O)c(O)c3Cl)CS[C@H]12)c1csc(N)n1,0
CCC(CC)COC(=O)[C@H](C)N[P@@](=O)(OC[C@H]1O[C@@](C#N)(c2ccc3c(N)ncnn23)[C@H](O)[C@@H]1O)Oc1ccccc1,1
[2H]C([2H])([2H])Oc1nc(-c2[nH]nc(C(=O)NC)c2-c2ncc(N(C)C)cn2)ncc1NC(C)=O,0
N#CC1CCCN1C(=O)CNC12CC3CC(CC(O)(C3)C1)C2,1
Cc1nc(-c2cnc(NC(C)C)n(C)c2=O)ccc1Oc1ccnc(-c2cnn(C)c2)c1,0
CO/N=C(\C(=O)N[C@@H]1C(=O)N2C(C(=O)O)=C(S/C=C3/CSC(=NS(=O)(=O)O)N3)C[C@H]12)c1nsc(N)n1,0
NC(=O)OC[C@@H](N)Cc1ccccc1,0
CCOC(=O)[C@@H]1CC[C@@H](c2ccc(F)cc2)[C@@H]2[C@H](C)[C@@H](/C=C/[C@@H](NC(=O)OC)c3ncc(C)s3)CC[C@@H]21,0
CC(C)Oc1ccc2c(-c3ccc(C#N)cc3)nn3cc(C4CCC(NCCO)C4)cc3c2c1,1
CC(O)[C@H]1C(=O)N[C@@H]1C(=O)N1C(SCC/N=C/N)=CC[C@H]1N,0
Cc1nc2n(c1[N+](=O)[O-])C[C@](C)(COc1ccc(OC(F)(F)c3ccc(OC(F)(F)F)cc3)cc1)O2,1
O=C1CCc2cc(OCCCCN3CCN(c4cccc5sccc45)CC3)ccc2N1,0
CC(C)(O)C[C@H](NC(=O)Cn1cc(C(F)(F)F)nn1)C(=O)Nc1cc(-c2ccc3nccc(F)c3c2)cc(S(=O)(=O)C(C)(C)C(F)(F)F)c1Cc1ccc(C(F)(F)F)nc1,0
Cc1cc(N2CCN(C3CNC(C(=O)N4CCSC4)C3)CC2)n(-c2ccccc2)n1,0
O=C(O)C(CC(=O)N1CC2CCCCC2C1)Cc1ccccc1,0
CCNCc1ccc(OC)c2c1C[C@H]1C[C@H]3[C@H](N(C)C)C(=O)C(C(N)=O)=C(O)[C@@]3(O)C(=O)C1=C2O,1
Cc1cc(=O)c(O)c(C)[nH]1,1
N#Cc1ccc(-c2ccc(N3CCN(c4ccc(C(=O)O)cc4)CC3)nc2)cc1,0
CCNCC(=O)Nc1c(F)cc(O)c2c1C[C@@H]1C[C@H]3[C@H](N(C)C)C(O)=C(C(N)=O)C(=O)[C@]3(O)C(O)=C1C2=O,1
Cc1cc(C(=O)N2CCC[C@H]2c2nc(C(F)(F)F)ccc2OCC2(F)CCNCC2)nc(-c2ncccn2)c1,0
CC(C)N(Cc1cnc(NS(C)(=O)=O)nc1)C(=O)N[C@H](C)c1ccc(F)c(-c2cc(Cl)c3[nH]ncc3c2)c1,1
COc1cc(F)ccc1NC(=O)NCC1CCN(Cc2ccc(OCC(F)F)cc2)CC1,0
NC(CC(=O)N1CCc2c(nc(C(F)(F)F)nc2C(F)(F)F)C1)CN1CC(F)(F)CCC1=O,0
COc1ccc2nc(NC(C)C)n([C@@H]3O[C@H](CO)[C@@H](O)[C@H]3O)c2c1Cl,0
