inchi_key,canonical_smiles,name,label,vitro_confidence,vitro_n_sources
SLVCCWGFGQVDMN-UHFFFAOYSA-N,CCCC(CC)c1ccccc1,,0,med,1.0
NJLIYLJDWPGKIF-UHFFFAOYSA-N,O=C1NC(=O)C(=Cc2ccc(OC3CCN(C(=O)c4ccc(C(F)(F)F)c(F)c4)CC3)cc2)C(=O)N1,CHEMBL2180057,0,med,1.0
YKVIWISPFDZYOW-UHFFFAOYSA-N,CCCCC1CCCCC(=O)O1,,0,med,1.0
ZSZFUDFOPOMEET-UHFFFAOYSA-N,N#CC(c1ccc(Cl)cc1)c1c(Cl)cc(-n2ncc(=O)[nH]c2=O)cc1Cl,Diclazuril,1,med,1.0
LVNLBBGBASVLLI-UHFFFAOYSA-N,CCO[Si](CCCNC(N)=O)(OCC)OCC,,0,med,1.0
LNPDTQAFDNKSHK-UHFFFAOYSA-N,Cc1onc(-c2ccccc2)c1-c1ccc(S(N)(=O)=O)cc1,Valdecoxib,1,high,2.0
YBJHBAHKTGYVGT-ZKWXMUAHSA-N,O=C(O)CCCC[C@@H]1SC[C@@H]2NC(=O)N[C@@H]21,BIOTIN,0,med,1.0
FUNUTBJJKQIVSY-UHFFFAOYSA-N,Cc1ccc(Cl)cc1Cl,,0,med,1.0
ONUFESLQCSAYKA-UHFFFAOYSA-N,CC(C)NC(=O)N1CC(=O)N(c2cc(Cl)cc(Cl)c2)C1=O,,1,med,1.0
CRRKVZVYZQXICQ-RJJCNJEVSA-N,CC(=O)O[C@H]1CC[C@@]2(C)C(=CC[C@H]3[C@@H]4CC[C@H](C(C)=O)[C@@]4(C)CC[C@@H]32)C1,Pregnenolone Acetate,0,med,1.0
IZYUWBATGXUSIK-UHFFFAOYSA-N,CC(COCC(C)OC(=O)c1ccccc1)OC(=O)c1ccccc1,,0,med,1.0
CARJPEPCULYFFP-UHFFFAOYSA-N,O=C(O)c1cc(C(=O)O)cc(S(=O)(=O)O)c1,,0,med,1.0
NSLPVARPWPMVGF-GFDLUDKVSA-N,Cc1cn([C@@H]2O[C@@]3(COP(O)(=S)O[C@H]4[C@H]5OC[C@]4(CO)O[C@H]5n4cc(C)c(N)nc4=O)CO[C@@H]2[C@@H]3OP(O)(=S)OC[C@H]2O[C@@H](n3cnc4c(N)ncnc43)[C@H](O)[C@@H]2OP(O)(=S)OC[C@H]2O[C@@H](n3cnc4c(=O)[nH]c(N)nc43)[C@H](O)[C@@H]2OP(O)(=S)OC[C@H]2O[C@@H](n3cnc4c(=O)[nH]c(N)nc43)[C@H](O)[C@@H]2OP(O)(=S)OC[C@H]2O[C@@H](n3cc(C)c(=O)[nH]c3=O)C[C@@H]2OP(O)(=S)OC[C@H]2O[C@@H](n3ccc(N)nc3=O)[C@H](O)[C@@H]2OP(O)(=S)OC[C@H]2O[C@@H](n3ccc(N)nc3=O)[C@H](O)[C@@H]2OP(O)(=S)OC[C@H]2O[C@@H](n3ccc(N)nc3=O)[C@H](O)[C@@H]2OP(O)(=S)OC[C@H]2O[C@@H](n3cnc4c(=O)[nH]c(N)nc43)[C@H](O)[C@@H]2OP(O)(=S)OC[C@H]2O[C@@H](n3cnc4c(=O)[nH]c(N)nc43)[C@H](O)[C@@H]2OP(O)(=S)OC[C@H]2O[C@@H](n3cc(C)c(=O)[nH]c3=O)C[C@@H]2OP(O)(=S)OC[C@@]23CO[C@@H]([C@H](n4cc(C)c(=O)[nH]c4=O)O2)[C@@H]3OP(O)(=S)OC[C@@]23CO[C@@H]([C@H](n4ccc(N)nc4=O)O2)[C@@H]3O)c(=O)nc1N,CHEMBL502060,0,med,1.0
YJYPHIXNFHFHND-UHFFFAOYSA-N,COc1ccc2cccc(CCNC(C)=O)c2c1,AGOMELATINE,0,med,1.0
UDKSLGIUCGAZTK-UHFFFAOYSA-N,CCCCCCCCCCCCCCCS(=O)(=O)Oc1ccccc1,,0,med,1.0
JOBBTVPTPXRUBP-UHFFFAOYSA-N,O=C(CCS)OCC(COC(=O)CCS)(COC(=O)CCS)COC(=O)CCS,,1,med,1.0
KGDJMNKPBUNHGY-RMKNXTFCSA-N,CCC(=O)OC/C=C/c1ccccc1,,1,med,1.0
QXWYKJLNLSIPIN-YUMQZZPRSA-N,N[C@H](C(=O)O)[C@@H](O)c1ccc(O)c(O)c1,,0,med,1.0
WOYWLLHHWAMFCB-UHFFFAOYSA-N,CCCCC(CC)COC(C)=O,,0,med,1.0
MWLSOWXNZPKENC-UHFFFAOYSA-N,CC(c1cc2ccccc2s1)N(O)C(N)=O,Zileuton,0,med,1.0
VNLOISSPTMDCIF-SOFGYWHQSA-N,COc1ccc(/C(C)=C/C(=O)O)c(OC)c1,dimecrotic acid,0,med,1.0
YMDNODNLFSHHCV-UHFFFAOYSA-N,CCN(CC)CCCl,,1,med,1.0
NBHPRWLFLUBAIE-UHFFFAOYSA-N,O=C(NCCN1CCC(n2c(=O)[nH]c3cc(Cl)ccc32)CC1)c1ccc(F)cc1,CHEMBL245621,1,med,1.0
ZFLPOPCZMXGUOJ-UHFFFAOYSA-N,COC(=O)CC(C)CCC=C(C)C,,0,med,1.0
FCJSHPDYVMKCHI-UHFFFAOYSA-N,O=C(Oc1ccccc1)c1ccccc1,,0,med,1.0
SPPWGCYEYAMHDT-UHFFFAOYSA-N,CC(C)c1ccc(C(C)C)cc1,,0,med,1.0
WTWWXOGTJWMJHI-UHFFFAOYSA-N,FC(F)(F)C(F)(F)C(F)(F)C(F)(F)C(F)(F)C(F)(F)C(F)(F)C(F)(F)Br,PERFLUBRON,0,med,1.0
FEIOASZZURHTHB-UHFFFAOYSA-N,COC(=O)c1ccc(C=O)cc1,,0,med,1.0
MDHYEMXUFSJLGV-UHFFFAOYSA-N,CC(=O)OCCc1ccccc1,,0,med,1.0
QKLSCPPJEVXONT-UHFFFAOYSA-N,COc1cc(NS(=O)(=O)c2ccc(N)cc2)nc(C)n1,sulfametomidine,0,med,1.0
IITQJMYAYSNIMI-UHFFFAOYSA-N,CC1=CC(=O)CCC1,,0,med,1.0
DPJVRASYWYOFSJ-UHFFFAOYSA-N,[O-][n+]1ccc(Cl)cc1,,0,med,1.0
ACWBQPMHZXGDFX-JOCHJYFZSA-N,CCCCC(=O)N(Cc1ccc(-c2ccccc2-c2nnn[nH]2)cc1)[C@@H](C(=O)O)C(C)C,,0,med,1.0
GAOZTHIDHYLHMS-KEOBGNEYSA-N,CC[C@@]1([C@@H]2O[C@@H]([C@H]3O[C@@](O)(CO)[C@H](C)C[C@@H]3C)C[C@@H]2C)CC[C@H]([C@]2(C)CC[C@]3(C[C@H](O)[C@@H](C)[C@@H]([C@@H](C)[C@@H](OC)[C@H](C)C(=O)O)O3)O2)O1,MONENSIN,0,med,1.0
WYPQHXVMNVEVEB-AATRIKPKSA-N,CCCC/C=C/CCCCO,,0,med,1.0
YXOLAZRVSSWPPT-UHFFFAOYSA-N,O=c1c(O)c(-c2ccc(O)cc2O)oc2cc(O)cc(O)c12,,0,med,1.0
FWLDHHJLVGRRHD-UHFFFAOYSA-N,C=CC(=O)OCCCCCCCCCC,,0,med,1.0
SAMRUMKYXPVKPA-VFKOLLTISA-N,CCCCCCCCCCCCCCCCCCCCCC(=O)Nc1ccn([C@@H]2O[C@H](CO)[C@@H](O)[C@@H]2O)c(=O)n1,enocitabine,1,med,1.0
WKRLQDKEXYKHJB-HFTRVMKXSA-N,C[C@]12CC[C@H]3C(=CCc4cc(O)ccc43)[C@@H]1CCC2=O,Equilin,1,med,1.0
VWUDFIOZFAFOMW-QUOOOCNJSA-N,CO[C@@H]1[C@H](O)C[C@@H](O[C@@H]2C[C@H](Oc3cc4cc5c(c(O)c4c(O)c3C)C(=O)[C@@H](O[C@H]3C[C@@H](O[C@H]4C[C@@H](O[C@H]6C[C@](C)(O)[C@@H](OC(C)=O)[C@H](C)O6)[C@H](O)[C@@H](C)O4)[C@H](O)[C@@H](C)O3)[C@H]([C@H](OC)C(=O)[C@@H](O)[C@@H](C)O)C5)O[C@H](C)[C@@H]2OC(=O)O)O[C@@H]1C,,1,med,1.0
FZSPJBYOKQPKCD-UHFFFAOYSA-N,CC(N)C(=O)OC(C)(C)Cc1ccc(Cl)cc1,Alaproclate,1,high,2.0
ZFXYFBGIUFBOJW-UHFFFAOYSA-N,Cn1c(=O)c2[nH]cnc2n(C)c1=O,THEOPHYLLINE ANHYDROUS,0,med,1.0
YFGHCGITMMYXAQ-UHFFFAOYSA-N,NC(=O)C[S+]([O-])C(c1ccccc1)c1ccccc1,Armodafinil,0,med,1.0
MTHSVFCYNBDYFN-UHFFFAOYSA-N,OCCOCCO,,0,med,1.0
JAYAGJDXJIDEKI-PTGWOZRBSA-N,CC(=O)O[C@H]1C[C@H](O[C@H]2[C@@H](O)C[C@H](O[C@H]3[C@@H](O)C[C@H](O[C@H]4CC[C@@]5(C)[C@H](CC[C@@H]6[C@@H]5C[C@@H](O)[C@]5(C)[C@@H](C7=CC(=O)OC7)CC[C@]65O)C4)O[C@@H]3C)O[C@@H]2C)O[C@H](C)[C@H]1O[C@@H]1O[C@H](CO)[C@@H](O)[C@H](O)[C@H]1O,Lanatoside C,1,med,1.0
DGQLVPJVXFOQEV-JNVSTXMASA-N,Cc1c(C(=O)O)c(O)cc2c1C(=O)c1c(O)c([C@@H]3O[C@H](CO)[C@@H](O)[C@H](O)[C@H]3O)c(O)c(O)c1C2=O,,0,med,1.0
LLECMGGNFBKPRH-UHFFFAOYSA-N,Cc1cccc(C)c1NC(=O)c1ccccc1C(=O)O,,0,med,1.0
VXPLXMJHHKHSOA-UHFFFAOYSA-N,CC(C)OC(=O)Nc1ccccc1,,0,med,1.0
WIBFFTLQMKKBLZ-SEYXRHQNSA-N,CCCCCCCC/C=C\CCCCCCCC(=O)OCCCC,,0,med,1.0
CHIFOSRWCNZCFN-UHFFFAOYSA-N,CCC(CC)Nc1c([N+](=O)[O-])cc(C)c(C)c1[N+](=O)[O-],,1,med,1.0
YVQVOQKFMFRVGR-UHFFFAOYSA-N,O=C1OC(CN2CCOCC2)CN1N=Cc1ccc([N+](=O)[O-])o1,,0,med,1.0
NZCRJKRKKOLAOJ-IIBMFGDOSA-N,CO[C@H]1C=CO[C@@]2(C)Oc3c(C)c(O)c4c(O)c(c5c(nc6cc(C)ccn65)c4c3C2=O)NC(=O)C(C)=CC=C[C@H](C)[C@H](O)[C@@H](C)[C@@H](O)[C@@H](C)[C@H](OC(C)=O)[C@@H]1C,Rifaximin (Xifaxan),0,med,1.0
XTXFAVHDQCHWCS-UHFFFAOYSA-N,CCOc1ccc(NC(C)=O)cc1N,,1,med,1.0
QUMXDOLUJCHOAY-UHFFFAOYSA-N,CC(=O)OC(C)c1ccccc1,,0,med,1.0
JGPMMRGNQUBGND-UHFFFAOYSA-N,COC1=C(OC)C(=O)C(CCCCCCCCCCO)=C(C)C1=O,IDEBENONE,1,med,1.0
ARSRBNBHOADGJU-UHFFFAOYSA-N,Cc1c2ccccc2c(C)c2c1ccc1ccccc12,,1,med,1.0
CQTGCCLTIDNYHT-UHFFFAOYSA-N,O=C1Nc2cc(Cl)ccc2Oc2ccccc21,,1,med,1.0
BULVZWIRKLYCBC-UHFFFAOYSA-N,CCOP(=S)(OCC)SCSCC,,0,med,1.0
QTDIEDOANJISNP-UHFFFAOYSA-N,CCCCCCCCCCCCOCCOS(=O)(=O)O,,0,med,1.0
PQHLRGARXNPFCF-UHFFFAOYSA-N,O=C(Nc1ccc(S(=O)(=O)N2CCOCC2)cc1)c1cc(Cl)ccc1NS(=O)(=O)c1ccc(Cl)s1,Ataciguat,1,med,1.0
YQEZLKZALYSWHR-CYBMUJFWSA-N,CN[C@@]1(c2ccccc2Cl)CCCCC1=O,,0,med,1.0
KFBNTNYCQVDLBK-UHFFFAOYSA-N,CCCC(CC)CCCCCCCN,,0,med,1.0
ZPEIMTDSQAKGNT-UHFFFAOYSA-N,CN(C)CCCN1c2ccccc2Sc2ccc(Cl)cc21,Chlorpromazine hydrochloride,1,med,1.0
XZYRDNUZENBYFI-UHFFFAOYSA-N,Nc1c[n+](N2CCOCC2)no1,,0,med,1.0
LFXYFFIMEFNDHC-UHFFFAOYSA-N,OCCN1CCC(C2CCN(c3nc(NCc4ccc(F)c(Cl)c4)c4ncn(CC5CC5)c4n3)CC2)CC1,CHEMBL5639257,0,med,1.0
YCPOZVAOBBQLRI-UHFFFAOYSA-N,CS(=O)(=O)OCC(O)C(O)COS(C)(=O)=O,,0,med,1.0
BPEXTIMJLDWDTL-UHFFFAOYSA-N,CC(=O)Nc1ccccc1C,,0,med,1.0
SEGJNMCIMOLEDM-UHFFFAOYSA-N,CCCCCCCCNC,,0,med,1.0
IYKVLICPFCEZOF-UHFFFAOYSA-N,NC(N)=[Se],,0,med,1.0
KYYIDSXMWOZKMP-UHFFFAOYSA-N,CN(C)CC(c1ccc(O)cc1)C1(O)CCCCC1,DESVENLAFAXINE,1,med,1.0
WMVJWKURWRGJCI-UHFFFAOYSA-N,CCC(C)(C)c1ccc(O)c(C(C)(C)CC)c1,,1,med,1.0
DNIAPMSPPWPWGF-UHFFFAOYSA-N,CC(O)CO,propylene glycol,0,med,1.0
QNVWGEJMXOQQPM-UHFFFAOYSA-N,Cc1cc(=O)oc2cc(O)cc(O)c12,,1,med,1.0
UMKYGRSAJPPGIF-HFPKHFJKSA-N,C[N+]1(CCNP(=S)(NCC[N+]2(C)CC3C4=C(C=CC3[C@@H]3[C@H]2C2C=C5OCOC5=CC2C[C@@H]3O)OCO4)NCC[N+]2(C)CC3C4=C(C=CC3[C@@H]3[C@H]2C2CC5CCCC5CC2C[C@@H]3O)OCO4)CC2=C(C=CC3OCOC23)[C@@H]2[C@H]1C1C=C3OCOC3=CC1C[C@@H]2O,CHEMBL3137677,1,med,1.0
SHULEACXTONYPS-UHFFFAOYSA-N,O=C(c1ccccc1)c1cccc(O)c1,,1,med,1.0
ILYCWAKSDCYMBB-OPCMSESCSA-N,CC(C)[C@@H](C)/C=C/[C@@H](C)[C@H]1CC[C@H]2/C(=C/C=C3\C[C@@H](O)CC[C@@H]3C)CCC[C@]12C,dihydrotachysterol,1,med,1.0
FMRHJJZUHUTGKE-UHFFFAOYSA-N,CCCCC(CC)COC(=O)c1ccccc1O,octisalate,0,med,1.0
SRPNQDXRVRCTNK-UHFFFAOYSA-N,CC(C)(C)C(=O)NCCCC(=O)O,pivagabine,0,med,1.0
QWAXKHKRTORLEM-UGJKXSETSA-N,CC(C)(C)NC(=O)[C@@H]1C[C@@H]2CCCC[C@@H]2CN1C[C@@H](O)[C@H](Cc1ccccc1)NC(=O)[C@H](CC(N)=O)NC(=O)c1ccc2ccccc2n1,Drug 689,1,high,2.0
LBERVHLCXUMDOT-MPZZESAYSA-N,CCCCCCCCCC(=O)O[C@H]1CC[C@H]2[C@@H]3CCC4=CC(=O)CC[C@]4(C)[C@H]3CC[C@]12C,,0,med,1.0
GRPRVIYRYGLIJU-UHFFFAOYSA-N,CCOP(=O)(OCC)SCCSCC,,0,med,1.0
QGJOPFRUJISHPQ-UHFFFAOYSA-N,S=C=S,,0,med,1.0
HSHNITRMYYLLCV-UHFFFAOYSA-N,Cc1cc(=O)oc2cc(O)ccc12,hymecromone,1,med,1.0
JOXIMZWYDAKGHI-UHFFFAOYSA-N,Cc1ccc(S(=O)(=O)O)cc1,p-Toluenesulfonic acid,0,med,1.0
GWZMWHWAWHPNHN-UHFFFAOYSA-N,C=CC(=O)OCC(C)O,,1,med,1.0
DQWPFSLDHJDLRL-UHFFFAOYSA-N,CCOP(=O)(OCC)OCC,Triethyl Phosphate,1,med,1.0
ATVBDXTZABMEPI-XEHFDHBKSA-N,COC1=C(C(C)C)C(=O)[C@]23O[C@@]2(C1=O)[C@@]1(C)CC[C@H](O)C(C)(C)[C@@H]1CC3=O,CHEMBL4876503,0,med,1.0
JJUBFBTUBACDHW-UHFFFAOYSA-N,OCCC(F)(F)C(F)(F)C(F)(F)C(F)(F)C(F)(F)C(F)(F)C(F)(F)C(F)(F)F,,0,med,1.0
JLGLQAWTXXGVEM-UHFFFAOYSA-N,COCCOCCOCCO,,0,med,1.0
XWGKIGRJGLAOJC-AMVAKXGBSA-N,CC[C@H](C)[C@@H](NC(=O)[C@@H](NC(=O)[C@H](CCC(=O)O)NC(=O)[C@H](Cc1ccccc1)NC(=O)[C@@H](CCN)NC(=O)[C@H](CCN)NC(=O)[C@H](CO)NC(=O)[C@@H](Cc1c[nH]c2ccccc12)NC(=O)[C@@H](CO)NC(=O)CNC(=O)[C@@H](CCN)NC(=O)[C@H](NC(=O)[C@H](C)N)C(C)C)C(C)C)C(=O)N[C@@H](C)C(=O)O,CHEMBL5561258,0,med,1.0
OVSKIKFHRZPJSS-UHFFFAOYSA-N,O=C(O)COc1ccc(Cl)cc1Cl,,0,med,1.0
BYBLEWFAAKGYCD-UHFFFAOYSA-N,Clc1ccc(COC(Cn2ccnc2)c2ccc(Cl)cc2Cl)c(Cl)c1,MICONAZOLE,1,med,1.0
ZAMCMCQRTZKGDX-SNAWJCMRSA-N,C/C=C(\C)C(C)=O,,0,med,1.0
ACWQBUSCFPJUPN-HWKANZROSA-N,C/C=C(\C)C=O,,0,med,1.0
LSYBWANTZYUTGJ-UHFFFAOYSA-N,CN(C)CCN(C)CCO,,0,med,1.0
SMEROWZSTRWXGI-HVATVPOCSA-N,C[C@H](CCC(=O)O)[C@H]1CC[C@H]2[C@@H]3CC[C@@H]4C[C@H](O)CC[C@]4(C)[C@H]3CC[C@]12C,CHEMBL1478,1,high,2.0
MGSRCZKZVOBKFT-UHFFFAOYSA-N,Cc1ccc(C(C)C)c(O)c1,thymol,1,med,1.0
MIHADVKEHAFNPG-UHFFFAOYSA-N,Nc1ncc([N+](=O)[O-])s1,,1,med,1.0
PZRHRDRVRGEVNW-UHFFFAOYSA-N,Cc1[nH]c(=O)c(C#N)cc1-c1ccncc1,MILRINONE,1,high,2.0
ACGUYXCXAPNIKK-UHFFFAOYSA-N,Oc1c(Cl)cc(Cl)c(Cl)c1Cc1c(O)c(Cl)cc(Cl)c1Cl,hexachlorophene,1,med,1.0
IWVRVEIKCBFZNF-UHFFFAOYSA-N,Cc1ccc2c(c1)c1c3n2CCNC3CCC1,pirlindole,1,med,1.0
XJGFWWJLMVZSIG-UHFFFAOYSA-N,Nc1c2ccccc2nc2ccccc12,aminoacridine,1,med,1.0
HEFNNWSXXWATRW-JTQLQIEISA-N,CC(C)Cc1ccc([C@H](C)C(=O)O)cc1,DEXIBUPROFEN,0,med,1.0
GTGMXPIQRQSORU-UHFFFAOYSA-N,Nc1ccc(Cl)cc1C(=O)c1ccccc1F,,1,med,1.0
FAPDDOBMIUGHIN-UHFFFAOYSA-K,Cl[Sb](Cl)Cl,,1,med,1.0
WJJMNDUMQPNECX-UHFFFAOYSA-N,O=C(O)c1cccc(C(=O)O)n1,"2,6-Pyridinedicarboxylic acid",0,med,1.0
PXWNBAGCFUDYBE-UHFFFAOYSA-N,Nc1ccccc1C(=O)OCCc1ccccc1,,1,med,1.0
PASFIQXJEUGATN-UHFFFAOYSA-N,CC[S+](C)CC,,0,med,1.0
KGKGSIUWJCAFPX-UHFFFAOYSA-N,NC(=S)c1c(Cl)cccc1Cl,,0,med,1.0
WOFMFGQZHJDGCX-ZULDAHANSA-N,C[C@@H]1C[C@H]2[C@@H]3CCC4=CC(=O)C=C[C@]4(C)[C@@]3(Cl)[C@@H](O)C[C@]2(C)[C@@]1(OC(=O)c1ccco1)C(=O)CCl,MOMETASONE FUROATE,1,med,1.0
OVSARSKQWCLSJT-UHFFFAOYSA-N,CC(C)N(c1ccccc1)C(C)C,,0,med,1.0
IBDVWXAVKPRHCU-UHFFFAOYSA-N,C=C(C)C(=O)OCCOC(=O)CC(C)=O,,0,med,1.0
GNXBFFHXJDZGEK-UHFFFAOYSA-N,CC(C)(C)c1ccc(S)cc1,,0,med,1.0
GRPURDFRFHUDSP-UHFFFAOYSA-N,C=CCOC(=O)c1ccc(C(=O)OCC=C)c(C(=O)OCC=C)c1,,0,med,1.0
FATBKZJZAHWCSL-UHFFFAOYSA-N,Clc1cc(Cl)c(Cl)nc1Cl,,0,med,1.0
VHHHONWQHHHLTI-UHFFFAOYSA-N,ClC(Cl)(Cl)C(Cl)(Cl)Cl,,0,med,1.0
WVDDUSFOSWWJJH-UHFFFAOYSA-N,CCCn1cc[n+](C)c1,,0,med,1.0
GHBFNMLVSPCDGN-UHFFFAOYSA-N,CCCCCCCC(=O)OCC(O)CO,monoctanoin,0,med,1.0
GBFVZTUQONJGSL-UHFFFAOYSA-N,C=C[Si](OC(=C)C)(OC(=C)C)OC(=C)C,,0,med,1.0
FAZBBJPZVSGANF-JVWAILMASA-N,CC(=O)N/N=C/c1c(-c2nc(NCCN3CCCC3)c3ccccc3n2)[nH]c2ccccc12,CHEMBL5561856,0,med,1.0
UCNVFOCBFJOQAL-UHFFFAOYSA-N,ClC(Cl)=C(c1ccc(Cl)cc1)c1ccc(Cl)cc1,,1,med,1.0
RMXLHIUHKIVPAB-OWOJBTEDSA-N,BrC/C=C/CBr,,0,med,1.0
VQKLRVZQQYVIJW-UHFFFAOYSA-N,N/N=c1\[nH][nH]/c(=N\N)c2ccccc12,dihydralazine,0,med,1.0
OOCCDEMITAIZTP-UHFFFAOYSA-N,OCC=Cc1ccccc1,,0,med,1.0
VOOYTQRREPYRIW-UHFFFAOYSA-N,COC1=CC(=O)OC(CCc2ccccc2)C1,,0,med,1.0
FXHOOIRPVKKKFG-UHFFFAOYSA-N,CC(=O)N(C)C,,0,med,1.0
SBGKURINHGJRFN-UHFFFAOYSA-N,O=S(O)CO,,0,med,1.0
XLOMZPUITCYLMJ-UHFFFAOYSA-N,C=CCC1(C(C)CCC)C(=O)NC(=S)NC1=O,THIAMYLAL,0,med,1.0
MLFHJEHSLIIPHL-UHFFFAOYSA-N,CC(=O)OCCC(C)C,,0,med,1.0
NWVVVBRKAWDGAB-UHFFFAOYSA-N,COc1ccc(O)cc1,MEQUINOL,0,med,1.0
DQNMZSIJHFEYTM-RTWAWAEBSA-N,CC(C)C[C@@H]1[C@H](c2ccccc2)OC(=O)N1CCCN1CCCCCC1,,0,med,1.0
UQQYIAVMUUJWGX-UHFFFAOYSA-N,O=C(c1ccc(O)c(O)c1)c1ccc(O)cc1O,,1,med,1.0
SMDHCQAYESWHAE-UHFFFAOYSA-N,CCCCN(CC)c1c([N+](=O)[O-])cc(C(F)(F)F)cc1[N+](=O)[O-],,1,med,1.0
ZDYGKWOTFUOWOA-UHFFFAOYSA-N,N#Cc1ccc(N(CC(N)=O)CC(F)(F)F)cc1C(F)(F)F,,0,med,1.0
ZEHYJZXQEQOSON-AATRIKPKSA-N,C#CC(O)(/C=C/Cl)CC,ETHCHLORVYNOL,1,med,1.0
BFPYWIDHMRZLRN-SLHNCBLASA-N,C#C[C@]1(O)CC[C@H]2[C@@H]3CCc4cc(O)ccc4[C@H]3CC[C@@]21C,ETHINYL ESTRADIOL,1,high,2.0
KOHIRBRYDXPAMZ-UHFFFAOYSA-N,OC(CNCC(O)C1CCc2cc(F)ccc2O1)C1CCc2cc(F)ccc2O1,NEBIVOLOL,1,med,1.0
YNNUSGIPVFPVBX-NHCUHLMSSA-N,CN1CCC[C@@H]1CCO[C@](C)(c1ccccc1)c1ccc(Cl)cc1,CLEMASTINE,0,med,1.0
GFWVDQCGGDBTBS-UHFFFAOYSA-N,CC(C)CC(=O)CC(C)CC(C)C,,0,med,1.0
HJPMTDNGLRNDJA-ZVXCBTRXSA-N,COC(=O)[C@@]1(C)[C@H](C)C[C@H]2[C@@H]3CCC4=CC(=O)C=C[C@]4(C)[C@H]3[C@@H](O)C[C@@]21C,,1,med,1.0
LZCLXQDLBQLTDK-UHFFFAOYSA-N,CCOC(=O)C(C)O,,0,med,1.0
UIKUBYKUYUSRSM-UHFFFAOYSA-N,NCCCN1CCOCC1,,0,med,1.0
JLYXXMFPNIAWKQ-CDRYSYESSA-N,Cl[C@H]1[C@H](Cl)[C@@H](Cl)[C@H](Cl)[C@@H](Cl)[C@@H]1Cl,CHEMBL389022,1,high,2.0
RDJQCOBTKKAQAH-UHFFFAOYSA-N,CCOC(=O)COc1ccc2c(c1)CC(NCC(O)c1cccc(Cl)c1)CC2,,0,med,1.0
QNILTEGFHQSKFF-UHFFFAOYSA-N,C=CC(=O)NC(C)C,,0,med,1.0
YKNFBGRYAKVNNI-UHFFFAOYSA-N,CC(CN(CCN(CC(C)OCCO)CC(C)OCCO)CC(C)OCCO)OCCO,,1,med,1.0
MSPRUJDUTKRMLM-UHFFFAOYSA-N,CCN(CC)CCn1c(=O)c(Cc2ccc(OC)cc2)nc2ccccc21,caroverine,0,med,1.0
FVFVNNKYKYZTJU-UHFFFAOYSA-N,Nc1nc(N)nc(Cl)n1,,0,med,1.0
OKJFKPFBSPZTAH-UHFFFAOYSA-N,O=C(c1ccc(O)cc1)c1ccc(O)cc1O,,1,med,1.0
IDGRPSMONFWWEK-UHFFFAOYSA-N,CCCCC(CC)COC(=O)COc1ccc(Cl)cc1C,,0,med,1.0
MIJDSYMOBYNHOT-UHFFFAOYSA-N,CCNCCO,,0,med,1.0
JYJTVFIEFKZWCJ-UHFFFAOYSA-N,CC1CCc2c(N3CCC(O)CC3)c(F)cc3c(=O)c(C(=O)O)cn1c23,nadifloxacin,0,med,1.0
ZCTQGTTXIYCGGC-UHFFFAOYSA-N,O=C(OCc1ccccc1)c1ccccc1O,,0,med,1.0
ZGXJTSGNIOSYLO-UHFFFAOYSA-N,NCC(=O)CCC(=O)O,AMINOLEVULINIC ACID,1,high,2.0
QFFCYTLOTYIJMR-XMGTWHOFSA-N,CCC(=O)[C@@]1(C)CC[C@H]2[C@@H]3CCC4=CC(=O)CCC4=C3CC[C@@]21C,promegestone,1,med,1.0
XIDPSKQLXKCVQN-UHFFFAOYSA-N,CCOC(=O)Cc1cccc2ccccc12,,0,med,1.0
KAJICSGLHKRDLN-UHFFFAOYSA-N,S=C(NC1CCCCC1)NC1CCCCC1,,1,med,1.0
UHWVSEOVJBQKBE-UHFFFAOYSA-N,COc1ccc(CN2CCNCC2)c(OC)c1OC,trimetazidine,0,med,1.0
XVAPNQFQPDAROQ-KBADXSOQSA-N,CC(=O)O[C@H]1C[C@H](O[C@H]2[C@@H](O)C[C@H](O[C@H]3[C@@H](O)C[C@H](OC4CC[C@@]5(C)C(CC[C@@H]6[C@@H]5CC[C@]5(C)[C@@H](C7=CC(=O)OC7)[C@@H](O)C[C@]65O)C4)O[C@@H]3C)O[C@@H]2C)O[C@H](C)[C@H]1O[C@@H]1O[C@H](CO)[C@@H](O)[C@H](O)[C@H]1O,,1,med,1.0
NEMNPWINWMHUMR-UHFFFAOYSA-N,O=C(Nc1ccc(Oc2ccc(Cl)cc2)c(Cl)c1)c1cc(I)cc(I)c1O,,1,med,1.0
CETWDUZRCINIHU-UHFFFAOYSA-N,CCCCCC(C)O,,0,med,1.0
UGCDBQWJXSAYIL-UHFFFAOYSA-N,O=c1c2ccccc2c(=O)c2c1cc(Cl)c1[nH]c3c([nH]c12)c(Cl)cc1c(=O)c2ccccc2c(=O)c13,,1,med,1.0
HXAOUYGZEOZTJO-UHFFFAOYSA-N,O=C(CCCCl)c1ccc(F)cc1,,0,med,1.0
HDWLUGYOLUHEMN-UHFFFAOYSA-N,CCC(C)c1cc([N+](=O)[O-])cc([N+](=O)[O-])c1OC(=O)OC(C)C,,1,med,1.0
RVOLLAQWKVFTGE-UHFFFAOYSA-N,CN(C)C(=O)Oc1ccc[n+](C)c1,Pyridostigmine bromide,0,med,1.0
PHPUXYRXPHEJDF-UHFFFAOYSA-N,CC(=O)Oc1ccc(C2(c3ccc(OC(C)=O)cc3)C(=O)Nc3ccccc32)cc1,,1,med,1.0
JXDFEQONERDKSS-UHFFFAOYSA-N,NCCc1cc[nH]n1,BETAZOLE HYDROCHLORIDE,0,med,1.0
IBSNKSODLGJUMQ-SDNWHVSQSA-N,CO/C=C(/C(=O)OC)c1ccccc1COc1cccc(C(F)(F)F)n1,,1,med,1.0
BHPQYMZQTOCNFJ-UHFFFAOYSA-N,[Ca+2],CALCIUM CHLORIDE,0,med,1.0
DZNVIZQPWLDQHI-UHFFFAOYSA-N,CC(C)=CCCC(C)CCOC=O,,0,med,1.0
GBJKXZJNFVRHCK-XPTVTBSVSA-N,COc1ccc2nc(C(F)(F)F)c3c(c2c1)CC[C@]1(C[C@H]2C(=O)N[C@]4(C(=O)NS(=O)(=O)C5(C)CC5)C[C@H]4/C=C\CCCCC[C@H](NC(=O)OCC(C)C)C(=O)N2C1)O3,CHEMBL3785323,0,med,1.0
VOXZDWNPVJITMN-ZBRFXRBCSA-N,C[C@]12CC[C@@H]3c4ccc(O)cc4CC[C@H]3[C@@H]1CC[C@@H]2O,ESTRADIOL,1,high,2.0
LZDKZFUFMNSQCJ-UHFFFAOYSA-N,CCOCCOCC,,0,med,1.0
JRJGKUTZNBZHNK-UHFFFAOYSA-N,CC(=O)OCCCc1ccccc1,,0,med,1.0
MTZBBNMLMNBNJL-UHFFFAOYSA-N,Cc1cccc(C)c1NC(=O)c1cc(S(N)(=O)=O)c(Cl)cc1O,xipamide,0,med,1.0
QSNSCYSYFYORTR-UHFFFAOYSA-N,Nc1ccc(Cl)cc1,,1,med,1.0
CWERGRDVMFNCDR-UHFFFAOYSA-N,O=C(O)CS,Thioglycolic Acid,0,med,1.0
RHCSKNNOAZULRK-UHFFFAOYSA-N,COc1cc(CCN)cc(OC)c1OC,,0,med,1.0
FEROPKNOYKURCJ-UHFFFAOYSA-N,COc1cc(N)c(Cl)cc1C(=O)NC1CN2CCC1CC2,,0,med,1.0
NBDAHKQJXVLAID-UHFFFAOYSA-N,O=C(O)c1cc(C(=O)O)cc([N+](=O)[O-])c1,,0,med,1.0
OBENDWOJIFFDLZ-UHFFFAOYSA-N,Cc1cc(C)n(CO)n1,,0,med,1.0
LCTZPQRFOZKZNK-UHFFFAOYSA-N,C[N+]1(C)CCC(=C(c2ccccc2)c2ccccc2)CC1,DIPHEMANIL METHYLSULFATE,0,med,1.0
NPUZIGSOEWMFKK-UHFFFAOYSA-N,O=C1c2ccccc2C(=O)C1c1ccc(Br)cc1,bromindione,0,med,1.0
BYGQBDHUGHBGMD-UHFFFAOYSA-N,CCC(C)C=O,,0,med,1.0
ODFJOVXVLFUVNQ-UHFFFAOYSA-N,CC(=O)Nc1cc([As](=O)(O)O)ccc1O,CHEMBL1330792,1,high,2.0
MTMKZABGIQJAEX-UHFFFAOYSA-N,C=CCc1cc(S(=O)(=O)c2ccc(O)c(CC=C)c2)ccc1O,,1,med,1.0
AELCINSCMGFISI-DTWKUNHWSA-N,N[C@@H]1C[C@H]1c1ccccc1,TRANYLCYPROMINE SULFATE,1,high,2.0
ITMCEJHCFYSIIV-UHFFFAOYSA-N,O=S(=O)(O)C(F)(F)F,,0,med,1.0
FUDNBFMOXDUIIE-UHFFFAOYSA-N,C=CC(C)CCC=C(C)C,,0,med,1.0
JBSLOWBPDRZSMB-FPLPWBNLSA-N,CCCCOC(=O)/C=C\C(=O)OCCCC,,0,med,1.0
DOZRDZLFLOODMB-UHFFFAOYSA-N,CC(C)(C)c1cc(C=O)cc(C(C)(C)C)c1O,,0,med,1.0
BTFQKIATRPGRBS-UHFFFAOYSA-N,Cc1ccccc1C=O,,0,med,1.0
IMNIMPAHZVJRPE-UHFFFAOYSA-N,C1CN2CCN1CC2,,0,med,1.0
JZCPYUJPEARBJL-UHFFFAOYSA-N,Cc1c(C(=O)NN2CCCCC2)nn(-c2ccc(Cl)cc2Cl)c1-c1ccc(Cl)cc1,,1,med,1.0
XITRBUPOXXBIJN-UHFFFAOYSA-N,CC1(C)CC(OC(=O)CCCCCCCCC(=O)OC2CC(C)(C)NC(C)(C)C2)CC(C)(C)N1,,0,med,1.0
OZCMOJQQLBXBKI-UHFFFAOYSA-N,C=COCC(C)C,,0,med,1.0
CKIHZSGJPSDCNC-UHFFFAOYSA-N,[O-][n+]1cc[n+]([O-])c2ccccc21,,0,med,1.0
CAMYKONBWHRPDD-UHFFFAOYSA-N,NC(=O)OCCCc1ccccc1,phenprobamate,0,med,1.0
DBHODFSFBXJZNY-UHFFFAOYSA-N,OCc1ccc(Cl)cc1Cl,dichlorobenzyl alcohol,0,med,1.0
MEFKEPWMEQBLKI-AIRLBKTGSA-N,C[S+](CC[C@H](N)C(=O)[O-])C[C@H]1O[C@@H](n2cnc3c(N)ncnc32)[C@H](O)[C@@H]1O,ademetionine,1,med,1.0
AWZOLILCOUMRDG-UHFFFAOYSA-N,CCOP(=O)(Sc1ccccc1)Sc1ccccc1,,0,med,1.0
AZSNMRSAGSSBNP-VRFQAOMKSA-N,CC[C@H](C)[C@H]1O[C@]2(CC[C@@H]1C)C[C@@H]1C[C@@H](CC=C(C)[C@@H](O[C@H]3C[C@H](OC)[C@@H](O[C@H]4C[C@H](OC)[C@@H](O)[C@H](C)O4)[C@H](C)O3)[C@@H](C)C=CC=C3CO[C@@H]4[C@H](O)C(C)=C[C@@H](C(=O)O1)[C@]34O)O2,,0,med,1.0
IVDRCZNHVGQBHZ-UHFFFAOYSA-N,CCCCOCCOC(=O)COc1nc(Cl)c(Cl)cc1Cl,,0,med,1.0
IGODOXYLBBXFDW-UHFFFAOYSA-N,CC(=O)OC(C)(C)C1CC=C(C)CC1,,0,med,1.0
MCJGNVYPOGVAJF-UHFFFAOYSA-N,Oc1cccc2cccnc12,oxyquinoline,1,high,2.0
PGJQQPKQOLUVLK-UHFFFAOYSA-N,CC(=O)SCCC(=O)NCCCNc1c2c(nc3ccccc13)CCCC2,CHEMBL2036258,0,med,1.0
BIDUPMYXGFNAEJ-APGVDKLISA-N,CO[C@H]1[C@@H](O)[C@H](N)[C@@H](O[C@H]2O[C@H]([C@H](C)N)CC[C@H]2N)[C@H](O)[C@@H]1N(C)C(=O)CN,astromicin,1,high,2.0
PZKGSVYNVAEKGQ-UHFFFAOYSA-N,C=CC(=O)Nc1cc2c(Oc3ccc(NC(=O)n4c(=O)c(-c5ccccc5)c(C)n4C)cc3F)cccc2cc1OC,CHEMBL5565127,0,med,1.0
XRHCAGNSDHCHFJ-UHFFFAOYSA-N,O=C1CCCCCCCCCCCC(=O)OCCO1,,0,med,1.0
NXJCRELRQHZBQA-UHFFFAOYSA-N,COc1cc(OC)c2ccc(=O)oc2c1,,0,med,1.0
MFDFERRIHVXMIY-UHFFFAOYSA-N,CCN(CC)CCOC(=O)c1ccc(N)cc1,PROCAINE,0,high,2.0
MJIHNNLFOKEZEW-RUZDIDTESA-N,Cc1c(OCC(F)(F)F)ccnc1C[S@@+]([O-])c1nc2ccccc2[nH]1,Drug 939,1,med,1.0
HNYOPLTXPVRDBG-UHFFFAOYSA-N,O=C1CC(=O)NC(=O)N1,,0,med,1.0
JLRNKCZRCMIVKA-UHFFFAOYSA-N,CC(C)(Oc1ccc(Cl)cc1)C(=O)OCCCOC(=O)C(C)(C)Oc1ccc(Cl)cc1,simfibrate,0,med,1.0
PPJYSSNKSXAVDB-UHFFFAOYSA-N,O=C(O)Cc1cc(I)c(Oc2cc(I)c(O)c(I)c2)c(I)c1,Tetraiodothyroacetic acid,1,med,1.0
OWWVHQUOYSPNNE-UHFFFAOYSA-N,CCOc1ccc(C(=O)OCCN(CC)CC)cc1,parethoxycaine,0,med,1.0
XTAKDLWEWPRLGB-UHFFFAOYSA-N,CCCCCCCCCCCCCCCCCC[N+](C)(C)CCC[Si](OC)(OC)OC,,0,med,1.0
NEBPTMCRLHKPOB-UHFFFAOYSA-N,N#CC(c1ccccc1)c1ccccc1,,0,med,1.0
KZVBBTZJMSWGTK-UHFFFAOYSA-N,CCCCOCCOCCOCCCC,,0,med,1.0
AGBQKNBQESQNJD-UHFFFAOYSA-N,O=C(O)CCCCC1CCSS1,thioctic acid,1,med,1.0
VPVSTMAPERLKKM-UHFFFAOYSA-N,O=C1NC2NC(=O)NC2N1,Glycoluril,0,med,1.0
KILNVBDSWZSGLL-KXQOOQHDSA-N,CCCCCCCCCCCCCCCC(=O)OC[C@H](COP(=O)([O-])OCC[N+](C)(C)C)OC(=O)CCCCCCCCCCCCCCC,COLFOSCERIL PALMITATE,0,med,1.0
MZZRKEIUNOYYDF-UHFFFAOYSA-N,CC1=CC(C)C(C=O)CC1,,0,med,1.0
IXSZQYVWNJNRAL-UHFFFAOYSA-N,CCOc1cc(C(C)(C)C)ccc1C1COC(c2c(F)cccc2F)=N1,,1,med,1.0
JJYPMNFTHPTTDI-UHFFFAOYSA-N,Cc1cccc(N)c1,,1,med,1.0
HSRJKNPTNIJEKV-UHFFFAOYSA-N,COc1ccccc1OCC(O)CO,GUAIFENESIN,0,med,1.0
VANNPISTIUFMLH-UHFFFAOYSA-N,O=C1CCCC(=O)O1,,0,med,1.0
PMXNPOJHBQDJKS-UHFFFAOYSA-N,COC(=O)c1sccc1S(N)(=O)=O,,0,med,1.0
WTOVRSWDBLIFHU-UHFFFAOYSA-N,COC(=O)C1=C(C)NC(COC(N)=O)=C(C(=O)OC(C)C)C1c1cccc(Cl)c1Cl,,1,med,1.0
KUEUWHJGRZKESU-UHFFFAOYSA-N,O=C(OCC(COC(=O)c1cccnc1)(COC(=O)c1cccnc1)COC(=O)c1cccnc1)c1cccnc1,niceritrol,0,med,1.0
ZSIQJIWKELUFRJ-UHFFFAOYSA-N,C1CCCNCC1,,0,med,1.0
FRIZVHMAECRUBR-UHFFFAOYSA-N,CCOC(=O)c1ncn2c1CN(C)C(=O)c1c(I)cccc1-2,Iomazenil,0,med,1.0
JJFOBACUIRKUPN-UHFFFAOYSA-N,BrCCOc1ccccc1,,0,med,1.0
YHUVMHKAHWKQBI-UHFFFAOYSA-N,O=C(O)c1cc2ccccc2nc1C(=O)O,,0,med,1.0
FEDLEBCVFZMHBP-UHFFFAOYSA-N,Cc1cccc(O)c1N,,1,med,1.0
PWOBDMNCYMQTCE-UHFFFAOYSA-N,Sc1ccccc1Cl,,0,med,1.0
LGXVIGDEPROXKC-UHFFFAOYSA-N,C=C(Cl)Cl,,0,med,1.0
XVOKUMIPKHGGTN-UHFFFAOYSA-N,CCc1cnc(C2=NC(C)(C(C)C)C(=O)N2)c(C(=O)O)c1,,0,med,1.0
ZLSWBLPERHFHIS-UHFFFAOYSA-N,CC(Oc1cc(Cl)c(Cl)cc1Cl)C(=O)O,,0,med,1.0
CTQMJYWDVABFRZ-UHFFFAOYSA-N,Oc1ccc(Cl)c2cccnc12,cloxiquine,1,med,1.0
LNMQRPPRQDGUDR-UHFFFAOYSA-N,C=CC(=O)OCCCCCC,,0,med,1.0
QANMHLXAZMSUEX-UHFFFAOYSA-N,c1coc(CNc2[nH]cnc3ncnc2-3)c1,kinetin,0,med,1.0
QMKYBPDZANOJGF-UHFFFAOYSA-N,O=C(O)c1cc(C(=O)O)cc(C(=O)O)c1,"1,3,5-Benzenetricarboxylic acid",0,med,1.0
CCRCUPLGCSFEDV-BQYQJAHWSA-N,COC(=O)/C=C/c1ccccc1,,0,med,1.0
CJBJHOAVZSMMDJ-HEXNFIEUSA-N,CC(C)CN(C[C@@H](O)[C@H](Cc1ccccc1)NC(=O)O[C@H]1CO[C@H]2OCC[C@H]21)S(=O)(=O)c1ccc(N)cc1,Darunavir,1,high,2.0
HFDVRLIODXPAHB-UHFFFAOYSA-N,C=CCCCCCCCCCCCC,,0,med,1.0
BARDROPHSZEBKC-OITMNORJSA-N,C[C@@H](O[C@H]1OCCN(Cc2nn(P(=O)(O)O)c(=O)[nH]2)[C@H]1c1ccc(F)cc1)c1cc(C(F)(F)F)cc(C(F)(F)F)c1,FOSAPREPITANT,1,med,1.0
SFVWPXMPRCIVOK-UHFFFAOYSA-N,OC1CCCCCCCCCCC1,,1,med,1.0
YQNQNVDNTFHQSW-UHFFFAOYSA-N,CC(=O)Oc1ccccc1C(=O)Nc1ncc([N+](=O)[O-])s1,NITAZOXANIDE,1,med,1.0
XLMALTXPSGQGBX-GCJKJVERSA-N,CCC(=O)O[C@](Cc1ccccc1)(c1ccccc1)[C@H](C)CN(C)C,Propoxyphene,0,med,1.0
LJSQFQKUNVCTIA-UHFFFAOYSA-N,CCSCC,,0,med,1.0
XSPUSVIQHBDITA-KXDGEKGBSA-N,CO/N=C(/C(=O)N[C@@H]1C(=O)N2C(C(=O)O)=C(Cn3nnc(C)n3)CS[C@H]12)c1csc(N)n1,,0,med,1.0
IMZMKUWMOSJXDT-UHFFFAOYSA-N,O=C(O)c1cc(=O)c2c(OCC(O)COc3cccc4oc(C(=O)O)cc(=O)c34)cccc2o1,CROMOLYN SODIUM,1,high,2.0
VPAWVRUHMJVRHU-UHFFFAOYSA-N,O=P1(N(CCCl)CCCl)NC(OO)CCO1,,0,med,1.0
VPYJNCGUESNPMV-UHFFFAOYSA-N,C=CCN(CC=C)CC=C,,1,med,1.0
WYVDFOFDVCFARJ-UHFFFAOYSA-N,OCCN1CCC(C2CCN(c3nc(NCc4cccc(F)c4F)c4ncn(C5CCCC5)c4n3)CC2)CC1,CHEMBL5641626,0,med,1.0
UQRORFVVSGFNRO-UTINFBMNSA-N,CCCCN1C[C@H](O)[C@@H](O)[C@H](O)[C@H]1CO,MIGLUSTAT,0,med,1.0
PKVRCIRHQMSYJX-AIFWHQITSA-N,COc1cc2c(cc1O)CCN[C@]21CS[C@@H]2c3c(OC(C)=O)c(C)c4c(c3[C@H](COC1=O)N1[C@@H]2[C@H]2c3c(cc(C)c(OC)c3O)C[C@@H]([C@@H]1O)N2C)OCO4,TRABECTEDIN,1,med,1.0
DLVKRCGYGJZXFK-UHFFFAOYSA-N,O=C(CS)Nc1ccccc1,,1,med,1.0
LRJOMUJRLNCICJ-JZYPGELDSA-N,CC(=O)OCC(=O)[C@@]1(O)CC[C@H]2[C@@H]3CCC4=CC(=O)C=C[C@]4(C)[C@H]3[C@@H](O)C[C@@]21C,,0,med,1.0
JQSAYKKFZOSZGJ-UHFFFAOYSA-N,COc1ccc(CN2CCN(C(c3ccc(F)cc3)c3ccc(F)cc3)CC2)c(OC)c1OC,lomerizine,0,med,1.0
WAEXFXRVDQXREF-UHFFFAOYSA-N,O=C(CCCCCCC(=O)Nc1ccccc1)NO,VORINOSTAT,1,med,1.0
WREGKURFCTUGRC-POYBYMJQSA-N,Nc1ccn([C@H]2CC[C@@H](CO)O2)c(=O)n1,ZALCITABINE,0,med,1.0
XLPJNCYCZORXHG-UHFFFAOYSA-N,C=CC(=O)N1CCOCC1,,0,med,1.0
OSCTXCOERRNGLW-VOTSOKGWSA-N,O=C(/C=C/c1ccccc1)NCCO,Idrocilamide,0,med,1.0
RCKMWOKWVGPNJF-UHFFFAOYSA-N,CCN(CC)C(=O)N1CCN(C)CC1,DIETHYLCARBAMAZINE,1,high,2.0
MWKVXOJATACCCH-UHFFFAOYSA-N,CCOC(=O)C1=NOC(c2ccccc2)(c2ccccc2)C1,,0,med,1.0
PVNIQBQSYATKKL-UHFFFAOYSA-N,CCCCCCCCCCCCCCCC(=O)OCC(COC(=O)CCCCCCCCCCCCCCC)OC(=O)CCCCCCCCCCCCCCC,,0,med,1.0
RGCKGOZRHPZPFP-UHFFFAOYSA-N,O=C1c2ccccc2C(=O)c2c1ccc(O)c2O,,1,med,1.0
WJYIASZWHGOTOU-UHFFFAOYSA-N,CCCCCCCN,,0,med,1.0
PTFJIKYUEPWBMS-UHFFFAOYSA-N,C=C(C)CN(CC)c1c([N+](=O)[O-])cc(C(F)(F)F)cc1[N+](=O)[O-],,1,med,1.0
GWNOTCOIYUNTQP-FQLXRVMXSA-N,CCCCN1C(=O)[C@@H]([C@H](O)C2CCCCC2)NC(=O)C12CCN(Cc1ccc(Oc3ccc(C(=O)O)cc3)cc1)CC2,Drug 1261,1,med,1.0
XBPCUCUWBYBCDP-UHFFFAOYSA-N,C1CCC(NC2CCCCC2)CC1,,0,med,1.0
BKZXZGWHTRCFPX-UHFFFAOYSA-N,Cc1cccc(C(C)(C)C)c1O,,0,med,1.0
KUFFULVDNCHOFZ-UHFFFAOYSA-N,Cc1ccc(O)c(C)c1,,0,med,1.0
ULDHMXUKGWMISQ-VIFPVBQESA-N,C=C(C)[C@H]1CC=C(C)C(=O)C1,,0,med,1.0
YYKBWYBUCFHYPR-UHFFFAOYSA-N,O=C(O)CCCCCCCCCCCBr,12-Bromododecanoic Acid,0,med,1.0
HZIWGOAXOBPQGY-UHFFFAOYSA-N,Cc1cccc(C)c1NC(=O)c1ccc(N)cc1,,0,med,1.0
XCZPDOCRSYZOBI-UHFFFAOYSA-N,c1cnc2c(n1)CCCC2,,0,med,1.0
CPZBLNMUGSZIPR-NVXWUHKLSA-N,O=C1c2cccc3c2[C@H](CCC3)CN1[C@@H]1CN2CCC1CC2,PALONOSETRON HYDROCHLORIDE,1,high,2.0
PYZOVVQJTLOHDG-FQEVSTJZSA-N,CN1Cc2cc(C(=O)N3CCC(C4CCNCC4)CC3)ccc2N[C@@H](CC(=O)O)C1=O,,0,med,1.0
RXNYJUSEXLAVNQ-UHFFFAOYSA-N,O=C(c1ccc(O)cc1)c1ccc(O)cc1,"4,4'-Dihydroxybenzophenone",1,med,1.0
PQLMXFQTAMDXIZ-UHFFFAOYSA-N,CCCC(=O)OCCC(C)C,,0,med,1.0
QEDJMOONZLUIMC-UHFFFAOYSA-N,C=Cc1ccc(C(C)(C)C)cc1,,0,med,1.0
DXKRGNXUIRKXNR-UHFFFAOYSA-N,Cc1c(F)cc2c(=O)c(C(=O)O)cn3c2c1CCC3C,,0,med,1.0
BUDQDWGNQVEFAC-UHFFFAOYSA-N,C1=COCCC1,,0,med,1.0
OPKOKAMJFNKNAS-UHFFFAOYSA-N,CNCCO,,0,med,1.0
UBUCNCOMADRQHX-UHFFFAOYSA-N,O=NN(c1ccccc1)c1ccccc1,,0,med,1.0
WRJPSSPFHGNBMG-UHFFFAOYSA-N,CC(=O)OC1CN2CCC1CC2,aceclidine,0,med,1.0
GBDZXPJXOMHESU-UHFFFAOYSA-N,Clc1ccc(Cl)c(Cl)c1Cl,,0,med,1.0
LBHIOVVIQHSOQN-UHFFFAOYSA-N,O=C(NCCO[N+](=O)[O-])c1cccnc1,nicorandil,0,med,1.0
ACOBBFVLNKYODD-UHFFFAOYSA-N,COC(=O)C=C(C)CCC=C(C)C,,0,med,1.0
IHRPDXFOMLCPIK-UHFFFAOYSA-N,C[N+](C)(C)CCOC(=O)C(O)(c1ccccc1)c1ccccc1,,0,med,1.0
AMIMRNSIRUDHCM-UHFFFAOYSA-N,CC(C)C=O,,0,med,1.0
SJIXRGNQPBQWMK-UHFFFAOYSA-N,C=C(C)C(=O)OCCN(CC)CC,,0,med,1.0
YGNXYFLJZILPEK-UHFFFAOYSA-N,ON=C1CCCC1,,0,med,1.0
XMGQYMWWDOXHJM-SNVBAGLBSA-N,C=C(C)[C@@H]1CC=C(C)CC1,,0,med,1.0
QIVBCDIJIAJPQS-VIFPVBQESA-N,N[C@@H](Cc1c[nH]c2ccccc12)C(=O)O,,1,med,1.0
DLTWBMHADAJAAZ-UHFFFAOYSA-N,CC(C)(C)C1CCCCC1O,,0,med,1.0
SJDACOMXKWHBOW-UHFFFAOYSA-N,O=C1Nc2ccccc2C1(c1ccc(O)cc1)c1ccc(O)cc1,Oxyphenisatin,1,med,1.0
IKYIXZSIKOYSLD-UHFFFAOYSA-N,O=C(O)C(Cc1cc(I)c(O)c(I)c1)c1ccccc1,pheniodol sodium,0,med,1.0
OCOKWVBYZHBHLU-UHFFFAOYSA-N,CC(C)COC(=O)OCN1C(=O)CN(CCN2CC(=O)N(COC(=O)OCC(C)C)C(=O)C2)CC1=O,sobuzoxane,1,med,1.0
DYCLHZPOADTVKK-UHFFFAOYSA-N,Nc1nc(CC(=O)O)cs1,,0,med,1.0
OIJHFHYPXWSVPF-UHFFFAOYSA-N,O=Nc1ccc(Nc2ccccc2)cc1,,1,med,1.0
MCOQHIWZJUDQIC-UHFFFAOYSA-N,O=C(Nc1cccc(Cl)c1)OCC#CCCl,,1,med,1.0
OSOUNOBYRMOXQQ-UHFFFAOYSA-N,Cc1cccc(Cl)c1,,0,med,1.0
IYMLUHWAJFXAQP-UHFFFAOYSA-N,Cc1c(C(=O)c2cnn(C)c2O)ccc(S(C)(=O)=O)c1C1=NOCC1,,0,med,1.0
HOYRZHJJAHRMLL-UHFFFAOYSA-N,Cc1cc([N+](=O)[O-])c(O)c([N+](=O)[O-])c1,,1,med,1.0
RZESKRXOCXWCFX-UHFFFAOYSA-N,CNC(=O)CN(CCN(CCN(CC(=O)O)CC(=O)NC)CC(=O)O)CC(=O)O,"Gadolinium,[5,8-bis[(carboxy-kO)methyl]-11-[2-(methylamino)-2-(oxo-kO)ethyl]-3-(oxo-kO)-2,5,8,11-tetraazatridecan-13-oato(3-)-kN5,kN8,kN11,kO13]-",0,med,1.0
HWIGZMADSFQMOI-UHFFFAOYSA-N,COC(=O)COc1ccc(Cl)cc1Cl,,0,med,1.0
ULHFFAFDSSHFDA-UHFFFAOYSA-N,CCOc1ccccc1N,,1,med,1.0
XHZPRMZZQOIPDS-UHFFFAOYSA-N,C=CC(=O)NC(C)(C)CS(=O)(=O)O,,1,med,1.0
KOKXXPKAPFSRCR-UHFFFAOYSA-N,Cn1c(=O)cc(Oc2ccc(F)cc2F)c2cnc(NCC(C)(C)O)nc21,,1,med,1.0
GCKFUYQCUCGESZ-BPIQYHPVSA-N,C#C[C@]1(O)CC[C@H]2[C@@H]3CCC4=CC(=O)CC[C@@H]4[C@H]3C(=C)C[C@@]21CC,ETONOGESTREL,1,high,2.0
RHSBIGNQEIPSCT-UHFFFAOYSA-N,CCCCCCCCCCCCCCCCCC#N,,0,med,1.0
YMWQIYMUNZBOOV-DOZYEWNNSA-N,CCCCC/C=C\CCC(=O)N[C@H]1[C@H](Oc2c3cc4cc2Oc2ccc(cc2Cl)[C@@H](O[C@@H]2O[C@H](CO)[C@@H](O)[C@H](O)[C@H]2NC(C)=O)[C@@H]2NC(=O)[C@H](NC(=O)[C@@H]4NC(=O)[C@H]4NC(=O)[C@@H](Cc5ccc(c(Cl)c5)O3)NC(=O)[C@@H](N)c3ccc(O)c(c3)Oc3cc(O)cc4c3)c3ccc(O)c(c3)-c3c(O[C@H]4O[C@H](CO)[C@@H](O)[C@H](O)[C@@H]4O)cc(O)cc3[C@H](C(=O)O)NC2=O)O[C@H](CO)[C@@H](O)[C@@H]1O,,0,med,1.0
YIMQCDZDWXUDCA-UHFFFAOYSA-N,OCC1CCC(CO)CC1,,0,med,1.0
PHVGLTMQBUFIQQ-UHFFFAOYSA-N,CNCCC=C1c2ccccc2CCc2ccccc21,Nortriptyline hydrochloride,1,high,2.0
QWUWMCYKGHVNAV-UHFFFAOYSA-N,c1ccc(CCc2ccccc2)cc1,,0,med,1.0
PIEXCQIOSMOEOU-UHFFFAOYSA-N,CC1(C)C(=O)N(Cl)C(=O)N1Br,,0,med,1.0
MWVTWFVJZLCBMC-UHFFFAOYSA-N,c1cc(-c2ccncc2)ccn1,,0,med,1.0
PAYRUJLWNCNPSJ-UHFFFAOYSA-N,Nc1ccccc1,Aniline,0,med,1.0
NHZMQXZHNVQTQA-UHFFFAOYSA-N,Cc1ncc(CO)c(CN)c1O,Pyridoxamine,0,med,1.0
SFJRUJUEMVAZLM-UHFFFAOYSA-N,CC(C)(C)OCC1CO1,,0,med,1.0
OSORMYZMWHVFOZ-UHFFFAOYSA-N,O=C(OCCc1ccccc1)c1ccccc1,,0,med,1.0
SFNALCNOMXIBKG-UHFFFAOYSA-N,CCCCCCCCCCCCOCCO,,1,med,1.0
FZSVSABTBYGOQH-UHFFFAOYSA-N,CNC(=O)ON=C(CSC)C(C)(C)C,,0,med,1.0
GHXZTYHSJHQHIJ-UHFFFAOYSA-N,N=C(NCCCCCCNC(=N)NC(=N)Nc1ccc(Cl)cc1)NC(=N)Nc1ccc(Cl)cc1,Drug 202,1,high,2.0
ZNSMNVMLTJELDZ-UHFFFAOYSA-N,ClCCOCCCl,,0,med,1.0
PXBWCOGDYXMWMC-UHFFFAOYSA-N,CCOc1cc(OCC)c(C(C)=O)cc1OCC,,0,med,1.0
LKUDPHPHKOZXCD-UHFFFAOYSA-N,COc1cc(OC)cc(OC)c1,,0,med,1.0
BJEPYKJPYRNKOW-UHFFFAOYSA-N,O=C(O)CC(O)C(=O)O,Malic Acid,0,med,1.0
QQJLHRRUATVHED-UHFFFAOYSA-N,c1cc2c(c(NC3=NCCN3)c1)CCCC2,tramazoline,0,med,1.0
PAKCOSURAUIXFG-UHFFFAOYSA-N,C=CCOCC(O)CO,,0,med,1.0
RYHBNJHYFVUHQT-UHFFFAOYSA-N,C1COCCO1,"1,4-Dioxane",0,med,1.0
FNZDMJUSJBQBQL-UHFFFAOYSA-N,CCN(CC)c1cc2[o+]c3cc(N(CC)CC)c(C)cc3c(-c3ccc(S(=O)(=O)O)cc3S(=O)(=O)[O-])c2cc1C,,0,med,1.0
VTLYFUHAOXGGBS-UHFFFAOYSA-N,[Fe+3],Iron chloride (FeCl3),0,med,1.0
AMKVXSZCKVJAGH-UHFFFAOYSA-N,CNS(=O)(=O)CCc1ccc2[nH]cc(C3CCN(C)CC3)c2c1,NARATRIPTAN,1,high,2.0
SEILKFZTLVMHRR-UHFFFAOYSA-N,C=C(C)C(=O)OCCOP(=O)(O)O,,0,med,1.0
IVYWWAJPFURBOQ-UHFFFAOYSA-N,O=C(CCS)NCCCNc1c2c(nc3ccccc13)CCCC2,CHEMBL2036259,0,med,1.0
HDDSHPAODJUKPD-UHFFFAOYSA-N,COC(=O)Nc1nc2cc(Sc3ccccc3)ccc2[nH]1,fenbendazole,1,med,1.0
YUBJPYNSGLJZPQ-UHFFFAOYSA-N,CSC(=O)c1c(C(F)F)nc(C(F)(F)F)c(C(=O)SC)c1CC(C)C,Dithiopyr,0,med,1.0
VFKZTMPDYBFSTM-KVTDHHQDSA-N,O[C@@H]([C@H](O)[C@H](O)CBr)[C@H](O)CBr,mitobronitol,0,med,1.0
HVCATJDIMKDNQF-UHFFFAOYSA-N,Clc1ccc(-c2cc(-c3cn(-c4ccccc4)nc3-c3ccc(OCc4ccccc4)cc3)on2)cc1,CHEMBL4440931,1,med,1.0
OEJNXTAZZBRGDN-UHFFFAOYSA-N,C=C1C(CCl)(CCl)C2(Cl)C(Cl)C(Cl)C1(Cl)C2(Cl)Cl,,1,med,1.0
OCAXFDULERPAJM-UHFFFAOYSA-N,CN1C2CCC1CC(OC(c1ccccc1)c1ccc(Cl)cc1)C2,,1,med,1.0
XQPZQXTWYZAXAK-UHFFFAOYSA-N,CCCC(=O)OCCC(C)CCC=C(C)C,,0,med,1.0
COBPKKZHLDDMTB-UHFFFAOYSA-N,CCCCOCCOCCOCCO,,1,med,1.0
CVKMFSAVYPAZTQ-UHFFFAOYSA-N,CCCCC(C)C(=O)O,,0,med,1.0
OALHHIHQOFIMEF-UHFFFAOYSA-N,O=C1OC2(c3ccccc31)c1cc(I)c(O)c(I)c1Oc1c2cc(I)c(O)c1I,,1,med,1.0
RDYMFSUJUZBWLH-UHFFFAOYSA-N,O=S1OCC2C(CO1)C1(Cl)C(Cl)=C(Cl)C2(Cl)C1(Cl)Cl,,1,med,1.0
RUZYUOTYCVRMRZ-UHFFFAOYSA-N,COc1cc2nc(N3CCN(C(=O)C4COc5ccccc5O4)CC3)nc(N)c2cc1OC,Doxazosin mesylate,1,high,2.0
RLFWWDJHLFCNIJ-UHFFFAOYSA-N,Cc1c(N)c(=O)n(-c2ccccc2)n1C,,0,med,1.0
KQPIFPBKXYBDGV-UHFFFAOYSA-M,CC[Sn](Br)(CC)CC,,1,med,1.0
YWIJRJQYADFRTL-UHFFFAOYSA-N,CCC(=O)OCc1ccc(OC)cc1,,0,med,1.0
FWCBATIDXGJRMF-FLNNQWSLSA-N,CC1(C)OC[C@@H]2O[C@@]3(C(=O)O)OC(C)(C)O[C@H]3[C@@H]2O1,,0,med,1.0
LLYXJBROWQDVMI-UHFFFAOYSA-N,Cc1ccc([N+](=O)[O-])cc1Cl,,0,med,1.0
OQMBBFQZGJFLBU-UHFFFAOYSA-N,CCOc1cc(Oc2ccc(C(F)(F)F)cc2Cl)ccc1[N+](=O)[O-],,1,med,1.0
RXXCIBALSKQCAE-UHFFFAOYSA-N,CC(C)CCOCc1ccccc1,,0,med,1.0
JURKNVYFZMSNLP-UHFFFAOYSA-N,CN(C)CCC=C1c2ccccc2C=Cc2ccccc21,Cyclobenzaprine hydrochloride,1,high,2.0
WFWLQNSHRPWKFK-UHFFFAOYSA-N,O=c1[nH]c(=O)n(C2CCCO2)cc1F,tegafur,0,med,1.0
VXUVVFFRFRITPE-UHFFFAOYSA-N,CN(CCCCCCCCCCN(C)C(=O)Oc1ccccc1[N+](C)(C)C)C(=O)Oc1ccccc1[N+](C)(C)C,,0,med,1.0
JKRZOJADNVOXPM-UHFFFAOYSA-N,CCCCOC(=O)C(=O)OCCCC,,0,med,1.0
TWBPWBPGNQWFSJ-UHFFFAOYSA-N,Nc1ccccc1-c1ccccc1,,0,med,1.0
XARCCBKWQPACEO-UHFFFAOYSA-N,O=C(O)c1ccc(OCCN2CCCCC2)cc1,,0,med,1.0
NNDOHYGFLASMFR-UHFFFAOYSA-N,CCCC(CCC)(C(=O)OCC)C(=O)OCC,,0,med,1.0
AOJOEFVRHOZDFN-UHFFFAOYSA-N,C=C(C)C(=O)OCc1ccccc1,,0,med,1.0
CYIGRWUIQAVBFG-UHFFFAOYSA-N,C=COCCOCCOCCOC=C,,0,med,1.0
JSJCTEKTBOKRST-UHFFFAOYSA-N,CC(C)(C)NCC(O)c1cc(Cl)c(N)c(C(F)(F)F)c1,mabuterol,0,med,1.0
CVLHGLWXLDOELD-UHFFFAOYSA-N,CC(C)c1ccc(S(=O)(=O)O)cc1,,0,med,1.0
KJPRLNWUNMBNBZ-QPJJXVBHSA-N,O=C/C=C/c1ccccc1,Cinnamaldehyde,0,med,1.0
SMNDYUVBFMFKNZ-UHFFFAOYSA-N,O=C(O)c1ccco1,,0,med,1.0
FPVKHBSQESCIEP-JQCXWYLXSA-N,OC[C@H]1O[C@@H](n2cnc3c2NC=NC[C@H]3O)C[C@@H]1O,Drug 376,1,med,1.0
QVRBGKYLLCLCHL-UHFFFAOYSA-N,CC1C=CC=C1,,0,med,1.0
XYLMUPLGERFSHI-UHFFFAOYSA-N,C=C(C)c1ccccc1,,0,med,1.0
GOKKOFHHJFGZHW-UHFFFAOYSA-N,CCCCCCOC(=O)CC,,0,med,1.0
UURAUHCOJAIIRQ-OTIUGTKVSA-N,C=C[C@]1(C)C[C@@H](OC(=O)CSCCN(CC)CC)[C@]2(C)C(C)CC[C@]3(CCC(=O)[C@H]32)[C@@H](C)[C@@H]1O,,0,med,1.0
MXUNKHLAEDCYJL-UHFFFAOYSA-N,Cc1cccc(N2CC(CO)OC2=O)c1,TOLOXATONE,1,med,1.0
PFJJMJDEVDLPNE-UHFFFAOYSA-N,CC1COc2ccccc2N1C(=O)C(Cl)Cl,,1,med,1.0
KAATUXNTWXVJKI-WSTZPKSXSA-N,CC1(C)[C@H](C=C(Cl)Cl)[C@@H]1C(=O)O[C@@H](C#N)c1cccc(Oc2ccccc2)c1,,0,med,1.0
CMDKPGRTAQVGFQ-UHFFFAOYSA-N,CCOCCOC(=O)C=Cc1ccc(OC)cc1,,0,med,1.0
WQSAZRPEGPROCC-KRWDZBQOSA-N,CCOC(=O)c1c(S(=O)(=O)N2CCC[C@H](C(=O)Nc3ccc(F)c(C)c3)C2)c(C)n(CC(F)(F)F)c1C,CHEMBL5428559,0,med,1.0
HRBKVYFZANMGRE-UHFFFAOYSA-N,COP(=S)(OC)Oc1nc(Cl)c(Cl)cc1Cl,,1,med,1.0
ZAKRMJAETCUYKK-UHFFFAOYSA-N,Cc1ccc2c(n1)Oc1ccc(C(C)C(=O)OCC(=O)N(C)C)cc1C2,,0,med,1.0
LNBQBURECUEBKZ-UHFFFAOYSA-N,COC(=O)C(Cl)C(=O)OC,,1,med,1.0
NUJGJRNETVAIRJ-UHFFFAOYSA-N,CCCCCCCC=O,,0,med,1.0
YMBFWRZKTZICHS-UHFFFAOYSA-N,Clc1nc(C(Cl)(Cl)Cl)c(Cl)c(Cl)c1Cl,,1,med,1.0
PXWLVJLKJGVOKE-UHFFFAOYSA-N,Cc1c(C(C)C)c(=O)n(-c2ccccc2)n1C,CHEMBL28318,1,high,2.0
KMOUUZVZFBCRAM-UHFFFAOYSA-N,O=C1OC(=O)C2CC=CCC12,,0,med,1.0
YKAWCFBMPUHDIC-UHFFFAOYSA-N,CC(C)CC(C)CC(C)CC(C)COC(=O)c1ccccc1C(=O)OCC(C)CC(C)CC(C)CC(C)C,,0,med,1.0
MVWHGTYKUMDIHL-UHFFFAOYSA-N,Clc1cc(Cl)c(-c2cc(Cl)c(Cl)cc2Cl)cc1Cl,,0,med,1.0
BHIIGRBMZRSDRI-UHFFFAOYSA-N,O=P(Cl)(Oc1ccccc1)Oc1ccccc1,,0,med,1.0
ZFZPJDFBJFHYIV-UHFFFAOYSA-N,O=C1CC2(CCCC2)CC(=O)N1CCCCN1CCN(c2nsc3ccccc23)CC1,CHEMBL35057,1,med,1.0
LLJDJQYGZBQFIF-FLIBITNWSA-N,C/C(=C1\CCOC(=O)S1)N(C=O)Cc1cnc(C)nc1N,,0,med,1.0
XWALNWXLMVGSFR-HLXURNFRSA-N,C[C@]12C=CC(=O)C=C1CC[C@@H]1[C@@H]2CC[C@@]2(C)[C@H]1CC[C@]2(C)O,CHEMBL1418176,1,high,2.0
RAAGZOYMEQDCTD-UHFFFAOYSA-N,O=C(Cl)c1ccccc1F,,0,med,1.0
AFKMHDZOVNDWLO-UHFFFAOYSA-N,OC1CCC(C2CCCCC2)CC1,,0,med,1.0
RGLLOUBXMOGLDQ-IVEVATEUSA-N,C[C@]12Cc3nonc3C[C@@H]1CC[C@@H]1[C@@H]2CC[C@@]2(C)[C@H]1CC[C@]2(C)O,Furazabol,0,med,1.0
HUNIPYLVUPMFCZ-UHFFFAOYSA-N,CCN(CC)CCNC(=O)COc1ccc(OC)cc1,mefexamide,0,med,1.0
AITNMTXHTIIIBB-UHFFFAOYSA-N,Fc1ccc(Br)cc1,,0,med,1.0
DJKGDNKYTKCJKD-UHFFFAOYSA-N,O=C(O)C1C(C(=O)O)C2(Cl)C(Cl)=C(Cl)C1(Cl)C2(Cl)Cl,,0,med,1.0
MMUMZMIKZXSFSD-ADSVITMPSA-N,COC(=O)[C@H]1[C@H]2C[C@@H]3c4[nH]c5cc(OC)ccc5c4CCN3C[C@H]2C[C@@H](OC(=O)/C=C/c2ccc(O)c(OC)c2)[C@@H]1OC,rescimetol,0,med,1.0
CFOYBMUYCBSDAL-UHFFFAOYSA-N,O=C1CSC2(CCN(CCCN3c4ccccc4Sc4ccc(Cl)cc43)CC2)N1,spiclomazine,1,med,1.0
FZXISNSWEXTPMF-UHFFFAOYSA-N,CCNc1nc(Cl)nc(NC(C)(C)C)n1,,0,med,1.0
VXIMPSPISRVBPZ-NWUMPJBXSA-N,CC(=O)[C@@]1(O)CC[C@H]2[C@@H]3C=C(C)C4=CC(=O)CC[C@]4(C)[C@H]3CC[C@@]21C,Megestrol,1,med,1.0
VLSVVMPLPMNWBH-UHFFFAOYSA-N,CCCC1CCC(=O)O1,,0,med,1.0
IBALRBWGSVJPAP-HEHNFIMWSA-N,NC(=O)CCC/N=C(\c1ccc(Cl)cc1)c1cc(F)ccc1O,CHEMBL287631,1,med,1.0
FNQQBFNIYODEMB-UHFFFAOYSA-N,Cc1cc2c(cc1S(N)(=O)=O)S(=O)(=O)CCC2,meticrane,0,med,1.0
CYQFCXCEBYINGO-IAGOWNOFSA-N,CCCCCc1cc(O)c2c(c1)OC(C)(C)[C@@H]1CCC(C)=C[C@@H]21,DRONABINOL,1,med,1.0
TZYRSLHNPKPEFV-UHFFFAOYSA-N,CCC(CC)CO,,0,med,1.0
JACMPVXHEARCBO-UHFFFAOYSA-N,CCCCCNCCCCC,,0,med,1.0
YZMCKZRAOLZXAZ-UHFFFAOYSA-N,Cc1cc(NS(=O)(=O)c2ccc(N)cc2)nc(C)n1,CHEMBL485696,1,high,2.0
NKHAVTQWNUWKEO-IHWYPQMZSA-N,COC(=O)/C=C\C(=O)O,,1,med,1.0
WXURHACBFYSXBI-GQKYHHCASA-N,C[C@@H]1C[C@H]2[C@@H]3C[C@H](F)C4=CC(=O)C=C[C@]4(C)[C@@]3(F)[C@@H](O)C[C@]2(C)[C@@]1(O)C(=O)CO,flumetasone,0,med,1.0
FENWEVRRFMFDBS-UHFFFAOYSA-N,O=S1(=O)Nc2c(cc(F)c(F)c2Nc2ccc(I)cc2F)OCC(O)C(O)CC12CC2,CHEMBL3883792,0,med,1.0
WBPYTXDJUQJLPQ-GSDFIKGFSA-N,CC[C@H]1OC(=O)C[C@@H](O)[C@H](C)[C@@H](O[C@@H]2O[C@H](C)[C@@H](O[C@H]3C[C@@](C)(O)[C@@H](O)[C@H](C)O3)[C@H](N(C)C)[C@H]2O)[C@@H](CC=O)C[C@@H](C)C(=O)C=CC(C)=C[C@@H]1CO[C@@H]1O[C@H](C)[C@@H](O)[C@@H](OC)[C@H]1OC,,0,med,1.0
VYVKHNNGDFVQGA-UHFFFAOYSA-N,CCN(CCCCOC(=O)c1ccc(OC)c(OC)c1)C(C)Cc1ccc(OC)cc1,mebeverine,0,med,1.0
UZHSEJADLWPNLE-GRGSLBFTSA-N,C=CCN1CC[C@]23c4c5ccc(O)c4O[C@H]2C(=O)CC[C@@]3(O)[C@H]1C5,NALOXONE,0,med,1.0
RHQDFWAXVIIEBN-UHFFFAOYSA-N,OCC(F)(F)F,"2,2,2-Trifluoroethanol",0,med,1.0
AOXRBFRFYPMWLR-XGXHKTLJSA-N,CC[C@]1(O)CC[C@H]2[C@@H]3CCC4=CCCC[C@@H]4[C@H]3CC[C@@]21C,ETHYLESTRENOL,0,med,1.0
FALCMQXTWHPRIH-UHFFFAOYSA-N,C=C(Cl)CCl,,0,med,1.0
OYNVHVAEOLJJPV-UHFFFAOYSA-N,CCC(C)(C)C(=O)OC1=C(c2cc(Cl)cc(Cl)c2)C(=O)OC12CCCCC2,,1,med,1.0
YZOFLYUAQDJWKV-UHFFFAOYSA-N,N#CC(C#N)=Cc1cc(O)c(O)c(O)c1,,0,med,1.0
GIAFURWZWWWBQT-UHFFFAOYSA-N,NCCOCCO,,0,med,1.0
WOZSCQDILHKSGG-UHFFFAOYSA-N,CC(C)(C)C(=O)OCOP(=O)(COCCn1cnc2c(N)ncnc21)OCOC(=O)C(C)(C)C,Adefovir dipivoxil,1,med,1.0
XQUPVDVFXZDTLT-UHFFFAOYSA-N,O=C1C=CC(=O)N1c1ccc(Cc2ccc(N3C(=O)C=CC3=O)cc2)cc1,,1,med,1.0
ZOJBYZNEUISWFT-UHFFFAOYSA-N,C=CCN=C=S,,0,med,1.0
NTHPAPBPFQJABD-LLVKDONJSA-N,Cn1cc(C(=O)[C@@H]2CCc3[nH]cnc3C2)c2ccccc21,RAMOSETRON,0,med,1.0
QTGAJCQTLIRCFL-UHFFFAOYSA-N,CCN(CC)CC(=O)Oc1ccc(NC(C)=O)cc1,propacetamol,1,high,2.0
QXDAEKSDNVPFJG-UHFFFAOYSA-N,CCOc1ccc(N=C(C)Nc2ccc(OCC)cc2)cc1,phenacaine,0,med,1.0
HBQPGVWPSQGTJK-TWELXNIESA-N,C=C1C(C)(C)[C@@]2(Cl)C(Cl)[C@]1(Cl)C(Cl)(Cl)C2(Cl)Cl,,1,med,1.0
FSCWZHGZWWDELK-UHFFFAOYSA-N,C=CC1(C)OC(=O)N(c2cc(Cl)cc(Cl)c2)C1=O,,0,med,1.0
RSUVYMGADVXGOU-BUHFOSPRSA-N,CN(C)CCCSc1ccccc1NC(=O)/C=C/c1ccccc1,,0,med,1.0
WVLHGCRWEHCIOT-UHFFFAOYSA-N,c1cc2c(c(N3CCNCC3)c1)OCCO2,Eltoprazine,0,med,1.0
HYVWIQDYBVKITD-UHFFFAOYSA-N,Cc1ccc(N(SC(F)(Cl)Cl)S(=O)(=O)N(C)C)cc1,,1,med,1.0
POPFMWWJOGLOIF-XWCQMRHXSA-N,CC1(C)O[C@@H]2C[C@H]3[C@@H]4C[C@H](F)C5=CC(=O)CC[C@]5(C)[C@H]4[C@@H](O)C[C@]3(C)[C@]2(C(=O)CO)O1,FLURANDRENOLIDE,0,med,1.0
BWLBGMIXKSTLSX-UHFFFAOYSA-N,CC(C)(O)C(=O)O,,0,med,1.0
LJFWQNJLLOFIJK-UHFFFAOYSA-N,Cc1ccc(Nc2ccc(O)c3c2C(=O)c2ccccc2C3=O)cc1,,1,med,1.0
OJUZRFGUKHQNJX-UHFFFAOYSA-N,Cc1ccc(OP(=O)(Oc2ccccc2)Oc2ccccc2)cc1,,1,med,1.0
PETRWTHZSKVLRE-UHFFFAOYSA-N,COc1cc(C)ccc1O,,0,med,1.0
MELGLHXCBHKVJG-UHFFFAOYSA-N,CCCCCCCC[N+](C)(C)CCCCCCCC,Dioctyldimonium,1,med,1.0
ZBMZVLHSJCTVON-UHFFFAOYSA-N,CC(C)NCC(O)c1ccc(NS(C)(=O)=O)cc1,SOTALOL,0,med,1.0
JLIDVCMBCGBIEY-UHFFFAOYSA-N,C=CC(=O)CC,,0,med,1.0
CWNSVVHTTQBGQB-UHFFFAOYSA-N,CCCCCCCCCCCC(=O)N(CC)CC,,0,med,1.0
QTXJZJZOAMAASP-UHFFFAOYSA-N,COc1cc(OC)c(C2CC(c3ccc(-c4ccccc4)cc3)=NN2C(=O)c2ccccc2)c(OC)c1,CHEMBL403438,0,med,1.0
AKCRQHGQIJBRMN-UHFFFAOYSA-N,Nc1ccccc1Cl,,0,med,1.0
GBFLZEXEOZUWRN-UHFFFAOYSA-N,NC(CSCC(=O)O)C(=O)O,,0,med,1.0
QNLZIZAQLLYXTC-UHFFFAOYSA-N,Cc1ccc2ccccc2c1C,,0,med,1.0
AIGDHFJPKNZUOR-UHFFFAOYSA-N,O=C1CCCc2c1cc1ccc3cccc4ccc2c1c34,,1,med,1.0
WJIWWKMTCQJEPQ-UHFFFAOYSA-N,COc1cc2c(cc1OC)C(=O)C(CC1CCN(Cc3ccccc3F)CC1)C2,CHEMBL3943450,0,med,1.0
PSIFNNKUMBGKDQ-UHFFFAOYSA-N,CCCCc1nc(Cl)c(CO)n1Cc1ccc(-c2ccccc2-c2nnn[nH]2)cc1,Losartan potassium,0,med,1.0
HPGGPRDJHPYFRM-UHFFFAOYSA-J,Cl[Sn](Cl)(Cl)Cl,,0,med,1.0
IPOBOOXFSRWSHL-UHFFFAOYSA-N,c1ccc(C2(c3ccccc3)CC2C2=NCCN2)cc1,cibenzoline,1,high,2.0
IBYCYJFUEJQSMK-UHFFFAOYSA-N,CCN=C1Nc2ccc(Cl)cc2C(C)(c2ccccc2)O1,Etifoxine,1,med,1.0
GSIXJEIRJVOUFB-UHFFFAOYSA-N,CCOC(=O)CC1(C)OCC(C)O1,,0,med,1.0
DPHCXXYPSYMICK-UHFFFAOYSA-N,O=[N+]([O-])c1ccc(F)c(Cl)c1,,0,med,1.0
GRWFGVWFFZKLTI-UHFFFAOYSA-N,CC1=CCC2CC1C2(C)C,(+-)-alpha-Pinene,0,med,1.0
AKNQMEBLVAMSNZ-UHFFFAOYSA-N,Clc1ccc(C2(Cn3cncn3)OCCO2)c(Cl)c1,,0,med,1.0
REFJWTPEDVJJIY-UHFFFAOYSA-N,O=c1c(O)c(-c2ccc(O)c(O)c2)oc2cc(O)cc(O)c12,quercetin,1,med,1.0
JFPVXVDWJQMJEE-QMTHXVAHSA-N,CON=C(C(=O)N[C@@H]1C(=O)N2C(C(=O)O)=C(COC(N)=O)CS[C@H]12)c1ccco1,,0,med,1.0
LMJSLTNSBFUCMU-UHFFFAOYSA-N,NS(=O)(=O)c1cc2c(cc1Cl)NC(C(Cl)Cl)NS2(=O)=O,TRICHLORMETHIAZIDE,1,high,2.0
CYTYCFOTNPOANT-UHFFFAOYSA-N,ClC(Cl)=C(Cl)Cl,tetrachloroethylene,0,med,1.0
FCCNSUIJIOOXEZ-SJYYZXOBSA-N,O=S(=O)(O)O[C@@H]1[C@@H](OS(=O)(=O)O)[C@H](O[C@@H]2CO[C@@H](O)[C@H](OS(=O)(=O)O)[C@H]2OS(=O)(=O)O)OC[C@H]1O,Xylan Sulfate,1,med,1.0
UUIQMZJEGPQKFD-UHFFFAOYSA-N,CCCC(=O)OC,,0,med,1.0
XPCFTKFZXHTYIP-PMACEKPBSA-N,CCOC(=O)[C@H](CCc1ccccc1)N[C@H]1CCc2ccccc2N(CC(=O)O)C1=O,Drug 1320,1,high,2.0
QGWIQIAWOCJRPI-WSCVWKGISA-N,COc1ccc2cc(S(=O)(=O)N[C@H](CC(=O)N[C@H](Cc3ccc(CN4[C@H](C)CCC[C@@H]4C)cc3)C(=O)N(C)C(C)C)c3ccc4c(c3)OCO4)ccc2c1,,1,med,1.0
WWCSTJWKTAXUGJ-UHFFFAOYSA-N,Oc1ccc(C2(c3ccc(O)cc3)CC3CC2C2CCCC32)cc1,,1,med,1.0
UWKQSNNFCGGAFS-XIFFEERXSA-N,CCc1c2c(nc3ccc(OC(=O)N4CCC(N5CCCCC5)CC4)cc13)-c1cc3c(c(=O)n1C2)COC(=O)[C@]3(O)CC,Drug 1154,1,med,1.0
MBDNRNMVTZADMQ-UHFFFAOYSA-N,O=S1(=O)CC=CC1,,0,med,1.0
RYJXBGGBZJGVQF-UHFFFAOYSA-N,C=CCN1CCCC1CNC(=O)c1cc(S(N)(=O)=O)cc(OC)c1OC,,0,med,1.0
VACCAVUAMIDAGB-UHFFFAOYSA-N,Cc1nnc(NS(=O)(=O)c2ccc(N)cc2)s1,Sulfamethizole,0,med,1.0
DYRDKSSFIWVSNM-UHFFFAOYSA-N,CC(=O)CC(=O)Nc1ccccc1,,0,med,1.0
CEIJFEGBUDEYSX-FZDBZEDMSA-N,O=C1[C@@H]2[C@H]3CC[C@H](C3)[C@@H]2C(=O)N1CCCCN1CCN(c2ncccn2)CC1,tandospirone,0,med,1.0
MINYPECWDZURGR-UHFFFAOYSA-N,Cc1c(C)c([N+](=O)[O-])c(C(C)(C)C)c([N+](=O)[O-])c1C,,0,med,1.0
VMMDOCYDNRLESP-UHFFFAOYSA-N,CC(=O)Nc1ccc(C(=O)CCl)cc1,,1,med,1.0
JTVLYHXMPUSZIT-VKAVYKQESA-N,CCCCN/C(=C1/C=C(Cl)C=CC1=O)c1ccccc1Cl,CHEMBL3137681,1,med,1.0
RLKSQLJFGCDUOX-UHFFFAOYSA-N,CC(C)(C)c1ccc(C(=O)CCCCl)cc1,,0,med,1.0
XOAAWQZATWQOTB-UHFFFAOYSA-N,NCCS(=O)(=O)O,taurine,1,med,1.0
GWIAAIUASRVOIA-UHFFFAOYSA-N,Nc1ccc2ccccc2c1S(=O)(=O)O,,1,med,1.0
AHXGXXJEEHFHDK-UHFFFAOYSA-N,Oc1ccc2cc(SSc3ccc4cc(O)ccc4c3)ccc2c1,,1,med,1.0
ULFRLSNUDGIQQP-UHFFFAOYSA-N,CN(C)CCc1c[nH]c2ccc(Cn3cncn3)cc12,RIZATRIPTAN,0,med,1.0
NRXQIUSYPAHGNM-UHFFFAOYSA-N,N#Cc1cc(I)c(O)c(I)c1,,1,med,1.0
PQYZFGLAQVCFND-VLFSIVLRSA-N,Cc1cn([C@@H]2O[C@@]3(COP(O)(=S)O[C@H]4[C@H]5OC[C@]4(COP(O)(=S)O[C@@H]4[C@H](O)[C@@H](COP(O)(=S)O[C@H]6[C@@H](O)[C@H](n7cnc8c(=O)[nH]c(N)nc87)O[C@@H]6COP(O)(=S)O[C@H]6[C@@H](O)[C@H](n7ccc(N)nc7=O)O[C@@H]6COP(O)(=S)O[C@H]6[C@@H](O)[C@H](n7ccc(N)nc7=O)O[C@@H]6COP(O)(=S)O[C@H]6C[C@H](n7cc(C)c(=O)[nH]c7=O)O[C@@H]6COP(O)(=S)O[C@H]6[C@@H](O)[C@H](n7ccc(N)nc7=O)O[C@@H]6COP(O)(=S)O[C@H]6C[C@H](n7cc(C)c(=O)[nH]c7=O)O[C@@H]6COP(O)(=S)O[C@H]6[C@@H](O)[C@H](n7cnc8c(=O)[nH]c(N)nc87)O[C@@H]6COP(O)(=S)O[C@H]6[C@@H](O)[C@H](n7cnc8c(=O)[nH]c(N)nc87)O[C@@H]6COP(O)(=S)O[C@H]6[C@@H](O)[C@H](n7cnc8c(N)ncnc87)O[C@@H]6COP(O)(=S)O[C@H]6[C@H]7OC[C@]6(COP(O)(=S)O[C@H]6[C@H]8OC[C@]6(CO)O[C@H]8n6cc(C)c(=O)[nH]c6=O)O[C@H]7n6cc(C)c(=O)[nH]c6=O)O[C@H]4n4cnc6c(N)ncnc64)O[C@H]5n4cc(C)c(=O)[nH]c4=O)CO[C@@H]2[C@@H]3O)c(=O)nc1N,CHEMBL529451,0,med,1.0
SBAJRGRUGUQKAF-UHFFFAOYSA-N,N#CCCNCCC#N,,0,med,1.0
FWJKNZONDWOGMI-UHFFFAOYSA-N,CCC1(CC)C(=O)NC(=O)N(C)C1=O,METHARBITAL,0,med,1.0
SWLMUYACZKCSHZ-UHFFFAOYSA-N,Clc1ccc(CCC(Cn2ccnc2)Sc2c(Cl)cccc2Cl)cc1,BUTOCONAZOLE,1,med,1.0
LERNTVKEWCAPOY-FPISHFTHSA-N,C[N+]1(C)[C@@H]2CC(OC(=O)C(O)(c3cccs3)c3cccs3)C[C@H]1[C@@H]1O[C@@H]12,(3H)tiotropium,0,med,1.0
ZYGHJZDHTFUPRJ-UHFFFAOYSA-N,O=c1ccc2ccccc2o1,CHEMBL6466,1,high,2.0
FEJVSJIALLTFRP-LJQANCHMSA-N,COc1cc(OC)nc(O[C@H](C(=O)O)C(OC)(c2ccccc2)c2ccccc2)n1,Darusentan,0,med,1.0
NOIIUHRQUVNIDD-UHFFFAOYSA-N,O=C(CCNNC(=O)c1ccncc1)NCc1ccccc1,Nialamide,0,med,1.0
ZWVMLYRJXORSEP-UHFFFAOYSA-N,OCCCCC(O)CO,,0,med,1.0
VOKSWYLNZZRQPF-CCKFTAQKSA-N,CC(C)=CCN1CC[C@]2(C)c3cc(O)ccc3C[C@H]1[C@H]2C,,0,med,1.0
BSHWLCACYCVCJE-UHFFFAOYSA-N,CCOC(CN1CCN(CC(C)C(=O)c2ccccc2)CC1)c1ccccc1,eprazinone,1,med,1.0
VDANGULDQQJODZ-UHFFFAOYSA-N,CCN(CC)CCOC(=O)c1ccc(N)cc1Cl,CHLOROPROCAINE HYDROCHLORIDE,0,med,1.0
OMIGHNLMNHATMP-UHFFFAOYSA-N,C=CC(=O)OCCO,,1,med,1.0
QRFIASHLIJORNJ-UHFFFAOYSA-N,COc1cccc(COC(Cn2ccnc2)c2ccc(Cl)cc2Cl)c1,CHEMBL4229113,0,med,1.0
KMWIPXLIKIAZMT-UHFFFAOYSA-N,CC(C)(C)c1cc(CCC(=O)NN)cc(C(C)(C)C)c1O,,0,med,1.0
OMWSZDODENFLSV-UHFFFAOYSA-N,O=C(c1ccccc1)c1cc(Cl)ccc1O,,1,med,1.0
JMLUECUVEMXFOZ-XGICHPGQSA-N,COc1ccc2c(c1)c(/C=C1\SC(=O)NC1=O)cn2C,CHEMBL4160653,0,med,1.0
HETCEOQFVDFGSY-UHFFFAOYSA-N,C=C(C)OC(C)=O,,0,med,1.0
MVSHGLCACIWIQM-UHFFFAOYSA-N,O=C(O)CNC(=O)c1ncc(C2=CCN(S(=O)(=O)Cc3ccc(OC(F)(F)F)cc3)CC2)cc1O,CHEMBL5193631,0,med,1.0
WSORODGWGUUOBO-UHFFFAOYSA-N,CCOC(=O)CC(SP(=O)(OC)OC)C(=O)OCC,,1,med,1.0
RHMXXJGYXNZAPX-UHFFFAOYSA-N,Cc1cc(O)c2c(c1)C(=O)c1cc(O)cc(O)c1C2=O,Emodin,1,med,1.0
NKGFIBABDQHCHZ-UHFFFAOYSA-N,CCOC(=O)CC(C(C)=O)C(C)=O,,0,med,1.0
SRZGFCNCQUMTCP-UHFFFAOYSA-N,CC(=O)OC(C)C(=O)OCC[N+](C)(C)C,aclatonium,0,med,1.0
JYNBEDVXQNFTOX-FMQUCBEESA-N,Cc1ccc(/N=N/c2c(O)c(C(=O)O)cc3ccccc23)c(S(=O)(=O)O)c1,,1,med,1.0
QSRJVOOOWGXUDY-UHFFFAOYSA-N,Cc1cc(CCC(=O)OCCOCCOCCOC(=O)CCc2cc(C)c(O)c(C(C)(C)C)c2)cc(C(C)(C)C)c1O,,1,med,1.0
YWTYJOPNNQFBPC-UHFFFAOYSA-N,O=[N+]([O-])/N=C1\NCCN1Cc1ccc(Cl)nc1,Imidacloprid,0,med,1.0
NWIBSHFKIJFRCO-WUDYKRTCSA-N,CO[C@@]12[C@H](COC(N)=O)C3=C(C(=O)C(C)=C(N)C3=O)N1C[C@@H]1N[C@@H]12,Drug 915,1,med,1.0
YPOXDUYRRSUFFG-UHFFFAOYSA-N,CCC(=O)N(c1ccccc1)C1CCN(C(C)Cc2cccs2)CC1,alpha-Methylthiofentanyl,1,med,1.0
KKFDCBRMNNSAAW-UHFFFAOYSA-N,OCCN1CCOCC1,,0,med,1.0
SPPTWHFVYKCNNK-FQEVSTJZSA-N,O=C(O)c1ccc(NC(=O)[C@H](Cc2ccc(O)cc2)NC(=O)c2ccccc2)cc1,BENTIROMIDE,0,med,1.0
NYMGNSNKLVNMIA-UHFFFAOYSA-N,CC(C)NNC(=O)c1ccncc1,Iproniazid,0,med,1.0
LCAFGJGYCUMTGS-UHFFFAOYSA-N,NCC1CC(=O)N(Cc2ccccc2)C1,CHEMBL2104682,1,med,1.0
CIFFBTOJCKSRJY-OLQVQODUSA-N,O=C1NC(=O)[C@@H]2CC=CC[C@H]12,,0,med,1.0
YVPYQUNUQOZFHG-UHFFFAOYSA-N,CC(=O)Nc1c(I)c(NC(C)=O)c(I)c(C(=O)O)c1I,DIATRIZOATE SODIUM,0,med,1.0
QNGNSVIICDLXHT-UHFFFAOYSA-N,CCc1ccc(C=O)cc1,,0,med,1.0
GAECBAMNQFGJIM-UHFFFAOYSA-N,OCCSCSCCO,,0,med,1.0
ISPVACVJFUIDPD-UHFFFAOYSA-N,O=C(O)c1cn(C2CC2)c2cc(Cl)c(F)cc2c1=O,,0,med,1.0
PQCLJXVUAWLNSV-UHFFFAOYSA-N,CC(=O)C(=O)CC(C)C,,0,med,1.0
PFIADAMVCJPXSF-UHFFFAOYSA-N,COc1cc(Cl)c(OC)cc1Cl,,0,med,1.0
LVSSAAKSMYOPLE-UHFFFAOYSA-N,COc1ccc2c3ccnc(C)c3n(CCCCOc3ccc4c5ccnc(C)c5n(CCCc5ccccc5)c4c3)c2c1,CHEMBL4169061,0,med,1.0
QLIIKPVHVRXHRI-CXSFZGCWSA-N,C[C@@H]1C[C@H]2[C@@H]3CCC4=CC(=O)C=C[C@]4(C)[C@@]3(Cl)[C@@H](O)C[C@]2(C)[C@@]1(O)C(=O)CCl,Mometasone,0,med,1.0
CSWBSLXBXRFNST-MQQKCMAXSA-N,C/C=C/C=C/CCCCCCCO,,1,med,1.0
KHPXUQMNIQBQEV-UHFFFAOYSA-N,O=C(O)CC(=O)C(=O)O,Oxaloacetate Ion,0,med,1.0
YWJXCIXBAKGUKZ-HJJNZUOJSA-N,COc1c(O)cc2c(c1O)[C@@H]1O[C@H](CO)[C@@H](O)[C@H](O)[C@H]1OC2=O,,0,med,1.0
SXYZQZLHAIHKKY-GSTUPEFVSA-N,C[C@@H]1C[C@H]2[C@@H]3C[C@H](F)C4=CC(=O)C=C[C@]4(C)[C@@]3(Cl)[C@@H](O)C[C@]2(C)[C@H]1C(=O)COC(=O)C(C)(C)C,CLOCORTOLONE PIVALATE,0,med,1.0
BQOFWKZOCNGFEC-UHFFFAOYSA-N,CC1=CCC2C(C1)C2(C)C,,0,med,1.0
ATTZFSUZZUNHBP-UHFFFAOYSA-N,CCCCCCCC[S+]([O-])C(C)Cc1ccc2c(c1)OCO2,,1,med,1.0
TVURRHSHRRELCG-UHFFFAOYSA-N,Oc1ccc(C2CNCCc3c2cc(O)c(O)c3Cl)cc1,FENOLDOPAM,0,med,1.0
KCIDXSZMKJKCSV-UHFFFAOYSA-N,CN1C(=O)N(c2ccccc2Br)Cc2cnc(Nc3ccc4c(c3)OCC(CO)O4)nc21,,1,med,1.0
MIYFJEKZLFWKLZ-UHFFFAOYSA-N,O=C(Cc1ccccc1)OCc1ccccc1,,0,med,1.0
DZLOHEOHWICNIL-QGZVFWFLSA-N,CCOC(=O)[C@@]1(CCCCCCOc2ccc(Cl)cc2)CO1,CHEMBL2051959,1,med,1.0
QPSVFNQMURAADJ-UHFFFAOYSA-N,O=C(CC(C(=O)OC1CCCCC1)S(=O)(=O)O)OC1CCCCC1,,0,med,1.0
RJWLLQWLBMJCFD-UHFFFAOYSA-N,CN1CCN(N)CC1,,0,med,1.0
YWAKXRMUMFPDSH-UHFFFAOYSA-N,C=CCCC,,0,med,1.0
IXQGCWUGDFDQMF-UHFFFAOYSA-N,CCc1ccccc1O,,0,med,1.0
IWSZDQRGNFLMJS-UHFFFAOYSA-N,CCCCN(CCO)CCCC,,0,med,1.0
YODZTKMDCQEPHD-UHFFFAOYSA-N,OCCSCCO,,0,med,1.0
KSMRODHGGIIXDV-UHFFFAOYSA-N,CC(=O)NC(CCC(N)=O)C(=O)O,,0,med,1.0
GMEONFUTDYJSNV-UHFFFAOYSA-N,CCOC(=O)CCC(C)=O,,0,med,1.0
LKCWBDHBTVXHDL-RMDFUYIESA-N,NCC[C@H](O)C(=O)N[C@@H]1C[C@H](N)[C@@H](O[C@H]2O[C@H](CN)[C@@H](O)[C@H](O)[C@H]2O)[C@H](O)[C@H]1O[C@H]1O[C@H](CO)[C@@H](O)[C@H](N)[C@H]1O,AMIKACIN,0,med,1.0
ANOOTOPTCJRUPK-UHFFFAOYSA-N,CCCCCCI,,0,med,1.0
HGBGXSPIBLZGHS-SJCJKPOMSA-N,CN[C@H]1CC[C@@H](c2ccc(Cl)c(Cl)c2)c2ccc(S(N)(=O)=O)cc21,,1,med,1.0
YMJMZFPZRVMNCH-FMIVXFBMSA-N,CC(C(O)c1ccccc1)N(C)C/C=C/c1ccccc1,,0,med,1.0
GOHPTLYPQCTZSE-UHFFFAOYSA-N,CC(C)(CC(=O)O)C(=O)O,,0,med,1.0
ZSMRRZONCYIFNB-UHFFFAOYSA-N,c1ccc2c(c1)CCc1ccccc1N2,,1,med,1.0
UCANFCXAKYMFGA-UHFFFAOYSA-N,C=CCOC(=O)c1ccccc1N,,0,med,1.0
OECPUBRNDKXFDX-UHFFFAOYSA-N,CC(C)(C)C(=O)c1ccccc1,,0,med,1.0
OMHBPUNFVFNHJK-UHFFFAOYSA-P,CC[N+](CC)(CCNC(=O)C(=O)NCC[N+](CC)(CC)Cc1ccccc1Cl)Cc1ccccc1Cl,AMBENONIUM,0,med,1.0
NJPPVKZQTLUDBO-UHFFFAOYSA-N,O=C(NC(=O)c1c(F)cccc1F)Nc1ccc(OC(F)(F)C(F)OC(F)(F)F)c(Cl)c1,,0,med,1.0
OOSYXMPLIGBCDA-UHFFFAOYSA-N,O=C(CCCCCCCCCCCCC1CCCC1)Nc1ccc(S(=O)(=O)c2ccc(NC(=O)CCCCCCCCCCCCC3CCCC3)cc2)cc1,,0,med,1.0
IRMPFYJSHJGOPE-UHFFFAOYSA-N,CCCCCc1cc(O)cc(O)c1,,1,med,1.0
CEBKHWWANWSNTI-UHFFFAOYSA-N,C#CC(C)(C)O,,0,med,1.0
VWOIKFDZQQLJBJ-DTQAZKPQSA-N,CCCCCOc1ccccc1/C(=C\SC)n1ccnc1,neticonazole,1,med,1.0
KMIPKYQIOVAHOP-YLGJWRNMSA-N,CO/N=C(\C(=O)N[C@@H]1C(=O)N2C(C(=O)O)=C(/C=C\c3scnc3C)CS[C@H]12)c1csc(N)n1,Cefditoren,1,med,1.0
PTBDIHRZYDMNKB-UHFFFAOYSA-N,CC(CO)(CO)C(=O)O,,0,med,1.0
FAKRSMQSSFJEIM-RQJHMYQMSA-N,C[C@H](CS)C(=O)N1CCC[C@H]1C(=O)O,,0,med,1.0
DZMVCVMFETWNIU-LDYMZIIASA-N,O=C(Cn1cnnn1)N[C@@H]1C(=O)N2C(C(=O)O)=C(CSc3nncs3)CS[C@H]12,ceftezole,0,med,1.0
USDXBNSCKZJDLC-UHFFFAOYSA-N,CCC(OCCCOC)OC(C)=O,,0,med,1.0
OYPPVKRFBIWMSX-SXGWCWSVSA-N,CN(C)C/C=C(/c1ccc(Br)cc1)c1cccnc1,CHEMBL37744,1,high,2.0
SVMGVZLUIWGYPH-UHFFFAOYSA-N,O=[N+]([O-])c1ccc(Oc2ccc(N=C=S)cc2)cc1,,1,med,1.0
RYOOHIUJEJZCFT-UHFFFAOYSA-N,CCN(CC)CCNC(C(=O)OCCC(C)C)c1ccccc1,camylofin,0,med,1.0
GBIHOLCMZGAKNG-CGAIIQECSA-N,CC(C)[C@H](C(=O)OC(C#N)c1cccc(Oc2ccccc2)c1)c1ccc(OC(F)F)cc1,,1,med,1.0
PSCMQHVBLHHWTO-UHFFFAOYSA-K,Cl[In](Cl)Cl,,1,med,1.0
POZRVZJJTULAOH-LHZXLZLDSA-N,C#C[C@]1(O)CC[C@H]2[C@@H]3CCC4=Cc5oncc5C[C@]4(C)[C@H]3CC[C@@]21C,Drug 473,1,med,1.0
PJEIIBXJUDOMAN-UHFFFAOYSA-N,CC(=O)Nc1ccc(C)cc1C,,0,med,1.0
SIGSPDASOTUPFS-XUDSTZEESA-N,C#C[C@]1(O)C=C[C@H]2[C@@H]3CCC4=CC(=O)CC[C@@H]4[C@H]3CC[C@@]21CC,gestodene,0,med,1.0
WKEMJKQOLOHJLZ-UHFFFAOYSA-N,CN(C)CCc1c[nH]c2ccc(CS(=O)(=O)N3CCCC3)cc12,ALMOTRIPTAN,0,med,1.0
UDGSVBYJWHOHNN-UHFFFAOYSA-N,CCN(CC)CCN,,0,med,1.0
XEEQGYMUWCZPDN-UHFFFAOYSA-N,OC(c1cc(C(F)(F)F)nc2c(C(F)(F)F)cccc12)C1CCCCN1,Mefloquine hydrochloride,1,med,1.0
ITMSAWKLJVGBIT-UHFFFAOYSA-N,CCOC(=O)NC(O)C(Cl)(Cl)Cl,carbocloral,0,med,1.0
VLKZOEOYAKHREP-UHFFFAOYSA-N,CCCCCC,,0,med,1.0
BTGNGJJLZOIYID-UHFFFAOYSA-N,CC(C)(C)C(=O)Oc1ccc(S(=O)(=O)Nc2ccccc2C(=O)NCC(=O)O)cc1,sivelestat,1,med,1.0
CXOXHMZGEKVPMT-UHFFFAOYSA-N,CN1C(=O)CC(=O)N(c2ccccc2)c2cc(Cl)ccc21,CLOBAZAM,0,med,1.0
MSIINHRFNXEONI-UHFFFAOYSA-N,Cc1ccc(-n2nc(C(=O)N3CCCCC3)c(=O)n(Cc3ccccc3)c2=O)cc1C,CHEMBL5593199,0,med,1.0
IROINLKCQGIITA-UHFFFAOYSA-N,CCNc1nc(NC(C)(C)C)nc(SC)n1,Terbutryn,1,med,1.0
ALIFPGGMJDWMJH-UHFFFAOYSA-N,c1ccc(N=NNc2ccccc2)cc1,,1,med,1.0
JFTXCEOCVAXNRJ-UHFFFAOYSA-N,COc1ccc2nc(NC(=S)NC(=O)c3ccccc3Cl)sc2c1,CHEMBL523087,0,med,1.0
YLRNESBGEGGQBK-UHFFFAOYSA-N,CC1CCCCN1CCCOC(=O)c1ccc(OC2CCCCC2)cc1,cyclomethycaine,0,med,1.0
FHHHOYXPRDYHEZ-COXVUDFISA-N,CC(=O)SC[C@@H](C)C(=O)N1CCC[C@H]1C(=O)N[C@@H](Cc1ccccc1)C(=O)O,alacepril,0,med,1.0
WEUCDJCFJHYFRL-UHFFFAOYSA-N,CN1CCCN(C(c2ccccc2)c2ccc(Cl)cc2)CC1,homochlorcyclizine,1,high,2.0
WPVFJKSGQUFQAP-GKAPJAKFSA-N,CC(C)[C@H](N)C(=O)OCC(CO)OCn1cnc2c(=O)[nH]c(N)nc21,VALGANCICLOVIR,1,high,2.0
WURGXGVFSMYFCG-UHFFFAOYSA-N,CN(C)S(=O)(=O)N(SC(F)(Cl)Cl)c1ccccc1,,1,med,1.0
HVAKUYCEWDPRCA-UHFFFAOYSA-N,COc1ccc(C=CC(=O)c2ccc(OC)cc2OC)cc1,metochalcone,1,med,1.0
DLKDEVCJRCPTLN-UHFFFAOYSA-N,CCCCN1C(=O)c2ccccc2C1=O,,0,med,1.0
WPPOGHDFAVQKLN-UHFFFAOYSA-N,CCCCCCCCN1CCCC1=O,,0,med,1.0
ZHHZHHSFKCANOC-UHFFFAOYSA-N,C=CCOC=O,allyl formate,1,med,1.0
GEKPNPPFAYJZRD-UHFFFAOYSA-N,CC(CC(=O)Cl)CC(C)(C)C,,0,med,1.0
DXPOSRCHIDYWHW-UHFFFAOYSA-N,O=C(NCCNCC(O)COc1ccc(O)cc1)N1CCOCC1,xamoterol,0,med,1.0
PXKLMJQFEQBVLD-UHFFFAOYSA-N,Oc1ccc(Cc2ccc(O)cc2)cc1,,1,med,1.0
OGSBUKJUDHAQEA-WMCAAGNKSA-N,C#CCC(Cc1cnc2nc(N)nc(N)c2n1)c1ccc(C(=O)N[C@@H](CCC(=O)O)C(=O)O)cc1,PRALATREXATE,1,high,2.0
WDZGGAFMGIOIQS-DHZHZOJOSA-N,O=C(/C=C/c1ccc([N+](=O)[O-])cc1)c1ccccc1,,0,med,1.0
CUGBBQWDGCXWNB-UHFFFAOYSA-N,CC1=NN(c2ccc(C(=O)O)cc2)C(=O)C1,,1,med,1.0
CCEYVAPCYYFRMO-UHFFFAOYSA-N,CCCCCCCCCCn1cc[n+](CCCCCCCCCC)c1C,,1,med,1.0
ARKIFHPFTHVKDT-UHFFFAOYSA-N,CC(=O)c1cccc([N+](=O)[O-])c1,,0,med,1.0
OZVBMTJYIDMWIL-AYFBDAFISA-N,CC(C)C[C@H]1C(=O)N2CCC[C@H]2[C@]2(O)O[C@](NC(=O)[C@@H]3C=C4c5cccc6[nH]c(Br)c(c56)C[C@H]4N(C)C3)(C(C)C)C(=O)N12,Drug 743,1,med,1.0
FCBQJNCAKZSIAH-UHFFFAOYSA-N,O=c1[nH]c2ccc([S+]([O-])CCN3CCC(Cc4ccc(F)cc4)CC3)cc2o1,,1,med,1.0
ZAIPMKNFIOOWCQ-UEKVPHQBSA-N,CC1=C(C(=O)O)N2C(=O)[C@@H](NC(=O)[C@H](N)c3ccccc3)[C@H]2SC1,CEPHALEXIN ANHYDROUS,1,high,2.0
NRFJZTXWLKPZAV-UHFFFAOYSA-N,CC(=O)NC1CCSC1=O,citiolone,0,med,1.0
FJBFPHVGVWTDIP-UHFFFAOYSA-N,BrCBr,,0,med,1.0
GNKZMNRKLCTJAY-UHFFFAOYSA-N,CC(=O)c1ccc(C)cc1,,0,med,1.0
CYGPPWVXOWCHJB-UHFFFAOYSA-N,CCC(C)COC(=O)CC(C)C,,0,med,1.0
YOUGRGFIHBUKRS-UHFFFAOYSA-N,C[N+](C)(C)Cc1ccccc1,,0,med,1.0
WAPNOHKVXSQRPX-UHFFFAOYSA-N,CC(O)c1ccccc1,,0,med,1.0
PGZRDDYTKFZSFR-ONTIZHBOSA-N,CN(C(=O)Cc1ccccc1)[C@H]1CC[C@@]2(CCCO2)C[C@@H]1N1CCCC1,,0,med,1.0
CNMFHDIDIMZHKY-UHFFFAOYSA-N,COC(=O)C(C)(C)C,,0,med,1.0
FAGUFWYHJQFNRV-UHFFFAOYSA-N,NCCNCCNCCNCCN,Colestipol hydrochloride,0,med,1.0
UAORFCGRZIGNCI-UHFFFAOYSA-N,CC(C)NCC(O)c1ccc([N+](=O)[O-])cc1,nifenalol,0,med,1.0
ILRCGYURZSFMEG-RKQHYHRCSA-N,OC[C@H]1O[C@@H](OCCc2ccc(O)cc2)[C@H](O)[C@@H](O)[C@@H]1O,,0,med,1.0
CDAWCLOXVUBKRW-UHFFFAOYSA-N,Nc1ccccc1O,2-Aminophenol,1,med,1.0
NGOMNLMIXONWQJ-UHFFFAOYSA-N,Nc1nonc1-c1nc2ccccc2n1CC(=O)Nc1cccc([N+](=O)[O-])c1,CHEMBL5091958,0,med,1.0
MOYGZHXDRJNJEP-UHFFFAOYSA-N,CC(C)(C)c1ccc(CN2CCN(C(c3ccccc3)c3ccc(Cl)cc3)CC2)cc1,BUCLIZINE,1,med,1.0
BMUKKTUHUDJSNZ-UHFFFAOYSA-N,CC(COc1ccccc1)NC(C)C(O)c1ccc(O)cc1,isoxsuprine,0,med,1.0
PIDANAQULIKBQS-RNUIGHNZSA-N,C[C@H]1C[C@H]2[C@@H]3CCC4=CC(=O)C=C[C@]4(C)[C@H]3C(=O)C[C@]2(C)[C@@]1(O)C(=O)CO,MEPREDNISONE,0,med,1.0
DPZSNGJNFHWQDC-ARJAWSKDSA-N,N#C/C(N)=C(/N)C#N,,1,med,1.0
MLGCXEBRWGEOQX-UHFFFAOYSA-N,O=S(=O)(c1ccc(Cl)cc1)c1cc(Cl)c(Cl)cc1Cl,,1,med,1.0
HGOAIWZFTWACBD-RRHRGVEJSA-O,CCCCCCCCCCCCCCCCCCNC(=O)OC1CCN(C(=O)OC[C@H](COC(=O)N(Cc2cccc[n+]2CC)C(=O)c2ccccc2OC)OC)CC1,,0,med,1.0
YBRVSVVVWCFQMG-UHFFFAOYSA-N,Nc1ccc(Cc2ccc(N)cc2)cc1,CHEMBL85728,1,high,2.0
XJCVRTZCHMZPBD-UHFFFAOYSA-N,Nc1cccc([N+](=O)[O-])c1,,0,med,1.0
LBOJYSIDWZQNJS-CVEARBPZSA-N,C[C@]12N[C@H](Cc3ccccc31)c1ccccc12,,0,med,1.0
AGPKZVBTJJNPAG-UHFFFAOYSA-N,CCC(C)C(N)C(=O)O,,0,med,1.0
WXJFKKQWPMNTIM-VWLOTQADSA-N,CCCCCCCCCCCCCCCCOCCCOP(=O)(O)CO[C@H](CO)Cn1ccc(N)nc1=O,BRINCIDOFOVIR,0,med,1.0
PNUZDKCDAWUEGK-VBUNGHGYSA-N,N[C@H]1CN(c2c(F)cc3c(=O)c(C(=O)O)cn(C4C[C@H]4F)c3c2Cl)CC12CC2,,0,med,1.0
IPCSVZSSVZVIGE-UHFFFAOYSA-N,CCCCCCCCCCCCCCCC(=O)O,Palmitic Acid,0,med,1.0
QZVNQOLPLYWLHQ-ZEQKJWHPSA-N,COC(=O)C1=C(C)NC(C)=C(C(=O)O[C@@H]2CCCN(Cc3ccccc3)C2)[C@@H]1c1cccc([N+](=O)[O-])c1,Benidipine,1,med,1.0
MTBYTWZDRVOMBR-UHFFFAOYSA-N,O=[N+]([O-])c1cc(Cl)c(Cl)c(Cl)c1Cl,,1,med,1.0
GOIQOQCNFWYSTQ-UHFFFAOYSA-N,CCC(Cc1c(I)cc(I)c(O)c1I)C(=O)O,iophenoic acid,0,med,1.0
KETHQOOVMIVLCH-UHFFFAOYSA-N,CCCCCCCCCOS(=O)(=O)O,,0,med,1.0
IFXSWTIWFGIXQO-AOOOYVTPSA-N,C[C@@H]1C[C@H](C)CN(S(=O)(=O)c2ccc(Cl)c(C(=O)O)c2)C1,CHEMBL2104748,1,med,1.0
DLHQZZUEERVIGQ-UHFFFAOYSA-N,CCC(C)(O)CCCC(C)C,,0,med,1.0
HVZJRWJGKQPSFL-UHFFFAOYSA-N,CCC(C)(C)OC,,0,med,1.0
UEQUQVLFIPOEMF-UHFFFAOYSA-N,CN1CCN2c3ccccc3Cc3ccccc3C2C1,Mianserin,0,med,1.0
BMOVQUBVGICXQN-UHFFFAOYSA-N,CCC(C)(Oc1ccc(C2(c3ccc(OC(C)(CC)C(=O)O)cc3)CCCCC2)cc1)C(=O)O,clinofibrate,0,med,1.0
CZNRFEXEPBITDS-UHFFFAOYSA-N,CCC(C)(C)c1cc(O)c(C(C)(C)CC)cc1O,,1,med,1.0
WUWFMDMBOJLQIV-UHFFFAOYSA-N,NC1CCN(c2nc3c(cc2F)c(=O)c(C(=O)O)cn3-c2ccc(F)cc2F)C1,tosufloxacin,1,high,2.0
YJGVMLPVUAXIQN-XVVDYKMHSA-N,COc1cc([C@@H]2c3cc4c(cc3[C@H](O)[C@H]3COC(=O)[C@H]23)OCO4)cc(OC)c1OC,PODOFILOX,1,med,1.0
QFVAWNPSRQWSDU-UHFFFAOYSA-N,S=C1SCN(Cc2ccccc2)CN1Cc1ccccc1,sulbentine,1,med,1.0
FVAUCKIRQBBSSJ-UHFFFAOYSA-M,[Na]I,,0,med,1.0
LXUNZSDDXMPKLP-UHFFFAOYSA-N,Cc1ccccc1S,,0,med,1.0
FTALTLPZDVFJSS-UHFFFAOYSA-N,C=CC(=O)OCCOCCOCC,,1,med,1.0
KFUSEUYYWQURPO-OWOJBTEDSA-N,Cl/C=C/Cl,,0,med,1.0
AKGGYBADQZYZPD-UHFFFAOYSA-N,CC(=O)CCc1ccccc1,,0,med,1.0
ITQTTZVARXURQS-UHFFFAOYSA-N,Cc1cccnc1,3-Methylpyridine,0,med,1.0
IDYZIJYBMGIQMJ-UHFFFAOYSA-N,CCn1cc(C(=O)O)c(=O)c2cc(F)c(N3CCNCC3)nc21,ENOXACIN,0,med,1.0
NVVZEKTVIXIUKW-UHFFFAOYSA-N,FC(F)(F)C(F)(F)C(F)(F)C(F)(F)C(F)(F)C(F)(F)CCI,,0,med,1.0
NKFNBVMJTSYZDV-UHFFFAOYSA-N,CCCCCCCCCCCCN(CCO)CCO,,0,med,1.0
GWEHVDNNLFDJLR-UHFFFAOYSA-N,O=C(Nc1ccccc1)Nc1ccccc1,Carbanilide,1,med,1.0
DMNFZTKVDDFCQE-WJXNTJCASA-N,CC(=O)OC[C@H]1O[C@@H](O[C@H]2[C@H](O)[C@@H](OC(=O)c3ccccc3C(=O)O)[C@H](O)O[C@@H]2COC(C)=O)[C@H](O)[C@@H](OC(=O)c2ccccc2C(=O)O)[C@@H]1O,,0,med,1.0
KEVYVLWNCKMXJX-UHFFFAOYSA-N,C=CC(C)(O)CCCC(C)CCCC(C)CCCC(C)C,,0,med,1.0
OCWYEMOEOGEQAN-UHFFFAOYSA-N,Cc1cc(-n2nc3ccc(Cl)cc3n2)c(O)c(C(C)(C)C)c1,,0,med,1.0
AIUAMYPYEUQVEM-UHFFFAOYSA-N,C=CC(=O)OCC[N+](C)(C)C,,1,med,1.0
ATINCSYRHURBSP-UHFFFAOYSA-K,Cl[Nd](Cl)Cl,,0,med,1.0
KSMAGQUYOIHWFS-UHFFFAOYSA-N,CC(Oc1c(Cl)cccc1Cl)C1=NCCN1,LOFEXIDINE,0,med,1.0
NGBBVGZWCFBOGO-UHFFFAOYSA-N,CC(N)Cc1ccc2c(c1)OCO2,"3,4-Methylenedioxyamphetamine",0,med,1.0
WYWZRNAHINYAEF-UHFFFAOYSA-N,CCCCC(CC)COC(=O)c1ccc(N(C)C)cc1,Padimate O,1,med,1.0
YMARZQAQMVYCKC-YFNKSVMNSA-N,CC(C)CN(C[C@@H](O)[C@H](Cc1ccccc1)NC(=O)O[C@@H]1CCOC1)S(=O)(=O)c1ccc(N)cc1,,0,med,1.0
UPGSWASWQBLSKZ-UHFFFAOYSA-N,CCCCCCOCCO,,0,med,1.0
LYKMMUBOEFYJQG-UHFFFAOYSA-N,c1ccc2c(c1)OCC(CN1CCCCC1)O2,,0,med,1.0
ZDPIZLCVJAAHHR-UHFFFAOYSA-N,Cc1nc(C)c(Cl)c(O)c1Cl,,0,med,1.0
ZKFQEACEUNWPMT-UHFFFAOYSA-N,CC1=C(C(=O)OC(C)C)C(c2cccc([N+](=O)[O-])c2)C(C(=O)OC2CN(C(c3ccccc3)c3ccccc3)C2)=C(N)N1,azelnidipine,1,med,1.0
QAHFOPIILNICLA-UHFFFAOYSA-N,CN(C)C(=O)C(c1ccccc1)c1ccccc1,,1,med,1.0
KWMLJOLKUYYJFJ-VFUOTHLCSA-N,O=C(O)[C@H](O)[C@H](O)[C@@H](O)[C@H](O)[C@H](O)CO,,0,med,1.0
NAQMVNRVTILPCV-UHFFFAOYSA-N,NCCCCCCN,Hexamethylenediamine,0,med,1.0
VRDIULHPQTYCLN-UHFFFAOYSA-N,CCCc1cc(C(N)=S)ccn1,protionamide,0,med,1.0
CBOQJANXLMLOSS-UHFFFAOYSA-N,CCOc1cc(C=O)ccc1O,,0,med,1.0
RAASUWZPTOJQAY-UHFFFAOYSA-N,c1ccc2cc3c4ccccc4c4ccccc4c3cc2c1,,1,med,1.0
VTWQUFUBSCXPOW-UHFFFAOYSA-N,Nc1nnc(-c2ccc([N+](=O)[O-])o2)o1,,1,med,1.0
KAPCRJOPWXUMSQ-UHFFFAOYSA-N,O=C(CCN1CC1)OCC(CO)(COC(=O)CCN1CC1)COC(=O)CCN1CC1,,0,med,1.0
GGGDNPWHMNJRFN-UHFFFAOYSA-N,CC(=O)Nc1c(I)c(C(=O)O)c(I)c(N(C)C(C)=O)c1I,METRIZOIC ACID,0,med,1.0
UHUMRJKDOOEQIG-UHFFFAOYSA-N,C[N+]1(C)CCCCC1COC(=O)C(O)(c1ccccc1)c1ccccc1,bevonium,0,med,1.0
VZTUIEROBZXUFA-UHFFFAOYSA-N,COc1ccc2c(c1OC)CN1CCc3cc4c(cc3C1C2)OCO4,,1,med,1.0
ZNRGQMMCGHDTEI-FUNVUKJBSA-N,CN1[C@@H]2CC[C@H]1CC(OC(=O)c1c[nH]c3ccccc13)C2,Tropisetron,0,med,1.0
JTEGQNOMFQHVDC-RQJHMYQMSA-N,Nc1ccn([C@H]2CS[C@@H](CO)O2)c(=O)n1,,0,med,1.0
BRWIZMBXBAOCCF-UHFFFAOYSA-N,NNC(N)=S,,1,med,1.0
RVOKNSFEAOYULQ-UHFFFAOYSA-N,CC1CCC(C(C)(C)S)C(=O)C1,,0,med,1.0
XNSAINXGIQZQOO-SRVKXCTJSA-N,NC(=O)[C@@H]1CCCN1C(=O)[C@H](Cc1c[nH]cn1)NC(=O)[C@@H]1CCC(=O)N1,PROTIRELIN,0,med,1.0
DAKWPKUUDNSNPN-UHFFFAOYSA-N,C=CC(=O)OCC(CC)(COC(=O)C=C)COC(=O)C=C,,1,med,1.0
ZAFNJMIOTHYJRJ-UHFFFAOYSA-N,CC(C)OC(C)C,,0,med,1.0
SUGXZLKUDLDTKX-UHFFFAOYSA-N,CC(=O)c1ccccc1[N+](=O)[O-],,0,med,1.0
JWYVGKFDLWWQJX-UHFFFAOYSA-N,C=CN1CCCCCC1=O,,0,med,1.0
GMSCBRSQMRDRCD-UHFFFAOYSA-N,C=C(C)C(=O)OCCCCCCCCCCCC,,0,med,1.0
UBWXUGDQUBIEIZ-QNTYDACNSA-N,C[C@]12CC[C@H]3[C@@H](CCC4=CC(=O)CC[C@@H]43)[C@@H]1CC[C@@H]2OC(=O)CCc1ccccc1,Drug 470,0,med,1.0
MDWVSAYEQPLWMX-UHFFFAOYSA-N,CC(C)(C)c1cc(Cc2cc(C(C)(C)C)c(O)c(C(C)(C)C)c2)cc(C(C)(C)C)c1O,,0,med,1.0
KJKJUXGEMYCCJN-UHFFFAOYSA-N,c1ccc2c(c1)Sc1ccccc1N2CCN1CCCC1,parathiazine,0,med,1.0
WUBBRNOQWQTFEX-UHFFFAOYSA-N,Nc1ccc(C(=O)O)c(O)c1,Aminosalicylic acid ,0,med,1.0
RUYNUXHHUVUINQ-UHFFFAOYSA-N,Cc1occc1S,,1,med,1.0
OCJBOOLMMGQPQU-UHFFFAOYSA-N,Clc1ccc(Cl)cc1,CHEMBL190982,1,high,2.0
VYGQUTWHTHXGQB-FFHKNEKCSA-N,CCCCCCCCCCCCCCCC(=O)OC/C=C(C)/C=C/C=C(C)/C=C/C1=C(C)CCCC1(C)C,Drug 1246,1,high,2.0
WTLBZVNBAKMVDP-UHFFFAOYSA-N,CCCCOCCOP(=O)(OCCOCCCC)OCCOCCCC,,0,med,1.0
PXBVEXGRHZFEOF-UHFFFAOYSA-N,CN(C)C(=O)OC1N=C(c2ccccc2)c2cc(Cl)ccc2N(C)C1=O,camazepam,1,med,1.0
ZXVONLUNISGICL-UHFFFAOYSA-N,Cc1cc([N+](=O)[O-])cc([N+](=O)[O-])c1O,,1,med,1.0
QLTVVOATEHFXLT-UHFFFAOYSA-N,CCOC(=O)NNc1ccc(N(CC)CC(C)O)nn1,cadralazine,0,med,1.0
RXRGZNYSEHTMHC-MLWJPKLSSA-N,Nc1ccn(C2CO[C@H](CO)O2)c(=O)n1,,0,med,1.0
PVLJETXTTWAYEW-UHFFFAOYSA-N,CN(c1nccc(=O)[nH]1)C1CCN(c2nc3ccccc3n2Cc2ccc(F)cc2)CC1,MIZOLASTINE,0,med,1.0
RUPAXCPQAAOIPB-UHFFFAOYSA-N,CC(C)(C)OC=O,tert-Butyl Formate,0,med,1.0
QPPBRPIAZZHUNT-UHFFFAOYSA-N,Cc1ccnc(NS(=O)(=O)c2ccc(N)cc2)n1,Drug 1024,0,med,1.0
YRCWQPVGYLYSOX-UHFFFAOYSA-N,CNCC(O)c1ccc(O)cc1,oxedrine,0,med,1.0
ZESRJSPZRDMNHY-YFWFAHHUSA-N,C[C@]12CC[C@H]3[C@@H](CCC4=CC(=O)CC[C@@]43C)[C@@H]1CC[C@@H]2C(=O)CO,desoxycortone,0,med,1.0
VLCDUOXHFNUCKK-UHFFFAOYSA-N,CNC(=S)NC,,0,med,1.0
PJVWKTKQMONHTI-UHFFFAOYSA-N,CC(=O)CC(c1ccccc1)c1c(O)c2ccccc2oc1=O,Warfarin sodium,1,med,1.0
ALWKGYPQUAPLQC-UHFFFAOYSA-N,CN(C)C(=O)Oc1cccc([N+](C)(C)C)c1,NEOSTIGMINE,0,med,1.0
VAJLRIOJDADNAT-UHFFFAOYSA-N,C=Cc1c(C)c2cc3nc(c(CC(=O)O)c4[nH]c(cc5nc(cc1[nH]2)C(C)=C5CC)c(C)c4C(=O)O)C(CCC(=O)O)C3C,,1,med,1.0
KZTCAXCBXSIQSS-UHFFFAOYSA-N,CC(C)CC(C)N(c1ccccc1)c1ccc(N)cc1,,1,med,1.0
HWMTUNCVVYPZHZ-UHFFFAOYSA-N,c1ccc([Hg]c2ccccc2)cc1,,1,med,1.0
ZYPGADGCNXOUJP-YLVBRBDGSA-N,CCCCC(O)/C=C(C)/C=C/C=C/C(=O)N1CCCC1=O,,0,med,1.0
LSQZJLSUYDQPKJ-NJBDSQKTSA-N,CC1(C)S[C@@H]2[C@H](NC(=O)[C@H](N)c3ccc(O)cc3)C(=O)N2[C@H]1C(=O)O,Drug 867,1,high,2.0
LOQHDJDNZMTYNS-BIJQNEFVSA-Q,Cc1cn([C@@H]2O[C@@]3(CO)CO[C@@H]2[C@@H]3OP(O)(=S)OC[C@@]23CO[C@@H]([C@H](n4cc(C)c(=O)[nH]c4=O)O2)[C@@H]3OP(O)(=S)OC[C@@]23CO[C@@H]([C@H](n4cnc5c(=O)[nH]c(N)nc54)O2)[C@@H]3OP(O)(=S)OC[C@@]23CO[C@@H]([C@H](n4ccc(N)nc4=O)O2)[C@@H]3OP(O)(=S)OC[C@@]23CO[C@@H]([C@H](n4cc(C)c(=O)[nH]c4=O)O2)[C@@H]3OP(O)(=S)OC[C@@]23CO[C@@H]([C@H](n4cnc5ncnc(N)c54)O2)[C@@H]3OP(O)(=S)OC[C@@]23CO[C@@H]([C@H]([n+]4c[nH]c5nc(N)[nH]c(=O)c54)O2)[C@@H]3OP(O)(=S)OC[C@@]23CO[C@@H]([C@H](n4ccc(N)nc4=O)O2)[C@@H]3OP(O)(=S)OC[C@@]23CO[C@@H]([C@H](n4ccc(N)nc4=O)O2)[C@@H]3OP(O)(=S)OC[C@@]23CO[C@@H]([C@H](n4cc(C)c(=O)[nH]c4=O)O2)[C@@H]3OP(O)(=S)OC[C@@]23CO[C@@H]([C@H](n4ccc(N)nc4=O)O2)[C@@H]3OP(O)(=S)OC[C@@]23CO[C@@H]([C@H](n4cc(C)c(=O)[nH]c4=O)O2)[C@@H]3OP(O)(=S)OC[C@@]23CO[C@@H]([C@H]([n+]4c[nH]c5nc(N)[nH]c(=O)c54)O2)[C@@H]3OP(O)(=S)OC[C@@]23CO[C@@H]([C@H]([n+]4c[nH]c5nc(N)[nH]c(=O)c54)O2)[C@@H]3OP(O)(=S)OC[C@@]23CO[C@@H]([C@H](n4cnc5ncnc(N)c54)O2)[C@@H]3OP(O)(=S)OC[C@@]23CO[C@@H]([C@H](n4cc(C)c(=O)[nH]c4=O)O2)[C@@H]3OP(O)(=S)OC[C@@]23CO[C@@H]([C@H](n4cc(C)c(=O)[nH]c4=O)O2)[C@@H]3OP(O)(=S)OC[C@@]23CO[C@@H]([C@H](n4cc(C)c(=O)[nH]c4=O)O2)[C@@H]3O)c(=O)nc1N,CHEMBL2367492,1,med,1.0
CSMFSDCPJHNZRY-UHFFFAOYSA-N,CCCCCCCCCCOS(=O)(=O)O,,0,med,1.0
RJFAYQIBOAGBLC-BYPYZUCNSA-N,C[Se]CC[C@H](N)C(=O)O,SELENOMETHIONINE,0,med,1.0
RYBJORHCUPVNMB-UHFFFAOYSA-N,Oc1ccc(CCNCCCCCCNCCc2ccccc2)cc1O,dopexamine,0,med,1.0
XYRTVIAPRQLSOW-UHFFFAOYSA-N,CCN1CN(CC)CN(CC)C1,,0,med,1.0
LRLKZVMLJBNNPE-SNAWJCMRSA-N,COc1cc(/C=C/C(N)=O)cc(OC)c1OC,,0,med,1.0
XKZFZDRNMFBOTH-UHFFFAOYSA-N,S=c1nc(-c2ccc(Cl)cc2)cc(-c2cn(-c3ccccc3)nc2-c2ccc(OCc3ccccc3)cc2)[nH]1,CHEMBL4452435,1,med,1.0
UISARWKNNNHPGI-UHFFFAOYSA-N,CC(CC(c1ccccc1)c1ccccc1)NC(C)(C)C,,0,med,1.0
NJXZWIIMWNEOGJ-WEWKHQNJSA-N,COc1ccc(S(=O)(=O)N2C(=O)[C@@](c3ccccc3OC)(N3C[C@H](O)C[C@H]3C(=O)N(C)C)c3cc(Cl)ccc32)c(OC)c1,Nelivaptan,0,med,1.0
GYFAGKUZYNFMBN-UHFFFAOYSA-N,c1cc2ccc3ccc4ccc5cccc6c(c1)c2c3c4c56,,1,med,1.0
KFUSEUYYWQURPO-UHFFFAOYSA-N,ClC=CCl,,0,med,1.0
ZDWGXBPVPXVXMQ-UHFFFAOYSA-N,CCCCC(CC)COC(=O)CCCCCCCC(=O)OCC(CC)CCCC,,0,med,1.0
WNXJIVFYUVYPPR-UHFFFAOYSA-N,C1COCO1,,0,med,1.0
ZEKZLJVOYLTDKK-UHFFFAOYSA-N,CCn1cc(C(=O)O)c(=O)c2cc(F)c(N3CCNC(C)C3)c(F)c21,LOMEFLOXACIN,1,high,2.0
KMTRUDSVKNLOMY-UHFFFAOYSA-N,O=C1OCCO1,,0,med,1.0
FFJIWWBSBCOKLS-UHFFFAOYSA-N,CCOc1ccc(NS(=O)(=O)c2ccc(N)cc2)nn1,Sulfaethoxypyridazine,0,med,1.0
HRPVXLWXLXDGHG-UHFFFAOYSA-N,C=CC(N)=O,,0,med,1.0
HVFLCNVBZFFHBT-ZKDACBOMSA-O,CO/N=C(\C(=O)N[C@@H]1C(=O)N2C(C(=O)O)=C(C[N+]3(C)CCCC3)CS[C@H]12)c1csc(N)n1,,0,med,1.0
ZCDNRPPFBQDQHR-SSYATKPKSA-N,CCOC(=O)Oc1c(OC)cc(C(=O)O[C@@H]2C[C@@H]3CN4CCc5c([nH]c6cc(OC)ccc56)[C@H]4C[C@@H]3[C@H](C(=O)OC)[C@H]2OC)cc1OC,syrosingopine,0,med,1.0
HIMXGTXNXJYFGB-UHFFFAOYSA-N,O=C1NC(=O)C(=O)C(=O)N1,,0,med,1.0
LHJGJYXLEPZJPM-UHFFFAOYSA-N,Oc1cc(Cl)c(Cl)cc1Cl,,1,med,1.0
HZRSNVGNWUDEFX-UHFFFAOYSA-N,COC(=O)N(OC)c1ccccc1COc1ccn(-c2ccc(Cl)cc2)n1,,1,med,1.0
GVEPBJHOBDJJJI-UHFFFAOYSA-N,c1ccc2c(c1)-c1cccc3cccc-2c13,,1,med,1.0
AYUNIORJHRXIBJ-JDHGPBJTSA-N,C=CCNC1=C2C[C@@H](C)C[C@H](OC)[C@H](O)[C@@H](C)C=C(C)[C@H](OC(N)=O)[C@@H](OC)C=CC=C(C)C(=O)NC(=CC1=O)C2=O,,1,med,1.0
ONWXNHPOAGOMTG-UHFFFAOYSA-N,CCCCC1(COC(=O)CCC(=O)O)C(=O)N(c2ccccc2)N(c2ccccc2)C1=O,,1,med,1.0
IVBHGBMCVLDMKU-RDNQGFKOSA-N,CCN1CCN(C(=O)N[C@@H](C(=O)N[C@@H]2C(=O)N3[C@@H]2SC(C)(C)[C@H]3C(=O)O)c2ccccc2)C(=O)C1=O,,0,med,1.0
AFLXUQUGROGEFA-UHFFFAOYSA-N,C[N+]([O-])(CCCl)CCCl,,0,med,1.0
BGRJTUBHPOOWDU-UHFFFAOYSA-N,CCN1CCCC1CNC(=O)c1cc(S(N)(=O)=O)ccc1OC,sulpiride,0,med,1.0
PCWGTDULNUVNBN-UHFFFAOYSA-N,CC(C)CCCO,,0,med,1.0
XOZLRRYPUKAKMU-UHFFFAOYSA-N,Cc1c(NC(C)C)c(=O)n(-c2ccccc2)n1C,ramifenazone,0,med,1.0
OVOJUAKDTOOXRF-UHFFFAOYSA-N,O=[N+]([O-])c1ccc(S(=O)(=O)O)c([N+](=O)[O-])c1,,1,med,1.0
YADISKICBOYXFS-UHFFFAOYSA-N,CCC(CO)(CO)[N+](=O)[O-],,0,med,1.0
SDQFDHOLCGWZPU-UHFFFAOYSA-N,CC(C=O)Cc1ccc(C(C)(C)C)cc1,,0,med,1.0
GXVBFMDZQMQKOU-UHFFFAOYSA-N,CC(=O)n1nc(-c2ccccc2)cc1-c1cn(-c2ccccc2)nc1-c1ccc(OCc2ccccc2)cc1,CHEMBL4449905,1,med,1.0
WECDUOXQLAIPQW-UHFFFAOYSA-N,Cc1cc(Cc2ccc(N)c(C)c2)ccc1N,,0,med,1.0
OTEAKJIIJRDXBV-UHFFFAOYSA-N,CCN(CC)CCOc1ccccc1OC,,0,med,1.0
CHYBTAZWINMGHA-UHFFFAOYSA-N,CCCCCCCC[N+](CCCCCCCC)(CCCCCCCC)CCCCCCCC,,1,med,1.0
FODTZLFLDFKIQH-FSVGXZBPSA-N,COc1cc(/C=C/C(=O)O[C@H]2CC[C@]34C[C@]35CC[C@]3(C)[C@@H]([C@H](C)CCC=C(C)C)CC[C@@]3(C)[C@@H]5CC[C@H]4C2(C)C)ccc1O,,1,med,1.0
LKGPZAQFNYKISK-UHFFFAOYSA-N,CCCOC(=O)c1cncn1C(C)c1ccccc1,,0,med,1.0
XKNKHVGWJDPIRJ-UHFFFAOYSA-N,Nc1ccc([As](=O)(O)O)cc1,arsanilic acid,0,med,1.0
QZYDOKBVZJLQCK-UHFFFAOYSA-N,CCOc1ccccc1OCC,,0,med,1.0
VLCQZHSMCYCDJL-UHFFFAOYSA-N,COC(=O)c1ccccc1S(=O)(=O)NC(=O)N(C)c1nc(C)nc(OC)n1,Tribenuron-methyl,0,med,1.0
BITPLIXHRASDQB-UHFFFAOYSA-N,C=C[Si](C)(C)O[Si](C)(C)C=C,,0,med,1.0
AUZONCFQVSMFAP-UHFFFAOYSA-N,CCN(CC)C(=S)SSC(=S)N(CC)CC,Disulfiram,1,high,2.0
FOCAUTSVDIKZOP-UHFFFAOYSA-N,O=C(O)CCl,,0,med,1.0
FYQXODZRNSCOTR-CTYKUZNLSA-N,C=C1[C@@H]2CCC3[C@@](CC[C@@H]4[C@H](C(=O)O)C[C@@H](O[C@@H]5O[C@H](CO)[C@@H](OS(=O)(=O)O)[C@H](OS(=O)(=O)O)[C@H]5OC(=O)CC(C)C)C[C@@]34C)(C2)[C@@H]1O,CHEMBL499815,1,med,1.0
KRMKBOUUDPUIDK-UHFFFAOYSA-N,O=C(CCN1CCN(CCO)CC1)N1c2ccccc2Sc2ccc(C(F)(F)F)cc21,,0,med,1.0
VQODGRNSFPNSQE-CXSFZGCWSA-N,C[C@@H]1C[C@H]2[C@@H]3CCC4=CC(=O)C=C[C@]4(C)[C@@]3(F)[C@@H](O)C[C@]2(C)[C@@]1(O)C(=O)COP(=O)(O)O,DEXAMETHASONE PHOSPHORIC ACID,0,med,1.0
IRJKSAIGIYODAN-UHFFFAOYSA-N,O=C(N=NC(=O)OCc1ccccc1)OCc1ccccc1,,1,med,1.0
MMFCJPPRCYDLLZ-CMDGGOBGSA-N,CCCCCCC/C=C/C=O,,0,med,1.0
ISEUFVQQFVOBCY-UHFFFAOYSA-N,COc1nc(NC(C)C)nc(NC(C)C)n1,,0,med,1.0
OHDFENKFSKIFBJ-UHFFFAOYSA-N,Cc1occc1SSc1ccoc1C,,1,med,1.0
KCOYHFNCTWXETP-UHFFFAOYSA-N,NC(=S)NNC(N)=S,,0,med,1.0
RWTNPBWLLIMQHL-UHFFFAOYSA-N,CC(C)(C(=O)O)c1ccc(C(O)CCCN2CCC(C(O)(c3ccccc3)c3ccccc3)CC2)cc1,FEXOFENADINE,0,med,1.0
LXUOJZKROYWPPV-UHFFFAOYSA-N,COc1cc(C(=O)c2csc(-c3ccc(NC(=O)CCCC(=O)Nc4ccccc4N)cc3)n2)cc(OC)c1OC,CHEMBL5176029,0,med,1.0
LMXFPUVUUSHCMM-UHFFFAOYSA-N,CCN1CCCC1CNC(=O)C(O)(c1ccccc1)c1ccccc1,,0,med,1.0
CQXADFVORZEARL-UHFFFAOYSA-N,C1COC(NC(C2CC2)C2CC2)=N1,RILMENIDINE,0,med,1.0
ZNSSPLQZSUWFJT-UHFFFAOYSA-N,CCCCCOC(=O)c1ccc(O)cc1,,1,med,1.0
FSQKKOOTNAMONP-UHFFFAOYSA-N,COc1ccc2c(c1)c(CC(=O)OCC(=O)O)c(C)n2C(=O)c1ccc(Cl)cc1,acemetacin,1,high,2.0
LJTFFORYSFGNCT-UHFFFAOYSA-N,NNC(=S)NN,,1,med,1.0
SGDBTWWWUNNDEQ-LBPRGKRZSA-N,N[C@@H](Cc1ccc(N(CCCl)CCCl)cc1)C(=O)O,Drug 189,1,med,1.0
JVTAAEKCZFNVCJ-UHFFFAOYSA-N,CC(O)C(=O)O,SODIUM LACTATE,1,high,2.0
FMJSMJQBSVNSBF-UHFFFAOYSA-N,CCCCC(CC)COC(=O)C(C#N)=C(c1ccccc1)c1ccccc1,OCTOCRYLENE,1,med,1.0
DTGLZDAWLRGWQN-UHFFFAOYSA-N,CC(=O)Oc1cc2c(s1)CCN(C(C(=O)C1CC1)c1ccccc1F)C2,Prasugrel hydrochloride,1,high,2.0
KHAUBYTYGDOYRU-IRXASZMISA-N,CCCC[C@@H]1CC(=O)[C@]2(O)O[C@@H]3[C@@H](NC)[C@@H](O)[C@@H](NC)[C@H](O)[C@H]3O[C@@H]2O1,trospectomycin,1,med,1.0
LVGFPWDANALGOY-UHFFFAOYSA-N,C=CC(=O)OCCCCCCCC(C)C,,0,med,1.0
VWAUPFMBXBWEQY-ANULTFPQSA-N,C=CC[C@]1(O)CC[C@H]2[C@@H]3CCC4=CC(=O)CCC4=C3C=C[C@@]21C,Altrenogest,0,med,1.0
FCWYQRVIQDNGBI-UHFFFAOYSA-N,CC1OCCC1=O,,0,med,1.0
BOFHKBLZOYVHSI-UHFFFAOYSA-N,CNP(=O)(OC)Oc1ccc(C(C)(C)C)cc1Cl,,1,med,1.0
MLDQJTXFUGDVEO-UHFFFAOYSA-N,CNC(=O)c1cc(Oc2ccc(NC(=O)Nc3ccc(Cl)c(C(F)(F)F)c3)cc2)ccn1,SORAFENIB,1,high,2.0
ZKLPARSLTMPFCP-OAQYLSRUSA-N,O=C(O)COCCN1CCN([C@H](c2ccccc2)c2ccc(Cl)cc2)CC1,Drug 249,1,med,1.0
KVSKGMLNBAPGKH-UHFFFAOYSA-N,O=C(Nc1ccc(Br)cc1)c1cc(Br)cc(Br)c1O,,1,med,1.0
YBBRCQOCSYXUOC-UHFFFAOYSA-N,O=S(=O)(Cl)Cl,,0,med,1.0
DOMWKUIIPQCAJU-LJHIYBGHSA-N,CCCCCC(=O)O[C@]1(C(C)=O)CC[C@H]2[C@@H]3CCC4=CC(=O)CC[C@]4(C)[C@H]3CC[C@@]21C,Drug 1226,1,high,2.0
YJTKZCDBKVTVBY-UHFFFAOYSA-N,c1ccc(-c2cccc(-c3ccccc3)c2)cc1,,1,med,1.0
PJXHBTZLHITWFX-UHFFFAOYSA-N,CCCCCCCC1CCCC1=O,,0,med,1.0
JJVKJJNCIILLRP-UHFFFAOYSA-N,CCc1cccc(C)c1N,,0,med,1.0
NKDJNEGDJVXHKM-UHFFFAOYSA-N,CNc1c2c(nn1C)CCCC2,,0,med,1.0
YGCFIWIQZPHFLU-UHFFFAOYSA-N,CC1=CC(=O)NS(=O)(=O)O1,,0,med,1.0
IHJUECRFYCQBMW-UHFFFAOYSA-N,CC(C)(O)C#CC(C)(C)O,,0,med,1.0
VVUYEFBRTFASAH-UHFFFAOYSA-N,CCN(CCO)CCn1c(Cc2ccccc2)nc2c1c(=O)n(C)c(=O)n2C,bamifylline,0,med,1.0
VZUGVMQFWFVFBX-UHFFFAOYSA-N,CC(C(=O)O)c1ccc(C2CCCCC2)c2ccccc12,vedaprofen,0,med,1.0
HAWPXGHAZFHHAD-UHFFFAOYSA-N,CN(CCCl)CCCl,MECHLORETHAMINE,1,high,2.0
SEACXNRNJAXIBM-UHFFFAOYSA-N,CC[N+](C)(CC)CC,,0,med,1.0
BYFMCKSPFYVMOU-UHFFFAOYSA-N,O=C(O)COc1nn(Cc2ccccc2)c2ccccc12,Bendazac,0,med,1.0
QEMXHQIAXOOASZ-UHFFFAOYSA-N,C[N+](C)(C)C,Tetramethylammonium,0,med,1.0
KHCZSJXTDDHLGJ-UHFFFAOYSA-N,Nc1c(Cl)c(Cl)c(Cl)c(Cl)c1Cl,,1,med,1.0
YOWNVPAUWYHLQX-UHFFFAOYSA-N,O=C(NC(=O)c1c(F)cccc1F)Nc1ccc(Cl)c(Oc2ncc(C(F)(F)F)cc2Cl)c1,Fluazuron,1,med,1.0
PYGXAGIECVVIOZ-UHFFFAOYSA-N,CCCCOC(=O)CCCCCCCCC(=O)OCCCC,,0,med,1.0
QDGZDCVAUDNJFG-FXQIFTODSA-N,C=C1[C@H](CO)[C@@H](O)C[C@@H]1n1cnc2c(=O)[nH]c(N)nc21,ENTECAVIR ANHYDROUS,0,med,1.0
VXKHXGOKWPXYNA-YDFDUYJKSA-N,CC(C)C[C@H](NC(=O)[C@H](Cc1c[nH]c2ccccc12)NC(=O)[C@H](Cc1ccc(O)cc1)NC(=O)[C@H](CO)NC(=O)[C@H](Cc1c[nH]c2ccccc12)NC(=O)[C@H](Cc1c[nH]cn1)NC(=O)[C@@H]1CCC(=O)N1)C(=O)N[C@@H](CCCNC(=N)N)C(=O)N1CCC[C@H]1C(=O)NCC(N)=O,CHEMBL4068871,1,med,1.0
KAATUXNTWXVJKI-UHFFFAOYSA-N,CC1(C)C(C=C(Cl)Cl)C1C(=O)OC(C#N)c1cccc(Oc2ccccc2)c1,cypermethrin,0,med,1.0
CMWTZPSULFXXJA-VIFPVBQESA-N,COc1ccc2cc([C@H](C)C(=O)O)ccc2c1,Drug 401,0,med,1.0
KYARBIJYVGJZLB-UHFFFAOYSA-N,Nc1ccc2c(O)cc(S(=O)(=O)O)cc2c1,,1,med,1.0
QMGVPVSNSZLJIA-FVWCLLPLSA-N,O=C1C[C@@H]2OCC=C3CN4CC[C@]56c7ccccc7N1[C@H]5[C@H]2[C@H]3C[C@H]46,strychnine,0,med,1.0
WFNAKBGANONZEQ-UHFFFAOYSA-N,CN1CCN(C(c2ccccc2)c2ccc(Cl)cc2)CC1,Chlorcyclizine hydrochloride,1,high,2.0
YHRUOJUYPBUZOS-UHFFFAOYSA-N,ClCCCCl,,0,med,1.0
FFWSICBKRCICMR-UHFFFAOYSA-N,CC(=O)CCC(C)C,,0,med,1.0
MWAGUKZCDDRDCS-UHFFFAOYSA-N,O=[N+]([O-])c1ccc(Oc2ccc([N+](=O)[O-])cc2)cc1,,0,med,1.0
YWFWDNVOPHGWMX-UHFFFAOYSA-N,CCCCCCCCCCCCN(C)C,,0,med,1.0
STECJAGHUSJQJN-ODICJLLRSA-N,CN1[C@@H]2C[C@@H](OC(=O)[C@H](CO)c3ccccc3)C[C@H]1[C@@H]1O[C@H]12,CHEMBL1187846,0,med,1.0
FLBOQJFNAYJWIA-UHFFFAOYSA-N,CCC(C)C1N=C(C)C(C)S1,,0,med,1.0
DIVDFFZHCJEHGG-UHFFFAOYSA-N,NCCc1cc(O)c(O)cc1O,,0,med,1.0
NFGXHKASABOEEW-LDRANXPESA-N,COC(C)(C)CCCC(C)C/C=C/C(C)=C/C(=O)OC(C)C,,1,med,1.0
FINOAUDUYKVGDS-UHFFFAOYSA-N,CC(=O)OC1CCCCC1C(C)(C)C,,0,med,1.0
MWYPSCPMURJPPE-UHFFFAOYSA-M,O=C1OC2(c3cc(Br)c(O)cc3Oc3c2cc(Br)c([O-])c3[Hg+])c2ccccc21,,0,med,1.0
HXYVTAGFYLMHSO-UHFFFAOYSA-N,CCCCCCCCCCCCCCCC(=O)NCCO,palmidrol,0,med,1.0
HJSLFCCWAKVHIW-UHFFFAOYSA-N,O=C1CCCC(=O)C1,,0,med,1.0
QGFORSXNKQLDNO-UHFFFAOYSA-N,O=C(O)CSCC(=O)NC1CCSC1=O,erdosteine,0,med,1.0
QSSJZLPUHJDYKF-UHFFFAOYSA-N,COC(=O)c1ccc(C)cc1,,0,med,1.0
NPRHVSBSZMAEIN-UHFFFAOYSA-N,CC[N+](CC)(CC)CCC(O)(c1ccccc1)C1CCCCC1,TRIDIHEXETHYL CHLORIDE,0,med,1.0
AJLFOPYRIVGYMJ-INTXDZFKSA-N,CC[C@H](C)C(=O)O[C@H]1CCC=C2C=C[C@H](C)[C@H](CC[C@@H]3C[C@@H](O)CC(=O)O3)[C@H]21,Mevastatin,0,med,1.0
UVKXJAUUKPDDNW-UHFFFAOYSA-N,CC=CCC#N,,0,med,1.0
FTCYIGBVOHNHCD-UHFFFAOYSA-N,CC(C)Nc1ncccn1,Isaxonine,1,med,1.0
POFWRMVFWIJXHP-UHFFFAOYSA-N,c1ccc(CNc2ncnc3c2ncn3C2CCCCO2)cc1,,1,med,1.0
UUVWYPNAQBNQJQ-UHFFFAOYSA-N,CN(C)c1nc(N(C)C)nc(N(C)C)n1,ALTRETAMINE,1,high,2.0
WHGYBXFWUBPSRW-FOUAGVGXSA-N,OC[C@H]1O[C@@H]2O[C@H]3[C@H](O)[C@@H](O)[C@@H](O[C@H]4[C@H](O)[C@@H](O)[C@@H](O[C@H]5[C@H](O)[C@@H](O)[C@@H](O[C@H]6[C@H](O)[C@@H](O)[C@@H](O[C@H]7[C@H](O)[C@@H](O)[C@@H](O[C@H]8[C@H](O)[C@@H](O)[C@@H](O[C@H]1[C@H](O)[C@H]2O)O[C@@H]8CO)O[C@@H]7CO)O[C@@H]6CO)O[C@@H]5CO)O[C@@H]4CO)O[C@@H]3CO,betadex,0,med,1.0
OQDPVLVUJFGPGQ-UHFFFAOYSA-N,c1cnc(N2CCN(Cc3ccc4c(c3)OCO4)CC2)nc1,piribedil,1,high,2.0
LXOFYPKXCSULTL-UHFFFAOYSA-N,CC(C)CC(C)(O)C#CC(C)(O)CC(C)C,,1,med,1.0
XEGGRYVFLWGFHI-UHFFFAOYSA-N,CNC(=O)Oc1cccc2c1OC(C)(C)O2,,1,med,1.0
NZLBHDRPUJLHCE-UHFFFAOYSA-N,CCN(CC)CCCN(c1ccccc1)C1Cc2ccccc2C1,aprindine,1,high,2.0
HDFFVHSMHLDSLO-UHFFFAOYSA-N,O=P(O)(OCc1ccccc1)OCc1ccccc1,,0,med,1.0
OXYRENDGHPGWKV-UHFFFAOYSA-N,CC(CCO)CCc1ccccc1,,0,med,1.0
UJRRDDHEMZLWFI-UHFFFAOYSA-N,CC(=O)Nc1ncc([N+](=O)[O-])s1,aminitrozole,0,med,1.0
FEBLZLNTKCEFIT-VSXGLTOVSA-N,CC1(C)O[C@@H]2C[C@H]3[C@@H]4C[C@H](F)C5=CC(=O)C=C[C@]5(C)[C@@]4(F)[C@@H](O)C[C@]3(C)[C@]2(C(=O)CO)O1,FLUOCINOLONE ACETONIDE,0,med,1.0
RQUXYBHREKXNKT-UHFFFAOYSA-N,CCCCNS(=O)(=O)c1ccc(C)cc1,,0,med,1.0
FDKXTQMXEQVLRF-UHFFFAOYSA-N,CN(C)N=Nc1nc[nH]c1C(N)=O,Dacarbazine,0,med,1.0
FQEBOQLYHASAOY-UHFFFAOYSA-N,CNCc1cc(F)ccc1Oc1ccc(Cl)c(Cl)c1,,0,med,1.0
NPAGDVCDWIYMMC-IZPLOLCNSA-N,C[C@]12CC[C@H]3[C@@H](CCC4=CC(=O)CC[C@@H]43)[C@@H]1CC[C@@H]2O,nandrolone,1,high,2.0
WRUAHXANJKHFIL-UHFFFAOYSA-N,O=S(=O)(O)c1cccc(S(=O)(=O)O)c1,,0,med,1.0
JWMQOWBYKLZSPY-UHFFFAOYSA-N,COc1ccnc2c1CCCCC2[S+]([O-])c1nc2ccccc2[nH]1,,1,med,1.0
BELBBZDIHDAJOR-UHFFFAOYSA-N,O=S1(=O)OC(c2ccc(O)cc2)(c2ccc(O)cc2)c2ccccc21,phenolsulfonphthalein,0,med,1.0
ULSLJYXHZDTLQK-UHFFFAOYSA-N,O=c1oc2ccccc2c(O)c1C1CCCc2ccccc21,,1,med,1.0
VOVDTTBOHKOABC-UHFFFAOYSA-N,C=CCc1c(-c2cccc(NS(=O)(=O)c3cccs3)c2)oc(=O)c2cc(F)ccc12,CHEMBL4854331,0,med,1.0
LZAYOZUFUAMFLD-UHFFFAOYSA-N,OC1(c2ccc(Cl)cc2)CCNCC1,,0,med,1.0
GKIRPKYJQBWNGO-UHFFFAOYSA-N,CCN(CC)CCOc1ccc(C(=C(Cl)c2ccccc2)c2ccccc2)cc1,Clomiphene citrate,0,med,1.0
LDLCEGCJYSDJLX-UPHRSURJSA-N,Cl/C=C\C[N+]12CN3CN(CN(C3)C1)C2,,1,med,1.0
HSMPDPBYAYSOBC-UHFFFAOYSA-N,COc1c2occc2c(OC)c2c(=O)cc(C)oc12,khellin,1,med,1.0
FRPHFZCDPYBUAU-UHFFFAOYSA-N,Cc1c(C2(c3cc(Br)c(O)c(Br)c3C)OS(=O)(=O)c3ccccc32)cc(Br)c(O)c1Br,Bromocresol Green,0,med,1.0
LEBVLXFERQHONN-INIZCTEOSA-N,CCCCN1CCCC[C@H]1C(=O)Nc1c(C)cccc1C,LEVOBUPIVACAINE HYDROCHLORIDE,0,med,1.0
VEMDQCGHZNXORX-UHFFFAOYSA-N,CC(=O)CC(=O)Nc1ccc2[nH]c(=O)[nH]c2c1,,0,med,1.0
GJJFMKBJSRMPLA-HIFRSBDPSA-N,CCN(CC)C(=O)[C@]1(c2ccccc2)C[C@@H]1CN,"[(1S,2R)-2-(Diethylcarbamoyl)-2-phenylcyclopropyl]methylazanium;chloride",0,med,1.0
LNKFZWNGFUATGR-LZYBPNLTSA-N,Cc1ccc(/C=N/NC(=O)c2cc3cc([N+](=O)[O-])ccc3s2)o1,CHEMBL485519,0,med,1.0
WBLZUCOIBUDNBV-UHFFFAOYSA-N,O=C(O)CC[N+](=O)[O-],,0,med,1.0
VWGKEVWFBOUAND-UHFFFAOYSA-N,Oc1ccc(Sc2ccc(O)cc2)cc1,,1,med,1.0
ZZLCFHIKESPLTH-UHFFFAOYSA-N,Cc1ccc(-c2ccccc2)cc1,,0,med,1.0
XAPCMTMQBXLDBB-UHFFFAOYSA-N,CCCCCCOC(=O)CCC,,0,med,1.0
QTBSBXVTEAMEQO-UHFFFAOYSA-N,CC(=O)O,ACETIC ACID,1,high,2.0
QVTQYSFCFOGITD-UHFFFAOYSA-N,O=C(O)c1cc(Cl)ccc1Cl,,0,med,1.0
SMKRKQBMYOFFMU-USXIJHARSA-N,C#CCC1=C(C)[C@H](OC(=O)[C@H]2[C@H](C=C(C)C)C2(C)C)CC1=O,,0,med,1.0
MCIPQLOKVXSHTD-UHFFFAOYSA-N,C=CC(OCC)OCC,,0,med,1.0
ASIDMJNTHJYVQJ-UHFFFAOYSA-N,OCCCCCCCCCCCCBr,12-Bromo-1-dodecanol,1,med,1.0
QOYHHIBFXOOADH-UHFFFAOYSA-N,O=C1NCN(c2ccccc2)C12CCN(CCCC(c1ccc(F)cc1)c1ccc(F)cc1)CC2,fluspirilene,1,high,2.0
YHASWHZGWUONAO-UHFFFAOYSA-N,CCCC(=O)OC(=O)CCC,,0,med,1.0
LBGPXIPGGRQBJW-UHFFFAOYSA-N,Cn1c(-c2ccccc2)cc(-c2ccccc2)[n+]1C,,1,med,1.0
SOYCMDCMZDHQFP-UHFFFAOYSA-N,Nc1c(CC(=O)O)cccc1C(=O)c1ccccc1,,0,med,1.0
QUCQEUCGKKTEBI-UHFFFAOYSA-N,COc1cc2c(cc1OC)-c1cc3ccc(OC)c(OC)c3c[n+]1CC2,,1,med,1.0
KOQQKLZTINXBAS-UHFFFAOYSA-N,C=CCOCC(O)CS(=O)(=O)O,,0,med,1.0
ZPSFPNSXYWWGRF-UHFFFAOYSA-N,CCC(Cl)C(Cl)C(Cl)CC(Cl)C(Cl)C(C)Cl,,1,med,1.0
ORNBQBCIOKFOEO-QGVNFLHTSA-N,CC(=O)[C@H]1CC[C@H]2[C@@H]3CC=C4C[C@@H](O)CC[C@]4(C)[C@H]3CC[C@]12C,Pregnenolone,1,med,1.0
YDDGKXBLOXEEMN-IABMMNSOSA-N,O=C(/C=C/c1ccc(O)c(O)c1)O[C@@H](C(=O)O)[C@@H](OC(=O)/C=C/c1ccc(O)c(O)c1)C(=O)O,,0,med,1.0
ULUIMLJNTCECJU-UHFFFAOYSA-N,Nc1cc(S(=O)(=O)O)ccc1O,,0,med,1.0
UQEAIHBTYFGYIE-UHFFFAOYSA-N,C[Si](C)(C)O[Si](C)(C)C,,0,med,1.0
VHWFITPGPFLBGT-UHFFFAOYSA-N,O=C(O)c1cc2cc(Cc3cccnc3)ccc2o1,,0,med,1.0
KEQZHLAEKAVZLY-UHFFFAOYSA-N,N#Cc1c2ccccc2cc2ccccc12,,1,med,1.0
UXOWGYHJODZGMF-QORCZRPOSA-N,COCCCOc1cc(C[C@@H](C[C@H](N)[C@@H](O)C[C@H](C(=O)NCC(C)(C)C(N)=O)C(C)C)C(C)C)ccc1OC,ALISKIREN,1,high,2.0
WHOKDONDRZNCBC-UHFFFAOYSA-N,CC(C)OC(=O)COc1ccc(Cl)cc1Cl,,0,med,1.0
FGWZEOPEZISTTR-UHFFFAOYSA-N,CCCC(=O)Nc1ccc(O)c(C(C)=O)c1,,0,med,1.0
MYSWGUAQZAJSOK-UHFFFAOYSA-N,O=C(O)c1cn(C2CC2)c2cc(N3CCNCC3)c(F)cc2c1=O,Ciprofloxacin hydrochloride,1,high,2.0
GAJQCIFYLSXSEZ-UHFFFAOYSA-N,CCCCCCCCCCCCCOP(=O)(O)O,,0,med,1.0
MYDPDVXVDQMNLD-UHFFFAOYSA-N,Cc1c(-c2cccnc2)c2ccccc2n1CCCCC(=O)O,,1,med,1.0
ZDTPXUKLGIDOCS-SFHVURJKSA-N,c1ccc2cc(NC3=NC[C@@]4(CN5CCC4CC5)O3)ncc2c1,CHEMBL3918431,1,med,1.0
YNZFUWZUGRBMHL-UHFFFAOYSA-N,OCCN1CCN(CCCN2c3ccccc3C=Cc3ccccc32)CC1,opipramol,1,high,2.0
GWUSZQUVEVMBPI-UHFFFAOYSA-N,CN1C(=O)CN=C(c2ccccc2)c2cc([N+](=O)[O-])ccc21,nimetazepam,0,med,1.0
AIJTTZAVMXIJGM-UHFFFAOYSA-N,Cc1c(F)c(N2CCNC(C)C2)cc2c1c(=O)c(C(=O)O)cn2C1CC1,Drug 958,1,high,2.0
IXAWTPMDMPUGLV-UHFFFAOYSA-N,OCCOCC#CCOCCO,,0,med,1.0
AVYGCQXNNJPXSS-UHFFFAOYSA-N,Nc1cc(Cl)ccc1Cl,,0,med,1.0
NJSMWLQOCQIOPE-OCHFTUDZSA-N,C(=N/NC1=NCCN1)\c1c2ccccc2c(/C=N/NC2=NCCN2)c2ccccc12,bisantrene,1,med,1.0
AKZHPJMVGQRYGX-UHFFFAOYSA-N,NNc1nc(-c2ccc(N)cc2)cs1,,1,med,1.0
QVCMHGGNRFRMAD-XFGHUUIASA-N,C[C@H]1C(=O)O[C@@H]2CCN3CC=C(COC(=O)[C@](C)(O)[C@]1(C)O)[C@H]23,CHEMBL521035,1,high,2.0
JCLHQFUTFHUXNN-UHFFFAOYSA-N,CCOC(=O)C(c1c(O)c2ccccc2oc1=O)c1c(O)c2ccccc2oc1=O,ethyl biscoumacetate,0,med,1.0
RMVRSNDYEFQCLF-UHFFFAOYSA-N,Sc1ccccc1,,0,med,1.0
IBSQPLPBRSHTTG-UHFFFAOYSA-N,Cc1ccccc1Cl,,0,med,1.0
MLKXDPUZXIRXEP-MFOYZWKCSA-N,CC1=C(CC(=O)O)c2cc(F)ccc2/C1=C\c1ccc([S+](C)[O-])cc1,Drug 1099,1,med,1.0
GYSSRZJIHXQEHQ-UHFFFAOYSA-N,CC1=C(C(=O)Nc2ccccc2)SCCO1,Carboxin,1,med,1.0
HWSSEYVMGDIFMH-UHFFFAOYSA-N,C=C(C)C(=O)OCCOCCOCCOC(=O)C(=C)C,,0,med,1.0
UDIIBEDMEYAVNG-LZSNBCOPSA-N,CN[C@@H]1[C@@H](O)[C@@H](O[C@@H]2[C@@H](O)[C@H](O[C@H]3O[C@H](CN)[C@@H](O)[C@H](O)[C@H]3O)[C@@H](N)C[C@H]2NC(=O)C(O)CN)OC[C@]1(C)O,,0,med,1.0
RNVCVTLRINQCPJ-UHFFFAOYSA-N,Cc1ccccc1N,,0,med,1.0
LUFPJJNWMYZRQE-UHFFFAOYSA-N,c1ccc(CSCc2ccccc2)cc1,,0,med,1.0
BWHOZHOGCMHOBV-BQYQJAHWSA-N,CC(=O)/C=C/c1ccccc1,,0,med,1.0
VQJHOPSWBGJHQS-UHFFFAOYSA-N,Cc1nc(N)nc(N)c1-c1ccc(Cl)c(Cl)c1,Metoprine,1,med,1.0
UIVFUQKYVFCEKJ-OPTOVBNMSA-N,CC[C@@]1(O)C(=O)OCc2c1cc1n(c2=O)Cc2c-1nc1ccccc1c2/C=N/OC(C)(C)C,Gimatecan,1,med,1.0
RTCOGUMHFFWOJV-UHFFFAOYSA-N,COc1cc(OC)nc(NC(=O)NS(=O)(=O)c2ncccc2C(=O)N(C)C)n1,,0,med,1.0
KFUSEUYYWQURPO-UPHRSURJSA-N,Cl/C=C\Cl,,0,med,1.0
BVURVTVDNWSNFN-UHFFFAOYSA-N,CC(=O)OC1(c2ccccc2)CCN(CCc2ccccc2)CC1,1-(-2-Phenethyl)-4-phenyl-4-acetoxypiperidine,0,med,1.0
IHLAQQPQKRMGSS-UHFFFAOYSA-N,NC(=O)CN1CC(O)CC1=O,oxiracetam,0,med,1.0
KXUBAVLIJFTASZ-UHFFFAOYSA-N,CCC(=O)N(c1ccc(F)cc1)C1CCN(CCc2ccccc2)CC1,N-(4-fluorophenyl)-N-(1-(2-phenylethyl)-4-piperidinyl)propanamide,0,med,1.0
SXYIRMFQILZOAM-HVNFFKDJSA-N,CO[C@H]1O[C@@H]2O[C@@]3(C)CC[C@H]4[C@H](C)CC[C@@H]([C@H]1C)[C@@]24OO3,ARTEMETHER,1,med,1.0
DIOQZVSQGTUSAI-UHFFFAOYSA-N,CCCCCCCCCC,,1,med,1.0
WURBFLDFSFBTLW-UHFFFAOYSA-N,O=C(C(=O)c1ccccc1)c1ccccc1,,0,med,1.0
FUSNMLFNXJSCDI-UHFFFAOYSA-N,Cc1cccc(N(C)C(=S)Oc2ccc3ccccc3c2)c1,tolnaftate,0,med,1.0
NNOPDLNHPOLRRE-UHFFFAOYSA-N,CCCCc1cc2c(=O)c(C(=O)OC)c[nH]c2cc1OCc1ccccc1,Nequinate,0,med,1.0
YWUHBIFVNJARPY-UHFFFAOYSA-N,[TlH3],,0,med,1.0
OVXRPXGVKBHGQO-UYWIDEMCSA-N,COC(=O)[C@]1(C)CCC[C@@]2(C)[C@H]1CC=C1C=C(C(C)C)CC[C@@H]12,,1,med,1.0
DULCUDSUACXJJC-UHFFFAOYSA-N,CCOC(=O)Cc1ccccc1,,0,med,1.0
XXEPPPIWZFICOJ-UHFFFAOYSA-N,CCN(CC)C(C)C(=O)c1ccccc1,Diethylpropion hydrochloride,0,med,1.0
FASDKYOPVNHBLU-ZETCQYMHSA-N,CCCN[C@H]1CCc2nc(N)sc2C1,PRAMIPEXOLE,1,high,2.0
RJOUHGWLHPOQSA-UHFFFAOYSA-N,Cc1cccc(C)c1NC(=O)CN1CCCCCC1,,0,med,1.0
FMMOOAYVCKXGMF-MURFETPASA-N,CCCCC/C=C\C/C=C\CCCCCCCC(=O)OCC,,1,med,1.0
MELXIJRBKWTTJH-UHFFFAOYSA-N,OCC(Br)=C(Br)CO,,0,med,1.0
UBRKDAVQCKZSPO-UHFFFAOYSA-N,CCN(CC)CC1CCCCN1CC(=O)N1c2ccccc2C(=O)Nc2cccnc21,,0,med,1.0
ROHFNLRQFUQHCH-RXMQYKEDSA-N,CC(C)C[C@@H](N)C(=O)O,D-Leucine,0,med,1.0
TVZGACDUOSZQKY-LBPRGKRZSA-N,Nc1nc(N)c2nc(CNc3ccc(C(=O)N[C@@H](CCC(=O)O)C(=O)O)cc3)cnc2n1,aminopterin,0,med,1.0
YWQGBCXVCXMSLJ-UHFFFAOYSA-N,CCOC(=O)C(C)(CC)Oc1ccc(Cc2ccc(Cl)cc2)cc1,CHEMBL152684,1,med,1.0
LTYMSROWYAPPGB-UHFFFAOYSA-N,c1ccc(Sc2ccccc2)cc1,,1,med,1.0
VDEUYMSGMPQMIK-UHFFFAOYSA-N,O=C(NO)c1ccccc1,Benzohydroxamic acid,0,med,1.0
RIZMRRKBZQXFOY-UHFFFAOYSA-N,CCOP(=S)(OCC)SCSP(=S)(OCC)OCC,,1,med,1.0
MMOXZBCLCQITDF-UHFFFAOYSA-N,CCN(CC)C(=O)c1cccc(C)c1,diethyltoluamide,0,med,1.0
LOCHFZBWPCLPAN-UHFFFAOYSA-N,CCC(C)S,,0,med,1.0
MLQRZXNZHAOCHQ-SIKLNZKXSA-N,CCC(=O)N(c1ccccc1)[C@@H]1CCN(CCc2ccccc2)C[C@@H]1C,,0,med,1.0
KFZMGEQAYNKOFK-UHFFFAOYSA-N,CC(C)O,ISOPROPYL ALCOHOL,0,med,1.0
XLYMOEINVGRTEX-UHFFFAOYSA-N,CCOC(=O)C=CC(=O)O,,1,med,1.0
CIWBSHSKHKDKBQ-DUZGATOHSA-N,O=C1O[C@H]([C@H](O)CO)C(O)=C1O,,0,med,1.0
RTXOFQZKPXMALH-GHXIOONMSA-N,C=CC1=C(C(=O)O)N2C(=O)[C@@H](NC(=O)/C(=N\O)c3csc(N)n3)[C@H]2SC1,Drug 1152,1,med,1.0
HYFFNAVAMIJUIP-UHFFFAOYSA-N,CCC(CO)CO,,0,med,1.0
CPTIBDHUFVHUJK-NZYDNVMFSA-N,CCNNC(=O)[C@@H]1[C@H](c2cc(OC)c(OC)c(OC)c2)c2cc3c(cc2[C@H](O)[C@H]1CO)OCO3,mitopodozide,1,med,1.0
XIMXJQOPHNZJDD-IKGOXKCFSA-N,CC1=C2N=C(C=C3N=C(C(C)=C4NC(C(CC(N)=O)C4(C)CCC(=O)NCC(C)OP(=O)(O)O[C@H]4[C@@H](O)[C@@H](n5cnc6cc(C)c(C)cc65)O[C@@H]4CO)C4(C)N=C1C(CCC(N)=O)C4(C)CC(N)=O)C(CCC(N)=O)C3(C)C)C(CCC(N)=O)C2(C)CC(N)=O,,0,med,1.0
KLKQSZIWHVEARN-UHFFFAOYSA-N,CC(C)C(=O)OCC=Cc1ccccc1,,0,med,1.0
DENFJSAFJTVPJR-UHFFFAOYSA-N,CCO[Si](CC)(OCC)OCC,,0,med,1.0
FMKJUUQOYOHLTF-OWOJBTEDSA-N,NC/C=C/C(=O)O,,0,med,1.0
KZTYYGOKRVBIMI-UHFFFAOYSA-N,O=S(=O)(c1ccccc1)c1ccccc1,,0,med,1.0
UZFLPKAIBPNNCA-BQYQJAHWSA-N,CC(=O)/C=C/C1C(C)=CCCC1(C)C,,0,med,1.0
RBKRCARRXLFUGJ-UHFFFAOYSA-N,CCC(C)(CCCC(C)C)OC(C)=O,,0,med,1.0
QBPFLULOKWLNNW-UHFFFAOYSA-N,O=C1c2cccc(O)c2C(=O)c2c(O)cccc21,,1,med,1.0
VQHGRIUWSVCJPX-ULPOLMMYSA-N,CC(=O)O[C@@H]1CC2C3CCc4cc(OC(=O)c5ccccc5)ccc4C3CCC2(C)[C@H]1OC(C)=O,,0,med,1.0
MVMQESMQSYOVGV-OAHLLOKOSA-N,C[C@@H](C1=C(CCN(C)C)Cc2ccccc21)c1ccccn1,,0,med,1.0
ZBJWWKFMHOAPNS-UHFFFAOYSA-N,O=S(=O)(O)c1cc(I)c(O)c2ncccc12,loretin,0,med,1.0
RUELTTOHQODFPA-UHFFFAOYSA-N,Cc1c(N=C=O)cccc1N=C=O,,0,med,1.0
JVGPVVUTUMQJKL-UHFFFAOYSA-N,CCCCOCCOCCSC#N,,0,med,1.0
KGEKLUUHTZCSIP-SQLBVSGCSA-N,CC(=O)O[C@@H]1CC2CCC1(C)C2(C)C,,0,med,1.0
BZNDWPRGXNILMS-VQHVLOKHSA-N,CCNP(=S)(OC)O/C(C)=C/C(=O)OC(C)C,,1,med,1.0
GOZUADYOHPCXLE-UHFFFAOYSA-N,CC(C)/N=C/Nc1ccc(-c2c[nH]cn2)cc1,CHEMBL308005,1,med,1.0
JRXGULDSFFLUAO-UHFFFAOYSA-N,CC1(C)OC(=O)Nc2ccc(Br)cc21,,0,med,1.0
LZCBNYVJTNCPDR-UHFFFAOYSA-N,COc1ccc(S(=O)(=O)Nc2nnc(CC(C)C)s2)cc1,,0,med,1.0
WAVOOWVINKGEHS-UHFFFAOYSA-N,CCN(CC)c1cccc(O)c1,,1,med,1.0
DVFGEIYOLIFSRX-UHFFFAOYSA-N,CCCCC(CC)COCCCN,,0,med,1.0
AAQOQKQBGPPFNS-UHFFFAOYSA-N,CC[N+](C)(C)Cc1ccccc1Br,BRETYLIUM TOSYLATE,0,med,1.0
ILQHIGIKULUQFQ-UHFFFAOYSA-N,CCCCCCCCCCCCn1cc[n+](C)c1,,1,med,1.0
RZBBHEJLECUBJT-UHFFFAOYSA-N,CC(C)CCCCCOC(=O)CS,,0,med,1.0
ZXDDPOHVAMWLBH-UHFFFAOYSA-N,O=C(c1ccccc1)c1ccc(O)cc1O,,1,med,1.0
KCTMTGOHHMRJHZ-UHFFFAOYSA-N,C=CC(=O)NCOCC(C)C,,0,med,1.0
UOMKBIIXHQIERR-UHFFFAOYSA-N,O=C(O)Cn1c2ccccc2c(=O)c2ccccc21,cridanimod,1,med,1.0
ZMXYNJXDULEQCK-UHFFFAOYSA-N,Cc1ccc(O)c(N)c1,2-Amino-4-methylphenol,1,med,1.0
ANJNOJFLVNXCHT-UHFFFAOYSA-N,Cc1cccc(N(C)C(=S)Oc2ccc3c(c2)CCC3)c1,tolindate,1,med,1.0
YSIMAPNUZAVQER-UHFFFAOYSA-N,CCCCCCCC#N,,0,med,1.0
DJNZZLZKAXGMMC-UHFFFAOYSA-N,COc1cc(C(=O)NC2CCN(C)CC2)ccc1Nc1ncc2c(n1)N(C1CCCC1)CC(F)(F)C(=O)N2C,,0,med,1.0
QUQPHWDTPGMPEX-QJBIFVCTSA-N,COc1ccc([C@@H]2CC(=O)c3c(O)cc(O[C@@H]4O[C@H](CO[C@@H]5O[C@@H](C)[C@H](O)[C@@H](O)[C@H]5O)[C@@H](O)[C@H](O)[C@H]4O)cc3O2)cc1O,Hesperidin,0,med,1.0
VFAVNRVDTAPBNR-UHFFFAOYSA-N,CC(NC(CCc1ccccc1)C(=O)O)C(=O)N1C(=O)N(C)CC1C(=O)O,,0,med,1.0
KCCGFZWBVFNFGW-UHFFFAOYSA-N,O=C1c2ccc3c4c(c(NCCN5CCCC5)cc(c24)C(=O)N1CCCN1CCOCC1)C(=O)N(CCCN1CCOCC1)C3=O,CHEMBL4103012,0,med,1.0
SPEUIVXLLWOEMJ-UHFFFAOYSA-N,COC(C)OC,,0,med,1.0
ROWKJAVDOGWPAT-UHFFFAOYSA-N,CC(=O)C(C)O,,0,med,1.0
KDGDTPNBDMVKHC-XIAWMOHYSA-N,CC[C@H]1CC[C@H](NCc2cc3c(cc2OC)[C@H]2C[C@H]2C(=O)N3C)[C@H](c2ccccc2)N1,,1,med,1.0
DZLNHFMRPBPULJ-VKHMYHEASA-N,O=C(O)[C@@H]1CSCN1,L-Thioproline,0,med,1.0
GSEJCLTVZPLZKY-UHFFFAOYSA-N,OCCN(CCO)CCO,trolamine,0,med,1.0
IAIHUHQCLTYTSF-OYNCUSHFSA-N,CC1(C)[C@H]2CC[C@](C)(C2)[C@H]1O,,0,med,1.0
YREQHYQNNWYQCJ-UHFFFAOYSA-N,CCOc1ccc(C(C)(C)COCc2cccc(Oc3ccccc3)c2)cc1,,0,med,1.0
YNPNZTXNASCQKK-UHFFFAOYSA-N,c1ccc2c(c1)ccc1ccccc12,,0,med,1.0
CESIUPFUCGHEPP-UHFFFAOYSA-N,CCc1cc(SCc2sc(-c3ccc(C(F)(F)F)cc3)nc2CN2CCN(c3ccc(OC)cc3)CC2)ccc1OCC(=O)O,,1,med,1.0
AGHANLSBXUWXTB-UHFFFAOYSA-N,O=C(O)COc1ccc(C(=O)c2cccs2)c(Cl)c1Cl,Ticrynafen,0,med,1.0
QQKNSPHAFATFNQ-UHFFFAOYSA-N,Cc1oc(-c2ccccc2)nc1CCC(=O)c1ccc(CC2SC(=O)NC2=O)cc1,Darglitazone,1,med,1.0
MPHPHYZQRGLTBO-UHFFFAOYSA-N,CCCC1C(=O)N2C(N(C)C)=Nc3ccc(C)cc3N2C1=O,azapropazone,1,med,1.0
DMIYKWPEFRFTPY-UHFFFAOYSA-N,O=Cc1c(Cl)cccc1Cl,,0,med,1.0
JPVYNHNXODAKFH-UHFFFAOYSA-N,[Cu+2],cupric chloride,1,med,1.0
PQIKUMYNSRASMV-UHFFFAOYSA-N,CCN1CCN(c2ccc(Nc3ncc(C)c(Nc4ccc5cn[nH]c5c4)n3)cc2OC)CC1,CHEMBL5187925,0,med,1.0
FYGDTMLNYKFZSV-PXXRMHSHSA-N,OC[C@H]1O[C@H](O[C@H]2[C@H](O)[C@@H](O)[C@@H](O[C@H]3[C@H](O)[C@@H](O)[C@@H](O)O[C@@H]3CO)O[C@@H]2CO)[C@H](O)[C@@H](O)[C@@H]1O,alpha-Maltotriose,0,med,1.0
HJDRXEQUFWLOGJ-AJNGGQMLSA-N,CC(=O)N[C@@H](CO)C(=O)N[C@@H](CC(=O)O)C(=O)N[C@@H](CCCCN)C(=O)N1CCC[C@H]1C(=O)O,,0,med,1.0
ISWRGOKTTBVCFA-UHFFFAOYSA-N,Cc1ccc(=O)n(-c2ccccc2)c1,Pirfenidone,0,med,1.0
GPLGAQQQNWMVMM-MYAJQUOBSA-N,C[C@H]1[C@H]2CC[C@H]3[C@@H]4CC=C5C[C@@H](N(C)C)CC[C@]5(C)[C@H]4CC[C@]23CN1C,,0,med,1.0
QEBNYNLSCGVZOH-NFAWXSAZSA-N,C=C(C)[C@@H]1CCC2=CCC[C@@H](C)[C@]2(C)C1,,1,med,1.0
ZZCHHVUQYRMYLW-HKBQPEDESA-N,Cc1oc(-c2ccccc2)nc1CCOc1ccc(C[C@H](Nc2ccccc2C(=O)c2ccccc2)C(=O)O)cc1,,0,med,1.0
GKTWGGQPFAXNFI-HNNXBMFYSA-N,COC(=O)[C@H](c1ccccc1Cl)N1CCc2sccc2C1,CLOPIDOGREL,0,med,1.0
YIOCIFXUGBYCJR-UHFFFAOYSA-N,O=C(O)C(c1ccc(Cl)cc1)c1ccc(Cl)cc1,,0,med,1.0
BTMVHUNTONAYDX-UHFFFAOYSA-N,CCCCOC(=O)CC,,0,med,1.0
RPCHOOHBCZMYSY-UHFFFAOYSA-N,O=C(CNS(=O)(=O)c1ccccc1C(=O)NCCc1ccccc1)Nc1ccc(O)cc1,CHEMBL4762179,1,med,1.0
ARAIBEBZBOPLMB-UFGQHTETSA-N,CC(=O)N[C@H]1[C@H]([C@H](O)[C@H](O)CO)OC(C(=O)O)=C[C@@H]1N=C(N)N,Zanamivir,1,high,2.0
SNDGLCYYBKJSOT-UHFFFAOYSA-N,CCCCN(CCCC)C(=O)N(CCCC)CCCC,,0,med,1.0
KFPBGJYBKSQIAI-UHFFFAOYSA-N,N#Cc1nc(Cl)c(Cl)c(Cl)c1Cl,,1,med,1.0
NNAIYOXJNVGUOM-UHFFFAOYSA-N,CCNC(=O)N1CCN(CCCC(c2ccc(F)cc2)c2ccc(F)cc2)CC1,amperozide,1,med,1.0
JXTHNDFMNIQAHM-UHFFFAOYSA-N,O=C(O)C(Cl)Cl,dichloroacetic acid,0,med,1.0
ZYEMGPIYFIJGTP-UHFFFAOYSA-N,C=CCc1ccc(OC)c(OC)c1,,0,med,1.0
QUBQYFYWUJJAAK-UHFFFAOYSA-N,O=C(NCO)NCO,oxymethurea,0,med,1.0
OLBCVFGFOZPWHH-UHFFFAOYSA-N,CC(C)c1cccc(C(C)C)c1O,Propofol,1,high,2.0
YRHYCMZPEVDGFQ-UHFFFAOYSA-N,CCCCCCCCCC(=O)OC,,0,med,1.0
IBVPVTPPYGGAEL-UHFFFAOYSA-N,C=C(C)c1cccc(C(=C)C)c1,,0,med,1.0
GJJRIOLBUILIGK-UHFFFAOYSA-N,CCCCOCC(CN1C(=O)N(CC(COCCCC)OC(N)=O)C(=O)C(CC)(c2ccccc2)C1=O)OC(N)=O,difebarbamate,1,med,1.0
VHGCDTVCOLNTBX-QGZVFWFLSA-N,CNCC[C@@H](Oc1ccccc1C)c1ccccc1,Atomoxetine Hydrochloride,1,high,2.0
UPZFHUODAYGHDZ-RMKNXTFCSA-N,COc1ccc(C(=O)/C(Br)=C\C(=O)O)cc1,bromebric acid,1,med,1.0
GSCCALZHGUWNJW-UHFFFAOYSA-N,CN(C1CCCCC1)C1CCCCC1,,0,med,1.0
DLGOEMSEDOSKAD-UHFFFAOYSA-N,O=NN(CCCl)C(=O)NCCCl,CARMUSTINE,1,med,1.0
SXRSQZLOMIGNAQ-UHFFFAOYSA-N,O=CCCCC=O,glutaral,1,med,1.0
ZZORFUFYDOWNEF-UHFFFAOYSA-N,COc1cc(NS(=O)(=O)c2ccc(N)cc2)nc(OC)n1,,0,med,1.0
GIZUBEWPWIDDGU-NQPBXATLSA-N,COc1cc([C@@H]2Oc3cc([C@H]4Oc5cc(O)cc(O)c5C(=O)[C@@H]4O)ccc3O[C@H]2COC(=O)CCC(=O)NCCCCCCNc2c3c(nc4ccccc24)CCCC3)ccc1O,CHEMBL2204447,0,med,1.0
QNLIUVLFRVYNCV-XIFFEERXSA-N,CN(C)C(=O)NC1(c2ccccc2)CCN(CC[C@@]2(c3ccc(F)c(F)c3)CN(C(=O)c3ccccc3)CCO2)CC1,,0,med,1.0
WMBWREPUVVBILR-WIYYLYMNSA-N,O=C(O[C@@H]1Cc2c(O)cc(O)cc2O[C@@H]1c1cc(O)c(O)c(O)c1)c1cc(O)c(O)c(O)c1,Epigallocatechin Gallate,0,med,1.0
HAPOVYFOVVWLRS-UHFFFAOYSA-N,CCC1(C)CC(=O)NC1=O,ETHOSUXIMIDE,1,high,2.0
SYJGKVOENHZYMQ-UHFFFAOYSA-N,COc1cnc(OC)n2nc(NS(=O)(=O)c3c(OCC(F)F)cccc3C(F)(F)F)nc12,,0,med,1.0
SPFYMRJSYKOXGV-UHFFFAOYSA-N,CCN1CCN(c2cc3c(cc2F)c(=O)c(C(=O)O)cn3C2CC2)CC1,Enrofloxacin,0,med,1.0
XKORCTIIRYKLLG-UHFFFAOYSA-N,COC(=O)C=C(C)N,,0,med,1.0
PMATZTZNYRCHOR-CGLBZJNRSA-N,C/C=C/C[C@@H](C)[C@@H](O)[C@H]1C(=O)N[C@@H](CC)C(=O)N(C)CC(=O)N(C)[C@@H](CC(C)C)C(=O)N[C@@H](C(C)C)C(=O)N(C)[C@@H](CC(C)C)C(=O)N[C@@H](C)C(=O)N[C@H](C)C(=O)N(C)[C@@H](CC(C)C)C(=O)N(C)[C@@H](CC(C)C)C(=O)N(C)[C@@H](C(C)C)C(=O)N1C,Drug 1071,1,med,1.0
BBDAGFIXKZCXAH-CCXZUQQUSA-N,N=c1ccn2c(n1)O[C@H]1[C@H](O)[C@@H](CO)O[C@H]12,ancitabine,1,med,1.0
PLHJDBGFXBMTGZ-WEVVVXLNSA-N,O=C1OCCN1/N=C/c1ccc([N+](=O)[O-])o1,FURAZOLIDONE,1,med,1.0
VXCUURYYWGCLIH-UHFFFAOYSA-N,CCCCCCCCCCCC#N,,0,med,1.0
ALQSHHUCVQOPAS-UHFFFAOYSA-N,OCCCCCO,,0,med,1.0
ZMCBYSBVJIMENC-UHFFFAOYSA-N,CCOC(=O)c1cccc(N)c1,Ethyl 3-aminobenzoate,0,med,1.0
XMTQQYYKAHVGBJ-UHFFFAOYSA-N,CN(C)C(=O)Nc1ccc(Cl)c(Cl)c1,,1,med,1.0
XMHNLZXYPAULDF-UHFFFAOYSA-N,Fc1cc(Br)ccc1CBr,,0,med,1.0
LXFKHPXXAPOYCC-UHFFFAOYSA-N,CN1N=C(C(N)=O)CCC1=O,,0,med,1.0
SGEJQUSYQTVSIU-UHFFFAOYSA-N,CCCCN(CC)C(=O)SCCC,,0,med,1.0
DKHGMERMDICWDU-GHDNBGIDSA-N,CC(C)=CCC/C(C)=C/CC/C(C)=C/CC/C(C)=C/CC1=C(C)C(=O)c2ccccc2C1=O,menatetrenone,1,med,1.0
BRQMAAFGEXNUOL-UHFFFAOYSA-N,CCCCC(CC)COC(=O)OOC(C)(C)C,,0,med,1.0
KLOHYVOVXOUKQI-UHFFFAOYSA-N,CN1CCC(N(Cc2cccs2)c2ccccc2)CC1,,0,med,1.0
TYZROVQLWOKYKF-ZDUSSCGKSA-N,CC(=O)NC[C@H]1CN(c2ccc(N3CCOCC3)c(F)c2)C(=O)O1,Drug 828,1,high,2.0
KHXBULXCCPIELT-UHFFFAOYSA-N,O=C1C(=Cc2cccs2)CCCC1=Cc1cccs1,,1,med,1.0
ZCJYUTQZBAIHBS-UHFFFAOYSA-N,Clc1ccc(C(Cn2ccnc2)OCc2ccc(Sc3ccccc3)cc2)c(Cl)c1,fenticonazole,1,med,1.0
LWYJUZBXGAFFLP-OCNCTQISSA-N,CO[C@@H]1C[C@](C)(O)Cc2cc3c(c(O)c21)C(=O)c1c(O)cc2c(c1C3=O)O[C@@H]1O[C@@]2(C)[C@H](O)[C@@H](N(C)C)[C@@H]1O,CHEMBL1234391,1,med,1.0
QHDRKFYEGYYIIK-UHFFFAOYSA-N,CC(C)CC#N,,0,med,1.0
HSQFVBWFPBKHEB-UHFFFAOYSA-N,Oc1ccc(Cl)c(Cl)c1Cl,,1,med,1.0
XDLMVUHYZWKMMD-UHFFFAOYSA-N,C=C(C)C(=O)OCCC[Si](OC)(OC)OC,,0,med,1.0
SYLKGLMBLAAGSC-QLVMHMETSA-N,NC(=O)c1cc[n+](CC2=C(C(=O)O)N3C(=O)[C@@H](NC(=O)[C@@H](c4ccccc4)S(=O)(=O)[O-])[C@H]3SC2)cc1,cefsulodin,1,med,1.0
MQCPOLNSJCWPGT-UHFFFAOYSA-N,Oc1ccccc1Cc1ccccc1O,,1,med,1.0
LTMHDMANZUZIPE-PUGKRICDSA-N,C[C@H]1O[C@@H](O[C@H]2[C@@H](O)C[C@H](O[C@H]3[C@@H](O)C[C@H](O[C@H]4CC[C@@]5(C)[C@H](CC[C@@H]6[C@@H]5C[C@@H](O)[C@]5(C)[C@@H](C7=CC(=O)OC7)CC[C@]65O)C4)O[C@@H]3C)O[C@@H]2C)C[C@H](O)[C@@H]1O,DIGOXIN,1,med,1.0
WRDGCEJTVASZOY-ROZQZRAFSA-N,CN(C[C@@H](CC[N+]12CCC(C3CCCCC3)(CC1)CC2)c1ccc(Cl)c(Cl)c1)C(=O)c1cc(C(F)(F)F)cc(C(F)(F)F)c1,,0,med,1.0
ALZOLUNSQWINIR-UHFFFAOYSA-N,Cc1cnc2c(C(=O)O)c(Cl)ccc2c1,,0,med,1.0
OGDVEMNWJVYAJL-LEPYJNQMSA-N,CCOc1ccc2c3c1O[C@H]1[C@@H](O)C=C[C@H]4[C@@H](C2)N(C)CC[C@@]341,ethylmorphine,0,med,1.0
XLPDVYGDNRIQFV-UHFFFAOYSA-N,Cc1ccc(C(C)(C)O)cc1,,0,med,1.0
MOZDKDIOPSPTBH-UHFFFAOYSA-N,O=C(OCc1ccccc1)c1ccc(O)cc1,Benzyl 4-Hydroxybenzoate,1,med,1.0
BAFQDKPJKOLXFZ-UHFFFAOYSA-N,COP(=O)(OC)Oc1ccc([N+](=O)[O-])cc1,,0,med,1.0
GIMSJJHKKXRFGV-BYPJNBLXSA-N,Nc1nc(=O)n([C@@H]2O[C@H](CO)[C@@H](O)[C@@H]2F)cc1I,Fiac,0,med,1.0
MXORDJXBRHNWBE-UHFFFAOYSA-N,Oc1ccc(-c2ccccc2)c(Cl)c1,,1,med,1.0
XKLMZUWKNUAPSZ-UHFFFAOYSA-N,COc1ccccc1OCC(O)CN1CCN(CC(=O)Nc2c(C)cccc2C)CC1,RANOLAZINE,0,med,1.0
DKYWVDODHFEZIM-UHFFFAOYSA-N,CC(C(=O)O)c1cccc(C(=O)c2ccccc2)c1,Ketoprofen,0,med,1.0
NBBJYMSMWIIQGU-UHFFFAOYSA-N,CCC=O,,0,med,1.0
HUPFGZXOMWLGNK-UHFFFAOYSA-N,O=C(O)c1cc(-c2ccc(F)cc2F)ccc1O,Diflunisal,1,high,2.0
DIDYGLSKVUKRRP-UHFFFAOYSA-N,CCN(CC)CCOC(=O)C(C)(c1ccccc1)c1ccccc1,,0,med,1.0
WYRNRZQRKCXPLA-UHFFFAOYSA-N,CCN(CCC#N)c1ccccc1,,0,med,1.0
PCBSXBYCASFXTM-UHFFFAOYSA-N,COc1ccc(CCC(C)=O)cc1,,0,med,1.0
PKXHXOTZMFCXSH-UHFFFAOYSA-N,C=CC(C)(C)C,,0,med,1.0
HFZWRUODUSTPEG-UHFFFAOYSA-N,Oc1ccc(Cl)cc1Cl,,1,med,1.0
OQGWJZOWLHWFME-UHFFFAOYSA-N,CCc1[nH]c(=O)[nH]c1C(=O)c1ccncc1,CHEMBL58355,1,med,1.0
ZKMNUMMKYBVTFN-HNNXBMFYSA-N,CCCN1CCCC[C@H]1C(=O)Nc1c(C)cccc1C,ROPIVACAINE,0,med,1.0
NWPKEYHUZKMWKJ-UHFFFAOYSA-N,CCOc1ccc([N+](=O)[O-])cc1,,1,med,1.0
IDQBJILTOGBZCR-UHFFFAOYSA-N,CCCCOC(O)CC,,0,med,1.0
JFDZBHWFFUWGJE-UHFFFAOYSA-N,N#Cc1ccccc1,,0,med,1.0
ATFARZXNCCWOKJ-MGDYUOCISA-N,Nc1ccc(/N=N/c2ccc(-c3ccc(/N=N/c4c(S(=O)(=O)O)cc5cc(S(=O)(=O)O)c(/N=N/c6ccccc6)c(O)c5c4N)cc3)cc2)c(N)c1,,1,med,1.0
SRAQFALNAGNAQE-UHFFFAOYSA-N,Cc1cc(CCN2CCN(c3nsc4ccccc34)CC2)cc2c1NC(=O)CC2(C)C,,1,med,1.0
NOEGNKMFWQHSLB-UHFFFAOYSA-N,O=Cc1ccc(CO)o1,5-(Hydroxymethyl)furfural,0,med,1.0
SWUIQEBPZIHZQS-UHFFFAOYSA-N,Cc1ccc2c(c1)OCC(=O)CO2,,0,med,1.0
HCYFGRCYSCXKNQ-UHFFFAOYSA-N,Cn1c(=O)c2c(ncn2CC(=O)O)n(C)c1=O,acefylline,0,med,1.0
CUARLQDWYSRQDF-UHFFFAOYSA-N,O=[N+]([O-])c1ccc2c3c(cccc13)CC2,,1,med,1.0
NJWIMFZLESWFIM-UHFFFAOYSA-N,ClCc1ccccn1,,0,med,1.0
MQHLMHIZUIDKOO-AYHJJNSGSA-N,CCC(C)(C)c1ccc(CC(C)CN2C[C@@H](C)O[C@@H](C)C2)cc1,amorolfine,1,med,1.0
UMNOIMVMNARUSB-UHFFFAOYSA-N,CCOC(=O)COc1ccc(C)cc1,,1,med,1.0
CXQXSVUQTKDNFP-UHFFFAOYSA-N,C[Si](C)(C)O[Si](C)(C)O[Si](C)(C)C,,0,med,1.0
DFEYYRMXOJXZRJ-UHFFFAOYSA-N,FCOC(C(F)(F)F)C(F)(F)F,SEVOFLURANE,0,med,1.0
TVZIWRMELPWPPR-UHFFFAOYSA-N,CC(=O)CC(=O)Nc1ccccc1C,,0,med,1.0
OILUAKBAMVLXGF-UHFFFAOYSA-N,CC(CC(=O)O)CC(C)(C)C,,0,med,1.0
RVGLGHVJXCETIO-UHFFFAOYSA-N,N#Cc1cc(NC(=O)C(=O)O)c(Cl)c(NC(=O)C(=O)O)c1,LODOXAMIDE,0,med,1.0
CYWFCPPBTWOZSF-UHFFFAOYSA-N,CC(C)Cc1ccc(CC(=O)O)cc1,Ibufenac,1,high,2.0
WPYCRFCQABTEKC-UHFFFAOYSA-N,c1cc(OCC2CO2)cc(OCC2CO2)c1,,1,med,1.0
WYAFRUSXLQYNMU-UHFFFAOYSA-N,CC(C)Cc1ccc(C(C)c2nnc3sc(-c4ccc(Cl)cc4Cl)nn23)cc1,CHEMBL491844,0,med,1.0
NHQRGANZTFGVLD-RUPUAKOCSA-N,Cc1cn([C@@H]2O[C@]3(CO)CON(C)[C@@H]2[C@@H]3OP(O)(=S)OC[C@]23CON(C)[C@@H]([C@H](n4cc(C)c(=O)[nH]c4=O)O2)[C@@H]3OP(O)(=S)OC[C@H]2O[C@@H](n3cc(C)c(=O)[nH]c3=O)C[C@@H]2OP(O)(=S)OC[C@H]2O[C@@H](n3cnc4c(N)ncnc43)[C@H](O)[C@@H]2OP(O)(=S)OC[C@H]2O[C@@H](n3cnc4c(=O)[nH]c(N)nc43)[C@H](O)[C@@H]2OP(O)(=S)OC[C@H]2O[C@@H](n3ccc(N)nc3=O)[C@H](O)[C@@H]2OP(O)(=S)OC[C@H]2O[C@@H](n3cnc4c(N)ncnc43)[C@H](O)[C@@H]2OP(O)(=S)OC[C@H]2O[C@@H](n3ccc(N)nc3=O)[C@H](O)[C@@H]2OP(O)(=S)OC[C@H]2O[C@@H](n3cc(C)c(=O)[nH]c3=O)C[C@@H]2OP(O)(=S)OC[C@H]2O[C@@H](n3cnc4c(=O)[nH]c(N)nc43)[C@H](O)[C@@H]2OP(O)(=S)OC[C@H]2O[C@@H](n3cnc4c(=O)[nH]c(N)nc43)[C@H](O)[C@@H]2OP(O)(=S)OC[C@H]2O[C@@H](n3ccc(N)nc3=O)[C@H](O)[C@@H]2OP(O)(=S)OC[C@]23CON(C)[C@@H]([C@H](n4cc(C)c(N)nc4=O)O2)[C@@H]3OP(O)(=S)OC[C@]23CON(C)[C@@H]([C@H](n4cc(C)c(=O)[nH]c4=O)O2)[C@@H]3O)c(=O)nc1N,CHEMBL1093004,0,med,1.0
BPRYUXCVCCNUFE-UHFFFAOYSA-N,Cc1cc(C)c(O)c(C)c1,,0,med,1.0
VHOMAPWVLKRQAZ-UHFFFAOYSA-N,CCC(=O)OCc1ccccc1,,0,med,1.0
VXTWEDPZMSVFEF-UHFFFAOYSA-N,CC(Cc1ccccc1)NN,pheniprazine,1,med,1.0
ASSKVPFEZFQQNQ-UHFFFAOYSA-N,O=c1[nH]c2ccccc2o1,,0,med,1.0
QCHFTSOMWOSFHM-WPRPVWTQSA-N,CC[C@@H]1C(=O)OC[C@@H]1Cc1cncn1C,PILOCARPINE,0,med,1.0
ANUSOIHIIPAHJV-UHFFFAOYSA-N,Oc1ccc(Cl)cc1Sc1cc(Cl)ccc1O,fenticlor,1,med,1.0
VHEWQRWLIDWRMR-UHFFFAOYSA-N,COP(=S)(NC(C)C)Oc1ccc(C)cc1[N+](=O)[O-],,1,med,1.0
LVGKNOAMLMIIKO-QXMHVHEDSA-N,CCCCCCCC/C=C\CCCCCCCC(=O)OCC,,0,med,1.0
UTKUVRNVYFTEHF-UHFFFAOYSA-N,Nc1ccc([N+](=O)[O-])c(C(F)(F)F)c1,,0,med,1.0
BZKPWHYZMXOIDC-UHFFFAOYSA-N,CC(=O)Nc1nnc(S(N)(=O)=O)s1,Acetazolamide,1,high,2.0
WSSJONWNBBTCMG-UHFFFAOYSA-N,CC1CC(OC(=O)c2ccccc2O)CC(C)(C)C1,homosalate,1,med,1.0
PTKSEFOSCHHMPD-UHFFFAOYSA-N,COc1ccc(OC)c(C(O)CNC(=O)CN)c1,MIDODRINE HYDROCHLORIDE,0,med,1.0
FIHBHSQYSYVZQE-UHFFFAOYSA-N,C=CC(=O)OCCCCCCOC(=O)C=C,,1,med,1.0
WEQAYVWKMWHEJO-UHFFFAOYSA-N,CN1C(=O)CCS(=O)(=O)C1c1ccc(Cl)cc1,Chlormezanone,0,med,1.0
XHLHPRDBBAGVEG-UHFFFAOYSA-N,O=C1CCCc2ccccc21,,1,med,1.0
BPEGJWRSRHCHSN-UHFFFAOYSA-N,Cn1nnc2c(C(N)=O)ncn2c1=O,Temozolomide,0,med,1.0
MPMFCABZENCRHV-UHFFFAOYSA-N,CCN(CC)CCOc1ccc2c(c1)C(=O)c1cc(OCCN(CC)CC)ccc1-2,,0,med,1.0
WTWBUQJHJGUZCY-UHFFFAOYSA-N,CC(C)c1ccc(C=O)cc1,,0,med,1.0
ZZYSLNWGKKDOML-UHFFFAOYSA-N,CCc1nn(C)c(C(=O)NCc2ccc(C(C)(C)C)cc2)c1Cl,,1,med,1.0
ADIMAYPTOBDMTL-UHFFFAOYSA-N,O=C1Nc2ccc(Cl)cc2C(c2ccccc2)=NC1O,OXAZEPAM,0,med,1.0
DMUAPQTXSSNEDD-QALJCMCCSA-N,CCC(=O)O[C@@H]1CC(=O)O[C@H](C)C/C=C/C=C/[C@H](O)[C@H](C)C[C@H](CC=O)[C@H](O[C@@H]2O[C@H](C)[C@@H](O[C@H]3C[C@@](C)(O)[C@@H](OC(=O)CC)[C@H](C)O3)[C@H](N(C)C)[C@H]2O)[C@H]1OC,mydecamycin,1,med,1.0
UGNWTBMOAKPKBL-UHFFFAOYSA-N,O=C1C(Cl)=C(Cl)C(=O)C(Cl)=C1Cl,,1,med,1.0
VEVZCONIUDBCDC-UHFFFAOYSA-N,CC(C)C(O)(c1ccc(OC(F)(F)F)cc1)c1cncnc1,,0,med,1.0
TZBJGXHYKVUXJN-UHFFFAOYSA-N,O=c1c(-c2ccc(O)cc2)coc2cc(O)cc(O)c12,Genistein,1,med,1.0
PXUULQAPEKKVAH-UHFFFAOYSA-N,O=C(O)C(F)(F)C(F)(F)C(F)(F)C(F)(F)C(F)(F)F,,0,med,1.0
MUQNGPZZQDCDFT-JNQJZLCISA-N,CC1(C)O[C@@H]2C[C@H]3[C@@H]4CCC5=CC(=O)CC[C@]5(C)[C@@]4(F)[C@@H](O)C[C@]3(C)[C@]2(C(=O)CCl)O1,HALCINONIDE,0,med,1.0
KFZGLJSYQXZIGP-UHFFFAOYSA-N,Clc1ccc2c(c1)Nc1ccccc1S2,,0,med,1.0
MRLGCTNJRREZHZ-UHFFFAOYSA-N,O=Cc1cccc(Oc2ccccc2)c1,,0,med,1.0
DDNCQMVWWZOMLN-IRLDBZIGSA-N,CCOC(=O)C1=C[C@]2(CC)CCCN3CCc4c(n1c1ccccc41)[C@@H]32,vinpocetine,0,med,1.0
SUNXFMPZAFGPFW-UHFFFAOYSA-N,CC1CCC(C(C)CS)CC1S,,0,med,1.0
WDZCUPBHRAEYDL-QFWJEWEWSA-N,CO[C@H]1C=CO[C@@]2(C)Oc3c(C)c(O)c4c(O)c(c(/C=N/N5CCN(C6CCCC6)CC5)c(O)c4c3C2=O)NC(=O)C(C)=CC=C[C@H](C)[C@H](O)[C@@H](C)[C@@H](O)[C@@H](C)[C@H](OC(C)=O)[C@@H]1C,,1,med,1.0
DYKFCLLONBREIL-KVUCHLLUSA-N,CN(C)c1ccc(O)c2c1C[C@H]1C[C@H]3[C@H](N(C)C)C(O)=C(C(N)=O)C(=O)[C@@]3(O)C(O)=C1C2=O,MINOCYCLINE,1,high,2.0
DBIHOPLBOZBNBM-CTCWLUDLSA-N,N#C[C@@H]1CC(F)(F)CN1C(=O)CNC(=O)c1ccnc2ccc(OCCCN3CCN(C(=O)c4ccc([211At])cc4)CC3)cc12,CHEMBL5182729,0,med,1.0
PTZADPBANVYSTR-UHFFFAOYSA-N,CC(C)CP(=S)(S)CC(C)C,,1,med,1.0
UFULAYFCSOUIOV-UHFFFAOYSA-N,NCCS,CYSTEAMINE,1,high,2.0
XEEQGYMUWCZPDN-DOMZBBRYSA-N,O[C@@H](c1cc(C(F)(F)F)nc2c(C(F)(F)F)cccc12)[C@H]1CCCCN1,mefloquine,1,high,2.0
DKMFBWQBDIGMHM-UHFFFAOYSA-N,CC1CCN(CCCC(=O)c2ccc(F)cc2)CC1,melperone,1,high,2.0
KASDHRXLYQOAKZ-FZZXWKPASA-N,CC[C@@H]1C=C(C)C[C@H](C)C[C@H](OC)[C@H]2O[C@@](O)(C(=O)C(=O)N3CCCC[C@H]3C(=O)O[C@H](/C(C)=C/[C@@H]3CC[C@@H](Cl)[C@H](OC)C3)[C@H](C)[C@@H](O)CC1=O)[C@H](C)C[C@@H]2OC,,0,med,1.0
IANUJLZYFUDJIH-UHFFFAOYSA-N,CC(C)N(C(=O)COc1nnc(C(F)(F)F)s1)c1ccc(F)cc1,,1,med,1.0
CUYKNJBYIJFRCU-UHFFFAOYSA-N,Nc1cccnc1,,0,med,1.0
QUIMTLZDMCNYGY-UHFFFAOYSA-N,O=[N+]([O-])c1ccc(Cl)cc1Cl,,0,med,1.0
GEPDYQSQVLXLEU-AATRIKPKSA-N,COC(=O)/C=C(\C)OP(=O)(OC)OC,,0,med,1.0
BOSAWIQFTJIYIS-UHFFFAOYSA-N,FC(F)(F)C(Cl)(Cl)Cl,,0,med,1.0
FBOZXECLQNJBKD-ZDUSSCGKSA-N,CN(Cc1cnc2nc(N)nc(N)c2n1)c1ccc(C(=O)N[C@@H](CCC(=O)O)C(=O)O)cc1,Drug 1368,1,high,2.0
BAQCROVBDNBEEB-UBYUBLNFSA-N,CC(=O)Nc1c(I)c(C(=O)N[C@H]2C(O)O[C@H](CO)[C@@H](O)[C@@H]2O)c(I)c(N(C)C(C)=O)c1I,METRIZAMIDE,0,med,1.0
NVKAWKQGWWIWPM-ABEVXSGRSA-N,C[C@]12CCC(=O)C[C@@H]1CC[C@@H]1[C@@H]2CC[C@]2(C)[C@@H](O)CC[C@@H]12,androstanolone,1,med,1.0
BEYOBVMPDRKTNR-BUHFOSPRSA-N,Oc1ccc(/N=N/c2ccccc2)cc1,,1,med,1.0
ZQTVCQIJTREKSP-UHFFFAOYSA-N,CCC(=O)c1ccc2c(c1)N(CCCN(C)C)c1ccccc1S2,Propionylpromazine,0,med,1.0
OFSXGKOMEGSTSE-YTAPOSPOSA-N,CC(=O)[C@@]1(O)CC[C@H]2[C@@H]3CCC4=CC(=O)CC[C@]4(C)C3(F)[C@@H](O)C[C@@]21C,,0,med,1.0
FOHHNHSLJDZUGQ-UHFFFAOYSA-N,CCCCN(CCCC)CCC(O)c1cc2c(Cl)cc(Cl)cc2c2cc(C(F)(F)F)ccc12,HALOFANTRINE,1,high,2.0
CNHDIAIOKMXOLK-UHFFFAOYSA-N,Cc1cc(O)ccc1O,,1,med,1.0
IYIKLHRQXLHMJQ-UHFFFAOYSA-N,CCCCc1oc2ccccc2c1C(=O)c1cc(I)c(OCCN(CC)CC)c(I)c1,Amiodarone hydrochloride,1,high,2.0
NXFQWRWXEYTOTK-UHFFFAOYSA-N,COc1nc(C)nc(N)n1,,0,med,1.0
GXDALQBWZGODGZ-UHFFFAOYSA-N,COc1ccc(CCN2CCC(Nc3nc4ccccc4n3Cc3ccc(F)cc3)CC2)cc1,Kelp,0,med,1.0
HCBQJHASLYAXLH-UHFFFAOYSA-N,O=C(O)CCCOc1cccc(CCCCCCOc2cc(-c3ccncc3)cc(-c3ccncc3)c2)c1CCC(=O)O,CHEMBL1099326,1,med,1.0
DMVOXQPQNTYEKQ-UHFFFAOYSA-N,Nc1ccc(-c2ccccc2)cc1,,1,med,1.0
WSGDRFHJFJRSFY-UHFFFAOYSA-N,CC1(C)CC(=O)CC(C)(C)N1[O],,0,med,1.0
IGZBSJAMZHNHKE-UHFFFAOYSA-N,c1cc(C(c2ccc(OCC3CO3)cc2)c2ccc(OCC3CO3)cc2)ccc1OCC1CO1,,1,med,1.0
HNRMPXKDFBEGFZ-UHFFFAOYSA-N,CCC(C)(C)C,,0,med,1.0
XUIIKFGFIJCVMT-GFCCVEGCSA-N,N[C@H](Cc1cc(I)c(Oc2cc(I)c(O)c(I)c2)c(I)c1)C(=O)O,DEXTROTHYROXINE,1,med,1.0
KVNYFPKFSJIPBJ-UHFFFAOYSA-N,CCc1ccccc1CC,,0,med,1.0
IGDYNWKWXUCIJB-UHFFFAOYSA-N,Cc1ccc([N+](=O)[O-])c(N)c1,,0,med,1.0
MOYAFQVGZZPNRA-UHFFFAOYSA-N,CC1=CCC(=C(C)C)CC1,,0,med,1.0
JHXLLEDIXXOJQD-VBWFMVIDSA-N,CCCCCCCCCCCCSC[C@@H](COP(=O)(O)OC[C@H]1O[C@@H](n2cc(C)c(=O)[nH]c2=O)C[C@@H]1F)OCCCCCCCCCC,CHEMBL1652590,0,med,1.0
FUSGACRLAFQQRL-UHFFFAOYSA-N,CCN(N=O)C(N)=O,,0,med,1.0
PIICEJLVQHRZGT-UHFFFAOYSA-N,NCCN,Ethylenediamine,0,med,1.0
JZQKKSLKJUAGIC-UHFFFAOYSA-N,CC(C)NCC(O)COc1cccc2[nH]ccc12,PINDOLOL,0,med,1.0
IBODDUNKEPPBKW-UHFFFAOYSA-N,BrCCCCCBr,,0,med,1.0
BQIPXWYNLPYNHW-UHFFFAOYSA-N,CC(=O)Oc1c(C)cc(OCC(O)CNC(C)C)c(C)c1C,Drug 967,0,med,1.0
WKBALTUBRZPIPZ-UHFFFAOYSA-N,CC(C)c1cccc(C(C)C)c1N,,0,med,1.0
XFSBVAOIAHNAPC-XTHSEXKGSA-N,CCN1C[C@]2(COC)[C@H](O)C[C@H](OC)[C@]34C1[C@H]([C@H](OC)[C@H]23)[C@]1(OC(C)=O)[C@H]2[C@@H](OC(=O)c3ccccc3)[C@](O)(C[C@H]24)[C@@H](OC)[C@@H]1O,,0,med,1.0
FHIVAFMUCKRCQO-UHFFFAOYSA-N,CCOP(=S)(OCC)Oc1cc(C)nc(C(C)C)n1,,1,med,1.0
HFCYZXMHUIHAQI-UHFFFAOYSA-N,O=C(Nc1ccccc1)Nc1cnns1,,1,med,1.0
MYWUZJCMWCOHBA-SECBINFHSA-N,CN[C@H](C)Cc1ccccc1,levmetamfetamine,0,med,1.0
UFGZPCVLDNZWSV-UHFFFAOYSA-N,O=C(CNS(=O)(=O)c1ccccc1C(=O)NCCc1ccc(O)c(O)c1)Nc1ccc(O)cc1,CHEMBL4800229,0,med,1.0
LTINZAODLRIQIX-FBXRGJNPSA-N,COCC1=C(C(=O)OC(C)OC(=O)OC(C)C)N2C(=O)[C@@H](NC(=O)/C(=N\OC)c3csc(N)n3)[C@H]2SC1,CEFPODOXIME PROXETIL,1,med,1.0
RDJGLLICXDHJDY-UHFFFAOYSA-N,CC(C(=O)O)c1cccc(Oc2ccccc2)c1,Fenoprofen calcium,1,med,1.0
FQTLCLSUCSAZDY-UHFFFAOYSA-N,C=CC(C)(O)CCC=C(C)CCC=C(C)C,,1,med,1.0
HGBLNBBNRORJKI-WCABBAIRSA-N,CC1(C)S[C@@H]2[C@H](NC(=O)C3(N)CCCCC3)C(=O)N2[C@H]1C(=O)O,CYCLACILLIN,0,med,1.0
YTZKOQUCBOVLHL-UHFFFAOYSA-N,CC(C)(C)c1ccccc1,,0,med,1.0
XMSXQFUHVRWGNA-UHFFFAOYSA-N,C[Si]1(C)O[Si](C)(C)O[Si](C)(C)O[Si](C)(C)O[Si](C)(C)O1,Decamethylcyclopentasiloxane,0,med,1.0
VEFLKXRACNJHOV-UHFFFAOYSA-N,BrCCCBr,,0,med,1.0
GYCMBHHDWRMZGG-UHFFFAOYSA-N,C=C(C)C#N,,0,med,1.0
ZPFXAOWNKLFJDN-UHFFFAOYSA-N,CCN(CCCc1ccccc1)CCCc1ccccc1,alverine,0,med,1.0
PTBKFATYSVLSSD-UHFFFAOYSA-N,O=[N+]([O-])c1ccc(C=NO)o1,nifuroxime,1,med,1.0
DCSCXTJOXBUFGB-JGVFFNPUSA-N,CC1=CC(=O)[C@H]2C[C@@H]1C2(C)C,levoverbenone,0,med,1.0
RMMXLENWKUUMAY-UHFFFAOYSA-N,CCCc1nc2c(C)cc(-c3nc4ccccc4n3C)cc2n1Cc1ccc(-c2ccccc2C(=O)O)cc1,Telmisartan,1,med,1.0
MJVGBKJNTFCUJM-UHFFFAOYSA-N,COc1ccc(C(=O)c2ccc(C)cc2)c(O)c1,mexenone,1,med,1.0
BTNMPGBKDVTSJY-UHFFFAOYSA-N,O=C(O)C(=O)Cc1ccccc1,Phenylpyruvic acid,1,med,1.0
IRDNPNFMVRFUKK-NOZUALPKSA-N,C[C@H]1O[C@@H](OC[C@@H]2O[C@H](Oc3c(-c4ccc(OS(=O)(=O)O)c(OS(=O)(=O)O)c4)oc4cc(OS(=O)(=O)O)cc(OS(=O)(=O)O)c4c3=O)[C@@H](OS(=O)(=O)O)[C@H](OS(=O)(=O)O)[C@H]2OS(=O)(=O)O)[C@@H](OS(=O)(=O)O)[C@@H](OS(=O)(=O)O)[C@@H]1OS(=O)(=O)O,CHEMBL1651412,0,med,1.0
VXLCNTLWWUDBSO-UHFFFAOYSA-N,CCC1Nc2cc(Cl)c(S(N)(=O)=O)cc2S(=O)(=O)N1,,0,med,1.0
JWZZKOKVBUJMES-UHFFFAOYSA-N,CC(C)NCC(O)c1ccc(O)c(O)c1,ISOPROTERENOL,1,med,1.0
AVERNFJXXRIVQN-UHFFFAOYSA-N,CCOc1ccc(N=Nc2ccc(C=Cc3ccc(N=Nc4ccc(OCC)cc4)cc3S(=O)(=O)O)c(S(=O)(=O)O)c2)cc1,,0,med,1.0
VHOGYURTWQBHIL-UHFFFAOYSA-N,Cc1oncc1C(=O)Nc1ccc(C(F)(F)F)cc1,Leflunomide,1,med,1.0
QWCJHSGMANYXCW-UHFFFAOYSA-N,Nc1ccc(S(=O)(=O)Nc2ccnn2-c2ccccc2)cc1,SULFAPHENAZOLE,0,med,1.0
ZROUQTNYPCANTN-UHFFFAOYSA-N,COc1ccc(CCN(C)CCCC2(c3ccc(OC)c(OC)c3)S(=O)(=O)CCCS2(=O)=O)cc1OC,CHEMBL125737,1,med,1.0
WIIZWVCIJKGZOK-RKDXNWHRSA-N,O=C(N[C@H](CO)[C@H](O)c1ccc([N+](=O)[O-])cc1)C(Cl)Cl,Drug 176,0,med,1.0
ZLWLKVQCHZSSEL-UHFFFAOYSA-N,O=C(Nc1ccc(Br)cc1)c1cc(Br)c(Br)s1,,1,med,1.0
HTKFORQRBXIQHD-UHFFFAOYSA-N,C=CCNC(N)=S,,0,med,1.0
UKTAZPQNNNJVKR-KJGYPYNMSA-N,O=C(O[C@@H]1C[C@@H]2C[C@H]3C[C@H](C1)N2CC3=O)c1c[nH]c2ccccc12,DOLASETRON MESYLATE,1,med,1.0
HMHVCUVYZFYAJI-UHFFFAOYSA-N,NS(=O)(=O)c1ccc(N2CCCCS2(=O)=O)cc1,sultiame,0,med,1.0
YQHLDYVWEZKEOX-UHFFFAOYSA-N,CC(C)(OO)c1ccccc1,,1,med,1.0
GYKXQTKSWLAUIT-UHFFFAOYSA-N,CNC(=O)Oc1cccc(C(C)C)c1,,0,med,1.0
HXDOZKJGKXYMEW-UHFFFAOYSA-N,CCc1ccc(O)cc1,,0,med,1.0
KOYMTVWMCXDJNV-UHFFFAOYSA-N,COc1nc(C)ccc1CN1CC1C#N,CHEMBL2104100,1,med,1.0
HEMJJKBWTPKOJG-UHFFFAOYSA-N,Cc1ccc(C)c(OCCCC(C)(C)C(=O)O)c1,Gemfibrozil,0,med,1.0
NUNIWXHYABYXKF-UHFFFAOYSA-N,CN(C)CCOC(c1ccccc1)c1ccc(Br)cc1,BROMODIPHENHYDRAMINE HYDROCHLORIDE,0,med,1.0
XJCLWVXTCRQIDI-UHFFFAOYSA-N,C=C(Cl)CSC(=S)N(CC)CC,,1,med,1.0
UYIFTLBWAOGQBI-BZDYCCQFSA-N,C[C@]12CC[C@@H]3c4ccc(OC(=O)c5ccccc5)cc4CC[C@H]3[C@@H]1CC[C@@H]2O,estradiol benzoate,0,med,1.0
RUOJZAUFBMNUDX-UHFFFAOYSA-N,CC1COC(=O)O1,,0,med,1.0
OXFGTKPPFSCSMA-UHFFFAOYSA-N,CNC(C)C(O)c1ccc(O)cc1,,0,med,1.0
DGFVZQGXKQCQGK-UHFFFAOYSA-N,CCOc1ccc2[nH]cc(C(=O)NCc3ccccc3)c(=O)c2n1,,1,med,1.0
LBAKRKFCEDSAKC-UHFFFAOYSA-N,Cc1cc(OCCO)ccc1-c1cccc(CNc2ccc(OCC(=O)O)c(F)c2)c1,CHEMBL4534840,1,med,1.0
RYAUSSKQMZRMAI-ALOPSCKCSA-N,CC(Cc1ccc(C(C)(C)C)cc1)CN1C[C@@H](C)O[C@@H](C)C1,,0,med,1.0
KMJJJTCKNZYTEY-UHFFFAOYSA-N,CCOP(=S)(Cl)OCC,,0,med,1.0
GWVUTNGDMGTPFE-UHFFFAOYSA-N,CCCCCCOC(=O)CC(CC(=O)OCCCCCC)(OC(=O)CCC)C(=O)OCCCCCC,,0,med,1.0
DTGKSKDOIYIVQL-QXFUBDJGSA-N,CC1(C)[C@H]2CC[C@]1(C)[C@H](O)C2,,0,med,1.0
NUZWLKWWNNJHPT-UHFFFAOYSA-N,O=C1c2c(O)cccc2Cc2cccc(O)c21,dithranol,0,med,1.0
JRLPEMVDPFPYPJ-UHFFFAOYSA-N,CCc1ccc(C)cc1,,0,med,1.0
MVGJRISPEUZYAQ-UHFFFAOYSA-N,CC(C)(CO)[N+](=O)[O-],,0,med,1.0
SODPIMGUZLOIPE-UHFFFAOYSA-N,O=C(O)COc1ccc(Cl)cc1,,0,med,1.0
MPBLPZLNKKGCGP-UHFFFAOYSA-N,CCCCCCC(C)(C)S,,0,med,1.0
RAOCRURYZCVHMG-UHFFFAOYSA-N,CCCOc1ccc2nc(NC(=O)OC)[nH]c2c1,Oxibendazole,1,high,2.0
GEFQWZLICWMTKF-CDUCUWFYSA-N,C[C@H](N)[C@H](O)c1ccc(O)c(O)c1,LEVONORDEFRIN,0,med,1.0
VICYBMUVWHJEFT-UHFFFAOYSA-N,CCCCCCCCCCCC[N+](C)(C)C,Dodecyltrimethylammonium,1,med,1.0
AFPHTEQTJZKQAQ-UHFFFAOYSA-N,O=C(O)c1cccc([N+](=O)[O-])c1,,0,med,1.0
OHJMTUPIZMNBFR-UHFFFAOYSA-N,NC(=O)NC(N)=O,,0,med,1.0
AXOIZCJOOAYSMI-UHFFFAOYSA-N,C[N+](C)(C)CCOC(=O)CCC(=O)OCC[N+](C)(C)C,SUXAMETHONIUM,0,med,1.0
CEUORZQYGODEFX-UHFFFAOYSA-N,O=C1CCc2ccc(OCCCCN3CCN(c4cccc(Cl)c4Cl)CC3)cc2N1,Aripiprazole,1,high,2.0
BLUAFEHZUWYNDE-XRNKLDBLSA-N,C[C@@H]1CC[C@H]2[C@@H](C)C(=O)O[C@@H]3O[C@]4(C)CC[C@@H]1C32OO4,,0,med,1.0
YGSVZRIZCHZUHB-LKTVYLICSA-N,C[C@H]1[C@@H]2Cc3ccc(O)cc3[C@@]1(C)CCN2C,,0,med,1.0
OMFXVFTZEKFJBZ-HJTSIMOOSA-N,C[C@]12C[C@H](O)[C@H]3[C@@H](CCC4=CC(=O)CC[C@@]43C)[C@@H]1CC[C@@H]2C(=O)CO,Corticosterone,1,med,1.0
VZIRCHXYMBFNFD-HNQUOIGGSA-N,O=C/C=C/c1ccco1,,0,med,1.0
POLCUAVZOMRGSN-UHFFFAOYSA-N,CCCOCCC,,0,med,1.0
ROORDVPLFPIABK-UHFFFAOYSA-N,O=C(Oc1ccccc1)Oc1ccccc1,,0,med,1.0
MXLZUALXSYVAIV-UHFFFAOYSA-N,CCC[n+]1ccn(C)c1C,,0,med,1.0
BUDBHJPMAKXMLD-UHFFFAOYSA-N,CCOC(=O)c1cc(-c2ccccc2)nc2ccc(C)cc12,,0,med,1.0
COCLLEMEIJQBAG-UHFFFAOYSA-N,C=C(C)C(=O)OCCCCCCCC(C)C,,0,med,1.0
SEYCKMQSPUVYEF-LURJTMIESA-N,CC1(C)CO[C@@H](CC(=O)O)CN1,,0,med,1.0
MJHNUUNSCNRGJE-UHFFFAOYSA-N,COC(=O)c1ccc(C(=O)OC)c(C(=O)OC)c1,,0,med,1.0
GGOOYOFDSPJDBT-UHFFFAOYSA-N,CCN1CCN(CCCN2CCCN(C(=O)c3ccc(NC(=O)c4ccccc4-c4ccccc4)cc3)c3ccccc32)CC1,CHEMBL5208751,0,med,1.0
PKHLIZZFYVVGBG-UHFFFAOYSA-N,Cc1nccc2c3ccc(OCCCCn4c5ccccc5c5ccnc(-c6cccs6)c54)cc3n(CCCc3ccccc3)c12,CHEMBL4165630,0,med,1.0
UGJMXCAKCUNAIE-UHFFFAOYSA-N,NCC1(CC(=O)O)CCCCC1,Gabapentin,1,high,2.0
PSZYNBSKGUBXEH-UHFFFAOYSA-N,O=S(=O)(O)c1cccc2ccccc12,,0,med,1.0
XDTTUTIFWDAMIX-UHFFFAOYSA-N,Cc1cc(C(=O)O)ccc1[N+](=O)[O-],,0,med,1.0
QJQORSLQNXDVGE-UHFFFAOYSA-N,Cn1ccc2cc3c(cc21)CCN3C(=O)Nc1cccnc1,,1,med,1.0
MARUHZGHZWCEQU-UHFFFAOYSA-N,c1ccc(-c2nnn[nH]2)cc1,,0,med,1.0
WPSYTTKBGAZSCX-UHFFFAOYSA-N,CCCCCCC[N+](CC)(CC)CCCCc1ccc(Cl)cc1,,0,med,1.0
MQTOSJVFKKJCRP-BICOPXKESA-N,CC[C@H]1OC(=O)[C@H](C)[C@@H](O[C@H]2C[C@@](C)(OC)[C@@H](O)[C@H](C)O2)[C@H](C)[C@@H](O[C@@H]2O[C@H](C)C[C@H](N(C)C)[C@H]2O)[C@](C)(O)C[C@@H](C)CN(C)[C@H](C)[C@@H](O)[C@]1(C)O,,0,med,1.0
DBEPLOCGEIEOCV-WSBQPABSSA-N,CC(C)(C)NC(=O)[C@H]1CC[C@H]2[C@@H]3CC[C@H]4NC(=O)C=C[C@]4(C)[C@H]3CC[C@]12C,Drug 465,1,med,1.0
MUDSDYNRBDKLGK-UHFFFAOYSA-N,Cc1ccnc2ccccc12,,0,med,1.0
XZIDTOHMJBOSOX-UHFFFAOYSA-N,O=C(O)c1c(Cl)ccc(Cl)c1Cl,,1,med,1.0
UVIQSJCZCSLXRZ-UBUQANBQSA-N,CC(=O)O[C@H]1CC[C@@]2(C)C(=CC[C@@H]3[C@@H]2CC[C@]2(C)C(c4cccnc4)=CC[C@@H]32)C1,Drug 839,0,med,1.0
IWCWQNVIUXZOMJ-MISYRCLQSA-N,CC(C)c1cc2c(cc1S(=O)(=O)O)[C@@]1(C)CCC[C@@](C)(C(=O)O)[C@@H]1CC2,ecabet,0,med,1.0
YNVKAENVJKEMOU-UHFFFAOYSA-N,Cc1nc(-c2ccccn2)ncc1C(=O)Nn1cc(C)c2cc(F)ccc21,,1,med,1.0
AOBORMOPSGHCAX-AZAGJHQNSA-N,Cc1c(C)c2c(c(C)c1OC(=O)CCC(=O)OCCO)CC[C@@](C)(CCC[C@H](C)CCC[C@H](C)CCCC(C)C)O2,,1,med,1.0
WZUVPPKBWHMQCE-CJNGLKHVSA-N,Oc1cc2c(cc1O)[C@H]1c3ccc(O)c(O)c3OC[C@@]1(O)C2,,0,med,1.0
DLGSOJOOYHWROO-XYOKQWHBSA-N,CN1C(=O)/C(=N/NC(N)=S)c2ccccc21,,1,med,1.0
HEFNNWSXXWATRW-UHFFFAOYSA-N,CC(C)Cc1ccc(C(C)C(=O)O)cc1,Ibuprofen,1,med,1.0
AHDSRXYHVZECER-UHFFFAOYSA-N,CN(C)Cc1cc(CN(C)C)c(O)c(CN(C)C)c1,,0,med,1.0
YVPXVXANRNDGTA-WDYNHAJCSA-N,COc1ccc2cc1Oc1ccc(cc1)C[C@H]1c3c(cc4c(c3Oc3cc5c(cc3OC)CCN(C)[C@@H]5C2)OCO4)CCN1C,cepharanthine,0,med,1.0
WPYMKLBDIGXBTP-UHFFFAOYSA-N,O=C(O)c1ccccc1,SODIUM BENZOATE,0,med,1.0
CZWCKYRVOZZJNM-USOAJAOKSA-N,C[C@]12CC[C@H](OS(=O)(=O)O)CC1=CC[C@@H]1[C@@H]2CC[C@]2(C)C(=O)CC[C@@H]12,prasterone sulfate,0,med,1.0
FYFIWSVKNZPSQC-UHFFFAOYSA-N,Oc1ccccc1CNc1ccc(NCc2ccccc2O)cc1,CHEMBL216031,0,med,1.0
FEBNTWHYQKGEIQ-SUKRRCERSA-N,CC1=C2[C@H](/C=C(\C)C(=O)O)CC[C@@H](C)[C@H]2CC1,,1,med,1.0
TUBQDCKAWGHZPF-UHFFFAOYSA-N,N#CSCSc1nc2ccccc2s1,,1,med,1.0
JMBYBVLCYODBJQ-HFMPRLQTSA-N,CN(C(=O)Cc1cccc2occc12)[C@H]1CC[C@@]2(CCCO2)C[C@@H]1N1CCCC1,,0,med,1.0
IAIWVQXQOWNYOU-FPYGCLRLSA-N,NC(=O)N/N=C/c1ccc([N+](=O)[O-])o1,Drug 217,1,med,1.0
ZBFDAUIVDSSISP-UHFFFAOYSA-N,COc1ccc2[nH]c([S+]([O-])Cc3ncc(C)c(OC)c3C)nc2n1,,1,med,1.0
IMFYAZJNDOZIFV-UHFFFAOYSA-N,CNC(=O)N(c1ccccc1)c1ccccc1,,0,med,1.0
BPRUTWSXZJFFDR-UHFFFAOYSA-N,C=CCNC(=S)Nc1cc(C(=O)Nc2ccc(F)c(C)c2)c(C)cc1F,CHEMBL5412496,0,med,1.0
GWOFUCIGLDBNKM-UHFFFAOYSA-N,O=C(OCC(O)CO)c1ccccc1Nc1ccnc2cc(Cl)ccc12,Glafenine,1,med,1.0
AHLBNYSZXLDEJQ-DUNLCCOXSA-N,CCCCCCCCCCC[C@@H](C[C@@H]1OC(=O)[C@H]1CCCCCC)OC(=O)C(CC(C)C)NC=O,,0,med,1.0
PHQOGHDTIVQXHL-UHFFFAOYSA-N,CO[Si](CCCNCCN)(OC)OC,,0,med,1.0
ZIXNZOBDFKSQTC-UHFFFAOYSA-N,O=C1CN2CCOC2(c2ccccc2Cl)c2cc(Cl)ccc2N1,cloxazolam,0,med,1.0
LCHYEKKJCUJAKN-UHFFFAOYSA-N,CCCc1ccccc1O,,1,med,1.0
HNSCCNJWTJUGNQ-UHFFFAOYSA-N,O=C(NN1CCCC1)NS(=O)(=O)c1ccc(Cl)cc1,,0,med,1.0
ORFOPKXBNMVMKC-DWVKKRMSSA-N,CC(C)(O/N=C(\C(=O)N[C@@H]1C(=O)N2C(C(=O)O)=C(C[n+]3ccccc3)CS[C@H]12)c1csc(N)n1)C(=O)[O-],CEFTAZIDIME SODIUM,1,med,1.0
OFVLGDICTFRJMM-WESIUVDSSA-N,CN(C)[C@@H]1C(O)=C(C(N)=O)C(=O)[C@@]2(O)C(O)=C3C(=O)c4c(O)cccc4[C@@](C)(O)[C@H]3C[C@@H]12,TETRACYCLINE,1,high,2.0
CYTQBVOFDCPGCX-UHFFFAOYSA-N,COP(OC)OC,,0,med,1.0
RISLXYINQFKFRL-UHFFFAOYSA-N,CCCCOC(=O)CCCCCCCC(=O)OCCCC,,0,med,1.0
NZZIMKJIVMHWJC-UHFFFAOYSA-N,O=C(CC(=O)c1ccccc1)c1ccccc1,,1,med,1.0
QFMJFXFXQAFGBO-UHFFFAOYSA-N,COc1ccc(N)c([N+](=O)[O-])c1,,0,med,1.0
KANJSNBRCNMZMV-ABRZTLGGSA-N,CO[C@H]1O[C@H](COS(=O)(=O)O)[C@@H](O[C@@H]2O[C@@H](C(=O)O)[C@@H](O[C@H]3O[C@H](COS(=O)(=O)O)[C@@H](O[C@@H]4O[C@H](C(=O)O)[C@@H](O[C@H]5O[C@H](COS(=O)(=O)O)[C@@H](O)[C@H](O)[C@H]5NS(=O)(=O)O)[C@H](O)[C@H]4O)[C@H](OS(=O)(=O)O)[C@H]3NS(=O)(=O)O)[C@H](O)[C@H]2OS(=O)(=O)O)[C@H](O)[C@H]1NS(=O)(=O)O,Drug 1421,1,med,1.0
WDXRGPWQVHZTQJ-AUKWTSKRSA-N,C/C=C1/C(=O)C[C@H]2[C@@H]3CCC4=CC(=O)CC[C@]4(C)[C@H]3CC[C@]12C,,1,med,1.0
CCHNWURRBFGQCD-UHFFFAOYSA-N,O=C1CCCCC1Cl,,0,med,1.0
XSQUKJJJFZCRTK-UHFFFAOYSA-N,NC(N)=O,UREA,0,med,1.0
LWUDDYHYYNNIQI-ZDUSSCGKSA-N,CC(C)(C)OC(=O)c1ncn2c1[C@@H]1CCCN1C(=O)c1c(Br)cccc1-2,,0,med,1.0
NFWAITKLWZRIGK-DMXDCXNVSA-N,C=C1C(=O)[C@]23[C@H](O)[C@H]1CC[C@H]2[C@]12C=CCC(C)(C)[C@H]1[C@H](O)[C@@]3(OCCC(=O)O)OC2,CHEMBL5567870,0,med,1.0
IIBYAHWJQTYFKB-UHFFFAOYSA-N,CC(C)(Oc1ccc(CCNC(=O)c2ccc(Cl)cc2)cc1)C(=O)O,bezafibrate,0,med,1.0
LELOWRISYMNNSU-UHFFFAOYSA-N,C#N,Ferric Ferrocyanide,0,med,1.0
LSACYLWPPQLVSM-UHFFFAOYSA-N,CC(C)C(=O)OC(=O)C(C)C,,0,med,1.0
JGFDZZLUDWMUQH-UHFFFAOYSA-N,CCCCCCCCCC[N+](C)(C)CCCCCCCCCC,Didecyldimethylammonium,0,med,1.0
ALWUKGXLBSQSMA-UHFFFAOYSA-N,CCCCCCC1(C)CCC(=O)O1,,0,med,1.0
VEZUQRBDRNJBJY-UHFFFAOYSA-N,ON=C1CCCCC1,,0,med,1.0
CIGQQQTZOIDQQR-FGSPNWDHSA-N,C[C@]12C=C[C@@]3(CC[C@@H]4[C@](C)(CO)CCC[C@@]4(C)[C@@H]3CC1)C2,CHEMBL4444256,1,med,1.0
BVPWJMCABCPUQY-UHFFFAOYSA-N,COc1cc(N)c(Cl)cc1C(=O)NC1CCN(Cc2ccccc2)CC1,clebopride,0,med,1.0
HYZJCKYKOHLVJF-UHFFFAOYSA-N,c1ccc2[nH]cnc2c1,Benzimidazole,0,med,1.0
BDKDHWOPFRTWPP-UHFFFAOYSA-N,C=CCOCC(CC)(CO)COCC=C,,0,med,1.0
LRZPQLZONWIQOJ-UHFFFAOYSA-N,C=C(C)C(=O)OCCCCCCCCCCOC(=O)C(=C)C,,0,med,1.0
FRPJXPJMRWBBIH-RBRWEJTLSA-N,C[C@]12CC[C@@H]3c4ccc(OC(=O)N(CCCl)CCCl)cc4CC[C@H]3[C@@H]1CC[C@@H]2O,estramustine,0,med,1.0
RYYVLZVUVIJVGH-UHFFFAOYSA-N,Cn1c(=O)c2c(ncn2C)n(C)c1=O,CAFFEINE,0,med,1.0
AGJBLWCLQCKRJP-UHFFFAOYSA-N,CCN(CC)CCOC(=O)C(c1ccccc1)C1CCCCC1,drofenine,1,med,1.0
OVBFMEVBMNZIBR-UHFFFAOYSA-N,CCCC(C)C(=O)O,,0,med,1.0
XEFQLINVKFYRCS-UHFFFAOYSA-N,Oc1cc(Cl)ccc1Oc1ccc(Cl)cc1Cl,TRICLOSAN,1,med,1.0
GOTYRUGSSMKFNF-UHFFFAOYSA-N,Nc1cccc2c1CN(C1CCC(=O)NC1=O)C2=O,Lenalidomide,1,high,2.0
BHRZNVHARXXAHW-UHFFFAOYSA-N,CCC(C)N,,0,med,1.0
HDNXAGOHLKHJOA-UHFFFAOYSA-N,C[Si](NC1CCCCC1)(NC1CCCCC1)NC1CCCCC1,,0,med,1.0
VFTURGJPQCAITG-UHFFFAOYSA-N,Cc1ccc(C=C2C(=O)C3CCC2C3(C)C)cc1,,1,med,1.0
KFZXVMNBUMVKLN-UHFFFAOYSA-N,Cc1cc(O)c(C(C)C)cc1Cl,,1,med,1.0
WTARULDDTDQWMU-IUCAKERBSA-N,C=C1CC[C@H]2C[C@@H]1C2(C)C,,0,med,1.0
DFCAFRGABIXSDS-UHFFFAOYSA-N,CCSC(=O)N(CC)C1CCCCC1,,0,med,1.0
UOQXIWFBQSVDPP-UHFFFAOYSA-N,O=Cc1ccc(F)cc1,,0,med,1.0
AJDIZQLSFPQPEY-UHFFFAOYSA-N,FC(F)(Cl)C(F)(Cl)Cl,,0,med,1.0
KINWYTAUPKOPCQ-YFKPBYRVSA-N,N[C@@H](CSCCCO)C(=O)O,fudosteine,0,med,1.0
XSNQECSCDATQEL-UHFFFAOYSA-N,C=CC(C)CCCC(C)(C)O,,0,med,1.0
SLRCCWJSBJZJBV-ZQDZILKHSA-N,C1CCN2C[C@@H]3C[C@@H](CN4CCCC[C@@H]34)[C@H]2C1,,0,med,1.0
XRWQIKFCERFKOD-UHFFFAOYSA-N,Clc1nccc(Nc2nnnn2Cc2ccccc2)n1,CHEMBL5205086,1,med,1.0
IYYZUPMFVPLQIF-UHFFFAOYSA-N,c1ccc2c(c1)sc1ccccc12,,0,med,1.0
XIQVNETUBQGFHX-UHFFFAOYSA-N,CCN(CC)CC#CCOC(=O)C(O)(c1ccccc1)C1CCCCC1,Oxybutynin chloride,0,med,1.0
JLYXXMFPNIAWKQ-SHFUYGGZSA-N,Cl[C@H]1[C@H](Cl)[C@@H](Cl)[C@H](Cl)[C@H](Cl)[C@H]1Cl,,1,med,1.0
VMOWKUTXPNPTEN-UHFFFAOYSA-N,CC(C)N(C)C,,0,med,1.0
ZWNPUELCBZVMDA-CMDGGOBGSA-N,CCCCCC/C=C/C(=O)OC,,0,med,1.0
WJIFKOVZNJTSGO-UHFFFAOYSA-N,Cc1cccc(Br)c1,,0,med,1.0
MDXJIXIXYVKOEN-UHFFFAOYSA-N,Oc1cc(O)cc(CCc2ccc(Nc3c4c(nc5cc(Cl)ccc35)CCCC4)cc2)c1,CHEMBL4066309,1,med,1.0
ZBBHBTPTTSWHBA-UHFFFAOYSA-N,COC(=O)C1=C(C)NC(C)=C(C(=O)OCCN(C)Cc2ccccc2)C1c1cccc([N+](=O)[O-])c1,Nicardipine hydrochloride,1,high,2.0
ZFSXZJXLKAJIGS-UHFFFAOYSA-N,O=C(Nc1ccc(Cl)cc1)Nc1ccc(Cl)c(C(F)(F)F)c1,halocarban,1,med,1.0
HYBBIBNJHNGZAN-UHFFFAOYSA-N,O=Cc1ccco1,,0,med,1.0
YUECNVSODFDKOQ-UHFFFAOYSA-N,CCCCCCOC(=O)C(C)CC,,0,med,1.0
UQDUPQYQJKYHQI-UHFFFAOYSA-N,CCCCCCCCCCCC(=O)OC,,0,med,1.0
ISAOCJYIOMOJEB-UHFFFAOYSA-N,O=C(c1ccccc1)C(O)c1ccccc1,benzoin,0,med,1.0
JHJOOSLFWRRSGU-UHFFFAOYSA-N,COP(=S)(OC)Oc1cc(Cl)c(Cl)cc1Cl,Fenchlorphos,1,med,1.0
DIWRORZWFLOCLC-UHFFFAOYSA-N,O=C1Nc2ccc(Cl)cc2C(c2ccccc2Cl)=NC1O,Lorazepam,1,high,2.0
GUYMMHOQXYZMJQ-UHFFFAOYSA-N,CCNc1cccc(C)c1,,0,med,1.0
CEYPDXWCYTVSDN-UHFFFAOYSA-N,Cc1cc(NC(=O)C(=O)O)cc(C)c1Oc1ccc(O)c2c1CCC2,,0,med,1.0
KAJJGOCSAXKXBD-UHFFFAOYSA-N,O=C(NC(=O)c1cc(F)c(F)cc1Cl)Nc1cc(F)ccc1N1CCC(C(=O)O)CC1,"1-(2-((((2-Chloro-4,5-difluorophenyl)carbonyl)carbamoyl)amino)-4-fluorophenyl)piperidine-4-carboxylic acid",0,med,1.0
QYMMJNLHFKGANY-UHFFFAOYSA-N,CCCSP(=O)(OCC)Oc1ccc(Br)cc1Cl,,1,med,1.0
MXSVLWZRHLXFKH-UHFFFAOYSA-N,c1ccc(B(c2ccccc2)c2ccccc2)cc1,,1,med,1.0
JNHLHPMTMTYLCP-UHFFFAOYSA-N,CC(=O)c1c(C)cc(C(C)(C)C)cc1C,,0,med,1.0
QSAVEGSLJISCDF-UHFFFAOYSA-N,CC1CC(OC(=O)C(O)c2ccccc2)CC(C)(C)N1C,eucatropine,0,med,1.0
DKPFZGUDAPQIHT-UHFFFAOYSA-N,CCCCOC(C)=O,,0,med,1.0
HFHLKKYWNAOHCI-UHFFFAOYSA-N,CC(=O)c1ccc(OCC(=O)N2CCCCC2)cc1,,0,med,1.0
XOFYZVNMUHMLCC-ZPOLXVRWSA-N,C[C@]12C=CC(=O)C=C1CC[C@@H]1[C@@H]2C(=O)C[C@@]2(C)[C@H]1CC[C@]2(O)C(=O)CO,PREDNISONE,0,med,1.0
XJGBDJOMWKAZJS-UHFFFAOYSA-N,CC(C)(Oc1ccc(C2CCCc3ccccc32)cc1)C(=O)O,,0,med,1.0
ZSJLQEPLLKMAKR-GKHCUFPYSA-N,CN(N=O)C(=O)N[C@@H]1[C@@H](O)[C@H](O)[C@@H](CO)O[C@@H]1O,Streptozocin,0,med,1.0
QMHSXPLYMTVAMK-UHFFFAOYSA-N,Cc1cc(/C=C/c2ccc3cc(N(C)C)ccc3[n+]2C)c(C)n1-c1ccccc1,PYRVINIUM,1,med,1.0
DOFZAZXDOSGAJZ-UHFFFAOYSA-N,CCOP(=S)(OCC)SCCSCC,,0,med,1.0
NCDNCNXCDXHOMX-XGKFQTDJSA-N,CC(C)c1nc(CN(C)C(=O)N[C@H](C(=O)N[C@@H](Cc2ccccc2)C[C@H](O)[C@H](Cc2ccccc2)NC(=O)OCc2cncs2)C(C)C)cs1,Drug 737,0,med,1.0
HFHIDKQMGIGARX-ATXIYDNESA-N,Nc1c(/N=N/c2ccc(-c3ccc(/N=N/c4cc(S(=O)(=O)O)c5ccccc5c4N)cc3)cc2)cc(S(=O)(=O)O)c2ccccc12,,1,med,1.0
NOYPYLRCIDNJJB-UHFFFAOYSA-N,COc1cc(NCc2ccc3nc(N)nc(N)c3c2C)cc(OC)c1OC,TRIMETREXATE,1,high,2.0
ZMSQJSMSLXVTKN-UHFFFAOYSA-N,C1CN(CCOCCN2CCOCC2)CCO1,,0,med,1.0
RWNUSVWFHDHRCJ-UHFFFAOYSA-N,CCCCOCC(C)O,,0,med,1.0
QNXAVFXEJCPCJO-UHFFFAOYSA-N,CCOc1nc(F)cc2nc(S(=O)(=O)Nc3c(Cl)cccc3Cl)nn12,,0,med,1.0
HCYAFALTSJYZDH-UHFFFAOYSA-N,CNCCCN1c2ccccc2CCc2ccccc21,DESIPRAMINE,1,high,2.0
GUDVQJXODNJRIJ-CALCHBBNSA-N,C[C@@H]1CN(CCCn2c3ccccc3c3ccccc32)C[C@H](C)N1,,0,med,1.0
HMMGMWAXVFQUOA-UHFFFAOYSA-N,C[Si]1(C)O[Si](C)(C)O[Si](C)(C)O[Si](C)(C)O1,,0,med,1.0
VTNQPKFIQCLBDU-UHFFFAOYSA-N,CCOCN(C(=O)CCl)c1c(C)cccc1CC,,1,med,1.0
NYSDRDDQELAVKP-SFHVURJKSA-N,O=C(NCCN1CCN(c2cccc3c2OC[C@H](CO)O3)CC1)c1ccc(F)cc1,CHEMBL1742477,1,med,1.0
ZCGOMHNNNFPNMX-KYTRFIICSA-N,C[C@@H]1CN([C@H]2CC[C@](C#N)(c3ccc(F)cc3)CC2)CC[C@]1(C(=O)O)c1ccccc1,LEVOCABASTINE HYDROCHLORIDE,0,med,1.0
CZKPOZZJODAYPZ-LROMGURASA-N,N=C(N)NCCCC[C@@H]1NC(=O)CCSSC[C@@H](C(N)=O)NC(=O)[C@@H]2CCCN2C(=O)[C@H](Cc2c[nH]c3ccccc23)NC(=O)[C@H](CC(=O)O)NC(=O)CNC1=O,EPTIFIBATIDE,0,med,1.0
SBNPWPIBESPSIF-MHWMIDJBSA-N,CC(=O)N[C@H](Cc1ccc2ccccc2c1)C(=O)N[C@H](Cc1ccc(Cl)cc1)C(=O)N[C@H](Cc1cccnc1)C(=O)N[C@@H](CO)C(=O)N[C@@H](Cc1ccc(O)cc1)C(=O)N[C@H](CCCNC(N)=O)C(=O)N[C@@H](CC(C)C)C(=O)N[C@@H](CCCN=C(N)N)C(=O)N1CCC[C@H]1C(=O)N[C@H](C)C(N)=O,Cetrorelix,1,med,1.0
DQJCHOQLCLEDLL-UHFFFAOYSA-N,Cc1cccc2sc3nncn3c12,Tricyclazole,1,med,1.0
QRYFCNPYGUORTK-UHFFFAOYSA-N,c1ccc2sc(SSN3CCOCC3)nc2c1,,1,med,1.0
WFSMVVDJSNMRAR-UHFFFAOYSA-N,CCOCCOCCOCCO,,0,med,1.0
QGNJRVVDBSJHIZ-QHLGVNSISA-N,CC(=O)OC/C=C(C)/C=C/C=C(C)/C=C/C1=C(C)CCCC1(C)C,retinol acetate,1,med,1.0
PLSMXIQMWYSHIV-UHFFFAOYSA-N,O=C(COc1ccc(Cl)cc1)OCCNC12CC3CC(CC(C3)C1)C2,,0,med,1.0
FQXXSQDCDRQNQE-VMDGZTHMSA-N,COC1=CC=C2[C@H]3Cc4ccc(OC)c5c4[C@@]2(CCN3C)[C@H]1O5,,0,med,1.0
ORTVZLZNOYNASJ-OWOJBTEDSA-N,OC/C=C/CO,,1,med,1.0
JCTXKRPTIMZBJT-UHFFFAOYSA-N,CC(C)C(O)C(C)(C)CO,,0,med,1.0
NKTOLZVEWDHZMU-UHFFFAOYSA-N,Cc1ccc(C)c(O)c1,,0,med,1.0
QCXJEYYXVJIFCE-UHFFFAOYSA-N,CC(=O)Nc1ccc(C(=O)O)cc1,p-Acetamidobenzoic acid,0,med,1.0
GGUSQTSTQSHJAH-UHFFFAOYSA-N,OC(CN1CCC(Cc2ccc(F)cc2)CC1)c1ccc(Cl)cc1,Eliprodil,1,med,1.0
VUQPJRPDRDVQMN-UHFFFAOYSA-N,CCCCCCCCCCCCCCCCCCCl,,0,med,1.0
MWPLVEDNUUSJAV-UHFFFAOYSA-N,c1ccc2cc3ccccc3cc2c1,,1,med,1.0
ZWQWTVLDLQPTSW-UHFFFAOYSA-N,C=CC(=O)NCCCn1c(=O)c(-c2c(Cl)c(OC)cc(OC)c2Cl)cc2cnc(Nc3c(C)cccc3NC(=O)C=C)cc21,CHEMBL5633060,0,med,1.0
TVMXDCGIABBOFY-UHFFFAOYSA-N,CCCCCCCC,,0,med,1.0
PLDWAJLZAAHOGG-UHFFFAOYSA-N,COc1cccc(Br)c1,,0,med,1.0
HOKDBMAJZXIPGC-UHFFFAOYSA-N,c1ccc2c(c1)Sc1ccccc1N2CC1CN2CCC1CC2,mequitazine,0,med,1.0
HUKZWONRCAQCTA-PYISVRNKSA-N,CCCC[C@H](NC(=O)[C@H](Cc1ccc(CS(=O)(=O)O)cc1)NC(=O)[C@H](CC(=O)O)NC(=O)COCCOCCNC(=O)COCCOCCNC(=O)[C@H](CCCNC(=N)N)NC(=O)CNC(=O)[C@H](CCCCN)NC(=O)[C@@H](NC(=O)[C@H](CC(C)C)NC(=O)[C@H](Cc1c[nH]c2ccccc12)NC(=O)[C@H](C)NC(=O)[C@@H](NC(=O)[C@H](Cc1ccccc1)NC(=O)[C@H](CCC(=O)O)NC(=O)[C@H](CCCCNC(=O)COCCOCCNC(=O)COCCOCCNC(=O)CC[C@H](NC(=O)CCCCCCCCCCCCCCCCC(=O)O)C(=O)O)NC(=O)[C@H](C)NC(=O)[C@H](C)NC(=O)[C@H](CCC(N)=O)NC(=O)CNC(=O)[C@H](CCC(=O)O)NC(=O)[C@H](CC(C)C)NC(=O)[C@H](Cc1ccc(O)cc1)NC(=O)[C@H](CO)NC(=O)[C@H](CO)NC(=O)[C@@H](NC(=O)[C@H](CC(=O)O)NC(=O)[C@H](CO)NC(=O)[C@@H](NC(=O)[C@H](Cc1ccccc1)NC(=O)[C@@H](NC(=O)CNC(=O)[C@H](CCC(=O)O)NC(=O)[C@H](C)NC(=O)[C@@H](N)Cc1cnc[nH]1)[C@@H](C)O)[C@@H](C)O)C(C)C)[C@@H](C)CC)C(C)C)C(=O)NCC(=O)N[C@@H](Cc1c[nH]c2ccccc12)C(=O)N[C@@H](CCCC)C(=O)N(C)[C@H](CC(=O)O)C(=O)N(C)[C@@H](Cc1ccccc1)C(N)=O,CHEMBL5181266,0,med,1.0
NVLSIZITFJRWPY-ONEGZZNKSA-N,CN(C)c1ccc(/C=C/c2ccc([N+](=O)[O-])cc2)cc1,,0,med,1.0
ZAKOWWREFLAJOT-CEFNRUSXSA-N,CC(=O)Oc1c(C)c(C)c2c(c1C)CC[C@@](C)(CCC[C@H](C)CCC[C@H](C)CCCC(C)C)O2,alpha-tocopherol acetate,0,med,1.0
RXZBMPWDPOLZGW-HITVVWEBSA-N,CC[C@H]1OC(=O)[C@H](C)[C@@H](O[C@H]2C[C@@](C)(OC)[C@@H](O)[C@H](C)O2)[C@H](C)[C@@H](O[C@@H]2O[C@H](C)C[C@H](N(C)C)[C@H]2O)[C@](C)(O)C[C@@H](C)C(=NOCOCCOC)[C@H](C)[C@@H](O)[C@]1(C)O,,0,med,1.0
AJXPJJZHWIXJCJ-UHFFFAOYSA-N,CN1C(=O)CC(C)(c2ccccc2)C1=O,METHSUXIMIDE,0,med,1.0
NJGCRMAPOWGWMW-UHFFFAOYSA-N,CCCCCCCCP(=O)(O)O,,0,med,1.0
ZRKWMRDKSOPRRS-UHFFFAOYSA-N,CN(N=O)C(N)=O,,1,med,1.0
LSPJWTULWKYRTQ-UHFFFAOYSA-N,COc1ncc(-c2ccc3ncc(-c4nnc(CCN5CCN(C)CC5)o4)n3c2)cc1NS(=O)(=O)c1ccc(F)cc1F,CHEMBL4440406,1,med,1.0
BLFLLBZGZJTVJG-UHFFFAOYSA-N,CCOC(=O)c1ccc(N)cc1,benzocaine,0,med,1.0
DOBMPNYZJYQDGZ-UHFFFAOYSA-N,O=c1oc2ccccc2c(O)c1Cc1c(O)c2ccccc2oc1=O,DICUMAROL,1,med,1.0
JFNWFXVFBDDWCX-UHFFFAOYSA-N,CC(=O)N(c1onc(C)c1C)S(=O)(=O)c1ccc(N)cc1,SULFISOXAZOLE ACETYL,0,med,1.0
NCYCYZXNIZJOKI-HWCYFHEPSA-N,CC1=C(/C=C/C(C)=C/C=C/C(C)=C\C=O)C(C)(C)CCC1,,1,med,1.0
FMDLEUPBHMCPQV-UHFFFAOYSA-N,CC=CC(=O)CCCC,,0,med,1.0
XXBDWLFCJWSEKW-UHFFFAOYSA-N,CN(C)Cc1ccccc1,,0,med,1.0
VYFYYTLLBUKUHU-UHFFFAOYSA-N,NCCc1ccc(O)c(O)c1,DOPAMINE,1,med,1.0
KJFMBFZCATUALV-UHFFFAOYSA-N,O=C1OC(c2ccc(O)cc2)(c2ccc(O)cc2)c2ccccc21,,1,med,1.0
GAUZCKBSTZFWCT-UHFFFAOYSA-N,[O-][N+](=Nc1ccccc1)c1ccccc1,,1,med,1.0
VVIAGPKUTFNRDU-ABLWVSNPSA-N,Nc1nc(=O)c2c([nH]1)NCC(CNc1ccc(C(=O)N[C@@H](CCC(=O)O)C(=O)O)cc1)N2C=O,LEUCOVORIN,0,med,1.0
PRNCMAKCNVRZFX-UHFFFAOYSA-N,CC(C)CCCC(C)CCO,,0,med,1.0
AVQNAJUSQIGOFZ-UHFFFAOYSA-N,COC(=O)c1cc(OC)c2c(c1-c1c(C(=O)NCCCCCCCCCCNc3c4c(nc5ccccc35)CCCC4)cc(OC)c3c1OCO3)OCO2,CHEMBL4168769,0,med,1.0
HCFDWZZGGLSKEP-UHFFFAOYSA-N,CN(C)CCOC(C)(c1ccccc1)c1ccccn1,DOXYLAMINE,0,med,1.0
NGIFHAUKQGDVSR-UHFFFAOYSA-N,CCOc1cc(-c2nccc3cc(OC)c(OC)cc23)cc(OCC)c1OCC,,1,med,1.0
QCDYQQDYXPDABM-UHFFFAOYSA-N,Oc1cc(O)cc(O)c1,phloroglucinol,0,med,1.0
MCAHWIHFGHIESP-UHFFFAOYSA-N,O=[Se](O)O,SELENIOUS ACID,1,high,2.0
ZUEIVCHBEQAIAL-UHFFFAOYSA-N,CCCCCCCCCCCCCCNCCO,,0,med,1.0
ZKUDBRCEOBOWLF-UHFFFAOYSA-N,Cc1cc(C(=O)NCCc2ccc(S(=O)(=O)NC(=O)NN3CCCCCC3)cc2)no1,glisoxepide,1,high,2.0
LGEZTMRIZWCDLW-UHFFFAOYSA-N,CCCCCCCCCCCCCCCCCC(=O)OCCCCCCCCCCCCCC(C)C,,0,med,1.0
XYNPYHXGMWJBLV-VXPJTDKGSA-N,C[C@H]1CC[C@]2(NC1)O[C@H]1C[C@H]3[C@@H]4CC[C@H]5C[C@@H](O)CC[C@]5(C)[C@H]4CC[C@]3(C)[C@H]1[C@@H]2C,,0,med,1.0
OTMOUPHCTWPNSL-UHFFFAOYSA-N,CCOP(=O)(OCC)Oc1nc(Cl)c(Cl)cc1Cl,,1,med,1.0
LREQLEBVOXIEOM-UHFFFAOYSA-N,CC(N)CCCC(C)(C)O,heptaminol,0,med,1.0
BTANRVKWQNVYAZ-UHFFFAOYSA-N,CCC(C)O,,0,med,1.0
UNEATYXSUBPPKP-UHFFFAOYSA-N,CC(C)c1cccc(C(C)C)c1,,0,med,1.0
JNTPTNNCGDAGEJ-UHFFFAOYSA-N,OCCCCCCCl,,0,med,1.0
OHKOGUYZJXTSFX-KZFFXBSXSA-N,CC1(C)S[C@@H]2[C@H](NC(=O)[C@H](C(=O)O)c3ccsc3)C(=O)N2[C@H]1C(=O)O,TICARCILLIN,1,high,2.0
OQIQSTLJSLGHID-WNWIJWBNSA-N,COc1cc2c(c3oc(=O)c4c(c13)CCC4=O)[C@@H]1C=CO[C@@H]1O2,CHEMBL1697694,1,med,1.0
WPVVMKYQOMJPIN-UHFFFAOYSA-N,NC1CCN(c2cccc(Cl)n2)CC1,,0,med,1.0
UJAWGGOCYUPCPS-UHFFFAOYSA-N,CC(C)(c1ccccc1)c1ccc(Nc2ccc(C(C)(C)c3ccccc3)cc2)cc1,,1,med,1.0
XREKLQOUFWBSFH-UHFFFAOYSA-N,COC(=O)CC(C(C)=O)C(=O)OC,,0,med,1.0
RZVHIXYEVGDQDX-UHFFFAOYSA-N,O=C1c2ccccc2C(=O)c2ccccc21,,1,med,1.0
FAUAZXVRLVIARB-UHFFFAOYSA-N,c1cc(N(CC2CO2)CC2CO2)ccc1Cc1ccc(N(CC2CO2)CC2CO2)cc1,,1,med,1.0
HFHAVERNVFNSHL-UHFFFAOYSA-N,O=[N+]([O-])c1cc(C(F)(F)F)cc([N+](=O)[O-])c1Cl,,1,med,1.0
GZENKSODFLBBHQ-ILSZZQPISA-N,CC(=O)[C@H]1CC[C@H]2[C@@H]3C[C@H](C)C4=CC(=O)CC[C@]4(C)[C@H]3[C@@H](O)C[C@]12C,MEDRYSONE,0,med,1.0
PUFQVTATUTYEAL-UHFFFAOYSA-N,CCCCOc1cc(C(=O)NCCN(CC)CC)c2ccccc2n1,DIBUCAINE,0,med,1.0
GAGWJHPBXLXJQN-UORFTKCHSA-N,CCCCCOC(=O)Nc1nc(=O)n([C@@H]2O[C@H](C)[C@@H](O)[C@H]2O)cc1F,Capecitabine,0,med,1.0
GMVPRGQOIOIIMI-DWKJAMRDSA-N,CCCCC[C@H](O)/C=C/[C@H]1[C@H](O)CC(=O)[C@@H]1CCCCCCC(=O)O,ALPROSTADIL,1,high,2.0
YJSUCBQWLKRPDL-UHFFFAOYSA-N,CC1=CC(C)C(C=O)C(C)C1,,0,med,1.0
YPELFRMCRYSPKZ-UHFFFAOYSA-N,CCOc1cc(N)c(Cl)cc1C(=O)NCC1CN(Cc2ccc(F)cc2)CCO1,mosapride,1,med,1.0
WGQWRCAZEPAXRA-GZTJUZNOSA-N,Cc1cc(Nc2ccc(C(=O)/C=C/c3ccc4ccccc4c3)cc2)n2nc(SCc3nc4ccccc4[nH]3)nc2n1,CHEMBL5070340,0,med,1.0
JMDGGQINMCLMOO-UHFFFAOYSA-N,COc1ccc2nc3c(c(NCCCNC(=O)C4(C)CCc5c(C)c(O)c(C)c(C)c5O4)c2c1)CCCC3,CHEMBL3632847,0,med,1.0
WYEMLYFITZORAB-UHFFFAOYSA-N,O=C(Nc1ccccc1-c1ccc(Cl)cc1)c1cccnc1Cl,Boscalid,0,med,1.0
RMISVOPUIFJTEO-UHFFFAOYSA-N,CC(Cl)C(C)Cl,,0,med,1.0
NUFNQYOELLVIPL-UHFFFAOYSA-N,O=C(O)c1cc(Oc2ccc(C(F)(F)F)cc2Cl)ccc1[N+](=O)[O-],Acifluorfen,0,med,1.0
JJJPNTQYUJPWGQ-UHFFFAOYSA-N,c1ccc(CCCc2ccccn2)cc1,,0,med,1.0
JAUOIFJMECXRGI-UHFFFAOYSA-N,Clc1ccc2c(c1)CCc1cccnc1C2=C1CCNCC1,Desloratadine,1,high,2.0
LUBHDINQXIHVLS-UHFFFAOYSA-N,COc1ccc2c(C(=S)N(C)CC(=O)O)cccc2c1C(F)(F)F,Tolrestat,1,high,2.0
XYBSIYMGXVUVGY-UHFFFAOYSA-N,Brc1ccc(Oc2ccc(Br)cc2Br)c(Br)c1,,1,med,1.0
KKZJGLLVHKMTCM-UHFFFAOYSA-N,O=C1c2c(O)ccc(O)c2C(=O)c2c(NCCNCCO)ccc(NCCNCCO)c21,Mitoxantrone hydrochloride,1,high,2.0
PBGKNXWGYQPUJK-UHFFFAOYSA-N,Nc1ccc(Cl)cc1[N+](=O)[O-],,1,med,1.0
WTEVQBCEXWBHNA-UHFFFAOYSA-N,CC(C)=CCCC(C)=CC=O,,0,med,1.0
ZMYFCFLJBGAQRS-UHFFFAOYSA-N,Fc1ccc(C2(Cn3cncn3)OC2c2ccccc2Cl)cc1,,0,med,1.0
YNVGQYHLRCDXFQ-JBKQDOAHSA-N,C#C[C@@]1(O)CC[C@H]2[C@@H]3CCC4=CCCC[C@@H]4[C@H]3CC[C@@]21C,,1,med,1.0
GJCHQJDEYFYWER-UHFFFAOYSA-N,O=C1c2c(O)ccc([N+](=O)[O-])c2C(=O)c2c([N+](=O)[O-])ccc(O)c21,,1,med,1.0
IVBHGBMCVLDMKU-GXNBUGAJSA-N,CCN1CCN(C(=O)N[C@@H](C(=O)N[C@@H]2C(=O)N3[C@@H]2SC(C)(C)[C@@H]3C(=O)O)c2ccccc2)C(=O)C1=O,PIPERACILLIN,1,med,1.0
NZUPCNDJBJXXRF-UHFFFAOYSA-O,CC(C[N+](C)(C)C)OC(N)=O,BETHANECHOL,0,med,1.0
HKVWLCPNTJYNBO-IVHGUIJPSA-N,CCOc1cccc([C@]2(N3CCN(c4ccccc4)CC3)CC[C@@H](C)CC2)c1,,0,med,1.0
GJWSUKYXUMVMGX-UHFFFAOYSA-N,CC(C)=CCCC(C)CC(=O)O,,0,med,1.0
COHYTHOBJLSHDF-BUHFOSPRSA-N,O=C1/C(=C2\Nc3ccccc3C2=O)Nc2ccccc21,,1,med,1.0
IOSZDNOGOPHEPH-UHFFFAOYSA-N,CCCc1ncc(C(=O)O)s1,,0,med,1.0
GQLUAQZLAZUHEL-NKMZKCBCSA-N,C[C@@H]1CC2(OC3C[C@@]4(C)C5=CC[C@H]6C(C)(C)C(O[C@@H]7OC[C@@H](O)[C@H](O)[C@H]7O)CC[C@@]67C[C@@]57CC[C@]4(C)C31)OC(O)C1(C)OC21,,1,med,1.0
XASIMHXSUQUHLV-UHFFFAOYSA-N,CN(C)C(=O)COC(=O)Cc1ccc(OC(=O)c2ccc(N=C(N)N)cc2)cc1,Camostat,0,med,1.0
RNDNSYIPLPAXAZ-UHFFFAOYSA-N,CC(CO)c1ccccc1,,0,med,1.0
RRWTWWBIHKIYTH-UHFFFAOYSA-N,CC(C)CCCC(C)NCCC(C)C,octamylamine,0,med,1.0
FCQJEPASRCXVCB-UHFFFAOYSA-N,O=[N+]([O-])c1cc([N+](=O)[O-])c2ccc(S(=O)(=O)O)cc2c1O,,0,med,1.0
KNDDEFBFJLKPFE-UHFFFAOYSA-N,CCCCCCCc1ccc(O)cc1,4-n-Heptylphenol,1,med,1.0
DVECBJCOGJRVPX-UHFFFAOYSA-N,CCCC(=O)Cl,,0,med,1.0
JTPVHPYPNZIZKG-OWOJBTEDSA-N,O=S(=O)(O)c1ccc(Nc2nc(Nc3ccc(/C=C/c4ccc(Nc5nc(Nc6ccc(S(=O)(=O)O)cc6)nc(N(CCO)CCO)n5)cc4S(=O)(=O)O)c(S(=O)(=O)O)c3)nc(N(CCO)CCO)n2)cc1,,1,med,1.0
OYHDIURQIIDFSG-UHFFFAOYSA-N,Nc1c2c(nc3ccccc13)CCC(C(=O)NCCCc1ccccc1)C2,CHEMBL4213301,1,med,1.0
IAXXETNIOYFMLW-GYSYKLTISA-N,C=C(C)C(=O)O[C@@H]1C[C@H]2CC[C@]1(C)C2(C)C,,0,med,1.0
PZCZTZBJZZNGCF-UHFFFAOYSA-N,Cc1ccc(-c2nc3ccc(F)cn3c2CC(=O)N(C)C)cc1,CHEMBL3962969,0,med,1.0
WWGQHTJIFOQAOC-UHFFFAOYSA-N,Oc1cc(Cl)cc(Cl)c1Cl,,1,med,1.0
SLAYUXIURFNXPG-CRAIPNDOSA-N,NCc1ccccc1CC(=O)N[C@@H]1C(=O)N2C(C(=O)O)=C(CSc3nnnn3CC(=O)O)CS[C@H]12,CEFORANIDE,1,med,1.0
SBQAKZYUNWNIRL-WIPKXTQKSA-N,CC(C)=CCC/C(C)=C/CC/C(C)=C/C(=O)OCC(=O)[C@@]1(O)CC[C@H]2[C@@H]3CCC4=CC(=O)C=C[C@]4(C)[C@H]3[C@@H](O)C[C@@]21C,prednisolone farnesylate,0,med,1.0
XLNZEKHULJKQBA-UHFFFAOYSA-N,CCOP(=S)(OCC)SCSC(C)(C)C,,0,med,1.0
RRNIZKPFKNDSRS-UHFFFAOYSA-N,CC(C)OP(=S)(OC(C)C)SCCNS(=O)(=O)c1ccccc1,,1,med,1.0
QGBSISYHAICWAH-UHFFFAOYSA-N,N#CNC(=N)N,,0,med,1.0
FJUKDAZEABGEIH-UHFFFAOYSA-N,O=C1NCN(c2ccccc2)C12CCN(CCCOc1ccc(F)cc1)CC2,,1,med,1.0
QYSXJUFSXHHAJI-YRZJJWOYSA-N,C=C1CC[C@H](O)C/C1=C/C=C1\CCC[C@]2(C)[C@@H]([C@H](C)CCCC(C)C)CC[C@@H]12,CHOLECALCIFEROL,1,med,1.0
OHEDKBMQRCAABJ-UHFFFAOYSA-N,CC[N+]1(CCOC(=O)C(O)(c2ccccc2)c2ccccc2)CCCCC1,,0,med,1.0
RFDAIACWWDREDC-FRVQLJSFSA-N,C[C@H](CCC(=O)NCC(=O)O)[C@H]1CC[C@H]2[C@@H]3[C@H](O)C[C@@H]4C[C@H](O)CC[C@]4(C)[C@H]3C[C@H](O)[C@]12C,"N-(3alpha,7alpha,12alpha-trihydroxy-5beta-cholan-24-oyl)glycinate",0,med,1.0
ALVYUZIFSCKIFP-UHFFFAOYSA-N,CCO[Si](CC(C)C)(OCC)OCC,,1,med,1.0
DBVJJBKOTRCVKF-UHFFFAOYSA-N,CC(O)(P(=O)(O)O)P(=O)(O)O,ETIDRONIC ACID,0,med,1.0
ZXNRTKGTQJPIJK-UHFFFAOYSA-N,COc1ccc(C(=O)N2CCCC2=O)cc1,aniracetam,0,med,1.0
DUSHUSLJJMDGTE-ZJPMUUANSA-N,CC(=O)[C@@]1(O)CC[C@H]2[C@@H]3C=C(Cl)C4=CC(=O)[C@@H]5C[C@@H]5[C@]4(C)[C@H]3CC[C@@]21C,CHEMBL142130,1,med,1.0
OQQYJPVCDFFEIV-QZQOTICOSA-N,Cc1cc(C)c(/N=N/c2c(O)c(S(=O)(=O)O)cc3cc(S(=O)(=O)O)ccc23)cc1C,,0,med,1.0
PNRAZZZISDRWMV-UHFFFAOYSA-N,CNC(=O)Oc1c(C(C)(C)C)cc(C)cc1C(C)(C)C,,0,med,1.0
GPMXUUPHFNMNDH-UHFFFAOYSA-N,O=C(CCCN1CCC(O)(c2cccc(C(F)(F)F)c2)CC1)c1ccc(F)cc1,trifluperidol,0,med,1.0
IFYYFLINQYPWGJ-UHFFFAOYSA-N,CCCCCCC1CCC(=O)O1,,0,med,1.0
MQZNDDUMJVSIMH-UHFFFAOYSA-N,CC(C)(CCl)C(=O)Cl,,0,med,1.0
HQYALQRYBUJWDH-UHFFFAOYSA-N,CCC[Si](OC)(OC)OC,,0,med,1.0
QNQZBKQEIFTHFZ-UHFFFAOYSA-N,CCCCCN(CCCOC)C(=O)C(CCC(=O)O)NC(=O)c1ccc(Cl)c(Cl)c1,loxiglumide,0,med,1.0
VIKNJXKGJWUCNN-XGXHKTLJSA-N,C#C[C@]1(O)CC[C@H]2[C@@H]3CCC4=CC(=O)CC[C@@H]4[C@H]3CC[C@@]21C,NORETHINDRONE,1,med,1.0
XGMPVBXKDAHORN-RBWIMXSLSA-N,CC(=O)OCC(=O)[C@@]1(O)[C@H](OC(C)=O)C[C@H]2[C@@H]3CCC4=CC(=O)C=C[C@]4(C)[C@@]3(F)[C@@H](O)C[C@@]21C,TRIAMCINOLONE DIACETATE,0,med,1.0
JTEDVYBZBROSJT-UHFFFAOYSA-N,O=C(O)CCCc1c[nH]c2ccccc12,Indole-3-Butyric Acid,0,med,1.0
MRWQRJMESRRJJB-UHFFFAOYSA-N,CCCCCCn1c(=O)c2c(ncn2C)n(C)c1=O,pentifylline,0,med,1.0
CTGSQPRDMHCIMM-UHFFFAOYSA-N,CCNc1cc(O)ccc1C,,1,med,1.0
KSCAZPYHLGGNPZ-UHFFFAOYSA-N,CCO[Si](CCCCl)(OCC)OCC,,1,med,1.0
KWDCKLXGUZOEGM-UHFFFAOYSA-N,COCCCOCCCOC,,0,med,1.0
ZNRGQMMCGHDTEI-ITGUQSILSA-N,CN1[C@@H]2CC[C@H]1C[C@@H](OC(=O)c1c[nH]c3ccccc13)C2,tropisetron,1,med,1.0
QNWOFLWXQGHSRH-UHFFFAOYSA-N,C[SiH](O[Si](C)(C)C)O[Si](C)(C)C,,0,med,1.0
XMWRWTSZNLOZFN-UHFFFAOYSA-N,Cc1c([N+](=O)[O-])c(C)c([N+](=O)[O-])c(C(C)(C)C)c1[N+](=O)[O-],,1,med,1.0
PFTAWBLQPZVEMU-UKRRQHHQSA-N,Oc1cc(O)c2c(c1)O[C@H](c1ccc(O)c(O)c1)[C@H](O)C2,Epicatechin,0,med,1.0
JXTHEWSKYLZVJC-UHFFFAOYSA-N,O=C(O)c1ccccc1C(=O)Nc1cccc2ccccc12,,1,med,1.0
JBIJLHTVPXGSAM-UHFFFAOYSA-N,Nc1ccc2ccccc2c1,,1,med,1.0
AVJBPWGFOQAPRH-FWMKGIEWSA-N,CC(=O)N[C@@H]1[C@@H](O[C@@H]2O[C@@H](C(=O)O)[C@@H](O)[C@H](O)[C@H]2O)[C@@H](OS(=O)(=O)O)[C@@H](CO)O[C@H]1O,CHEMBL4071896,1,med,1.0
PWNAWOCHVWERAR-UHFFFAOYSA-N,CCN(Cc1c(F)cccc1Cl)c1c([N+](=O)[O-])cc(C(F)(F)F)cc1[N+](=O)[O-],,1,med,1.0
IRYJRGCIQBGHIV-UHFFFAOYSA-N,CN1C(=O)OC(C)(C)C1=O,TRIMETHADIONE,0,med,1.0
VUNOFAIHSALQQH-UHFFFAOYSA-N,CCNC(=O)C1CC(C)CCC1C(C)C,,0,med,1.0
ABRIMXGLNHCLIP-UHFFFAOYSA-N,O=C1CCCC=CCCCCCCCCCC1,,1,med,1.0
UEOWFGJMGUIGHC-UHFFFAOYSA-N,COCCc1ccc(OCC2CO2)cc1,,0,med,1.0
WYTZZXDRDKSJID-UHFFFAOYSA-N,CCO[Si](CCCN)(OCC)OCC,,0,med,1.0
ZXFQRFXLFWWKLX-UHFFFAOYSA-N,COc1ccc2c(=O)c(C)c(-c3ccccc3)oc2c1CN(C)C,dimefline,1,med,1.0
GXBYFVGCMPJVJX-UHFFFAOYSA-N,C=CC1CO1,,0,med,1.0
UIAFKZKHHVMJGS-UHFFFAOYSA-N,O=C(O)c1ccc(O)cc1O,"2,4-Dihydroxybenzoic Acid",0,med,1.0
CUVLMZNMSPJDON-UHFFFAOYSA-N,CCCCOCC(C)OCC(C)O,,0,med,1.0
YRKCREAYFQTBPV-UHFFFAOYSA-N,CC(=O)CC(C)=O,,0,med,1.0
SGTNSNPWRIOYBX-UHFFFAOYSA-N,COc1ccc(CCN(C)CCCC(C#N)(c2ccc(OC)c(OC)c2)C(C)C)cc1OC,Verapamil hydrochloride,1,high,2.0
QIMGFXOHTOXMQP-IZSDKEPHSA-N,Cc1c(N)nc(C(CC(N)=O)NCC(N)C(N)=O)nc1C(=O)NC(C(=O)NC(C)C(O)C(C)C(=O)NC(C(=O)NCCc1nc(-c2nc(C(=O)NCCCN[C@@H](C)c3ccccc3)cs2)cs1)C(C)O)C(O[C@@H]1O[C@@H](CO)[C@@H](O)[C@H](O)[C@@H]1O[C@H]1O[C@H](CO)[C@@H](O)[C@H](OC(N)=O)[C@@H]1O)c1c[nH]cn1,,1,med,1.0
ILVGAIQLOCKNQA-UHFFFAOYSA-N,CCCOC(=O)C(C)O,,0,med,1.0
LFWHFZJPXXOYNR-MFOYZWKCSA-N,CSc1ccc(/C=C2/C(C)=C(CC(=O)O)c3cc(F)ccc32)cc1,,1,med,1.0
YTOPFCCWCSOHFV-UHFFFAOYSA-N,CCCCCCCCCCCCCN1CC(C)OC(C)C1,,0,med,1.0
SNTQPLDRUZOSDP-UHFFFAOYSA-N,CCCC(C(=O)OCCN(CC)CC)(c1ccccc1)c1ccccc1,,0,med,1.0
RATGSRSDPNECNO-UHFFFAOYSA-N,C=CCN1C(=O)C(CC(C)C)NC1=S,albutoin,0,med,1.0
GDFCSMCGLZFNFY-UHFFFAOYSA-N,C=C(C)C(=O)NCCCN(C)C,,0,med,1.0
ROFVEXUMMXZLPA-UHFFFAOYSA-N,c1ccc(-c2ccccn2)nc1,Imidazol-3-ide;bis(2-pyridin-2-ylpyridine);ruthenium(3+),0,med,1.0
YNEVBPNZHBAYOA-UHFFFAOYSA-N,CNC(=O)Oc1cc(C)c(N(C)C)c(C)c1,,0,med,1.0
JBDHZKLJNAIJNC-LLVKDONJSA-N,C#CCOC(=O)[C@@H](C)Oc1ccc(Oc2ncc(Cl)cc2F)cc1,,0,med,1.0
LKAQFOKMMXWRRQ-UHFFFAOYSA-N,Cc1cc(C)c(N)c(Cl)c1,,0,med,1.0
LEHOTFFKMJEONL-UHFFFAOYSA-N,O=c1[nH]c(=O)c2[nH]c(=O)[nH]c2[nH]1,Uric Acid,0,med,1.0
WSGFXVFLWVXTCJ-UHFFFAOYSA-N,CCCCCC=CCC1CC(=O)OC1=O,,0,med,1.0
CMKBCTPCXZNQKX-UHFFFAOYSA-N,SC1CCCCC1,,0,med,1.0
UFUVLHLTWXBHGZ-MGZQPHGTSA-N,CCC[C@@H]1C[C@@H](C(=O)N[C@@H]([C@H]2O[C@H](SC)[C@H](OP(=O)(O)O)[C@@H](O)[C@H]2O)[C@H](C)Cl)N(C)C1,CLINDAMYCIN PHOSPHATE,1,high,2.0
NCHJIJCRXQRDGU-UHFFFAOYSA-N,CCC(CC)C(C)CCOC(C)=O,,0,med,1.0
LHGVFZTZFXWLCP-UHFFFAOYSA-N,COc1ccccc1O,guaiacol,0,med,1.0
AOHJOMMDDJHIJH-UHFFFAOYSA-N,CC(N)CN,,0,med,1.0
KACVTTZEMNWITH-UHFFFAOYSA-N,CN(C)CCN1CCN(c2cccc(Cl)c2)C1=O,,0,med,1.0
ZRKZFNZPJKEWPC-UHFFFAOYSA-N,CCCCCCCCCC[N+](C)(C)[O-],Capric dimethyl amine oxide,0,med,1.0
PIHPBIAOMDHECY-UHFFFAOYSA-N,c1ccc(-c2cc3nc4ccccc4nc3s2)cc1,CHEMBL3330074,0,med,1.0
BEWCNXNIQCLWHP-UHFFFAOYSA-N,C=C(C)C(=O)OCCNC(C)(C)C,,0,med,1.0
GZOZQVZVABEUDR-UHFFFAOYSA-N,O=C(NC(=S)Nc1nc2ccc(F)cc2s1)c1ccccc1Cl,CHEMBL496989,0,med,1.0
MHKLKWCYGIBEQF-UHFFFAOYSA-N,c1ccc2sc(SN3CCOCC3)nc2c1,2-(4-Morpholino)thiobenzothiazole,0,med,1.0
WLJNZVDCPSBLRP-UHFFFAOYSA-N,O=C(O)c1cc2ccccc2c(Cc2c(O)c(C(=O)O)cc3ccccc23)c1O,OLANZAPINE PAMOATE,1,med,1.0
YRSSFEUQNAXQMX-UHFFFAOYSA-N,CC(=O)SCC(CC(=O)c1ccc(C)cc1)C(=O)O,,0,med,1.0
ILHZVKAXFCDFMT-UHFFFAOYSA-N,CCCCCC1=CCCC1=O,,0,med,1.0
YQNFBOJPTAXAKV-UHFFFAOYSA-N,CN(C)C=Nc1c(I)cc(I)c(CCC(=O)O)c1I,Oragrafin,0,med,1.0
DGRGLKZMKWPMOH-UHFFFAOYSA-N,Cc1ccc(N)c(N)c1,,1,med,1.0
XCSGPAVHZFQHGE-UHFFFAOYSA-N,CCc1cccc(CC)c1N(COC)C(=O)CCl,,1,med,1.0
RMRJXGBAOAMLHD-CTAPUXPBSA-N,CO[C@@]12CC[C@@]3(C[C@@H]1[C@](C)(O)C(C)(C)C)[C@H]1Cc4ccc(O)c5c4[C@@]3(CCN1CC1CC1)[C@H]2O5,BUPRENORPHINE,1,med,1.0
CVBUKMMMRLOKQR-UHFFFAOYSA-N,CC(=O)CC(=O)c1ccccc1,,0,med,1.0
PAEBAEDUARAOSG-SREVYHEPSA-N,CC/C=C\CCOC(C)OCC,,0,med,1.0
YQYGPGKTNQNXMH-UHFFFAOYSA-N,CC(=O)c1ccc([N+](=O)[O-])cc1,,0,med,1.0
VOBHXZCDAVEXEY-JSGCOSHPSA-N,C[C@@H](Cc1ccccc1)NC(=O)[C@@H](N)CCCCN,LISDEXAMFETAMINE DIMESYLATE,1,med,1.0
RNFJBEHYBLYYQX-UHFFFAOYSA-N,COc1cc(C2c3ccc(O)cc3Oc3nc4c(c(N)c32)CCCC4)cc(OC)c1OC,CHEMBL3120707,0,med,1.0
YZFWTZACSRHJQD-UHFFFAOYSA-N,CC1(COc2ccc(CC3SC(=O)NC3=O)cc2)CCCCC1,Ciglitazone,1,high,2.0
GNOGSFBXBWBTIG-UHFFFAOYSA-N,CC(=O)Nc1c(I)cc(I)c(C(=O)O)c1I,ACETRIZOATE SODIUM,0,med,1.0
RHPNOOKZJJVHHQ-UHFFFAOYSA-N,CCCc1ccc(OCC(O)Cn2cc(COc3ccc([N+](=O)[O-])cc3)nn2)c(OC)c1,CHEMBL5630565,0,med,1.0
LEZWWPYKPKIXLL-UHFFFAOYSA-N,Clc1ccc(COC(Cn2ccnc2)c2ccc(Cl)cc2Cl)cc1,ECONAZOLE,1,med,1.0
GYDJEQRTZSCIOI-UHFFFAOYSA-N,NCC1CCC(C(=O)O)CC1,4-(Aminomethyl)cyclohexanecarboxylic acid,0,med,1.0
AWYFNIZYMPNGAI-UHFFFAOYSA-N,S=C(S)NCCNC(=S)S,,1,med,1.0
SHXWCVYOXRDMCX-UHFFFAOYSA-N,CNC(C)Cc1ccc2c(c1)OCO2,"3,4-Methylenedioxymethamphetamine",1,med,1.0
SHOJXDKTYKFBRD-UHFFFAOYSA-N,CC(=O)C=C(C)C,,0,med,1.0
ADAKRBAJFHTIEW-UHFFFAOYSA-N,O=C=Nc1ccc(Cl)cc1,,1,med,1.0
OROAFUQRIXKEMV-LDADJPATSA-N,CCCCc1ncc(/C=C(\Cc2cccs2)C(=O)O)n1Cc1ccc(C(=O)O)cc1,EPROSARTAN,1,high,2.0
YGSVZRIZCHZUHB-VCTAVGKDSA-N,C[C@@H]1[C@H]2Cc3ccc(O)cc3[C@]1(C)CCN2C,,0,med,1.0
VOVIALXJUBGFJZ-VXKMTNQYSA-N,CCC[C@@H]1O[C@@H]2C[C@H]3[C@@H]4CCC5=CC(=O)C=C[C@]5(C)[C@H]4[C@@H](O)C[C@]3(C)[C@]2(C(=O)CO)O1,,1,med,1.0
JXLKFRGVAKGKLT-AJDNJWQDSA-N,Cc1cn([C@@H]2O[C@]3(CO)CO[C@@H]2[C@@H]3OP(O)(=S)OC[C@]23CC([C@H](n4cc(C)c(=O)[nH]c4=O)O2)[C@@H]3OP(O)(=S)OC[C@H]2O[C@@H](n3cc(C)c(=O)[nH]c3=O)C[C@@H]2OP(O)(=S)OC[C@H]2O[C@@H](n3cnc4c(N)ncnc43)[C@H](O)[C@@H]2OP(O)(=S)OC[C@H]2O[C@@H](n3cnc4c(=O)[nH]c(N)nc43)[C@H](O)[C@@H]2OP(O)(=S)OC[C@H]2O[C@@H](n3ccc(N)nc3=O)[C@H](O)[C@@H]2OP(O)(=S)OC[C@H]2O[C@@H](n3cnc4c(N)ncnc43)[C@H](O)[C@@H]2OP(O)(=S)OC[C@H]2O[C@@H](n3ccc(N)nc3=O)[C@H](O)[C@@H]2OP(O)(=S)OC[C@H]2O[C@@H](n3cc(C)c(=O)[nH]c3=O)C[C@@H]2OP(O)(=S)OC[C@H]2O[C@@H](n3cnc4c(=O)[nH]c(N)nc43)[C@H](O)[C@@H]2OP(O)(=S)OC[C@H]2O[C@@H](n3cnc4c(=O)[nH]c(N)nc43)[C@H](O)[C@@H]2OP(O)(=S)OC[C@H]2O[C@@H](n3ccc(N)nc3=O)[C@H](O)[C@@H]2OP(O)(=S)OC[C@]23CO[C@@H]([C@H](n4cc(C)c(N)nc4=O)O2)[C@@H]3OP(O)(=S)OC[C@]23CC([C@H](n4cc(C)c(=O)[nH]c4=O)O2)[C@@H]3O)c(=O)nc1N,CHEMBL1093000,1,med,1.0
VNFPBHJOKIVQEB-UHFFFAOYSA-N,Clc1ccccc1C(c1ccccc1)(c1ccccc1)n1ccnc1,Clotrimazole,1,med,1.0
QXKHYNVANLEOEG-UHFFFAOYSA-N,COc1c2occc2cc2ccc(=O)oc12,Methoxsalen,1,med,1.0
WLZRMCYVCSSEQC-UHFFFAOYSA-N,[Cd+2],,1,med,1.0
OFPXSFXSNFPTHF-UHFFFAOYSA-N,O=C(O)CCc1nc(-c2ccccc2)c(-c2ccccc2)o1,Oxaprozin,0,med,1.0
ZLYYJUJDFKGVKB-OWOJBTEDSA-N,O=C(Cl)/C=C/C(=O)Cl,,1,med,1.0
UOCJDOLVGGIYIQ-PBFPGSCMSA-N,N[C@@H](C(=O)N[C@@H]1C(=O)N2C(C(=O)O)=C(CSc3c[nH]nn3)CS[C@H]12)c1ccc(O)cc1,cefatrizine,0,med,1.0
VXMYWVMXSWJFCV-UHFFFAOYSA-N,O=C1CCC(c2ccc(-n3ccnc3)cc2)=NN1,,1,med,1.0
NRUKOCRGYNPUPR-NFIYYIGVSA-N,COc1cc([C@@H]2c3cc4c(cc3C(O[C@@H]3O[C@@H]5COC(c6cccs6)O[C@H]5[C@H](O)[C@H]3O)C3COC(=O)[C@@H]32)OCO4)cc(OC)c1O,,1,med,1.0
PHWBOXQYWZNQIN-UHFFFAOYSA-N,Clc1ccccc1CN1CCc2sccc2C1,Ticlopidine hydrochloride,0,med,1.0
GVOUFPWUYJWQSK-UHFFFAOYSA-N,CC(=O)Oc1ccc(C(=C2CCCCC2)c2ccc(OC(C)=O)cc2)cc1,Cyclofenil,1,high,2.0
XUCIJNAGGSZNQT-JHSLDZJXSA-N,N#C[C@H](O[C@@H]1O[C@H](CO[C@@H]2O[C@H](CO)[C@@H](O)[C@H](O)[C@H]2O)[C@@H](O)[C@H](O)[C@H]1O)c1ccccc1,CHEMBL461727,1,med,1.0
ANISOHQJBAQUQP-UHFFFAOYSA-N,C=CC(=O)OCCCCCCCC,,0,med,1.0
LNZMRLHZGOBKAN-KAWPREARSA-N,O=C(O)C1=C(C[n+]2ccc(CCS(=O)(=O)[O-])cc2)CS[C@@H]2[C@H](NC(=O)[C@H](NC(=O)c3nc[nH]c3C(=O)O)c3ccccc3)C(=O)N12,cefpimizole,1,med,1.0
WBHHMMIMDMUBKC-QJWNTBNXSA-N,CCCCCC[C@@H](O)C/C=C\CCCCCCCC(=O)O,ricinoleic acid,1,med,1.0
XTFNPKDYCLFGPV-OMCISZLKSA-N,O=[N+]([O-])c1ccc(O/N=C/c2cc(Br)c(O)c(Br)c2)c([N+](=O)[O-])c1,,1,med,1.0
BSDVKBWLRCKPFB-UHFFFAOYSA-N,CC1COc2ccccc2N1,,1,med,1.0
UHLOVGKIEARANS-FZMOHWGLSA-N,NS(=O)(=O)c1cc(C(=O)NN2C[C@H]3[C@H]4CCC(C4)[C@H]3C2)ccc1Cl,,0,med,1.0
WHWZLSFABNNENI-UHFFFAOYSA-N,NC1=NCC2c3ccccc3Cc3ccccc3N12,EPINASTINE,0,med,1.0
LKACJLUUJRMGFK-UHFFFAOYSA-N,CCC(C)(S(=O)(=O)CC)S(=O)(=O)CC,methylsulfonal,0,med,1.0
YUWPMEXLKGOSBF-GACAOOTBSA-N,CC(=O)OCC(=O)[C@@]1(O)CC[C@H]2[C@@H]3CCC4=CC(=O)CC[C@]4(C)C3=CC[C@@]21C,anecortave,0,med,1.0
YGSDEFSMJLZEOE-UHFFFAOYSA-N,O=C(O)c1ccccc1O,salicylic acid,1,high,2.0
UHRBTBZOWWGKMK-SWLSCSKDSA-N,CO[C@]1(NC(=O)CSC(F)F)C(=O)N2C(C(=O)O)=C(CSc3nnnn3CCO)CO[C@H]21,,0,med,1.0
XBBDACCLCFWBSI-ZETCQYMHSA-N,COC(=O)[C@@H](N)Cc1ccc(O)c(O)c1,melevodopa,0,med,1.0
RGLYKWWBQGJZGM-ISLYRVAYSA-N,CC/C(=C(/CC)c1ccc(O)cc1)c1ccc(O)cc1,DIETHYLSTILBESTROL,1,high,2.0
AYFWLPGJSGTYDX-SMISYTGVSA-N,C=C1C(=O)[C@@]23[C@@H]4OC(c5ccc(Cl)cc5)O[C@@]25OC[C@@]2([C@H]([C@@H]5O)C(C)(C)CC[C@@H]2O)[C@@H]3CC[C@@H]14,CHEMBL4103136,0,med,1.0
XLEUIPVVUKAVGL-UHFFFAOYSA-N,CC(=O)Oc1ccc([N+](=O)[O-])cc1CCl,,1,med,1.0
BCGWQEUPMDMJNV-UHFFFAOYSA-N,CN(C)CCCN1c2ccccc2CCc2ccccc21,Imipramine hydrochloride,1,high,2.0
RYSLZFOZDSIPHK-VOIUYBSRSA-N,O=C(O)c1cccc(C[C@@H]2COc3ccc(OCc4nc5cc(F)ccc5s4)cc3[C@@H]2O)c1,,0,med,1.0
OOBHFESNSZDWIU-UHFFFAOYSA-N,CC1NCCOC1c1ccccc1,PHENMETRAZINE HYDROCHLORIDE,0,med,1.0
XTDYIOOONNVFMA-UHFFFAOYSA-N,COC(=O)CCCC(=O)OC,,0,med,1.0
HVWGGPRWKSHASF-UHFFFAOYSA-N,CCCCCCCCCCCCCCCCCCOS(=O)(=O)O,,0,med,1.0
INRGAWUQFOBNKL-UHFFFAOYSA-N,C=COCC1CCC(CO)CC1,,0,med,1.0
PPXUHEORWJQRHJ-UHFFFAOYSA-N,CCOC(=O)CC(C)C,,0,med,1.0
IULJSGIJJZZUMF-UHFFFAOYSA-N,O=S(=O)(O)c1ccccc1O,,0,med,1.0
JVSFQJZRHXAUGT-UHFFFAOYSA-N,CC(C)(C)C(=O)Cl,,0,med,1.0
OZFAFGSSMRRTDW-UHFFFAOYSA-N,O=S(=O)(Oc1ccc(Cl)cc1Cl)c1ccccc1,,1,med,1.0
XTXRWKRVRITETP-UHFFFAOYSA-N,C=COC(C)=O,,0,med,1.0
YGCZTXZTJXYWCO-UHFFFAOYSA-N,O=CCCc1ccccc1,,0,med,1.0
LRKYLKBLUJXTFL-UHFFFAOYSA-N,C1CCN(CN2CCCCC2)CC1,,0,med,1.0
VMSREYOIYAEIBH-UHFFFAOYSA-N,Cc1cc(C)c(CNc2nc(Cl)nc3c2ncn3C2CCCC2)c(=O)[nH]1,CHEMBL4557538,0,med,1.0
XXOYNJXVWVNOOJ-UHFFFAOYSA-N,CN(C)C(=O)Nc1ccccc1,,0,med,1.0
FIAFUQMPZJWCLV-UHFFFAOYSA-N,Cc1ccc(C(=O)Nc2ccc(S(=O)(=O)O)c3cc(S(=O)(=O)O)cc(S(=O)(=O)O)c23)cc1NC(=O)c1cccc(NC(=O)Nc2cccc(C(=O)Nc3cc(C(=O)Nc4ccc(S(=O)(=O)O)c5cc(S(=O)(=O)O)cc(S(=O)(=O)O)c45)ccc3C)c2)c1,suramin,1,high,2.0
RWLALWYNXFYRGW-UHFFFAOYSA-N,CCCC(O)C(CC)CO,etohexadiol,0,med,1.0
QEWYKACRFQMRMB-UHFFFAOYSA-N,O=C(O)CF,,0,med,1.0
PMRYVIKBURPHAH-UHFFFAOYSA-N,Cn1cc[nH]c1=S,Methimazole,1,med,1.0
SHHKMWMIKILKQW-UHFFFAOYSA-N,O=Cc1ccccc1S(=O)(=O)O,,0,med,1.0
KFQYTPMOWPVWEJ-INIZCTEOSA-N,CCCN(CCc1cccs1)[C@H]1CCc2c(O)cccc2C1,ROTIGOTINE,0,med,1.0
HVYNCNZJQZOKFM-UHFFFAOYSA-N,O=C(c1cc(Cl)c(O)c(Cl)c1)n1ccc2cccnc21,CHEMBL5439993,0,med,1.0
CDOZDBSBBXSXLB-UHFFFAOYSA-N,CCN(CC)C(C)CN1c2ccccc2Sc2ccccc21,ETHOPROPAZINE,0,med,1.0
OFSAUHSCHWRZKM-UHFFFAOYSA-N,CC(C)CCOC(=O)c1ccc(N(C)C)cc1,Padimate A,0,med,1.0
MTAVBTGOXNGCJR-UHFFFAOYSA-N,CCc1cnc(C(=O)O)c(C(=O)O)c1,,0,med,1.0
KDYVCOSVYOSHOL-UHFFFAOYSA-N,Cc1ccc2cccnc2c1,,0,med,1.0
ZDTXQHVBLWYPHS-UHFFFAOYSA-N,Cc1ccc([N+](=O)[O-])cc1S(=O)(=O)O,,0,med,1.0
XOPFESVZMSQIKC-UHFFFAOYSA-N,COc1nc(C)nc(NC(=O)NS(=O)(=O)c2ccccc2OCCCl)n1,,0,med,1.0
DOUQJBPSTIKRPH-UHFFFAOYSA-N,CN1CCN(CCC(=O)N2c3ccccc3Sc3ccc(C(F)(F)F)cc32)CC1,,0,med,1.0
YDBYJHTYSHBBAU-UHFFFAOYSA-O,C[S+](C)CCC(N)C(=O)O,,0,med,1.0
FCKLFGKATYPJPG-SSTBVEFVSA-N,CC[C@H]1C[C@H]2[C@@H]3CCC4=CC(=O)CC[C@@H]4[C@H]3CC[C@]2(C)[C@H]1O,oxendolone,0,med,1.0
XKKCQTLDIPIRQD-JGVFFNPUSA-N,Cc1cn([C@H]2CC[C@@H](CO)O2)c(=O)[nH]c1=O,CHEMBL444314,1,med,1.0
OWWLUIWOFHMHOQ-XGHATYIMSA-N,CC(=O)O[C@H]1C[C@@H]2CC[C@@H]3[C@H](CC[C@@]4(C)[C@H]3C[C@H](N3CC[N+](C)(C)CC3)[C@@H]4OC(C)=O)[C@@]2(C)C[C@@H]1N1CC[N+](C)(C)CC1,PIPECURONIUM BROMIDE,0,med,1.0
KSJBMDCFYZKAFH-UHFFFAOYSA-N,SCCSCCS,,0,med,1.0
AYLPVIWBPZMVSH-FCKMLYJASA-N,CC[C@H](C)[C@H](NC(=O)[C@H](Cc1ccccc1)NC(=O)[C@H](C)NC(=O)[C@H](CC(=O)O)NC(=O)[C@H](CCCCN)NC(=O)[C@H](CO)NC(=O)[C@@H]1CCCN1C(=O)[C@@H]1CCC(=O)N1)C(=O)NCC(=O)N[C@@H](CC(C)C)C(=O)N[C@@H](CCSC)C(N)=O,eledoisin,0,med,1.0
BFZOTKYPSZSDEV-UHFFFAOYSA-N,CCC(C)c1cc(C(C)(C)C)c(O)c(C(C)(C)C)c1,,1,med,1.0
DKIDEFUBRARXTE-UHFFFAOYSA-N,O=C(O)CCS,,0,med,1.0
NLMQHXUGJIAKTH-UHFFFAOYSA-N,Oc1cccc2[nH]ccc12,,0,med,1.0
YBBJKCMMCRQZMA-UHFFFAOYSA-N,On1ccccc1=S,Pyrithione,1,med,1.0
WFJRIDQGVSJLLH-UHFFFAOYSA-N,COC(=O)NN,,0,med,1.0
TYIYMOAHACZAMQ-CQSZACIVSA-N,CCCCOC(=O)[C@@H](C)Oc1ccc(Oc2ccc(C#N)cc2F)cc1,,0,med,1.0
APGGSERFJKEWFG-UHFFFAOYSA-N,O=[N+]([O-])c1cccc(CCl)c1,,1,med,1.0
FWLORMQUOWCQPO-UHFFFAOYSA-N,CCCCCCCCCCCCCCCCCC[N+](C)(C)Cc1ccccc1,,1,med,1.0
KCBPVRDDYVJQHA-UHFFFAOYSA-N,CCCOCCOCCOCCO,,0,med,1.0
KDQTUCKOAOGTLT-UHFFFAOYSA-N,Cc1ccc(NC(=O)N(C)C)cc1NC(=O)N(C)C,,0,med,1.0
FJLUATLTXUNBOT-UHFFFAOYSA-N,CCCCCCCCCCCCCCCCN,,0,med,1.0
URWAJWIAIPFPJE-YFMIWBNJSA-N,CN[C@@H]1[C@@H](O)[C@@H](O[C@@H]2[C@@H](O)[C@H](O[C@H]3OC(CN)=CC[C@H]3N)[C@@H](N)C[C@H]2N)OC[C@]1(C)O,sisomicin,1,med,1.0
IFCRUOPZJFQFMA-FIACWXRHSA-N,C[C@H](N)C(=O)N[C@@H](C)C(=O)N[C@@]1(C)[C@@H]2CN(c3nc4c(cc3F)c(=O)c(C(=O)O)cn4-c3ccc(F)cc3F)C[C@@H]21,,1,med,1.0
LSQXNMXDFRRDSJ-UHFFFAOYSA-N,COc1cc(C)ccc1C(C)C,,0,med,1.0
UPPIBFVZIFKMFO-UHFFFAOYSA-N,CCCCN(CCCC)CCCCCCN(CCCC)CCCC,,0,med,1.0
WDFKMLRRRCGAKS-UHFFFAOYSA-N,Oc1c(Cl)cc(Cl)c2cccnc12,CHLOROXINE,1,med,1.0
RXXPAEGIPXPLPB-UHFFFAOYSA-N,CC(C)CCCCCCc1ccc(OCCOCCO)cc1,,0,med,1.0
WOZVHXUHUFLZGK-UHFFFAOYSA-N,COC(=O)c1ccc(C(=O)OC)cc1,,0,med,1.0
HSUIVCLOAAJSRE-UHFFFAOYSA-N,COCCOC(=O)c1ccccc1C(=O)OCCOC,,0,med,1.0
NHTMVDHEPJAVLT-UHFFFAOYSA-N,CC(C)CC(C)(C)C,,0,med,1.0
RRHJHSBDJDZUGL-UHFFFAOYSA-N,CNC(=N)NC(=O)Nc1c(C)cccc1C,lidamidine,0,med,1.0
NZDSNDGRSORZSE-UHFFFAOYSA-N,CCOC(=O)c1ccc(-c2ccc(N(CC)CC)nn2)cc1,CHEMBL4567455,0,med,1.0
IRAQOCYXUMOFCW-YKURLNKLSA-N,CC1=CC[C@@]23CC1C(C)(C)[C@@H]2CC[C@H]3C,,0,med,1.0
ZZHLYYDVIOPZBE-AWEZNQCLSA-N,C[C@@H](CN(C)C)CN1c2ccccc2Sc2ccccc21,,0,med,1.0
JNMRHUJNCSQMMB-UHFFFAOYSA-N,Nc1ccc(S(=O)(=O)Nc2nccs2)cc1,Sulfathiazole,1,high,2.0
NULAJYZBOLVQPQ-UHFFFAOYSA-N,NCCNc1cccc2ccccc12,,1,med,1.0
XEMRAKSQROQPBR-UHFFFAOYSA-N,ClC(Cl)(Cl)c1ccccc1,,1,med,1.0
JCEZOHLWDIONSP-UHFFFAOYSA-N,NCCCOCCOCCOCCCN,,1,med,1.0
VMSIYTPWZLSMOH-UHFFFAOYSA-N,CCCCCCCCCCCCOCC1CO1,,0,med,1.0
GPXCORHXFPYJEH-UHFFFAOYSA-N,C[Si](C)(CCCN)O[Si](C)(C)CCCN,,0,med,1.0
AGIQIOSHSMJYJP-UHFFFAOYSA-N,COc1ccc(OC)c(OC)c1,,0,med,1.0
DSBIJCMXAIKKKI-UHFFFAOYSA-N,Cc1ccc([N+](=O)[O-])cc1N,,1,med,1.0
IAZDPXIOMUYVGZ-UHFFFAOYSA-N,C[S+](C)[O-],dimethyl sulfoxide,1,high,2.0
HDOUGSFASVGDCS-UHFFFAOYSA-N,NCc1cccnc1,picolamine,0,med,1.0
OXQGTIUCKGYOAA-UHFFFAOYSA-N,CCC(CC)C(=O)O,,0,med,1.0
BGEBZHIAGXMEMV-UHFFFAOYSA-N,COc1c2ccoc2cc2oc(=O)ccc12,bergapten,1,med,1.0
OSUHJPCHFDQAIT-UHFFFAOYSA-N,CCOC(=O)C(C)Oc1ccc(Oc2cnc3cc(Cl)ccc3n2)cc1,,1,med,1.0
TYMLOMAKGOJONV-UHFFFAOYSA-N,Nc1ccc([N+](=O)[O-])cc1,,0,med,1.0
MKIJJIMOAABWGF-UHFFFAOYSA-N,COC(=O)CS,,0,med,1.0
NTDQQZYCCIDJRK-UHFFFAOYSA-N,CCCCCCCCc1ccc(O)cc1,,1,med,1.0
JZQOJFLIJNRDHK-CMDGGOBGSA-N,CC(=O)/C=C/C1C(C)=CCC(C)C1(C)C,,0,med,1.0
SLINHMUFWFWBMU-UHFFFAOYSA-N,CC(O)CN(CC(C)O)CC(C)O,,0,med,1.0
ADVGKWPZRIDURE-UHFFFAOYSA-N,CC(=O)Nc1ccccc1O,,1,med,1.0
ZXUMUPVQYAFTLF-UHFFFAOYSA-N,CCC(N)Cc1c[nH]c2ccccc12,etryptamine,1,med,1.0
KRLBLPBPZSSIGH-CSKARUKUSA-N,C=CC(C)(O)CC/C=C(\C)CC,,0,med,1.0
OLQJQHSAWMFDJE-UHFFFAOYSA-N,O=[N+]([O-])C(CO)(CO)CO,,1,med,1.0
XVULBTBTFGYVRC-HHUCQEJWSA-N,C=C[C@](C)(O)CC[C@@H]1[C@@]2(C)CCCC(C)(C)[C@@H]2CC[C@@]1(C)O,,0,med,1.0
BGIKBBZQLATKQU-UHFFFAOYSA-N,O=C(NNC(=S)Nc1ccccc1)c1cc2cc([N+](=O)[O-])ccc2s1,CHEMBL519369,0,med,1.0
RATZLMXRALDSJW-UHFFFAOYSA-N,CCC1(C2=NCCN2)Cc2ccccc2O1,,1,med,1.0
UEEJHVSXFDXPFK-UHFFFAOYSA-N,CN(C)CCO,deanol,0,med,1.0
GJRQTCIYDGXPES-UHFFFAOYSA-N,CC(=O)OCC(C)C,,0,med,1.0
RGXWDWUGBIJHDO-UHFFFAOYSA-N,CCCCCCCCCC(=O)OCC,,0,med,1.0
MFGZFJKMDLWEHE-UHFFFAOYSA-N,C=COC(=O)C(C)(CC)CCC(C)C,,0,med,1.0
JHIVVAPYMSGYDF-UHFFFAOYSA-N,O=C1CCCCC1,Cyclohexanone,0,med,1.0
VQVIHDPBMFABCQ-UHFFFAOYSA-N,O=C(c1ccc2c(c1)C(=O)OC2=O)c1ccc2c(c1)C(=O)OC2=O,,0,med,1.0
NYLJGSLNIOEAHY-FZNHGJLXSA-N,CCCC(=O)O[C@]1(C(=O)CC)CC[C@H]2[C@@H]3CCC4=CC(=O)CC[C@]4(C)[C@H]3[C@@H](O)C[C@@]21C,,0,med,1.0
JWUJQDFVADABEY-UHFFFAOYSA-N,CC1CCCO1,,0,med,1.0
VHNQIURBCCNWDN-UHFFFAOYSA-N,Nc1cccc(N)n1,,1,med,1.0
XNOPRXBHLZRZKH-DSZYJQQASA-N,CC[C@H](C)[C@@H]1NC(=O)[C@H](Cc2ccc(O)cc2)NC(=O)[C@@H](N)CSSC[C@@H](C(=O)N2CCC[C@H]2C(=O)N[C@@H](CC(C)C)C(=O)NCC(N)=O)NC(=O)[C@H](CC(N)=O)NC(=O)[C@H](CCC(N)=O)NC1=O,OXYTOCIN,0,med,1.0
VAJVDSVGBWFCLW-UHFFFAOYSA-N,OCCCc1ccccc1,,0,med,1.0
CFEYBLWMNFZOPB-UHFFFAOYSA-N,C=CCCC#N,,0,med,1.0
JKOQGQFVAUAYPM-UHFFFAOYSA-N,NCCCNCCSP(=O)(O)O,AMIFOSTINE,0,med,1.0
HXGBXQDTNZMWGS-RUZDIDTESA-N,NC(=O)C(c1ccccc1)(c1ccccc1)[C@@H]1CCN(CCc2ccc3c(c2)CCO3)C1,DARIFENACIN,0,med,1.0
JHRWWRDRBPCWTF-UHFFFAOYSA-N,O=C1C2CC=CCC2C(=O)N1SC(Cl)(Cl)C(Cl)Cl,,1,med,1.0
BMKDZUISNHGIBY-ZETCQYMHSA-N,C[C@@H](CN1CC(=O)NC(=O)C1)N1CC(=O)NC(=O)C1,DEXRAZOXANE,0,med,1.0
ZBVKEHDGYSLCCC-UHFFFAOYSA-N,CC1=C(C)C(=O)C(C(CCCCCC(=O)O)c2ccccc2)=C(C)C1=O,SERATRODAST,1,med,1.0
DNDFTKVGBYZNHU-UHFFFAOYSA-N,COc1ccc(C(=O)NC(=S)Nc2nc3ccc(F)cc3s2)cc1,CHEMBL507070,0,med,1.0
XXMIOPMDWAUFGU-UHFFFAOYSA-N,OCCCCCCO,"1,6-Hexanediol",0,med,1.0
ZUBPKHVCBGWWGO-NDEPHWFRSA-N,Cc1cc(SC2=C(O)C[C@@](CCc3ccc(N)cc3)(C(C)C)OC2=O)c(C(C)(C)C)cc1CO,,0,med,1.0
HQIRNZOQPUAHHV-UHFFFAOYSA-N,Cc1ccc(Cl)c(OCC(O)CNC(C)(C)C)c1,bupranolol,0,med,1.0
OGNCVVRIKNGJHQ-UHFFFAOYSA-N,c1cc(CCCc2ccncc2)ccn1,,0,med,1.0
FKUPPRZPSYCDRS-UHFFFAOYSA-N,O=C1CCCCCCCCCCCCCCO1,,0,med,1.0
NVKUGSUKYBUPDB-UHFFFAOYSA-N,COc1ccc2nc(NC(=O)CCC(=O)c3ccccc3)sc2c1,CHEMBL2153566,0,med,1.0
BACYUWVYYTXETD-UHFFFAOYSA-N,CCCCCCCCCCCC(=O)N(C)CC(=O)O,,0,med,1.0
HVBSAKJJOYLTQU-UHFFFAOYSA-N,Nc1ccc(S(=O)(=O)O)cc1,,0,med,1.0
VZWGRQBCURJOMT-UHFFFAOYSA-N,CCCCCCCCCCCCOC(C)=O,,0,med,1.0
AZXGXVQWEUFULR-UHFFFAOYSA-N,O=C(O)c1ccccc1-c1c2cc(Br)c(=O)c(Br)c-2oc2c(Br)c(O)c(Br)cc12,Eosin,0,med,1.0
DYUWTXWIYMHBQS-UHFFFAOYSA-N,C=CCNCC=C,,0,med,1.0
NCXMLFZGDNKEPB-YWDKRKKXSA-N,C[C@@H]1CC=CC=CC=CC=C[C@H](O[C@@H]2O[C@H](C)[C@@H](O)[C@H](N)[C@@H]2O)C[C@@H]2O[C@](O)(C[C@@H](O)C[C@H]3O[C@@H]3C=CC(=O)O1)C[C@H](O)[C@H]2C(=O)O,,0,med,1.0
RQXTZKGDMNIWJF-UHFFFAOYSA-N,CCC(C)C1CCCCC1=O,,0,med,1.0
VOKSWYLNZZRQPF-GDIGMMSISA-N,CC(C)=CCN1CC[C@@]2(C)c3cc(O)ccc3C[C@@H]1[C@@H]2C,Pentazocine,0,med,1.0
DDTBPAQBQHZRDW-UHFFFAOYSA-N,C1CCCCCCCCCCC1,,0,med,1.0
KWMDHCLJYMVBNS-UHFFFAOYSA-N,Nc1c(Br)cc([N+](=O)[O-])cc1[N+](=O)[O-],,1,med,1.0
JCKYGMPEJWAADB-UHFFFAOYSA-N,O=C(O)CCCc1ccc(N(CCCl)CCCl)cc1,Chlorambucil,1,med,1.0
ZEMIJUDPLILVNQ-ZXFNITATSA-N,CC(C)(C)C(=O)OCOC(=O)[C@@H]1N2C(=O)[C@@H](NC(=O)[C@H](N)c3ccccc3)[C@H]2SC1(C)C,pivampicillin,1,high,2.0
CHNXZKVNWQUJIB-CEGNMAFCSA-N,C#C[C@]1(O)CC[C@H]2[C@@H]3CCC4=CC(=O)CC[C@]4(C)[C@H]3CC[C@@]21C,ethisterone,0,med,1.0
ZCVAOQKBXKSDMS-PVAVHDDUSA-N,C=CCC1=C(C)[C@@H](OC(=O)[C@@H]2[C@@H](C=C(C)C)C2(C)C)CC1=O,bioallethrin,0,med,1.0
RTZZCYNQPHTPPL-UHFFFAOYSA-N,O=[N+]([O-])c1cccc(O)c1,,1,med,1.0
GLFDLEXFOHUASB-UHFFFAOYSA-N,CCCCCCCCCCCCCC[N+](C)(C)C,,1,med,1.0
QZXOLBPUAUOQFB-UHFFFAOYSA-N,CCCCCCCCCC(=O)NO,,0,med,1.0
QWBBPBRQALCEIZ-UHFFFAOYSA-N,Cc1cccc(O)c1C,,0,med,1.0
UTSYWKJYFPPRAP-UHFFFAOYSA-N,C=CC(=O)NCOCCCC,,1,med,1.0
CXXVJZRGOOIVOD-SANMLTNESA-N,CCCC[C@H]1CN(CC2CCOCC2)C(=O)OC12CCN(C1(C)CCN(C(=O)c3c(C)ncnc3C)CC1)CC2,,0,med,1.0
PXMNMQRDXWABCY-UHFFFAOYSA-N,CC(C)(C)C(O)(CCc1ccc(Cl)cc1)Cn1cncn1,,1,med,1.0
AFZSMODLJJCVPP-UHFFFAOYSA-N,c1ccc2sc(SSc3nc4ccccc4s3)nc2c1,Accelerator DM,1,med,1.0
BPNLLIHZSAFABG-UHFFFAOYSA-N,COP(=O)(O)OP(=O)(O)OC,,0,med,1.0
FBOUYBDGKBSUES-VXKWHMMOSA-N,O=C(O[C@H]1CN2CCC1CC2)N1CCc2ccccc2[C@@H]1c1ccccc1,SOLIFENACIN,1,high,2.0
TVLSRXXIMLFWEO-UHFFFAOYSA-N,CCCN(CCOc1c(Cl)cc(Cl)cc1Cl)C(=O)n1ccnc1,Interferon alfa-2b,1,med,1.0
SQOXGXCYIDDLGW-UHFFFAOYSA-N,Cc1ccc(N=Nc2c(O)ccc(N=Nc3ccc(S(=O)(=O)O)cc3)c2O)c(C)c1,,1,med,1.0
JIVZKJJQOZQXQB-UHFFFAOYSA-N,c1ccc(CC2=NCCN2)cc1,TOLAZOLINE,0,med,1.0
SAMJGBVVQUEMGC-UHFFFAOYSA-N,C=COCCOCCOC=C,,0,med,1.0
AOGQPLXWSUTHQB-UHFFFAOYSA-N,CCCCCCOC(C)=O,,0,med,1.0
NXXYKOUNUYWIHA-UHFFFAOYSA-N,Cc1cccc(C)c1O,,0,med,1.0
QFOHBWFCKVYLES-UHFFFAOYSA-N,CCCCOC(=O)c1ccc(O)cc1,Butylparaben,1,med,1.0
XTTIQGSLJBWVIV-UHFFFAOYSA-N,Cc1cc([N+](=O)[O-])ccc1N,,0,med,1.0
WURBVZBTWMNKQT-UHFFFAOYSA-N,CC(C)(C)C(=O)C(Oc1ccc(Cl)cc1)n1cncn1,,1,med,1.0
UEALKTCRMBVTFN-UHFFFAOYSA-N,Nc1cc([N+](=O)[O-])ccc1C(=O)O,,1,med,1.0
KVWDHTXUZHCGIO-UHFFFAOYSA-N,Cc1cc2c(s1)Nc1ccccc1N=C2N1CCN(C)CC1,Olanzapine,0,med,1.0
RDLPVSKMFDYCOR-UEKVPHQBSA-N,CC1=C(C(=O)O)N2C(=O)[C@@H](NC(=O)[C@H](N)C3=CCC=CC3)[C@H]2SC1,CEPHRADINE,1,high,2.0
PQRDTUFVDILINV-UHFFFAOYSA-N,CC1(C)C(=O)N(Br)C(=O)N1Cl,,1,med,1.0
BAFKRPOFIYPKBQ-UHFFFAOYSA-N,Clc1cnc(Oc2ccc(Oc3ncc(Cl)cc3Cl)cc2)c(Cl)c1,,1,med,1.0
NDUPDOJHUQKPAG-UHFFFAOYSA-N,CC(Cl)(Cl)C(=O)O,,0,med,1.0
SIKJAQJRHWYJAI-UHFFFAOYSA-N,c1ccc2[nH]ccc2c1,Indole,1,med,1.0
ZAIDIVBQUMFXEC-UHFFFAOYSA-N,CC=C(Cl)Cl,,0,med,1.0
XILVEPYQJIOVNB-UHFFFAOYSA-N,O=C(OCCOCCO)c1ccccc1Nc1cccc(C(F)(F)F)c1,etofenamate,0,med,1.0
KBSVBCHYXYXDAG-UHFFFAOYSA-N,CC(=O)c1cc(C)oc1C,,0,med,1.0
UDWRJSSBFBSTOO-GLBDIXCZSA-N,C(=C/C=N/c1ccccc1)\C=C\Nc1ccccc1,,0,med,1.0
IMNFDUFMRHMDMM-UHFFFAOYSA-N,CCCCCCC,,0,med,1.0
AFCGFAGUEYAMAO-UHFFFAOYSA-N,CC(=O)NCCCS(=O)(=O)O,Acamprosate calcium,1,high,2.0
MCEHFIXEKNKSRW-LBPRGKRZSA-N,CN(Cc1cnc2nc(=N)[nH]c(N)c2n1)c1c(Cl)cc(C(=O)N[C@@H](CCC(=O)O)C(=O)O)cc1Cl,CHEMBL3137680,1,med,1.0
WIGIZIANZCJQQY-RUCARUNLSA-N,CCC1=C(C)CN(C(=O)NCCc2ccc(S(=O)(=O)NC(=O)N[C@H]3CC[C@H](C)CC3)cc2)C1=O,,0,med,1.0
GZSOSUNBTXMUFQ-YFAPSIMESA-N,COc1ccc(-c2cc(=O)c3c(O)cc(O[C@@H]4O[C@H](CO[C@@H]5O[C@@H](C)[C@H](O)[C@@H](O)[C@H]5O)[C@@H](O)[C@H](O)[C@H]4O)cc3o2)cc1O,,1,med,1.0
QIXJMCNCXLOJKZ-LGUFXXKBSA-N,C/C(=C\Cc1cc(O)cc(Sc2ccccc2C(=O)O)c1O)CCCC(C)CCCC(C)CCCC(C)C,CHEMBL3922437,1,med,1.0
ZCVMWBYGMWKGHF-UHFFFAOYSA-N,CN1CCC(=C2c3ccccc3CC(=O)c3sccc32)CC1,KETOTIFEN,1,high,2.0
LMVPQMGRYSRMIW-KRWDZBQOSA-N,CSC1=N[C@@](C)(c2ccccc2)C(=O)N1Nc1ccccc1,,1,med,1.0
YQUVCSBJEUQKSH-UHFFFAOYSA-N,O=C(O)c1ccc(O)c(O)c1,Protocatechuic Acid,0,med,1.0
COSSPXYCRNRXRX-UHFFFAOYSA-N,C[n+]1ccn(Cc2ccccc2)c1,,0,med,1.0
FOGXJPFPZOHSQS-AYVLZSQQSA-N,CCCC(=O)O[C@]1(C(=O)COC(=O)CC)CC[C@H]2[C@@H]3CCC4=CC(=O)CC[C@]4(C)[C@H]3[C@@H](O)C[C@@]21C,HYDROCORTISONE PROBUTATE,0,med,1.0
BBUPBICWUURTNP-UHFFFAOYSA-N,Cc1ccc([N+](=O)[O-])c(C)c1,,0,med,1.0
ZKXDGKXYMTYWTB-UHFFFAOYSA-N,O=NN1CCOCC1,,0,med,1.0
IDBPHNDTYPBSNI-UHFFFAOYSA-N,CCC(=O)N(c1ccccc1)C1(COC)CCN(CCn2nnn(CC)c2=O)CC1,ALFENTANIL,0,med,1.0
XNIOWJUQPMKCIJ-UHFFFAOYSA-N,OCCNCc1ccccc1,,0,med,1.0
WXMVWUBWIHZLMQ-UHFFFAOYSA-N,CCCCCCCCn1cc[n+](C)c1,,1,med,1.0
JPQHLIYIQARLQM-UHFFFAOYSA-N,CCCCCCCOC(=O)CCC,,0,med,1.0
TWHSQQYCDVSBRK-UHFFFAOYSA-N,CNC(=O)c1cccc2c(Nc3ccc(NS(C)(=O)=O)cc3OC)c3cccc(C)c3nc12,asulacrine,1,med,1.0
MYWUZJCMWCOHBA-VIFPVBQESA-N,CN[C@@H](C)Cc1ccccc1,METHAMPHETAMINE HYDROCHLORIDE,0,med,1.0
DDTDNCYHLGRFBM-YZEKDTGTSA-N,CC(=O)N[C@@H]1[C@H](Oc2c3cc4cc2Oc2ccc(cc2Cl)[C@@H](O[C@@H]2O[C@@H](CO)[C@@H](O)[C@H](O)[C@@H]2NC(C)=O)[C@@H]2NC(=O)[C@H](NC(=O)[C@@H]4NC(=O)[C@H]4NC(=O)[C@@H](Cc5ccc(c(Cl)c5)O3)NC(=O)[C@H](N)c3ccc(O)c(c3)Oc3cc(O)cc4c3)c3ccc(O)c(c3)-c3c(O[C@H]4O[C@H](CO)[C@@H](O)[C@@H](O)[C@@H]4O)cc(O)cc3[C@@H](C(=O)O)NC2=O)O[C@@H](CO)[C@@H](O)[C@@H]1O,CHEMBL2367892,1,med,1.0
IASPBORHOMBZMY-UHFFFAOYSA-N,O=C(Nc1ccccc1-c1cn2c(CN3CCNCC3)csc2n1)c1cnc2ccccc2n1,CHEMBL257991,0,med,1.0
QZVCTJOXCFMACW-UHFFFAOYSA-N,CC(COc1ccccc1)N(CCCl)Cc1ccccc1,PHENOXYBENZAMINE,1,med,1.0
GPXLRLUVLMHHIK-UHFFFAOYSA-N,O=C(Nc1ccccc1)Nc1ccnc(Cl)c1,,1,med,1.0
YIKYNHJUKRTCJL-UHFFFAOYSA-N,CCc1occc(=O)c1O,,0,med,1.0
XYSJVXMQSXKJCN-UHFFFAOYSA-N,COc1nc(-c2ccnc(NC(=O)C3CC3)c2)sc1C(=O)NCCCNc1c2c(nc3ccccc13)CCCC2,CHEMBL4278686,0,med,1.0
QMTNOLKHSWIQBE-KSZLIROESA-N,Cc1ccccc1CO[C@H]1C[C@]2(C(C)C)CC[C@@]1(C)O2,,0,med,1.0
BDERNNFJNOPAEC-UHFFFAOYSA-N,CCCO,propanol,0,med,1.0
CFBYEGUGFPZCNF-UHFFFAOYSA-N,COc1ccccc1[N+](=O)[O-],,0,med,1.0
ANZXOIAKUNOVQU-UHFFFAOYSA-N,CN(C)C(=O)Oc1cc(OC(=O)N(C)C)cc(C(O)CNC(C)(C)C)c1,bambuterol,1,high,2.0
HMDQPBSDHHTRNI-UHFFFAOYSA-N,C=Cc1cccc(CCl)c1,,1,med,1.0
MVCOAUNKQVWQHZ-UHFFFAOYSA-N,Cc1ccc(-n2nc(C(C)(C)C)cc2NC(=O)Nc2ccc(OCCN3CCOCC3)c3ccccc23)cc1,Doramapimod,1,high,2.0
KGPPDNUWZNWPSI-UHFFFAOYSA-N,FC(F)(F)COCC(F)(F)F,flurotyl,0,med,1.0
HVGZQCSMLUDISR-UHFFFAOYSA-N,CCC(=O)OCCc1ccccc1,,0,med,1.0
NJKDOADNQSYQEV-UHFFFAOYSA-N,CN(C(=O)CO)c1c(I)c(C(=O)NCC(O)CO)c(I)c(C(=O)NCC(O)CO)c1I,IOMEPROL,0,med,1.0
OZWKMVRBQXNZKK-LLVKDONJSA-N,O=C(c1ccccc1)c1ccc2n1CC[C@H]2C(=O)O,,0,med,1.0
GXFAIFRPOKBQRV-GHXCTMGLSA-N,NCCC[C@H](N)CC(=O)N[C@H]1CNC(=O)[C@H]([C@H]2C[C@H](O)N=C(N)N2)NC(=O)/C(=C/NC(N)=O)NC(=O)[C@H](CO)NC(=O)[C@H](CO)NC1=O,viomycin,0,med,1.0
YKOCPBMVMBUTAX-UHFFFAOYSA-N,COc1ccc(C(=O)Nc2ccccc2)cc1[N+](=O)[O-],,1,med,1.0
NWWORXYTJRPSMC-QKPAOTATSA-N,CCOC(=O)c1ccc(OCCN2C[C@H](O)[C@@H](O)[C@H](O)[C@H]2CO)cc1,,0,med,1.0
OESPFRYVCUTRKF-UHFFFAOYSA-N,O=C1c2ccccc2C(=O)C1c1ccc2cc(S(=O)(=O)O)cc(S(=O)(=O)O)c2n1,,1,med,1.0
WLQCPSFWJHLZAY-CCZWQWCCSA-N,CN(C)[C@@H]1C(O)=C(C(=O)NCN[C@@H](CCCCN)C(=O)O)C(=O)[C@@]2(O)C(O)=C3C(=O)c4c(O)cccc4[C@@](C)(O)C3C[C@@H]12,,0,med,1.0
JEDYYFXHPAIBGR-UHFFFAOYSA-N,C=CCOC(=O)C(C)(C)OC(=O)c1cc(-n2c(=O)cc(C(F)(F)F)n(C)c2=O)ccc1Cl,Butafenacil,0,med,1.0
MWBPRDONLNQCFV-UHFFFAOYSA-N,CC(C)N(C(=O)SCC(Cl)=C(Cl)Cl)C(C)C,,0,med,1.0
RUGISKODRCWQNE-UHFFFAOYSA-N,Cc1ccccc1CCO,,0,med,1.0
IZUPBVBPLAPZRR-UHFFFAOYSA-N,Oc1c(Cl)c(Cl)c(Cl)c(Cl)c1Cl,CHEMBL75967,1,high,2.0
KSFOVUSSGSKXFI-UHFFFAOYSA-N,C=CC1=C(C)c2cc3[nH]c(cc4nc(cc5[nH]c(cc1n2)c(C)c5CCC(=O)O)C(CCC(=O)O)=C4C)c(C)c3C=C,protoporphyrin,1,med,1.0
UBOXGVDOUJQMTN-UHFFFAOYSA-N,ClCC(Cl)Cl,,0,med,1.0
FOCVUCIESVLUNU-UHFFFAOYSA-N,S=P(N1CC1)(N1CC1)N1CC1,Thiotepa,1,high,2.0
VSMOENVRRABVKN-UHFFFAOYSA-N,C=CC(O)CCCCC,,0,med,1.0
YBCNXCRZPWQOBR-WVHCHWADSA-N,CCCC[N+]1(C)[C@@H]2C[C@@H](OC(=O)[C@H](CO)c3ccccc3)C[C@H]1[C@@H]1O[C@@H]12,scopolamine butylbromide,0,med,1.0
ZJVFLBOZORBYFE-UHFFFAOYSA-N,CC(C)C(=O)c1c(C(C)C)nn2ccccc12,IBUDILAST,0,med,1.0
GLEVLJDDWXEYCO-UHFFFAOYSA-N,Cc1c(C)c2c(c(C)c1O)CCC(C)(C(=O)O)O2,CHEMBL153,0,med,1.0
DNTSIBUQMRRYIU-UHFFFAOYSA-N,O=C(Nc1ccccc1)c1cc([N+](=O)[O-])ccc1Cl,2-Chloro-5-nitrobenzanilide,1,med,1.0
UDSFAEKRVUSQDD-UHFFFAOYSA-N,COC(=O)CCCCC(=O)OC,,0,med,1.0
VLSMHEGGTFMBBZ-OOZYFLPDSA-N,C=C(C)[C@H]1CN[C@H](C(=O)O)[C@H]1CC(=O)O,kainic acid,1,med,1.0
FBCCMZVIWNDFMO-UHFFFAOYSA-N,O=C(Cl)C(Cl)Cl,,0,med,1.0
SQYNKIJPMDEDEG-UHFFFAOYSA-N,CC1OC(C)OC(C)O1,paraldehyde,0,med,1.0
OYIKARCXOQLFHF-UHFFFAOYSA-N,CS(=O)(=O)c1cc(C(F)(F)F)ccc1C(=O)c1cnoc1C1CC1,Isoxaflutole,0,med,1.0
CBRSBDUOPJQVMP-UHFFFAOYSA-N,CCC(C)NC(N)=O,,0,med,1.0
FERIUCNNQQJTOY-UHFFFAOYSA-N,CCCC(=O)O,Butyric Acid,0,med,1.0
MLBVMOWEQCZNCC-OEMFJLHTSA-N,CC(C)CN(C[C@@H](OP(=O)(O)O)[C@H](Cc1ccccc1)NC(=O)O[C@H]1CCOC1)S(=O)(=O)c1ccc(N)cc1,FOSAMPRENAVIR,1,high,2.0
JWZXKXIUSSIAMR-UHFFFAOYSA-N,N#CSCSC#N,,1,med,1.0
OWNAXTAAAQTBSP-UHFFFAOYSA-N,CN(C)C(=O)Nc1cccc(OC(=O)NC(C)(C)C)c1,,1,med,1.0
OMZCMEYTWSXEPZ-UHFFFAOYSA-N,C=CC(=O)Nc1cc2c(Nc3ccc(F)c(Cl)c3)ncnc2cc1OCCCN1CCOCC1,Canertinib,1,med,1.0
IPVFGAYTKQKGBM-BYPJNBLXSA-N,O=c1[nH]c(=O)n([C@@H]2O[C@H](CO)[C@@H](O)[C@@H]2F)cc1I,CHEMBL271475,1,med,1.0
KLECYOQFQXJYBC-UHFFFAOYSA-N,Fc1ccccc1-c1ccccc1,,0,med,1.0
BQQUFAMSJAKLNB-UHFFFAOYSA-N,C1C2OC2C2C1C1CC2C2OC12,,0,med,1.0
IAJBQAYHSQIQRE-UHFFFAOYSA-N,COc1cc(OC)c(OC)cc1C=O,,0,med,1.0
ZOZIRNMDEZKZHM-UHFFFAOYSA-N,O=C(Cc1ccccc1)OCCc1ccccc1,,0,med,1.0
DCOPUUMXTXDBNB-UHFFFAOYSA-N,O=C(O)Cc1ccccc1Nc1c(Cl)cccc1Cl,Diclofenac sodium,1,high,2.0
IWBOPFCKHIJFMS-UHFFFAOYSA-N,NCCOCCOCCN,,0,med,1.0
HNJJXZKZRAWDPF-UHFFFAOYSA-N,CN(C)CCN(Cc1cccs1)c1ccccn1,methapyrilene,1,high,2.0
VSHTWPWTCXQLQN-UHFFFAOYSA-N,CCCCNc1ccccc1,,0,med,1.0
CNQCWYFDIQSALX-UHFFFAOYSA-N,ClCc1cccnc1,,0,med,1.0
NBFQYHKHPBMJJV-UHFFFAOYSA-N,CCCOC(=O)c1ccc(N)cc1,,0,med,1.0
XAPRFLSJBSXESP-UHFFFAOYSA-N,O=C(O)c1c(O)c(-c2ccccc2)nc2ccccc12,oxycinchophen,0,med,1.0
XGGHHHBGPSNXFE-ZSHCYNCHSA-N,CCCC(CCC)C(=O)O[C@H]1C[C@H]2CC[C@@H](C1)[N+]2(C)C,ANISOTROPINE METHYLBROMIDE,0,med,1.0
RWIVICVCHVMHMU-UHFFFAOYSA-N,NCCN1CCOCC1,2-Morpholinoethylamine,0,med,1.0
RKELNIPLHQEBJO-UHFFFAOYSA-N,CC(C)CCCCOC(=O)c1ccccc1C(=O)OCCCCC(C)C,,0,med,1.0
JCBPETKZIGVZRE-SCSAIBSYSA-N,CC[C@@H](N)CO,,0,med,1.0
JAYCNKDKIKZTAF-UHFFFAOYSA-N,Clc1ccccc1-c1ccccc1Cl,,1,med,1.0
CRBJBYGJVIBWIY-UHFFFAOYSA-N,CC(C)c1ccccc1O,,0,med,1.0
MAEIEVLCKWDQJH-UHFFFAOYSA-N,CCCCNc1cc(C(=O)O)cc(S(N)(=O)=O)c1Oc1ccccc1,Bumetanide,0,med,1.0
CLKZWXHKFXZIMA-UHFFFAOYSA-N,O=C(NCc1cccnc1)Nc1ccc([N+](=O)[O-])cc1,,1,med,1.0
GJSURZIOUXUGAL-UHFFFAOYSA-N,Clc1cccc(Cl)c1NC1=NCCN1,Clonidine hydrochloride,1,high,2.0
OKISUZLXOYGIFP-UHFFFAOYSA-N,O=C(c1ccc(Cl)cc1)c1ccc(Cl)cc1,,0,med,1.0
VEMKTZHHVJILDY-UXHICEINSA-N,CC(C)=C[C@@H]1[C@@H](C(=O)OCc2coc(Cc3ccccc3)c2)C1(C)C,,0,med,1.0
POPNTVRHTZDEBW-UHFFFAOYSA-N,CCC(=O)OCCC(C)CCC=C(C)C,,0,med,1.0
WDIHJSXYQDMJHN-UHFFFAOYSA-L,Cl[Ba]Cl,,1,med,1.0
VLZVIIYRNMWPSN-UHFFFAOYSA-N,Nc1cc([N+](=O)[O-])ccc1O,,1,med,1.0
UYCICMIUKYEYEU-ZHACJKMWSA-N,CCCCCCCCC/C=C/CC1CC(=O)OC1=O,,1,med,1.0
YCLSOMLVSHPPFV-UHFFFAOYSA-N,O=C(O)CCSSCCC(=O)O,,0,med,1.0
PYVWGNPFWVQISD-UHFFFAOYSA-N,Cc1cccc2c1cc1ccc3cccc4ccc2c1c34,,1,med,1.0
LNXBEIZREVRNTF-UHFFFAOYSA-N,CC(C)(C)c1ccc(CCC(O)COc2ccc(C(=O)O)cc2)cc1,Lifibrol,1,med,1.0
PHNUZKMIPFFYSO-UHFFFAOYSA-N,C#CC(C)(C)NC(=O)c1cc(Cl)cc(Cl)c1,,0,med,1.0
HUWXDEQWWKGHRV-UHFFFAOYSA-N,Nc1ccc(-c2ccc(N)c(Cl)c2)cc1Cl,,1,med,1.0
ODGCEQLVLXJUCC-UHFFFAOYSA-N,F[B-](F)(F)F,,0,med,1.0
SGRHVVLXEBNBDV-UHFFFAOYSA-N,BrCCCCCCBr,,0,med,1.0
GGXKWVWZWMLJEH-UHFFFAOYSA-N,CC(=O)OCC(CCn1cnc2cnc(N)nc21)COC(C)=O,FAMCICLOVIR,0,med,1.0
NNJPGOLRFBJNIW-HNNXBMFYSA-N,CN[C@H]1CCc2cc(OC)c(OC)c(OC)c2-c2ccc(OC)c(=O)cc21,demecolcine,1,med,1.0
UIEATEWHFDRYRU-UHFFFAOYSA-N,CC(C)COCC(CN(Cc1ccccc1)c1ccccc1)N1CCCC1,BEPRIDIL,1,high,2.0
XZSMZRXAEFNJCU-UHFFFAOYSA-N,CCC(=O)c1ccc2c(c1)N(CCCN1CCN(CCO)CC1)c1ccccc1S2,CARPHENAZINE,1,med,1.0
IRDLUHRVLVEUHA-UHFFFAOYSA-N,CCOP(=S)(S)OCC,,0,med,1.0
ZUOTXZHOGPQFIU-UHFFFAOYSA-N,CCC(C)OC(=O)c1ccc(O)cc1,,1,med,1.0
YQVALJGIKVYRNI-UHFFFAOYSA-N,O=[As](O)(O)c1ccc(NCCNc2ccc([As](=O)(O)O)cc2)cc1,difetarsone,1,med,1.0
CAOHBROWLMCZRP-UHFFFAOYSA-N,CC(C)C(C)(N)C#N,,0,med,1.0
HILAYQUKKYWPJW-UHFFFAOYSA-N,CCCCCCCCCCCCNC(=N)N,,0,med,1.0
UACOQEQOBAQRDQ-UHFFFAOYSA-N,CCN(CC)S(=O)(=O)c1ccc(C(=O)O)cc1,etebenecid,0,med,1.0
DOAYWDKFDPSTSV-UHFFFAOYSA-N,O=c1[nH]c2cc(Cl)ccc2n1C1CCNCC1,,0,med,1.0
VMZUTJCNQWMAGF-UHFFFAOYSA-N,CCc1cc2c(s1)-n1c(C)nnc1CN=C2c1ccccc1Cl,etizolam,0,med,1.0
MZWRIOUCMXPLKV-RFOVXIPZSA-N,CC(=O)O[C@H]1CC[C@@]2(C)C(=CC[C@@H]3[C@@H]2CC[C@]2(C)C(C(C)=O)=CC[C@@H]32)C1,,1,med,1.0
AMHPTVWBZSYFSS-UHFFFAOYSA-N,CN1C2CCC(C)(C)C1CC(OC(=O)C(O)(c1cccs1)c1cccs1)C2,mazaticol,0,med,1.0
UPALIKSFLSVKIS-UHFFFAOYSA-N,CN(C)CCN1C(=O)c2cccc3cc(N)cc(c23)C1=O,Amonafide,1,med,1.0
UUOJIACWOAYWEZ-UHFFFAOYSA-N,Cc1cc2c(OCC(CNC(C)(C)C)OC(=O)c3ccccc3)cccc2[nH]1,bopindolol,0,med,1.0
QCFYJCYNJLBDRT-UHFFFAOYSA-N,CC(CCl)OC(C)CCl,,0,med,1.0
QEVGZEDELICMKH-UHFFFAOYSA-N,O=C(O)COCC(=O)O,,0,med,1.0
VMPITZXILSNTON-UHFFFAOYSA-N,COc1ccccc1N,,1,med,1.0
BASMANVIUSSIIM-UHFFFAOYSA-N,ClCc1ccccc1Cl,,0,med,1.0
XWPZUHJBOLQNMN-UHFFFAOYSA-N,CC1(C)CCC(Cc2ccc(Cl)cc2)C1(O)Cn1cncn1,,1,med,1.0
DUCVQKMNGSZPAV-ZHACJKMWSA-N,CCCCCCCC/C=C/CCCOC(C)=O,,1,med,1.0
JPJALAQPGMAKDF-UHFFFAOYSA-N,O=[Se]=O,,1,med,1.0
XACKNLSZYYIACO-DJLDLDEBSA-N,CCc1cn([C@H]2C[C@H](O)[C@@H](CO)O2)c(=O)[nH]c1=O,edoxudine,0,med,1.0
PXXJHWLDUBFPOL-UHFFFAOYSA-N,N=C(N)c1ccccc1,Benzamidinium chloride,0,med,1.0
MFSWTRQUCLNFOM-UHFFFAOYSA-N,COC(=O)C(C)Oc1ccc(Oc2ncc(C(F)(F)F)cc2Cl)cc1,,0,med,1.0
UETHPMGVZHBAFB-UHFFFAOYSA-N,O=[N+]([O-])c1ccc(C=Cc2ccc([N+](=O)[O-])cc2S(=O)(=O)O)c(S(=O)(=O)O)c1,,0,med,1.0
VJYFKVYYMZPMAB-UHFFFAOYSA-N,CCCSP(=O)(OCC)SCCC,,0,med,1.0
COYBRKAVBMYYSF-UHFFFAOYSA-N,CCCCCC(C)OC(=O)COc1ccc(Cl)c2cccnc12,,0,med,1.0
SMYMJHWAQXWPDB-UHFFFAOYSA-N,O=C(O)COc1cc(Cl)c(Cl)cc1Cl,,1,med,1.0
BFXIKLCIZHOAAZ-UHFFFAOYSA-N,CO[Si](C)(OC)OC,,0,med,1.0
CYIFVRUOHKNECG-UHFFFAOYSA-N,CCCCCCCCCCCC(C)=O,,0,med,1.0
OBNCKNCVKJNDBV-UHFFFAOYSA-N,CCCC(=O)OCC,,0,med,1.0
TZRXHJWUDPFEEY-UHFFFAOYSA-N,O=[N+]([O-])OCC(CO[N+](=O)[O-])(CO[N+](=O)[O-])CO[N+](=O)[O-],pentaerithrityl tetranitrate,0,med,1.0
CUUQUEAUUPYEKK-UHFFFAOYSA-N,C#CC(O)C(CC)CCCC,,0,med,1.0
FZRBKIRIBLNOAM-WHVZTFIZSA-N,C#CCOC(=O)/C=C(C)/C=C/CC(C)CCCC(C)C,,0,med,1.0
ODTQUKVFOLFLIQ-UHFFFAOYSA-N,CC(C)OP(=O)(CP(=O)(OC(C)C)OC(C)C)OC(C)C,,0,med,1.0
CHWNEIVBYREQRF-UHFFFAOYSA-N,CCc1ccc(O)c(OC)c1,,0,med,1.0
OZQDLJNDRVBCST-SHUUEZRQSA-N,Nc1cnn([C@@H]2O[C@H](CO)[C@@H](O)[C@H]2O)c(=O)n1,,1,med,1.0
XUKUURHRXDUEBC-KAYWLYCHSA-N,CC(C)c1c(C(=O)Nc2ccccc2)c(-c2ccccc2)c(-c2ccc(F)cc2)n1CC[C@@H](O)C[C@@H](O)CC(=O)O,Drug 731,0,med,1.0
ICMGLRUYEQNHPF-UHFFFAOYSA-N,COc1ccccc1N1CCN(CCCNc2cc(=O)n(C)c(=O)n2C)CC1,urapidil,0,med,1.0
GZIISXIDAZYOLI-UHFFFAOYSA-N,O=C(CCN1CCC(c2ccccc2)C1)c1ccc2c(c1)OCCO2,,1,med,1.0
DCQBZYNUSLHVJC-UHFFFAOYSA-N,CCO[Si](CCCS)(OCC)OCC,,0,med,1.0
OROGSEYTTFOCAN-DNJOTXNNSA-N,COc1ccc2c3c1O[C@H]1[C@@H](O)C=C[C@H]4[C@@H](C2)N(C)CC[C@@]341,Acetaminophen mixture with codeine and doxylamine,1,med,1.0
ZHKXBELKPQXYEH-UHFFFAOYSA-N,Nc1ccc(S(=O)(=O)NCc2ccccc2)cc1,,0,med,1.0
YOJKKXRJMXIKSR-UHFFFAOYSA-N,O=[N+]([O-])c1ccccc1-c1ccccc1,,0,med,1.0
IBLKWZIFZMJLFL-UHFFFAOYSA-N,CC(O)COc1ccccc1,,0,med,1.0
SKQDKFOTIPJUSV-UHFFFAOYSA-N,Cc1ccccc1OCC(O)CNCCOc1ccc(C(N)=O)cc1,,0,med,1.0
JKWDTWJMTFDQHA-UHFFFAOYSA-N,COc1ccc(C2C(Cl)C(=O)N2C2=C(Cl)C(=O)c3ccccc3C2=O)cc1,CHEMBL5558772,0,med,1.0
BBMCTIGTTCKYKF-UHFFFAOYSA-N,CCCCCCCO,,0,med,1.0
NKGPJODWTZCHGF-KQYNXXCUSA-N,OC[C@H]1O[C@@H](n2cnc3c(S)ncnc32)[C@H](O)[C@@H]1O,,1,med,1.0
DSVIHYOAKPVFEH-UHFFFAOYSA-N,CC1(CO)CN(c2ccccc2)NC1=O,,1,med,1.0
IYXGSMUGOJNHAZ-UHFFFAOYSA-N,CCOC(=O)CC(=O)OCC,,0,med,1.0
AAMHBRRZYSORSH-UHFFFAOYSA-N,CCCCCCCCC1CO1,,0,med,1.0
YTBNTDMBGXAOCG-UHFFFAOYSA-N,CCOC(=O)c1c(C)n(C)c2ccc(O)cc12,,1,med,1.0
GDIIPKWHAQGCJF-UHFFFAOYSA-N,Cc1ccc(N)cc1[N+](=O)[O-],,0,med,1.0
LWAQTCWTCCNHJR-UHFFFAOYSA-N,CC(=O)c1ccc(O)c(C(N)=O)c1,,0,med,1.0
BTCSSZJGUNDROE-UHFFFAOYSA-N,NCCCC(=O)O,aminobutyric acid,0,med,1.0
XOEUHCONYHZURQ-HNUBZJOYSA-N,CC[C@H]1OC(=O)[C@H](C)[C@@H](O[C@H]2C[C@@](C)(OC)[C@@H](O)[C@H](C)O2)[C@H](C)[C@@H](O[C@@H]2O[C@H](C)C[C@H](N(C)C)[C@H]2O)[C@](C)(O)C[C@](C)(F)C(=O)[C@H](C)[C@@H](O)[C@]1(C)O,flurithromycin,1,med,1.0
HJSPWKGEPDZNLK-UHFFFAOYSA-N,Oc1ccc(Cc2ccccc2)cc1,,1,med,1.0
LRCXRAABFLIVAI-UHFFFAOYSA-N,NCC(O)c1cccc(O)c1,norfenefrine,0,med,1.0
GZPHSAQLYPIAIN-UHFFFAOYSA-N,N#Cc1cccnc1,,1,med,1.0
QPGGEKPRGVJKQB-UHFFFAOYSA-N,CN(C)CCN1C(=O)c2ccccc2N(C)c2ccccc21,,0,med,1.0
FEPBITJSIHRMRT-UHFFFAOYSA-N,O=S(=O)(O)c1ccc(O)cc1,4-Hydroxybenzenesulfonic acid,0,med,1.0
IAIHUHQCLTYTSF-UHFFFAOYSA-N,CC12CCC(C1)C(C)(C)C2O,,0,med,1.0
LFQCEHFDDXELDD-UHFFFAOYSA-N,CO[Si](OC)(OC)OC,,0,med,1.0
YYPNJNDODFVZLE-UHFFFAOYSA-N,CC(C)=CC(=O)O,,0,med,1.0
MRBKEAMVRSLQPH-UHFFFAOYSA-N,COc1ccc(O)c(C(C)(C)C)c1,,1,med,1.0
UWHCKJMYHZGTIT-UHFFFAOYSA-N,OCCOCCOCCOCCO,,0,med,1.0
RFVNOJDQRGSOEL-UHFFFAOYSA-N,CCCCCCCCCCCCCCCCCC(=O)OCCO,,0,med,1.0
DYEFUKCXAQOFHX-UHFFFAOYSA-N,O=c1c2ccccc2[se]n1-c1ccccc1,Ebselen,1,med,1.0
XZEUAXYWNKYKPL-WDYNHAJCSA-N,COc1ccc2c(c1)OC(C)(C)[C@@H](c1ccccc1)[C@@H]2c1ccc(OCCN2CCCC2)cc1,Ormeloxifene,0,med,1.0
XRCFXMGQEVUZFC-UHFFFAOYSA-N,COc1ccc(C2C(=O)c3ccccc3C2=O)cc1,ANISINDIONE,0,med,1.0
DTRJDURRPWBDEY-BQASJOSNSA-N,COc1ccc(/N=N/c2cc(C)c(/N=N/c3ccc(S(=O)(=O)O)cc3)cc2OC)cc1,,1,med,1.0
HRRBJVNMSRJFHQ-UHFFFAOYSA-N,COc1ccccc1N1CCN(CC(O)COc2cccc3ccccc23)CC1,NAFTOPIDIL,1,med,1.0
CRDAMVZIKSXKFV-YFVJMOTDSA-N,CC(C)=CCC/C(C)=C/CC/C(C)=C/CO,,0,med,1.0
ZEWQUBUPAILYHI-UHFFFAOYSA-N,CN1CCN(CCCN2c3ccccc3Sc3ccc(C(F)(F)F)cc32)CC1,Trifluoperazine hydrochloride,0,med,1.0
HKOOXMFOFWEVGF-UHFFFAOYSA-N,NNc1ccccc1,,1,med,1.0
ULSDMUVEXKOYBU-ZDUSSCGKSA-N,CN(C)CCc1c[nH]c2ccc(C[C@H]3COC(=O)N3)cc12,ZOLMITRIPTAN,1,high,2.0
WUHOQZCJWKCYCC-UHFFFAOYSA-N,Nc1nc(-c2ccccc2)cc(-c2cn(-c3ccccc3)nc2-c2ccc(OCc3ccccc3)cc2)n1,CHEMBL4451192,1,med,1.0
KVWWTCSJLGHLRM-UHFFFAOYSA-N,COc1ccc(Cl)cc1C(=O)NCCc1ccc(S(N)(=O)=O)cc1,,0,med,1.0
LZPZPHGJDAGEJZ-AKAIJSEGSA-N,CNC(=O)c1cnn(-c2nc(N)c3ncn([C@@H]4O[C@H](CO)[C@@H](O)[C@H]4O)c3n2)c1,REGADENOSON ANHYDROUS,0,med,1.0
RAPBNVDSDCTNRC-UHFFFAOYSA-N,CCOC(=O)C(O)(c1ccc(Cl)cc1)c1ccc(Cl)cc1,,1,med,1.0
UUARTHQJSZTOEM-UHFFFAOYSA-N,CCS(=O)(=O)c1ccc(OC)c(C(=O)OC)c1,,0,med,1.0
OAEGRYMCJYIXQT-UHFFFAOYSA-N,NC(=S)C(N)=S,,0,med,1.0
SMQYOVYWPWASGU-UHFFFAOYSA-N,CNC(=O)c1c(I)c(NC(=O)CCCCC(=O)Nc2c(I)c(C(=O)O)c(I)c(C(=O)NC)c2I)c(I)c(C(=O)O)c1I,iocarmic acid,0,med,1.0
DZLFLBLQUQXARW-UHFFFAOYSA-N,CCCC[N+](CCCC)(CCCC)CCCC,Tetrabutylammonium,0,med,1.0
OGLIVJFAKNJZRE-UHFFFAOYSA-N,CCC[N+]1(C)CCCCC1,,0,med,1.0
RJUFJBKOKNCXHH-UHFFFAOYSA-N,CCC(=O)OC,,0,med,1.0
QXNDZONIWRINJR-UHFFFAOYSA-N,C1CCCNCCC1,,0,med,1.0
SRUTWBWLFKSTIS-UHFFFAOYSA-N,CSSc1ccoc1C,,0,med,1.0
SZFPYBIJACMNJV-UHFFFAOYSA-N,CCCCCCCCCCCCCCCCCCOP(=O)([O-])OC1CC[N+](C)(C)CC1,Perifosine,0,med,1.0
DNTGGZPQPQTDQF-UHFFFAOYSA-N,CC=CC(=O)N(CC)c1ccccc1C,crotamiton,0,med,1.0
HTIKWNNIPGXLGM-YLINKJIISA-N,C=CC[N+]1([C@H]2C[C@H]3[C@@H]4CC[C@H]5C[C@H](OC(C)=O)[C@@H](N6CCCCC6)C[C@]5(C)[C@H]4CC[C@]3(C)[C@H]2OC(=O)CC)CCCCC1,Drug 1131,0,med,1.0
ZNYRFEPBTVGZDN-UHFFFAOYSA-N,COCCOCCOCCOCCO,Tetraethylene glycol monomethyl ether,0,med,1.0
NBLHOLNNKJBEDC-XOGQCRKLSA-N,Cc1c(N)nc([C@H](CC(N)=O)NC[C@H](N)C(N)=O)nc1C(=O)N[C@H](C(=O)N[C@H](C)[C@@H](O)[C@H](C)C(=O)N[C@H](C(=O)NCCc1nc(-c2nc(C(=O)NCCCCNC(=N)N)cs2)cs1)[C@@H](C)O)[C@@H](O[C@@H]1O[C@@H](CO)[C@@H](O)[C@H](O)[C@@H]1O[C@H]1O[C@H](CO)[C@@H](O)[C@H](OC(N)=O)[C@@H]1O)c1cnc[nH]1,,1,med,1.0
BGDKAVGWHJFAGW-UHFFFAOYSA-N,CCN(Cc1ccncc1)C(=O)C(CO)c1ccccc1,TROPICAMIDE,0,med,1.0
RDYMFSUJUZBWLH-AZVNHNRSSA-N,O=S1OC[C@@H]2[C@H](CO1)[C@]1(Cl)C(Cl)=C(Cl)[C@@]2(Cl)C1(Cl)Cl,,1,med,1.0
FVIGODVHAVLZOO-UHFFFAOYSA-N,CCOC(=S)SSC(=S)OCC,dixanthogen,0,med,1.0
JQCWLRHNAHIIGW-UHFFFAOYSA-N,CC(C)CCC(=O)CCC(C)C,,1,med,1.0
MSWZFWKMSRAUBD-IVMDWMLBSA-N,N[C@H]1C(O)O[C@H](CO)[C@@H](O)[C@@H]1O,glucosamine,0,med,1.0
FXNDIJDIPNCZQJ-UHFFFAOYSA-N,C=C(C)CC(C)(C)C,,0,med,1.0
RVWOWEQKPMPWMQ-UHFFFAOYSA-N,CCCCCCC(O)CCCCCCCCCCC(=O)OC,,0,med,1.0
JGSARLDLIJGVTE-MBNYWOFBSA-N,CC1(C)S[C@@H]2[C@H](NC(=O)Cc3ccccc3)C(=O)N2[C@H]1C(=O)O,PENICILLIN G,1,high,2.0
BKRGVLQUQGGVSM-KDOFPFPSSA-N,CCN(CC)C(=O)N[C@@H]1C=C2c3cccc4[nH]cc(c34)C[C@@H]2N(C)C1,,1,med,1.0
ZOZUXFQYIYUIND-IMJSIDKUSA-N,Cl[C@H]1OCCO[C@@H]1Cl,,0,med,1.0
NEKOXWSIMFDGMA-UHFFFAOYSA-N,CCCN(CCC)c1c([N+](=O)[O-])cc(C(C)C)cc1[N+](=O)[O-],,1,med,1.0
LOZWAPSEEHRYPG-UHFFFAOYSA-N,C1CSCCS1,,0,med,1.0
WTOYNNBCKUYIKC-JMSVASOKSA-N,C=C(C)[C@@H]1CCC2=CC(=O)C[C@@H](C)[C@]2(C)C1,,0,med,1.0
QBGIPXPNKVUYEF-UHFFFAOYSA-N,O=C(NC(=S)Nc1nc2ccc(F)cc2s1)c1ccccc1,CHEMBL374408,0,med,1.0
SUSRORUBZHMPCO-UHFFFAOYSA-N,COC(=O)c1cc(Oc2ccc(Cl)cc2Cl)ccc1[N+](=O)[O-],,0,med,1.0
XPSAGIQSESMIJK-UHFFFAOYSA-N,CCn1cnc2c(-c3ccc(F)c(-c4cc5c(cc4OC)C(=O)N(C)C5)c3)cnnc21,CHEMBL4545044,1,med,1.0
VZRKEAFHFMSHCD-UHFFFAOYSA-N,CCCCN(CCC(=O)OCC)C(C)=O,,0,med,1.0
JTPUMZTWMWIVPA-UHFFFAOYSA-O,CC(C)[N+](C)(CCC(C(N)=O)(c1ccccc1)c1ccccc1)C(C)C,ISOPROPAMIDE IODIDE,1,high,2.0
JARNORYOPMINDY-UHFFFAOYSA-N,COc1ccccc1N1CCN(CCCCNC(=O)c2ccc(-c3ccc(C(C)=O)cc3)cc2)CC1,,0,med,1.0
IOYZYMQFUSNATM-UHFFFAOYSA-N,CCCCCCCCCCCCCCCC[N+](C)(C)CCN(Cc1ccc(OC)cc1)c1ncccn1,THONZONIUM BROMIDE,0,med,1.0
GZIFEOYASATJEH-VHFRWLAGSA-N,Cc1cc(O)cc2c1O[C@](C)(CCC[C@H](C)CCC[C@H](C)CCCC(C)C)CC2,,0,med,1.0
GUCYFKSBFREPBC-UHFFFAOYSA-N,Cc1cc(C)c(C(=O)P(=O)(C(=O)c2c(C)cc(C)cc2C)c2ccccc2)c(C)c1,,0,med,1.0
LIKMAJRDDDTEIG-UHFFFAOYSA-N,C=CCCCC,,0,med,1.0
HOUSDILKOJMENG-UHFFFAOYSA-N,Cc1cc(N)c2cc(NC(=O)Nc3ccc4nc(C)cc(N)c4c3)ccc2n1,aminoquinuride,0,med,1.0
HTQNYBBTZSBWKL-UHFFFAOYSA-N,O=C(c1ccccc1)c1ccc(O)c(O)c1O,,1,med,1.0
BATOPAZDIZEVQF-MQQKCMAXSA-N,C/C=C/C=C/C=O,,1,med,1.0
VCKUSRYTPJJLNI-UHFFFAOYSA-N,COc1cc2nc(N3CCN(C(=O)C4CCCO4)CC3)nc(N)c2cc1OC,TERAZOSIN,0,med,1.0
OBLNWSCLAYSJJR-UHFFFAOYSA-N,NC1=C(Cl)C(=O)c2ccccc2C1=O,CHEMBL156959,0,med,1.0
DDIZAANNODHTRB-UHFFFAOYSA-N,COC(=O)c1ccc(OC)cc1,,0,med,1.0
NDQKGEFMUGSRNS-UHFFFAOYSA-N,ClCCCN1CCN(c2cccc(Cl)c2)CC1,,1,med,1.0
QDUIJCOKQCCXQY-WHJQOFBOSA-N,CO/N=C(\C(=O)N[C@@H]1C(=O)N2C(C(=O)[O-])=C(C[n+]3ccn4ncccc43)CS[C@H]12)c1nsc(N)n1,cefozopran,1,med,1.0
YQEZLKZALYSWHR-UHFFFAOYSA-N,CNC1(c2ccccc2Cl)CCCCC1=O,Ketamine hydrochloride,0,med,1.0
SKVLYVHULOWXTD-UHFFFAOYSA-N,O=C(O)CCC(=O)Nc1ccc(S(=O)(=O)Nc2nccs2)cc1,succinylsulfathiazole,0,med,1.0
VDUUABBYYOPFAW-WMMMYUQOSA-N,Cc1occc1C(=O)Nc1ccc(C(=O)N2CCC(F)(F)/C(=C\C(=O)N3CCC(N4CCCCC4)CC3)c3ccccc32)cc1,,0,med,1.0
VAUMDUIUEPIGHM-UHFFFAOYSA-N,Cc1ccc(C=O)s1,,0,med,1.0
VCCBEIPGXKNHFW-UHFFFAOYSA-N,Oc1ccc(-c2ccc(O)cc2)cc1,,1,med,1.0
HTJXMOGUGMSZOG-UHFFFAOYSA-N,O=C(Cn1c(=O)sc2ccc(Cl)cc21)N1CCN(CCO)CC1,tiaramide,1,high,2.0
BGKAKRUFBSTALK-UHFFFAOYSA-N,COc1cc(C=O)ccc1OC(=O)C(C)C,,0,med,1.0
ZCBJDQBSLZREAA-UHFFFAOYSA-N,CC(=O)Oc1ccc(C2(c3ccc(OC(C)=O)cc3)Oc3ccccc3NC2=O)cc1,bisoxatin acetate,1,med,1.0
LMOINURANNBYCM-UHFFFAOYSA-N,CC(C)NCC(O)c1cc(O)cc(O)c1,Metaproterenol sulfate,1,high,2.0
YDDXVAXDYKBWDX-UHFFFAOYSA-N,CN/C(=N\C#N)NCCSCc1csc(N=C(N)N)n1,,0,med,1.0
ZSBOMYJPSRFZAL-JLHYYAGUSA-N,CCCC(=O)OC/C=C(\C)CCC=C(C)C,,0,med,1.0
NTHXOOBQLCIOLC-UHFFFAOYSA-N,CC(=O)N(CC(O)CO)c1c(I)c(C(=O)NCC(O)CO)c(I)c(C(=O)NCC(O)CO)c1I,IOHEXOL,0,med,1.0
FVSKHRXBFJPNKK-UHFFFAOYSA-N,CCC#N,,0,med,1.0
XGWIJUOSCAQSSV-XHDPSFHLSA-N,C[C@H]1[C@H](c2ccc(Cl)cc2)SC(=O)N1C(=O)NC1CCCCC1,,1,med,1.0
GLYGRBPLZURLDD-UHFFFAOYSA-N,S=C1NC=NC2N=CNC12,,1,med,1.0
BYFNZOKBMZKTSC-UHFFFAOYSA-N,Cc1cc(C)cc([N+](=O)[O-])c1,,0,med,1.0
QIRAYNIFEOXSPW-YLJYHZDGSA-N,CC[C@@H](O)C(C[C@@H](C)N(C)C)(c1ccccc1)c1ccccc1,Alphamethadol,0,med,1.0
DWPQODZAOSWNHB-UHFFFAOYSA-N,CN1CC(=O)N/C1=N/C(=O)Nc1cccc(Cl)c1,"N-(3-Chlorophenyl)-N'-(4,5-dihydro-1-methyl-4-oxo-1H-imidazol-2-yl)urea",1,med,1.0
AKNNEGZIBPJZJG-MSOLQXFVSA-N,COc1ccc2c(c1OC)C(=O)O[C@@H]2[C@H]1c2c(cc3c(c2OC)OCO3)CCN1C,noscapine,0,med,1.0
IEJIGPNLZYLLBP-UHFFFAOYSA-N,COC(=O)OC,,0,med,1.0
HLDUHCYBUVVDOT-GZBOUJLJSA-N,O=C(O)c1ccc(NC2OC[C@@H](O)[C@H](O)[C@H]2O)cc1,,0,med,1.0
HWXIGFIVGWUZAO-UHFFFAOYSA-N,Cn1c(=O)c2c(ncn2CC2OCCO2)n(C)c1=O,doxofylline,0,med,1.0
PJUIMOJAAPLTRJ-UHFFFAOYSA-N,OCC(O)CS,,0,med,1.0
XEAQIWGXBXCYFX-GUOLPTJISA-N,COC1=CC(=O)O[C@@H](/C=C/c2ccccc2)C1,,0,med,1.0
QYIDTLNEEJCIJR-UHFFFAOYSA-N,C#CCN(C)CCCCOc1ccc2ccc(=O)oc2c1,CHEMBL4215298,0,med,1.0
LSLYOANBFKQKPT-UHFFFAOYSA-N,CC(Cc1ccc(O)cc1)NCC(O)c1cc(O)cc(O)c1,fenoterol,1,high,2.0
PTCGDEVVHUXTMP-UHFFFAOYSA-N,CC(C)Oc1cccc(NC(=O)c2ccccc2C(F)(F)F)c1,,1,med,1.0
FIQOFIRCTOWDOW-BJLQDIEVSA-N,CCOC(=O)[C@H](CCc1ccccc1)N[C@H]1CS[C@H](c2cccs2)CN(CC(=O)O)C1=O,temocapril,0,med,1.0
HMZGPNHSPWNGEP-UHFFFAOYSA-N,C=C(C)C(=O)OCCCCCCCCCCCCCCCCCC,,0,med,1.0
MRMBZHPJVKCOMA-YJFSRANCSA-N,C[C@@H](O)[C@H]1C(=O)N2C(C(=O)[O-])=C(SC3Cn4cnc[n+]4C3)[C@H](C)[C@H]12,biapenem,1,high,2.0
WHUUTDBJXJRKMK-UHFFFAOYSA-N,NC(CCC(=O)O)C(=O)O,,0,med,1.0
PVUSNWSCRYFKFI-UHFFFAOYSA-N,CCOC(=O)C1(c2ccccc2)N=C(c2ccccc2)N(Cc2ccccc2)C1c1ccccc1,CHEMBL2158991,0,med,1.0
JZUTXVTYJDCMDU-RBUKOAKNSA-N,COc1ccc2c(c1OC)C(=O)O[C@H]2[C@@H]1c2cc3c(cc2CCN1C)OCO3,,1,med,1.0
BGNXCDMCOKJUMV-UHFFFAOYSA-N,CC(C)(C)c1cc(O)ccc1O,Tert-Butylhydroquinone,1,med,1.0
LRQFRDLKOBFOSG-UHFFFAOYSA-N,C[N+](C)(C)CC1CO1,,0,med,1.0
TVIDDXQYHWJXFK-UHFFFAOYSA-N,O=C(O)CCCCCCCCCCC(=O)O,,0,med,1.0
XPFVYQJUAUNWIW-UHFFFAOYSA-N,OCc1ccco1,,0,med,1.0
XKEFYDZQGKAQCN-UHFFFAOYSA-N,Clc1cc(Cl)cc(Cl)c1,"1,3,5-Trichlorobenzene",0,med,1.0
DGMKFQYCZXERLX-UHFFFAOYSA-N,CCCN(CCC)C(=O)C(CCC(=O)O)NC(=O)c1ccccc1,,0,med,1.0
HDWIHXWEUNVBIY-UHFFFAOYSA-N,NS(=O)(=O)c1cc2c(cc1C(F)(F)F)NC(Cc1ccccc1)NS2(=O)=O,Bendroflumethiazide,1,high,2.0
KRVOJOCLBAAKSJ-KSSFIOAISA-N,CNc1cc(OC)c(C(=O)N[C@H]2CCN(Cc3ccccc3)[C@H]2C)cc1Cl,,0,med,1.0
OTXINXDGSUFPNU-UHFFFAOYSA-N,CC(C)(C)c1ccc(C=O)cc1,,0,med,1.0
OFCNXPDARWKPPY-UHFFFAOYSA-N,O=c1[nH]cnc2[nH]ncc12,Allopurinol,0,med,1.0
PXBFMLJZNCDSMP-UHFFFAOYSA-N,NC(=O)c1ccccc1N,,0,med,1.0
JAEZSIYNWDWMMN-UHFFFAOYSA-N,CNC(=S)N(C)C,,0,med,1.0
FABPRXSRWADJSP-MEDUHNTESA-N,COc1c(N2C[C@@H]3CCCN[C@@H]3C2)c(F)cc2c(=O)c(C(=O)O)cn(C3CC3)c12,Drug 1434,0,med,1.0
SZIFAVKTNFCBPC-UHFFFAOYSA-N,OCCCl,,0,med,1.0
BKAWJIRCKVUVED-UHFFFAOYSA-N,Cc1ncsc1CCO,4-Methyl-5-(2-hydroxyethyl)thiazole,0,med,1.0
RBKASMJPSJDQKY-RBFSKHHSSA-N,C[C@@H]1C[C@H]2[C@@H]3CCC4=CC(=O)C=C[C@]4(C)C3=CC[C@]2(C)[C@H]1C(=O)CN1CCN(c2cc(N3CCCC3)nc(N3CCCC3)n2)CC1,tirilazad,1,med,1.0
PDSVZUAJOIQXRK-UHFFFAOYSA-N,CCCCCCCCCCCCCCCCCC[N+](C)(C)C,,0,med,1.0
PTHLEKANMPKYDB-UHFFFAOYSA-N,CCC(=O)c1c(O)cc(O)cc1O,flopropione,1,med,1.0
LJGHYPLBDBRCRZ-UHFFFAOYSA-N,Nc1cccc(S(=O)(=O)c2cccc(N)c2)c1,,0,med,1.0
IIACRCGMVDHOTQ-UHFFFAOYSA-N,NS(=O)(=O)O,,0,med,1.0
OFCFYWOKHPOXKF-UHFFFAOYSA-N,O=S(=O)(c1ccccc1)c1ccc(Cl)cc1,,0,med,1.0
KLZWOWYOHUKJIG-BPUTZDHNSA-N,CCOC(=O)[C@H](CCc1ccccc1)N[C@@H](C)C(=O)N1C(=O)N(C)C[C@H]1C(=O)O,IMIDAPRIL,0,med,1.0
FIPWRIJSWJWJAI-UHFFFAOYSA-N,CCCCOCCOCCOCc1cc2c(cc1CCC)OCO2,PIPERONYL BUTOXIDE,1,med,1.0
VVQNEPGJFQJSBK-UHFFFAOYSA-N,C=C(C)C(=O)OC,,0,med,1.0
ZOCBBCHDTYVHNA-UHFFFAOYSA-N,Cc1cc(=O)oc2cc(OCCCCSC(=S)N3CCCCC3)ccc12,CHEMBL4167524,0,med,1.0
JIEKMACRVQTPRC-UHFFFAOYSA-N,O=C(O)Cc1sc(-c2ccccc2)nc1-c1ccc(Cl)cc1,fentiazac,1,high,2.0
ZLCUIOWQYBYEBG-UHFFFAOYSA-N,Cc1ccc2c(c1N)C(=O)c1ccccc1C2=O,,1,med,1.0
QEFJYMFUMVHTBR-UHFFFAOYSA-N,CN(C)c1ccc(C(=C2C=CC(=[N+](C)C)C=C2)c2c(O)c(S(=O)(=O)[O-])cc3cc(S(=O)(=O)O)ccc23)cc1,,0,med,1.0
XLOQNFNTQIRSOX-UHFFFAOYSA-N,CC(=O)c1ccc2c(c1)N(CC(C)N(C)C)c1ccccc1S2,aceprometazine,1,med,1.0
PDQAZBWRQCGBEV-UHFFFAOYSA-N,S=C1NCCN1,,1,med,1.0
ZDXMLEQEMNLCQG-UHFFFAOYSA-N,COC(=O)c1ccccc1S(=O)(=O)NC(=O)Nc1nc(C)cc(C)n1,,0,med,1.0
HLBLWEWZXPIGSM-UHFFFAOYSA-N,Nc1ccc(Oc2ccc(N)cc2)cc1,,1,med,1.0
HJOVHMDZYOCNQW-UHFFFAOYSA-N,CC1=CC(=O)CC(C)(C)C1,,0,med,1.0
XAGMUUZPGZWTRP-ZETCQYMHSA-N,C[C@H]1COc2c(C3(N)CC3)c(F)cc3c(=O)c(C(=O)O)cn1c23,pazufloxacin,1,high,2.0
BWBONKHPVHMQHE-UHFFFAOYSA-N,CC(C)CCOc1ccc(NC(=S)Nc2ccc(OCCC(C)C)cc2)cc1,tiocarlide,1,med,1.0
LCCNCVORNKJIRZ-UHFFFAOYSA-N,CCOP(=S)(OCC)Oc1ccc([N+](=O)[O-])cc1,,1,med,1.0
VQHUQHAPWMNBLP-UHFFFAOYSA-N,COP(=O)(OC)OC(c1ccc(Cl)cc1)P(=O)(OC)OC,,0,med,1.0
COKMIXFXJJXBQG-NRFANRHFSA-N,CCCCS(=O)(=O)N[C@@H](Cc1ccc(OCCCCC2CCNCC2)cc1)C(=O)O,TIROFIBAN,0,med,1.0
OSVMTWJCGUFAOD-KZQROQTASA-N,C[C@]12CCC(=O)C(O)=C1CC[C@@H]1[C@@H]2CC[C@]2(C)C(=O)CC[C@@H]12,formestane,0,med,1.0
LLYYNOVSVPBRGV-MVNKZKPCSA-N,C=C[C@]1(C)C[C@@H](OC(=O)CSC(C)(C)CNC(=O)[C@H](N)C(C)C)[C@]2(C)[C@H](C)CC[C@]3(CCC(=O)[C@H]32)[C@@H](C)[C@@H]1O,,0,med,1.0
VIUDTWATMPPKEL-UHFFFAOYSA-N,Nc1cccc(C(F)(F)F)c1,,0,med,1.0
VSBHYRPUJHEOBE-UHFFFAOYSA-N,Cc1occc(=O)c1OC(=O)C(C)C,,0,med,1.0
XQCFHQBGMWUEMY-UHFFFAOYSA-N,N=C(N)NN=C(C=Cc1ccc([N+](=O)[O-])o1)C=Cc1ccc([N+](=O)[O-])o1,,1,med,1.0
NFAVNWJJYQAGNB-UHFFFAOYSA-N,CCCCCCCCCC(C)C=O,,0,med,1.0
NETZHAKZCGBWSS-CEDHKZHLSA-N,Oc1ccc2c3c1O[C@H]1[C@@H](O)CC[C@@]4(O)[C@@H](C2)N(CC2CCC2)CC[C@]314,NALBUPHINE,0,med,1.0
WCCIEZDFRJREQJ-UHFFFAOYSA-N,CN(C)c1ccc(SC#N)cc1,,1,med,1.0
XQTLDIFVVHJORV-UHFFFAOYSA-N,O=[N+]([O-])c1c(Cl)c(Cl)cc(Cl)c1Cl,,0,med,1.0
XFYDIVBRZNQMJC-UHFFFAOYSA-N,Clc1ccc2nsnc2c1NC1=NCCN1,Tizanidine hydrochloride,0,med,1.0
ZPOLOEWJWXZUSP-WAYWQWQTSA-N,C=CCOC(=O)/C=C\C(=O)OCC=C,,1,med,1.0
LFULEKSKNZEWOE-UHFFFAOYSA-N,CCC(=O)Nc1ccc(Cl)c(Cl)c1,,1,med,1.0
ZWNMRZQYWRLGMM-UHFFFAOYSA-N,CC(C)(O)CCC(C)(C)O,,0,med,1.0
RIWRFSMVIUAEBX-UHFFFAOYSA-N,CNCc1ccccc1,,0,med,1.0
BXSSNHYHHLFNAV-UHFFFAOYSA-N,CCCCCCCCCCCCSCCOCCO,,0,med,1.0
GRRNUXAQVGOGFE-UKKLBUEASA-N,CN[C@H]1C[C@@H](N)[C@H](O)[C@@H](O[C@@H]2O[C@H](CO)[C@H](O)[C@@H]3OC4(O[C@H]23)O[C@H](C(N)CO)[C@H](O)[C@H](O)[C@H]4O)[C@@H]1O,,0,med,1.0
UGGAILYEBCSZIV-NPVRBOKNSA-N,Cc1cc(O)c2c(c1)O[C@@]1(C)CC[C@H]3C(C)(C)CCCC34CO[C@@H]2[C@H]41,,0,med,1.0
PHXATPHONSXBIL-UHFFFAOYSA-N,CCCCCCCC1CCC(=O)O1,,0,med,1.0
ZMWRRFHBXARRRT-UHFFFAOYSA-N,CCC(C)(C)c1cc(-n2nc3ccccc3n2)c(O)c(C(C)(C)CC)c1,,0,med,1.0
AKUJBENLRBOFTD-RPRRAYFGSA-N,CC(=O)OCC(=O)[C@@]1(O)[C@H](C)C[C@H]2[C@@H]3CCC4=CC(=O)C=C[C@]4(C)[C@@]3(F)[C@@H](O)C[C@@]21C,DEXAMETHASONE ACETATE,0,med,1.0
PZXOQEXFMJCDPG-UHFFFAOYSA-N,CNC(=O)CSP(=O)(OC)OC,,0,med,1.0
CANCCLAKQQHLNK-UHFFFAOYSA-N,Cc1cccc(N(C)C(=S)Oc2ccc3c(c2)C2CCC3C2)c1,tolciclate,0,med,1.0
QYIXCDOBOSTCEI-KKFSNPNRSA-N,CC(C)CCC[C@@H](C)[C@H]1CC[C@H]2[C@@H]3CC[C@@H]4C[C@H](O)CC[C@]4(C)[C@H]3CC[C@]12C,,0,med,1.0
PDWUPXJEEYOOTR-UHFFFAOYSA-N,N=C(N)NCc1cccc(I)c1,IOBENGUANE,0,med,1.0
PCIIJXPELZPHAW-UHFFFAOYSA-N,COc1ccc(C2CC(c3cc4ccccc4oc3=O)=NN2C(C)=O)cc1,CHEMBL1258747,0,med,1.0
PGTVWKLGGCQMBR-FLBATMFCSA-N,CC(=O)[C@H]1CC[C@H]2[C@@H]3CC[C@H]4C[C@](C)(O)CC[C@]4(C)[C@H]3CC[C@]12C,GANAXOLONE,0,med,1.0
GUCKKCMJTSNWCU-BQBZGAKWSA-N,CC(=O)N[C@@H](CC(=O)N[C@@H](CCC(=O)O)C(=O)O)C(=O)O,spaglumic acid,0,med,1.0
ULBZAXDVMDGCJQ-UHFFFAOYSA-N,Cc1cc(OCCOCC[N+](C)(C)Cc2ccccc2)ccc1C(C)(C)CC(C)(C)C,,1,med,1.0
PCNFLKVWBDNNOW-UHFFFAOYSA-N,NNc1ccc(C(=O)O)cc1,,0,med,1.0
XCSNRORTQRKCHB-UHFFFAOYSA-N,Cc1c(Cl)cccc1[N+](=O)[O-],,0,med,1.0
NLPRAJRHRHZCQQ-UTLUCORTSA-N,Clc1ccc([C@@H]2C[C@H]3CC[C@@H]2N3)cn1,,0,med,1.0
OJYLAHXKWMRDGS-UHFFFAOYSA-N,COc1cc(CCC(C)=O)ccc1O,Zingerone,0,med,1.0
BXZVVICBKDXVGW-NKWVEPMBSA-N,O=c1[nH]cnc2c1ncn2[C@H]1CC[C@@H](CO)O1,Drug 97,0,med,1.0
ZFFMLCVRJBZUDZ-UHFFFAOYSA-N,CC(C)C(C)C,,0,med,1.0
ZBQFYVZOWLAJKN-UHFFFAOYSA-N,FCCCCCF,CHEMBL1697728,1,med,1.0
IWRVPXDHSLTIOC-NXVVXOECSA-N,Nc1ccc(/N=N\c2ccccc2)c(N)c1,,1,med,1.0
AHSGHEXYEABOKT-UHFFFAOYSA-N,O=C(OCCOCCOCCOC(=O)c1ccccc1)c1ccccc1,,0,med,1.0
RYYCJUAHISIHTL-UHFFFAOYSA-N,O=C(O)c1nc(=O)[nH]c(=O)[nH]1,oteracil,0,med,1.0
BOEGTKLJZSQCCD-UEKVPHQBSA-N,CC1=C(C(=O)O)N2C(=O)[C@@H](NC(=O)[C@H](N)c3ccc(O)cc3)[C@H]2SC1,CEFADROXIL,1,med,1.0
XYIBRDXRRQCHLP-UHFFFAOYSA-N,CCOC(=O)CC(C)=O,,0,med,1.0
QLFZZSKTJWDQOS-PKPCRRNFSA-N,CO[C@H]1C[C@H](O[C@H]2[C@H](C)O[C@@H](O[C@@H]3C(C)=CC[C@@H]4C[C@@H](C[C@]5(C=C[C@H](C)[C@@H](C6CCCCC6)O5)O4)OC(=O)[C@@H]4C=C(C)[C@@H](O)[C@H]5OCC(=CC=C[C@@H]3C)[C@]54O)C[C@@H]2OC)O[C@@H](C)[C@@H]1O,,1,med,1.0
ZPACYDRSPFRDHO-ROBAGEODSA-N,CC(C)=CCC/C(C)=C/CC/C(C)=C/CCC(=O)OC/C=C(\C)CCC=C(C)C,gefarnate,1,high,2.0
HHEIMYAXCOIQCJ-UHFFFAOYSA-N,CCOC(=O)C(C)(C)C,,0,med,1.0
AAOVKJBEBIDNHE-UHFFFAOYSA-N,CN1C(=O)CN=C(c2ccccc2)c2cc(Cl)ccc21,Diazepam,1,high,2.0
PFOLLRNADZZWEX-FFGRCDKISA-N,CCOC(=O)OC(C)OC(=O)[C@@H]1N2C(=O)[C@@H](NC(=O)[C@H](N)c3ccccc3)[C@H]2SC1(C)C,BACAMPICILLIN,1,high,2.0
NQBWNECTZUOWID-UHFFFAOYSA-N,O=C(C=Cc1ccccc1)OCC=Cc1ccccc1,,0,med,1.0
XMXHEBAFVSFQEX-UHFFFAOYSA-N,COc1cc(C(C)=O)ccc1OCCCN1CCC(c2noc3cc(F)ccc23)CC1,ILOPERIDONE,1,high,2.0
QMOUXALDYBFPCF-HMMYKYKNSA-N,O=C(/C=C/c1cn(-c2ccccc2)nc1-c1ccc(OCc2ccccc2)cc1)c1ccc(Cl)cc1,CHEMBL4443521,0,med,1.0
OMOSYYVYEGXVHK-UHFFFAOYSA-N,O=[N+]([O-])c1ccc(Nc2ccc(Nc3ccccc3)c(S(=O)(=O)O)c2)c([N+](=O)[O-])c1,,0,med,1.0
XFSAZBKSWGOXRH-UHFFFAOYSA-N,O=C(Cl)OCCOCCOC(=O)Cl,,0,med,1.0
NUIURNJTPRWVAP-UHFFFAOYSA-N,Cc1cc(-c2ccc(N)c(C)c2)ccc1N,,1,med,1.0
SMANXXCATUTDDT-QPJJXVBHSA-N,Fc1ccc(C(c2ccc(F)cc2)N2CCN(C/C=C/c3ccccc3)CC2)cc1,flunarizine,1,high,2.0
VFCNQNZNPKRXIT-UHFFFAOYSA-N,CN(C)c1ccc(C(=C2C=CC(=[N+](C)C)C=C2)c2ccccc2)cc1,Malachite green cation,1,med,1.0
TXOKWXJQVFUUDD-UHFFFAOYSA-N,CCN(CC)CCOc1ccc(-c2nc3cc(Cl)ccc3s2)cc1,haletazole,1,med,1.0
UYXAWHWODHRRMR-UHFFFAOYSA-N,CN1C(=O)C(C)(C2=CCCCC2)C(=O)N=C1O,,0,med,1.0
VAIZTNZGPYBOGF-CYBMUJFWSA-N,CCCCOC(=O)[C@@H](C)Oc1ccc(Oc2ccc(C(F)(F)F)cn2)cc1,,0,med,1.0
AHEVKYYGXVEWNO-UEPZRUIBSA-N,CN(C)[C@@H]1C(O)=C(C(=O)NCNCCCC[C@H](N)C(=O)O)C(=O)[C@@]2(O)C(O)=C3C(=O)c4c(O)cccc4[C@@](C)(O)[C@H]3C[C@@H]12,lymecycline,1,med,1.0
IZSFDUMVCVVWKW-UHFFFAOYSA-N,NC(=O)n1c(O)c(C(=O)c2cccs2)c2cc(Cl)ccc21,Tenidap,1,med,1.0
KBPLFHHGFOOTCA-UHFFFAOYSA-N,CCCCCCCCO,1-Octanol,0,med,1.0
XAZAQCSIQYKFPW-VOTSOKGWSA-N,Cc1nc(C)c(/C=C/C(=O)N2CCC=C(Cl)C2=O)nc1C,CHEMBL4062698,0,med,1.0
NKRVGWFEFKCZAP-UHFFFAOYSA-N,CCCCC(CC)CO[N+](=O)[O-],,0,med,1.0
AKNUHUCEWALCOI-UHFFFAOYSA-N,CCN(CCO)CCO,,1,med,1.0
ZYTMANIQRDEHIO-UTLUCORTSA-N,C=C(C)[C@@H]1CC[C@@H](C)C[C@@H]1O,,0,med,1.0
IUWVALYLNVXWKX-UHFFFAOYSA-N,CCCCOC(=O)c1ccc(N)cc1,,1,med,1.0
PIQXMYAEJSMANF-UHFFFAOYSA-N,C=CCCCCCCCCOC(C)=O,,0,med,1.0
VVJKKKDJADMKNM-UHFFFAOYSA-N,CCN(Cc1cccc(S(=O)(=O)O)c1)c1ccc(C(=C2C=CC(=[N+](CC)Cc3cccc(S(=O)(=O)O)c3)C=C2)c2ccc(O)cc2S(=O)(=O)[O-])cc1,,0,med,1.0
PPQNQXQZIWHJRB-UHFFFAOYSA-N,Cc1ccc2cc3c(ccc4ccccc43)c3c2c1CC3,CHEMBL40583,1,high,2.0
IPZFPROOBOUEIG-UHFFFAOYSA-N,CCCc1ncc(C[n+]2ccccc2C)c(N)n1,,0,med,1.0
UFBJCMHMOXMLKC-UHFFFAOYSA-N,O=[N+]([O-])c1ccc(O)c([N+](=O)[O-])c1,"2,4-Dinitrophenol",1,high,2.0
RAPZEAPATHNIPO-UHFFFAOYSA-N,Cc1nc2n(c(=O)c1CCN1CCC(c3noc4cc(F)ccc34)CC1)CCCC2,Risperidone,0,med,1.0
WMIZXSCOZZFBNI-UHFFFAOYSA-N,O=C(CCC(=O)c1ccccc1)Nc1nc2ccc(Cl)cc2s1,CHEMBL2153561,0,med,1.0
HAMNKKUPIHEESI-UHFFFAOYSA-N,NN=C(N)N,Aminoguanidine,1,med,1.0
HMJIYCCIJYRONP-UHFFFAOYSA-N,COC(=O)C1=C(C)NC(C)=C(C(=O)OC(C)C)C1c1cccc2nonc12,Isradipine,0,med,1.0
SAADBVWGJQAEFS-UHFFFAOYSA-N,CCN(CC)CCN1C(=O)CN=C(c2ccccc2F)c2cc(Cl)ccc21,Flurazepam hydrochloride,1,high,2.0
KUEQGZRCUGRRLD-UHFFFAOYSA-N,COc1ccc2c(c1)CC[n+]1cc3c(OC)cccc3cc1-2,CHEMBL4637527,0,med,1.0
ZNRLMGFXSPUZNR-UHFFFAOYSA-N,CC1=CC(C)(C)Nc2ccccc21,,1,med,1.0
RLAWWYSOJDYHDC-BZSNNMDCSA-N,NCCCC[C@H](N[C@@H](CCc1ccccc1)C(=O)O)C(=O)N1CCC[C@H]1C(=O)O,Drug 291,0,med,1.0
BLXXJMDCKKHMKV-UHFFFAOYSA-N,COc1ccc2cc(CCC(C)=O)ccc2c1,NABUMETONE,1,med,1.0
WGSVFWFSJDAYBM-BQYQJAHWSA-N,C/C(=C\c1ccccc1)[N+](=O)[O-],,1,med,1.0
AGMMTXLNIQSRCG-UHFFFAOYSA-N,CCC1NC(=O)c2cc(S(N)(=O)=O)c(Cl)cc2N1,QUINETHAZONE,1,high,2.0
HYWYRSMBCFDLJT-UHFFFAOYSA-N,CS(=O)(=O)Nc1ccc([N+](=O)[O-])cc1Oc1ccccc1,Nimesulide,1,med,1.0
VAAUVRVFOQPIGI-TYHRLYECSA-N,CO/N=C(/C(=O)N[C@@H]1C(=O)N2C(C(=O)O)=C(CSc3nc(=O)c(O)nn3C)CS[C@H]12)c1csc(N)n1,CHEMBL1697718,1,med,1.0
GMRQFYUYWCNGIN-NKMMMXOESA-N,C=C1/C(=C\C=C2/CCC[C@]3(C)[C@@H]([C@H](C)CCCC(C)(C)O)CC[C@@H]23)C[C@@H](O)C[C@@H]1O,CALCITRIOL,1,med,1.0
BNBRIFIJRKJGEI-UHFFFAOYSA-N,N#Cc1c(F)cccc1F,,0,med,1.0
ITVGXXMINPYUHD-CUVHLRMHSA-N,COc1ccc(CCC(=O)c2c(O)cc(O[C@@H]3O[C@H](CO)[C@@H](O)[C@H](O)[C@H]3O[C@@H]3O[C@@H](C)[C@H](O)[C@@H](O)[C@H]3O)cc2O)cc1O,,0,med,1.0
KCLANYCVBBTKTO-UHFFFAOYSA-N,CCCOc1ccc(C(=O)OCCN(CC)CC)cc1N,PROPARACAINE,1,med,1.0
FPCCSQOGAWCVBH-UHFFFAOYSA-N,O=C(c1ccc(F)cc1)C1CCN(CCn2c(=O)[nH]c3ccccc3c2=O)CC1,ketanserin,0,med,1.0
NSOXQYCFHDMMGV-UHFFFAOYSA-N,CC(O)CN(CCN(CC(C)O)CC(C)O)CC(C)O,,0,med,1.0
XXAXVMUWHZHZMJ-UHFFFAOYSA-N,O=S(=O)(O)c1cc(O)c(O)c(S(=O)(=O)O)c1,"Antimony bis(pyrocatechol-2,4-disulfonate) heptahydrate",0,med,1.0
ZVXBAHLOGZCFTP-UHFFFAOYSA-N,CCOC(=O)COc1ccc2c(=O)cc(-c3ccccc3)oc2c1,efloxate,0,med,1.0
AVAACINZEOAHHE-VFZPANTDSA-N,C[C@@H](O)[C@H]1C(=O)N2C(C(=O)O)=C(S[C@@H]3CN[C@H](CNS(N)(=O)=O)C3)[C@H](C)[C@H]12,DORIPENEM,1,high,2.0
RIKCMEDSBFQFAL-UHFFFAOYSA-N,CCCCCCCCOC(=O)c1ccc(O)cc1,,1,med,1.0
CXKCZFDUOYMOOP-UHFFFAOYSA-N,O=C(O)c1cc(Cl)cc(Cl)c1,,0,med,1.0
AYFVYJQAPQTCCC-GBXIJSLDSA-N,C[C@@H](O)[C@H](N)C(=O)O,threonine,0,med,1.0
AHIPJALLQVEEQF-UHFFFAOYSA-N,c1cc(N(CC2CO2)CC2CO2)ccc1OCC1CO1,,1,med,1.0
JOFWLTCLBGQGBO-UHFFFAOYSA-N,Cc1nnc2n1-c1ccc(Cl)cc1C(c1ccccc1Cl)=NC2,Triazolam,1,high,2.0
QYIYFLOTGYLRGG-GPCCPHFNSA-N,N[C@@H](C(=O)N[C@@H]1C(=O)N2C(C(=O)O)=C(Cl)CS[C@H]12)c1ccccc1,CEFACLOR ANHYDROUS,0,med,1.0
CIDUJQMULVCIBT-KALHTFJLSA-N,CCN[C@@H]1C[C@H](N)[C@@H](OC2OC(CN)=CCC2N)[C@H](O)[C@H]1O[C@H]1OC[C@](C)(O)[C@H](NC)[C@H]1O,,0,med,1.0
ONADZNBSLRAJFW-UHFFFAOYSA-N,COc1cc(N)ccc1C,,1,med,1.0
MWOOGOJBHIARFG-UHFFFAOYSA-N,COc1cc(C=O)ccc1O,,0,med,1.0
OIDIRWZVUWCCCO-UHFFFAOYSA-N,CC[n+]1ccccc1,,1,med,1.0
WEZAHYDFZNTGKE-UHFFFAOYSA-N,CCOc1cccc(N)c1,,0,med,1.0
NDZJSUCUYPZXPR-UHFFFAOYSA-N,O=[N+]([O-])c1ccccc1C(F)(F)F,,0,med,1.0
HXRSXEDVVARPHP-UDWIEESQSA-N,CN(C)Cc1ccc(CSCCN/C(=C\[N+](=O)[O-])NCc2ccc3c(c2)OCO3)o1,Niperoditine,1,med,1.0
KLBQZWRITKRQQV-UHFFFAOYSA-N,CSc1ccc2c(c1)N(CCC1CCCCN1C)c1ccccc1S2,Thioridazine hydrochloride,0,med,1.0
FXKFFTMLFPWYFH-RDGPPVDQSA-N,CC(=O)S[C@H](C(=O)N[C@H]1Cc2ccccc2[C@H]2CCC[C@@H](C(=O)O)N2C1=O)C(C)C,Ilepatril,0,med,1.0
PHOQVHQSTUBQQK-SQOUGZDYSA-N,O=C1O[C@H](CO)[C@@H](O)[C@H](O)[C@H]1O,GLUCONOLACTONE,0,med,1.0
QZYHIOPPLUPUJF-UHFFFAOYSA-N,Cc1cccc([N+](=O)[O-])c1,,0,med,1.0
XRASPMIURGNCCH-UHFFFAOYSA-N,O=P(O)(O)C(O)(Cn1ccnc1)P(=O)(O)O,ZOLEDRONIC ACID ANHYDROUS,1,med,1.0
LATVFYDIBMDBSY-UHFFFAOYSA-N,COc1ccc(OC)c(CC(C)N)c1,"(+-)-2,5-Dimethoxyamphetamine",0,med,1.0
MKYQPGPNVYRMHI-UHFFFAOYSA-N,C(=C(c1ccccc1)c1ccccc1)c1ccccc1,,1,med,1.0
FVHAWXWFPBPFOS-UHFFFAOYSA-N,Cc1cccc([N+](=O)[O-])c1C,,0,med,1.0
TVBUSVDXSSKDSK-UHFFFAOYSA-N,NC(=O)N1C(=O)C(C(=O)c2cc(Cl)cs2)c2cc(F)c(Cl)cc21,,1,med,1.0
YCSBALJAGZKWFF-UHFFFAOYSA-N,Nc1ccc2cc3ccccc3cc2c1,,1,med,1.0
SHGAZHPCJJPHSC-JPXMXQIXSA-N,CC1=C(/C=C/C(C)=C/C=C\C(C)=C\C(=O)O)C(C)(C)CCC1,,1,med,1.0
IKHGUXGNUITLKF-UHFFFAOYSA-N,CC=O,,1,med,1.0
SECKRCOLJRRGGV-UHFFFAOYSA-N,CCCc1nc(C)c2c(=O)[nH]c(-c3cc(S(=O)(=O)N4CCN(CC)CC4)ccc3OCC)nn12,vardenafil,1,high,2.0
ULTHEAFYOOPTTB-UHFFFAOYSA-N,BrCCCCBr,,1,med,1.0
FQXVDKNNYJSDDC-UHFFFAOYSA-N,CCCCn1c2cc(OCCCCn3c4ccccc4c4ccnc(C)c43)ccc2c2ccnc(C)c21,CHEMBL4166511,0,med,1.0
QEYMMOKECZBKAC-UHFFFAOYSA-N,O=C(O)CCCl,,0,med,1.0
RTHCYVBBDHJXIQ-UHFFFAOYSA-N,CNCCC(Oc1ccc(C(F)(F)F)cc1)c1ccccc1,Fluoxetine hydrochloride,0,med,1.0
VEDTXTNSFWUXGQ-UHFFFAOYSA-N,CCOP(=S)(OCC)SCSc1ccc(Cl)cc1,,1,med,1.0
OAPDPORYXWQVJE-UHFFFAOYSA-N,CCCc1ccc(N)cc1,,0,med,1.0
UEHLXXJAWYWUGI-UHFFFAOYSA-M,Cc1ccc([N+](=O)[O-])c([Hg+])c1[O-],,1,med,1.0
HBUBKKRHXORPQB-FJFJXFQQSA-N,Nc1nc(F)nc2c1ncn2[C@@H]1O[C@H](CO)[C@@H](O)[C@@H]1O,Fludarabine,1,high,2.0
JIGUQPWFLRLWPJ-UHFFFAOYSA-N,C=CC(=O)OCC,,0,med,1.0
SLCVBVWXLSEKPL-UHFFFAOYSA-N,CC(C)(CO)CO,,0,med,1.0
UADWUILHKRXHMM-UHFFFAOYSA-N,CCCCC(CC)COC(=O)c1ccccc1,2-Ethylhexyl benzoate,0,med,1.0
CSVFWMMPUJDVKH-UHFFFAOYSA-N,CC(=O)C(Cl)Cl,,0,med,1.0
UDMBCSSLTHHNCD-KQYNXXCUSA-N,Nc1ncnc2c1ncn2[C@@H]1O[C@H](COP(=O)(O)O)[C@@H](O)[C@H]1O,,0,med,1.0
BXJZZJYNVIDEKG-UHFFFAOYSA-N,CC(=O)c1ccc(Cl)c(Cl)c1Cl,,0,med,1.0
HUNXMJYCHXQEGX-UHFFFAOYSA-N,CCN(C(C)=O)c1cccc(-c2ccnc3c(C#N)cnn23)c1,ZALEPLON,0,med,1.0
FBTUMDXHSRTGRV-ALTNURHMSA-N,COc1cccc2c1C(=O)c1c(O)c3c(c(O)c1C2=O)C[C@@](O)(/C(C)=N/NC(=O)c1ccccc1)C[C@@H]3O[C@H]1C[C@H](N)[C@H](O)[C@H](C)O1,CHEMBL1697854,1,med,1.0
PDSNLYSELAIEBU-GUIRCDHDSA-N,C=C1[C@H]2CC[C@@H]3[C@H]2C(C)(C)CCC[C@]13C,,0,med,1.0
FJFYFBRNDHRTHL-UHFFFAOYSA-N,CC(C)CCCCCCCOC(=O)c1ccc(C(=O)OCCCCCCCC(C)C)c(C(=O)OCCCCCCCC(C)C)c1,,1,med,1.0
KUCQYCKVKVOKAY-CTYIDZIISA-N,O=C1C(O)=C([C@H]2CC[C@H](c3ccc(Cl)cc3)CC2)C(=O)c2ccccc21,ATOVAQUONE,1,high,2.0
DWYWPBYWDAZKNX-FMQUCBEESA-N,CC1=NN(c2cc(Cl)c(S(=O)(=O)O)cc2Cl)C(=O)C1/N=N/c1ccc(S(=O)(=O)O)cc1,,0,med,1.0
HKXBNHCUPKIYDM-CGMHZMFXSA-N,C=C1/C(=C\C=C2/CCC[C@]3(C)[C@@H]([C@H](C)/C=C/[C@H](C)C(C)C)CC[C@@H]23)C[C@@H](O)C[C@@H]1O,DOXERCALCIFEROL,1,high,2.0
AUNGANRZJHBGPY-SCRDCRAPSA-N,Cc1cc2nc3c(=O)[nH]c(=O)nc-3n(C[C@H](O)[C@H](O)[C@H](O)CO)c2cc1C,RIBOFLAVIN,1,med,1.0
QWVCIORZLNBIIC-UHFFFAOYSA-N,OCC(Br)CBr,,0,med,1.0
MGNVWUDMMXZUDI-UHFFFAOYSA-N,O=S(=O)(O)CCCS(=O)(=O)O,"1,3-Propanedisulfonic acid",0,med,1.0
LUSZGTFNYDARNI-UHFFFAOYSA-N,Oc1ccc2c(c1)OCO2,,0,med,1.0
XYXYXSKSTZAEJW-VIFPVBQESA-N,O=C(O)C[C@H](NC(=O)OCc1ccccc1)C(=O)O,,1,med,1.0
HHJUWIANJFBDHT-KOTLKJBCSA-N,CC[C@]1(O)C[C@H]2CN(CCc3c([nH]c4ccccc34)[C@@](C(=O)OC)(c3cc4c(cc3OC)N(C)[C@H]3[C@@](O)(C(N)=O)[C@H](O)[C@]5(CC)C=CCN6CC[C@]43[C@@H]65)C2)C1,,1,med,1.0
SIHFYNZIBKOFFK-UHFFFAOYSA-N,CCCCCCCCCCCCCC[n+]1ccccc1,,1,med,1.0
QEGVVEOAVNHRAA-UHFFFAOYSA-N,COc1cc(OC)nc(Sc2cccc(Cl)c2C(=O)O)n1,,0,med,1.0
WDQFELCEOPFLCZ-UHFFFAOYSA-N,O=C1CCCN1CCO,,0,med,1.0
SJWKGDGUQTWDRV-UHFFFAOYSA-N,C=CCOC(=O)CCCCCC,,0,med,1.0
UGSLDMJXBQKDCT-WOPDTQHZSA-N,O=C1CC[C@@H](C(=O)N[C@H]2C[C@@H]2c2ccccc2)N1,,0,med,1.0
NTYJJOPFIAHURM-UHFFFAOYSA-N,NCCc1c[nH]cn1,HISTAMINE,0,med,1.0
DNRJTBAOUJJKDY-UHFFFAOYSA-N,CC(=O)c1cc2c(cc1C)C(C)(C)C(C)CC2(C)C,,1,med,1.0
OXLKOMYHDYVIDM-UHFFFAOYSA-N,COC(=O)Nc1nc2cc(C(=O)C3CC3)ccc2[nH]1,ciclobendazole,0,med,1.0
YFDJCWXBKWRDPW-UHFFFAOYSA-N,CC(C)c1ccc(C#N)cc1,,0,med,1.0
CJCSPKMFHVPWAR-JTQLQIEISA-N,C[C@](N)(Cc1ccc(O)c(O)c1)C(=O)O,Drug 443,0,med,1.0
MQIUGAXCHLFZKX-UHFFFAOYSA-N,CCCCCCCCOC(=O)c1ccccc1C(=O)OCCCCCCCC,,0,med,1.0
MMURVNDSFNJHAM-OWOJBTEDSA-N,N=C(N)c1ccc(/C=C/c2ccc(C(=N)N)cc2)cc1,CHEMBL142304,1,med,1.0
JZUHIOJYCPIVLQ-UHFFFAOYSA-N,CC(CN)CCCN,,0,med,1.0
OTLDLKLSNZMTTA-UHFFFAOYSA-N,OCC1CC2CC1C1CCC(CO)C21,,0,med,1.0
YCOZIPAWZNQLMR-UHFFFAOYSA-N,CCCCCCCCCCCCCCC,,0,med,1.0
INFDPOAKFNIJBF-UHFFFAOYSA-N,C[n+]1ccc(-c2cc[n+](C)cc2)cc1,CHEMBL74469,1,med,1.0
GBABOYUKABKIAF-IELIFDKJSA-N,CCC1=C[C@@H]2CN(C1)Cc1c([nH]c3ccccc13)[C@@](C(=O)OC)(c1cc3c(cc1OC)N(C)[C@H]1[C@@](O)(C(=O)OC)[C@H](OC(C)=O)[C@]4(CC)C=CCN5CC[C@]31[C@@H]54)C2,VINORELBINE,0,med,1.0
VPAPPHOZFDSBAJ-UHFFFAOYSA-N,Cn1c(=O)c2c(nc3n2CCCN3Cc2ccccc2Br)n(C)c1=O,CHEMBL4535750,1,med,1.0
QJVXBRUGKLCUMY-UHFFFAOYSA-N,Cc1ccccc1OCC(=O)O,,0,med,1.0
BMKLRPQTYXVGNK-UHFFFAOYSA-N,CCCCCCCCCCCCCCn1cc[n+](C)c1,,1,med,1.0
FIADGNVRKBPQEU-UHFFFAOYSA-N,CN1CCC(=C2c3ccccc3CCc3sccc32)CC1,pizotifen,0,med,1.0
YVCVYCSAAZQOJI-JHQYFNNDSA-N,COc1cc([C@@H]2c3cc4c(cc3[C@@H](O)[C@H]3COC(=O)[C@H]23)OCO4)cc(OC)c1O,,1,med,1.0
IVSZLXZYQVIEFR-UHFFFAOYSA-N,Cc1cccc(C)c1,,0,med,1.0
LESZNGMDDFKRPH-UHFFFAOYSA-N,Cc1ccc2cc(NC(=O)Cn3c(-c4nonc4N)nc4ccccc43)ccc2n1,CHEMBL4638758,0,med,1.0
RAIPHJJURHTUIC-UHFFFAOYSA-N,Nc1nccs1,,0,med,1.0
MLPWLRUWQJVULT-UHFFFAOYSA-N,Nc1cc(C(=O)O)c(O)c(S(=O)(=O)O)c1,,0,med,1.0
DMUAPQTXSSNEDD-LDWAKBATSA-N,CCC(=O)O[C@@H]1CC(=O)O[C@H](C)CC=CC=C[C@H](O)[C@H](C)C[C@H](CC=O)[C@H](O[C@@H]2O[C@H](C)[C@@H](O[C@H]3C[C@@](C)(O)[C@@H](OC(=O)CC)[C@H](C)O3)[C@H](N(C)C)[C@H]2O)[C@H]1OC,,0,med,1.0
QLGIFPJNYPWBMQ-UHFFFAOYSA-N,CCOC(=O)c1ccc(NC(=O)CN2CCCCC2)cc1,sulcaine,0,med,1.0
FVUGZKDGWGKCFE-UHFFFAOYSA-N,CC(=O)C1(C)CC2=C(CCCC2(C)C)CC1C,,1,med,1.0
RHAXSHUQNIEUEY-UHFFFAOYSA-N,COc1cc(C)nc(-n2nc(C)cc2OC)n1,epirizole,1,med,1.0
VQOXUMQBYILCKR-UHFFFAOYSA-N,C=CCCCCCCCCCCC,,0,med,1.0
UHWFVIPXDFZTFA-UHFFFAOYSA-N,C=CCOc1cc(Cl)ccc1C(=O)NCCN(CC)CC,alloclamide,0,med,1.0
WOUOLAUOZXOLJQ-MBSDFSHPSA-N,CCOC(=O)[C@H](CCc1ccccc1)N[C@@H](C)C(=O)N(CC(=O)O)C1Cc2ccccc2C1,delapril,1,med,1.0
HVCNXQOWACZAFN-UHFFFAOYSA-N,CCN1CCOCC1,,0,med,1.0
REEQLXCGVXDJSQ-UHFFFAOYSA-N,O=C(O)COc1nc(Cl)c(Cl)cc1Cl,,0,med,1.0
ZFGMCJAXIZTVJA-XQRVVYSFSA-N,CSC(C)(C)/C=N\O,,0,med,1.0
ZFMITUMMTDLWHR-UHFFFAOYSA-N,Nc1cc(N2CCCCC2)nc(N)[n+]1[O-],MINOXIDIL,0,med,1.0
GKIPXFAANLTWBM-UHFFFAOYSA-N,BrCC1CO1,,0,med,1.0
LAQPNDIUHRHNCV-UHFFFAOYSA-N,N#Cc1cccc(C#N)c1,,0,med,1.0
ALXRUJOUFGNSHT-UHFFFAOYSA-N,O=C(O)C=CC(=O)Nc1ccc(S(=O)(=O)Nc2nccs2)cc1,,0,med,1.0
RIGBPMDIGYBTBJ-UHFFFAOYSA-N,Cc1ccc(S(=O)(=O)NC(=O)NC2CCCCC2)cc1,glycyclamide,0,med,1.0
CGYGETOMCSJHJU-UHFFFAOYSA-N,Clc1ccc2ccccc2c1,,0,med,1.0
JZUTXVTYJDCMDU-MOPGFXCFSA-N,COc1ccc2c(c1OC)C(=O)O[C@@H]2[C@H]1c2cc3c(cc2CCN1C)OCO3,,0,med,1.0
JUUFBMODXQKSTD-UHFFFAOYSA-N,CCOC(=O)Nc1ccc(NCc2ccc(F)cc2)nc1N,flupirtine,1,high,2.0
PWAUCHMQEXVFJR-PMAPCBKXSA-N,Cc1cc(=O)c(C(=O)N[C@@H](C(=O)N[C@@H]2C(=O)N3C(C(=O)O)=C(CSc4nnnn4C)CS[C@H]23)c2ccc(O)cc2)c[nH]1,Cefpiramide,1,high,2.0
LDBTVAXGKYIFHO-UHFFFAOYSA-N,COc1ccc(Cc2cnc(N)nc2N)cc1OC,,0,med,1.0
AHLPHDHHMVZTML-BYPYZUCNSA-N,NCCC[C@H](N)C(=O)O,ornithine,0,med,1.0
PKWIYNIDEDLDCJ-UHFFFAOYSA-N,Nc1nnc(N)[nH]1,,0,med,1.0
WVXRAFOPTSTNLL-NKWVEPMBSA-N,Nc1ncnc2c1ncn2[C@H]1CC[C@@H](CO)O1,,0,med,1.0
CMAUJSNXENPPOF-UHFFFAOYSA-N,c1ccc2sc(SN(C3CCCCC3)C3CCCCC3)nc2c1,,1,med,1.0
WMYNTTGGSSIVHK-UHFFFAOYSA-N,O=C(O)CCCOc1cccc(CCCCCCOc2cc(-c3ccc4c(c3)OCO4)cc(-c3ccccc3F)c2)c1CCC(=O)O,CHEMBL1094349,1,med,1.0
TYCNXOAPQGVAQU-UHFFFAOYSA-N,O=C(O)C1=NN(c2ccc(S(=O)(=O)O)cc2)C(=O)C1,,0,med,1.0
WZJZMXBKUWKXTQ-UHFFFAOYSA-N,CCOC(=O)Nc1cccc(OC(=O)Nc2ccccc2)c1,,1,med,1.0
GABQNAFEZZDSCM-UHFFFAOYSA-N,Nc1ccccc1C(=O)OCC=Cc1ccccc1,,1,med,1.0
GCQYYIHYQMVWLT-HQNLTJAPSA-N,O=c1[nH]c(=O)n([C@@H]2O[C@H](CO)[C@@H](O)[C@@H]2O)cc1/C=C/Br,CHEMBL70046,1,med,1.0
JCCBZCMSYUSCFM-UHFFFAOYSA-N,NS(=O)(=O)c1ccccc1Cl,,0,med,1.0
NLYNUTMZTCLNOO-UHFFFAOYSA-N,CON(C)C(=O)Nc1ccc(Br)c(Cl)c1,,1,med,1.0
PFRGXCVKLLPLIP-UHFFFAOYSA-N,C=CCSSCC=C,,1,med,1.0
QPNFUBAIQZJEPO-UHFFFAOYSA-N,CCCCN(CCCC)c1ccc(C(=O)c2ccccc2C(=O)O)c(O)c1,,1,med,1.0
ZXCYIJGIGSDJQQ-UHFFFAOYSA-N,OCC(Cl)CCl,,0,med,1.0
HPBNRIOWIXYZFK-UHFFFAOYSA-N,N=C(N)NCC1COC2(CCCCC2)O1,GUANADREL,0,med,1.0
YBROOZNJUDHTGE-QINSGFPZSA-N,CCOC(=O)OCC/C(SC(=O)OCC)=C(\C)N(C=O)Cc1cnc(C)nc1N,cetotiamine,0,med,1.0
UBCKGWBNUIFUST-YHYXMXQVSA-N,COP(=O)(OC)O/C(=C\Cl)c1cc(Cl)c(Cl)cc1Cl,,1,med,1.0
HFZKOYWDLDYELC-UHFFFAOYSA-N,Cc1ccc([N+](=O)[O-])cc1C,,0,med,1.0
GXJABQQUPOEUTA-RDJZCZTQSA-N,CC(C)C[C@H](NC(=O)[C@H](Cc1ccccc1)NC(=O)c1cnccn1)B(O)O,Drug 13,1,med,1.0
ONJQDTZCDSESIW-UHFFFAOYSA-N,CCCCCCCCCCCCOCCOCCOCCOCCOCCOCCOCCOCCOCCO,Nonaethylene Glycol Monododecyl Ether,1,med,1.0
HBBVCKCCQCQCTJ-UHFFFAOYSA-N,CCCc1c(OCCCOc2ccc(OCC(=O)O)cc2)ccc(C(C)=O)c1O,2-(4-(3-(4-Acetyl-3-hydroxy-2-propylphenoxy)propoxy)phenoxy)acetic acid,0,med,1.0
FXMWUTGUCAKGQL-SSDOTTSWSA-N,COc1cc(C[C@@H](C)N)c(OC)cc1Br,,0,med,1.0
SRBFZHDQGSBBOR-AGQMPKSLSA-N,OC1OC[C@@H](O)[C@H](O)[C@@H]1O,,0,med,1.0
QSLMDECMDJKHMQ-UHFFFAOYSA-N,CNCCCC12CCC(c3ccccc31)c1ccccc12,MAPROTILINE,1,high,2.0
PLUBXMRUUVWRLT-UHFFFAOYSA-N,CCOS(C)(=O)=O,,0,med,1.0
WSPOMRSOLSGNFJ-AUWJEWJLSA-N,CN(C)CC/C=C1/c2ccccc2Sc2ccc(Cl)cc21,CHLORPROTHIXENE,1,med,1.0
AVOLMBLBETYQHX-UHFFFAOYSA-N,C=C(CC)C(=O)c1ccc(OCC(=O)O)c(Cl)c1Cl,ETHACRYNIC ACID,1,med,1.0
VMUXSMXIQBNMGZ-UHFFFAOYSA-N,O=C1CCc2ccccc2O1,,0,med,1.0
ZYDMYURRWNYDQY-UHFFFAOYSA-N,Cc1nccc2c3ccc(OCCCCn4c5ccccc5c5ccncc54)cc3n(CCCc3ccccc3)c12,CHEMBL4163075,0,med,1.0
NXQMCAOPTPLPRL-UHFFFAOYSA-N,O=C(OCCOCCOC(=O)c1ccccc1)c1ccccc1,,0,med,1.0
NCDCLPBOMHPFCV-UHFFFAOYSA-N,CCCCCCOC(=O)CCCCC,,0,med,1.0
XPDVQPODLRGWPL-UHFFFAOYSA-N,O=C(O)c1ccc(S(=O)(=O)N(Cl)Cl)cc1,,1,med,1.0
ULDHMXUKGWMISQ-UHFFFAOYSA-N,C=C(C)C1CC=C(C)C(=O)C1,,0,med,1.0
LGRFSURHDFAFJT-UHFFFAOYSA-N,O=C1OC(=O)c2ccccc21,,0,med,1.0
LVJDQBJDVOYDLA-UHFFFAOYSA-N,NC(=O)COCCN1CCN(C(c2ccccc2)c2ccc(Cl)cc2)CC1,,0,med,1.0
GHOSNRCGJFBJIB-UHFFFAOYSA-N,CCOc1nc2cccc(C(=O)OC(C)OC(=O)OC3CCCCC3)c2n1Cc1ccc(-c2ccccc2-c2nn[nH]n2)cc1,Candesartan cilexetil,1,med,1.0
AMQJEAYHLZJPGS-UHFFFAOYSA-N,CCCCCO,,0,med,1.0
MAGFQRLKWCCTQJ-UHFFFAOYSA-N,C=Cc1ccc(S(=O)(=O)O)cc1,,1,med,1.0
CAUBWLYZCDDYEF-UHFFFAOYSA-N,CCOC(=O)N(C)N=O,,0,med,1.0
RIOXQFHNBCKOKP-UHFFFAOYSA-N,CCCCNC(=O)n1c(NC(=O)OC)nc2ccccc21,,1,med,1.0
UJUNUASMYSTBSK-UHFFFAOYSA-N,BrCc1cccc(Oc2ccccc2)c1,,0,med,1.0
HDTRYLNUVZCQOY-LIZSDCNHSA-N,OC[C@H]1O[C@H](O[C@H]2O[C@H](CO)[C@@H](O)[C@H](O)[C@H]2O)[C@H](O)[C@@H](O)[C@@H]1O,Trehalose,0,med,1.0
CWVRJTMFETXNAD-NCZKRNLISA-N,O=C(C=Cc1ccc(O)c(O)c1)O[C@@H]1C[C@](O)(C(=O)O)C[C@@H](O)[C@H]1O,,0,med,1.0
FHFZEKYDSVTYLL-UHFFFAOYSA-N,COC(=O)c1cncn1C(C)c1ccccc1,,0,med,1.0
ZDXPYRJPNDTMRX-VKHMYHEASA-N,NC(=O)CC[C@H](N)C(=O)O,GLUTAMINE,1,med,1.0
DYJIIMFHSZKBDY-UHFFFAOYSA-N,CC(C)(COC(=O)c1ccccc1)COC(=O)c1ccccc1,,0,med,1.0
SRPFDFNVILUDAI-UHFFFAOYSA-N,O=C(O)CCCOc1cccc(CCCCCCOc2cc(-c3ccsc3)cc(-c3ccc4c(c3)OCO4)c2)c1CCC(=O)O,CHEMBL1098560,1,med,1.0
JYFHYPJRHGVZDY-UHFFFAOYSA-N,CCCCOP(=O)(O)OCCCC,,0,med,1.0
HKIOYBQGHSTUDB-UHFFFAOYSA-N,O=C1c2ccccc2C(=O)N1SC(Cl)(Cl)Cl,,1,med,1.0
ANSBBZFWIYDNBO-UHFFFAOYSA-N,COc1ccc(C2SCC(=O)N2NC(=O)CNC(=O)c2ccccc2)cc1OC,CHEMBL3357328,0,med,1.0
WYWHKKSPHMUBEB-UHFFFAOYSA-N,Nc1nc(=S)c2[nH]cnc2[nH]1,Thioguanine,1,med,1.0
HGDVHRITTGWMJK-UHFFFAOYSA-N,CC(C)CCCC(C)(C)O,,0,med,1.0
OZCACMPSTYQSMM-UHFFFAOYSA-N,CN1C2=CC(=O)C(=NNC(N)=O)C=C2CC1S(=O)(=O)O,,0,med,1.0
KPQXJRIUCZKXHV-UHFFFAOYSA-N,C=Cc1c(C)c2cc3nc(cc4[nH]c(cc5nc(cc1[nH]2)C(C)=C5C(C)OCCCCCC)c(C)c4CCC(=O)O)C(CCC(=O)O)=C3C,CHEMBL4241879,0,med,1.0
JPIYZTWMUGTEHX-UHFFFAOYSA-N,CN(C)c1ccc(C(=N)c2ccc(N(C)C)cc2)cc1,,1,med,1.0
XULHFMYCBKQGEE-UHFFFAOYSA-N,CCCCCCCCC(CO)CCCCCC,,0,med,1.0
HKQYGTCOTHHOMP-UHFFFAOYSA-N,COc1ccc(-c2coc3cc(O)ccc3c2=O)cc1,Formononetin,1,med,1.0
MOMFXATYAINJML-UHFFFAOYSA-N,CC(=O)c1nccs1,,1,med,1.0
KVMWYGAYARXPOL-QDEBKDIKSA-N,C/C=C(\C)C(=O)OCCc1ccccc1,,0,med,1.0
BAPJBEWLBFYGME-UHFFFAOYSA-N,C=CC(=O)OC,,0,med,1.0
LOYDTBZMMPQJNI-UHFFFAOYSA-N,CC12CCCC=C1C(=O)OC2=O,,0,med,1.0
BWTYSDDDRNNKFV-UHFFFAOYSA-N,CCCOc1ccc(-c2cc(C(C(=O)OCCOCCO)n3cc4nc(-c5cccc(F)c5F)nc-4cn3)on2)c(C(F)(F)F)c1,CHEMBL3121664,1,med,1.0
JARCFMKMOFFIGZ-UHFFFAOYSA-N,O=C1NC(=S)NC(=O)C1C(=O)Nc1ccccc1,CHEMBL1765797,1,med,1.0
KQKFQBTWXOGINC-UHFFFAOYSA-N,OC1(c2ccccc2)CCNCC1,,0,med,1.0
GBXSMTUPTTWBMN-XIRDDKMYSA-N,CCOC(=O)[C@H](CCc1ccccc1)N[C@@H](C)C(=O)N1CCC[C@H]1C(=O)O,Drug 1319,0,med,1.0
NCYVXEGFNDZQCU-UHFFFAOYSA-N,CCN(CC)C(=O)c1cccnc1,nikethamide,0,med,1.0
TTWJBBZEZQICBI-UHFFFAOYSA-N,CCN(CC)CCNC(=O)c1cc(Cl)c(N)cc1OC,Metoclopramide hydrochloride,1,high,2.0
PGOOBECODWQEAB-UHFFFAOYSA-N,CN/C(=N\[N+](=O)[O-])NCc1cnc(Cl)s1,,0,med,1.0
DNSDMSAATMZYNW-FOWTUZBSSA-N,C/C(=N\Cc1ccccc1)c1ccccc1O,,0,med,1.0
HEZNVIYQEUHLNI-UHFFFAOYSA-N,CCSCc1ccccc1OC(=O)NC,,0,med,1.0
BITWVVLBVUMFHU-UHFFFAOYSA-N,O=C(CCCl)NCCc1ccccc1,,0,med,1.0
OWZREIFADZCYQD-NSHGMRRFSA-N,CC1(C)[C@H](C(=O)O[C@H](C#N)c2cccc(Oc3ccccc3)c2)[C@@H]1C=C(Br)Br,decamethrin,1,med,1.0
ZRVUJXDFFKFLMG-UHFFFAOYSA-N,Cc1cnc(NC(=O)C2=C(O)c3ccccc3S(=O)(=O)N2C)s1,Meloxicam,1,med,1.0
LVASCWIMLIKXLA-LSDHHAIUSA-N,O=C(C[C@@H]1NCCC[C@H]1O)Cn1cnc2cc(Br)c(Cl)cc2c1=O,,0,med,1.0
RENMDAKOXSCIGH-UHFFFAOYSA-N,N#CCCl,,0,med,1.0
VZMLEMYJUIIHNF-QURGRASLSA-N,CCC(=O)Oc1ccc(/C(CC)=C(\CC)c2ccc(OC(=O)CC)cc2)cc1,,1,med,1.0
NOOLISFMXDJSKH-UHFFFAOYSA-N,CC1CCC(C(C)C)C(O)C1,MENTHOL,0,med,1.0
YWBVHLJPRPCRSD-UHFFFAOYSA-N,Cn1cc(-c2ccccc2)c(=O)c(-c2cccc(C(F)(F)F)c2)c1,,0,med,1.0
YURDCJXYOLERLO-UHFFFAOYSA-N,CC(C)CC=C(C=O)c1ccccc1,,1,med,1.0
BOCUKUHCLICSIY-UHFFFAOYSA-N,NS(=O)(=O)c1cc2c(cc1Cl)NC(C1CC3C=CC1C3)NS2(=O)=O,CYCLOTHIAZIDE,0,med,1.0
BMCQMVFGOVHVNG-TUFAYURCSA-N,CCCC(=O)O[C@]1(C(=O)CO)CC[C@H]2[C@@H]3CCC4=CC(=O)CC[C@]4(C)[C@H]3[C@@H](O)C[C@@]21C,HYDROCORTISONE BUTYRATE,0,med,1.0
JVGBTTIJPBFLTE-UHFFFAOYSA-N,O=C1NCN(c2ccccc2)C12CCN(CC1COc3ccccc3O1)CC2,,0,med,1.0
IITCWRFYJWUUPC-UHFFFAOYSA-N,CCCOC(=O)c1ccc(C(=O)OCCC)nc1,,0,med,1.0
PAAJKELBUMNQHC-VAWYXSNFSA-N,COc1cc(/C=C/c2ccc(Nc3c4c(nc5ccccc35)CCCC4)cc2)cc(OC)c1,CHEMBL4075223,1,med,1.0
XWCWNUSFQVJNDI-UHFFFAOYSA-N,C1=CCC(c2ccccc2)CC1,,0,med,1.0
KZUIYQJTUIACIG-YBZCJVABSA-N,CC(=O)[C@@]1(O)CC[C@H]2[C@@H]3C=C(C)C4=CC(=O)CC[C@@H]4[C@H]3CC[C@@]21C,nomegestrol,1,med,1.0
FATBGEAMYMYZAF-KTKRTIGZSA-N,CCCCCCCC/C=C\CCCCCCCC(N)=O,,1,med,1.0
XGXOSJSGDNPEEF-NRFANRHFSA-N,Nc1cc2c3c(c1)C(c1ccccc1)=N[C@@H](NC(=O)c1cccnc1)C(=O)N3CC2,,0,med,1.0
KQTVWCSONPJJPE-UHFFFAOYSA-N,CCOc1nc(C(Cl)(Cl)Cl)ns1,,0,med,1.0
OHTXTCNTQJFRIG-UHFFFAOYSA-N,O=C1OC(c2ccc(O)c(S(=O)(=O)O)c2)(c2ccc(O)c(S(=O)(=O)O)c2)c2c(Br)c(Br)c(Br)c(Br)c21,sulfobromophthalein,1,high,2.0
OJZNZOXALZKPEA-UHFFFAOYSA-N,C[Si](Cl)(c1ccccc1)c1ccccc1,,1,med,1.0
UCFGDBYHRUNTLO-QHCPKHFHSA-N,CC[C@@]1(O)C(=O)OCc2c1cc1n(c2=O)Cc2cc3c(CN(C)C)c(O)ccc3nc2-1,TOPOTECAN,1,med,1.0
IJOOHPMOJXWVHK-UHFFFAOYSA-N,C[Si](C)(C)Cl,,1,med,1.0
QGZKDVFQNNGYKY-UHFFFAOYSA-N,N,"AMMONIA SOLUTION, STRONG",0,med,1.0
LNEPOXFFQSENCJ-UHFFFAOYSA-N,O=C(CCCN1CCC(O)(c2ccc(Cl)cc2)CC1)c1ccc(F)cc1,HALOPERIDOL,1,high,2.0
DCLKMMFVIGOXQN-UHFFFAOYSA-N,CCCCCCCCCCCCCCCCn1cc[n+](C)c1,,1,med,1.0
WUSAVCGXMSWMQM-UHFFFAOYSA-N,CCCCN(CCCC)C(C(N)=O)c1ccc(OC)cc1,ambucetamide,0,med,1.0
XEANIURBPHCHMG-SWLSCSKDSA-N,CS(=O)(=O)c1ccc([C@@H](C[C@H]2CCC(=O)C2)C(=O)Nc2cnccn2)cc1Cl,,0,med,1.0
ZRDUSMYWDRPZRM-UHFFFAOYSA-N,CCC(C)c1cc([N+](=O)[O-])cc([N+](=O)[O-])c1OC(=O)C=C(C)C,,1,med,1.0
KCZCIYZKSLLNNH-FBPKJDBXSA-N,C[C@]12CC[C@H]3[C@@H](CCC4=C(Cl)C(=O)CC[C@@]43C)[C@@H]1CC[C@@H]2O,clostebol,0,med,1.0
NUPJIGQFXCQJBK-UHFFFAOYSA-N,COCc1cnc(C2=NC(C)(C(C)C)C(=O)N2)c(C(=O)O)c1,,0,med,1.0
SGUAFYQXFOLMHL-ACJLOTCBSA-N,C[C@H](CCc1ccccc1)NC[C@H](O)c1ccc(O)c(C(N)=O)c1,CHEMBL27193,1,med,1.0
NDNUANOUGZGEPO-UHFFFAOYSA-N,CCCC1CCCCN1,,0,med,1.0
NSVFSAJIGAJDMR-UHFFFAOYSA-N,CC1=C(C(=O)OCCN(Cc2ccccc2)c2ccccc2)C(c2cccc([N+](=O)[O-])c2)C(P2(=O)OCC(C)(C)CO2)=C(C)N1,efonidipine,0,med,1.0
YFKDCGWIINMRQY-UHFFFAOYSA-N,CCN(CC)c1ccc(C(=C2C=CC(=[N+](CC)CC)C=C2)c2cc(S(=O)(=O)O)ccc2S(=O)(=O)[O-])cc1,ISOSULFAN BLUE,0,med,1.0
KHOYJMNYQSPWLL-UHFFFAOYSA-N,COc1ccc(COC(Cn2ccnc2)c2ccc(Cl)cc2Cl)cc1,CHEMBL4228284,0,med,1.0
WSEQXVZVJXJVFP-FQEVSTJZSA-N,CN(C)CCC[C@@]1(c2ccc(F)cc2)OCc2cc(C#N)ccc21,ESCITALOPRAM,1,high,2.0
OWFINXQLBMJDJQ-UHFFFAOYSA-N,Clc1ccc2cc3ccccc3cc2c1,,1,med,1.0
VHYCDWMUTMEGQY-UHFFFAOYSA-N,CC(C)NCC(O)COc1ccc(COCCOC(C)C)cc1,BISOPROLOL,0,med,1.0
SEOVTRFCIGRIMH-UHFFFAOYSA-N,O=C(O)Cc1c[nH]c2ccccc12,Indole-3-Acetic Acid,1,med,1.0
GPRIKJSAAYMDPC-UHFFFAOYSA-N,CCCCCc1ccc(Cl)cc1,,0,med,1.0
ZGKWGZIFSZMXLW-UHFFFAOYSA-N,CCCCCCCCCCCCCC(=O)c1c(O)cc(C)oc1=O,CHEMBL4162753,0,med,1.0
WDTAYDBPNYFWDR-WOJBJXKFSA-N,COc1cccc2c1[C@@H]1CN(CCCCn3c(=O)[nH]c4c(sc5ncc(-c6ccccc6)nc54)c3=O)C[C@@H]1CO2,CHEMBL1256183,1,high,2.0
SCYULBFZEHDVBN-UHFFFAOYSA-N,CC(Cl)Cl,,0,med,1.0
GWBPFRGXNGPPMF-UHFFFAOYSA-N,CC(=O)Nc1ccc(S(=O)(=O)Nc2ccc([N+](=O)[O-])cc2)cc1,Sulfanitran,1,med,1.0
ZNOVTXRBGFNYRX-UHFFFAOYSA-N,CN1c2c(nc(N)[nH]c2=O)NCC1CNc1ccc(C(=O)NC(CCC(=O)O)C(=O)O)cc1,Levomefolate calcium,0,med,1.0
VYXHVRARDIDEHS-UHFFFAOYSA-N,C1=CCCC=CCC1,,0,med,1.0
IKQCSJBQLWJEPU-UHFFFAOYSA-N,O=S(=O)(O)c1cc(O)ccc1O,Etamsylate,0,med,1.0
BLZNSXFQRKVFRP-UHFFFAOYSA-N,COc1ccc(Br)c(C)c1,,0,med,1.0
RRHGJUQNOFWUDK-UHFFFAOYSA-N,C=CC(=C)C,,0,med,1.0
LDCRTTXIJACKKU-ARJAWSKDSA-N,COC(=O)/C=C\C(=O)OC,,1,med,1.0
UCSJYZPVAKXKNQ-HZYVHMACSA-N,CN[C@@H]1[C@H](O[C@H]2[C@H](O[C@H]3[C@H](O)[C@@H](O)[C@H](N=C(N)N)[C@@H](O)[C@@H]3N=C(N)N)O[C@@H](C)[C@]2(O)C=O)O[C@@H](CO)[C@H](O)[C@H]1O,STREPTOMYCIN,0,med,1.0
DIOYAVUHUXAUPX-KHPPLWFESA-N,CCCCCCCC/C=C\CCCCCCCC(=O)N(C)CC(=O)O,,0,med,1.0
SCRQAWQJSSKCFN-UHFFFAOYSA-N,O=Cc1cc(O)ccc1Br,,0,med,1.0
TYFQFVWCELRYAO-UHFFFAOYSA-N,O=C(O)CCCCCCC(=O)O,,0,med,1.0
UNRBEYYLYRXYCG-UHFFFAOYSA-N,CCN1CCCC1CN,,0,med,1.0
QUKGYYKBILRGFE-UHFFFAOYSA-N,CC(=O)OCc1ccccc1,,0,med,1.0
VGDKCRMZIWPMPW-UHFFFAOYSA-N,CCC(=O)Nc1cccc(N)c1,,0,med,1.0
LUKZNWIVRBCLON-GXOBDPJESA-N,CC(C)C(=O)OCC(=O)[C@@]12O[C@H](C3CCCCC3)O[C@@H]1C[C@H]1[C@@H]3CCC4=CC(=O)C=C[C@]4(C)[C@H]3[C@@H](O)C[C@@]12C,CICLESONIDE,1,med,1.0
UVCJGUGAGLDPAA-UHFFFAOYSA-N,O=S(=O)(O)c1ccc2[nH]c(-c3ccccc3)nc2c1,ensulizole,0,med,1.0
IDCBOTIENDVCBQ-UHFFFAOYSA-N,CCOP(=O)(OCC)OP(=O)(OCC)OCC,,0,med,1.0
RGJOEKWQDUBAIZ-DRCCLKDXSA-N,CC(C)(COP(=O)(O)OP(=O)(O)OC[C@H]1O[C@@H](n2cnc3c(N)ncnc32)[C@H](O)[C@@H]1OP(=O)(O)O)C(O)C(=O)NCCC(=O)NCCS,,0,med,1.0
UJMDYLWCYJJYMO-UHFFFAOYSA-N,O=C(O)c1cccc(C(=O)O)c1C(=O)O,,0,med,1.0
RHLJLALHBZGAFM-UHFFFAOYSA-N,CCCC(=O)N1CCCN(c2nc(N)c3cc(OC)c(OC)cc3n2)CC1,bunazosin,0,med,1.0
KWGRBVOPPLSCSI-WPRPVWTQSA-N,CN[C@@H](C)[C@H](O)c1ccccc1,,0,med,1.0
WVLOADHCBXTIJK-YNHQPCIGSA-N,CN1CC[C@]23c4c5ccc(O)c4O[C@H]2C(=O)CC[C@H]3[C@H]1C5,HYDROMORPHONE,1,med,1.0
TUNFSRHWOTWDNC-UHFFFAOYSA-N,CCCCCCCCCCCCCC(=O)O,Myristic Acid,0,med,1.0
BGSZAXLLHYERSY-XQIGCQGXSA-N,CC(=O)O[C@H]1C[C@@H]2CC[C@@H]3[C@H](CC[C@@]4(C)[C@H]3C[C@H]([N+]3(C)CCCCC3)[C@@H]4OC(C)=O)[C@@]2(C)C[C@@H]1N1CCCCC1,VECURONIUM BROMIDE,0,med,1.0
VWNWVCJGUMZDIU-UHFFFAOYSA-N,CC(CN1c2ccccc2Sc2ccc(S(=O)(=O)N(C)C)cc21)N(C)C,dimetotiazine,0,med,1.0
YIJZJEYQBAAWRJ-UHFFFAOYSA-N,COC(=O)c1c(C(F)F)nc(C(F)(F)F)c(C2=NCCS2)c1CC(C)C,,0,med,1.0
CCQPAEQGAVNNIA-UHFFFAOYSA-N,O=C(O)C1(C(=O)O)CCC1,"Caronplatin, 4",1,med,1.0
UREBDLICKHMUKA-DVTGEIKXSA-N,C[C@H]1C[C@H]2[C@@H]3CCC4=CC(=O)C=C[C@]4(C)[C@@]3(F)[C@@H](O)C[C@]2(C)[C@@]1(O)C(=O)CO,BETAMETHASONE,1,med,1.0
AXAYHWMZHPSWKD-UHFFFAOYSA-N,O=C(CNS(=O)(=O)c1ccccc1C(=O)N1CCN(Cc2ccccc2)CC1)Nc1ccc(O)cc1,CHEMBL4762070,1,med,1.0
LATVFYDIBMDBSY-QMMMGPOBSA-N,COc1ccc(OC)c(C[C@H](C)N)c1,,0,med,1.0
GVEAYVLWDAFXET-XGHATYIMSA-N,CC(=O)O[C@H]1C[C@@H]2CC[C@@H]3[C@H](CC[C@@]4(C)[C@H]3C[C@H]([N+]3(C)CCCCC3)[C@@H]4OC(C)=O)[C@@]2(C)C[C@@H]1[N+]1(C)CCCCC1,PANCURONIUM,0,med,1.0
ZAZKJZBWRNNLDS-UHFFFAOYSA-N,CCCCCCCCCCCCCC(=O)OC,,0,med,1.0
OIRFJRBSRORBCM-UHFFFAOYSA-N,CCC(Cc1c(I)cc(I)c(N)c1I)C(=O)O,IOPANOIC ACID,1,high,2.0
FUSUHKVFWTUUBE-UHFFFAOYSA-N,C=CC(C)=O,,0,med,1.0
AXRCEOKUDYDWLF-UHFFFAOYSA-N,Cn1cc(C2=C(c3cn(C4CCN(Cc5ccccn5)CC4)c4ccccc34)C(=O)NC2=O)c2ccccc21,Enzastaurin,0,med,1.0
UHTHHESEBZOYNR-UHFFFAOYSA-N,COc1cc2/c(=N/c3ccc(Br)cc3F)nc[nH]c2cc1OCC1CCN(C)CC1,VANDETANIB,0,med,1.0
XDVCLKFLRAWGIT-ADOAZJKMSA-N,CN(C)[C@@H]1C(O)=C(C(N)=O)C(=O)[C@@]2(O)C(O)=C3C(=O)c4c(O)cccc4C[C@H]3C[C@@H]12,sancycline,0,med,1.0
RVHSTXJKKZWWDQ-UHFFFAOYSA-N,BrCC(Br)(Br)Br,,1,med,1.0
OIRDBPQYVWXNSJ-UHFFFAOYSA-N,COS(=O)(=O)C(F)(F)F,,1,med,1.0
IELOKBJPULMYRW-NJQVLOCASA-N,Cc1c(C)c2c(c(C)c1OC(=O)CCC(=O)O)CC[C@@](C)(CCC[C@H](C)CCC[C@H](C)CCCC(C)C)O2,tocopherol succinate,0,med,1.0
TWFZGCMQGLPBSX-UHFFFAOYSA-N,COC(=O)Nc1nc2ccccc2[nH]1,Carbendazim,1,high,2.0
APRRQJCCBSJQOQ-UHFFFAOYSA-N,Nc1cc(S(=O)(=O)O)cc2cc(S(=O)(=O)O)cc(O)c12,,0,med,1.0
RMHMFHUVIITRHF-UHFFFAOYSA-N,CN1CCN(CC(=O)N2c3ccccc3C(=O)Nc3cccnc32)CC1,pirenzepine,1,high,2.0
IMACFCSSMIZSPP-UHFFFAOYSA-N,O=C(CCl)c1ccccc1,,1,med,1.0
ZTJORNVITHUQJA-UHFFFAOYSA-N,CCCCCCCOC(=O)c1ccc(O)cc1,,1,med,1.0
NDDAHWYSQHTHNT-UHFFFAOYSA-N,CC1Cc2ccccc2N1NC(=O)c1ccc(Cl)c(S(N)(=O)=O)c1,INDAPAMIDE,0,med,1.0
GVNHOISKXMSMPX-UHFFFAOYSA-N,CCCCN(CCO)CCO,,0,med,1.0
VHSBBVZJABQOSG-INIZCTEOSA-N,COc1ccc(CCNC[C@H](O)c2ccc(O)cc2)cc1OC,denopamine,0,med,1.0
HCGHYQLFMPXSDU-UHFFFAOYSA-N,Cn1cnc2ncnc(N)c21,,0,med,1.0
NNJVILVZKWQKPM-UHFFFAOYSA-N,CCN(CC)CC(=O)Nc1c(C)cccc1C,LIDOCAINE,0,med,1.0
VAOCPAMSLUNLGC-UHFFFAOYSA-N,Cc1ncc([N+](=O)[O-])n1CCO,Metronidazole,0,med,1.0
LQDARGUHUSPFNL-UHFFFAOYSA-N,FC(F)C(F)(F)OCC(Cn1cncn1)c1ccc(Cl)cc1Cl,,1,med,1.0
KTAULCNFQYFKTN-HSZRJFAPSA-N,CCCN(C1CCN(C(=O)C2CCNCC2)CC1)[C@@H]1CCc2ccc(OC)cc2C1,,0,med,1.0
LPZCCMIISIBREI-JXMPMKKESA-N,C/C=C(/CC[C@@H](C)[C@H]1CC[C@H]2C3=CC[C@H]4[C@H](C)[C@@H](O)CC[C@]4(C)[C@H]3CC[C@]12C)C(C)C,,0,med,1.0
HDIFHQMREAYYJW-XGXNLDPDSA-N,CCCCCC[C@@H](O)C/C=C\CCCCCCCC(=O)OCC(O)CO,,0,med,1.0
YLQLIQIAXYRMDL-UHFFFAOYSA-N,CCCCCC(CO)CCC,,0,med,1.0
AOMUHOFOVNGZAN-UHFFFAOYSA-N,CCCCCCCCCCCC(=O)N(CCO)CCO,,0,med,1.0
LVYLCBNXHHHPSB-UHFFFAOYSA-N,O=C(OCCO)c1ccccc1O,glycol salicylate,0,med,1.0
LUALIOATIOESLM-UHFFFAOYSA-N,N#Cc1ccc2c(c1)N(CCCN1CCC(O)CC1)c1ccccc1S2,periciazine,1,med,1.0
MINJAOUGXYRTEI-UHFFFAOYSA-N,O=C(OCC(COC(=O)c1ccccc1)(COC(=O)c1ccccc1)COC(=O)c1ccccc1)c1ccccc1,,1,med,1.0
JBKPUQTUERUYQE-UHFFFAOYSA-O,C[n+]1ccccc1/C=N/O,PRALIDOXIME CHLORIDE,1,high,2.0
SDDLEVPIDBLVHC-UHFFFAOYSA-N,Oc1ccc(C2(c3ccc(O)cc3)CCCCC2)cc1,"1,1-Bis(4-hydroxyphenyl)cyclohexane",1,med,1.0
QPCDCPDFJACHGM-UHFFFAOYSA-N,O=C(O)CN(CCN(CC(=O)O)CC(=O)O)CCN(CC(=O)O)CC(=O)O,PENTETIC ACID,0,med,1.0
BBMULGJBVDDDNI-OWKLGTHSSA-N,CC[C@@H](C(=O)[C@@H](C)[C@@H](O)[C@H](C)CCc1ccc(C)c(O)c1C(=O)O)[C@H]1O[C@](CC)([C@H]2CC[C@](O)(CC)[C@H](C)O2)C[C@@H]1C,Lasalocid A,1,med,1.0
RVEJOWGVUQQIIZ-UHFFFAOYSA-N,CCCCCCn1cc[n+](C)c1,,1,med,1.0
WGQKYBSKWIADBV-UHFFFAOYSA-N,NCc1ccccc1,Benzylamine,0,med,1.0
IRLYGRLEBKCYPY-UHFFFAOYSA-N,Cc1ccc(C)c(S(=O)(=O)O)c1,,0,med,1.0
VDOSWXIDETXFET-UHFFFAOYSA-N,Cc1ccccc1-n1c(CF)nc2ccc(N)cc2c1=O,afloqualone,1,med,1.0
LVTFSVIRYMXRSR-WUKNDPDISA-N,Cc1cccc(/N=N/c2ccc(N(C)C)cc2)c1,,1,med,1.0
AGVNLFCRZULMKK-UHFFFAOYSA-N,CC(=O)N1CCN(c2ccc(O)cc2)CC1,,1,med,1.0
OBZHEBDUNPOCJG-WBXJDKIVSA-N,CC1(C)[C@@H](OC(=O)CCC(=O)O)CC[C@]2(C)[C@H]3C(=O)C=C4[C@@H]5C[C@@](C)(C(=O)O)CC[C@]5(C)CC[C@@]4(C)[C@]3(C)CC[C@@H]12,carbenoxolone,1,med,1.0
HTMIBDQKFHUPSX-UHFFFAOYSA-N,CN1CCC(CN2c3ccccc3Sc3ccccc32)C1,METHDILAZINE HYDROCHLORIDE,0,med,1.0
DPQYRXNRGNLPFC-UHFFFAOYSA-N,O=[N+]([O-])c1cc(C(F)(F)F)c(Cl)c([N+](=O)[O-])c1Cl,,0,med,1.0
IDCHQQSVJAAUQQ-UHFFFAOYSA-N,CCN(CC)CCc1nc(-c2ccccc2)no1,oxolamine,1,med,1.0
KDOWHHULNTXTNS-UHFFFAOYSA-N,CC(O)C#CC(C)O,,0,med,1.0
RUVINXPYWBROJD-ONEGZZNKSA-N,C/C=C/c1ccc(OC)cc1,,0,med,1.0
MKXZASYAUGDDCJ-HSFDIDPMSA-N,COc1ccc2c(c1)[C@@]13CCCCC1[C@@H](C2)N(C)CC3,,0,med,1.0
KQKPFRSPSRPDEB-UHFFFAOYSA-N,CNS(=O)(=O)Cc1ccc2[nH]cc(CCN(C)C)c2c1,SUMATRIPTAN,1,high,2.0
PYGSKMBEVAICCR-UHFFFAOYSA-N,C=CCCC=C,,0,med,1.0
DGAIEPBNLOQYER-UHFFFAOYSA-N,COCC(=O)Nc1c(I)c(C(=O)NCC(O)CO)c(I)c(C(=O)N(C)CC(O)CO)c1I,IOPROMIDE,1,high,2.0
HDACQVRGBOVJII-JBDAPHQKSA-N,CCOC(=O)[C@H](CCc1ccccc1)N[C@@H](C)C(=O)N1[C@H](C(=O)O)C[C@@H]2CCC[C@@H]21,Drug 1314,0,med,1.0
CWRKZMLUDFBPAO-SREVYHEPSA-N,CCCCC/C=C\CCC=O,,0,med,1.0
AFSOIHMEOKEZJF-UHFFFAOYSA-N,O=C(O)c1ccc2[nH]cc(CCCCN3CC=C(c4ccccc4)CC3)c2c1,,0,med,1.0
DDOBXWSLLJYUGD-FYWRMAATSA-N,COc1cc(/C=C/C(=O)NCCCNc2c3c(nc4ccccc24)CCCC3)ccc1OCCCO[N+](=O)[O-],CHEMBL2171314,0,med,1.0
VADSDVGLFDVIMG-UHFFFAOYSA-N,CCCCCCc1ccc(-c2ccc(C#N)cc2)cc1,,1,med,1.0
YDONNITUKPKTIG-UHFFFAOYSA-N,O=P(O)(O)CN(CP(=O)(O)O)CP(=O)(O)O,,0,med,1.0
AYXYPKUFHZROOJ-ZETCQYMHSA-N,CC(C)C[C@H](CN)CC(=O)O,Drug 742,1,high,2.0
LEDKKDPOPIKMSZ-UHFFFAOYSA-N,O=S(=O)(O)c1cc(Cl)c(Cl)cc1Cl,,0,med,1.0
SZHDFZYDTUBTCE-UHFFFAOYSA-N,Cc1cc(N2CCOc3ncnc(N)c3C2=O)cc(C)c1C#CC(C)(C)CC(=O)O,CHEMBL4126331,0,med,1.0
WEEGYLXZBRQIMU-UHFFFAOYSA-N,CC12CCC(CC1)C(C)(C)O2,cineole,1,med,1.0
LRXXRIXDSAEIOR-UHFFFAOYSA-N,CC(Cc1ccccc1)NCc1ccccc1Cl,CHEMBL1213251,1,high,2.0
UJAOSPFULOFZRR-UHFFFAOYSA-N,CC(=O)Nc1ccc(OC(C)=O)cc1,,0,med,1.0
JFCQEDHGNNZCLN-UHFFFAOYSA-N,O=C(O)CCCC(=O)O,Glutaric Acid,0,med,1.0
AEOCXXJPGCBFJA-UHFFFAOYSA-N,CCc1cc(C(N)=S)ccn1,Ethionamide,0,med,1.0
NOTFZGFABLVTIG-UHFFFAOYSA-N,CC(=O)OCCC1CCCCC1,,0,med,1.0
WLIADPFXSACYLS-RQOWECAXSA-N,C/C(Cl)=C/CCl,,0,med,1.0
MPGABYXKKCLIRW-UHFFFAOYSA-N,CCCCCCCCCCC1CO1,,0,med,1.0
NASXCEITKQITLD-UHFFFAOYSA-N,O=C1c2ccccc2C(=O)C1c1ccc(F)cc1,fluindione,1,med,1.0
WEYVCQFUGFRXOM-UHFFFAOYSA-N,CN1CCN(CCCN2c3ccccc3Sc3ccccc32)CC1,perazine,0,med,1.0
FEACTMUAXQJDBH-VHEBQXMUSA-N,Cc1cc(S(=O)(=O)O)ccc1/N=N/c1c(O)ccc2ccccc12,,1,med,1.0
FSSPGSAQUIYDCN-UHFFFAOYSA-N,O=S1(=O)CCCO1,,0,med,1.0
RPNUMPOLZDHAAY-UHFFFAOYSA-N,NCCNCCN,,0,med,1.0
WZOZEZRFJCJXNZ-ZBFHGGJFSA-N,CO[C@@]1(NC(=O)Cc2cccs2)C(=O)N2C(C(=O)O)=C(COC(N)=O)CS[C@@H]21,CEFOXITIN,1,high,2.0
WUTYZMFRCNBCHQ-UHFFFAOYSA-N,CC1OC2(CS1)CN1CCC2CC1,CEVIMELINE,1,med,1.0
UXZFQZANDVDGMM-UHFFFAOYSA-N,Oc1c(I)cc(I)c2cccnc12,diiodohydroxyquinoline,1,med,1.0
BMKDZUISNHGIBY-UHFFFAOYSA-N,CC(CN1CC(=O)NC(=O)C1)N1CC(=O)NC(=O)C1,razoxane,1,med,1.0
KFFQABQEJATQAT-UHFFFAOYSA-N,CCCCNC(=S)NCCCC,,1,med,1.0
UBRIHZOFEJHMIT-UHFFFAOYSA-N,CCCCOc1ccc(N)cc1,,0,med,1.0
PQWGFUFROKIJBO-UHFFFAOYSA-N,CCC(=O)c1cccc(Cl)c1,,0,med,1.0
KPJZHOPZRAFDTN-ZRGWGRIASA-N,CC[C@@H](CO)NC(=O)[C@@H]1C=C2c3cccc4c3c(cn4C)C[C@H]2N(C)C1,METHYSERGIDE,1,med,1.0
MSCCTZZBYHQMQJ-AZAGJHQNSA-N,Cc1c(C)c2c(c(C)c1OC(=O)c1cccnc1)CC[C@@](C)(CCC[C@H](C)CCC[C@H](C)CCCC(C)C)O2,tocopheryl nicotinate,0,med,1.0
VZJFGSRCJCXDSG-UHFFFAOYSA-N,C[N+](C)(C)CCCCCC[N+](C)(C)C,hexamethonium,0,med,1.0
GXFRQLQUKBSYQL-UHFFFAOYSA-N,O=C(O)c1nc(Cl)c(Cl)c(Cl)c1Cl,,1,med,1.0
REYFJDPCWQRWAA-UHFFFAOYSA-N,c1ccc(CN(CC2=NCCN2)c2ccccc2)cc1,ANTAZOLINE,0,med,1.0
YSGASDXSLKIKOD-UHFFFAOYSA-N,CC(Cc1ccccc1)(NC(=O)CN)c1ccccc1,Remacemide,1,high,2.0
LCXXNKZQVOXMEH-UHFFFAOYSA-N,C=C(C)C(=O)OCC1CCCO1,,0,med,1.0
XXPANQJNYNUNES-UHFFFAOYSA-N,CN1Cc2c(N)cccc2C(c2ccccc2)C1,Nomifensine,1,high,2.0
JNELGWHKGNBSMD-UHFFFAOYSA-N,O=c1c2ccccc2oc2ccccc12,,0,med,1.0
SAPGTCDSBGMXCD-UHFFFAOYSA-N,OC(c1ccc(F)cc1)(c1cncnc1)c1ccccc1Cl,,0,med,1.0
UPSXAPQYNGXVBF-UHFFFAOYSA-N,CCC(C)Br,,0,med,1.0
CFOYWRHIYXMDOT-UHFFFAOYSA-N,CCOC(=O)n1ccn(C)c1=S,carbimazole,0,med,1.0
OGZPYBBKQGPQNU-DABLZPOSSA-N,CC/C(C)=N/O[Si](C)(O/N=C(\C)CC)O/N=C(\C)CC,,0,med,1.0
MIDXCONKKJTLDX-UHFFFAOYSA-N,CC1CC(C)C(=O)C1=O,,0,med,1.0
OCAPBUJLXMYKEJ-UHFFFAOYSA-N,c1ccc(-c2ccc(C(c3ccccc3)n3ccnc3)cc2)cc1,bifonazole,1,med,1.0
PRPINYUDVPFIRX-UHFFFAOYSA-N,O=C(O)Cc1cccc2ccccc12,1-Naphthaleneacetic Acid,0,med,1.0
JKUYRAMKJLMYLO-UHFFFAOYSA-N,CC(=O)CC(=O)OC(C)(C)C,,0,med,1.0
FXUAIOOAOAVCGD-WCTZXXKLSA-N,O[C@H]1[C@H]2[C@H](O)CCCN2C[C@H]1O,Swainsonine,1,high,2.0
PEEHTFAAVSWFBL-UHFFFAOYSA-N,O=C1C=CC(=O)N1,,1,med,1.0
QMVPMAAFGQKVCJ-UHFFFAOYSA-N,CC(C)=CCCC(C)CCO,,0,med,1.0
CMSMOCZEIVJLDB-UHFFFAOYSA-N,O=P1(N(CCCl)CCCl)NCCCO1,CYCLOPHOSPHAMIDE ANHYDROUS,0,med,1.0
FPAMWJFOROLHQH-UHFFFAOYSA-N,Nc1nonc1-c1nc2ccccc2n1CC(=O)Nc1cnc2ccccc2c1,CHEMBL5093535,0,med,1.0
WVRNUXJQQFPNMN-UHFFFAOYSA-N,CCCCCCCCCCC=CC1CC(=O)OC1=O,,1,med,1.0
GSYQNAMOFFWAPF-PPOBMCMBSA-N,C[N+]1([O-])[C@@H]2C[C@@H](OC(=O)[C@H](CO)c3ccccc3)C[C@H]1[C@@H]1O[C@@H]12,,0,med,1.0
BJQWBACJIAKDTJ-UHFFFAOYSA-N,CCCC[P+](CCCC)(CCCC)CCCC,,0,med,1.0
VDCRFBBZFHHYGT-IOSLPCCCSA-N,C=CCn1c(=O)n([C@@H]2O[C@H](CO)[C@@H](O)[C@H]2O)c2nc(N)[nH]c(=O)c21,,0,med,1.0
YMLFYGFCXGNERH-UHFFFAOYSA-K,CCCC[Sn](Cl)(Cl)Cl,,1,med,1.0
NRNCYVBFPDDJNE-UHFFFAOYSA-N,NC1=NC(=O)C(c2ccccc2)O1,Pemoline,0,med,1.0
ALRLPDGCPYIVHP-UHFFFAOYSA-N,O=[N+]([O-])c1ccc2ccc3cccc4ccc1c2c34,,1,med,1.0
ZQEIXNIJLIKNTD-UHFFFAOYSA-N,COCC(=O)N(c1c(C)cccc1C)C(C)C(=O)OC,,0,med,1.0
JOZKKPMJNMGHOQ-SOFGYWHQSA-N,O=C(/C=C/c1ccc(OC(F)F)c(OC(F)F)c1)Nc1ccccc1C(=O)O,CHEMBL3094400,0,med,1.0
CQUAYTJDLQBXCQ-NHYWBVRUSA-N,CC1(C)C2=CCCC(C)(C)[C@]23CC[C@H]1C3,,0,med,1.0
CFZKDDTWZYUZKS-UHFFFAOYSA-N,Cc1cccc[n+]1[O-],,0,med,1.0
LDXSPUSKBDTEKA-UHFFFAOYSA-N,O=C(OCCN1CCOCC1)c1cccnc1Nc1cccc(C(F)(F)F)c1,morniflumate,1,med,1.0
ZLCSFXXPPANWQY-UHFFFAOYSA-N,CCc1cccc(C)c1,,0,med,1.0
NGJJDHCBOKNREV-FQEVSTJZSA-N,CCOC(=O)c1cc(=O)c2c(OCC(COc3cccc4oc(C(=O)OCC)cc(=O)c34)OC(=O)[C@@H](N)CCCCN)cccc2o1,,0,med,1.0
CAVZBWFUMSXZFB-LJWNLINESA-N,CCC(C)(C)OC(=O)N[C@@H](Cc1c[nH]c2ccccc12)C(=O)N[C@@H](CCSC)C(=O)N[C@@H](CC(=O)O)C(=O)N[C@@H](Cc1ccccc1)C(N)=O,,0,med,1.0
AMFGWXWBFGVCKG-UHFFFAOYSA-N,C=C(C)C(=O)OCC(O)COc1ccc(C(C)(C)c2ccc(OCC(O)COC(=O)C(=C)C)cc2)cc1,,1,med,1.0
BOHCMQZJWOGWTA-UHFFFAOYSA-N,Cc1cccc(C#N)c1,,0,med,1.0
XJNQXTISSHEQKD-UNXUOHHUSA-N,CC1=C2[C@@H]([C@H](C)CC[C@H]2/C=C(\C)C(=O)O)[C@H](O)C1,,0,med,1.0
RITAVMQDGBJQJZ-FMIVXFBMSA-N,CNC(=O)c1ccccc1Sc1ccc2c(/C=C/c3ccccn3)n[nH]c2c1,AXITINIB,1,med,1.0
MKXGHWZEYYSQRA-UHFFFAOYSA-N,Nc1c2c(nc3cc(Br)ccc13)CCC(C(=O)NCCCc1ccccc1)C2,CHEMBL4206709,1,med,1.0
YBGZDTIWKVFICR-JLHYYAGUSA-N,CCCCC(CC)COC(=O)/C=C/c1ccc(OC)cc1,Octinoxate,0,med,1.0
GTZCVFVGUGFEME-HNQUOIGGSA-N,O=C(O)/C=C(\CC(=O)O)C(=O)O,,0,med,1.0
YEHCICAEULNIGD-MZMPZRCHSA-N,CCCN1C[C@H](CSC)C[C@@H]2c3cccc4[nH]cc(c34)C[C@H]21,Drug 1173,1,high,2.0
XGCHAIDDPMFRLJ-UHFFFAOYSA-N,Oc1c(Cl)ccc(Cl)c1Cl,,1,med,1.0
NTACMHVXGGGRQU-UHFFFAOYSA-N,CCOC(=O)C(=O)c1csc(NC=O)n1,,0,med,1.0
WUWDLXZGHZSWQZ-UHFFFAOYSA-N,Cc1cc(C)c(C=C2C(=O)Nc3ccccc32)[nH]1,,1,med,1.0
CLOMYZFHNHFSIQ-UHFFFAOYSA-N,Cc1c(Cl)cccc1Nc1ncccc1C(=O)O,clonixin,1,med,1.0
BGJSXRVXTHVRSN-UHFFFAOYSA-N,C1OCOCO1,,0,med,1.0
UNYNVICDCJHOPO-UHFFFAOYSA-N,CC1=C(O)C(=O)OC1C,,0,med,1.0
UNPYYTKZOHYHMZ-UHFFFAOYSA-N,CC1C(=O)CC2C3(C)CCC2(C(C)C(=O)O)C(=O)C13,,0,med,1.0
ZTWZVMIYIIVABD-OEMFJLHTSA-N,COCCOC[C@H](CC1(C(=O)N[C@H]2CC[C@@H](C(=O)O)CC2)CCCC1)C(=O)Oc1ccc2c(c1)CCC2,,0,med,1.0
DLFVBJFMPXGRIB-UHFFFAOYSA-N,CC(N)=O,Acetamide,0,med,1.0
XFOHWECQTFIEIX-UHFFFAOYSA-N,O=[N+]([O-])c1ccc2c(c1)Cc1ccccc1-2,,1,med,1.0
WPTTVJLTNAWYAO-KPOXMGGZSA-N,COC(=O)[C@]12CCC(C)(C)C[C@H]1[C@H]1C(=O)C=C3[C@@]4(C)C=C(C#N)C(=O)C(C)(C)[C@@H]4CC[C@@]3(C)[C@]1(C)CC2,Bardoxolone Methyl,1,med,1.0
QJJDNZGPQDGNDX-UHFFFAOYSA-N,CC(=O)CCC1=C(C)CCCC1(C)C,,0,med,1.0
FAOZLTXFLGPHNG-KNAQIMQKSA-N,CC(=O)[C@@]1(O)CC[C@H]2[C@@H]3C[C@H](C)C4=CC(=O)C=C[C@]4(C)[C@@]3(F)[C@@H](O)C[C@@]21C,FLUOROMETHOLONE,0,med,1.0
CYRMSUTZVYGINF-UHFFFAOYSA-N,FC(Cl)(Cl)Cl,,0,med,1.0
QIONYIKHPASLHO-UHFFFAOYSA-N,O=C(O)C(Br)(Br)Br,,1,med,1.0
GRIATXVEXOFBGO-UHFFFAOYSA-N,Cc1cccc2sc(N)nc12,,1,med,1.0
GETTZEONDQJALK-UHFFFAOYSA-N,FC(F)(F)c1ccccc1,,0,med,1.0
MCSAJNNLRCFZED-UHFFFAOYSA-N,CC[N+](=O)[O-],,0,med,1.0
XSEUMFJMFFMCIU-UHFFFAOYSA-N,CCCCNC(=N)NC(=N)N,CHEMBL39736,1,high,2.0
QSNIQHPHPMGKAJ-UHFFFAOYSA-N,NCCCC(=O)OCCN1CCN(c2cccc3c2ccn3S(=O)(=O)c2ccccc2)CC1,CHEMBL5412404,0,med,1.0
FEUYWSUGGBUMAB-BOADVZGGSA-N,N#C[C@@H]1CC(F)(F)CN1C(=O)CNC1CC2CCC(C1)N2c1ncccn1,,0,med,1.0
HMGSYODAZJHCRL-UHFFFAOYSA-N,CCOc1cccc(-n2cc(C(=O)N3CCN(c4cc(C(=O)O)c5ccccc5c4)CC3)nc2-c2ccc(C)cc2)c1,,1,med,1.0
QBDSZLJBMIMQRS-UHFFFAOYSA-N,CC(C)(c1ccccc1)c1ccc(O)cc1,4-Cumylphenol,1,med,1.0
VKHAHZOOUSRJNA-GCNJZUOMSA-N,CC#C[C@]1(O)CC[C@H]2[C@@H]3CCC4=CC(=O)CCC4=C3[C@@H](c3ccc(N(C)C)cc3)C[C@@]21C,Drug 653,1,med,1.0
OHQUGGLLIHIBJO-UHFFFAOYSA-N,O=C(CNS(=O)(=O)c1ccccc1C(=O)N1CCOCC1)Nc1ccc(O)cc1,CHEMBL4791601,0,med,1.0
HZTMGWSBSDLALI-UHFFFAOYSA-N,CCCCN(CCN(CCCC)C(=O)N1CCOCC1)C(=O)N1CCOCC1,dimorpholamine,0,med,1.0
GZXXANJCCWGCSV-UHFFFAOYSA-N,CCc1nccnc1CC,,0,med,1.0
PSGAAPLEWMOORI-PEINSRQWSA-N,CC(=O)O[C@]1(C(C)=O)CC[C@H]2[C@@H]3C[C@H](C)C4=CC(=O)CC[C@]4(C)[C@H]3CC[C@@]21C,MEDROXYPROGESTERONE ACETATE,1,med,1.0
BMIPMKQAAJKBKP-UHFFFAOYSA-N,Cc1cc(C)c(N)cc1C,,0,med,1.0
FFHQNQNMELQOEF-UHFFFAOYSA-N,COc1ccc(C(=O)Nc2nc3ccccc3c(NCc3ccccc3)c2C#N)cc1,,1,med,1.0
FJDPATXIBIBRIM-UHFFFAOYSA-N,CC(C)=CC1C(C(=O)OC(C#N)c2cccc(Oc3ccccc3)c2)C1(C)C,,0,med,1.0
SYJFEGQWDCRVNX-UHFFFAOYSA-N,c1cc[n+]2c(c1)-c1cccc[n+]1CC2,CHEMBL1625720,1,high,2.0
NUPSHWCALHZGOV-UHFFFAOYSA-N,CCCCCCCCCCOC(C)=O,,0,med,1.0
QKMNFFSBZRGHDJ-UHFFFAOYSA-N,COc1cc(Cl)ccc1Cl,,0,med,1.0
IEDVJHCEMCRBQM-UHFFFAOYSA-N,COc1cc(Cc2cnc(N)nc2N)cc(OC)c1OC,Trimethoprim,1,high,2.0
ALELTFCQZDXAMQ-UHFFFAOYSA-N,CC(CC1c2ccccc2CCc2ccccc21)CN(C)C,butriptyline,0,med,1.0
USIUVYZYUHIAEV-UHFFFAOYSA-N,c1ccc(Oc2ccccc2)cc1,,0,med,1.0
CRBBOOXGHMTWOC-NPDDRXJXSA-N,CCCCCCCCCCCC(=O)OC[C@@H](O)[C@H]1OC[C@H](OCCO)[C@H]1OCCO,,1,med,1.0
NYIZXMGNIUSNKL-UHFFFAOYSA-N,CC(=O)Oc1cccc(C(=O)O)c1OC(C)=O,dipyrocetyl,0,med,1.0
MWYHLEQJTQJHSS-UHFFFAOYSA-N,CCCc1c(OCCCCc2nnn[nH]2)ccc(C(C)=O)c1O,,1,med,1.0
BWWVAEOLVKTZFQ-ISVUSNJMSA-N,CC1(C)S[C@@H]2[C@H](/N=C/N3CCCCCC3)C(=O)N2[C@H]1C(=O)O,AMDINOCILLIN,0,med,1.0
WLOHNSSYAXHWNR-DWIOZXRMSA-N,CC[C@H]1OC(=O)[C@H](C)[C@@H](O[C@H]2C[C@@](C)(OC)[C@@H](O)[C@H](C)O2)[C@H](C)[C@@H](O[C@@H]2O[C@H](C)C[C@H](N(C)C)[C@H]2O)[C@](C)(O)C[C@@H](C)[C@@H]2N[C@@H](COCCOC)O[C@H]([C@H]2C)[C@]1(C)O,DIRITHROMYCIN,1,med,1.0
NGFPWHGISWUQOI-UHFFFAOYSA-N,CCC(C)c1ccccc1O,,1,med,1.0
UCPOMLWZWRTIAA-UHFFFAOYSA-N,CCNc1cccnc1N1CCN(C(=O)c2cc3cc(OC)ccc3[nH]2)CC1,Atevirdine,1,med,1.0
LDRYOEIGQCIMEK-UHFFFAOYSA-N,CC(Oc1cc(Cl)ccc1Cl)C(=O)O,,0,med,1.0
ZTISUHQLYYPYFA-UHFFFAOYSA-N,OCC1(CO)COCOC1,,0,med,1.0
JVFVSVLCXCDOPD-SDQBBNPISA-N,CO/N=C(\C(=O)O)c1csc(NC(=O)CCl)n1,,1,med,1.0
CURUTKGFNZGFSE-UHFFFAOYSA-N,CCN(CC)CCOC(=O)C1(C2CCCCC2)CCCCC1,Dicyclomine hydrochloride,0,med,1.0
IPEHBUMCGVEMRF-UHFFFAOYSA-N,NC(=O)c1cnccn1,Pyrazinamide,0,med,1.0
CWXYHOHYCJXYFQ-UHFFFAOYSA-N,O=C(O)CCNC(=O)c1ccccc1,betamipron,0,med,1.0
PBKONEOXTCPAFI-UHFFFAOYSA-N,Clc1ccc(Cl)c(Cl)c1,,0,med,1.0
VLCYCQAOQCDTCN-UHFFFAOYSA-N,NCCCC(N)(C(=O)O)C(F)F,EFLORNITHINE,0,med,1.0
VXMOONUMYLCFJD-DHLKQENFSA-N,COC(=O)C1=C(C)NC(C)=C(C(=O)O[C@H]2CCN(Cc3ccccc3)C2)[C@H]1c1cccc([N+](=O)[O-])c1,barnidipine,1,high,2.0
VFGRALUHHHDIQI-UHFFFAOYSA-N,CCCCOC(=O)CO,,0,med,1.0
BOBLHFUVNSFZPJ-JOYXJVLSSA-N,CC(=O)OCC(=O)[C@@]1(OC(C)=O)[C@@H](C)C[C@H]2[C@@H]3C[C@H](F)C4=CC(=O)C=C[C@]4(C)[C@@]3(F)[C@@H](O)C[C@@]21C,DIFLORASONE DIACETATE,1,med,1.0
WGFOBBZOWHGYQH-MXHNKVEKSA-N,CCCCC(F)(F)[C@@]1(O)CC[C@H]2[C@@H](CC(=O)[C@@H]2CCCCCCC(=O)O)O1,LUBIPROSTONE,0,med,1.0
WPGGHFDDFPHPOB-BBWFWOEESA-N,O=C(O)[C@H](CC(=O)N1C[C@H]2CCCC[C@H]2C1)Cc1ccccc1,mitiglinide,0,med,1.0
SKCNNQDRNPQEFU-UHFFFAOYSA-N,CN(C)CCCN(C)CCCN(C)C,,0,med,1.0
FXFYOPQLGGEACP-UHFFFAOYSA-N,Cc1ccc2oc(=O)ccc2c1,,0,med,1.0
SLRIOXRBAPBGEI-UHFFFAOYSA-N,O=[N+]([O-])c1ccccc1CCO,,0,med,1.0
HVUVKENGXLZGMD-HUUCEWRRSA-N,NCc1ccnc(Oc2cccc(C(=O)N3C[C@@H](O)[C@H](F)C3)c2)c1,CHEMBL4063337,0,med,1.0
VYWWNRMSAPEJLS-MDWYKHENSA-N,CCCC(=O)O[C@H]1[C@H](C)O[C@@H](O[C@H]2[C@H](N(C)C)[C@@H](O)[C@H](O[C@H]3[C@@H](CC=O)C[C@@H](C)[C@@H](O)/C=C/C=C/C[C@@H](C)OC(=O)C[C@@H](O)[C@@H]3OC)O[C@@H]2C)C[C@@]1(C)OC(=O)CC,rokitamycin,1,med,1.0
LBXHRAWDUMTPSE-UHFFFAOYSA-N,CC1CCCC(C)N1NC(=O)c1ccc(Cl)c(S(N)(=O)=O)c1,,0,med,1.0
HFHDHCJBZVLPGP-RWMJIURBSA-N,OC[C@H]1O[C@@H]2O[C@H]3[C@H](O)[C@@H](O)[C@@H](O[C@H]4[C@H](O)[C@@H](O)[C@@H](O[C@H]5[C@H](O)[C@@H](O)[C@@H](O[C@H]6[C@H](O)[C@@H](O)[C@@H](O[C@H]7[C@H](O)[C@@H](O)[C@@H](O[C@H]1[C@H](O)[C@H]2O)O[C@@H]7CO)O[C@@H]6CO)O[C@@H]5CO)O[C@@H]4CO)O[C@@H]3CO,Alpha-Cyclodextrin,1,med,1.0
RDUJRVXKAIVTDH-UHFFFAOYSA-N,O=S(=O)(O)c1ccc(N=Nc2c(O)ccc3ccccc23)cc1,,1,med,1.0
YLVACWCCJCZITJ-UHFFFAOYSA-N,OC1OCCOC1O,,0,med,1.0
MESJRHHDBDCQTH-UHFFFAOYSA-N,CN(C)c1cccc(O)c1,,1,med,1.0
HSUGRBWQSSZJOP-RTWAWAEBSA-N,COc1ccc([C@@H]2Sc3ccccc3N(CCN(C)C)C(=O)[C@@H]2OC(C)=O)cc1,Drug 832,1,high,2.0
SDYWXFYBZPNOFX-UHFFFAOYSA-N,Nc1ccc(Cl)c(Cl)c1,,1,med,1.0
FZDZULUFHNDEDJ-UHFFFAOYSA-N,O=C(COCC(=O)Nc1c(I)cc(I)c(C(=O)O)c1I)Nc1c(I)cc(I)c(C(=O)O)c1I,ioglycamic acid,1,med,1.0
NLHHRLWOUZZQLW-UHFFFAOYSA-N,C=CC#N,,0,med,1.0
RLYCRLGLCUXUPO-UHFFFAOYSA-N,Cc1c(N)cccc1N,,1,med,1.0
QMQDJVIJVPEQHE-UHFFFAOYSA-N,CCC(C)c1nccnc1OC,,0,med,1.0
HJHUXWBTVVFLQI-UHFFFAOYSA-N,CCCC[N+](C)(CCCC)CCCC,,0,med,1.0
SZRPDCCEHVWOJX-UHFFFAOYSA-N,Cc1cccc(Nc2cc(Cl)nc(SCC(=O)O)n2)c1C,,0,med,1.0
GOXQRTZXKQZDDN-UHFFFAOYSA-N,C=CC(=O)OCC(CC)CCCC,,0,med,1.0
DHSUYTOATWAVLW-WFVMDLQDSA-N,CC1(C)C[C@@H]1C(=O)N/C(=C\CCCCSC[C@H](N)C(=O)O)C(=O)O,CILASTATIN,1,high,2.0
XMJHPCRAQCTCFT-UHFFFAOYSA-N,COC(=O)Cl,,0,med,1.0
VPMWFZKOWULPGT-UHFFFAOYSA-N,NS(=O)(=O)c1cc2c(cc1Cl)CN(C1CCCCC1)C2=O,clorexolone,0,med,1.0
RXCPQSJAVKGONC-UHFFFAOYSA-N,Cc1ccn2nc(S(=O)(=O)Nc3c(F)cccc3F)nc2n1,,0,med,1.0
GVYLCNUFSHDAAW-UHFFFAOYSA-N,ClC1(Cl)C2(Cl)C3(Cl)C4(Cl)C(Cl)(Cl)C5(Cl)C3(Cl)C1(Cl)C5(Cl)C24Cl,,0,med,1.0
ZBNZXTGUTAYRHI-UHFFFAOYSA-N,Cc1nc(Nc2ncc(C(=O)Nc3c(C)cccc3Cl)s2)cc(N2CCN(CCO)CC2)n1,DASATINIB ANHYDROUS,1,high,2.0
WXCMHFPAUCOJIG-UHFFFAOYSA-N,CC(=O)c1c(C)c([N+](=O)[O-])c(C(C)(C)C)c([N+](=O)[O-])c1C,,0,med,1.0
CXSJGNHRBWJXEA-UHFFFAOYSA-N,O=C1c2ccccc2CN2C(=O)c3ccccc3CN12,,0,med,1.0
SXWNZVQOYWMBGP-UHFFFAOYSA-N,COc1ccc(C(=O)NC(=S)Nc2nc3ccc(C)cc3s2)cc1,CHEMBL496550,0,med,1.0
PWMWNFMRSKOCEY-UHFFFAOYSA-N,OCC(O)c1ccccc1,,0,med,1.0
KBJFYLLAMSZSOG-UHFFFAOYSA-N,CO[Si](CCCNc1ccccc1)(OC)OC,,0,med,1.0
YOSHYTLCDANDAN-UHFFFAOYSA-N,CCCCC1=NC2(CCCC2)C(=O)N1Cc1ccc(-c2ccccc2-c2nn[nH]n2)cc1,Irbesartan,0,med,1.0
GWHJZXXIDMPWGX-UHFFFAOYSA-N,Cc1ccc(C)c(C)c1,,0,med,1.0
ZFMSMUAANRJZFM-UHFFFAOYSA-N,C=CCc1ccc(OC)cc1,,0,med,1.0
YNVGQYHLRCDXFQ-XGXHKTLJSA-N,C#C[C@]1(O)CC[C@H]2[C@@H]3CCC4=CCCC[C@@H]4[C@H]3CC[C@@]21C,CHEMBL2107431,1,med,1.0
LKJPSUCKSLORMF-UHFFFAOYSA-N,CON(C)C(=O)Nc1ccc(Cl)cc1,,1,med,1.0
PGAXJQVAHDTGBB-UHFFFAOYSA-N,CCCCN(CCCC)C(=S)SSC(=S)N(CCCC)CCCC,,1,med,1.0
UYGONJYYUKVHDD-UHFFFAOYSA-N,Cn1cc([S+](C)[O-])c(=O)c2ccc(F)cc21,,0,med,1.0
FEZBIKUBAYAZIU-UHFFFAOYSA-N,COc1cc(C(=O)NCc2ccc(OCCN(C)C)cc2)cc(OC)c1OC,TRIMETHOBENZAMIDE HYDROCHLORIDE,1,high,2.0
SUPKOOSCJHTBAH-UHFFFAOYSA-N,Nc1ncnc2c1ncn2CCOCP(=O)(O)O,Adefovir,1,med,1.0
SWZMSZQQJRKFBP-WZRBSPASSA-N,O=C1C=C2C=C[C@@H]3C[C@@]2(O1)[C@H]1CCCCN31,,0,med,1.0
HMCCXLBXIJMERM-UHFFFAOYSA-N,COCC(=O)Nc1cc(Sc2ccccc2)ccc1N=C(NC(=O)OC)NC(=O)OC,Febantel,1,med,1.0
ZCVAOQKBXKSDMS-UHFFFAOYSA-N,C=CCC1=C(C)C(OC(=O)C2C(C=C(C)C)C2(C)C)CC1=O,,1,med,1.0
KRNUKKZDGDAWBF-UHFFFAOYSA-N,CCN(CCO)c1cccc(C)c1,,0,med,1.0
JKLHPLZNXDHQNO-UHFFFAOYSA-N,CN1CCOC(O)(c2ccc3c(c2)Nc2ccccc2S3)C1,CHEMBL3234103,0,med,1.0
ASOKPJOREAFHNY-UHFFFAOYSA-N,On1nnc2ccccc21,,0,med,1.0
RMOUBSOVHSONPZ-UHFFFAOYSA-N,CC(C)OC=O,,1,med,1.0
JHWGFJBTMHEZME-UHFFFAOYSA-N,C=CC(=O)OCCCCOC(=O)C=C,,1,med,1.0
FSIRXIHZBIXHKT-MHTVFEQDSA-N,CCC(Cc1cnc2nc(N)nc(N)c2n1)c1ccc(C(=O)N[C@@H](CCC(=O)O)C(=O)O)cc1,edatrexate,1,med,1.0
GXPIUNZCALHVBA-UHFFFAOYSA-N,CC(=O)Nc1ccc(S(=O)(=O)Nc2cc(C)on2)cc1,,0,med,1.0
CEQFOVLGLXCDCX-WUKNDPDISA-N,CN(C)c1ccc(/N=N/c2ccccc2C(=O)O)cc1,,1,med,1.0
SCGZIPCHOAVGCL-UHFFFAOYSA-N,C1CN(P2(N3CC3)=NP(N3CC3)(N3CC3)=NP(N3CC3)(N3CC3)=N2)CCO1,,1,med,1.0
QOLRLLFJMZLYQJ-LOBDNJQFSA-N,C[C@@H]1CC[C@@]2(OC1)O[C@H]1C[C@H]3[C@@H]4CC[C@H]5C[C@@H](O)CC[C@]5(C)[C@H]4CC(=O)[C@]3(C)[C@H]1[C@@H]2C,,0,med,1.0
VWUXBMIQPBEWFH-WCCTWKNTSA-N,C[C@]12CC[C@@H]3c4ccc(O)cc4C[C@@H](CCCCCCCCC[S+]([O-])CCCC(F)(F)C(F)(F)F)[C@H]3[C@@H]1CC[C@@H]2O,fulvestrant,1,high,2.0
VJTXQHYNRDGLON-LTGZKZEYSA-N,COC(=O)CCCCC(CCSS/C(CCO)=C(\C)N(C=O)Cc1cnc(C)nc1N)SC(C)=O,,0,med,1.0
SVCQBXMFONNZHX-UHFFFAOYSA-N,CCNC(=O)NCCCOc1cccc(CN2CCCCC2)c1,,0,med,1.0
JEGMWWXJUXDNJN-UHFFFAOYSA-N,CC1CCCNC1,,0,med,1.0
XIRNKXNNONJFQO-UHFFFAOYSA-N,CCCCCCCCCCCCCCCC(=O)OCC,,0,med,1.0
YNBADRVTZLEFNH-UHFFFAOYSA-N,COC(=O)c1cccnc1,methyl nicotinate,0,med,1.0
IAJNXBNRYMEYAZ-UHFFFAOYSA-N,CCOC(=O)C(C#N)=C(c1ccccc1)c1ccccc1,,0,med,1.0
WXWCDTXEKCVRRO-UHFFFAOYSA-N,COc1ccc(C)cc1N,,1,med,1.0
KXDAEFPNCMNJSK-UHFFFAOYSA-N,NC(=O)c1ccccc1,,0,med,1.0
MTPIZGPBYCHTGQ-UHFFFAOYSA-N,C=CC(=O)OCCOCC(CC)(COCCOC(=O)C=C)COCCOC(=O)C=C,,1,med,1.0
BWTVMVHFJRFVFO-CYBMUJFWSA-N,Cc1nc(-c2nnc3n2CCN(C(=O)c2ccc(-c4cccs4)cc2)[C@@H]3C)cs1,CHEMBL3422010,0,med,1.0
BAQKJENAVQLANS-UHFFFAOYSA-N,CCC(C(=O)OCCN1CCOC(c2ccccc2)C1C)c1ccccc1,fenbutrazate,0,med,1.0
JBKVHLHDHHXQEQ-UHFFFAOYSA-N,O=C1CCCCCN1,,0,med,1.0
JFXBEKISTKFVAB-AJQTZOPKSA-N,COc1ccc2cc1Oc1cc3c(cc1OC)CC[N+](C)(C)[C@H]3Cc1ccc(cc1)Oc1c(OC)c(OC)cc3c1[C@@H](C2)[N+](C)(C)CC3,METOCURINE,0,med,1.0
PBBGSZCBWVPOOL-HDICACEKSA-N,CC[C@H](c1ccc(O)cc1)[C@@H](CC)c1ccc(O)cc1,,1,med,1.0
HCAUQPZEWLULFJ-UHFFFAOYSA-N,c1ccc2c(c1)ccc1ncccc12,,1,med,1.0
MJQUEDHRCUIRLF-JGGKDZLHSA-N,CCC/C=C/C=C/C(=O)O[C@H]1/C(=C/C(=O)OC)C[C@H]2C[C@H]([C@@H](C)O)OC(=O)C[C@H](O)C[C@@H]3C[C@H](OC(C)=O)C(C)(C)[C@](O)(C[C@@H]4C/C(=C/C(=O)OC)C[C@H](C=CC(C)(C)[C@]1(O)O2)O4)O3,,1,med,1.0
WNJSKZBEWNVKGU-UHFFFAOYSA-N,COC(Cc1ccccc1)OC,,0,med,1.0
QYLFHLNFIHBCPR-UHFFFAOYSA-N,C#CC1(O)CCCCC1,,0,med,1.0
JORWQECTVIFNQT-UHFFFAOYSA-N,CCP(=O)(OC)c1ccc2oc(-c3ccc(C(F)(F)F)cc3)nc2c1,CHEMBL4640211,1,med,1.0
MRABAEUHTLLEML-UHFFFAOYSA-N,CCCCOC(=O)C(C)O,,0,med,1.0
LKBFFDOJUKLQNY-UHFFFAOYSA-N,O=C(O)Cc1nn(Cc2ccc(Br)cc2F)c(=O)c2ccccc12,,0,med,1.0
NEHNMFOYXAPHSD-UHFFFAOYSA-N,CC(C)=CCCC(C)CC=O,,0,med,1.0
XZSRRNFBEIOBDA-CFNBKWCHSA-N,CCOC(OCC)C(=O)OCC(=O)[C@]1(O)Cc2c(O)c3c(c(O)c2[C@@H](O[C@H]2C[C@H](N)[C@H](O)[C@H](C)O2)C1)C(=O)c1c(OC)cccc1C3=O,CHEMBL2104401,1,med,1.0
XDXDZDZNSLXDNA-TZNDIEGXSA-N,CC(=O)[C@]1(O)Cc2c(O)c3c(c(O)c2[C@@H](O[C@H]2C[C@H](N)[C@H](O)[C@H](C)O2)C1)C(=O)c1ccccc1C3=O,IDARUBICIN,1,high,2.0
UIYAXIPXULMHAI-JLGRZTKVSA-N,CO/N=C(\C(=O)N[C@@H]1C(=O)N2C(C(=O)OCOC(=O)C(C)(C)C)=C(Cn3nnc(C)n3)CS[C@H]12)c1csc(N)n1,cefteram pivoxil,1,med,1.0
ZTVQQQVZCWLTDF-UHFFFAOYSA-N,CCC(=O)N(c1ccccc1)C1(C(=O)OC)CCN(CCC(=O)OC)CC1,Remifentanil hydrochloride,1,med,1.0
QMXZSRVFIWACJH-UHFFFAOYSA-N,COc1ccc(OC)c(Cl)c1,,0,med,1.0
FQXGHZNSUOHCLO-UHFFFAOYSA-N,CC1(C)C(O)C(C)(C)C1O,,0,med,1.0
HPTHYBXMNNGQEF-UHFFFAOYSA-N,COC(=O)c1cc(Cl)ccc1OC,,0,med,1.0
DURULFYMVIFBIR-UHFFFAOYSA-N,CC(=O)Nc1ccc(OCC(O)CNC(C)C)cc1,CHEMBL6995,1,high,2.0
NGHOLYJTSCBCGC-UHFFFAOYSA-N,O=C(C=Cc1ccccc1)OCc1ccccc1,,1,med,1.0
DMSHKWHLXNDUST-UHFFFAOYSA-N,Cc1ccc(NC(N)=O)cc1,,0,med,1.0
CXAGHAZMQSCAKJ-WAHHBDPQSA-N,CCO[C@@H]1OC(=O)C[C@@H]1NC(=O)[C@@H]1CCCN2C(=O)CC[C@H](NC(=O)c3nccc4ccccc34)C(=O)N12,CHEMBL437526,1,med,1.0
XZMCDFZZKTWFGF-UHFFFAOYSA-N,N#CN,Cyanamide,1,high,2.0
GNOIPBMMFNIUFM-UHFFFAOYSA-N,CN(C)P(=O)(N(C)C)N(C)C,,0,med,1.0
FWZUNOYOVVKUNF-UHFFFAOYSA-N,C=CCOC(C)=O,,0,med,1.0
NTNZDKLXIBVSQQ-UHFFFAOYSA-N,C#CCOc1ccc2c(C)cc(=O)oc2c1,,0,med,1.0
HUIJQYKRBFBVAO-UHFFFAOYSA-N,Cc1cccc(C)c1Nc1ncccc1C(=O)O,,1,med,1.0
OTBXOEAOVRKTNQ-UHFFFAOYSA-N,O=C1CN2Cc3c(ccc(Cl)c3Cl)N=C2N1,ANAGRELIDE,1,med,1.0
ACRHBAYQBXXRTO-OAQYLSRUSA-N,COc1cc2c(cc1OC)CC(=O)N(CCCN(C)C[C@H]1Cc3cc(OC)c(OC)cc31)CC2,IVABRADINE,0,med,1.0
VEBCLRKUSAGCDF-UHFFFAOYSA-N,C=CC(=O)OCC1CC2CC1C1CCC(COC(=O)C=C)C21,,1,med,1.0
QIRAYNIFEOXSPW-PXNSSMCTSA-N,CC[C@H](O)C(C[C@H](C)N(C)C)(c1ccccc1)c1ccccc1,,0,med,1.0
PBLNBZIONSLZBU-UHFFFAOYSA-N,CCCCCCCCCCCCBr,,0,med,1.0
ARCGXLSVLAOJQL-UHFFFAOYSA-N,O=C(O)c1ccc(C(=O)O)c(C(=O)O)c1,,0,med,1.0
MRKXXRUHPFFURP-UHFFFAOYSA-N,CC(C)c1cccc(C(C)C)c1NC(=O)NS(=O)(=O)c1cc(C(C)(C)O)co1,,0,med,1.0
VXQBJTKSVGFQOL-UHFFFAOYSA-N,CCCCOCCOCCOC(C)=O,,0,med,1.0
IWVCMVBTMGNXQD-PXOLEDIWSA-N,CN(C)[C@@H]1C(O)=C(C(N)=O)C(=O)[C@@]2(O)C(O)=C3C(=O)c4c(O)cccc4[C@@](C)(O)[C@H]3[C@H](O)[C@@H]12,OXYTETRACYCLINE,0,med,1.0
JHSPCUHPSIUQRB-UHFFFAOYSA-N,NC(=O)c1c(Cl)cccc1Cl,,0,med,1.0
HYAFETHFCAUJAY-UHFFFAOYSA-N,CCc1ccc(CCOc2ccc(CC3SC(=O)NC3=O)cc2)nc1,Pioglitazone hydrochloride,1,med,1.0
XMVBHZBLHNOQON-UHFFFAOYSA-N,CCCCCCC(CO)CCCC,,0,med,1.0
DFBKLUNHFCTMDC-GKRDHZSOSA-N,ClC1=C(Cl)[C@]2(Cl)[C@@H]3[C@H]4C[C@H]([C@@H]5O[C@H]45)[C@@H]3[C@@]1(Cl)C2(Cl)Cl,,1,med,1.0
ZRTQSJFIDWNVJW-OWBHPGMISA-N,N#C/C(=C1\SCC(c2ccccc2Cl)S1)n1ccnc1,,1,med,1.0
UPOYFZYFGWBUKL-UHFFFAOYSA-N,Nc1nc(N)c(-c2ccccc2)s1,amiphenazole,0,med,1.0
HOKKPVIRMVDYPB-UVTDQMKNSA-N,N#C/N=C1\SCCN1Cc1ccc(Cl)nc1,,0,med,1.0
XQGZSYKGWHUSDH-UHFFFAOYSA-N,O=C(O)c1ccc(OCCn2ccnc2)cc1,Dazoxiben,0,med,1.0
RCINICONZNJXQF-MZXODVADSA-N,CC(=O)O[C@H]1C(=O)[C@@]2(C)[C@H]([C@H](OC(=O)c3ccccc3)[C@]3(O)C[C@H](OC(=O)[C@H](O)[C@@H](NC(=O)c4ccccc4)c4ccccc4)C(C)=C1C3(C)C)[C@]1(OC(C)=O)CO[C@@H]1C[C@@H]2O,Drug 953,0,med,1.0
ICTXHFFSOAJUMG-SLHNCBLASA-N,C#C[C@]1(O)CC[C@H]2[C@@H]3CCC4=C(CCC(=O)C4)[C@H]3CC[C@@]21C,NORETHYNODREL,0,med,1.0
UFFBMTHBGFGIHF-UHFFFAOYSA-N,Cc1cccc(C)c1N,,0,med,1.0
ACTOXUHEUCPTEW-KXWHMLDXSA-N,CO[C@@H]1[C@@H](O[C@@H]2O[C@H](C)[C@@H](O[C@H]3C[C@@](C)(O)[C@@H](O)[C@H](C)O3)[C@H](N(C)C)[C@H]2O)[C@@H](CC=O)C[C@@H](C)[C@@H](O[C@@H]2CC[C@H](N(C)C)[C@@H](C)O2)C=CC=CC[C@@H](C)OC(=O)C[C@H]1O,,0,med,1.0
VABCILAOYCMVPS-UHFFFAOYSA-N,CC(=O)CC(c1ccc([N+](=O)[O-])cc1)c1c(O)c2ccccc2oc1=O,acenocoumarol,1,med,1.0
AQZWKPDVWWJWRY-UHFFFAOYSA-N,CCOC(=O)CN1CCCC1=O,,0,med,1.0
ULULAZKOCFNOIM-UHFFFAOYSA-N,CCCCCCOC(=O)c1ccc(O)cc1,,1,med,1.0
XWHHYOYVRVGJJY-UHFFFAOYSA-N,NC(Cc1ccc(F)cc1)C(=O)O,,0,med,1.0
WKDNYTOXBCRNPV-UHFFFAOYSA-N,O=C1OC(=O)c2cc(-c3ccc4c(c3)C(=O)OC4=O)ccc21,,1,med,1.0
SMZHKGXSEAGRTI-UHFFFAOYSA-N,CC(=O)C(Cl)(Cl)Cl,,1,med,1.0
LOUPRKONTZGTKE-NBGVHYBESA-N,C=C[C@H]1CN2CCC1C[C@@H]2[C@@H](O)c1ccnc2ccc(OC)cc12,,1,med,1.0
TZJUVVIWVWFLCD-UHFFFAOYSA-N,O=C1c2ccccc2S(=O)(=O)N1CCCCN1CCN(c2ncccn2)CC1,,0,med,1.0
UCQFSGCWHRTMGG-UHFFFAOYSA-N,N=C(N)n1cccn1,,0,med,1.0
HGVIAKXYAZRSEG-UHFFFAOYSA-N,CC(=O)CC(=O)Nc1ccc(C)cc1C,,0,med,1.0
RGOVYLWUIBMPGK-UHFFFAOYSA-N,CCCCCCCCC(=O)NCc1ccc(O)c(OC)c1,Nonivamide,0,med,1.0
WUZSFIKFFXBHMB-UHFFFAOYSA-N,O=C(CBr)Nc1ccc(Cl)cc1C(=O)c1ccccc1F,,0,med,1.0
WQVJHHACXVLGBL-PJPIPASZSA-N,CC[C@@H](C)CCCCC(=O)N[C@H](CCN)C(=O)N[C@@H](C(=O)N[C@H](CCN)C(=O)N[C@@H]1CCNC(=O)C([C@@H](C)O)NC(=O)[C@@H](CCN)NC(=O)[C@@H](CCN)NC(=O)[C@@H](CC(C)C)NC(=O)[C@@H](Cc2ccccc2)NC(=O)[C@@H](CCN)NC1=O)[C@@H](C)O,,0,med,1.0
QGAOIYQJWPHBSD-OSUBEBGDSA-N,C[C@]12CC[C@H](OC(=O)[C@H](Cc3c[nH]c4ccccc34)NC(=O)[C@@H]3CCCN3C(=O)CNC(=O)OCc3ccccc3)C[C@H]1CC[C@@H]1[C@@H]2[C@H](O)C(=O)[C@]2(C)[C@@H](c3ccc(=O)oc3)CC[C@]12O,CHEMBL4097137,0,med,1.0
SOGAXMICEFXMKE-UHFFFAOYSA-N,C=C(C)C(=O)OCCCC,,0,med,1.0
RKUNBYITZUJHSG-SPUOUPEWSA-N,CN1[C@@H]2CC[C@H]1C[C@@H](OC(=O)C(CO)c1ccccc1)C2,ATROPINE,0,med,1.0
RGVPOXRFEPSFGH-AWEZNQCLSA-N,COc1cc(C[C@@H]2NCCc3cc(O)c(O)cc32)cc(OC)c1OC,tretoquinol,0,med,1.0
HQMNCQVAMBCHCO-DJRRULDNSA-N,CCOC(=O)/C=C(C)/C=C/C=C(C)/C=C/c1c(C)cc(OC)c(C)c1C,Drug 1312,1,med,1.0
OOUGLTULBSNHNF-UHFFFAOYSA-N,O=C(O)c1cccc(-c2noc(-c3ccccc3F)n2)c1,ATALUREN,1,med,1.0
ONMZMZJEZHMWQL-REUUDLSRSA-N,CCC(=O)Oc1ccc2c(c1)CC[C@@H]1[C@@H]2CC[C@@]2(C)[C@H]1C[C@@H](OC(=O)CC)[C@@H]2OC(=O)CC,Estriol Tripropionate,0,med,1.0
LPTIRUACFKQDHZ-UHFFFAOYSA-N,CCCCCCCCCCCCCCCCOS(=O)(=O)O,,0,med,1.0
CDAISMWEOUEBRE-GPIVLXJGSA-N,O[C@H]1[C@H](O)[C@@H](O)[C@H](O)[C@@H](O)[C@H]1O,inositol,0,med,1.0
NQEDLIZOPMNZMC-UHFFFAOYSA-N,CCCC1CCC(=O)CC1,,0,med,1.0
MWFMGBPGAXYFAR-UHFFFAOYSA-N,CC(C)(O)C#N,Acetone Cyanohydrin,0,med,1.0
BOOQTIHIKDDPRW-UHFFFAOYSA-N,CCCN(CCC)CCc1c[nH]c2ccccc12,,0,med,1.0
WHTVZRBIWZFKQO-UHFFFAOYSA-N,CCN(CC)CCCC(C)Nc1ccnc2cc(Cl)ccc12,Chloroquine phosphate,1,high,2.0
BPHQIXJDBIHMLT-UHFFFAOYSA-N,FC(F)(F)C(F)(F)C(F)(F)C(F)(F)C(F)(F)C(F)(F)C(F)(F)C(F)(F)C(F)(F)C(F)(F)F,,0,med,1.0
MCSINKKTEDDPNK-UHFFFAOYSA-N,CCCOC(=O)CC,,0,med,1.0
SGUAFYQXFOLMHL-UHFFFAOYSA-N,CC(CCc1ccccc1)NCC(O)c1ccc(O)c(C(N)=O)c1,Labetalol hydrochloride,0,med,1.0
SJRJJKPEHAURKC-UHFFFAOYSA-N,CN1CCOCC1,,0,med,1.0
XPOQHMRABVBWPR-ZDUSSCGKSA-N,O=C1Nc2ccc(Cl)cc2[C@@](C#CC2CC2)(C(F)(F)F)O1,Drug 226,1,med,1.0
GCIRJCKOUVCUBZ-OFALOCIGSA-N,CC/C=C\CC/C=C/C(OCC)OCC,,1,med,1.0
BNWJOHGLIBDBOB-UHFFFAOYSA-N,C=CCc1cc(OC)c2c(c1)OCO2,,0,med,1.0
MBKWNJVQSFBLQI-UHFFFAOYSA-N,Cc1[nH]cnc1-c1ccc(Cl)cc1,,0,med,1.0
LLJFMFZYVVLQKT-UHFFFAOYSA-N,COc1ccc2c(c1)C(=O)N(CCc1ccc(S(=O)(=O)NC(=O)NC3CCCCC3)cc1)C(=O)C2(C)C,gliquidone,1,med,1.0
OKUGPJPKMAEJOE-UHFFFAOYSA-N,CCCSC(=O)N(CCC)CCC,,0,med,1.0
GZMAAYIALGURDQ-UHFFFAOYSA-N,CCCCCCOCCOCCO,,0,med,1.0
CHIHQLCVLOXUJW-UHFFFAOYSA-N,O=C(OC(=O)c1ccccc1)c1ccccc1,,0,med,1.0
HGEYJZMMUGWEOT-UHFFFAOYSA-N,Oc1ccc2[nH]cc(CCCCN3CC=C(c4ccccc4)CC3)c2c1,CHEMBL431367,1,high,2.0
YPQAFWHSMWWPLX-UHFFFAOYSA-N,Cc1c(C(=O)O)cccc1[N+](=O)[O-],,1,med,1.0
UACOXBQBNWQWOK-UHFFFAOYSA-N,CC(C)c1nnc2ccc(-c3ocnc3-c3cc(F)ccc3F)cn12,,0,med,1.0
VLYWMPOKSSWJAL-UHFFFAOYSA-N,COc1ccc(NS(=O)(=O)c2ccc(N)cc2)nn1,CHEMBL268869,1,high,2.0
JQTYAZKTBXWQOM-UHFFFAOYSA-N,CCCCCCC(C)Nc1ccc(Nc2ccccc2)cc1,,1,med,1.0
SRBPKVWITYPHQR-KRWDZBQOSA-N,O=C(O)Cc1ccc(OCCNC[C@H](O)c2ccccc2)cc1,,1,med,1.0
WQEPLUUGTLDZJY-UHFFFAOYSA-N,CCCCCCCCCCCCCCC(=O)O,,0,med,1.0
GRMDKKJYMUDEJO-WCWDXBQESA-N,CC(=O)OCCN(CCOC(C)=O)c1ccc(/N=N/c2ccc([N+](=O)[O-])cc2C#N)cc1,,1,med,1.0
BEZZFPOZAYTVHN-UHFFFAOYSA-N,COC(=O)Nc1nc2ccc([S+]([O-])c3ccccc3)cc2[nH]1,Oxfendazole,1,med,1.0
JUZZEWSCNBCFRL-UHFFFAOYSA-N,c1csc(C2(N3CCCCC3)CCCCC2)c1,Tenocyclidine,0,med,1.0
VBUNOIXRZNJNAD-UHFFFAOYSA-N,Cc1cc(-n2c(=O)[nH]c(=O)n(C)c2=O)ccc1Oc1ccc(S(=O)(=O)C(F)(F)F)cc1,Ponazuril,0,med,1.0
SYDNSSSQVSOXTN-UHFFFAOYSA-N,Cc1ccc(O)c([N+](=O)[O-])c1,4-Methyl-2-nitrophenol,0,med,1.0
RDCAZFAKCIEASQ-UHFFFAOYSA-N,CCCCCCCCOCCCN,,0,med,1.0
ZLVMAMIPILWYHQ-INIZCTEOSA-N,CCOC(=O)Oc1ccc(CCNC(=O)[C@H](CCSC)NC(C)=O)cc1OC(=O)OCC,docarpamine,0,med,1.0
GQZUCMAFLKTFBJ-AJIKBPMXSA-N,Cc1cn([C@@H]2O[C@@]3(COP(O)(=S)O[C@H]4[C@H]5OC[C@]4(COP(O)(=S)O[C@@H]4[C@H](O)[C@@H](COP(O)(=S)O[C@H]6[C@@H](O)[C@H](n7cnc8c(=O)[nH]c(N)nc87)O[C@@H]6COP(O)(=S)O[C@H]6[C@@H](O)[C@H](n7ccc(N)nc7=O)O[C@@H]6COP(O)(=S)O[C@H]6[C@@H](O)[C@H](n7ccc(N)nc7=O)O[C@@H]6COP(O)(=S)O[C@H]6C[C@H](n7cc(C)c(=O)[nH]c7=O)O[C@@H]6COP(O)(=S)O[C@H]6[C@@H](O)[C@H](n7ccc(N)nc7=O)O[C@@H]6COP(O)(=S)O[C@H]6C[C@H](n7cc(C)c(=O)[nH]c7=O)O[C@@H]6COP(O)(=S)O[C@H]6[C@@H](O)[C@H](n7cnc8c(=O)[nH]c(N)nc87)O[C@@H]6COP(O)(=S)O[C@H]6[C@@H](O)[C@H](n7cnc8c(=O)[nH]c(N)nc87)O[C@@H]6COP(O)(=S)O[C@H]6[C@@H](O)[C@H](n7cnc8c(N)ncnc87)O[C@@H]6COP(O)(=S)O[C@H]6[C@H]7OC[C@]6(COP(O)(=S)O[C@H]6[C@H]8OC[C@]6(COP(O)(=S)O[C@H]6[C@H]9OC[C@]6(CO)O[C@H]9n6cc(C)c(=O)[nH]c6=O)O[C@H]8n6cc(C)c(=O)[nH]c6=O)O[C@H]7n6cc(C)c(=O)[nH]c6=O)O[C@H]4n4cnc6c(N)ncnc64)O[C@H]5n4cc(C)c(=O)[nH]c4=O)CO[C@@H]2[C@@H]3O)c(=O)nc1N,CHEMBL529004,0,med,1.0
PPSNFPASKFYPMN-SECBINFHSA-N,Cc1nsc(-c2nnc3n2CCN(C(=O)c2ccc(F)cc2)[C@@H]3C)n1,FEZOLINETANT,0,med,1.0
BEWNZPMDJIGBED-UHFFFAOYSA-N,CC(NNC(=O)c1ccccc1)c1ccccc1,benmoxin,1,med,1.0
UWHSPZZUAYSGTB-UHFFFAOYSA-N,CCN(CC)C(=O)N(CC)CC,,0,med,1.0
NFBAXHOPROOJAW-UHFFFAOYSA-N,O=C1c2ccccc2C(=O)C1c1ccccc1,PHENINDIONE,1,high,2.0
CTRLABGOLIVAIY-UHFFFAOYSA-N,NC(=O)N1c2ccccc2CC(=O)c2ccccc21,Oxcarbazepine,0,med,1.0
QMNFFXRFOJIOKZ-UHFFFAOYSA-N,CC1(C)N=C(N)N=C(N)N1c1ccc(Cl)cc1,cycloguanil,0,med,1.0
MNALUTYMBUBKNX-UHFFFAOYSA-N,COc1ccc2c(c1)CCCC2=O,,0,med,1.0
FSINDHDHRQZTPH-UHFFFAOYSA-N,O=C(O)c1cc(=O)c2cc(OCC(O)COc3cccc4oc(C(=O)O)cc(=O)c34)ccc2o1,CHEMBL4088679,1,med,1.0
APBSKHYXXKHJFK-UHFFFAOYSA-N,O=C(O)Cc1csc(-c2ccc(Cl)cc2)n1,Fenclozic acid,1,high,2.0
YXFVVABEGXRONW-UHFFFAOYSA-N,Cc1ccccc1,Toluene,0,med,1.0
ZPQOPVIELGIULI-UHFFFAOYSA-N,Clc1cccc(Cl)c1,,0,med,1.0
JISACBWYRJHSMG-UHFFFAOYSA-N,COP(=S)(OC)Oc1ccc(S(=O)(=O)N(C)C)cc1,Famphur,0,med,1.0
IMQFZQVZKBIPCQ-UHFFFAOYSA-N,CCC(COC(=O)CCS)(COC(=O)CCS)COC(=O)CCS,,1,med,1.0
APKFDSVGJQXUKY-KKGHZKTASA-N,C[C@@H]1[C@H](O)[C@@H](C)C=CC=CC=CC=CC=CC=CC=C[C@H](O[C@@H]2O[C@H](C)[C@@H](O)[C@H](N)[C@@H]2O)C[C@@H]2O[C@](O)(C[C@@H](O)C[C@@H](O)[C@H](O)CC[C@@H](O)C[C@@H](O)CC(=O)O[C@H]1C)C[C@H](O)[C@H]2C(=O)O,,1,med,1.0
IWEDIXLBFLAXBO-UHFFFAOYSA-N,COc1c(Cl)ccc(Cl)c1C(=O)O,,0,med,1.0
RDHQFKQIGNGIED-MRVPVSSYSA-N,CC(=O)O[C@H](CC(=O)[O-])C[N+](C)(C)C,acetylcarnitine,0,med,1.0
KTTMEOWBIWLMSE-UHFFFAOYSA-N,O1[As]2O[As]3O[As]1O[As](O2)O3,,0,med,1.0
VOZRXNHHFUQHIL-UHFFFAOYSA-N,C=C(C)C(=O)OCC1CO1,,0,med,1.0
IXORZMNAPKEEDV-OBDJNFEBSA-N,C=C1C[C@]23C[C@@]1(O)CC[C@H]2[C@@]12C=C[C@H](O)[C@@](C)(C(=O)O1)[C@H]2[C@@H]3C(=O)O,(+)-Gibberellic Acid,0,med,1.0
NBIIXXVUZAFLBC-UHFFFAOYSA-N,O=P(O)(O)O,"SODIUM PHOSPHATE, DIBASIC, ANHYDROUS",0,med,1.0
MIZGSAALSYARKU-UHFFFAOYSA-N,CC1C(C)(C)C2=C(C(=O)CCC2)C1(C)C,,0,med,1.0
UQRLKWGPEVNVHT-UHFFFAOYSA-N,Nc1cc(Cl)cc(Cl)c1,,0,med,1.0
RXUBZLMIGSAPEJ-UHFFFAOYSA-N,NNC(=O)OCc1ccccc1,,1,med,1.0
APUDBKTWDCXQJA-QIDMFYOTSA-N,C[C@@H]1CCC[C@H](C)N1CCCC(O)(c1ccccc1)c1ccccn1,pirmenol,0,med,1.0
BJJXHLWLUDYTGC-ANULTFPQSA-N,C#C[C@]1(O)CC[C@H]2[C@@H]3CCC4=CC(=O)CCC4=C3C=C[C@@]21CC,gestrinone,1,high,2.0
VGGGPCQERPFHOB-RDBSUJKOSA-N,CC(C)C[C@H](NC(=O)[C@@H](O)[C@H](N)Cc1ccccc1)C(=O)O,ubenimex,1,med,1.0
FELGMEQIXOGIFQ-UHFFFAOYSA-N,Cc1nccn1CC1CCc2c(c3ccccc3n2C)C1=O,Ondansetron hydrochloride,0,med,1.0
VYBKAZXQKUFAHG-UHFFFAOYSA-N,Cc1ccc(C(N)=O)cc1N,,0,med,1.0
DKYVVNLWACXMDW-UHFFFAOYSA-N,Cc1ccc(S(=O)(=O)NC2CCCCC2)cc1,,1,med,1.0
GDOPTJXRTPNYNR-UHFFFAOYSA-N,CC1CCCC1,,1,med,1.0
GINFBXXYGUODAT-UHFFFAOYSA-N,COc1nn(C(=O)NS(=O)(=O)c2ccccc2OC(F)(F)F)c(=O)n1C,,0,med,1.0
NYPYHUZRZVSYKL-ZETCQYMHSA-N,N[C@@H](Cc1cc(I)c(O)c(I)c1)C(=O)O,diiodotyrosine,0,med,1.0
QDYLMAYUEZBUFO-UHFFFAOYSA-N,CCCCCCCCCCCCCCCC[N+](C)(C)Cc1ccccc1,cetalkonium chloride,1,med,1.0
KBHMHROOFHVLBA-UHFFFAOYSA-N,CC(C(=O)c1ccccc1)N(C)C,metamfepramone,0,med,1.0
KNSPHZFVYBNOPU-UHFFFAOYSA-N,O=C(CNC(=O)c1ccccc1)NN1C(=O)CSC1c1ccccc1,CHEMBL3357331,1,med,1.0
SEMRCUIXRUXGJX-UHFFFAOYSA-N,Nc1ccc2cc(S(=O)(=O)O)ccc2c1,,0,med,1.0
WTEOIRVLGSZEPR-UHFFFAOYSA-N,FB(F)F,,0,med,1.0
VIKNJXKGJWUCNN-JBKQDOAHSA-N,C#C[C@@]1(O)CC[C@H]2[C@@H]3CCC4=CC(=O)CC[C@@H]4[C@H]3CC[C@@]21C,CHEMBL4082273,1,med,1.0
FFSSWMQPCJRCRV-UHFFFAOYSA-N,O=C(O)c1c(Cl)ccc2cc(Cl)cnc12,,0,med,1.0
IENZQIKPVFGBNW-UHFFFAOYSA-N,COc1cc2nc(N3CCN(C(=O)c4ccco4)CC3)nc(N)c2cc1OC,PRAZOSIN,0,med,1.0
XSVMFMHYUFZWBK-NSHDSACASA-N,CCN(C)C(=O)Oc1cccc([C@H](C)N(C)C)c1,Drug 1281,1,high,2.0
YREYLAVBNPACJM-UHFFFAOYSA-N,CC(C)(C)NCC(O)c1ccccc1Cl,tulobuterol,0,med,1.0
LZCOQTDXKCNBEE-IKIFYQGPSA-N,C[N+]1(C)[C@@H]2C[C@@H](OC(=O)[C@H](CO)c3ccccc3)C[C@H]1[C@@H]1O[C@@H]12,METHSCOPOLAMINE,0,med,1.0
NDTSRXAMMQDVSW-UHFFFAOYSA-N,NS(=O)(=O)c1cc2c(cc1Cl)N=C(CSCc1ccccc1)NS2(=O)=O,BENZTHIAZIDE,0,med,1.0
DPQHRXRAZHNGRU-UHFFFAOYSA-N,CC(CN)CC(C)(C)CCN,,0,med,1.0
VXJABHHJLXLNMP-UHFFFAOYSA-N,CCCNC(C)(C)COC(=O)c1ccccc1,meprylcaine,0,med,1.0
NSKGQURZWSPSBC-SSXIAAKRSA-N,NC[C@H]1O[C@H](O[C@H]2[C@H](O[C@@H]3O[C@H](CO)[C@@H](O)[C@H]3O)C(O)[C@H](N)C[C@@H]2N)[C@H](N)[C@@H](O)[C@@H]1O,,0,med,1.0
FFGPTBGBLSHEPO-UHFFFAOYSA-N,NC(=O)N1c2ccccc2C=Cc2ccccc21,Carbamazepine,0,med,1.0
MZGNSEAPZQGJRB-UHFFFAOYSA-N,CN(C)C(=S)S,,1,med,1.0
ARHWPKZXBHOEEE-UHFFFAOYSA-N,C=CCOc1ccc(CC(=O)O)cc1Cl,Alclofenac,1,high,2.0
SZCWBURCISJFEZ-UHFFFAOYSA-N,CC(C)(CO)COC(=O)C(C)(C)CO,,0,med,1.0
QULYNCCPRWKEMF-UHFFFAOYSA-N,FC(F)(F)c1ccc(Cl)cc1,,0,med,1.0
SEQDDYPDSLOBDC-UHFFFAOYSA-N,CN1C(=O)C(O)N=C(c2ccccc2)c2cc(Cl)ccc21,TEMAZEPAM,0,med,1.0
IVYPNXXAYMYVSP-UHFFFAOYSA-N,OCc1c[nH]c2ccccc12,Indole-3-Carbinol,1,med,1.0
DJEIHHYCDCTAAH-UHFFFAOYSA-N,COc1ccc(-c2noc(CC(=O)O)c2-c2ccc(OC)cc2)cc1,MOFEZOLAC,1,high,2.0
OWRCNXZUPFZXOS-UHFFFAOYSA-N,NC(=Nc1ccccc1)Nc1ccccc1,Diphenylguanidine,1,med,1.0
ZDHCJEIGTNNEMY-XGXHKTLJSA-N,CC[C@]1(O)CC[C@H]2[C@@H]3CCC4=CC(=O)CC[C@@H]4[C@H]3CC[C@@]21C,norethandrolone,1,med,1.0
YAYNEUUHHLGGAH-UHFFFAOYSA-N,CCCCCCCCCCCCCl,,1,med,1.0
RGACQXBDYBCJCY-ALCCZGGFSA-N,CC/C=C\CCOC(=O)CCCCC,,0,med,1.0
XUYJLQHKOGNDPB-UHFFFAOYSA-N,O=C(O)CP(=O)(O)O,Phosphonoacetic Acid,0,med,1.0
YFGYUFNIOHWBOB-UHFFFAOYSA-N,Cc1nc(N(C)C)nc(OC(=O)N(C)C)c1C,,0,med,1.0
IUHMIOAKWHUFKU-YINIXLNUSA-N,CCCCc1ccc2c(n1)[C@@H](c1ccc(OC)cc1C[C@H](C)C(=O)O)[C@H](C(=O)O)[C@H]2c1ccc2c(c1)OCO2,,0,med,1.0
ZZOBLCHCPLOXCE-UHFFFAOYSA-N,Cc1c(I)c(=O)n(-c2ccccc2)n1C,,0,med,1.0
UNAANXDKBXWMLN-UHFFFAOYSA-N,CC(C)CC(N(C)C)C1(c2ccc(Cl)cc2)CCC1,Sibutramine hydrochloride,0,med,1.0
ZVFDTKUVRCTHQE-UHFFFAOYSA-N,CC(C)CCCCCCCOC(=O)c1ccccc1C(=O)OCCCCCCCC(C)C,,0,med,1.0
JXDYKVIHCLTXOP-UHFFFAOYSA-N,O=C1Nc2ccccc2C1=O,Isatin,1,med,1.0
HUYWAWARQUIQLE-UHFFFAOYSA-N,CCC(NC(C)C)C(O)c1ccc(O)c(O)c1,ISOETHARINE HYDROCHLORIDE,0,med,1.0
DWNAQMUDCDVSLT-UHFFFAOYSA-N,O=C(Oc1ccccc1)c1ccccc1C(=O)Oc1ccccc1,,0,med,1.0
WSFSSNUMVMOOMR-UHFFFAOYSA-N,C=O,formaldehyde,0,med,1.0
JGYVZUCCBOVDJE-MJGOQNOKSA-N,Oc1ccc2c(c1)OC[C@@H](N1CCC(O)(c3ccc(F)cc3)CC1)[C@H]2O,,1,med,1.0
OGHBUHJLMHQMHS-KRDNBFTESA-N,C/C=C(\C)C(=O)OC/C=C(\C)CCC=C(C)C,,0,med,1.0
ADFOJJHRTBFFOF-RBRWEJTLSA-N,C[C@]12CC[C@@H]3c4ccc(OC(=O)N(CCCl)CCCl)cc4CC[C@H]3[C@@H]1CC[C@@H]2OP(=O)(O)O,ESTRAMUSTINE PHOSPHATE,1,med,1.0
OEHKWMHRFWWMQK-UHFFFAOYSA-N,CC(C(O)c1ccccc1)N(C)CCOC(c1ccccc1)c1ccccc1,,0,med,1.0
FKTSMIXZGPUSJB-UHFFFAOYSA-N,CCC(=O)OCCOc1ccccc1,,0,med,1.0
VDVUCLWJZJHFAV-UHFFFAOYSA-N,CC1(C)CC(O)CC(C)(C)N1,,0,med,1.0
WIKYUJGCLQQFNW-UHFFFAOYSA-N,CN1CCN(CCCN2c3ccccc3Sc3ccc(Cl)cc32)CC1,Prochlorperazine maleate,1,high,2.0
OMFRMAHOUUJSGP-UNOMPAQXSA-N,Cc1c(COC(=O)C2C(/C=C(\Cl)C(F)(F)F)C2(C)C)cccc1-c1ccccc1,,0,med,1.0
XNWFRZJHXBZDAG-UHFFFAOYSA-N,COCCO,2-Methoxyethanol,0,med,1.0
SWELIMKTDYHAOY-UHFFFAOYSA-N,Nc1cc(=O)nc(N)[nH]1,,0,med,1.0
NWUWYYSKZYIQAE-WMCAAGNKSA-N,Cc1ccc(C(C)NC(=O)[C@@H](NC(=O)OC(C)C)C(C)C)cc1,,0,med,1.0
KZCQJHOZUQOHSD-UHFFFAOYSA-N,CC(C(=O)NCCCCCCNc1c2c(nc3ccccc13)CCCC2)c1ccc(-c2ccc(OCCO[N+](=O)[O-])cc2)c(F)c1,CHEMBL2376474,0,med,1.0
FBMQNRKSAWNXBT-UHFFFAOYSA-N,Nc1ccc(N)c2c1C(=O)c1ccccc1C2=O,,1,med,1.0
MBLBDJOUHNCFQT-DKXJUACHSA-N,CC(=O)N[C@@H](C=O)[C@H](O)[C@H](O)[C@@H](O)CO,,0,med,1.0
ZGAAIHOMEBTXHT-UHFFFAOYSA-N,CN(C)C(=O)Cc1c(-c2ccc(F)cc2)nc2ccc(F)cn12,CHEMBL3954951,0,med,1.0
SDMSCIWHRZJSRN-UHFFFAOYSA-N,CCOP(=S)(OCC)Oc1cc(-c2ccccc2)on1,,1,med,1.0
ZGSDGGRVFIYKKE-OXQOHEQNSA-N,C[N@+]12CCCC[C@@H]1CCC(=C(c1cccs1)c1cccs1)C2,tiquizium,0,med,1.0
APGDTXUMTIZLCJ-CGVGKPPMSA-N,C[C@]12C=CC(=O)C=C1CC[C@@H]1[C@@H]2[C@@H](O)C[C@@]2(C)[C@H]1CC[C@]2(O)C(=O)COC(=O)CCC(=O)O,prednisolone succinate,0,med,1.0
MBBZMMPHUWSWHV-BDVNFPICSA-N,CNC[C@H](O)[C@@H](O)[C@H](O)[C@H](O)CO,MEGLUMINE,0,med,1.0
MFZWMTSUNYWVBU-UHFFFAOYSA-N,CCN(CC)CCNc1ccc(CO)c2sc3ccccc3c(=O)c12,hycanthone,1,high,2.0
FUIQBJHUESBZNU-UHFFFAOYSA-N,CN(C)Cc1ccccc1O,,0,med,1.0
KBJHEEDUXZLEJQ-UHFFFAOYSA-N,COc1ccc(C(=O)NC(=S)Nc2nc3ccc(Cl)cc3s2)cc1,CHEMBL449445,0,med,1.0
SRSXLGNVWSONIS-UHFFFAOYSA-N,O=S(=O)(O)c1ccccc1,,0,med,1.0
ZCHHRLHTBGRGOT-SNAWJCMRSA-N,CCC/C=C/CO,,0,med,1.0
KJIOQYGWTQBHNH-UHFFFAOYSA-N,CCCCCCCCCCCO,,0,med,1.0
APUDBKTWDCXQJA-UHFFFAOYSA-N,CC1CCCC(C)N1CCCC(O)(c1ccccc1)c1ccccn1,CHEMBL432103,1,med,1.0
RYEFFICCPKWYML-QCGISDTRSA-N,CC(C)(O)[C@@H]1[C@H]2OC(=O)[C@@H]1[C@]1(O)C[C@H]3O[C@]34C(=O)O[C@H]2[C@]14C,picrotin,0,med,1.0
MHPZZZZLAQGTHT-UHFFFAOYSA-N,Cc1cc(C)c(NC(=O)CN(CC(=O)O)CC(=O)O)c(C)c1Br,mebrofenin,0,med,1.0
YIWUKEYIRIRTPP-UHFFFAOYSA-N,CCCCC(CC)CO,,0,med,1.0
ALLWOAVDORUJLA-UHFFFAOYSA-N,O=C(NC(Cc1cc(=O)[nH]c2ccccc12)C(=O)O)c1ccc(Cl)cc1,rebamipide,0,med,1.0
HZQDCMWJEBCWBR-UUOKFMHZSA-N,NC(=O)c1ncn([C@@H]2O[C@H](CO)[C@@H](O)[C@H]2O)c1O,mizoribine,0,med,1.0
BULMIDNYAWYAMZ-UHFFFAOYSA-N,CNC(=O)NC(O)C(Cl)(Cl)Cl,mecloralurea,0,med,1.0
OXEUETBFKVCRNP-UHFFFAOYSA-N,CCn1c2ccccc2c2cc(N)ccc21,,1,med,1.0
OEGDFSLNGABBKJ-UHFFFAOYSA-N,CCN(CC)CCOc1ccccc1C(=O)CCc1ccccc1,etafenone,0,med,1.0
FQMZVFJYMPNUCT-YRNVUSSQSA-N,CC(C)=CCC/C(C)=C/COC=O,,0,med,1.0
LEARFTRDZQQTDN-UHFFFAOYSA-N,CC(C)(O)c1ccc(C(C)(C)O)cc1,,0,med,1.0
WJSYAZTYXSDFEV-UHFFFAOYSA-N,NC(=O)c1ccccc1S(=O)(=O)NCC(=O)Nc1ccc(O)cc1,CHEMBL4759922,1,med,1.0
SPOAFZKFCYREMW-FWYLUGOYSA-N,CCCCC(C)(O)C/C=C/[C@H]1[C@H](O)CC(=O)[C@@H]1CCCCCCCO,rioprostil,1,med,1.0
CKSJXOVLXUMMFF-UHFFFAOYSA-N,CCCCCCOc1ccccc1C(N)=O,exalamide,1,med,1.0
JFVZFKDSXNQEJW-CQSZACIVSA-N,CC(C)OC(=O)OCOP(=O)(CO[C@H](C)Cn1cnc2c(N)ncnc21)OCOC(=O)OC(C)C,Drug 516,0,med,1.0
OSINZLLLLCUKJH-UHFFFAOYSA-N,CC1CCC(CO)CC1,,0,med,1.0
YFNKIDBQEZZDLK-UHFFFAOYSA-N,COCCOCCOCCOC,Triglyme,0,med,1.0
ARXJGSRGQADJSQ-UHFFFAOYSA-N,COCC(C)O,,0,med,1.0
NCEXYHBECQHGNR-QZQOTICOSA-N,O=C(O)c1cc(/N=N/c2ccc(S(=O)(=O)Nc3ccccn3)cc2)ccc1O,Drug 343,0,med,1.0
PKJSRUTWBDIWAR-UHFFFAOYSA-N,CCC(C)(CCC(C)C)C(=O)O,,0,med,1.0
WFIYFFUAOQKJJS-UHFFFAOYSA-N,CCCCCCCC[P+](CCCCCCCC)(CCCCCCCC)CCCCCCCC,,1,med,1.0
HRSANNODOVBCST-UHFFFAOYSA-N,CC(C)NCC(O)c1ccc2ccccc2c1,,0,med,1.0
XQSLKIBWQSTAGK-UHFFFAOYSA-N,COC(=O)CCC[N+](C)(C)C,carpronium,0,med,1.0
OSBSFAARYOCBHB-UHFFFAOYSA-N,CCC[N+](CCC)(CCC)CCC,,0,med,1.0
JPGUEMQIAGJQSJ-UHFFFAOYSA-N,CC(=O)Oc1ccc(C2(c3ccc(OC(C)=O)cc3)C(=O)N(C(C)=O)c3ccccc32)cc1,Triacetyldiphenolisatin,1,med,1.0
KZSNBJMYJWDVTK-UHFFFAOYSA-N,Clc1ccc(C(Cl)(Cl)Cl)c(Cl)c1,,0,med,1.0
JLYXXMFPNIAWKQ-GNIYUCBRSA-N,Cl[C@H]1[C@H](Cl)[C@@H](Cl)[C@@H](Cl)[C@H](Cl)[C@H]1Cl,Drug 1,1,high,2.0
ZTVIKZXZYLEVOL-MCOXGKPRSA-N,CN1[C@@H]2CC[C@H]1C[C@@H](OC(=O)C(O)c1ccccc1)C2,homatropine,0,med,1.0
KSMVZQYAVGTKIV-UHFFFAOYSA-N,CCCCCCCCCC=O,,0,med,1.0
OGSPWJRAVKPPFI-UHFFFAOYSA-N,NCCCC(O)(P(=O)(O)O)P(=O)(O)O,Alendronate sodium,1,high,2.0
CWRVKFFCRWGWCS-UHFFFAOYSA-N,C1CCc2nnnn2CC1,pentetrazol,0,med,1.0
UEMLYRZWLVXWRU-UHFFFAOYSA-N,NC(=S)NS(=O)(=O)c1ccc(N)cc1,sulfathiourea,0,med,1.0
GQBILNROHLXYEW-GTPJNBDFSA-N,CC[C@H](C)[C@H](NC(=O)[C@H](CC(C)C)NC(=O)[C@H](Cc1c[nH]c2ccccc12)NC(=O)[C@H](CCC(=O)O)NC(=O)[C@@H](NC(=O)[C@H](Cc1ccccc1)NC(=O)[C@H](CCC(=O)O)NC(=O)[C@H](CCCCNC(=O)CC[C@H](NC(=O)C(CCCCCCCCCNC(=O)COC(=O)C(C)(C)CCCOc1cc(C)ccc1C)NC(=O)COC(=O)C(C)(C)CCCOc1cc(C)ccc1C)C(=O)O)NC(=O)[C@H](C)NC(=O)[C@H](C)NC(=O)[C@H](CCC(=O)O)NC(=O)[C@H](CCC(=O)O)NC(=O)[C@H](CCC(=O)O)NC(=O)[C@H](CC(C)C)NC(=O)[C@H](Cc1ccc(O)cc1)NC(=O)[C@H](CCC(=O)O)NC(=O)[C@@H](NC(=O)[C@@H](NC(=O)[C@H](CC(=O)O)NC(=O)[C@H](CC(N)=O)NC(=O)[C@@H](NC(=O)[C@H](Cc1ccc(O)cc1)NC(=O)[C@@H](NC(=O)CNC(=O)[C@H](CCC(=O)O)NC(=O)CNC(=O)[C@@H](N)Cc1cnc[nH]1)[C@@H](C)O)[C@@H](C)O)C(C)C)[C@@H](C)O)[C@@H](C)CC)C(=O)N[C@@H](CCCCN)C(=O)NCC(=O)N[C@@H](CCCCN)C(=O)N1CCC[C@H]1C(=O)N[C@@H](CO)C(=O)N[C@@H](CO)C(=O)NCC(=O)N[C@@H](C)C(=O)N1CCC[C@H]1C(=O)N1CCC[C@H]1C(=O)N1CCC[C@H]1C(=O)N[C@@H](CO)C(=O)O,CHEMBL4780022,0,med,1.0
SWAJJKROCOJICG-UHFFFAOYSA-N,COc1ccc(NC(=O)CC(C)=O)cc1,,0,med,1.0
ZPFAVCIQZKRBGF-UHFFFAOYSA-N,O=S1(=O)OCCO1,,0,med,1.0
JWJQXZNLFNMIHE-AHRODOEDSA-N,C[C@H]1SC(N)=N[C@](C)(c2cc(NC(=O)c3cnc(OCF)cn3)ccc2F)[C@H]1F,CHEMBL4557670,0,med,1.0
AUTWHHYCTNKYNS-UHFFFAOYSA-N,COCCc1sc(S(=O)(=O)NC(=O)Nc2cc(C(F)(F)F)c(F)c(N)n2)cc1C,CHEMBL1778454,0,med,1.0
KMNLXCBYBKHKSK-BKMJKUGQSA-N,O=C(O)C1(c2ccc3c(c2)OC[C@H](Cc2ccc(-c4ccccc4)cc2)[C@H]3O)CCCC1,,1,med,1.0
PMHURSZHKKJGBM-UHFFFAOYSA-N,CCC(C)(CC)c1cc(NC(=O)c2c(OC)cccc2OC)on1,,1,med,1.0
UPMLOUAZCHDJJD-UHFFFAOYSA-N,O=C=Nc1ccc(Cc2ccc(N=C=O)cc2)cc1,,0,med,1.0
GFRUPHOKLBPHTQ-UHFFFAOYSA-N,CC[N+](C)(CC)CCOC(=O)C(O)(c1ccccc1)C1CCCCC1,OXYPHENONIUM BROMIDE,0,med,1.0
WVPAABNYMHNFJG-QDVBXLKVSA-N,CC/C=C(\C(=O)N[C@@H]1C(=O)N2C(C(=O)OCOC(=O)C(C)(C)C)=C(COC(N)=O)CS[C@H]12)c1csc(N)n1,cefcapene pivoxil,1,med,1.0
QTQPVLDZQVPLGV-UHFFFAOYSA-N,CC(CN(C)C)CN1c2ccccc2S(=O)(=O)c2ccccc21,oxomemazine,0,med,1.0
HFEFVMLCQRYGPR-UHFFFAOYSA-N,O=C(Nc1nc2ccc(Cl)cc2s1)NN1C(=O)CSC1c1ccc([N+](=O)[O-])cc1,CHEMBL4452708,1,med,1.0
DFWFIQKMSFGDCQ-UHFFFAOYSA-N,CC(C)Nc1nc(N)nc(Cl)n1,,0,med,1.0
XUJNEKJLAYXESH-REOHCLBHSA-N,N[C@@H](CS)C(=O)O,CYSTEINE,1,high,2.0
QCMHWZUFWLOOGI-UHFFFAOYSA-N,CCSC(=O)Cl,,1,med,1.0
KBAFPSLPKGSANY-UHFFFAOYSA-N,CCN(CC)CCOC(=O)C(Cc1cccc2ccccc12)CC1CCCO1,naftidrofuryl,0,med,1.0
WZKXBGJNNCGHIC-UHFFFAOYSA-N,CN(C)c1ccc(C(c2ccccc2)c2ccc(N(C)C)cc2)cc1,,1,med,1.0
KVJXBPDAXMEYOA-CXANFOAXSA-N,C[C@]12CC[C@H]3[C@@H](CC[C@@]45O[C@@H]4C(O)=C(C#N)C[C@]35C)[C@@H]1CC[C@@H]2O,TRILOSTANE,1,med,1.0
LINPIYWFGCPVIE-UHFFFAOYSA-N,Oc1c(Cl)cc(Cl)cc1Cl,,1,med,1.0
HXKKHQJGJAFBHI-UHFFFAOYSA-N,CC(O)CN,,0,med,1.0
XFPTZPCTBFZTJN-UHFFFAOYSA-N,Nc1nc(NCCCCN2CCN(c3cccc(Cl)c3Cl)CC2)nc(NCCc2c[nH]c3ccccc23)n1,CHEMBL5194614,0,med,1.0
RDBIYWSVMRVKSG-UHFFFAOYSA-N,Cc1cc(OC(=O)N(C)C)nn1C(=O)N(C)C,,0,med,1.0
SEEPANYCNGTZFQ-UHFFFAOYSA-N,Nc1ccc(S(=O)(=O)Nc2ncccn2)cc1,Sulfadiazine,0,med,1.0
UBQNRHZMVUUOMG-UHFFFAOYSA-N,NS(=O)(=O)Cc1noc2ccccc12,Zonisamide,1,high,2.0
IPKZCLGGYKRDES-ZDUSSCGKSA-N,O=C(N[C@H]1CN2CCC1CC2)c1cc2ccoc2cn1,,0,med,1.0
KTEXNACQROZXEV-PWNZVWSESA-N,C=C1C(=O)O[C@H]2[C@H]1CCC(C)=CCC[C@@]1(C)O[C@@H]21,,1,med,1.0
CFDFOPGLRGTZCE-UHFFFAOYSA-N,CCc1nc2ccc(Br)cc2c(=O)n1-c1nc2cc(Cl)ccc2s1,CHEMBL2035073,0,med,1.0
ZFPGARUNNKGOBB-UHFFFAOYSA-N,CCN1CCCC1=O,,0,med,1.0
JLBJTVDPSNHSKJ-UHFFFAOYSA-N,C=Cc1ccc(C)cc1,,0,med,1.0
UPSPUYADGBWSHF-UHFFFAOYSA-N,Cc1ccc(C(=O)c2ccc(CC(=O)O)n2C)cc1,Tolmetin sodium,1,high,2.0
SUZRRICLUFMAQD-UHFFFAOYSA-N,CNCCS(=O)(=O)O,,0,med,1.0
NDPOGPAZKKPOPV-UHFFFAOYSA-N,CCc1ccc(C2CCNCC2)cc1,,0,med,1.0
AHCBJGYELJNPOC-UHFFFAOYSA-N,CC(C)(C)c1cc2nc3ccccc3nc2s1,CHEMBL3330077,1,med,1.0
VJARIBGMDPJLCL-UHFFFAOYSA-N,N#CCc1ccc(Cl)cc1Cl,,0,med,1.0
OINXXHYENYVYPB-UHFFFAOYSA-N,Oc1ccccc1-c1nnco1,fenadiazole,0,med,1.0
RINCXYDBBGOEEQ-UHFFFAOYSA-N,O=C1CCC(=O)O1,,0,med,1.0
SWFNPENEBHAHEB-UHFFFAOYSA-N,Nc1cc(Cl)ccc1O,,1,med,1.0
UHRBTBZOWWGKMK-DOMZBBRYSA-N,CO[C@@]1(NC(=O)CSC(F)F)C(=O)N2C(C(=O)O)=C(CSc3nnnn3CCO)CO[C@@H]21,flomoxef,1,med,1.0
WZPBZJONDBGPKJ-FSPLSTOPSA-N,C[C@H]1[C@H](NC(=O)C(=NOC(C)(C)C(=O)O)c2csc(N)n2)C(=O)N1S(=O)(=O)O,,0,med,1.0
ATALOFNDEOCMKK-OITMNORJSA-N,C[C@@H](O[C@H]1OCCN(Cc2n[nH]c(=O)[nH]2)[C@H]1c1ccc(F)cc1)c1cc(C(F)(F)F)cc(C(F)(F)F)c1,APREPITANT,1,med,1.0
ZRJOUVOXPWNFOF-UHFFFAOYSA-N,CCCCCCCCCCCCOCCCN,,0,med,1.0
ZTEHOZMYMCEYRM-UHFFFAOYSA-N,CCCCCCCCCCCl,,0,med,1.0
VADKRMSMGWJZCF-UHFFFAOYSA-N,Oc1ccccc1Br,2-Bromophenol,1,med,1.0
PHMNXPYGVPEQSJ-UHFFFAOYSA-N,CC(=O)OC1CC(C)OC(C)O1,,0,med,1.0
WHUWQSQEVISUMC-UHFFFAOYSA-N,CC(C)Cn1cnc2c1c(=O)n(C)c(=O)n2C,,0,med,1.0
BGPAZBKCZVVZGF-WPRPVWTQSA-N,C[C@H]1[C@@H](c2ccccc2)N=C(O)N1C,,0,med,1.0
BNQSTAOJRULKNX-UHFFFAOYSA-N,CC(=O)NCCCCCCNC(C)=O,CHEMBL291481,1,med,1.0
SYADKCLRNHDZAJ-UHFFFAOYSA-N,COc1ccc2nc(NC(=S)NC(=O)c3ccc(Cl)cc3)sc2c1,CHEMBL523090,0,med,1.0
FUDNBFMOXDUIIE-SNVBAGLBSA-N,C=C[C@@H](C)CCC=C(C)C,,0,med,1.0
JUKPWJGBANNWMW-VWBFHTRKSA-N,COC(=O)[C@@H]1CC2=CC(=O)CC[C@]2(C)[C@@]23O[C@@H]2C[C@@]2(C)[C@@H](CC[C@@]24CCC(=O)O4)[C@H]13,Drug 481,1,high,2.0
MKLKDUHMZCIBSJ-UHFFFAOYSA-N,C=CC(C)(C)CC(=O)OC,,0,med,1.0
QHCCDDQKNUYGNC-UHFFFAOYSA-N,CCCCNCC,,0,med,1.0
MTPJEFOSTIKRSS-UHFFFAOYSA-N,CN(C)CCC#N,,0,med,1.0
GAPOASFZXBWUGS-UHFFFAOYSA-N,C[Si](C)(C)c1cccc(C(=O)C(F)(F)F)c1,CHEMBL3137700,1,med,1.0
UWWDHYUMIORJTA-HSQYWUDLSA-N,CCOC(=O)[C@H](CCc1ccccc1)N[C@@H](C)C(=O)N1Cc2cc(OC)c(OC)cc2C[C@H]1C(=O)O,MOEXIPRIL,1,high,2.0
JOYRKODLDBILNP-UHFFFAOYSA-N,CCOC(N)=O,CHEMBL462547,1,high,2.0
WHXMKTBCFHIYNQ-SECBINFHSA-N,C[C@@H]1CC(=O)NN=C1c1ccc(NN=C(C#N)C#N)cc1,levosimendan,1,med,1.0
AQIIVEISJBBUCR-UHFFFAOYSA-N,c1ccc(CCCc2ccncc2)cc1,,1,med,1.0
BBEWSMNRCUXQRF-UHFFFAOYSA-N,Cc1ccc(C(=O)O)cc1[N+](=O)[O-],,0,med,1.0
GGNLTHFTYNDYNK-UHFFFAOYSA-N,CCOP(=S)(OCC)SCSc1cc(Cl)ccc1Cl,,0,med,1.0
ATAJVFBUUIBIEO-UHFFFAOYSA-N,Oc1ccc(Cl)c2c1CCC2,,1,med,1.0
QJYHUJAGJUHXJN-UHFFFAOYSA-N,O=[N+]([O-])c1cc(C2CCCCC2)c(O)c([N+](=O)[O-])c1,,1,med,1.0
QZOUKHNSINHPRS-OGLMXYFKSA-N,Cc1nn(-c2ccccc2)c2nc(-c3ccccc3)cc(C(=O)N/N=C/c3ccccc3O)c12,CHEMBL4748961,0,med,1.0
HUCJFAOMUPXHDK-UHFFFAOYSA-N,Cc1cc(C(C)(C)C)cc(C)c1CC1=NCCN1,xylometazoline,0,med,1.0
CCXSGQZMYLXTOI-UHFFFAOYSA-N,Cc1cccc([N+](=O)[O-])c1C(=O)O,,0,med,1.0
KGANAERDZBAECK-UHFFFAOYSA-N,OCc1cccc(Oc2ccccc2)c1,,1,med,1.0
HSZCJVZRHXPCIA-UHFFFAOYSA-N,CCN(Cc1ccccc1)c1ccccc1,,0,med,1.0
YEVQOPOKMKTXMD-UHFFFAOYSA-N,COc1cc(S(N)(=O)=O)cc(C(=O)O)c1OC,,0,med,1.0
LQKRYVGRPXFFAV-UHFFFAOYSA-N,CCOC(=O)C1OC1(C)c1ccccc1,,0,med,1.0
YGCODSQDUUUKIV-UHFFFAOYSA-N,Nc1nc2cc(Cl)ccc2o1,zoxazolamine,1,high,2.0
JIVPVXMEBJLZRO-UHFFFAOYSA-N,NS(=O)(=O)c1cc(C2(O)NC(=O)c3ccccc32)ccc1Cl,CHLORTHALIDONE,1,high,2.0
JUJWROOIHBZHMG-UHFFFAOYSA-N,c1ccncc1,,0,med,1.0
FQVHOULQCKDUCY-MYQXPWGMSA-N,CO[C@@H]1[C@@H](O[C@@H]2O[C@H](C)[C@@H](O[C@H]3C[C@@](C)(O)[C@@H](OC(=O)CC(C)C)[C@H](C)O3)[C@H](N(C)C)[C@H]2O)[C@@H](CC=O)C[C@@H](C)C(=O)C=CC2OC2C[C@@H](C)OC(=O)C[C@H]1OC(C)=O,,0,med,1.0
DJQJFMSHHYAZJD-UHFFFAOYSA-N,Cc1cccc(C)c1NC(=O)CN(CC(=O)O)CC(=O)O,lidofenin,0,med,1.0
DDLIGBOFAVUZHB-UHFFFAOYSA-N,Cc1ncc2n1-c1ccc(Cl)cc1C(c1ccccc1F)=NC2,MIDAZOLAM,0,med,1.0
GPAPPPVRLPGFEQ-UHFFFAOYSA-N,O=S(=O)(c1ccc(Cl)cc1)c1ccc(Cl)cc1,,1,med,1.0
ANMLJLFWUCQGKZ-UHFFFAOYSA-N,O=C1OC(OC(=O)c2cccnc2Nc2cccc(C(F)(F)F)c2)c2ccccc21,talniflumate,1,med,1.0
JXZZEXZZKAWDSP-UHFFFAOYSA-N,O=C(NC1CCN(CCc2c[nH]c3ccccc23)CC1)c1ccccc1,indoramin,0,med,1.0
RUDATBOHQWOJDD-UZVSRGJWSA-N,C[C@H](CCC(=O)O)[C@H]1CC[C@H]2[C@@H]3[C@@H](O)C[C@@H]4C[C@H](O)CC[C@]4(C)[C@H]3CC[C@]12C,URSODIOL,1,med,1.0
IZSRJDGCGRAUAR-MROZADKFSA-N,O=C(CO)[C@@H](O)[C@H](O)[C@@H](O)C(=O)O,,0,med,1.0
LFEHSRSSAGQWNI-UHFFFAOYSA-N,CC(C)CC(C)CC(O)CC(C)C,,0,med,1.0
NAYYNDKKHOIIOD-UHFFFAOYSA-N,NC(=O)c1ccccc1C(N)=O,,0,med,1.0
HFGZFHCWKKQGIS-NOZJJQNGSA-N,C[C@H]([C@](O)(Cn1cncn1)c1ccc(F)cc1F)S(C)(=O)=O,CHEMBL34139,1,med,1.0
XUDSQIDNHJMBBW-FOWTUZBSSA-N,C/C(=N\O)c1ccc(OCC(=O)N2CCCCC2)cc1,,1,med,1.0
MNDIARAMWBIKFW-UHFFFAOYSA-N,CCCCCCBr,,0,med,1.0
WWZKQHOCKIZLMA-UHFFFAOYSA-N,CCCCCCCC(=O)O,octanoic acid,0,med,1.0
PWACSDKDOHSSQD-IUTFFREVSA-N,Cc1ccc(/C(=C\CN2CCCC2)c2cccc(/C=C/C(=O)O)n2)cc1,ACRIVASTINE,0,med,1.0
OORLZFUTLGXMEF-UHFFFAOYSA-N,Cc1nn(-c2cc(NS(C)(=O)=O)c(Cl)cc2Cl)c(=O)n1C(F)F,,0,med,1.0
XMQFTWRPUQYINF-UHFFFAOYSA-N,COC(=O)c1ccccc1CS(=O)(=O)NC(=O)Nc1nc(OC)cc(OC)n1,,0,med,1.0
IEMAQDHGZOPMNI-UHFFFAOYSA-N,COCc1nnc(-c2ccc[n+]([O-])c2)n1-c1c(Cl)c(Cl)cc2[nH]c(=O)c(=O)[nH]c12,,0,med,1.0
JOOXCMJARBKPKM-UHFFFAOYSA-N,CC(=O)CCC(=O)O,"Pentanoic acid, 4-oxo-, calcium salt",0,med,1.0
GNXFOGHNGIVQEH-UHFFFAOYSA-N,COc1ccccc1OCC(O)COC(N)=O,METHOCARBAMOL,1,high,2.0
HXCXASJHZQXCKK-UHFFFAOYSA-N,CC(C)(N)Cc1ccccc1Cl,clortermine,0,med,1.0
IYAZLDLPUNDVAG-UHFFFAOYSA-N,CC(C)(C)CC(C)(C)c1ccc(O)c(-n2nc3ccccc3n2)c1,,1,med,1.0
RIKMMFOAQPJVMX-UHFFFAOYSA-N,Cc1cn[nH]c1,FOMEPIZOLE,0,med,1.0
HPQYKCJIWQFJMS-UHFFFAOYSA-N,O=S(=O)(O)SSS(=O)(=O)O,,0,med,1.0
WNIDXAKKFOKNEF-UHFFFAOYSA-N,CCc1cccc(CC)c1NC(=O)CN(CC(=O)O)CC(=O)O,Technetium (99mTc) etifenin,0,med,1.0
ZRDYULMDEGRWRC-UHFFFAOYSA-N,O=C(c1ccc(O)cc1)c1ccc(O)c(O)c1O,,1,med,1.0
HBOMLICNUCNMMY-XLPZGREQSA-N,Cc1cn([C@H]2C[C@H](N=[N+]=[N-])[C@@H](CO)O2)c(=O)[nH]c1=O,Lamivudine; zidovudine,0,med,1.0
AFPRJLBZLPBTPZ-UHFFFAOYSA-N,O=C1C(=O)c2cccc3cccc1c23,,1,med,1.0
XRHGWAGWAHHFLF-UHFFFAOYSA-N,CCOP(=S)(OCC)Oc1nc(Cl)n(C(C)C)n1,,1,med,1.0
YXVFYQXJAXKLAK-UHFFFAOYSA-N,Oc1ccc(-c2ccccc2)cc1,,1,med,1.0
JVVXZOOGOGPDRZ-SLFFLAALSA-N,CC(C)c1ccc2c(c1)CC[C@H]1[C@](C)(CN)CCC[C@]21C,,0,med,1.0
KYHUYMLIVQFXRI-XYUQHQMCSA-N,CC[C@H](C)[C@H]1NC(=O)[C@@H](NC(=O)[C@@H](CC(C)C)N(C)C(=O)[C@@H]2CCCN2C(=O)C(C)O)[C@@H](C)OC(=O)[C@H](Cc2ccc(OC)cc2)N(C)C(=O)[C@@H]2CCCN2C(=O)[C@H](CC(C)C)NC(=O)[C@@H](C)C(=O)[C@H](C(C)C)OC(=O)C[C@@H]1O,CHEMBL2304286,1,med,1.0
WDRYRZXSPDWGEB-UHFFFAOYSA-N,O=C(O)c1nn(Cc2ccc(Cl)cc2Cl)c2ccccc12,lonidamine,1,high,2.0
LWAFSWPYPHEXKX-UHFFFAOYSA-N,CC(C)(C)NCC(O)COc1cccc2c1CCC(=O)N2,CARTEOLOL,0,med,1.0
HSIBGVUMFOSJPD-CFDPKNGZSA-N,CC[C@H]1C[C@@H]2C[C@H]3c4[nH]c5ccc(OC)cc5c4CCN(C2)[C@@H]13,,1,med,1.0
UTGSRNVBAFCOEU-UHFFFAOYSA-N,Cc1cc(Cl)c(C)cc1Cl,,0,med,1.0
CDKCEZNPAYWORX-UHFFFAOYSA-N,CC(C)(C)c1ccc(-c2ccc(C(C)(C)C)cc2)cc1,,0,med,1.0
XIWMTQIUUWJNRP-UHFFFAOYSA-N,Nc1ccc(O)c(N)c1,,1,med,1.0
OPYGFNJSCUDTBT-PMLPCWDUSA-N,CC1(C)S[C@@H]2[C@H](NC(=O)[C@H](N)c3ccccc3)C(=O)N2[C@H]1C(=O)OCOC(=O)[C@@H]1N2C(=O)C[C@H]2S(=O)(=O)C1(C)C,sultamicillin,1,high,2.0
OAGNKYSIOSDNIG-UHFFFAOYSA-N,Cc1cccc(OCCOc2cccc(C)c2)c1,,1,med,1.0
WUOACPNHFRMFPN-UHFFFAOYSA-N,CC1=CCC(C(C)(C)O)CC1,,0,med,1.0
MRABAEUHTLLEML-LURJTMIESA-N,CCCCOC(=O)[C@H](C)O,,0,med,1.0
QZWHWHNCPFEXLL-UHFFFAOYSA-N,CC(C)OC(=O)Nc1ccc2nc(-c3cscn3)[nH]c2c1,Cambendazole,1,med,1.0
DZGWFCGJZKJUFP-UHFFFAOYSA-N,NCCc1ccc(O)cc1,tyramine,0,med,1.0
VHRSUDSXCMQTMA-PJHHCJLFSA-N,C[C@H]1C[C@@H]2[C@H]([C@@H](O)C[C@@]3(C)[C@H]2CC[C@]3(O)C(=O)CO)[C@@]2(C)C=CC(=O)C=C12,METHYLPREDNISOLONE,0,med,1.0
RXPRRQLKFXBCSJ-GIVPXCGWSA-N,CC[C@]12CCCN3CCc4c(n(c5ccccc45)[C@@](O)(C(=O)OC)C1)[C@@H]32,,0,med,1.0
XMIIGOLPHOKFCH-UHFFFAOYSA-N,O=C(O)CCc1ccccc1,Benzenepropanoic acid,0,med,1.0
JHVAMHSQVVQIOT-MFAJLEFUSA-N,CCCCCOc1ccc(-c2ccc(-c3ccc(C(=O)N[C@H]4C[C@@H](O)[C@@H](O)NC(=O)[C@@H]5[C@@H](O)[C@@H](C)CN5C(=O)[C@H]([C@@H](C)O)NC(=O)[C@H]([C@H](O)[C@@H](O)c5ccc(O)cc5)NC(=O)[C@@H]5C[C@@H](O)CN5C(=O)[C@H]([C@@H](C)O)NC4=O)cc3)cc2)cc1,ANIDULAFUNGIN,1,med,1.0
WSGURAYTCUVDQL-UHFFFAOYSA-N,O=[N+]([O-])c1ccc2[nH]ncc2c1,5-Nitroindazole,0,med,1.0
GJAWHXHKYYXBSV-UHFFFAOYSA-N,O=C(O)c1cccnc1C(=O)O,Quinolinic Acid,0,med,1.0
QAOJBHRZQQDFHA-UHFFFAOYSA-N,O=C(O)c1cccc(Cl)c1Cl,,0,med,1.0
QCDFBFJGMNKBDO-UHFFFAOYSA-N,Oc1c(I)cc(Cl)c2cccnc12,Drug 222,1,med,1.0
RUBKYBIDEVUTQU-UHFFFAOYSA-N,OC12N=C(c3ccccc3)SC1Cc1cc(Cl)ccc12,,1,med,1.0
BXGYBSJAZFGIPX-UHFFFAOYSA-N,OCCc1ccccn1,,0,med,1.0
LDRWAWZXDDBHTG-UHFFFAOYSA-N,CC1=CC(O)CC(C)(C)C1,,0,med,1.0
WNAHIZMDSQCWRP-UHFFFAOYSA-N,CCCCCCCCCCCCS,,0,med,1.0
GUTXTARXLVFHDK-UHFFFAOYSA-N,CCCCCCCCCC(=O)OC1(c2ccc(Cl)cc2)CCN(CCCC(=O)c2ccc(F)cc2)CC1,Haloperidol decanoate,1,med,1.0
HGMDNMBBCKDWTQ-UHFFFAOYSA-N,N=C(N)NCCCCNC(=N)N,,0,med,1.0
BDSYKGHYMJNPAB-LICBFIPMSA-N,CCC(=O)O[C@]1(C(=O)CCl)[C@@H](C)C[C@H]2[C@@H]3C[C@H](F)C4=CC(=O)C=C[C@]4(C)[C@@]3(F)[C@@H](O)C[C@@]21C,HALOBETASOL PROPIONATE,1,med,1.0
SBASXUCJHJRPEV-UHFFFAOYSA-N,COCCOCCO,,0,med,1.0
QQBDLJCYGRGAKP-FOCLMDBBSA-N,O=C(O)c1cc(/N=N/c2ccc(O)c(C(=O)O)c2)ccc1O,Drug 149,1,med,1.0
GUJRSXAPGDDABA-NSHDSACASA-N,CCN1CCC[C@H]1CNC(=O)c1c(OC)ccc(Br)c1OC,CHEMBL22242,1,high,2.0
XUJNEKJLAYXESH-UHFFFAOYSA-N,NC(CS)C(=O)O,L-Cysteine,0,med,1.0
NNULBSISHYWZJU-LLKWHZGFSA-N,CO/N=C(\C(=O)N[C@@H]1C(=O)N2C(C(=O)O)=CCS[C@H]12)c1csc(N)n1,CEFTIZOXIME,1,high,2.0
ACTRVOBWPAIOHC-XIXRPRMCSA-N,O=C(O)[C@@H](S)[C@@H](S)C(=O)O,CHEMBL1201073,1,med,1.0
QUKKMGJVXHURCY-UHFFFAOYSA-N,O=C1c2ccccc2C(=O)N1CCc1noc(-c2ccc(CN3CCCCCC3)s2)n1,,1,med,1.0
KYFWUBJMTHVBIF-QFIPXVFZSA-N,Cc1cc2c3c(c1)C(c1ccccc1)=N[C@@H](NC(=O)c1ccncc1)C(=O)N3CC2,,0,med,1.0
QIWQQMZFTOCFGF-UHFFFAOYSA-N,CSc1ccc(Oc2ccc(S(N)(=O)=O)cc2CN(C)C)cc1C,,0,med,1.0
MXOAEAUPQDYUQM-UHFFFAOYSA-N,OCC(O)COc1ccc(Cl)cc1,Chlorphenesin,0,med,1.0
IQVRBWUUXZMOPW-PKNBQFBNSA-N,CCn1c(=O)c2c(nc(/C=C/c3ccc(OC)c(OC)c3)n2C)n(CC)c1=O,ISTRADEFYLLINE,0,med,1.0
IMYZQPCYWPFTAG-UHFFFAOYSA-N,CNC1(C)C2CCC(C2)C1(C)C,MECAMYLAMINE,0,med,1.0
RZVCEPSDYHAHLX-UHFFFAOYSA-N,N=C1NC(=N)c2ccccc21,,1,med,1.0
KOGSPLLRMRSADR-UHFFFAOYSA-N,CC1(N)CCC(C(C)(C)N)CC1,,0,med,1.0
ARFHIAQFJWUCFH-UHFFFAOYSA-N,CC1CS(=O)(=O)CCN1N=Cc1ccc([N+](=O)[O-])o1,Nifurtimox,0,med,1.0
MKUXAQIIEYXACX-UHFFFAOYSA-N,Nc1nc2c(ncn2COCCO)c(=O)[nH]1,Acyclovir,0,med,1.0
JNEZCZPNQCQCFK-UHFFFAOYSA-N,CC(=O)Nc1ccc(OCCOCCOc2ccc(NC(C)=O)cc2)cc1,,0,med,1.0
ANYWGXDASKQYAD-UHFFFAOYSA-N,O=C1NC(=O)c2cc([N+](=O)[O-])ccc21,,1,med,1.0
IHUREIPXVFKEDT-UHFFFAOYSA-N,ClC(Cl)(Br)Br,,0,med,1.0
SMIOEQSLJNNKQF-UHFFFAOYSA-N,CC(=O)Oc1ccc(C(C)=O)cc1,,0,med,1.0
QKFJKGMPGYROCL-UHFFFAOYSA-N,S=C=Nc1ccccc1,CHEMBL309036,1,high,2.0
XDFCIPNJCBUZJN-UHFFFAOYSA-N,[Ba+2],,1,med,1.0
MFYQEXGNAIUHIE-DOTOQJQBSA-N,CCOC(=O)[C@]1(c2ccccc2)Oc2ccccc2[C@@H]1N,,0,med,1.0
UCMXDJFDVQUZHE-MPGCQMRFSA-N,CCOC(=O)Cc1cccc(-c2cc(CCCCCCc3ccc(O[C@H]4O[C@H](COC(C)=O)[C@@H](OC(C)=O)[C@H](OC(C)=O)[C@@H]4OC(C)=O)c(-c4cccc(CC(=O)OCC)c4)c3)ccc2O[C@H]2O[C@H](COC(C)=O)[C@@H](OC(C)=O)[C@H](OC(C)=O)[C@@H]2OC(C)=O)c1,,0,med,1.0
KGEXISHTCZHGFT-UHFFFAOYSA-N,Nc1cc(Cl)c(O)c(Cl)c1,,1,med,1.0
JPZOAVGMSDSWSW-UHFFFAOYSA-N,Nc1nc(Cl)cc(Cl)n1,,1,med,1.0
XVTVPGKWYHWYAD-UHFFFAOYSA-N,CC(C)NCC(O)COc1ccccc1-n1cccc1,,0,med,1.0
HDOVUKNUBWVHOX-QMMMGPOBSA-N,CC(C)[C@H](N)C(=O)OCCOCn1cnc2c(=O)[nH]c(N)nc21,Drug 702,1,high,2.0
TZFWDZFKRBELIQ-UHFFFAOYSA-N,O=c1[nH]c2cc(Cl)ccc2o1,Chlorzoxazone,0,med,1.0
CXNVOWPRHWWCQR-UHFFFAOYSA-N,Cc1cc(Cl)ccc1N,,1,med,1.0
NJCJBUHJQLFDSW-UHFFFAOYSA-N,CN1CCN(c2c(F)cc3c(=O)c(C(=O)O)cn4c3c2SCC4)CC1,rufloxacin,0,med,1.0
ANEBWFXPVPTEET-UHFFFAOYSA-N,COC(=O)C1=C(C)NC(C)=C(C(=O)OCCN2CCN(C(c3ccccc3)c3ccccc3)CC2)C1c1cccc([N+](=O)[O-])c1,manidipine,1,med,1.0
OEHFRZLKGRKFAS-UHFFFAOYSA-N,CN1c2c(oc(=O)n(-c3ccccn3)c2=O)-c2ccccc2S1(=O)=O,Droxicam,1,med,1.0
YZJSKRBKHCLMQC-UHFFFAOYSA-N,O=C(Nc1cccc([N+](=O)[O-])c1)c1cc2ccccc2cc1O,,1,med,1.0
AAKJLRGGTJKAMG-UHFFFAOYSA-N,C#Cc1cccc(Nc2ncnc3cc(OCCOC)c(OCCOC)cc23)c1,Erlotinib hydrochloride,1,high,2.0
ZWJNEYVWPYIKMB-UHFFFAOYSA-N,Cc1oc(C)c(C(=O)Nc2ccccc2)c1C,,1,med,1.0
JBCHWGTZAAZJKG-UHFFFAOYSA-N,CN1C(=O)c2ccc([N+](=O)[O-])cc2C1=O,,0,med,1.0
VAPSMQAHNAZRKC-PQWRYPMOSA-N,CC(C)(C)NC(=O)[C@H]1CC[C@H]2[C@@H]3CC=C4C=C(C(=O)O)CC[C@]4(C)[C@H]3CC[C@]12C,,0,med,1.0
RUMOYJJNUMEFDD-SNVBAGLBSA-N,C=C(C)[C@@H]1CC=C(C=O)CC1,,0,med,1.0
WQYRHRAZNNRDIA-UHFFFAOYSA-N,COc1cc(C(=S)N2CCOCC2)ccc1O,vanitiolide,0,med,1.0
QQOBRRFOVWGIMD-OJAKKHQRSA-N,CC(=O)OC[C@H]1O[C@@H](n2ncc(=O)[nH]c2=O)[C@H](OC(C)=O)[C@@H]1OC(C)=O,,0,med,1.0
VKYKSIONXSXAKP-UHFFFAOYSA-N,C1N2CN3CN1CN(C2)C3,METHENAMINE,0,med,1.0
JRBJSXQPQWSCCF-UHFFFAOYSA-N,COc1cc(-c2ccc(N)c(OC)c2)ccc1N,,1,med,1.0
ANGKOCUUWGHLCE-UHFFFAOYSA-N,C[N+]1(C)CCC(OC(=O)C(O)(c2ccccc2)C2CCCC2)C1,GLYCOPYRRONIUM BROMIDE,0,med,1.0
YTRMTPPVNRALON-UHFFFAOYSA-N,O=C(O)c1cc(-c2ccccc2)nc2ccccc12,Cinchophen,0,med,1.0
AEMFNILZOJDQLW-QAGGRKNESA-N,C[C@]12CCC(=O)C=C1CC[C@@H]1[C@@H]2CC[C@]2(C)C(=O)CC[C@@H]12,androstenedione,0,med,1.0
NWIVYGKSHSJHEF-UHFFFAOYSA-N,CCc1cc(Cc2cc(CC)c(N)c(CC)c2)cc(CC)c1N,,1,med,1.0
IMIDOCRTMDIQIJ-UHFFFAOYSA-N,CNC(=O)Oc1ccc(N(C)C)c(C)c1,,1,med,1.0
WYAUHKUSKIIGEI-UHFFFAOYSA-N,N#CSCC(=O)O,,0,med,1.0
DOGMJCPBZJUYGB-UHFFFAOYSA-N,C=C(C)C(=O)OCCC[Si](Cl)(Cl)Cl,,0,med,1.0
NYTOUQBROMCLBJ-UHFFFAOYSA-N,O=[N+]([O-])C([N+](=O)[O-])([N+](=O)[O-])[N+](=O)[O-],,1,med,1.0
LGYNIFWIKSEESD-UHFFFAOYSA-N,CCCCC(C=O)CC,,0,med,1.0
XIUROWKZWPIAIB-UHFFFAOYSA-N,CCOP(=S)(OCC)OP(=S)(OCC)OCC,Sulfotep,0,med,1.0
XNGIFLGASWRNHJ-UHFFFAOYSA-N,O=C(O)c1ccccc1C(=O)O,Phthalic Acid,0,med,1.0
SXSWSYRFTJDJTA-ISLYRVAYSA-N,O=C(O)c1[nH]n(-c2ccc(S(=O)(=O)O)cc2)c(=O)c1/N=N/c1ccc(S(=O)(=O)O)cc1,,0,med,1.0
OYYDSUSKLWTMMQ-JKHIJQBDSA-N,O=C(O[C@H]1C[C@H]2CC[C@@H](C1)[N+]21CCCC1)C(O)(c1ccccc1)c1ccccc1,TROSPIUM,0,med,1.0
IULOBWFWYDMECP-UHFFFAOYSA-N,O=C(O)Cc1ccc(CCNS(=O)(=O)c2ccc(Cl)cc2)cc1,,0,med,1.0
HVJKZICIMIWFCP-UHFFFAOYSA-N,CC(C)CC(=O)OCc1ccccc1,,0,med,1.0
POULHZVOKOAJMA-UHFFFAOYSA-N,CCCCCCCCCCCC(=O)O,dodecanoic acid,1,med,1.0
LXEJRKJRKIFVNY-UHFFFAOYSA-N,O=C(Cl)c1ccc(C(=O)Cl)cc1,,0,med,1.0
PODSUMUEKRUDEI-UHFFFAOYSA-N,NCCN1CCNC1=O,,0,med,1.0
ZHDBTKPXEJDTTQ-UHFFFAOYSA-N,[O-][n+]1ccccc1SSc1cccc[n+]1[O-],dipyrithione,1,med,1.0
RYWCQJDEHXJHRI-XJMXIVSISA-N,O=C(O)Cc1cccc(-c2cc(CCCCCCc3ccc(O[C@H]4O[C@H](CO)[C@@H](O)[C@H](O)[C@@H]4O)c(-c4cccc(CC(=O)O)c4)c3)ccc2O[C@H]2O[C@H](CO)[C@@H](O)[C@H](O)[C@@H]2O)c1,Bimosiamose,0,med,1.0
DJQOOSBJCLSSEY-UHFFFAOYSA-N,Cc1cnc(C(=O)O)c[n+]1[O-],acipimox,0,med,1.0
CJFLBOQMPJCWLR-UHFFFAOYSA-N,CC(C)CCCCCOC(=O)CCCCC(=O)OCCCCCC(C)C,,0,med,1.0
IAWVHZJZHDSEOC-UHFFFAOYSA-N,CC(C)(C)C(=O)C(=O)O,,0,med,1.0
UZFMOKQJFYMBGY-UHFFFAOYSA-N,CC1(C)CC(O)CC(C)(C)N1[O],Tempol,0,med,1.0
FCSSPCOFDUKHPV-UHFFFAOYSA-N,C=CCSSCCC,,0,med,1.0
FNJSWIPFHMKRAT-UHFFFAOYSA-N,COC(=O)c1ccccc1C(=O)O,,0,med,1.0
YXUPZGKORWTXID-UHFFFAOYSA-N,CCCCCCCCCCCC[N+](C)(C)CCOc1ccccc1,domiphen,1,med,1.0
DFPAKSUCGFBDDF-UHFFFAOYSA-N,NC(=O)c1cccnc1,NIACINAMIDE,0,med,1.0
YJFCKXVXEKHSEC-UHFFFAOYSA-N,Nc1ccccc1C(=O)Oc1ccc2ccccc2c1,,1,med,1.0
BTTNYQZNBZNDOR-UHFFFAOYSA-N,Clc1ccnc(Cl)n1,,0,med,1.0
ZHHYXNZJDGDGPJ-MDAAKZFYSA-N,CCCC/C=C/C=C\C=O,,1,med,1.0
HCZKYJDFEPMADG-UHFFFAOYSA-N,CC(Cc1ccc(O)c(O)c1)C(C)Cc1ccc(O)c(O)c1,,1,med,1.0
XIUCEANTZSXBQQ-UHFFFAOYSA-N,C[N+](C)(C)CC(O)CCl,,0,med,1.0
BNIXVQGCZULYKV-UHFFFAOYSA-N,ClC(Cl)C(Cl)(Cl)Cl,,0,med,1.0
HQCBCYUEDZNVBO-UHFFFAOYSA-N,CCN1C(=CC=Cc2ccc3ccccc3[n+]2CC)C=Cc2ccccc21,,1,med,1.0
YGGXZTQSGNFKPJ-UHFFFAOYSA-N,COC(=O)Cc1cccc2ccccc12,,0,med,1.0
WCXDHFDTOYPNIE-UHFFFAOYSA-N,CC(=NC#N)N(C)Cc1ccc(Cl)nc1,,0,med,1.0
ZLAQATDNGLKIEV-UHFFFAOYSA-N,Cc1c[nH]c(=S)[nH]c1=O,,0,med,1.0
MPDGHEJMBKOTSU-YKLVYJNSSA-N,CC1(C)[C@@H](O)CC[C@]2(C)[C@H]3C(=O)C=C4[C@@H]5C[C@@](C)(C(=O)O)CC[C@]5(C)CC[C@@]4(C)[C@]3(C)CC[C@@H]12,enoxolone,1,med,1.0
DYAIAHUQIPBDIP-AXAPSJFSSA-N,O=C(O)C1=C(CSc2nnnn2CS(=O)(=O)O)CS[C@@H]2[C@H](NC(=O)[C@H](O)c3ccccc3)C(=O)N12,CEFONICID,1,med,1.0
ZEMGGZBWXRYJHK-UHFFFAOYSA-N,O=c1cc[nH]c(=S)[nH]1,thiouracil,1,high,2.0
DOLQYFPDPKPQSS-UHFFFAOYSA-N,Cc1ccc(N)cc1C,"3,4-Dimethylaniline",1,med,1.0
UCAGLBKTLXCODC-UHFFFAOYSA-N,NS(=O)(=O)c1ccc(C(=O)O)cc1,,0,med,1.0
BIXZHMJUSMUDOQ-UHFFFAOYSA-N,Nc1c(Cl)cc([N+](=O)[O-])cc1Cl,,1,med,1.0
NIHNNTQXNPWCJQ-UHFFFAOYSA-N,c1ccc2c(c1)Cc1ccccc1-2,,0,med,1.0
KEEYRKYKLYARHO-UHFFFAOYSA-N,COc1cc(C)c(Cc2cnc(N)nc2N)cc1OC,,0,med,1.0
QEGKXSHUKXMDRW-UHFFFAOYSA-N,O=C(O)CC(Cl)C(=O)O,,1,med,1.0
ZNOCGWVLWPVKAO-UHFFFAOYSA-N,CO[Si](OC)(OC)c1ccccc1,,0,med,1.0
ICIDSZQHPUZUHC-UHFFFAOYSA-N,CCCCCCCCCCCCCCCCCCOCCO,,0,med,1.0
IOUNQDKNJZEDEP-UHFFFAOYSA-N,CCOP(=S)(OCC)SCn1c(=O)oc2cc(Cl)ccc21,,1,med,1.0
OZTTXCISDPJUDI-UHFFFAOYSA-N,CN(C)C(=O)CNC(=O)Cc1ccccc1,,0,med,1.0
URKOMYMAXPYINW-UHFFFAOYSA-N,OCCOCCN1CCN(C2=Nc3ccccc3Sc3ccccc32)CC1,Quetiapine fumarate,1,high,2.0
YXVGPSQAIBDQJD-UHFFFAOYSA-N,Clc1ccccc1-c1nc(-c2ccncc2)no1,,1,med,1.0
ZNYBQVBNSXLZNI-UHFFFAOYSA-N,CCCCC(CC)COC(=O)CC#N,,0,med,1.0
DWFZBUWUXWZWKD-UHFFFAOYSA-N,CC(C)(C)c1ccc(CSc2cnn(C(C)(C)C)c(=O)c2Cl)cc1,,1,med,1.0
ZIBGPFATKBEMQZ-UHFFFAOYSA-N,OCCOCCOCCO,Triethylene Glycol,0,med,1.0
CBPJQFCAFFNICX-IBGZPJMESA-N,CC(C)C[C@H](NC(=O)OCC1c2ccccc2-c2ccccc21)C(=O)O,,1,med,1.0
KBPBOWBQRUXMFV-UHFFFAOYSA-N,CSc1cnccn1,,0,med,1.0
CDJJKTLOZJAGIZ-UHFFFAOYSA-N,CC(=O)Oc1ccc(C)cc1,,0,med,1.0
NCYCYZXNIZJOKI-OVSJKPMPSA-N,CC1=C(/C=C/C(C)=C/C=C/C(C)=C/C=O)C(C)(C)CCC1,,0,med,1.0
SNHRLVCMMWUAJD-OMPPIWKSSA-N,CCCCC(=O)O[C@]1(C(=O)CO)[C@H](C)C[C@H]2[C@@H]3CCC4=CC(=O)C=C[C@]4(C)[C@@]3(F)[C@@H](O)C[C@@]21C,dexamethasone valerate,1,med,1.0
PZBPKYOVPCNPJY-UHFFFAOYSA-N,C=CCOC(Cn1ccnc1)c1ccc(Cl)cc1Cl,enilconazole,1,med,1.0
WWVMHGUBIOZASN-UHFFFAOYSA-N,C=CCn1cc[n+](C)c1,,0,med,1.0
AEUTYOVWOVBAKS-UWVGGRQHSA-N,CC[C@@H](CO)NCCN[C@@H](CC)CO,Drug 1053,1,high,2.0
UIIIBRHUICCMAI-UHFFFAOYSA-N,C=CCS(=O)(=O)O,,0,med,1.0
IIYFAKIEWZDVMP-UHFFFAOYSA-N,CCCCCCCCCCCCC,,0,med,1.0
QNEXFJFTGQBXBJ-UHFFFAOYSA-N,CC(COc1ccccc1)NN,Phenoxypropazine,1,high,2.0
VBISQLWPGDULSX-UHFFFAOYSA-N,O=C(O)c1ccc(OCCCOc2ccc(C(=O)O)cc2)cc1,,0,med,1.0
OLEVEPDJOFPJTF-UHFFFAOYSA-N,CCCSc1cc(OC)c(CCN)cc1OC,"2,5-Dimethoxy-4-(n)-propylthiophenethylamine",1,med,1.0
LAKWINYVWJPHQW-UHFFFAOYSA-N,CC(C)c1cccc(C(C)C)c1N1C(=O)c2ccc(O)cc2C1=O,,1,med,1.0
LPKPJMVPAYGIBN-UHFFFAOYSA-N,O=C1C=C(NCCNc2c3c(nc4cc(Cl)ccc24)CCCC3)C(=O)c2ccccc21,CHEMBL3356532,0,med,1.0
QXJKBPAVAHBARF-UHFFFAOYSA-N,CC12CC1(C)C(=O)N(c1cc(Cl)cc(Cl)c1)C2=O,,0,med,1.0
SXVPOSFURRDKBO-UHFFFAOYSA-N,O=C1CCCCCCCCCCC1,,1,med,1.0
RTFADALJKSFJDZ-UHFFFAOYSA-N,O=C(CN1CCNCC1)NC1CCCCC1,,0,med,1.0
JKWKMORAXJQQSR-MOPIKTETSA-N,CCCCCCCCCC(=O)O[C@H]1CC[C@H]2[C@@H]3CCC4=CC(=O)CC[C@@H]4[C@H]3CC[C@]12C,NANDROLONE DECANOATE,0,med,1.0
ALYNCZNDIQEVRV-UHFFFAOYSA-N,Nc1ccc(C(=O)O)cc1,aminobenzoic acid,1,high,2.0
BPXVHIRIPLPOPT-UHFFFAOYSA-N,O=c1n(CCO)c(=O)n(CCO)c(=O)n1CCO,,1,med,1.0
YXVZOBVWVRFPTE-UHFFFAOYSA-N,CNC1Cc2ccccc2N(C)c2ccccc21,metapramine,1,med,1.0
SESFRYSPDFLNCH-UHFFFAOYSA-N,O=C(OCc1ccccc1)c1ccccc1,BENZYL BENZOATE,0,med,1.0
JLFNLZLINWHATN-UHFFFAOYSA-N,OCCOCCOCCOCCOCCO,,0,med,1.0
XLMALTXPSGQGBX-PGRDOPGGSA-N,CCC(=O)O[C@@](Cc1ccccc1)(c1ccccc1)[C@@H](C)CN(C)C,LEVOPROPOXYPHENE NAPSYLATE,0,med,1.0
IVRMZWNICZWHMI-UHFFFAOYSA-N,[N-]=[N+]=[N-],Iron Azide Hydrate,0,med,1.0
SHVCKTUQDUTJDT-UHFFFAOYSA-N,Cc1ccc(S(=O)(=O)NC(=O)NC2CCCC2)cc1,,0,med,1.0
KMAQZIILEGKYQZ-UHFFFAOYSA-N,O=[N+]([O-])c1cccc(Cl)c1,,0,med,1.0
XSCLFFBWRKTMTE-UHFFFAOYSA-N,O=C=NCC1CCCC(CN=C=O)C1,,0,med,1.0
QRZAKQDHEVVFRX-UHFFFAOYSA-N,O=C(O)Cc1ccc(-c2ccccc2)cc1,felbinac,0,med,1.0
YPZUZOLGGMJZJO-LQKXBSAESA-N,CC1(C)CCC[C@]2(C)[C@H]3CCO[C@]3(C)CC[C@@H]12,,1,med,1.0
BXIXXXYDDJVHDL-UHFFFAOYSA-N,Nc1ccc(Cl)cc1N,,1,med,1.0
RLJFTICUTYVZDG-UHFFFAOYSA-N,CSc1ccc2c(c1)C(N1CCN(C)CC1)Cc1ccccc1S2,,0,med,1.0
SHZKQBHERIJWAO-AATRIKPKSA-N,O=C(O)/C=C/c1ccc(Cn2ccnc2)cc1,OZAGREL,0,med,1.0
WWROGCAUSKGAMX-UHFFFAOYSA-N,CCOc1ccc(NC(=O)CC(C)=O)cc1,,1,med,1.0
BIIVYFLTOXDAOV-YVEFUNNKSA-N,CN1CC[C@H](c2c(O)cc(O)c3c(=O)cc(-c4ccccc4Cl)oc23)[C@H](O)C1,Alvocidib,0,med,1.0
YFSGRMONVCFYTC-UHFFFAOYSA-N,CC1=NC(C)OC1C,,1,med,1.0
IMONTRJLAWHYGT-ZCPXKWAGSA-N,C#C[C@]1(OC(C)=O)CC[C@H]2[C@@H]3CCC4=CC(=O)CC[C@@H]4[C@H]3CC[C@@]21C,NORETHINDRONE ACETATE,0,med,1.0
FQKUGOMFVDPBIZ-UHFFFAOYSA-N,C[Si](Cn1cncn1)(c1ccc(F)cc1)c1ccc(F)cc1,,1,med,1.0
BFPSDSIWYFKGBC-UHFFFAOYSA-N,COc1ccc(C(Cl)=C(c2ccc(OC)cc2)c2ccc(OC)cc2)cc1,CHLOROTRIANISENE,1,med,1.0
MGFFVSDRCRVHLC-UHFFFAOYSA-N,CCCCOC(=O)CCS,,0,med,1.0
LKPKDKDBZLBUIC-MUUNZHRXSA-N,CCCC[S@@+]([O-])c1sc2nc(-c3nccs3)cc(-c3cnc(C)n3C)c2c1N,CHEMBL4070789,0,med,1.0
OZOMQRBLCMDCEG-UHFFFAOYSA-N,O=C1N=C(O)CN1N=Cc1ccc(-c2ccc([N+](=O)[O-])cc2)o1,Dantrolene sodium,1,med,1.0
CXOFVDLJLONNDW-UHFFFAOYSA-N,O=C1NC(=O)C(c2ccccc2)(c2ccccc2)N1,Phenytoin,0,med,1.0
HEWZVZIVELJPQZ-UHFFFAOYSA-N,COC(C)(C)OC,,0,med,1.0
XRIBIDPMFSLGFS-UHFFFAOYSA-N,CN(C)C(C)(C)CO,,0,med,1.0
ZFIQGRISGKSVAG-UHFFFAOYSA-N,CNc1ccc(O)cc1,,1,med,1.0
MVUXVDIFQSGECB-UHFFFAOYSA-N,CCOC(=O)NCCC[Si](OCC)(OCC)OCC,,0,med,1.0
MEZZCSHVIGVWFI-UHFFFAOYSA-N,COc1ccc(C(=O)c2ccccc2O)c(O)c1,dioxybenzone,1,med,1.0
CMCJNODIWQEOAI-UHFFFAOYSA-N,CCCCOCCOC(=O)c1ccccc1C(=O)OCCOCCCC,,1,med,1.0
ISHXLNHNDMZNMC-VTKCIJPMSA-N,C#C[C@]1(O)CC[C@H]2[C@@H]3CCC4=C/C(=N/O)CC[C@@H]4[C@H]3CC[C@@]21CC,NORELGESTROMIN,1,med,1.0
SAXHIDRUJXPDOD-UHFFFAOYSA-N,CCOC(=O)C(O)c1ccccc1,,0,med,1.0
GVGLGOZIDCSQPN-PVHGPHFFSA-N,CC(=O)Oc1ccc2c3c1O[C@H]1[C@@H](OC(C)=O)C=C[C@H]4[C@@H](C2)N(C)CC[C@@]341,diamorphine,0,med,1.0
NBOCQTNZUPTTEI-UHFFFAOYSA-N,NNS(=O)(=O)c1ccc(Oc2ccc(S(=O)(=O)NN)cc2)cc1,,0,med,1.0
KVGLBTYUCJYMND-UHFFFAOYSA-N,CCOP(=S)(CC)Sc1ccccc1,,0,med,1.0
BOGAHAUMRNNWPE-UHFFFAOYSA-N,COc1cc(CCc2ccc(Nc3c4c(nc5ccccc35)CCCC4)cc2)cc(OC)c1,CHEMBL4093419,1,med,1.0
ULQISTXYYBZJSJ-UHFFFAOYSA-N,CCCCCCC(O)CCCCCCCCCCC(=O)O,,1,med,1.0
XJHRZBIBSSVCEL-ARJAWSKDSA-N,CC/C=C\CCCCCO,,0,med,1.0
UUEWCQRISZBELL-UHFFFAOYSA-N,CO[Si](CCCS)(OC)OC,,0,med,1.0
ODJUOZPKKHIEOZ-UHFFFAOYSA-N,Cc1cc(C(C)(C)c2cc(C)c(O)c(C)c2)cc(C)c1O,,1,med,1.0
WXZMFSXDPGVJKK-UHFFFAOYSA-N,OCC(CO)(CO)CO,pentaerythritol,0,med,1.0
GHOKWGTUZJEAQD-ZETCQYMHSA-N,CC(C)(CO)[C@@H](O)C(=O)NCCC(=O)O,PANTOTHENIC ACID,0,med,1.0
YKEXNVPSARYZDR-UHFFFAOYSA-N,COc1ccc(C(=O)c2cccc(O)c2)c(OC)c1,,1,med,1.0
GCKMFJBGXUYNAG-HLXURNFRSA-N,C[C@]12CCC(=O)C=C1CC[C@@H]1[C@@H]2CC[C@@]2(C)[C@H]1CC[C@]2(C)O,Drug 488,1,med,1.0
VFWCMGCRMGJXDK-UHFFFAOYSA-N,CCCCCl,Butyl Chloride,0,med,1.0
VUMCUSHVMYIRMB-UHFFFAOYSA-N,CC(C)c1cc(C(C)C)cc(C(C)C)c1,,0,med,1.0
YOFNHFCYYYNJPN-UHFFFAOYSA-N,CCCCCCC(CCCCCCCCCCC(=O)OCC(COC(C)=O)OC(C)=O)OC(C)=O,,0,med,1.0
UWKAYLJWKGQEPM-UHFFFAOYSA-N,C=CC(C)(CCC=C(C)C)OC(C)=O,,0,med,1.0
DHHVAGZRUROJKS-UHFFFAOYSA-N,CC(C)(N)Cc1ccccc1,Phentermine,1,med,1.0
JQMCLLAJJLVYOC-UHFFFAOYSA-N,CCCCNc1ccc(C(=O)OCCN(CC)CC)cc1,,1,med,1.0
IRSCQMHQWWYFCW-UHFFFAOYSA-N,Nc1nc(O)c2ncn(COC(CO)CO)c2n1,GANCICLOVIR SODIUM,0,med,1.0
BBDKZWKEPDTENS-UHFFFAOYSA-N,C=CC1CC=CCC1,,0,med,1.0
HHECSPXBQJHZAF-UHFFFAOYSA-N,CCCCCCOC(=O)CCCCC(=O)OCCCCCC,,0,med,1.0
PWZDJIUQHUGFRJ-UHFFFAOYSA-N,Clc1ccccc1N1CCNCC1,,1,med,1.0
AHQISWZMAQZKDI-JRGAYGKNSA-N,COC[C@H]1O[C@H]2[C@H](n3ccc(=O)[nH]c3=O)O[C@]1(COP(O)(=S)O[C@H]1[C@H]3O[C@H](COC)[C@]1(COP(O)(=S)OC[C@H]1O[C@@H](n4cnc5c(N)ncnc54)[C@H](O)[C@@H]1OP(O)(=S)OC[C@H]1O[C@@H](n4cc(C)c(=O)[nH]c4=O)[C@H](O)[C@@H]1OP(O)(=S)OC[C@H]1O[C@@H](n4cnc5c(=O)[nH]c(N)nc54)[C@H](O)[C@@H]1OP(O)(=S)OC[C@H]1O[C@@H](n4cnc5c(=O)[nH]c(N)nc54)[C@H](O)[C@@H]1OP(O)(=S)OC[C@H]1O[C@@H](n4ccc(N)nc4=O)[C@H](O)[C@@H]1OP(O)(=S)OC[C@H]1O[C@@H](n4cc(C)c(=O)[nH]c4=O)[C@H](O)[C@@H]1OP(O)(=S)OC[C@H]1O[C@@H](n4cnc5c(=O)[nH]c(N)nc54)[C@H](O)[C@@H]1OP(O)(=S)OC[C@H]1O[C@@H](n4ccc(N)nc4=O)[C@H](O)[C@@H]1OP(O)(=S)OC[C@H]1O[C@@H](n4cnc5c(N)ncnc54)[C@H](O)[C@@H]1OP(O)(=S)OC[C@H]1O[C@@H](n4cnc5c(=O)[nH]c(N)nc54)[C@H](O)[C@@H]1OP(O)(=S)OC[C@]14O[C@@H](n5ccc(N)nc5=O)[C@H](O[C@@H]1COC)[C@@H]4OP(O)(=S)OC[C@]14O[C@@H](n5ccc(=O)[nH]c5=O)[C@H](O[C@@H]1COC)[C@@H]4O)O[C@H]3n1ccc(N)nc1=O)[C@H]2O,CHEMBL507788,0,med,1.0
PYSJLPAOBIGQPK-UHFFFAOYSA-N,Nc1nc(-c2ccccc2)cs1,,1,med,1.0
YJINQJFQLQIYHX-SNAWJCMRSA-N,CC/C=C/CCCCCCCCCCOC(C)=O,,0,med,1.0
DRLFMBDRBRZALE-UHFFFAOYSA-N,COc1ccc2[nH]cc(CCNC(C)=O)c2c1,MELATONIN,1,high,2.0
BLQFHJKRTDIZLX-UHFFFAOYSA-N,COc1ccc(N)cc1O,CHEMBL4777229,0,med,1.0
OLIGOFNGCKCBCJ-UHFFFAOYSA-N,C=CC1=C(C)c2cc3[nH]c(cc4nc(cc5[nH]c(cc1n2)c(C)c5CCC(=O)O)C(CCC(=O)O)=C4C)c(C)c3C(C)OCCCCCC,CHEMBL4244226,0,med,1.0
INVGWHRKADIJHF-UHFFFAOYSA-N,C[n+]1cc2c3c(ccc2c2ccc4cc5c(cc4c21)OCO5)OCO3,,1,med,1.0
HSDAJNMJOMSNEV-UHFFFAOYSA-N,O=C(Cl)OCc1ccccc1,,0,med,1.0
MONMFXREYOKQTI-UHFFFAOYSA-N,CC(Br)C(=O)O,,0,med,1.0
JLYFCTQDENRSOL-UHFFFAOYSA-N,COCC(C)N(C(=O)CCl)c1c(C)csc1C,,1,med,1.0
DPFUEXLIKDHJNB-UHFFFAOYSA-N,C=CC(C)(CCC=C(C)C)OC(=O)C=Cc1ccccc1,,1,med,1.0
DSELNKYPNSPLEU-UHFFFAOYSA-N,N#Cc1cncc(COc2cc(OCc3cccc(-c4ccccc4F)c3Cl)ccc2CNCCO)c1,CHEMBL5398715,0,med,1.0
HNURKXXMYARGAY-UHFFFAOYSA-N,CC(C)(C)c1cc(CO)cc(C(C)(C)C)c1O,,1,med,1.0
GBBSUAFBMRNDJC-INIZCTEOSA-N,CN1CCN(C(=O)O[C@H]2c3nccnc3C(=O)N2c2ccc(Cl)cn2)CC1,Drug 634,1,high,2.0
KOHIRBRYDXPAMZ-YHDSQAASSA-N,O[C@@H](CNC[C@H](O)[C@H]1CCc2cc(F)ccc2O1)[C@@H]1CCc2cc(F)ccc2O1,,0,med,1.0
WVVSZNPYNCNODU-XTQGRXLLSA-N,C[C@@H](CO)NC(=O)[C@@H]1C=C2c3cccc4[nH]cc(c34)C[C@H]2N(C)C1,ergometrine,0,med,1.0
ULUAUXLGCMPNKK-UHFFFAOYSA-N,O=C(O)CC(C(=O)O)S(=O)(=O)O,,0,med,1.0
YTHRBOFHFYZBRJ-UHFFFAOYSA-N,C=C(C)C1CC=C(C)C(OC(C)=O)C1,,0,med,1.0
GWPNWCJCDDXBIK-UHFFFAOYSA-N,NNC(=O)C1CCc2nc3ccccc3c(N)c2C1,CHEMBL4205993,0,med,1.0
PWRPUAKXMQAFCJ-UHFFFAOYSA-N,CN1CCN(C2=Nc3ccccc3Cc3ccccc32)CC1,perlapine,0,med,1.0
YFDSDPIBEUFTMI-UHFFFAOYSA-N,OCC(Br)(Br)Br,tribromoethanol,1,med,1.0
DVEKCXOJTLDBFE-UHFFFAOYSA-N,CCCCCCCCCCCC[N+](C)(C)CC(=O)[O-],C 31G,0,med,1.0
NECRQCBKTGZNMH-UHFFFAOYSA-N,C#CC(C)(O)CC(C)C,,0,med,1.0
ZTHYODDOHIVTJV-UHFFFAOYSA-N,CCCOC(=O)c1cc(O)c(O)c(O)c1,Propyl Gallate,1,med,1.0
OBWGMKKHCLHVIE-UHFFFAOYSA-N,CN1CCN(C2=Nc3cc(F)ccc3Cc3ccccc32)CC1,CHEMBL63756,1,high,2.0
HUMXMXKZASBHLD-UHFFFAOYSA-N,CCn1c(=O)n(Cc2cnn(C)c2)c(=O)c2cc(S(=O)(=O)NC3(CF)CC3)ccc21,CHEMBL4438105,1,med,1.0
ZKCWITXZGWUJAV-UHFFFAOYSA-N,CC[N+]1(CC)CCC(OC(=O)C(O)(c2ccccc2)c2ccccc2)C1,benzilonium,0,med,1.0
OHLUUHNLEMFGTQ-UHFFFAOYSA-N,CNC(C)=O,,0,med,1.0
OPZKBPQVWDSATI-KHPPLWFESA-N,CCCCCCCC/C=C\CCCCCCCC(=O)NCc1ccc(O)c(OC)c1,,1,med,1.0
QIQXTHQIDYTFRH-UHFFFAOYSA-N,CCCCCCCCCCCCCCCCCC(=O)O,stearic acid,0,med,1.0
DHKHKXVYLBGOIT-UHFFFAOYSA-N,CCOC(C)OCC,,0,med,1.0
CIFFBTOJCKSRJY-UHFFFAOYSA-N,O=C1NC(=O)C2CC=CCC12,,0,med,1.0
VDPYMEBVIDZKMD-UHFFFAOYSA-N,O=C(O)CNC(=O)CNC(=O)CNC(=O)CSC(=O)c1ccccc1,betiatide,0,med,1.0
HWHLPVGTWGOCJO-UHFFFAOYSA-N,OC(CCN1CCCCC1)(c1ccccc1)C1CCCCC1,TRIHEXYPHENIDYL HYDROCHLORIDE,0,med,1.0
SUPCQIBBMFXVTL-UHFFFAOYSA-N,C=C(C)C(=O)OCC,,0,med,1.0
PUIYMUZLKQOUOZ-UHFFFAOYSA-N,CC(C)c1ccc(NC(=O)N(C)C)cc1,,1,med,1.0
QIKYZXDTTPVVAC-UHFFFAOYSA-N,NC(=O)c1ccc(N)cc1,,0,med,1.0
WCTGYFWVYBPRGF-UHFFFAOYSA-N,Cc1ccc(CCn2c3c(c4cc(Cl)ccc42)CN(C)CC3)cn1,,0,med,1.0
YIYBRXKMQFDHSM-UHFFFAOYSA-N,O=C(c1ccccc1O)c1ccccc1O,,1,med,1.0
JMPFSEBWVLAJKM-UHFFFAOYSA-N,Cc1cc(C(C#N)c2ccc(Cl)cc2)c(Cl)cc1NC(=O)c1cc(I)cc(I)c1O,,1,med,1.0
PZRKPUQWIFJRKZ-UHFFFAOYSA-N,Nc1nc(N)c(N)c(N)n1,,1,med,1.0
CNJGWCQEGROXEE-UHFFFAOYSA-N,O=C(O)c1cc(Cl)cc(Cl)c1O,,0,med,1.0
BEOZJBLIRPRMJM-UHFFFAOYSA-N,CCn1nc(C)c2c1C(=O)NCC(c1ccc(O)cc1)=N2,,0,med,1.0
SHSGYHAHMQLYRB-UHFFFAOYSA-N,CCCC(=O)OC(C)(C)Cc1ccccc1,,0,med,1.0
OTKXWJHPGBRXCR-UHFFFAOYSA-N,COP(=S)(OC)Oc1ccc([N+](=O)[O-])cc1Cl,,1,med,1.0
WWJZWCUNLNYYAU-UHFFFAOYSA-N,COP(=S)(OC)Oc1ccc(Sc2ccc(OP(=S)(OC)OC)cc2)cc1,Temephos,0,med,1.0
OMPJBNCRMGITSC-UHFFFAOYSA-N,O=C(OOC(=O)c1ccccc1)c1ccccc1,BENZOYL PEROXIDE,0,med,1.0
CFNJLPHOBMVMNS-UHFFFAOYSA-N,CCCCCOC(=O)CCC,,0,med,1.0
GCTFWCDSFPMHHS-UHFFFAOYSA-M,CCCC[Sn](Cl)(CCCC)CCCC,,1,med,1.0
LHRCREOYAASXPZ-UHFFFAOYSA-N,c1ccc2c(c1)ccc1cc3c(ccc4ccccc43)cc12,,1,med,1.0
NPPQSCRMBWNHMW-UHFFFAOYSA-N,CCCC(C)(COC(N)=O)COC(N)=O,Meprobamate,0,med,1.0
OATDVDIMNNZTEY-XWALJWNASA-N,C[N+]1(CCF)[C@@H]2CC[C@H]1C[C@@H](OC(=O)C(O)(c1ccccc1)c1ccccc1)C2,,0,med,1.0
YMOXVLQZFAUUKI-UHFFFAOYSA-N,CCCC(=O)Nc1c(I)cc(I)c(CC(CC)C(=O)O)c1I,TYROPANOATE SODIUM,0,med,1.0
WCPJDRQPTLGHOD-JBACZVJFSA-N,CCOC(=O)c1ccc([C@H]2CC[C@H](NC[C@H](O)COc3ccc(O)c(NS(C)(=O)=O)c3)CC2)cc1,,0,med,1.0
MLNGLWWCXHUBMT-UHFFFAOYSA-N,O=C(NCCN1CCCCC1)c1cc2c(o1)C(=O)c1ccccc1C2=O,CHEMBL4474417,0,med,1.0
UWCPYKQBIPYOLX-UHFFFAOYSA-N,O=C(Cl)c1cc(C(=O)Cl)cc(C(=O)Cl)c1,,1,med,1.0
LNGAGQAGYITKCW-ZKCHVHJHSA-N,COC(=O)[C@H]1CC[C@H](C(=O)OC)CC1,,0,med,1.0
PYVOHVLEZJMINC-UHFFFAOYSA-N,CCCCCCCCCCCCCC[P+](CCCCCC)(CCCCCC)CCCCCC,,1,med,1.0
KQWVAUSXZDRQPZ-UMTXDNHDSA-N,C=CCN1C[C@H](C)N([C@H](c2ccc(C(=O)N(CC)CC)cc2)c2cccc(OC)c2)C[C@H]1C,,0,med,1.0
LRHPLDYGYMQRHN-UHFFFAOYSA-N,CCCCO,1-Butanol,0,med,1.0
RCTGMCJBQGBLKT-PAMTUDGESA-N,Cc1ccccc1/N=N/c1ccc(/N=N/c2c(O)ccc3ccccc23)c(C)c1,scarlet red,1,med,1.0
FYPMFJGVHOHGLL-UHFFFAOYSA-N,CC(C)(Sc1cc(C(C)(C)C)c(O)c(C(C)(C)C)c1)Sc1cc(C(C)(C)C)c(O)c(C(C)(C)C)c1,Drug 684,1,high,2.0
OECTYKWYRCHAKR-UHFFFAOYSA-N,C1CC2OC2CC1C1CO1,,0,med,1.0
SRUQARLMFOLRDN-UHFFFAOYSA-N,CCCC(=O)c1cc(O)c(O)cc1O,,1,med,1.0
HZJKXKUJVSEEFU-UHFFFAOYSA-N,CCCCC(C#N)(Cn1cncn1)c1ccc(Cl)cc1,,0,med,1.0
NLYDHBBTVWMLFD-UHFFFAOYSA-N,COc1cc(Cl)ccc1Oc1ccc(Cl)cc1Cl,,1,med,1.0
ALEXXDVDDISNDU-KPYZGQEZSA-N,CC(=O)OCC(=O)[C@@]1(O)CCC2C3CCC4=CC(=O)CC[C@]4(C)C3[C@@H](O)C[C@@]21C,,0,med,1.0
YMWUJEATGCHHMB-UHFFFAOYSA-N,ClCCl,,0,med,1.0
JCSREICEMHWFAY-HUUCEWRRSA-N,CCCN1CCO[C@@H]2c3cc(O)ccc3CC[C@H]21,CHEMBL69271,1,med,1.0
GXEKYRXVRROBEV-UHFFFAOYSA-N,O=C(O)C1C2CCC(O2)C1C(=O)O,,1,med,1.0
NWIUTZDMDHAVTP-UHFFFAOYSA-N,CC(C)NCC(O)COc1ccc(CCOCC2CC2)cc1,BETAXOLOL,1,high,2.0
JCYZMTMYPZHVBF-UHFFFAOYSA-N,Nc1nc(N)nc(Nc2ccc([As]3SCC(CO)S3)cc2)n1,melarsoprol,1,med,1.0
NUVBSKCKDOMJSU-UHFFFAOYSA-N,CCOC(=O)c1ccc(O)cc1,ethyl hydroxybenzoate,0,med,1.0
AHQISWZMAQZKDI-PYWVWOHBSA-N,COC[C@@H]1O[C@H]2[C@H](n3ccc(=O)[nH]c3=O)O[C@]1(COP(O)(=S)O[C@@H]1[C@H]3O[C@H](COC)[C@]1(COP(O)(=S)OC[C@H]1O[C@@H](n4cnc5c(N)ncnc54)[C@H](O)[C@@H]1OP(O)(=S)OC[C@H]1O[C@@H](n4cc(C)c(=O)[nH]c4=O)[C@H](O)[C@@H]1OP(O)(=S)OC[C@H]1O[C@@H](n4cnc5c(=O)[nH]c(N)nc54)[C@H](O)[C@@H]1OP(O)(=S)OC[C@H]1O[C@@H](n4cnc5c(=O)[nH]c(N)nc54)[C@H](O)[C@@H]1OP(O)(=S)OC[C@H]1O[C@@H](n4ccc(N)nc4=O)[C@H](O)[C@@H]1OP(O)(=S)OC[C@H]1O[C@@H](n4cc(C)c(=O)[nH]c4=O)[C@H](O)[C@@H]1OP(O)(=S)OC[C@H]1O[C@@H](n4cnc5c(=O)[nH]c(N)nc54)[C@H](O)[C@@H]1OP(O)(=S)OC[C@H]1O[C@@H](n4ccc(N)nc4=O)[C@H](O)[C@@H]1OP(O)(=S)OC[C@H]1O[C@@H](n4cnc5c(N)ncnc54)[C@H](O)[C@@H]1OP(O)(=S)OC[C@H]1O[C@@H](n4cnc5c(=O)[nH]c(N)nc54)[C@H](O)[C@@H]1OP(O)(=S)OC[C@]14O[C@@H](n5ccc(N)nc5=O)[C@H](O[C@H]1COC)[C@@H]4OP(O)(=S)OC[C@]14O[C@@H](n5ccc(=O)[nH]c5=O)[C@H](O[C@H]1COC)[C@@H]4O)O[C@H]3n1ccc(N)nc1=O)[C@H]2O,CHEMBL527661,0,med,1.0
OPQRBXUBWHDHPQ-UHFFFAOYSA-N,CCOC(=O)c1cnc2c(cnn2CC)c1NN=C(C)C,,1,med,1.0
WJAJPNHVVFWKKL-UHFFFAOYSA-N,COc1ccc(OC)c(C(O)C(C)N)c1,METHOXAMINE,0,med,1.0
YHQGMYUVUMAZJR-UHFFFAOYSA-N,CC1=CC=C(C(C)C)CC1,,0,med,1.0
VDYDAUQHTVCCBX-UHFFFAOYSA-N,COc1ccc(Cl)cc1C,,0,med,1.0
ZAJAQTYSTDTMCU-UHFFFAOYSA-N,Nc1cccc(S(=O)(=O)O)c1,,0,med,1.0
ACCMWZWAEFYUGZ-UHFFFAOYSA-N,CCOCCn1c(C2CCN(CCc3ccc(C(C)(C)C(=O)O)cc3)CC2)nc2ccccc21,bilastine,0,med,1.0
PYAHGCWYQOISIP-OXDKKKEHSA-N,CC(=O)N[C@H]1[C@@H](OC2C(C(=O)O)O[C@@H](OC3[C@H]4CO[C@H](O4)[C@H](NS(=O)(=O)O)[C@H]3O)[C@H](O)[C@H]2O)O[C@H](CO)[C@@H](O[C@@H]2CC(C(=O)O)[C@@H](O[C@H]3O[C@H](COS(=O)(=O)O)[C@@H](O[C@@H]4OC(C(=O)O)=C[C@H](O)[C@H]4O)[C@H](O)[C@H]3NC(C)=O)[C@H](O)[C@H]2O)[C@@H]1C,,0,med,1.0
CBHCDHNUZWWAPP-UHFFFAOYSA-N,CN1CCCC(CN2c3ccccc3Sc3ccccc32)C1,Mepazine,1,high,2.0
QXSZNDIIPUOQMB-UHFFFAOYSA-N,BrC(Br)C(Br)Br,,0,med,1.0
QFVHZQCOUORWEI-UHFFFAOYSA-N,O=S(=O)(O)c1cc(O)c2c(N=Nc3ccc(Nc4ccccc4)c4c(S(=O)(=O)O)cccc34)cc(S(=O)(=O)O)cc2c1,,0,med,1.0
CLPFFLWZZBQMAO-UHFFFAOYSA-N,N#Cc1ccc(C2CCCc3cncn32)cc1,fadrozole,0,med,1.0
QGNGOGOOPUYKMC-UHFFFAOYSA-N,Cc1cc(O)ccc1N,,1,med,1.0
HQFWVSGBVLEQGA-UHFFFAOYSA-N,CCCCN(CCCC)CCCOC(=O)c1ccc(N)cc1,butacaine,0,med,1.0
GZKLJWGUPQBVJQ-UHFFFAOYSA-N,O=C1NCCN1CCN1CCC(c2cn(-c3ccc(F)cc3)c3ccc(Cl)cc23)CC1,CHEMBL12713,1,high,2.0
YBGZDTIWKVFICR-UHFFFAOYSA-N,CCCCC(CC)COC(=O)C=Cc1ccc(OC)cc1,OCTINOXATE,1,high,2.0
SHKUUQIDMUMQQK-UHFFFAOYSA-N,C(CCOCC1CO1)COCC1CO1,,1,med,1.0
CQLOYHZZZCWHSG-UHFFFAOYSA-N,Cc1cccc2nccnc12,,0,med,1.0
UIMOJFJSJSIGLV-JNHMLNOCSA-N,NC(=O)OC[C@@H]1[C@H](NC(=O)/C(=N\OCC(=O)O)c2csc(N)n2)C(=O)N1S(=O)(=O)O,carumonam,1,high,2.0
MPKIJEUTPZPJFP-UHFFFAOYSA-N,Nc1ccc(Oc2ccc(N)c(N)c2)cc1,,1,med,1.0
ZBEILXWHVSVDBN-UHFFFAOYSA-N,CN1CCCC(OC(=O)C(O)(c2ccccc2)c2ccccc2)C1,,0,med,1.0
VPOMSPZBQMDLTM-UHFFFAOYSA-N,Oc1cc(Cl)cc(Cl)c1,,1,med,1.0
CQONVBIGUJWUFE-UHFFFAOYSA-N,CCCCC(CC)CNC(=O)CC(C)OC(=O)CCC(=O)O,,0,med,1.0
ULGZDMOVFRHVEP-RWJQBGPGSA-N,CC[C@H]1OC(=O)[C@H](C)[C@@H](O[C@H]2C[C@@](C)(OC)[C@@H](O)[C@H](C)O2)[C@H](C)[C@@H](O[C@@H]2O[C@H](C)C[C@H](N(C)C)[C@H]2O)[C@](C)(O)C[C@@H](C)C(=O)[C@H](C)[C@@H](O)[C@]1(C)O,ERYTHROMYCIN,0,med,1.0
HLBZWYXLQJQBKU-UHFFFAOYSA-N,C1CN(SSN2CCOCC2)CCO1,,1,med,1.0
IVUXTESCPZUGJC-UHFFFAOYSA-N,CN(C)C(=O)Nc1ccc(Oc2ccc(Cl)cc2)cc1,,1,med,1.0
CJPQIRJHIZUAQP-UHFFFAOYSA-N,COC(=O)C(C)N(C(=O)Cc1ccccc1)c1c(C)cccc1C,,1,med,1.0
OHJYHAOODFPJOD-UHFFFAOYSA-N,CCCCC(CC)COCCO,,0,med,1.0
OYHQOLUKZRVURQ-HZJYTTRNSA-N,CCCCC/C=C\C/C=C\CCCCCCCC(=O)O,linoleic acid,1,med,1.0
NLDYACGHTUPAQU-UHFFFAOYSA-N,N#CC(C#N)=C(C#N)C#N,,1,med,1.0
ZCTXEAQXZGPWFG-UHFFFAOYSA-N,O=C(NCNC(=O)NC1C(=O)NC(=O)N1CO)NC1C(=O)NC(=O)N1CO,Imidazolidinyl Urea,0,med,1.0
KEROTHRUZYBWCY-UHFFFAOYSA-N,C=C(C)C(=O)OCCCCCCCCCCCCC,,0,med,1.0
KXUHSQYYJYAXGZ-UHFFFAOYSA-N,CC(C)Cc1ccccc1,,0,med,1.0
RECCURWJDVZHIH-UHFFFAOYSA-N,NC(=O)Nc1ccc(Cl)cc1,,0,med,1.0
DPSPPJIUMHPXMA-UHFFFAOYSA-N,CC1CCc2cc(F)cc3c(=O)c(C(=O)O)cn1c23,flumequine,1,high,2.0
UVCPHBWNKAXVPC-UHFFFAOYSA-N,CCCC[N+]1(C)CCCCC1,,0,med,1.0
WRPIRSINYZBGPK-UHFFFAOYSA-N,Fc1ccc(Oc2ccnc3cc(Cl)cc(Cl)c23)cc1,,1,med,1.0
KBDSLGBFQAGHBE-MSGMIQHVSA-N,CC1(C)O[C@H]2CC(=O)OC[C@]23[C@H]2CC[C@@]4(C)[C@H](c5ccoc5)OC(=O)[C@H]5O[C@]54[C@]2(C)C(=O)C[C@@H]13,,0,med,1.0
ZWLPBLYKEWSWPD-UHFFFAOYSA-N,Cc1ccccc1C(=O)O,,0,med,1.0
XQYZDYMELSJDRZ-UHFFFAOYSA-N,COc1ccc(Cc2nccc3cc(OC)c(OC)cc23)cc1OC,Papaverine hydrochloride,1,high,2.0
MBMQEIFVQACCCH-LBPRGKRZSA-N,C[C@H]1CCCC(=O)CCCC=Cc2cc(O)cc(O)c2C(=O)O1,,1,med,1.0
FFUAGWLWBBFQJT-UHFFFAOYSA-N,C[Si](C)(C)N[Si](C)(C)C,,0,med,1.0
YAPQBXQYLJRXSA-UHFFFAOYSA-N,Cn1cnc2c1c(=O)[nH]c(=O)n2C,theobromine,0,med,1.0
HMSVXZJWPVIVIV-UHFFFAOYSA-N,CCC(O)C(C)(C)C,,0,med,1.0
DVKJHBMWWAPEIU-UHFFFAOYSA-N,Cc1ccc(N=C=O)cc1N=C=O,,1,med,1.0
XIFJZJPMHNUGRA-UHFFFAOYSA-N,CNc1ccc([N+](=O)[O-])cc1,,0,med,1.0
RDMOROXKXONCAL-UEKVPHQBSA-N,COC1=C(C(=O)O)N2C(=O)[C@@H](NC(=O)[C@H](N)C3=CCC=CC3)[C@H]2SC1,cefroxadine,1,med,1.0
OGBUMNBNEWYMNJ-UHFFFAOYSA-N,CCCCCCCCCCCCCCCCCCOCC(O)CO,,0,med,1.0
VPLDXHDOGVIETL-UHFFFAOYSA-N,CC(C)N1C(=O)c2ccccc2C1=O,,0,med,1.0
HMBNQNDUEFFFNZ-UHFFFAOYSA-N,C=COCCCCO,,0,med,1.0
KWYHDKDOAIKMQN-UHFFFAOYSA-N,CN(C)CCN(C)C,,0,med,1.0
CYJQCYXRNNCURD-UHFFFAOYSA-N,Cc1ccc2c(c1)C1CN(C)CCC1N2,,0,med,1.0
RYQOGSFEJBUZBX-UHFFFAOYSA-N,CN(C)CCCN1c2ccccc2C(C)(C)c2ccccc21,dimetacrine,1,high,2.0
JMPSZYHYDMQFEO-KRWDZBQOSA-N,CCN(C(=O)c1cc(C)cc(OC[C@H](C)Nc2ccncc2)c1)C(C)C,N-Ethyl-N-isopropyl-3-methyl-5-{[(2S)-2-(pyridin-4-ylamino)propyl]oxy}benzamide,0,med,1.0
BKTKLDMYHTUESO-UHFFFAOYSA-N,CCOC(=O)C(Br)c1ccccc1,,0,med,1.0
TXJUTRJFNRYTHH-UHFFFAOYSA-N,O=c1[nH]c2ccccc2c(=O)o1,Isatoic Anhydride,0,med,1.0
GUMSHIGGVOJLBP-SLRPQMTOSA-N,COc1ccc([C@@H]2CC(=O)c3c(O)cc(O[C@@H]4O[C@H](CO[C@@H]5O[C@@H](C)[C@H](O)[C@@H](O)[C@H]5O)[C@@H](O)[C@H](O)[C@H]4O)cc3O2)cc1OC,,0,med,1.0
ZUVPLKVDZNDZCM-UHFFFAOYSA-N,Cc1c(N)cccc1Cl,,0,med,1.0
NHOWDZOIZKMVAI-UHFFFAOYSA-N,OC(c1ccc(Cl)cc1)(c1cncnc1)c1ccccc1Cl,,1,med,1.0
ZETIVVHRRQLWFW-UHFFFAOYSA-N,O=Cc1cccc([N+](=O)[O-])c1,,0,med,1.0
QHZQILHUJDRDAI-UHFFFAOYSA-N,CCCCOCC(CN1C(=O)NC(=O)C(CC)(c2ccccc2)C1=O)OC(N)=O,febarbamate,1,med,1.0
IMOLVSPMDGCLMB-UHFFFAOYSA-N,CCCc1ccc(OCC(=O)N2CCN(C(=O)COc3ccc(CCC)cc3OC)CC2)c(OC)c1,simetride,1,med,1.0
GGALEXMXDMUMDM-UHFFFAOYSA-N,Clc1cccc(SC2CCNCC2)n1,,0,med,1.0
KYGZCKSPAKDVKC-UHFFFAOYSA-N,CCn1cc(C(=O)O)c(=O)c2cc3c(cc21)OCO3,oxolinic acid,0,med,1.0
RBQOQRRFDPXAGN-UHFFFAOYSA-N,CCCn1cnc2c1c(=O)n(CCCCC(C)=O)c(=O)n2C,propentofylline,0,med,1.0
ZESWUEBPRPGMTP-UHFFFAOYSA-N,NC(=O)c1ccc([N+](=O)[O-])cc1,,0,med,1.0
PZMVOUYYNKPMSI-UHFFFAOYSA-N,CNCC(=O)c1ccc(O)c(O)c1,adrenalone,0,med,1.0
YPQLFJODEKMJEF-UHFFFAOYSA-N,CC(C)(O)C(=O)Nc1ccc([N+](=O)[O-])c(C(F)(F)F)c1,,1,med,1.0
HDPNBNXLBDFELL-UHFFFAOYSA-N,COC(C)(OC)OC,,0,med,1.0
WONHLSYSHMRRGO-UHFFFAOYSA-N,CCn1c2ccccc2c2cc([N+](=O)[O-])ccc21,,1,med,1.0
RNFNDJAIBTYOQL-UHFFFAOYSA-N,OC(O)C(Cl)(Cl)Cl,chloral hydrate,0,med,1.0
IPPAUTOBDWNELX-UHFFFAOYSA-N,CCOC(=O)COC(=O)c1cc(Oc2ccc(C(F)(F)F)cc2Cl)ccc1[N+](=O)[O-],,0,med,1.0
BPICBUSOMSTKRF-UHFFFAOYSA-N,Cc1cccc(C)c1NC1=NCCCS1,Xylazine,0,med,1.0
MQJKPEGWNLWLTK-UHFFFAOYSA-N,Nc1ccc(S(=O)(=O)c2ccc(N)cc2)cc1,Dapsone,0,med,1.0
KNAHARQHSZJURB-UHFFFAOYSA-N,CCCc1cc(=O)[nH]c(=S)[nH]1,Propylthiouracil,0,med,1.0
FULZLIGZKMKICU-UHFFFAOYSA-N,NC(=S)Nc1ccccc1,Phenylthiourea,0,med,1.0
FTEQMUXMWCGJAF-GRYCIOLGSA-N,Cc1nc(C)nc(N2C[C@@H](C)N(c3ccnc([C@@H](C)O)n3)[C@@H](C)C2)n1,,0,med,1.0
HSHGZXNAXBPPDL-HZGVNTEJSA-N,CC(=O)OCC1=C(C(=O)O)N2C(=O)[C@@H](N)[C@H]2SC1,,0,med,1.0
HJJDBAOLQAWBMH-YCRCPZNHSA-N,CO/N=C(\C(=O)N[C@@H]1C(=O)N2C(C(=O)O)=C(CSc3nnnn3C)CS[C@H]12)c1csc(N)n1,CEFMENOXIME,1,high,2.0
JYCQQPHGFMYQCF-UHFFFAOYSA-N,CC(C)(C)CC(C)(C)c1ccc(OCCO)cc1,,1,med,1.0
MQLRYUCJDNBWMV-GHXIOONMSA-N,CO/N=C(\C(=O)N[C@@H]1C(=O)N2C(C(=O)O)=C(C)CS[C@H]12)c1csc(N)n1,cefetamet,1,med,1.0
BAINIUMDFURPJM-UHFFFAOYSA-N,O=c1[nH]c2ccccc2n1CCCN1CCN(C(c2ccccc2)c2ccccc2)CC1,oxatomide,1,high,2.0
LMCOQDVJBWVNNI-UHFFFAOYSA-N,CS(=O)(=O)c1ccc(Cl)cc1,,0,med,1.0
DMYHGDXADUDKCQ-UHFFFAOYSA-N,CC(C)(C)c1ccc(CCOc2ncnc3ccccc23)cc1,,0,med,1.0
KSAIXMUSQQWFQM-UHFFFAOYSA-N,COc1cc(CC(C)C)cc(OC)c1OC,,0,med,1.0
NEUSVAOJNUQRTM-UHFFFAOYSA-N,CCCCCCCCCCCCCCCC[n+]1ccccc1,cetylpyridinium,1,med,1.0
PAFZNILMFXTMIY-UHFFFAOYSA-N,NC1CCCCC1,Satraplatin,0,med,1.0
HHXHVIJIIXKSOE-QILQGKCVSA-N,CCNC(=O)[C@@H]1CCCN1C(=O)[C@H](CCCN=C(N)N)NC(=O)[C@H](CC(C)C)NC(=O)[C@@H](Cc1cn(Cc2ccccc2)cn1)NC(=O)[C@H](Cc1ccc(O)cc1)NC(=O)[C@H](CO)NC(=O)[C@H](Cc1c[nH]c2ccccc12)NC(=O)[C@H](Cc1cnc[nH]1)NC(=O)[C@@H]1CCC(=O)N1,Histrelin Acetate,1,med,1.0
ABJKWBDEJIDSJZ-UHFFFAOYSA-N,CN(Cc1ccc(C(C)(C)C)cc1)Cc1cccc2ccccc12,BUTENAFINE,0,med,1.0
MFOOVZCXWVAWOV-RUZDIDTESA-N,Cc1cc(C)c(NC(=O)C[C@H](CC(=O)O)c2cccc3ccccc23)c(C(=O)N2CCC3(CCCC3)CC2)c1,,0,med,1.0
DBZAKQWXICEWNW-UHFFFAOYSA-N,CC(=O)c1cnccn1,,0,med,1.0
MINDHVHHQZYEEK-HBBNESRFSA-N,C/C(=C\C(=O)OCCCCCCCCC(=O)O)C[C@@H]1OC[C@H](C[C@@H]2O[C@H]2[C@@H](C)[C@H](C)O)[C@@H](O)[C@H]1O,MUPIROCIN,0,med,1.0
SVFXPTLYMIXFRX-XJKSGUPXSA-N,CN[C@@H]1C[C@@H](c2ccc(Cl)c(Cl)c2)c2ccccc21,,1,med,1.0
YTAOBBFIOAEMLL-REQDGWNSSA-N,N#C/C(=C1/SC[C@@H](c2ccc(Cl)cc2Cl)S1)n1ccnc1,LULICONAZOLE,1,med,1.0
XJGVXQDUIWGIRW-UHFFFAOYSA-N,CN1CCN(C2=Nc3ccccc3Oc3ccc(Cl)cc32)CC1,LOXAPINE,1,high,2.0
AIFRHYZBTHREPW-UHFFFAOYSA-N,c1ccc2c(c1)[nH]c1cnccc12,,1,med,1.0
VCBRBUKGTWLJOB-UHFFFAOYSA-N,C=C(C)C(=O)Nc1ccc(Cl)c(Cl)c1,,1,med,1.0
YRPCEGFPKMQCHL-YHYXMXQVSA-N,O=C1NC(=O)/C(=C/c2c[nH]c3ccccc23)S1,CHEMBL1910509,0,med,1.0
OMZRMXULWNMRAE-BMRADRMJSA-N,COC(=O)/C(=C1/OC(=O)C(c2ccccc2)=C1O)c1ccccc1,CHEMBL463212,1,med,1.0
KGQZGCIVHYLPBH-UHFFFAOYSA-N,Cc1nc2c([nH]1)c(=O)n(C)c(=O)n2Cc1ccco1,,0,med,1.0
SULWMEGSVQCTSK-UHFFFAOYSA-N,CCOP(O)OCC,,0,med,1.0
BYPFEZZEUUWMEJ-UHFFFAOYSA-N,CC(=O)CCCCn1c(=O)c2c(ncn2C)n(C)c1=O,PENTOXIFYLLINE,1,high,2.0
CJFQUWMJNVTKDJ-DYVFJYSZSA-N,NC(=O)N(O)[C@@H]1C=C[C@H](Oc2cccc(Oc3ccc(F)cc3)c2)C1,,1,med,1.0
PIJVFDBKTWXHHD-HIFRSBDPSA-N,CNC(=O)Oc1ccc2c(c1)[C@]1(C)CCN(C)[C@@H]1N2C,physostigmine,1,med,1.0
BUGYDGFZZOZRHP-UHFFFAOYSA-N,CC12CC3CC(C)(C1)CC(N)(C3)C2,Memantine hydrochloride,1,high,2.0
XDOFQFKRPWOURC-UHFFFAOYSA-N,CC(C)CCCCCCCCCCCCCCC(=O)O,,0,med,1.0
GOWRRBABHQUJMX-MRVPVSSYSA-N,O=C1CC[C@H](C(=O)N2CCCCC2)N1,,0,med,1.0
UYNVMODNBIQBMV-UHFFFAOYSA-N,CC(C(O)c1ccc(O)cc1)N1CCC(Cc2ccccc2)CC1,ifenprodil,0,med,1.0
WRFZKAGPPQGDDQ-UHFFFAOYSA-N,CCCCCOC(=O)CCCCC,,0,med,1.0
ZBCATMYQYDCTIZ-UHFFFAOYSA-N,Cc1ccc(O)c(O)c1,4-Methylcatechol,1,med,1.0
DMZCCFMMPHJWQY-BKWLFHPQSA-N,CCN(CC)CCO[C@H]1CC[C@@]2(C)C(=CC[C@@H]3[C@@H]2CC[C@]2(C)C(=O)CC[C@@H]32)C1,,0,med,1.0
DMKSVUSAATWOCU-HROMYWEYSA-N,CCOC(=O)O[C@]1(C(=O)OCCl)CC[C@H]2[C@@H]3CCC4=CC(=O)C=C[C@]4(C)[C@H]3[C@@H](O)C[C@@]21C,LOTEPREDNOL ETABONATE,1,med,1.0
LGTLDEUQCOJGFP-WAYWQWQTSA-N,CC/C=C\CCOC(=O)CC,,0,med,1.0
BDJRBEYXGGNYIS-UHFFFAOYSA-N,O=C(O)CCCCCCCC(=O)O,AZELAIC ACID,0,med,1.0
XFCLJVABOIYOMF-QPLCGJKRSA-N,CN(C)CCOc1ccc(/C(=C(/CCCl)c2ccccc2)c2ccccc2)cc1,TOREMIFENE,0,med,1.0
ZMQAAUBTXCXRIC-UHFFFAOYSA-N,C=CCc1ccc2c(c1)OCO2,,0,med,1.0
SEUDSDUUJXTXSV-UHFFFAOYSA-N,C[Si](C)=O,,0,med,1.0
CCCMONHAUSKTEQ-UHFFFAOYSA-N,C=CCCCCCCCCCCCCCCCC,,0,med,1.0
USYMCUGEGUFUBI-UHFFFAOYSA-N,COC(=O)c1nc(Cl)c(Cl)nc1N,,1,med,1.0
SYBYTAAJFKOIEJ-UHFFFAOYSA-N,CC(=O)C(C)C,,0,med,1.0
SKPLBLUECSEIFO-UHFFFAOYSA-N,NC(=O)OCC(O)COc1ccc(Cl)cc1,CHLORPHENESIN CARBAMATE,0,med,1.0
YKPUWZUDDOIDPM-SOFGYWHQSA-N,COc1cc(CNC(=O)CCCC/C=C/C(C)C)ccc1O,CAPSAICIN,1,med,1.0
AEPWOCLBLLCOGZ-UHFFFAOYSA-N,C=CC(=O)OCCC#N,,1,med,1.0
WJUFSDZVCOTFON-UHFFFAOYSA-N,COc1ccc(C=O)cc1OC,,0,med,1.0
NMWQEPCLNXHPDX-UHFFFAOYSA-N,CC(C)(C)c1nnc(NS(=O)(=O)c2ccccc2)s1,glybuzole,1,med,1.0
OHCQJHSOBUTRHG-KGGHGJDLSA-N,C=C[C@@]1(C)CC(=O)[C@]2(O)[C@@]3(C)[C@@H](O)CCC(C)(C)[C@@H]3[C@H](O)[C@H](OC(C)=O)[C@@]2(C)O1,Forskolin,0,med,1.0
PTXGHCGBYMQQIG-UHFFFAOYSA-N,CCCN(CCC)C(=O)C(CCC(=O)OCCCN1CCN(CCOC(=O)Cc2c(C)n(C(=O)c3ccc(Cl)cc3)c3ccc(OC)cc23)CC1)NC(=O)c1ccccc1,proglumetacin,1,med,1.0
RYMZZMVNJRMUDD-HGQWONQESA-N,CCC(C)(C)C(=O)O[C@H]1C[C@@H](C)C=C2C=C[C@H](C)[C@H](CC[C@@H]3C[C@@H](O)CC(=O)O3)[C@H]21,Simvastatin,1,med,1.0
NTAFJUSDNOSFFY-UHFFFAOYSA-N,CC(C)c1ncc([N+](=O)[O-])n1C,,0,med,1.0
BXYVQNNEFZOBOZ-UHFFFAOYSA-N,CN(C)CCCNCCCN(C)C,,0,med,1.0
MZHCENGPTKEIGP-UHFFFAOYSA-N,CC(Oc1ccc(Cl)cc1Cl)C(=O)O,,0,med,1.0
REZGGXNDEMKIQB-UHFFFAOYSA-N,CCCOc1ccccc1-c1nc2[nH]nnc2c(=O)[nH]1,,0,med,1.0
YAQKGZXXQNKEET-UHFFFAOYSA-N,CN1C(=O)CN2CCc3ccccc3C2c2cc(Cl)ccc21,,1,med,1.0
RCFKQVLHWYOSFF-UHFFFAOYSA-N,O=NN1CCCCCCC1,,0,med,1.0
ZBNARPCCDMHDDV-UHFFFAOYSA-N,Cc1cc(-c2ccc(N=Nc3c(S(=O)(=O)O)cc4cc(S(=O)(=O)O)cc(N)c4c3O)c(C)c2)ccc1N=Nc1c(S(=O)(=O)O)cc2cc(S(=O)(=O)O)cc(N)c2c1O,Trypan Blue free acid,0,med,1.0
DDVUMDPCZWBYRA-UHFFFAOYSA-N,CCC(C(=O)OCCOCCN(CC)CC)c1ccccc1,butamirate,0,med,1.0
XWHXBDJVKUBUPH-UHFFFAOYSA-N,Nc1c2c(nc3cc(Br)ccc13)CCC(C(=O)NCCc1ccccc1)C2,CHEMBL4208905,1,med,1.0
RYVIXQCRCQLFCM-UHFFFAOYSA-N,COc1cc(OC)nc(Oc2cccc(Oc3nc(OC)cc(OC)n3)c2C(=O)O)n1,,0,med,1.0
DUEPRVBVGDRKAG-UHFFFAOYSA-N,CNC(=O)Oc1cccc2c1OC(C)(C)C2,,0,med,1.0
LFTLOKWAGJYHHR-UHFFFAOYSA-N,C[N+]1([O-])CCOCC1,,0,med,1.0
KXRZBTAEDBELFD-UHFFFAOYSA-N,COc1nccnc1NS(=O)(=O)c1ccc(N)cc1,sulfalene,0,med,1.0
MGQLHRYJBWGORO-UHFFFAOYSA-N,CNC1CCCN(c2c(F)cc3c(=O)c(C(=O)O)cn(C4CC4)c3c2OC)C1,balofloxacin,1,high,2.0
ZNCUUYCDKVNVJH-UHFFFAOYSA-N,CC(C)Oc1ccccc1O,,0,med,1.0
GOVWOKSKFSBNGD-UHFFFAOYSA-N,CCOc1cc(NC(C)=O)ccc1C(=O)OC,,0,med,1.0
DVQVBLBKEXITIK-UHFFFAOYSA-N,CC(C)(C)c1nnc(NS(=O)(=O)c2ccc(N)cc2)s1,glybuthiazol,0,med,1.0
OMBAVVWDJBOQIG-LFIBNONCSA-N,CC(C)=CCC/C(C)=C/Cc1cc(O)cc(Sc2ccccc2C(=O)O)c1O,CHEMBL3907011,0,med,1.0
PCSKKIUURRTAEM-UHFFFAOYSA-N,O=C(O)c1ccc(CO)o1,,0,med,1.0
VQHSOMBJVWLPSR-JVCRWLNRSA-N,OC[C@@H](O)[C@@H](O[C@@H]1O[C@H](CO)[C@H](O)[C@H](O)[C@H]1O)[C@H](O)[C@@H](O)CO,LACTITOL,0,med,1.0
LIXBJWRFCNRAPA-NSHDSACASA-N,CC(C)(C)NC[C@H](O)c1ccc(O)cc1Cl,,0,med,1.0
MEUCPCLKGZSHTA-XYAYPHGZSA-N,CC(=O)N[C@H](Cc1ccc2ccccc2c1)C(=O)N[C@H](Cc1ccc(Cl)cc1)C(=O)N[C@H](Cc1cccnc1)C(=O)N[C@@H](CO)C(=O)N[C@@H](Cc1ccc(NC(=O)[C@@H]2CC(=O)NC(=O)N2)cc1)C(=O)N[C@H](Cc1ccc(NC(N)=O)cc1)C(=O)N[C@@H](CC(C)C)C(=O)N[C@@H](CCCCNC(C)C)C(=O)N1CCC[C@H]1C(=O)N[C@H](C)C(N)=O,DEGARELIX,1,med,1.0
FBPFZTCFMRRESA-GUCUJZIJSA-N,OC[C@@H](O)[C@H](O)[C@H](O)[C@@H](O)CO,,0,med,1.0
TZDKUSLJUFFSNB-UHFFFAOYSA-N,O=C(Cn1cc(-c2ccncc2)nn1)Nc1nccs1,CHEMBL4473351,0,med,1.0
UXADOQPNKNTIHB-UHFFFAOYSA-N,Clc1ccccc1-c1nnc(-c2ccccc2Cl)nn1,,1,med,1.0
RXQCGGRTAILOIN-UHFFFAOYSA-N,CNC(C)(C)Cc1ccccc1,MEPHENTERMINE,0,med,1.0
YTZMIZNUZNUPNR-UHFFFAOYSA-N,CC(C)(Oc1ccc(Cl)cc1)C(=O)Oc1ccc(-c2cc(=S)ss2)cc1,CHEMBL4763541,0,med,1.0
IYQYZZHQSZMZIG-UHFFFAOYSA-N,CC1=CC2C3CC(C=C3C)C2C1,,1,med,1.0
MPIPASJGOJYODL-UHFFFAOYSA-N,Clc1ccc(C(Cn2ccnc2)OCc2c(Cl)cccc2Cl)c(Cl)c1,Isoconazole,1,med,1.0
AUVVAXYIELKVAI-CKBKHPSWSA-N,CC[C@H]1CN2CCc3cc(OC)c(OC)cc3[C@@H]2C[C@@H]1C[C@H]1NCCc2cc(OC)c(OC)cc21,,0,med,1.0
FRLZQXRXIKQFNS-UHFFFAOYSA-N,CCCCCC#CC(=O)OC,,0,med,1.0
MHDVGSVTJDSBDK-UHFFFAOYSA-N,c1ccc(COCc2ccccc2)cc1,,0,med,1.0
XFRYFTSUUZTQBM-NRFANRHFSA-N,CC(C)C[C@H](NC(=O)NCc1cn(Cc2ccccc2OCc2ccccc2)nn1)C(=O)NO,CHEMBL4125687,0,med,1.0
WIMQRIQUKRHZPY-KYHGBAKBSA-N,C/C(=N/NC(=O)Nc1nc(-c2ccc(C)cc2)cc(-c2ccc(Cl)cc2)n1)c1ccc(Cl)cc1,CHEMBL1164888,0,med,1.0
OZYUPQUCAUTOBP-QXAKKESOSA-N,C=CCN1CC[C@]23CCCC[C@H]2[C@H]1Cc1ccc(O)cc13,LEVALLORPHAN,0,med,1.0
RVYGVBZGSFLJKH-UHFFFAOYSA-N,CCCCCCOC(=O)c1cccnc1,,0,med,1.0
OYSKUZDIHNKWLV-PRUAPSLNSA-N,CCCCCCCCCCCCCCCC(=O)O[C@@H]1[C@@H](O)[C@@H](O)[C@@H]([C@H](NC(=O)[C@@H]2C[C@@H](CCC)CN2C)[C@H](C)Cl)O[C@@H]1SC,CLINDAMYCIN PALMITATE HYDROCHLORIDE,0,med,1.0
OWEYKIWAZBBXJK-UHFFFAOYSA-N,Oc1ccc(C(=C(Cl)Cl)c2ccc(O)cc2)cc1,,1,med,1.0
WHNAMGUAXHGCHH-UHFFFAOYSA-N,O=[N+]([O-])c1cccc(C(F)(F)F)c1,,0,med,1.0
ITRJWOMZKQRYTA-RFZYENFJSA-N,CC(=O)OCC(=O)[C@@]1(O)CC[C@H]2[C@@H]3CCC4=CC(=O)CC[C@]4(C)[C@H]3C(=O)C[C@@]21C,CORTISONE ACETATE,0,med,1.0
XXYTXQGCRQLRHA-UHFFFAOYSA-N,Cc1ccc(S(=O)(=O)NC(=O)NC2CCCCC2)cc1N,metahexamide,1,med,1.0
ZWPODSUQWXAZNC-PMOLBWCYSA-N,CN1[C@@H]2CC[C@H]1C[C@@H](OC1c3ccccc3CCc3ccccc31)C2,deptropine,0,med,1.0
JHELOZJAKXYVBE-UHFFFAOYSA-N,O=c1sc2ccccc2c(O)c1C1CC(c2ccc(-c3ccc(Br)cc3)cc2)Cc2ccccc21,,1,med,1.0
GRSQYISVQKPZCW-UHFFFAOYSA-N,CC(Cl)C(Cl)Cl,,0,med,1.0
VCOONNWIINSFBA-UHFFFAOYSA-N,COc1ccc(Nc2ccc(OC)cc2)cc1,,0,med,1.0
BSFHJMGROOFSRA-UHFFFAOYSA-N,Cc1ccc(C)c([N+](=O)[O-])c1,,1,med,1.0
NLBJCEAALVDHNE-UHFFFAOYSA-N,O=C(NC(=S)Nc1nc2ccc(Br)cc2s1)c1ccccc1Cl,CHEMBL496166,0,med,1.0
NDJKXXJCMXVBJW-UHFFFAOYSA-N,CCCCCCCCCCCCCCCCC,,0,med,1.0
LZHCVNIARUXHAL-UHFFFAOYSA-N,CCc1ccc(O)c(C(C)(C)C)c1,,1,med,1.0
VFQXVTODMYMSMJ-UHFFFAOYSA-N,NC(=O)c1ccncc1,,0,med,1.0
VVNCNSJFMMFHPL-VKHMYHEASA-N,CC(C)(S)[C@@H](N)C(=O)O,Drug 663,1,med,1.0
WVYMEHMNEMRCEL-UHFFFAOYSA-N,Cc1cc(C(=C2C=CC(=N)C=C2)c2ccc(N)cc2)ccc1N,,1,med,1.0
ISXSCDLOGDJUNJ-UHFFFAOYSA-N,C=CC(=O)OC(C)(C)C,,0,med,1.0
ZPUCINDJVBIVPJ-GBJTYRQASA-N,COC(=O)[C@@H]1[C@H]2CC[C@@H](C[C@H]1OC(=O)c1ccccc1)N2C,,0,med,1.0
FZJUFJKVIYFBSY-UHFFFAOYSA-N,CC(C)(C)c1ccc(CCC=O)cc1,,0,med,1.0
HJJPJSXJAXAIPN-UHFFFAOYSA-N,COC(=O)C1=CCCN(C)C1,Arecoline,0,med,1.0
ZMCHBSMFKQYNKA-UHFFFAOYSA-N,Nc1ccccc1S(=O)(=O)O,,0,med,1.0
JSZOAYXJRCEYSX-UHFFFAOYSA-N,CCC[N+](=O)[O-],,0,med,1.0
STSCVKRWJPWALQ-UHFFFAOYSA-N,CCOC(=O)C(F)(F)F,,0,med,1.0
RELMFMZEBKVZJC-UHFFFAOYSA-N,Clc1cccc(Cl)c1Cl,,0,med,1.0
VSNHCAURESNICA-UHFFFAOYSA-N,NC(=O)NO,Hydroxyurea,0,med,1.0
NHKWRRHZTGQJMT-UHFFFAOYSA-N,O=C(CCCCCCCCc1cccnc1)N1CCC(C=C(c2ccccc2)c2ccccc2)CC1,,1,med,1.0
RZXIRSKYBISPGF-UHFFFAOYSA-N,Brc1cc(Br)c(Oc2cc(Br)c(Br)cc2Br)cc1Br,,0,med,1.0
JHAYEQICABJSTP-UHFFFAOYSA-N,CCCCCCCCCCOc1cc2c(=O)c(C(=O)OCC)c[nH]c2cc1OCC,Decoquinate,0,med,1.0
AYJXHIDNNLJQDT-UHFFFAOYSA-N,CC1=CC(=O)CC(C)(C)C1=O,,0,med,1.0
KAIWQAZASNVPLR-LAZQRJDOSA-N,CCCCCCCCCCCCCCCC(=O)N[C@@H](CCC(=O)O)C(=O)NCCCC[C@H](NC(=O)[C@H](C)NC(=O)[C@H](C)NC(=O)[C@H](CCC(N)=O)NC(=O)CNC(=O)[C@H](CCC(=O)O)NC(=O)[C@H](CC(C)C)NC(=O)[C@H](Cc1ccc(O)cc1)NC(=O)[C@H](CO)NC(=O)[C@H](CO)NC(=O)[C@@H](NC(=O)[C@H](CC(=O)O)NC(=O)[C@H](CO)NC(=O)[C@@H](NC(=O)[C@H](Cc1ccccc1)NC(=O)[C@@H](NC(=O)CNC(=O)[C@H](CCC(=O)O)NC(=O)[C@H](C)NC(=O)[C@@H](N)Cc1cnc[nH]1)[C@H](C)O)[C@@H](C)O)C(C)C)C(=O)N[C@@H](CCC(=O)O)C(=O)N[C@@H](Cc1ccccc1)C(=O)N[C@H](C(=O)N[C@@H](C)C(=O)N[C@@H](Cc1c[nH]c2ccccc12)C(=O)N[C@@H](CC(C)C)C(=O)N[C@H](C(=O)N[C@@H](CCCNC(=N)N)C(=O)NCC(=O)N[C@H](CCCNC(=N)N)C(=O)NCC(=O)O)C(C)C)[C@@H](C)CC,CHEMBL4785366,0,med,1.0
MCPKSFINULVDNX-UHFFFAOYSA-N,Cc1ccc(O)c(-n2nc3ccccc3n2)c1,drometrizole,1,med,1.0
KYHQZNGJUGFTGR-UHFFFAOYSA-N,CC(O)Cn1cnc2c1c(=O)n(C)c(=O)n2C,proxyphylline,0,med,1.0
HFHZKZSRXITVMK-UHFFFAOYSA-N,CCCCC1C(=O)N(c2ccccc2)N(c2ccc(O)cc2)C1=O,,0,med,1.0
OFAIGZWCDGNZGT-UHFFFAOYSA-N,CCN(CC)CCOC(=O)C1(c2ccccc2)CCCC1,caramiphen,0,med,1.0
BYNBAMHAURJNTR-UHFFFAOYSA-N,O=c1[nH]c2ccccc2n1C1CCNCC1,,0,med,1.0
ODQWQRRAPPTVAG-GZTJUZNOSA-N,CN(C)CC/C=C1\c2ccccc2COc2ccccc21,,0,med,1.0
KAIPKTYOBMEXRR-UHFFFAOYSA-N,CCCCN1C=CN(C)C1,,0,med,1.0
DBGIGCPMDDYXHL-NZLSNVTPSA-N,CO[C@H]1O[C@H](COS(=O)(=O)O)[C@@H](O[C@@H]2O[C@@H](C(=O)O)[C@@H](COC[C@H]3O[C@H](COS(=O)(=O)O)[C@@H](O[C@@H]4O[C@H](C(=O)O)[C@@H](COC[C@H]5O[C@H](COS(=O)(=O)O)[C@@H](O)[C@H](O)[C@H]5NS(=O)(=O)O)[C@H](O)[C@H]4O)[C@H](OS(=O)(=O)O)[C@H]3NS(=O)(=O)O)[C@H](O)[C@H]2OS(=O)(=O)O)[C@H](O)[C@H]1NS(=O)(=O)O,CHEMBL1276258,1,med,1.0
CZORMYBDJDSAFW-JLHYYAGUSA-N,COc1ccc(/C=C(\C)C(=O)c2cc(C)nc3ccccc23)cc1O,CHEMBL4464499,0,med,1.0
GQVMHMFBVWSSPF-SOYUKNQTSA-N,C/C=C(C)/C=C/C=C(C)C,,1,med,1.0
DLVRPVNJFWEIFV-UHFFFAOYSA-N,C=CCOCC(O)CCl,,0,med,1.0
IRECWLYBCAZIJM-UHFFFAOYSA-N,CCCCCOC(=O)COc1cc(N2C(=O)C3=C(CCCC3)C2=O)c(F)cc1Cl,,0,med,1.0
VHLKTXFWDRXILV-UHFFFAOYSA-N,COc1ccc(-c2ccccc2)cc1NNC(=O)OC(C)C,,1,med,1.0
ULDHMXUKGWMISQ-SECBINFHSA-N,C=C(C)[C@@H]1CC=C(C)C(=O)C1,,0,med,1.0
PNWJJULLNCIIMB-UHFFFAOYSA-N,O=C(O)CNC(=O)c1ncc(C2CCN(C(=O)CNc3ccc(Cl)cc3)CC2)cc1O,CHEMBL5394158,0,med,1.0
FJLBFSROUSIWMA-UHFFFAOYSA-N,CC(C)(C(=O)c1cccnc1)c1cccnc1,METYRAPONE,0,med,1.0
WYSSJDOPILWQDC-UHFFFAOYSA-N,Cc1cc(O)c(C(C)(C)C)cc1C(C)(C)C,,1,med,1.0
UXXQOJXBIDBUAC-UHFFFAOYSA-N,COc1cc2c(N3CCN(C(=O)Nc4ccc(OC(C)C)cc4)CC3)ncnc2cc1OCCCN1CCCCC1,Tandutinib,1,med,1.0
UZCGKGPEKUCDTF-UHFFFAOYSA-N,O=[N+]([O-])c1cc(C(F)(F)F)c(Cl)c([N+](=O)[O-])c1Nc1ncc(C(F)(F)F)cc1Cl,,1,med,1.0
OUGIDAPQYNCXRA-UHFFFAOYSA-N,O=c1cc(-c2ccccc2)oc2ccc3ccccc3c12,Beta-Naphthoflavone,1,med,1.0
HCGFUIQPSOCUHI-UHFFFAOYSA-N,CC(C)OCCO,,0,med,1.0
JWJOTENAMICLJG-QWBYCMEYSA-N,C[C@]12C=CC(=O)N[C@@H]1CC[C@@H]1[C@@H]2CC[C@]2(C)[C@@H](C(=O)Nc3cc(C(F)(F)F)ccc3C(F)(F)F)CC[C@@H]12,DUTASTERIDE,0,med,1.0
YBUIAJZFOGJGLJ-SWRJLBSHSA-N,CC(=O)C1=C(C)[C@@H]2C[C@@]3(C1)[C@H](C)CC[C@H]3C2(C)C,,0,med,1.0
WQABCVAJNWAXTE-UHFFFAOYSA-N,OCC(S)CS,Dimercaprol,0,med,1.0
MBNSKHJDYXPONL-UHFFFAOYSA-N,CCCCCCCCCOC(=O)c1ccc(O)cc1,,1,med,1.0
GTCAXTIRRLKXRU-UHFFFAOYSA-N,COC(N)=O,,0,med,1.0
ODCWYMIRDDJXKW-UHFFFAOYSA-N,CCNc1nc(Cl)nc(NCC)n1,,0,med,1.0
LXQOQPGNCGEELI-UHFFFAOYSA-N,Nc1ccc([N+](=O)[O-])cc1[N+](=O)[O-],,1,med,1.0
FNYLWPVRPXGIIP-UHFFFAOYSA-N,Nc1nc(N)c2nc(-c3ccccc3)c(N)nc2n1,Triamterene,1,high,2.0
YMHOBZXQZVXHBM-UHFFFAOYSA-N,COc1cc(CCN)c(OC)cc1Br,"4-Bromo-2,5-Dimethoxyphenethylamine",0,med,1.0
VBQRUYIOTHNGOP-UHFFFAOYSA-N,O=[PH]1Oc2ccccc2-c2ccccc21,,0,med,1.0
MNCZMYLRBLYUPR-UHFFFAOYSA-N,CCP(=O)(OC)c1ccc2oc(-c3ccc(F)cc3)nc2c1,CHEMBL4638592,1,med,1.0
WZSDNEJJUSYNSG-UHFFFAOYSA-N,COc1cc(C(=O)N2CCCCCCC2)cc(OC)c1OC,,0,med,1.0
YCWSUKQGVSGXJO-UHFFFAOYSA-N,O=C(NN=Cc1ccc([N+](=O)[O-])o1)c1ccc(O)cc1,,1,med,1.0
WLJVNTCWHIRURA-UHFFFAOYSA-N,O=C(O)CCCCCC(=O)O,Pimelic Acid,0,med,1.0
IZKSMIBPGSWAMO-UHFFFAOYSA-N,CN1CCC(Oc2ccc(N3C(=S)N(c4cnc(C#N)c(C(F)(F)F)c4)C(=O)C34CCC4)cc2)CC1,CHEMBL4865865,1,med,1.0
OMFHZDXZIJJKFP-UHFFFAOYSA-N,CC(C)NC(=O)c1ccc(C=O)cc1,,0,med,1.0
YQACAXHKQZCEOI-UDCWSGSHSA-N,C[C@]12CC[C@H]3[C@@H](CCC4=CC(=O)CC[C@@]43C)[C@@H]1CC[C@@H]2C(=O)O,,0,med,1.0
NFIXBCVWIPOYCD-UHFFFAOYSA-N,CCN(CC)CCOc1ccc(Cc2ccccc2)cc1,Tesmilifene,0,med,1.0
BJHIKXHVCXFQLS-OTWZMJIISA-N,O=C(CO)[C@@H](O)[C@H](O)[C@@H](O)CO,,0,med,1.0
PPYHLSBUTAPNGT-BKWLFHPQSA-N,CC(C)CCC(=O)O[C@H]1CC[C@H]2[C@@H]3CCC4=CC(=O)CC[C@]4(C)[C@H]3CC[C@]12C,,0,med,1.0
JQIYNMYZKRGDFK-RUFWAXPRSA-N,CCC(=O)Oc1ccc2c(c1)CC[C@@H]1[C@@H]2CC[C@]2(C)[C@@H](OC(=O)CC)CC[C@@H]12,estradiol dipropionate,0,med,1.0
NJDBZBVQIMZWPP-SFHVURJKSA-N,Cc1ncc([C@@H](CCCCCCc2ccc3c(n2)NCCC3)CC(=O)O)cn1,,0,med,1.0
IFFPICMESYHZPQ-UHFFFAOYSA-N,CC(Cc1ccccc1)NCCC(c1ccccc1)c1ccccc1,CHEMBL24072,1,med,1.0
OYTKINVCDFNREN-UHFFFAOYSA-N,Nc1ccncc1N,AMIFAMPRIDINE,0,med,1.0
XYLJNLCSTIOKRM-UHFFFAOYSA-N,Brc1c(NC2=NCCN2)ccc2nccnc12,BRIMONIDINE,0,med,1.0
GTBGXKPAKVYEKJ-UHFFFAOYSA-N,C=C(C)C(=O)OCCCCCCCCCC,,0,med,1.0
BYEVBITUADOIGY-UHFFFAOYSA-N,CCCCCCCCC(=O)OCC,,0,med,1.0
UNNGUFMVYQJGTD-UHFFFAOYSA-N,CCC(C=O)CC,,0,med,1.0
VUALIAFQBJAQQC-UHFFFAOYSA-N,O=C1C(Cl)=C(N2C(=O)C(Cl)C2c2ccc([N+](=O)[O-])cc2)C(=O)c2ccccc21,CHEMBL5532252,0,med,1.0
AZUXKVXMJOIAOF-UHFFFAOYSA-N,CC(O)COCC(C)O,,0,med,1.0
NIJJYAXOARWZEE-UHFFFAOYSA-N,CCCC(CCC)C(=O)O,VALPROATE SODIUM,1,high,2.0
LKDRXBCSQODPBY-VANKVMQKSA-N,OC[C@]1(O)OC[C@@H](O)[C@H](O)[C@@H]1O,,0,med,1.0
FMZXNVLFJHCSAF-DNVCBOLYSA-N,NC(=O)c1cc[n+](CC2=C(C(=O)[O-])N3C(=O)[C@@H](NC(=O)Cc4cccs4)[C@H]3SC2)cc1,Cefalonium,1,med,1.0
OHXAOPZTJOUYKM-UHFFFAOYSA-N,C=C(C)CCl,,0,med,1.0
CTKINSOISVBQLD-UHFFFAOYSA-N,OCC1CO1,,0,med,1.0
VWXRQYYUEIYXCZ-OBIMUBPZSA-N,CCOc1ccc(C[C@H]2NC(=O)CCSSC[C@@H](C(=O)N3CCC[C@H]3C(=O)N[C@@H](CCCN)C(=O)NCC(N)=O)NC(=O)[C@H](CC(N)=O)NC(=O)[C@H]([C@@H](C)O)NC(=O)[C@H]([C@@H](C)CC)NC2=O)cc1,ATOSIBAN,0,med,1.0
WEZPLQKRXDBPEP-UHFFFAOYSA-N,CCCOCC(C)OCC(C)O,,0,med,1.0
VMKOFRJSULQZRM-UHFFFAOYSA-N,CCCCCCCCBr,,0,med,1.0
UWFYSQMTEOIJJG-FDTZYFLXSA-N,CC(=O)O[C@]1(C(C)=O)CC[C@H]2[C@@H]3C=C(Cl)C4=CC(=O)[C@@H]5C[C@@H]5[C@]4(C)[C@H]3CC[C@@]21C,cyproterone acetate,1,med,1.0
BBFQZRXNYIEMAW-UHFFFAOYSA-N,COc1cccc2c1cc([N+](=O)[O-])c1c(C(=O)O)cc3c(c12)OCO3,,1,med,1.0
VLJQDHDVZJXNQL-UHFFFAOYSA-N,Cc1ccc(S(=O)(=O)N=C=O)cc1,,0,med,1.0
OPTASPLRGRRNAP-UHFFFAOYSA-N,Nc1cc[nH]c(=O)n1,,0,med,1.0
VIROVYVQCGLCII-UHFFFAOYSA-N,CCC1(CCC(C)C)C(=O)NC(=O)N=C1O,"5-Ethyl-5-(3-methylbutyl)-2,6-dioxo-1,2,5,6-tetrahydropyrimidin-4-olate",0,med,1.0
LLPMAOBOEQFPRE-UHFFFAOYSA-N,Cc1cc(C)cc(OP(=O)(Oc2cc(C)cc(C)c2)Oc2cc(C)cc(C)c2)c1,,1,med,1.0
STUSTWKEFDQFFZ-KPKJPENVSA-N,Cc1cc(Cl)ccc1/N=C/N(C)C,,0,med,1.0
BSRDNMMLQYNQQD-UHFFFAOYSA-N,N#CCNCC#N,,0,med,1.0
QBKSWRVVCFFDOT-UHFFFAOYSA-N,Cc1cc2c(C(C)C)c(O)c(O)c(C=O)c2c(O)c1-c1c(C)cc2c(C(C)C)c(O)c(O)c(C=O)c2c1O,gossypol,1,med,1.0
SVHOVVJFOWGYJO-UHFFFAOYSA-N,Oc1c(Br)c(Br)c(Br)c(Br)c1Br,Pentabromophenol,1,med,1.0
XCWPUUGSGHNIDZ-UHFFFAOYSA-N,COc1cc2[nH]c(C)c(CCN3CCN(c4ccccc4)CC3)c2cc1OC,oxypertine,1,high,2.0
PKKGKUDPKRTKLJ-UHFFFAOYSA-L,C[Sn](C)(Cl)Cl,,1,med,1.0
CMCCHHWTTBEZNM-UHFFFAOYSA-N,CC(C)C(Br)C(=O)NC(N)=O,bromisoval,1,med,1.0
BJELTSYBAHKXRW-UHFFFAOYSA-N,C=CCOc1nc(OCC=C)nc(OCC=C)n1,,1,med,1.0
QELSKZZBTMNZEB-UHFFFAOYSA-N,CCCOC(=O)c1ccc(O)cc1,propylparaben,1,med,1.0
YEEZWCHGZNKEEK-UHFFFAOYSA-N,COc1cc(C(=O)NS(=O)(=O)c2ccccc2C)ccc1Cc1cn(C)c2ccc(NC(=O)OC3CCCC3)cc12,Zafirlukast,1,med,1.0
IRILFFDFJQQRKF-AEWLORDKSA-N,COCCO[C@@H]1[C@H](O)[C@@H](COP(O)(=S)O[C@H]2[C@@H](OCCOC)[C@H](n3cc(C)c(=O)[nH]c3=O)O[C@@H]2COP(O)(=S)O[C@H]2[C@@H](OCCOC)[C@H](n3cnc4c(=O)[nH]c(N)nc43)O[C@@H]2COP(O)(=S)O[C@H]2[C@@H](OCCOC)[C@H](n3cc(C)c(N)nc3=O)O[C@@H]2COP(O)(=S)O[C@H]2[C@@H](OCCOC)[C@H](n3cc(C)c(=O)[nH]c3=O)O[C@@H]2COP(O)(=S)O[C@H]2[C@@H](O)[C@H](n3cnc4c(N)ncnc43)O[C@@H]2COP(O)(=S)O[C@H]2[C@@H](O)[C@H](n3cnc4c(=O)[nH]c(N)nc43)O[C@@H]2COP(O)(=S)O[C@H]2[C@@H](O)[C@H](n3cc(C)c(N)nc3=O)O[C@@H]2COP(O)(=S)O[C@H]2[C@@H](O)[C@H](n3cc(C)c(N)nc3=O)O[C@@H]2COP(O)(=S)O[C@H]2C[C@H](n3cc(C)c(=O)[nH]c3=O)O[C@@H]2COP(O)(=S)O[C@H]2[C@@H](O)[C@H](n3cc(C)c(N)nc3=O)O[C@@H]2COP(O)(=S)O[C@H]2C[C@H](n3cc(C)c(=O)[nH]c3=O)O[C@@H]2COP(O)(=S)O[C@H]2[C@@H](O)[C@H](n3cnc4c(=O)[nH]c(N)nc43)O[C@@H]2COP(O)(=S)O[C@H]2[C@@H](O)[C@H](n3cnc4c(=O)[nH]c(N)nc43)O[C@@H]2COP(O)(=S)O[C@H]2[C@@H](O)[C@H](n3cnc4c(N)ncnc43)O[C@@H]2COP(O)(=S)O[C@H]2[C@@H](OCCOC)[C@H](n3cc(C)c(=O)[nH]c3=O)O[C@@H]2COP(O)(=S)O[C@H]2[C@@H](OCCOC)[C@H](n3cc(C)c(=O)[nH]c3=O)O[C@@H]2COP(O)(=S)O[C@H]2[C@@H](OCCOC)[C@H](n3cc(C)c(=O)[nH]c3=O)O[C@@H]2COP(O)(=S)O[C@H]2[C@@H](OCCOC)[C@H](n3cnc4c(=O)[nH]c(N)nc43)O[C@@H]2COP(O)(=S)O[C@H]2[C@@H](OCCOC)[C@H](n3cnc4c(N)ncnc43)O[C@@H]2CO)O[C@H]1n1cc(C)c(N)nc1=O,CHEMBL499450,0,med,1.0
MDYOLVRUBBJPFM-UHFFFAOYSA-N,O=c1cccccc1O,,0,med,1.0
VSBHRRMYCDQLJF-ZDNYCOCVSA-N,CC(=O)[C@H]1[C@H](C#N)C[C@H]2[C@@H]3CC=C4C[C@@H](O)CC[C@]4(C)[C@H]3CC[C@@]21C,,1,med,1.0
WXAKEEQOWUHGCI-UHFFFAOYSA-N,CCN1CCC2(CC1)COc1cc3c(cc12)N(C(=O)c1ccc(-c2ccc(-c4nnc(C)o4)cc2C)cc1)CC3,,1,med,1.0
METKIMKYRPQLGS-GFCCVEGCSA-N,CC(C)NC[C@@H](O)COc1ccc(CC(N)=O)cc1,(+)-Atenolol,0,med,1.0
TYYBFXNZMFNZJT-UHFFFAOYSA-N,CNC(=O)c1c(I)c(C(=O)NCC(=O)Nc2c(I)c(C(=O)O)c(I)c(C(=O)NCCO)c2I)c(I)c(N(C)C(C)=O)c1I,IOXAGLATE MEGLUMINE,1,high,2.0
KBPHJBAIARWVSC-HJYCLHCESA-N,CC1=C[C@H](O)CC(C)(C)[C@H]1/C=C/C(C)=C/C=C/C(C)=C/C=C\C=C(C)\C=C\C=C(C)\C=C\C1=C(C)C[C@@H](O)CC1(C)C,,1,med,1.0
WINHZLLDWRZWRT-ATVHPVEESA-N,CCN(CC)CCNC(=O)c1c(C)[nH]c(/C=C2\C(=O)Nc3ccc(F)cc32)c1C,SUNITINIB,1,med,1.0
FFINMCNLQNTKLU-UHFFFAOYSA-N,O=C(CCCCC(=O)Nc1c(I)cc(I)c(C(=O)O)c1I)Nc1c(I)cc(I)c(C(=O)O)c1I,IODIPAMIDE,0,med,1.0
HBAIZGPCSAAFSU-UHFFFAOYSA-N,O=C1NCCN1CCO,,0,med,1.0
LVAGMBHLXLZJKZ-UHFFFAOYSA-N,CCCCCCCCCCOC(=O)c1ccccc1C(=O)OCCCCCCCC,,0,med,1.0
ZDOIAPGLORMKTR-UHFFFAOYSA-N,Oc1ccc2c(c1)Cc1ccccc1-2,,1,med,1.0
GOJJWDOZNKBUSR-UHFFFAOYSA-N,NS(=O)(=O)OCCCCCCCOS(N)(=O)=O,CHEMBL182440,1,med,1.0
CWJSHJJYOPWUGX-UHFFFAOYSA-N,CC(C)OC(=O)Nc1cccc(Cl)c1,,0,med,1.0
ZOMSMJKLGFBRBS-UHFFFAOYSA-N,CC(C)N1C(=O)c2ccccc2NS1(=O)=O,,1,med,1.0
SPNQRCTZKIBOAX-UHFFFAOYSA-N,CCC(C)Nc1c([N+](=O)[O-])cc(C(C)(C)C)cc1[N+](=O)[O-],,0,med,1.0
PWPJGUXAGUPAHP-UHFFFAOYSA-N,O=C(NC(=O)c1c(F)cccc1F)Nc1cc(Cl)c(OC(F)(F)C(F)C(F)(F)F)cc1Cl,Lufenuron,1,med,1.0
AKHXXQAIVSMYIS-UHFFFAOYSA-N,CCCCCC1Nc2cc(C(F)(F)F)c(S(N)(=O)=O)cc2S(=O)(=O)N1,,0,med,1.0
MUQUYTSLDVKIOF-BBMNSBIFSA-N,C=CC[N@@+]12CC[C@@]34c5ccccc5N5C=C6[C@H]7C[C@H]8[C@@]9(CC[N@@+]8(CC=C)C/C7=C/CO)c7ccccc7N(C=C([C@@H](C[C@@H]31)/C(=C\CO)C2)[C@H]54)[C@@H]69,alcuronium,0,med,1.0
NQANQPBUSXASMN-UHFFFAOYSA-N,CC#CC(CC(=O)O)c1ccc(OCc2ccc3nc(-c4ccc(OC)cc4)cn3c2)cc1,CHEMBL4638956,0,med,1.0
CIWBSHSKHKDKBQ-JLAZNSOCSA-N,O=C1O[C@H]([C@@H](O)CO)C(O)=C1O,ASCORBIC ACID,0,med,1.0
CZFFBEXEKNGXKS-UHFFFAOYSA-N,Cc1nnc(C(=O)NC(C)(C)c2nc(C(=O)NCc3ccc(F)cc3)c(O)c(=O)n2C)o1,Raltegravir potassium,1,high,2.0
DZDVMKLYUKZMKK-UHFFFAOYSA-N,CC(C)CCCCCCN,,0,med,1.0
SFPNZPQIIAJXGL-UHFFFAOYSA-N,C=C(C)C(=O)OCCOCC,,0,med,1.0
ZBJBRUSGEJORQL-UHFFFAOYSA-N,NC(=O)Oc1ccc(Cc2ccccc2)cc1,diphenan,1,med,1.0
IKCLCGXPQILATA-UHFFFAOYSA-N,O=C(O)c1ccccc1Cl,,0,med,1.0
ZWILTCXCTVMANU-UHFFFAOYSA-N,O=C(CCl)C(Cl)Cl,,1,med,1.0
VSJRBQDMBFFHMC-UHFFFAOYSA-N,CCC1(C)NC(=O)NC1=O,,0,med,1.0
LVZWSLJZHVFIQJ-UHFFFAOYSA-N,C1CC1,Cyclopropane,1,med,1.0
NFUQUGUUAUVBMO-FSPLSTOPSA-N,C[C@H]1C[C@H](O)c2ccsc2S1(=O)=O,,0,med,1.0
ZZGJZGSVLNSDPG-FDTUMDBZSA-N,C/C=C/C/C=C\CCCCCCCCOC(C)=O,,1,med,1.0
UMSGKTJDUHERQW-UHFFFAOYSA-N,Cc1nnc2n1-c1sc(Br)cc1C(c1ccccc1Cl)=NC2,BROTIZOLAM,0,med,1.0
GWWLWDURRGNSRS-UHFFFAOYSA-N,CN(C)CCC=C1c2ccccc2C(C)(C)c2ccccc21,melitracen,0,med,1.0
ARPYQKTVRGFPIS-VIFPVBQESA-N,C[C@H](C(=O)O)c1ccc2oc(-c3ccc(F)cc3)nc2c1,flunoxaprofen,1,med,1.0
GOZBHBFUQHMKQB-UHFFFAOYSA-N,CCN(CC)CC(=O)Nc1c(C)cc(C)cc1C,trimecaine,0,med,1.0
OSOIQJGOYGSIMF-UHFFFAOYSA-N,O=C1CCCCCCCCCCCCCC1,,1,med,1.0
XMGQYMWWDOXHJM-JTQLQIEISA-N,C=C(C)[C@H]1CC=C(C)CC1,(+)-Limonene,1,high,2.0
YBRBMKDOPFTVDT-UHFFFAOYSA-N,CC(C)(C)N,,0,med,1.0
TVQZAMVBTVNYLA-UHFFFAOYSA-N,CC(C(=O)O)c1ccc2c(c1)Cc1cccnc1O2,pranoprofen,0,med,1.0
RDPIGKWQPAYCNH-UHFFFAOYSA-N,CC(=O)OCCc1sc(S(=O)(=O)NC(=O)Nc2cc(C(F)(F)F)cc(C)n2)cc1C,CHEMBL1778559,0,med,1.0
LOIYMIARKYCTBW-OWOJBTEDSA-N,O=C(O)/C=C/c1cnc[nH]1,Urocanic Acid,0,med,1.0
FQDIANVAWVHZIR-UHFFFAOYSA-N,ClCC=CCCl,,0,med,1.0
WNSYEWGYAFFSSQ-UHFFFAOYSA-N,O=NN1CCN(N=O)CC1,,0,med,1.0
SKIVFJLNDNKQPD-UHFFFAOYSA-N,CC(=O)NS(=O)(=O)c1ccc(N)cc1,SULFACETAMIDE,0,med,1.0
RFFLAFLAYFXFSW-UHFFFAOYSA-N,Clc1ccccc1Cl,"1,2-Dichlorobenzene",0,med,1.0
QLNWXBAGRTUKKI-UHFFFAOYSA-N,CC(=O)Nc1cccc(O)c1,,0,med,1.0
ZOAXAKJUBSMZJB-UHFFFAOYSA-N,Nc1nc(NCCc2cccc(Cl)c2Cl)nc(NCCc2c[nH]c3ccccc23)n1,CHEMBL5177186,0,med,1.0
REIDAMBAPLIATC-UHFFFAOYSA-N,COC(=O)c1ccc(C(=O)O)cc1,,0,med,1.0
NDVLTZFQVDXFAN-UHFFFAOYSA-N,N#CCCSCCC#N,,0,med,1.0
HIUVKVDQFXDZHU-UHFFFAOYSA-N,N=C(N)NCC1COc2ccccc2O1,guanoxan,1,high,2.0
KJONHKAYOJNZEC-UHFFFAOYSA-N,O=C1CN=C(c2ccccc2)c2cc([N+](=O)[O-])ccc2N1,nitrazepam,0,med,1.0
PUFVMDHUDUSDDO-UHFFFAOYSA-N,CC(=O)Oc1ccccc1C1OC(c2cc(-c3ccccc3)nc3c2c(C)nn3-c2ccccc2)=NN1C(C)=O,CHEMBL4783139,0,med,1.0
WNTYBHLDCKXEOT-UHFFFAOYSA-N,CC(=O)c1ccc2c(c1)N(CCCN1CCN(CCO)CC1)c1ccccc1S2,ACETOPHENAZINE,1,med,1.0
AMXYRHBJZOVHOL-ODYTWBPASA-N,CC/C=C\CC/C=C/CO,,0,med,1.0
BTJIUGUIPKRLHP-UHFFFAOYSA-N,O=[N+]([O-])c1ccc(O)cc1,4-Nitrophenol,1,med,1.0
ROMXEVFSCNLHAB-UHFFFAOYSA-N,CCCC(C)c1ccccc1O,,1,med,1.0
MQHNKCZKNAJROC-UHFFFAOYSA-N,CCCOC(=O)c1ccccc1C(=O)OCCC,,0,med,1.0
AXKPFOAXAHJUAG-UHFFFAOYSA-N,NC(=O)C1(N2CCCCC2)CCN(CCCC(=O)c2ccc(F)cc2)CC1,pipamperone,0,med,1.0
ZDIGNSYAACHWNL-HNNXBMFYSA-N,CN(C)CC[C@@H](c1ccc(Br)cc1)c1ccccn1,DEXBROMPHENIRAMINE MALEATE,0,med,1.0
KEMQGTRYUADPNZ-UHFFFAOYSA-N,CCCCCCCCCCCCCCCCC(=O)O,,0,med,1.0
ZRCMGIXRGFOXNT-UHFFFAOYSA-N,CCC12COCN1COC2,,0,med,1.0
HXNFUBHNUDHIGC-UHFFFAOYSA-N,O=c1[nH]c(=O)c2cn[nH]c2[nH]1,Oxypurinol,0,med,1.0
JTIGKVIOEQASGT-UHFFFAOYSA-N,Cc1ccc2c(-c3ccccc3)nc(=O)n(C(C)C)c2c1,proquazone,1,med,1.0
LVVXOXRUTDAKFE-UHFFFAOYSA-N,CCOC(=O)c1c[nH]c2cc(OCC(C)C)c(OCC(C)C)cc2c1=O,Buquinolate,0,med,1.0
BRUOAURMAFDGLP-UHFFFAOYSA-N,Brc1c2ccccc2c(Br)c2ccccc12,,1,med,1.0
QQOMQLYQAXGHSU-UHFFFAOYSA-N,Cc1ccc(C)c(O)c1C,,0,med,1.0
FBPFZTCFMRRESA-FSIIMWSLSA-N,OC[C@@H](O)[C@H](O)[C@@H](O)[C@@H](O)CO,,0,med,1.0
QTGIAADRBBLJGA-UHFFFAOYSA-N,CCCNC(C)C(=O)Nc1c(C)csc1C(=O)OC,ARTICAINE,0,med,1.0
YUTJCNNFTOIOGT-UHFFFAOYSA-N,Oc1cccc2cc3cccc(O)c3c(O)c12,,1,med,1.0
QXJQHYBHAIHNGG-UHFFFAOYSA-N,CC(CO)(CO)CO,,0,med,1.0
ACPOUJIDANTYHO-UHFFFAOYSA-N,O=C1c2ccccc2-c2n[nH]c3cccc1c23,"anthra(1,9-cd)pyrazol-6(2H)-one",1,med,1.0
SSJXIUAHEKJCMH-PHDIDXHHSA-N,N[C@@H]1CCCC[C@H]1N,Oxaliplatin Working Standard (Secondary Reference Standard),1,med,1.0
LMBWSYZSUOEYSN-UHFFFAOYSA-N,CCN(CC)C(=S)S,ditiocarb,1,med,1.0
PFNHSEQQEPMLNI-UHFFFAOYSA-N,CCCC(C)CO,,0,med,1.0
PUYOAVGNCWPANW-UHFFFAOYSA-N,CC(C)COC(=O)c1ccc(N)cc1,,0,med,1.0
XSIOKTWDEOJMGG-UHFFFAOYSA-O,C[n+]1c2cc(N)ccc2cc2ccc(N)cc21,"3,6-Diamino-10-methylacridinium Chloride",1,med,1.0
OYCGKECKIVYHTN-UHFFFAOYSA-N,Cc1cccc(C)c1NC(=O)CN1CCCC1,pyrrocaine,0,med,1.0
PNCPYILNMDWPEY-QGZVFWFLSA-N,C[C@H](Cc1cc2c(c(C(N)=O)c1)N(CCCO)CC2)NCCOc1ccccc1OCC(F)(F)F,SILODOSIN,1,med,1.0
YXBQLONCIPUQKO-ZLOUSURVSA-N,CN(C)CCCO[C@@H]1[C@H]2OC(C)(C)O[C@H]2O[C@@H]1C(O)CO,,0,med,1.0
RJYQLMILDVERHH-UHFFFAOYSA-N,CC(O)CCC(=O)c1ccoc1,CHEMBL1743358,1,med,1.0
QEJPOEGPNIVDMK-UHFFFAOYSA-N,OCC(CBr)(CBr)CBr,,0,med,1.0
WQGWDDDVZFFDIG-UHFFFAOYSA-N,Oc1cccc(O)c1O,,1,med,1.0
ZUHZGEOKBKGPSW-UHFFFAOYSA-N,COCCOCCOCCOCCOC,Tetraglyme,0,med,1.0
ZMWGIGHRZQTQRE-UHFFFAOYSA-N,CCCCOCCOC(=O)COc1ccc(Cl)cc1Cl,,0,med,1.0
GGRTVBHQZYLMHL-UHFFFAOYSA-N,Fc1ccc2scc(-c3ccc(F)c(CNCCCNc4ccnc5cc(Cl)ccc45)c3)c2c1,CHEMBL4545723,0,med,1.0
ZCZSIDMEHXZRLG-UHFFFAOYSA-N,CCCCCCCOC(C)=O,,0,med,1.0
OQERFUGURPLBQH-UHFFFAOYSA-N,Cc1ccc(O)c(C(=O)c2ccccc2)c1,,0,med,1.0
FQDIANVAWVHZIR-UPHRSURJSA-N,ClC/C=C\CCl,,0,med,1.0
MJIHNNLFOKEZEW-UHFFFAOYSA-N,Cc1c(OCC(F)(F)F)ccnc1C[S+]([O-])c1nc2ccccc2[nH]1,Dexlansoprazole,1,med,1.0
OBKXEAXTFZPCHS-UHFFFAOYSA-N,O=C(O)CCCc1ccccc1,PHENYLBUTANOIC ACID,1,high,2.0
CKOYRRWBOKMNRG-UHFFFAOYSA-N,CC(=O)OCc1ccco1,,0,med,1.0
JMOLZNNXZPAGBH-UHFFFAOYSA-N,CCCCCCCCC(CCCCCC)C(=O)O,hexyldecanoic acid,0,med,1.0
JOOMJVFZQRQWKR-UHFFFAOYSA-N,CCOC(=O)c1cn2nc(OP(=S)(OCC)OCC)cc2nc1C,,1,med,1.0
FXNFFCMITPHEIT-UHFFFAOYSA-N,C=CCCCCCCCCC(=O)OCC,,0,med,1.0
IBXPYPUJPLLOIN-UHFFFAOYSA-N,Cc1ncc([N+](=O)[O-])n1C,,0,med,1.0
OUEXNQRVYGYGIK-UHFFFAOYSA-N,COC(=O)c1cc(Cl)c(NC(C)=O)cc1OC,,0,med,1.0
UOORRWUZONOOLO-UHFFFAOYSA-N,ClC=CCCl,,0,med,1.0
ODZBBRURCPAEIQ-PIXDULNESA-N,O=c1[nH]c(=O)n([C@H]2C[C@H](O)[C@@H](CO)O2)cc1/C=C/Br,brivudine,0,med,1.0
SBPBAQFWLVIOKP-UHFFFAOYSA-N,CCOP(=S)(OCC)Oc1nc(Cl)c(Cl)cc1Cl,,1,med,1.0
SNPLKNRPJHDVJA-UHFFFAOYSA-N,CC(C)(CO)C(O)C(=O)NCCCO,Dexpanthenol,0,med,1.0
XEYBRNLFEZDVAW-ARSRFYASSA-N,CCCCC[C@H](O)/C=C/[C@H]1[C@H](O)CC(=O)[C@@H]1C/C=C\CCCC(=O)O,DINOPROSTONE,0,med,1.0
BPOMPTVRBWXZBY-UHFFFAOYSA-N,CCOC(Nc1ccc(C(=O)O)cc1)C(=O)c1ccc(-c2ccccc2)cc1,Xenazoic acid,1,med,1.0
AOJJSUZBOXZQNB-TZSSRYMLSA-N,COc1cccc2c1C(=O)c1c(O)c3c(c(O)c1C2=O)C[C@@](O)(C(=O)CO)C[C@@H]3O[C@H]1C[C@H](N)[C@H](O)[C@H](C)O1,Drug 523,1,high,2.0
KAAZGXDPUNNEFN-UHFFFAOYSA-N,CN1CCN(C2=Nc3ccccc3Sc3ccc(Cl)cc32)CC1,clotiapine,0,med,1.0
DGQOCLATAPFASR-UHFFFAOYSA-N,O=C1C(O)=C(O)C(=O)C(O)=C1O,,0,med,1.0
UVLBAPBHAHFJSY-UHFFFAOYSA-N,Cc1[nH]nc2c1N=C(c1ccccc1Cl)c1cc([N+](=O)[O-])ccc1N2,,1,med,1.0
BOSMZFBHAYFUBJ-UHFFFAOYSA-N,Cc1ccc(OP(=O)(Oc2ccc(C)cc2)Oc2ccc(C)cc2)cc1,,1,med,1.0
FPGCYQVKNKEGRQ-SXLQGMKLSA-N,COC(=O)[C@H]1[C@H]2C[C@@H]3c4[nH]c5cc(OC)ccc5c4CCN3C[C@H]2C[C@H](OC)[C@@H]1OC,Metoserpate,0,med,1.0
ROBJRQHNPKJRFH-PLNGDYQASA-N,CCOC(=O)/C=C(/C)O,,0,med,1.0
SFITWQDBYUMAPS-UHFFFAOYSA-N,Cc1nc2ccccc2c(=O)n1-c1ccccc1Cl,mecloqualone,0,med,1.0
AJFDBNQQDYLMJN-UHFFFAOYSA-N,CCN(CC)C(C)=O,,0,med,1.0
OZWKMVRBQXNZKK-UHFFFAOYSA-N,O=C(c1ccccc1)c1ccc2n1CCC2C(=O)O,Ketorolac tromethamine,1,med,1.0
CESYKOGBSMNBPD-UHFFFAOYSA-N,CN1C(CCl)Nc2cc(Cl)c(S(N)(=O)=O)cc2S1(=O)=O,METHYCLOTHIAZIDE,1,high,2.0
JGOAIQNSOGZNBX-UHFFFAOYSA-N,CCN(CC)CCOC(=O)C(c1ccccc1)c1ccccc1,adiphenine,0,med,1.0
KDOLICPJGKZRKU-JQWIXIFHSA-N,CN1CC[C@@H]2Nc3ccccc3[C@@H]2C1,CHEMBL3137679,1,med,1.0
RHDJRPPFURBGLQ-UHFFFAOYSA-N,Cc1cccc(Cc2cnc[nH]2)c1C,Detomidine,0,med,1.0
FWQYJOPJMIEKHZ-UHFFFAOYSA-N,CC(C)NC(=O)c1ccccc1N,,0,med,1.0
HPNMFZURTQLUMO-UHFFFAOYSA-N,CCNCC,,0,med,1.0
TWLDBACVSHADLI-UHFFFAOYSA-N,Cc1c(N)cccc1C(F)(F)F,,0,med,1.0
WBRBLKRDTHYRRV-MDWZMJQESA-N,C/C(=C\C(C)CC(C)CC(C)C)C1CC(=O)OC1=O,,1,med,1.0
NGOGFTYYXHNFQH-UHFFFAOYSA-N,O=S(=O)(c1cccc2cnccc12)N1CCCNCC1,fasudil,0,med,1.0
IYJMSDVSVHDVGT-PEQKVOOWSA-N,CO[C@H]1[C@@H](O)C[C@H](O[C@H]2[C@@H](O)C[C@H](O[C@H]3[C@@H](O)C[C@H](O[C@H]4CC[C@@]5(C)[C@H](CC[C@@H]6[C@@H]5C[C@@H](O)[C@]5(C)[C@@H](C7=CC(=O)OC7)CC[C@]65O)C4)O[C@@H]3C)O[C@@H]2C)O[C@@H]1C,metildigoxin,1,med,1.0
CBGUOGMQLZIXBE-XGQKBEPLSA-N,CCC(=O)O[C@]1(C(=O)CCl)[C@@H](C)C[C@H]2[C@@H]3CCC4=CC(=O)C=C[C@]4(C)[C@@]3(F)[C@@H](O)C[C@@]21C,CLOBETASOL PROPIONATE,1,high,2.0
AGYUOJIYYGGHKV-UHFFFAOYSA-N,ClCCOCCOCCCl,,0,med,1.0
TZXKOCQBRNJULO-UHFFFAOYSA-N,Cc1c(O)c(=O)ccn1C,DEFERIPRONE,1,high,2.0
BAVONGHXFVOKBV-UHFFFAOYSA-N,C=C(C)C1CC=C(C)C(O)C1,,0,med,1.0
VEENJGZXVHKXNB-VOTSOKGWSA-N,COP(=O)(OC)O/C(C)=C/C(=O)N(C)C,,0,med,1.0
USFMMZYROHDWPJ-UHFFFAOYSA-N,C=C(C)C(=O)OCC[N+](C)(C)C,,0,med,1.0
UTTHLMXOSUFZCQ-UHFFFAOYSA-N,NNC(=O)c1cccc(C(=O)NN)c1,,1,med,1.0
XWPBINGFFFZAOZ-UUWRZZSWSA-N,CN(C)C(=O)NC1(c2ccccc2)CCN(CCC[C@@]2(c3ccc(Cl)c(Cl)c3)CCCN(C(=O)c3ccccc3)C2)CC1,,0,med,1.0
YRMLFORXOOIJDR-UHFFFAOYSA-N,C=CCN(CC=C)C(=O)C(Cl)Cl,,0,med,1.0
SQNZJJAZBFDUTD-UHFFFAOYSA-N,Cc1cc(C)c(C)cc1C,,0,med,1.0
VQKFNUFAXTZWDK-UHFFFAOYSA-N,Cc1ccco1,,1,med,1.0
XMBWDFGMSWQBCA-UHFFFAOYSA-N,I,POTASSIUM IODIDE,0,med,1.0
PPBRXRYQALVLMV-UHFFFAOYSA-N,C=Cc1ccccc1,,0,med,1.0
MBIZFBDREVRUHY-UHFFFAOYSA-N,COc1cccc(OC)c1C(=O)O,,0,med,1.0
SXJYSIBLFGQAND-UHFFFAOYSA-N,O=C=Nc1cccc(C(F)(F)F)c1,,1,med,1.0
RWSXRVCMGQZWBV-WDSKDSINSA-N,N[C@@H](CCC(=O)N[C@@H](CS)C(=O)NCC(=O)O)C(=O)O,glutathione,0,med,1.0
VBCVPMMZEGZULK-NRFANRHFSA-N,COC(=O)N(C(=O)N1CO[C@@]2(C(=O)OC)Cc3cc(Cl)ccc3C2=N1)c1ccc(OC(F)(F)F)cc1,,1,med,1.0
QKHRGPYNTXRMSL-UHFFFAOYSA-N,C(=Cc1ccncc1)c1ccccc1,,1,med,1.0
UDPGUMQDCGORJQ-UHFFFAOYSA-N,O=P(O)(O)CCCl,,0,med,1.0
OTEKOJQFKOIXMU-UHFFFAOYSA-N,ClC(Cl)(Cl)c1ccc(C(Cl)(Cl)Cl)cc1,,0,med,1.0
SKBBQSLSGRSQAJ-UHFFFAOYSA-N,CC(=O)c1ccc(C(C)=O)cc1,,0,med,1.0
MPXQSLWIVILKJD-JQIJEIRASA-N,CCCOc1ccc(/C=C/C(=O)NCCCNc2c3c(nc4ccccc24)CCCC3)cc1OC,CHEMBL2171308,0,med,1.0
DLEGDLSLRSOURQ-UHFFFAOYSA-N,C=COCC(F)(F)F,fluroxene,1,med,1.0
BPLBGHOLXOTWMN-MBNYWOFBSA-N,CC1(C)S[C@@H]2[C@H](NC(=O)COc3ccccc3)C(=O)N2[C@H]1C(=O)O,PENICILLIN V,0,med,1.0
OJLOPKGSLYJEMD-YCVNZHGXSA-N,CCCC[C@](C)(O)C/C=C/[C@H]1[C@H](O)CC(=O)[C@@H]1CCCCCCC(=O)OC,CHEMBL4064157,1,med,1.0
PQLYZHNINGGVMB-UHFFFAOYSA-N,O=C(CCCN1CCN2CCCC2C1)c1ccc(F)cc1,,0,med,1.0
LSXWFXONGKSEMY-UHFFFAOYSA-N,CC(C)(C)OOC(C)(C)C,,0,med,1.0
RRRXPPIDPYTNJG-UHFFFAOYSA-N,NS(=O)(=O)C(F)(F)C(F)(F)C(F)(F)C(F)(F)C(F)(F)C(F)(F)C(F)(F)C(F)(F)F,,1,med,1.0
SHRGCOIDGUJGJI-UHFFFAOYSA-N,CCC(O)OCCCOC,,0,med,1.0
WLJVXDMOQOGPHL-UHFFFAOYSA-N,O=C(O)Cc1ccccc1,SODIUM PHENYLACETATE,0,med,1.0
KSUUMAWCGDNLFK-UHFFFAOYSA-N,C=CCC(C(=O)NC(N)=O)C(C)C,apronal,1,med,1.0
UORGKWWJEQDTGX-UHFFFAOYSA-N,CCN(CC)CCNC(=O)COc1ccc(Cl)cc1,,0,med,1.0
XNNQFQFUQLJSQT-UHFFFAOYSA-N,ClC(Cl)(Cl)Br,,0,med,1.0
SLNYBUIEAMRFSZ-UHFFFAOYSA-N,COCCOCCOCCOCCOCCO,Pentaethylene glycol monomethyl ether,0,med,1.0
ZVIDYKRNLNAXFT-UHFFFAOYSA-N,OCC(c1ccc(Cl)cc1)c1ccc(Cl)cc1,,0,med,1.0
BPNZYADGDZPRTK-UDUYQYQQSA-N,C/C(=N\O)[C@@H](C)NCC(C)(C)CN[C@H](C)/C(C)=N/O,Drug 393,0,med,1.0
JIIOLEGNERQDIP-UHFFFAOYSA-N,CN/C=N/c1ccc(C)cc1C,,0,med,1.0
VLTRZXGMWDSKGL-UHFFFAOYSA-N,[O-][Cl+3]([O-])([O-])O,POTASSIUM PERCHLORATE,0,med,1.0
GVXBHSBKKJRBMS-UHFFFAOYSA-N,COc1ccc2c(c1)c1c3n2CCN(C)C3=NCC1,metralindole,1,med,1.0
NTJQREUGJKIARY-VIFPVBQESA-N,COc1cc(C[C@H](C)N)c(OC)cc1C,,0,med,1.0
LYXITSAGDMXKJI-VYXLEDAHSA-N,NC1CCN(C(=O)C[C@H]2CC[C@]3(CC2)OO[C@]2(O3)C3CC4CC(C3)CC2C4)CC1,CHEMBL584107,0,med,1.0
QJACRCAPQIYMIH-UHFFFAOYSA-N,CC(=O)C(Cl)C(=O)N(C)C,,0,med,1.0
CIKWKGFPFXJVGW-UHFFFAOYSA-N,CCOc1ccc2nc3cc(N)ccc3c(N)c2c1,ethacridine,1,med,1.0
WCIMPGNOMNOHJN-WYMLVPIESA-N,COc1cc(/C=C/C(=O)NCCCNc2c3c(nc4ccccc24)CCCC3)ccc1O,CHEMBL255502,0,med,1.0
IPNWRXTVJQGPPN-UHFFFAOYSA-N,Cc1ccc2nc(NC(=S)NC(=O)c3ccccc3)sc2c1,CHEMBL496165,0,med,1.0
RZCKTPORLKUFGY-UHFFFAOYSA-N,Cc1cccc(Nc2cc(Cl)nc(SCC(=O)NCCO)n2)c1C,CHEMBL1908320,1,med,1.0
MYCMTMIGRXJNSO-UHFFFAOYSA-N,CCc1cc2cc(OC)c(OC)cc2c(Cc2ccccc2)n1,moxaverine,0,med,1.0
WYMSBXTXOHUIGT-UHFFFAOYSA-N,CCOP(=O)(OCC)Oc1ccc([N+](=O)[O-])cc1,paraoxon,0,med,1.0
CXQGFLBVUNUQIA-UHFFFAOYSA-N,CN(C)C(=O)CCCOC(=O)C(C)(C)Oc1ccc(Cl)cc1,clofibride,1,med,1.0
DGMZLCLHHVYDIS-UHFFFAOYSA-N,COc1ccc2c(C(=O)c3ccc(Cl)cc3)c(C)n(CC(=O)O)c2c1,Clometacin,1,high,2.0
NMCHYWGKBADVMK-UHFFFAOYSA-N,CC(Cc1ccccc1)NCCn1cnc2c1c(=O)n(C)c(=O)n2C,fenetylline,0,med,1.0
LEROTMJVBFSIMP-UHFFFAOYSA-N,CCC(C)C(C)(COC(N)=O)COC(N)=O,MEBUTAMATE,0,med,1.0
FGPPDYNPZTUNIU-UHFFFAOYSA-N,CCCCCOC(=O)CCCC,,0,med,1.0
SNAJJYBUNRAGEF-UHFFFAOYSA-N,CCC(O)OCC(C)OC(O)CC,,0,med,1.0
MMKRHZKQPFCLLS-UHFFFAOYSA-N,CCCCCCCCCCCCCC(=O)OCC,,0,med,1.0
LEACJMVNYZDSKR-UHFFFAOYSA-N,CCCCCCCCCCC(CO)CCCCCCCC,2-Octyldodecanol,0,med,1.0
DLZUHSFUBZTBQZ-UHFFFAOYSA-N,O=C(Cl)c1ccc(F)c(Cl)c1,,0,med,1.0
GETQZCLCWQTVFV-UHFFFAOYSA-N,CN(C)C,,0,med,1.0
YLUSMKAJIQOXPV-UHFFFAOYSA-N,Nc1c2c(nc3c1CCC3)CCCC2,ipidacrine,0,med,1.0
GGLIEWRLXDLBBF-UHFFFAOYSA-N,CCOc1ccc(NC(N)=O)cc1,,0,med,1.0
SKNUPXIXICTRJE-UHFFFAOYSA-N,CCCCc1ccc(Cl)cc1,,0,med,1.0
WWYNJERNGUHSAO-CULCCENASA-N,C#CC1(O)CC[C@H]2[C@@H]3CCC4=CC(=O)CC[C@@H]4[C@H]3CC[C@@]21CC,NORGESTREL,1,med,1.0
VGZSUPCWNCWDAN-UHFFFAOYSA-N,CC(=O)c1ccc(S(=O)(=O)NC(=O)NC2CCCCC2)cc1,ACETOHEXAMIDE,0,med,1.0
HKOIXWVRNLGFOR-KOFBORESSA-N,COc1ccc2c3c1O[C@H]1[C@@H](O)C=C[C@H]4[C@@H](C2)NCC[C@@]341,,0,med,1.0
VHVPQPYKVGDNFY-ZPGVKDDISA-N,CCC(C)n1ncn(-c2ccc(N3CCN(c4ccc(OC[C@H]5CO[C@](Cn6cncn6)(c6ccc(Cl)cc6Cl)O5)cc4)CC3)cc2)c1=O,Itraconazole,1,med,1.0
RTXOFQZKPXMALH-RWFJUVPESA-N,C=CC1=C(C(=O)O)N2C(=O)[C@@H](NC(=O)/C(=N/O)c3csc(N)n3)[C@H]2SC1,,0,med,1.0
JSDXOWVAHXDYCU-VXSYNFHWSA-N,CO[C@@]1(NC(=O)CSC[C@@H](N)C(=O)O)C(=O)N2C(C(=O)O)=C(CSc3nnnn3C)CS[C@@H]21,cefminox,1,med,1.0
QSKPIOLLBIHNAC-UHFFFAOYSA-N,O=CCCl,,0,med,1.0
RHGJXZFAEALZIR-GSSWQMCCSA-O,CCN(CC)c1ccc2c(-c3ccccc3C(=O)NCC(=O)NCC(=O)N[C@@H](CC(C)C)C(=O)N[C@@H](CCCCN)C(=O)N[C@H](CC(C)C)C(=O)N[C@@H](CC(C)C)C(=O)N[C@@H](CCCCN)C(=O)N[C@H](CCCCN)C(=O)N[C@@H](CC(C)C)C(=O)N[C@H](CC(C)C)C(=O)N[C@H](CCCCN)C(=O)N[C@@H](CCCCN)C(=O)N[C@@H](CC(C)C)C(=O)N[C@@H](CC(C)C)C(=O)N[C@H](CCCCN)C(=O)N[C@@H](CC(C)C)C(=O)N[C@@H](CC(C)C)C(N)=O)c3ccc(=[N+](CC)CC)cc-3oc2c1,CHEMBL4855781,1,med,1.0
CYXKNKQEMFBLER-UHFFFAOYSA-N,C1CCC(C(CC2CCCCN2)C2CCCCC2)CC1,Perhexiline,1,high,2.0
FMGSKLZLMKYGDP-USOAJAOKSA-N,C[C@]12CC[C@H](O)CC1=CC[C@@H]1[C@@H]2CC[C@]2(C)C(=O)CC[C@@H]12,,0,med,1.0
WNKQDGLSQUASME-UHFFFAOYSA-N,O=C(O)c1ccc(S(=O)(=O)O)cc1C(=O)O,,0,med,1.0
VMZVBRIIHDRYGK-UHFFFAOYSA-N,CN(C)Cc1cc(C(C)(C)C)c(O)c(C(C)(C)C)c1,,1,med,1.0
FJLGEFLZQAZZCD-MCBHFWOFSA-N,CC(C)n1c(/C=C/[C@@H](O)C[C@@H](O)CC(=O)O)c(-c2ccc(F)cc2)c2ccccc21,,1,med,1.0
AQYMRQUYPFCXDM-UHFFFAOYSA-N,COc1ccccc1NC(=O)c1cc2ccccc2cc1O,,1,med,1.0
FMWLUWPQPKEARP-UHFFFAOYSA-N,ClC(Cl)Br,,0,med,1.0
KKUKTXOBAWVSHC-UHFFFAOYSA-N,COP(=O)(O)OC,,0,med,1.0
XQVWYOYUZDUNRW-UHFFFAOYSA-N,c1ccc(Nc2cccc3ccccc23)cc1,,1,med,1.0
ONKUXPIBXRRIDU-UHFFFAOYSA-N,CCOC(=O)CCCCCCCCC(=O)OCC,,0,med,1.0
SIQPXVQCUCHWDI-UHFFFAOYSA-N,CCCn1c(=O)[nH]c(=O)c2[nH]cnc21,Enprofylline,0,med,1.0
HOGVTUZUJGHKPL-HTVVRFAVSA-N,CN1N=C(N)c2cn([C@@H]3O[C@H](CO)[C@@H](O)[C@H]3O)c3ncnc1c23,Triciribine,1,med,1.0
PWOSZCQLSAMRQW-UHFFFAOYSA-N,[Be+2],,0,med,1.0
HXEVQMXCHCDPSO-UHFFFAOYSA-N,Cc1onc(-c2ccccc2)c1C(=O)Cl,,0,med,1.0
GAWAYYRQGQZKCR-UHFFFAOYSA-N,CC(Cl)C(=O)O,,0,med,1.0
DZZWHBIBMUVIIW-DTORHVGOSA-N,C[C@@H]1CN(c2c(F)c(N)c3c(=O)c(C(=O)O)cn(C4CC4)c3c2F)C[C@H](C)N1,SPARFLOXACIN,0,med,1.0
ZQZCOBSUOFHDEE-UHFFFAOYSA-N,CCCO[Si](OCCC)(OCCC)OCCC,,0,med,1.0
PCXMKBOWWVXEDT-UHFFFAOYSA-N,CC(C(=O)Nc1cc(-c2ccccc2)nn1-c1ccccc1)N(C)C,CHEMBL2105587,1,med,1.0
KAUQJMHLAFIZDU-UHFFFAOYSA-N,O=C(O)c1ccc2cc(O)ccc2c1,,0,med,1.0
BRBKOPJOKNSWSG-UHFFFAOYSA-N,N=C(N)NS(=O)(=O)c1ccc(N)cc1,,0,med,1.0
JKAYAIYRZARNRQ-YTQUADARSA-N,CC(F)(F)c1nnc(N[C@H](c2cn3ncc([C@@H](C4CC4)N4C[C@@H](C(F)(F)F)NC4=O)cc3n2)C2CCC(F)(F)CC2)o1,CHEMBL5592636,1,med,1.0
ZCRBUWNCWCWRGL-UHFFFAOYSA-N,COC(=O)c1nc2cc(Cl)c3cccnc3c2o1,CHEMBL23811,1,med,1.0
XUGNVMKQXJXZCD-UHFFFAOYSA-N,CCCCCCCCCCCCCCCC(=O)OC(C)C,,0,med,1.0
GNTVDAGUYVYETP-UHFFFAOYSA-N,CC(=O)OCCc1sc(S(=O)(=O)NC(=O)Nc2cc(C(F)(F)F)c(F)c(N)n2)cc1C,CHEMBL1778556,0,med,1.0
YQUQWHNMBPIWGK-UHFFFAOYSA-N,CC(C)c1ccc(O)cc1,,0,med,1.0
XBHBWNFJWIASRO-UHFFFAOYSA-N,O=C(O)c1cn(-c2ccc(F)cc2)c2cc(N3CCNCC3)c(F)cc2c1=O,Sarafloxacin,0,med,1.0
KLTVSWGXIAYTHO-UHFFFAOYSA-N,C=CC(=O)CCCCC,,0,med,1.0
SGLKIEOMYXTGBH-UHFFFAOYSA-N,COCCOC(=O)CC#N,,0,med,1.0
GLDWASBMYWLQGG-UHFFFAOYSA-N,CCCCOCCOC(=O)COc1cc(Cl)c(Cl)cc1Cl,,0,med,1.0
AFSDNFLWKVMVRB-UHFFFAOYSA-N,O=c1oc2c(O)c(O)cc3c(=O)oc4c(O)c(O)cc1c4c23,Ellagic Acid,0,med,1.0
FRPZMMHWLSIFAZ-UHFFFAOYSA-N,C=CCCCCCCCCC(=O)O,undecylenic acid,0,med,1.0
XIURVHNZVLADCM-IUODEOHRSA-N,CC(=O)OCC1=C(C(=O)O)N2C(=O)[C@@H](NC(=O)Cc3cccs3)[C@H]2SC1,CEPHALOTHIN,1,high,2.0
PZIMIYVOZBTARW-UHFFFAOYSA-N,CCN(C(=O)N(CC)c1ccccc1)c1ccccc1,,1,med,1.0
MVOUIYUWRXPNKD-UHFFFAOYSA-N,COc1cc(C(=S)N2CCOCC2)cc(OC)c1OC,tritiozine,1,high,2.0
CZGIRAWWWHPJHM-UHFFFAOYSA-N,C#CC(C)(CC)OC(=O)c1ccccc1C(=O)O,Phthalofyne,0,med,1.0
NZCRJKRKKOLAOJ-XRCRFVBUSA-N,CO[C@H]1/C=C/O[C@@]2(C)Oc3c(C)c(O)c4c(O)c(c5c(nc6cc(C)ccn65)c4c3C2=O)NC(=O)/C(C)=C\C=C\[C@H](C)[C@H](O)[C@@H](C)[C@@H](O)[C@@H](C)[C@H](OC(C)=O)[C@@H]1C,RIFAXIMIN,1,med,1.0
SLXKOJJOQWFEFD-UHFFFAOYSA-N,NCCCCCC(=O)O,AMINOCAPROIC ACID,0,med,1.0
XMLSXPIVAXONDL-PLNGDYQASA-N,CC/C=C\CC1=C(C)CCC1=O,,0,med,1.0
XVBRCOKDZVQYAY-UHFFFAOYSA-N,O=[N+]([O-])C1(Br)COCOC1,,0,med,1.0
RJKCKKDSSSRYCB-UHFFFAOYSA-N,CC(C)N(Cc1ccccc1)C(=O)C(C)(C)C,,0,med,1.0
FJYJNLIEGUTPIJ-UHFFFAOYSA-N,Nc1c(I)cc(I)c(C(=O)N(CCC(=O)O)c2ccccc2)c1I,iobenzamic acid,0,med,1.0
NPPJLSILDPVHCM-UHFFFAOYSA-N,CCOC(=O)Cc1ccc(-c2ccccc2)cc1,,0,med,1.0
GLBJJMFZWDBELO-UHFFFAOYSA-N,COc1ccc(-c2nc3cc(C4=NNC(=O)CC4C)ccc3[nH]2)cc1,pimobendan,1,med,1.0
CSDTZUBPSYWZDX-UHFFFAOYSA-N,CCCCCON=O,Pentyl nitrite,0,med,1.0
PCEAPJVBSINMNW-UHFFFAOYSA-N,Brc1cc(-c2ccc(Br)c(Br)c2Br)cc(Br)c1Br,,1,med,1.0
XSIFPSYPOVKYCO-UHFFFAOYSA-N,CCCCOC(=O)c1ccccc1,,0,med,1.0
PEASPLKKXBYDKL-FXEVSJAOSA-N,CC[C@H](C)[C@H](NC(=O)[C@H](CC(C)C)NC(=O)[C@H](CO)NC(=O)[C@H](Cc1c[nH]cn1)NC(=O)[C@@H](NC(=O)[C@H](CC(C)C)NC(=O)[C@H](CO)NC(=O)[C@@H](NC(=O)[C@H](Cc1ccc(O)cc1)NC(C)=O)[C@@H](C)O)[C@@H](C)CC)C(=O)N[C@@H](CCC(=O)O)C(=O)N[C@@H](CCC(=O)O)C(=O)N[C@@H](CO)C(=O)N[C@@H](CCC(N)=O)C(=O)N[C@@H](CC(N)=O)C(=O)N[C@@H](CCC(N)=O)C(=O)N[C@@H](CCC(N)=O)C(=O)N[C@@H](CCC(=O)O)C(=O)N[C@@H](CCCCN)C(=O)N[C@@H](CC(N)=O)C(=O)N[C@@H](CCC(=O)O)C(=O)N[C@@H](CCC(N)=O)C(=O)N[C@@H](CCC(=O)O)C(=O)N[C@@H](CC(C)C)C(=O)N[C@@H](CC(C)C)C(=O)N[C@@H](CCC(=O)O)C(=O)N[C@@H](CC(C)C)C(=O)N[C@@H](CC(=O)O)C(=O)N[C@@H](CCCCN)C(=O)N[C@@H](Cc1c[nH]c2ccccc12)C(=O)N[C@@H](C)C(=O)N[C@@H](CO)C(=O)N[C@@H](CC(C)C)C(=O)N[C@@H](Cc1c[nH]c2ccccc12)C(=O)N[C@@H](CC(N)=O)C(=O)N[C@@H](Cc1c[nH]c2ccccc12)C(=O)N[C@@H](Cc1ccccc1)C(N)=O,enfuvirtide,1,med,1.0
VLDFPWQEHOEQCC-UHFFFAOYSA-N,COc1ccc(C(=O)NC(=S)Nc2nc3ccc(OC)cc3s2)cc1,CHEMBL498405,0,med,1.0
OKGGBPZMSDNNFA-UHFFFAOYSA-N,CC(C)(C)NCc1cc(Nc2ccnc3cc(Cl)ccc23)ccc1F,CHEMBL453384,1,med,1.0
OJYGBLRPYBAHRT-IPQSZEQASA-N,OC[C@@H](O)[C@H]1O[C@@H]2O[C@H](C(Cl)(Cl)Cl)O[C@@H]2[C@H]1O,chloralose,0,med,1.0
OERVVBDWGVOBIS-UHFFFAOYSA-N,COC(=O)c1ccc(NC(C)=O)cc1OC,,0,med,1.0
VONWDASPFIQPDY-UHFFFAOYSA-N,COP(C)(=O)OC,,0,med,1.0
LFSXCDWNBUNEEM-UHFFFAOYSA-N,c1ccc2cnncc2c1,,0,med,1.0
NITYDPDXAAFEIT-DYVFJYSZSA-N,CNC(=O)[C@H](Cc1c[nH]c2ccccc12)NC(=O)[C@@H](CC(=O)NO)CC(C)C,Ilomastat,0,med,1.0
ZOLLIQAKMYWTBR-UHFFFAOYSA-N,C1=CCCC=CCCC=CCC1,,0,med,1.0
VXOWJCTXWVWLLC-REGDIAEZSA-N,CCCC(=O)O[C@]1(C(=O)COC(=O)CC)[C@@H](C)C[C@H]2[C@@H]3CCC4=CC(=O)C=C[C@]4(C)[C@@]3(F)[C@@H](O)C[C@@]21C,betamethasone butyrate propionate,1,med,1.0
HYPPXZBJBPSRLK-UHFFFAOYSA-N,CCOC(=O)C1(c2ccccc2)CCN(CCC(C#N)(c2ccccc2)c2ccccc2)CC1,DIPHENOXYLATE HYDROCHLORIDE,1,med,1.0
CZZZABOKJQXEBO-UHFFFAOYSA-N,Cc1ccc(N)c(C)c1,,1,med,1.0
OHPVYKXTRACOSQ-UHFFFAOYSA-N,CC(C)(C)C(=O)OCOC(=O)C1N2C(=O)CC2S(=O)(=O)C1(C)C,,0,med,1.0
CMPQUABWPXYYSH-UHFFFAOYSA-N,O=P(O)(O)Oc1ccccc1,Phenyl phosphate,0,med,1.0
DTUQWGWMVIHBKE-UHFFFAOYSA-N,O=CCc1ccccc1,Phenylacetaldehyde,1,med,1.0
HOMGKSMUEGBAAB-UHFFFAOYSA-N,O=P1(NCCCl)OCCCN1CCCl,Ifosfamide,0,med,1.0
MVQVNTPHUGQQHK-UHFFFAOYSA-N,OCc1cccnc1,nicotinyl alcohol,0,med,1.0
JJTUDXZGHPGLLC-UHFFFAOYSA-N,CC1OC(=O)C(C)OC1=O,,0,med,1.0
FTALBRSUTCGOEG-UHFFFAOYSA-N,Nc1nc2ccc(OC(F)(F)F)cc2s1,Riluzole,1,med,1.0
SYLKGLMBLAAGSC-KUDFPVQQSA-N,NC(=O)c1cc[n+](CC2=C(C(=O)O)N3C(=O)[C@@H](NC(=O)[C@H](c4ccccc4)S(=O)(=O)[O-])[C@@H]3SC2)cc1,,0,med,1.0
NGTVDHYUFBKWID-UHFFFAOYSA-N,CCC(=O)N(c1ccccc1)C1CCN(C(C)Cc2ccccc2)CC1,alpha-Methylfentanyl,0,med,1.0
SSMSBSWKLKKXGG-UHFFFAOYSA-N,CC(C)NCC(O)c1ccccc1Cl,clorprenaline,0,med,1.0
INVWRXWYYVMFQC-UHFFFAOYSA-N,CC(C)=CCOC(=O)c1ccccc1,,0,med,1.0
HHZIURLSWUIHRB-UHFFFAOYSA-N,Cc1cn(-c2cc(NC(=O)c3ccc(C)c(Nc4nccc(-c5cccnc5)n4)c3)cc(C(F)(F)F)c2)cn1,Nilotinib hydrochloride,1,med,1.0
OPJWPPVYCOPDCM-UHFFFAOYSA-N,CCCCCCCCCCCCCCCCCC(=O)OCC(CC)CCCC,,0,med,1.0
RMFNNCGOSPBBAD-UHFFFAOYSA-N,CNC(=O)Oc1cccc(N=CN(C)C)c1,,1,med,1.0
CITHEXJVPOWHKC-UHFFFAOYSA-N,CCCCCCCCCCCCCC(=O)OCC(COP(=O)([O-])OCC[N+](C)(C)C)OC(=O)CCCCCCCCCCCCC,dimyristoylphosphatidylcholine,0,med,1.0
PVNIIMVLHYAWGP-UHFFFAOYSA-N,O=C(O)c1cccnc1,Niacin,0,med,1.0
MNSGOOCAMMSKGI-UHFFFAOYSA-N,O=C1c2ccccc2C(=O)N1CO,,0,med,1.0
QWWHRELOCZEQNZ-UHFFFAOYSA-N,O=C(C(Cl)Cl)N1CCOC12CCCCC2,,1,med,1.0
JOFDPSBOUCXJCC-UHFFFAOYSA-N,Cc1ccc(NC=O)c(C)c1,,0,med,1.0
BRKFTWHPLMMNHF-UHFFFAOYSA-N,Cc1ccc(N)cc1S(=O)(=O)O,,0,med,1.0
LNTHITQWFMADLM-UHFFFAOYSA-N,O=C(O)c1cc(O)c(O)c(O)c1,bismuth subgallate,1,med,1.0
ZUTCJXFCHHDFJS-UHFFFAOYSA-N,O=[N+]([O-])c1cccc2c([N+](=O)[O-])cccc12,,1,med,1.0
UHEPJGULSIKKTP-UHFFFAOYSA-N,CC(=O)CCC=C(C)C,,0,med,1.0
JWHAUXFOSRPERK-UHFFFAOYSA-N,CCCNCC(O)COc1ccccc1C(=O)CCc1ccccc1,Propafenone hydrochloride,1,high,2.0
ZGNITFSDLCMLGI-UHFFFAOYSA-N,Cc1cc(C(F)(C(F)(F)F)C(F)(F)F)ccc1NC(=O)c1cccc(I)c1C(=O)NC(C)(C)CS(C)(=O)=O,,1,med,1.0
HSSBORCLYSCBJR-UHFFFAOYSA-N,Nc1cc(Cl)cc(C(=O)O)c1Cl,,0,med,1.0
PUAQLLVFLMYYJJ-ZETCQYMHSA-N,C[C@H](N)C(=O)c1ccccc1,Cathinone,0,med,1.0
KSQCNASWXSCJTD-UHFFFAOYSA-N,COc1ccccc1N1CCN(CC(O)COc2cc(OC)c(OC)c(OC)c2)CC1,,0,med,1.0
GADOQTNZNVQUEX-UHFFFAOYSA-N,CC(C)=CCCC(C)=CCCn1cc(CC(P(=O)(O)O)P(=O)(O)O)nn1,CHEMBL5082037,0,med,1.0
RKAMCQVGHFRILV-UHFFFAOYSA-N,CCCCCCCCCCl,,0,med,1.0
FCGKUUOTWLWJHE-UHFFFAOYSA-N,CC(C)(C)c1cc([N+](=O)[O-])cc(C(C)(C)C)c1O,,1,med,1.0
RTGLJCSUKOLTEM-UHFFFAOYSA-N,CCCCC(CC)COC(=O)Cl,,0,med,1.0
GGHLXLVPNZMBQR-UHFFFAOYSA-N,O=C(Cl)c1cc(Cl)cc(Cl)c1,,0,med,1.0
RSQXKVWKJVUZDG-UHFFFAOYSA-N,Brc1cc2ccccc2c2ccccc12,,0,med,1.0
AUZUGWXLBGZUPP-GXDHUFHOSA-N,CC(C(=O)O)c1ccc(/C=C2\CCCCC2=O)cc1,Pelubiprofen,1,med,1.0
UQZVCDCIMBLVNR-LRGCSWIWSA-N,CS(=O)(=O)NC(=O)CCC/C=C\C[C@H]1C(=O)C[C@@H](O)[C@@H]1/C=C/[C@H](O)COc1ccccc1,,0,med,1.0
KGHYGBGIWLNFAV-UHFFFAOYSA-N,CC(C)(C)NCCNC(C)(C)C,,0,med,1.0
NZHGWWWHIYHZNX-CSKARUKUSA-N,COc1ccc(/C=C/C(=O)Nc2ccccc2C(=O)O)cc1OC,tranilast,0,med,1.0
VNGOYPQMJFJDLV-UHFFFAOYSA-N,COC(=O)c1cccc(C(=O)OC)c1,,0,med,1.0
XSXWOBXNYNULJG-UHFFFAOYSA-N,CC(C)(C)CC(C)(C)c1ccccc1O,,1,med,1.0
PTHDBHDZSMGHKF-UHFFFAOYSA-N,OCCC1CCCCN1,,0,med,1.0
HTSNFXAICLXZMA-CYBMUJFWSA-N,CCCN1CCC[C@@H](c2cccc(O)c2)C1,,0,med,1.0
MYHGOWDLVRDUFA-UHFFFAOYSA-N,CC(CC=O)c1ccccc1,,0,med,1.0
FXCYGAGBPZQRJE-ZHACJKMWSA-N,C=CCCC(=O)/C=C/C1C(C)=CCCC1(C)C,,1,med,1.0
VQOXZBDYSJBXMA-DIJMFWDCSA-N,C[C@@H]1[C@H](O)[C@@H](C)C=CC=CCCC=CC=CC=CC=C[C@H](O[C@H]2O[C@@H](C)[C@H](O)[C@@H](N)[C@H]2O)CC2O[C@](O)(C[C@@H](O)[C@H](O)CC[C@@H](O)C[C@@H](O)C[C@@H](O)CC(=O)O[C@H]1C)C[C@H](O)[C@H]2C(=O)O,,0,med,1.0
OEXHQOGQTVQTAT-UHFFFAOYSA-N,CC(C)[N+]1(C)C2CCC1CC(OC(=O)C(CO)c1ccccc1)C2,,0,med,1.0
GJJFMKBJSRMPLA-UHFFFAOYSA-N,CCN(CC)C(=O)C1(c2ccccc2)CC1CN,Milnacipran hydrochloride,1,med,1.0
IGXZMQCLUNTWCC-UHFFFAOYSA-N,O=C(Nc1ccc2c(O)c(N=Nc3ccc(N=Nc4ccc(S(=O)(=O)O)cc4)cc3)c(S(=O)(=O)O)cc2c1)c1ccccc1,,1,med,1.0
BQDBKDMTIJBJLA-UHFFFAOYSA-N,CS(=O)(=O)c1ccc2c(c1)N(CCCN1CCC(C(N)=O)CC1)c1ccccc1S2,metopimazine,1,med,1.0
QPQKUYVSJWQSDY-CCEZHUSRSA-N,Nc1ccc(/N=N/c2ccccc2)cc1,,1,med,1.0
FBRAWBYQGRLCEK-AVVSTMBFSA-N,CCCC(=O)O[C@]1(C(=O)CCl)[C@@H](C)C[C@H]2[C@@H]3CCC4=CC(=O)C=C[C@]4(C)[C@@]3(F)C(=O)C[C@@]21C,clobetasone butyrate,1,med,1.0
AFJYYKSVHJGXSN-QXOQAUICSA-N,CO[C@H]1C[C@H](O[C@@H]2C(C)=CC[C@@H]3C[C@@H](C[C@]4(CC[C@H](C)[C@@H](C5CCCCC5)O4)O3)OC(=O)[C@@H]3C=C(C)/C(=N/O)[C@H]4OCC(=CC=C[C@@H]2C)[C@]43O)O[C@@H](C)[C@@H]1O,,0,med,1.0
ILQGIJDYSLHIOX-UHFFFAOYSA-N,CC(C)(C)C(=O)CCc1ccc(Cl)cc1,,0,med,1.0
ZRIILUSQBDFVNY-UHFFFAOYSA-N,CCCCCCCCCCCCN1CCOCC1,,0,med,1.0
FAFMZORPAAGQFV-BREBYQMCSA-N,CCC(=O)O[C@@H]1C[C@H]2CC[C@]1(C)C2(C)C,,0,med,1.0
CBMIPXHVOVTTTL-UHFFFAOYSA-N,[Au+3],,1,med,1.0
DSKYSDCYIODJPC-UHFFFAOYSA-N,CCCCC(CC)(CO)CO,,0,med,1.0
ATROHALUCMTWTB-WYMLVPIESA-N,CCOP(=S)(OCC)O/N=C(\C#N)c1ccccc1,,1,med,1.0
PWVXXGRKLHYWKM-LJQANCHMSA-N,CN1CCC[C@@H]1Cc1c[nH]c2ccc(CCS(=O)(=O)c3ccccc3)cc12,ELETRIPTAN,1,high,2.0
YKFKEYKJGVSEIX-UHFFFAOYSA-N,CC(C)(C)C1CCC(=O)CC1,,1,med,1.0
IPBFYZQJXZJBFQ-UHFFFAOYSA-N,CCCCC1CCC(=O)O1,,0,med,1.0
UMKANAFDOQQUKE-UHFFFAOYSA-N,CCCN(CCC)c1c([N+](=O)[O-])cc(S(C)(=O)=O)cc1[N+](=O)[O-],,0,med,1.0
YAWIAFUBXXPJMQ-UHFFFAOYSA-N,Brc1ccc(Oc2ccc(Br)cc2)cc1,,1,med,1.0
RJKGJBPXVHTNJL-UHFFFAOYSA-N,O=[N+]([O-])c1cccc2ccccc12,,1,med,1.0
BCEHBSKCWLPMDN-MGPLVRAMSA-N,C[C@@H](c1ncncc1F)[C@](O)(Cn1cncn1)c1ccc(F)cc1F,Voriconazole,0,med,1.0
HFARBHYZTFLIOC-UHFFFAOYSA-N,O=C1NC(=O)C(Cc2coc3ccc(Cl)cc3c2=O)S1,CHEMBL3299132,0,med,1.0
VVDGWALACJEJKG-UHFFFAOYSA-N,CC(=O)NCc1c(I)c(NC(C)=O)c(I)c(C(=O)O)c1I,IODAMIDE MEGLUMINE,0,med,1.0
QGFSQVPRCWJZQK-UHFFFAOYSA-N,C=CCCCCCCCCO,,0,med,1.0
NWBJYWHLCVSVIJ-UHFFFAOYSA-N,c1ccc(CNc2[nH]cnc3ncnc2-3)cc1,,1,med,1.0
WNTRMRXAGJOLCU-UHFFFAOYSA-N,O=C1OC(O)C(C(Cl)Cl)=C1Cl,,1,med,1.0
DEQANNDTNATYII-RRCPSWKPSA-N,CC(O)[C@@H]1NC(=O)[C@H](CCCCN)NC(=O)[C@@H](Cc2c[nH]c3ccccc23)NC(=O)[C@H](Cc2ccccc2)NC(=O)[C@@H](NC(=O)[C@H](N)Cc2ccccc2)CSSC[C@@H](C(=O)N[C@H](CO)[C@@H](C)O)NC1=O,,0,med,1.0
WCXWARPXYQCRPP-UHFFFAOYSA-N,CCCCNC(C)(C)[PH](=O)O,,0,med,1.0
RDQSIADLBQFVMY-UHFFFAOYSA-N,CC(C)(C)C1=CC(=O)C=C(C(C)(C)C)C1=O,,1,med,1.0
OEBPANQZQGQPHF-UHFFFAOYSA-N,Cn1c(NCCN(CCO)CCCc2ccc([N+](=O)[O-])cc2)cc(=O)n(C)c1=O,nifekalant,0,med,1.0
OLOOJGVNMBJLLR-UHFFFAOYSA-N,CC(C)=CCOc1c2occc2cc2ccc(=O)oc12,,1,med,1.0
PGMYKACGEOXYJE-UHFFFAOYSA-N,CCCCCOC(C)=O,,1,med,1.0
MDNWOSOZYLHTCG-UHFFFAOYSA-N,Oc1ccc(Cl)cc1Cc1cc(Cl)ccc1O,dichlorophen,1,high,2.0
BWWHTIHDQBHTHP-UHFFFAOYSA-N,O=C(Cl)c1ccccc1[N+](=O)[O-],,0,med,1.0
VHWSRELATOUTAG-UHFFFAOYSA-N,Nc1ccccc1C(=O)OCC(O)CO,,0,med,1.0
UFWIBTONFRDIAS-UHFFFAOYSA-N,c1ccc2ccccc2c1,,0,med,1.0
DHCDFWKWKRSZHF-UHFFFAOYSA-N,O=S(O)(O)=S,THIOSULFURIC ACID,0,med,1.0
QBYJBZPUGVGKQQ-SUFXPJIHSA-N,ClC1=C(Cl)[C@]2(Cl)[C@@H]3[C@H]4C=CC(C4)[C@@H]3C1(Cl)C2(Cl)Cl,,1,med,1.0
XUIIKFGFIJCVMT-LBPRGKRZSA-N,N[C@@H](Cc1cc(I)c(Oc2cc(I)c(O)c(I)c2)c(I)c1)C(=O)O,Drug 117,1,high,2.0
CYLWJCABXYDINA-UHFFFAOYSA-N,CN1C(CSCC(F)(F)F)Nc2cc(Cl)c(S(N)(=O)=O)cc2S1(=O)=O,POLYTHIAZIDE,1,high,2.0
FTFRZXFNZVCRSK-UHFFFAOYSA-N,CN1CCC(Nc2ncc3ncnc(Nc4ccc(F)c(Cl)c4)c3n2)CC1,Falnidamol,1,high,2.0
ZBPKNQIMVQSMLB-UHFFFAOYSA-N,COc1cc2c(cc1OC)C(=O)C(CC1CCN(Cc3cccc(C)n3)CC1)C2,CHEMBL3919441,0,med,1.0
LAOZSCRCYVBSJA-UHFFFAOYSA-N,CC1(C)C(=O)NC(=O)NC1=O,,0,med,1.0
JNXDCMUUZNIWPQ-UHFFFAOYSA-N,CCCCCCCCOC(=O)c1ccc(C(=O)OCCCCCCCC)c(C(=O)OCCCCCCCC)c1,,0,med,1.0
XBEADGFTLHRJRB-UHFFFAOYSA-N,CCCCCCCCCCCc1ccccc1,,0,med,1.0
PXWUKZGIHQRDHL-UHFFFAOYSA-N,CCNc1nc(NC(C)C)nc(OC)n1,,0,med,1.0
UDEWPOVQBGFNGE-UHFFFAOYSA-N,CCCOC(=O)c1ccccc1,,0,med,1.0
QIJIUJYANDSEKG-UHFFFAOYSA-N,CC(C)(C)CC(C)(C)N,,0,med,1.0
LJYOFQHKEWTQRH-UHFFFAOYSA-N,O=C(CBr)c1ccc(O)cc1,,0,med,1.0
ATLJNLYIJOCWJE-CWMZOUAVSA-N,C[C@]12CC[C@H](O)C[C@H]1CC[C@@H]1[C@@H]2CC[C@]2(C)[C@@H](c3ccc(=O)oc3)C[C@H]3O[C@]132,bufogenin,1,med,1.0
IQADUMSPOQKAAO-UHFFFAOYSA-N,CCN(CC)CCOCCOC(=O)C(CC)(CC)c1ccccc1,,0,med,1.0
XNLICIUVMPYHGG-UHFFFAOYSA-N,CCCC(C)=O,,0,med,1.0
NMUSYJAQQFHJEW-KVTDHHQDSA-N,Nc1ncn([C@@H]2O[C@H](CO)[C@@H](O)[C@H]2O)c(=O)n1,AZACITIDINE,1,med,1.0
KUGUNHHHNWFJTM-UHFFFAOYSA-N,Cn1c(=O)c2c(nc3n2CCCN3Cc2c(F)cccc2Cl)n(C)c1=O,CHEMBL4521517,1,med,1.0
IOHJQSFEAYDZGF-UHFFFAOYSA-N,CCCCCCCCCCCCC1CO1,,0,med,1.0
TURHTASYUMWZCC-UHFFFAOYSA-N,Cc1c(C(=O)NCCO)[n+]([O-])c2ccccc2[n+]1[O-],,0,med,1.0
HVLLSGMXQDNUAL-UHFFFAOYSA-N,c1ccc(OP(Oc2ccccc2)Oc2ccccc2)cc1,,0,med,1.0
DZCOAQKTFAIFRV-UHFFFAOYSA-N,Cc1cc(C)c(S(=O)(=O)O)cc1N=Nc1cc(S(=O)(=O)O)c2ccccc2c1O,,0,med,1.0
WPNJAUFVNXKLIM-UHFFFAOYSA-N,COc1nc(C)nc(Cl)c1NC1=NCCN1,MOXONIDINE,1,med,1.0
VJGGHXVGBSZVMZ-QIZQQNKQSA-N,O=C(O)CCC/C=C\C[C@@H]1[C@@H](/C=C/[C@@H](O)COc2cccc(Cl)c2)[C@H](O)C[C@@H]1O,Cloprostenol,0,med,1.0
ASWVTGNCAZCNNR-UHFFFAOYSA-N,Cc1cc(C)nc(NS(=O)(=O)c2ccc(N)cc2)n1,,0,med,1.0
AFBPFSWMIHJQDM-UHFFFAOYSA-N,CNc1ccccc1,,0,med,1.0
QELUYTUMUWHWMC-UHFFFAOYSA-N,CC1=NN(c2ccccc2)C(=O)C1,EDARAVONE,1,med,1.0
LNYZEFQMIURYEI-UHFFFAOYSA-N,NC(=O)Nc1nc2ccccc2[nH]1,,0,med,1.0
DDLBHIIDBLGOTE-UHFFFAOYSA-N,O=S(=O)(O)CC(O)CCl,,0,med,1.0
QBYJBZPUGVGKQQ-WVWMLWNASA-N,ClC1=C(Cl)[C@]2(Cl)[C@H]3[C@H]([C@H]4C=C[C@H]3C4)[C@@]1(Cl)C2(Cl)Cl,,1,med,1.0
WRUUGTRCQOWXEG-UHFFFAOYSA-N,NCCC(O)(P(=O)(O)O)P(=O)(O)O,PAMIDRONIC ACID,1,high,2.0
XJSFLOJWULLJQS-WJBNFFGSSA-N,COC1[C@@H](O[C@@H]2O[C@H](C)[C@@H](O[C@H]3C[C@@](C)(O)[C@H](OC(=O)CC(C)C)[C@H](C)O3)[C@H](N(C)C)[C@H]2O)[C@@H](CC=O)C[C@@H](C)[C@@H](O)C=CC=CC[C@@H](C)OC(=O)C[C@H]1OC(C)=O,,0,med,1.0
VREFGVBLTWBCJP-UHFFFAOYSA-N,Cc1nnc2n1-c1ccc(Cl)cc1C(c1ccccc1)=NC2,Alprazolam,1,high,2.0
SIXLXDIJGIWWFU-UHFFFAOYSA-N,Cc1ncc(CSSCc2cnc(C)c(O)c2CO)c(CO)c1O,CHEMBL488093,1,high,2.0
WDZVGELJXXEGPV-UHFFFAOYSA-N,NC(N)=NN=Cc1c(Cl)cccc1Cl,"2-[(2,6-Dichlorophenyl)methylideneamino]guanidine",0,med,1.0
KPYSYYIEGFHWSV-UHFFFAOYSA-N,NCC(CC(=O)O)c1ccc(Cl)cc1,Baclofen,0,med,1.0
CWFOCCVIPCEQCK-UHFFFAOYSA-N,CCOCn1c(-c2ccc(Cl)cc2)c(C#N)c(Br)c1C(F)(F)F,,1,med,1.0
OZDGMOYKSFPLSE-UHFFFAOYSA-N,CC1CN1,,0,med,1.0
BMTAFVWTTFSTOG-UHFFFAOYSA-N,CCSC(=O)N(CC(C)C)CC(C)C,,0,med,1.0
QZYNWJQFTJXIRN-UHFFFAOYSA-N,Clc1cc(Cl)c(Cl)c(Cl)c1,,0,med,1.0
WVYWICLMDOOCFB-UHFFFAOYSA-N,CC(C)CC(C)O,,0,med,1.0
QAOWNCQODCNURD-UHFFFAOYSA-N,O=S(=O)(O)O,SODIUM SULFATE ANHYDROUS,0,med,1.0
SDKQRNRRDYRQKY-UHFFFAOYSA-N,CNC(=O)Oc1ccccc1C1OCCO1,,0,med,1.0
CPTBDICYNRMXFX-UHFFFAOYSA-N,CNNCc1ccc(C(=O)NC(C)C)cc1,Procarbazine hydrochloride,1,high,2.0
SBNKFTQSBPKMBZ-UHFFFAOYSA-N,CCOc1ccccc1C(N)=O,ethenzamide,1,med,1.0
POQDXIFVWVZVML-UHFFFAOYSA-N,CCC(=O)N(c1ccccc1)C1CCN(Cc2ccccc2)CC1,N-(1-Benzyl-4-piperidyl)-N-phenylpropanamide,0,med,1.0
HCRKCZRJWPKOAR-JTQLQIEISA-N,CCN[C@H]1CN(CCCOC)S(=O)(=O)c2sc(S(N)(=O)=O)cc21,BRINZOLAMIDE,0,med,1.0
KISVAASFGZJBCY-UHFFFAOYSA-N,C=CCCCCCCCCC(=O)OC,,0,med,1.0
AVFZOVWCLRSYKC-UHFFFAOYSA-N,CN1CCCC1,,0,med,1.0
APTGJECXMIKIET-WOSSHHRXSA-N,C#C[C@]1(OC(=O)CCCCCC)CC[C@H]2[C@@H]3CCC4=CC(=O)CC[C@@H]4[C@H]3CC[C@@]21C,norethindrone enanthate,1,med,1.0
BUYNWUMUDHPPDS-UHFFFAOYSA-N,CCCCCC(=O)OCCc1ccccc1,,0,med,1.0
JFJZZMVDLULRGK-URLMMPGGSA-O,COc1cc2c3cc1Oc1cc(ccc1O)C[C@@H]1c4c(cc(OC)c(O)c4Oc4ccc(cc4)C[C@@H]3N(C)CC2)CC[N+]1(C)C,TUBOCURARINE,0,med,1.0
IMSSROKUHAOUJS-MJCUULBUSA-N,C#C[C@]1(O)CC[C@H]2[C@@H]3CCc4cc(OC)ccc4[C@H]3CC[C@@]21C,MESTRANOL,1,high,2.0
BUEXWHUMUYQITQ-UHFFFAOYSA-N,COc1cc(OC)c(Cl)c(NC(=O)N(C)c2cc(Nc3ccc(N4CCN(C(=O)C5CCN(c6ccc7c(c6)C(=O)N(C6CCC(=O)NC6=O)C7=O)CC5)CC4)cc3)ncn2)c1Cl,CHEMBL5403145,0,med,1.0
XCPGHVQEEXUHNC-UHFFFAOYSA-N,COc1cc(NS(C)(=O)=O)ccc1Nc1c2ccccc2nc2ccccc12,amsacrine,1,high,2.0
KWGUFOITWDSNQY-UHFFFAOYSA-N,CCOP(=S)(OCC)Oc1cc(Cl)c(Br)cc1Cl,,1,med,1.0
VHSHLMUCYSAUQU-UHFFFAOYSA-N,C=C(C)C(=O)OCC(C)O,,0,med,1.0
PLAZTCDQAHEYBI-UHFFFAOYSA-N,Cc1ccccc1[N+](=O)[O-],,0,med,1.0
DWONJCNDULPHLV-HOTGVXAUSA-N,OC[C@H](Cc1cccc(O)c1)[C@H](CO)Cc1cccc(O)c1,,0,med,1.0
HQABUPZFAYXKJW-UHFFFAOYSA-N,CCCCN,Butylamine,0,med,1.0
OKDGRDCXVWSXDC-UHFFFAOYSA-N,Clc1ccccn1,,0,med,1.0
JMMWKPVZQRWMSS-UHFFFAOYSA-N,CC(=O)OC(C)C,,0,med,1.0
LUYISICIYVKBTA-UHFFFAOYSA-N,Cc1ccc2ncccc2c1,,0,med,1.0
DNBPMBJFRRVTSJ-UHFFFAOYSA-N,COc1ccc2[nH]cc(CCN(C(C)C)C(C)C)c2c1,"5-Methoxy-N,N-Diisopropyltryptamine",0,med,1.0
JFHCDEYLWGVZMX-UHFFFAOYSA-N,CC(C)CCOC(=O)C=Cc1ccccc1,,0,med,1.0
FBPFZTCFMRRESA-KVTDHHQDSA-N,OC[C@@H](O)[C@@H](O)[C@H](O)[C@H](O)CO,MANNITOL,0,med,1.0
XQZXYNRDCRIARQ-LURJTMIESA-N,C[C@H](O)C(=O)Nc1c(I)c(C(=O)NC(CO)CO)c(I)c(C(=O)NC(CO)CO)c1I,IOPAMIDOL,1,high,2.0
DEQANNDTNATYII-OULOTJBUSA-N,C[C@@H](O)[C@@H]1NC(=O)[C@H](CCCCN)NC(=O)[C@@H](Cc2c[nH]c3ccccc23)NC(=O)[C@H](Cc2ccccc2)NC(=O)[C@@H](NC(=O)[C@H](N)Cc2ccccc2)CSSC[C@@H](C(=O)N[C@H](CO)[C@@H](C)O)NC1=O,CHEMBL1680,1,med,1.0
DQCKKXVULJGBQN-XFWGSAIBSA-N,O=C1CC[C@@]2(O)[C@H]3Cc4ccc(O)c5c4[C@@]2(CCN3CC2CC2)[C@H]1O5,NALTREXONE,0,med,1.0
QRBVCAWHUSTDOT-UHFFFAOYSA-N,COCCc1ccccn1,,0,med,1.0
VZGDMQKNWNREIO-UHFFFAOYSA-N,ClC(Cl)(Cl)Cl,carbon tetrachloride,1,high,2.0
HJUFTIJOISQSKQ-UHFFFAOYSA-N,CCOC(=O)NCCOc1ccc(Oc2ccccc2)cc1,,1,med,1.0
JYQUHIFYBATCCY-UHFFFAOYSA-N,CCOP(=S)(OCC)Oc1cnc2ccccc2n1,,1,med,1.0
BLMPQMFVWMYDKT-NZTKNTHTSA-N,CC(C)C[C@H](NC(=O)[C@H](CCc1ccccc1)NC(=O)CN1CCOCC1)C(=O)N[C@@H](Cc1ccccc1)C(=O)N[C@@H](CC(C)C)C(=O)[C@@]1(C)CO1,Carfilzomib,1,med,1.0
RURPJGZXBHYNEM-GDAWTGGTSA-N,CC(C/N=C/c1ccccc1O)/N=C/c1ccccc1O,,1,med,1.0
ZDAZUJBASMCUAK-UHFFFAOYSA-N,O=C(NCCc1c[nH]c2ccccc12)c1cccnc1,,1,med,1.0
PGIBJVOPLXHHGS-UHFFFAOYSA-N,CCCCCCCCCCOC(=O)c1ccccc1C(=O)OCCCCCCCCCC,,0,med,1.0
BTNNPSLJPBRMLZ-UHFFFAOYSA-N,CC(=C(CCOP(=O)(O)O)SC(=O)c1ccccc1)N(C=O)Cc1cnc(C)nc1N,,0,med,1.0
AURFZBICLPNKBZ-YZRLXODZSA-N,CC(=O)[C@H]1CC[C@H]2[C@@H]3CC[C@@H]4C[C@H](O)CC[C@]4(C)[C@H]3CC[C@]12C,eltanolone,1,med,1.0
RWXRJSRJIITQAK-ZSBIGDGJSA-N,CN1[C@@H]2CC[C@H]1C[C@@H](NC(=O)n1c(=O)[nH]c3ccccc31)C2,,0,med,1.0
MRNFJGKBVOEKRP-CFRMEGHHSA-N,Cc1cc(COc2ccc3c(c2)O/C(=C\c2ccc(C(F)(F)F)cc2)C3=O)cc(C)c1OC(C)(C)C(=O)O,CHEMBL4872922,0,med,1.0
REIUXOLGHVXAEO-UHFFFAOYSA-N,CCCCCCCCCCCCCCCO,,0,med,1.0
YJIRZJAZKDWEIJ-UHFFFAOYSA-N,O=C(Cl)c1c(Cl)c(Cl)c(C(=O)Cl)c(Cl)c1Cl,,0,med,1.0
SUXQDLLXIBLQHW-UHFFFAOYSA-N,CC1Sc2c(C(=O)O)c(=O)c3cc(F)c(N4CCNCC4)cc3n21,,0,med,1.0
JQXXHWHPUNPDRT-KBVDROCUSA-N,CO[C@H]1C=CO[C@@]2(C)Oc3c(C)c(O)c4c(O)c(c(/C=N/N5CCN(C)CC5)c(O)c4c3C2=O)NC(=O)C(C)=CC=C[C@H](C)[C@H](O)[C@@H](C)[C@@H](O)[C@@H](C)[C@H](OC(C)=O)[C@@H]1C,,1,med,1.0
WYZDXEKUWRCKOB-YDSAWKJFSA-N,C[C@]12CCC(=O)C[C@@H]1CC[C@@H]1[C@@H]2CC[C@@]2(C)[C@H]1CC[C@]2(C)O,mestanolone,0,med,1.0
JVWOCHRRAWHKLT-UHFFFAOYSA-N,CCN(CC)CCOC(=O)c1cccnc1,nicametate,0,med,1.0
JLYXXMFPNIAWKQ-UHFFFAOYSA-N,ClC1C(Cl)C(Cl)C(Cl)C(Cl)C1Cl,Hexachlorocyclohexane,0,med,1.0
PLDUPXSUYLZYBN-UHFFFAOYSA-N,OCCN1CCN(CCCN2c3ccccc3Sc3ccc(C(F)(F)F)cc32)CC1,FLUPHENAZINE,1,med,1.0
YPPZCRZRQHFRBH-UHFFFAOYSA-N,O=C1CCCc2c(O)cccc21,,0,med,1.0
TXUICONDJPYNPY-FRXWOFFRSA-N,CCCCCCC(=O)O[C@H]1CC[C@H]2[C@@H]3CC[C@H]4CC(=O)C=C(C)[C@]4(C)[C@H]3CC[C@]12C,,0,med,1.0
FQELZLMTAPJJOL-UHFFFAOYSA-N,COc1cc2oc(=O)c(C)c(C)c2cc1OCCCN1CCN(c2ccccc2OC)CC1,CHEMBL1963107,1,med,1.0
FYOWZTWVYZOZSI-UHFFFAOYSA-N,N=C(N)S(=O)O,,0,med,1.0
XSTXAVWGXDQKEL-UHFFFAOYSA-N,ClC=C(Cl)Cl,trichloroethylene,0,med,1.0
JWBOIMRXGHLCPP-UHFFFAOYSA-N,Clc1ccc(C(c2ccccc2Cl)C(Cl)Cl)cc1,MITOTANE,1,med,1.0
VEMGKBUHUTYHHA-UHFFFAOYSA-N,CC1=NN(c2cccc(S(=O)(=O)O)c2)C(=O)C1,,0,med,1.0
VJJPUSNTGOMMGY-NBJJDLTASA-N,COc1cc([C@@H]2c3cc4c(cc3C(O[C@@H]3O[C@@H]5CO[C@@H](C)O[C@H]5[C@H](O)[C@H]3O)C3COC(=O)[C@@H]32)OCO4)cc(OC)c1O,,1,med,1.0
ADEBPBSSDYVVLD-UHFFFAOYSA-N,COc1cc2c(cc1OC)C(=O)C(CC1CCN(Cc3ccccc3)CC1)C2,Donepezil hydrochloride,0,med,1.0
AZVYYSCOCHRFKW-UHFFFAOYSA-N,O=C1CCC(=O)N1CO,,0,med,1.0
BIDNLKIUORFRQP-FKDWWROVSA-N,CCC(=O)OC(OP(=O)(CCCCc1ccccc1)CC(=O)N1C[C@H](C2CCCCC2)C[C@H]1C(=O)O)C(C)C,Drug 1134,0,med,1.0
BPZSYCZIITTYBL-YJYMSZOUSA-N,COc1ccc(C[C@@H](C)NC[C@H](O)c2ccc(O)c(NC=O)c2)cc1,ARFORMOTEROL,0,med,1.0
ANGDWNBGPBMQHW-UHFFFAOYSA-N,COC(=O)CC#N,,0,med,1.0
OOWFYDWAMOKVSF-UHFFFAOYSA-N,COCCC#N,,0,med,1.0
WEAPVABOECTMGR-UHFFFAOYSA-N,CCOC(=O)CC(CC(=O)OCC)(OC(C)=O)C(=O)OCC,,0,med,1.0
RRKTZKIUPZVBMF-IBTVXLQLSA-N,COc1cc2c(cc1OC)[C@@]13CCN4CC5=CCO[C@H]6CC(=O)N2[C@H]1[C@H]6[C@H]5C[C@H]43,,0,med,1.0
YWPHCCPCQOJSGZ-UHFFFAOYSA-N,CCOc1ccccc1OCC1CNCCO1,VILOXAZINE,1,high,2.0
WNBGYVXHFTYOBY-UHFFFAOYSA-N,CCCCCCCCCCCCCC[N+](C)(C)Cc1ccccc1,Myristalkonium ion,1,med,1.0
CRPUJAZIXJMDBK-UHFFFAOYSA-N,C=C1C2CCC(C2)C1(C)C,,0,med,1.0
MLLAPOCBLWUFAP-UHFFFAOYSA-N,CC(C)CCOC(=O)c1ccccc1,,0,med,1.0
VZUNGTLZRAYYDE-UHFFFAOYSA-N,CN(N=O)C(=N)N[N+](=O)[O-],,1,med,1.0
MVEBDOSCXOQNAR-UHFFFAOYSA-N,O=C(c1ccccc1)C1CCC1,,1,med,1.0
CFZLNRGUBAVQNO-UHFFFAOYSA-N,O=C1CCC(=O)N1c1cc(Cl)cc(Cl)c1,CHEMBL561915,1,med,1.0
ZYWUVGFIXPNBDL-UHFFFAOYSA-N,CC(C)N(CCO)C(C)C,,0,med,1.0
WZIXOZNAMZUGQS-ATVHPVEESA-N,CCN(CC)CCNC(=O)C1C(C)=NC(/C=C2\C(=O)Nc3ccc(F)cc32)=C1C,,0,med,1.0
PFEFOYRSMXVNEL-UHFFFAOYSA-N,CC(C)(C)c1cc(C(C)(C)C)c(O)c(C(C)(C)C)c1,,1,med,1.0
KRMDCWKBEZIMAB-UHFFFAOYSA-N,CN(C)CCC=C1c2ccccc2CCc2ccccc21,Amitriptyline hydrochloride,0,med,1.0
NBRKLOOSMBRFMH-UHFFFAOYSA-N,CC(C)(C)Cl,,0,med,1.0
DIKPQFXYECAYPC-UHFFFAOYSA-N,CCCCN(CCCCO)N=O,,0,med,1.0
BAZVSMNPJJMILC-UHFFFAOYSA-N,CC(C)(C)C(O)C(Oc1ccc(Cl)cc1)n1cncn1,,1,med,1.0
ORRZGUBHBVWWOP-UHFFFAOYSA-N,CCC1(C)CC(=O)NC(=O)C1,bemegride,0,med,1.0
WCIQNYOXLZQQMU-UHFFFAOYSA-N,CCC(=O)OC(C)c1ccccc1,,0,med,1.0
WTPSHLVHJOJDIF-UHFFFAOYSA-N,Clc1cc(Cl)c2c(c1)N=C1CCCCCN1C2,,0,med,1.0
VPRAQYXPZIFIOH-OCCSQVGLSA-N,C#CCN1CC(=O)N(COC(=O)[C@@H]2[C@@H](C=C(C)C)C2(C)C)C1=O,,0,med,1.0
KGGVGTQEGGOZRN-UHFFFAOYSA-N,CCCC=NO,,0,med,1.0
GSVQIUGOUKJHRC-UHFFFAOYSA-N,CC(=O)N(CC(C)C(=O)O)c1c(I)cc(I)c(N)c1I,IOCETAMIC ACID,0,med,1.0
BDNFQGRSKSQXRI-XMMPIXPASA-N,c1ccc(C(O[C@@H]2CCCN(CCc3ccc4c(c3)OCO4)C2)c2ccccc2)cc1,,1,med,1.0
MGUKYHHAGPFJMC-UHFFFAOYSA-N,Cc1cc(C2(c3cc(C)c(O)cc3C)OS(=O)(=O)c3ccccc32)c(C)cc1O,,1,med,1.0
HHMCAJWVGYGUEF-UHFFFAOYSA-N,O=[N+]([O-])c1ccc(Oc2ccc(C(F)(F)F)cc2[N+](=O)[O-])cc1,,1,med,1.0
RIWRBSMFKVOJMN-UHFFFAOYSA-N,CC(C)(O)Cc1ccccc1,,0,med,1.0
FTVFPPFZRRKJIH-UHFFFAOYSA-N,CC1(C)CC(N)CC(C)(C)N1,,0,med,1.0
LXIKEPCNDFVJKC-QXMHVHEDSA-N,NC(=O)N1C(=O)/C(=C(\O)c2cccs2)c2cc(Cl)ccc21,tenidap,1,med,1.0
ARZWATDYIYAUTA-UHFFFAOYSA-N,Cn1c(N)nc2c3cccnc3ccc21,,1,med,1.0
POPOYOKQQAEISW-UHFFFAOYSA-N,O=c1[nH]sc2cc(Cl)ccc12,ticlatone,1,med,1.0
NUANGSLQWFBVEH-UHFFFAOYSA-N,CCCCC1CCC(O)CC1,,0,med,1.0
RVKCCVTVZORVGD-UHFFFAOYSA-N,CCOC(=O)C1CC(=O)C(=C(O)C2CC2)C(=O)C1,,0,med,1.0
LEQAOMBKQFMDFZ-UHFFFAOYSA-N,O=CC=O,,0,med,1.0
HPSUPGAVFFFPMQ-UHFFFAOYSA-N,CCC(Cl)CCC(Cl)C(Cl)CC(Cl)C(Cl)C(Cl)CCl,,0,med,1.0
DGKXDLCVQSQVBC-UHFFFAOYSA-N,CC(=O)OCCC(C)CC(C)(C)C,,0,med,1.0
LIUKBAIABYHLPL-UHFFFAOYSA-N,CC(C(=O)NCCCCCCNc1c2c(nc3ccccc13)CCCC2)c1ccc(-c2ccccc2)c(F)c1,CHEMBL2376472,0,med,1.0
FSWDLYNGJBGFJH-UHFFFAOYSA-N,CCC(C)Nc1ccc(NC(C)CC)cc1,,1,med,1.0
UHKUIJJADXRPQM-UHFFFAOYSA-N,NNC(=O)Nc1cc2cc([N+](=O)[O-])ccc2s1,CHEMBL447899,0,med,1.0
NPFYZDNDJHZQKY-UHFFFAOYSA-N,O=C(c1ccccc1)c1ccc(O)cc1,,1,med,1.0
QNAYBMKLOCPYGJ-UWTATZPHSA-N,C[C@@H](N)C(=O)O,D-Alanine,0,med,1.0
RBNWAMSGVWEHFP-UHFFFAOYSA-N,CC1(O)CCC(C(C)(C)O)CC1,4-(2-Hydroxypropan-2-yl)-1-methylcyclohexan-1-ol--water (1/1),0,med,1.0
YTBDPHYVGACIPC-UHFFFAOYSA-N,Cc1[nH]cnc1CSCCNc1nc(=O)c(Cc2ccc3c(c2)OCO3)c[nH]1,CHEMBL2110657,1,med,1.0
ISCHOARKJADAKJ-UHFFFAOYSA-N,CCOC(=O)Cn1cccc1-c1nc(-c2ccc(OC)cc2)c(-c2ccc(OC)cc2)s1,,1,med,1.0
LNCPIMCVTKXXOY-UHFFFAOYSA-N,C=C(C)C(=O)OCCCCCC,,0,med,1.0
OXLZNBCNGJWPRV-UHFFFAOYSA-N,Oc1ccc(C(O)CNCCCCCCNCC(O)c2ccc(O)c(O)c2)cc1O,hexoprenaline,0,med,1.0
DMJWENQHWZZWDF-PKOBYXMFSA-N,CN1CCc2cc(Cl)c(O)cc2[C@H]2c3ccccc3CC[C@@H]21,Ecopipam,0,med,1.0
LOCIGFDPZFJXFT-UHFFFAOYSA-N,Cc1c(C)n(CCN(C)C)c2ccc(C(=O)OCCN(C)C)cc12,,0,med,1.0
UAOMVDZJSHZZME-UHFFFAOYSA-N,CC(C)NC(C)C,,0,med,1.0
LLEMOWNGBBNAJR-UHFFFAOYSA-N,Oc1ccccc1-c1ccccc1,biphenylol,1,med,1.0
DKGZKTPJOSAWFA-UHFFFAOYSA-N,O=C(CCCN1CCC2(CC1)C(=O)NCN2c1ccccc1)c1ccc(F)cc1,spiperone,1,med,1.0
RNHWYOLIEJIAMV-UHFFFAOYSA-N,CCCCCCCCCCCCCCCl,,0,med,1.0
IUADYGVMSDKSMB-UHFFFAOYSA-N,CC(C)CC(O)Cc1ccccc1,,0,med,1.0
XMDYZASWLGWIPL-DJWKRKHSSA-N,Nc1c(NC/C=C\COc2cc(CN3CCCCC3)ccn2)c(=O)c1=O,,0,med,1.0
PRLVTUNWOQKEAI-UHFFFAOYSA-N,CC(C)N1C(=O)N(c2ccccc2)CSC1=NC(C)(C)C,,0,med,1.0
BRLQWZUYTZBJKN-UHFFFAOYSA-N,ClCC1CO1,Drug 126,0,med,1.0
NCOOUEIQXVWKTO-QPJJXVBHSA-N,O=C(/C=C/c1cccc(F)c1)NC1CC1,,0,med,1.0
PDMMFKSKQVNJMI-BLQWBTBKSA-N,CCC(=O)O[C@H]1CC[C@H]2[C@@H]3CCC4=CC(=O)CC[C@]4(C)[C@H]3CC[C@]12C,TESTOSTERONE PROPIONATE,0,med,1.0
CMBSSVKZOPZBKW-UHFFFAOYSA-N,Cc1ccc(N)nc1,,0,med,1.0
KQZIDOFFYMUKKF-DYTRJAOYSA-N,O=C(/C=C/c1cn(-c2ccccc2)nc1-c1ccc(OCc2ccccc2)cc1)c1ccccc1,CHEMBL4443726,0,med,1.0
DLURHXYXQYMPLT-UHFFFAOYSA-N,Cc1ccc(N)c([N+](=O)[O-])c1,,0,med,1.0
QUGPSPNIFZMGKK-INMPTZRCSA-N,CC[C@H](C)C1=C2N=C3OC=CC=C[C@@]34OC[C@H]3O[C@@]4(OC3(C)C)N2[C@@H](Cc2ccccc2)C(=O)N1,CHEMBL4789198,1,med,1.0
MTDCXFZGUVZRSQ-UHFFFAOYSA-N,CCCCCC=CCC(=O)OC,,0,med,1.0
UYJUZNLFJAWNEZ-UHFFFAOYSA-N,c1coc(-c2nc3ccccc3[nH]2)c1,,1,med,1.0
QXRSDHAAWVKZLJ-DMYVKTNGSA-N,C/C(=C\c1csc(C)n1)C1C[C@@H]2O[C@]2(C)CCC[C@H](C)C(O)[C@@H](C)C(=O)C(C)(C)[C@@H](O)CC(=O)O1,,1,med,1.0
HHLCSFGOTLUREE-UHFFFAOYSA-N,O=[N+]([O-])c1cc(Cl)c(Cl)c(Cl)c1,,0,med,1.0
FMCUPJKTGNBGEC-UHFFFAOYSA-N,Nn1cnnc1,,0,med,1.0
JFVMOLRNQCNLCH-UHFFFAOYSA-L,O=C(O)C1O[Sb]2OC(=O)C(O2)C(C(=O)O)O[Sb]2OC(=O)C1O2,,1,med,1.0
IQZUZPKOFSOVET-UHFFFAOYSA-N,CC(C)COC(=O)C=Cc1ccccc1,,0,med,1.0
DJHCCTTVDRAMEH-DUUJBDRPSA-N,CCC(=O)OCC(=O)[C@@]1(OC(=O)CC)[C@H](C)C[C@H]2[C@H]3[C@H]([C@@H](O)C[C@@]21C)[C@@]1(C)C=CC(=O)C=C1C[C@H]3Cl,ALCLOMETASONE DIPROPIONATE,0,med,1.0
CDOSHBSSFJOMGT-UHFFFAOYSA-N,C=CC(C)(O)CCC=C(C)C,,0,med,1.0
GBPZSCQLDXUGNO-UHFFFAOYSA-N,CCC(C(=O)NC(=O)NC(C)=O)c1ccccc1,acetylpheneturide,0,med,1.0
LQOLIRLGBULYKD-JKIFEVAISA-N,Cc1onc(-c2ccccc2Cl)c1C(=O)N[C@@H]1C(=O)N2[C@@H]1SC(C)(C)[C@@H]2C(=O)O,Drug 914,1,high,2.0
VZSXTYKGYWISGQ-UHFFFAOYSA-N,CN1CCC(N(Cc2ccccc2)c2ccccc2)CC1,bamipine,0,med,1.0
QPFMBZIOSGYJDE-UHFFFAOYSA-N,ClC(Cl)C(Cl)Cl,,0,med,1.0
RBFQJDQYXXHULB-UHFFFAOYSA-N,[AsH3],CHEMBL1231052,1,med,1.0
UHUFTBALEZWWIH-UHFFFAOYSA-N,CCCCCCCCCCCCCC=O,,0,med,1.0
ZBCBWPMODOFKDW-UHFFFAOYSA-N,OCCNCCO,,0,med,1.0
HVFLCNVBZFFHBT-ZKDACBOMSA-N,CO/N=C(\C(=O)N[C@@H]1C(=O)N2C(C(=O)[O-])=C(C[N+]3(C)CCCC3)CS[C@H]12)c1csc(N)n1,CEFEPIME,1,med,1.0
PQJJJMRNHATNKG-UHFFFAOYSA-N,CCOC(=O)CBr,,0,med,1.0
UUEDINPOVKWVAZ-UHFFFAOYSA-N,CCCCC(CC)COC(=O)c1c(Br)c(Br)c(Br)c(Br)c1C(=O)OCC(CC)CCCC,,0,med,1.0
CRZQGDNQQAALAY-UHFFFAOYSA-N,COC(=O)Cc1ccccc1,,0,med,1.0
OZAIFHULBGXAKX-VAWYXSNFSA-N,CC(C)(C#N)/N=N/C(C)(C)C#N,,0,med,1.0
RGPBUVUVZKQNHD-MDZDMXLPSA-N,CCCCCCCC/C=C/CCCCCCCC(=O)OCCOCC(OCCO)C1OC(OCCO)CC1OCCO,,0,med,1.0
NQPDZGIKBAWPEJ-UHFFFAOYSA-N,CCCCC(=O)O,Pentanoic Acid,0,med,1.0
JOAHPSVPXZTVEP-YXJHDRRASA-N,CCN(CC)C(=O)N[C@H]1C[C@@H]2c3cccc4[nH]cc(c34)C[C@H]2N(C)C1,terguride,1,med,1.0
KUAZQDVKQLNFPE-UHFFFAOYSA-N,CN(C)C(=S)SSC(=S)N(C)C,thiram,1,med,1.0
KYIKRXIYLAGAKQ-UHFFFAOYSA-N,N#CC1(N=NC2(C#N)CCCCC2)CCCCC1,,0,med,1.0
YVJPMMYYRNHJAU-CCEZHUSRSA-N,O=C(O)c1cc(/N=N/c2ccc([N+](=O)[O-])cc2)ccc1O,,1,med,1.0
NYKCGQQJNVPOLU-ONTIZHBOSA-N,CN(C(=O)Cc1ccc(Cl)c(Cl)c1)[C@H]1CC[C@@]2(CCCO2)C[C@@H]1N1CCCC1,Spiradoline,0,med,1.0
IUQAXCIUEPFPSF-UHFFFAOYSA-N,CS(=O)(=O)c1ccc(C(=O)C2C(=O)CCCC2=O)c(Cl)c1COCC(F)(F)F,,0,med,1.0
DEWLEGDTCGBNGU-UHFFFAOYSA-N,OC(CCl)CCl,,0,med,1.0
ZSKAJFSSXURRGL-UHFFFAOYSA-N,COC(C=C(C)CCC=C(C)C)OC,,0,med,1.0
KMZQAVXSMUKBPD-DJWKRKHSSA-N,O=C(C[S+]([O-])Cc1ccco1)NC/C=C\COc1cc(CN2CCCCC2)ccn1,lafutidine,0,med,1.0
QLAJPGCDKRPRKU-UYTYNIKBSA-N,CCN(CC)CCOC[C@H]1O[C@@H](O)[C@H](OCCN(CC)CC)[C@@H](O)[C@@H]1O,,0,med,1.0
VDLGAVXLJYLFDH-UHFFFAOYSA-N,CC1(C(=O)Nc2ccc(O)c(Cl)c2Cl)CCCCC1,,1,med,1.0
NIVPCXURXHMJGN-CIEKVUGRSA-N,C[C@H]1CCC/C=C/[C@@H]2C[C@H](OC(=O)OCc3cccnc3)C[C@H]2[C@H](O)/C=C/C(=O)O1,CHEMBL5174852,0,med,1.0
JOATXPAWOHTVSZ-UHFFFAOYSA-N,CCN(CC)C(=O)Nc1ccc(OCC(O)CNC(C)(C)C)c(C(C)=O)c1,celiprolol,0,med,1.0
XUCHXOAWJMEFLF-UHFFFAOYSA-N,c1cc(OCC2CO2)ccc1Cc1ccc(OCC2CO2)cc1,,1,med,1.0
VNKBTWQZTQIWDV-UHFFFAOYSA-N,COP(=O)(OC)SCn1c(=O)oc2cc(Cl)cnc21,,1,med,1.0
KWNQIIMVPSMYEM-UHFFFAOYSA-N,COc1cc2[nH]c(=O)[nH]c(=O)c2cc1OC,,0,med,1.0
QVNNONOFASOXQV-UHFFFAOYSA-N,CC(C)c1cccc(C(C)C)c1OCOP(=O)(O)O,FOSPROPOFOL,1,med,1.0
JYTUSYBCFIZPBE-AMTLMPIISA-N,O=C(O)[C@H](O)[C@@H](O)[C@H](O[C@@H]1O[C@H](CO)[C@H](O)[C@H](O)[C@H]1O)[C@H](O)CO,(4-O-beta-D-Galactopyranosyl-D-gluconato-O1)(D-gluconato-O1)calcium,0,med,1.0
BJHIKXHVCXFQLS-UYFOZJQFSA-N,O=C(CO)[C@@H](O)[C@H](O)[C@H](O)CO,CHEMBL1232863,1,med,1.0
DGCPIBPDYFLAAX-YTAGXALCSA-N,CCNC(=O)[C@@H]1CCCN1C(=O)[C@H](CCCNC(=N)N)NC(=O)[C@H](CC(C)C)NC(=O)CNC(=O)[C@H](Cc1ccc(O)cc1)NC(=O)[C@H](CO)NC(=O)[C@H](Cc1c[nH]c2ccccc12)NC(=O)[C@H](Cc1cnc[nH]1)NC(=O)[C@@H]1CCC(=O)N1,,0,med,1.0
BJRNKVDFDLYUGJ-RMPHRYRLSA-N,OC[C@H]1O[C@@H](Oc2ccc(O)cc2)[C@H](O)[C@@H](O)[C@@H]1O,arbutin,0,med,1.0
ZHMIOPLMFZVSHY-UHFFFAOYSA-N,O=C(Nc1ccccc1SSc1ccccc1NC(=O)c1ccccc1)c1ccccc1,,1,med,1.0
VKQFCGNPDRICFG-UHFFFAOYSA-N,COC(=O)C1=C(C)NC(C)=C(C(=O)OCC(C)C)C1c1ccccc1[N+](=O)[O-],NISOLDIPINE,1,med,1.0
VAMXMNNIEUEQDV-UHFFFAOYSA-N,COC(=O)c1ccccc1N,,0,med,1.0
CWYNVVGOOAEACU-UHFFFAOYSA-N,[Fe+2],ferrous chloride,0,med,1.0
CEBYCSRFKCEUSW-OKEQGEBHSA-N,COc1ccc(S(=O)(=O)N2c3ccc(Cl)cc3[C@@](O)(c3ccccc3Cl)[C@H]2C(=O)N2CCC[C@@H]2C(N)=O)cc1OC,,0,med,1.0
KOYJWFGMEBETBU-UHFFFAOYSA-N,CCOc1ccc2nc(N)sc2c1,,1,med,1.0
USZYSDMBJDPRIF-SVEJIMAYSA-N,CC[C@@]1(O)C[C@H](O[C@H]2C[C@H](N(C)C)[C@H](O[C@H]3C[C@H](O)[C@H](O[C@H]4CCC(=O)[C@H](C)O4)[C@H](C)O3)[C@H](C)O2)c2c(cc3c(c2O)C(=O)c2c(O)cccc2C3=O)[C@H]1C(=O)OC,aclarubicin,1,high,2.0
RLSSMJSEOOYNOY-UHFFFAOYSA-N,Cc1cccc(O)c1,M-Cresol,0,med,1.0
BSYVTEYKTMYBMK-UHFFFAOYSA-N,OCC1CCCO1,,0,med,1.0
FQPSGWSUVKBHSU-UHFFFAOYSA-N,C=C(C)C(N)=O,,0,med,1.0
HCZKYJDFEPMADG-TXEJJXNPSA-N,C[C@H](Cc1ccc(O)c(O)c1)[C@@H](C)Cc1ccc(O)c(O)c1,MASOPROCOL,1,med,1.0
JAMNSIXSLVPNLC-UHFFFAOYSA-N,C=Cc1ccc(OC(C)=O)cc1,,1,med,1.0
RRYMAQUWDLIUPV-BXKDBHETSA-N,CC(=O)OCC1=C(C(=O)O)N2C(=O)[C@@H](NC(=O)CC#N)[C@H]2SC1,cefacetrile,1,med,1.0
FWKQNCXZGNBPFD-UHFFFAOYSA-N,Cc1ccc(C(C)C)cc2c(C)ccc1-2,guaiazulen,0,med,1.0
ZRYHPQCHHOKSMD-UHFFFAOYSA-N,C[N+]1(C)CCN(CC(O)(c2ccccc2)C2CCCCC2)CC1,HEXOCYCLIUM,0,med,1.0
OOEMZCZWZXHBKW-SCFUHWHPSA-N,Cc1ccccc1CNc1ncnc2c1ncn2[C@@H]1O[C@H](CO)[C@@H](O)[C@H]1O,,0,med,1.0
XTHFKEDIFFGKHM-UHFFFAOYSA-N,COCCOC,"1,2-Dimethoxyethane",0,med,1.0
IZMJMCDDWKSTTK-UHFFFAOYSA-N,O=C1c2ccccc2C(=O)C1c1ccc2ccccc2n1,,1,med,1.0
STPXIOGYOLJXMZ-UHFFFAOYSA-N,CCOC(=O)C(=O)CCc1ccccc1,,0,med,1.0
ASXBYYWOLISCLQ-HZYVHMACSA-N,CN[C@@H]1[C@H](O[C@H]2[C@H](O[C@H]3[C@H](O)[C@@H](O)[C@H](NC(=N)N)[C@@H](O)[C@@H]3NC(=N)N)O[C@@H](C)[C@]2(O)CO)O[C@@H](CO)[C@H](O)[C@H]1O,CHEMBL1950576,1,high,2.0
WXNXCEHXYPACJF-ZETCQYMHSA-N,CC(=O)N[C@@H](CC(C)C)C(=O)O,LEVACETYLLEUCINE,0,med,1.0
WDQMWEYDKDCEHT-UHFFFAOYSA-N,C=C(C)C(=O)OCC(CC)CCCC,,0,med,1.0
OTGAHJPFNKQGAE-UHFFFAOYSA-N,CC(=O)Oc1cccc(C)c1,cresatin,0,med,1.0
KBSPJIWZDWBDGM-UHFFFAOYSA-N,Cc1ccc2ccc3cccc4ccc1c2c34,,1,med,1.0
XUSNPFGLKGCWGN-UHFFFAOYSA-N,NCCCN1CCN(CCCN)CC1,,0,med,1.0
WDRGQGLIUAMOOC-UHFFFAOYSA-N,O=C(O)CONC(=O)c1ccccc1,,0,med,1.0
XDOTVMNBCQVZKG-MKICQXMISA-N,CS/C(C)=N/OC(=O)N(C)SN(C)C(=O)O/N=C(\C)SC,,0,med,1.0
AXISYYRBXTVTFY-UHFFFAOYSA-N,CCCCCCCCCCCCCC(=O)OC(C)C,Isopropyl Myristate,0,med,1.0
ICSNLGPSRYBMBD-UHFFFAOYSA-N,Nc1ccccn1,,0,med,1.0
JAAJQSRLGAYGKZ-UHFFFAOYSA-N,OC1CCCc2ccccc21,,0,med,1.0
QWGRWMMWNDWRQN-UHFFFAOYSA-N,CC(CO)CO,,0,med,1.0
UVKZSORBKUEBAZ-UHFFFAOYSA-N,CN1CCN(C(c2ccccc2)c2ccccc2)CC1,CYCLIZINE,1,high,2.0
ITIONVBQFUNVJV-UHFFFAOYSA-N,CCN1C(=O)c2ccccc2C1Nc1ccc(OCCN2CCCCC2)cc1,etomidoline,0,med,1.0
KOZWYRYCGOBBKD-UHFFFAOYSA-N,O=C1CC(c2ccc(Cl)cc2)CC(=O)N1,,0,med,1.0
TYMABNNERDVXID-DLYFRVTGSA-N,CC(=N)N1CC[C@H](SC2=C(C(=O)O)N3C(=O)[C@H]([C@@H](C)O)[C@H]3C2)C1,panipenem,1,med,1.0
LOTKRQAVGJMPNV-UHFFFAOYSA-N,O=[N+]([O-])c1ccc(F)c([N+](=O)[O-])c1,,1,med,1.0
VEIYJWQZNGASMA-UHFFFAOYSA-N,OCC1CC=CCC1,,0,med,1.0
DKCPKDPYUFEZCP-UHFFFAOYSA-N,CC(C)(C)c1cccc(C(C)(C)C)c1O,,1,med,1.0
MUMGGOZAMZWBJJ-DYKIIFRCSA-N,C[C@]12CC[C@H]3[C@@H](CCC4=CC(=O)CC[C@@]43C)[C@@H]1CC[C@@H]2O,TESTOSTERONE,1,high,2.0
CWJQQASJVVAXKL-UHFFFAOYSA-N,CC1=NN(c2ccc(S(=O)(=O)O)cc2)C(=O)C1,,0,med,1.0
YBBLVLTVTVSKRW-UHFFFAOYSA-N,CC(C)(C#N)c1cc(Cn2cncn2)cc(C(C)(C)C#N)c1,Anastrozole,0,med,1.0
ZQBAKBUEJOMQEX-UHFFFAOYSA-N,O=C(Oc1ccccc1)c1ccccc1O,phenyl salicylate,1,med,1.0
XNMYNYSCEJBRPZ-UHFFFAOYSA-N,CCCCc1cc2ccccc2c(OCCN(C)C)n1,quinisocaine,0,med,1.0
CZCHIEJNWPNBDE-UHFFFAOYSA-N,CCc1oc2ccccc2c1C(=O)c1cc(I)c(O)c(I)c1,Benziodarone,1,med,1.0
OFBQJSOFQDEBGM-UHFFFAOYSA-N,CCCCC,,0,med,1.0
BCTQJXQXJVLSIG-UHFFFAOYSA-N,Cc1ccccc1C(=O)Nc1cccc(OC(C)C)c1,,1,med,1.0
XFBJRFNXPUCPKU-UHFFFAOYSA-N,COP(=S)(Cl)OC,,0,med,1.0
KEECCEWTUVWFCV-UHFFFAOYSA-N,CCN(CC)CCNC(=O)c1ccc(NC(C)=O)cc1,,0,med,1.0
JRKICGRDRMAZLK-UHFFFAOYSA-N,O=S(=O)(O)OOS(=O)(=O)O,,0,med,1.0
IUVFAERPPHEQSB-UHFFFAOYSA-N,CCOC(=O)N=C1CN(N2CCOCC2)NO1,,0,med,1.0
OIPILFWXSMYKGL-UHFFFAOYSA-N,CC(=O)OCC[N+](C)(C)C,ACETYLCHOLINE,0,med,1.0
BAQAVOSOZGMPRM-QBMZZYIRSA-N,OC[C@H]1O[C@H](O[C@]2(CCl)O[C@H](CCl)[C@@H](O)[C@@H]2O)[C@H](O)[C@@H](O)[C@H]1Cl,,0,med,1.0
GOEMGAFJFRBGGG-UHFFFAOYSA-N,CCCC(=O)Nc1ccc(OCC(O)CNC(C)C)c(C(C)=O)c1,Acebutolol hydrochloride,0,med,1.0
BLFZMXOCPASACY-UHFFFAOYSA-N,CC(C)Nc1ccc(NC(C)C)c2c1C(=O)c1ccccc1C2=O,,1,med,1.0
DYLGFOYVTXJFJP-MYYYXRDXSA-N,CCCCN(CCCC)CC(O)c1cc(Cl)cc2c1-c1ccc(Cl)cc1/C2=C/c1ccc(Cl)cc1,LUMEFANTRINE,1,med,1.0
NBQNWMBBSKPBAY-UHFFFAOYSA-N,CC(=O)N(CC(O)CN(C(C)=O)c1c(I)c(C(=O)NCC(O)CO)c(I)c(C(=O)NCC(O)CO)c1I)c1c(I)c(C(=O)NCC(O)CO)c(I)c(C(=O)NCC(O)CO)c1I,IODIXANOL,0,med,1.0
LTPSRQRIPCVMKQ-UHFFFAOYSA-N,Cc1ccc(N)c(S(=O)(=O)O)c1,,0,med,1.0
JWCSIUVGFCSJCK-CAVRMKNVSA-N,CO[C@@]1(NC(=O)C(C(=O)O)c2ccc(O)cc2)C(=O)N2C(C(=O)O)=C(CSc3nnnn3C)CO[C@@H]21,MOXALACTAM,1,high,2.0
FDPIMTJIUBPUKL-UHFFFAOYSA-N,CCC(=O)CC,,0,med,1.0
YNAVUWVOSKDBBP-UHFFFAOYSA-N,C1COCCN1,Morpholine,0,med,1.0
NKOUWLLFHNBUDW-UHFFFAOYSA-N,CCCOC(=O)CCCCC(=O)OCCC,,0,med,1.0
ZPAKPRAICRBAOD-UHFFFAOYSA-N,O=C(O)CCC(=O)c1ccc(-c2ccccc2)cc1,fenbufen,1,high,2.0
WEDIIKBPDQQQJU-UHFFFAOYSA-N,CCCCS(=O)(=O)Cl,,0,med,1.0
QRUDEWIWKLJBPS-UHFFFAOYSA-N,c1ccc2[nH]nnc2c1,,1,med,1.0
FYQGBXGJFWXIPP-OJROSNHMSA-N,CCOC(=O)/C=C(C)/C=C/C[C@@H](C)CCCC(C)C,,1,med,1.0
SXYIRMFQILZOAM-IQLIQLLCSA-N,CO[C@H]1O[C@@H]2O[C@]3(C)CC[C@H]4[C@H](C)CC[C@@H]([C@H]1C)C24OO3,,0,med,1.0
SUAKHGWARZSWIH-UHFFFAOYSA-N,CCN(C=O)CC,,0,med,1.0
AXTLFVLHXSDZOW-UHFFFAOYSA-N,C=C(C)CNCC,,0,med,1.0
DMJNNHOOLUXYBV-PQTSNVLCSA-N,C[C@@H](O)[C@H]1C(=O)N2C(C(=O)O)=C(S[C@@H]3CN[C@H](C(=O)N(C)C)C3)[C@H](C)[C@H]12,Drug 406,0,med,1.0
GQHTUMJGOHRCHB-UHFFFAOYSA-N,C1CCC2=NCCCN2CC1,,0,med,1.0
KWTSXDURSIMDCE-QMMMGPOBSA-N,C[C@H](N)Cc1ccccc1,DEXTROAMPHETAMINE,1,med,1.0
PYOKUURKVVELLB-UHFFFAOYSA-N,COC(OC)OC,,0,med,1.0
GBKGJMYPQZODMI-UHFFFAOYSA-N,CC(=O)C=Cc1ccco1,,0,med,1.0
YWYQTGBBEZQBGO-YMQZRTQWSA-N,CC(O)[C@H]1CC[C@H]2[C@@H]3CC[C@@H]4C[C@@H](O)CC[C@]4(C)[C@H]3CC[C@]12C,,0,med,1.0
BQGRVFPPZJPWPB-UHFFFAOYSA-N,CCN(Cc1cccc(S(=O)(=O)O)c1)c1ccccc1,,0,med,1.0
IPRJXAGUEGOFGG-UHFFFAOYSA-N,CCCCNS(=O)(=O)c1ccccc1,N-Butylbenzenesulfonamide,0,med,1.0
RTRQQBHATOEIAF-UUOKFMHZSA-N,NC(=O)c1ncn([C@@H]2O[C@H](CO)[C@@H](O)[C@H]2O)c1N,acadesine,0,med,1.0
BJIOGJUNALELMI-UHFFFAOYSA-N,CC=Cc1ccc(O)c(OC)c1,,0,med,1.0
NJBFOOCLYDNZJN-UHFFFAOYSA-N,O=C(CCBr)N1CCN(C(=O)CCBr)CC1,PIPOBROMAN,1,high,2.0
INBQSOALTMPZQK-LGMDPLHJSA-N,CC1=C(Br)C(=O)C(Br)=C/C1=C(\c1ccccc1S(=O)(=O)O)c1cc(Br)c(O)c(Br)c1C,,0,med,1.0
CYNYIHKIEHGYOZ-UHFFFAOYSA-N,CCCBr,,0,med,1.0
PQYJRMFWJJONBO-UHFFFAOYSA-N,O=P(OCC(Br)CBr)(OCC(Br)CBr)OCC(Br)CBr,,1,med,1.0
VEPZOLKTNZOTTQ-UHFFFAOYSA-N,CCCCN1CCCC1C(=O)Nc1c(C)cc(C)cc1C,,0,med,1.0
NHDHVHZZCFYRSB-UHFFFAOYSA-N,CC(COc1ccc(Oc2ccccc2)cc1)Oc1ccccn1,,1,med,1.0
QZAHRIYYSZDPIS-UHFFFAOYSA-N,C[N+]1(CC2COC(c3ccccc3)(c3ccccc3)O2)CCCCC1,,0,med,1.0
RXKNNAKAVAHBNK-UHFFFAOYSA-N,O=[N+]([O-])c1cc[n+]([O-])cc1,,0,med,1.0
HQVZOORKDNCGCK-UHFFFAOYSA-N,CC(C)(C)CC(C)(C)c1ccc(O)c(Cc2ccc(Cl)cc2Cl)c1,clofoctol,1,med,1.0
VPGRYOFKCNULNK-ACXQXYJUSA-N,CC(=O)OCC(=O)[C@H]1CC[C@H]2[C@@H]3CCC4=CC(=O)CC[C@]4(C)[C@H]3CC[C@]12C,DESOXYCORTICOSTERONE ACETATE,0,med,1.0
HVAMZGADVCBITI-UHFFFAOYSA-N,C=CCCC(=O)O,,0,med,1.0
HVHNMNGARPCGGD-UHFFFAOYSA-N,Nc1ccc(N)c([N+](=O)[O-])c1,,1,med,1.0
QRWAIZJYJNLOPG-UHFFFAOYSA-N,CC(=O)OC(C(=O)c1ccccc1)c1ccccc1,,0,med,1.0
HTIQEAQVCYTUBX-UHFFFAOYSA-N,CCOC(=O)C1=C(COCCN)NC(C)=C(C(=O)OC)C1c1ccccc1Cl,AMLODIPINE,1,med,1.0
KHZRTXVUEZJYNE-UHFFFAOYSA-N,CCN(CCC#N)c1ccc(N=Nc2c(Cl)cc([N+](=O)[O-])cc2Cl)cc1,,1,med,1.0
UWYHMGVUTGAWSP-JKIFEVAISA-N,Cc1onc(-c2ccccc2)c1C(=O)N[C@@H]1C(=O)N2[C@@H]1SC(C)(C)[C@@H]2C(=O)O,Drug 912,1,med,1.0
BHELIUBJHYAEDK-OAIUPTLZSA-N,CNC(=O)C[C@@H](N)C(=O)N[C@@H](C(=O)N[C@@H]1C(=O)N2[C@@H]1SC(C)(C)[C@@H]2C(=O)O)c1ccc(O)cc1,aspoxicillin,1,high,2.0
DOPJTDJKZNWLRB-UHFFFAOYSA-N,Nc1ccc([N+](=O)[O-])cc1O,,1,med,1.0
KOKPBCHLPVDQTK-UHFFFAOYSA-N,COC(C)(C)CC(C)=O,,0,med,1.0
SNRUBQQJIBEYMU-UHFFFAOYSA-N,CCCCCCCCCCCC,,0,med,1.0
RDULEYWUGKOCMR-UHFFFAOYSA-N,CCOC(=O)C(Cl)C(C)=O,,0,med,1.0
PYLWMHQQBFSUBP-UHFFFAOYSA-N,Fc1ccccc1,,0,med,1.0
PQROHSRGYWGRJJ-UHFFFAOYSA-N,Cc1ccc2nc(NC(=S)NC(=O)c3ccccc3Cl)sc2c1,CHEMBL497190,0,med,1.0
DNVVZWSVACQWJE-UHFFFAOYSA-N,Nc1ccc(C(=O)Oc2ccccc2)c(O)c1,PHENYL AMINOSALICYLATE,0,med,1.0
LWQQLNNNIPYSNX-UROSTWAQSA-N,C=C1/C(=C\C=C2/CCC[C@]3(C)[C@@H]([C@H](C)/C=C/[C@@H](O)C4CC4)CC[C@@H]23)C[C@@H](O)C[C@@H]1O,CALCIPOTRIENE,1,med,1.0
PTVZQOAHCSKAAS-UHFFFAOYSA-N,CNC(=S)NN,,1,med,1.0
LOUPRKONTZGTKE-VOMFEXJBSA-N,C=C[C@H]1CN2CCC1C[C@H]2[C@H](O)c1ccnc2ccc(OC)cc12,,1,med,1.0
MSHZHSPISPJWHW-UVZSRJMISA-N,CO[C@@H]1[C@H](OC(=O)NC(=O)CCl)CC[C@]2(CO2)[C@H]1[C@]1(C)O[C@@H]1CC=C(C)C,,1,med,1.0
FAEKWTJYAYMJKF-QHCPKHFHSA-N,CCOc1cc(CC(=O)N[C@@H](CC(C)C)c2ccccc2N2CCCCC2)ccc1C(=O)O,Drug 1337,1,high,2.0
XJKSTNDFUHDPQJ-UHFFFAOYSA-N,c1ccc(-c2ccc(-c3ccccc3)cc2)cc1,,1,med,1.0
HXJUTPCZVOIRIF-UHFFFAOYSA-N,O=S1(=O)CCCC1,,0,med,1.0
SJWFXCIHNDVPSH-UHFFFAOYSA-N,CCCCCCC(C)O,,0,med,1.0
DZKIUEHLEXLYKM-UHFFFAOYSA-N,Oc1cc2ccccc2c2ccccc12,,1,med,1.0
ADXGNEYLLLSOAR-UHFFFAOYSA-N,Cc1nc(C)c2c(n1)N(Cc1ccc(-c3ccccc3-c3nn[nH]n3)cc1)C(=O)CC2,Tasosartan,1,med,1.0
QDTMJKXRTWLGGY-VHEBQXMUSA-N,CC1=NN(c2cc(S(=O)(=O)O)ccc2Cl)C(=O)C1/N=N/c1ccccc1,,0,med,1.0
YNQLUTRBYVCPMQ-UHFFFAOYSA-N,CCc1ccccc1,,0,med,1.0
JKGLRGGCGUQNEX-UHFFFAOYSA-N,O=C1c2ccccc2C(=O)N1CCl,,0,med,1.0
CORFWQGVBFFZHF-UHFFFAOYSA-N,O=C(O)CNC(=O)c1ccccc1I,IODOHIPPURATE,0,med,1.0
GXVUZYLYWKWJIM-UHFFFAOYSA-N,NCCOCCN,,0,med,1.0
SBZXBUIDTXKZTM-UHFFFAOYSA-N,COCCOCCOC,Diglyme,0,med,1.0
PJWPNDMDCLXCOM-UHFFFAOYSA-N,COc1ccc(C(=O)Nc2ccccc2CCC2CCCCN2C)cc1,,0,med,1.0
TUAMRELNJMMDMT-UHFFFAOYSA-N,Cc1cc(C)cc(O)c1,,0,med,1.0
BNCADMBVWNPPIZ-UHFFFAOYSA-N,COCN(COC)c1nc(N(COC)COC)nc(N(COC)COC)n1,,0,med,1.0
DETXZQGDWUJKMO-UHFFFAOYSA-N,O=S(=O)(O)CO,,0,med,1.0
UJOBWOGCFQCDNV-UHFFFAOYSA-N,c1ccc2c(c1)[nH]c1ccccc12,Carbazole,0,med,1.0
NFJPGAKRJKLOJK-UHFFFAOYSA-N,CCCCO[PH](=O)OCCCC,,0,med,1.0
MXWJVTOOROXGIU-UHFFFAOYSA-N,CCNc1nc(Cl)nc(NC(C)C)n1,Atrazine,0,med,1.0
BOPPSUHPZARXTH-UHFFFAOYSA-N,CC(C=O)Cc1ccc2c(c1)OCO2,,0,med,1.0
DWPYQDGDWBKJQL-UHFFFAOYSA-N,OCCc1ccncc1,,0,med,1.0
MEZRZVWPLXVLSO-WMZOPIPTSA-N,O=C(N[C@@H](c1ccccc1)[C@@H]1CCCCN1)c1cccc(C(F)(F)F)c1Cl,,0,med,1.0
JZWWDTIBYWFKGK-UHFFFAOYSA-N,O=C(CNS(=O)(=O)c1ccccc1C(=O)NCc1ccccc1)Nc1ccc(O)cc1,CHEMBL4778557,1,med,1.0
OTKJDMGTUTTYMP-ROUUACIJSA-N,CCCCCCCCCCCCCCC[C@H](O)[C@@H](N)CO,Safingol,0,med,1.0
JQULXIOYDDCNGR-UHFFFAOYSA-N,CC(C)(N)C#N,,0,med,1.0
HMNKTRSOROOSPP-UHFFFAOYSA-N,CCc1cccc(O)c1,,0,med,1.0
PGLTVOMIXTUURA-UHFFFAOYSA-N,NC(=O)CI,,0,med,1.0
WJQOZHYUIDYNHM-UHFFFAOYSA-N,CC(C)(C)c1ccccc1O,,1,med,1.0
SHOKWSLXDAIZPP-UHFFFAOYSA-N,Cc1cc(OI)c(C(C)C)cc1-c1cc(C(C)C)c(OI)cc1C,,0,med,1.0
OWNRRUFOJXFKCU-UHFFFAOYSA-N,O=c1oc2ccccc2c(O)c1C(CC(O)c1ccc(-c2ccc(Br)cc2)cc1)c1ccccc1,,1,med,1.0
HBNPJJILLOYFJU-VMPREFPWSA-N,COCC(=O)O[C@]1(CCN(C)CCCc2nc3ccccc3[nH]2)CCc2cc(F)ccc2[C@@H]1C(C)C,,0,med,1.0
DPZNOMCNRMUKPS-UHFFFAOYSA-N,COc1cccc(OC)c1,,0,med,1.0
CEXQWAAGPPNOQF-UHFFFAOYSA-N,C=C(C)C(=O)OCCOc1ccccc1,,1,med,1.0
CVTIZMOISGMZRJ-UHFFFAOYSA-N,O=NN1CCNCC1,,0,med,1.0
JHVLLYQQQYIWKX-UHFFFAOYSA-N,O=C(CBr)OCc1ccccc1,,0,med,1.0
GQZQCROBCYNTMU-UHFFFAOYSA-N,O=C(NNCS(=O)(=O)O)c1ccncc1,methaniazide,0,med,1.0
CTTCRFBZSKQDMD-YFAPSIMESA-N,COc1ccc(-c2cc(=O)c3c(O)cc(O[C@@H]4O[C@H](CO[C@@H]5O[C@@H](C)[C@H](OS(=O)(=O)O)[C@@H](OS(=O)(=O)O)[C@H]5OS(=O)(=O)O)[C@@H](OS(=O)(=O)O)[C@H](OS(=O)(=O)O)[C@H]4OS(=O)(=O)O)cc3o2)cc1O,CHEMBL1651409,0,med,1.0
YNXCGLKMOXLBOD-UHFFFAOYSA-N,C=CC(=O)OCC1CCCO1,,0,med,1.0
ZGIGZINMAOQWLX-NCZFFCEISA-N,CC(=O)OC/C=C(\C)CC/C=C(\C)CCC=C(C)C,,1,med,1.0
FGIWFCGDPUIBEZ-UHFFFAOYSA-N,CCOc1cc(OP(=S)(OC)OC)nc(CC)n1,,0,med,1.0
RMUCZJUITONUFY-UHFFFAOYSA-N,NNCCc1ccccc1,Phenelzine sulfate,1,med,1.0
RZXLPPRPEOUENN-UHFFFAOYSA-N,O=S(=O)(Oc1ccc(Cl)cc1)c1ccc(Cl)cc1,Chlorfenson,1,med,1.0
HSMNQINEKMPTIC-UHFFFAOYSA-N,Nc1ccc(C(=O)NCC(=O)O)cc1,AMINOHIPPURIC ACID,0,med,1.0
GRJRKPMIRMSBNK-UHFFFAOYSA-N,OCCC(F)(F)C(F)(F)C(F)(F)C(F)(F)C(F)(F)C(F)(F)F,,0,med,1.0
GCFBRXLSHGKWDP-XCGNWRKASA-N,CCN1CCN(C(=O)N[C@@H](C(=O)N[C@@H]2C(=O)N3C(C(=O)O)=C(CSc4nnnn4C)CS[C@H]23)c2ccc(O)cc2)C(=O)C1=O,Drug 1304,1,high,2.0
APNSGVMLAYLYCT-UHFFFAOYSA-N,CC(C)CON=O,,0,med,1.0
GSNOZLZNQMLSKJ-UHFFFAOYSA-N,CCN(CC)c1cc(C)nc2ncnn12,trapidil,1,high,2.0
ALMMLSQBERCMRB-UHFFFAOYSA-O,CCNc1ccc(C(=C2C=CC(=[N+](CC)CC)C=C2)c2ccc(N(CC)CC)cc2)c2ccccc12,,1,med,1.0
HPXIKMBHOXLFOR-LICLKQGHSA-N,COc1ccc(/C=N/NC(=O)c2ccncc2)cc1OC,,1,med,1.0
GODLCSLPZIBRMG-UHFFFAOYSA-N,COc1cc(C)c(C(=O)Oc2cc(C)c(C(=O)O)c(O)c2)c(O)c1,CHEMBL1484978,1,med,1.0
MBDOYVRWFFCFHM-SNAWJCMRSA-N,CCC/C=C/C=O,,0,med,1.0
SEERZIQQUAZTOL-ANMDKAQQSA-N,COCc1c(C(C)C)nc(C(C)C)c(/C=C/[C@@H](O)C[C@@H](O)CC(=O)O)c1-c1ccc(F)cc1,Drug 730,0,med,1.0
HPHBOJANXDKUQD-UHFFFAOYSA-N,N#CCC(=O)NN,,0,med,1.0
DXBHBZVCASKNBY-UHFFFAOYSA-N,c1ccc2cc3c(ccc4ccccc43)cc2c1,,1,med,1.0
XLXSAKCOAKORKW-QNHURKPVSA-N,CC(C)CC(NC(=O)CNC(=O)[C@H](Cc1ccc(O)cc1)NC(=O)[C@@H](CO)NC(=O)[C@@H](Cc1c[nH]c2ccccc12)NC(=O)[C@@H](Cc1c[nH]cn1)NC(=O)[C@H]1CCC(=O)N1)C(=O)N[C@H](CCCNC(=N)N)C(=O)N1CCC[C@@H]1C(=O)NCC(N)=O,,0,med,1.0
WEGYGNROSJDEIW-UHFFFAOYSA-N,CC(=O)c1cccnc1,,0,med,1.0
VZCYOOQTPOCHFL-UPHRSURJSA-N,O=C(O)/C=C\C(=O)O,Maleic Acid,1,high,2.0
CPELXLSAUQHCOX-UHFFFAOYSA-N,Br,Hexatantalum Dodecabromide,0,med,1.0
LDMWSLGGVTVJPG-UHFFFAOYSA-N,Cc1cc(-c2ccccc2)nnc1NCCN1CCOCC1,,0,med,1.0
GTEXIOINCJRBIO-UHFFFAOYSA-N,CN(C)CCOCCN(C)C,,0,med,1.0
HTXMGVTWXZBZNC-UHFFFAOYSA-N,COC(=O)c1cc(C(=O)OC)cc(S(=O)(=O)O)c1,,0,med,1.0
DIKBFYAXUHHXCS-UHFFFAOYSA-N,BrC(Br)Br,bromoform,0,med,1.0
GMZVRMREEHBGGF-UHFFFAOYSA-N,NC(=O)CN1CCCC1=O,piracetam,0,med,1.0
SQVIAVUSQAWMKL-UHFFFAOYSA-N,CCNCC(O)c1cccc(O)c1,etilefrine,0,med,1.0
PQDRCVHHJPMGKO-UHFFFAOYSA-N,O=C(O)c1ccc2c(c1)nc(C(=O)NC1CCN(C3CC3)CC1)n2Cc1cc(-c2ccc(Cl)s2)on1,,0,med,1.0
AQSQFWLMFCKKMG-UHFFFAOYSA-N,CCCCNC(=O)NCCCC,,0,med,1.0
VTOUNUQLXMNNMQ-UHFFFAOYSA-N,NNc1nc(-c2ccccc2)cs1,,1,med,1.0
KBPUBCVJHFXPOC-UHFFFAOYSA-N,CCOC(=O)c1ccc(O)c(O)c1,,0,med,1.0
RFFFKMOABOFIDF-UHFFFAOYSA-N,CCCCC#N,,0,med,1.0
JKQXZKUSFCKOGQ-QAYBQHTQSA-N,CC1=C(/C=C/C(C)=C/C=C/C(C)=C/C=C/C=C(C)/C=C/C=C(C)/C=C/C2=C(C)C[C@@H](O)CC2(C)C)C(C)(C)C[C@H](O)C1,Zeaxanthin,1,med,1.0
MKHZEBIRPOHJAH-UHFFFAOYSA-N,c1cc(NCCCCN2CCOCC2)c2ccc3c(ccc4c(NCCN5CCOCC5)ccnc43)c2n1,CHEMBL4445585,0,med,1.0
MNWFXJYAOYHMED-UHFFFAOYSA-N,CCCCCCC(=O)O,Heptanoic Acid,0,med,1.0
NLVFBUXFDBBNBW-PBSUHMDJSA-N,NC[C@H]1O[C@H](O[C@H]2[C@H](O)[C@@H](O[C@H]3O[C@H](CO)[C@@H](O)[C@H](N)[C@H]3O)[C@H](N)C[C@@H]2N)[C@H](N)C[C@@H]1O,TOBRAMYCIN,0,med,1.0
WHIVNJATOVLWBW-UHFFFAOYSA-N,CCC(C)=NO,,0,med,1.0
QSQQPMHPCBLLGX-UHFFFAOYSA-N,CNCCCCOc1ccccc1Cc1ccccc1,bifemelane,0,med,1.0
BUZDGGFWWPZBIN-MSIWLMLLSA-N,COc1cc(C=O)cc2c1[C@H](COC(N)=O)[C@]1(OC(C)=O)ON2C[C@H]2[C@@H]1N2C(C)=O,,1,med,1.0
JQJPBYFTQAANLE-UHFFFAOYSA-N,CCCCON=O,,0,med,1.0
XCYWUZHUTJDTGS-UHFFFAOYSA-N,COC1CCC=CO1,,0,med,1.0
HMEDEBAJARCKCT-UHFFFAOYSA-N,NS(=O)(=O)c1cc(-c2nn[nH]n2)c(NCc2cccs2)cc1Cl,Azosemide,1,med,1.0
LQLQEBSOOVHHSZ-UHFFFAOYSA-N,COc1ccc(C(=O)Nc2ccc(O)c3ncccc23)cc1OC1CCCC1,CHEMBL4586148,0,med,1.0
ZFSLODLOARCGLH-UHFFFAOYSA-N,Oc1nc(O)nc(O)n1,,0,med,1.0
SUBDBMMJDZJVOS-XMMPIXPASA-N,COc1ccc2[nH]c([S@+]([O-])Cc3ncc(C)c(OC)c3C)nc2c1,CHEMBL4082704,1,med,1.0
QOVTVIYTBRHADL-UHFFFAOYSA-N,Nc1cc(C(Cl)=C(Cl)Cl)c(S(N)(=O)=O)cc1S(N)(=O)=O,Clorsulon,0,med,1.0
UNAHYJYOSSSJHH-UHFFFAOYSA-N,CCCN(CCC)c1c([N+](=O)[O-])cc(S(N)(=O)=O)cc1[N+](=O)[O-],,1,med,1.0
SQFXATUXPUCFFO-UHFFFAOYSA-N,CCOC(=O)c1ccccc1C(=C1C=C(Br)C(=O)C(Br)=C1)c1cc(Br)c(O)c(Br)c1,,1,med,1.0
ZEFMBAFMCSYJOO-UHFFFAOYSA-N,O=[N+]([O-])c1ccc(O)cc1C(F)(F)F,,1,med,1.0
BYKYPZBCMBEEGU-UHFFFAOYSA-N,COc1ccc(CNCC(O)COc2ccc3[nH]c(=O)ccc3c2)cc1OC,,0,med,1.0
BGTOWKSIORTVQH-UHFFFAOYSA-N,O=C1CCCC1,,0,med,1.0
NENBAISIHCWPKP-UHFFFAOYSA-N,NS(=O)(=O)c1ccc(Cl)c(S(N)(=O)=O)c1,clofenamide,0,med,1.0
QHMTXANCGGJZRX-WUXMJOGZSA-N,CC1=NNC(=O)N(/N=C/c2cccnc2)C1,,0,med,1.0
KQIKKETXZQDHGE-FOCLMDBBSA-N,Nc1ccc(/N=N/c2ccc(N)cc2)cc1,,1,med,1.0
TWPMMLHBHPYSMT-UHFFFAOYSA-N,Cc1cccc(Nc2ccccc2)c1,,1,med,1.0
PWEBUXCTKOWPCW-UHFFFAOYSA-N,O=c1c(O)c(O)c1=O,,0,med,1.0
QIRNGVVZBINFMX-UHFFFAOYSA-N,C=CCc1ccccc1O,2-Allylphenol,0,med,1.0
SHZIWNPUGXLXDT-UHFFFAOYSA-N,CCCCCC(=O)OCC,,0,med,1.0
UXOXUHMFQZEAFR-UHFFFAOYSA-N,Nc1cc(Cl)c(-c2cc(Cl)c(N)cc2Cl)cc1Cl,,1,med,1.0
XUAXVBUVQVRIIQ-UHFFFAOYSA-N,CCCCn1cc[n+](C)c1C,,0,med,1.0
VDKMYSMWQCFYBQ-UHFFFAOYSA-N,CCC(C)(C)NCC(O)COc1ccccc1C(=O)CCc1ccccc1,diprafenone,1,med,1.0
ASLWPAWFJZFCKF-UHFFFAOYSA-N,O=P(OC(CCl)CCl)(OC(CCl)CCl)OC(CCl)CCl,,0,med,1.0
RGCLLPNLLBQHPF-UHFFFAOYSA-N,CCN(CC)C(=O)C(Cl)=C(C)OP(=O)(OC)OC,,0,med,1.0
XILPLWOGHPSJBK-UHFFFAOYSA-N,FC(F)(F)c1ccc(Cl)c(Cl)c1,,0,med,1.0
NXTNASSYJUXJDV-UHFFFAOYSA-N,O=C(Cl)c1cccc([N+](=O)[O-])c1,,0,med,1.0
CPJSUEIXXCENMM-UHFFFAOYSA-N,CCOc1ccc(NC(C)=O)cc1,phenacetin,0,med,1.0
VDHAWDNDOKGFTD-MRXNPFEDSA-N,C[C@@H](NCCCc1cccc(C(F)(F)F)c1)c1cccc2ccccc12,CINACALCET HYDROCHLORIDE,0,med,1.0
KGEKLUUHTZCSIP-FOGDFJRCSA-N,CC(=O)O[C@@H]1C[C@H]2CC[C@]1(C)C2(C)C,,0,med,1.0
CESKLHVYGRFMFP-UHFFFAOYSA-N,CCS(=O)(=O)C(C)(C)S(=O)(=O)CC,,0,med,1.0
FQTLCLSUCSAZDY-KAMYIIQDSA-N,C=CC(C)(O)CC/C=C(/C)CCC=C(C)C,,0,med,1.0
MOQGCGNUWBPGTQ-UHFFFAOYSA-N,CC1=C(C=O)C(C)(C)CCC1,,0,med,1.0
XJHABGPPCLHLLV-UHFFFAOYSA-N,O=C1NC(=O)c2cccc3cccc1c23,,1,med,1.0
WHUUTDBJXJRKMK-VKHMYHEASA-N,N[C@@H](CCC(=O)O)C(=O)O,glutamic acid,0,med,1.0
XVBWGQSXLITICX-UHFFFAOYSA-N,Clc1cc(C(Cl)(Cl)Cl)cnc1Cl,,0,med,1.0
XREUEWVEMYWFFA-CSKJXFQVSA-N,CC(=O)[C@]1(O)Cc2c(O)c3c(c(O)c2[C@@H](O[C@H]2C[C@H](N)[C@H](O)[C@H](C)O2)C1)C(=O)c1c(O)cccc1C3=O,carubicin,1,med,1.0
KJHKTHWMRKYKJE-SUGCFTRWSA-N,Cc1cccc(C)c1OCC(=O)N[C@@H](Cc1ccccc1)[C@@H](O)C[C@H](Cc1ccccc1)NC(=O)[C@H](C(C)C)N1CCCNC1=O,LOPINAVIR,1,med,1.0
VTHOKNTVYKTUPI-UHFFFAOYSA-N,CCO[Si](CCCSSSSCCC[Si](OCC)(OCC)OCC)(OCC)OCC,,0,med,1.0
RYZCWZZJFAKYHX-LLVKDONJSA-N,C[C@H](CN1CCCC1)C(=O)c1ccc(C(F)(F)F)cc1,,1,med,1.0
FNWWTNNFZGBMEM-UHFFFAOYSA-N,N#CC1(c2ccc(F)cc2)CCC(=O)CC1,,0,med,1.0
BEGLCMHJXHIJLR-UHFFFAOYSA-N,Cn1sccc1=O,,0,med,1.0
FQTLCLSUCSAZDY-SDNWHVSQSA-N,C=CC(C)(O)CC/C=C(\C)CCC=C(C)C,,1,med,1.0
SLFGIOIONGJGRT-UHFFFAOYSA-N,CC(CN(C)C)CN1c2ccccc2Sc2ccc(C#N)cc21,cyamemazine,1,med,1.0
CFRFHWQYWJMEJN-UHFFFAOYSA-N,Nc1ccc2c(c1)Cc1ccccc1-2,,1,med,1.0
JBDOSUUXMYMWQH-UHFFFAOYSA-N,S=C=Nc1cccc2ccccc12,1-naphthylisothiocyanate,1,med,1.0
YCOYDOIWSSHVCK-UHFFFAOYSA-N,Clc1ccc(Nc2nnc(Cc3ccncc3)c3ccccc23)cc1,Vatalanib,1,med,1.0
VONGZNXBKCOUHB-UHFFFAOYSA-N,CCCC(=O)OCc1ccccc1,,0,med,1.0
MJOKHGMXPJXFTG-UHFFFAOYSA-N,CCCCCCOC(=O)CCCCCCCC(=O)OCCCCCC,,0,med,1.0
BOQSSGDQNWEFSX-UHFFFAOYSA-N,C=C(C)C(=O)OC(C)C,,0,med,1.0
CMHGFDOROXXOOB-UHFFFAOYSA-N,N#Cc1ccc(CC(=O)c2cccc(C(F)(F)F)c2)cc1,,0,med,1.0
HLLICFJUWSZHRJ-UHFFFAOYSA-N,CCCOc1ccc2nc(NC(=O)OC)sc2c1,Tioxidazole,1,med,1.0
FEWLNYSYJNLUOO-UHFFFAOYSA-N,O=CN1CCCCC1,1-Piperidinecarboxaldehyde,0,med,1.0
VARKIGWTYBUWNT-UHFFFAOYSA-N,OCCN1CCN(CCO)CC1,,0,med,1.0
XMNIXWIUMCBBBL-UHFFFAOYSA-N,CC(C)(OOC(C)(C)c1ccccc1)c1ccccc1,,1,med,1.0
NGOHTJBYABHJKF-UHFFFAOYSA-O,CCN(CC)CC[n+]1ccc2c(C)c3[nH]c4ccc(O)cc4c3c(C)c2c1,CHEMBL68332,1,med,1.0
MBWXNTAXLNYFJB-NKFFZRIASA-N,CC1=C(C/C=C(\C)CCC[C@H](C)CCC[C@H](C)CCCC(C)C)C(=O)c2ccccc2C1=O,PHYTONADIONE,0,med,1.0
NJBCRXCAPCODGX-UHFFFAOYSA-N,CC(C)CNCC(C)C,,0,med,1.0
KWVPFECTOKLOBL-KTKRTIGZSA-N,CCCCCCCC/C=C\CCCCCCCCOCCO,,1,med,1.0
DJBNUMBKLMJRSA-UHFFFAOYSA-N,O=C(NCC1CCCCN1)c1cc(OCC(F)(F)F)ccc1OCC(F)(F)F,Flecainide acetate,1,high,2.0
YMGQBWRXNCAABF-UHFFFAOYSA-N,CCc1cc(C2=C(C(=O)O)N(c3ccccc3C(F)(F)F)S(=O)(=O)c3ccccc32)cc2c1OCO2,,1,med,1.0
YXIWHUQXZSMYRE-UHFFFAOYSA-N,S=c1[nH]c2ccccc2s1,2-Mercaptobenzothiazole,1,med,1.0
ZFGMDIBRIDKWMY-PASTXAENSA-N,CC(=O)N[C@H]1[C@@H](O[C@H]2[C@H](O)[C@@H](O)[C@H](O[C@H]3[C@H](CS(=O)(=O)O)[C@@H](OS(=O)(=O)O)[C@@H](O[C@H]4[C@H](O)[C@@H](OS(=O)(=O)O)C(O)O[C@H]4C(=O)O)O[C@@H]3O)O[C@@H]2C(=O)O)O[C@H](COS(=O)(=O)O)[C@@H](O)[C@@H]1O,CHEMBL526514,1,med,1.0
OBZIQQJJIKNWNO-UHFFFAOYSA-N,COP(=S)(OC)Oc1c(Cl)cc(C)cc1Cl,,1,med,1.0
IUPCWCLVECYZRV-DWPVYZNNSA-N,CCC1OC(=O)C[C@@H](O)[C@H](C)[C@@H](O[C@@H]2O[C@H](C)C[C@H](N(C)C)[C@H]2O)[C@@H](CC=O)C[C@@H](C)C(=O)C=C[C@]2(C)OC2C1C,,1,med,1.0
XSCGXQMFQXDFCW-UHFFFAOYSA-N,CN(C)CCCN1c2ccccc2Sc2ccc(C(F)(F)F)cc21,TRIFLUPROMAZINE,1,med,1.0
XLSZMDLNRCVEIJ-UHFFFAOYSA-N,Cc1cnc[nH]1,4-Methylimidazole,0,med,1.0
PQWINHWBRIYBSP-UHFFFAOYSA-N,CCCC[Sn+2]CCCC,,1,med,1.0
PIWKPBJCKXDKJR-UHFFFAOYSA-N,FC(F)OC(Cl)C(F)(F)F,ISOFLURANE,1,high,2.0
ADDZHRRCUWNSCS-UHFFFAOYSA-N,O=Cc1cc2ccccc2o1,,0,med,1.0
WZDGZWOAQTVYBX-XOINTXKNSA-N,C#C[C@]1(O)CC[C@H]2[C@@H]3[C@H](C)CC4=C(CCC(=O)C4)[C@H]3CC[C@@]21C,tibolone,0,med,1.0
QRXWMOHMRWLFEY-UHFFFAOYSA-N,NNC(=O)c1ccncc1,Isoniazid,1,high,2.0
LOUPRKONTZGTKE-WZBLMQSHSA-N,C=C[C@H]1CN2CC[C@H]1C[C@H]2[C@H](O)c1ccnc2ccc(OC)cc12,Drug 1457,1,high,2.0
JSZILQVIPPROJI-UHFFFAOYSA-N,CCN(CC)C(=O)C1CN2CCc3cc(OC)c(OC)cc3C2CC1OC(C)=O,BENZQUINAMIDE HYDROCHLORIDE,0,med,1.0
IODWHFFPQHUDAG-UHFFFAOYSA-N,Cc1cc2nc(N)sc2cc1C,,1,med,1.0
QVQLUTLQWGEXFG-HNNXBMFYSA-N,N=C(CCl)NCCC[C@H](NC(=O)c1cc([N+](=O)[O-])c2nonc2c1)C(=O)NCc1cccc(B(O)O)c1,CHEMBL5630336,0,med,1.0
FTOVXSOBNPWTSH-UHFFFAOYSA-N,c1ccc2c(c1)-c1cccc3c1c-2cc1ccccc13,,1,med,1.0
TXLCJMHILCSZJG-QNTYDACNSA-N,C[C@]12CC[C@H]3[C@@H](CCC4=CC(=O)CC[C@@H]43)[C@@H]1CC[C@@H]2OC(=O)CCC1CCCCC1,,1,med,1.0
RPQDHPTXJYYUPQ-UHFFFAOYSA-N,[As]#[In],,0,med,1.0
NLZUEZXRPGMBCV-UHFFFAOYSA-N,Cc1cc(C(C)(C)C)c(O)c(C(C)(C)C)c1,CHEMBL146,1,high,2.0
MGNCLNQXLYJVJD-UHFFFAOYSA-N,Clc1nc(Cl)nc(Cl)n1,,0,med,1.0
JGHZJRVDZXSNKQ-UHFFFAOYSA-N,CCCCCCCC(=O)OC,,0,med,1.0
DVLFYONBTKHTER-UHFFFAOYSA-N,O=S(=O)(O)CCCN1CCOCC1,Mops,0,med,1.0
NKSOSPOXQKNIKJ-CLFAGFIQSA-N,CCCCCCCC/C=C\CCCCCCCC(=O)OCCOC(=O)CCCCCCC/C=C\CCCCCCCC,,0,med,1.0
MMVIDXVHQANYAE-UHFFFAOYSA-N,O=C1OC(=O)c2cc([N+](=O)[O-])ccc21,,0,med,1.0
MTXSIJUGVMTTMU-JTQLQIEISA-N,c1cncc([C@@H]2CCCCN2)c1,,0,med,1.0
REJHVSOVQBJEBF-UHFFFAOYSA-N,Nc1ccc(C=Cc2ccc(N)cc2S(=O)(=O)O)c(S(=O)(=O)O)c1,,0,med,1.0
QMOWPJIFTHVQMB-UHFFFAOYSA-N,CCC1(c2ccccc2)C(=O)NC(=O)N(C(=O)c2ccccc2)C1=O,,1,med,1.0
LPLVUJXQOOQHMX-QWBHMCJMSA-N,CC1(C)[C@@H](O[C@H]2O[C@H](C(=O)O)[C@@H](O)[C@H](O)[C@H]2O[C@@H]2O[C@H](C(=O)O)[C@@H](O)[C@H](O)[C@H]2O)CC[C@]2(C)[C@H]3C(=O)C=C4[C@@H]5C[C@@](C)(C(=O)O)CC[C@]5(C)CC[C@@]4(C)[C@]3(C)CC[C@@H]12,glycyrrhizic acid,0,med,1.0
MBUVEWMHONZEQD-UHFFFAOYSA-N,CN1CCCC(n2nc(Cc3ccc(Cl)cc3)c3ccccc3c2=O)CC1,AZELASTINE,0,med,1.0
SDHTXBWLVGWJFT-XKCURVIJSA-N,C=C1C(=O)[C@]23[C@H](O)[C@H]1CC[C@H]2[C@@]12CO[C@]3(O)[C@@H](O)[C@@H]1C(C)(C)CC[C@@H]2O,CHEMBL1164920,0,med,1.0
QKDVYBBXPCCURL-UHFFFAOYSA-N,Nc1cc([As]2[As](c3ccc(O)c(N)c3)[As](c3ccc(O)c(N)c3)[As](c3ccc(O)c(N)c3)[As]2c2ccc(O)c(N)c2)ccc1O,CHEMBL3137672,1,med,1.0
QCDWFXQBSFUVSP-UHFFFAOYSA-N,OCCOc1ccccc1,phenoxyethanol,0,med,1.0
WWYNJERNGUHSAO-XUDSTZEESA-N,C#C[C@]1(O)CC[C@H]2[C@@H]3CCC4=CC(=O)CC[C@@H]4[C@H]3CC[C@@]21CC,LEVONORGESTREL,0,med,1.0
JOZDADPMWLVEJK-UHFFFAOYSA-N,CCCCCSCCCCC,,0,med,1.0
RYLHNOVXKPXDIP-UHFFFAOYSA-N,O=C(NC(=O)c1c(F)cccc1F)Nc1ccc(Oc2ccc(C(F)(F)F)cc2Cl)cc1F,Flufenoxuron,1,med,1.0
IMFACGCPASFAPR-UHFFFAOYSA-N,CCCCN(CCCC)CCCC,,0,med,1.0
HHRACYLRBOUBKM-UHFFFAOYSA-N,CC(C)(C)c1ccc(OCC2CO2)cc1,,0,med,1.0
RLLPVAHGXHCWKJ-UHFFFAOYSA-N,CC1(C)C(C=C(Cl)Cl)C1C(=O)OCc1cccc(Oc2ccccc2)c1,Drug 879,0,med,1.0
TVDSBUOJIPERQY-UHFFFAOYSA-N,C#CCO,,0,med,1.0
NJDUWAXIURWWLN-UHFFFAOYSA-N,O=C1c2ccccc2C(=O)C1c1ccc(Cl)cc1,clorindione,0,med,1.0
GGUBFICZYGKNTD-UHFFFAOYSA-N,CCOC(=O)CP(=O)(OCC)OCC,,0,med,1.0
WVQBLGZPHOPPFO-UHFFFAOYSA-N,CCc1cccc(C)c1N(C(=O)CCl)C(C)COC,,1,med,1.0
ZUOUZKKEUPVFJK-UHFFFAOYSA-N,c1ccc(-c2ccccc2)cc1,,0,med,1.0
GGCSSNBKKAUURC-UHFFFAOYSA-N,CCC(=O)N(c1ccccc1)C1(COC)CCN(CCc2cccs2)CC1,SUFENTANIL,1,med,1.0
LDCCBULMAFILCT-UHFFFAOYSA-N,Nc1cc(S(=O)(=O)O)ccc1S(=O)(=O)O,,0,med,1.0
CIHBFWGGJXFNKH-UHFFFAOYSA-N,COc1cc(CCc2ccc(Nc3c4c(nc5cc(Cl)ccc35)CCCC4)cc2)cc(OC)c1,CHEMBL4083174,1,med,1.0
YEABPXBNCMTIRY-UHFFFAOYSA-N,CNC(=O)c1ccccc1S(=O)(=O)NCC(=O)Nc1ccc(O)cc1,CHEMBL4800549,0,med,1.0
IEKOTSCYBBDIJC-UHFFFAOYSA-N,CCCCCN(CCCCC)C(=O)C(CCC(=O)O)NC(=O)c1ccc(Cl)c(Cl)c1,,1,med,1.0
TWKHLQXFLAYHCA-UHFFFAOYSA-N,C=CCn1cc(-c2nc3ccccc3nc2Cl)c2cc(OC)ccc21,CHEMBL4468513,0,med,1.0
ORKBRHLZMASEDO-UHFFFAOYSA-N,COc1ccc2cc(C(=O)NCCN(C)C)oc2c1,CHEMBL4797998,0,med,1.0
ITXPBHFEYLUJSZ-UHFFFAOYSA-N,COc1c(O)cc2cc(C(=O)O)n(C)c2c1C1=c2cc(C(=O)O)[nH]c2=C(Cc2cc(C(=O)O)[nH]c2C(=O)O)C(=O)C1=O,CHEMBL4291677,0,med,1.0
LGCMKPRGGJRYGM-UHFFFAOYSA-N,O=C(Nc1ccc(O)cc1)c1ccccc1O,osalmid,1,med,1.0
OBMLHUPNRURLOK-XGRAFVIBSA-N,C[C@]12C[C@H]3S[C@H]3C[C@@H]1CC[C@@H]1[C@@H]2CC[C@]2(C)[C@@H](O)CC[C@@H]12,epitiostanol,0,med,1.0
QSJXEFYPDANLFS-UHFFFAOYSA-N,CC(=O)C(C)=O,,0,med,1.0
HLVVITIHAZBPKB-UHFFFAOYSA-N,Nc1c2c(nc3ccccc13)CCCC2O,velnacrine,1,high,2.0
PSYGHMBJXWRQFD-UHFFFAOYSA-N,O=C(CS)OCCOC(=O)CS,,1,med,1.0
XVGOZDAJGBALKS-UHFFFAOYSA-N,CCN1CCN(c2cc(-c3ccc(F)cc3)c3c(n2)CCCCCC3)CC1,BLONANSERIN,0,med,1.0
JAVRNIFMYIJXIE-UHFFFAOYSA-N,COC(=O)c1ccccc1Cl,,0,med,1.0
VHRUBWHAOUIMDW-UHFFFAOYSA-N,CCCCCCCC(=O)N(C)C,,0,med,1.0
BWHOZHOGCMHOBV-UHFFFAOYSA-N,CC(=O)C=Cc1ccccc1,,0,med,1.0
XZWYZXLIPXDOLR-UHFFFAOYSA-N,CN(C)C(=N)N=C(N)N,Metformin hydrochloride,1,high,2.0
WVRFSLWCFASCIS-UHFFFAOYSA-N,CCC1CCC(CCC(=O)O)C1,,0,med,1.0
WVIIMZNLDWSIRH-UHFFFAOYSA-N,C1CCC(C2CCCCC2)CC1,,0,med,1.0
FEJKLNWAOXSSNR-UHFFFAOYSA-N,CC(=O)Nc1ccc(OC(=O)c2ccccc2OC(C)=O)cc1,benorilate,0,med,1.0
ILQYINMEMUEGJD-UHFFFAOYSA-N,Nc1c(C2=NCCN2)cnn1-c1cc(Cl)cc(Cl)c1,CHEMBL1922311,0,med,1.0
MAUFTTLGOUBZNA-UHFFFAOYSA-N,CCCCCc1cccc(=O)o1,,1,med,1.0
XXIKYCPRDXIMQM-UHFFFAOYSA-N,CC(=O)OCC=C(C)C,,0,med,1.0
XWYBFXIUISNTQG-VKMGZQQJSA-N,C[C@]12CC[C@@H](O)C[C@@H]1CC[C@H]1[C@@H]3CC[C@H](C(=O)CO)[C@@]3(C)CC(=O)[C@@H]12,CHEMBL3137670,1,med,1.0
LWBHHRRTOZQPDM-UHFFFAOYSA-N,O=C(O)CCCCCCCCCC(=O)O,,0,med,1.0
CBYAZOKPJYBCHE-UHFFFAOYSA-N,O=[N+]([O-])c1cccc(I)c1,,0,med,1.0
KTALPKYXQZGAEG-UHFFFAOYSA-N,CC(C)c1ccc2sc3ccccc3c(=O)c2c1,,1,med,1.0
ISSKMEQROMFEHL-UHFFFAOYSA-N,O=C(O)COc1ccc(CCNS(=O)(=O)c2ccccc2)s1,,0,med,1.0
GBNVXYXIRHSYEG-UHFFFAOYSA-N,CCSCCCl,,0,med,1.0
NJRCJWGDCROWEJ-UHFFFAOYSA-N,O=[N+]([O-])OCCCNCCCCNc1c2c(nc3ccccc13)CCCC2,CHEMBL407320,0,med,1.0
YZBLFMPOMVTDJY-JLOCULIASA-N,CO/N=C1/C[C@]2(C[C@@H]3C[C@@H](CC=C(C)C[C@@H](C)C=CC=C4CO[C@@H]5[C@H](O)C(C)=C[C@@H](C(=O)O3)[C@]45O)O2)O[C@H](/C(C)=C/C(C)C)[C@H]1C,,1,med,1.0
IMUDHTPIFIBORV-UHFFFAOYSA-N,NCCN1CCNCC1,,0,med,1.0
OQJBSDFFQWMKBQ-UHFFFAOYSA-N,CC(CN1c2ccccc2Sc2cccnc21)N(C)C,isothipendyl,0,med,1.0
ZNEWHQLOPFWXOF-UHFFFAOYSA-N,O=S(=O)(O)CCS,MESNA,0,med,1.0
WARIWGPBHKPYON-UHFFFAOYSA-N,CCSC(=O)N(CC)CC,,0,med,1.0
RGCDVHNITQEYPO-UHFFFAOYSA-N,CC1(C)C(=O)C(C)(C)C1=O,,0,med,1.0
ZQTOZLYOIRKCPL-UHFFFAOYSA-N,O=C(CCN1CCN2CCCC2C1)N1c2ccccc2Sc2ccc(Cl)cc21,CHEMBL1615352,1,high,2.0
FBMYKMYQHCBIGU-UHFFFAOYSA-N,CC(C)(Cc1c[nH]c2ccccc12)NCC(O)COc1ccccc1C#N,Bucindolol,1,med,1.0
URJQOOISAKEBKW-UHFFFAOYSA-N,CCOc1c(N2CCOCC2)cnn(C)c1=O,emorfazone,0,med,1.0
FTMVEUXYYDLYFH-UHFFFAOYSA-N,CCN(CCN)c1cccc(C)c1,,0,med,1.0
OVOCLWJUABOAPL-UHFFFAOYSA-N,Cc1ccc(C(=O)O)o1,,0,med,1.0
QUXLCYFNVNNRBE-UHFFFAOYSA-N,Cc1cccc(N)n1,,0,med,1.0
BQYJATMQXGBDHF-UHFFFAOYSA-N,CC1COC(Cn2cncn2)(c2ccc(Oc3ccc(Cl)cc3)cc2Cl)O1,,1,med,1.0
STQGQHZAVUOBTE-VGBVRHCVSA-N,COc1cccc2c1C(=O)c1c(O)c3c(c(O)c1C2=O)C[C@@](O)(C(C)=O)C[C@@H]3O[C@H]1C[C@H](N)[C@H](O)[C@H](C)O1,DAUNORUBICIN,1,med,1.0
LRBQNJMCXXYXIU-PPKXGCFTSA-N,O=C(OC[C@H]1O[C@@H](OC(=O)c2cc(O)c(O)c(OC(=O)c3cc(O)c(O)c(O)c3)c2)[C@H](OC(=O)c2cc(O)c(O)c(OC(=O)c3cc(O)c(O)c(O)c3)c2)[C@@H](OC(=O)c2cc(O)c(O)c(OC(=O)c3cc(O)c(O)c(O)c3)c2)[C@@H]1OC(=O)c1cc(O)c(O)c(OC(=O)c2cc(O)c(O)c(O)c2)c1)c1cc(O)c(O)c(OC(=O)c2cc(O)c(O)c(O)c2)c1,TANNIC ACID,1,med,1.0
RKWGIWYCVPQPMF-UHFFFAOYSA-N,CCCNC(=O)NS(=O)(=O)c1ccc(Cl)cc1,Chlorpropamide,0,med,1.0
KRWZVKRKTWCYPR-UHFFFAOYSA-N,Cc1ccc(C(C)OC(=O)C2(C)CCC(C(=O)O)C2(C)C)cc1,,0,med,1.0
NGHTXZCKLWZPGK-UHFFFAOYSA-N,Cc1cccc(C)c1NC(=O)CN1CCCC1=O,nefiracetam,0,med,1.0
ZSKVGTPCRGIANV-ZXFLCMHBSA-N,C[C@@H](O)[C@H]1C(=O)N2C(C(=O)O)=C(SCCN=CN)C[C@H]12,Imipenem,0,med,1.0
BFUJHVVEMMWLHC-UHFFFAOYSA-N,O=C(COc1ccc(Cl)cc1)N1CCN(Cc2ccc3c(c2)OCO3)CC1,Fipexide,1,high,2.0
POGQSBRIGCQNEG-UHFFFAOYSA-N,NC(=O)c1cn(Cc2c(F)cccc2F)nn1,RUFINAMIDE,1,high,2.0
QEFAQIPZVLVERP-UHFFFAOYSA-N,NC(=O)Cc1cccc(C(=O)c2ccccc2)c1N,NEPAFENAC,0,med,1.0
TUESWZZJYCLFNL-DAFODLJHSA-N,N=C(N)c1ccc(/C=C/c2ccc(C(=N)N)cc2O)cc1,HYDROXYSTILBAMIDINE,1,med,1.0
JJQZDUKDJDQPMQ-UHFFFAOYSA-N,CO[Si](C)(C)OC,,0,med,1.0
DTAPQAJKAFRNJB-UHFFFAOYSA-N,CNC(=O)Oc1cc(C)cc(C(C)C)c1,,0,med,1.0
DECIPOUIJURFOJ-UHFFFAOYSA-N,CCOc1ccc2c(c1)C(C)=CC(C)(C)N2,,1,med,1.0
KVWWIYGFBYDJQC-UHFFFAOYSA-N,CCCCCC1C(=O)CCC1CC(=O)OC,,0,med,1.0
KBAFPSLPKGSANY-VXKWHMMOSA-N,CCN(CC)CCOC(=O)[C@@H](Cc1cccc2ccccc12)C[C@@H]1CCCO1,CHEMBL1443491,1,med,1.0
JNTOCHDNEULJHD-UHFFFAOYSA-N,Nc1nc(=O)c2ncn(CCC(CO)CO)c2[nH]1,penciclovir,0,med,1.0
KPBZROQVTHLCDU-UHFFFAOYSA-N,CCCC(=O)OCOC(=O)C1=C(C)NC(C)=C(C(=O)OC)C1c1cccc(Cl)c1Cl,CLEVIDIPINE,0,med,1.0
FSVJFNAIGNNGKK-UHFFFAOYSA-N,O=C(C1CCCCC1)N1CC(=O)N2CCc3ccccc3C2C1,PRAZIQUANTEL,0,med,1.0
NBMKJKDGKREAPL-DVTGEIKXSA-N,C[C@H]1C[C@H]2[C@@H]3CCC4=CC(=O)C=C[C@]4(C)[C@@]3(Cl)[C@@H](O)C[C@]2(C)[C@@]1(O)C(=O)CO,,0,med,1.0
HFCFJYRLBAANKN-UHFFFAOYSA-N,Cc1c(N)cccc1[N+](=O)[O-],,0,med,1.0
SSMBXPJYHMZLOJ-UHFFFAOYSA-N,CC(C)OC(=O)Cc1ccccc1,,0,med,1.0
GSNHKUDZZFZSJB-QUMGSSFMSA-N,Cc1nnc(C(C)C)n1[C@H]1C[C@H]2CC[C@@H](C1)N2CC[C@H](NC(=O)C1CCC(F)(F)CC1)c1ccccc1,MARAVIROC,1,med,1.0
CLQMBPJKHLGMQK-UHFFFAOYSA-N,CC(C)C1(C)N=C(c2ncccc2C(=O)O)NC1=O,,0,med,1.0
SMHPLBXIVNQFBA-UHFFFAOYSA-N,O=[N+]([O-])c1ccc2ncccc2c1,,1,med,1.0
QYPNKSZPJQQLRK-UHFFFAOYSA-N,CCc1ccc(C(=O)NN(C(=O)c2cc(C)cc(C)c2)C(C)(C)C)cc1,,1,med,1.0
MHWLWQUZZRMNGJ-UHFFFAOYSA-N,CCn1cc(C(=O)O)c(=O)c2ccc(C)nc21,Nalidixic acid,0,med,1.0
YEJCDKJIEMIWRQ-UHFFFAOYSA-N,O=C1N(c2ccccc2)c2ccccc2C1(Cc1ccncc1)Cc1ccncc1,linopirdine,0,med,1.0
WRQNANDWMGAFTP-UHFFFAOYSA-N,COC(=O)CC(C)=O,,0,med,1.0
IUXYVKZUDNLISR-UHFFFAOYSA-N,CC(C)(C)NCCO,,0,med,1.0
JBIMVDZLSHOPLA-LSCVHKIXSA-N,CN(C)CC/C=C1/c2ccccc2COc2ccc(CC(=O)O)cc21,OLOPATADINE HYDROCHLORIDE,0,med,1.0
IRLWJILLXJGJTD-UHFFFAOYSA-N,COc1ccc(OC(=O)N(CC(=O)O)Cc2ccc(OCCc3nc(-c4ccccc4)oc3C)cc2)cc1,Muraglitazar,0,med,1.0
YZTJYBJCZXZGCT-UHFFFAOYSA-N,c1ccc(N2CCNCC2)cc1,,0,med,1.0
TVQGDYNRXLTQAP-UHFFFAOYSA-N,CCCCCCC(=O)OCC,,0,med,1.0
RFMMMVDNIPUKGG-YFKPBYRVSA-N,CC(=O)N[C@@H](CCC(=O)O)C(=O)O,N-Acetyl-L-glutamic acid,0,med,1.0
SRIJFPBZWUFLFD-UHFFFAOYSA-N,O=C(c1cc2ccccc2o1)N1CCN(Cc2ccccc2)CC1,,0,med,1.0
RBGAHDDQSRBDOG-UHFFFAOYSA-N,Cc1nc2n(c(=O)c1CCN1CCC(C(=O)c3ccc(F)cc3)CC1)CCS2,,0,med,1.0
AFYCEAFSNDLKSX-UHFFFAOYSA-N,CCN(CC)c1ccc2c(C)cc(=O)oc2c1,,1,med,1.0
HHSXYDOROIURIP-FEZCWRLCSA-N,C[C@]12CC[C@H]3[C@@H](CCC4=CC(=O)CC[C@@]43C)[C@@H]1CC[C@@H]2OC(=O)CCc1ccccc1,,0,med,1.0
ULDXWLCXEDXJGE-UHFFFAOYSA-N,NC1(c2ccc(-c3nc4ccn5c(=O)[nH]nc5c4cc3-c3ccccc3)cc2)CCC1,,1,med,1.0
ZUTYZAFDFLLILI-UHFFFAOYSA-N,CCC(C)c1ccc(O)cc1,,1,med,1.0
SNHJAZWMZSZXFM-XJKSQIOZSA-N,CCOc1ccc(C[C@@H](NC(=O)Cc2ccc(C(C)(C)C)cc2)C(=O)N[C@@H](Cc2ccc(F)cc2)C(=O)N[C@H](C(=O)N[C@@H](CC(N)=O)C(=O)N[C@@H](CC)C(=O)N2CCC[C@H]2C(=O)N[C@@H](CCCNC(=N)N)C(=O)N[C@@H](CCCNC(=N)N)C(N)=O)C(C)C)cc1,CHEMBL5575063,0,med,1.0
JJAFWZKNGVFHDU-UHFFFAOYSA-N,CCOC(=O)C1=C(C)NC2=C(C(=O)CCC2)C1c1cc(C(C)CC)c2oc(=O)c(C(=O)OC)cc2c1,CHEMBL2313150,0,med,1.0
JAPHQRWPEGVNBT-UTUOFQBUSA-N,N[C@@H](C(=O)N[C@@H]1C(=O)N2C(C(=O)O)=C(Cl)CC[C@H]12)c1ccccc1,LORACARBEF ANHYDROUS,1,med,1.0
QZCLKYGREBVARF-UHFFFAOYSA-N,CCCCOC(=O)CC(CC(=O)OCCCC)(OC(C)=O)C(=O)OCCCC,,0,med,1.0
PXIKRTCSSLJURC-UHFFFAOYSA-N,CCCc1ccc(O)c(OC)c1,,0,med,1.0
NFXBVNWLSJZWBI-UHFFFAOYSA-N,c1cc(NCCN2CCOCC2)c2ccc3c(ccc4c(NCCN5CCOCC5)ccnc43)c2n1,CHEMBL4472278,0,med,1.0
YWXYYJSYQOXTPL-KVTDHHQDSA-N,O=[N+]([O-])O[C@@H]1CO[C@H]2[C@@H]1OC[C@H]2O,CHEMBL4076736,1,med,1.0
RFHAOTPXVQNOHP-UHFFFAOYSA-N,OC(Cn1cncn1)(Cn1cncn1)c1ccc(F)cc1F,Fluconazole,0,med,1.0
CFJMRBQWBDQYMK-UHFFFAOYSA-N,CCN(CC)CCOCCOC(=O)C1(c2ccccc2)CCCC1,,0,med,1.0
GRWAIJBHBCCLGS-UHFFFAOYSA-N,O=C(O)Cn1cnnn1,,0,med,1.0
FXHGMKSSBGDXIY-UHFFFAOYSA-N,CCCCCCC=O,,0,med,1.0
GSNUFIFRDBKVIE-UHFFFAOYSA-N,Cc1ccc(C)o1,,0,med,1.0
DAHPIMYBWVSMKQ-UHFFFAOYSA-N,O=NN(O)c1ccccc1,,1,med,1.0
WZZLDXDUQPOXNW-UHFFFAOYSA-N,CCCOC(=O)NCCCN(C)C,,0,med,1.0
JVTAAEKCZFNVCJ-UWTATZPHSA-N,C[C@@H](O)C(=O)O,D-Lactic Acid,0,med,1.0
AIETUBHCUYNJHA-UHFFFAOYSA-N,Cc1cc(NC2CCN(C(=O)CCNCC(=O)O)CC2)nc(NCc2cn(CCCNCCCNC3CCCCC3)nn2)n1,CHEMBL4064397,0,med,1.0
PJMPHNIQZUBGLI-UHFFFAOYSA-N,CCC(=O)N(c1ccccc1)C1CCN(CCc2ccccc2)CC1,FENTANYL,1,high,2.0
GPTXWRGISTZRIO-UHFFFAOYSA-N,Cc1ccc2c(Cl)cc(Cl)c(O)c2n1,chlorquinaldol,1,med,1.0
ZQTNQVWKHCQYLQ-UHFFFAOYSA-N,CCCCc1oc2ccc(NS(C)(=O)=O)cc2c1C(=O)c1ccc(OCCCN(CCCC)CCCC)cc1,Dronedarone hydrochloride,1,high,2.0
CAHKINHBCWCHCF-JTQLQIEISA-N,CC(=O)N[C@@H](Cc1ccc(O)cc1)C(=O)O,N-Acetyltyrosine,0,med,1.0
NFHRQQKPEBFUJK-HSZRJFAPSA-N,CN1C(=O)[C@@H](NC(=O)c2cc3ccccc3[nH]2)N=C(c2ccccc2)c2ccccc21,,1,med,1.0
ZEOVXNVKXIPWMS-UHFFFAOYSA-N,CC(C)(Cl)Cl,,0,med,1.0
XCWPXUNHSPOFGV-UHFFFAOYSA-N,C=CCOC(=O)COCCC(C)C,,0,med,1.0
NOSIYYJFMPDDSA-UHFFFAOYSA-N,CC(=O)c1ccc2c(c1)N(CCCN(C)C)c1ccccc1S2,acepromazine,1,high,2.0
BTGRAWJCKBQKAO-UHFFFAOYSA-N,N#CCCCCC#N,,0,med,1.0
AYEKOFBPNLCAJY-UHFFFAOYSA-O,Cc1ncc(C[n+]2csc(CCOP(=O)(O)OP(=O)(O)O)c2C)c(N)n1,,0,med,1.0
DPIZKMGPXNXSGL-UHFFFAOYSA-N,Nc1ccc([N+](=O)[O-])c(N)c1,,0,med,1.0
QGJUIPDUBHWZPV-SGTAVMJGSA-N,N#C[C@@H]1C[C@@H]2C[C@@H]2N1C(=O)[C@@H](N)C12CC3CC(CC(O)(C3)C1)C2,SAXAGLIPTIN ANHYDROUS,0,med,1.0
BGKIECJVXXHLDP-UHFFFAOYSA-N,O=[N+]([O-])c1ccc(Cl)c(Cl)c1Cl,,1,med,1.0
BTEVDFJXGLQUDS-UHFFFAOYSA-N,COC(=O)c1cc(Cl)cc(Cl)c1,,0,med,1.0
QRJOQYLXZPQQMX-FWROMSNXSA-N,CC(=O)OCC(=O)[C@H]1CC[C@H]2[C@@H]3CC[C@H]4C[C@H](O)CC[C@]4(C)[C@H]3C(=O)C[C@]12C,alfadolone acetate,0,med,1.0
FUSYFEXGXRDJNB-KWQFWETISA-N,CC[C@H](C)[C@@H](C(=O)O)n1sc2ccccc2c1=O,,1,med,1.0
ZYIBVBKZZZDFOY-UHFFFAOYSA-N,O=C1OC2(c3cc(Br)c(O)c(Br)c3Oc3c2cc(Br)c(O)c3Br)c2c(Cl)c(Cl)c(Cl)c(Cl)c21,,1,med,1.0
NQHNLNLJPDMBFN-UHFFFAOYSA-O,CCCCCCCCOc1ccccc1C(=O)Nc1ccc(C(=O)OCC[N+](C)(CC)CC)cc1,otilonium bromide,0,med,1.0
CVAVMIODJQHEEH-UHFFFAOYSA-O,CCN(CC)c1ccc2c(-c3ccccc3C(=O)O)c3ccc(N(CC)CC)cc3[o+]c2c1,,1,med,1.0
YAORIDZYZDUZCM-UHFFFAOYSA-N,c1ccc(C2CC2)c(OCC2=NCCN2)c1,Cirazoline,0,med,1.0
QRJJEGAJXVEBNE-HKOYGPOVSA-N,Clc1ccc(CO/N=C(\Cn2ccnc2)c2ccc(Cl)cc2Cl)c(Cl)c1,OXICONAZOLE,1,med,1.0
DLIRUVZALPTEMG-UHFFFAOYSA-N,CCN(CC)c1ccc(N=Nc2ccc(S(=O)(=O)N(C)C)cc2)c(S(=O)(=O)NCC[n+]2ccccc2)c1,,0,med,1.0
BIWJNBZANLAXMG-PXXYCUNPSA-N,ClC1=C(Cl)[C@@]2(Cl)[C@@H]3[C@@H](Cl)C(Cl)C[C@@H]3C1(Cl)C2(Cl)Cl,,1,med,1.0
LSWYGACWGAICNM-UHFFFAOYSA-N,C=CCOCC1CO1,,0,med,1.0
FYTRVXSHONWYNE-UHFFFAOYSA-N,CCCC1CCCC(=O)O1,,0,med,1.0
BQJODPIMMWWMFC-UHFFFAOYSA-N,CCN(CC)C(=O)c1ccc(O)c(OC)c1,etamivan,0,med,1.0
SPJOZZSIXXJYBT-UHFFFAOYSA-N,O=S(=O)(Oc1ccc(Cl)cc1)c1ccccc1,,0,med,1.0
JZUFKLXOESDKRF-UHFFFAOYSA-N,NS(=O)(=O)c1cc2c(cc1Cl)NCNS2(=O)=O,Hydrochlorothiazide,0,med,1.0
PFYHAAAQPNMZHO-UHFFFAOYSA-N,COC(=O)c1ccccc1OC,,0,med,1.0
JLYNSPSTPQAEAX-UHFFFAOYSA-N,O=C1CCC(C2CCCCC2)CC1,,0,med,1.0
CYFLXLSBHQBMFT-UHFFFAOYSA-N,Cc1nc(NS(=O)(=O)c2ccc(N)cc2)oc1C,sulfamoxole,1,med,1.0
JTHMVYBOQLDDIY-UHFFFAOYSA-N,CCCOc1nn(C(=O)NS(=O)(=O)c2ccccc2C(=O)OC)c(=O)n1C,,0,med,1.0
KCXMKQUNVWSEMD-UHFFFAOYSA-N,ClCc1ccccc1,,0,med,1.0
VSWBSWWIRNCQIJ-GJZGRUSLSA-N,CN1C[C@H]2c3ccccc3Oc3ccc(Cl)cc3[C@@H]2C1,,0,med,1.0
RBEIGPCKTTVZGY-UHFFFAOYSA-N,Fc1cc(F)cc(-c2cc3nccnc3s2)c1,CHEMBL3330078,0,med,1.0
PBGWNXWNCSSXCO-UHFFFAOYSA-N,CCCCCCCC(=O)OCCCCCC,,0,med,1.0
QIPQASLPWJVQMH-DTORHVGOSA-N,C[C@@H]1CN(c2c(F)c(F)c3c(=O)c(C(=O)O)cn(C4CC4)c3c2F)C[C@H](C)N1,Orbifloxacin,1,med,1.0
SHHKQEUPHAENFK-UHFFFAOYSA-N,COC(COC(N)=O)C1=C(N2CC2)C(=O)C(C)=C(N2CC2)C1=O,carboquone,1,med,1.0
BLGXFZZNTVWLAY-DIRVCLHFSA-N,COC(=O)[C@H]1[C@H]2C[C@H]3c4[nH]c5ccccc5c4CCN3C[C@H]2CC[C@@H]1O,,1,med,1.0
YREBJGUGKMXPGE-UHFFFAOYSA-N,COCCOc1cc2cc(C(=O)NC3CCN(C(C)C)CC3)n(CC(=O)Nc3ccc(Cl)cn3)c2cn1,,1,med,1.0
ATFSKIZVJOMGAR-UHFFFAOYSA-N,Cc1c(C)c2c(c(C)c1O)CCC(C)(C(=O)NCCCCCCNc1c3c(nc4ccccc14)CCCC3)O2,CHEMBL3410954,0,med,1.0
JMFOSJNGKJCTMJ-ZHZULCJRSA-N,C/C(=C(/OCCOc1ccc(Cl)cc1)c1ccc(Cl)cc1Cl)n1ccnc1,omoconazole,1,med,1.0
XEDWWPGWIXPVRQ-UHFFFAOYSA-N,O=C(c1cc(O)c(O)c(O)c1)c1ccc(O)c(O)c1O,Exifone,1,high,2.0
USWINTIHFQKJTR-UHFFFAOYSA-N,O=S(=O)(O)c1ccc2cc(O)c(S(=O)(=O)O)cc2c1,,0,med,1.0
UUMLTINZBQPNGF-UHFFFAOYSA-N,CC(=O)N(CC(O)CO)c1c(I)c(C(=O)NCCO)c(I)c(C(=O)NCC(O)CO)c1I,IOXILAN,1,med,1.0
NJMWOUFKYKNWDW-UHFFFAOYSA-N,CCn1cc[n+](C)c1,,0,med,1.0
CPVNCBJFUQQXSU-UHFFFAOYSA-O,O=C(O)CCCC[P+](c1ccccc1)(c1ccccc1)c1ccccc1,,0,med,1.0
HUTDUHSNJYTCAR-UHFFFAOYSA-N,COc1ccc(C(O)(c2cncnc2)C2CC2)cc1,,0,med,1.0
FXMWUTGUCAKGQL-UHFFFAOYSA-N,COc1cc(CC(C)N)c(OC)cc1Br,"2,5-Dimethoxy-4-bromoamphetamine",0,med,1.0
RRFQFDMDZFLXRY-GTQYJQEFSA-N,C[C@@H](O[C@H]1OCCN(CC2=NC(=O)N=N2)[C@H]1C1CCC(F)CC1)c1cc(C(F)(F)F)cc(C(F)(F)F)c1,,0,med,1.0
CZZYITDELCSZES-UHFFFAOYSA-N,c1ccc(Cc2ccccc2)cc1,,0,med,1.0
VHLLJTHDWPAQEM-UHFFFAOYSA-N,CC(C)CC(C)(c1ccc(O)cc1)c1ccc(O)cc1,,1,med,1.0
IXEVGHXRXDBAOB-BREBYQMCSA-N,CC1(C)[C@@H]2CC[C@@]1(C)[C@H](OC(=O)CSC#N)C2,,0,med,1.0
CPHJEACXPATRSU-UHFFFAOYSA-N,CCCCCCCCCCCCCCN(CCO)CCO,,0,med,1.0
LPEKGGXMPWTOCB-UHFFFAOYSA-N,COC(=O)C(C)O,,0,med,1.0
ISWSIDIOOBJBQZ-UHFFFAOYSA-N,Oc1ccccc1,,0,med,1.0
QMVPMAAFGQKVCJ-JTQLQIEISA-N,CC(C)=CCC[C@H](C)CCO,,0,med,1.0
VAAUVRVFOQPIGI-SPQHTLEESA-N,CO/N=C(\C(=O)N[C@@H]1C(=O)N2C(C(=O)O)=C(CSc3nc(=O)c(=O)[nH]n3C)CS[C@H]12)c1csc(N)n1,Drug 1379,1,high,2.0
XJILVKAKWJZWEA-UHFFFAOYSA-N,CCOC(=O)C1=C(C)NC2=C(C(=O)CCC2)C1c1cc(C(C)CC)c2oc(C(=O)c3ccc(C)cc3)cc2c1,CHEMBL4208523,0,med,1.0
HHHKFGXWKKUNCY-FHWLQOOXSA-N,CCOC(=O)[C@H](CCc1ccccc1)N[C@H]1CCCN2CCC[C@@H](C(=O)O)N2C1=O,cilazapril,1,high,2.0
BDAGIHXWWSANSR-UHFFFAOYSA-N,O=CO,Formic Acid,0,med,1.0
DSZTYVZOIUIIGA-UHFFFAOYSA-N,CCCCCCCCCCCCCCC1CO1,,0,med,1.0
SIYLLGKDQZGJHK-UHFFFAOYSA-N,CC(C)(C)CC(C)(C)c1ccc(OCCOCC[N+](C)(C)Cc2ccccc2)cc1,benzethonium,1,med,1.0
DBFYESDCPWWCHN-UHFFFAOYSA-N,Cc1ccc(N)cc1O,,1,med,1.0
KQPKPCNLIDLUMF-QMMMGPOBSA-N,C=CCC1([C@@H](C)CCC)C(=O)NC(=O)NC1=O,,0,med,1.0
DTFCUDRZEBVWKC-UHFFFAOYSA-N,CN1CCCCC1CCN1c2ccc(Br)cc2[Se]c2cc(Br)ccc21,CHEMBL4778666,0,med,1.0
BCFGMOOMADDAQU-UHFFFAOYSA-N,CS(=O)(=O)CCNCc1ccc(-c2ccc3ncnc(Nc4ccc(OCc5cccc(F)c5)c(Cl)c4)c3c2)o1,Lapatinib ditosylate,1,high,2.0
BRNSEHWWCANKFT-UHFFFAOYSA-N,CN1CCOC(O)(c2ccc3c(c2)Sc2ccccc2N3)C1,CHEMBL5412312,0,med,1.0
URYAFVKLYSEINW-UHFFFAOYSA-N,CC(O)(c1ccc(Cl)cc1)c1ccc(Cl)cc1,,1,med,1.0
PKJBWOWQJHHAHG-UHFFFAOYSA-N,Brc1ccc(-c2ccccc2)cc1,,0,med,1.0
UMPSXRYVXUPCOS-UHFFFAOYSA-N,Oc1cccc(Cl)c1Cl,,1,med,1.0
CLSVJBIHYWPGQY-UHFFFAOYSA-N,CCOC(=O)OC1=C(c2cc(C)ccc2C)C(=O)NC12CCC(OC)CC2,,1,med,1.0
XKJMBINCVNINCA-UHFFFAOYSA-N,CON(C)C(=O)Nc1ccc(Cl)c(Cl)c1,,1,med,1.0
JEZZOKXIXNSKQD-UHFFFAOYSA-N,O=C(Nc1ccc([N+](=O)[O-])cc1)Nc1ccc([N+](=O)[O-])cc1,,1,med,1.0
XOKMRXSMOHCNIX-UHFFFAOYSA-N,Cc1ccc2c(c1)CCCN2,,1,med,1.0
QVDSEJDULKLHCG-UHFFFAOYSA-N,CN(C)CCc1c[nH]c2cccc(OP(=O)(O)O)c12,Psilocybin,0,med,1.0
FCFWNUVBSVWFHR-SSSWZJSRSA-N,CCCCCCCC/C=C\CCCCCCCC(=O)N[C@H](CO)C(C)C,CHEMBL2324498,0,med,1.0
SPANOECCGNXGNR-UHFFFAOYSA-N,CC(C)N(C(=O)SCC(Cl)=CCl)C(C)C,,0,med,1.0
VTIMKVIDORQQFA-UHFFFAOYSA-N,CCCCC(CC)COC(=O)c1ccc(O)cc1,,1,med,1.0
BLSQLHNBWJLIBQ-OZXSUGGESA-N,CC(C)N1CCN(c2ccc(OC[C@H]3CO[C@](Cn4cncn4)(c4ccc(Cl)cc4Cl)O3)cc2)CC1,Terconazole,1,med,1.0
YYFGRAGNYHYWEZ-UHFFFAOYSA-N,O=C(NCCCN1CCOCC1)c1ccc(Cl)cc1,,0,med,1.0
UFOUDYPOSJJEDJ-UHFFFAOYSA-N,COC(OC)C(C)c1ccccc1,,0,med,1.0
LLVDANRRSVUHCX-OFQWNHSRSA-N,Cc1cn([C@@H]2O[C@@]3(COP(O)(=S)O[C@@H]4[C@@H](OP(O)(=S)OC[C@H]5O[C@@H](n6cc(C)c(=O)[nH]c6=O)[C@H](O)[C@@H]5OP(O)(=S)OC[C@H]5O[C@@H](n6cnc7c(=O)[nH]c(N)nc76)[C@H](O)[C@@H]5OP(O)(=S)OC[C@H]5O[C@@H](n6cnc7c(=O)[nH]c(N)nc76)[C@H](O)[C@@H]5OP(O)(=S)OC[C@H]5O[C@@H](n6ccc(N)nc6=O)[C@H](O)[C@@H]5OP(O)(=S)OC[C@H]5O[C@@H](n6cc(C)c(=O)[nH]c6=O)[C@H](O)[C@@H]5OP(O)(=S)OC[C@H]5O[C@@H](n6cnc7c(=O)[nH]c(N)nc76)[C@H](O)[C@@H]5OP(O)(=S)OC[C@H]5O[C@@H](n6ccc(N)nc6=O)[C@H](O)[C@@H]5OP(O)(=S)OC[C@H]5O[C@@H](n6cnc7c(N)ncnc76)[C@H](O)[C@@H]5OP(O)(=S)OC[C@H]5O[C@@H](n6cnc7c(=O)[nH]c(N)nc76)[C@H](O)[C@@H]5OP(O)(=S)OC[C@@]56CO[C@@H]([C@H](n7cc(C)c(N)nc7=O)O5)[C@@H]6OP(O)(=S)OC[C@@]56CO[C@@H]([C@H](n7cc(C)c(=O)[nH]c7=O)O5)[C@@H]6O)O[C@@H](n5cnc6c(N)ncnc65)[C@@H]4O)CO[C@@H]2[C@@H]3OP(O)(=S)OC[C@@]23CO[C@@H]([C@H](n4cc(C)c(=O)[nH]c4=O)O2)[C@@H]3O)c(=O)nc1N,CHEMBL503433,1,med,1.0
RRVIAQKBTUQODI-UHFFFAOYSA-N,CNC(=O)N(C)c1nc2ccccc2s1,,1,med,1.0
OQHHSGRZCKGLCY-UHFFFAOYSA-N,O=[N+]([O-])c1cccc2cccnc12,,1,med,1.0
JSLBZIVMVVHMDJ-UHFFFAOYSA-N,CCOC(=O)COc1ccc(Cl)cc1Cl,,0,med,1.0
CABMTIJINOIHOD-UHFFFAOYSA-N,CC(C)C1(C)N=C(c2nc3ccccc3cc2C(=O)O)NC1=O,,0,med,1.0
UIQMVEYFGZJHCZ-SSTWWWIQSA-N,C=CCN1CC[C@]23c4c5ccc(O)c4O[C@H]2[C@@H](O)C=C[C@H]3[C@H]1C5,nalorphine,0,med,1.0
GGRWZBVSUZZMKS-UHFFFAOYSA-N,O=C1C[N+]([O-])=C(c2ccccc2)c2cc(Cl)ccc2N1,,0,med,1.0
XNDCPFTULXRWQH-HNENSFHCSA-N,F/C(COc1ccc2c(c1)[nH]c1ccccc12)=C1/CN2CCC1CC2,,1,med,1.0
YGUFQYGSBVXPMC-UHFFFAOYSA-N,COc1cc(Cl)c(OC)cc1N,,1,med,1.0
LRDFRRGEGBBSRN-UHFFFAOYSA-N,CC(C)C#N,,1,med,1.0
CXBMCYHAMVGWJQ-UHFFFAOYSA-N,CC(C)=CC1C(C(=O)OCN2C(=O)C3=C(CCCC3)C2=O)C1(C)C,,1,med,1.0
LXANPKRCLVQAOG-NSHDSACASA-N,O=C1NC(=O)[C@@]2(CCOc3ccc(F)cc32)N1,Sorbinil,0,med,1.0
MGWAVDBGNNKXQV-UHFFFAOYSA-N,CC(C)COC(=O)c1ccccc1C(=O)OCC(C)C,,0,med,1.0
VOLRSQPSJGXRNJ-UHFFFAOYSA-N,O=[N+]([O-])c1ccc(CBr)cc1,,0,med,1.0
ARIWANIATODDMH-UHFFFAOYSA-N,CCCCCCCCCCCC(=O)OCC(O)CO,,0,med,1.0
JIZGLOVJKCSHTH-HNNXBMFYSA-N,Cc1cc(NC(=O)c2cccc(S(=O)(=O)N[C@H]3CCOC3)c2)ccc1F,CHEMBL4159471,0,med,1.0
NSYZCCDSJNWWJL-YXOIYICCSA-N,CCOC(=O)CCC(=O)O[C@H]1[C@H](O[C@@H]2[C@@H](C)[C@H](O[C@H]3C[C@@](C)(OC)[C@@H](O)[C@H](C)O3)[C@@H](C)C(=O)O[C@H](CC)[C@@](C)(O)[C@H](O)[C@@H](C)C(=O)[C@H](C)C[C@@]2(C)O)O[C@H](C)C[C@@H]1N(C)C,ERYTHROMYCIN ETHYLSUCCINATE,0,med,1.0
UHXUZOCRWCRNSJ-UHFFFAOYSA-N,CNC(=O)ON=C(C)SC,,0,med,1.0
BOFQWVMAQOTZIW-UHFFFAOYSA-N,O=C(O)c1ccc(-n2nc(-c3ccccc3O)nc2-c2ccccc2O)cc1,Deferasirox,0,med,1.0
MVFGUOIZUNYYSO-UHFFFAOYSA-N,CCCNC(C)C(=O)Nc1ccccc1C,PRILOCAINE,0,med,1.0
IPVQLZZIHOAWMC-QXKUPLGCSA-N,CCC[C@H](N[C@@H](C)C(=O)N1[C@H](C(=O)O)C[C@@H]2CCCC[C@@H]21)C(=O)OCC,PERINDOPRIL,0,med,1.0
MLPVBIWIRCKMJV-UHFFFAOYSA-N,CCc1ccccc1N,,0,med,1.0
JZFPYUNJRRFVQU-UHFFFAOYSA-N,O=C(O)c1cccnc1Nc1cccc(C(F)(F)F)c1,niflumic acid,1,med,1.0
RNLQIBCLLYYYFJ-UHFFFAOYSA-N,Nc1cc(-c2ccncc2)c[nH]c1=O,Inamrinone lactate,0,med,1.0
UCHUGKDWVTUWKV-QLHBAWKHSA-N,CC(=O)Oc1ccccc1C(=O)O[C@H]1CC[C@@]2(C)C(=CC[C@H]3[C@@H]4C[C@@H]5O[C@]6(CC[C@@H](C)CO6)[C@@H](C)[C@@H]5[C@@]4(C)CC[C@@H]32)C1,CHEMBL2207425,0,med,1.0
SDAXRHHPNYTELL-UHFFFAOYSA-N,CCCCCCC#N,,0,med,1.0
VJYIFXVZLXQVHO-UHFFFAOYSA-N,COc1nc(C)nc(NC(=O)NS(=O)(=O)c2ccccc2Cl)n1,,0,med,1.0
QUDWYFHPNIMBFC-UHFFFAOYSA-N,C=CCOC(=O)c1ccccc1C(=O)OCC=C,,0,med,1.0
PCCSBWNGDMYFCW-UHFFFAOYSA-N,CC1(c2ccc(Oc3ccccc3)cc2)OC(=O)N(Nc2ccccc2)C1=O,,1,med,1.0
CHUGKEQJSLOLHL-UHFFFAOYSA-N,OCC(CO)(CBr)CBr,,0,med,1.0
OUYCCCASQSFEME-QMMMGPOBSA-N,N[C@@H](Cc1ccc(O)cc1)C(=O)O,TYROSINE,0,med,1.0
FTSXVYQZLNPTCM-UHFFFAOYSA-N,CC(C)C(OC(=O)c1ccccc1)C(C)(C)COC(=O)c1ccccc1,,0,med,1.0
ATCRIUVQKHMXSH-UHFFFAOYSA-N,O=C(O)c1ccc(Cl)cc1Cl,,0,med,1.0
DTOUUUZOYKYHEP-UHFFFAOYSA-N,CCCCC(CC)CN1CN(CC(CC)CCCC)CC(C)(N)C1,hexetidine,0,med,1.0
DSFGXPJYDCSWTA-UHFFFAOYSA-N,CN(CCO)CC(O)Cn1cnc2c1c(=O)n(C)c(=O)n2C,xantinol,0,med,1.0
JKMHFZQWWAIEOD-UHFFFAOYSA-N,O=S(=O)(O)CCN1CCN(CCO)CC1,,0,med,1.0
DUFVKSUJRWYZQP-UHFFFAOYSA-N,CCOP(=O)(SC(C)CC)N1CCSC1=O,,0,med,1.0
BODKAQWWZBLGOU-UHFFFAOYSA-N,[Hg+]c1ccccc1,phenylmercuric nitrate,1,med,1.0
MFUVCHZWGSJKEQ-UHFFFAOYSA-N,O=C=Nc1ccc(Cl)c(Cl)c1,,1,med,1.0
NUMQCACRALPSHD-UHFFFAOYSA-N,CCOC(C)(C)C,,0,med,1.0
NWHNXXMYEICZAT-UHFFFAOYSA-N,CN1C(C)(C)CC(O)CC1(C)C,,0,med,1.0
HEPPIYNOUFWEPP-UHFFFAOYSA-N,CCCCNP(N)(N)=S,,0,med,1.0
BCQZXOMGPXTTIC-UHFFFAOYSA-N,FC(F)(F)C(Cl)Br,HALOTHANE,1,high,2.0
XCMUCRMMVDSVEL-UHFFFAOYSA-N,O=C(O)CNC(=O)c1ccc([N+](=O)[O-])cc1,,0,med,1.0
ZNOLGFHPUIJIMJ-UHFFFAOYSA-N,COP(=S)(OC)Oc1ccc([N+](=O)[O-])c(C)c1,,1,med,1.0
ISPYQTSUDJAMAB-UHFFFAOYSA-N,Oc1ccccc1Cl,2-Chlorophenol,0,med,1.0
XPAQFJJCWGSXGJ-UHFFFAOYSA-N,Nc1ccc(NC(=O)c2ccc(N)cc2)cc1,,1,med,1.0
KMPWYEUPVWOPIM-FGVBSWQGSA-N,C=C[C@H]1CN2CCC1C[C@@H]2[C@@H](O)c1ccnc2ccccc12,,0,med,1.0
AWMVMTVKBNGEAK-UHFFFAOYSA-N,c1ccc(C2CO2)cc1,,0,med,1.0
HDFQKJQEWGVKCQ-UHFFFAOYSA-N,Cc1cccc(C)c1[N+](=O)[O-],,0,med,1.0
NOTCZLKDULMKBR-UHFFFAOYSA-N,COc1cc(C)cc(O)c1,,0,med,1.0
BZQFBWGGLXLEPQ-REOHCLBHSA-N,N[C@@H](COP(=O)(O)O)C(=O)O,dexfosfoserine,0,med,1.0
OWFXIOWLTKNBAP-UHFFFAOYSA-N,CC(C)CCON=O,,0,med,1.0
CEMAWMOMDPGJMB-UHFFFAOYSA-N,C=CCOc1ccccc1OCC(O)CNC(C)C,OXPRENOLOL,0,med,1.0
URAYPUMNDPQOKB-UHFFFAOYSA-N,CC(=O)OCC(COC(C)=O)OC(C)=O,triacetin,1,med,1.0
PQKBPHSEKWERTG-LLVKDONJSA-N,CCOC(=O)[C@@H](C)Oc1ccc(Oc2nc3ccc(Cl)cc3o2)cc1,,0,med,1.0
PMBLXLOXUGVTGB-UHFFFAOYSA-N,O=C(CCC1CCN(Cc2ccccc2)CC1)c1ccc2c(c1)NCCCC2,Zanapezil,1,med,1.0
UKSLKNUCVPZQCQ-UHFFFAOYSA-N,FC(F)(F)C(=NOCC1OCCO1)c1ccc(Cl)cc1,,0,med,1.0
SVEBYYWCXTVYCR-LBPRGKRZSA-N,CCOC(=O)[C@@](C)(N)Cc1ccc(O)c(O)c1,METHYLDOPATE HYDROCHLORIDE,0,med,1.0
FQNKTJPBXAZUGC-UHFFFAOYSA-N,CCN(CC)c1ccc(C(=O)c2ccccc2C(=O)O)c(O)c1,,0,med,1.0
YLQBMQCUIZJEEH-UHFFFAOYSA-N,c1ccoc1,,0,med,1.0
NAVMQTYZDKMPEU-UHFFFAOYSA-N,C=C(c1ccc(C(=O)O)cc1)c1cc2c(cc1C)C(C)(C)CCC2(C)C,Bexarotene,1,high,2.0
BKYKPTRYDKTTJY-UHFFFAOYSA-N,NS(=O)(=O)c1cc2c(cc1Cl)NC(CC1CCCC1)NS2(=O)=O,cyclopenthiazide,1,high,2.0
GNUXVOXXWGNPIV-UHFFFAOYSA-N,CC(C)c1c(CN(C)C(C)Cc2ccccc2)n(C)n(-c2ccccc2)c1=O,,0,med,1.0
BLJRIMJGRPQVNF-JTQLQIEISA-N,CC(C)(C)NC[C@H](O)COc1nsnc1N1CCOCC1,TIMOLOL,1,high,2.0
GFIJNRVAKGFPGQ-LIJARHBVSA-N,CCNC(=O)[C@@H]1CCCN1C(=O)[C@H](CCCNC(=N)N)NC(=O)[C@H](CC(C)C)NC(=O)[C@@H](CC(C)C)NC(=O)[C@H](Cc1ccc(O)cc1)NC(=O)[C@H](CO)NC(=O)[C@H](Cc1c[nH]c2ccccc12)NC(=O)[C@H](Cc1cnc[nH]1)NC(=O)[C@@H]1CCC(=O)N1,Drug 1307,1,high,2.0
IIPZYDQGBIWLBU-UHFFFAOYSA-N,CC(C)(C)c1cc([N+](=O)[O-])cc([N+](=O)[O-])c1O,,1,med,1.0
ILNRQFBVVQUOLP-UHFFFAOYSA-N,O=C(O)Cn1c(C(=O)Nc2nc(-c3ccccc3Cl)cs2)cc2ccccc21,Lintitript,1,med,1.0
IXTMWRCNAAVVAI-UHFFFAOYSA-N,CN(CCOc1ccc(NS(C)(=O)=O)cc1)CCc1ccc(NS(C)(=O)=O)cc1,Dofetilide,0,med,1.0
JETQIUPBHQNHNZ-NJBDSQKTSA-N,CC1(C)S[C@@H]2[C@H](NC(=O)[C@@H](c3ccccc3)S(=O)(=O)O)C(=O)N2[C@H]1C(=O)O,sulbenicillin,0,med,1.0
QHOQHJPRIBSPCY-UHFFFAOYSA-N,CCN(CC)c1nc(C)cc(OP(=S)(OC)OC)n1,,1,med,1.0
CIGQQQTZOIDQQR-BGSOWLKRSA-N,C[C@]12C=C[C@@]3(CC[C@@H]4[C@@](C)(CO)CCC[C@@]4(C)[C@@H]3CC1)C2,CHEMBL3589110,1,med,1.0
YEKQSSHBERGOJK-UHFFFAOYSA-N,CNC(=O)OCc1cccc(COC(=O)NC)n1,pyricarbate,0,med,1.0
GYHCTFXIZSNGJT-UHFFFAOYSA-N,Cc1ccccc1C(=O)Nc1ccc(C(=O)N2CCCC(O)c3cc(Cl)ccc32)c(C)c1,Tolvaptan,1,med,1.0
MVGSNCBCUWPVDA-MFOYZWKCSA-N,CC1=C(CC(=O)O)c2cc(F)ccc2/C1=C\c1ccc(S(C)(=O)=O)cc1,exisulind,0,med,1.0
YYJNOYZRYGDPNH-MFKUBSTISA-N,Cc1nn(C)c(Oc2ccccc2)c1/C=N/OCc1ccc(C(=O)OC(C)(C)C)cc1,,1,med,1.0
QIAFMBKCNZACKA-UHFFFAOYSA-N,O=C(O)CNC(=O)c1ccccc1,METHENAMINE HIPPURATE,1,high,2.0
PYGWGZALEOIKDF-UHFFFAOYSA-N,Cc1cc(C#N)cc(C)c1Oc1nc(Nc2ccc(C#N)cc2)nc(N)c1Br,Etravirine,1,med,1.0
METKIMKYRPQLGS-UHFFFAOYSA-N,CC(C)NCC(O)COc1ccc(CC(N)=O)cc1,Atenolol,0,med,1.0
OGVPXEPSTZMAFF-UHFFFAOYSA-N,BrC(Br)C(Br)(Br)Br,,1,med,1.0
NIKHGUQULKYIGE-OTCXFQBHSA-N,C=C1C[C@@]23CC[C@H]4[C@@](C)(CCC[C@@]4(C)C(=O)O)[C@@H]2CC[C@@H]1C3,CHEMBL489140,0,med,1.0
AYDXAULLCROVIT-UHFFFAOYSA-N,CCC(C(=O)O)c1ccc(N2Cc3ccccc3C2=O)cc1,indobufen,0,med,1.0
CKGWFZQGEQJZIL-UHFFFAOYSA-N,CCCCCc1ccc(C)cc1O,Amylmetacresol,1,med,1.0
IJAPPYDYQCXOEF-UHFFFAOYSA-N,O=c1[nH]ncc2ccccc12,,0,med,1.0
MYYIMZRZXIQBGI-HVIRSNARSA-N,C[C@]12C=CC(=O)C=C1[C@@H](F)C[C@@H]1[C@@H]2[C@@H](O)C[C@@]2(C)[C@H]1CC[C@]2(O)C(=O)CO,FLUPREDNISOLONE,0,med,1.0
FEXQDZTYJVXMOS-UHFFFAOYSA-N,CC(C)OC(=O)c1ccccc1,,0,med,1.0
FCKJYANJHNLEEP-XRWYNYHCSA-N,C=C1CC[C@H](O)C/C1=C/C=C1\CCC[C@]2(C)[C@@H]([C@H](C)CC[C@@H](O)C(C)(C)O)CC[C@@H]12,secalciferol,1,med,1.0
BBWXLCKRYRQQPL-ZBRFXRBCSA-N,C[C@]12CC[C@@H]3c4ccc(O)cc4CC[C@H]3[C@@H]1CC[C@@H]2OP(=O)(O)O,,0,med,1.0
NWWZPOKUUAIXIW-UHFFFAOYSA-N,CN1COCN(Cc2cnc(Cl)s2)C1=N[N+](=O)[O-],,0,med,1.0
SHGAZHPCJJPHSC-ZPJAGTIHSA-N,CC1=C(/C=C/C(C)=C\C=C/C(C)=C/C(=O)O)C(C)(C)CCC1,,0,med,1.0
YQFWGCSKGJMGHE-UHFFFAOYSA-N,CCC[N+]1(C)CCCC1,,0,med,1.0
PASDCCFISLVPSO-UHFFFAOYSA-N,O=C(Cl)c1ccccc1,,0,med,1.0
YKBZOVFACRVRJN-UHFFFAOYSA-N,CN/C(=N/[N+](=O)[O-])NCC1CCOC1,,0,med,1.0
CULUWZNBISUWAS-UHFFFAOYSA-N,O=C(Cn1ccnc1[N+](=O)[O-])NCc1ccccc1,BENZNIDAZOLE,0,med,1.0
CBQGYUDMJHNJBX-RTBURBONSA-N,CCOc1ccccc1O[C@H](c1ccccc1)[C@H]1CNCCO1,reboxetine,0,med,1.0
UGFHIPBXIWJXNA-UHFFFAOYSA-N,Clc1cccc(C(c2ccc3nc[nH]c3c2)n2ccnc2)c1,Liarozole,1,high,2.0
VVFDMWZLBPUKTD-ZKRNHDOASA-N,CC(OC(=O)OC1CCCCC1)OC(=O)C1=C(CSc2nnnn2CCN(C)C)CS[C@@H]2[C@H](NC(=O)Cc3csc(N)n3)C(=O)N12,cefotiam hexetil,1,med,1.0
NGCJVMZXRCLPRQ-UHFFFAOYSA-N,C=C(C#N)CCC#N,,1,med,1.0
RRAFCDWBNXTKKO-UHFFFAOYSA-N,C=CCc1ccc(O)c(OC)c1,eugenol,0,med,1.0
AOCCBINRVIKJHY-UHFFFAOYSA-N,CCCCCCNC(=O)n1cc(F)c(=O)[nH]c1=O,carmofur,0,med,1.0
ZUZLIXGTXQBUDC-UHFFFAOYSA-N,CCCCCCCC[N+](C)(CCCCCCCC)CCCCCCCC,,1,med,1.0
OJMMVQQUTAEWLP-KIDUDLJLSA-N,CCC[C@@H]1C[C@@H](C(=O)N[C@@H]([C@H]2O[C@H](SC)[C@H](O)[C@@H](O)[C@H]2O)[C@@H](C)O)N(C)C1,LINCOMYCIN,1,high,2.0
ZPUCINDJVBIVPJ-LJISPDSOSA-N,COC(=O)[C@H]1[C@@H](OC(=O)c2ccccc2)C[C@@H]2CC[C@H]1N2C,COCAINE,0,med,1.0
ACTIUHUUMQJHFO-UPTCCGCDSA-N,COC1=C(OC)C(=O)C(C/C=C(\C)CC/C=C(\C)CC/C=C(\C)CC/C=C(\C)CC/C=C(\C)CC/C=C(\C)CC/C=C(\C)CC/C=C(\C)CC/C=C(\C)CCC=C(C)C)=C(C)C1=O,ubidecarenone,0,med,1.0
NRPKURNSADTHLJ-UHFFFAOYSA-N,CCCCCCCCOC(=O)c1cc(O)c(O)c(O)c1,,1,med,1.0
YIROYDNZEPTFOL-UHFFFAOYSA-N,CC1(C)NC(=O)NC1=O,,0,med,1.0
QIVBCDIJIAJPQS-UHFFFAOYSA-N,NC(Cc1c[nH]c2ccccc12)C(=O)O,,1,med,1.0
SADPINFEWFPMEA-UHFFFAOYSA-N,O=C(c1ccco1)N1CCNCC1,,0,med,1.0
IHXNSHZBFXGOJM-HYXAFXHYSA-N,C/C=C(/C)C#N,,0,med,1.0
AJOQSQHYDOFIOX-UHFFFAOYSA-N,CCC(C(=O)NC(N)=O)c1ccccc1,pheneturide,1,high,2.0
ZGGPNDKKJIWQJU-WDZFZDKYSA-N,C/C(=N/NC(=O)c1ccncc1)C(=O)O,,0,med,1.0
VWVSBHGCDBMOOT-IIEHVVJPSA-N,C[C@@H]1C[C@H]2[C@@H]3CCC4=CC(=O)C=C[C@]4(C)[C@@]3(F)[C@@H](O)C[C@]2(C)[C@H]1C(=O)CO,DESOXIMETASONE,0,med,1.0
WOXKDUGGOYFFRN-IIBYNOLFSA-N,CN1CC(=O)N2[C@H](c3ccc4c(c3)OCO4)c3[nH]c4ccccc4c3C[C@@H]2C1=O,Tadalafil,1,high,2.0
CMVQZRLQEOAYSW-UHFFFAOYSA-N,O=[N+]([O-])c1cccc(Cl)c1Cl,,0,med,1.0
WKJDXKWFGJWGAS-DEOSSOPVSA-N,O=C(N[C@@H]1N=C(c2ccccc2F)c2cccc3c2N(CC3)C1=O)c1cc2ccccc2[nH]1,,1,med,1.0
IPQVTOJGNYVQEO-KGFNBKMBSA-N,O=C(O)c1cc(O)c2c(c1)[C@H]([C@H]1c3cc(C(=O)O)cc(O)c3C(=O)c3c(O[C@@H]4O[C@H](CO)[C@@H](O)[C@H](O)[C@H]4O)cccc31)c1cccc(O[C@@H]3O[C@H](CO)[C@@H](O)[C@H](O)[C@H]3O)c1C2=O,,0,med,1.0
MHVJRKBZMUDEEV-XIHRTOKZSA-N,C=C[C@]1(C)C=C2CC[C@H]3[C@@](C)(CCC[C@@]3(C)C(=O)O)[C@@H]2CC1,CHEMBL1735595,0,med,1.0
IUAYMJGZBVDSGL-XNNAEKOYSA-N,CC(C)C[C@@H]1NC(=O)[C@H](CCCN)NC(=O)[C@H](C(C)C)NC(=O)[C@@H]2CCCN2C(=O)[C@@H](Cc2ccccc2)NC(=O)[C@H](CC(C)C)NC(=O)[C@H](CCCN)NC(=O)[C@H](C(C)C)NC(=O)[C@@H]2CCCN2C(=O)[C@@H](Cc2ccccc2)NC1=O,,1,med,1.0
QXAITBQSYVNQDR-ZIOPAAQOSA-N,Cc1ccc(/N=C/N(C)/C=N/c2ccc(C)cc2C)c(C)c1,,1,med,1.0
CIEXPHRYOLIQQD-UHFFFAOYSA-N,COC(=O)C(C)N(C(=O)c1ccco1)c1c(C)cccc1C,,0,med,1.0
CHSPVGNDBQFQNR-OAUYYHDTSA-N,C=C1C[C@]23CC[C@H]4[C@](C)(CCC[C@@]4(C)C(=O)O[C@@H]4O[C@H](CO)[C@@H](O)[C@H](O)[C@H]4O)[C@@H]2C[C@@H](O[C@@H]2O[C@H](CO)[C@@H](O)[C@H](O[C@@H]4O[C@H](CO)[C@@H](O)[C@H](O)[C@H]4O)[C@H]2OC2O[C@H](CO)[C@@H](O)[C@H](O)[C@H]2O)[C@@H]1C3,,0,med,1.0
XFRVVPUIAFSTFO-UHFFFAOYSA-N,CCCCCCCCCCCCCO,,0,med,1.0
OJYGBLRPYBAHRT-GVUNPQSCSA-N,OC[C@@H](O)[C@H]1O[C@@H]2O[C@@H](C(Cl)(Cl)Cl)O[C@@H]2[C@H]1O,,0,med,1.0
GOUHYARYYWKXHS-UHFFFAOYSA-N,O=Cc1ccc(C(=O)O)cc1,,1,med,1.0
NHKIYYMFGJBOTK-UHFFFAOYSA-N,CC1(O)CSC(C)(O)CS1,,0,med,1.0
CVHZOJJKTDOEJC-UHFFFAOYSA-N,O=C1NS(=O)(=O)c2ccccc21,Saccharin,1,high,2.0
ZXQYGBMAQZUVMI-GCMPRSNUSA-N,CC1(C)[C@H](C(=O)O[C@H](C#N)c2cccc(Oc3ccccc3)c2)[C@@H]1/C=C(\Cl)C(F)(F)F,,1,med,1.0
WRDWWAVNELMWAM-UHFFFAOYSA-N,CC(C)(C)c1ccc(N)cc1,,0,med,1.0
IJFXRHURBJZNAO-UHFFFAOYSA-N,O=C(O)c1cccc(O)c1,,0,med,1.0
LIRCDOVJWUGTMW-ZWNOBZJWSA-N,O=C(O)CCC(=O)OC[C@@H](NC(=O)C(Cl)Cl)[C@H](O)c1ccc([N+](=O)[O-])cc1,CHLORAMPHENICOL SODIUM SUCCINATE,0,med,1.0
JDXJKLGWPNXSHL-UHFFFAOYSA-N,CC1CCCC(=O)C1=O,,0,med,1.0
GJNGXPDXRVXSEH-UHFFFAOYSA-N,N#Cc1ccc(Cl)cc1,,0,med,1.0
FLIACVVOZYBSBS-UHFFFAOYSA-N,CCCCCCCCCCCCCCCC(=O)OC,,0,med,1.0
GHJWNRRCRIGGIO-UHFFFAOYSA-N,O=P(O)(O)OC(Cn1cncn1)(Cn1cncn1)c1ccc(F)cc1F,fosfluconazole,0,med,1.0
KMPQYAYAQWNLME-UHFFFAOYSA-N,CCCCCCCCCCC=O,Undecanal,0,med,1.0
HTQMVQVXFRQIKW-UHFFFAOYSA-N,CCOc1nc2cccc(C(=O)O)c2n1Cc1ccc(-c2ccccc2-c2nn[nH]n2)cc1,Candesartan,1,high,2.0
INISTDXBRIBGOC-XMMISQBUSA-N,CC(C)[C@@H](Nc1ccc(C(F)(F)F)cc1Cl)C(=O)OC(C#N)c1cccc(Oc2ccccc2)c1,,1,med,1.0
KEJXLQUPYHWCNM-UHFFFAOYSA-N,CCCOC(=O)Cc1ccc(OCC(=O)N(CC)CC)c(OC)c1,,0,med,1.0
BDCFWIDZNLCTMF-UHFFFAOYSA-N,CC(C)(O)c1ccccc1,,0,med,1.0
ZQPPMHVWECSIRJ-KTKRTIGZSA-N,CCCCCCCC/C=C\CCCCCCCC(=O)O,ETHANOLAMINE OLEATE,0,med,1.0
NATVSFWWYVJTAZ-UHFFFAOYSA-N,Nc1c(Cl)cc(Cl)cc1Cl,,0,med,1.0
ATHHXGZTWNVVOU-UHFFFAOYSA-N,CNC=O,CHEMBL9240,1,med,1.0
BXCBUWKTXLWPSB-UHFFFAOYSA-N,O=[N+]([O-])c1ccccc1CCl,,1,med,1.0
UZMVSVHUTOAPTD-UHFFFAOYSA-N,O=NN1CCCCCC1,,0,med,1.0
ZFCMISKWVFUWHP-UHFFFAOYSA-N,CCCCCCCCCCCC[n+]1ccc2ccccc2c1,,1,med,1.0
WAITXWGCJQLPGH-UHFFFAOYSA-N,CCCCCCCCSCC,,0,med,1.0
IWXNYAIICFKCTM-UHFFFAOYSA-N,CC(C)c1ccc(C(=O)N=C(N)N)cc1S(C)(=O)=O,Cariporide,0,med,1.0
WYUSVOMTXWRGEK-HBWVYFAYSA-N,COCC1=C(C(=O)O)N2C(=O)[C@@H](NC(=O)/C(=N\OC)c3csc(N)n3)[C@H]2SC1,Cefpodoxime,1,med,1.0
LOJHHQNEBFCTQK-UHFFFAOYSA-N,CC(CO)Oc1ccccc1,,0,med,1.0
IZWSFJTYBVKZNK-UHFFFAOYSA-N,CCCCCCCCCCCC[N+](C)(C)CCCS(=O)(=O)[O-],,0,med,1.0
IYRMWMYZSQPJKC-UHFFFAOYSA-N,O=c1c(O)c(-c2ccc(O)cc2)oc2cc(O)cc(O)c12,Kaempferol,1,med,1.0
HBGGXOJOCNVPFY-UHFFFAOYSA-N,CC(C)CCCCCCOC(=O)c1ccccc1C(=O)OCCCCCCC(C)C,,0,med,1.0
VWCUGCYZZGRKEE-UTKZUKDTSA-N,CC[C@H](OC(C)=O)C(C[C@@H](C)NC)(c1ccccc1)c1ccccc1,,0,med,1.0
NBQCNZYJJMBDKY-UHFFFAOYSA-N,Cc1[nH]c(=O)n(C(C)(C)C)c(=O)c1Cl,,0,med,1.0
SOUGWDPPRBKJEX-UHFFFAOYSA-N,CCC(C)(NC(=O)c1cc(Cl)c(C)c(Cl)c1)C(=O)CCl,,1,med,1.0
MWGWTOPCKLQYEU-UHFFFAOYSA-N,CN1C(=S)CN=C(c2ccccc2)c2cc(Cl)ccc21,,0,med,1.0
DQNSRQYYCSXZDF-UHFFFAOYSA-N,C=COCC1CCC(COC=C)CC1,,0,med,1.0
HBCQSNAFLVXVAY-UHFFFAOYSA-N,S=c1nccc[nH]1,,0,med,1.0
SIBQAECNSSQUOD-UHFFFAOYSA-N,CCn1ccc(NS(=O)(=O)c2ccc(N)cc2)nc1=O,SULFACYTINE,0,med,1.0
CKYGMFLSYPZZTI-UHFFFAOYSA-N,O=C(CNS(=O)(=O)c1ccccc1C(=O)NCCN1CCCC1)Nc1ccc(O)cc1,CHEMBL4751896,0,med,1.0
NBNWHQAWKFYFKI-UHFFFAOYSA-N,CC1(C)SC(C)(C)SC(C)(C)S1,,0,med,1.0
SGEWCQFRYRRZDC-VPRICQMDSA-N,O=c1cc(-c2ccc(O)cc2)oc2c([C@@H]3O[C@H](CO)[C@@H](O)[C@H](O)[C@H]3O)c(O)cc(O)c12,CHEMBL487417,0,med,1.0
WOZQBERUBLYCEG-UHFFFAOYSA-N,COC(=O)Nc1ccc(Cl)c(Cl)c1,,1,med,1.0
KHYPYQZQJSBPIX-UHFFFAOYSA-N,CCN(CC)CCNC(=O)c1ccc(NS(C)(=O)=O)cc1,,0,med,1.0
QCUPYFTWJOZAOB-UHFFFAOYSA-N,CC=C(CC)C(=O)NC(N)=O,,0,med,1.0
SMNCEXHPBATBIT-UHFFFAOYSA-N,O=C(O)CCCOc1cccc(CCCCCCOc2cc(-c3ccccc3)cc(-c3ccccc3)c2)c1CCC(=O)O,CHEMBL1099323,1,med,1.0
GRLSWESXIFWOBF-UHFFFAOYSA-N,CC(=O)CC(=O)Nc1ccc(S(=O)(=O)O)cc1,,0,med,1.0
PRBHEGAFLDMLAL-GQCTYLIASA-N,C=CC/C=C/C,,0,med,1.0
VZTGWJFIMGVKSN-UHFFFAOYSA-O,C=C(C)C(=O)NCCC[N+](C)(C)C,,0,med,1.0
DDRJAANPRJIHGJ-UHFFFAOYSA-N,CN1CC(=O)NC1=N,2-Imino-1-methyl-4-imidazolidinone,0,med,1.0
YTGSYRVSBPFKMQ-UHFFFAOYSA-N,O=CC(Br)(Br)Br,,1,med,1.0
XIFVTSIIYVGRHJ-UHFFFAOYSA-N,CNc1nc(N(C)C)nc(N(C)C)n1,CHEMBL457723,1,med,1.0
RBACIKXCRWGCBB-UHFFFAOYSA-N,CCC1CO1,,0,med,1.0
WFSGQBNCVASPMW-UHFFFAOYSA-N,CCCCC(CC)C(=O)Cl,,0,med,1.0
MWVFCEVNXHTDNF-UHFFFAOYSA-N,CCCC(=O)C(C)=O,,0,med,1.0
YLKFDHTUAUWZPQ-UHFFFAOYSA-N,CCCN(CCC)N=O,,0,med,1.0
DAFHKNAQFPVRKR-UHFFFAOYSA-N,CC(C)C(=O)OCC(C)(C)C(O)C(C)C,,0,med,1.0
RUOKEQAAGRXIBM-GFCCVEGCSA-N,C#CCN[C@@H]1CCc2ccccc21,RASAGILINE,1,high,2.0
FDAYLTPAFBGXAB-UHFFFAOYSA-N,ClCCN(CCCl)CCCl,,1,med,1.0
LFHISGNCFUNFFM-UHFFFAOYSA-N,O=[N+]([O-])C(Cl)(Cl)Cl,,0,med,1.0
IQPSEEYGBUAQFF-UHFFFAOYSA-N,COc1ccnc(C[S+]([O-])c2nc3cc(OC(F)F)ccc3[nH]2)c1OC,Pantoprazole sodium,1,med,1.0
AGEZXYOZHKGVCM-UHFFFAOYSA-N,BrCc1ccccc1,,0,med,1.0
FOIPHCLUBLLQDL-UHFFFAOYSA-N,CCOC(=O)c1cc2c([nH]c3ccccc32)c(C(c2nnnn2C(C)(C)C)N2CCN(C)CC2)n1,CHEMBL4540082,0,med,1.0
DBOSBRHMHBENLP-UHFFFAOYSA-N,CC(C)(C)c1ccc(OC(=O)c2ccccc2O)cc1,,1,med,1.0
YFVOXLJXJBQDEF-UHFFFAOYSA-N,COP(N)(=S)Oc1ccccc1C(=O)OC(C)C,,1,med,1.0
XOUQAVYLRNOXDO-UHFFFAOYSA-N,Cc1ccc(C(C)(C)C)c(O)c1,,1,med,1.0
AUFZRCJENRSRLY-UHFFFAOYSA-N,Cc1cc(O)c(C)c(C)c1O,,0,med,1.0
JLVSRWOIZZXQAD-UHFFFAOYSA-N,O=S(=O)(O)CC(S)CS,unithiol,0,med,1.0
ZGVSETXHNHBTRK-WWELWOLRSA-N,C[C@H]1CC[C@@H]2[C@@H](C)[C@H]3[C@H](C[C@H]4[C@@H]5CC=C6CC(O[C@@H]7O[C@H](CO)[C@H](O)[C@H](O[C@@H]8O[C@H](CO)[C@@H](O)[C@H](O)[C@H]8O)[C@H]7O[C@H]7O[C@@H](C)[C@H](O)[C@@H](O)[C@H]7O)CC[C@]6(C)[C@H]5CC[C@]34C)N2C1,,0,med,1.0
HTVITOHKHWFJKO-UHFFFAOYSA-N,CCC(C)(c1ccc(O)cc1)c1ccc(O)cc1,,1,med,1.0
IPOKCKJONYRRHP-FMQUCBEESA-N,O=C(O)CCNC(=O)c1ccc(/N=N/c2ccc(O)c(C(=O)O)c2)cc1,BALSALAZIDE DISODIUM,1,high,2.0
BGNGWHSBYQYVRX-UHFFFAOYSA-N,CN(C)c1ccc(C=O)cc1,,1,med,1.0
QIVBCDIJIAJPQS-SECBINFHSA-N,N[C@H](Cc1c[nH]c2ccccc12)C(=O)O,D-Tryptophan,0,med,1.0
NSPMIYGKQJPBQR-UHFFFAOYSA-N,c1nc[nH]n1,"1H-1,2,4-Triazole",0,med,1.0
FJCFFCXMEXZEIM-UHFFFAOYSA-N,O=C(O)c1ccc[n+]([O-])c1,oxiniacic acid,0,med,1.0
MVDPTWHTUYDLTL-UHFFFAOYSA-N,Cc1ccc(OC(=O)CC(C)C)cc1,,0,med,1.0
GGSUCNLOZRCGPQ-UHFFFAOYSA-N,CCN(CC)c1ccccc1,,0,med,1.0
XJSFLOJWULLJQS-NGVXBBESSA-N,CO[C@@H]1[C@@H](O[C@@H]2O[C@H](C)[C@@H](O[C@H]3C[C@@](C)(O)[C@@H](OC(=O)CC(C)C)[C@H](C)O3)[C@H](N(C)C)[C@H]2O)[C@@H](CC=O)C[C@@H](C)[C@@H](O)/C=C/C=C/C[C@@H](C)OC(=O)C[C@H]1OC(C)=O,josamycin,1,med,1.0
FSBUXLDOLNLABB-ISAKITKMSA-N,C[C@@H]1O[C@@H](O[C@@H]2[C@@H](O)[C@H](OCCc3ccc(O)c(O)c3)O[C@H](CO[C@@H]3O[C@H](CO)[C@@H](O)[C@H](O)[C@H]3O)[C@H]2OC(=O)/C=C/c2ccc(O)c(O)c2)[C@H](O)[C@H](O)[C@H]1O,Echinacoside,0,med,1.0
PMXMIIMHBWHSKN-LJQANCHMSA-N,Cc1nc2n(c(=O)c1CCN1CCC(c3noc4cc(F)ccc34)CC1)CCC[C@H]2O,,0,med,1.0
QNIVIMYXGGFTAK-UHFFFAOYSA-N,CC(C)CCCC(C)N,octodrine,0,med,1.0
WGOWCPGHOCIHBW-UHFFFAOYSA-N,CCOP(=S)(OCC)Oc1ccc(Cl)cc1Cl,,1,med,1.0
HOQADATXFBOEGG-UHFFFAOYSA-N,CCOP(=S)(NC(C)C)Oc1ccccc1C(=O)OC(C)C,,1,med,1.0
DASYMCLQENWCJG-VCUHZILTSA-N,CO/N=C(/C(=O)N[C@@H]1C(=O)N2C(C(=O)OCOC(=O)C(C)(C)C)=C(C)CS[C@H]12)c1csc(N)n1,,0,med,1.0
XKFPGUWSSPXXMF-UHFFFAOYSA-N,CCCC[P+](C)(CCCC)CCCC,,0,med,1.0
UPWGQKDVAURUGE-KTKRTIGZSA-N,CCCCCCCC/C=C\CCCCCCCC(=O)OC(CO)CO,,1,med,1.0
YGJHZCLPZAZIHH-UHFFFAOYSA-N,CCCCN(CCCC)N=O,,0,med,1.0
CZIHNRWJTSTCEX-UHFFFAOYSA-N,CC(=O)Nc1ccc2c(c1)Cc1ccccc1-2,2-acetylaminofluorene,1,high,2.0
IZTQOLKUZKXIRV-YRVFCXMDSA-N,CSCC[C@H](NC(=O)[C@H](Cc1ccc(OS(=O)(=O)O)cc1)NC(=O)[C@@H](N)CC(=O)O)C(=O)NCC(=O)N[C@@H](Cc1c[nH]c2ccccc12)C(=O)N[C@@H](CCSC)C(=O)N[C@@H](CC(=O)O)C(=O)N[C@@H](Cc1ccccc1)C(N)=O,SINCALIDE,0,med,1.0
OGJPXUAPXNRGGI-UHFFFAOYSA-N,CCn1cc(C(=O)O)c(=O)c2cc(F)c(N3CCNCC3)cc21,Norfloxacin,0,med,1.0
GYVGXEWAOAAJEU-UHFFFAOYSA-N,Cc1ccc(N(C)C)cc1,,1,med,1.0
KCWZGJVSDFYRIX-YFKPBYRVSA-N,COC(=O)[C@@H](N)CCCN=C(N)N[N+](=O)[O-],NG-nitro-L-arginine methyl ester,0,med,1.0
XTXCFTMJPRXBBC-UHFFFAOYSA-N,COC(=O)CC(=O)C(C)(C)C,,0,med,1.0
YMTYZTXUZLQUSF-UHFFFAOYSA-N,Cc1cc(C(C)(C)c2ccc(O)c(C)c2)ccc1O,,1,med,1.0
JSVDMQKVGLGYCM-UHFFFAOYSA-N,CC1(C)COP(Oc2ccccc2)OC1,,0,med,1.0
VHXNKPBCCMUMSW-FQEVSTJZSA-N,CC[C@@]1(O)C(=O)OCc2c1cc1n(c2=O)Cc2cc3c([N+](=O)[O-])cccc3nc2-1,rubitecan,1,med,1.0
FYXKXZFTZBYYNP-UHFFFAOYSA-N,Cc1ccc2c(c1[N+](=O)[O-])C(=O)c1ccccc1C2=O,,1,med,1.0
YCBRTSYWJMECAH-UHFFFAOYSA-N,CCCCCCCCCCCCCC[P+](CCCC)(CCCC)CCCC,,1,med,1.0
KJWMCPYEODZESQ-UHFFFAOYSA-N,CCCCCCCCCCCCc1ccc(O)cc1,,1,med,1.0
UQKAOOAFEFCDGT-UHFFFAOYSA-N,CCCCCCCCN(C)C,,0,med,1.0
FUBVWMNBEHXPSU-UHFFFAOYSA-N,CCOC(=O)Nc1ccc2c(c1)N(C(=O)CCN1CCOCC1)c1ccccc1S2,MORICIZINE,1,high,2.0
KSGXQBZTULBEEQ-UHFFFAOYSA-N,CCCCCCOC(=O)NC(=N)c1ccc(NCc2nc3cc(C(=O)N(CCC(=O)OCC)c4ccccn4)ccc3n2C)cc1,Dabigatran etexilate mesylate,0,med,1.0
JEYCTXHKTXCGPB-UHFFFAOYSA-N,Cc1ccccc1-n1c(C)nc2ccccc2c1=O,,0,med,1.0
XIIIHRLCKLSYNH-UHFFFAOYSA-N,CCCCCCOc1ccc(O)cc1,,1,med,1.0
FEBOTPHFXYHVPL-UHFFFAOYSA-N,O=C(CCCN1CCC(n2c(=O)[nH]c3ccccc32)CC1)c1ccc(F)cc1,benperidol,1,med,1.0
NZFPWVYBYPMCFI-UHFFFAOYSA-N,CCOc1cc(C2C(Cl)C(=O)N2C2=C(Cl)C(=O)c3ccccc3C2=O)ccc1O,CHEMBL5505901,0,med,1.0
HIGQPQRQIQDZMP-DHZHZOJOSA-N,CC(=O)OC/C=C(\C)CCC=C(C)C,,0,med,1.0
NXTVQNIVUKXOIL-UHFFFAOYSA-N,Cc1ccc(S(=O)(=O)NCl)cc1,tosylchloramide sodium,0,med,1.0
TZZGHGKTHXIOMN-UHFFFAOYSA-N,CO[Si](CCCNCCC[Si](OC)(OC)OC)(OC)OC,,0,med,1.0
TZBPRYIIJAJUOY-UHFFFAOYSA-N,CCOP(=S)(OCC)Oc1cc(C)nc(N(CC)CC)n1,,1,med,1.0
IZJDOKYDEWTZSO-UHFFFAOYSA-N,S=C=NCCc1ccccc1,Phenethyl Isothiocyanate,1,med,1.0
LDXDSHIEDAPSSA-OAHLLOKOSA-N,O=C(O)CCn1c2c(c3ccccc31)C[C@H](NS(=O)(=O)c1ccc(F)cc1)CC2,RAMATROBAN,0,med,1.0
FVNFBBAOMBJTST-UHFFFAOYSA-N,O=C1NCC2(CCN(CCc3ccccc3)CC2)O1,,0,med,1.0
ZIMKMIAIVORSSX-UHFFFAOYSA-N,CCOc1ccc(OCC)c(Cl)c1,,0,med,1.0
YTCGOUNVIAWCMG-UHFFFAOYSA-N,FC(F)(F)c1cccc(Cl)c1,,0,med,1.0
UCFQYMKLDPWFHZ-UHFFFAOYSA-N,CC=C(C)C(=O)OCCC(C)CCC=C(C)C,,0,med,1.0
OMOMUFTZPTXCHP-UHFFFAOYSA-N,CCCC(CCC)C(N)=O,valpromide,0,med,1.0
FZKGLCPKPZBGLX-PEOWQWSYSA-N,CC(=O)OCOC(=O)C1=C(COC(N)=O)SC2[C@H]([C@H](C)O)C(=O)N12,CHEMBL3137692,1,med,1.0
YAKWPXVTIGTRJH-UHFFFAOYSA-N,CCOP(=O)(OCC)C(C)NC(=O)N(CCCl)N=O,fotemustine,1,med,1.0
HNTGIJLWHDPAFN-UHFFFAOYSA-N,CCCCCCCCCCCCCCCCBr,,0,med,1.0
NPNUFJAVOOONJE-ZIAGYGMSSA-N,C=C1CCC=C(C)CC[C@@H]2[C@@H]1CC2(C)C,,0,med,1.0
GRYLNZFGIOXLOG-UHFFFAOYSA-N,O=[N+]([O-])O,Gallium nitrate,0,med,1.0
JWYUFVNJZUSCSM-UHFFFAOYSA-N,Nc1nc2ccccc2[nH]1,,1,med,1.0
CZKMPDNXOGQMFW-UHFFFAOYSA-N,CC[Ge](Cl)(CC)CC,,0,med,1.0
IUWKNLFTJBHTSD-QIKJAYGVSA-N,CCCOc1ccc2c(c1)CC[C@@H]1[C@@H]2CC[C@]2(C)C(OC)CC[C@@H]12,,0,med,1.0
XIYPXOFSURQTTJ-UHFFFAOYSA-N,CC(=O)C=Cc1ccc2c(c1)OCO2,,1,med,1.0
POJWUDADGALRAB-UHFFFAOYSA-N,NC(=O)NC1N=C(O)NC1=O,Alcloxa,0,med,1.0
GCQYYIHYQMVWLT-YNYOGKQOSA-N,O=c1[nH]c(=O)n([C@H]2O[C@H](CO)[C@@H](O)[C@@H]2O)cc1/C=C\Br,,0,med,1.0
GBTPXKVJZOECKF-UHFFFAOYSA-N,CCCCCCCCNc1nc(=O)n(Cc2ccccc2)cc1C,CHEMBL4530826,0,med,1.0
DMBHHRLKUKUOEG-UHFFFAOYSA-N,c1ccc(Nc2ccccc2)cc1,,1,med,1.0
KGVPNLBXJKTABS-UHFFFAOYSA-N,Cc1cc(=O)[nH]o1,,0,med,1.0
LKYQLAWMNBFNJT-UHFFFAOYSA-N,CCOC(=O)C1(c2ccccc2)CCN(CCc2ccc(N)cc2)CC1,ANILERIDINE PHOSPHATE,0,med,1.0
GDCHENRIACOJGE-SPBKKYETSA-N,CCCCCCCCCCCCCCCC(=O)NCCCCCCNC(=O)C1CCCCNC(=O)CCN2C(=O)CC(SC[C@H](NC(=O)[C@H](Cc3ccc(O)cc3)NC(=O)[C@H](CCC(=O)O)NC(=O)[C@@H](NC(=O)[C@@H](NC(=O)[C@H](CC(=O)O)NC(=O)[C@H](CC(N)=O)NC(=O)[C@@H](NC(=O)[C@H](Cc3ccc(O)cc3)NC(=O)[C@@H](NC(=O)CNC(=O)[C@H](CCC(=O)O)NC(=O)C(C)(C)NC(=O)[C@@H](N)Cc3c[nH]cn3)[C@@H](C)O)[C@@H](C)O)C(C)C)[C@@H](C)O)C(=O)N[C@@H](CCC(=O)O)C(=O)N[C@@H](CCC(=O)O)C(=O)N[C@@H](CCC(=O)O)C(=O)N[C@@H](C)C(=O)N[C@@H](C)C(=O)N[C@@H](CCCCN)C(=O)N[C@H](C(=O)N[C@@H](Cc3ccccc3)C(=O)N[C@H](C(=O)N[C@@H](CCC(=O)O)C(=O)N[C@@H](Cc3c[nH]c4ccccc34)C(=O)N[C@@H](CC(C)C)C(=O)N[C@H](C(=O)N[C@@H](CCCCN)C(=O)NCC(=O)N[C@@H](CCCCN)C(=O)N3CCC[C@H]3C(=O)N[C@@H](CO)C(=O)N[C@@H](CO)C(=O)NCC(=O)N[C@@H](C)C(=O)N3CCC[C@H]3C(=O)N3CCC[C@H]3C(=O)N3CCC[C@H]3C(=O)N[C@@H](CO)C(=O)NCCOCCOCC(=O)NCCOCCOCC(=O)N[C@@H](Cc3ccc(O)cc3)C(=O)NCC(=O)N[C@@H](Cc3c[nH]c4ccccc34)C(=O)N[C@@H](CC(C)C)C(=O)N[C@@H](CC(=O)O)C(=O)N[C@@H](Cc3ccccc3)C(N)=O)[C@@H](C)CC)[C@@H](C)CC)CSC3CC(=O)N(CCC(=O)N1)C3=O)C2=O,CHEMBL4788440,0,med,1.0
PETQSXXQDKKRJS-SGMHMRDVSA-N,COC(=O)/C=C/C=C(C)/C=C/C=C(C)/C=C/C=C(C)/C=C/C=C(C)\C=C/C(=O)O,,1,med,1.0
SZRLKIKBPASKQH-UHFFFAOYSA-N,CCCCN(CCCC)C(=S)S,,1,med,1.0
RAGOYPUPXAKGKH-XAKZXMRKSA-N,CC[C@@H]([C@H](C)O)n1ncn(-c2ccc(N3CCN(c4ccc(OC[C@@H]5CO[C@@](Cn6cncn6)(c6ccc(F)cc6F)C5)cc4)CC3)cc2)c1=O,Drug 1048,1,med,1.0
LXJZYHPGRKBVGF-RMKNXTFCSA-N,CC(C)(C)C(=O)/C=C/c1ccc(Cl)cc1,,0,med,1.0
SQZCAOHYQSOZCE-UHFFFAOYSA-N,Cc1ccccc1NC(=N)NC(=N)N,,0,med,1.0
XGISHOFUAFNYQF-UHFFFAOYSA-N,CCCCC(=O)Cl,,0,med,1.0
ZOTBXTZVPHCKPN-HTXNQAPBSA-N,CO/N=C(/C(=O)OC)c1ccccc1COc1ccccc1C,,1,med,1.0
RCIMBBZXSXFZBV-UHFFFAOYSA-N,CCn1cc(C(=O)O)c(=O)c2cnc(N3CCCC3)nc21,piromidic acid,0,med,1.0
KWIUHFFTVRNATP-UHFFFAOYSA-N,C[N+](C)(C)CC(=O)[O-],betaine,0,med,1.0
QERYCTSHXKAMIS-UHFFFAOYSA-N,O=C(O)c1cccs1,CHEMBL1222314,1,med,1.0
OVEMTTZEBOCJDV-UHFFFAOYSA-N,CCCCCCc1ccc(N)cc1,,0,med,1.0
CYESCLHCWJKRKM-UHFFFAOYSA-N,NC(=O)Nc1ccc(Cl)c(Cl)c1,,1,med,1.0
YXYXRFVXKCHITA-UHFFFAOYSA-N,O=C(CCCCCCCCC#CI)Oc1ccccc1,,0,med,1.0
XWVOEFLBOSSYGM-UHFFFAOYSA-N,COc1cc(C(=O)N2CCOCC2)cc(OC)c1OC,trimetozine,0,med,1.0
AEIJTFQOBWATKX-UHFFFAOYSA-N,CCCCCCC(O)CO,"1,2-Octanediol",0,med,1.0
IAXFZZHBFXRZMT-UHFFFAOYSA-N,OCCOc1cccc(OCCO)c1,,0,med,1.0
CVYBRMSQMLJGOI-UHFFFAOYSA-N,CC=CC=CCOC(=O)C(C)C,,1,med,1.0
KJRCEJOSASVSRA-UHFFFAOYSA-N,CC(C)S,,0,med,1.0
GZUITABIAKMVPG-UHFFFAOYSA-N,O=C(c1ccc(OCCN2CCCCC2)cc1)c1c(-c2ccc(O)cc2)sc2cc(O)ccc12,Raloxifene hydrochloride,1,med,1.0
QLZHNIAADXEJJP-UHFFFAOYSA-N,O=P(O)(O)c1ccccc1,,0,med,1.0
UWYZHKAOTLEWKK-UHFFFAOYSA-N,c1ccc2c(c1)CCNC2,,0,med,1.0
REEZZSHJLXOIHL-UHFFFAOYSA-N,CCCCCCCC(=O)Cl,,0,med,1.0
JNIIDKODPGHQSS-FHLJGSFWSA-N,N=C1NCCC([C@@H]2NC(=O)/C(=C/NC(N)=O)NC(=O)[C@H](CNC(=O)CC(N)CCCN)NC(=O)[C@H](CO)NC(=O)[C@@H](N)CNC2=O)N1,CAPREOMYCIN SULFATE,1,med,1.0
IAIDUHCBNLFXEF-MNEFBYGVSA-N,C[C@H](CSC(=O)c1ccccc1)C(=O)N1C[C@@H](Sc2ccccc2)C[C@H]1C(=O)O,zofenopril,1,high,2.0
BFGKITSFLPAWGI-UHFFFAOYSA-N,[Cr+3],chromic chloride,0,med,1.0
KBHWKXNXTURZCD-UHFFFAOYSA-N,CCCc1ccc(OC)cc1,,0,med,1.0
XFDJMIHUAHSGKG-UHFFFAOYSA-N,CCOP(=S)(OCC)OC(Cl)C(Cl)(Cl)Cl,,1,med,1.0
KYYRTDXOHQYZPO-UHFFFAOYSA-N,COc1ccccc1NC(=O)CC(C)=O,,1,med,1.0
WDZCUPBHRAEYDL-GZAUEHORSA-N,CO[C@H]1/C=C/O[C@@]2(C)Oc3c(C)c(O)c4c(O)c(c(/C=N/N5CCN(C6CCCC6)CC5)c(O)c4c3C2=O)NC(=O)/C(C)=C\C=C\[C@H](C)[C@H](O)[C@@H](C)[C@@H](O)[C@@H](C)[C@H](OC(C)=O)[C@@H]1C,RIFAPENTINE,1,med,1.0
YKGYQYOQRGPFTO-UHFFFAOYSA-N,CC(C)CCCCCCCOC(=O)CCCCC(=O)OCCCCCCCC(C)C,,0,med,1.0
SBNFWQZLDJGRLK-UHFFFAOYSA-N,CC(C)=CC1C(C(=O)OCc2cccc(Oc3ccccc3)c2)C1(C)C,,0,med,1.0
DBGIVFWFUFKIQN-UHFFFAOYSA-N,CCNC(C)Cc1cccc(C(F)(F)F)c1,,0,med,1.0
VNZLQLYBRIOLFZ-UHFFFAOYSA-N,COc1ccccc1N1CCNCC1,,0,med,1.0
RUMACXVDVNRZJZ-UHFFFAOYSA-N,C=C(C)C(=O)OCC(C)C,,0,med,1.0
DVBLPJWQXDCAKU-UHFFFAOYSA-N,O=C1c2ccccc2C(=O)C1c1nc2ccccc2c(Br)c1O,,1,med,1.0
NFACJZMKEDPNKN-UHFFFAOYSA-N,COP(=O)(OC)C(O)C(Cl)(Cl)Cl,metrifonate,1,med,1.0
UUWJNBOCAPUTBK-UHFFFAOYSA-N,Cn1cnc2c(=O)[nH]c(N)nc21,9-Methylguanine,0,med,1.0
NSMXQKNUPPXBRG-UHFFFAOYSA-N,CC(O)CCCCn1c(=O)c2c(ncn2C)n(C)c1=O,,0,med,1.0
WDDPHFBMKLOVOX-AYQXTPAHSA-N,Nc1nc(Cl)nc2c1ncn2[C@@H]1O[C@H](CO)[C@@H](O)[C@@H]1F,CLOFARABINE,1,med,1.0
KYQCOXFCLRTKLS-UHFFFAOYSA-N,c1cnccn1,,0,med,1.0
CDTPAAZQBPSVGS-UHFFFAOYSA-N,CN(C)c1ccc(CCO)cc1,,0,med,1.0
NMUSYJAQQFHJEW-ARQDHWQXSA-N,Nc1ncn([C@@H]2O[C@H](CO)[C@@H](O)[C@@H]2O)c(=O)n1,CHEMBL2106666,1,med,1.0
OGHNVEJMJSYVRP-UHFFFAOYSA-N,COc1ccccc1OCCNCC(O)COc1cccc2[nH]c3ccccc3c12,Carvedilol,1,med,1.0
YECBIJXISLIIDS-UHFFFAOYSA-N,COc1ccc(CN(CCN(C)C)c2ccccn2)cc1,PYRILAMINE,1,med,1.0
GGLZPLKKBSSKCX-YFKPBYRVSA-N,CCSCC[C@H](N)C(=O)O,CHEMBL203187,1,med,1.0
OEHAYUOVELTAPG-UHFFFAOYSA-N,CNC(C)Cc1ccccc1OC,methoxyphenamine,0,med,1.0
BTJXBZZBBNNTOV-UHFFFAOYSA-N,C=CC(C)(CCC=C(C)C)OC(=O)c1ccccc1,,1,med,1.0
BGYHLZZASRKEJE-UHFFFAOYSA-N,CC(C)(C)c1cc(CCC(=O)OCC(COC(=O)CCc2cc(C(C)(C)C)c(O)c(C(C)(C)C)c2)(COC(=O)CCc2cc(C(C)(C)C)c(O)c(C(C)(C)C)c2)COC(=O)CCc2cc(C(C)(C)C)c(O)c(C(C)(C)C)c2)cc(C(C)(C)C)c1O,,0,med,1.0
DOIRQSBPFJWKBE-UHFFFAOYSA-N,CCCCOC(=O)c1ccccc1C(=O)OCCCC,dibutylphthalate,0,med,1.0
ZQSIJRDFPHDXIC-UHFFFAOYSA-N,O=c1c(-c2ccc(O)cc2)coc2cc(O)ccc12,Daidzein,1,med,1.0
CWKLZLBVOJRSOM-UHFFFAOYSA-N,COC(=O)C(C)=O,,0,med,1.0
GVNWZKBFMFUVNX-UHFFFAOYSA-N,NC(=O)CCCCC(N)=O,,0,med,1.0
GCAOVMKRBUCSET-UHFFFAOYSA-N,Cc1oc2c(NC(=O)c3c(Cl)cccc3Cl)cccc2c1C(C)(C)O,,1,med,1.0
OHHCIRJUIDNYFH-IZZNHLLZSA-N,C=C(C)[C@@H]1CCC(C)=C[C@H]1c1c(O)cc(CCCCC)cc1OC(=O)N(C)Cc1ccc(Cl)cc1,CHEMBL4870785,0,med,1.0
LYPFDBRUNKHDGX-UHFFFAOYSA-N,Oc1cccc(-c2c3nc(c(-c4cccc(O)c4)c4ccc([nH]4)c(-c4cccc(O)c4)c4nc(c(-c5cccc(O)c5)c5ccc2[nH]5)CC4)C=C3)c1,TEMOPORFIN,1,med,1.0
KQCMTOWTPBNWDB-UHFFFAOYSA-N,Nc1ccc(Cl)cc1Cl,,0,med,1.0
WRCHFMBCVFFYEQ-UHFFFAOYSA-N,CN(C)CCC(O)(c1ccccc1)c1ccccc1Cl,CHLOPHEDIANOL HYDROCHLORIDE,0,med,1.0
PVWMAOPFDINGAY-UHFFFAOYSA-N,CC(C)CC(=O)C1C(=O)c2ccccc2C1=O,,1,med,1.0
GHASVSINZRGABV-UHFFFAOYSA-N,O=c1[nH]cc(F)c(=O)[nH]1,Fluorouracil,1,high,2.0
JEEUACXJJPNYOL-UHFFFAOYSA-N,C=CCc1ccc(OC(=O)Cc2ccccc2)c(OC)c1,,0,med,1.0
IECPWNUMDGFDKC-MZJAQBGESA-N,CC(=O)O[C@H]1C[C@@]2(C)[C@@H](C[C@@H](O)[C@H]3[C@@]4(C)CC[C@@H](O)[C@@H](C)[C@@H]4CC[C@@]32C)/C1=C(\CCC=C(C)C)C(=O)O,fusidic acid,0,med,1.0
UQGKUQLKSCSZGY-UHFFFAOYSA-N,CCCc1nc(C(C)(C)O)c(C(=O)OCc2oc(=O)oc2C)n1Cc1ccc(-c2ccccc2-c2nn[nH]n2)cc1,Olmesartan medoxomil,0,med,1.0
VJHINFRRDQUWOJ-UHFFFAOYSA-N,CCCCC(CC)COC(=O)CCCCCCCCC(=O)OCC(CC)CCCC,,0,med,1.0
QXWJDGMLSMFETH-FNORWQNLSA-N,O=C(NS(=O)(=O)/C=C/c1cccs1)c1ccc(F)cc1Br,,1,med,1.0
LNLFLMCWDHZINJ-UHFFFAOYSA-N,N#CCCCC(C#N)CCC#N,,0,med,1.0
FEWIGMWODIRUJM-UHFFFAOYSA-N,CC=CC(=O)CC,,0,med,1.0
IKTHMQYJOWTSJO-UHFFFAOYSA-N,CC(=O)c1cc(C(C)(C)C)cc2c1CCC2(C)C,,1,med,1.0
KJCVRFUGPWSIIH-UHFFFAOYSA-N,Oc1cccc2ccccc12,,1,med,1.0
VHVOLFRBFDOUSH-UHFFFAOYSA-N,CC=Cc1ccc2c(c1)OCO2,,0,med,1.0
ZXLYYQUMYFHCLQ-UHFFFAOYSA-N,CN1C(=O)c2ccccc2C1=O,,0,med,1.0
HJLSLZFTEKNLFI-UHFFFAOYSA-N,CCS(=O)(=O)CCn1c([N+](=O)[O-])cnc1C,Tinidazole,1,high,2.0
RZEKVGVHFLEQIL-UHFFFAOYSA-N,Cc1ccc(-c2cc(C(F)(F)F)nn2-c2ccc(S(N)(=O)=O)cc2)cc1,Celecoxib,1,med,1.0
FKJVYOFPTRGCSP-UHFFFAOYSA-N,NCCCN(CCO)CCO,,0,med,1.0
CIUUIPMOFZIWIZ-UHFFFAOYSA-N,Nc1nc(-c2ccccc2)c(Br)c(=O)[nH]1,bropirimine,1,high,2.0
XBLVHTDFJBKJLG-UHFFFAOYSA-N,CCOC(=O)c1cccnc1,,0,med,1.0
ISFYBUAVOZFROB-UHFFFAOYSA-N,CCOc1ccc(N)c([N+](=O)[O-])c1,,0,med,1.0
GJJQIGFCGLPOQK-UHFFFAOYSA-N,CC(CC(C#N)(c1ccccc1)c1ccccc1)N(C)C,,0,med,1.0
LPMXVESGRSUGHW-HBYQJFLCSA-N,C[C@@H]1O[C@@H](O[C@H]2C[C@@H](O)[C@]3(CO)[C@H]4[C@H](O)C[C@]5(C)[C@@H](C6=CC(=O)OC6)CC[C@]5(O)[C@@H]4CC[C@]3(O)C2)[C@H](O)[C@H](O)[C@H]1O,ouabain,1,med,1.0
RYUJRXVZSJCHDZ-UHFFFAOYSA-N,CC(C)CCCCCCCOP(=O)(Oc1ccccc1)Oc1ccccc1,,0,med,1.0
QULLOTSYPAOTIW-OAHLLOKOSA-N,CS(=O)(=O)c1ccc([C@@H](CC2CCCC2)C(=O)Nc2cnccn2)cc1Cl,,1,med,1.0
CCABYDVHHITXSQ-UHFFFAOYSA-N,CCCc1ccc(OCC(O)Cn2cc(COc3ccc(Cl)cc3)nn2)c(OC)c1,CHEMBL5624708,0,med,1.0
WZUUZPAYWFIBDF-UHFFFAOYSA-N,Nc1nc(=S)[nH][nH]1,,0,med,1.0
LCEDQNDDFOCWGG-UHFFFAOYSA-N,O=CN1CCOCC1,,0,med,1.0
JKVNPRNAHRHQDD-UHFFFAOYSA-N,CC(=O)c1ccc2ccc3ccccc3c2c1,,1,med,1.0
OELFLUMRDSZNSF-BRWVUGGUSA-N,CC(C)[C@H]1CC[C@H](C(=O)N[C@H](Cc2ccccc2)C(=O)O)CC1,NATEGLINIDE,1,high,2.0
JAWNWEKHDFBPSG-UHFFFAOYSA-N,N=C1NC(=N)c2cc3ccccc3cc21,,1,med,1.0
LPYUENQFPVNPHY-UHFFFAOYSA-N,COc1cccc(O)c1O,,1,med,1.0
WKJDXKWFGJWGAS-XMMPIXPASA-N,O=C(N[C@H]1N=C(c2ccccc2F)c2cccc3c2N(CC3)C1=O)c1cc2ccccc2[nH]1,,1,med,1.0
OKBVMLGZPNDWJK-UHFFFAOYSA-N,Nc1ccc(N)c2ccccc12,,1,med,1.0
RSMUVYRMZCOLBH-UHFFFAOYSA-N,COC(=O)c1ccccc1S(=O)(=O)NC(=O)Nc1nc(C)nc(OC)n1,,0,med,1.0
KOMNUTZXSVSERR-UHFFFAOYSA-N,C=CCn1c(=O)n(CC=C)c(=O)n(CC=C)c1=O,,0,med,1.0
HJCHCDDPIXZKDK-SPBKKYETSA-N,CCCCCCCCCCCCCCCC(=O)NCCCCCCNC(=O)C1CCCCNC(=O)CCN2C(=O)CC(SC[C@H](NC(=O)[C@H](CCCCN)NC(=O)[C@H](C)NC(=O)[C@H](C)NC(=O)[C@H](CCC(=O)O)NC(=O)[C@H](CCC(=O)O)NC(=O)[C@H](CCC(=O)O)NC(=O)[C@H](CC(C)C)NC(=O)[C@H](Cc3ccc(O)cc3)NC(=O)[C@H](CCC(=O)O)NC(=O)[C@@H](NC(=O)[C@@H](NC(=O)[C@H](CC(=O)O)NC(=O)[C@H](CC(N)=O)NC(=O)[C@@H](NC(=O)[C@H](Cc3ccc(O)cc3)NC(=O)[C@@H](NC(=O)CNC(=O)[C@H](CCC(=O)O)NC(=O)C(C)(C)NC(=O)[C@@H](N)Cc3c[nH]cn3)[C@@H](C)O)[C@@H](C)O)C(C)C)[C@@H](C)O)C(=O)N[C@@H](Cc3ccccc3)C(=O)N[C@@H]([C@@H](C)CC)C(=O)N[C@@H](CCC(=O)O)C(=O)N[C@@H](Cc3c[nH]c4ccccc34)C(=O)N[C@@H](CC(C)C)C(=O)N[C@@H]([C@@H](C)CC)C(=O)N[C@H](C(=O)NCC(=O)N[C@@H](CCCCN)C(=O)N3CCC[C@H]3C(=O)N[C@@H](CO)C(=O)N[C@@H](CO)C(=O)NCC(=O)N[C@@H](C)C(=O)N3CCC[C@H]3C(=O)N3CCC[C@H]3C(=O)N3CCC[C@H]3C(=O)N[C@@H](CO)C(=O)NCCOCCOCC(=O)NCCOCCOCC(=O)N[C@@H](Cc3ccc(O)cc3)C(=O)NCC(=O)N[C@@H](Cc3c[nH]c4ccccc34)C(=O)N[C@@H](CC(C)C)C(=O)N[C@@H](CC(=O)O)C(=O)N[C@@H](Cc3ccccc3)C(N)=O)CSC3CC(=O)N(CCC(=O)N1)C3=O)C2=O,CHEMBL4795718,0,med,1.0
CYUZOYPRAQASLN-UHFFFAOYSA-N,C=CC(=O)OCCC(=O)O,,1,med,1.0
UHSKFQJFRQCDBE-UHFFFAOYSA-N,CCCN(CCC)CCc1cccc2c1CC(=O)N2,Ropinirole hydrochloride,1,high,2.0
BHTRKEVKTKCXOH-LBSADWJPSA-N,C[C@H](CCC(=O)NCCS(=O)(=O)O)[C@H]1CC[C@H]2[C@@H]3[C@@H](O)C[C@@H]4C[C@H](O)CC[C@]4(C)[C@H]3CC[C@]12C,TAURURSODIOL,1,med,1.0
ICMWWNHDUZJFDW-DHODBPELSA-N,C[C@]12C/C(=C/O)C(=O)C[C@@H]1CC[C@@H]1[C@@H]2CC[C@@]2(C)[C@H]1CC[C@]2(C)O,Drug 474,1,med,1.0
WHBAYNMEIXUTJV-UHFFFAOYSA-N,C=CC(=O)OCCCl,,0,med,1.0
CZIAHOKVOQSYHN-UHFFFAOYSA-N,CCCCCCCCCC[N+](C)(CCCCCCCCCC)CCC[Si](OC)(OC)OC,,0,med,1.0
FQQIIPAOSKSOJM-UHFFFAOYSA-N,CN1CCc2c(c3ccccc3n2Cc2ccccc2)C1,mebhydrolin,0,med,1.0
LXCFILQKKLGQFO-UHFFFAOYSA-N,COC(=O)c1ccc(O)cc1,methylparaben,0,med,1.0
NBNTWDUNCHRWMT-UHFFFAOYSA-N,OC(c1ccc(Cl)cc1)(c1ccc(Cl)cc1)c1cccnc1,,1,med,1.0
STMIIPIFODONDC-UHFFFAOYSA-N,CCCCC(O)(Cn1cncn1)c1ccc(Cl)cc1Cl,,1,med,1.0
FZERHIULMFGESH-UHFFFAOYSA-N,CC(=O)Nc1ccccc1,,0,med,1.0
XPFRXWCVYUEORT-UHFFFAOYSA-N,NC(=O)NC(=O)Cc1ccccc1,PHENACEMIDE,1,high,2.0
UWSDONTXWQOZFN-UHFFFAOYSA-N,O=NN1CCCCC1,,0,med,1.0
AFDXODALSZRGIH-QPJJXVBHSA-N,COc1ccc(/C=C/C(=O)O)cc1,,0,med,1.0
VOJUXHHACRXLTD-UHFFFAOYSA-N,O=C(O)c1cc(O)c2ccccc2c1O,,1,med,1.0
CXENHBSYCFFKJS-VDQVFBMKSA-N,C=C/C(C)=C/C/C=C(\C)CCC=C(C)C,,1,med,1.0
UDIIBEDMEYAVNG-ZKFPOVNWSA-N,CN[C@@H]1[C@@H](O)[C@@H](O[C@@H]2[C@@H](O)[C@H](O[C@H]3O[C@H](CN)[C@@H](O)[C@H](O)[C@H]3O)[C@@H](N)C[C@H]2NC(=O)[C@@H](O)CN)OC[C@]1(C)O,isepamicin,1,med,1.0
IUBSYMUCCVWXPE-UHFFFAOYSA-N,COCCc1ccc(OCC(O)CNC(C)C)cc1,Metoprolol succinate,1,high,2.0
STJLVHWMYQXCPB-UHFFFAOYSA-N,CCCC1COC(Cn2cncn2)(c2ccc(Cl)cc2Cl)O1,,1,med,1.0
LCFVJGUPQDGYKZ-UHFFFAOYSA-N,CC(C)(c1ccc(OCC2CO2)cc1)c1ccc(OCC2CO2)cc1,Bisphenol A diglycidyl ether,1,med,1.0
BCSVCWVQNOXFGL-UHFFFAOYSA-N,O=C(O)Cc1nn(Cc2nc3cc(C(F)(F)F)ccc3s2)c(=O)c2ccccc12,Zopolrestat,1,med,1.0
OIRDTQYFTABQOQ-KQYNXXCUSA-N,Nc1ncnc2c1ncn2[C@@H]1O[C@H](CO)[C@@H](O)[C@H]1O,ADENOSINE,0,med,1.0
ZVQXQPNJHRNGID-UHFFFAOYSA-N,CC(C)(C#N)C(C)(C)C#N,,0,med,1.0
MXWHMTNPTTVWDM-NXOFHUPFSA-N,CC(/C=N/N=C(N)N)=N\N=C(N)N,Mitoguazone,1,med,1.0
ZMYAKSMZTVWUJB-UHFFFAOYSA-N,O=C(O)C(Br)CBr,,0,med,1.0
LVHBHZANLOWSRM-UHFFFAOYSA-N,C=C(CC(=O)O)C(=O)O,,0,med,1.0
TYTTZVDFWCBYPG-UHFFFAOYSA-N,O=C(OCCCCCCOC(=O)c1ccccc1)c1ccccc1,,1,med,1.0
HMEYVGGHISAPJR-VQCPGFMQSA-N,CN(C)[C@@H]1C(O)=C(C(=O)NCN2CCCC2)C(=O)[C@@]2(O)C(O)=C3C(=O)c4c(O)cccc4[C@@](C)(O)C3C[C@@H]12,,0,med,1.0
GPHQHTOMRSGBNZ-UHFFFAOYSA-N,N#Cc1ccncc1,,0,med,1.0
XYTOFZZIIYJECI-CTTKUTITSA-N,Cc1cn([C@@H]2O[C@@]3(COP(O)(=S)O[C@H]4[C@H]5O[C@H](C)[C@]4(COP(O)(=S)O[C@H]4C[C@H](n6cc(C)c(=O)[nH]c6=O)O[C@@H]4COP(O)(=S)O[C@H]4[C@@H](O)[C@H](n6cnc7c6N=CNC7N)O[C@@H]4COP(O)(=S)O[C@H]4[C@@H](O)[C@H](n6cnc7c(=O)[nH]c(N)nc76)O[C@@H]4COP(O)(=S)O[C@H]4[C@@H](O)[C@H](n6ccc(N)nc6=O)O[C@@H]4COP(O)(=S)O[C@H]4[C@@H](O)[C@H](n6cnc7c(N)ncnc76)O[C@@H]4COP(O)(=S)O[C@H]4[C@@H](O)[C@H](n6ccc(N)nc6=O)O[C@@H]4COP(O)(=S)O[C@H]4[C@@H](O)[C@H](n6cc(C)c(=O)[nH]c6=O)O[C@@H]4COP(O)(=S)O[C@H]4[C@@H](O)[C@H](n6cnc7c(=O)[nH]c(N)nc76)O[C@@H]4COP(O)(=S)O[C@H]4[C@@H](O)[C@H](n6cnc7c(=O)[nH]c(N)nc76)O[C@@H]4COP(O)(=S)O[C@H]4[C@@H](O)[C@H](n6ccc(N)nc6=O)O[C@@H]4COP(O)(=S)O[C@H]4[C@H]6O[C@H](C)[C@]4(COP(O)(=S)O[C@H]4[C@H]7O[C@H](C)[C@]4(CO)O[C@H]7n4ccc(=O)[nH]c4=O)O[C@H]6n4cc(C)c(N)nc4=O)O[C@H]5n4ccc(=O)[nH]c4=O)[C@@H](C)O[C@@H]2[C@@H]3O)c(=O)nc1N,CHEMBL501528,1,med,1.0
DEDOPGXGGQYYMW-UHFFFAOYSA-N,CCSC(=O)N1CCCCCC1,,0,med,1.0
QJRSPJSHRYYBJL-UHFFFAOYSA-N,CCCOC(=O)c1c(Cl)c(Cl)c(Cl)c(Cl)c1C(=O)OCCC,,0,med,1.0
VEQOALNAAJBPNY-UHFFFAOYSA-N,Cc1cc(=O)n(-c2ccccc2)n1C,phenazone,1,high,2.0
IOAOAKDONABGPZ-UHFFFAOYSA-N,CCC(N)(CO)CO,,0,med,1.0
UVAZQQHAVMNMHE-CZUORRHYSA-N,CCC(=O)O[C@]1(c2ccccc2)CCN(C)C[C@H]1C,Betaprodine,0,med,1.0
CZGCEKJOLUNIFY-UHFFFAOYSA-N,O=[N+]([O-])c1ccc(Cl)cc1,,0,med,1.0
UUQMNUMQCIQDMZ-UHFFFAOYSA-N,CNCCc1ccccn1,betahistine,1,high,2.0
CUONGYYJJVDODC-UHFFFAOYSA-N,N#CCC#N,,1,med,1.0
RIBGNAJQTOXRDK-UHFFFAOYSA-N,Clc1cccc(-c2cc(Cl)cc(Cl)c2)c1,,0,med,1.0
OZOMQRBLCMDCEG-VIZOYTHASA-N,O=C1CN(/N=C/c2ccc(-c3ccc([N+](=O)[O-])cc3)o2)C(=O)N1,Drug 188,1,med,1.0
IQUPABOKLQSFBK-UHFFFAOYSA-N,O=[N+]([O-])c1ccccc1O,,0,med,1.0
ZEFNOZRLAWVAQF-UHFFFAOYSA-N,Cc1c(C(N)=O)cc([N+](=O)[O-])cc1[N+](=O)[O-],Dinitolmide,0,med,1.0
WYKYKTKDBLFHCY-UHFFFAOYSA-N,Nc1cnn(-c2ccccc2)c(=O)c1Cl,,0,med,1.0
IQUHNCOJRJBMSU-UHFFFAOYSA-N,CC(O)CN1CCN(CC(=O)O)CCN(CC(=O)O)CCN(CC(=O)O)CC1,Gadoteridol,0,med,1.0
DBPWSSGDRRHUNT-CEGNMAFCSA-N,CC(=O)[C@@]1(O)CC[C@H]2[C@@H]3CCC4=CC(=O)CC[C@]4(C)[C@H]3CC[C@@]21C,17-Hydroxyprogesterone,1,high,2.0
AFZFFLVORLEPPO-UVYJNCLZSA-N,CO/N=C(\C(=O)N[C@@H]1C(=O)N2C(C(=O)OCOC(=O)C(C)(C)C)=C(/C=C\c3scnc3C)CS[C@H]12)c1csc(N)n1,CHEMBL454446,1,med,1.0
NAPSCFZYZVSQHF-UHFFFAOYSA-N,CCCCCCCCCCCCCCCCCCN(C)C,dimantine,0,med,1.0
FHTGJZOULSYEOB-UHFFFAOYSA-N,CCC(C)c1cccc(C(C)CC)c1O,,1,med,1.0
OTLNLRCPPGPFDK-VBKFSLOCSA-N,C/C(O)=C(\C#N)C(=O)Nc1cc(OC(C)C)c(-c2cccc(C(F)(F)F)c2)cc1F,CHEMBL5169436,1,med,1.0
LXMSZDCAJNLERA-ZHYRCANASA-N,CC(=O)S[C@@H]1CC2=CC(=O)CC[C@]2(C)[C@H]2CC[C@@]3(C)[C@@H](CC[C@@]34CCC(=O)O4)[C@H]12,Drug 859,1,med,1.0
UDKICLZCJWQTLS-UHFFFAOYSA-N,CCN(CC)CC(=O)Nc1c(C)cccc1C(=O)OC,tolycaine,0,med,1.0
ZBRHTUMWSDPCMI-UHFFFAOYSA-N,O=C(NO)C1(NS(=O)(=O)c2ccc(Oc3ccc(F)cc3)cc2)CCOCC1,,0,med,1.0
QQVIHTHCMHWDBS-UHFFFAOYSA-N,O=C(O)c1cccc(C(=O)O)c1,,0,med,1.0
CPUDPFPXCZDNGI-UHFFFAOYSA-N,CCO[Si](C)(OCC)OCC,,0,med,1.0
YDDUMTOHNYZQPO-GCBRTHAASA-N,O=C(C=Cc1ccc(O)c(O)c1)O[C@@H]1C[C@@](OC(=O)C=Cc2ccc(O)c(O)c2)(C(=O)O)C[C@@H](O)[C@@H]1O,,0,med,1.0
ZPLQIPFOCGIIHV-UHFFFAOYSA-N,O=c1cc(O)c(Cl)c[nH]1,gimeracil,0,med,1.0
HCNHNBLSNVSJTJ-UHFFFAOYSA-N,CC(c1ccc(O)cc1)c1ccc(O)cc1,,1,med,1.0
OPNPQXLQERQBBV-UHFFFAOYSA-N,CCC(Br)(CC)C(=O)NC(N)=O,carbromal,0,med,1.0
ZWRRJEICIPUPHZ-SFDCACGMSA-N,COc1cc2c(c(OC)c1OC)-c1c(cc3c(c1OC)OCO3)C[C@@H](C)[C@](C)(O)C2,,1,med,1.0
YCOXTKKNXUZSKD-UHFFFAOYSA-N,Cc1ccc(O)cc1C,"3,4-Dimethylphenol",0,med,1.0
YCMLQMDWSXFTIF-UHFFFAOYSA-N,Cc1ccccc1S(N)(=O)=O,,0,med,1.0
CXMXRPHRNRROMY-UHFFFAOYSA-N,O=C(O)CCCCCCCCC(=O)O,Sebacic Acid,0,med,1.0
SIDINRCMMRKXGQ-UHFFFAOYSA-N,O=C(O)C(F)(F)C(F)(F)C(F)(F)C(F)(F)C(F)(F)C(F)(F)C(F)(F)C(F)(F)C(F)(F)C(F)(F)F,,0,med,1.0
FVTWJXMFYOXOKK-UHFFFAOYSA-N,NC(=O)CF,,0,med,1.0
SFKQVVDKFKYTNA-DZCXQCEKSA-N,NCCCC[C@H](NC(=O)[C@@H]1CCCN1C(=O)[C@@H]1CSSC[C@H](N)C(=O)N[C@@H](Cc2ccccc2)C(=O)N[C@@H](Cc2ccccc2)C(=O)N[C@@H](CCC(N)=O)C(=O)N[C@@H](CC(N)=O)C(=O)N1)C(=O)NCC(N)=O,felypressin,0,med,1.0
LCTONWCANYUPML-UHFFFAOYSA-N,CC(=O)C(=O)O,Pyruvic Acid,0,med,1.0
ZZUFCTLCJUWOSV-UHFFFAOYSA-N,NS(=O)(=O)c1cc(C(=O)O)c(NCc2ccco2)cc1Cl,Furosemide,0,med,1.0
ZCNQYNHDVRPZIH-JXAWBTAJSA-N,COC(=O)CSc1cc(/N=c2\sc(=O)n3n2CCCC3)c(F)cc1Cl,,0,med,1.0
VCOCESNMLNDPLX-JYHUIVOISA-N,CC1(C)C2CCC3(C2)[C@H]1C(=O)CCC3(C)C,,0,med,1.0
CFXQEHVMCRXUSD-UHFFFAOYSA-N,ClCC(Cl)CCl,,0,med,1.0
MXHTZQSKTCCMFG-UHFFFAOYSA-N,c1ccc(CN(Cc2ccccc2)Cc2ccccc2)cc1,,0,med,1.0
RLFKILXOLJVUNF-UHFFFAOYSA-N,COCc1c(C(=O)OC(C)C)ncc2[nH]c3ccc(OCc4ccccc4)cc3c12,CHEMBL454095,1,med,1.0
AUHHYELHRWCWEZ-UHFFFAOYSA-N,O=C1OC(=O)c2c(Cl)c(Cl)c(Cl)c(Cl)c21,,0,med,1.0
WGMYEOIMVYADRJ-UHFFFAOYSA-N,CCN(CC)CCOc1ccc2nc(N(C)C)sc2c1,,1,med,1.0
CTQNGGLPUBDAKN-UHFFFAOYSA-N,Cc1ccccc1C,,0,med,1.0
XPCTZQVDEJYUGT-UHFFFAOYSA-N,Cc1occc(=O)c1O,Ferric Maltol,0,med,1.0
SUJUHGSWHZTSEU-FYBSXPHGSA-N,CCC[C@@]1(CCc2ccccc2)CC(O)=C([C@H](CC)c2cccc(NS(=O)(=O)c3ccc(C(F)(F)F)cn3)c2)C(=O)O1,Tipranavir Disodium,1,high,2.0
ZZIKIHCNFWXKDY-GNTQXERDSA-N,CCCCCCC(=O)CCCCCC/C=C/C[C@@H](O)[C@H](O)[C@@](N)(CO)C(=O)O,,0,med,1.0
OVRNDRQMDRJTHS-RTRLPJTCSA-N,CC(=O)N[C@H]1C(O)O[C@H](CO)[C@@H](O)[C@@H]1O,,0,med,1.0
JMSUNAQVHOHLMX-UHFFFAOYSA-N,CC(O)C1CCCCC1,,0,med,1.0
FBHSPRKOSMHSIF-GRMWVWQJSA-N,CC(=O)OCC(=O)[C@@]12N=C(C)O[C@@H]1C[C@H]1[C@@H]3CCC4=CC(=O)C=C[C@]4(C)[C@H]3[C@@H](O)C[C@@]12C,DEFLAZACORT,0,med,1.0
UXABARREKCJULM-UHFFFAOYSA-N,CCn1ccnc1CC1COc2ccccc2O1,,0,med,1.0
QGMGHALXLXKCBD-UHFFFAOYSA-N,Nc1ccc(C(=O)Nc2ccccc2N)cc1,,1,med,1.0
DPWPWRLQFGFJFI-UHFFFAOYSA-N,C#CCN(C)Cc1ccccc1,PARGYLINE,0,high,2.0
DCUJJWWUNKIJPH-UHFFFAOYSA-N,Clc1cccc(C(Cl)(Cl)Cl)n1,,1,med,1.0
RZXMPPFPUUCRFN-UHFFFAOYSA-N,Cc1ccc(N)cc1,,1,med,1.0
SKTFQHRVFFOHTQ-UHFFFAOYSA-N,Cn1c(=O)c2[nH]c(Br)nc2n(C)c1=O,Pamabrom,0,med,1.0
WKSPQBFDRTUGEF-UHFFFAOYSA-N,CCCCCCCCCCC=CC#N,,0,med,1.0
BHZFZYLBVSWUMT-ZCFIWIBFSA-N,C[C@@H]1C(=O)N=C2Nc3cccc(Cl)c3CN21,,0,med,1.0
FYAQEFBDKOWIIL-CQSZACIVSA-N,NC(=O)N(O)[C@@H]1COc2cc(OCc3ccccc3)ccc21,,0,med,1.0
FNPXMHRZILFCKX-KAJVQRHHSA-N,CCOC(=O)O[C@]1(C(=O)COC(=O)CC)CC[C@H]2[C@@H]3CCC4=CC(=O)C=C[C@]4(C)[C@H]3[C@@H](O)C[C@@]21C,PREDNICARBATE,0,med,1.0
ZDPHROOEEOARMN-UHFFFAOYSA-N,CCCCCCCCCCC(=O)O,,0,med,1.0
OKBVVJOGVLARMR-VINNURBNSA-N,C=CC1=C(C(=O)O)N2C(=O)[C@@H](NC(=O)/C(=N/OCC(=O)O)c3csc(N)n3)[C@H]2SC1,,0,med,1.0
QGSRKGWCQSATCL-UHFFFAOYSA-N,O=c1ssc(Cl)c1Cl,,1,med,1.0
BZEWSEKUUPWQDQ-UHFFFAOYSA-N,CCCCOc1ccc(C(=O)CCN2CCCCC2)cc1,DYCLONINE HYDROCHLORIDE,1,med,1.0
XXANNZJIZQTCBP-UHFFFAOYSA-N,COc1c2c(cc3c1OCO3)CCN(C)C2,,0,med,1.0
VEQPNABPJHWNSG-UHFFFAOYSA-N,[Ni+2],Nickel cation,0,med,1.0
OHBQPCCCRFSCAX-UHFFFAOYSA-N,COc1ccc(OC)cc1,,0,med,1.0
XKFPYPQQHFEXRZ-UHFFFAOYSA-N,Cc1cc(C(=O)NNCc2ccccc2)no1,Isocarboxazid,1,high,2.0
SEGLCEQVOFDUPX-UHFFFAOYSA-N,CCCCC(CC)COP(=O)(O)OCC(CC)CCCC,,1,med,1.0
MLHOXUWWKVQEJB-UHFFFAOYSA-N,CC(=O)OCC(C)OC(C)=O,,0,med,1.0
MZHULIWXRDLGRR-UHFFFAOYSA-N,CCCCCCCCCCCCCOC(=O)CCSCCC(=O)OCCCCCCCCCCCCC,,0,med,1.0
WARCRYXKINZHGQ-UHFFFAOYSA-N,NNC(=O)c1ccccc1,,1,med,1.0
OJPDDQSCZGTACX-UHFFFAOYSA-N,OCCN(CCO)c1ccccc1,,0,med,1.0
UGWALRUNBSBTGI-QJLCOAGJSA-N,CC1(C)[C@H](/C=C2\CCSC2=O)[C@@H]1C(=O)OCc1coc(Cc2ccccc2)c1,,1,med,1.0
GZGZYDZBSNEDTO-UHFFFAOYSA-N,Cc1noc(-c2ccc3c(c2)c2c(n3CCCSc3cc(F)cc(F)c3)CCCC2)n1,CHEMBL2179510,0,med,1.0
RZVINYQDSSQUKO-UHFFFAOYSA-N,C=CC(=O)OCCOc1ccccc1,,1,med,1.0
DUGOZIWVEXMGBE-UHFFFAOYSA-N,COC(=O)C(c1ccccc1)C1CCCCN1,Dexmethylphenidate hydrochloride,0,med,1.0
XOJWAAUYNWGQAU-UHFFFAOYSA-N,C=C(C)C(=O)OCCCCOC(=O)C(=C)C,,0,med,1.0
ZARYBZGMUVAJMK-UHFFFAOYSA-N,Nc1cc(Cl)c([N+](=O)[O-])cc1O,,1,med,1.0
DZQVFHSCSRACSX-UHFFFAOYSA-N,Cc1cnc(NS(=O)(=O)c2ccc(N)cc2)nc1,sulfaperin,0,med,1.0
LINVVMHRTUSXHL-GGVPDPBRSA-N,CC(C)CCC[C@@H](C)[C@H]1CC(=O)C2=C3CC[C@H]4C[C@@H](O)CC[C@]4(C)[C@H]3CC[C@@]21C,,0,med,1.0
DNXXUUPUQXSUFH-UHFFFAOYSA-N,CC(C)(CCl)c1ccccc1,,0,med,1.0
QEWPVAOWLNMLRI-UHFFFAOYSA-N,NCCCNc1ccc2c3c(nn2CCNCCO)-c2c(O)ccc(O)c2C(=O)c13,CHEMBL203666,1,med,1.0
PRFPQYGTPKDLHJ-UHFFFAOYSA-N,O=C1CCCCC1CN1CCCCC1,pimeclone,0,med,1.0
YHMYGUUIMTVXNW-UHFFFAOYSA-N,S=c1[nH]c2ccccc2[nH]1,,1,med,1.0
GLZPCOQZEFWAFX-YFHOEESVSA-N,CC(C)=CCC/C(C)=C\CO,,0,med,1.0
KDLRVYVGXIQJDK-AWPVFWJPSA-N,CCC[C@@H]1C[C@@H](C(=O)N[C@@H]([C@H]2O[C@H](SC)[C@H](O)[C@@H](O)[C@H]2O)[C@H](C)Cl)N(C)C1,CHEMBL1200588,1,high,2.0
GUVLYNGULCJVDO-UHFFFAOYSA-N,CCCN(CCC)C(=O)SCC,,0,med,1.0
BQTXJHAJMDGOFI-NJLPOHDGSA-N,C[C@@H]1C[C@H]2[C@@H]3CCC4=CC(=O)C=C[C@]4(C)[C@@]3(F)[C@@H](O)C[C@]2(C)[C@@]1(O)C(=O)COC(=O)c1ccncc1,Dexamethasone Isonicotinate,0,med,1.0
VGCXGMAHQTYDJK-UHFFFAOYSA-N,O=C(Cl)CCl,,0,med,1.0
WXNRYSGJLQFHBR-UHFFFAOYSA-N,O=C(c1ccc(O)cc1O)c1ccc(O)cc1O,,1,med,1.0
VWLHWLSRQJQWRG-UHFFFAOYSA-O,CC[N+](C)(C)c1cccc(O)c1,EDROPHONIUM,0,med,1.0
AUAXYMOBWXOEQD-UHFFFAOYSA-N,O=C(O)c1cc(Cl)cc([N+](=O)[O-])c1Cl,,1,med,1.0
JKKFKPJIXZFSSB-CBZIJGRNSA-N,C[C@]12CC[C@@H]3c4ccc(OS(=O)(=O)O)cc4CC[C@H]3[C@@H]1CCC2=O,ESTRONE SULFURIC ACID,1,high,2.0
DCXXKSXLKWAZNO-UHFFFAOYSA-N,C=CC(=C)CCCC(C)(C)OC(C)=O,,0,med,1.0
SODJJEXAWOSSON-UHFFFAOYSA-N,COc1ccc(C(=O)c2ccc(OC)cc2O)c(O)c1,,1,med,1.0
IPWKIXLWTCNBKN-UHFFFAOYSA-N,Cc1ncc([N+](=O)[O-])n1CC(O)CCl,ornidazole,1,high,2.0
MIMJSJSRRDZIPW-UHFFFAOYSA-N,Cc1nc(C2CCCCC2)c(-c2ccc(S(N)(=O)=O)c(F)c2)o1,,0,med,1.0
RYFZYYUIAZYQLC-UHFFFAOYSA-N,ClSC(Cl)(Cl)Cl,,0,med,1.0
BKVPVENZQLBBSA-FMQUCBEESA-N,CN(/N=N/c1ccc(Br)cc1)C(=O)NCCSc1ccc(O)cc1,CHEMBL4850739,0,med,1.0
AKNLFHJQVCPHHO-UHFFFAOYSA-N,Cc1cc(Br)ccc1NC(=O)CCl,,1,med,1.0
NAUWTFJOPJWYOT-UHFFFAOYSA-N,Fc1ccc(C(OCCN2CCN(CCCc3ccccc3)CC2)c2ccc(F)cc2)cc1,Vanoxerine,0,med,1.0
IPBGKKBBYNOXCG-UHFFFAOYSA-N,Cc1c2ccc(N(C)c3ccnc(Nc4ccc(C(=O)Nc5ccccc5N)cc4)n3)cc2nn1C,CHEMBL4213341,0,med,1.0
FDMBBCOBEAVDAO-UHFFFAOYSA-N,CCC(C)(CN(C)C)OC(=O)c1ccccc1,amylocaine,0,med,1.0
FYOPSYJKEHWOBR-UHFFFAOYSA-N,CCCSC(=O)Cl,,0,med,1.0
RQKFYFNZSHWXAW-UHFFFAOYSA-N,Cc1ccc(N)cc1Cl,,0,med,1.0
JTVPZMFULRWINT-UHFFFAOYSA-N,CCN(CC)CCNC(=O)c1cc(S(C)(=O)=O)ccc1OC,tiapride,0,med,1.0
RCUDFXMNPQNBDU-UHFFFAOYSA-N,COc1cc(C=CC(=O)N2CCN(CC(=O)N3CCCC3)CC2)cc(OC)c1OC,,0,med,1.0
OWDANLZJJOCPBK-UHFFFAOYSA-N,O=[N+]([O-])c1ccc(-c2nnc(O)o2)o1,,1,med,1.0
FEMOMIGRRWSMCU-UHFFFAOYSA-N,O=C1c2ccccc2C(=O)C1(O)O,,1,med,1.0
MGFYIUFZLHCRTH-UHFFFAOYSA-N,O=C(O)CN(CC(=O)O)CC(=O)O,Nitrilotriacetic Acid,1,med,1.0
STBMTRPPGSYEFD-UHFFFAOYSA-N,CN(C)CCN1C(=O)c2ccccc2Nc2ccccc21,CHEMBL99486,1,med,1.0
VEORPZCZECFIRK-UHFFFAOYSA-N,CC(C)(c1cc(Br)c(O)c(Br)c1)c1cc(Br)c(O)c(Br)c1,,1,med,1.0
IRYFCWPNDIUQOW-UHFFFAOYSA-N,COc1ccccc1N1CCN(CCCC(=O)c2ccc(F)cc2)CC1,Fluanisone,1,med,1.0
BDNFQGRSKSQXRI-DEOSSOPVSA-N,c1ccc(C(O[C@H]2CCCN(CCc3ccc4c(c3)OCO4)C2)c2ccccc2)cc1,,0,med,1.0
DKJJVAGXPKPDRL-UHFFFAOYSA-N,O=P(O)(O)C(Sc1ccc(Cl)cc1)P(=O)(O)O,TILUDRONIC ACID,0,med,1.0
SLDQOBRACOQXGE-UHFFFAOYSA-N,CCC(=O)C=Cc1ccc(OC)cc1,,0,med,1.0
GEHJBWKLJVFKPS-UHFFFAOYSA-N,O=C(O)C(Cl)Br,,1,med,1.0
YXSLJKQTIDHPOT-UHFFFAOYSA-N,COc1ccc(CC2c3cc(OC)c(OC)cc3CC[N+]2(C)CCC(=O)OCCCCCOC(=O)CC[N+]2(C)CCc3cc(OC)c(OC)cc3C2Cc2ccc(OC)c(OC)c2)cc1OC,ATRACURIUM,0,med,1.0
PIVQQUNOTICCSA-UHFFFAOYSA-N,NC(=S)Nc1cccc2ccccc12,,0,med,1.0
JCJNNHDZTLRSGN-UHFFFAOYSA-N,OCc1c2ccccc2cc2ccccc12,,1,med,1.0
DTEMJWLYSQBXEL-FHLCVKDKSA-N,CCCCCCCCC/C=C\C=C/C=C\C=C/C=C\C(=O)OCC,,0,med,1.0
UIAYVIIHMORPSJ-UHFFFAOYSA-N,CN(C(=O)CCCOc1ccc2[nH]c(=O)ccc2c1)C1CCCCC1,,0,med,1.0
HNJBEVLQSNELDL-UHFFFAOYSA-N,O=C1CCCN1,,0,med,1.0
RGCVKNLCSQQDEP-UHFFFAOYSA-N,OCCN1CCN(CCCN2c3ccccc3Sc3ccc(Cl)cc32)CC1,Perphenazine,0,med,1.0
XVAIDCNLVLTVFM-UHFFFAOYSA-N,COc1ccc(NC(C)=O)cc1,,0,med,1.0
YIEDFHHVUWKOEV-UHFFFAOYSA-N,CC1OC1C1CCC2(C)OC2C1,,0,med,1.0
ZGQURDGVBSSDNF-UHFFFAOYSA-N,IC(I)=C(I)I,,1,med,1.0
CCOQPGVQAWPUPE-UHFFFAOYSA-N,CC(C)(C)C1CCC(O)CC1,,0,med,1.0
XPJVKCRENWUEJH-UHFFFAOYSA-N,CC(C)COC(=O)c1ccc(O)cc1,,1,med,1.0
POVXOWVFLAAVBH-UHFFFAOYSA-N,O=CNNC=O,,0,med,1.0
FBOUIAKEJMZPQG-AWNIVKPZSA-N,CC(C)(C)C(O)/C(=C\c1ccc(Cl)cc1Cl)n1cncn1,,1,med,1.0
OVBPIULPVIDEAO-LBPRGKRZSA-N,Nc1nc(=O)c2nc(CNc3ccc(C(=O)N[C@@H](CCC(=O)O)C(=O)O)cc3)cnc2[nH]1,FOLIC ACID,0,med,1.0
HFACYLZERDEVSX-UHFFFAOYSA-N,Nc1ccc(-c2ccc(N)cc2)cc1,,1,med,1.0
HQZKNCJWLIWCSV-UHFFFAOYSA-N,O=C(O)c1snc(Cl)c1Cl,,1,med,1.0
KVYGGMBOZFWZBQ-UHFFFAOYSA-N,O=C(OCc1ccccc1)c1cccnc1,benzyl nicotinate,0,med,1.0
BMZRVOVNUMQTIN-UHFFFAOYSA-N,N#CC(C#N)=NNc1ccc(OC(F)(F)F)cc1,CHEMBL457504,1,med,1.0
NGVDGCNFYWLIFO-UHFFFAOYSA-N,Cc1ncc(COP(=O)(O)O)c(C=O)c1O,pyridoxal phosphate,0,med,1.0
NTIZESTWPVYFNL-UHFFFAOYSA-N,CC(=O)CC(C)C,,0,med,1.0
PMLZZDFKZFUXGL-UHFFFAOYSA-N,Cc1ccc(C2CC(c3ccc(-c4ccccc4)cc3)=NN2)cc1,CHEMBL438882,0,med,1.0
MGBDANYXBKROBW-UHFFFAOYSA-N,Cn1c(N)c(N=O)c(=O)n(C)c1=O,,1,med,1.0
NHDIQVFFNDKAQU-UHFFFAOYSA-N,CC(C)OB(OC(C)C)OC(C)C,,0,med,1.0
XTOBSLUVJNOXGB-UHFFFAOYSA-N,Cc1ccc(S(=O)(=O)NC(=O)NC2CCCCCCC2)cc1,,0,med,1.0
OIGWAXDAPKFNCQ-UHFFFAOYSA-N,CC(C)c1ccc(CO)cc1,,0,med,1.0
VFEDRRNHLBGPNN-UHFFFAOYSA-N,Cc1ncc(CNC(=O)N(CCCl)N=O)c(N)n1,nimustine,1,high,2.0
GSDSWSVVBLHKDQ-UHFFFAOYSA-N,CC1COc2c(N3CCN(C)CC3)c(F)cc3c(=O)c(C(=O)O)cn1c23,Levofloxacin,1,high,2.0
BFCDFTHTSVTWOG-UHFFFAOYSA-N,CCCCCCCCNC(C)C(O)c1ccc(SC(C)C)cc1,suloctidil,1,med,1.0
TXFPEBPIARQUIG-UHFFFAOYSA-N,CC(=O)c1ccc(O)cc1,,0,med,1.0
XXSMGPRMXLTPCZ-UHFFFAOYSA-N,CCN(CCO)CCCC(C)Nc1ccnc2cc(Cl)ccc12,Hydroxychloroquine sulfate,1,high,2.0
ZOCUOMKMBMEYQV-GSLJADNHSA-N,CC(=O)OCC(=O)[C@@]1(O)CC[C@H]2[C@@H]3CCC4=CC(=O)C=C[C@]4(C)[C@@]3(F)[C@@H](O)C[C@@]21C,isoflupredone acetate,1,high,2.0
JCTBRKGARALROK-ABAFHIJKSA-N,CCC(=O)O[C@H]1[C@@H](N2CCCCC2)C[C@H]2[C@@H]3CC[C@H]4C[C@H](OC(C)=O)[C@@H](N5CCCCC5)C[C@]4(C)[C@H]3CC[C@@]21C,,0,med,1.0
VUAFHZCUKUDDBC-BYPYZUCNSA-N,CC(C)(S)C(=O)N[C@@H](CS)C(=O)O,bucillamine,1,high,2.0
RGZSQWQPBWRIAQ-CABCVRRESA-N,CC(C)=CCC[C@](C)(O)[C@@H]1CC=C(C)CC1,levomenol,0,med,1.0
FZUGPQWGEGAKET-UHFFFAOYSA-N,CCOC(=O)c1ccc(N(C)C)cc1,,1,med,1.0
NMKSAYKQLCHXDK-UHFFFAOYSA-N,CC(NCCC(c1ccccc1)c1ccccc1)c1ccccc1,fendiline,1,med,1.0
PXGPLTODNUVGFL-YNNPMVKQSA-N,CCCCC[C@H](O)/C=C/[C@@H]1[C@@H](C/C=C\CCCC(=O)O)[C@@H](O)C[C@H]1O,DINOPROST,1,high,2.0
KIQQMECNKUGGKA-NMYWJIRASA-N,C#C[C@]1(OC(C)=O)CC[C@H]2[C@@H]3CCC4=C/C(=N/O)CC[C@@H]4[C@H]3CC[C@@]21CC,NORGESTIMATE,1,med,1.0
KPQZUUQMTUIKBP-UHFFFAOYSA-N,Cc1ncc([N+](=O)[O-])n1CC(C)O,SECNIDAZOLE,0,med,1.0
HTIRHQRTDBPHNZ-UHFFFAOYSA-N,CCCCSCCCC,,0,med,1.0
NVEPPWDVLBMNMB-SNAWJCMRSA-N,Cc1ccsc1/C=C/C1=NCCCN1C,,0,med,1.0
IKVXBIIHQGXQRQ-UHFFFAOYSA-N,CC(C)OC(=O)C(C)N(C(=O)c1ccccc1)c1ccc(F)c(Cl)c1,,1,med,1.0
LYCAIKOWRPUZTN-UHFFFAOYSA-N,OCCO,ethylene glycol,1,high,2.0
RUKISNQKOIKZGT-UHFFFAOYSA-N,O=[N+]([O-])c1ccccc1Nc1ccccc1,,0,med,1.0
NNARPPSIYMCXMB-UHFFFAOYSA-N,CC(C)COC(=O)CC(C(=O)OCC(C)C)S(=O)(=O)O,,0,med,1.0
NPGNOVNWUSPMDP-UTEPHESZSA-N,CC(C)(C)C(=O)OCOC(=O)[C@@H]1N2C(=O)[C@@H](/N=C/N3CCCCCC3)[C@H]2SC1(C)C,AMDINOCILLIN PIVOXIL,1,med,1.0
NKANXQFJJICGDU-QPLCGJKRSA-N,CC/C(=C(\c1ccccc1)c1ccc(OCCN(C)C)cc1)c1ccccc1,Drug 863,1,high,2.0
DATLCQIAVKGFHT-JAGDBARYSA-N,CC(C)=CCC/C(C)=C/CC/C(C)=C/Cc1cc(O)cc(Sc2ccccc2C(=O)O)c1O,CHEMBL3945723,0,med,1.0
VPKMGDRERYMTJX-CMDGGOBGSA-N,CCC(=O)/C=C/C1C(C)=CCCC1(C)C,,0,med,1.0
MEZLKOACVSPNER-GFCCVEGCSA-N,C#CCN(C)[C@H](C)Cc1ccccc1,SELEGILINE,0,med,1.0
GYEBVHSGJPHJRP-UHFFFAOYSA-N,CCN(CC)N(O)N=O,,0,med,1.0
JUVSRZCUMWZBFK-UHFFFAOYSA-N,Cc1ccc(N(CCO)CCO)cc1,,0,med,1.0
IRGDPGYNHSIIJJ-UHFFFAOYSA-N,CCn1cc[n+](C)c1C,,0,med,1.0
PZBQVZFITSVHAW-UHFFFAOYSA-N,Clc1ccc2[nH]nnc2c1,,0,med,1.0
JKAHWGPTNVUTNB-IXPVHAAZSA-N,CN1C[C@H](CC#N)C[C@@H]2c3cccc4[nH]c(Cl)c(c34)C[C@H]21,CHEMBL80937,1,med,1.0
LJQBMYDFWFGESC-VXNVDRBHSA-N,C[C@H]1N=C(N)O[C@H]1c1ccccc1,,0,med,1.0
BGSOJVFOEQLVMH-VWUMJDOOSA-N,C[C@]12CCC(=O)C=C1CC[C@@H]1[C@@H]2[C@@H](O)C[C@@]2(C)[C@H]1CC[C@]2(O)C(=O)COP(=O)(O)O,HYDROCORTISONE PHOSPHORIC ACID,0,med,1.0
COYJCBXJGPKMHX-UHFFFAOYSA-N,O=C1C(Cl)=C(N2C(=O)C(Cl)C2c2ccc(Cl)cc2)C(=O)c2ccccc21,CHEMBL5555020,0,med,1.0
HZCBWYNLGPIQRK-LBPRGKRZSA-N,N[C@@H](Cc1ccc(Oc2cc(I)c(O)c(I)c2)c(I)c1)C(=O)O,,0,med,1.0
NVIAYEIXYQCDAN-CLZZGJSISA-N,CC1=C(C(=O)O)N2C(=O)[C@@H](N)[C@H]2SC1,7-Aminodeacetoxycephalosporanic acid,0,med,1.0
CJJOSEISRRTUQB-UHFFFAOYSA-N,COP(=S)(OC)SCn1nnc2ccccc2c1=O,,1,med,1.0
ZOTRFGNOTDLOAU-UHFFFAOYSA-N,CCC(CC)Nc1ccc(C)c(C)c1,,0,med,1.0
IFSLBHIBVNZLNQ-UHFFFAOYSA-N,COc1ccc(C2NC(=S)N3C(c4ccc(OC)c(OC)c4)NC(=S)N23)cc1OC,,0,med,1.0
BFCFYVKQTRLZHA-UHFFFAOYSA-N,O=[N+]([O-])c1ccccc1Cl,,0,med,1.0
ITAMRBIZWGDOHW-UHFFFAOYSA-N,COc1ccc(CCN(C)CCCOc2ccc(S(=O)(=O)c3c(C(C)C)cn4ccccc34)cc2)cc1OC,CHEMBL285855,1,med,1.0
RZCJYMOBWVJQGV-UHFFFAOYSA-N,O=C(O)COc1ccc2ccccc2c1,,0,med,1.0
WNYADZVDBIBLJJ-UHFFFAOYSA-N,O=NN1CCCC1,,0,med,1.0
DDUHZTYCFQRHIY-RBHXEPJQSA-N,COC1=CC(=O)C[C@@H](C)[C@]12Oc1c(Cl)c(OC)cc(OC)c1C2=O,Drug 429,1,med,1.0
PGRHXDWITVMQBC-UHFFFAOYSA-N,CC(=O)C1C(=O)C=C(C)OC1=O,,0,med,1.0
PTXDBYSCVQQBNF-UHFFFAOYSA-N,CC(C)COC(=O)c1ccccc1O,,0,med,1.0
VHCNQEUWZYOAEV-UHFFFAOYSA-N,Cc1nnc(-c2ccccc2)c(=O)n1N,,1,med,1.0
CYHOMWAPJJPNMW-JIGDXULJSA-N,CN1[C@@H]2CC[C@H]1C[C@@H](O)C2,,0,med,1.0
FFFPYJTVNSSLBQ-UHFFFAOYSA-N,O=C(O)c1ccccc1C(c1ccc(O)cc1)c1ccc(O)cc1,,0,med,1.0
FHXBMXJMKMWVRG-SLHNCBLASA-N,CC(=O)Oc1ccc2c(c1)CC[C@@H]1[C@@H]2CC[C@]2(C)[C@@H](O)CC[C@@H]12,ESTRADIOL ACETATE,1,med,1.0
WBYWAXJHAXSJNI-VOTSOKGWSA-N,O=C(O)/C=C/c1ccccc1,,0,med,1.0
CZSSKBQAJULWPY-UHFFFAOYSA-N,CCCCCCCCCCCSCC(=O)O,,0,med,1.0
IWYDHOAUDWTVEP-SSDOTTSWSA-N,O=C(O)[C@H](O)c1ccccc1,(-)-Mandelic acid,0,med,1.0
WUKZPHOXUVCQOR-UHFFFAOYSA-N,CN1C(=O)COc2c(C(=O)NC3CN4CCC3CC4)cc(Cl)cc21,azasetron,0,med,1.0
SKYSRIRYMSLOIN-UHFFFAOYSA-N,CN(C)CCOC(=O)C(c1ccccc1)C1(O)CCCC1,CYCLOPENTOLATE HYDROCHLORIDE,0,med,1.0
BUYMVQAILCEWRR-UHFFFAOYSA-N,COP(=O)(OC)OC(Br)C(Cl)(Cl)Br,,1,med,1.0
QQQYTWIFVNKMRW-UHFFFAOYSA-N,O=C(NC(=O)c1c(F)cccc1F)Nc1ccc(Cl)cc1,,1,med,1.0
WDEABJKSGGRCQA-UHFFFAOYSA-N,CC1=C(C)C(=O)C(CCCCC#CCCCC#CCO)=C(C)C1=O,,1,med,1.0
UENWRTRMUIOCKN-UHFFFAOYSA-N,SCc1ccccc1,,0,med,1.0
PAPBSGBWRJIAAV-UHFFFAOYSA-N,O=C1CCCCCO1,,0,med,1.0
KQSABULTKYLFEV-UHFFFAOYSA-N,Nc1cccc2c(N)cccc12,,1,med,1.0
TUPKOWFPVAXQFP-OFNKIYASSA-N,CC[C@@H]1C[C@H](N(Cc2cc(C(F)(F)F)cc(C(F)(F)F)c2)C(C)=O)c2cc(C(F)(F)F)ccc2N1C(=O)OC(C)C,,1,med,1.0
HSMVPDGQOIQYSR-KGENOOAVSA-N,CCCOC/C(=N\c1ccc(Cl)cc1C(F)(F)F)n1ccnc1,,1,med,1.0
RJGHQTVXGKYATR-UHFFFAOYSA-L,CCCC[Sn](Cl)(Cl)CCCC,,1,med,1.0
NSFFHOGKXHRQEW-DVRIZHICSA-N,C=C(N=C(O)C(=C)N=C(O)c1csc(C2=NC3c4csc(n4)C4N=C(O)c5csc(n5)C(C(C)(O)C(C)O)N=C(O)C5CSC(=N5)/C(=C\C)N=C(O)C(C(C)O)N=C(O)c5csc(n5)C3(CC2)N=C(O)C(C)N=C(O)C(=C)N=C(O)C(C)N=C(O)C(C(C)CC)NC2C=Cc3c(C(C)O)cc(nc3C2O)C(=O)OC4C)n1)C(=N)O,"2-[(11E)-37-butan-2-yl-18-(2,3-dihydroxybutan-2-yl)-11-ethylidene-6,9,16,23,38,41,44,47,59-nonahydroxy-8,31-bis(1-hydroxyethyl)-26,40,46-trimethyl-43-methylidene-28-oxo-27-oxa-3,13,20,56-tetrathia-7,10,17,24,36,39,42,45,48,52,58,61,62,63,64-pentadecazanonacyclo[23.23.9.329,35.12,5.112,15.119,22.154,57.01,53.032,60]tetrahexaconta-2(64),4,6,9,12(63),16,19(62),21,23,29(61),30,32(60),33,38,41,44,47,51,54,57-icosaen-51-yl]-N-[3-hydroxy-3-(3-hydroxy-3-iminoprop-1-en-2-yl)iminoprop-1-en-2-yl]-1,3-thiazole-4-carboximidic acid",1,med,1.0
ULQMPOIOSDXIGC-UHFFFAOYSA-N,C=C(C)C(=O)OCC(C)(C)COC(=O)C(=C)C,,0,med,1.0
JRWZLRBJNMZMFE-UHFFFAOYSA-N,CC(CCc1ccc(O)cc1)NCCc1ccc(O)c(O)c1,DOBUTAMINE,0,med,1.0
HNXNKTMIVROLTK-UHFFFAOYSA-N,CCCCCCCCCC(=O)N(C)C,,0,med,1.0
ZCJPOPBZHLUFHF-UHFFFAOYSA-N,CCOP(=O)(NC(C)C)Oc1ccc(SC)c(C)c1,,1,med,1.0
JQSHBVHOMNKWFT-UHFFFAOYSA-N,c1cnc2cc3c(cc2n1)C1CNCC3C1,"5,8,14-Triazatetracyclo[10.3.1.02,11.04,9]hexadeca-2,4,6,8,10-pentaene",0,med,1.0
VPPJLAIAVCUEMN-GFCCVEGCSA-N,COC[C@@H](NC(C)=O)C(=O)NCc1ccccc1,LACOSAMIDE,1,high,2.0
AEMRFAOFKBGASW-UHFFFAOYSA-N,O=C(O)CO,glycolic acid,0,med,1.0
DFBKLUNHFCTMDC-PICURKEMSA-N,ClC1=C(Cl)[C@]2(Cl)[C@@H]3[C@@H]4C[C@@H]([C@H]5O[C@@H]45)[C@@H]3[C@@]1(Cl)C2(Cl)Cl,,1,med,1.0
CTJBHIROCMPUKL-WEVVVXLNSA-N,CNC(=O)O/N=C(\C)C(C)S(C)(=O)=O,,0,med,1.0
FHESUNXRPBHDQM-UHFFFAOYSA-N,O=C(Oc1ccccc1)c1cccc(C(=O)Oc2ccccc2)c1,,1,med,1.0
CONWAEURSVPLRM-UHFFFAOYSA-N,CCOC(=O)C(C)OC(=O)c1cc(Oc2ccc(C(F)(F)F)cc2Cl)ccc1[N+](=O)[O-],,1,med,1.0
VGLGVJVUHYTIIU-UHFFFAOYSA-N,C=CCSCC1Nc2cc(Cl)c(S(N)(=O)=O)cc2S(=O)(=O)N1,altizide,0,med,1.0
KJHOZAZQWVKILO-UHFFFAOYSA-N,N=C(N)NC(=N)N1CCOCC1,moroxydine,0,med,1.0
YZGQDNOIGFBYKF-UHFFFAOYSA-N,CCOCC(=O)O,,0,med,1.0
NRZWYNLTFLDQQX-UHFFFAOYSA-N,CCC(C)(C)c1ccc(O)cc1,,1,med,1.0
DXRDOOGXEOFHOC-UHFFFAOYSA-N,COc1cc(CCc2ccc(Nc3c4c(nc5ccc(OC)cc35)CCCC4)cc2)cc(OC)c1,CHEMBL4072700,1,med,1.0
JGQFVRIQXUFPAH-JTQLQIEISA-N,C=C(C)CCC[C@H](C)CCO,,0,med,1.0
RXWNCPJZOCPEPQ-NVWDDTSBSA-N,COc1ccc(C[C@H](N)C(=O)N[C@H]2[C@@H](O)[C@H](n3cnc4c(N(C)C)ncnc43)O[C@@H]2CO)cc1,Puromycin,1,high,2.0
YNDXUCZADRHECN-JNQJZLCISA-N,CC1(C)O[C@@H]2C[C@H]3[C@@H]4CCC5=CC(=O)C=C[C@]5(C)[C@@]4(F)[C@@H](O)C[C@]3(C)[C@]2(C(=O)CO)O1,TRIAMCINOLONE ACETONIDE,0,med,1.0
SRVJKTDHMYAMHA-WUXMJOGZSA-N,CC(=O)Nc1ccc(/C=N/NC(N)=S)cc1,Amithiozone,1,high,2.0
BMVWCPGVLSILMU-UHFFFAOYSA-N,O=C1c2ccccc2CCc2ccccc21,,0,med,1.0
XGWFJBFNAQHLEF-UHFFFAOYSA-N,O=C(O)c1c2ccccc2cc2ccccc12,,0,med,1.0
RQXCLMGKHJWMOA-UHFFFAOYSA-N,OC(CCN1CCCCC1)(c1ccccc1)c1ccccc1,pridinol,1,med,1.0
IGJQUJNPMOYEJY-UHFFFAOYSA-N,CC(=O)c1ccc[nH]1,,0,med,1.0
VLLFGVHGKLDDLW-SFHVURJKSA-N,C[C@@]1(c2cc(NC(=O)c3ccc(C#N)cn3)ccc2F)C=CSC(N)=N1,Atabecestat,1,med,1.0
RUEULZNGJZLPLJ-UHFFFAOYSA-N,Cc1cc2c(cc1C)-c1oc(CNc3ccc(CN4CCOCC4)cc3)c(C)c1C(=O)C2=O,CHEMBL4171658,0,med,1.0
ONMOULMPIIOVTQ-UHFFFAOYSA-N,O=[N+]([O-])c1cccc(S(=O)(=O)O)c1,,0,med,1.0
FKENQMMABCRJMK-RITPCOANSA-N,CC1(C)[C@H](C(=O)O)N2C(=O)C[C@H]2S1(=O)=O,SULBACTAM,0,med,1.0
UQSQSQZYBQSBJZ-UHFFFAOYSA-N,O=S(=O)(O)F,,0,med,1.0
BDBMLMBYCXNVMC-UHFFFAOYSA-N,CC1(C)C(/C=C/C=C/C=C/C=C2\N(CCCCS(=O)(=O)O)c3ccc4ccccc4c3C2(C)C)=[N+](CCCCS(=O)(=O)[O-])c2ccc3ccccc3c21,INDOCYANINE GREEN,0,med,1.0
RPTUSVTUFVMDQK-UHFFFAOYSA-N,NNc1nncc2ccccc12,Hydralazine hydrochloride,1,high,2.0
PSJBSUHYCGQTHZ-UHFFFAOYSA-N,COCC(O)CO,,0,med,1.0
XPAZGLFMMUODDK-UHFFFAOYSA-N,O=[N+]([O-])c1ccc2[nH]cnc2c1,,1,med,1.0
AYIRNRDRBQJXIF-NXEZZACHSA-N,CS(=O)(=O)c1ccc([C@@H](O)[C@@H](CF)NC(=O)C(Cl)Cl)cc1,Florfenicol,0,med,1.0
APQPGQGAWABJLN-UHFFFAOYSA-N,O=C(OCC(O)CO)c1ccccc1Nc1ccnc2c(C(F)(F)F)cccc12,floctafenine,0,med,1.0
NTJQREUGJKIARY-SECBINFHSA-N,COc1cc(C[C@@H](C)N)c(OC)cc1C,,0,med,1.0
WSWCOQWTEOXDQX-MQQKCMAXSA-N,C/C=C/C=C/C(=O)O,,0,med,1.0
KMTDMTZBNYGUNX-UHFFFAOYSA-N,Cc1ccc(CO)cc1,,0,med,1.0
SWXVUIWOUIDPGS-UHFFFAOYSA-N,CC(=O)CC(C)(C)O,,0,med,1.0
HKPHPIREJKHECO-UHFFFAOYSA-N,CCCCOCN(C(=O)CCl)c1c(CC)cccc1CC,,1,med,1.0
GPSDUZXPYCFOSQ-UHFFFAOYSA-N,Cc1cccc(C(=O)O)c1,,0,med,1.0
FCSHMCFRCYZTRQ-UHFFFAOYSA-N,S=C(Nc1ccccc1)Nc1ccccc1,,1,med,1.0
GJKGAPPUXSSCFI-UHFFFAOYSA-N,CC(C)(O)C(=O)c1ccc(OCCO)cc1,,0,med,1.0
XREDGJFKPWBNRQ-UHFFFAOYSA-N,CCOc1nc(=O)c(F)c[nH]1,,0,med,1.0
CPEUVMUXAHMANV-UHFFFAOYSA-N,COC(=O)Nc1nc2cc(C(=O)c3ccc(F)cc3)ccc2[nH]1,flubendazole,1,med,1.0
YMBXTVYHTMGZDW-UHFFFAOYSA-N,CC(C(=O)O)c1ccc(CC2CCCC2=O)cc1,LOXOPROFEN,1,high,2.0
JVJFIQYAHPMBBX-FNORWQNLSA-N,CCCCCC(O)/C=C/C=O,,0,med,1.0
PTQMMNYJKCSPET-OMHQDGTGSA-N,C[C@@H]1CC2=CC(=O)CC[C@@H]2[C@H]2CC[C@@]3(C)[C@@H](CC[C@]3(C)O)[C@@H]21,Mibolerone,0,med,1.0
IZQGELJKDARDMZ-UHFFFAOYSA-N,Cc1onc(-c2c(Cl)cccc2Cl)c1C(=O)Cl,,0,med,1.0
WFPIAZLQTJBIFN-DVZOWYKESA-N,OCCN1CCN(CC/C=C2/c3ccccc3Sc3ccc(Cl)cc32)CC1,zuclopenthixol,1,high,2.0
FTLQSQQQFMZPKO-UHFFFAOYSA-N,NCc1cccc(C2CCN(C(=O)c3ccc(C#Cc4ccccc4F)o3)CC2)c1,,1,med,1.0
IOYNQIMAUDJVEI-BMVIKAAMSA-N,CC/C(=N\OC/C=C/Cl)C1=C(O)CC(C2CCOCC2)CC1=O,,0,med,1.0
SOYKEARSMXGVTM-HNNXBMFYSA-N,CN(C)CC[C@@H](c1ccc(Cl)cc1)c1ccccn1,DEXCHLORPHENIRAMINE MALEATE,0,med,1.0
CBCKQZAAMUWICA-UHFFFAOYSA-N,Nc1ccc(N)cc1,P-Phenylenediamine,1,med,1.0
CIEYTVIYYGTCCI-UHFFFAOYSA-N,CC(C)=CCC1=C(O)C(=O)c2ccccc2C1=O,,1,med,1.0
XACHQDDXHDTRLX-AGKBNNBTSA-N,CCCCCCCCCCCCCCCC(=O)O[C@@H]1CC(C)=C(/C=C/C(C)=C/C=C/C(C)=C/C=C\C=C(C)\C=C\C=C(C)\C=C\C2=C(C)C[C@@H](OC(=O)CCCCCCCCCCCCCCC)CC2(C)C)C(C)(C)C1,,0,med,1.0
BTFMCMVEUCGQDX-UHFFFAOYSA-N,CC(=O)c1ccc2c(c1)N(CCCN1CCC(CCO)CC1)c1ccccc1S2,PIPERACETAZINE,1,high,2.0
MEHHPFQKXOUFFV-OWSLCNJRSA-N,C[C@]12C=CC3=C4CCC(=O)C=C4CC[C@H]3[C@@H]1CC[C@@H]2O,Trenbolone,1,med,1.0
RGLYKWWBQGJZGM-UHFFFAOYSA-N,CCC(=C(CC)c1ccc(O)cc1)c1ccc(O)cc1,,1,med,1.0
RMGFLMXDCGQKPS-UHFFFAOYSA-N,ClCCN1CCCC1,,0,med,1.0
XGLHZTBDUXXHOM-WMZJFQQLSA-N,Cl/C(=C\n1cncn1)c1ccc(Cl)cc1Cl,,0,med,1.0
HKVAMNSJSFKALM-DHGBBOBXSA-N,CO[C@H]1C[C@@H]2CC[C@@H](C)[C@@](O)(O2)C(=O)C(=O)N2CCCC[C@H]2C(=O)O[C@H]([C@H](C)C[C@@H]2CC[C@@H](OCCO)[C@H](OC)C2)CC(=O)[C@H](C)C=C(C)[C@@H](O)[C@@H](OC)C(=O)[C@H](C)C[C@H](C)C=CC=CC=C1C,,1,med,1.0
HGBOYTHUEUWSSQ-UHFFFAOYSA-N,CCCCC=O,Pentanal,0,med,1.0
UICBCXONCUFSOI-UHFFFAOYSA-N,CC(=O)NNc1ccccc1,,0,med,1.0
RZLLIOPGUFOWOD-UHFFFAOYSA-N,C=CCOc1c(Br)cc(Br)cc1Br,,1,med,1.0
GWYFCOCPABKNJV-UHFFFAOYSA-N,CC(C)CC(=O)O,Isovaleric Acid,0,med,1.0
JUZXDNPBRPUIOR-UHFFFAOYSA-N,C[N+](C)(C)CCCl,,0,med,1.0
VBIZUNYMJSPHBH-OQLLNIDSSA-N,O=C(N/N=C/c1ccccc1O)c1ccncc1,salinazid,1,med,1.0
FENFUOGYJVOCRY-UHFFFAOYSA-N,CCCOCC(C)O,,0,med,1.0
FPCCDPXRNNVUOM-UHFFFAOYSA-N,CC(CCO)CCCC(C)(C)O,,0,med,1.0
RCGYDFVCAAKKNG-UHFFFAOYSA-N,CN(C)CCN(Cc1ccsc1)c1ccccn1,,0,med,1.0
WWJLCYHYLZZXBE-UHFFFAOYSA-N,O=C1Cc2cc(Cl)ccc2N1,,1,med,1.0
DWTTZBARDOXEAM-GXTWGEPZSA-N,C[C@H]1CCC[C@H](O)CCCCCc2cc(O)cc(O)c2C(=O)O1,zeranol,1,med,1.0
HWKQNAWCHQMZHK-UHFFFAOYSA-N,O=[N+]([O-])OCCN(CCO[N+](=O)[O-])CCO[N+](=O)[O-],trolnitrate,0,med,1.0
QZSFJRIWRPJUOH-UHFFFAOYSA-N,CCCCC(CC)COC(=O)COc1ccc(Cl)cc1Cl,,0,med,1.0
ABLACSIRCKEUOB-UHFFFAOYSA-N,Cc1cc(O)c2c3c4c(cc(O)c13)C(C)(C)C(=O)c1c(O)cc(O)c(c1-4)C2=O,,1,med,1.0
GHVNFZFCNZKVNT-UHFFFAOYSA-N,CCCCCCCCCC(=O)O,Decanoic Acid,0,med,1.0
SAPNXPWPAUFAJU-UHFFFAOYSA-N,CN(CCCN1c2ccccc2CCc2ccccc21)CC(=O)c1ccc(Cl)cc1,lofepramine,1,med,1.0
LKVFCSWBKOVHAH-UHFFFAOYSA-N,CCOc1ccc(O)cc1,,0,med,1.0
CNIGFESSDPOCKS-CYBMUJFWSA-N,C[C@@H](Oc1ccc(CNC(=O)c2cccnc2Oc2ccc3c(c2)OCO3)c(F)c1)C(=O)O,,0,med,1.0
SZHOJFHSIKHZHA-UHFFFAOYSA-N,CCCCCCCCCCCCC(=O)O,Tridecanoic acid,0,med,1.0
YHXISWVBGDMDLQ-UHFFFAOYSA-N,O=C(NCCN1CCOCC1)c1ccc(Cl)cc1,MOCLOBEMIDE,1,high,2.0
BEZGXBMGGVINBF-UHFFFAOYSA-N,COC(C)C1=C(C)c2cc3[nH]c(cc4nc(cc5[nH]c(cc1n2)c(C)c5CCC(=O)O)C(CCC(=O)O)=C4C)c(C)c3C(C)O,CHEMBL3623244,0,med,1.0
JXVIIQLNUPXOII-UHFFFAOYSA-N,CC1CCCCC1NC(=O)Nc1ccccc1,,1,med,1.0
QCAWEPFNJXQPAN-UHFFFAOYSA-N,COc1cccc(C(=O)NN(C(=O)c2cc(C)cc(C)c2)C(C)(C)C)c1C,,0,med,1.0
OMKZWUPRGQMQJC-UHFFFAOYSA-N,CN(C)CCCNCCCN,,1,med,1.0
GIYAQDDTCWHPPL-UHFFFAOYSA-N,CCN(CC)CCNC(=O)c1cc(Br)c(N)cc1OC,bromopride,0,med,1.0
KWOMHJIDDWNGMK-UHFFFAOYSA-N,COc1ccc(-c2nccc3c4ccccc4n(CCCCOc4ccc5c6ccnc(C)c6n(CCCc6ccccc6)c5c4)c23)cc1,CHEMBL4177326,0,med,1.0
IVQOFBKHQCTVQV-UHFFFAOYSA-N,CCN(CC)CCOC(=O)C(O)(c1ccccc1)c1ccccc1,benactyzine,0,med,1.0
YASYVMFAVPKPKE-UHFFFAOYSA-N,COP(=O)(NC(C)=O)SC,,0,med,1.0
RQTOOFIXOKYGAN-UHFFFAOYSA-N,CCCc1c2oc(C(=O)O)cc(=O)c2cc2c(=O)cc(C(=O)O)n(CC)c12,NEDOCROMIL,1,high,2.0
WEPNHBQBLCNOBB-UGDNZRGBSA-N,O=S(=O)(O)OC[C@H]1O[C@@](COS(=O)(=O)O)(O[C@H]2O[C@H](COS(=O)(=O)O)[C@@H](OS(=O)(=O)O)[C@H](OS(=O)(=O)O)[C@H]2OS(=O)(=O)O)[C@@H](OS(=O)(=O)O)[C@@H]1OS(=O)(=O)O,Sucrosofate,0,med,1.0
NFLWUMRGJYTJIN-NXBWRCJVSA-N,N=C(N)NCCC[C@H](NC(=O)[C@@H]1CCCN1C(=O)[C@@H]1CSSCCC(=O)N[C@@H](Cc2ccc(O)cc2)C(=O)N[C@@H](Cc2ccccc2)C(=O)N[C@@H](CCC(N)=O)C(=O)N[C@@H](CC(N)=O)C(=O)N1)C(=O)NCC(N)=O,,0,med,1.0
DVEQCIBLXRSYPH-UHFFFAOYSA-N,CCCCC1C(=O)NC(=O)N(C2CCCCC2)C1=O,bucolome,0,med,1.0
MYRTYDVEIRVNKP-UHFFFAOYSA-N,C=Cc1ccccc1C=C,,0,med,1.0
KHOITXIGCFIULA-UHFFFAOYSA-N,CC(=O)Oc1ccc(C(c2ccc(OC(C)=O)cc2)c2ccccn2)cc1,BISACODYL,1,med,1.0
IHQDEVNEHAXQSH-UHFFFAOYSA-N,O=C(Nc1ccc(F)c(F)c1)Nc1ccc(Sc2nc3cc(Cl)ccc3s2)c(Cl)c1,CHEMBL5175158,0,med,1.0
PIPAJLPNWZMYQA-KNCRFDSUSA-N,C[N+]1(C)[C@@H]2CC[C@H]1C[C@@H](OC(=O)C(CO)c1ccccc1)C2,,0,med,1.0
CAJIGINSTLKQMM-UHFFFAOYSA-N,CCCOc1cc(N)ccc1C(=O)OCCN(CC)CC,PROPOXYCAINE,0,med,1.0
SOUAXOGPALPTTC-UHFFFAOYSA-N,CCOC(=O)c1ccccc1C,,0,med,1.0
HMKKIXGYKWDQSV-UHFFFAOYSA-N,CCCCCC(C=O)=Cc1ccccc1,,0,med,1.0
AVXURJPOCDRRFD-UHFFFAOYSA-N,NO,,0,med,1.0
IOEPXYJOHIZYGQ-UHFFFAOYSA-N,Cc1ccc2c(c1)C(N1CCN(C)CC1)=Nc1ccccc1S2,CHEMBL2106892,1,med,1.0
SCABKEBYDRTODC-UHFFFAOYSA-N,CCCCOCCOCCOC(=O)CCCCC(=O)OCCOCCOCCCC,,0,med,1.0
FTOAOBMCPZCFFF-UHFFFAOYSA-N,CCC1(CC)C(=O)NC(=O)NC1=O,barbital,0,med,1.0
RXGUIWHIADMCFC-UHFFFAOYSA-N,CC(C)COC(=O)C(C)C,,0,med,1.0
CWLKGDAVCFYWJK-UHFFFAOYSA-N,Nc1cccc(O)c1,,0,med,1.0
WFDIJRYMOXRFFG-UHFFFAOYSA-N,CC(=O)OC(C)=O,,0,med,1.0
OPXLLQIJSORQAM-UHFFFAOYSA-N,COC(=O)Nc1nc2ccc(C(=O)c3ccccc3)cc2[nH]1,Mebendazole,1,med,1.0
NJRXVEJTAYWCQJ-UHFFFAOYSA-N,O=C(O)CC(S)C(=O)O,Gold Sodium Thiomalate,0,med,1.0
XNEFYCZVKIDDMS-UHFFFAOYSA-N,COc1ccc(C(=O)CC(=O)c2ccc(C(C)(C)C)cc2)cc1,AVOBENZONE,0,med,1.0
JSGVZVOGOQILFM-UHFFFAOYSA-N,COC(C)CCO,,0,med,1.0
SWEICGMKXPNXNU-UHFFFAOYSA-N,O=c1[nH][nH]c2ccccc12,,1,med,1.0
QVZCXCJXTMIDME-UHFFFAOYSA-N,COc1cc(C(=O)OCCCN2CCCN(CCCOC(=O)c3cc(OC)c(OC)c(OC)c3)CC2)cc(OC)c1OC,dilazep,1,med,1.0
ABXPPZCMVGQVLA-UHFFFAOYSA-N,NNC(=O)c1cc2cc([N+](=O)[O-])ccc2s1,CHEMBL484279,0,med,1.0
WVYXNIXAMZOZFK-UHFFFAOYSA-N,CCOC(=O)NC1=C(N2CC2)C(=O)C(NC(=O)OCC)=C(N2CC2)C1=O,diaziquone,1,med,1.0
UOZODPSAJZTQNH-LSWIJEOBSA-N,NC[C@@H]1O[C@H](O[C@H]2[C@@H](O)[C@H](O[C@@H]3[C@@H](O)[C@H](N)C[C@H](N)[C@H]3O[C@H]3O[C@H](CO)[C@@H](O)[C@H](O)[C@H]3N)O[C@@H]2CO)[C@H](N)[C@@H](O)[C@@H]1O,PAROMOMYCIN,0,med,1.0
GFEGEDUIIYDMOX-UHFFFAOYSA-N,CC(=C(CCO)SSC(CCO)=C(C)N(C=O)Cc1cnc(C)nc1N)N(C=O)Cc1cnc(C)nc1N,,0,med,1.0
VHYFNPMBLIVWCW-UHFFFAOYSA-N,CN(C)c1ccncc1,,0,med,1.0
VCRGLZYPNNAVRP-JTQLQIEISA-N,CC1(C)CCC(NC(=O)[C@@H](N)CCC(=O)O)CC1,,0,med,1.0
RWCCWEUUXYIKHB-UHFFFAOYSA-N,O=C(c1ccccc1)c1ccccc1,Benzophenone,0,med,1.0
HPHUVLMMVZITSG-UHFFFAOYSA-N,CCC(C(N)=O)N1CCCC1=O,alpha-ethyl-2-oxo-1-Pyrrolidineacetamide,0,med,1.0
RHPUJHQBPORFGV-UHFFFAOYSA-N,Cc1cc(Cl)ccc1O,,1,med,1.0
OWYLAEYXIQKAOL-UHFFFAOYSA-N,COc1cc(OC)c(C(=O)CCCN2CCCC2)c(OC)c1,buflomedil,0,med,1.0
DYDNPESBYVVLBO-UHFFFAOYSA-N,O=CNc1ccccc1,,0,med,1.0
MNIPYSSQXLZQLJ-UHFFFAOYSA-N,O=C(O)COC(=O)Cc1ccccc1Nc1c(Cl)cccc1Cl,Aceclofenac,1,high,2.0
WDVSHHCDHLJJJR-UHFFFAOYSA-N,Nc1ccc2cc3ccc(N)cc3nc2c1,proflavine,1,med,1.0
DDVNRFNDOPPVQJ-HQJQHLMTSA-N,CC1(C)[C@H](C=C(Cl)Cl)[C@H]1C(=O)OCc1c(F)c(F)cc(F)c1F,Transfluthrin,1,med,1.0
VRYMTAVOXVTQEF-UHFFFAOYSA-N,CC(=O)Oc1cc(C(C)C)c(OCCN(C)C)cc1C,Moxisylyte,0,med,1.0
HYRKAAMZBDSJFJ-LFDBJOOHSA-N,CC(=O)OCC(=O)[C@@]1(O)[C@H](C)C[C@H]2[C@@H]3C[C@H](F)C4=CC(=O)C=C[C@]4(C)[C@H]3[C@@H](O)C[C@@]21C,PARAMETHASONE ACETATE,0,med,1.0
ZBTMRBYMKUEVEU-UHFFFAOYSA-N,Cc1ccc(Br)cc1,,0,med,1.0
JIRRNZWTWJGJCT-UHFFFAOYSA-N,NC(=S)NC(N)=S,,1,med,1.0
DKOQGJHPHLTOJR-WHRDSVKCSA-N,CO/N=C(\C(=O)N[C@@H]1C(=O)N2C(C(=O)[O-])=C(C[n+]3cccc4c3CCC4)CS[C@H]12)c1csc(N)n1,cefpirome,1,high,2.0
JUSMHIGDXPKSID-GASJEMHNSA-N,OC[C@H]1OC(S)[C@H](O)[C@@H](O)[C@@H]1O,,0,med,1.0
WWCIFIOLOMCRET-UHFFFAOYSA-N,O=C(NNCNNC(=O)c1ccncc1)c1ccncc1,,1,med,1.0
KPSRODZRAIWAKH-UHFFFAOYSA-N,CC(C)(Oc1ccc(C2CC2(Cl)Cl)cc1)C(=O)O,CIPROFIBRATE,1,high,2.0
TWLBRQVYXPMCFK-UHFFFAOYSA-N,Cc1ccccc1N=O,,0,med,1.0
NHLUVTZJQOJKCC-UHFFFAOYSA-N,CCCCCCCCCCCCCCCCN(C)C,,0,med,1.0
NBOMNTLFRHMDEZ-UHFFFAOYSA-N,O=C(O)c1ccccc1S,sodium thiosalicylate,0,med,1.0
ONKUMRGIYFNPJW-KIEAKMPYSA-N,C#C[C@]1(OC(C)=O)CC[C@H]2[C@@H]3CCC4=C[C@@H](OC(C)=O)CC[C@@H]4[C@H]3CC[C@@]21C,ETHYNODIOL DIACETATE,1,med,1.0
OGGXGZAMXPVRFZ-UHFFFAOYSA-N,C[As](C)(=O)O,cacodylic acid,1,med,1.0
VCZNNAKNUVJVGX-UHFFFAOYSA-N,Cc1ccc(C#N)cc1,,0,med,1.0
DCAYPVUWAIABOU-UHFFFAOYSA-N,CCCCCCCCCCCCCCCC,,0,med,1.0
BSBSDQUZDZXGFN-UHFFFAOYSA-N,COP(=S)(OC)Oc1ccc(S(N)(=O)=O)cc1,Cythioate,0,med,1.0
WJZSZXCWMATYFX-UHFFFAOYSA-N,CC1=Nc2ccc3ccccc3c2C1(C)C,,1,med,1.0
BGZZWXTVIYUUEY-UHFFFAOYSA-N,CS(=O)(=O)NC(=O)c1cc(Oc2ccc(C(F)(F)F)cc2Cl)ccc1[N+](=O)[O-],,0,med,1.0
CRVGTESFCCXCTH-UHFFFAOYSA-N,CN(CCO)CCO,,0,med,1.0
LNIMMWYNSBZESE-UHFFFAOYSA-N,CCc1nccnc1C,,0,med,1.0
UGTJLJZQQFGTJD-UHFFFAOYSA-N,N#CC(C#N)=NNc1cccc(Cl)c1,CHEMBL224214,1,high,2.0
NJCBUSHGCBERSK-UHFFFAOYSA-N,FC(F)(F)C(F)(F)C(F)(F)C(F)(F)C(F)(F)F,PERFLENAPENT,0,med,1.0
YJQPYGGHQPGBLI-KGSXXDOSSA-N,CO[C@@H]1[C@@H](OC(N)=O)[C@@H](O)[C@H](Oc2ccc3c(O)c(NC(=O)c4ccc(O)c(CC=C(C)C)c4)c(=O)oc3c2C)OC1(C)C,Drug 937,0,med,1.0
HTGCJAAPDHZCHL-UHFFFAOYSA-N,CC1(CN2CCC(n3c(=O)[nH]c4ccccc43)CC2)OCc2ccccc2-n2cccc21,,0,med,1.0
WYEHFWKAOXOVJD-UHFFFAOYSA-N,O=C(Nc1ccc(F)cc1F)c1cccnc1Oc1cccc(C(F)(F)F)c1,,1,med,1.0
JWDYCNIAQWPBHD-UHFFFAOYSA-N,Cc1ccccc1OCC(O)CO,mephenesin,0,med,1.0
KYPOHTVBFVELTG-OWOJBTEDSA-N,N#C/C=C/C#N,,1,med,1.0
INUNXTSAACVKJS-OAQYLSRUSA-N,C[C@H](CN1CCOCC1)C(C(=O)N1CCCC1)(c1ccccc1)c1ccccc1,dextromoramide,1,med,1.0
WHBIGIKBNXZKFE-UHFFFAOYSA-N,CC(C)Nc1cccnc1N1CCN(C(=O)c2cc3cc(NS(C)(=O)=O)ccc3[nH]2)CC1,DELAVIRDINE,1,high,2.0
BWLUMTFWVZZZND-UHFFFAOYSA-N,c1ccc(CNCc2ccccc2)cc1,,0,med,1.0
FJNCPBNCTRDXFB-UHFFFAOYSA-N,CCCCN(N=O)C(=N)N[N+](=O)[O-],,1,med,1.0
FZCHYNWYXKICIO-FZNHGJLXSA-N,CCCCC(=O)O[C@]1(C(=O)CO)CC[C@H]2[C@@H]3CCC4=CC(=O)CC[C@]4(C)[C@H]3[C@@H](O)C[C@@]21C,HYDROCORTISONE VALERATE,0,med,1.0
JAGZUIGGHGTFHO-UHFFFAOYSA-N,CCOC(=O)CCc1ccccc1,,0,med,1.0
URWAJWIAIPFPJE-URXFYSGNSA-N,CN[C@@H]1[C@@H](O)[C@@H](O[C@@H]2[C@@H](O)[C@H](OC3OC(CN)=CCC3N)[C@@H](N)C[C@H]2N)OC[C@]1(C)O,,0,med,1.0
XBJBPGROQZJDOJ-UHFFFAOYSA-N,CN1CCN(c2c(F)cc3c(=O)c(C(=O)O)cn(CCF)c3c2F)CC1,fleroxacin,1,high,2.0
MFLWLDDOGSNSKO-UHFFFAOYSA-N,C=CCOC(=O)CCCCCCCC,,0,med,1.0
QWCRAEMEVRGPNT-UHFFFAOYSA-N,O=C1CC2(CCCC2)CC(=O)N1CCCCN1CCN(c2ncccn2)CC1,BUSPIRONE,1,med,1.0
HHJUWIANJFBDHT-ZVTSDNJWSA-N,CC[C@]1(O)C[C@@H]2CN(CCc3c([nH]c4ccccc34)[C@@](C(=O)OC)(c3cc4c(cc3OC)N(C)[C@H]3[C@@](O)(C(N)=O)[C@H](O)[C@]5(CC)C=CCN6CC[C@]43[C@@H]65)C2)C1,vindesine,1,med,1.0
ULALSFRIGPMWRS-UHFFFAOYSA-N,O=[N+]([O-])c1cc([N+](=O)[O-])c2ccccc2c1,,1,med,1.0
IWUCXVSUMQZMFG-AFCXAGJDSA-N,NC(=O)c1ncn([C@@H]2O[C@H](CO)[C@@H](O)[C@H]2O)n1,Drug 370,1,med,1.0
NOCJXYPHIIZEHN-UHFFFAOYSA-N,CN1CCN(c2cc3c(cc2F)c(=O)c(C(=O)O)cn3-c2ccc(F)cc2)CC1,Difloxacin,0,med,1.0
OSXYHAQZDCICNX-UHFFFAOYSA-N,Cl[Si](Cl)(c1ccccc1)c1ccccc1,,1,med,1.0
GPIUUMROPXDNRH-RNGGSSJXSA-N,O=C1NC(=O)[C@H]2[C@@H]1[C@@H]1C=C[C@H]2C1,,0,med,1.0
LJCWONGJFPCTTL-ZETCQYMHSA-N,N[C@H](C(=O)O)c1ccc(O)cc1,Oxfenicine,0,med,1.0
USVMJSALORZVDV-SDBHATRESA-N,CC(C)=CCNc1ncnc2c1ncn2[C@@H]1O[C@H](CO)[C@@H](O)[C@H]1O,Isopentenyladenosine,1,med,1.0
JWRMHDSINXPDHB-UZNGINFASA-N,C[C@@H]1C[C@H]2C3C[C@H](F)C4=CC(=O)C=CC4(C)[C@@]3(F)[C@@H](O)CC2(C)[C@@]1(O)C(=O)COC(=O)C(C)(C)C,,1,med,1.0
ICPHJSKVAZMKIV-QGZVFWFLSA-N,COc1cc2c(cc1OC)[C@@H](c1ccccc1)CN(C)CC2,,0,med,1.0
GJLNWLVPAHNBQN-UHFFFAOYSA-N,O=C(Oc1ccccc1)c1ccc(O)cc1,,0,med,1.0
YGYNBBAUIYTWBF-UHFFFAOYSA-N,Cc1ccc2cc(C)ccc2c1,,0,med,1.0
CHZCERSEMVWNHL-UHFFFAOYSA-N,N#Cc1ccccc1O,,1,med,1.0
SDGKUVSVPIIUCF-KNVOCYPGSA-N,C[C@@H]1CCC[C@H](C)N1,,0,med,1.0
KXPXKNBDCUOENF-UHFFFAOYSA-N,CCCCCCCCSCCO,,0,med,1.0
OENHQHLEOONYIE-JLTXGRSLSA-N,CC1=C(/C=C/C(C)=C/C=C/C(C)=C/C=C/C=C(C)/C=C/C=C(C)/C=C/C2=C(C)CCCC2(C)C)C(C)(C)CCC1,BETA CAROTENE,1,med,1.0
XDNBJTQLKCIJBV-UHFFFAOYSA-N,CCOP(=S)(OCC)Oc1ccc([S+](C)[O-])cc1,,1,med,1.0
IRKMSULWLDLTIK-QZQOTICOSA-N,Cc1cc(/N=N/c2ccc(S(=O)(=O)NC3CCCC3)cc2)c(N)cc1O,CHEMBL4159382,0,med,1.0
IHNHAHWGVLXCCI-FDYHWXHSSA-N,CC(=O)OC[C@H]1O[C@@H](OC(C)=O)[C@H](OC(C)=O)[C@@H]1OC(C)=O,,0,med,1.0
MGSPDRWOUCPKNZ-UHFFFAOYSA-N,CCN(CC)CCn1c(-c2ccccc2)noc1=N,imolamine,1,med,1.0
LIPHCKNQPJXUQF-KAMYIIQDSA-N,CCCCC/C(=C/c1ccccc1)CO,,1,med,1.0
HUMXXHTVHHLNRO-KAJVQRHHSA-N,CC(C)(C)CC(=O)OCC(=O)[C@@]1(O)CC[C@H]2[C@@H]3CCC4=CC(=O)C=C[C@]4(C)[C@H]3[C@@H](O)C[C@@]21C,PREDNISOLONE TEBUTATE,0,med,1.0
PVUBSZGNXLNTLX-UHFFFAOYSA-N,Oc1ccc2c(c1)-c1ccccc1C2,,1,med,1.0
UFEODZBUAFNAEU-NLRVBDNBSA-N,CO/N=C(/C1=NOCCO1)c1ccccc1Oc1ncnc(Oc2ccccc2Cl)c1F,,1,med,1.0
UXCAQJAQSWSNPQ-XLPZGREQSA-N,Cc1cn([C@H]2C[C@H](F)[C@@H](CO)O2)c(=O)[nH]c1=O,3'-Fluorothymidine,1,high,2.0
BJBCSGQLZQGGIQ-UHFFFAOYSA-N,CC(=O)NCCOC(=O)C(Oc1cccc(C(F)(F)F)c1)c1ccc(Cl)cc1,CHEMBL456071,1,med,1.0
QZHDEAJFRJCDMF-UHFFFAOYSA-N,O=S(=O)(O)C(F)(F)C(F)(F)C(F)(F)C(F)(F)C(F)(F)C(F)(F)F,,0,med,1.0
HOOSGZJRQIVJSZ-UHFFFAOYSA-N,C[N+]12CCC(CC1)C(OC(=O)C(O)(c1ccccc1)c1ccccc1)C2,CLIDINIUM,0,med,1.0
ILBONRFSLATCRE-UHFFFAOYSA-N,CCOP(=O)(N=C1SCCS1)OCC,,0,med,1.0
QSVRXJJXIKARMV-UHFFFAOYSA-N,CCOc1cccc2sc(-n3c(CC)nc4ccc(Br)cc4c3=O)nc12,CHEMBL2035080,0,med,1.0
SPSSDDOTEZKOOV-UHFFFAOYSA-N,Clc1nc2ccccc2nc1Cl,,0,med,1.0
MNELUOHPQMJXGU-UHFFFAOYSA-N,CCCCC(CC)COC(=O)COc1cc(Cl)c(Cl)cc1Cl,,0,med,1.0
SGEIEGAXKLMUIZ-XUVDNFPMSA-N,[O-][n+]1cccc(/C(Cl)=N/OC[C@H](O)CN2CCCCC2)c1,ARIMOCLOMOL,0,med,1.0
PQFRTXSWDXZRRS-UHFFFAOYSA-N,Cn1c([N+](=O)[O-])cnc1COC(N)=O,,0,med,1.0
NIXOWILDQLNWCW-UHFFFAOYSA-N,C=CC(=O)O,Acrylic Acid,0,med,1.0
KKEYFWRCBNTPAC-UHFFFAOYSA-N,O=C(O)c1ccc(C(=O)O)cc1,,0,med,1.0
MLTFKRFUQNLDIU-CBQIKETKSA-N,OCCO[C@@H]1[C@@H](O)[C@H](O)[C@@H](CO)O[C@@H]1O,,0,med,1.0
MUJOIMFVNIBMKC-UHFFFAOYSA-N,N#Cc1c[nH]cc1-c1cccc2c1OC(F)(F)O2,,1,med,1.0
PVTHJAPFENJVNC-MHRBZPPQSA-N,C[C@H]1O[C@H](O[C@H]2[C@H](O)[C@@H](O)[C@@H](O)[C@H](O)[C@@H]2O)[C@@H](N)C[C@@H]1NC(=N)C(=O)O,,0,med,1.0
CQRYARSYNCAZFO-UHFFFAOYSA-N,OCc1ccccc1O,,0,med,1.0
RLGQACBPNDBWTB-UHFFFAOYSA-N,CCCCCCCCCCCCCCCC[N+](C)(C)C,cetrimonium,1,med,1.0
PCZOHLXUXFIOCF-BXMDZJJMSA-N,CC[C@H](C)C(=O)O[C@H]1C[C@@H](C)C=C2C=C[C@H](C)[C@H](CC[C@@H]3C[C@@H](O)CC(=O)O3)[C@H]21,Drug 1069,1,med,1.0
MTMDXAIUENDNDL-RJSMDTJLSA-N,CO[C@@H]1COCC[C@@H]1N[C@@H]1CC[C@@](C(=O)N2CCc3ncc(C(F)(F)F)cc3C2)(C(C)C)C1,,0,med,1.0
DLZBUNUDESZERL-UHFFFAOYSA-N,CCCCCCCCCOC(=O)CCCCC(=O)OCCCCCCC,,0,med,1.0
GFGSZUNNBQXGMK-UHFFFAOYSA-N,NC(=O)c1ccc([N+](=O)[O-])cc1Cl,,0,med,1.0
DTGKSKDOIYIVQL-MRTMQBJTSA-N,CC1(C)[C@@H]2CC[C@@]1(C)[C@H](O)C2,,0,med,1.0
MRBDMNSDAVCSSF-UHFFFAOYSA-N,Cc1ccc(N(CC2=NCCN2)c2cccc(O)c2)cc1,PHENTOLAMINE,1,high,2.0
PKUZHLZHLVHAIO-QYUDBREXSA-N,CNC(=O)[C@H]1O[C@@H](n2cnc3c(NCc4cc(Cl)ccc4OCc4cc(C)no4)ncnc32)[C@H](O)[C@@H]1N,,0,med,1.0
AJKVQEKCUACUMD-UHFFFAOYSA-N,CC(=O)c1ccccn1,,0,med,1.0
FQDIANVAWVHZIR-OWOJBTEDSA-N,ClC/C=C/CCl,,1,med,1.0
DEQLGSOHGTZKFB-UHFFFAOYSA-N,Cc1c(Cn2ccnc2)c2ccccc2n1CCC(=O)O,,0,med,1.0
RSJKGSCJYJTIGS-UHFFFAOYSA-N,CCCCCCCCCCC,,0,med,1.0
ORUJFMPWKPVXLZ-UHFFFAOYSA-N,COc1ccccc1OC(=O)Oc1ccccc1OC,guaiacol carbonate,0,med,1.0
KIQQUVJOLVCZKG-UHFFFAOYSA-N,CSc1ccc(Cl)cc1,,0,med,1.0
PWWVAXIEGOYWEE-UHFFFAOYSA-N,CC(CN1c2ccccc2Sc2ccccc21)N(C)C,Promethazine hydrochloride,0,med,1.0
VOCYGZAHYQXJOF-UHFFFAOYSA-N,O=C1c2c(O)ccc(Nc3ccc(CCO)cc3)c2C(=O)c2c([N+](=O)[O-])ccc(O)c21,,1,med,1.0
UQMRAFJOBWOFNS-UHFFFAOYSA-N,CCCCOC(=O)COc1ccc(Cl)cc1Cl,,0,med,1.0
ZMXDDKWLCZADIW-UHFFFAOYSA-N,CN(C)C=O,Dimethylformamide,0,med,1.0
YLBDHHKLJYSCEH-UHFFFAOYSA-N,CC(C)=CCc1cc(O)cc(Sc2ccccc2C(=O)O)c1O,CHEMBL3920392,0,med,1.0
WXFIGDLSSYIKKV-RCOVLWMOSA-N,C[C@H](N)[C@H](O)c1cccc(O)c1,METARAMINOL,0,med,1.0
OPNUROKCUBTKLF-UHFFFAOYSA-N,Cc1ccccc1NC(=N)Nc1ccccc1C,,0,med,1.0
PMHFLBQRALFMRT-UHFFFAOYSA-N,NNC(=O)CP(=O)(c1ccccc1)c1ccccc1,,0,med,1.0
ISPFBCQRXZHOGR-UHFFFAOYSA-N,Cc1ccc(C(=O)C(=O)O)cc1C,,0,med,1.0
LHBHZALHFIQJGJ-CABCVRRESA-N,COc1ccc([C@@H]2Sc3ccccc3NC(=O)[C@@H]2O)cc1,,0,med,1.0
ZWUSBSHBFFPRNE-UHFFFAOYSA-N,O=Cc1ccc(Cl)c(Cl)c1,,0,med,1.0
CBTVGIZVANVGBH-UHFFFAOYSA-N,CC(C)(N)CO,,0,med,1.0
IPKKHRVROFYTEK-UHFFFAOYSA-N,CCCCCOC(=O)c1ccccc1C(=O)OCCCCC,CHEMBL1503330,1,high,2.0
WGEFECGEFUFIQW-UHFFFAOYSA-L,Br[Ca]Br,,0,med,1.0
CNKHSLKYRMDDNQ-UHFFFAOYSA-N,CC(C)(C)N(NC(=O)c1ccc(Cl)cc1)C(=O)c1ccccc1,,1,med,1.0
NFCPRRWCTNLGSN-UHFFFAOYSA-N,Nc1ccccc1Nc1ccccc1,,1,med,1.0
VXFJYXUZANRPDJ-WTNASJBWSA-N,CCOC(=O)[C@H](CCc1ccccc1)N[C@@H](C)C(=O)N1[C@H](C(=O)O)C[C@H]2CCCC[C@@H]21,Drug 1315,0,med,1.0
LEJBBGNFPAFPKQ-UHFFFAOYSA-N,C=CC(=O)OCCOCCOC(=O)C=C,,1,med,1.0
SUNMBRGCANLOEG-UHFFFAOYSA-N,O=C(CCl)CCl,,1,med,1.0
ACSIXWWBWUQEHA-UHFFFAOYSA-N,O=P(O)(O)C(Cl)(Cl)P(=O)(O)O,clodronic acid,0,med,1.0
GFBKORZTTCHDGY-UWVJOHFNSA-N,CN1CCN(CC/C=C2/c3ccccc3Sc3ccc(S(=O)(=O)N(C)C)cc32)CC1,THIOTHIXENE,1,med,1.0
JLICHNCFTLFZJN-UHFFFAOYSA-N,CCC1(c2cccc(O)c2)CCCCN(C)C1,meptazinol,0,med,1.0
HIANJWSAHKJQTH-UHFFFAOYSA-N,Cc1cccn2c(=O)c(-c3nn[nH]n3)cnc12,Pemirolast,0,med,1.0
LAAVYEUJEMRIGF-UHFFFAOYSA-N,CC(C)=CC(C)(C)C,,0,med,1.0
UKOQVLAXCBRRGH-UHFFFAOYSA-N,CO/N=C(\N)c1ccc(-c2ccc(-c3ccc(/C(N)=N/OC)cc3)o2)cc1,Pafuramidine,1,med,1.0
SAOKZLXYCUGLFA-UHFFFAOYSA-N,CCCCC(CC)COC(=O)CCCCC(=O)OCC(CC)CCCC,,0,med,1.0
YSAUAVHXTIETRK-AATRIKPKSA-N,CN1CCCN=C1/C=C/c1cccs1,pyrantel,1,med,1.0
UAHWPYUMFXYFJY-UHFFFAOYSA-N,C=CC(=C)CCC=C(C)C,,1,med,1.0
QMHIMXFNBOYPND-UHFFFAOYSA-N,Cc1cscn1,,0,med,1.0
PFRYFZZSECNQOL-UHFFFAOYSA-N,Cc1cc(N=Nc2ccccc2C)ccc1N,,1,med,1.0
UHBUSMAHWHZQKS-UHFFFAOYSA-N,CC(C)(O)c1ccc(CNC(=O)c2cccnc2Oc2ccc(F)cc2)cc1,,0,med,1.0
BIWJNBZANLAXMG-UHFFFAOYSA-N,ClC1=C(Cl)C2(Cl)C3C(Cl)C(Cl)CC3C1(Cl)C2(Cl)Cl,,1,med,1.0
XZNDKAUHJQWCTR-AATRIKPKSA-N,Oc1cc(O)cc(/C=C/c2ccc(Nc3c4c(nc5cc(Cl)ccc35)CCCC4)cc2)c1,CHEMBL4081795,1,med,1.0
DMULVCHRPCFFGV-UHFFFAOYSA-N,CN(C)CCc1c[nH]c2ccccc12,"N,N-Dimethyltryptamine",0,med,1.0
KAEZRSFWWCTVNP-UHFFFAOYSA-N,COc1ccc(N=[N+]([O-])c2ccc(OC)cc2)cc1,,1,med,1.0
MROJXXOCABQVEF-UHFFFAOYSA-N,CC(=O)Nc1ccc(CC(=O)O)cc1,actarit,0,med,1.0
YKWQHMLRAPIWDP-UHFFFAOYSA-N,Cc1c(C)n(Cc2ccccc2)c2ccc(C(=O)OCCN(C)C)cc12,,1,med,1.0
WJFKNYWRSNBZNX-UHFFFAOYSA-N,c1ccc2c(c1)Nc1ccccc1S2,phenothiazine,1,high,2.0
DERZBLKQOCDDDZ-JLHYYAGUSA-N,C(=C/c1ccccc1)\CN1CCN(C(c2ccccc2)c2ccccc2)CC1,cinnarizine,1,high,2.0
IDCPFAYURAQKDZ-UHFFFAOYSA-N,N=C(N)N[N+](=O)[O-],,0,med,1.0
XXUJMEYKYHETBZ-UHFFFAOYSA-N,CCOP(=O)(CC)Oc1ccc([N+](=O)[O-])cc1,,0,med,1.0
JRTIDHTUMYMPRU-UHFFFAOYSA-N,CCCN(CCC)C(=O)Cc1c(-c2ccc(Cl)cc2)nc2ccc(Cl)cn12,Alpidem,1,high,2.0
IQFYYKKMVGJFEH-CSMHCCOUSA-N,Cc1cn([C@@H]2C[C@@H](O)[C@H](CO)O2)c(=O)[nH]c1=O,TELBIVUDINE,1,med,1.0
UMIKWXDGXDJQJK-UHFFFAOYSA-N,CC(=O)CCc1ccc(OC(C)=O)cc1,,0,med,1.0
ATGUVEKSASEFFO-UHFFFAOYSA-N,Nc1ccc(Nc2ccccc2)cc1,,1,med,1.0
MGKUHWMKIYHWOJ-AOHZBQACSA-N,CC(C)C(=O)OCc1cccc(OC(=O)[C@@H]2N3C(=O)[C@@H](NC(=O)Cc4ccccc4)[C@H]3SC2(C)C)c1,,0,med,1.0
OGLCQHRZUSEXNB-WHDMSYDLSA-N,O=C1O[C@@H]2[C@@H](O)[C@H](O)O[C@@H]2[C@H]1O,,0,med,1.0
GQEVYCCMYUNRHJ-UHFFFAOYSA-N,O=[N+]([O-])C(Br)Br,,1,med,1.0
FEPMHVLSLDOMQC-ZVGMWUGDSA-N,CC[C@H]1NC(=O)[C@@H](NC(=O)c2ncccc2O)C(C)OC(=O)[C@H](c2ccccc2)NC(=O)C2CC(=O)CCN2C(=O)[C@H](Cc2ccccc2)N(C)C(=O)[C@@H]2CCCN2C1=O,,0,med,1.0
TWMFGCHRALXDAR-UHFFFAOYSA-N,CCCCCCCCCCCC(=O)NCCCN(C)C,,0,med,1.0
LGZZJTIUEJNNKV-UHFFFAOYSA-N,CSc1c(Cl)c(Cl)c(Cl)c(Cl)c1Cl,,0,med,1.0
KHPKQFYUPIUARC-UHFFFAOYSA-N,Cc1ccc(Nc2c(F)cccc2Cl)c(CC(=O)O)c1,Lumiracoxib,1,high,2.0
MLIREBYILWEBDM-UHFFFAOYSA-N,N#CCC(=O)O,,0,med,1.0
RJKFOVLPORLFTN-LEKSSAKUSA-N,CC(=O)[C@H]1CC[C@H]2[C@@H]3CCC4=CC(=O)CC[C@]4(C)[C@H]3CC[C@]12C,Drug 799,0,med,1.0
GWLLTEXUIOFAFE-UHFFFAOYSA-N,CC(C)c1ccc2cc(C(C)C)ccc2c1,,0,med,1.0
XBDQKXXYIPTUBI-UHFFFAOYSA-N,CCC(=O)O,Propionic Acid,0,med,1.0
CXEGAUYXQAKHKJ-GSAPQAMFSA-N,CC[C@H](C)[C@H]1O[C@]2(C=C[C@@H]1C)C[C@@H]1C[C@@H](CC=C(C)[C@@H](O[C@H]3C[C@H](OC)[C@@H](O[C@H]4C[C@H](OC)[C@@H](NC)[C@H](C)O4)[C@H](C)O3)[C@@H](C)C=CC=C3CO[C@@H]4[C@H](O)C(C)=C[C@@H](C(=O)O1)[C@]34O)O2,,1,med,1.0
LPSXSORODABQKT-KYXWUPHJSA-N,C1C[C@@H]2[C@@H]3CC[C@H](C3)[C@@H]2C1,,0,med,1.0
LTHJXDSHSVNJKG-UHFFFAOYSA-N,C=C(C)C(=O)OCCOCCOCCOCCOC(=O)C(=C)C,,1,med,1.0
FMKMKBLHMONXJM-UHFFFAOYSA-N,Cc1cc(N)n(-c2ccccc2)n1,,0,med,1.0
VUBUDJCRCAHMBH-FOIQADDNSA-N,O=C(N[C@H](c1ccccc1)[C@@H]1CN2CCC1CC2)c1c(Cl)ccc(C(F)(F)F)c1Cl,,0,med,1.0
WWSWYXNVCBLWNZ-QIZQQNKQSA-N,O=C(O)CCC/C=C\C[C@@H]1[C@@H](/C=C/[C@@H](O)COc2cccc(C(F)(F)F)c2)[C@H](O)C[C@@H]1O,Fluprostenol,0,med,1.0
FNODWEPAWIJGPM-UHFFFAOYSA-N,CCOC(=O)c1ccccc1OC,,0,med,1.0
YEJRWHAVMIAJKC-UHFFFAOYSA-N,O=C1CCCO1,Gamma-Butyrolactone,0,med,1.0
POAOYUHQDCAZBD-UHFFFAOYSA-N,CCCCOCCO,,0,med,1.0
YONLFQNRGZXBBF-ZIAGYGMSSA-N,O=C(O[C@@H](C(=O)O)[C@@H](OC(=O)c1ccccc1)C(=O)O)c1ccccc1,,0,med,1.0
ZDPINFKDQWCRTF-FPLPWBNLSA-N,COc1cccc(-c2ccc(/C=C\CN3CCCCCC3)cc2Cl)c1,,0,med,1.0
KWWZHCSQVRVQGF-UHFFFAOYSA-N,OCCSc1ccccc1,,0,med,1.0
STJMRWALKKWQGH-UHFFFAOYSA-N,CC(C)(C)NCC(O)c1cc(Cl)c(N)c(Cl)c1,clenbuterol,0,med,1.0
IDWULKZGRNHZNR-UHFFFAOYSA-N,COC(C)(C)CCCC(C)CC=O,,0,med,1.0
HTDJPCNNEPUOOQ-UHFFFAOYSA-N,C[Si]1(C)O[Si](C)(C)O[Si](C)(C)O1,,0,med,1.0
QJMCKEPOKRERLN-UHFFFAOYSA-N,O=C(NO)c1ccc(O)c(O)c1,"N,3,4-Trihydroxybenzamide",1,med,1.0
YSXKPIUOCJLQIE-UHFFFAOYSA-N,OC(CCN1CCCCC1)(c1ccccc1)C1CC2C=CC1C2,BIPERIDEN,0,med,1.0
FFNVQNRYTPFDDP-UHFFFAOYSA-N,N#Cc1ccccn1,,0,med,1.0
ZKLPARSLTMPFCP-UHFFFAOYSA-N,O=C(O)COCCN1CCN(C(c2ccccc2)c2ccc(Cl)cc2)CC1,Cetirizine hydrochloride,1,med,1.0
ORLGLBZRQYOWNA-UHFFFAOYSA-N,Cc1ccnc(N)c1,aminopicoline,0,med,1.0
YYGZCHLVUTUNGZ-UHFFFAOYSA-N,Cc1cccc(C)c1N(CCCc1cccnc1)C(=O)C(C)N,,0,med,1.0
OTLNPYWUJOZPPA-UHFFFAOYSA-N,O=C(O)c1ccc([N+](=O)[O-])cc1,,0,med,1.0
URWAJWIAIPFPJE-LSCKVXDNSA-N,CN[C@@H]1[C@@H](O)[C@@H](O[C@@H]2[C@H](O)[C@H](O[C@H]3OC(CN)=CC[C@H]3N)[C@@H](N)C[C@H]2N)OC[C@@]1(C)O,,0,med,1.0
WLGDAKIJYPIYLR-UHFFFAOYSA-N,CCCCCCCCS(=O)(=O)O,,0,med,1.0
XDZKBRJLTGRPSS-BGZQYGJUSA-N,CO/N=C(\C(=O)N[C@@H]1C(=O)N2C(C(=O)O)=C(CSc3nc(C)c(CC(=O)O)s3)CS[C@H]12)c1csc(N)n1,cefodizime,1,high,2.0
ZSBDGXGICLIJGD-UHFFFAOYSA-N,Oc1ccc(Oc2ccccc2)cc1,,1,med,1.0
TWBYWOBDOCUKOW-UHFFFAOYSA-N,O=C(O)c1ccncc1,,0,med,1.0
VTCREYDLZYKOEO-UHFFFAOYSA-N,O=C(O)CN(CC(=O)O)CC1=CC2C(=CC1=O)Oc1cc(O)c(CN(CC(=O)O)CC(=O)O)cc1C21OC(=O)c2ccccc21,,0,med,1.0
JMZOMFYRADAWOG-UHFFFAOYSA-N,COC(=O)c1cc(OC)c2c(c1-c1c(C(=O)OC)cc(OC)c3c1OCO3)OCO2,CHEMBL105184,0,med,1.0
UIHCLUNTQKBZGK-UHFFFAOYSA-N,CCC(C)C(C)=O,,0,med,1.0
IQDDCWYNBRRRQG-UHFFFAOYSA-N,COc1ccc(CN(C(=O)CSC(=S)N2CCN(c3ccc(N)cc3)CC2)c2cc(OC)c(OC)c(OC)c2)cc1O,CHEMBL5440372,0,med,1.0
MMNWSHJJPDXKCH-UHFFFAOYSA-N,O=C1c2ccccc2C(=O)c2cc(S(=O)(=O)O)ccc21,,0,med,1.0
ZMYGOSBRLPSJNB-AKBCLJBMSA-N,CCC(=O)O[C@]1(C(=O)COC)[C@@H](C)C[C@H]2[C@@H]3CCC4=CC(=O)C=C[C@]4(C)C3(F)[C@@H](O)C[C@@]21C,,0,med,1.0
ZDZOTLJHXYCWBA-VCVYQWHSSA-N,CC(=O)O[C@@]12CO[C@@H]1C[C@H](O)[C@@]1(C)C(=O)[C@H](O)C3=C(C)[C@@H](OC(=O)[C@H](O)[C@@H](NC(=O)OC(C)(C)C)c4ccccc4)C[C@@](O)([C@@H](OC(=O)c4ccccc4)[C@H]21)C3(C)C,DOCETAXEL ANHYDROUS,1,high,2.0
VMWNQDUVQKEIOC-CYBMUJFWSA-N,CN1CCc2cccc3c2[C@H]1Cc1ccc(O)c(O)c1-3,APOMORPHINE,1,med,1.0
ZRCVYEYHRGVLOC-HYARGMPZSA-N,CO/N=C1\CN(c2nc3c(cc2F)c(=O)c(C(=O)O)cn3C2CC2)CC1CN,Drug 1419,1,high,2.0
QHTQREMOGMZHJV-UHFFFAOYSA-N,CCN(CC)C(=O)SCc1ccc(Cl)cc1,,0,med,1.0
SUBDBMMJDZJVOS-UHFFFAOYSA-N,COc1ccc2[nH]c([S+]([O-])Cc3ncc(C)c(OC)c3C)nc2c1,Esomeprazole sodium,1,med,1.0
SNPLKNRPJHDVJA-ZETCQYMHSA-N,CC(C)(CO)[C@@H](O)C(=O)NCCCO,DEXPANTHENOL,0,med,1.0
IXHBTMCLRNMKHZ-LBPRGKRZSA-N,CC(C)(C)NC[C@H](O)COc1cccc2c1CCCC2=O,LEVOBUNOLOL HYDROCHLORIDE,0,med,1.0
IBMRTYCHDPMBFN-UHFFFAOYSA-N,COC(=O)CCCC(=O)O,,0,med,1.0
YSAZPIOUAPMLDG-UHFFFAOYSA-N,C=C(C)C(=O)OCCOC1CC2CC1C1C=CCC21,,0,med,1.0
RNGOMAIWWMROMC-UHFFFAOYSA-N,CN1CCCCC1CCN1c2c(Cl)cc(Cl)cc2Sc2cc(Cl)cc(Cl)c21,CHEMBL4797066,0,med,1.0
IHMQOBPGHZFGLC-UHFFFAOYSA-N,COc1cc2c(cc1OC)C(=O)CC2,,0,med,1.0
MFWNKCLOYSRHCJ-UHFFFAOYSA-N,CN1C2CCCC1CC(NC(=O)c1nn(C)c3ccccc13)C2,GRANISETRON,1,med,1.0
MTZQAGJQAFMTAQ-UHFFFAOYSA-N,CCOC(=O)c1ccccc1,,0,med,1.0
AXGUBXVWZBFQGA-UHFFFAOYSA-N,CC(C)OC(=O)C(O)(c1ccc(Cl)cc1)c1ccc(Cl)cc1,,1,med,1.0
BNQHPEOBDFTZPG-UHFFFAOYSA-N,Fc1ccc(Nc2nn3c(COc4ccc(-c5ccccc5)cc4)nnc3s2)cc1,CHEMBL523442,0,med,1.0
OKKRPWIIYQTPQF-UHFFFAOYSA-N,C=C(C)C(=O)OCC(CC)(COC(=O)C(=C)C)COC(=O)C(=C)C,,0,med,1.0
GVBHRNIWBGTNQA-UHFFFAOYSA-N,COc1cc([N+](=O)[O-])ccc1N,,0,med,1.0
VZCYOOQTPOCHFL-OWOJBTEDSA-N,O=C(O)/C=C/C(=O)O,fumaric acid,1,high,2.0
QCFKWNGTLZQXRE-UHFFFAOYSA-N,CC(C)Oc1cc(NC(=N)c2ccccn2)ccc1-c1ccc(-c2ccc(NC(=N)c3ccccn3)cc2OC(C)C)o1,CHEMBL1275764,0,med,1.0
HEBKCHPVOIAQTA-QWWZWVQMSA-N,OC[C@@H](O)C(O)[C@H](O)CO,,0,med,1.0
ZXVNMYWKKDOREA-UHFFFAOYSA-N,Cc1cc(CC(=O)O)n(C)c1C(=O)c1ccc(Cl)cc1,CHEMBL19490,1,high,2.0
LUVXHMJTVXZFPD-ZDUSSCGKSA-N,O=C(N[C@H]1CN2CCC1CC2)c1ccc2c(c1)OCCO2,,0,med,1.0
SEDQWOMFMIJKCU-UHFFFAOYSA-N,CNCCON=c1c2ccccc2ccc2ccccc12,demexiptiline,1,med,1.0
XZBJACSADMRYGX-UHFFFAOYSA-N,COC(=O)c1sc(-c2ccnc(NC(=O)C3CC3)c2)nc1OCCNc1c2c(nc3ccccc13)CCCC2,CHEMBL4278164,0,med,1.0
PKKVQHSSLZVNAS-UHFFFAOYSA-N,FC1(F)CCN(c2nc3ccccc3c3c2ccn3Cc2cccc(Cl)c2)CC1,CHEMBL5200705,0,med,1.0
LJVAJPDWBABPEJ-PNUFFHFMSA-N,CC[C@H]1OC(=O)[C@H](C)C(=O)[C@H](C)[C@@H](O[C@@H]2O[C@H](C)C[C@H](N(C)C)[C@H]2O)[C@](C)(OC)C[C@@H](C)C(=O)[C@H](C)[C@H]2N(CCCCn3cnc(-c4cccnc4)c3)C(=O)O[C@]12C,,0,med,1.0
HWIIAAVGRHKSOJ-UHFFFAOYSA-N,COc1cc2nc(Cl)nc(N)c2cc1OC,,0,med,1.0
RLBIQVVOMOPOHC-UHFFFAOYSA-N,COP(=S)(OC)Oc1ccc([N+](=O)[O-])cc1,,1,med,1.0
DMLAVOWQYNRWNQ-UHFFFAOYSA-N,c1ccc(N=Nc2ccccc2)cc1,,0,med,1.0
XRDRKVPNHIWTBX-UHFFFAOYSA-N,COC(=O)c1cccc(Cl)c1,,0,med,1.0
WDECIBYCCFPHNR-UHFFFAOYSA-N,c1ccc2c(c1)ccc1c3ccccc3ccc21,,1,med,1.0
QKDHBVNJCZBTMR-UHFFFAOYSA-N,CC1CN(c2cc3c(cc2F)c(=O)c(C(=O)O)cn3-c2ccc(F)cc2F)CCN1,temafloxacin,1,high,2.0
JUVHVMCKLDZLGN-TVNFHGJBSA-N,CO/N=C(\C(=O)N[C@@H]1C(=O)N2C(C(=O)[O-])=C(C[N+]34CCC(C(N)=O)(CC3)CC4)CS[C@H]12)c1nsc(N)n1,CHEMBL1614665,1,med,1.0
DOAKLVKFURWEDJ-RWDRXURGSA-N,CCCCCCCCCC(=O)N[C@@H](Cc1c[nH]c2ccccc12)C(=O)N[C@@H](CC(N)=O)C(=O)N[C@@H](CC(=O)O)C(=O)N[C@@H]1C(=O)NCC(=O)N[C@@H](CCCN)C(=O)N[C@@H](CC(=O)O)C(=O)N[C@H](C)C(=O)N[C@@H](CC(=O)O)C(=O)NCC(=O)N[C@H](CO)C(=O)N[C@@H]([C@H](C)CC(=O)O)C(=O)N[C@@H](CC(=O)c2ccccc2N)C(=O)O[C@@H]1C,CHEMBL387675,1,med,1.0
CVUGPAFCQJIYDT-UHFFFAOYSA-N,Clc1ccc(C(c2ccccc2Cl)C(Cl)(Cl)Cl)cc1,,1,med,1.0
CJGYSWNGNKCJSB-YVLZZHOMSA-N,CCCC(=O)Nc1ncnc2c1ncn2[C@@H]1O[C@@H]2COP(=O)(O)O[C@H]2[C@H]1OC(=O)CCC,bucladesine,1,high,2.0
CYIDZMCFTVVTJO-UHFFFAOYSA-N,O=C(O)c1cc(C(=O)O)c(C(=O)O)cc1C(=O)O,Pyromellitic Acid,0,med,1.0
PEDCQBHIVMGVHV-UHFFFAOYSA-N,OCC(O)CO,GLYCERIN,1,high,2.0
XERJKGMBORTKEO-VZUCSPMQSA-N,CCNC(=O)NC(=O)/C(C#N)=N/OC,,0,med,1.0
KTXBOOWDLPUROC-UHFFFAOYSA-N,CC(CNC(=O)c1cccnc1)NC(=O)c1cccnc1,Nicaraven,0,med,1.0
BGRJTUBHPOOWDU-NSHDSACASA-N,CCN1CCC[C@H]1CNC(=O)c1cc(S(N)(=O)=O)ccc1OC,levosulpiride,0,med,1.0
WMPXPUYPYQKQCX-UHFFFAOYSA-N,COc1cc(NS(=O)(=O)c2ccc(N)cc2)ncn1,sulfamonomethoxine,0,med,1.0
IUNMPGNGSSIWFP-UHFFFAOYSA-N,CN(C)CCCN,,0,med,1.0
QHDYIMWKSCJTIM-UHFFFAOYSA-N,O=C(Oc1ccccc1)c1ccc2ccccc2c1O,,0,med,1.0
LNHURPJLTHSVMU-UHFFFAOYSA-N,ON=C1C=CC(=NO)C=C1,,1,med,1.0
ATXHVCQZZJYMCF-XUDSTZEESA-N,C=CC[C@]1(O)CC[C@H]2[C@@H]3CCC4=CCCC[C@@H]4[C@H]3CC[C@@]21C,allylestrenol,1,med,1.0
MBGGBVCUIVRRBF-UHFFFAOYSA-N,O=C1C(CC[S+]([O-])c2ccccc2)C(=O)N(c2ccccc2)N1c1ccccc1,sulfinpyrazone,0,med,1.0
SUDAHWBOROXANE-SECBINFHSA-N,O=C(NOC[C@H](O)CO)c1ccc(F)c(F)c1Nc1ccc(I)cc1F,"N-((2R)-2,3-Dihydroxypropoxy)-3,4-difluoro-2-((2-fluoro-4-iodophenyl)amino)benzamide",0,med,1.0
PFENFDGYVLAFBR-UHFFFAOYSA-N,CCOC(=O)c1c(N)sc2c1CCN(Cc1ccccc1)C2,tinoridine,1,high,2.0
QAQJMLQRFWZOBN-LAUBAEHRSA-N,CCCCCCCCCCCCCCCC(=O)OC[C@H](O)[C@H]1OC(=O)C(O)=C1O,,0,med,1.0
WNMJYKCGWZFFKR-UHFFFAOYSA-N,COc1cc2nc(N(C)CCCNC(=O)C3CCCO3)nc(N)c2cc1OC,Alfuzosin hydrochloride,1,med,1.0
KEYWXKLGZZGHMT-ISLYRVAYSA-N,O=S(=O)(O)c1ccc(/N=N/c2c(O)ccc3cc(S(=O)(=O)O)ccc23)cc1,,0,med,1.0
PSQYTAPXSHCGMF-BQYQJAHWSA-N,CC(=O)/C=C/C1=C(C)CCCC1(C)C,,0,med,1.0
OEANUJAFZLQYOD-CXAZCLJRSA-N,CO[C@@H]1O[C@H](CO)[C@H](O)[C@H](O[C@@H]2O[C@@H](C(=O)O)[C@@H](OC)[C@H](O)[C@H]2O)[C@H]1NC(C)=O,CHEMBL1909290,1,med,1.0
AVCSMMMOCOTIHF-UHFFFAOYSA-N,O=[N+]([O-])c1cccc2cccc([N+](=O)[O-])c12,,1,med,1.0
VHFVKMTVMIZMIK-UHFFFAOYSA-N,Clc1cccc(N2CCNCC2)c1,1-(3-Chlorophenyl)piperazine,0,med,1.0
PYZRQGJRPPTADH-UHFFFAOYSA-N,Nc1nnc(-c2cccc(Cl)c2Cl)c(N)n1,Lamotrigine,0,med,1.0
CYEKUDPFXBLGHH-UHFFFAOYSA-N,CC(C)(C)c1cccc(O)c1,,1,med,1.0
HXJKWPGVENNMCC-VIFPVBQESA-N,CCc1cc(OC)c(C[C@H](C)N)cc1OC,,0,med,1.0
UNFWWIHTNXNPBV-WXKVUWSESA-N,CN[C@@H]1[C@H](O)[C@H](NC)[C@H]2O[C@@]3(O)C(=O)C[C@@H](C)O[C@H]3O[C@@H]2[C@H]1O,SPECTINOMYCIN,1,high,2.0
WNTGYJSOUMFZEP-UHFFFAOYSA-N,Cc1cc(Cl)ccc1OC(C)C(=O)O,,0,med,1.0
WTFXJFJYEJZMFO-UHFFFAOYSA-N,N=C(N)c1ccc(OCCCOc2ccc(C(=N)N)cc2)cc1,propamidine,1,med,1.0
YTKUWDBFDASYHO-UHFFFAOYSA-N,Cn1c(CCCC(=O)O)nc2cc(N(CCCl)CCCl)ccc21,BENDAMUSTINE,1,med,1.0
KGFYHTZWPPHNLQ-UHFFFAOYSA-N,O=C(NCC1CN(c2ccc(N3CCOCC3=O)cc2)C(=O)O1)c1ccc(Cl)s1,Rivaroxaban,0,med,1.0
GUUVPOWQJOLRAS-UHFFFAOYSA-N,c1ccc(SSc2ccccc2)cc1,,1,med,1.0
CYMPUOGZUXAIMY-UHFFFAOYSA-N,COc1ccc(Nc2ccccc2)c(C)c1,,1,med,1.0
RDOIQAHITMMDAJ-UHFFFAOYSA-N,CN(C)C(=O)C(CCN1CCC(O)(c2ccc(Cl)cc2)CC1)(c1ccccc1)c1ccccc1,LOPERAMIDE,0,med,1.0
SBYHFKPVCBCYGV-UHFFFAOYSA-N,C1CN2CCC1CC2,,0,med,1.0
KYYQSAMPTLGNIQ-KNFYDQAFSA-N,Cc1c(N)nc([C@@H](CC(N)=O)NC[C@@H](N)C(N)=O)nc1C(=O)N[C@@H](C(=O)N[C@@H](C)[C@H](O)[C@@H](C)C(=O)N[C@H](C(=O)NCCc1nc(-c2nc(C(=O)NCCCN(C)CCCN(Cc3ccc(OCc4ccccc4)c(OCc4ccccc4)c3)Cc3ccc(OCc4ccccc4)c(OCc4ccccc4)c3)cs2)cs1)[C@@H](C)O)C(O[C@H]1O[C@@H](CO)[C@H](O)[C@@H](O)[C@H]1O[C@H]1O[C@@H](CO)[C@@H](O)[C@H](OC(N)=O)[C@@H]1O)c1c[nH]cn1,CHEMBL3137684,1,med,1.0
FTSUPYGMFAPCFZ-ZWNOBZJWSA-N,CCCN1CCC[C@@H]2Cc3n[nH]cc3C[C@H]21,,1,med,1.0
RXOHFPCZGPKIRD-UHFFFAOYSA-N,O=C(O)c1ccc2cc(C(=O)O)ccc2c1,"2,6-Naphthalenedicarboxylic acid",0,med,1.0
HOMONHWYLOPSLL-UHFFFAOYSA-N,CCCC[P+](CC)(CCCC)CCCC,,0,med,1.0
RGSFGYAAUTVSQA-UHFFFAOYSA-N,C1CCCC1,,0,med,1.0
XMGQYMWWDOXHJM-UHFFFAOYSA-N,C=C(C)C1CC=C(C)CC1,,0,med,1.0
WYACBZDAHNBPPB-UHFFFAOYSA-N,CCOC(=O)C(=O)OCC,,0,med,1.0
FLNXBVJLPJNOSI-UHFFFAOYSA-N,Clc1ccc(C(OCCN2CCCCC2)c2ccccc2)cc1,cloperastine,0,med,1.0
SOXAGEOHPCXXIO-UHFFFAOYSA-N,CC1CCC(C(C)C)C(OC(=O)c2ccccc2N)C1,meradimate,1,med,1.0
VGGGPCQERPFHOB-MCIONIFRSA-N,CC(C)C[C@@H](NC(=O)[C@@H](O)[C@H](N)Cc1ccccc1)C(=O)O,,0,med,1.0
IAEGWXHKWJGQAZ-UHFFFAOYSA-N,Cc1cnc(C)c(C)n1,,0,med,1.0
SGXXNSQHWDMGGP-UHFFFAOYSA-N,CNC(=C[N+](=O)[O-])NCCSCc1csc(CN(C)C)n1,Nizatidine,0,med,1.0
LJOZMWRYMKECFF-UHFFFAOYSA-N,O=C(Nc1ccccc1)c1ccccc1I,,1,med,1.0
GDLIGKIOYRNHDA-UHFFFAOYSA-N,CN(C)CCCN1c2ccccc2CCc2ccc(Cl)cc21,Clomipramine hydrochloride,1,high,2.0
YZRXRLLRSPQHDK-UHFFFAOYSA-N,CCCCCCC1CCCC(=O)O1,,0,med,1.0
HGGAKXAHAYOLDJ-FHZUQPTBSA-N,C[C@@H](O)[C@H]1C(=O)N2C(C(=O)O)=C([C@H]3CCCO3)S[C@H]12,faropenem,1,high,2.0
VZBLASFLFFMMCM-UHFFFAOYSA-N,COc1ccc2cc(C=O)ccc2c1,,0,med,1.0
IOVCWXUNBOPUCH-UHFFFAOYSA-N,O=NO,SODIUM NITRITE,0,med,1.0
IIDJRNMFWXDHID-UHFFFAOYSA-N,O=P(O)(O)C(O)(Cc1cccnc1)P(=O)(O)O,RISEDRONIC ACID,1,high,2.0
WJCNZQLZVWNLKY-UHFFFAOYSA-N,c1ccc2[nH]c(-c3cscn3)nc2c1,Thiabendazole,1,high,2.0
DMEDNTFWIHCBRK-UHFFFAOYSA-N,Cc1c(Cl)cccc1Cl,,0,med,1.0
VSKJUSKFFZYFFF-KYHGBAKBSA-N,C/C(=N/NC(=O)Nc1nc(-c2ccc(C)cc2)cc(-c2ccc(F)cc2)n1)c1ccc(Cl)cc1,CHEMBL1164672,0,med,1.0
UWEYRJFJVCLAGH-UHFFFAOYSA-N,FC1(F)C(F)(F)C(F)(F)C2(F)C(F)(F)C(F)(F)C(F)(F)C(F)(F)C2(F)C1(F)F,perflunafene,0,med,1.0
QAXBVGVYDCAVLV-UHFFFAOYSA-N,CCNC1(c2cccs2)CCCCC1=O,Tiletamine,0,med,1.0
USYQKCQEVBFJRP-UHFFFAOYSA-N,Brc1cccc(-c2ccccc2)c1,,0,med,1.0
IBOFVQJTBBUKMU-UHFFFAOYSA-N,Nc1ccc(Cc2ccc(N)c(Cl)c2)cc1Cl,,1,med,1.0
ALBYIUDWACNRRB-UHFFFAOYSA-N,CCCCCC(N)=O,,0,med,1.0
SNPPWIUOZRMYNY-UHFFFAOYSA-N,CC(NC(C)(C)C)C(=O)c1cccc(Cl)c1,Bupropion hydrochloride,0,med,1.0
AQCHWTWZEMGIFD-UHFFFAOYSA-N,Cc1ccccc1N1C(=O)c2cc(S(N)(=O)=O)c(Cl)cc2NC1C,Metolazone,1,high,2.0
PBKZPPIHUVSDNM-WNHSNXHDSA-N,C[C@]12CCC(=O)C=C1C=C[C@@H]1[C@@H]2CC[C@@]2(C)[C@H]1CC[C@@]2(O)CCC(=O)O,potassium canrenoate,0,med,1.0
VWGAYSCWLXQJBQ-UHFFFAOYSA-N,COC(=O)c1ccc(I)cc1S(=O)(=O)NC(=O)Nc1nc(C)nc(OC)n1,,0,med,1.0
REACWASHYHDPSQ-UHFFFAOYSA-N,CCCC[n+]1ccccc1,,0,med,1.0
GNHMRTZZNHZDDM-UHFFFAOYSA-N,N#CCCCl,,0,med,1.0
QZWKEPYTBWZJJA-UHFFFAOYSA-N,COc1cc(-c2ccc(N=C=O)c(OC)c2)ccc1N=C=O,,1,med,1.0
RWPICVVBGZBXNA-UHFFFAOYSA-N,CCCCC(CC)COC(=O)c1ccc(C(=O)OCC(CC)CCCC)cc1,,0,med,1.0
UHOVQNZJYSORNB-UHFFFAOYSA-N,c1ccccc1,,0,med,1.0
GJRPAGNTTAPJCC-UHFFFAOYSA-N,Cc1ccc2oc(CN(Cc3ccccc3)C(=O)Nc3c(F)cc(F)cc3F)c(-c3ccc(Cl)cc3)c2c1,,1,med,1.0
PLIKAWJENQZMHA-UHFFFAOYSA-N,Nc1ccc(O)cc1,4-Aminophenol,1,high,2.0
BIGYLAKFCGVRAN-UHFFFAOYSA-N,Sc1nnc(S)s1,,1,med,1.0
PRTTZMKZMXANFG-UHFFFAOYSA-N,CC(C)CC(C)(N)C#N,,0,med,1.0
WCIBOXFOUGQLFC-UHFFFAOYSA-N,O=C(CCCN1CCC(C(=O)c2ccc(F)cc2)CC1)c1ccc(F)cc1,CHEMBL316004,1,high,2.0
SECPZKHBENQXJG-BQYQJAHWSA-N,CCCCCC/C=C/CCCCCCCC(=O)O,,0,med,1.0
VCAVAURZPNANDQ-UHFFFAOYSA-N,CCCCCCCCCCCCCCCC[N+](C)(C)CC,,1,med,1.0
VRAHPESAMYMDQI-UHFFFAOYSA-N,O=C(OCC1(COC(=O)c2cccnc2)CCCC(COC(=O)c2cccnc2)(COC(=O)c2cccnc2)C1O)c1cccnc1,nicomol,0,med,1.0
IQOMYCGTGFGDFN-UHFFFAOYSA-N,O=C(O)c1ccccc1-c1ccc(C(F)(F)F)cc1,,0,med,1.0
XTTZERNUQAFMOF-QMMMGPOBSA-N,C[C@H]1CNCCc2ccc(Cl)cc21,,0,med,1.0
NKCQEIXYLHACJC-UHFFFAOYSA-N,CC(C)c1ccc2ncccc2c1,,0,med,1.0
WRYLYDPHFGVWKC-UHFFFAOYSA-N,CC1=CCC(O)(C(C)C)CC1,Terpinen-4-ol,0,med,1.0
KWOLFJPFCHCOCG-UHFFFAOYSA-N,CC(=O)c1ccccc1,Acetophenone,0,med,1.0
XOZUGNYVDXMRKW-UHFFFAOYSA-N,NC(=O)N=NC(N)=O,,0,med,1.0
XDRYMKDFEDOLFX-UHFFFAOYSA-N,N=C(N)c1ccc(OCCCCCOc2ccc(C(=N)N)cc2)cc1,PENTAMIDINE,1,high,2.0
LJRSZGKUUZPHEB-UHFFFAOYSA-N,C=CC(=O)OCC(C)OCC(C)OCC(C)OC(=O)C=C,,0,med,1.0
DGEZNRSVGBDHLK-UHFFFAOYSA-N,c1cnc2c(c1)ccc1cccnc12,"1,10-Phenanthroline",1,med,1.0
ZDQWESQEGGJUCH-UHFFFAOYSA-N,CC(C)OC(=O)CCCCC(=O)OC(C)C,,0,med,1.0
NXFQHRVNIOXGAQ-YCRREMRBSA-N,O=C1CN(/N=C/c2ccc([N+](=O)[O-])o2)C(=O)N1,Drug 215,1,med,1.0
RDUHXGIIUDVSHR-UHFFFAOYSA-N,CCCCNCC(O)c1ccc(O)cc1,bamethan,0,med,1.0
SLVDFWRJWQJSRW-UHFFFAOYSA-N,COc1ncc(-c2ccc3ncc(-c4cn(CCCN5CCOCC5)nn4)n3n2)cc1NS(=O)(=O)c1ccc(F)cc1F,CHEMBL5395998,0,med,1.0
URLJMZWTXZTZRR-UHFFFAOYSA-N,CCCCCCCCCCCCCCOS(=O)(=O)O,sodium myristyl sulfate,0,med,1.0
PHLBKPHSAVXXEF-UHFFFAOYSA-N,O=c1n(CCCN2CCN(c3cccc(Cl)c3)CC2)nc2ccccn12,Trazodone hydrochloride,1,high,2.0
NNBCQHRLAFXAIQ-XDZNSFMLSA-N,C=Cc1c(C)c2cc3nc(c4c5[nH]c(cc6nc(cc1[nH]2)C(C)=C6CC)c(C)c5C(=O)C4)[C@@H](CCC(=O)NCC(=O)NCC(=O)N[C@@H](CC(C)C)C(=O)N[C@@H](CCCCN)C(=O)N[C@H](CC(C)C)C(=O)N[C@@H](CC(C)C)C(=O)N[C@@H](CCCCN)C(=O)N[C@H](CCCCN)C(=O)N[C@@H](CC(C)C)C(=O)N[C@H](CC(C)C)C(=O)N[C@H](CCCCN)C(=O)N[C@@H](CCCCN)C(=O)N[C@@H](CC(C)C)C(=O)N[C@@H](CC(C)C)C(=O)N[C@H](CCCCN)C(=O)N[C@@H](CC(C)C)C(=O)N[C@@H](CC(C)C)C(N)=O)[C@@H]3C,CHEMBL4850435,0,med,1.0
JCICIFOYVSPMHG-UHFFFAOYSA-N,O=C1Cc2ccccc2N1c1c(Cl)cccc1Cl,,1,med,1.0
HXCNRYXBZNHDNE-UHFFFAOYSA-N,Cc1nc2ccccn2c(=O)c1CCN1CCC(C(=O)c2ccc(F)cc2)CC1,,0,med,1.0
FRSIMZWJVMLPAI-UHFFFAOYSA-N,CN1CCN(C(=O)C2CCCCC2)CC1,,0,med,1.0
VPWNQTHUCYMVMZ-UHFFFAOYSA-N,O=S(=O)(c1ccc(O)cc1)c1ccc(O)cc1,,0,med,1.0
ZDXUKAKRHYTAKV-UHFFFAOYSA-N,COC(=O)C1=C(C)NC(C)=C(C(=O)OC(C)(C)CN(C)CCC(c2ccccc2)c2ccccc2)C1c1cccc([N+](=O)[O-])c1,lercanidipine,1,med,1.0
MTZWHHIREPJPTG-UHFFFAOYSA-N,CC(C)=CC(=O)C=C(C)C,,0,med,1.0
ODKNJVUHOIMIIZ-RRKCRQDMSA-N,O=c1[nH]c(=O)n([C@H]2C[C@H](O)[C@@H](CO)O2)cc1F,FLOXURIDINE,1,med,1.0
DKNWSYNQZKUICI-UHFFFAOYSA-N,NC12CC3CC(CC(C3)C1)C2,AMANTADINE,0,med,1.0
BJYQIDOKTISRPH-UHFFFAOYSA-N,N#Cc1ncc(N2C(=O)C3(CCC3)N(c3ccc(OC4CCNCC4)cc3)C2=S)cc1C(F)(F)F,CHEMBL4876579,1,med,1.0
WPUKUEMZZRVAKZ-UHFFFAOYSA-N,CC[N+]1(C)CCCC(OC(=O)C(O)(c2ccccc2)c2ccccc2)C1,pipenzolate,0,med,1.0
NPKSPKHJBVJUKB-UHFFFAOYSA-N,O=C(O)CNc1ccccc1,,0,med,1.0
GIMNAEMRNXUAQP-UHFFFAOYSA-N,Cc1ncc(-c2csc(N=C(N)N)n2)[nH]1,CHEMBL70209,1,med,1.0
OSKVCTBASLBKQC-ACCUITESSA-N,C=CCON/C(CCC)=C1\C(=O)CC(C)(C)C(C(=O)OC)=C1O,,0,med,1.0
NWGKJDSIEKMTRX-AAZCQSIUSA-N,CCCCCCCC/C=C\CCCCCCCC(=O)OC[C@@H](O)[C@H]1OC[C@H](O)[C@H]1O,,0,med,1.0
UUGLJVMIFJNVFH-UHFFFAOYSA-N,CCCCCCOC(=O)c1ccccc1,,0,med,1.0
MOUVJGIRLPZEES-UHFFFAOYSA-N,COc1cc(NC(=O)CC(C)=O)c(OC)cc1Cl,,1,med,1.0
KWKXNDCHNDYVRT-UHFFFAOYSA-N,CCCCCCCCCCCCc1ccccc1,,0,med,1.0
IAKOZHOLGAGEJT-UHFFFAOYSA-N,COc1ccc(C(c2ccc(OC)cc2)C(Cl)(Cl)Cl)cc1,,1,med,1.0
GPUGLFZXYGTLBI-UHFFFAOYSA-N,CC12CCC(C[N+](C)(CCC[N+](C)(C)C)C1)C2(C)C,trimethidinium,0,med,1.0
VGYFMXBACGZSIL-GDOBVAKGSA-N,O=C(O)C[C@H](O)CC(O)/C=C/c1c(C2CC2)nc2ccccc2c1-c1ccc(F)cc1,,0,med,1.0
LNJNFVJKDJYTEU-UHFFFAOYSA-N,CCOc1ccc(NC(=O)OC(C)C)cc1OCC,,0,med,1.0
SPIUTQOUKAMGCX-UHFFFAOYSA-N,Cc1c(-c2ccccc2)oc2c(C(=O)OCCN3CCCCC3)cccc2c1=O,Flavoxate hydrochloride,0,med,1.0
IXOXBSCIXZEQEQ-UHTZMRCNSA-N,COc1nc(N)nc2c1ncn2[C@@H]1O[C@H](CO)[C@@H](O)[C@@H]1O,Drug 1436,1,high,2.0
HSYFNANHKYNZNI-NVMNQCDNSA-N,COc1ccc(/C=N\NC(=O)c2ccncc2)c(C(=O)O)c1OC,,1,med,1.0
WJJYZXPHLSLMGE-UHFFFAOYSA-N,FC(F)(F)c1cccc(C2=CCN(CCc3ccc4ccccc4c3)CC2)c1,Xaliproden,1,med,1.0
ZWBAMYVPMDSJGQ-UHFFFAOYSA-N,O=C(O)C(F)(F)C(F)(F)C(F)(F)C(F)(F)C(F)(F)C(F)(F)F,,1,med,1.0
CGSLYBDCEGBZCG-UHFFFAOYSA-N,CCCCC(CC)COP(=O)(Oc1ccccc1)Oc1ccccc1,,0,med,1.0
XJUZRXYOEPSWMB-UHFFFAOYSA-N,COCCl,,0,med,1.0
SNBUBQHDYVFSQF-HIFRSBDPSA-N,CO[C@@]1(NC(=O)CSCC#N)C(=O)N2C(C(=O)O)=C(CSc3nnnn3C)CS[C@@H]21,CEFMETAZOLE SODIUM,1,high,2.0
USMNOWBWPHYOEA-MRTMQBJTSA-N,CC(C)[C@]12CC(=O)[C@H](C)[C@H]1C2,,0,med,1.0
MLCHBQKMVKNBOV-UHFFFAOYSA-N,O=[PH](O)c1ccccc1,,0,med,1.0
KEUMBYCOWGLRBQ-UHFFFAOYSA-N,CC(C)c1ccc(O)c(C(C)C)c1,,1,med,1.0
XGALLCVXEZPNRQ-UHFFFAOYSA-N,COc1cc2ncnc(Nc3ccc(F)c(Cl)c3)c2cc1OCCCN1CCOCC1,Gefitinib,1,med,1.0
NCMZQTLCXHGLOK-ZKHIMWLXSA-N,CC(=O)O[C@H]1CC[C@@]2(C)C(=CC[C@@H]3[C@@H]2CC[C@]2(C)C(=O)CC[C@@H]32)C1,prasterone acetate,1,med,1.0
MMAKNNYIZYDWTD-UHFFFAOYSA-N,C[SiH](C)O[Si](C)(C)O[Si](C)(C)O[SiH](C)C,,0,med,1.0
AUQHGUZEOVIQDW-UHFFFAOYSA-N,CCc1nc2ccc(Br)cc2c(=O)n1-c1nc2ccc(OC)cc2s1,CHEMBL2035079,0,med,1.0
DUDKAZCAISNGQN-UHFFFAOYSA-N,CN1CCCN=C1COC(=O)C(O)(c1ccccc1)C1CCCCC1,OXYPHENCYCLIMINE,0,med,1.0
ZGUGWUXLJSTTMA-UHFFFAOYSA-N,CN(C)CCCN1c2ccccc2Sc2ccccc21,PROMAZINE,1,high,2.0
JRBPAEWTRLWTQC-UHFFFAOYSA-N,CCCCCCCCCCCCN,,0,med,1.0
RPAJWWXZIQJVJF-UHFFFAOYSA-N,[O-][S+](c1cc(Cl)cc(Cl)c1O)c1cc(Cl)cc(Cl)c1O,,1,med,1.0
CBMXCNPQDUJNHT-UHFFFAOYSA-N,Cc1ccc2c(C)cccc2c1,,0,med,1.0
IWXAZSAGYJHXPX-LYWFMZLMSA-N,C/C(=C(\CCOC(=O)c1ccccc1)SS/C(CCOC(=O)c1ccccc1)=C(/C)N(C=O)Cc1cnc(C)nc1N)N(C=O)Cc1cnc(C)nc1N,,0,med,1.0
PPJXIHLNYDVTDI-UHFFFAOYSA-N,O=C(NC(O)C(Cl)(Cl)Cl)NC(O)C(Cl)(Cl)Cl,,0,med,1.0
KJADKKWYZYXHBB-XBWDGYHZSA-N,CC1(C)O[C@@H]2[C@@H](CO[C@@]3(COS(N)(=O)=O)OC(C)(C)O[C@@H]23)O1,Drug 887,0,med,1.0
KWTSXDURSIMDCE-TUWYYBGVSA-N,[2H]C([2H])([2H])[C@H](N)Cc1ccccc1,,0,med,1.0
BSAIUMLZVGUGKX-BQYQJAHWSA-N,CCCCCC/C=C/C=O,,0,med,1.0
XZTYGFHCIAKPGJ-UHFFFAOYSA-N,CN(C)CCOC(=O)COc1ccc(Cl)cc1,meclofenoxate,0,med,1.0
CFCUWKMKBJTWLW-GWRQQDNDSA-N,CO[C@H](C(=O)[C@@H](O)[C@@H](C)O)C1Cc2cc3cc(O[C@H]4C[C@@H](O[C@H]5C[C@@H](O)[C@H](O)[C@@H](C)O5)[C@@H](O)[C@@H](C)O4)c(C)c(O)c3c(O)c2C(=O)[C@H]1O[C@H]1C[C@@H](O[C@H]2C[C@@H](O[C@H]3C[C@](C)(O)[C@H](O)[C@@H](C)O3)[C@H](O)[C@@H](C)O2)[C@H](O)[C@@H](C)O1,,1,med,1.0
BUXRLJCGHZZYNE-UHFFFAOYSA-N,CC(C)NCC(O)c1ccc(N)c(C#N)c1,,0,med,1.0
YNAHCBRGGPSNDZ-UHFFFAOYSA-N,N#Cc1cncc(COc2cc(OCc3cccc(-c4ccc5c(c4)OCCO5)c3C(F)F)ccc2CNCCO)c1,CHEMBL5612053,0,med,1.0
WTARULDDTDQWMU-UHFFFAOYSA-N,C=C1CCC2CC1C2(C)C,Beta-Pinene,0,med,1.0
CJODAJKFLVIKHL-XBXARRHUSA-N,C/C=C/C(=O)Oc1c(CCCCCC(C)C)cc([N+](=O)[O-])cc1[N+](=O)[O-],,1,med,1.0
NIQCNGHVCWTJSM-UHFFFAOYSA-N,COC(=O)c1ccccc1C(=O)OC,dimethylphthalate,0,med,1.0
VOIFKEWOFUNPBN-QIUUJYRFSA-N,NC(=O)[C@H]1O[C@@H](O)[C@H](O)[C@@H](O)[C@@H]1O,glucuronamide,0,med,1.0
HPJKCIUCZWXJDR-UHFFFAOYSA-N,N#Cc1ccc(C(c2ccc(C#N)cc2)n2cncn2)cc1,Letrozole,1,high,2.0
BSWWXRFVMJHFBN-UHFFFAOYSA-N,Oc1c(Br)cc(Br)cc1Br,"2,4,6-Tribromophenol",1,med,1.0
HAMGRBXTJNITHG-UHFFFAOYSA-N,CN=C=O,Methyl Isocyanate,0,med,1.0
PMCBDBWCQQBSRJ-UHFFFAOYSA-N,CCC(=O)N(c1ccccc1)C1CCNCC1,,0,med,1.0
CVQVSVBUMVSJES-UHFFFAOYSA-N,CO[Si](C)(OC)c1ccccc1,,0,med,1.0
UQWIHFJXDRNUDP-FMQUCBEESA-N,COc1cc(S(=O)(=O)O)c(C)cc1/N=N/c1c(O)ccc2cc(S(=O)(=O)O)ccc12,,0,med,1.0
UCEWGESNIULAGX-UHFFFAOYSA-N,CC(C)NCCCC1(C(N)=O)c2ccccc2-c2ccccc21,INDECAINIDE HYDROCHLORIDE,0,med,1.0
JZWFDVDETGFGFC-UHFFFAOYSA-N,CC(=O)NC(=O)c1ccccc1O,salacetamide,0,med,1.0
XMLYCEVDHLAQEL-UHFFFAOYSA-N,CC(C)(O)C(=O)c1ccccc1,,0,med,1.0
UIKROCXWUNQSPJ-VIFPVBQESA-N,CN1C(=O)CC[C@H]1c1cccnc1,cotinine,0,med,1.0
VGVRPFIJEJYOFN-UHFFFAOYSA-N,Oc1c(Cl)cc(Cl)c(Cl)c1Cl,,1,med,1.0
ZOCKGBMQLCSHFP-KQRAQHLDSA-N,CCCCC(=O)OCC(=O)[C@]1(O)Cc2c(O)c3c(c(O)c2[C@@H](O[C@H]2C[C@H](NC(=O)C(F)(F)F)[C@H](O)[C@H](C)O2)C1)C(=O)c1c(OC)cccc1C3=O,VALRUBICIN,1,med,1.0
HXTGXYRHXAGCFP-OAQYLSRUSA-N,COc1cccc([C@H](O)C2CCN(CCc3ccc(F)cc3)CC2)c1OC,,0,med,1.0
MFOUDYKPLGXPGO-UHFFFAOYSA-N,CC(C)N(C(=O)CCl)c1ccccc1,,1,med,1.0
UNJFKXSSGBWRBZ-BJCIPQKHSA-N,Nc1nc(/C(=C/CC(=O)O)C(=O)N[C@@H]2C(=O)N3C(C(=O)O)=CCS[C@H]23)cs1,CEFTIBUTEN,1,med,1.0
GQEXVCVGAOTIEA-UHFFFAOYSA-N,CC(NCCCNc1ccnc2cc(Cl)ccc12)c1ccc(-c2csc3ccc(F)cc23)cc1,CHEMBL4447772,1,med,1.0
AQNDDEOPVVGCPG-UHFFFAOYSA-N,COC(=O)CCc1ccc(OCC(O)CNC(C)C)cc1,Esmolol hydrochloride,0,med,1.0
UNYCSANQWMNNCS-MGBGTMOVSA-N,CCN(Cc1cccnc1)C(=O)c1cccc(Cl)c1[C@]1(C)C(=O)N(Cc2ccc(OC)cc2OC)c2ccc(Cl)cc21,,1,med,1.0
OIGNJSKKLXVSLS-VWUMJDOOSA-N,C[C@]12C=CC(=O)C=C1CC[C@@H]1[C@@H]2[C@@H](O)C[C@@]2(C)[C@H]1CC[C@]2(O)C(=O)CO,PREDNISOLONE,0,med,1.0
PQRRSJBLKOPVJV-UHFFFAOYSA-N,BrCC(Br)C1CCC(Br)C(Br)C1,,1,med,1.0
GUUHFMWKWLOQMM-UHFFFAOYSA-N,CCCCCCC(C=O)=Cc1ccccc1,,0,med,1.0
PZMAHNDJABQWGS-UHFFFAOYSA-N,OC(c1ccccc1)(c1ccccc1)C1CN2CCC1CC2,quifenadine,0,med,1.0
DIZKGJLRHOCMTP-UHFFFAOYSA-N,CNC(=O)C(c1ccccc1)c1ccccc1,,0,med,1.0
KWXCNODTHBHSIQ-UHFFFAOYSA-N,Cc1nc(NS(=O)(=O)c2ccc(N)cc2)nc(C)c1Br,Sulfabromomethazine,0,med,1.0
GMBRUAIJEFRHFQ-UHFFFAOYSA-N,CCOC(=O)c1nc(C(Cl)(Cl)Cl)n(-c2ccc(Cl)cc2Cl)n1,,1,med,1.0
KSEBMYQBYZTDHS-HWKANZROSA-N,COc1cc(/C=C/C(=O)O)ccc1O,Ferulic Acid,1,med,1.0
NPFVOOAXDOBMCE-PLNGDYQASA-N,CC/C=C\CCOC(C)=O,,0,med,1.0
JBLIDPPHFGWTKU-UHFFFAOYSA-N,O=C(Cl)c1c(Cl)cccc1Cl,,0,med,1.0
YMDXZJFXQJVXBF-STHAYSLISA-N,C[C@@H]1O[C@@H]1P(=O)(O)O,FOSFOMYCIN,0,med,1.0
AKPLHCDWDRPJGD-UHFFFAOYSA-N,O=C1CN=C(c2ccccc2)c2cc(Cl)ccc2N1,nordazepam,0,med,1.0
OQNWUUGFAWNUME-UHFFFAOYSA-N,CC(COCCO)OCCO,,0,med,1.0
BJFIDCADFRDPIO-DZCXQCEKSA-N,NCCCC[C@H](NC(=O)[C@@H]1CCCN1C(=O)[C@@H]1CSSC[C@H](N)C(=O)N[C@@H](Cc2ccc(O)cc2)C(=O)N[C@@H](Cc2ccccc2)C(=O)N[C@@H](CCC(N)=O)C(=O)N[C@@H](CC(N)=O)C(=O)N1)C(=O)NCC(N)=O,LYPRESSIN,0,med,1.0
YGUFCDOEKKVKJK-UHFFFAOYSA-N,CC1(N)CCN(c2cnc(-c3cccc(Cl)c3Cl)c(N)n2)CC1,CHEMBL4060033,1,med,1.0
TYNLGDBUJLVSMA-UHFFFAOYSA-N,CC(=O)Oc1cccc2c1C(=O)c1c(OC(C)=O)cc(C(=O)O)cc1C2=O,diacerein,1,high,2.0
WOXXJEVNDJOOLV-UHFFFAOYSA-N,C=C[Si](OCCOC)(OCCOC)OCCOC,,0,med,1.0
JSFITYFUKSFPBZ-UHFFFAOYSA-N,CC(C)CCCCCCc1ccc(O)cc1,,1,med,1.0
JRJBVWJSTHECJK-PKNBQFBNSA-N,CC(=O)/C(C)=C/C1C(C)=CCCC1(C)C,,0,med,1.0
UDHXJZHVNHGCEC-UHFFFAOYSA-N,O=C1c2ccccc2C(=O)C1C(=O)C(c1ccccc1)c1ccc(Cl)cc1,,1,med,1.0
SMNOERSLNYGGOU-UHFFFAOYSA-N,CN(CC1(C)CCCO1)S(=O)(=O)c1ccc(Cl)c(S(N)(=O)=O)c1,mefruside,0,med,1.0
PRXHANOJNVGVGC-UHFFFAOYSA-N,CCOc1ccc(NC(=S)Nc2ccc(OCC)cc2)cc1,,1,med,1.0
ODHCTXKNWHHXJC-VKHMYHEASA-N,O=C1CC[C@@H](C(=O)O)N1,L-Pyroglutamic Acid,0,med,1.0
HCNGUXXTNNIKCQ-UHFFFAOYSA-N,[Mo+6],,0,med,1.0
JKQQZJHNUVDHKP-FQJIPJFPSA-N,CC(=O)O[C@]1(C(C)=O)CC[C@H]2[C@@H]3CCC4=CC(=O)CC[C@]4(C)[C@@]3(F)[C@@H](O)C[C@@]21C,,0,med,1.0
UQMZRNVNHHEEKU-HEKOIHICSA-N,CC(C)=CCC/C(C)=C/CC/C(C)=C/CC/C(C)=C/Cc1cc(O)cc(Sc2ccccc2C(=O)O)c1O,CHEMBL3958859,0,med,1.0
GKKZMYDNDDMXSE-UHFFFAOYSA-N,CCOC(=O)CC(=O)c1ccccc1,,0,med,1.0
SKELAQDUKQZHFA-UHFFFAOYSA-N,Cc1cc(COC(=O)NCCCCCCNc2c3c(nc4ccccc24)CCCC3)c(OCc2ccc(B3OC(C)(C)C(C)(C)O3)cc2)c(COC(=O)C(C)c2ccc(CC(C)C)cc2)c1,CHEMBL4792602,1,med,1.0
XOGPDSATLSAZEK-UHFFFAOYSA-N,Nc1ccc2c(c1)C(=O)c1ccccc1C2=O,,1,med,1.0
YBZZWMVMQHZXIN-UHFFFAOYSA-N,O=C(O)COc1ccc(NCc2cccc(-c3ccccc3C(F)(F)F)c2)cc1F,CHEMBL4593950,1,med,1.0
HBZDPWBWBJMYRY-UHFFFAOYSA-N,CCCCCCCCCC#N,,0,med,1.0
IISBACLAFKSPIT-UHFFFAOYSA-N,CC(C)(c1ccc(O)cc1)c1ccc(O)cc1,Bisphenol A,1,med,1.0
KLLIVCPQDTYMLC-UHFFFAOYSA-N,CC(C)(C)C1CCC(CC2=C(O)C(=O)c3ccccc3C2=O)CC1,,1,med,1.0
ZCKAMNXUHHNZLN-UHFFFAOYSA-N,CC(C)(N)Cc1ccc(Cl)cc1,Drug 694,0,med,1.0
LFQSCWFLJHTTHZ-UHFFFAOYSA-N,CCO,ALCOHOL,1,high,2.0
WIVNTNLDTMNDNO-UHFFFAOYSA-N,CCCCCCCCS(=O)(=O)Cl,,1,med,1.0
KVFQMAZOBTXCAZ-UHFFFAOYSA-N,CCC(=O)C(=O)CC,,0,med,1.0
FXYIHSZDPJMZHV-UHFFFAOYSA-N,NCCNCCNc1ccnc2cc(C(F)(F)F)ccc12,CHEMBL3597069,0,med,1.0
IZRPKIZLIFYYKR-UHFFFAOYSA-N,CN(C)CCOc1ccccc1Cc1ccccc1,phenyltoloxamine,0,med,1.0
MZZBPDKVEFVLFF-UHFFFAOYSA-N,CCNc1nc(Cl)nc(NC(C)(C)C#N)n1,,0,med,1.0
HCLJOFJIQIJXHS-UHFFFAOYSA-N,C=CC(=O)OCCOCCOCCOCCOC(=O)C=C,,1,med,1.0
QHWKHLYUUZGSCW-UHFFFAOYSA-N,O=C1OC(=O)c2c(Br)c(Br)c(Br)c(Br)c21,,0,med,1.0
RZKYEQDPDZUERB-UHFFFAOYSA-N,CC(C)(C)C(=O)C1C(=O)c2ccccc2C1=O,,1,med,1.0
DPVIABCMTHHTGB-UHFFFAOYSA-N,Clc1cc(Cl)nc(Cl)n1,,1,med,1.0
BHELZAPQIKSEDF-UHFFFAOYSA-N,C=CCBr,,0,med,1.0
BOVGTQGAOIONJV-UHFFFAOYSA-N,Cc1ccc(S(=O)(=O)NC(=O)NN2CC3CCCC3C2)cc1,gliclazide,0,med,1.0
JCQLYHFGKNRPGE-FCVZTGTOSA-N,OC[C@H]1O[C@@H](O[C@@H]2[C@@H](CO)O[C@](O)(CO)[C@H]2O)[C@H](O)[C@@H](O)[C@H]1O,LACTULOSE,0,med,1.0
PFCHFHIRKBAQGU-UHFFFAOYSA-N,CCCC(=O)CC,,0,med,1.0
ZAKAONRTRWRIJT-UHFFFAOYSA-N,CCOC(=N)CC(=O)OCC,,0,med,1.0
XQUXKZZNEFRCAW-UHFFFAOYSA-N,CC1(C)C(C(=O)OC(C#N)c2cccc(Oc3ccccc3)c2)C1(C)C,,0,med,1.0
INWLQCZOYSRPNW-UHFFFAOYSA-N,Cc1cccc(C)c1NC(=O)C1CCCCN1C,Mepivacaine hydrochloride,0,med,1.0
UOCLXMDMGBRAIB-UHFFFAOYSA-N,CC(Cl)(Cl)Cl,,0,med,1.0
ZXRVKCBLGJOCEE-UHFFFAOYSA-N,O=c1[nH]oc2c1CCNC2,Gaboxadol,0,med,1.0
BRRVXFOKWJKTGG-JGVFFNPUSA-N,C[C@H]1C[C@@H](O)CC(C)(C)C1,,0,med,1.0
LGDSHSYDSCRFAB-UHFFFAOYSA-N,CN=C=S,,0,med,1.0
KZHGPDSVHSDCMX-UHFFFAOYSA-N,COc1ccc2nc(N)sc2c1,,1,med,1.0
BENFXAYNYRLAIU-QSVFAHTRSA-N,NCCCC[C@H](NC(=O)[C@@H]1CCCN1C(=O)[C@@H]1CSSC[C@H](NC(=O)CNC(=O)CNC(=O)CN)C(=O)N[C@@H](Cc2ccc(O)cc2)C(=O)N[C@@H](Cc2ccccc2)C(=O)N[C@@H](CCC(N)=O)C(=O)N[C@@H](CC(N)=O)C(=O)N1)C(=O)NCC(N)=O,TERLIPRESSIN,0,med,1.0
JGUQDUKBUKFFRO-GGWOSOGESA-N,CC(=N\O)/C(C)=N/O,,0,med,1.0
AHKAOMZZTQULDS-UHFFFAOYSA-N,O=C(OC1CN2CCC1CC2)c1ccccc1,,0,med,1.0
NIBCDDKWFDEBEP-UHFFFAOYSA-N,CCCOc1ccc(S(=O)(=O)N2CCN(CC)CC2)cc1-c1nc2c(CC)n(Cc3ccccn3)nc2c(=O)[nH]1,,0,med,1.0
HBZVNWNSRNTWPS-UHFFFAOYSA-N,Nc1ccc2cc(S(=O)(=O)O)cc(O)c2c1,,1,med,1.0
MQAHXEQUBNDFGI-UHFFFAOYSA-N,CC(C)(c1ccc(Oc2ccc3c(c2)C(=O)OC3=O)cc1)c1ccc(Oc2ccc3c(c2)C(=O)OC3=O)cc1,,0,med,1.0
GQBHYWDCHSZDQU-UHFFFAOYSA-N,CC(C)(C)CC(C)(C)c1ccc(Nc2ccc(C(C)(C)CC(C)(C)C)cc2)cc1,,0,med,1.0
PHTUQLWOUWZIMZ-BOPFTXTBSA-N,CN(C)CC/C=C1/c2ccccc2CSc2ccccc21,,1,med,1.0
KFDDPVMIQMFHBI-JLIPXIIDSA-N,COC(=O)[C@H]1[C@H]2C[C@@H]3c4[nH]c5cc(OC)ccc5c4CCN3C[C@H]2C[C@@H](OC(=O)COc2ccc(OC)cc2)[C@@H]1OC,,0,med,1.0
JOMHSQGEWSNUKU-UHFFFAOYSA-N,CN(C)S(=O)(=O)c1ccc2c(c1)N(CCCN1CCC(CCO)CC1)c1ccccc1S2,Pipotiazine,1,med,1.0
WLFDQEVORAMCIM-UHFFFAOYSA-N,CON(C)C(=O)Nc1ccc(Br)cc1,,1,med,1.0
GQCZPFJGIXHZMB-UHFFFAOYSA-N,CC(O)COC(C)(C)C,,0,med,1.0
TZWKUQDQKPYNLL-UHFFFAOYSA-N,CCOC(=O)NC(C)(C)Cc1ccc(Cl)cc1,,0,med,1.0
HGINCPLSRVDWNT-UHFFFAOYSA-N,C=CC=O,,1,med,1.0
PVCJKHHOXFKFRP-UHFFFAOYSA-N,CC(=O)NCCO,,0,med,1.0
XHXFXVLFKHQFAL-UHFFFAOYSA-N,O=P(Cl)(Cl)Cl,,0,med,1.0
JRTBBCBDKSRRCY-UHFFFAOYSA-N,CCC(C)(O)CCC=C(C)C,,0,med,1.0
OGLDWXZKYODSOB-UHFFFAOYSA-N,CC1=CCC(C(C)C)C=C1,,0,med,1.0
BOXVSFHSLKQLNZ-UHFFFAOYSA-K,Cl[Dy](Cl)Cl,,0,med,1.0
CLYAQFSQLQTVNO-UHFFFAOYSA-N,OCCCC1CCCCC1,,0,med,1.0
YGXCETJZBDTKRY-DZCVGBHJSA-N,CC[C@H]1NC(=O)[C@@H](NC(=O)c2ncccc2O)[C@@H](C)OC(=O)[C@H](c2ccccc2)NC(=O)[C@@H]2CC(=O)CCN2C(=O)[C@H](Cc2ccc(N(C)C)cc2)N(C)C(=O)[C@@H]2CCCN2C1=O,CHEMBL1256399,1,med,1.0
KUBCEEMXQZUPDQ-UHFFFAOYSA-N,CN(C)CCc1ccc(O)cc1,,0,med,1.0
JFRLWWDJCFYFSU-UHFFFAOYSA-N,CN(C)CCCC1c2ccccc2Nc2ccc(Cl)cc21,Clomacran,1,med,1.0
LYGJENNIWJXYER-UHFFFAOYSA-N,C[N+](=O)[O-],,1,med,1.0
GZIZSEZACLNKGZ-UHFFFAOYSA-N,CCCCCCCCCCOCC(O)CN,,0,med,1.0
RRSJHXGJAMBCDJ-UHFFFAOYSA-N,Cc1ccc(-c2noc(-c3cccc(OCC4CCN(Cc5cccc(F)c5)CC4)c3)n2)cn1,CHEMBL5278087,0,med,1.0
UZZYXUGECOQHPU-UHFFFAOYSA-N,CCCCCCCCOS(=O)(=O)O,,0,med,1.0
WFJIVOKAWHGMBH-UHFFFAOYSA-N,CCCCCCc1ccc(O)cc1O,ACRISORCIN,1,med,1.0
GXMWLJKTGBZMBH-UHFFFAOYSA-N,O=C(O)Cc1ccc(Cl)cc1Cl,,0,med,1.0
CSMSQWRDDWOVOS-QNDFHXLGSA-N,CO[C@@H]1C(C=O)=CC[C@@H]2C3=C(C(C)C)CC[C@]3(C)CC[C@@]2(C)[C@H]1O,CHEMBL3770046,0,med,1.0
IWWWBRIIGAXLCJ-KRUMMXJUSA-N,CC/N=c1/cc2oc3cc(NCC)c(C)cc3c(-c3ccccc3C(=O)OCC)c-2cc1C,,1,med,1.0
MSOTUIWEAQEETA-UHFFFAOYSA-N,CCCCCCCCc1ccc(S(=O)(=O)O)cc1,,0,med,1.0
SMQUZDBALVYZAC-UHFFFAOYSA-N,O=Cc1ccccc1O,,0,med,1.0
RYWSYCQQUDFMAU-UHFFFAOYSA-N,CC(=O)Oc1cc(C)c(OC(C)=O)c2ccccc12,,1,med,1.0
LUKBXSAWLPMMSZ-OWOJBTEDSA-N,Oc1ccc(/C=C/c2cc(O)cc(O)c2)cc1,Resveratrol,1,high,2.0
SYCHUQUJURZQMO-UHFFFAOYSA-N,CN1C(C(=O)Nc2nccs2)=C(O)c2ccccc2S1(=O)=O,CHEMBL20634,1,med,1.0
SLVMESMUVMCQIY-UHFFFAOYSA-N,CN1CCCCC1CCN1c2ccccc2Sc2ccc([S+](C)[O-])cc21,Mesoridazine besylate,1,high,2.0
RWNKSTSCBHKHTB-UHFFFAOYSA-N,ClC(Cl)=C(Cl)C(Cl)=C(Cl)Cl,,0,med,1.0
VHTFHZGAMYUZEP-UHFFFAOYSA-N,CC1=C(CC=O)C(C)(C)CCC1,,0,med,1.0
NJDRXTDGYFKORP-LLVKDONJSA-N,C[C@H]1NCc2cc(-c3ccc4c(=O)c(C(=O)O)cn(C5CC5)c4c3OC(F)F)ccc21,GARENOXACIN,0,med,1.0
DSLZVSRJTYRBFB-DUHBMQHGSA-N,O=C(O)[C@@H](O)[C@H](O)[C@H](O)[C@@H](O)C(=O)O,,0,med,1.0
DGFTWBUZRHAHTH-UHFFFAOYSA-N,CCCCCc1ccc(N)cc1,,0,med,1.0
FKZXVOQEYXOXAD-PECGGXDUSA-N,CC[C@H](C)COC(=O)/C=C/c1ccc(/N=C/c2ccc(OC)cc2)cc1,,0,med,1.0
GHMLBKRAJCXXBS-UHFFFAOYSA-N,Oc1cccc(O)c1,resorcinol,0,med,1.0
KXGVEGMKQFWNSR-LLQZFEROSA-N,C[C@H](CCC(=O)O)[C@H]1CC[C@H]2[C@@H]3CC[C@@H]4C[C@H](O)CC[C@]4(C)[C@H]3C[C@H](O)[C@]12C,DEOXYCHOLIC ACID,0,med,1.0
OSDLLIBGSJNGJE-UHFFFAOYSA-N,Cc1cc(O)cc(C)c1Cl,chloroxylenol,1,med,1.0
YYTSGNJTASLUOY-UHFFFAOYSA-N,CC(O)CCl,,0,med,1.0
PGAUJQOPTMSERF-QWQRBHLCSA-N,CC(=O)O[C@H]1CC[C@H]2[C@@H]3CC[C@H]4CC(=O)C=C(C)[C@]4(C)[C@H]3CC[C@]12C,CHEMBL2106880,1,med,1.0
JSTCPNFNKICNNO-UHFFFAOYSA-N,O=Nc1ccc(O)cc1,,1,med,1.0
QRIMLDXJAPZHJE-UHFFFAOYSA-N,C=C(C)C(=O)OCC(O)CO,,0,med,1.0
AMEKQAFGQBKLKX-UHFFFAOYSA-N,CC1=C(C(=O)Nc2ccccc2)S(=O)(=O)CCO1,,1,med,1.0
VYKKDKFTDMVOBU-UHFFFAOYSA-N,O=C(Nc1cccc(C(F)(F)F)c1)c1cc(Br)cc(Br)c1O,flusalan,1,med,1.0
JMBQKKAJIKAWKF-UHFFFAOYSA-N,CCC1(c2ccccc2)CCC(=O)NC1=O,GLUTETHIMIDE,0,med,1.0
IRJQWZWMQCVOLA-DNTJNYDQSA-N,C/C(=N\NC(=O)Nc1cc(F)cc(F)c1)c1ncccc1C(=O)O,,0,med,1.0
GJJSUPSPZIZYPM-UHFFFAOYSA-N,O=C1CCCCCCCCCCC(=O)OCCO1,,0,med,1.0
TVVXHFWWAYXBNC-UHFFFAOYSA-N,COc1ccc2sc(C(=O)Nc3nnn[nH]3)c(OC(C)C)c2c1,,0,med,1.0
VDUWPHTZYNWKRN-UHFFFAOYSA-N,CCn1nc(C(=O)O)c(=O)c2cc3c(cc21)OCO3,CINOXACIN,0,med,1.0
YEBCRAVYUWNFQT-UHFFFAOYSA-N,COc1cccc2sc(N)nc12,,1,med,1.0
QPRQEDXDYOZYLA-UHFFFAOYSA-N,CCC(C)CO,,1,med,1.0
TZJLGGWGVLADDN-UHFFFAOYSA-N,CC(=O)CCc1ccc2c(c1)OCO2,,0,med,1.0
OJSUENRPBJADBN-KJTFKGMVSA-N,CC[C@H](C)[C@@H]([C@@H](CC(=O)N1CCC[C@H]1[C@H](OC)[C@@H](C)C(=O)N[C@@H](Cc1ccccc1)c1nccs1)OC)N(C)C(=O)[C@@H](NC(=O)[C@H]([C@@H](C)CC)N(C)C)C(C)C,CHEMBL501233,1,med,1.0
LDHQCZJRKDOVOX-UHFFFAOYSA-N,CC=CC(=O)O,,0,med,1.0
QZXATCCPQKOEIH-UHFFFAOYSA-N,COc1ncc(F)c2nc(S(=O)(=O)Nc3c(F)cccc3F)nn12,Florasulam,0,med,1.0
BPZSYCZIITTYBL-ORAYPTAESA-N,COc1ccc(C[C@H](C)NC[C@@H](O)c2ccc(O)c(NC=O)c2)cc1,,0,med,1.0
GJPICJJJRGTNOD-UHFFFAOYSA-N,COc1ccccc1Oc1c(NS(=O)(=O)c2ccc(C(C)(C)C)cc2)nc(-c2ncccn2)nc1OCCO,Bosentan,1,high,2.0
DHSSDEDRBUKTQY-UHFFFAOYSA-N,C=CCN1CCc2nc(N)sc2CC1,talipexole,0,med,1.0
CKAPSXZOOQJIBF-UHFFFAOYSA-N,Clc1c(Cl)c(Cl)c(Cl)c(Cl)c1Cl,,0,med,1.0
ZBPLOVFIXSTCRZ-UHFFFAOYSA-N,Nc1c(CC(=O)O)cccc1C(=O)c1ccc(Br)cc1,Bromfenac sodium,0,med,1.0
FGXWKSZFVQUSTL-UHFFFAOYSA-N,O=c1[nH]c2ccccc2n1CCCN1CCC(n2c(=O)[nH]c3cc(Cl)ccc32)CC1,domperidone,1,high,2.0
SERLAGPUMNYUCK-DCUALPFSSA-N,OC[C@@H](O)[C@@H](O)[C@H](O)[C@H](O)CO[C@H]1O[C@H](CO)[C@@H](O)[C@H](O)[C@H]1O,,0,med,1.0
GQEZCXVZFLOKMC-UHFFFAOYSA-N,C=CCCCCCCCCCCCCCC,,0,med,1.0
HHBZZTKMMLDNDN-UHFFFAOYSA-N,CCC(C)OC(C)CC,,0,med,1.0
DZSVIVLGBJKQAP-UHFFFAOYSA-N,CCC(=O)C1CC(C(C)C)CC=C1C,,0,med,1.0
VKNUORWMCINMRB-UHFFFAOYSA-N,CCOC(=O)CC(O)C(=O)OCC,,0,med,1.0
VEPUKHYQNXSSKV-UHFFFAOYSA-N,CC(=O)c1ccc2c(c1)CCCC2,,0,med,1.0
AWJUIBRHMBBTKR-UHFFFAOYSA-N,c1ccc2cnccc2c1,Isoquinoline,0,med,1.0
BVUXDWXKPROUDO-UHFFFAOYSA-N,CCc1cc(C(C)(C)C)c(O)c(C(C)(C)C)c1,,0,med,1.0
QLHULAHOXSSASE-UHFFFAOYSA-N,CCC(C)OC(=O)N1CCCCC1CCO,Icaridin,0,med,1.0
ATCGGEJZONJOCL-UHFFFAOYSA-N,Nc1nc(N)nc(-c2cc(Cl)ccc2Cl)n1,irsogladine,0,med,1.0
UUQHKWMIDYRWHH-UHFFFAOYSA-N,COC(=O)c1c(C)cc(O)c(C)c1O,,1,med,1.0
OGLDWXZKYODSOB-SNVBAGLBSA-N,CC1=CC[C@H](C(C)C)C=C1,,0,med,1.0
YYGNTYWPHWGJRM-AAJYLUCBSA-N,CC(C)=CCC/C(C)=C/CC/C(C)=C/CC/C=C(\C)CC/C=C(\C)CCC=C(C)C,Squalene,0,med,1.0
IQVNEKKDSLOHHK-FNCQTZNRSA-N,CC1(C)CNC(=NN=C(/C=C/c2ccc(C(F)(F)F)cc2)/C=C/c2ccc(C(F)(F)F)cc2)NC1,,1,med,1.0
LPMBTLLQQJBUOO-KTKRTIGZSA-N,CCCCCCCC/C=C\CCCCCCCC(=O)N(CCO)CCO,,0,med,1.0
HIFGQHGWMTZMOH-UHFFFAOYSA-N,NS(=O)(=O)c1ccccc1OC(F)(F)F,,0,med,1.0
MECHNRXZTMCUDQ-RKHKHRCZSA-N,C=C1CC[C@H](O)C/C1=C/C=C1\CCC[C@]2(C)[C@@H]([C@H](C)/C=C/[C@H](C)C(C)C)CC[C@@H]12,ERGOCALCIFEROL,1,med,1.0
DEQITUUQPICUMR-HJPBWRTMSA-N,CC(C)[C@@]1(NC(=O)[C@@H]2C[C@@H]3c4cccc5[nH]cc(c45)C[C@H]3N(C)C2)O[C@@]2(O)[C@@H]3CCCN3C(=O)[C@H](Cc3ccccc3)N2C1=O,ERGOLOID MESYLATES,0,med,1.0
JHBWYQRKOUBPCA-UHFFFAOYSA-N,COc1ccc2nc(NC(=O)Nc3ccccc3)sc2c1,CHEMBL128988,1,high,2.0
XHCADAYNFIFUHF-TVKJYDDYSA-N,O=c1ccc2cc(O[C@@H]3O[C@H](CO)[C@@H](O)[C@H](O)[C@H]3O)c(O)cc2o1,Esculin,1,med,1.0
HUMNYLRZRPPJDN-UHFFFAOYSA-N,O=Cc1ccccc1,,0,med,1.0
KAWAAIPKEIBWBP-UHFFFAOYSA-M,Cl[Bi+2],,0,med,1.0
AAIBYZBZXNWTPP-UHFFFAOYSA-N,OC1CCCCC1c1ccccc1,,0,med,1.0
WCHRNAKORAINOJ-UHFFFAOYSA-N,CC(C)SCc1ccco1,,0,med,1.0
QAGYKUNXZHXKMR-HKWSIXNMSA-N,Cc1c(O)cccc1C(=O)N[C@@H](CSc1ccccc1)[C@H](O)CN1C[C@H]2CCCC[C@H]2C[C@H]1C(=O)NC(C)(C)C,Drug 938,1,med,1.0
VVXLFFIFNVKFBD-UHFFFAOYSA-N,O=C(CC(=O)C(F)(F)F)c1ccccc1,,1,med,1.0
HOVAGTYPODGVJG-ZFYZTMLRSA-N,CO[C@H]1O[C@H](CO)[C@@H](O)[C@H](O)[C@H]1O,,0,med,1.0
WZMQMKNCWDCCMT-UHFFFAOYSA-N,O=c1[nH]c2cc(C(F)(F)F)c(N3CCOCC3)cc2n(CP(=O)(O)O)c1=O,Fanapanel,0,med,1.0
YICAMJWHIUMFDI-UHFFFAOYSA-N,CC(=O)Nc1ccc(C)cc1,,0,med,1.0
SHYBXXMECBHHFH-UHFFFAOYSA-N,O=Cc1c2ccccc2c(Cl)c2ccccc12,,1,med,1.0
JWPGJSVJDAJRLW-UHFFFAOYSA-N,N=C(N)N1CCc2ccccc2C1,debrisoquine,0,med,1.0
SFLSHLFXELFNJZ-QMMMGPOBSA-N,NC[C@H](O)c1ccc(O)c(O)c1,NOREPINEPHRINE,0,med,1.0
LKJPYSCBVHEWIU-KRWDZBQOSA-N,C[C@](O)(CS(=O)(=O)c1ccc(F)cc1)C(=O)Nc1ccc(C#N)c(C(F)(F)F)c1,(R)-Bicalutamide,1,med,1.0
VONWPEXRCLHKRJ-UHFFFAOYSA-N,O=C(CCl)Nc1ccccc1,,1,med,1.0
HFNGYHHRRMSKEU-UHFFFAOYSA-N,COc1ccc(COC(C)=O)cc1,,0,med,1.0
ZHUWXKIPGGZNJW-UHFFFAOYSA-N,CC(C)CCCCCOC(=O)CCS,,0,med,1.0
QWJNFFYFEKXZBF-UHFFFAOYSA-N,N#CNC#N,,0,med,1.0
CJAOGUFAAWZWNI-UHFFFAOYSA-N,CN(C)c1ccc(N(C)C)cc1,,1,med,1.0
BHIGPVGNEXDQBL-UHFFFAOYSA-N,CCCC[n+]1ccccc1C,,1,med,1.0
IBVDLVUXSDSVQF-UHFFFAOYSA-N,CCCCCCC1CCOC1=O,,0,med,1.0
ISAVYTVYFVQUDY-UHFFFAOYSA-N,CC(C)(C)CC(C)(C)c1ccc(O)cc1,Drug 688,1,med,1.0
BIUUTLHYFPFWRB-UHFFFAOYSA-N,CC(C)C[P+](C)(CC(C)C)CC(C)C,,0,med,1.0
WYDUSKDSKCASEF-UHFFFAOYSA-N,OC(CCN1CCCC1)(c1ccccc1)C1CCCCC1,PROCYCLIDINE,0,med,1.0
GRWFGVWFFZKLTI-RKDXNWHRSA-N,CC1=CC[C@@H]2C[C@H]1C2(C)C,,0,med,1.0
AFLFKFHDSCQHOL-IZZDOVSWSA-N,CSc1ccc(C(=O)/C=C/c2cc(C)c(OC(C)(C)C(=O)O)c(C)c2)cc1,ELAFIBRANOR,1,med,1.0
AMGKHLVPQHMHGQ-ZYHUDNBSSA-N,CS(=O)(=O)c1ccc([C@@H](O)[C@@H](COC(=O)CN)NC(=O)C(Cl)Cl)cc1,thiamphenicol glycinate,0,med,1.0
XDXWLKQMMKQXPV-HPNDGRJYSA-N,CC1=NN(c2ccc(C)c(C)c2)C(=O)/C1=N/Nc1cccc(-c2cccc(C(=O)O)c2)c1O,,1,med,1.0
OJVAMHKKJGICOG-UHFFFAOYSA-N,CC(=O)CCC(C)=O,,0,med,1.0
IUJLOAKJZQBENM-UHFFFAOYSA-N,CC(C)(C)NSc1nc2ccccc2s1,,1,med,1.0
JVTZFYYHCGSXJV-UHFFFAOYSA-N,COc1ccc(C=O)cc1O,,0,med,1.0
JRNVZBWKYDBUCA-UHFFFAOYSA-N,O=C1CCC(=O)N1Cl,,0,med,1.0
BACHBFVBHLGWSL-UHFFFAOYSA-N,COC(=O)C(C)Oc1ccc(Oc2ccc(Cl)cc2Cl)cc1,Diclofop-methyl,0,med,1.0
CERQOIWHTDAKMF-UHFFFAOYSA-N,C=C(C)C(=O)O,,0,med,1.0
MTKNDAQYHASLID-QXYWQCSFSA-N,C[C@]12CC[C@@H]3c4ccc(O)cc4CC[C@H]3[C@@H]1CC[C@@H]2O[C@@H]1O[C@H](C(=O)O)[C@@H](O)[C@H](O)[C@H]1O,CHEMBL1697724,1,med,1.0
JRESZLRLRZIQBU-INIZCTEOSA-N,COc1nc(-c2nc3n(n2)CCC[C@H]3c2ccccc2C(F)(F)F)ccc1-n1cnc(C)c1,CHEMBL2415099,0,med,1.0
DSNHSQKRULAAEI-UHFFFAOYSA-N,CCc1ccc(CC)cc1,,0,med,1.0
UMUPQWIGCOZEOY-JOCHJYFZSA-N,CC(C)(N)C(=O)N[C@H](COCc1ccccc1)C(=O)N1CCC2(CC1)CN(S(C)(=O)=O)c1ccccc12,CHEMBL13817,1,med,1.0
IEJXVRYNEISIKR-UHFFFAOYSA-N,Nc1cc(Cl)c(N=C2NCCN2)c(Cl)c1,APRACLONIDINE,0,med,1.0
ZOZKYEHVNDEUCO-XUTVFYLZSA-N,CC(=O)O[C@@H]1C(=O)O[C@@H]2[C@H]1OC(=O)[C@@H]2OC(C)=O,,1,med,1.0
CFQNYMABKIHTOD-RNYITTTKSA-N,C=C1C(=O)[C@]23[C@H](O)[C@H]1CC[C@H]2[C@]12C=CCC(C)(C)[C@H]1[C@H](O)[C@]3(O)OC2,CHEMBL4072115,0,med,1.0
XRHGYUZYPHTUJZ-UHFFFAOYSA-N,O=C(O)c1ccc(Cl)cc1,4-Chlorobenzoic Acid,0,med,1.0
KNDQHSIWLOJIGP-UHFFFAOYSA-N,O=C1OC(=O)C2C3C=CC(C3)C12,,0,med,1.0
ADGGYDAFIHSYFI-UHFFFAOYSA-N,Nc1cc(C(F)(F)F)c(-c2nc(N3CCOCC3)nc(N3CCOCC3)n2)cn1,Bimiralisib,0,med,1.0
FPZWZCWUIYYYBU-UHFFFAOYSA-N,CCOCCOCCOC(C)=O,,0,med,1.0
IRPXADUBAQAOKL-DQRAZIAOSA-N,O=S(=O)(O)c1ccc2c(/N=N\c3ccc(S(=O)(=O)O)c4ccccc34)c(O)c(S(=O)(=O)O)cc2c1,,0,med,1.0
UCJGJABZCDBEDK-UHFFFAOYSA-N,Cc1c(-c2ccc(O)cc2)n(Cc2ccc(OCCN3CCCCCC3)cc2)c2ccc(O)cc12,BAZEDOXIFENE,1,med,1.0
NAPNOSFRRMHNBJ-UHFFFAOYSA-N,Nc1ncnc2c1ncn2Cc1c(F)cccc1Cl,,0,med,1.0
KJWHJDGMOQJLGF-UHFFFAOYSA-N,CCCCCCCCCCCCSC,,0,med,1.0
PORQOHRXAJJKGK-UHFFFAOYSA-N,CCCCCCCCn1sc(Cl)c(Cl)c1=O,,1,med,1.0
XSRKSYJPVZRDTR-UHFFFAOYSA-N,Fc1cc(F)cc(-c2cc3nc4ccccc4nc3s2)c1,CHEMBL3330075,0,med,1.0
BKQICAFAUMRYLZ-UHFFFAOYSA-N,CCCC(C)C(O)CC,,0,med,1.0
RADIRXJQODWKGQ-HYXAFXHYSA-N,C/C=C\c1ccc(OCC)c(O)c1,,0,med,1.0
AUWDOZOUJWEPBA-UHFFFAOYSA-N,COc1ccc(CCO)cc1,,0,med,1.0
YIIMEMSDCNDGTB-UHFFFAOYSA-N,CN(C)C(=O)Cl,,0,med,1.0
LMBMDLOSPKIWAP-UHFFFAOYSA-N,CCC(CC)(CNC(=O)CCCO)c1cccc(OC)c1,Embutramide,0,med,1.0
NDVMOVOEROCRIO-SFHVURJKSA-N,CNc1nc(Nc2ccc(-n3cnc(C)n3)c(OC)c2)nc2c1CC[C@H]2c1ccc(F)cc1,CHEMBL4209316,0,med,1.0
DUHUCHOQIDJXAT-OLVMNOGESA-N,CC(=O)[C@H]1CC[C@H]2[C@@H]3CC[C@H]4C[C@H](O)CC[C@]4(C)[C@H]3C(=O)C[C@]12C,alfaxalone,0,med,1.0
MEIRRNXMZYDVDW-MQQKCMAXSA-N,C/C=C/C=C/CO,,0,med,1.0
QCUPYFTWJOZAOB-HYXAFXHYSA-N,C/C=C(/CC)C(=O)NC(N)=O,ectylurea,1,med,1.0
MXXWOMGUGJBKIW-YPCIICBESA-N,O=C(/C=C/C=C/c1ccc2c(c1)OCO2)N1CCCCC1,Piperine,1,med,1.0
CYDMQBQPVICBEU-XRNKAMNCSA-N,CN(C)[C@@H]1C(O)=C(C(N)=O)C(=O)[C@@]2(O)C(O)=C3C(=O)c4c(O)ccc(Cl)c4[C@@](C)(O)[C@H]3C[C@@H]12,CHLORTETRACYCLINE,1,med,1.0
LUBJCRLGQSPQNN-UHFFFAOYSA-N,NC(=O)Nc1ccccc1,,0,med,1.0
NHEVNUARLCWEED-UHFFFAOYSA-N,Oc1ccc(O)c2c(O)cccc12,,1,med,1.0
UHGULLIUJBCTEF-UHFFFAOYSA-N,Nc1nc2ccccc2s1,,1,med,1.0
GFMMXOIFOQCCGU-UHFFFAOYSA-N,O=C(NOCC1CC1)c1ccc(F)c(F)c1Nc1ccc(I)cc1Cl,Ci-1040,1,med,1.0
VDQZABQVXYELSI-UHFFFAOYSA-N,CCC(C)(C)C1CCC(O)CC1,,0,med,1.0
AMRQXHFXNZFDCH-UHFFFAOYSA-N,CCNC(=O)C(C)OC(=O)Nc1ccccc1,,0,med,1.0
DFTNCGRDYHINDS-UHFFFAOYSA-N,Cc1sccc1Br,,0,med,1.0
GJQPMPFPNINLKP-UHFFFAOYSA-N,NS(=O)(=O)c1cc(Cl)c(Cl)c(S(N)(=O)=O)c1,DICHLORPHENAMIDE,0,med,1.0
IUJDSEJGGMCXSG-UHFFFAOYSA-N,CCCC(C)C1(CC)C(=O)NC(=S)NC1=O,THIOPENTAL,1,high,2.0
XQDQRCRASHAZBA-UHFFFAOYSA-N,N#CSc1ccc([N+](=O)[O-])cc1[N+](=O)[O-],,1,med,1.0
OFKAVNQBCRJBJE-UHFFFAOYSA-N,CC(C)(C)c1n[nH]c(=S)n(N)c1=O,,0,med,1.0
PUAQLLVFLMYYJJ-SSDOTTSWSA-N,C[C@@H](N)C(=O)c1ccccc1,,0,med,1.0
ALIVXCSEERJYHU-UHFFFAOYSA-N,CC(=O)OC(C)OC(=O)C(C)c1ccc(-c2ccccc2)c(F)c1,flurbiprofen axetil,0,med,1.0
OVCDSSHSILBFBN-UHFFFAOYSA-N,CCN(CC)Cc1cc(Nc2ccnc3cc(Cl)ccc23)ccc1O,AMODIAQUINE,1,high,2.0
POSWICCRDBKBMH-UHFFFAOYSA-N,CC1CC(=O)CC(C)(C)C1,,0,med,1.0
YLDDCEXDGNXCIO-UHFFFAOYSA-N,CCOc1ccc2c(c1)C(C)CC(C)(C)N2,,1,med,1.0
LEVWYRKDKASIDU-IMJSIDKUSA-N,N[C@@H](CSSC[C@H](N)C(=O)O)C(=O)O,cystine,0,med,1.0
KZNIFHPLKGYRTM-UHFFFAOYSA-N,O=c1cc(-c2ccc(O)cc2)oc2cc(O)cc(O)c12,Apigenin,1,med,1.0
FIHJKUPKCHIPAT-AHRXUNLISA-N,C[C@H]1[C@H](OC(=O)CCC(=O)O)O[C@@H]2O[C@]3(C)CC[C@H]4[C@H](C)CC[C@@H]1C24OO3,,0,med,1.0
UNBMPKNTYKDYCG-UHFFFAOYSA-N,CC(C)CC(C)N,,0,med,1.0
MUXFZBHBYYYLTH-UHFFFAOYSA-N,CC(C(=O)O)c1ccc2c(c1)CC(=O)c1ccccc1S2,zaltoprofen,0,med,1.0
UOWZUVNAGUAEQC-UHFFFAOYSA-N,O=C(O)Cc1cc(I)c(Oc2ccc(O)c(I)c2)c(I)c1,tiratricol,1,med,1.0
HZSAJDVWZRBGIF-UHFFFAOYSA-O,Cc1ncc(C[n+]2csc(CCOP(=O)(O)O)c2C)c(N)n1,,0,med,1.0
XSCHRSMBECNVNS-UHFFFAOYSA-N,c1ccc2nccnc2c1,,0,med,1.0
BQPIGGFYSBELGY-UHFFFAOYSA-N,[Hg+2],,1,med,1.0
AQHHHDLHHXJYJD-UHFFFAOYSA-N,CC(C)NCC(O)COc1cccc2ccccc12,PROPRANOLOL,1,high,2.0
PLBHSZGDDKCEHR-LFYFAGGJSA-N,CC(=O)OCC(=O)[C@@]1(O)CC[C@H]2[C@@H]3C[C@H](C)C4=CC(=O)C=C[C@]4(C)[C@H]3[C@@H](O)C[C@@]21C,Methylprednisolone Acetate,0,med,1.0
BXWNKGSJHAJOGX-UHFFFAOYSA-N,CCCCCCCCCCCCCCCCO,CETYL ALCOHOL,1,med,1.0
HBULKUDERNWOBN-UHFFFAOYSA-N,O=C(O)CNC(=O)c1ccc(CO)o1,,0,med,1.0
TZIHFWKZFHZASV-UHFFFAOYSA-N,COC=O,,0,med,1.0
WEEYMMXMBFJUAI-UHFFFAOYSA-N,c1ccc(CCNc2nc(-c3ccccc3)cs2)cc1,,1,med,1.0
WLHCBQAPPJAULW-UHFFFAOYSA-N,Cc1ccc(S)cc1,,0,med,1.0
PSILZZNMGXTOOP-UHFFFAOYSA-N,CC(C)(C)c1csc(-c2cc3cc(OCc4ccccc4CC(=O)O)ccc3o2)n1,,1,med,1.0
YLJREFDVOIBQDA-UHFFFAOYSA-N,Nc1c2c(nc3ccccc13)CCCC2,TACRINE,1,high,2.0
ZEHYJZXQEQOSON-WAYWQWQTSA-N,C#CC(O)(/C=C\Cl)CC,,0,med,1.0
XZZNDPSIHUTMOC-UHFFFAOYSA-N,O=P(Oc1ccccc1)(Oc1ccccc1)Oc1ccccc1,,1,med,1.0
TWQWRHIQRAZHPR-XNXCGYEVSA-N,C[C@@H]1C[C@H]2[C@@H]3CCC4=CC(=O)C=C[C@]4(C)[C@@]3(F)[C@@H](O)C[C@]2(C)[C@@]1(O)C(=O)COC(=O)c1cccc(S(=O)(=O)O)c1,"(11beta,16alpha)-9-Fluoro-11,17-dihydroxy-16-methyl-21-((3-sulfobenzoyl)oxy)pregna-1,4-diene-3,20-dione",0,med,1.0
XFDJYSQDBULQSI-UHFFFAOYSA-N,CCN1CC(CCN2CCOCC2)C(c2ccccc2)(c2ccccc2)C1=O,DOXAPRAM,0,med,1.0
YMWOPQJRHAGOAC-MBTHVWNTSA-N,COc1ccc(-c2cc(-c3ccc(Cl)cc3)nc(NC(=O)N/N=C\c3ccc([N+](=O)[O-])cc3)n2)cc1OC,CHEMBL1165167,0,med,1.0
JPOUJDLGAPEXAN-UHFFFAOYSA-N,COCCOCC(OC)OC,,0,med,1.0
NLDGJRWPPOSWLC-UHFFFAOYSA-N,C=CCCCCCCC=C,,1,med,1.0
NALZTFARIYUCBY-UHFFFAOYSA-N,CCCC[N+](=O)[O-],,0,med,1.0
WYWIFABBXFUGLM-UHFFFAOYSA-N,Cc1cc(C(C)(C)C)c(O)c(C)c1CC1=NCCN1,OXYMETAZOLINE,0,med,1.0
IUGYQRQAERSCNH-UHFFFAOYSA-N,CC(C)(C)C(=O)O,,0,med,1.0
VRBKIVRKKCLPHA-UHFFFAOYSA-N,CCc1nn(CCCN2CCN(c3cccc(Cl)c3)CC2)c(=O)n1CCOc1ccccc1,Nefazodone hydrochloride,0,med,1.0
BSPCSKHALVHRSR-UHFFFAOYSA-N,CCC(C)Cl,,0,med,1.0
SEBIKDIMAPSUBY-RTJKDTQDSA-N,CC(/C=C/C=C(\C)C(=O)O[C@@H]1O[C@H](CO[C@@H]2O[C@H](CO)[C@@H](O)[C@H](O)[C@H]2O)[C@@H](O)[C@H](O)[C@H]1O)=C\C=C\C=C(C)\C=C\C=C(/C)C(=O)O[C@@H]1O[C@H](CO[C@@H]2O[C@H](CO)[C@@H](O)[C@H](O)[C@H]2O)[C@@H](O)[C@H](O)[C@H]1O,Crocin,0,med,1.0
NNYBQONXHNTVIJ-UHFFFAOYSA-N,CCc1cccc2c3c([nH]c12)C(CC)(CC(=O)O)OCC3,Etodolac,1,med,1.0
AAXVEMMRQDVLJB-BULBTXNYSA-N,C[C@]12CCC(=O)C=C1CC[C@H]1[C@@H]3CC[C@](O)(C(=O)CO)[C@@]3(C)C[C@H](O)[C@@]12F,Fludrocortisone,0,med,1.0
HHJIUUAMYGBVSD-YTFFSALGSA-N,CCCCC(=O)OCC(=O)[C@H]1[C@H](C)C[C@H]2[C@@H]3C[C@H](F)C4=CC(=O)C=C[C@]4(C)[C@@]3(F)[C@@H](O)C[C@@]21C,,0,med,1.0
UOACKFBJUYNSLK-XRKIENNPSA-N,C[C@]12CC[C@@H]3c4ccc(O)cc4CC[C@H]3[C@@H]1CC[C@@H]2OC(=O)CCC1CCCC1,ESTRADIOL CYPIONATE,1,med,1.0
ALARQZQTBTVLJV-UHFFFAOYSA-N,CCC1(c2ccccc2)C(=O)NC(=O)N(C)C1=O,methylphenobarbital,0,med,1.0
GCDBEYOJCZLKMC-UHFFFAOYSA-N,O=C1c2ccccc2C(=O)c2cc(O)ccc21,,1,med,1.0
JDLMRGLOLRIGFM-UHFFFAOYSA-N,CCc1nc2ccc(Br)cc2c(=O)n1-c1nc2ccccc2s1,CHEMBL2035072,0,med,1.0
XPDORSROGAZEGY-UHFFFAOYSA-N,COc1ccc(COC=O)cc1,,0,med,1.0
MHKKFFHWMKEBDW-UHFFFAOYSA-N,COC(=O)C1CC(=O)C(C(=O)OC)CC1=O,,0,med,1.0
RKUQLAPSGZJLGP-UHFFFAOYSA-N,Cc1cccc(OCC(O)CNC(C)(C)C)c1C,xibenolol,0,med,1.0
PVXVWWANJIWJOO-UHFFFAOYSA-N,CCNC(C)Cc1ccc2c(c1)OCO2,Methylenedioxyethamphetamine,0,med,1.0
