inchi_key,exp2,cp_full,cp_nosider,cp_strict,rf_atompair,rf_avalon,rf_tt,da_rf_atompair,cb_atompair_da,cb_atompair_base,cb_tt_base,proba_final
RMMXTBMQSGEXHJ-UHFFFAOYSA-N,0.2363541522004131,0.44164610000000004,0.31094694,0.3704516,0.4630928469913132,0.4156999822134207,0.4866684021830908,0.4475656299234736,0.604460353218172,0.6642141773864529,0.7066495555029398,0.39237719054648873
RUXPNBWPIRDVTH-UHFFFAOYSA-N,0.6546050746949726,0.3915609,0.29604889999999995,0.476606,0.4523661968449174,0.5089311588081689,0.5112923824381582,0.4607722524085223,0.5171419424312645,0.6548804964313515,0.579822989058402,0.4741350804931967
LKCWBDHBTVXHDL-RMDFUYIESA-N,0.0789627552218073,0.711591,0.76414903,0.930704035,0.592351325864653,0.6962238248773452,0.4024156465401012,0.5742429649433721,0.8769696967502171,0.9545596482810612,0.6223663513991039,0.5250321151255223
MZKKJVZIFIQOPP-UHFFFAOYSA-M,0.0646715843342689,0.68064374,0.7107475400000001,0.61200237,0.2137576555449883,0.1157005947865791,0.2773220080686586,0.1848712208011992,0.2631698720977957,0.2672214843845532,0.4274125740703705,0.45512214736077505
WWXBHTZSYYGCSG-UHFFFAOYSA-N,0.2093427911839468,0.64120054,0.77740414,0.68114093,0.2598674113500971,0.2268386681141641,0.4241418873491521,0.2680162130888393,0.4661012565478409,0.3993273881757201,0.5255145325564354,0.5223090519839928
FPPNZSSZRUTDAP-UWFZAAFLSA-N,0.4188112655321077,0.48504543,0.54855376,0.71803385,0.8059353281333114,0.7728294062311941,0.7788919867409351,0.7591854540199223,0.8993498742809382,0.9200942745533688,0.841456104349267,0.552625443460016
OBZHEBDUNPOCJG-WBXJDKIVSA-N,0.036208562361832,0.6520905,0.68232512,0.86536369,0.1963347688921226,0.2043146897348403,0.1533232343385736,0.195261020867324,0.1012878034138515,0.0676819114363215,0.1582120803350106,0.3875759717365377
QTAOMKOIBXZKND-PPHPATTJSA-N,0.1761894416358683,0.72521985,0.78461385,0.69401717,0.5284067741252807,0.5604242801312919,0.5406561509168294,0.5380127394722467,0.6846813480200425,0.6237308475599224,0.3579849778382293,0.5185562931394986
GBFLZEXEOZUWRN-VKHMYHEASA-N,0.0301713981799838,0.72199243,0.807424,0.7635901700000001,0.1652732813595652,0.2950471438633282,0.1264401006346691,0.146197616120246,0.2087335174925994,0.3206809886327134,0.2022723555531766,0.4423329210670425
VDTNNGKXZGSZIP-UHFFFAOYSA-N,0.7764236254186857,0.5569521,0.44332229999999995,0.47833455,0.4707615220668039,0.6569549682703605,0.6321679874371177,0.5169029967437853,0.6273270782155027,0.5889297280660615,0.5840026978495256,0.591678960440741
OFZCIYFFPZCNJE-UHFFFAOYSA-N,0.2436598758474631,0.45200384000000005,0.31606566999999997,0.54698807,0.2550313114590888,0.1504144469103615,0.2837416371042557,0.2191261799312882,0.3921441927062492,0.3943897709648491,0.2645056921119114,0.3194031450777243
GKTWGGQPFAXNFI-HNNXBMFYSA-N,0.3309761858540384,0.5284120999999999,0.51731697,0.67961356,0.7435429702563833,0.7912517895994383,0.7136648750864815,0.7624336010610845,0.8633326355995548,0.853971551491822,0.793003662168224,0.520122539306541
XDDJGVMJFWAHJX-UHFFFAOYSA-N,0.9172014897926548,0.2467669,0.21187199999999995,0.35560673,0.6022050009692521,0.7674720569508726,0.6868352860066804,0.5811780754454593,0.8892305794315942,0.8621492970143911,0.6598964834693659,0.5089894311376626
OROGSEYTTFOCAN-DNJOTXNNSA-N,0.7918033078000283,0.6989026700000001,0.73048085,0.76040328,0.7459377051558264,0.6870040793712283,0.6532815754250015,0.7664026579583549,0.8414299510894874,0.806497989752785,0.718039467417429,0.7376578279677376
IAKHMKGGTNLKSZ-INIZCTEOSA-N,0.2551969860984337,0.6163498000000001,0.65726784,0.65087172,0.5818578914704031,0.5116596518219756,0.4705641334352167,0.6027044459010027,0.7391930403743933,0.7329119049204545,0.5869548797077995,0.5174926442853601
FSIRXIHZBIXHKT-MHTVFEQDSA-N,0.8686936960762918,0.5921024699999999,0.65240017,0.6913889,0.5144877137705475,0.7019343785222462,0.545144800069869,0.5101196017771482,0.7798952916533283,0.7749713517316055,0.617048365543854,0.6876633225099348
VLCYCQAOQCDTCN-UHFFFAOYSA-N,0.6322070467395277,0.35608273999999995,0.19010190000000005,0.5246648,0.2464735943678042,0.2578774030930809,0.3997078554945974,0.2736355205065823,0.2683146280846721,0.3352702167444012,0.4372954997826496,0.4007218723451702
MGQRRMONVLMKJL-KWJIQSIXSA-N,0.0835650373214891,0.6621117000000001,0.65910813,0.82360622,0.3680628839945319,0.3585654755655491,0.4442841913686358,0.3516676454191521,0.4085547800237066,0.3249490148310267,0.6226987728660252,0.47973788527145494
AURFZBICLPNKBZ-YZRLXODZSA-N,0.0171357453530533,0.7245813999999999,0.72592846,0.83315247,0.1245898396968481,0.1516102649535241,0.2003306954494874,0.101674282137162,0.2079230966325614,0.2075937390147536,0.3573954998086845,0.4420612273299215
PJWPNDMDCLXCOM-UHFFFAOYSA-N,0.6696446068683892,0.34167840000000005,0.27312844999999997,0.42811066,0.3073536220586667,0.3152343407756752,0.3150200164192802,0.3118777806865246,0.5189290217921113,0.6697985977121923,0.5108701583676816,0.4424231148241948
IDYZIJYBMGIQMJ-UHFFFAOYSA-N,0.7239459748362228,0.45874906000000004,0.37192020000000003,0.47533524000000005,0.5728124829254372,0.5529824091198409,0.5662258805098063,0.5614140418881689,0.646266450869137,0.6519047535182455,0.7086716846099518,0.5555961167394223
HFGZFHCWKKQGIS-NOZJJQNGSA-N,0.6592879585445193,0.76626281,0.75297149,0.6744802,0.2960101119134676,0.4019233509346264,0.5132432321509685,0.3313938154397458,0.5407346563074981,0.2672072260618742,0.5898880554891803,0.6873764901916768
QOIGKGMMAGJZNZ-UHFFFAOYSA-N,0.1352730974108914,0.3723563,0.25720674,0.40027546999999997,0.2502176619781588,0.2325737975954366,0.4023613685440671,0.2863658255651257,0.2119885693731169,0.2339784437624582,0.6169155831129621,0.31035792257746586
BJJXHLWLUDYTGC-ANULTFPQSA-N,0.0920765420926377,0.6972446400000001,0.76347756,0.74455586,0.3100922267214379,0.3186894412751477,0.2862742897499792,0.3417338193034243,0.3424230632869501,0.450376616230704,0.479672871171715,0.4923864208564648
GKQPCPXONLDCMU-CCEZHUSRSA-N,0.4700706617743402,0.24987674000000004,0.17446170000000005,0.38179266,0.3451510065829921,0.4568324445566341,0.5740051546770689,0.3012021683318424,0.5918046577703185,0.4933454132021334,0.3603119162954427,0.31616085464252786
XUCIJNAGGSZNQT-JHSLDZJXSA-N,0.0236932790745014,0.75180662,0.7877961,0.86336148,0.1299368214669009,0.1487041946647601,0.0749099806592864,0.1451433552556002,0.0227763469207329,0.0200553292867107,0.0894521545348985,0.42322744754832
PUDHBTGHUJUUFI-SCTWWAJVSA-N,0.584186646563139,0.6406837000000001,0.66206783,0.8188341100000001,0.9570426009475208,0.9332726702391916,0.8807695454923075,0.9585134395640592,0.9474095644379869,0.955993692200764,0.8762257870837358,0.6799373000596391
GRIXGZQULWMCLU-HUTAOCTPSA-L,0.134967174039091,0.46739739999999996,0.6242741,0.6774013999999999,0.1371435326779723,0.3627634904923829,0.2918816044283959,0.1337447677046827,0.167631208825899,0.1346628478992152,0.3441217384630927,0.38292354453185357
JZXRLKWWVNUZRB-UHFFFAOYSA-N,0.402519919179803,0.54741222,0.39700395,0.5066631699999999,0.2960824660351597,0.3710328673819357,0.3699985308719789,0.3012671658381222,0.6374541123085651,0.562838748768622,0.435994098844218,0.4394161807447645
DYKFCLLONBREIL-KVUCHLLUSA-N,0.2232807483266842,0.6005563700000001,0.67838266,0.71753526,0.5532950666359812,0.333097143945681,0.5082386626836883,0.5918464986022367,0.7960572984893558,0.817561721005499,0.6768093754407571,0.5238717180885861
ZFMITUMMTDLWHR-UHFFFAOYSA-N,0.2464793343031892,0.69459587,0.5003499,0.60030323,0.551861498110486,0.2726036659091379,0.5379737921426845,0.1889935974457517,0.220775820793024,0.6461854820076195,0.6959656759103936,0.5105420001313621
OJLOPKGSLYJEMD-URPKTTJQSA-N,0.8942537971197035,0.70532593,0.79481605,0.77928135,0.633969445325121,0.5833783559214251,0.5754136237776237,0.6232846446369686,0.7677723971604602,0.7850466701394281,0.6462369345966231,0.7696661565144249
MXWHMTNPTTVWDM-NXOFHUPFSA-N,0.2188177144683891,0.6835878799999999,0.75997274,0.64675108,0.2867309427213136,0.3590156598152101,0.3623487293027541,0.2659342378109733,0.185990894318115,0.2239861498490053,0.4404353523491802,0.5177247196906378
CPTIBDHUFVHUJK-NZYDNVMFSA-N,0.0570061582402979,0.60538802,0.6800049,0.74882618,0.206528165310438,0.2464703849584859,0.2816252272571661,0.1973180233151743,0.2319334131823386,0.1919444545980909,0.3642599158567787,0.41556794601435576
NRNCYVBFPDDJNE-UHFFFAOYSA-N,0.4648320314310164,0.32215819999999995,0.22142550000000005,0.36021745000000005,0.2823410866972714,0.2454223607314395,0.3298132451565148,0.2612952588620296,0.2648972224520355,0.4198212526882872,0.4364198854813399,0.3532076770119378
JGSARLDLIJGVTE-MBNYWOFBSA-N,0.3405941896232268,0.62908998,0.6404394,0.7217986599999999,0.8330099173424218,0.7256915876116463,0.732356402779113,0.828768040205398,0.908576675937484,0.8956748103722467,0.8405185616405277,0.5912471495186199
IZUPBVBPLAPZRR-UHFFFAOYSA-N,0.2399131633837048,0.29997949999999995,0.23207960000000005,0.3782116,0.2494260192879583,0.2603354154944538,0.3609964273584518,0.248636082372512,0.3032144406364937,0.3193798192844946,0.5465623288811768,0.30349117701734446
XIFVTSIIYVGRHJ-UHFFFAOYSA-N,0.7440248815840377,0.38420193999999996,0.2808853,0.33710872999999997,0.5575021558765932,0.4908346498883597,0.4903149015603609,0.5184223291986544,0.6080568124492508,0.6249658238512156,0.4004861481656429,0.46799769434826316
VOKSWYLNZZRQPF-CCKFTAQKSA-N,0.0760717547640816,0.6877481999999999,0.72903186,0.68851942,0.5454765467290157,0.4710753631898373,0.4781479922144129,0.5595654572399733,0.662074725087915,0.6246277367671678,0.5025622096323172,0.48906799185690736
LOUPRKONTZGTKE-LHHVKLHASA-N,0.8797213134710712,0.73261827,0.72724676,0.7432344,0.8665065637743251,0.8022794805042456,0.7577420038039219,0.8440495075747759,0.8540858616814151,0.7968914060381816,0.7875649616830511,0.7860741294127831
PPKJUHVNTMYXOD-PZGPJMECSA-N,0.0779774120513592,0.46990620000000005,0.61833856,0.81971478,0.3860987530175183,0.3422490631041485,0.4005163202900004,0.3901816821933084,0.5018386419768844,0.4104895072419002,0.0415551967512539,0.32610054821230905
WAOQONBSWFLFPE-VIFPVBQESA-N,0.0892672187224036,0.64737457,0.67878705,0.65254062,0.3511121184075083,0.2506396133665665,0.3692645975644189,0.4185399430942224,0.5395290392405824,0.4734238221733097,0.45401974039131,0.45461727946373165
MUMGGOZAMZWBJJ-DYKIIFRCSA-N,0.3063082093499884,0.73055157,0.74187168,0.78258248,0.6081569556192233,0.6662437874969453,0.6072438632681315,0.6282500532457022,0.7753569856026584,0.7440147952745715,0.6893400480785743,0.6016191805072731
OFVLGDICTFRJMM-WESIUVDSSA-N,0.0753129405896259,0.6402116,0.7146583799999999,0.75051925,0.4780320742215104,0.2132730799655479,0.4594175267685777,0.5123689642876307,0.7226517283966721,0.634051833678528,0.6206309837661288,0.4896992764714351
INQSMEFCAIHTJG-UHFFFAOYSA-N,0.1082945064103649,0.60899952,0.44315709999999997,0.44640374000000005,0.1804153192449724,0.262634343126943,0.2201584140919912,0.1863576951658349,0.2474283224778359,0.2231830294363365,0.2504396221910349,0.3489842214811256
SRVJKTDHMYAMHA-WUXMJOGZSA-N,0.1446407240378143,0.62176082,0.5710646500000001,0.55231023,0.3343404472073036,0.2192687712579875,0.4205408417685203,0.3086596338282656,0.5879991070299713,0.4912476652021495,0.4594393621857026,0.4363034870600896
JZRWCGZRTZMZEH-UHFFFAOYSA-N,0.2317144886355307,0.50481778,0.40421015000000005,0.5319697299999999,0.2908928534907237,0.242714978766585,0.2659751323655434,0.2379606950333208,0.3845833080753867,0.3615075715703184,0.3115154124896264,0.36103232302751415
OTVAEFIXJLOWRX-NXEZZACHSA-N,0.0332616513376616,0.5991342,0.7228577,0.6460231000000001,0.0892673075386323,0.1029489517616541,0.0766422702060527,0.099426502862646,0.0478648849160289,0.0571090853989666,0.3162732544625251,0.40532467646831444
BWBONKHPVHMQHE-UHFFFAOYSA-N,0.1507990559645489,0.45182730000000004,0.3433189,0.43189869999999997,0.3161597970123951,0.2599224901163198,0.3392981730408622,0.2719059139598745,0.2351955704287848,0.3087957281534636,0.2875667968770171,0.30628339475420796
HHJUWIANJFBDHT-ZVTSDNJWSA-N,0.7729656984575182,0.60768467,0.6548048,0.884750664,0.7629742459892802,0.8899447657660455,0.7720995928798963,0.7351530178854995,0.915769539480502,0.9319252517078336,0.8678342791347525,0.7149445677059498
GBABOYUKABKIAF-IELIFDKJSA-N,0.3905871139306707,0.5676911,0.64025435,0.88223753,0.7831071626568525,0.8987929939999321,0.8179762593169652,0.7780093665860354,0.9053195164172922,0.8995121136342981,0.8796540731889131,0.5954412897087261
ZXIBCJHYVWYIKI-PZJWPPBQSA-N,0.1747952629926654,0.6140968,0.70496225,0.74644274,0.6549161967436451,0.6135372486368862,0.5251894451385772,0.6364439148941587,0.8011875873533311,0.8139665749728849,0.610966461101963,0.513283758993855
WREGKURFCTUGRC-POYBYMJQSA-N,0.1625751074804609,0.75716662,0.78990464,0.6902381200000001,0.7989833403738021,0.7491376729825887,0.7229264747189189,0.8036565309787144,0.818452876652148,0.8370319034711414,0.6967217719791613,0.5883432514218248
UFLRJROFPAGRPN-UHFFFAOYSA-N,0.1222142249242315,0.43904699999999997,0.2932798,0.4756633,0.2815370638425754,0.2360293695927212,0.3799063892501405,0.2630566675715697,0.4157143847757736,0.4771368414414551,0.4997534913825929,0.3150064039856406
KBTNVJNLEFHBSO-UHFFFAOYSA-N,0.7004858620599274,0.4166018,0.35992754000000005,0.4488078,0.6904942590804994,0.6899943105541974,0.6083017042045568,0.7194623492932688,0.8433065926824462,0.875148102587928,0.7041566818451477,0.5384218258554481
UPALIKSFLSVKIS-UHFFFAOYSA-N,0.1989449042910401,0.47629489999999997,0.303088,0.42281880000000005,0.3571836039825515,0.2548135729086273,0.3100462420305073,0.4108461203514097,0.5189009690553245,0.5842044866455033,0.2293685831081654,0.30718198091326243
QJVHTELASVOWBE-AGNWQMPPSA-N,0.4703988905584277,0.6307259199999999,0.72934493,0.83337347,0.6652398470145028,0.6400546720441176,0.7263951076586519,0.6276395900930921,0.7183034541980502,0.6348715203501971,0.726379177726491,0.628502037506005
PUXBGTOOZJQSKH-UHFFFAOYSA-N,0.8952834696209507,0.37905829999999996,0.35562910000000003,0.44754859999999996,0.4697173885015214,0.3295395139465158,0.4188982950275809,0.4771599331320509,0.8033496293786931,0.7279725724885424,0.5484393857901555,0.5496235811940974
UIMOJFJSJSIGLV-JNHMLNOCSA-N,0.1957379645621673,0.5710341,0.63651782,0.79922576,0.343620880291488,0.4894748107829627,0.5427164783693508,0.3235987352733719,0.4890887270742105,0.6738441309492833,0.8373120856595672,0.5171397694178312
JYIKNQVWKBUSNH-WVDDFWQHSA-N,0.3659922426811676,0.5944611399999999,0.7113606,0.904344514,0.6761219220850921,0.7209809321126378,0.7757877903121245,0.6964464447313323,0.8740624451114506,0.8431760513829746,0.885147831200315,0.6111692706186445
RRYMAQUWDLIUPV-BXKDBHETSA-N,0.1615896675050893,0.44837682999999995,0.6514483,0.70928404,0.5278203991233362,0.6203701003684099,0.7689496804098657,0.5277313987461705,0.8508120628048961,0.6962959725233354,0.8360025615925984,0.4880275042269123
QYIYFLOTGYLRGG-GPCCPHFNSA-N,0.2988786579135864,0.5037130400000001,0.60209587,0.7288913,0.8362420763665388,0.8190280917612702,0.8688109312285903,0.848347232815194,0.908947535035328,0.8699884799129245,0.8983246942874532,0.5483034810384688
BOEGTKLJZSQCCD-UEKVPHQBSA-N,0.3473350173498707,0.58119243,0.7198659000000001,0.73785755,0.8461567058102367,0.8935437491681776,0.8415223709469097,0.8520799248405427,0.8977046554626041,0.9208229825380112,0.8755806445275814,0.6090738257842195
ZAIPMKNFIOOWCQ-UEKVPHQBSA-N,0.3545475062981406,0.58704013,0.721476,0.73101664,0.9034081206244547,0.9045526494446104,0.8877960236047691,0.9189306922878056,0.913255528578276,0.9048033239820604,0.916214318221023,0.6217144844893959
WZRJTRPJURQBRM-UHFFFAOYSA-N,0.1790889843544627,0.46082305999999995,0.49058044,0.4704482,0.3447504596303383,0.4143374375298789,0.3704864484932619,0.3315756795240667,0.438481871959488,0.4696590374702634,0.4120840139416177,0.3765029401064492
ZYGHJZDHTFUPRJ-UHFFFAOYSA-N,0.1034242759774258,0.6309991500000001,0.5361145,0.532616,0.1469063470724514,0.1553124081447751,0.2921732284062576,0.1266317075007597,0.2972952502333499,0.328396307952575,0.4074872951265595,0.40244570748252234
ZJKNESGOIKRXQY-UHFFFAOYSA-N,0.1968471671917646,0.6042157699999999,0.4631571,0.46307623,0.287114035040846,0.3257505294167768,0.2964042342421933,0.3108153188943749,0.5780571142999699,0.6206099225911221,0.4582418065316045,0.41540627584571604
CHNUOJQWGUIOLD-NFZZJPOKSA-N,0.1623861276506025,0.5867112299999999,0.71857733,0.5253519,0.3193360942781309,0.2286050617762769,0.2941854833606659,0.3296923427227088,0.5843254583727503,0.2715475759978433,0.1826026282312076,0.42546049941482955
AOJJSUZBOXZQNB-VTZDEGQISA-N,0.8035630192067421,0.6885455300000001,0.6912135500000001,0.78170311,0.9427213880491756,0.83114781951663,0.9004716580370353,0.9403623923709824,0.9606819242455006,0.9495501049811864,0.8761963727047732,0.7617077263273199
XCGSFFUVFURLIX-VFGNJEKYSA-N,0.2504889499111933,0.6663768,0.6829117499999999,0.75983831,0.2870180138104267,0.4517326816903026,0.4108826904263107,0.2830451987186114,0.4675305585962484,0.4829978323880591,0.2136610704043827,0.46626009304348487
ULGZDMOVFRHVEP-RWJQBGPGSA-N,0.8578463606902345,0.60863426,0.7039227800000001,0.87356117,0.9565206253961932,0.9639920980054164,0.9312443772606606,0.9483532875162716,0.9632370803733457,0.9661534321611176,0.8981689852597089,0.7645275033763914
LJQQFQHBKUKHIS-IIZLOWFNSA-N,0.0804012029058436,0.5085034399999999,0.65362254,0.913949914,0.412178620475071,0.3277268931055557,0.4300355396838609,0.3617298699375946,0.2637845886316995,0.3951323100878089,0.3788011073885332,0.4008406134746475
ZKUDBRCEOBOWLF-UHFFFAOYSA-N,0.3850983969709116,0.48751219999999995,0.3726345,0.48232186,0.4033111105987793,0.3782043331549516,0.5965103127999182,0.3479042880001728,0.6586080281198807,0.7547561685790727,0.6382281318358062,0.45071791699914854
BLCLNMBMMGCOAS-URPVMXJPSA-N,0.5290035846477562,0.58941072,0.64841008,0.91930289,0.4668011521395589,0.6173432126921695,0.6017003583470809,0.4639491125212164,0.307121044415537,0.3555253533443568,0.5874110256478701,0.5838719854325763
QBKSWRVVCFFDOT-UHFFFAOYSA-N,0.1717201884774891,0.40451055999999996,0.37142660000000005,0.5337934,0.3022030709373007,0.227318610747753,0.4640231041248389,0.2999236912148149,0.4469930873759661,0.2255960212253074,0.4116754362665906,0.32830472247298503
AIJTTZAVMXIJGM-UHFFFAOYSA-N,0.9258577768442996,0.28410519999999995,0.18789659999999997,0.3638989,0.5995912275494489,0.6991167292542305,0.6198844162238641,0.6195470505224805,0.8324383082412211,0.8451634340572185,0.7530518110203436,0.528719935690853
ZKUKMWMSYCIYRD-ZXFNITATSA-N,0.1912736535243295,0.6346783300000001,0.6634878200000001,0.75300786,0.4755381141712843,0.5929537597928188,0.7561123937582992,0.471609817316902,0.3246159768513775,0.3892231671847487,0.8691233485293852,0.5502187143538103
WCIBOXFOUGQLFC-UHFFFAOYSA-N,0.2167544215643096,0.41232939999999996,0.30533372999999997,0.53676978,0.3276667506972329,0.362969593221348,0.4436960003543929,0.2825777384515485,0.2977693815821158,0.3523556325462171,0.3512196894953452,0.31654624605785314
JKAHWGPTNVUTNB-IXPVHAAZSA-N,0.1773067620410644,0.72901192,0.7551537,0.70367727,0.3694984391932735,0.3976431687117014,0.4840657091934937,0.3495402000638759,0.5354396232637714,0.7540368841869197,0.5652108004947046,0.5397889858962088
HLFSDGLLUJUHTE-SNVBAGLBSA-N,0.0565267648950707,0.6888578000000001,0.67777166,0.5905326,0.2670305212546243,0.2883771827249928,0.3008559503477598,0.2243572780341406,0.3674983340778239,0.4151827965829056,0.1675461713521871,0.4064918613646389
WTDRDQBEARUVNC-LURJTMIESA-N,0.2286270368475279,0.75151674,0.8256472,0.73749453,0.3188304567864339,0.3859101048215645,0.253829314935855,0.3222458315662774,0.5229788299085278,0.5133665014813691,0.290696904344329,0.530972094676781
SUIQUYDRLGGZOL-RCWTXCDDSA-N,0.1248426943986224,0.4659356,0.55603808,0.605136,0.3296358216607631,0.5692228408396499,0.5419754100573408,0.3350976321387165,0.4799951878951339,0.4497401688757214,0.4693448121079958,0.3899985049832749
VRQVVMDWGGWHTJ-CQSZACIVSA-N,0.5395472201140955,0.5552701,0.56532392,0.5431446,0.7328157834608947,0.6942880483646162,0.7180465472178039,0.7168702759668315,0.8239144723368375,0.7880197610244015,0.7894085720200895,0.5978925680006706
WWYNJERNGUHSAO-XUDSTZEESA-N,0.0487651460840392,0.7328964499999999,0.75094347,0.81459545,0.4875318293199316,0.5892272225347094,0.4152247174157469,0.4703202904913706,0.677038848990177,0.6834233693237536,0.5985383036029349,0.511460944353061
PVLJETXTTWAYEW-UHFFFAOYSA-N,0.1464709701888472,0.3882245,0.30972259999999996,0.37643459999999995,0.215880527507515,0.2270534020877217,0.2518088777583093,0.2087464259421734,0.2765209357475983,0.2947153504486851,0.256909560777584,0.2713323031468366
REOJLIXKJWXUGB-UHFFFAOYSA-N,0.4128186614480407,0.29565379999999997,0.22767329999999997,0.32574479999999995,0.3011166740285167,0.2437884181992247,0.2218644259152643,0.3138894786289216,0.4605969421299466,0.4331341205699628,0.3247329322872845,0.31508615621798275
DJEIHHYCDCTAAH-UHFFFAOYSA-N,0.2971522169268797,0.44989179999999995,0.46080935,0.57151437,0.2658806116391781,0.2510598304297115,0.3993639464589908,0.2303823003018953,0.6411865798664309,0.3867142128058855,0.5613990251675303,0.4211364535383253
WFNRNNUZFPVBSM-UHFFFAOYSA-N,0.1948058057157664,0.29571234999999996,0.20673096000000002,0.44625324,0.2978547424585588,0.3517719946398667,0.4233949912724813,0.247767962771302,0.1805498574555756,0.272208583145714,0.548518792409945,0.285321271349529
FUBVWMNBEHXPSU-UHFFFAOYSA-N,0.3351426305232305,0.37578696,0.3133796,0.5831999,0.3112841611081161,0.3758199574876065,0.460954671087403,0.3199694681310063,0.4757772926731431,0.308332367710188,0.7874202091998864,0.4124545967043134
GVTLAVKAVSKBKK-UHFFFAOYSA-N,0.1929355058112104,0.53788775,0.37195560000000005,0.50487286,0.2888350593717649,0.3355762013196964,0.4207016769122405,0.2556130666260404,0.4146686554235628,0.4995831386388015,0.4375577803526492,0.37144117233252816
WEYVCQFUGFRXOM-UHFFFAOYSA-N,0.63302744005403,0.3354199,0.23842189999999996,0.44166076,0.5842085796571825,0.4666092231368125,0.646121360365341,0.5652206403973257,0.7627941895617055,0.8480460129794637,0.8109076625089323,0.48092261374783263
YEHCICAEULNIGD-MZMPZRCHSA-N,0.2496625741670101,0.71660358,0.7500982,0.71902573,0.7032264804885777,0.7565741573415641,0.6969610475738964,0.6721957988106344,0.7575480070085914,0.8000395627486866,0.7548717340121964,0.5984410732267129
IPVQLZZIHOAWMC-QXKUPLGCSA-N,0.8901220109479301,0.6813754000000001,0.79862948,0.83195777,0.9225201318372576,0.9570630391303012,0.9589473474272688,0.9164403937190136,0.9361752946997892,0.920257320288914,0.949703070136822,0.8244874190214334
XPFRXWCVYUEORT-UHFFFAOYSA-N,0.1214706378976809,0.5688554299999999,0.49883765,0.58083242,0.2958649694698387,0.3020069113931016,0.335876909702772,0.2292741405109914,0.4481481616433346,0.4930252273269813,0.4931218743536237,0.40072357823353855
VEQOALNAAJBPNY-UHFFFAOYSA-N,0.1219939339726148,0.6027660699999999,0.4281954,0.42226946,0.494705110096844,0.4671700482761809,0.3851980627518166,0.4729996981914444,0.5880819555096124,0.4786092544043999,0.4718145216801297,0.3939527511606987
YSGASDXSLKIKOD-UHFFFAOYSA-N,0.6223658880064354,0.5633332,0.35605109999999995,0.4244504,0.3125194756611995,0.2710554435912204,0.3414111788220388,0.2600592033729262,0.3091544011717921,0.2537482463184199,0.4344954829487549,0.4950153587383127
GUJRSXAPGDDABA-NSHDSACASA-N,0.0927570714550447,0.70530748,0.7533588,0.70052218,0.4054954015160951,0.2312174962209123,0.3944603601840601,0.4058691503897175,0.4155170085293036,0.5319463301529825,0.4682619102720469,0.4940788979276307
QEVHRUUCFGRFIF-MDEJGZGSSA-N,0.0257054963770924,0.6139602,0.64893395,0.8097560699999999,0.1021564569504743,0.0189064800143044,0.0684820895545426,0.1471014707048265,0.1154513362264551,0.065565474252644,0.0769869828792486,0.3494818921620248
FPIPGXGPPPQFEQ-OVSJKPMPSA-N,0.9086809481722126,0.67680362,0.83416249,0.5635080299999999,0.7105075480182216,0.7317816639425245,0.6982497234475156,0.7246259359861063,0.7327129551049895,0.7153070336249283,0.637356977351294,0.7790393494190334
OWPCHSCAPHNHAV-QIPOKPRISA-N,0.0739602741415962,0.66951865,0.69200924,0.8420681999999999,0.29376370260004,0.3361570050961539,0.368912016872331,0.3043366800298672,0.2201380882621073,0.3257344232585136,0.4081936229099598,0.4502628149471607
IUJDSEJGGMCXSG-UHFFFAOYSA-N,0.4505137286074076,0.27648604,0.21196084999999998,0.25727475,0.531760424028939,0.3992321488015274,0.6773005000357911,0.5304404915598712,0.599509523130548,0.5816134453534197,0.6627752227093082,0.38228096263760564
VZYCZNZBPPHOFY-UHFFFAOYSA-N,0.6396952450463348,0.34245722999999995,0.24094707000000004,0.36067610000000005,0.4828666044263174,0.3163545572094538,0.5941670193881932,0.4506923313312362,0.5842501978960962,0.5955328969072142,0.7362051913320811,0.469712175752693
GFBKORZTTCHDGY-UWVJOHFNSA-N,0.8959033103107646,0.35334509999999997,0.41930179999999995,0.39259560000000004,0.6788973990028718,0.6764973566589924,0.7309881690452795,0.6456487527418394,0.8095960455049318,0.7750595481857767,0.784521225812893,0.6072458558646703
ZEMGGZBWXRYJHK-UHFFFAOYSA-N,0.3230773828233678,0.68229416,0.5959939000000001,0.5326898,0.3631001613523307,0.3151078782255453,0.3105960719107205,0.3737863065071607,0.4217492194359013,0.4729152659473788,0.3622195776941413,0.49307659397818
ZROUQTNYPCANTN-UHFFFAOYSA-N,0.1143681020917341,0.448005,0.43440497,0.4842746,0.2598051781056669,0.2328402505535433,0.4467761364165518,0.3013139923544353,0.3111807011722569,0.3883970821870573,0.0861369740175947,0.28609905339413444
GIMNAEMRNXUAQP-UHFFFAOYSA-N,0.3313830884673247,0.52046704,0.41998500000000005,0.51069155,0.2757241473630286,0.2721655692004709,0.3062269363080555,0.2481611428452338,0.3051241351175333,0.3202247056773748,0.3327686058564463,0.4007478674047215
ARAIBEBZBOPLMB-UFGQHTETSA-N,0.015815421212495,0.75388674,0.83225287,0.82808223,0.1751597923034884,0.2205910861504838,0.1553701620677224,0.221137272130881,0.1580143874400781,0.0982701248044144,0.1867956077560849,0.4509616381947876
SXONDGSPUVNZLO-UHFFFAOYSA-N,0.1175130894211216,0.5501125499999999,0.44266444000000005,0.60035244,0.1964467856614029,0.2094409023888923,0.1913692699212708,0.1842102141628225,0.1644351869865561,0.0699020325099419,0.1161770327994412,0.31535503644951185
GAPOASFZXBWUGS-UHFFFAOYSA-N,0.0880853964187997,0.7262808000000001,0.6025258600000001,0.3685398,0.2828735481189325,0.2503602097473246,0.2400401356118862,0.3367862671179003,0.4352056655828194,0.5344254801981059,0.3129218042833769,0.42819570558769227
OYPPVKRFBIWMSX-SXGWCWSVSA-N,0.8876261884219604,0.48055124000000005,0.64721155,0.5493513999999999,0.7002191312909264,0.6520647525380683,0.6187066146125852,0.6928881371538042,0.7093658460829945,0.7775883387953854,0.6860735098552608,0.6809416148861239
IAIDUHCBNLFXEF-MNEFBYGVSA-N,0.2955002020800986,0.73617774,0.7436167,0.74378833,0.387264128702014,0.3209272086164912,0.3524978126988379,0.4073686623784291,0.4541714798012145,0.5002394067121126,0.3993941299198096,0.5448668322862842
ULSDMUVEXKOYBU-ZDUSSCGKSA-N,0.424097024413096,0.63911647,0.6516211599999999,0.60663494,0.7343137773446977,0.7157552204338613,0.7124398946089802,0.7445579776423743,0.7576088572510425,0.7354110871046763,0.7911457002711312,0.6093180080408379
YMARZQAQMVYCKC-OEMFJLHTSA-N,0.6277357100191759,0.66997114,0.68848714,0.7088539300000001,0.8077641581794117,0.7211658541831732,0.7732821818371849,0.8359482524326368,0.9199662347228182,0.9309614076729557,0.8427446780092728,0.6957020879887582
ZTXDHEQQZVFGPK-UHFFFAOYSA-N,0.7081621108425914,0.2828668,0.18456870000000003,0.30336814999999995,0.2634649187266412,0.2793735238726573,0.4515756761883445,0.2617393469825663,0.2551869740477308,0.3327615215165393,0.367211370615732,0.3921513098507815
FQELZLMTAPJJOL-UHFFFAOYSA-N,0.4270357894161059,0.40068346,0.32169899999999996,0.5593241,0.3139833197568769,0.2880161003984784,0.407733608122618,0.2736652327776018,0.3677315081510882,0.2526813463284001,0.458466842464122,0.39398514232055143
CZTQZXZIADLWOZ-CRAIPNDOSA-N,0.4732380540643877,0.47448045000000005,0.52373767,0.68505964,0.4066528226460204,0.4896984050347554,0.7419327152333834,0.4026258421387135,0.2918808897852384,0.3727767010061168,0.8433742027579553,0.5465911764739699
XIURVHNZVLADCM-IUODEOHRSA-N,0.4469875163287828,0.47780239999999996,0.6176536,0.7070209000000001,0.8566454023644264,0.8264810015577814,0.78846043541819,0.8729771504658372,0.8917732832860715,0.899777739643673,0.8831545421754533,0.5853285046901341
OLVCFLKTBJRLHI-AXAPSJFSSA-N,0.3308190985010705,0.56155938,0.6607687,0.69534004,0.7902429014665976,0.8037962830895834,0.8096397758299501,0.7891275573289316,0.8833636993892403,0.8418226895902619,0.8907566957503411,0.584255591662572
UQLLWWBDSUHNEB-CZUORRHYSA-N,0.3281566123071865,0.4879635,0.624105,0.70174485,0.5253504143747308,0.6183069490993308,0.7152328438294165,0.5398438692917258,0.7330238467619805,0.7494366628516621,0.8005117203414244,0.5318132848690952
SMSRCGPDNDCXFR-CYWZMYCQSA-N,0.5357086230498838,0.516675,0.6028263,0.7059829799999999,0.4282932113302226,0.7822615817241176,0.7223605382067619,0.4436104288682718,0.7133987579630493,0.715608561826245,0.9365289846596376,0.6111968608873153
WVPAABNYMHNFJG-QDVBXLKVSA-N,0.4466765846091811,0.44124569999999996,0.5637094,0.7047084,0.4588047581598821,0.6192231645982841,0.7246377457534807,0.4514272027753069,0.5223018889732214,0.4607660150454262,0.847742508287759,0.5433357084492013
JUVHVMCKLDZLGN-TVNFHGJBSA-N,0.5227139364362282,0.5304702,0.5791596800000001,0.7464758,0.4849137630154406,0.5673392028549525,0.7843822718484427,0.4948802372416421,0.666689504651346,0.4992715259477133,0.8799551136126815,0.5980310546350442
BKYKPTRYDKTTJY-UHFFFAOYSA-N,0.7070137718431421,0.27945536000000004,0.17315817,0.28977549999999996,0.3710289584278693,0.5964228391135293,0.5495506778325421,0.4051840530525351,0.6320877769692302,0.5023586486942708,0.5534011387988059,0.421958089035985
LVZWSLJZHVFIQJ-UHFFFAOYSA-N,0.0506794225402812,0.73686624,0.81213926,0.6532747999999999,0.2500741310711308,0.1265478361002764,0.1434051340769595,0.2546332816080893,0.3443105773183868,0.3259431661416502,0.3506872384085003,0.4796398180748908
DYDCUQKUCUHJBH-UWTATZPHSA-N,0.0209310501195622,0.75612445,0.85603696,0.66756505,0.1289994084824251,0.1195560498668264,0.177386591477836,0.1282751104936039,0.2084846756057429,0.1735010854956051,0.2797641281871859,0.47291413131626137
DUSHUSLJJMDGTE-ZJPMUUANSA-N,0.1938538791780844,0.66401553,0.70939872,0.82422891,0.7728431595122996,0.744731272889316,0.7406187018251567,0.7619085542364554,0.8978358557203067,0.8872887194005808,0.8202695349122011,0.5716032463397366
VOXZDWNPVJITMN-ZBRFXRBCSA-N,0.031192009774441,0.75453603,0.7583932,0.7682065,0.6810430368439234,0.6402241481114932,0.6335350020376069,0.6387408871618494,0.6363972611258498,0.6421250414327627,0.67494648610846,0.5341337272447365
FRPJXPJMRWBBIH-RBRWEJTLSA-N,0.1225604255393857,0.61757293,0.6589221000000001,0.75483334,0.7284288471058423,0.694721420633785,0.675252336029806,0.7124806781159478,0.8913410944796297,0.9006277938145628,0.9421423942728586,0.5438377736473884
JKKFKPJIXZFSSB-CBZIJGRNSA-N,0.1281602084731188,0.73454884,0.76664892,0.774316,0.8881253967291591,0.8893788465862876,0.8312359260399698,0.908959744838786,0.9110873797724682,0.8907147509676574,0.7741430205542525,0.582881356664957
ZEHYJZXQEQOSON-AATRIKPKSA-N,0.0666259916797016,0.58617443,0.77559502,0.47934129999999997,0.1448912623627791,0.1569389485775368,0.3090561835336788,0.1524371583007693,0.1728286118718948,0.1354751334767055,0.316860386437408,0.42945569830030145
HAPOVYFOVVWLRS-UHFFFAOYSA-N,0.2289639135136317,0.5210628500000001,0.53372067,0.3402064,0.191113204584315,0.2407308749602166,0.3159436917146259,0.1675327435969791,0.214949357167214,0.2856402422150076,0.4104603784044255,0.411752690925529
HIUVKVDQFXDZHU-UHFFFAOYSA-N,0.3692828700430217,0.4039378,0.29762685,0.45755374000000004,0.2639339288757535,0.2264939368162957,0.3311957748126166,0.2280158465895856,0.3328781761472036,0.4379324582879069,0.4807185566765796,0.3733599963885049
IDINUJSAMVOPCM-UHFFFAOYSA-N,0.3206718864346349,0.49273235000000004,0.42005813000000003,0.63588613,0.194888074953826,0.1540355165087875,0.1356060091498707,0.1964504278754336,0.0539817151759395,0.0824231203559121,0.1657756304121647,0.3599157194003488
BJBCSGQLZQGGIQ-UHFFFAOYSA-N,0.6291136475546546,0.41497910000000005,0.27495559999999997,0.47249969999999997,0.1124887500070719,0.1777155202205463,0.2313041668617681,0.1227166193822238,0.0813015167277726,0.1790950437976768,0.3201321893718826,0.4126365869719303
NBHPRWLFLUBAIE-UHFFFAOYSA-N,0.2579193947424159,0.38884956000000004,0.2954833,0.4663284,0.2708874202461384,0.50370382780194,0.3834763008393501,0.2908157899933835,0.4317000233107843,0.5125290256327657,0.4231346619417232,0.32888860911942347
ZFGMDIBRIDKWMY-PASTXAENSA-N,0.5351443387515444,0.63111272,0.81662557,0.98004019,0.4469110543573454,0.4060713285849937,0.6516313073443616,0.4485580403200325,0.7025286284143049,0.60431364063632,0.6068560502954444,0.6434813306722239
UGFHIPBXIWJXNA-UHFFFAOYSA-N,0.5696159247262432,0.42591730000000005,0.37588469999999996,0.38391770000000003,0.3158479244521975,0.2301226413274197,0.3425363456645561,0.2740177641585817,0.270128145220305,0.3333716282039326,0.4787903159846439,0.45778941630647196
KYYQSAMPTLGNIQ-KNFYDQAFSA-N,0.2203247026503575,0.47470254,0.6415271499999999,0.938607465,0.3510910342217428,0.3564589799961662,0.3946221538861329,0.3670185573307533,0.5244475520516374,0.3104470704820741,0.0888832881745678,0.3802638707437505
LNXBEIZREVRNTF-UHFFFAOYSA-N,0.7857103994686786,0.4274365,0.41838115,0.46851265,0.2263275359494108,0.2097832636029756,0.3655234532495736,0.2157391440944814,0.2121367996937408,0.2528422454518003,0.4305476228243346,0.5204738538271451
OJMMVQQUTAEWLP-KIDUDLJLSA-N,0.3509090487742916,0.73261976,0.77265556,0.8460002799999999,0.843264932466296,0.7665287157784645,0.8470649219613039,0.8433522778893208,0.8950728611884713,0.908840253655441,0.857197981217993,0.6592530928994137
JLYXXMFPNIAWKQ-GNIYUCBRSA-N,0.0899572935586345,0.6854508500000001,0.8187603800000001,0.72143522,0.2225807259118037,0.2810246770551147,0.2011882057932714,0.2496888687883986,0.2733973319795377,0.2088104050624948,0.1928724099091337,0.4540350957666494
WHXSMMKQMYFTQS-UHFFFAOYSA-N,0.5607869304029643,0.7086962800000001,0.8337104,0.64170069,0.2237921708416079,0.2201055104908164,0.227639992094514,0.2326942677930672,0.3485942869740639,0.3286193715151985,0.3703096670493303,0.6261273664165588
KBAFPSLPKGSANY-VXKWHMMOSA-N,0.2950292182207335,0.7000991999999999,0.7046688,0.72926196,0.6952309043809037,0.6561574063384452,0.6142462241131146,0.6834967242083442,0.7530506948284057,0.765999169348149,0.66881275680235,0.5803714147351976
QPFYXYFORQJZEC-FOCLMDBBSA-N,0.0993724800793343,0.64182204,0.5266212,0.5176782600000001,0.605645565164141,0.6391601408973874,0.4804974015332237,0.6174027793491876,0.5035367554075781,0.4694391361343939,0.3618449099965333,0.4100730887472618
JTJMJGYZQZDUJJ-UHFFFAOYSA-N,0.0446835476128198,0.6496114399999999,0.56403732,0.60262847,0.1056409383193314,0.1830877769733209,0.1589669350969346,0.0920724832322474,0.2210732526709276,0.2605265118806182,0.2747355298485648,0.3740697345515683
AJOQSQHYDOFIOX-UHFFFAOYSA-N,0.8014675748021923,0.3926404,0.2852625,0.4642602,0.4442400249150774,0.3153167216736738,0.3489746206533175,0.4051636363972479,0.5440636322041652,0.6886449895110295,0.4553027319915349,0.4915267830755987
NFBAXHOPROOJAW-UHFFFAOYSA-N,0.4093023498880297,0.28707814,0.24168829999999997,0.36690336,0.3392396561123105,0.3198664628632461,0.4144881509694089,0.2980929887035182,0.589858754435823,0.5812629157758005,0.5093940662034929,0.34816045569257503
VXTWEDPZMSVFEF-UHFFFAOYSA-N,0.5766846619486086,0.3543959,0.249683,0.3774027,0.4299749777402599,0.5948075978040747,0.3746646215557241,0.453265272302432,0.568036776633041,0.6793113258433549,0.3997122668151557,0.39961932351432694
IPOPQVVNCFQFRK-UHFFFAOYSA-N,0.1333001144226171,0.40285329999999997,0.31511676,0.5621245500000001,0.1723943248893258,0.1344772422987342,0.1457885974067713,0.180270855397939,0.0634816409799906,0.0581575307860029,0.2437554977988384,0.26825814436371254
HJYYPODYNSCCOU-ODRIEIDWSA-N,0.7863796838838417,0.62117505,0.66519836,0.74775618,0.665718369784249,0.6036276243555676,0.8302193716742131,0.687249531206107,0.8591306686221708,0.8560819826712849,0.8843123246122967,0.7251123324392899
NZCRJKRKKOLAOJ-XRCRFVBUSA-N,0.9162303618021062,0.59839478,0.64681935,0.73415902,0.8138745221060442,0.6402935851239288,0.8353838710062437,0.8129309696564622,0.95286897996243,0.9336806551838028,0.9171104436268432,0.7611961263679707
UBCHPRBFMUDMNC-UHFFFAOYSA-N,0.7457571364065873,0.14103679999999996,0.12497150000000001,0.26985650000000005,0.3448178192499335,0.384131617922242,0.4291400258714545,0.369146402111878,0.283101659916283,0.2076702583695574,0.2852686864166678,0.3404806611254136
SPOAFZKFCYREMW-FWYLUGOYSA-N,0.4403951170537497,0.7332987799999999,0.83075896,0.77896532,0.280344833079101,0.5347946976006892,0.4784802062029641,0.285951067457877,0.1431470907530857,0.1121085526380861,0.5147293853364806,0.624619626033888
FZKGLCPKPZBGLX-PEOWQWSYSA-N,0.3640499048961063,0.28043205000000004,0.3644682,0.64996606,0.3527000505423882,0.2421845689606138,0.4221973557148851,0.3361740392697575,0.5157664996749489,0.3865353285260929,0.6679287169113423,0.3918556564059535
HTJXMOGUGMSZOG-UHFFFAOYSA-N,0.212270024080392,0.36723554,0.26503410000000005,0.54316944,0.3039442842950473,0.2974844864197404,0.3677139765110597,0.2927491148924627,0.4255827936494794,0.2930356067568068,0.3641134752863901,0.29387162975188236
ZFZPJDFBJFHYIV-UHFFFAOYSA-N,0.2455204275014873,0.4939373,0.37,0.5826766,0.3684658664768156,0.3196590279203852,0.427332639149372,0.3323653156510073,0.4930516474167057,0.4456961155632894,0.7352121027913703,0.4248513797074314
FVRDYQYEVDDKCR-DBRKOABJSA-N,0.1010586842551468,0.7658442,0.7844465700000001,0.7442283599999999,0.3237615694275093,0.2302565684092627,0.2351957556313614,0.3051649416976373,0.4199223398771405,0.44281911992295,0.4109743431287803,0.5067229776966159
OHKOGUYZJXTSFX-KZFFXBSXSA-N,0.9085818610069772,0.65336224,0.6736936,0.79531923,0.8303307981255044,0.7644633467781019,0.7564706411491,0.6375099487133735,0.7194555867413227,0.9281363073798992,0.8674214600097293,0.7717877523867348
RPVGLMKJGQMQSN-UHFFFAOYSA-N,0.44437052123346,0.62564358,0.50492653,0.5184351,0.3611971833556132,0.4958793529786257,0.3569609027902396,0.3620876729592637,0.363367066341193,0.3189048568902318,0.536008405290583,0.5173594561133559
ZXVNMYWKKDOREA-UHFFFAOYSA-N,0.5897297432996967,0.41514843999999995,0.32866169999999995,0.50331265,0.5015135806326348,0.4364927234930609,0.4299197975439471,0.497568433716544,0.819086069752709,0.7684711184173829,0.5573622639908545,0.46741023721727976
BCSVCWVQNOXFGL-UHFFFAOYSA-N,0.075171991283925,0.53098017,0.45807207000000005,0.5153014,0.1747044200302658,0.1886725934575113,0.2737933842741901,0.1651966343193746,0.095902731623099,0.1261962886146836,0.4819819575559984,0.36118898127024607
FBTUMDXHSRTGRV-ALTNURHMSA-N,0.2646803395281205,0.66222268,0.66953644,0.7574542,0.4635456521842069,0.4930042375726672,0.6234270232089724,0.4290745470755758,0.6352854778285167,0.6878003554929775,0.7080267570663646,0.5522002563637879
HDOZVRUNCMBHFH-UHFFFAOYSA-N,0.6835735710190164,0.33745400000000003,0.27276266000000005,0.41132223999999995,0.4531413805764325,0.4706053251427176,0.4382534572262388,0.4913354686001452,0.7310892430576253,0.6576527856129788,0.5250128465606693,0.45311892885099514
YGCODSQDUUUKIV-UHFFFAOYSA-N,0.1105312761320299,0.60486296,0.4649057,0.5048603,0.4420096381630498,0.2131220071597409,0.4713159552594218,0.4645414992624214,0.5938800795045809,0.6326253171448093,0.5344592993669447,0.4101397264147357
WFPIAZLQTJBIFN-DVZOWYKESA-N,0.9291054366072004,0.33971924,0.43396310000000005,0.5625964999999999,0.6463851226221557,0.6303742037507175,0.71928005975981,0.6289314515609645,0.8236680896868467,0.8645991048739704,0.7848541760032871,0.6160419674043073
VMWNQDUVQKEIOC-CYBMUJFWSA-N,0.0625934423748106,0.68987697,0.70348042,0.6270695,0.4084502771222443,0.2414046749021684,0.323332952960829,0.4060633103507295,0.7749069391978614,0.753994577575379,0.4912844560205696,0.4715596101983614
NZLBHDRPUJLHCE-UHFFFAOYSA-N,0.142930242649558,0.29898990000000003,0.20529956000000005,0.40912380000000004,0.3064842128617888,0.3229011451038935,0.3289216061938131,0.3045654283337675,0.3617723266502294,0.4544495884379274,0.3879626361603402,0.2447347718859105
KSUUMAWCGDNLFK-UHFFFAOYSA-N,0.7694298662710802,0.26574529999999996,0.18081254000000002,0.39235944,0.2831352873440752,0.2801922184771532,0.2953039189645208,0.3027182788110144,0.3817461880858614,0.4777427581455873,0.4801769286315048,0.4213936707613966
MKKYBZZTJQGVCD-XTCKQBCOSA-N,0.0950514515221449,0.71638194,0.7593482300000001,0.91880845,0.7833319182928246,0.6962238248773452,0.7052090154735846,0.725699240177238,0.941955989788594,0.944131287511364,0.7402590343631373,0.557140789559237
RBFQJDQYXXHULB-UHFFFAOYSA-N,0.5152186290761274,0.6173204999999999,0.7413742,0.62371665,0.2237921708416079,0.5321522113135057,0.227639992094514,0.2326942677930672,0.3485942869740639,0.3286193715151985,0.3703096670493303,0.5657821075161652
SEXAQLWKUYOMRJ-UHFFFAOYSA-N,0.0900827629572782,0.40622709999999995,0.4856304,0.70841897,0.2652714533749674,0.2309317966127699,0.3056076518837265,0.2374463341970267,0.12292579271243,0.0484904468174972,0.2334713525600524,0.30454423704984535
SXYIRMFQILZOAM-HVNFFKDJSA-N,0.0996782498519109,0.7235393800000001,0.7283495,0.81696565,0.2268181128068798,0.3572778925390387,0.4224283824516168,0.2227488542022719,0.170960334199217,0.1876647574332399,0.5113112984531322,0.4957313751041985
HVFLCNVBZFFHBT-ZKDACBOMSA-N,0.9221880671796368,0.53505707,0.5648365,0.72080332,0.918422839140698,0.9133853976541284,0.946022314970788,0.9214291648585998,0.9696335963678766,0.9599760057582676,0.9356287626548524,0.7325026298028446
MQLRYUCJDNBWMV-GHXIOONMSA-N,0.957728508791681,0.41143779999999996,0.5201648,0.6902718800000001,0.8185970743739459,0.9233410060236328,0.9328831537138256,0.7862453990485032,0.8565234608463212,0.9010553081925288,0.9426500303664228,0.6975495759351023
XAKKNLNAJBNLPC-MAYKBZFQSA-N,0.5484320208823398,0.5698083,0.66381484,0.7443814,0.5042936283347851,0.6026422551174988,0.8164642628640517,0.4428393918000524,0.6330840922771523,0.5689599970075412,0.919573356956674,0.6448193669734138
HJJDBAOLQAWBMH-YCRCPZNHSA-N,0.9469400557653228,0.39356726,0.49748653,0.66764194,0.8309815681747699,0.8710968537864896,0.921559757572506,0.8341612945112811,0.9663846608203248,0.9269348114905186,0.9441966161568132,0.6845145866331844
SNBUBQHDYVFSQF-HIFRSBDPSA-N,0.6441979817783446,0.4716133,0.53419137,0.67357418,0.7751556244271172,0.8898163270965764,0.8668702950997208,0.7793805239523922,0.9515270306315348,0.941602594611154,0.9381356704070044,0.6247721283870686
JSDXOWVAHXDYCU-VXSYNFHWSA-N,0.6046939869157868,0.5726485800000001,0.6069213,0.7493173200000001,0.5826772027864028,0.8839409911976538,0.8349208434019638,0.5777635772727143,0.680516615622294,0.8456088799021023,0.9019833637376188,0.6462626706756359
XDZKBRJLTGRPSS-BGZQYGJUSA-N,0.9165926298538264,0.3731413,0.47353154,0.7048255,0.5997960765577376,0.806914002892301,0.8816288572019279,0.5431116450550489,0.826445087106339,0.838496290782193,0.8703219737929255,0.6451577776425961
DYAIAHUQIPBDIP-AXAPSJFSSA-N,0.1988229554236711,0.49840799999999996,0.55116516,0.6996534999999999,0.501301049459239,0.721836772433724,0.8036817816594626,0.5061789994495939,0.5887497624782202,0.5072283781454252,0.8807687393978517,0.49145333192425206
QBPFLULOKWLNNW-UHFFFAOYSA-N,0.1755022707864839,0.60946113,0.48369396,0.53131613,0.1763314990556976,0.1499630478697229,0.2689659515324345,0.1956722691338435,0.2806554130730043,0.231623977013225,0.357791956181562,0.3963729470880056
AOAHJDTZXVIEOS-UHFFFAOYSA-N,0.2377983049286897,0.5204265699999999,0.5554408399999999,0.5033445400000001,0.3887138264827257,0.4082032865878122,0.4401427927872484,0.3829228434359465,0.5081685685480095,0.5651272616022494,0.7103734100371625,0.4750216576201653
UCICRVXYPSKKJK-UHFFFAOYSA-N,0.0902242939185473,0.50524467,0.4722429,0.5547264199999999,0.3341587207548289,0.2415771872700554,0.3439701470216655,0.2977505250877096,0.2012911010409475,0.3984693187673994,0.5554889869817252,0.38000994906646146
SZQIFWWUIBRPBZ-UHFFFAOYSA-N,0.7129696874952156,0.2782947,0.20623535000000004,0.29312795,0.3595459647118657,0.2473341524881015,0.3522921708707599,0.3921301325009888,0.6423057097113377,0.6850553597466799,0.5106503784417594,0.42300015109870276
IBYCYJFUEJQSMK-UHFFFAOYSA-N,0.8198058695965652,0.37318340000000005,0.30123334999999996,0.336047,0.3862154994936882,0.2914969684628276,0.3754556322619875,0.3677142259830541,0.4025614055436317,0.3461768595541173,0.5537992545922922,0.5102594807600328
XXRVYAFBUDSLJX-UHFFFAOYSA-N,0.1087103584341329,0.5072375,0.41011553999999995,0.5280850500000001,0.224564981153427,0.1973638152499351,0.3351913067896599,0.1825604413620887,0.2762176170710977,0.2136835231271283,0.4430557821050039,0.3479582890530181
NPUKDXXFDDZOKR-LLVKDONJSA-N,0.1078525211204471,0.6617202200000001,0.6470807199999999,0.59604686,0.2421712844310678,0.3253768940463585,0.3375011148340646,0.2513184994514226,0.2927126811617099,0.2254264239640317,0.3840945395160213,0.44033067297288925
HQMNCQVAMBCHCO-DJRRULDNSA-N,0.9246164874829382,0.7091495999999999,0.7798094,0.63240108,0.7446086785433369,0.7644195918633419,0.785967313452251,0.7643997592449471,0.7480623030620082,0.7003113240022855,0.6623980188029049,0.783279992571241
GOJJWDOZNKBUSR-UHFFFAOYSA-N,0.0735867916563499,0.7433868,0.8539106,0.73334557,0.2642297911284101,0.2607463273346502,0.3040752268331916,0.2948638158764546,0.2201072963954901,0.3085578994366966,0.2905905765370793,0.49116734839408555
DXVUYOAEDJXBPY-NFFDBFGFSA-N,0.5056098908617334,0.6135446,0.63809246,0.6710953399999999,0.4888778835039873,0.653884821450833,0.5726460762040131,0.5005148809024701,0.5907872797752431,0.7410053930235688,0.5025003663323916,0.5674231539672466
BNQSTAOJRULKNX-UHFFFAOYSA-N,0.086548551680077,0.6748951999999999,0.6566078,0.6286768300000001,0.2111867906319648,0.195134464598838,0.2786501745755019,0.2213028262434906,0.2977215162779633,0.3943733293964047,0.3695964203906512,0.4362914233384093
PBBGSZCBWVPOOL-HDICACEKSA-N,0.0506622819289451,0.75225237,0.79067254,0.72049114,0.2580297575140666,0.15872206265986,0.3509737278472324,0.2503289896299459,0.2231973051879095,0.2338458597394335,0.3562209047642654,0.48097542320331876
WEUCDJCFJHYFRL-UHFFFAOYSA-N,0.5617410003955011,0.25676810000000005,0.16171899999999995,0.33980166999999994,0.7522381517476266,0.4125612922749917,0.7035130129763189,0.770638427156268,0.8931992178048634,0.8334807042333869,0.776477382333625,0.4208010978067994
HYFHYPWGAURHIV-JFIAXGOJSA-N,0.0728621146667637,0.66369206,0.70974132,0.81243938,0.246680436832973,0.3126313203023874,0.3032178981229647,0.2503097503235335,0.4544761916570877,0.2220713383614752,0.6304251600225796,0.4866198903076405
SAPNXPWPAUFAJU-UHFFFAOYSA-N,0.2444824107211518,0.3551875,0.2902412,0.44705914999999996,0.3068281290270633,0.6623801638132806,0.5977529616439988,0.2773995618685884,0.485829715400165,0.4899633387867682,0.6232972471411035,0.35035692037141236
XVUQHFRQHBLHQD-UHFFFAOYSA-N,0.3961399739727219,0.5052983,0.46971905,0.51779765,0.2437041251481101,0.191328169158204,0.4021408494350132,0.2317435481153821,0.247839204240276,0.203450797417171,0.263267345618567,0.41724009191224876
WDRYRZXSPDWGEB-UHFFFAOYSA-N,0.4343505098892934,0.47812940000000004,0.40090305000000004,0.47328099999999995,0.3395718787795854,0.2720611895223201,0.3059364462494037,0.3369220670947194,0.3629608922465941,0.4797128834866095,0.2846530967849632,0.4085102068809629
KJHKTHWMRKYKJE-SUGCFTRWSA-N,0.1267554126651305,0.6396435,0.67187357,0.7433764,0.6868748369020925,0.6661647875871859,0.6202519102186373,0.72544834633555,0.8922991748755718,0.8690341679976287,0.7895137143300193,0.527810128224902
JAPHQRWPEGVNBT-UTUOFQBUSA-N,0.2214843473407548,0.57585877,0.6994111000000001,0.74044278,0.6799788674765834,0.5775525817829734,0.6827420704578583,0.6915216028376758,0.8601115139576643,0.8352459225189433,0.7809081332897848,0.5448702671835677
JCCNYMKQOSZNPW-UHFFFAOYSA-N,0.6187684250314301,0.34619979999999995,0.2922677,0.5188771,0.370392761897347,0.5691854979615162,0.5196333762183789,0.3477796043516404,0.6332683699317528,0.511788962331901,0.6255789584114565,0.4564061605941288
DQCKKXVULJGBQN-XFWGSAIBSA-N,0.0444167628710487,0.69919142,0.71386558,0.77172765,0.7638687019188592,0.7302488357937627,0.7956824243469311,0.7439461156559759,0.7880338410362882,0.7779779957544624,0.7963272568625555,0.5356740852222985
NPAGDVCDWIYMMC-IZPLOLCNSA-N,0.0350861740139752,0.7311255999999999,0.7538687,0.78694597,0.3652518001539352,0.4464718608759516,0.3883974921089977,0.3859908101039647,0.6275042925073103,0.6041766688786746,0.5496913669067067,0.49609282724220727
NAHCWQNNENHGNH-UHFFFAOYSA-N,0.1145962857279693,0.5705963700000001,0.5487714699999999,0.5271508,0.3299446137845836,0.3480495912932943,0.1964765324200807,0.3292502849713867,0.4221825145241718,0.4991621686169358,0.3335481063152553,0.3865721258899543
JCSREICEMHWFAY-HUUCEWRRSA-N,0.0539439783173482,0.7011775,0.80291586,0.706394,0.3837307565736575,0.3555349392989667,0.3210436860861715,0.3979469207017418,0.5093143280127829,0.5825195859965422,0.5027580722615325,0.49923655948485957
LCAFGJGYCUMTGS-UHFFFAOYSA-N,0.5502054539128348,0.31699663,0.22840315,0.3997193,0.245621232089063,0.2191046988317204,0.293398283073859,0.2567695913126075,0.4470782623260894,0.4477404533581008,0.3906290210004849,0.3691790713640292
RQTOOFIXOKYGAN-UHFFFAOYSA-N,0.4374094030960389,0.54386443,0.47946846,0.6167779600000001,0.28874736616724,0.3024606789070389,0.2510505258160695,0.2770954830101097,0.3904975266458997,0.4687742733051544,0.0465274469930038,0.406531042038682
VYMDGNCVAMGZFE-UHFFFAOYSA-N,0.270865994820537,0.27176124,0.20094,0.31960330000000003,0.3343615579458215,0.203020852071315,0.244181274351327,0.3456546366102518,0.5005218026217446,0.4164635594882555,0.1690022554644175,0.23805079010034777
HWGAOXKGTHUMFZ-UHFFFAOYSA-N,0.2770120376700919,0.25252616000000006,0.18516730000000003,0.28723717000000004,0.3382929859849372,0.2365837020161207,0.2647460066886547,0.3303375691946,0.4959316477470932,0.4394579284261629,0.2196683743383773,0.239199599568215
PBMSWVPMRUJMPE-UHFFFAOYSA-N,0.2245128823540614,0.5072147300000001,0.44933619999999996,0.48480080000000003,0.2461245013193051,0.392271168179579,0.3888690720316721,0.2255598024947686,0.4130336597139549,0.4261415862882807,0.5132677918031763,0.4035617826271146
MBWXNTAXLNYFJB-NKFFZRIASA-N,0.0998034907495604,0.65556547,0.70320892,0.6584001500000001,0.2318808255441172,0.0716122928362866,0.1615880834580415,0.2411258719136409,0.2693065935487149,0.277142439388534,0.1632717984881619,0.4139850128515018
USCSJAIWXWYTEH-UHFFFAOYSA-N,0.3447224883284422,0.36705829999999995,0.2824647,0.5414046299999999,0.2938334711227967,0.2480241205785572,0.3683502013304726,0.2755590763165422,0.3227495395852085,0.3952147705756382,0.4067117284738608,0.3425214562006168
YVUQSNJEYSNKRX-UHFFFAOYSA-N,0.492859275231191,0.37969719999999996,0.29898864,0.44857100000000005,0.3102907561179621,0.3393558457141743,0.3893853977050556,0.2782293108781729,0.3856126989129005,0.4483524984991693,0.525830148494159,0.4118620358770252
VYWWNRMSAPEJLS-MDWYKHENSA-N,0.0571303798870479,0.59299344,0.7051929800000001,0.91358184,0.3278302431579015,0.4238215527537635,0.3718401314402645,0.3532529916470442,0.4617784530438268,0.2100578132859139,0.4314921882385181,0.434445909142907
HMEYVGGHISAPJR-IAHYZSEUSA-N,0.0622380059048254,0.60075387,0.6717368,0.74124148,0.3310331230686391,0.2069385634926403,0.3880016512614686,0.3347182376679736,0.4405537524136858,0.4305549933951217,0.6170702481550114,0.4589570318515718
YASAKCUCGLMORW-UHFFFAOYSA-N,0.9230420609625242,0.30362575999999997,0.21071910000000005,0.35344299999999995,0.6790051826876298,0.7139536729787447,0.6596231946813955,0.6775644748691475,0.8300510529217052,0.781714017998398,0.590277312151061,0.5156511883531515
SMTZFNFIKUPEJC-UHFFFAOYSA-N,0.0952637809779509,0.56413537,0.41247356,0.66606033,0.3350566706282872,0.4822713295782327,0.4695200861833528,0.3280488783551956,0.4448257673536563,0.4526307396893685,0.5514673765412595,0.38112877224024777
HGEYJZMMUGWEOT-UHFFFAOYSA-N,0.1481327471778888,0.49618070000000003,0.42583656000000003,0.5610137,0.2363810657239328,0.2143194266689499,0.2886083026272864,0.2588028994640957,0.3734207775792129,0.2358341956916625,0.4120481518850636,0.35545879057455004
RXZBMPWDPOLZGW-XMRMVWPWSA-N,0.4084089767497845,0.5941445000000001,0.7012065000000001,0.89440469,0.8159218319862049,0.827183748814549,0.9035472482290712,0.8493893075971828,0.962901971044161,0.9567215957960769,0.9059257727069578,0.6292757576999986
PFENFDGYVLAFBR-UHFFFAOYSA-N,0.1950129619955433,0.42340577,0.2777623,0.54739895,0.2843359520536881,0.2962182944852803,0.3049183109396842,0.2586198075678581,0.4219477354693615,0.5013969003865011,0.2873005756287372,0.293022877137831
QXHHHPZILQDDPS-UHFFFAOYSA-N,0.4883822948288905,0.34322090000000005,0.29462886,0.38432710000000003,0.3155840068540432,0.2860794541072607,0.3619884068362357,0.3589482957183462,0.573724277245759,0.689548706667653,0.3615278627501984,0.37386372282500446
QILNNHVSNXVFLQ-FUTAMACOSA-N,0.5139820422381266,0.649695,0.7694174,0.68072683,0.3785871460679346,0.3603796288324831,0.3940224084124967,0.3762493184383827,0.5645858302335742,0.3825682941364771,0.5954503627633301,0.6233302660852166
RBKASMJPSJDQKY-RBFSKHHSSA-N,0.0854999545872778,0.5398146500000001,0.6245946600000001,0.7399498,0.2499550477898225,0.2896604466698185,0.3254575751356899,0.2320465015842042,0.2302604373202129,0.1758978492651379,0.4530665523293797,0.40844114700023254
PYAOPMWCFSVFOT-UHFFFAOYSA-N,0.3873403840731941,0.6409426300000001,0.50952864,0.49822813,0.3943467835590682,0.2250690618442849,0.4515235177534057,0.4120582226918428,0.4058205899762781,0.3819390933212767,0.5526807702610507,0.5108365582096304
FIHJKUPKCHIPAT-AHIGJZGOSA-N,0.0652424960018258,0.6889420399999999,0.7220443999999999,0.85678943,0.6818517669401358,0.6782791456174607,0.5835254560793933,0.6830362190188248,0.7840559588055269,0.7496165971204444,0.6855031904960696,0.5188895121065056
BHELIUBJHYAEDK-OAIUPTLZSA-N,0.3747283439213003,0.64387727,0.69097367,0.81739722,0.4559647798453572,0.7960738830508223,0.6901932338363942,0.3729615355999866,0.6070064481426043,0.2205440984643595,0.7697740877990464,0.5947364301642958
BIDUPMYXGFNAEJ-APGVDKLISA-N,0.0587115242853317,0.68704623,0.7443892999999999,0.86201496,0.2619105008013795,0.2397832063941461,0.3668730301365813,0.251311427448071,0.3133792284016948,0.1324192637542237,0.4644679045531635,0.47217632258888526
TWHSQQYCDVSBRK-UHFFFAOYSA-N,0.4104189650548278,0.45216,0.44477093,0.42399560000000003,0.3099866048955291,0.4398737581617869,0.3952896865528241,0.3211773354629802,0.4447519606527421,0.2773539772515501,0.455430801352963,0.4339911533143306
UCPOMLWZWRTIAA-UHFFFAOYSA-N,0.1429212895084873,0.50849634,0.36844299999999996,0.4718793,0.29804149445159,0.3773989013006847,0.4879387787129171,0.286829737458558,0.2439372546891444,0.3213205449658949,0.5131041680387856,0.36190904673308205
KUCQYCKVKVOKAY-CTYIDZIISA-N,0.7444962556936686,0.72420686,0.73037463,0.6619297,0.5963402394166072,0.3958041020632604,0.5547022905323868,0.593851825028439,0.7687743491753639,0.7875641246053185,0.49022213652692,0.6886391113893425
WIKQLQXZUYAZQC-KYNIKAHCSA-N,0.5849302298289877,0.49144506,0.58305025,0.7145859999999999,0.7241764418642976,0.5588801083136893,0.7681037863997338,0.7653561357035459,0.9061651248115316,0.8415048166127422,0.9272444632117156,0.6215936417021735
SLAYUXIURFNXPG-CRAIPNDOSA-N,0.4216572266548202,0.3938638,0.4870888,0.6814428299999999,0.5642347531436115,0.813514627342737,0.7745389585308177,0.5428278115719825,0.7499974411682059,0.8590323854691914,0.8606425055512688,0.5098383815878016
BHXLLRXDAYEMPP-SBGRAJFYSA-N,0.7826383090797596,0.410899,0.50988072,0.70434093,0.631978562098139,0.7138500990543594,0.8518823412341635,0.6035317652842564,0.929118705835162,0.911326062987373,0.812693591125174,0.6177426856019296
SRZNHPXWXCNNDU-RHBCBLIFSA-N,0.7655782362082663,0.26673687,0.34924745999999995,0.6404519,0.7767385971799642,0.8678032978640239,0.8442557219028071,0.7938363570685832,0.9472653535574672,0.9575354180147352,0.9234422556164066,0.5562201509422381
QYQDKDWGWDOFFU-IUODEOHRSA-N,0.8208632694199265,0.42980343,0.5518613,0.6431194,0.8404496782310038,0.8870065199735272,0.8689235707647108,0.8195003412683858,0.9750585838500349,0.959849671067511,0.9368351764650562,0.6708276549650003
VVFDMWZLBPUKTD-ZKRNHDOASA-N,0.599207218135653,0.30884259999999997,0.3898901,0.64171797,0.425204525375755,0.830438764691209,0.7494660676262721,0.4073172062922954,0.5508911333030369,0.6420508816792702,0.8449517889429209,0.5061301963722679
WZOZEZRFJCJXNZ-ZBFHGGJFSA-N,0.6189219914440208,0.52021608,0.5842748600000001,0.73303074,0.9152540789121584,0.9064459293045776,0.9047941383723384,0.9124815409247728,0.9523731567840996,0.9598538071017518,0.9321123980483348,0.6467624814041274
STQGQHZAVUOBTE-VGBVRHCVSA-N,0.4733996069064667,0.6804696,0.6858756500000001,0.76096222,0.8548817514017937,0.8223934510859058,0.8451769196962334,0.8615768529878013,0.8786833737778209,0.8867550933530438,0.7855917440943371,0.6468557656643744
XXLZPUYGHQWHRN-RPBOFIJWSA-N,0.0949800854656002,0.53823352,0.65715608,0.65721935,0.2777847409863372,0.2708183840319477,0.2984492214342534,0.2541984921231939,0.3034302273312311,0.2303968877444863,0.2882720705653157,0.3935626789545633
WOUOLAUOZXOLJQ-MBSDFSHPSA-N,0.7365352134589885,0.47186969999999995,0.6158453500000001,0.69359046,0.7269115430454959,0.5325515723399784,0.5834944775521635,0.7252462943244329,0.9330058758808264,0.918419550555909,0.6384735252707877,0.6204675086932808
FMTDIUIBLCQGJB-SEYHBJAFSA-N,0.1304102794476851,0.6317692699999999,0.7179926999999999,0.7506305,0.5369926140859314,0.2300638229017033,0.4509723808414771,0.5558211989625041,0.6765986367859538,0.7598732123677239,0.5633259142386068,0.496645348773714
SEDQWOMFMIJKCU-UHFFFAOYSA-N,0.1908328535839348,0.45572316999999996,0.403597,0.51320904,0.3209781457951811,0.4463468125284949,0.3924426412409492,0.3252721473729847,0.3219606085052857,0.3258681838105781,0.5082081974455868,0.3704617600027717
OEANUJAFZLQYOD-CXAZCLJRSA-N,0.0400041838040528,0.71697393,0.77922945,0.88361242,0.2898580182078193,0.1883988139116201,0.3167692436825164,0.2804366190017772,0.5206531904975384,0.2458630406666776,0.4194908917090608,0.4767920643038687
ITAMRBIZWGDOHW-UHFFFAOYSA-N,0.3232270851735575,0.41415900000000005,0.38533925999999996,0.4661284,0.2940644517782378,0.3104853170908411,0.3685387887622364,0.2678741527395589,0.1650486614381318,0.4358478794838037,0.2946641636172577,0.3575320108095643
HGGAKXAHAYOLDJ-FHZUQPTBSA-N,0.138838619355747,0.6759343,0.8034173,0.7434443,0.2826659806938273,0.2817998824215166,0.4932053489712436,0.2565095379497965,0.2017367314506248,0.2030729778182038,0.642223446953715,0.5379479899117305
NMUSYJAQQFHJEW-ARQDHWQXSA-N,0.4307800066807513,0.75350988,0.76466112,0.73027286,0.8674164910954402,0.854068304431583,0.7409573418730461,0.8426392093987448,0.8718883341025956,0.8865317826230801,0.7146843446985641,0.6620187880399018
QHZQILHUJDRDAI-UHFFFAOYSA-N,0.9200625271308916,0.30174345,0.23770630000000004,0.41794050000000005,0.277685835211062,0.5962747799440004,0.6482189918938794,0.3251767675481824,0.4136677316578351,0.4474815501693456,0.7482727018123778,0.5343171281194522
OJSFTALXCYKKFQ-YLJYHZDGSA-N,0.1209636125133297,0.71033502,0.74378312,0.6871729799999999,0.2839182207610635,0.2876571909873749,0.5143986137519146,0.2966247640714736,0.444272458806294,0.3228640283435954,0.635595755105519,0.5250120381742017
ZPAKPRAICRBAOD-UHFFFAOYSA-N,0.1379574584945646,0.6161251400000001,0.49788869999999996,0.6257889999999999,0.1193332342507465,0.1028301435108056,0.2018852997668866,0.1370141696328927,0.1211702597502294,0.1467089295346356,0.4457925795948538,0.4028262733331545
OAKJQQAXSVQMHS-UHFFFAOYSA-N,0.1193463967820411,0.6429529199999999,0.7257106600000001,0.61841267,0.2125775623235234,0.1581120549759544,0.227639992094514,0.2224831208617845,0.3076215061826248,0.2593188424560165,0.3703096670493303,0.4554293518296728
JYGXADMDTFJGBT-VWUMJDOOSA-N,0.201805787283521,0.71417663,0.73079076,0.8384933,0.7228319357298143,0.6871247908447892,0.5476634440371758,0.7248895912300708,0.8049739783017695,0.7860246767801209,0.7416950361765074,0.576216713884184
DBPWSSGDRRHUNT-CEGNMAFCSA-N,0.7372365001153046,0.71667793,0.7273716299999999,0.7998052099999999,0.7480214924531638,0.7943315928944742,0.7103814912347031,0.7328425965460915,0.8102603544934268,0.7966504161124044,0.7752031940988772,0.7355896039029697
TUESWZZJYCLFNL-DAFODLJHSA-N,0.0410679383631081,0.7101451,0.7352821199999999,0.6248102799999999,0.1960130216842323,0.1945060437673006,0.2279073041409431,0.175265035487293,0.0699661345877633,0.1239815547073412,0.2801558928034466,0.43777676995196624
AHEVKYYGXVEWNO-UEPZRUIBSA-N,0.2110377654620505,0.61580423,0.6942428,0.80034377,0.4473410482740832,0.2562005499316347,0.4380626298784655,0.4463212699374159,0.7207569163129742,0.6622433984889816,0.5505812547702285,0.5043287561963318
YNVGQYHLRCDXFQ-XGXHKTLJSA-N,0.0971169375053544,0.74023908,0.7619528,0.80051972,0.3553535498461759,0.6145153115472944,0.5720059961139671,0.3400670559344847,0.4924503686079222,0.39331159107364,0.6972022140233894,0.5431730553813329
OCSMOTCMPXTDND-OUAUKWLOSA-N,0.0309104130503812,0.73854217,0.83524966,0.76616545,0.1901835871467803,0.1734869646165406,0.2064890104340035,0.1963829208224639,0.1374164521397628,0.088098063776427,0.1447938365550169,0.4463972818471119
CIDUJQMULVCIBT-MQDUPKMGSA-N,0.0573570996403335,0.6925481,0.7400097299999999,0.85544798,0.6892566074222979,0.7418890472687619,0.6803794721942734,0.6668744044556821,0.8855058048883054,0.9247803129387396,0.7389213223219717,0.5319963482092708
KUEUWHJGRZKESU-UHFFFAOYSA-N,0.0699323493126017,0.6225711700000001,0.5676587200000001,0.6650510700000001,0.1445774334196106,0.1370813053848407,0.1825340987463108,0.1683340308176019,0.0217073708629005,0.0503791448470663,0.145519361100666,0.35612246931317193
XULACPAEUUWKFX-UHFFFAOYSA-N,0.2222226864185595,0.5607956000000001,0.4074873,0.6031423,0.2999162082515824,0.2481906037588652,0.2457869516336437,0.2874038033570772,0.184547461351303,0.2208230190122678,0.4032689625829823,0.3880843541189869
DFPAKSUCGFBDDF-UHFFFAOYSA-N,0.7081289746840712,0.64367795,0.57771116,0.5575532000000001,0.4344052727909644,0.4552480153500696,0.3568560669585088,0.4291527048479754,0.4701326264996386,0.5178846777232146,0.3532043658815324,0.5889704943488142
IVBHGBMCVLDMKU-GXNBUGAJSA-N,0.7747844733277581,0.56230655,0.56093565,0.72360605,0.8781025620707209,0.9001538197497423,0.8564160777353761,0.8905529449770053,0.9119602890209728,0.9178145017383078,0.9448998423893464,0.6959073733856511
LITBAYYWXZOHAW-XDZRHBBOSA-N,0.3488766955849245,0.55473694,0.6279973400000001,0.79764378,0.5697925679069438,0.3786765221497103,0.6634595695570575,0.5908614034297768,0.5930657909766228,0.618951283110827,0.8389461266670727,0.562582037034789
GLUUGHFHXGJENI-UHFFFAOYSA-N,0.1682630364124287,0.50003275,0.5497641600000001,0.45778406000000005,0.1886727103257056,0.42057708716112,0.3694548406865752,0.1826809804836304,0.3559104801615973,0.3963589003094813,0.369207396877227,0.387291511201414
JOMHSQGEWSNUKU-UHFFFAOYSA-N,0.6679223291223266,0.38141733,0.30962235000000005,0.42754060000000005,0.4010066952083866,0.2694873880080142,0.6124327066145839,0.405280555924961,0.6866065265231673,0.6230195325751797,0.5310176034547529,0.470527985776144
KMSKQZKKOZQFFG-YXRRJAAWSA-N,0.2833017581263129,0.68256962,0.6866467,0.8173732499999999,0.7621060892362024,0.794000619347493,0.8036400315873201,0.7225084332499968,0.9361571762183948,0.9264168330716192,0.842721141941007,0.5995363992835322
RMHMFHUVIITRHF-UHFFFAOYSA-N,0.5774208790849181,0.29578380000000004,0.24118304000000002,0.4015282,0.3926435331548929,0.3977231640630299,0.4739244990536936,0.3390457808124493,0.6682661633687833,0.6738914872213138,0.7650453474666394,0.4410183001227647
UJEWTUDSLQGTOA-UHFFFAOYSA-N,0.4465394316931553,0.5788317599999999,0.4180777,0.5517773,0.2946205230330063,0.3260787054108658,0.36912974444278,0.3001151777653228,0.4301471114565632,0.2989827758653016,0.4162709421551157,0.4621895358266887
CVHZOJJKTDOEJC-UHFFFAOYSA-N,0.1412988524791951,0.5442113,0.4373585,0.36861926,0.2394025952547962,0.2292245928781976,0.3848835359733426,0.2591471485295656,0.4399951863961749,0.3816282607406016,0.464712501729523,0.3781165169027533
GIIZNNXWQWCKIB-UHFFFAOYSA-N,0.6359617711274662,0.56160086,0.60430998,0.62876624,0.1885929083437154,0.3305518019041812,0.3183621414686723,0.1837674530067186,0.1566495281156742,0.1065859908762079,0.3642840994784194,0.5486678363504407
HUADITLKOCMHSB-ZPGVKDDISA-N,0.9020188717182166,0.55995136,0.6543186,0.61907998,0.7199211779463242,0.596702703827731,0.8501460218265038,0.6859116600281563,0.7916537394925319,0.884220221067524,0.9529677859385872,0.7524373477034378
MEZLKOACVSPNER-GFCCVEGCSA-N,0.2133966540322077,0.6571417500000001,0.74897963,0.55649883,0.5743800860627087,0.4877734507886322,0.5035395637868273,0.5548993207925232,0.66525965643543,0.612509817260502,0.4867075972479061,0.5241698072450394
SPVXKVOXSXTJOY-UHFFFAOYSA-N,0.3233112166206877,0.68724355,0.78713553,0.63395214,0.2237921708416079,0.086297967353335,0.227639992094514,0.2326942677930672,0.3485942869740639,0.3286193715151985,0.3703096670493303,0.541034937521332
MXUNKHLAEDCYJL-UHFFFAOYSA-N,0.3043154747010733,0.30347310000000005,0.23207663999999995,0.35887420000000003,0.2444464885591358,0.288759239752151,0.4151109719525929,0.2272423073356148,0.2918346280789771,0.271761663385592,0.4921256874133072,0.31431162313970434
NLVFBUXFDBBNBW-PBSUHMDJSA-N,0.0443094894054707,0.7144242000000001,0.75974984,0.903902754,0.5957184775132034,0.5367149897719228,0.5774475378084215,0.6074710595879974,0.8600510059567227,0.7917403582474469,0.5177780115821888,0.49981052957473454
GVJHHUAWPYXKBD-IEOSBIPESA-N,0.0511726770814839,0.70897517,0.7193433300000001,0.68502426,0.2101475341818046,0.1202754077049325,0.2417980736901664,0.1948282469722647,0.0576499945860416,0.1542153186977278,0.1890266275921695,0.4221403719032102
WGZDBVOTUVNQFP-UHFFFAOYSA-N,0.2107112760985222,0.5116081800000001,0.4151003,0.5298132,0.2704218914761056,0.3518260213358283,0.4424122284507983,0.2441660259792954,0.1994895799397003,0.1055630119213557,0.3689773352071295,0.36991052128933577
RLFKILXOLJVUNF-UHFFFAOYSA-N,0.0698697570160109,0.46854989999999996,0.4624165,0.5099214000000001,0.2432890347587066,0.1942218020802727,0.2537627493418412,0.1985392871062084,0.2467646787128779,0.3378023481770481,0.3074894634012632,0.31908019682709526
NMUSYJAQQFHJEW-KVTDHHQDSA-N,0.4307800066807513,0.75311403,0.7643770400000001,0.72849214,0.8674164910954402,0.854068304431583,0.7409573418730461,0.8426392093987448,0.8718883341025956,0.8865317826230801,0.7146843446985641,0.6618439632120219
MPHPHYZQRGLTBO-UHFFFAOYSA-N,0.8131817595827435,0.1894418,0.11355230000000005,0.25715600000000005,0.2869967435812096,0.1870113078403994,0.2991974886146166,0.2924472712009817,0.2613157259999725,0.32881722248652,0.3390112065402119,0.3743981402507392
JTWOMNBEOCYFNV-NFFDBFGFSA-N,0.7653522617930687,0.6104926500000001,0.6246021399999999,0.7414496500000001,0.5775911212257215,0.8195418661446897,0.7289265523310137,0.5468057961087613,0.4003052569380221,0.5413979260207806,0.8453862460189413,0.6958496189897431
WZPBZJONDBGPKJ-VEHQQRBSSA-N,0.444975020035544,0.5862883999999999,0.67833573,0.68543753,0.7183462075219463,0.6888878272744527,0.6892652774644838,0.7771515743988701,0.8710839500273703,0.8866745530542162,0.8657325463738244,0.6201707110908216
PFOLLRNADZZWEX-FFGRCDKISA-N,0.3410706729957762,0.544872,0.63634625,0.76152727,0.7274501148112094,0.8455498672461483,0.8316831429026732,0.7483454149812161,0.8680432410207622,0.906896843984076,0.9000393228444445,0.5762861213239023
XHKFBADIZIDYBU-MLFVOLAISA-N,0.253919846475344,0.5426185,0.6457544,0.73208958,0.3655529781335477,0.5144640398458327,0.4896447442493339,0.3628748438042177,0.4181170995341871,0.3781536724729958,0.5699820130361974,0.48633338953077204
QDUIJCOKQCCXQY-WHJQOFBOSA-N,0.8467810924387988,0.42379016,0.51987305,0.6787772999999999,0.8289941423333882,0.7870957031205225,0.8624904289611341,0.82015383475133,0.9494598707612322,0.939399496778244,0.9174679321476288,0.6647202632704861
LNZMRLHZGOBKAN-KAWPREARSA-N,0.253160214868192,0.54525813,0.57443285,0.75089855,0.3409413607738952,0.5722969614194041,0.743564071827622,0.3451169282630517,0.113314916337366,0.1170861873219883,0.91440998682667,0.5247287704025424
PWAUCHMQEXVFJR-PMAPCBKXSA-N,0.6338029259553575,0.50494862,0.58053058,0.7066811,0.5041330953246929,0.7660075014873897,0.6999133140495137,0.4704013313821201,0.4812817473367988,0.4849645292462131,0.6986846227869313,0.5942721492030367
DKOQGJHPHLTOJR-WHRDSVKCSA-N,0.8435856012808901,0.4337103,0.51901475,0.70234224,0.8334291471446007,0.9264405176217728,0.9027550223020456,0.8092976565937311,0.9589569629004018,0.9133185133365302,0.8895747941863723,0.6621525304807563
WYUSVOMTXWRGEK-HBWVYFAYSA-N,0.9549349474463714,0.46084124000000004,0.6184969499999999,0.70205125,0.9301572474402569,0.9612626174368332,0.9512769654310056,0.9068712441714748,0.958081318798841,0.9572713367286844,0.9467828777218098,0.7394099711930229
LTINZAODLRIQIX-FBXRGJNPSA-N,0.7218584266144891,0.3221054,0.48323256000000003,0.6613635,0.5177516096662285,0.8953117313762615,0.9166229023738682,0.5481714564129202,0.847088248686747,0.8871732840006826,0.9413485609032636,0.5887514575422083
WDLWHQDACQUCJR-PBFPGSCMSA-N,0.2091803138497208,0.50157183,0.68983275,0.7330466,0.659099877110012,0.7330424972572355,0.7777810058003091,0.6664243346113569,0.7766190981512296,0.8500913979488566,0.8699260455117239,0.5346093834354819
RDLPVSKMFDYCOR-UEKVPHQBSA-N,0.2166595294599818,0.47849673000000004,0.69746372,0.7328297500000001,0.653541907617117,0.7308585629681394,0.7998413966710916,0.6676532746084077,0.8046512181533705,0.8045129255427531,0.8797207065423909,0.5345282079975141
RDMOROXKXONCAL-UEKVPHQBSA-N,0.2354374771660361,0.4671352,0.68920252,0.73800868,0.6001292637719136,0.6152671377286423,0.7636696827133495,0.5790306230562282,0.7929560867257929,0.7580982747534404,0.855417218774261,0.5289434259836551
OKQHSIGMOWQUIK-UHFFFAOYSA-N,0.5069008677203559,0.56689495,0.5573889599999999,0.5701517199999999,0.5207036643139868,0.4739639480049811,0.5026718352443932,0.3858572794446892,0.5243269473370524,0.7410323991696317,0.5555834928872885,0.543523435781407
NFLWUMRGJYTJIN-PNIOQBSNSA-N,0.0459945616868529,0.6414014,0.6616904699999999,0.85781366,0.5006441464413858,0.4938100375135063,0.5024203010491793,0.5126916520752647,0.5134777127431134,0.5123478480869484,0.4882290421293711,0.44764401505507895
XZSRRNFBEIOBDA-CFNBKWCHSA-N,0.3648671729192232,0.60562772,0.6546258300000001,0.78517945,0.5524417197645435,0.7938014004300121,0.7826296127038684,0.5523868968605498,0.8487710155940354,0.7739227964138785,0.7413485124793769,0.5719927469989785
UREBDLICKHMUKA-CXSFZGCWSA-N,0.0636654136043753,0.69079095,0.71089256,0.84427908,0.7053442334382481,0.4472161525756032,0.5620036690845129,0.7090182772721344,0.7455478205624457,0.7570259940100867,0.5849365026654261,0.5004000604997291
SOYKEARSMXGVTM-HNNXBMFYSA-N,0.5322742413522624,0.62046272,0.6549389999999999,0.60184848,0.3981325705997731,0.3301512685685325,0.4239910222948111,0.3468378724613843,0.5232525821435688,0.5946568690678599,0.6070740382856019,0.5936972255487311
DBGIVFWFUFKIQN-VIFPVBQESA-N,0.0827548334270952,0.75114253,0.77473006,0.51398078,0.2749379661324959,0.3279790429148719,0.2663178037034866,0.2518208772384236,0.3928324503488921,0.3162041900438913,0.4503408473353367,0.5003539445978014
BMKDZUISNHGIBY-ZETCQYMHSA-N,0.2059869141585474,0.3811401,0.50462452,0.5099285499999999,0.6828278533070995,0.6576986546083315,0.6435037026296317,0.2011851424980858,0.2080995290052243,0.8175243428852881,0.6572557377668141,0.41989778251940796
IDKAXRLETRCXKS-UHFFFAOYSA-N,0.4731223244289874,0.43334466000000005,0.35786027,0.54084873,0.4385518281615967,0.5126639026334519,0.337563938274096,0.4432510865101727,0.9057251789706284,0.8683917991659129,0.6700789185680405,0.46182027062888736
JTVLYHXMPUSZIT-VKAVYKQESA-N,0.5518331635245631,0.3050636,0.55024242,0.40441227,0.5432541804277,0.267601251544219,0.3715156318464916,0.5359472602009698,0.7944930818430824,0.6761515331732818,0.4293879929222456,0.4675631076490245
AKJHMTWEGVYYSE-FXILSDISSA-N,0.6907308300040763,0.6629265,0.75256875,0.55430716,0.2315909088885132,0.3117266182045476,0.4919679999450267,0.2129370599243904,0.0931526362366548,0.1565551449083546,0.4629032880702471,0.6476331698052481
JIEKMACRVQTPRC-UHFFFAOYSA-N,0.412881002092006,0.4944933,0.4328103,0.5319240700000001,0.2391584316585927,0.3264430525278403,0.3277584909618887,0.2065765666602708,0.265793748812936,0.4317397383652224,0.2504105918430996,0.4066223163414981
RBBWCVQDXDFISW-UHFFFAOYSA-N,0.2770300731552387,0.22905814999999996,0.15099240000000003,0.2895588,0.3206543188621047,0.2284271836311538,0.2644056624740683,0.3310793717115701,0.3783110056053566,0.5468752239958449,0.2148805144376343,0.22296028568219292
KSEBMYQBYZTDHS-HWKANZROSA-N,0.0382988529108812,0.72705865,0.82582149,0.68138197,0.1322218894220184,0.1721823112449335,0.0947371842533061,0.1673775283158718,0.2463544593614832,0.2009802232636469,0.1252217561047423,0.4371342294892068
UMUPQWIGCOZEOY-JOCHJYFZSA-N,0.0724126253548921,0.5671228500000001,0.57419157,0.61618966,0.2135294335969766,0.2754922864467053,0.2378025093880447,0.2292643355794993,0.2370285252578779,0.1222444766288377,0.1090150897820892,0.34135863841806724
XDXDZDZNSLXDNA-TZNDIEGXSA-N,0.1072435078471844,0.70236772,0.6985915300000001,0.75867653,0.7441980588240283,0.8022852198268161,0.7330663469784573,0.7385277474138254,0.8494199841373999,0.8756780266623582,0.7110875306551762,0.5354457029463873
JGPMMRGNQUBGND-UHFFFAOYSA-N,0.1139316495481382,0.53487644,0.46251770000000003,0.60447776,0.0848881916021893,0.0484388867732242,0.1229134892866149,0.1034931216680148,0.0771827141943405,0.0782207352427015,0.170630940219323,0.32036494748747907
XQFRJNBWHJMXHO-RRKCRQDMSA-N,0.1493093846594239,0.77563092,0.8346819,0.73156637,0.7868126146826733,0.7664659407100636,0.6869797558896836,0.790662281436125,0.8506944872595346,0.8329526828549746,0.7054840083681717,0.6017312577960385
ODEDPKNSRBCSDO-UHFFFAOYSA-N,0.0264659739781291,0.76881132,0.86891115,0.79613058,0.0745394152939199,0.0591639804862374,0.056941281293216,0.071941164384155,0.0033162209520835,0.0046057609517304,0.0271993307637106,0.43787613678787934
NCCJWSXETVVUHK-ZYSAIPPVSA-N,0.2141489099280566,0.61350057,0.75544739,0.84779619,0.2906749997007649,0.5814007398053966,0.4921981956332606,0.2447565090426298,0.1009355135539193,0.1315645723003473,0.5309408325375107,0.5133546673321662
MGSPDRWOUCPKNZ-UHFFFAOYSA-N,0.2767499797590227,0.44589966999999997,0.33415633,0.44706860000000004,0.255265795245956,0.2640519335466311,0.306417251954973,0.2571393592246046,0.179441374632039,0.1910055723290704,0.4391339396689435,0.3601714028422621
LEROTMJVBFSIMP-UHFFFAOYSA-N,0.5625028114322982,0.40168139999999997,0.3038168,0.5232285,0.2705214918362411,0.1759118339873228,0.2744345657564714,0.2350716897872057,0.4164289910525739,0.3968113142543779,0.3606176039330684,0.4097121412007728
PDHSAQOQVUXZGQ-JKSUJKDBSA-N,0.0184111405782639,0.75029102,0.77140065,0.71028072,0.1618081009104972,0.0951238450949491,0.1951878459580617,0.1688305255738266,0.1681718583082336,0.1394717806273541,0.2924446058256065,0.4516085219910319
QNMGHBMGNRQPNL-UHFFFAOYSA-N,0.123834264180304,0.3154422,0.24455059999999995,0.3865813,0.2923125914737653,0.3092909035476212,0.3200777660133812,0.2864378587358067,0.4217201734517956,0.3101538873481522,0.3707089571952161,0.2505417490114412
RQZAXGRLVPAYTJ-GQFGMJRRSA-N,0.115392655121521,0.67678562,0.71645775,0.80864498,0.5170973562863806,0.4626099535655306,0.4363646977196062,0.4717063465719296,0.6131382616033756,0.5171944582681609,0.5476786177181778,0.5000889513853385
JCYZMTMYPZHVBF-UHFFFAOYSA-N,0.2392333299211491,0.38142805999999996,0.24136579999999996,0.4260653,0.2818657616680808,0.2235024378703766,0.412815678648013,0.2782739880235277,0.2218885762605465,0.2845240646945231,0.3978382189155034,0.3040128997947017
ARFHIAQFJWUCFH-IZZDOVSWSA-N,0.1880109889670222,0.35161220000000004,0.2768222,0.39275163,0.2713881697593288,0.3036148480579513,0.4428809309396595,0.2891608431381554,0.1297423928459974,0.1331866877159636,0.5611300700347847,0.3173791077701606
UIDWQGRXEVDFCA-XCVCLJGOSA-N,0.6294682951071949,0.4635285,0.33844339999999995,0.47233105,0.4122511928174541,0.5396173005005722,0.552579058038083,0.4115823132354547,0.4602407864646801,0.5865530417619785,0.6013229813537999,0.49895094749554214
FAIIFDPAEUKBEP-UHFFFAOYSA-N,0.6088705905691062,0.14667770000000002,0.08117560000000001,0.3023011,0.4862053677898329,0.5237289435552666,0.5726748532096142,0.5081628933125969,0.7493350654036437,0.8496312148322293,0.6577284421601549,0.35676502637830093
VFEDRRNHLBGPNN-UHFFFAOYSA-N,0.53603557632898,0.37916327000000005,0.27234906000000003,0.48939560000000004,0.3096512839673349,0.286415799596843,0.5034843371849761,0.3618996623148718,0.5894797076504144,0.6317179559841011,0.610254996505958,0.43152877347753293
HXRSXEDVVARPHP-UDWIEESQSA-N,0.9127649857270448,0.43486327,0.5596268799999999,0.62216893,0.8038883978325966,0.8113608287720021,0.7915985248180251,0.789729282005092,0.9426177666645154,0.950750071949123,0.8576145310596786,0.6857065747552874
OQDPVLVUJFGPGQ-UHFFFAOYSA-N,0.1320478956988422,0.40361610000000003,0.31465540000000003,0.46515720000000005,0.2708703017733669,0.3892870156663995,0.3827844362441874,0.270361637386297,0.3357578187914921,0.2078504491794043,0.6503165719402121,0.3382678437480721
RZCKTPORLKUFGY-UHFFFAOYSA-N,0.0782851180627905,0.48366699999999996,0.3457557,0.4871854,0.2443358336085401,0.2765451287320429,0.2804301806813098,0.2498626416128783,0.2765867787963876,0.3644771816642422,0.4335839071036264,0.31496715903819783
VJXSSYDSOJBUAV-UHFFFAOYSA-N,0.0874486035388765,0.52277136,0.49814426999999994,0.5025224699999999,0.1642469553923446,0.1899823155249475,0.2806614629443336,0.1680763195362969,0.1294119211825772,0.0963634392728292,0.3786402523492986,0.35639115213319134
APUDBKTWDCXQJA-UHFFFAOYSA-N,0.2893907307519066,0.26695820000000003,0.19197524,0.31221810000000005,0.2486684821069502,0.2186931068616161,0.3306903048301626,0.2498486016022029,0.1417003838217894,0.0764132947750036,0.3120061846195515,0.260803890019253
QEWPVAOWLNMLRI-UHFFFAOYSA-N,0.2018333730075192,0.45369136,0.45473087,0.58077136,0.2835248431184858,0.2366217176852416,0.3954836349768208,0.2845643455237253,0.2655192136942914,0.2590545186207251,0.2990947241343519,0.35200247109645644
OQGWJZOWLHWFME-UHFFFAOYSA-N,0.1463028348996995,0.6070289,0.50177726,0.48067504000000005,0.3157569296482737,0.3184038410761124,0.2598679800913078,0.3023066132334238,0.4981305742979067,0.5345996698096184,0.2964986740792921,0.38662128657846456
VGYFMXBACGZSIL-MCBHFWOFSA-N,0.8234658446243847,0.6690366999999999,0.7199393199999999,0.7196495199999999,0.6906510795825302,0.6999525687887318,0.7475586587563051,0.6761282440119303,0.9060394702112144,0.8840651757007979,0.7936392834426094,0.7476256645448356
ZEMIJUDPLILVNQ-ZXFNITATSA-N,0.3045349271092064,0.61710244,0.6914292,0.74193877,0.4899962595175913,0.7436544075814161,0.8022265230404878,0.5514267034595216,0.5570497744287305,0.548142856313666,0.8767915355324697,0.5874058614996387
GZKLJWGUPQBVJQ-UHFFFAOYSA-N,0.238854047246931,0.3776541,0.3014523,0.43578684,0.2790658539767593,0.2544297604156458,0.3677717413318359,0.2448994360342303,0.2996710410670656,0.420057786601866,0.231607224075159,0.29170178720338463
URWAJWIAIPFPJE-YFMIWBNJSA-N,0.0456385870658392,0.7074952999999999,0.7438531500000001,0.85931727,0.582326666615865,0.7418890472687619,0.6161164071250256,0.5375136342656937,0.8681279451639479,0.8592700265006855,0.6962133284290186,0.5227386084606874
PNUZDKCDAWUEGK-CYZMBNFOSA-N,0.1098697630586264,0.6959474999999999,0.6928044,0.7050984499999999,0.2868658912081318,0.3547594567154696,0.4190956522218404,0.2951652540818437,0.1645823373282508,0.2867429013712607,0.3863324206471322,0.4641082830919263
UCFGDBYHRUNTLO-QHCPKHFHSA-N,0.0872665892938248,0.5661448499999999,0.61621413,0.5961717,0.6446367833157384,0.6442562144605078,0.5740583073671567,0.6117065576132126,0.748715883034334,0.7270759179737508,0.741305698720793,0.47393059908249985
XFCLJVABOIYOMF-QPLCGJKRSA-N,0.9269874754755444,0.39024353,0.43700205999999997,0.4952875,0.8001995859350861,0.775722682119317,0.7917988522902959,0.8063394898087177,0.9297364934644434,0.9250835803110302,0.6999599942114011,0.6208230653374294
WUWFMDMBOJLQIV-UHFFFAOYSA-N,0.9186035319171344,0.39293915,0.31620896,0.47384244,0.5100619593146818,0.4496059786960873,0.6044452669865957,0.5098476158519436,0.6196661518763177,0.6183815527466365,0.7896532991448931,0.5909321795326153
NZHGWWWHIYHZNX-CSKARUKUSA-N,0.8222477523199276,0.6547751399999999,0.69899422,0.6170129799999999,0.6336971407821504,0.634299935711148,0.5003478117518105,0.674672829139342,0.720919565941754,0.7322486162535794,0.486383870837807,0.6849142256560727
NOSIYYJFMPDDSA-UHFFFAOYSA-N,0.2945868412018532,0.368418,0.27321196000000003,0.41445195999999995,0.4402777014312106,0.4149223333224162,0.5812086497238466,0.4812748909450924,0.7812811779588549,0.7353681415234226,0.7083446171328456,0.3809494969901479
XLOQNFNTQIRSOX-UHFFFAOYSA-N,0.6841059114603705,0.29032623999999996,0.2025903,0.3112933,0.4403449898181281,0.4904373468293836,0.6180628212507707,0.4731711999884757,0.7115932697846791,0.6740324114823055,0.65289744924436,0.44465020392070903
PWKSKIMOESPYIA-BYPYZUCNSA-N,0.0759161397564959,0.75527005,0.8562659,0.7367689,0.2878051002899413,0.2539337348041103,0.2479198994557661,0.2368604462357595,0.3581756596978278,0.4521200878372008,0.3051900647485924,0.4979662822130064
SMEROWZSTRWXGI-XBNKRGGSSA-N,0.3119858564836579,0.6287374,0.7025300999999999,0.79997048,0.5050944807546882,0.2719290177557516,0.2969634637898871,0.5385581226224946,0.5560872591559523,0.500835543463738,0.3196704650036818,0.5019204577431154
MGQLHRYJBWGORO-UHFFFAOYSA-N,0.921444787844831,0.28186846,0.19979080000000005,0.40935999999999995,0.6967212357337015,0.745652892199969,0.6583550198598819,0.6395346396384618,0.8530372089114127,0.7676950141750258,0.8130241285872754,0.54297111358416
IPOKCKJONYRRHP-FMQUCBEESA-N,0.5113425107882233,0.5837351399999999,0.51982203,0.65846938,0.4487142726598725,0.4045546288449989,0.4665805979295577,0.4471268756730609,0.4971750748322848,0.4657294568592411,0.525800049000873,0.5318149519228639
ANZXOIAKUNOVQU-UHFFFAOYSA-N,0.5468826027728136,0.32217723,0.1985135,0.31168569999999995,0.2981158928575778,0.4353371924749813,0.5523052386463424,0.3219158733062255,0.0991420049173568,0.1861595129678584,0.6458660855755529,0.4065616488730355
VXMOONUMYLCFJD-DHLKQENFSA-N,0.1079839827934512,0.5829451,0.6748228000000001,0.67396933,0.3636201569854953,0.3191932157236497,0.4038357721461906,0.3554022155967833,0.5235627597251047,0.5759270243807872,0.5477864617367667,0.4583299591896251
YWQGBCXVCXMSLJ-UHFFFAOYSA-N,0.4973794981828434,0.46348923,0.34800850000000005,0.44369304,0.340581765789815,0.5880701818706527,0.4558102133528876,0.3125744130128045,0.3325462766583842,0.2861250022768681,0.5576596979465213,0.45387383467920284
NBMKJKDGKREAPL-DVTGEIKXSA-N,0.0312613263959742,0.6791539799999999,0.70989132,0.8380139600000001,0.4397114032398947,0.1385595256436932,0.396287269400745,0.4409536231570469,0.4787327546294536,0.5033434440103796,0.3491993337507908,0.4405895617613827
SYLKGLMBLAAGSC-QLVMHMETSA-N,0.1477328738495198,0.60064903,0.68800706,0.76506487,0.299228595918149,0.5820401928292604,0.6291124256372533,0.3132755032445796,0.0548367212132806,0.1514712909496674,0.4808761568977552,0.46704617409693333
ORFOPKXBNMVMKC-DWVKKRMSSA-N,0.9136346391172578,0.4157813,0.49930394,0.67053586,0.91213815017074,0.8922994875280024,0.9080152105873608,0.903052094666322,0.9552405289944454,0.9536785317877456,0.9313464249603008,0.6814478969852525
UIYAXIPXULMHAI-JLGRZTKVSA-N,0.8860054042697373,0.39731289999999997,0.49228554999999996,0.65406013,0.4931605390512601,0.6286740303834972,0.755394748700735,0.511425698339727,0.5426755385904646,0.33650894005666,0.7777333725808434,0.6282446013409068
UNJFKXSSGBWRBZ-BJCIPQKHSA-N,0.7957275570790929,0.46846664000000005,0.620546,0.7309729,0.7512509430457891,0.7913872109276998,0.7640953911742393,0.7506355783942521,0.8562255168846044,0.8273270914761705,0.8244853796861787,0.6698662496362647
NNULBSISHYWZJU-LLKWHZGFSA-N,0.9068331784700258,0.46228040000000004,0.5608697,0.70424566,0.7142964463748428,0.9244411700417484,0.8082762001193572,0.685464520208329,0.8229182685495375,0.8556461400525291,0.8371802112577033,0.6854207183527032
KEJCWVGMRLCZQQ-YJBYXUATSA-N,0.8995617091757012,0.31047899999999995,0.44058719999999996,0.6985260200000001,0.7986821896971746,0.9460996595184664,0.919245522748862,0.7829799063380131,0.9050382935553074,0.938352778435936,0.9030615906320192,0.6275046721028548
CXHKZHZLDMQGFF-ZSDSSEDPSA-N,0.93827693244205,0.41235805000000003,0.5086679000000001,0.68660605,0.7370847778564953,0.797648625707772,0.8815685509613548,0.7298805539445614,0.952499677917494,0.9217319274924706,0.9245816304229388,0.6833533643920239
JCAQDHRMMNMVNW-GKBQGEFGSA-K,0.1916925177822098,0.05453719999999995,0.5903419599999999,0.59532356,0.2736672273061221,0.3156784610941205,0.3568822040450168,0.2837921192094245,0.0865671283570744,0.0199719811457876,0.3515156625816572,0.29185879814261306
FZWBNHMXJMCXLU-BLAUPYHCSA-N,0.0226176327300627,0.7516524,0.82136555,0.9180177,0.1168611688503539,0.0092615701195119,0.0819655124414153,0.1102449319812795,0.0287890585547755,0.0455730010395968,0.1356106874550506,0.43878434257441956
XUIIKFGFIJCVMT-GFCCVEGCSA-N,0.8184768271543016,0.78574753,0.87089482,0.76564732,0.8207429622326115,0.7613557713379598,0.6978585289210887,0.8210464862995357,0.8700459088826884,0.8551813980716098,0.6835305289708667,0.8013758722046228
WVYXNIXAMZOZFK-UHFFFAOYSA-N,0.2382216290608727,0.26886684000000005,0.1620642,0.4685743,0.3145967973179186,0.2364290181267095,0.2853054218297071,0.2719909901050862,0.1730252538839037,0.107977471387811,0.1378256149662912,0.21260767094648517
JJCQSGDBDPYCEO-XVZSLQNASA-N,0.0358222397634832,0.7219177,0.75809236,0.89713192,0.5448575639757105,0.5135409339328545,0.5585638172428119,0.5555477062603879,0.7762665974117933,0.5891622275644562,0.472657714878329,0.4899035354995886
STBMTRPPGSYEFD-UHFFFAOYSA-N,0.2654490681551733,0.3826068,0.29193199999999997,0.37906706,0.4224107499588952,0.3072888877660554,0.3995642796492332,0.4641813637255587,0.7241833687319035,0.6195455546327371,0.6231064575508597,0.36528038039139243
UYOQLRWPQRXCPG-HFXMYSAISA-N,0.186888276195082,0.6822488,0.80555508,0.6705288,0.3383943561128424,0.372393974524119,0.3815976624081401,0.3378874819584047,0.7015221913793128,0.6953686196458398,0.6752370549403073,0.5596562694012394
RWTNPBWLLIMQHL-UHFFFAOYSA-N,0.5299877856580888,0.30683863,0.30029300000000003,0.40631530000000005,0.2699500065197549,0.2575535613946487,0.2677231452762509,0.2480460263189166,0.1901856458617661,0.2073212429217192,0.2242754769426585,0.35373598535832285
XBJBPGROQZJDOJ-UHFFFAOYSA-N,0.368877642971305,0.4152629,0.29721737000000004,0.5041442,0.3987063899927976,0.5580971820383774,0.4720371029620461,0.3862847939971711,0.5785090394728735,0.5937924967580943,0.6660226489463371,0.4111004083375599
NYSDRDDQELAVKP-SFHVURJKSA-N,0.1335295181710521,0.5586532,0.53508434,0.6149932,0.3155975899351085,0.3219137044563835,0.2944738164509684,0.2622342022075214,0.3107187864782435,0.3116372798227609,0.5273439030902354,0.4168091316224058
SADQVAVFGNTEOD-UHFFFAOYSA-N,0.1147935942005305,0.5295564500000001,0.46606840000000005,0.47550079999999995,0.2360499877226824,0.2143106372389184,0.1972902965259907,0.2515031779205474,0.3277289429354549,0.3189264800144352,0.3523176496597149,0.35459441100329636
DNAWGBOKUFFVMB-PZIGJSDBSA-N,0.1021770453715538,0.7667584000000001,0.83053906,0.77010038,0.1965618615224935,0.2290026494435589,0.3271123538057254,0.2189595174803516,0.1039400510400655,0.093078603990126,0.4991980522890854,0.5305212977128211
XTYSXGHMTNTKFH-BDEHJDMKSA-N,0.1353417596642368,0.62980133,0.66020426,0.7490993699999999,0.727775815405703,0.6761524006580855,0.6423414368511159,0.7158928754746774,0.9121783556187152,0.9016283096695756,0.6795329848213908,0.5085636943384283
LWYJUZBXGAFFLP-OCNCTQISSA-N,0.1276867709568079,0.6715268999999999,0.69110844,0.75989652,0.3802413922828673,0.4403791594933196,0.4018196452898316,0.3829246855407418,0.4013654341022801,0.1418805199012476,0.4513844590824168,0.4756481818728668
GPKJTRJOBQGKQK-UHFFFAOYSA-N,0.7569739266727401,0.38462320000000005,0.30225486,0.42602720000000005,0.3499754780847074,0.4922854633547288,0.2971669693946432,0.3234883715693065,0.4681712705301944,0.3936464483342497,0.5308494489591014,0.4900549716793024
NPPQSCRMBWNHMW-UHFFFAOYSA-N,0.2039406099255708,0.58048597,0.5466698,0.68808362,0.2415387561534066,0.1704479449528427,0.329212388643998,0.2221895079148977,0.3417516804022448,0.3410528652418864,0.3474485690449465,0.4146588976212094
JARCFMKMOFFIGZ-UHFFFAOYSA-N,0.1215403674441287,0.28240407,0.22813570000000005,0.30927249999999995,0.2932935043994306,0.2082728419455429,0.2018159969521532,0.2870739180673616,0.4434908290910707,0.4279550004873522,0.3290572639009766,0.22945960111195476
RDXLYGJSWZYTFJ-UHFFFAOYSA-N,0.601572974235527,0.55230245,0.3620765,0.48040210000000005,0.2732398272506483,0.3039863217860457,0.3579318690114234,0.2347716338993133,0.3762488857344531,0.3664546580024435,0.4343376870490085,0.48685029371261496
PVHUJELLJLJGLN-UHFFFAOYSA-N,0.8104010597851753,0.17999140000000002,0.10405505000000004,0.36353725000000003,0.5210148453700697,0.5647203475424247,0.5736245901729852,0.4456599680672272,0.7964756384319388,0.796273103365272,0.6433078330696843,0.4271694993485172
ATHHXGZTWNVVOU-UHFFFAOYSA-N,0.1058549957241624,0.5857951,0.65381175,0.5745647,0.2485078681586857,0.0949677144786856,0.2328440127620032,0.2444756808366838,0.3603313223662667,0.3490030436657198,0.3711009454144957,0.41948953843743025
KZUIYQJTUIACIG-YBZCJVABSA-N,0.4165334441436374,0.69325128,0.73172286,0.7886751599999999,0.5912579589016964,0.5562820305863087,0.5080657894417046,0.6284117146145445,0.8153749324842006,0.8075971939044277,0.7453517896753461,0.6282982733777142
NPGNOVNWUSPMDP-UTEPHESZSA-N,0.1153236241805917,0.6191087,0.7121417,0.71220857,0.5533809118371639,0.5404050693480903,0.5348919961294459,0.5816331720016269,0.7314080427595843,0.7237469570441958,0.6229182925282961,0.4984602944158128
FIADGNVRKBPQEU-UHFFFAOYSA-N,0.8094803305061299,0.31969552999999995,0.2683181,0.4325156,0.7218347987738618,0.5912140772540191,0.6281887198062299,0.6890670153133962,0.8686197417215489,0.8713888188916572,0.6042568114626741,0.5059134533621604
DDDQVDIPBFGVIG-UHFFFAOYSA-N,0.1530506959862968,0.45841149999999997,0.33464646,0.42696774000000004,0.2800538386207403,0.3400789424147078,0.4363461832112602,0.2741335752161572,0.3410143517137559,0.3184830678611177,0.3489373634131464,0.31593528076935185
XDKMHMINQXATOR-RCFLUEAHSA-N,0.0688213626791317,0.60583404,0.70739728,0.95463697,0.4804999841349793,0.5864257711344997,0.5959958469331558,0.4843859420498007,0.6185246700708973,0.7770572015411238,0.791118495808495,0.5059111295996684
ZBMZVLHSJCTVON-UHFFFAOYSA-N,0.2428639288708287,0.29717886000000004,0.20446103999999998,0.28565910000000005,0.289481846328749,0.2700373477780327,0.378528184680961,0.2533937053370688,0.2054735551286582,0.2042384614899099,0.6210291024115759,0.3096391942082875
DZZWHBIBMUVIIW-DTORHVGOSA-N,0.4394478011783256,0.57557338,0.62640992,0.60430104,0.73184607156548,0.8053383022572551,0.7183568389275726,0.7470013164748127,0.9135649125069848,0.9064361022310524,0.7450211322824832,0.5835945542926322
UNFWWIHTNXNPBV-WXKVUWSESA-N,0.0549447171071418,0.70528477,0.75749831,0.80976129,0.1743040910186199,0.2446316165263637,0.3198420805819817,0.1647210092808007,0.0579491783257475,0.1455698518157201,0.4155563153836155,0.4682142849660949
ACTOXUHEUCPTEW-CEUOBAOPSA-N,0.024853730829916,0.60420406,0.7149924,0.906117745,0.1260420082527396,0.1492632563396171,0.1384796186740466,0.0998883162857414,0.0484757200403433,0.0363106068276384,0.2881443151018127,0.3993646569554176
UIRKNQLZZXALBI-MSVGPLKSSA-N,0.0425738015886389,0.62382266,0.7074585600000001,0.88980107,0.1567214432421775,0.1904665961992157,0.2961368720686405,0.1422989983053933,0.0459601218113585,0.0404641449699858,0.3817729237843902,0.4247797311795143
LKAJKIOFIWVMDJ-IYRCEVNGSA-N,0.0690545978694187,0.72135377,0.70333424,0.79284462,0.7499728073947733,0.6693557631531069,0.8224282602813409,0.7650922573412043,0.8623837827316466,0.8483223390993762,0.7838679505035544,0.5433211955794568
IGLYMJRIWWIQQE-QUOODJBBSA-N,0.0601382986613704,0.76196444,0.772157,0.7328621399999999,0.3956442203025169,0.5954018250854445,0.4891932332740108,0.4182911194773918,0.435735395315839,0.5416903755924679,0.4799157320076446,0.5065487639787705
YFDSDPIBEUFTMI-UHFFFAOYSA-N,0.1151250648214136,0.5959221699999999,0.8596365699999999,0.7734614200000001,0.3189320282142271,0.3384003214153776,0.3192337853561018,0.3262756335112217,0.2880789607820998,0.3145920709701482,0.3617480866923542,0.48044588253895265
XSTXAVWGXDQKEL-UHFFFAOYSA-N,0.2958966155634119,0.3925109,0.31419319999999995,0.46011199999999997,0.2239052995545712,0.3425175445139308,0.1669247051914693,0.2497577475434961,0.3187553162423649,0.2973512057641954,0.3703096670493303,0.3335638162470196
YVPYQUNUQOZFHG-UHFFFAOYSA-N,0.0357219805304897,0.63827476,0.7732787999999999,0.67504725,0.1538946191309378,0.0757249360430516,0.1669751878197519,0.1619765938986689,0.0424854187452897,0.0761741919159251,0.3478149413784911,0.4370863677931487
ALYNCZNDIQEVRV-UHFFFAOYSA-N,0.173911493090517,0.62115765,0.60917613,0.6081766200000001,0.2137576555449883,0.1325081528695956,0.2773220080686586,0.1848712208011992,0.2631698720977957,0.2672214843845532,0.4274125740703705,0.4443240384456679
RUDATBOHQWOJDD-BSWAIDMHSA-N,0.0207529149657727,0.69445738,0.7151204,0.87135522,0.6990432194136931,0.613348041436485,0.5870504126976989,0.7328314864711192,0.7454103688744629,0.7726838772769853,0.5306096807910592,0.48162254444351343
DBVJJBKOTRCVKF-UHFFFAOYSA-N,0.5371511409574304,0.59583884,0.92211668,0.5797015999999999,0.6349088248398165,0.4819833688981652,0.6526762835286604,0.6329016507197207,0.8462329374094502,0.7398829804983573,0.5424711128869308,0.6584385550577624
LPEPZBJOKDYZAD-UHFFFAOYSA-N,0.415315025953026,0.66673344,0.49122416999999996,0.46288836,0.4500337282623377,0.3040806022634607,0.2615705531187579,0.4269732767843531,0.3709090619263013,0.4113014954360418,0.3959834294762023,0.4952854290461484
FEJKLNWAOXSSNR-UHFFFAOYSA-N,0.4475849419415986,0.391942,0.35125196000000003,0.5285652599999999,0.2327404111381534,0.3466280314345052,0.3368867902280115,0.298936085856282,0.2574399432305383,0.357423893561507,0.4987649727124654,0.40868202548662935
BNQDCRGUHNALGH-UHFFFAOYSA-N,0.7249008869513133,0.29418087000000004,0.21169760000000004,0.4794535,0.2062904942622265,0.1935749110612694,0.2435199270228207,0.2207044639643965,0.2582371562288498,0.3840483468835983,0.2022874217028566,0.37679609936293434
AIZFEOPQVZBNGH-UHFFFAOYSA-N,0.6482961992416961,0.50240222,0.41278017,0.47495717000000004,0.3049399965358719,0.3168032819391628,0.3667551094109566,0.2649690485677172,0.3798693822803822,0.3824332373532309,0.4826300665933837,0.5096647866615092
CULUWZNBISUWAS-UHFFFAOYSA-N,0.130767340391017,0.5345930999999999,0.39260923999999997,0.52104807,0.2214815623407349,0.2481190412217256,0.417066419664969,0.2264233386759704,0.3730943743257893,0.4810828399057786,0.4077786702381898,0.3515552614963869
PNXBXCRWXNESOV-UHFFFAOYSA-N,0.1350843831381279,0.66155857,0.46125424000000004,0.49569810000000003,0.2455739289284524,0.2490076719939374,0.2778944884421791,0.2605221607757446,0.3212109076352543,0.4202004223291502,0.3465677909810037,0.39254340098926904
SEERZIQQUAZTOL-ANMDKAQQSA-N,0.5923184882990974,0.5859559999999999,0.6869346199999999,0.6766376000000001,0.8205854863653861,0.6766732957600161,0.8534188655079225,0.8067779503132891,0.9394684441721451,0.9377010386394754,0.8652831687678847,0.668801954581693
WIIZWVCIJKGZOK-RKDXNWHRSA-N,0.0217176064368115,0.62207624,0.7447600400000001,0.7034144,0.0999642742437689,0.0659041937115602,0.0889594720145046,0.1006981171543733,0.0418037512437072,0.0409679001049236,0.3091570437885518,0.4129225482605303
GHXZTYHSJHQHIJ-UHFFFAOYSA-N,0.1012541281037659,0.63097984,0.5327259,0.6043756,0.2763370246726984,0.2226018332834605,0.3075159112472798,0.2338683949183259,0.0786341578157952,0.1304309388581976,0.428163595515574,0.4083462477577655
MCEHFIXEKNKSRW-LBPRGKRZSA-N,0.3036708979751271,0.5972378300000001,0.63752747,0.6884867299999999,0.3913352127028567,0.2941426429616973,0.3928105792188299,0.3922962469392297,0.4254016360982537,0.3050035812124881,0.3268410422264541,0.473051391705922
MDNWOSOZYLHTCG-UHFFFAOYSA-N,0.0989557915511476,0.5486576000000001,0.42371636999999995,0.5013002799999999,0.3757512758933478,0.3603084766997544,0.2888158177931108,0.3763546061247714,0.6622911299970959,0.6895360340312624,0.2052612063580072,0.3253911842147121
DOBMPNYZJYQDGZ-UHFFFAOYSA-N,0.4724144180494551,0.60404333,0.50474828,0.577699,0.4912670926712255,0.245136719665371,0.5066827724173221,0.4784191953276184,0.5194028792089447,0.4087303101817044,0.5525037641866851,0.5278742013677935
KYHUYMLIVQFXRI-XYUQHQMCSA-N,0.2364191393636071,0.51688695,0.63263267,0.7978116,0.4086146765203732,0.4263572448518475,0.3047380016636992,0.4665632819435306,0.4614403349863551,0.7460217175122094,0.118634158359816,0.3987883432934519
XKKCQTLDIPIRQD-JGVFFNPUSA-N,0.1508928337886241,0.75776152,0.80001079,0.6841338,0.7069781868058541,0.7817801886106109,0.708887021750424,0.6845387161988763,0.7742674725974987,0.7957187349150161,0.6440466256344236,0.5764698477202386
QJMCKEPOKRERLN-UHFFFAOYSA-N,0.2254471036818569,0.65483925,0.64603177,0.6205362400000001,0.2852523061634465,0.1437333352036852,0.310698474033015,0.3158059149070261,0.3609909400262946,0.2632647227575035,0.3398164194904258,0.4656723100686867
ZPLOQFLCMVIWRY-UHFFFAOYSA-N,0.5087450966252199,0.33649910000000005,0.24646586000000004,0.40726260000000003,0.2290873406106827,0.2734631428099029,0.3015017597238369,0.2083900923544643,0.1427897048720706,0.2538715851056812,0.2878887913567586,0.35024222293828544
UHRBTBZOWWGKMK-DOMZBBRYSA-N,0.4061452893951,0.5392208000000001,0.58783013,0.67156076,0.7285138094441511,0.7179610837123473,0.7063645420684085,0.7450886641318382,0.9253540132320348,0.9412778549699377,0.7956359997192423,0.562670270181579
ODKNJVUHOIMIIZ-RRKCRQDMSA-N,0.1329401751004499,0.76646917,0.8048388399999999,0.71206844,0.7429254122237345,0.7758710044136845,0.6910978963541088,0.7412058311158757,0.8405903531984459,0.817437812306871,0.7593258525328824,0.5942083091832087
CPEUVMUXAHMANV-UHFFFAOYSA-N,0.6421365339844989,0.56972966,0.5062394,0.5144745399999999,0.3918033958586843,0.6031545291339491,0.4609504415792769,0.3608915367381879,0.2633918527964788,0.2222661101709606,0.4347062419397702,0.5454556967373956
UIOFUWFRIANQPC-JKIFEVAISA-N,0.8704718673559363,0.5782206,0.54805103,0.6793267700000001,0.9225007590685604,0.970799042915076,0.967464161231162,0.9219995244976388,0.968650863497884,0.9603491836761154,0.9442270858794344,0.7259979225194423
HBUBKKRHXORPQB-FJFJXFQQSA-N,0.1081861602322044,0.7553072000000001,0.72683844,0.71467695,0.7862560644803579,0.5496240535658103,0.698634440538796,0.7719509362888013,0.90800379038585,0.9340147384882486,0.6880848880696354,0.5538028573406568
UXYRZJKIQKRJCF-TZPFWLJSSA-N,0.0454766960315538,0.71192938,0.7199961,0.81938148,0.4720933248195945,0.5355641038338225,0.418920837207709,0.4347056305654441,0.588007814155109,0.5867583584747196,0.5001427315117328,0.4809041694945101
MHIGBKBJSQVXNH-IWVLMIASSA-N,0.0786620144786494,0.6209743999999999,0.7021375599999999,0.76482007,0.4993735127942709,0.3207281522794111,0.5471409817516758,0.5328468906857775,0.649353918585553,0.7070169230725891,0.6121368198232808,0.4826287309626707
XXYTXQGCRQLRHA-UHFFFAOYSA-N,0.5198368310105994,0.46643966000000003,0.34265393,0.41829320000000003,0.3439531247422762,0.4006427821130305,0.4129243835498507,0.3162204100227667,0.4276613083322268,0.532245344150764,0.4521430607924293,0.4423999773402651
DJGAAPFSPWAYTJ-UHFFFAOYSA-M,0.117160706709741,0.47790829999999995,0.34159416,0.4469423,0.6832715065526901,0.5878055472239534,0.6040963338825411,0.6862950697316867,0.8017523749677712,0.7968770657472324,0.7535333484225183,0.3911467119303955
YXVZOBVWVRFPTE-UHFFFAOYSA-N,0.8780879982433385,0.26069677,0.209515,0.31521887000000004,0.4009753869081113,0.6613648604229656,0.6428024805062241,0.4438376652557448,0.6264772421690467,0.7288553624209275,0.7267300696438831,0.5048878864848306
PGAUJQOPTMSERF-QWQRBHLCSA-N,0.219504801137041,0.6858655499999999,0.7162993799999999,0.81482488,0.4534555226903932,0.5945308862211821,0.4132435620473679,0.386710704020937,0.5619981862432615,0.6349992642657648,0.7425899023372947,0.5608814728610304
ZDHCJEIGTNNEMY-XGXHKTLJSA-N,0.0641519187379504,0.72725525,0.7409302,0.79449359,0.4352532977844063,0.5317328093280157,0.4026621872335904,0.3842544134829034,0.5170902669963514,0.5995737877874804,0.5544419474179011,0.5029916891930422
VIKNJXKGJWUCNN-XGXHKTLJSA-N,0.0350131049297276,0.73017168,0.7529019100000001,0.7947177,0.7119270755129852,0.7547175356160184,0.6388278283190657,0.677506441408708,0.7697117258139339,0.7343242459662597,0.652331387554979,0.525000828445285
ICTXHFFSOAJUMG-SLHNCBLASA-N,0.0483501180139772,0.71781474,0.75325954,0.77650061,0.5428310904193586,0.6620120335335102,0.5392546554770842,0.5416830697355199,0.7367520328573103,0.7137639646605685,0.6485030476357292,0.5190186854354392
ZXSWTMLNIIZPET-ZOFHRBRSSA-N,0.1144167467588871,0.72930902,0.7421473599999999,0.7825507700000001,0.4830312422659998,0.5266463179594696,0.5347726161061194,0.424281552087631,0.7122058330070659,0.713221456453201,0.660042441328688,0.537710373575457
YJQPYGGHQPGBLI-KGSXXDOSSA-N,0.0987621123601362,0.5981087,0.6583032600000001,0.72529355,0.7239435767543168,0.4536872446853033,0.5630868460109778,0.680429123591422,0.8705926344014873,0.9248948761290108,0.7138529623791766,0.4942928362297741
DEQANNDTNATYII-JDBXKHNRSA-N,0.8558451343551936,0.68865886,0.6783394,0.8340472,0.89437850551591,0.8612837047074169,0.8485428669635406,0.8848827198452981,0.9319164146372988,0.9197924580094144,0.8208844421682495,0.7623568438072059
DURULFYMVIFBIR-UHFFFAOYSA-N,0.8309677411534149,0.2832266,0.20474789999999998,0.34061635,0.4257277697010316,0.5858153179980348,0.6738060312460883,0.3903628738382701,0.5953954637355112,0.556663625926864,0.7152460839484511,0.4951628736475347
UAUHEPXILIZYCU-UUEXUKNBSA-N,0.0947834974249455,0.6597605,0.70401877,0.85360439,0.1236195736084351,0.1900212107538126,0.2258291619991335,0.1565530277174697,0.1863418380587189,0.1675107886677478,0.187215662626573,0.414963377995517
FASDKYOPVNHBLU-ZETCQYMHSA-N,0.1145230809086203,0.70157772,0.74454612,0.655154,0.6430744574858577,0.6454982406578208,0.5857811785205042,0.6180817574013454,0.7415790232989442,0.6959138535074741,0.5325503866383495,0.5163766689492071
FSVJFNAIGNNGKK-UHFFFAOYSA-N,0.4301437340461964,0.23809020000000003,0.15264449999999996,0.3600453,0.3100798812252571,0.4028303147784199,0.3113374298928945,0.3514729607131236,0.4174532300174334,0.4139575549342382,0.3483035052495547,0.290589040295408
IENZQIKPVFGBNW-UHFFFAOYSA-N,0.1555631034477684,0.48114645,0.3757146,0.498074,0.3404221058164111,0.3507298040213089,0.5139992618526807,0.3292453760212284,0.5598571140054825,0.6122685214487958,0.6608409211465787,0.38568147448732354
OIGNJSKKLXVSLS-VWUMJDOOSA-N,0.4357107955936141,0.6834183300000001,0.72881323,0.8269740800000001,0.8520651591517798,0.8424048341594539,0.7394387488331022,0.8472553344135699,0.8747968495782784,0.8538154760940859,0.7783487812794251,0.6459694731484575
XOFYZVNMUHMLCC-ZPOLXVRWSA-N,0.7447656262934218,0.6704512499999999,0.73815495,0.81227759,0.8361856871764295,0.881149003172066,0.8799249051660211,0.8369220132143361,0.8985518572889927,0.8936604974327329,0.8755032047825013,0.7492652287106346
MMURVNDSFNJHAM-OWOJBTEDSA-N,0.1136584141816692,0.7125846,0.73501372,0.6025024,0.215540946206363,0.2539446697137463,0.2191420487565673,0.195947376469325,0.1348487423859868,0.1333361102815568,0.38260105049006,0.4758169930921301
UCSJYZPVAKXKNQ-HZYVHMACSA-N,0.0555994745622505,0.67689285,0.7432039699999999,0.92907669,0.2454456944566832,0.2146601386886799,0.2331318523738307,0.218879624011383,0.0073378397523668,0.0070180217330382,0.1743441086818652,0.42024197602245683
AGRCPNMCOXLKFO-BDVNFPICSA-N,0.0421083525446834,0.76432247,0.83663926,0.80249234,0.2668151891752158,0.2998248480844144,0.2014017727735302,0.237695901162802,0.2914438576599119,0.2544681990882313,0.1159412120166451,0.45413166084294465
JETQIUPBHQNHNZ-OAYJICASSA-N,0.1765274653944543,0.49938004999999996,0.5496756,0.69122142,0.4873509207906923,0.4534745984250653,0.6809925770273781,0.5066353268446939,0.4531014396351541,0.4512671069200678,0.6831945197131466,0.4517836598643162
NQPDXQQQCQDHHW-UHFFFAOYSA-N,0.0966308119376692,0.45088065,0.37424123,0.4146229,0.3094925380698236,0.2749189637006098,0.3177524831897048,0.3329753280930405,0.2954174347895147,0.4542385597523632,0.5633720417069175,0.34251613646262247
HWHLPVGTWGOCJO-UHFFFAOYSA-N,0.0744115235972165,0.51478165,0.44602644,0.5642817600000001,0.1712295718748768,0.16813306282617,0.2356228553308731,0.1620430888856405,0.11761499633503,0.1345210005810685,0.3529086165998328,0.33259751280112176
NOYPYLRCIDNJJB-UHFFFAOYSA-N,0.8404401306615412,0.51507083,0.4833761,0.51698312,0.5874984101038053,0.5762762193608824,0.5126809620690658,0.6357642770280515,0.7258214400366962,0.7052642613640373,0.5843474457229187,0.6123224544341416
VZCYOOQTPOCHFL-OWOJBTEDSA-N,0.2917694962840555,0.76760034,0.894310236,0.72888228,0.2132871034984434,0.3089667859621776,0.2850765354403544,0.2321422566946777,0.2090898264308798,0.2512007584669131,0.4138936201692785,0.5878268668920918
IECPWNUMDGFDKC-MZJAQBGESA-N,0.0748628666331727,0.6062015000000001,0.68017596,0.881639645,0.7742655148379486,0.6681542839886483,0.6922865728189563,0.77348723020611,0.8873260104055307,0.8914227076736713,0.7210114543415241,0.49924488885567264
WWVAPFRKZMUPHZ-UHFFFAOYSA-N,0.0621264087710524,0.72483763,0.8369035,0.80056098,0.2375146281443793,0.1697562462261499,0.2100702940676722,0.2456093358348859,0.0712358244229524,0.048761123998034,0.2314350453376263,0.4675703904729416
FZDZULUFHNDEDJ-UHFFFAOYSA-N,0.0476764007091548,0.7084359499999999,0.83812237,0.76008114,0.2694756118332844,0.1028033009751799,0.2278073608961312,0.2626981691277594,0.0935979265717009,0.1150510244889342,0.3343313927113882,0.4772525443694382
OIRFJRBSRORBCM-UHFFFAOYSA-N,0.2193760819580203,0.6316676,0.77381758,0.6897921,0.2125987623687306,0.2190826368672784,0.1761670412749406,0.2095870995203288,0.2199693175665176,0.2687991782559175,0.1016601894197232,0.45020745532584777
JXMIBUGMYLQZGO-UHFFFAOYSA-N,0.0545161740457103,0.72231254,0.84206845,0.7810950999999999,0.2363649297830832,0.1194805651370067,0.2240013958760775,0.2325657071026144,0.0893761706148583,0.1492520772856932,0.2939896135050348,0.4762360738791551
TYYBFXNZMFNZJT-UHFFFAOYSA-N,0.0668388377292854,0.5883847799999999,0.69945344,0.7002574500000001,0.2961359060292837,0.2258566676776039,0.2980449901601951,0.2637638972936767,0.4194218638081545,0.3241049414392962,0.4793246962553568,0.44049485769927654
CTPOHARTNNSRSR-APJZLKAGSA-N,0.7147276357441786,0.65020588,0.73973787,0.77964072,0.7309969570251681,0.7538742536078854,0.6562529033781558,0.7352245012114549,0.8608761687326336,0.8731613507164455,0.7599389985901835,0.7122056889896144
UREBDLICKHMUKA-DVTGEIKXSA-N,0.0636654136043753,0.69135037,0.709079,0.84412317,0.7053442334382481,0.4472161525756032,0.5620036690845129,0.7090182772721344,0.7455478205624457,0.7570259940100867,0.5849365026654261,0.5000629677864474
MRMBZHPJVKCOMA-YJFSRANCSA-N,0.3981553114177965,0.53020614,0.66038772,0.6872639700000001,0.3915926257324732,0.505063702399844,0.7089285269823998,0.3788549150487663,0.3601831635236451,0.4948039677480184,0.726833698427675,0.5559732604177073
NJSMWLQOCQIOPE-OCHFTUDZSA-N,0.0905672936517553,0.6215269,0.63273972,0.51267833,0.2571431633384189,0.2694366157407709,0.3099397421612745,0.2213998130273665,0.1932181402803431,0.0586024685348948,0.0588718789212977,0.36969112989754205
MYBLAOJMRYYKMS-RTRLPJTCSA-N,0.2626540937457449,0.66224894,0.77544978,0.73342353,0.3501004207681753,0.4486002929462953,0.3926141758847288,0.3516186389362776,0.4507070991795615,0.2915385360554194,0.4001135107957693,0.524644082224868
DBAKFASWICGISY-BTJKTKAUSA-N,0.7164906687365674,0.33857744999999995,0.5439328299999999,0.5603578,0.3521265973600667,0.310753410928209,0.3904730892226534,0.319754648556234,0.354871039439916,0.6949633780547023,0.6658379300810607,0.5532258547691925
WSPOMRSOLSGNFJ-AUWJEWJLSA-N,0.8517082192265661,0.39509209999999995,0.5050891,0.44208515000000004,0.6764757920303327,0.439565058877771,0.713338575338829,0.6640036814027734,0.9125516091238204,0.8748772675549563,0.8339579808341665,0.6355252448647312
RGLYKWWBQGJZGM-ISLYRVAYSA-N,0.0962195958713299,0.7099575,0.70739055,0.5822875000000001,0.266658527952394,0.1983565820942477,0.3171243381854935,0.2665193929797863,0.4026271862448454,0.3770449877929998,0.3887990910310702,0.46641514538195206
PCXMKBOWWVXEDT-UHFFFAOYSA-N,0.2817746396697185,0.32739890000000005,0.27425370000000004,0.31370586,0.2865868272368714,0.1746055340644429,0.314564607837501,0.2707203967010572,0.4289488913907687,0.5681198401858715,0.597995173772812,0.3423301128436867
YQVALJGIKVYRNI-UHFFFAOYSA-N,0.1023448766060564,0.69018063,0.78398235,0.69478697,0.2646403050498493,0.2132107517840709,0.2883178034610301,0.2163909270118375,0.1485987495088402,0.0946229655778749,0.3461947782962055,0.47621105402542135
LTMHDMANZUZIPE-PUGKRICDSA-N,0.0032120039050791,0.6138234,0.71474576,0.939946514,0.0463866601406545,0.0080395132348947,0.0388526096908121,0.0386299815093558,0.0142419607657126,0.0423604321148375,0.0731340906268537,0.35781272915932144
VQKLRVZQQYVIJW-UHFFFAOYSA-N,0.1647667421757343,0.61870384,0.61183456,0.6122832,0.4174605843876766,0.225101777473996,0.2294045236074728,0.482621993671266,0.6511947567864416,0.5553031393201917,0.0499388295582179,0.3872297354190782
ASXBYYWOLISCLQ-HZYVHMACSA-N,0.0475731446911145,0.68969378,0.75283735,0.92768157,0.1802656668708155,0.1701314496111246,0.2080393989874079,0.1583110205895258,0.0566300941949634,0.019660126237861,0.2095116147412158,0.4271228549383393
SGUAFYQXFOLMHL-ACJLOTCBSA-N,0.2594409418712983,0.7344766,0.7628214,0.67816806,0.6670406079019231,0.6127046217657577,0.6076928582459606,0.6387849829521767,0.8086596086393544,0.811898863491277,0.6556962823429549,0.5912610956281182
DPSPPJIUMHPXMA-UHFFFAOYSA-N,0.8632088416686708,0.46971739999999995,0.3755349,0.48207265,0.3767069332531401,0.3315254773629153,0.3719351352295626,0.3778251490817224,0.4718346976451653,0.4990921975999383,0.446384216655156,0.549035830487971
SMANXXCATUTDDT-QPJJXVBHSA-N,0.2337250133301139,0.38013850000000005,0.31183183000000003,0.4347491,0.2567637281381121,0.3671508055299696,0.5755283945521079,0.2418666047802461,0.1596916066253871,0.2558476256541802,0.5129713447307137,0.33990896996234227
ARPYQKTVRGFPIS-VIFPVBQESA-N,0.0992639071646079,0.72501087,0.69892865,0.6344497,0.4952080094285208,0.509145251771971,0.6118288099508802,0.4826256202358447,0.5445187383239916,0.6535828975015733,0.618055783491648,0.5153254600720661
YLRFCQOZQXIBAB-RBZZARIASA-N,0.0731226900532418,0.7264436000000001,0.71713838,0.80804476,0.752855011195578,0.7292212004871257,0.6302186760084508,0.7689905058894397,0.8208975070242189,0.7932463243895177,0.7186164161059934,0.5372125683526712
OBWGMKKHCLHVIE-UHFFFAOYSA-N,0.5377805066853162,0.33374022999999997,0.26092064000000004,0.38794196000000003,0.4826352635177021,0.388502547387054,0.5461948334949208,0.5032569192090128,0.6921916456169563,0.7916815628373504,0.7973701255294582,0.453169442676078
QROONAIPJKQFMC-UHFFFAOYSA-N,0.0783793169229461,0.53410617,0.45334375000000005,0.5067117800000001,0.2872277042574387,0.220690399615401,0.3013297926726083,0.2832449213490278,0.4887959597806815,0.5437489194243115,0.2797226096870144,0.3330089932753342
FFINMCNLQNTKLU-UHFFFAOYSA-N,0.0443340696456385,0.7321991,0.84536208,0.76812926,0.2580743324408704,0.1247122806217603,0.2137375587133683,0.2452593132436268,0.061721475725344,0.0860420744974665,0.3086599201659344,0.47962204589223684
XQZXYNRDCRIARQ-LURJTMIESA-N,0.0589766876705567,0.45726089999999997,0.61987978,0.63398468,0.2748854752364633,0.215870742767849,0.3290624037634261,0.2617272286331106,0.3402236362418129,0.2125302870397864,0.3397424687432407,0.3615128734182579
DGAIEPBNLOQYER-UHFFFAOYSA-N,0.6062434025633685,0.34470290000000003,0.42377790000000004,0.58301884,0.263487045153671,0.258623290682995,0.3755128225107705,0.3009715680215037,0.255114503090332,0.3428778598538856,0.471851346822472,0.4579216570180217
RJYQLMILDVERHH-UHFFFAOYSA-N,0.1366016547629002,0.4921449,0.42993380000000003,0.5161672500000001,0.2256914759824917,0.1954696881055681,0.2383412917335493,0.2227296899810672,0.2195990924333452,0.1834311399559854,0.3885756451921885,0.34768592026688266
XWALNWXLMVGSFR-HLXURNFRSA-N,0.3908490195837501,0.68568975,0.7312197,0.76506197,0.5563096094017337,0.3675042234679259,0.6288189074941924,0.5770497720831113,0.8089794248515405,0.7145420059130089,0.723268643482268,0.615525056945808
FFEARJCKVFRZRR-BYPYZUCNSA-N,0.0070213292791367,0.75983408,0.8418044,0.7411885,0.0178274129021719,0.0051084973670584,0.0943220130548353,0.0192108788371322,0.0462374864270921,0.0502207290833228,0.1716623485381694,0.4446649364394173
YNZFUWZUGRBMHL-UHFFFAOYSA-N,0.6663740604947442,0.32387750000000004,0.2750262,0.5190395400000001,0.4653138545376224,0.5110979609329679,0.5158438490664851,0.3929012349424218,0.5506442949377804,0.6250168584962106,0.6370233474376831,0.4644348148129313
IPWKIXLWTCNBKN-UHFFFAOYSA-N,0.2416324003708709,0.3190412,0.23264600000000002,0.42032504000000004,0.3504147544373999,0.4624307526722097,0.5219581702099988,0.333733063846814,0.3424544255377192,0.383258144531298,0.4714389627134264,0.3015619443651651
IFFPICMESYHZPQ-UHFFFAOYSA-N,0.0336054111660858,0.34237870000000004,0.2465752,0.34079139999999997,0.2268778396076747,0.2430752333186724,0.3302823315563905,0.2235879668543812,0.2592726587093707,0.2194553935871691,0.4849414010804839,0.24862748017249087
INDBQLZJXZLFIT-UHFFFAOYSA-N,0.6976857300835663,0.51029214,0.36002789999999996,0.45545100000000005,0.310191093304488,0.2799449501445843,0.3052644498013214,0.3281408600075919,0.4100558686952683,0.4353665391548118,0.3934729089863026,0.49707589318845813
YGXCETJZBDTKRY-DZCVGBHJSA-N,0.0761323409145492,0.5621967999999999,0.6502401,0.7234541800000001,0.2760573124794099,0.2281544856208079,0.2709032441505078,0.2805728886059611,0.3055712538381136,0.1781926596901464,0.1675301454613127,0.3728145728597351
FYPMFJGVHOHGLL-UHFFFAOYSA-N,0.0828087738036779,0.47208110000000003,0.43836359999999996,0.25410223,0.2209918682623185,0.1765751574181782,0.2621301133794753,0.2243129908841701,0.2179374402885488,0.0752418488930236,0.4032507776927098,0.33200972467823964
IBALRBWGSVJPAP-HEHNFIMWSA-N,0.0975890132963948,0.63916147,0.56082147,0.62021953,0.2891550151517037,0.2657919126535156,0.381526659788404,0.2336463164879327,0.2846717830714578,0.2052662344901034,0.6857210603720806,0.4590649352271416
ZZORFUFYDOWNEF-UHFFFAOYSA-N,0.1548965918224049,0.49980159999999996,0.42692965000000005,0.43281139999999996,0.1232720418104825,0.1780306051180961,0.3080190907283608,0.1460222216441004,0.1581518897354273,0.1658845357656947,0.4627453716962973,0.3634107041956508
NHUHCSRWZMLRLA-UHFFFAOYSA-N,0.5962645915219382,0.48524535,0.3580557,0.39517676999999996,0.3915669307993371,0.3067119945971112,0.499090147964728,0.392410917979097,0.4926549718217833,0.4850554199777432,0.551099394245396,0.49100445507788754
GPTONYMQFTZPKC-UHFFFAOYSA-N,0.2059755701800218,0.53686577,0.4488888,0.42371080000000005,0.3921180824839155,0.4893776883810395,0.5480168664295963,0.4122398476215951,0.3598763160227389,0.3385459946898712,0.6582936580549025,0.43485016829238893
VLYWMPOKSSWJAL-UHFFFAOYSA-N,0.1862127478861278,0.51996034,0.4346957,0.42178269999999995,0.2467919527607721,0.1624251102858813,0.40154057445629,0.245144952114732,0.3096042409698632,0.2351899325659019,0.3941558684459576,0.37314438301610314
CYFLXLSBHQBMFT-UHFFFAOYSA-N,0.3724210775955009,0.4838169,0.35455270000000005,0.3957163,0.4661153600232239,0.3354412293343982,0.4317832857480759,0.453883277059758,0.4881647929221395,0.5655981889453581,0.4788762408449001,0.416282042649679
GECHUMIMRBOMGK-UHFFFAOYSA-N,0.7717280544903206,0.5777057999999999,0.45001685999999996,0.4202553,0.6205337059509584,0.5286009371392281,0.5163695581417649,0.5986588364261316,0.6165301452635538,0.7034084387019855,0.5958781766919699,0.6027227172023841
OOAHNJDZICJECC-BHWPLRMJSA-N,0.1074327409402251,0.71813503,0.82521482,0.80115801,0.3190315937135135,0.1779678256981399,0.3443128593679945,0.3128066185158686,0.439946419411257,0.2471746214853356,0.3583693294606258,0.49973267397292875
BEDPUVIQNLDFRT-UHFFFAOYSA-N,0.4886720423353632,0.51502895,0.5139824,0.6332414399999999,0.2525583111363669,0.6466294443541742,0.4317750436629349,0.2535349233579944,0.2319881346525305,0.2843764417697165,0.5639645688200379,0.5062652056902436
MVOUIYUWRXPNKD-UHFFFAOYSA-N,0.1719807943727803,0.55676478,0.38860416,0.5430085,0.372762136968394,0.3687983331888914,0.3989590423284123,0.3508076349269579,0.578549133588392,0.6876715952093864,0.6118539615620336,0.4048789038898661
LQCLVBQBTUVCEQ-QTFUVMRISA-N,0.122146021521602,0.58574086,0.6860369,0.91152264,0.7141223456762468,0.6169567006382869,0.6194238101848749,0.6870723156762769,0.9136101515653082,0.8997556770315198,0.6842625043390961,0.5006299235888959
ZNRGQMMCGHDTEI-ITGUQSILSA-N,0.0840783760667013,0.75656796,0.74127755,0.71847856,0.2236647874642051,0.2337266267882844,0.3008062149726921,0.2274008319780331,0.3380799282685827,0.3483842018253227,0.3370910486774511,0.4739296397351241
MUBZPKHOEPUJKR-UHFFFAOYSA-N,0.117365644872846,0.6342288,0.6883332,0.70195913,0.2754536725234205,0.2564464682052561,0.1363753857489306,0.2302282391331331,0.2801088511961854,0.2318174200185397,0.3080499920612804,0.4339024639106524
WRUUGTRCQOWXEG-UHFFFAOYSA-N,0.7858152892678542,0.5967694800000001,0.92794262,0.72455823,0.8288336208625048,0.7714488197828696,0.8460764887651332,0.8281296360083419,0.9401466584886968,0.9121417951372148,0.8117371059237941,0.7816251953908343
JOHZPMXAZQZXHR-UHFFFAOYSA-N,0.5940251105946049,0.4302705,0.37716912999999996,0.4673705,0.3542270123952889,0.4038122115900133,0.3647044256699434,0.3080280407727532,0.4477479035529935,0.506522535869078,0.5288907761807273,0.4755522917570104
LRBQNJMCXXYXIU-PPKXGCFTSA-N,0.0502146785597259,0.5111786700000001,0.6817867200000001,0.897519216,0.2643576622455396,0.2460009966210107,0.3855476251866364,0.2595682881736179,0.1262585639115828,0.0910726220187525,0.2901495474383642,0.381250205228507
QERYCTSHXKAMIS-UHFFFAOYSA-N,0.0622924849437612,0.6243344,0.58027792,0.6105662000000001,0.1908427106146967,0.1860247988908404,0.1840078307074248,0.1797477192045563,0.2868718717809022,0.2972239659159491,0.293028632025492,0.38274373578363247
RKLNONIVDFXQRX-UHFFFAOYSA-N,0.1029831303435486,0.53415212,0.460546,0.6220644399999999,0.3804133471284348,0.3905227299893429,0.5109079047278073,0.3656822104440632,0.3963068241699692,0.3478408328188409,0.5747260730389554,0.39393429579206923
CIUUIPMOFZIWIZ-UHFFFAOYSA-N,0.1361579814991213,0.67103925,0.5768131599999999,0.6037717,0.3102406307603514,0.2597362864035167,0.2350695977691803,0.3041776371721221,0.4404649821981344,0.5288771761921154,0.315269601041571,0.4222809339330284
GCQYYIHYQMVWLT-HQNLTJAPSA-N,0.070262346656977,0.77626348,0.8287504,0.7743555,0.2635074930345299,0.4447030873650871,0.5630179083091447,0.3072465275524405,0.3144735468049213,0.2782632755606052,0.6227565024256774,0.5474588054470721
MJQUEDHRCUIRLF-TVIXENOKSA-N,0.0962389659289623,0.5994115,0.7309519600000001,0.88322179,0.4589693677030051,0.2849518230885225,0.2730944411783442,0.4663861785430947,0.6007243386475749,0.5988766402137587,0.3575822286424003,0.44520729726957786
VUAFHZCUKUDDBC-BYPYZUCNSA-N,0.2902452857676389,0.68849286,0.7614450500000001,0.68777424,0.7282453530525406,0.650283222722968,0.4847071323724499,0.6689081718597818,0.8349004523859949,0.8392806650923881,0.3599825978544114,0.5414455411522423
CYDMQBQPVICBEU-XRNKAMNCSA-N,0.0556513418878387,0.63369662,0.71039343,0.7478187000000001,0.4333621165261844,0.177101195985292,0.332427311824908,0.4343538784617624,0.5649855576568632,0.6593477232627224,0.4611164587982206,0.4532596034052584
KOYMTVWMCXDJNV-UHFFFAOYSA-N,0.7271085302519449,0.22326610000000002,0.14406407,0.30999625,0.3028240349310793,0.2456026429320722,0.3142163850667752,0.2648296561982449,0.2923793960533944,0.2671564883842835,0.5877374546546263,0.4069529443716331
HHHKFGXWKKUNCY-FHWLQOOXSA-N,0.4312197219189297,0.6663458,0.7501587000000001,0.7598838800000001,0.8182864531369247,0.6799650457331787,0.7662221199403015,0.8319086600042412,0.9278467786626652,0.932291171079342,0.821175159115683,0.6520860658759815
DERZBLKQOCDDDZ-JLHYYAGUSA-N,0.3482420456676338,0.37077945,0.30298453999999997,0.4312038,0.266332016910899,0.4535435370345063,0.5777970786604021,0.2420639190442376,0.2482051199259166,0.1836096988048242,0.5543413402317228,0.3746429093659113
VDUWPHTZYNWKRN-UHFFFAOYSA-N,0.2676871607563217,0.50973064,0.45007074,0.5507040000000001,0.1999885903090232,0.2935337917325779,0.2206440535193168,0.2276288066708299,0.2122870828536222,0.2284758486435396,0.2022854792453249,0.36389319054269303
RYQOGSFEJBUZBX-UHFFFAOYSA-N,0.5100193659224806,0.35930794,0.28383225,0.34573430000000005,0.4274960399021036,0.3524820447169399,0.5145938572349021,0.4191493318854092,0.6444814078831861,0.5929394475692533,0.5819193398357233,0.4213455810034636
UFBJCMHMOXMLKC-UHFFFAOYSA-N,0.104421021734143,0.62202007,0.57441154,0.65485007,0.1130492237782163,0.1377902723406641,0.145194769123919,0.1290622525429667,0.2226233792038856,0.2596239143680653,0.2397681950318637,0.38129903123653314
ZZVUWRFHKOJYTH-UHFFFAOYSA-N,0.1723944796116502,0.39377195,0.28814286,0.39726006999999997,0.3913237758614272,0.1177736742495569,0.3716568568478104,0.3925785038240159,0.3456005806476503,0.3506707838099036,0.4780086962519157,0.31627055716811303
OGAKLTJNUQRZJU-UHFFFAOYSA-N,0.0978159106120004,0.61041683,0.5224383,0.5708606199999999,0.1944530930167761,0.1551058272612413,0.1666713154514367,0.1521469837277361,0.1586183320892744,0.0834202172362496,0.2221828986593846,0.36267523575238
VDKMYSMWQCFYBQ-UHFFFAOYSA-N,0.6750338779878519,0.3698551,0.2816731,0.3751706,0.3701139780236445,0.3267259615973655,0.4323322811430994,0.3160941595698451,0.4302984378481784,0.544199879024872,0.5318877389503646,0.45972385811080424
WLOHNSSYAXHWNR-DWIOZXRMSA-N,0.3244733193738551,0.5908674300000001,0.6995626699999999,0.89654766,0.7299797022951467,0.7395901030069973,0.794553442508333,0.8053546342505143,0.9455284633350804,0.9282649343680872,0.8626390281271346,0.5935972890316528
XSCGXQMFQXDFCW-UHFFFAOYSA-N,0.2266368595238752,0.4261273,0.28461899999999996,0.37351140000000005,0.4976961514675732,0.4867222715028461,0.6762501363067114,0.4826002897862237,0.7647331544517014,0.7125344435915679,0.8257253285994189,0.40067614708127186
XOEUHCONYHZURQ-HNUBZJOYSA-N,0.3588541118907847,0.6109461199999999,0.70385465,0.87676269,0.784426116635716,0.6598291409708698,0.8056962514809536,0.7736603268186064,0.9227114120632964,0.919585195605964,0.7422618465398721,0.5920794836051111
DLEGDLSLRSOURQ-UHFFFAOYSA-N,0.2159098641879807,0.61267358,0.5757338000000001,0.570608,0.2953057216635482,0.3718182344227519,0.297476365164177,0.3135316203964099,0.4864282164215617,0.4240148359864619,0.5724434699391098,0.47116154411306943
CJOFXWAVKWHTFT-XSFVSMFZSA-N,0.824671106508298,0.6893861299999999,0.6408364200000001,0.6396383299999999,0.6713102083268887,0.651609251608125,0.5770207500659755,0.6157108493043739,0.7697581928779735,0.7437158482036009,0.5879984585079691,0.6971337998169238
TXIFUDXAZRPJLS-CMHJJOLKSA-D,0.1594580808025634,0.67517978,0.90520008,0.994630656,0.3504430353100569,0.5168268056682485,0.7916601189425864,0.3900934728759136,0.183999247667984,0.4729799944410369,0.8068267500254255,0.601707719442478
PLIGPBGDXASWPX-UHFFFAOYSA-N,0.3255891232248697,0.6123050999999999,0.42573816,0.5400532,0.3928834964660324,0.2134079441222537,0.2632361544578188,0.3918902824016252,0.4583611177626113,0.6531659291331422,0.2542895019852498,0.4144246298166659
GGECDTUJZOXAAR-UHFFFAOYSA-N,0.2386898468666185,0.31840044,0.2327091,0.36851100000000003,0.349946747398146,0.3301908111419557,0.2917123613164119,0.3412270959423831,0.5925566201692767,0.588252939206768,0.4498430799011048,0.294906665818092
UDIIBEDMEYAVNG-ZKFPOVNWSA-N,0.0748973949193149,0.708527,0.75243202,0.91313655,0.7621654510742132,0.7826770041603273,0.6527315978152082,0.732712727670011,0.9365586765841292,0.9483090967482648,0.8220110677130936,0.5595354422853118
UNBRKDKAWYKMIV-QWQRMKEZSA-N,0.0905411999262042,0.7310808,0.76024613,0.7055671,0.3157249231641645,0.4077942938757602,0.2832044146574806,0.3097946728085918,0.6421573641046602,0.6189532015922196,0.2143361934507562,0.45735483324778897
QXLPXWSKPNOQLE-UHFFFAOYSA-N,0.1065696452370337,0.37518865,0.43970339999999997,0.37356126,0.1263523669945305,0.1100664364900481,0.2581583646183911,0.1362352810126427,0.1128250054837513,0.1785133110315353,0.411638012402392,0.31305848792739543
VHRSUDSXCMQTMA-PJHHCJLFSA-N,0.5103613454347156,0.66839257,0.71472234,0.83293477,0.8339740348050517,0.8632720784030099,0.7772350407943899,0.8426357230103543,0.8535266553891809,0.8585515267564648,0.7934979052805683,0.6618777300263772
SIDLZWOQUZRBRU-UHFFFAOYSA-N,0.5596433817753174,0.3257342,0.25435220000000003,0.27774036,0.2496671074352911,0.2974682567521499,0.3548245484633401,0.2743761566611869,0.2784136022176083,0.3672209232447336,0.5780775591709749,0.4115912784229849
XCGYUJZMCCFSRP-UHFFFAOYSA-N,0.4545777301740405,0.33265465000000005,0.22924979999999995,0.36756897,0.2802017736444536,0.2118310683294772,0.2840958150913736,0.2808635279694081,0.4212529144085319,0.5798545228775966,0.3479559615232041,0.34036123663287154
YTBDPHYVGACIPC-UHFFFAOYSA-N,0.1577515407138089,0.50592232,0.42593855,0.51101834,0.2691092007744274,0.2979649205953008,0.3909345033001046,0.2150103678099712,0.2039810642478388,0.2987412788426248,0.4082987046914995,0.3620575121145117
CEMAWMOMDPGJMB-UHFFFAOYSA-N,0.3131974505817614,0.28429139999999997,0.21198605999999998,0.41526823999999996,0.2833336236387391,0.3783574958483476,0.4656079939791206,0.29505894164119,0.3733525623259451,0.4279801966612144,0.5402537030386457,0.3160627650992577
ZGUGWUXLJSTTMA-UHFFFAOYSA-N,0.2474418820374294,0.3870462,0.2804092,0.40895694000000005,0.74478938296579,0.5868274882951241,0.6752308101022109,0.7695709337038777,0.8863311311145083,0.8897566995890008,0.7595235806612571,0.39257511166810727
QFFCYTLOTYIJMR-XMGTWHOFSA-N,0.1723814177327369,0.71073455,0.73552504,0.74763826,0.2418544609362431,0.3230852067478242,0.1603158224415443,0.2400267201433387,0.2912382069252536,0.30736563909667,0.1873495939464085,0.4611718382640526
YZMCKZRAOLZXAZ-UHFFFAOYSA-N,0.4207061570796045,0.53877693,0.40233045999999995,0.39783937,0.2875179428090452,0.24679889275399,0.3248223783825988,0.298862787909707,0.281910993459944,0.327300206902111,0.4964990327116,0.452781916441446
MBGGBVCUIVRRBF-UHFFFAOYSA-N,0.4652346617463469,0.30438673000000005,0.20455179999999995,0.39233510000000005,0.2966262618340249,0.2185662987704217,0.26519883618301,0.2789173230951211,0.4130335794290332,0.2355968910757536,0.1482294557097136,0.29812388759820235
JQJSFAJISYZPER-UHFFFAOYSA-N,0.2489993878842231,0.5134955299999999,0.4188305,0.44772160000000005,0.1834965109001461,0.2971100432928204,0.3424424323390021,0.1965408475267518,0.1627080970499775,0.1405531356393909,0.338599890070598,0.37376018695423274
OPYGFNJSCUDTBT-PMLPCWDUSA-N,0.287032849872549,0.6309723300000001,0.6553883,0.7907546,0.400751515006393,0.4714146527361331,0.7080783593715838,0.4204684365718699,0.4622525292040763,0.3804202333655127,0.698468552318915,0.5442868451131649
FIAFUQMPZJWCLV-UHFFFAOYSA-N,0.0719777266135542,0.5944155799999999,0.6869109600000001,0.64599878,0.2759838874934278,0.1880219861385775,0.2218631295354169,0.261444992673413,0.0989106965118327,0.1055055318172734,0.0680885203202779,0.3730652020162765
FXUAIOOAOAVCGD-WCTZXXKLSA-N,0.0209162801766311,0.76639831,0.85210279,0.748866,0.1852823342330457,0.2050494692765153,0.1982912952962829,0.2110589165465563,0.3328804456416254,0.3316475541458115,0.2610151718314014,0.4733906889115632
KHAUBYTYGDOYRU-IRXASZMISA-N,0.046647711780773,0.7002916299999999,0.76215085,0.83102784,0.232856646976352,0.2427148170038227,0.2969043793348733,0.2228955493773296,0.1161944717669436,0.174988760423497,0.3914262627608168,0.46354043215828317
WVPSKSLAZQPAKQ-CDMJZVDBSA-N,0.535874067403119,0.703666,0.68778896,0.7009225800000001,0.8719237566013487,0.928721339489946,0.8894978274783376,0.8857767973975078,0.9288462843245828,0.9129058399148524,0.860434148514005,0.6838584907202486
UEYIAABRKWHXJV-UHFFFAOYSA-M,0.1533761842027003,0.6958205,0.77791777,0.7014287699999999,0.2129280964374547,0.2059578448158157,0.2807103933068619,0.2403276949119312,0.2977273515673151,0.3755546859970507,0.4625895677966359,0.5074729300352695
VGGGPCQERPFHOB-RDBSUJKOSA-N,0.0583668155828806,0.75173807,0.82149786,0.77794644,0.1749815668004523,0.117578133297426,0.1329993088666151,0.183527900124126,0.105457059258349,0.0715817396822006,0.2068712568138788,0.4626490561740851
JOYRKODLDBILNP-UHFFFAOYSA-N,0.1553044873305502,0.5559892,0.61951423,0.66393542,0.1439443434572219,0.177874483711503,0.2129426618803034,0.1438900837243808,0.2840458136172433,0.2872633046989529,0.383114164469874,0.41548502482418137
IFXSWTIWFGIXQO-AOOOYVTPSA-N,0.0467769835037838,0.706024,0.73579422,0.62871668,0.3284016925051662,0.3179422022106447,0.3355612811157846,0.2847296743663586,0.2491896361608164,0.3402283178847835,0.3829615224785158,0.4600147203373995
DKJJVAGXPKPDRL-UHFFFAOYSA-N,0.1124109957157696,0.52617508,0.7888741,0.6540659,0.2445777292267607,0.2231389162005492,0.3728676520613215,0.2593297611794424,0.3721626790513632,0.2852694830189813,0.5408498404737796,0.47028682643859276
YEZNLOUZAIOMLT-UHFFFAOYSA-N,0.5329505286298905,0.5071928,0.39299419999999996,0.47707236,0.5197279255743329,0.373889791250255,0.4832290563650921,0.5495109475448858,0.6977870767020347,0.817941587848602,0.5077997115997742,0.48463674466790874
RUDATBOHQWOJDD-UZVSRGJWSA-N,0.0207529149657727,0.69461507,0.7134629,0.87098846,0.6990432194136931,0.613348041436485,0.5870504126976989,0.7328314864711192,0.7454103688744629,0.7726838772769853,0.5306096807910592,0.48122521875684976
VOVIALXJUBGFJZ-KWVAZRHASA-N,0.5730764036386592,0.62759763,0.6963136,0.83683991,0.6493389069328923,0.678181749451589,0.6158347155988491,0.6483140518069457,0.7713127847274657,0.755082525946549,0.7121029264528738,0.6443114844514171
XSEUMFJMFFMCIU-UHFFFAOYSA-N,0.1320654667427749,0.6497314599999999,0.5856933,0.62548208,0.1837965436509981,0.1803953234700617,0.3059582844172247,0.181081442272275,0.2663270919190213,0.3197253491023127,0.3974465398941207,0.4280327889723232
RMRJXGBAOAMLHD-CTAPUXPBSA-N,0.0536434172300968,0.65898848,0.6721178999999999,0.83500896,0.6011983315970184,0.5116853218452222,0.5438005007013127,0.6098857960899707,0.7544587406667561,0.7156356859244597,0.593937979977966,0.47738051461823033
QWCRAEMEVRGPNT-UHFFFAOYSA-N,0.1103332078679819,0.48419344,0.3500358,0.5642716999999999,0.2321187854420459,0.2019368339754372,0.4090070854259969,0.2681338802235825,0.1051980795146892,0.2356350131743166,0.59689103612702,0.35229504878254425
UZVHFVZFNXBMQJ-UHFFFAOYSA-N,0.2762253073589362,0.39948076,0.33102595999999995,0.3272587,0.2649192914510928,0.1608565673853807,0.2805578798890165,0.2262692074206024,0.2145603979269012,0.1640645325750089,0.3942013694383864,0.3403445884392845
DCSUBABJRXZOMT-UHFFFAOYSA-N,0.886861929098881,0.22898304000000003,0.15489894000000004,0.37600434000000005,0.1466868673990725,0.1675499628557796,0.2253684042667084,0.1190110266557266,0.1646448669810798,0.1869753340220601,0.2323609330816583,0.3941364599179539
YNNUSGIPVFPVBX-NHCUHLMSSA-N,0.2278530537441607,0.7540776,0.76960437,0.67516452,0.3013726197396331,0.2863592719403616,0.2280377386990364,0.2830503121241723,0.2988203203109145,0.3964317292626981,0.3730529585222448,0.5290056106174978
GYKFWCDBQAFCLJ-RTWAWAEBSA-N,0.6550734176704335,0.47254910000000006,0.54240113,0.6493635799999999,0.6728774139653998,0.7721739941323305,0.7088583955383811,0.6452126676142499,0.8614732811219614,0.8707226581064303,0.7650891947882064,0.5979446484502584
XCDIRYDKECHIPE-QHEQPUDQSA-N,0.6620358684653805,0.575018,0.6567340500000001,0.89852144,0.88225182044838,0.849192920340977,0.8677958648045567,0.8872440847287061,0.9443657421594072,0.929937931192205,0.9175023750956351,0.688237475150723
HNSDLXPSAYFUHK-UHFFFAOYSA-N,0.3083526751770284,0.34126730000000005,0.24380199999999996,0.56618246,0.2554218733353514,0.1991854069101952,0.2442087257794074,0.1960888738656593,0.1262883828489491,0.2107327364373918,0.0915180788568462,0.2627299284837135
UKTAZPQNNNJVKR-KJGYPYNMSA-N,0.2202305137780802,0.74060625,0.7222428000000001,0.74921185,0.4898107441662847,0.4916652242400312,0.4715294292812447,0.4648095419724671,0.5078697705479297,0.4575382210438811,0.4336048763535373,0.5287366548773947
PHTUQLWOUWZIMZ-GZTJUZNOSA-N,0.9503649648870746,0.55858842,0.5089859,0.45098879999999997,0.7629517104786381,0.8047324823323578,0.7269968891805645,0.7518890492926216,0.7753768489436976,0.8109489313404764,0.7644831434028792,0.6974844171777842
XFDJYSQDBULQSI-UHFFFAOYSA-N,0.2242923599916352,0.21157740000000003,0.14619625000000003,0.35022339999999996,0.2691311835769292,0.2649678827791961,0.3728190641446022,0.2785470393501441,0.3793701878718967,0.3375155908529306,0.6162909081730884,0.2659630976436117
ZJAOAACCNHFJAH-UHFFFAOYSA-N,0.8052882129014209,0.67323282,0.91218832,0.74130774,0.494851646016417,0.5880737542840635,0.5858396081160553,0.4583115164562744,0.3975837049593553,0.3664739430274427,0.4013980152171484,0.7239649900906797
NLORYLAYLIXTID-ISLYRVAYSA-N,0.0861082873573307,0.7827330100000001,0.89956888,0.76857062,0.23607053757799,0.1600057779832749,0.3327650607545235,0.2667801153972887,0.1751833248457843,0.0998016359225592,0.3328706693460841,0.5228660469973726
YMDXZJFXQJVXBF-STHAYSLISA-N,0.1849915523188943,0.78807779,0.900563136,0.77228387,0.5035486140384091,0.6186795765372327,0.6243985246847624,0.4943831884399086,0.3561014914839458,0.3405708286686336,0.514181210761177,0.592514547033354
GJXWDTUCERCKIX-UHFFFAOYSA-N,0.0977857567727043,0.69685537,0.895604886,0.742969,0.183244943469552,0.1160041134351909,0.2102445982933354,0.2005826571955581,0.2218177801687036,0.1913928795512928,0.4293647358584246,0.5160979165344569
JHBWYQRKOUBPCA-UHFFFAOYSA-N,0.0782638725708522,0.61194286,0.5051063,0.5022035499999999,0.2177713199195953,0.2035158069814408,0.3025374554672969,0.1979256310781098,0.1639668431442051,0.1796680175688332,0.3910308301303883,0.3819552907930307
NGGMYCMLYOUNGM-CSDLUJIJSA-N,0.0569457153999303,0.73253554,0.77208802,0.8776127499999999,0.2343246062070764,0.2295611988770579,0.3034401589500578,0.2432210253817834,0.1312164958557112,0.0797912723320995,0.5463233417429052,0.5020965278269562
ZOCUOMKMBMEYQV-GSLJADNHSA-N,0.0745919146084497,0.6707585,0.69465986,0.8358641099999999,0.3153926596395459,0.1911393980159174,0.2994734316818947,0.3186742306247263,0.2974046514103585,0.3774569760053818,0.3741020400026407,0.44599915592583467
JTPUMZTWMWIVPA-UHFFFAOYSA-O,0.0581466160394171,0.55109215,0.5177080000000001,0.42275935,0.3443179936959783,0.3041894066956715,0.3260606399722717,0.3321489201398291,0.4474552691806958,0.4601161986776587,0.2523561395834873,0.3461372500533302
MOYKHGMNXAOIAT-JGWLITMVSA-N,0.3748304704438611,0.7454262700000001,0.84496582,0.8228791,0.3442336048911913,0.5915345788257172,0.523880301174502,0.3345841151673285,0.3441683687628413,0.2125930087117395,0.375686309169414,0.5929784332870817
XJSFLOJWULLJQS-NGVXBBESSA-N,0.0596777207557392,0.57210454,0.69129413,0.9022934499999999,0.587885031991661,0.4627784256962246,0.5011027044979999,0.5763415720459594,0.778622444937427,0.8163637642647086,0.5872087703351152,0.460329357544579
KPJZHOPZRAFDTN-ZRGWGRIASA-N,0.1052899323002354,0.72139156,0.7423883,0.6962915000000001,0.2888144036492559,0.4299135255303634,0.2834164890928087,0.2992896553031551,0.4987105256105364,0.4073938326229542,0.2862396650640312,0.4650609487638623
IOEPXYJOHIZYGQ-UHFFFAOYSA-N,0.7639480761664501,0.31346569999999996,0.240332,0.37429696,0.5530566375515715,0.657971873112624,0.699234629458596,0.5663665371635074,0.7887096708951529,0.8181500139874741,0.8263384388733542,0.5150635727887392
RJQXTJLFIWVMTO-TYNCELHUSA-N,0.8133682821839167,0.58224717,0.58018008,0.7095943,0.8420278622236234,0.8467436527839027,0.8569001279807672,0.8132832982343022,0.914697012604836,0.9149720791994538,0.9242168203392732,0.712558582894512
YPBATNHYBCGSSN-VWPFQQQWSA-N,0.5001523750020138,0.58170113,0.56845194,0.70484686,0.5027210702134856,0.5816350721657717,0.6634521368810409,0.4574421933062703,0.5062604555214225,0.5277150451149172,0.711170418426253,0.5741315756422897
XCWPUUGSGHNIDZ-UHFFFAOYSA-N,0.2116494608316046,0.43032919999999997,0.3317219,0.51316866,0.3018332111573161,0.3260463793843054,0.347963092871953,0.2971083626879857,0.4022410615851018,0.1903975698730819,0.3223762366625519,0.32027890234183504
HFHZKZSRXITVMK-UHFFFAOYSA-N,0.8080141254469386,0.27066120000000005,0.20651644000000002,0.33826579999999995,0.3355460013816863,0.2466600776939975,0.2682720319616832,0.3276755895023598,0.3898602321127056,0.2937280314431276,0.1749182957991019,0.3928986522720484
IWVCMVBTMGNXQD-PXOLEDIWSA-N,0.101706626457645,0.6340855000000001,0.7041462,0.7843078,0.4813616870654424,0.2747634563425476,0.4699454945646024,0.5264553536238582,0.7633154881653428,0.7487312712033912,0.5621876373623732,0.48372930716889584
JQWGVORAFCVYJN-TXVDJMPOSA-N,0.2835237720350483,0.6003528499999999,0.67131832,0.7399753600000001,0.4049203940912825,0.52523847973585,0.4825998968306529,0.370390486965305,0.5186860133003764,0.6910241531215873,0.5584073422302688,0.5153346627789653
PXWLVJLKJGVOKE-UHFFFAOYSA-N,0.3325862052041844,0.40175419999999995,0.3032855,0.34269386999999996,0.3665429051014836,0.3546550357103547,0.369194027721595,0.3477407805447087,0.3923888498321486,0.3903829609138416,0.487932189023365,0.3685453377571953
JTIGKVIOEQASGT-UHFFFAOYSA-N,0.1492551432060888,0.53855342,0.4124472,0.3777773,0.3421889868440012,0.1889699935898869,0.3134378204679346,0.300160166584044,0.3248412940550989,0.276730780302549,0.4708444884299673,0.37581846624299414
VRDIULHPQTYCLN-UHFFFAOYSA-N,0.7671261750053567,0.61393493,0.4801607,0.52826303,0.3752235885320305,0.4670004021286956,0.5034928343500524,0.3871393520468876,0.581951423155767,0.5185560530307387,0.4113239570155345,0.581368269329598
GQPLMRYTRLFLPF-UHFFFAOYSA-N,0.2685822632696571,0.6128074800000001,0.7225238,0.6316984999999999,0.2223632165445024,0.1598334193658411,0.227639992094514,0.2334219099152595,0.3501614836158204,0.3228911541841753,0.3703096670493303,0.4896330927504204
ZPMNHBXQOOVQJL-UHFFFAOYSA-N,0.1597487733017396,0.3741742,0.26417520000000005,0.50443858,0.2544727594565894,0.3185669720138606,0.3596451357171437,0.285196058827701,0.3964728003163734,0.3141737217940066,0.4717091751968718,0.2961033617298797
PWNMXPDKBYZCOO-UHFFFAOYSA-N,0.7635656182429331,0.2896012,0.17851543000000003,0.45994674999999996,0.3183902007828678,0.3290742651710404,0.4365648221506965,0.2931660978786416,0.511513915202427,0.5140191105710149,0.2687279689710196,0.39376815523552194
YSAUAVHXTIETRK-AATRIKPKSA-N,0.1543087375097932,0.62273026,0.60906085,0.46591604,0.2848981058905518,0.2028711454827655,0.297661129366757,0.2904106319558251,0.3669900423540584,0.3518455367176564,0.3976611992668549,0.43674276087648684
YEKQSSHBERGOJK-UHFFFAOYSA-N,0.3457632611376062,0.44807136000000003,0.33293796,0.56345004,0.2968087103414365,0.2387223283956706,0.2101454029071611,0.3067914562112673,0.4127677467326632,0.4605894085267931,0.2483980021634346,0.34983459894229
QJJXYPPXXYFBGM-LFZNUXCKSA-N,0.8922998434480962,0.6433949999999999,0.7164654699999999,0.87930621,0.9395881467973756,0.9550431775422704,0.8898134517411573,0.943269914154886,0.9665211111348708,0.9586498940129244,0.9368901475656288,0.7916619983142679
WFWLQNSHRPWKFK-UHFFFAOYSA-N,0.6867627377902341,0.49040306,0.37026939999999997,0.42368209999999995,0.3582404215062965,0.6702752220255611,0.5133724779759187,0.3939015259091029,0.7576400766994197,0.6477943080948368,0.6263471423492026,0.5323591039628308
DDTDNCYHLGRFBM-YZEKDTGTSA-N,0.1832142286658334,0.51496673,0.65878823,0.940990865,0.6979401263721867,0.6878326449296723,0.7299571215435776,0.6799655880383029,0.8702400734425565,0.7193376439694665,0.8630967133332476,0.5220720262028541
XASBSYHEEHVCSJ-UHFFFAOYSA-N,0.2609086612596549,0.37131894,0.3799772,0.51353925,0.2884191026051535,0.2420776147775208,0.3963780761263748,0.2828395433038989,0.444503484615794,0.4279736028737823,0.3038521430516102,0.3291831957944874
QAWIHIJWNYOLBE-OKKQSCSOSA-N,0.0280527497296526,0.73598754,0.84847057,0.75145563,0.1683917126980835,0.2220914735584444,0.2607542763590212,0.1668239952810233,0.2103418579069103,0.203622912744665,0.329012796794012,0.47773739956722977
USZYSDMBJDPRIF-SVEJIMAYSA-N,0.1002265063295437,0.60117805,0.6640364999999999,0.875127494,0.2858920941518438,0.3071690523414751,0.2447051203954105,0.3141944642009718,0.6246579595775703,0.4031739170414755,0.274107516436995,0.4102202628774074
MEFKEPWMEQBLKI-AIRLBKTGSA-N,0.2394099455242181,0.74874604,0.7146296,0.78374371,0.1077190899882759,0.0437233706123624,0.0974917369320256,0.0913349594170812,0.0106961976480297,0.0372015994825483,0.1141753426125845,0.46786877004491495
CJDRUOGAGYHKKD-OVXZWHIBSA-N,0.0647071021175576,0.6625079199999999,0.7046609500000001,0.84727527,0.2064028520671822,0.3206775998910826,0.2865505565272854,0.1992665915163246,0.1992466607302735,0.1646238283978261,0.5022324217440594,0.46077663191229107
BPDQFGHMIVCAMB-PPHPATTJSA-N,0.1202492926182113,0.71537888,0.78447652,0.62854722,0.2274589895868964,0.2240669585828164,0.3310120187146774,0.2624397026656249,0.4920128089674745,0.4863276154607148,0.5126690116639835,0.5136720915353057
XUBQGWOKVYWNSZ-ZSNKRZAOSA-N,0.0598532904905004,0.63144255,0.69384545,0.929328226,0.2602765961282736,0.2803178993736864,0.2595339338456357,0.2324397413683479,0.2437310175294852,0.3493432111074565,0.2174464102984535,0.4045602504162962
BBBFJLBPOGFECG-VJVYQDLKSA-N,0.1220506099631288,0.46767664,0.66119322,0.9975791902,0.6911236445610534,0.4803638318560073,0.6818528997797306,0.6502135551744757,0.7490374629091792,0.7745009810498176,0.8098794457566525,0.4842338135388826
PXBVEXGRHZFEOF-UHFFFAOYSA-N,0.6055069616612939,0.22688450000000004,0.15660379999999996,0.29634476,0.436907231521668,0.6273782509092026,0.6576810980024336,0.4646611516095517,0.8601247369728069,0.8136012274747104,0.6959294453278471,0.4013598550807675
DSSYKIVIOFKYAU-UHFFFAOYSA-N,0.1154046654036329,0.3057231,0.30013674,0.25643456,0.1194031570390012,0.1635507375843312,0.1715003980223267,0.1187354935646306,0.0930391792351919,0.152018690481507,0.2809331399391772,0.23928389299470812
VCOPTHOUUNAYKQ-DAOVIKHBSA-N,0.4796240739310318,0.41300243000000003,0.6379602600000001,0.71417767,0.3260566179138572,0.3607235698369687,0.4148004287106813,0.315956338153478,0.2557755594921187,0.2842288383322675,0.3017466818228981,0.4708030315446393
LRXXRIXDSAEIOR-UHFFFAOYSA-N,0.4782274317583238,0.33774360000000003,0.24635494000000002,0.33784270000000005,0.160184292063409,0.1766040478683254,0.2753408689949649,0.1716960696340949,0.2614884553431312,0.3802459240455185,0.5132180766486283,0.3755355674542127
WDQPAMHFFCXSNU-BGABXYSRSA-N,0.8811462894531016,0.53475875,0.5338195299999999,0.39874659999999995,0.6886576610474544,0.7026317472085872,0.6195156443923662,0.6529785214166293,0.8717529712925315,0.8434449371432994,0.683818273099897,0.6621726614574874
CXQGFLBVUNUQIA-UHFFFAOYSA-N,0.2932530563709021,0.43049264,0.30041015000000004,0.45721685999999995,0.3098701129247645,0.4164201711450093,0.5076710291339132,0.3009450955563311,0.3242177585961455,0.3735012160042783,0.5686911360171515,0.3763835586154112
XQTWDDCIUJNLTR-CVHRZJFOSA-N,0.1508183178192622,0.62279922,0.6996607,0.77672064,0.6526315405128574,0.3695944957255133,0.6811289264293893,0.6849084986747556,0.8303970310368466,0.8804689026694925,0.7541860296736649,0.5316028709975336
ZQZFYGIXNQKOAV-OCEACIFDSA-N,0.5999286307045291,0.5587676500000001,0.5148438799999999,0.5083010800000001,0.5215718735391122,0.519726249176678,0.545818240730804,0.5394831797507091,0.6053137263437709,0.4608062618841648,0.4847613177736658,0.5457692428895649
RMEDXOLNCUSCGS-UHFFFAOYSA-N,0.1160605398176852,0.4731868,0.374104,0.53221542,0.1960403559813802,0.3135287702174392,0.2789184188070943,0.1959105349997051,0.2337186407579054,0.2484201702646702,0.4304492632177084,0.32852487617860365
AUJXLBOHYWTPFV-VLNMHYLBSA-N,0.1294556819867172,0.5194923300000001,0.6372588299999999,0.65050712,0.3982581105216161,0.3540054640728868,0.3881405440557247,0.4200727260933123,0.2680128496704994,0.4154124303066977,0.2405413850363605,0.39028508082614866
LEZWWPYKPKIXLL-UHFFFAOYSA-N,0.3872877799225199,0.36685102999999997,0.32346505000000003,0.3831078,0.3250088379456051,0.4273721347800028,0.3153484004842796,0.2895831400089624,0.355898741994192,0.2742124424121582,0.4854244575672356,0.37839382267994853
QCUPYFTWJOZAOB-HYXAFXHYSA-N,0.1876466601858817,0.5922834299999999,0.83851264,0.6400788399999999,0.2481156563895749,0.2345392021404631,0.3814616958054883,0.2651692596829196,0.4257569329445406,0.4693443176070497,0.4895288130223094,0.5133987832538467
PLHJDBGFXBMTGZ-WEVVVXLNSA-N,0.2688625840903701,0.5771199,0.49160820000000005,0.56532207,0.6105374906380487,0.7104634170824697,0.647488795682897,0.6179048231770436,0.6956074126986836,0.7517153049022754,0.7856185548107899,0.5021212201848578
XQLWNAFCTODIRK-UHFFFAOYSA-N,0.307643455067006,0.30089889999999997,0.21464450000000002,0.39339983,0.507609055393172,0.4863052726009778,0.4789450201875942,0.5479143527638248,0.7081024350112053,0.698664276368554,0.6433838454838993,0.34286200818108636
ZPACYDRSPFRDHO-ROBAGEODSA-N,0.1932597164535434,0.6262854,0.7417788000000001,0.72014022,0.3270714058974503,0.2895201470552137,0.447849919546953,0.354225783090953,0.3682451592512803,0.2219067043149395,0.5586953536719134,0.5121749614171273
SBUJHOSQTJFQJX-NOAMYHISSA-N,0.0249701674524102,0.7191041,0.7656959,0.9120803,0.3503295390728251,0.4949517609226205,0.2186287765942691,0.355148929715414,0.3492960016037575,0.3283789556313596,0.1491657292218424,0.4271799600815902
LGYTZKPVOAIUKX-UHFFFAOYSA-N,0.3345255616967373,0.25505763000000004,0.18089162999999997,0.32334006000000004,0.332510135282677,0.2301759811745855,0.2746223090470291,0.3405161026964922,0.4895614782462985,0.5464961191695996,0.2380213400540806,0.25788538831526886
HSMPDPBYAYSOBC-UHFFFAOYSA-N,0.1834995178690002,0.5890208,0.47356445,0.5438806,0.3432590281957079,0.3047416616840468,0.359892609807228,0.3692219975213178,0.498339277001218,0.4119922158911694,0.5993330767387061,0.4354152187264002
DMUAPQTXSSNEDD-QALJCMCCSA-N,0.0528389251642788,0.5933704399999999,0.71013182,0.91254901,0.4270637403719304,0.4627784256962246,0.4450888632454968,0.4193408007619457,0.5201361740545173,0.511383636054289,0.6060107427874127,0.4662702926051515
GOZUADYOHPCXLE-UHFFFAOYSA-N,0.1095406791968059,0.66458103,0.6222992,0.41720080000000004,0.2484929626415202,0.1832929163386038,0.2103019619052971,0.2667059363727587,0.3409105945277843,0.4172564678254592,0.2398392778576068,0.4109042954202344
GJNNXIYZWIZFRH-UHFFFAOYSA-N,0.0561665548155839,0.48804650000000005,0.54609817,0.5950518499999999,0.1142371059242319,0.2758971154980402,0.1452078844381857,0.12667509646974,0.3172816615470166,0.2668249575635397,0.2947560551869597,0.33515372419858636
PQLXHQMOHUQAKB-UHFFFAOYSA-N,0.0115831357088554,0.81486358,0.91991464,0.80612285,0.0788322556105684,0.0226050140028645,0.0293519340430553,0.0788923794030071,0.0070123502757678,0.0143792916382585,0.0423336439301609,0.46101289898519454
XAGMUUZPGZWTRP-ZETCQYMHSA-N,0.2262209333429901,0.63453943,0.5912105000000001,0.63655648,0.6917206081330157,0.6888458810337444,0.6755810432451879,0.6801043467315486,0.8158091863616812,0.8613893796327649,0.8244956503075582,0.5397495394728801
FHFYDNQZQSQIAI-UHFFFAOYSA-N,0.7005315630413543,0.39342509999999997,0.29607724999999996,0.48228824000000003,0.494444424573238,0.6823806896881566,0.5994621711716246,0.4595374496585505,0.6021544506295906,0.6821606611031483,0.705921160678197,0.5099429035444829
WBXPDJSOTKVWSJ-ZDUSSCGKSA-N,0.5036124536368053,0.7282351300000001,0.70319456,0.7298513,0.6425028889661515,0.1704800424466304,0.504980196243715,0.6368832764639188,0.8234236874465649,0.7916770286825131,0.4819170108885565,0.6137336336775525
LXNHXLLTXMVWPM-UHFFFAOYSA-N,0.0872390993840497,0.56394124,0.5372096,0.56497484,0.2057130062232967,0.1792124460353804,0.2156827361792907,0.2002596578296467,0.264822924278386,0.3102528221993826,0.4574832315406539,0.3902776701800456
DPHWJXXMMQWNKS-UHFFFAOYSA-N,0.3605278928592842,0.51490942,0.53417397,0.44431909999999997,0.4676618982784622,0.4156611695032804,0.5134323407960604,0.4066612856322125,0.5642464561968934,0.6962475764946685,0.5786729799026077,0.4849119373533033
LUBUTTBEBGYNJN-UHFFFAOYSA-N,0.2813106574815895,0.4151553,0.4683092,0.4289433,0.2398233022211923,0.2321424575622342,0.3145936371822076,0.2121083443630751,0.291081390919495,0.1862206716842283,0.3396436213039818,0.3727834015976339
SIXLXDIJGIWWFU-UHFFFAOYSA-N,0.1849294314117588,0.51352376,0.3817882,0.56441957,0.2758591640666173,0.2450476313747495,0.369462181251028,0.2750799723749611,0.2839010504776732,0.4258025177506682,0.6265179821348649,0.3949386198887617
IKMPWMZBZSAONZ-UHFFFAOYSA-N,0.3180755101368555,0.3606912,0.2585697,0.3473547,0.2925413264109491,0.3449175732830957,0.5846060593072308,0.2518531025403982,0.184782256336683,0.208741503359714,0.5005857472078626,0.34409452504942567
ZCRBUWNCWCWRGL-UHFFFAOYSA-N,0.1342660503761241,0.56258655,0.46490526,0.49775153000000005,0.3420005547357224,0.1996573260723931,0.2924697904217638,0.3342892280344982,0.3997286526008416,0.3593947111767689,0.4914299511617277,0.3945493596062556
AGMMTXLNIQSRCG-UHFFFAOYSA-N,0.7926982488570481,0.3395897,0.24221545,0.3226093,0.4277521989378246,0.305183915103898,0.4098078266427833,0.4715707487885431,0.7696125167437102,0.7141892153804209,0.4728985292404986,0.4671884961072429
LXIKEPCNDFVJKC-QXMHVHEDSA-N,0.173387305018898,0.39438989999999996,0.4650242,0.4957146,0.352993185331013,0.2775397678988716,0.3706599106535993,0.3840903738838603,0.4753963052786596,0.4314219154180576,0.3213462784960778,0.3371237437898332
LZNWYQJJBLGYLT-UHFFFAOYSA-N,0.8190741035880019,0.31798170000000003,0.25361619999999996,0.332963,0.7705341279218307,0.324674990412935,0.6536606122320495,0.7687080434245852,0.8690697018344343,0.8383498807925021,0.8297262359610855,0.5421129240852511
XYKWNRUXCOIMFZ-UHFFFAOYSA-N,0.0876572873471568,0.4849968,0.42432165,0.4783606,0.2930102470984032,0.1793698778239003,0.3338202144259379,0.2482184769278964,0.3458155915638031,0.263442056443687,0.5535553858009792,0.3598671672787349
GUGOEEXESWIERI-UHFFFAOYSA-N,0.1062783036686044,0.3415144,0.30537855999999997,0.3748952,0.2515725432613926,0.2040238526993112,0.2825074849779191,0.284599565611152,0.1355131118716907,0.1910081606810298,0.3500198142171241,0.26326605239210504
SWXOGPJRIDTIRL-DOUNNPEJSA-N,0.3187012021927727,0.640488,0.66190547,0.80834284,0.6567255290319876,0.650147431976776,0.5562828170816736,0.626303542237235,0.8699750708027713,0.8319885438956716,0.6082772750455919,0.549353076620176
HLVVITIHAZBPKB-UHFFFAOYSA-N,0.8072922055054109,0.42104447,0.39371073,0.46099406,0.3129652565152776,0.3336279349473887,0.4083337700731723,0.3423731144135209,0.4820290915452094,0.6200937424196368,0.5053508258711913,0.5335024318566983
ZVNYJIZDIRKMBF-UHFFFAOYSA-N,0.3147015131542491,0.4766119,0.3557555,0.48835015000000004,0.2913538220240624,0.3370272928517864,0.3464110889638994,0.2816505831492176,0.2922734430819936,0.2837046678505389,0.3749932488819513,0.3756217241206145
OIRDTQYFTABQOQ-UHTZMRCNSA-N,0.0209631105178341,0.75553314,0.73412237,0.7183684,0.1065932815099311,0.2225695353518401,0.1300152252480892,0.1260239528724325,0.2391476711655781,0.1886591880428888,0.2528476807153517,0.4351781959649201
YWPHCCPCQOJSGZ-UHFFFAOYSA-N,0.4275950426906059,0.34982616,0.28654002999999995,0.40919130000000004,0.2523833880698814,0.3849507696265028,0.3513151141844926,0.2498802225712534,0.3390348673500048,0.2822837042102167,0.4912060376689259,0.3748444134152288
OBDOVFRMEYHSQB-UHFFFAOYSA-N,0.1214097067514419,0.2844209,0.20667389999999997,0.43953200000000003,0.2693142407201402,0.3150895355924787,0.461211296141097,0.2343754518150001,0.1490911130010017,0.0742091884927781,0.1677617277004829,0.20023418853176725
UXCAQJAQSWSNPQ-XLPZGREQSA-N,0.1439947180884337,0.75584319,0.78552349,0.70082277,0.6404639550240064,0.6008475605526488,0.685927937775051,0.5833493673280014,0.7632194093709257,0.7703056532229526,0.6011812629567052,0.5610972587622528
GCUCIFQCGJIRNT-UHFFFAOYSA-N,0.3036595484632676,0.51495123,0.34969589999999995,0.52188396,0.2864715449963978,0.2728870235408306,0.3397395286243562,0.2698793042019015,0.5768082422973522,0.553450906963399,0.506811871233996,0.401430041862217
ZPFXAOWNKLFJDN-UHFFFAOYSA-N,0.0764672635184288,0.5363107300000001,0.40076449999999997,0.5410009,0.2364067725497855,0.1200103585085799,0.3024126252037402,0.2385112191323786,0.1165208973563119,0.1915288356367386,0.4999593465795946,0.3528260826777477
ZDZOTLJHXYCWBA-VCVYQWHSSA-N,0.7319505603611401,0.58014923,0.65418833,0.89575938,0.88225182044838,0.886764328925954,0.8677958648045567,0.8872440847287061,0.9443657421594072,0.929937931192205,0.9175023750956351,0.7087028020400737
WSEQXVZVJXJVFP-FQEVSTJZSA-N,0.2596703094334125,0.68569422,0.6982433,0.62484783,0.6712246716837015,0.6853529311095535,0.5894282806043777,0.6677547200361784,0.7931531069956516,0.7502458368929286,0.6613156053848657,0.5628349394108683
JALHGCPDPSNJNY-UHFFFAOYSA-N,0.877005087391816,0.20858973000000003,0.11501824999999999,0.37107884999999996,0.6784796875296895,0.7058165109927252,0.6817641175887769,0.7100252666576246,0.8015981688824433,0.7805077283839725,0.7844334939033388,0.4846028253053243
UXOWGYHJODZGMF-QORCZRPOSA-N,0.8459695125055005,0.6426684300000001,0.6933952,0.73585683,0.8485392725546876,0.8399497055110439,0.7972942133956477,0.8553219379820943,0.9483451271176236,0.939954436603102,0.7453361054642104,0.7379431547156329
FUXFIVRTGHOMSO-UHFFFAOYSA-N,0.790697131564075,0.5759551,0.88560812,0.67182696,0.8850916962627731,0.7177628705350353,0.8151356276709286,0.8640104700453871,0.9416861628828848,0.941054523953313,0.8891519666919679,0.7803964776565928
FSINDHDHRQZTPH-UHFFFAOYSA-N,0.8323992894136586,0.43281734000000005,0.47160159999999995,0.6288401800000001,0.3685455807939325,0.7498616281818884,0.5726524698315021,0.3266229363579024,0.5010032320387312,0.3556810510089323,0.5850451521811579,0.5801604519181524
GFIJNRVAKGFPGQ-UILVTTEASA-N,0.7050128655213891,0.5859037,0.6564914,0.91624949,0.5837545967788325,0.6813295931166387,0.6670746636620988,0.5352745057554411,0.4739351134316424,0.5781896524848947,0.6738238817633914,0.6530930069799739
SGOIRFVFHAKUTI-ZCFIWIBFSA-N,0.6209819058881876,0.72455403,0.76281694,0.70651525,0.6905340526129977,0.7262465873221279,0.6921014408114282,0.6644111717506447,0.8419415194218874,0.8442326427639495,0.7556009131025399,0.7088631132205895
ZBVJFYPGLGEMIN-LWGIMUNNSA-N,0.7316204969878494,0.53237906,0.6590600600000001,0.92218102,0.6814689623509508,0.5689492573488677,0.6213633073750883,0.6743603063915647,0.7435661069131783,0.8165241926593619,0.6425769512145559,0.6453693145378875
RYXPMWYHEBGTRV-GJFSDDNBSA-N,0.2806790269655954,0.6706847499999999,0.60717916,0.6538258,0.8711597118592004,0.4766259002464745,0.8830275940175241,0.882407646144469,0.8940219366289548,0.9445912492024956,0.8691344923849357,0.5831576130207489
XEEQGYMUWCZPDN-DOMZBBRYSA-N,0.1874519096258678,0.7502464,0.7090217999999999,0.62208387,0.6639926843232283,0.6770233335386354,0.5817996846748437,0.6649752043927586,0.8330153497116315,0.7842950790537737,0.6825577314459756,0.5645759524101808
PGLIUCLTXOYQMV-GHVWMZMZSA-N,0.5929459624672812,0.4836838,0.5454475,0.67987487,0.8934382451756112,0.8655071737202036,0.8327494291130214,0.8716590304602064,0.9132636941144892,0.9215597547699748,0.7413638662986985,0.5880721487038509
XEKSTYNIJLDDAZ-JASSWCPGSA-D,0.1748929341691535,0.6849668,0.90629618,0.99438403,0.8852117922499818,0.7669010496259071,0.8627150320041429,0.8526439789718321,0.9698555636840712,0.9698096023185376,0.8736340316938447,0.6365796813017922
XHXFZZNHDVTMLI-UHFFFAOYSA-N,0.8246083746717162,0.36931480000000005,0.3118786,0.46797750000000005,0.6553262193605197,0.6595280076281016,0.6704881471979183,0.66856485242095,0.8744177410073131,0.8321860694942914,0.8089779431353493,0.565321735871108
JKWKMORAXJQQSR-MOPIKTETSA-N,0.4588923645194958,0.71399385,0.74454898,0.82930169,0.8012044536956308,0.857276400389239,0.7714947423597304,0.7944415849490492,0.8547741371005124,0.8672381204386286,0.7416760120801685,0.6573017348714867
WINHZLLDWRZWRT-ATVHPVEESA-N,0.8705673277832515,0.44691914,0.5148516599999999,0.4612473,0.6635282736616498,0.5498600946865554,0.5902480161088998,0.6411439362531888,0.7514825718552388,0.696683201977804,0.6714673349841312,0.6289741461570879
CYETUYYEVKNSHZ-LGOOQLFJSA-N,0.3774752582624028,0.64744663,0.66564673,0.75331266,0.8412399728854213,0.8377082406694065,0.9045382615733414,0.8512959988176467,0.9178803000003708,0.95345575205703,0.9008645235310768,0.624546587211337
AVJBPWGFOQAPRH-FWMKGIEWSA-N,0.086448006374625,0.72068477,0.8054744899999999,0.90899352,0.6335734904898062,0.6654085884488831,0.6011174287517815,0.6094169493057413,0.7468852927316941,0.7489035104318921,0.7462223099965897,0.5633211826124137
WDTAYDBPNYFWDR-WOJBJXKFSA-N,0.3441741303711045,0.6440468699999999,0.67842504,0.6606597000000001,0.67462823150118,0.664788517342987,0.6654271235854851,0.6863204207134636,0.8333251259831324,0.8898466739530866,0.855775460714716,0.6030055753890273
PLILLUUXAVKBPY-SBIAVEDLSA-N,0.3512183741915946,0.32242309999999996,0.3646172,0.52239743,0.4204876634030478,0.2477135771798897,0.3735767786094565,0.4529241079516569,0.8374433754439509,0.6418374733719711,0.474895202994028,0.36959464805024284
MSRILKIQRXUYCT-UHFFFAOYSA-M,0.1252391878313617,0.34990346000000005,0.25593317000000004,0.5643606800000001,0.4309252944586888,0.4090000688182179,0.4378830324990001,0.4410953380894845,0.4231380666190188,0.327498234461715,0.2558042284853505,0.2496393539275025
GSNHKUDZZFZSJB-QUMGSSFMSA-N,0.1937582836519976,0.61297372,0.6517636,0.6843587799999999,0.9330712703035628,0.9348834279565224,0.8850294145333365,0.9245315282537284,0.9649099283903316,0.9583885473857212,0.8541008306989155,0.5551928416866727
QZVCTJOXCFMACW-UHFFFAOYSA-N,0.3148740026649751,0.30954117000000003,0.2120609,0.37868250000000003,0.2485136587263372,0.3675126815325269,0.3658278615325777,0.258649215387707,0.2810804755132687,0.2622040194032272,0.5095007005819732,0.3159910884055896
QVYRGXJJSLMXQH-UHFFFAOYSA-N,0.1864849698313606,0.34812469999999995,0.2635535,0.37946670000000005,0.4077156495226365,0.2207752389961293,0.5142326293597553,0.3914707750537581,0.5535019842859467,0.5131089961563448,0.6405574085583985,0.3301237159285409
AUYYCJSJGJYCDS-LBPRGKRZSA-N,0.4786760522948466,0.77738309,0.8491015,0.75516613,0.4023016786738628,0.6434186441450265,0.408055629167979,0.4013870715775386,0.5219369930727243,0.5422696243206655,0.4398593936185471,0.6425335404053126
RYYVLZVUVIJVGH-UHFFFAOYSA-N,0.2854983206930208,0.5893794,0.40442199999999995,0.41524510000000003,0.3279438797196816,0.2292030100911025,0.2161406024036619,0.3205847957513839,0.4604630255659647,0.4751008525614636,0.2313175665269907,0.3855268210611141
SLXKOJJOQWFEFD-UHFFFAOYSA-N,0.1109363405724552,0.6769056,0.75750272,0.71559656,0.1471448687702766,0.3369772196947562,0.127884612461408,0.1750401230215809,0.3069712166707986,0.2611643381136806,0.3392148042373284,0.4620647426228591
CIWBSHSKHKDKBQ-JLAZNSOCSA-N,0.0185301944110725,0.7540973,0.8727617,0.72500867,0.0852080799310606,0.0794089428124047,0.2112070269729257,0.0770996635004555,0.0744373389271692,0.0870153979586483,0.1680504081470384,0.45725315510869624
KVUAALJSMIVURS-ZEDZUCNESA-L,0.1815828376303146,0.4871677,0.58222714,0.66482478,0.0853089003968422,0.1765199497320965,0.1300101859961819,0.0826246763463793,0.0709680346743855,0.0741758838143564,0.1876968491673435,0.3619034020097579
MECHNRXZTMCUDQ-RKHKHRCZSA-N,0.2493941087997024,0.7383621,0.77089544,0.79327413,0.4072527664088597,0.2511624856529207,0.3664726034660159,0.4134104640400081,0.5894035920760932,0.5992286852686761,0.4589552092756371,0.5497968058847716
HYPPXZBJBPSRLK-UHFFFAOYSA-N,0.0428079563829726,0.43641496,0.3232745,0.5351790000000001,0.2134611052090549,0.1748792951695448,0.1805263991106144,0.1665322540344997,0.0500852079806727,0.0422793673878855,0.1921710130277935,0.24654037935389703
MKXZASYAUGDDCJ-NJAFHUGGSA-N,0.0488418021518763,0.73132586,0.77446468,0.73390383,0.3855305848222553,0.2817073332306848,0.3363621046582843,0.4017849902966081,0.5962256380900816,0.6220045540207819,0.4242826506113923,0.4855482799862219
RDOIQAHITMMDAJ-UHFFFAOYSA-N,0.0731602131014817,0.39003,0.30360025,0.4591756,0.1921118218148107,0.232919100226973,0.2354779860524124,0.1896267813002092,0.0670765691064044,0.0420975644305543,0.1961223572777141,0.23876413831307094
BMUKKTUHUDJSNZ-UHFFFAOYSA-N,0.4965005073228771,0.20796139999999996,0.1240926,0.26766884,0.158273559488636,0.2628874153527859,0.2786659470947009,0.1461487164971222,0.1098935589655516,0.151792174693959,0.4389847457030287,0.30382674745840255
KWGRBVOPPLSCSI-WCBMZHEXSA-N,0.039729903307052,0.7626755000000001,0.84191087,0.6430098,0.2318832852536592,0.3336216609278789,0.3754488581375035,0.2445154023385591,0.3329008685371734,0.2950200418708137,0.4553517476039107,0.5093012679242755
JWZZKOKVBUJMES-UHFFFAOYSA-N,0.2341564951752527,0.31838900000000003,0.24015889999999995,0.34956706000000004,0.2615505124303661,0.3161517463870049,0.4306299940332802,0.2605196695621466,0.4345176799098026,0.3920109607539151,0.474386791830873,0.298132613068083
DQMZLTXERSFNPB-UHFFFAOYSA-N,0.3055151206389856,0.41561264,0.3731786,0.3275439,0.526291592596304,0.5668018036333045,0.5702529608211525,0.4597487691274588,0.6286826279598402,0.6566991524157166,0.4044739386210932,0.37626577902304
AAXVEMMRQDVLJB-BULBTXNYSA-N,0.0823813088196022,0.7259793999999999,0.72454223,0.84537885,0.5299743699796889,0.7075332377553545,0.5491349556618892,0.5548045960077359,0.6847010054838865,0.738165167555512,0.7416060243201325,0.5377518339109402
OVBPIULPVIDEAO-LBPRGKRZSA-N,0.3948404674725705,0.7060772200000001,0.6906142,0.71037847,0.2651215250103391,0.247533896875843,0.3741625266970058,0.2747751698792823,0.3893027664510453,0.4522233973531003,0.4249770560769128,0.5520441145594869
FBPFZTCFMRRESA-JGWLITMVSA-N,0.0261354089101685,0.79801683,0.89260765,0.8020647,0.3943779140072965,0.3365961693881455,0.2533152258049947,0.4372436392625453,0.2843484077261203,0.3225072907897545,0.2330510653000057,0.495990499252615
UOZODPSAJZTQNH-LSWIJEOBSA-N,0.0336629650805795,0.6736854999999999,0.7580194,0.94411711,0.2032349388455286,0.1387143938256268,0.1562537707449592,0.1840738115640815,0.0985986516858815,0.0328654026802127,0.1835308265672964,0.4165538923826105
NLXLAEXVIDQMFP-UHFFFAOYSA-N,0.0581864575979829,0.61832646,0.7218498,0.60916203,0.2237921708416079,0.1324519628155522,0.227639992094514,0.2326942677930672,0.3485942869740639,0.3286193715151985,0.3703096670493303,0.43118203723334103
KWIUHFFTVRNATP-UHFFFAOYSA-O,0.0336469510214543,0.6838710299999999,0.7343060699999999,0.66034275,0.0911385241822846,0.1692345475322398,0.2659561057171826,0.0934153428122108,0.2420230377995999,0.2156892816941578,0.4399820666638582,0.4514924428127266
RKUNBYITZUJHSG-SPUOUPEWSA-N,0.0524278672525439,0.67199165,0.72488022,0.7154508500000001,0.0465990952081072,0.0669337756584214,0.0927855537479371,0.0292630001526697,0.0784941283844095,0.0611810689845147,0.2155938192081741,0.4124358861620815
ZDIGNSYAACHWNL-UHFFFAOYSA-N,0.3506105991105428,0.35511570000000003,0.2817067,0.43558889999999995,0.3970869714232922,0.2949741187417767,0.4393869640390712,0.3809121804892621,0.5971908295305175,0.5807346764589585,0.6540804669397094,0.3843734260602526
XADCESSVHJOZHK-UHFFFAOYSA-N,0.0805550798370727,0.4282922,0.30744610000000006,0.55354565,0.1704265898500598,0.1334917345264985,0.1911752120973847,0.1799674612419934,0.261024339378593,0.2719798157860318,0.2624707907901042,0.26105406291717786
MYWUZJCMWCOHBA-VIFPVBQESA-N,0.0780823968094658,0.7281682199999999,0.79209355,0.5503251,0.2251670127578751,0.1775985412087636,0.2836252117691469,0.2696414028373574,0.4372184101250137,0.5291111458479419,0.342395904584817,0.47919128945503
IMYZQPCYWPFTAG-UHFFFAOYSA-N,0.6399093978781625,0.15913999999999995,0.12148320000000001,0.19748275999999998,0.2390670730984945,0.237068281124115,0.2023884946844951,0.2394388308569272,0.2444922500250736,0.3810180293830669,0.2504784513889471,0.30311629432180165
OCJYIGYOJCODJL-UHFFFAOYSA-N,0.096430809835441,0.26474106,0.16984354999999995,0.36472499999999997,0.285181049993102,0.6308582445875615,0.5872202253682859,0.30647077302662,0.3033020512540235,0.3322750810671311,0.5901387458957995,0.24769562730530403
UQCNKQCJZOAFTQ-ISWURRPUSA-N,0.0477227264545017,0.7506052,0.7512831,0.77308758,0.512023998322235,0.6434227254169103,0.6903349209772252,0.4812983899946754,0.6657469398410957,0.6779528253897439,0.6898276432074675,0.5337084317753013
MFOCDFTXLCYLKU-CMPLNLGQSA-N,0.0569263886675512,0.75449996,0.82573117,0.63651094,0.2793797076983427,0.2263967658603281,0.3285452654426951,0.2953297623217861,0.3304314286328553,0.3426712420196177,0.5521086697056053,0.5243264001339553
NHTGHBARYWONDQ-JTQLQIEISA-N,0.6054595568444964,0.7528998,0.81447336,0.70758918,0.7549974466942357,0.7274568381981495,0.6222240225848736,0.7152926562404767,0.7468272501214621,0.7849235781455794,0.5666283637451183,0.6963221664350668
BQJCRHHNABKAKU-KBQPJGBKSA-N,0.3405940706328116,0.710926,0.74678478,0.76483318,0.7107577252462802,0.654717025330994,0.6519428577241086,0.7051760026481048,0.8002824621171467,0.7988447802327576,0.6488137871982366,0.6047811270954185
HSRJKNPTNIJEKV-UHFFFAOYSA-N,0.3855317945956838,0.3538799,0.347147,0.51092967,0.1419442906309433,0.1126820320803955,0.4064944999982754,0.156773752387172,0.0980243190284551,0.1170854929076094,0.4316323923571085,0.36753662470643217
ZQDWXGKKHFNSQK-UHFFFAOYSA-N,0.3295298699142995,0.26791966,0.19371974000000003,0.4699633,0.6767699165950618,0.7841572925825128,0.748260811913094,0.6630314645228887,0.8345319160480449,0.8627211932411964,0.6819614516462644,0.34916016213483253
ZDIGNSYAACHWNL-HNNXBMFYSA-N,0.5689230905130996,0.6730889,0.72759208,0.66805834,0.3970869714232922,0.2949741187417767,0.4393869640390712,0.3809121804892621,0.5971908295305175,0.5807346764589585,0.6540804669397094,0.6441722493356159
HXGBXQDTNZMWGS-RUZDIDTESA-N,0.3189353188774703,0.61430192,0.68132424,0.68238372,0.6346427027891293,0.6531011197258333,0.5979536860382306,0.6397949227341759,0.8226252492383975,0.7508036418620094,0.7608611732140392,0.5720529965340803
WAEXFXRVDQXREF-UHFFFAOYSA-N,0.0630940994181668,0.7385259,0.72594184,0.67973045,0.1187608757746876,0.083590922733856,0.0935329820292356,0.0940135349280493,0.1224859573229117,0.1217905811787894,0.3093987107935486,0.4497500689823756
DDLIGBOFAVUZHB-UHFFFAOYSA-N,0.479994652171048,0.40701089999999995,0.40215650000000003,0.40133387,0.51647077174086,0.433994997927632,0.5492315288934483,0.5139643877003126,0.5984761076300937,0.5642208236549948,0.6620437616844776,0.47193625289298985
LUZRJRNZXALNLM-JGRZULCMSA-N,0.1529147136399181,0.66896954,0.68125817,0.79485317,0.237914080328414,0.1867450060276002,0.2797536219837195,0.2465497437338592,0.3478847610187312,0.3782044823153082,0.2583077255255006,0.44316545034685895
GYDJEQRTZSCIOI-LJGSYFOKSA-N,0.4367896124739746,0.79306622,0.875892535,0.75553814,0.1959073734993047,0.2736196673286789,0.3183679958889063,0.231321710318744,0.4707656493777972,0.3460633099038219,0.2558144576037537,0.6050642462976452
PHIQHXFUZVPYII-ZCFIWIBFSA-N,0.0315380952079014,0.76055613,0.87226026,0.7321238,0.1923779582289892,0.0767210015236072,0.2899945447414793,0.1888221000816194,0.2013408430860801,0.2080081824994068,0.4463884502591408,0.5109836466363521
XPVOJYDIBHYVFL-UHFFFAOYSA-N,0.2316595102045831,0.3562586,0.32756759999999996,0.5167064699999999,0.3824970254510265,0.5056132868100573,0.4474704892216837,0.4047117536976604,0.5956304083660885,0.5420066766584312,0.4606930979284372,0.33170746469301843
MRBDMNSDAVCSSF-UHFFFAOYSA-N,0.1794340803215715,0.54139596,0.35930470000000003,0.4324285,0.3187744662065948,0.2535854863287273,0.2971387613495339,0.3615003523956323,0.4143326450656294,0.3215827934479523,0.2645518256953109,0.3372272218498794
ACGDKVXYNVEAGU-UHFFFAOYSA-N,0.215491199989033,0.67880613,0.6171302000000001,0.6740733,0.3148846537619119,0.1517529956044953,0.2423204594276738,0.2504412416415933,0.4655368336951008,0.4033841071438883,0.376656803134148,0.4674156410737177
KWTSXDURSIMDCE-QMMMGPOBSA-N,0.2828704015065121,0.73788565,0.79230997,0.63267964,0.5926106815087714,0.5429714969097043,0.3344200355327755,0.6192656280339248,0.5659657101828925,0.5413346234163985,0.3997581276112842,0.5607255739836996
LMOINURANNBYCM-UHFFFAOYSA-N,0.7247924878865807,0.3691883,0.2562295,0.3551347,0.4553347426434704,0.5507851172023023,0.5512933218899951,0.4694227959274959,0.74386050993617,0.7461638568912218,0.5084433044486341,0.46696738083540523
SOYKEARSMXGVTM-UHFFFAOYSA-N,0.5681264348165488,0.32548730000000003,0.24375486000000002,0.3590263,0.3981325705997731,0.3301512685685325,0.4239910222948111,0.3468378724613843,0.5232525821435688,0.5946568690678599,0.6070740382856019,0.42098570334818675
ULFRLSNUDGIQQP-UHFFFAOYSA-N,0.6349907856831031,0.4598076,0.3819971,0.41888179999999997,0.3735647847346352,0.3792144500283692,0.5926551879967151,0.3336247839662835,0.4347284637187526,0.3614050150601142,0.6974523864907818,0.525636142508235
BPLBGHOLXOTWMN-MBNYWOFBSA-N,0.570554461131653,0.62732345,0.6381099,0.73065168,0.3513992735891427,0.4001965997554045,0.6525451509736507,0.3598578455148595,0.4922802285891238,0.3252567029675257,0.829403518000086,0.638164976715933
KWTWDQCKEHXFFR-SMDDNHRTSA-N,0.367023118346699,0.7405085,0.82119644,0.6914325,0.6342079645340156,0.6414758030637681,0.5404149030640192,0.6688285359171818,0.7670078875845603,0.7352715542187055,0.613346913116892,0.6302884468468166
YXKTVDFXDRQTKV-HNNXBMFYSA-N,0.0919470694652263,0.71227497,0.71734136,0.54892173,0.2668268850133243,0.2723220384665644,0.3008929133371461,0.2661183737454342,0.3436104267602242,0.364434610184669,0.3945451704476968,0.4691800725361898
JTZPPHUZZDKEOC-RBQAPOGLSA-A,0.3003210447104869,0.7247485,0.9959718175,0.988102911,0.3326170332117786,0.2535695764798922,0.4390288773360598,0.3170241379844229,0.132863234690183,0.1243865919730189,0.2792248493823133,0.5898451356038628
RVCSYOQWLPPAOA-QKYUOBHYSA-M,0.0350653531773065,0.7161809800000001,0.7139402,0.7564365,0.0878481773303375,0.0841901527595198,0.1380309897163065,0.103245588157534,0.0309546084009348,0.0634350452890265,0.0710684352996888,0.3943633116960523
PGBHMTALBVVCIT-XOOGOISSSA-N,0.243563263983426,0.6540507,0.74982265,0.93413643,0.2242889922000731,0.1387143938256268,0.2137211939605371,0.1956241282917726,0.0601568001567811,0.0317352805904339,0.1789177321962368,0.46946388550145873
FQPFAHBPWDRTLU-UHFFFAOYSA-N,0.0676413049462559,0.48955950000000004,0.41319930000000005,0.43362540000000005,0.2259811874411596,0.0876151866917687,0.2977201594924836,0.175081754715021,0.125758432404566,0.1570736640794435,0.2282329204198104,0.29798932087471297
HCFDWZZGGLSKEP-UHFFFAOYSA-N,0.2100392961986064,0.47325170000000005,0.38241357,0.38707860000000005,0.2740495603737391,0.2081511733667272,0.3494401504811397,0.2568543326922027,0.2552615888250047,0.4043658261571837,0.5532964239846656,0.3801104769110839
NZUPCNDJBJXXRF-UHFFFAOYSA-O,0.141762787076678,0.49270486999999996,0.50950575,0.524357,0.2242619095899816,0.1960205227213482,0.2119505782870733,0.2241356591367595,0.2892221103758097,0.3509957596689615,0.3849891647000963,0.36940680283042293
ITRJWOMZKQRYTA-RFZYENFJSA-N,0.743059229263738,0.6736146000000001,0.70619836,0.82819524,0.5862394807580715,0.5675934673093566,0.7099957486932303,0.5454812502152556,0.762029507730281,0.6404229083594624,0.7376538164665672,0.7098299728675641
CURUTKGFNZGFSE-UHFFFAOYSA-N,0.0588792352468857,0.4446162,0.37483835,0.616529,0.1815594313899524,0.1359308781240916,0.2190073698898892,0.1789579069887124,0.0889814452450014,0.143686960192001,0.278464162865547,0.2799603258975133
KSCFJBIXMNOVSH-UHFFFAOYSA-N,0.1561976656088679,0.35687654999999996,0.31804526,0.40816830000000004,0.1712737942614255,0.0493015172378958,0.1686953175200559,0.1867551520572648,0.0834530131610488,0.0709979581572038,0.2346568870762403,0.2626554965395368
JAQUASYNZVUNQP-USXIJHARSA-N,0.0337350182949952,0.7630717300000001,0.78692217,0.7430304999999999,0.3207495661787065,0.2622893997034041,0.3492176589488486,0.3482356534982715,0.5604400995770393,0.6078714331295796,0.3823529086026637,0.48399443348768834
VVWYOYDLCMFIEM-UHFFFAOYSA-N,0.0773064675528517,0.36453040000000003,0.34988410000000003,0.35732657,0.2631572200970772,0.18517969127338,0.3774769428554655,0.2173569673269688,0.2574797754607767,0.2470192413276822,0.2057056343333179,0.2507798930816889
OJFSXZCBGQGRNV-UHFFFAOYSA-N,0.4510865379761157,0.3364271,0.2616073,0.37468386,0.4670546212344668,0.3261683144847996,0.4389283285749932,0.4445749952666711,0.7504147198309837,0.493895405727638,0.553397861390781,0.38890941877068674
AJXPJJZHWIXJCJ-UHFFFAOYSA-N,0.3715927246149275,0.36976945000000006,0.28459566999999997,0.30921924,0.60234794799057,0.2932573843689102,0.4298297261598721,0.5372712556777688,0.7195585276922652,0.7466780065853329,0.5336182045659029,0.3817181771711344
GKNPSSNBBWDAGH-UHFFFAOYSA-N,0.0678673451627157,0.49894613,0.50227165,0.51859933,0.0848896177779384,0.0870990930979606,0.1354351066929803,0.098280147142871,0.0186788111618958,0.024475539751626,0.1702329878851363,0.3087643588948576
CBEQULMOCCWAQT-WOJGMQOQSA-N,0.1880530151797866,0.6506727299999999,0.6109922,0.5446137,0.3525424827017571,0.2621758229531825,0.3635397338397066,0.3468814092584623,0.3533394523863954,0.4179879971602151,0.48853676214567,0.471113745993069
XXEPPPIWZFICOJ-UHFFFAOYSA-N,0.0879313054819037,0.2917286,0.19281400000000004,0.32469165,0.3629629730550578,0.2816633818124651,0.3344077852993255,0.348014724597069,0.40310271231069,0.5596169552301126,0.4347645009391159,0.23326560877163977
YSXKPIUOCJLQIE-UHFFFAOYSA-N,0.80044932699616,0.10405092999999999,0.07328109999999999,0.28270024000000005,0.2447278402021944,0.290674511145399,0.270635797659964,0.1830673527455838,0.1931702479498843,0.162143989835191,0.5069367358957187,0.3638959245721213
ANGKOCUUWGHLCE-UHFFFAOYSA-N,0.1598172767420766,0.3988604,0.3620006,0.47851913999999995,0.1466284512554697,0.0740918269529993,0.1641903671285066,0.1487272079585826,0.0562546869251507,0.0296217119336528,0.193090781155666,0.27842703653421697
FJLBFSROUSIWMA-UHFFFAOYSA-N,0.2027081116225123,0.59665346,0.49652356,0.3727975,0.2997607116364403,0.3041270323492406,0.330122682544304,0.3137951882925806,0.3696472637596085,0.2672740775181438,0.3977618618766509,0.41500047038424975
JCQLYHFGKNRPGE-FCVZTGTOSA-N,0.0058528768742597,0.7647102299999999,0.81563368,0.86144066,0.0600608136496384,0.0307696148067483,0.0648491521532707,0.0532940319168274,0.0327531648523164,0.0327462437840927,0.0624294628015312,0.4222063429242959
GMRQFYUYWCNGIN-NKMMMXOESA-N,0.0560214183377679,0.73513502,0.7462081300000001,0.79661468,0.5790703018233868,0.5407739459808578,0.4910744374207363,0.5862151612502167,0.6469377546418975,0.6585909482526215,0.6105628066409372,0.5182882895693341
VSGNNIFQASZAOI-UHFFFAOYSA-L,0.0945117056680247,0.45679539999999996,0.6234565400000001,0.6179881700000001,0.1771799550151248,0.1189801739884939,0.227639992094514,0.1615956357937769,0.2621374493244179,0.2659719883396909,0.3703096670493303,0.37334784178385305
BRUQQQPBMZOVGD-XFKAJCMBSA-N,0.0921762234460094,0.7359925,0.73390675,0.76926294,0.6760867396757748,0.6828629375943277,0.6723660226496239,0.6278014015307815,0.7850756668490813,0.7315080622486414,0.7611167347466783,0.5543020813296257
IBAQFPQHRJAVAV-ULAWRXDQSA-N,0.016027747806671,0.7480175,0.85464993,0.76204734,0.2490032848615468,0.1386554343520863,0.160584053420672,0.2569668889516052,0.3058182083502617,0.3540468496072171,0.1865068524313635,0.45771138123016747
GIJXKZJWITVLHI-PMOLBWCYSA-N,0.0758231890417751,0.7433811699999999,0.7269468,0.6696816,0.1507746380192076,0.0680353401203003,0.1391158292849193,0.1728656660498112,0.1102070910156974,0.1261595596988261,0.2261565519459423,0.44295986958270767
UQRORFVVSGFNRO-UTINFBMNSA-N,0.0122837175984274,0.7445392,0.84694031,0.75402865,0.2053637695043301,0.1420052640888156,0.1535871733197705,0.181734969768682,0.147161218512641,0.2595008646327756,0.160026750723304,0.44810081956101855
KORNTPPJEAJQIU-KJXAQDMKSA-N,0.1731951925039272,0.6006785299999999,0.6551731000000001,0.71718565,0.6450558721725778,0.733216972349995,0.6918419733930481,0.6644128570054237,0.8372692718258624,0.8678966166439183,0.8136168812448997,0.5300116084550757
XKLMZUWKNUAPSZ-UHFFFAOYSA-N,0.632313903525581,0.26073270000000004,0.18162259999999997,0.4576606,0.3360267529156395,0.3370811884351294,0.4481315651915142,0.2787226805729305,0.3920515807955725,0.3228595615737914,0.5459378717160492,0.39502821373008096
VDHAWDNDOKGFTD-MRXNPFEDSA-N,0.0694744964983108,0.7288673,0.6887478,0.5328292,0.186021108325341,0.3040495830326229,0.2958428825003052,0.1846036741684903,0.1162063134062169,0.1906029281063439,0.4425589084082241,0.464604568607707
UPNUIXSCZBYVBB-JVFUWBCBSA-N,0.0525236097322573,0.71087846,0.72232708,0.7421253,0.2174711065852478,0.288664634791179,0.2761314721745872,0.2624936470477881,0.2642336349219015,0.1803500928122398,0.1867610659074478,0.4239821287055439
YLXDSYKOBKBWJQ-LBPRGKRZSA-N,0.4251299665735498,0.7080637000000001,0.78017268,0.6827542799999999,0.3627030739430337,0.3914501162583667,0.3013224943564332,0.3713068771125173,0.4151292806283722,0.3629409296228436,0.3751241158011365,0.5790775648286081
ZXWOUECXXOIJEE-DMXGEVFUSA-N,0.0743668672378867,0.7656196399999999,0.75953929,0.68415534,0.2098016116868075,0.2384483303988666,0.2184927620688052,0.1772401116380335,0.1774759943298775,0.1001445831962195,0.2317283595564345,0.46021341629487855
IQWHCHZFYPIVRV-UDKJPVSYSA-I,0.1034679565030473,0.4908363,0.6582357,0.8750864899999999,0.1140306027128623,0.1239965252515924,0.1211967199024372,0.1170142995768452,0.0155580193643401,0.0190035516614734,0.093963250510147,0.3465127892557088
AUNGANRZJHBGPY-SCRDCRAPSA-N,0.041895391821398,0.7453202299999999,0.72289795,0.7035603,0.2041329222549588,0.1139747173496466,0.0800900522712817,0.2194364880676742,0.1254810518880877,0.1720749733930315,0.0387116979282028,0.40384841938170285
CXYRUNPLKGGUJF-RAFJPFSSSA-M,0.0462064759890964,0.74848044,0.75916317,0.8303543600000001,0.0326110363594927,0.0477156001837501,0.051819332279185,0.0311875922956619,0.0220008033973863,0.0303529553321983,0.0866470405047241,0.4175769592476124
SNIOPGDIGTZGOP-UHFFFAOYSA-N,0.1169148916533043,0.39548059999999996,0.41193115999999996,0.75258005,0.2114843460255023,0.1514373078061985,0.3453633037919908,0.1705727205332494,0.2124476284866006,0.1180342348339318,0.3884921447376186,0.31353261747285877
OMHBPUNFVFNHJK-UHFFFAOYSA-P,0.0719506129477687,0.70484653,0.66002855,0.68509105,0.2135801999085597,0.3249655891927585,0.272533691148167,0.1986484460980704,0.0920948959566694,0.0515702659970711,0.0820841698490614,0.3946524221389966
KWGRBVOPPLSCSI-WPRPVWTQSA-N,0.039729903307052,0.7617829700000001,0.84236097,0.64959514,0.2318832852536592,0.3336216609278789,0.3754488581375035,0.2445154023385591,0.3329008685371734,0.2950200418708137,0.4553517476039107,0.5091947109700099
STECJAGHUSJQJN-FWXGHANASA-N,0.0497506273338418,0.7268605,0.75360635,0.81024015,0.1023535200642281,0.1328239492002528,0.2023605145933599,0.0890913608524204,0.0887498083482622,0.0595703354769422,0.3148517641981019,0.4517280711789062
ATOTUUBRFJHZQG-UHFFFAOYSA-N,0.0634526964992387,0.47422934000000005,0.33152990000000004,0.43017846000000004,0.1301571310243164,0.0983414506368491,0.1341594432928465,0.1333285141883594,0.1373915453069971,0.1388043144724083,0.1772121681721947,0.25873386143604643
KHOITXIGCFIULA-UHFFFAOYSA-N,0.2734453830252917,0.3109472,0.2868012,0.45777166,0.2612822326418658,0.2648474698813212,0.3293587875385968,0.311247639552326,0.3301680249786365,0.2481998619314479,0.3889808111163488,0.3050699515713374
WYDUSKDSKCASEF-UHFFFAOYSA-N,0.0728225315797404,0.49403715000000004,0.41275644,0.55016464,0.1773105799749189,0.1498676645130146,0.2356228553308731,0.1749482901403161,0.1031347084560053,0.13246793531344,0.3529086165998328,0.3183230066215395
KQXKVJAGOJTNJS-HNNXBMFYSA-N,0.0820115343235379,0.58210897,0.64531887,0.5561274,0.2521276915207526,0.261073544021781,0.2721476465474995,0.269257547957221,0.2207858376788553,0.3297125307884747,0.3317019193393369,0.40374061488765334
VWLHWLSRQJQWRG-UHFFFAOYSA-O,0.0809584838721069,0.72138423,0.73529992,0.53104562,0.2415733687410506,0.2868900559964084,0.2644837862151311,0.2597727793165893,0.3889821306975761,0.4572693181184245,0.3559640158078308,0.4658055999559461
VYFYYTLLBUKUHU-UHFFFAOYSA-N,0.0748409641716233,0.6314624,0.60641316,0.6258387599999999,0.0978588882913934,0.1371938316388179,0.1935946355542009,0.1177166202746813,0.2251190428366588,0.2447757358927064,0.3115199035842805,0.39519890494273047
PIJVFDBKTWXHHD-HIFRSBDPSA-N,0.0813758085406016,0.6134398,0.629515,0.6355622400000001,0.3630028799359475,0.272565891748604,0.3484167448832543,0.3575743791346293,0.5041409748394856,0.6130992058948974,0.6098778130102671,0.4559040547453579
OIRDTQYFTABQOQ-KQYNXXCUSA-N,0.0209631105178341,0.7553868,0.73300028,0.71696234,0.1065932815099311,0.2225695353518401,0.1300152252480892,0.1260239528724325,0.2391476711655781,0.1886591880428888,0.2528476807153517,0.4348453391694463
JRWZLRBJNMZMFE-UHFFFAOYSA-N,0.5086027379575931,0.39848340000000004,0.31360215,0.4578341,0.2720250550852962,0.1294174883844254,0.2840110803918155,0.2773329521043146,0.5825273773653296,0.4313921134214495,0.3926533335427825,0.40144915406381143
OFBIFZUFASYYRE-UHFFFAOYSA-N,0.172424651576615,0.42232970000000003,0.33068929999999996,0.44408906000000004,0.31162015883381,0.1815208410615669,0.2741038815732212,0.3037104919232153,0.3325244068434703,0.4201238357151703,0.3661258806308357,0.3134424913522885
NNJVILVZKWQKPM-UHFFFAOYSA-N,0.3863626695652054,0.3478167,0.250495,0.42221679999999995,0.3896415772661686,0.3086902395307799,0.3611893514486508,0.3424264796051117,0.4818007917318822,0.4268510135394084,0.4868520257538906,0.3567294841411984
CLKOFPXJLQSYAH-ABRJDSQDSA-N,0.0882425020127656,0.58346063,0.65744707,0.92513718,0.2648088672843278,0.3596352108782299,0.3207574489301049,0.2918072604657559,0.2545518710975093,0.2142550347844773,0.4293464721369129,0.425515833716053
ODKSFYDXXFIFQN-BYPYZUCNSA-N,0.0127614345681853,0.77047089,0.8490117500000001,0.75646777,0.0890800067806713,0.072871138967987,0.0819670047615547,0.0841174585089468,0.1274378899375635,0.1438301611708791,0.2511940537015218,0.46565861606717374
JUGOREOARAHOCO-UHFFFAOYSA-M,0.0303768488072287,0.66317326,0.7587466700000001,0.63794476,0.1034052182472401,0.1677700037763948,0.1695264045400606,0.0918237639441684,0.1612969921428907,0.177527885593984,0.3547681236495057,0.43761170977783165
QGJUIPDUBHWZPV-SGTAVMJGSA-N,0.1121253165895916,0.3964649,0.65420336,0.7056487499999999,0.2716564698062774,0.2950793770681848,0.3792686603233792,0.2752803247973275,0.3827773225808461,0.2350092760144345,0.4226177502822604,0.3839384490090291
GECBBEABIDMGGL-UHFFFAOYSA-N,0.2853025708743519,0.20812989999999998,0.15730845999999998,0.29940500000000003,0.2451956868479241,0.2064997864728027,0.2588109419018267,0.2546373558276246,0.3613471205439086,0.2632021581131659,0.2939809775893898,0.23197624620622875
WKEMJKQOLOHJLZ-UHFFFAOYSA-N,0.6150982856116137,0.45082926999999995,0.3602818,0.47185370000000004,0.4388458542501609,0.5873310732983253,0.5444530386320497,0.4406143079187632,0.6129048482309457,0.5913891573692839,0.6101422743787802,0.49957332267424237
XPSQPHWEGNHMSK-SECBINFHSA-N,0.0914032738660615,0.71569028,0.71983504,0.6416481,0.323248029679257,0.229061070203196,0.279249743037576,0.3357548828005202,0.5963136405666659,0.4428462189083424,0.4769049431553613,0.48523385382304846
JWJOTENAMICLJG-QWBYCMEYSA-N,0.2637571060940307,0.67416465,0.65976876,0.76693478,0.6718917079896941,0.7518978078679251,0.7188918036315005,0.6393996470979058,0.8148755155456157,0.8119363480579593,0.7811642445264102,0.5713633001058231
CBPNZQVSJQDFBE-FUXHJELOSA-N,0.5411966036404768,0.57630205,0.6834925700000001,0.86204095,0.6401095666609898,0.8558269819192584,0.7622371150232722,0.6335136380264256,0.7937828896684143,0.7671465928985912,0.8496331257816016,0.6420484980327906
GIUYCYHIANZCFB-FJFJXFQQSA-N,0.0902629866025275,0.78166811,0.77767654,0.79882507,0.5367986146655428,0.4766321692374733,0.4010673863415114,0.5481915608992485,0.7149444110846556,0.7131121963743038,0.286351237279359,0.4940520501005309
IFKLAQQSCNILHL-QHAWAJNXSA-N,0.0328977671383886,0.7122914,0.73042005,0.7494206400000001,0.3339206135243848,0.2321485792675779,0.2796300657949482,0.3109274703152303,0.4076392628313499,0.3929573989608869,0.1371994094856083,0.4165765389482131
NETZHAKZCGBWSS-CEDHKZHLSA-N,0.038489844859625,0.6863455199999999,0.7013767399999999,0.78409421,0.4158676236679891,0.3642341884698225,0.352031614032551,0.4154239570485261,0.3752450472649854,0.4781214903390611,0.2401216825226063,0.4236152429625882
GGCSSNBKKAUURC-UHFFFAOYSA-N,0.1168174620901456,0.43411979999999994,0.29084814000000003,0.53090158,0.223689196758758,0.2209183203225452,0.3167517957916679,0.2025900854457518,0.1678941246874293,0.2529200287436617,0.5725706641659399,0.32085693014270544
XXZSQOVSEBAPGS-DONVQRBFSA-L,0.0602750140911341,0.58711576,0.6460157,0.82214563,0.1455184903520982,0.2013653315296574,0.1603742907393061,0.1131245339168212,0.0233455535744306,0.0300860063630457,0.0233615320260738,0.34538183761087865
IDBPHNDTYPBSNI-UHFFFAOYSA-N,0.2719532860745042,0.40203560000000005,0.28602780000000005,0.4791189,0.2784059815636953,0.3000003806245626,0.3465312112486675,0.2473983084126642,0.3564918242600188,0.1688425322451419,0.731898238676622,0.38295167759771437
SNPLKNRPJHDVJA-ZETCQYMHSA-N,0.0248022818474035,0.7455996300000001,0.85102448,0.6578475500000001,0.1626366410606183,0.1265211369716261,0.2443343316623986,0.1695295788783673,0.1152403555327416,0.2199043503249805,0.2724787137505618,0.47054120144064904
FBPFZTCFMRRESA-KVTDHHQDSA-N,0.0261354089101685,0.7990793700000001,0.8953335060000001,0.8024396,0.3943779140072965,0.3365961693881455,0.2533152258049947,0.4372436392625453,0.2843484077261203,0.3225072907897545,0.2330510653000057,0.4969775424693487
HSMNQINEKMPTIC-UHFFFAOYSA-N,0.1506120974254142,0.5697519,0.49410869999999996,0.6181470499999999,0.1529542738803316,0.2184214025771066,0.368642197889991,0.1693637704789204,0.2386357097033403,0.158730381543596,0.4115694983543498,0.39087284278716894
VXFVFWFSJFSXHN-FAUHKOHMSA-N,0.2163576411123321,0.40010875,0.66443434,0.99980830247,0.6022933172407634,0.4344877620661491,0.3785141118403506,0.5404113788660303,0.6123851429079202,0.7636999500177017,0.3250491530512384,0.411649691708843
MOFVSTNWEDAEEK-UHFFFAOYSA-M,0.0623939893036107,0.60063285,0.68647227,0.66512007,0.2061354025379479,0.2421300293243268,0.3404832667656126,0.2434740568642394,0.0676001015978386,0.0491642352093586,0.5442311653998032,0.44693152107917544
WCIMWHNSWLLELS-UHFFFAOYSA-M,0.0844169784846398,0.66703713,0.8077734400000001,0.67522514,0.1334377182343378,0.111018165860877,0.1615886823660432,0.1381282804058382,0.0621078384196664,0.0937205831981036,0.3372299209733025,0.46489182698333215
WQZGKKKJIJFFOK-GASJEMHNSA-N,0.037341622261001,0.78045878,0.8777538540000001,0.7330513599999999,0.0359363774910883,0.0020876020991442,0.0319754169226555,0.0529793197102112,0.0749250684339506,0.093221507604945,0.1199323640745092,0.4596409466652858
NGSFWBMYFKHRBD-UHFFFAOYSA-M,0.2154215078559939,0.46707535,0.6033849,0.55005574,0.1416234989395637,0.1528767142981473,0.1798813855054661,0.1154622157786186,0.1847848958544933,0.1937623563122405,0.2739661242373311,0.38801167000016756
XNSAINXGIQZQOO-SRVKXCTJSA-N,0.0266701077078204,0.7430816,0.7793176900000001,0.78027883,0.1429631841274412,0.131687375646954,0.1715684725366771,0.1685626060144119,0.0438987847697379,0.0375661564901425,0.2892020343986191,0.4528990095690363
IZTQOLKUZKXIRV-YRVFCXMDSA-N,0.0588163901515171,0.6728314799999999,0.6868238,0.928279296,0.3711898141258665,0.1660717260534286,0.3116789958865425,0.3415102215974325,0.1250165442487041,0.1622395017075976,0.3735693203062934,0.4417184768488636
AMDBBAQNWSUWGN-UHFFFAOYSA-N,0.5808691676200769,0.35112980000000005,0.4833071,0.6367773,0.2693181930359226,0.3660379630484831,0.4027045381609496,0.2904291547612295,0.3379666334942917,0.2636488953173746,0.4014011515679646,0.457216367385422
QEEJLLNYQOBRRM-KSHGRFHLSA-N,0.2287766395420827,0.40051066999999996,0.6664139,0.99978436534,0.6217299144418994,0.4560258169990667,0.3951909696651233,0.5734289020827184,0.5847734588040718,0.7296489707761107,0.3346344728370611,0.4180851782510988
AKHNMLFCWUSKQB-UHFFFAOYSA-L,0.0414738267402544,0.78074221,0.85783796,0.70175213,0.1742514434950402,0.2447757422462597,0.227639992094514,0.1644889462763671,0.2584156456434681,0.2038304537451857,0.3703096670493303,0.5017770731317361
KSFAMFKTRGJQKV-UDZSTSFQSA-N,0.3659390555248635,0.42915505,0.6468718600000001,0.9885881115,0.2817521780587805,0.3458838738188429,0.2834006763526452,0.2667133958404692,0.3010933047978484,0.339396828488037,0.0935696633850488,0.4090635531998462
OVBICQMTCPFEBS-SATRDZAXSA-N,0.0683281329051453,0.52423167,0.6362040600000001,0.93315365,0.1420317283675466,0.1252100820140641,0.297546003513586,0.1429004070028145,0.1126312700495865,0.1168994602302505,0.1608670502069529,0.3524039688925481
TZIRZGBAFTZREM-MKAGXXMWSA-N,0.1297388640285374,0.44355239999999996,0.6569073999999999,0.998920982,0.5123056048712455,0.3943643284861329,0.5765780216826105,0.5425434431016093,0.7376709156240235,0.7614158575339327,0.7433905586922522,0.4620826676574474
HTQBXNHDCUEHJF-XWLPCZSASA-N,0.2144723950834593,0.45086079999999995,0.65870765,0.99955935814,0.5767274290546619,0.517165818348833,0.4222705767736601,0.5897549248376963,0.7203240416491774,0.6825929289511169,0.4305603015369924,0.4389211769198227
NFLLKCVHYJRNRH-UHFFFAOYSA-N,0.1883754649395209,0.40185439999999994,0.3232402,0.36977930000000003,0.3699082693120458,0.1354342647192634,0.2733718961343868,0.3528858956942111,0.5840604489570902,0.4954562597331627,0.1673349894877434,0.2808284170791039
IFGIYSGOEZJNBE-KNLJMPJLSA-N,0.1013951454934688,0.7466272700000001,0.75289753,0.80261593,0.2590606913938768,0.4678517455306565,0.3889065927617971,0.2336371116207317,0.4138560056852837,0.3620931647319698,0.5306668846774949,0.5122799333285579
UZHSEJADLWPNLE-GRGSLBFTSA-N,0.0459936574466706,0.73236546,0.74002022,0.79010352,0.4288089452521264,0.5498585313974703,0.679273324760888,0.3985889802648737,0.4173109343739059,0.4726468387254394,0.600112690050029,0.5086457291914136
KPBZROQVTHLCDU-UHFFFAOYSA-N,0.8894075482692724,0.14374255999999996,0.07839154999999998,0.40005433999999995,0.4331813854256758,0.5951054389532632,0.7072896579943004,0.4482696491442166,0.47062045466761,0.5511256915138253,0.7865170586834057,0.45516640751551035
LZPZPHGJDAGEJZ-AKAIJSEGSA-N,0.064969878878343,0.70876977,0.69328886,0.68354195,0.232609493676369,0.2150501246399533,0.5755156568098233,0.2049376634576069,0.1701215034644589,0.1323293452393154,0.6562719023350557,0.49773100997498204
OHRURASPPZQGQM-ZHGVDQHVSA-N,0.0669450301049938,0.6290163,0.76403534,0.58201766,0.6490146412733042,0.6545595327122931,0.5747566016829838,0.7035952846016628,0.8243813322287974,0.816700896376619,0.7109947073298257,0.5183092910139591
ZHIBQGJKHVBLJJ-UHFFFAOYSA-N,0.1221251937455559,0.78203538,0.904970065,0.76790285,0.2758445182126001,0.1382328627286284,0.2381192264787869,0.2536531028427161,0.4294680441233422,0.4549371487507672,0.2957096853185918,0.5287039905906374
SFLSHLFXELFNJZ-QMMMGPOBSA-N,0.0475400281766133,0.7431396,0.83530793,0.6999764399999999,0.1387891211565093,0.1901559223397743,0.2795184058959262,0.1360907923198769,0.1673958343204314,0.1055102503227608,0.3056638847794289,0.4771419994652676
UCTWMZQNUQWSLP-VIFPVBQESA-N,0.0502801977949637,0.7041754,0.81971474,0.674953,0.1991178226212283,0.3121229410834383,0.3705032151630545,0.2531540145541058,0.3149633111129822,0.2630699934667006,0.3645070924576877,0.4761012545251379
AXOIZCJOOAYSMI-UHFFFAOYSA-N,0.0433217872345279,0.7042830600000001,0.73022532,0.7073157400000001,0.2012900531448395,0.117637656093196,0.1930005435572483,0.1813310556656627,0.1067383216662881,0.095703937815444,0.3265676204825569,0.4428512058347907
XNOPRXBHLZRZKH-DSZYJQQASA-N,0.0828864514274128,0.6054695999999999,0.67300907,0.85723835,0.7283521450733565,0.7577266209170148,0.699994705914822,0.7425975740707595,0.8384380583746374,0.8076936286337801,0.7305379471538759,0.4996389422896932
ZOEFCCMDUURGSE-SQKVDDBVSA-N,0.1501162028891484,0.53171444,0.64036447,0.993990102,0.1887437432650438,0.26162300378006,0.2370394475476295,0.2252536035818511,0.153254489535847,0.2908593604355419,0.1463920542182489,0.3771361669963075
GVEAYVLWDAFXET-XGHATYIMSA-N,0.0313108945024575,0.67620486,0.70057496,0.901688024,0.2402145264021286,0.2474681900781073,0.2542232277173145,0.2422301628449706,0.0970606018682373,0.1486807672783395,0.30283458956927,0.4225201939331712
NEYNJQRKHLUJRU-DZUOILHNSA-N,0.0505763023845257,0.65679994,0.67597046,0.84365942,0.2686330459744934,0.1923926181029597,0.2595422926136308,0.2661330317738925,0.1535833058974947,0.280463038018898,0.320013964487176,0.4202691758946489
QPCDCPDFJACHGM-UHFFFAOYSA-N,0.9257589050580024,0.22276130000000005,0.12188149999999998,0.7237872000000001,0.6891963864533228,0.7687854973533275,0.7261191808566451,0.7237482553426999,0.7919508739942763,0.8088996156713898,0.7345594800526158,0.49660440720477356
YKGGGCXBWXHKIZ-UHFFFAOYSA-N,0.0538174406653242,0.64324105,0.5840095000000001,0.5891407,0.1683436395992353,0.1663864122644147,0.1931655708137493,0.1653010497081882,0.4200097206011702,0.3666180849994016,0.1495970160662018,0.3625593317378762
UMMADZJLZAPZAW-XOWPVRJPSA-N,0.0679242998247282,0.6144658000000001,0.73711172,0.83430597,0.1696930517937001,0.1589832864005025,0.2865080011045099,0.1489167972865021,0.1537595758266217,0.052028046477745,0.4063354654055684,0.4416650998639686
BGSZAXLLHYERSY-XQIGCQGXSA-N,0.0283826239297992,0.6283942,0.6902550000000001,0.89214581,0.2152956752729897,0.2441238054472347,0.2395539216160248,0.2698646359361232,0.0738621276634782,0.0910433140877258,0.229170223823112,0.3942188711873526
YXSLJKQTIDHPOT-UHFFFAOYSA-N,0.1756384240512407,0.47710073,0.56489486,0.70196214,0.1323797714012891,0.132490161079494,0.1578571746575073,0.1061798831718874,0.0212933530029896,0.0285473378047557,0.0505035637788225,0.33287584209248955
KGWDUNBJIMUFAP-KVVVOXFISA-N,0.040217726515956,0.73169208,0.87050578,0.76676588,0.0305664845352922,0.1629493499151483,0.0286124126620905,0.0393881440549257,0.0487149321303032,0.0591719967074981,0.1456401331716112,0.4501517476394941
FGDZQCVHDSGLHJ-RYDPDVNUSA-M,0.0345368999203106,0.73907563,0.88683541,0.65895885,0.2237921708416079,0.1473456641342987,0.227639992094514,0.2326942677930672,0.3485942869740639,0.3286193715151985,0.3703096670493303,0.4984562003948768
ZDRRIRUAESZNIH-BZGUUIOASA-N,0.1149347452356452,0.6040367799999999,0.67584014,0.85007955,0.753298002152727,0.7450497347620721,0.7197906394291764,0.7545756435405424,0.8742202474000537,0.867274401090834,0.7679819204129886,0.516059725846597
TVURRHSHRRELCG-UHFFFAOYSA-N,0.9297289408656462,0.30942373999999995,0.26874149999999997,0.41579140000000003,0.6642688575193941,0.7117738075223309,0.6181377172898646,0.6660808655746944,0.6461818146799733,0.7099246320826063,0.7063423920068419,0.5520236834596728
ILVYCEVXHALBSC-OTBYEXOQSA-N,0.0994316632698235,0.6172289,0.6582064000000001,0.80206184,0.1984602945149498,0.1789796877720907,0.232188891000211,0.2053509829790596,0.0838857813278357,0.0253694547257061,0.0856135867849706,0.37957242320733914
YXRDKMPIGHSVRX-DLWUNYELSA-N,0.0703746790009786,0.6146202700000001,0.6799335,0.87355648,0.2081643881063911,0.251647302698562,0.2555352227094939,0.2727424488978192,0.0845798165176617,0.110066249984646,0.3946235070700927,0.42632808466596217
NARQNSNTFQZRBO-UHFFFAOYSA-N,0.8606617431000297,0.20104045000000004,0.21596473000000005,0.53359252,0.5657073933523719,0.4841346374278196,0.5162503396909929,0.5271836095919539,0.8259462735655667,0.8463715438226145,0.6501078830180128,0.47816436316031824
ALOBUEHUHMBRLE-UHFFFAOYSA-N,0.2143839085368139,0.4505447,0.33811515999999997,0.50438213,0.2457083042861598,0.2946417080936008,0.377784717147304,0.272048480299327,0.2113689799235861,0.1039160523586263,0.6362337660849035,0.3765956452501936
CZKPOZZJODAYPZ-LROMGURASA-N,0.0677226709452662,0.6685346999999999,0.69886035,0.7736671900000001,0.4452218508872481,0.5488973478858494,0.5225231416528622,0.4267903770406001,0.4904385718761263,0.4458185320730809,0.3824983324139598,0.4520514070273469
KXNPVXPOPUZYGB-IOVMHBDKSA-N,0.4433507328287518,0.5924882,0.6853041,0.72541547,0.2507677345065807,0.3127194841895543,0.2886024123222273,0.2270105021566794,0.134134836399245,0.2472617673084554,0.1493873923392122,0.4904174172907714
COKMIXFXJJXBQG-NRFANRHFSA-N,0.080254324477492,0.62827554,0.73297355,0.69659072,0.2094691596212775,0.1506551033170467,0.1836583248880795,0.2172743052965569,0.1079408886570662,0.1315165797369471,0.0512127986561667,0.391006963773184
QYSGYZVSCZSLHT-UHFFFAOYSA-N,0.188291030872073,0.7492143499999999,0.6792393299999999,0.3458377,0.2470150914219182,0.205158600180928,0.1867615133577384,0.2501197751746028,0.3016937059618771,0.2018262703168753,0.3284709887731648,0.48353096673270135
JKOQGQFVAUAYPM-UHFFFAOYSA-N,0.0851118731635578,0.6915543,0.8829705,0.73521456,0.1484769818622432,0.213076653232881,0.2505216016832306,0.1662096223363605,0.1976333141714143,0.1617704811979794,0.3279434418636776,0.4909362860477117
IKENVDNFQMCRTR-UHFFFAOYSA-N,0.1024342731291645,0.5486686199999999,0.5216959,0.46257013,0.1803439056912593,0.2127698869798028,0.3422140058193187,0.1898420679109146,0.1384049439428079,0.0935427406313196,0.605777989872352,0.41079259013880226
AQNDDEOPVVGCPG-UHFFFAOYSA-N,0.9064343628387832,0.29318390000000005,0.2128314,0.41512760000000004,0.4090338936450997,0.6281334729679535,0.6934909888659824,0.4119096491096178,0.5146959358795953,0.6038423743547991,0.6746303317762161,0.5144084942480444
DGIAUNUPXILTJW-VRWDCWMNSA-N,0.0928284355543572,0.7287960600000001,0.83962035,0.904786214,0.2331186486633886,0.2130111644218182,0.2225085419860629,0.2562338928286803,0.0405076756301171,0.0367323288572806,0.1178576077220042,0.45982322408238024
IMONTRJLAWHYGT-REGVOWLASA-N,0.0524780271985497,0.7022303,0.73690552,0.81609564,0.3239067504945873,0.4813813129537031,0.4138421458478679,0.2745843182848355,0.4015649222316418,0.4722596800255835,0.5330293427118764,0.4855765409562815
BPNZYADGDZPRTK-MAEUFBSDSA-N,0.5618141757728768,0.2911304,0.17841642999999996,0.25215614,0.2828096064310209,0.1980717024229815,0.418570534698025,0.2322496584630246,0.2495138768877094,0.1134736912560379,0.6150903031795409,0.39099166363089194
KBZOIRJILGZLEJ-LGYYRGKSSA-N,0.0523618143134998,0.64255375,0.66469058,0.8674012600000001,0.461141357803233,0.4797736474405728,0.4807326645003319,0.5052506298713939,0.4501705275199007,0.473681708755278,0.5823068744137239,0.4641586447217394
UIIMBOGNXHQVGW-UHFFFAOYSA-M,0.0705803431872785,0.6306648,0.79148617,0.69518295,0.1678752844299438,0.1344981796363205,0.227639992094514,0.1503019249318916,0.2902913975575957,0.2801868809946122,0.3703096670493303,0.4544666537958378
YIQPUIGJQJDJOS-UHFFFAOYSA-N,0.0838671258725715,0.38069529999999996,0.27229863,0.3713145,0.276429652664525,0.2558272633001616,0.3322926529695489,0.2601160159563165,0.0959177732116475,0.1036318564426632,0.2003537667638177,0.23537759774089595
DZGWFCGJZKJUFP-UHFFFAOYSA-N,0.058217599653278,0.61117345,0.6050520500000001,0.59708253,0.0937233409862697,0.1482825200852028,0.1604002750064395,0.1122028519389206,0.1308065005440312,0.153134471847159,0.3730130953980587,0.39438933330338566
VVIAGPKUTFNRDU-ABLWVSNPSA-N,0.3737464439084096,0.46838652999999997,0.5594368599999999,0.66947573,0.0853089003968422,0.1652778521252038,0.1300101859961819,0.0826246763463793,0.0709680346743855,0.0741758838143564,0.1876968491673435,0.4056886647871961
VWBBRFHSPXRJQD-QNTKWALQSA-L,0.1148202675326122,0.71755022,0.7178490799999999,0.7254540300000001,0.0997879516543141,0.1959765115239612,0.122026505974924,0.0972137009257999,0.0787475664555801,0.071350075155768,0.2113393685404024,0.44101484055093454
BLJRIMJGRPQVNF-JTQLQIEISA-N,0.2529604128828013,0.6112926000000001,0.60158676,0.55106133,0.6396708779547405,0.6658311379831383,0.6277915801856304,0.6285864538331523,0.7691597195669035,0.8143001560306962,0.7316420831312183,0.5273091684553364
TZFNLOMSOLWIDK-JTQLQIEISA-N,0.3354879498041715,0.72770324,0.7804790699999999,0.69089848,0.5284067741252807,0.5657759407157567,0.5406561509168294,0.5380127394722467,0.6846813480200425,0.6237308475599224,0.3579849778382293,0.5633012374713484
WVLOADHCBXTIJK-YNHQPCIGSA-N,0.0614614674912837,0.74275818,0.75368318,0.7621158,0.6550079311170828,0.6093996459875131,0.633021590745364,0.6424018063107759,0.7750213517262059,0.7848972239895097,0.6288557803793545,0.5303378987982333
RRUDCFGSUDOHDG-UHFFFAOYSA-N,0.0959906839078341,0.59445602,0.6552677,0.5703967999999999,0.2699917734350536,0.2180690236802126,0.2477226282732711,0.2896222854554729,0.3461494021508623,0.3585796837497993,0.3671271135341752,0.41942477462127714
CYQFCXCEBYINGO-IAGOWNOFSA-N,0.0624694864850731,0.65837663,0.78055981,0.65915743,0.2147024596024765,0.1732533314906558,0.2649304634706171,0.2478704898938825,0.2599152395620617,0.2296436335424977,0.2429393670688673,0.4377021396058357
IKBKZGMPCYNSLU-RGVLZGJSSA-N,0.5537784896724632,0.6936839,0.6591931,0.6176616500000001,0.3756438891375086,0.4976093412823666,0.4578658829625171,0.3531186469067457,0.666754566441793,0.4548535843111519,0.4728217763593481,0.5975718211394723
FBOUYBDGKBSUES-VXKWHMMOSA-N,0.8203227216509209,0.5719571,0.69794375,0.68650016,0.6620828743198277,0.6764051402153289,0.642352910034428,0.6865452449265358,0.7551947133673489,0.8125486080007251,0.7364430971080989,0.7054029631692853
CPZBLNMUGSZIPR-NVXWUHKLSA-N,0.8326692718582264,0.60385594,0.71723032,0.67419696,0.6898835894009571,0.7326464238281317,0.6878067397883082,0.6633782123644625,0.6402626667924944,0.62547397552263,0.7608957803571348,0.7272406482606375
DNXHEGUUPJUMQT-CBZIJGRNSA-N,0.051136336035471,0.75036165,0.76542339,0.7540800599999999,0.7715752230773665,0.7397169775874468,0.7802266526045926,0.7960561442682932,0.7852196328865787,0.8010407565494599,0.7111082931993095,0.5505541813876318
MOQADKPFYVWPSE-UHFFFAOYSA-N,0.0724267379726966,0.7174725200000001,0.82336067,0.74472028,0.2937003386358505,0.3943649560804171,0.2346737638170726,0.2992184680902481,0.3318595047846349,0.2957245822097824,0.3277234441636806,0.48241504946860025
VIKNJXKGJWUCNN-JBKQDOAHSA-N,0.0350131049297276,0.72785258,0.74820584,0.79444191,0.7119270755129852,0.7547175356160184,0.6388278283190657,0.677506441408708,0.7697117258139339,0.7343242459662597,0.652331387554979,0.5231770562290255
OROAFUQRIXKEMV-LDADJPATSA-N,0.8575160247713006,0.6698442,0.6549906999999999,0.6446586000000001,0.6288476610989528,0.6180520474614081,0.5888555528550499,0.6487747034351355,0.7780409219879125,0.822207200117277,0.722427111830805,0.7255642570443173
GYWMRGWFQPSQLK-OPHZJPRHSA-N,0.0626070475642828,0.69177723,0.71146506,0.77468045,0.7222026707666488,0.6737665332050349,0.7865693981872925,0.7133627860665154,0.8421870432237757,0.8376833779606204,0.7863901088658044,0.5353805018543775
QCHFTSOMWOSFHM-WPRPVWTQSA-N,0.2230230047784821,0.7252050299999999,0.78720507,0.6930942,0.661666250707833,0.6600814676007041,0.5954651343168453,0.6645924950789746,0.7592340583354502,0.7314938319518646,0.6607550182527473,0.5855434672948827
OELFLUMRDSZNSF-BRWVUGGUSA-N,0.1631322707842243,0.77277052,0.81961098,0.76549914,0.5759774203091675,0.6057551419066206,0.5038566967777687,0.6326566963727378,0.6601500423472422,0.6800651595717339,0.3723997151195426,0.5394894107646061
WDZCUPBHRAEYDL-GZAUEHORSA-N,0.9147502766491724,0.5053597000000001,0.62581617,0.73490402,0.72409252872299,0.6563218939466484,0.8255253386836799,0.6872589726208036,0.8656078712085701,0.8568185415894221,0.7767462692034441,0.7064701548322185
YXPVEXCTPGULBZ-WQYNNSOESA-N,0.2553000901238121,0.73402733,0.73036027,0.7213885,0.6870575771559694,0.2687843382287853,0.628669282843509,0.7014728265381162,0.7713589791385426,0.7884291599868196,0.7127868541521022,0.5913541308068571
FPZLLRFZJZRHSY-HJYUBDRYSA-N,0.6358742188094447,0.5213841,0.6393587000000001,0.6718853,0.6081578005745675,0.4377857436579174,0.5964915525562159,0.6483168115868229,0.7963164041746422,0.738107375606021,0.8081706276437177,0.6342213183894228
GCKFUYQCUCGESZ-BPIQYHPVSA-N,0.1600946820678201,0.7151780999999999,0.7490039,0.8224457000000001,0.7541845595838154,0.7530132761499637,0.7985279837427325,0.7803213255258593,0.8436119612190995,0.850829728731698,0.8299654537421842,0.5869143596461326
MLBVMOWEQCZNCC-OEMFJLHTSA-N,0.852236271530702,0.69589943,0.7462471399999999,0.8055708699999999,0.7404113827986272,0.709819349637151,0.7330487180824667,0.7543861442905494,0.9069320350593758,0.932553123191393,0.7871293538234881,0.7698514743699463
DOMWKUIIPQCAJU-LJHIYBGHSA-N,0.1617820373275606,0.6914967599999999,0.7147747,0.83116949,0.3417392070112165,0.5396364983524297,0.4945677186575266,0.370507538732689,0.502365991053256,0.5901832731611808,0.5372063782023794,0.5100391649863589
ROAIXOJGRFKICW-UHFFFAOYSA-N,0.1010547697938269,0.1783536,0.09719496999999999,0.43194234,0.1563540915700029,0.2636940150632454,0.2600109164850417,0.1440206505443906,0.1914839633168726,0.2081687717566048,0.3530420592263489,0.16305436490826516
SBNPWPIBESPSIF-MHWMIDJBSA-N,0.0812038523124044,0.6116059,0.65155858,0.936584644,0.2619253024355559,0.1748185189402811,0.2918014982055084,0.2176532653494622,0.3038607061593618,0.298300290360862,0.2924849970436454,0.40681920394107784
POGQSBRIGCQNEG-UHFFFAOYSA-N,0.4585316675738975,0.6096314,0.44603543999999995,0.46819805999999997,0.24136602970216,0.2553175251374558,0.2282923441244444,0.2352996709059896,0.2565027020311042,0.3280059417837471,0.2434756698247338,0.45012958944174225
IQFYYKKMVGJFEH-CSMHCCOUSA-N,0.0775077508011584,0.7561603299999999,0.79165295,0.7068029,0.7951238125494384,0.7575693064806637,0.7109997477239093,0.7517382733186021,0.769288141708744,0.7560937403456349,0.7013612875339776,0.5649177395220802
XUJNEKJLAYXESH-REOHCLBHSA-N,0.025656179589279,0.74606168,0.82873075,0.7339853599999999,0.2872898927454622,0.2543965284596541,0.0982620937564347,0.2352727742867896,0.3083004928833791,0.3757637829936667,0.2648607713897709,0.46621761073855056
YFGHCGITMMYXAQ-LJQANCHMSA-N,0.1131456647041615,0.73806995,0.56229228,0.72663403,0.4103660178653537,0.3566867501195042,0.4375444579490321,0.2304411089743065,0.1823858819135138,0.5343969247516629,0.4923641395171537,0.46216089018229595
UFUVLHLTWXBHGZ-MGZQPHGTSA-N,0.3839272271431199,0.743347,0.82498983,0.894038856,0.7399281145775887,0.7478518386423973,0.753812512971882,0.7609789226400421,0.9264959679365816,0.9074923875858492,0.7965506873666979,0.6713783374732971
YWXYYJSYQOXTPL-KVTDHHQDSA-N,0.7967440652588463,0.77114108,0.84913811,0.78772528,0.5779107453829684,0.7080109066476382,0.631254243890785,0.5562279245421335,0.3778100416075061,0.4367972392672313,0.5814729853006092,0.7613937864447402
LZFZMUMEGBBDTC-QEJZJMRPSA-N,0.9359121745859056,0.72761312,0.8106327,0.78255665,0.8593608543616785,0.8891615275397111,0.909493752713209,0.8478130250704653,0.9054306104414486,0.9253738056922658,0.842481236227647,0.8327659534858616
XAUDJQYHKZQPEU-KVQBGUIXSA-N,0.2506233388929695,0.7475787,0.76495333,0.7037757,0.8152296935034552,0.8445165082530407,0.7361491672103821,0.7877411214457782,0.8911659287969643,0.8737633205507692,0.8001103981114772,0.621486581165618
OWAUGAMNPZHEOJ-YKZVIGSYSA-N,0.8663415719589419,0.5588176300000001,0.6507015,0.9140434,0.5936215041220113,0.6446964094158268,0.6564019629060088,0.5951040991749147,0.8031384379356976,0.809871384930565,0.7043473096675138,0.6955950513551005
HKXBNHCUPKIYDM-CGMHZMFXSA-N,0.1737741557346623,0.73735905,0.76422599,0.8069334,0.6204505425254895,0.5905350900795554,0.5355684027105417,0.6379780309851185,0.7792829560452919,0.7891861541377458,0.5703217395917217,0.5522782207811671
ZDXPYRJPNDTMRX-VKHMYHEASA-N,0.0677198935594364,0.75703573,0.8494350900000001,0.75732097,0.4328478597556602,0.4310361167371396,0.2527167800731821,0.4541932493228476,0.3799078341199027,0.3156794245872706,0.2580726531252843,0.49123613794669013
VOBHXZCDAVEXEY-JSGCOSHPSA-N,0.7903341448161271,0.77643952,0.8338435399999999,0.7472106199999999,0.6290786192313003,0.5983031114347946,0.4438509710619289,0.6134031679182296,0.711443004254932,0.7393877134524605,0.3132694382283465,0.7137629505907304
JBKPUQTUERUYQE-UHFFFAOYSA-O,0.2887939253976573,0.56324655,0.53526482,0.5839382,0.212363173341616,0.1748262573520389,0.3195820558511619,0.1907935439962267,0.3627786021490075,0.3292669624573289,0.3480233818657514,0.4304879226578126
DEXPIBGCLCPUHE-UISHROKMSA-N,0.5263132252863053,0.5969156600000001,0.65336138,0.8220608,0.9522881616418492,0.8583350923578161,0.8807695454923075,0.956294422259424,0.944188043231685,0.9565035966073768,0.8762257870837358,0.6500249769933343
OUJTZYPIHDYQMC-LJQANCHMSA-N,0.3057611793001413,0.70848176,0.6910849,0.66727743,0.6164816221272512,0.6007931077227147,0.5558177450571103,0.6355335537563785,0.7196439649049088,0.8004916054580491,0.6614642074401204,0.5778046286932649
XMXHEBAFVSFQEX-UHFFFAOYSA-N,0.2007495202910641,0.38347255999999996,0.33432320000000004,0.54321972,0.2485164553092753,0.2780899235819192,0.3169760423909487,0.2638033305265649,0.3183087891337933,0.4482295928083047,0.3235971405679429,0.3043118335445968
PNCPYILNMDWPEY-QGZVFWFLSA-N,0.8426413469319652,0.5950201500000001,0.59149027,0.6314717000000001,0.6705637159477648,0.6837172015957605,0.6443883170373328,0.6806968028155517,0.8742931529684496,0.8997535039032725,0.756901494765272,0.6930335693330768
HZEQBCVBILBTEP-ZFINNJDLSA-N,0.110485370871913,0.6531121,0.71068814,0.7363397199999999,0.8126122054758421,0.7155002249269299,0.8052640146821415,0.8349323721084085,0.9008690427614208,0.8674545623945195,0.7373680750342554,0.5341131536667332
OJLOPKGSLYJEMD-YCVNZHGXSA-N,0.3480211368714289,0.74854547,0.8328148,0.8138489,0.633969445325121,0.5833783559214251,0.5754136237776237,0.6232846446369686,0.7677723971604602,0.7850466701394281,0.6462369345966231,0.6355754333834489
RGHAZVBIOOEVQX-UHFFFAOYSA-N,0.5963308567983954,0.23739827000000002,0.16199492999999998,0.46137700000000004,0.4021656961101497,0.533113015176003,0.6708435110368725,0.3877290611980418,0.4665867736822341,0.4823232110325364,0.7772961598346485,0.41490398087278746
KAQKFAOMNZTLHT-OZUDYXHBSA-N,0.0537877209861268,0.74567485,0.8282849,0.83797786,0.6216138216649929,0.6806342859577589,0.5942101099891983,0.6961976524603304,0.7734345372293134,0.746653907070498,0.5677806626745799,0.5374105664140015
PBJUNZJWGZTSKL-MRXNPFEDSA-N,0.4316163304736519,0.48794496,0.6070329999999999,0.66647238,0.7205279897546183,0.7247401980877834,0.6382886709171279,0.6613425448534852,0.8313610969463164,0.8600420782184506,0.66742098078217,0.5406237586544403
BPKAHTKRCLCHEA-UBFJEZKGSA-N,0.7940119818483676,0.7375537999999999,0.76042399,0.79727796,0.6564686375436578,0.6028849762538301,0.6019220385624923,0.6735409773606806,0.8286747073687539,0.7881355705149066,0.6720508420359821,0.7453518449561521
CUHVIMMYOGQXCV-NSHDSACASA-N,0.68203175817102,0.65291858,0.6697557599999999,0.5364571499999999,0.5416626759736137,0.3097252775825066,0.514172655483155,0.4964304590843588,0.6003263399243537,0.558763176645043,0.5982988329712643,0.6521519262839087
ASUTZQLVASHGKV-JDFRZJQESA-N,0.2641522625221471,0.67853993,0.75758481,0.69641113,0.6894882643647835,0.5871676021058845,0.5995393864040672,0.7118459046676681,0.7695306775718709,0.711893571111132,0.652995763120258,0.5772767944692624
KMIPKYQIOVAHOP-YLGJWRNMSA-N,0.9497122225473692,0.42192810000000003,0.56740564,0.6879046600000001,0.7177552487844261,0.9021287571692022,0.9298444217059246,0.7257219106725469,0.8529062110328796,0.939495101968444,0.9483285730536896,0.708172869775589
ATALOFNDEOCMKK-OITMNORJSA-N,0.8314507556756041,0.7166807399999999,0.68098956,0.65112633,0.7269697428219017,0.4791754804043843,0.7045277064448786,0.7182031182512542,0.931379058743447,0.9133997583377584,0.7382932964806821,0.7434937819560706
RUOKEQAAGRXIBM-GFCCVEGCSA-N,0.0455881825066907,0.6639031200000001,0.79208457,0.6460992400000001,0.4890512539830253,0.4944417479499075,0.4589685858949532,0.5099472371217763,0.4484828837042242,0.4416712676211277,0.4733952653306857,0.48445256195767633
FPKARFMSZDBYQF-ILKKLZGPSA-N,0.6635030117062056,0.70848784,0.84238614,0.75016804,0.6551579958805489,0.68671661864823,0.6830758810088449,0.6457336123547238,0.7023546539710904,0.6746052150106622,0.7806396516936177,0.7406942865308535
HPNSFSBZBAHARI-RUDMXATFSA-N,0.8895019023919026,0.60744777,0.57278055,0.68272406,0.751028459224993,0.7384586788773598,0.7635231861358664,0.749803946450482,0.7496752259990637,0.807734035149337,0.7365731793892312,0.7048896755857933
XOGTZOOQQBDUSI-UHFFFAOYSA-M,0.0881261027662234,0.66867614,0.7582809,0.66785774,0.5346569374191437,0.5017251341804836,0.4892107846920692,0.5400284573380101,0.6140779230861653,0.5681739715982255,0.3808701438092222,0.47570603095609065
UWWDHYUMIORJTA-HSQYWUDLSA-N,0.7923263054190084,0.64978868,0.70690465,0.76344009,0.636840371501569,0.8257038326509599,0.8606266171711441,0.4158970036875785,0.7964026934370801,0.8248244014754387,0.8965873104879005,0.746390900286565
OBKXEAXTFZPCHS-UHFFFAOYSA-N,0.1833379603108046,0.64235467,0.6472095,0.6635076,0.0725798065566134,0.062892691742079,0.1729152362568475,0.0599457353562247,0.1660057803869679,0.1763191690533887,0.4262417175140028,0.45686970305538055
NMZHCXSFHMFKNQ-JTQLQIEISA-N,0.0709466471853329,0.63813823,0.71956792,0.70092803,0.2897039036988872,0.1761505819275993,0.2655043201989073,0.3036836233875175,0.3535247786591429,0.423391217979725,0.3838921514411741,0.4437540811648153
YLBDHHKLJYSCEH-UHFFFAOYSA-N,0.1155887767634713,0.4693121,0.344897,0.56922612,0.2673540385026902,0.2705663548162911,0.3145328450209942,0.2757913848436625,0.3921891048940744,0.3565140212100895,0.3639438583968957,0.3116008608695171
OMBAVVWDJBOQIG-LFIBNONCSA-N,0.1522903584734799,0.60443598,0.5596014,0.6388294400000001,0.2574921418188086,0.2627622289256967,0.2995147623526034,0.213909092047484,0.1924804166541075,0.410275794846255,0.3652094914081429,0.41249908691988396
DATLCQIAVKGFHT-JAGDBARYSA-N,0.2017883272174747,0.63950974,0.67224997,0.67568636,0.2514760861639504,0.2627622289256967,0.3069719491619088,0.242466986215449,0.2941462350325318,0.4475937373737869,0.3522178851997278,0.4629168227194834
UQMZRNVNHHEEKU-HEKOIHICSA-N,0.1794110419850762,0.65763503,0.70368987,0.6995930699999999,0.2152141895748015,0.2690101963486231,0.3069719491619088,0.2629788546843957,0.2396529131114175,0.3954112112573941,0.3522178851997278,0.46832224005698203
WJIWWKMTCQJEPQ-UHFFFAOYSA-N,0.7493419942730656,0.29154634,0.2276591,0.41606206,0.3139278172495372,0.3575480822056084,0.3651706466257147,0.267049744747042,0.2988124523053109,0.296972701396904,0.4650953893933209,0.43376008876532524
ZBPKNQIMVQSMLB-UHFFFAOYSA-N,0.5856726698602723,0.28240955,0.21955924999999998,0.4031331,0.2859885887348112,0.3500360650215609,0.3752574614502243,0.2993045891861228,0.3554515925834387,0.3978735181416455,0.3781343406735651,0.3682057139464241
ADEBPBSSDYVVLD-UHFFFAOYSA-N,0.6098509631825636,0.29781835999999995,0.23114069999999998,0.41664636,0.2982421508639777,0.3612681572208758,0.3383193479745594,0.2750525476705518,0.4901397998853947,0.3817044324563547,0.4204559287116683,0.3887986629439176
STECJAGHUSJQJN-ODICJLLRSA-N,0.0497506273338418,0.71642315,0.75568275,0.81040446,0.1023535200642281,0.1328239492002528,0.2023605145933599,0.0890913608524204,0.0887498083482622,0.0595703354769422,0.3148517641981019,0.4496414583770764
RBCUOKGPVVSZPC-UHFFFAOYSA-N,0.2756742819009505,0.4555043,0.37011755,0.40875494,0.5572191394108538,0.6113664161707963,0.5969254355313701,0.5430648264694244,0.6806767839906208,0.7671149579533034,0.6401145305855233,0.415938145315849
PZCZTZBJZZNGCF-UHFFFAOYSA-N,0.2331250191399084,0.45447624,0.36899024,0.40867580000000003,0.5297383086558035,0.5583404986974115,0.6686620378664234,0.5520602394517268,0.6076058233945903,0.6713070151585318,0.7196522848000965,0.4158704264154212
ZGAAIHOMEBTXHT-UHFFFAOYSA-N,0.2089807927890307,0.4896661,0.38810310000000003,0.41854389999999997,0.4772688743865632,0.5147725113422138,0.559745560707189,0.470330707838337,0.5875880610820294,0.6453780687665056,0.6483340819447838,0.40888631175374224
UGTJLJZQQFGTJD-UHFFFAOYSA-N,0.1575267503625647,0.3347694,0.2573124,0.36695015,0.2803471138311187,0.2354069136431481,0.2823092017873783,0.2883323065489707,0.3179232257290377,0.3598324124231725,0.5445959844956112,0.2954225443545595
FENWEVRRFMFDBS-UHFFFAOYSA-N,0.5070332472775,0.3412746,0.34213269999999996,0.33767426,0.1960773396094114,0.207376969083801,0.2757919163890907,0.1744768152770113,0.2274959835250905,0.0600401251170768,0.2060184817066735,0.36184370993440695
SDHTXBWLVGWJFT-XKCURVIJSA-N,0.0527629935700405,0.69329482,0.71913782,0.88615893,0.2733431281541061,0.2497299257529384,0.2993347539988624,0.2239590334575866,0.159275628169835,0.1181528412460768,0.1343178784054882,0.4123183880125054
CFQNYMABKIHTOD-RNYITTTKSA-N,0.0584631339513274,0.68469694,0.72283444,0.8643187,0.2807522005183019,0.3284198940784965,0.3157348061711083,0.2519114175985565,0.1334170262195377,0.1535853221157573,0.0994907134218203,0.407556316242009
CZGDVPSYIOJAFZ-GYORETASSA-N,0.0880957878860343,0.67409518,0.7060466400000001,0.880095385,0.2349056162099949,0.3226157790325038,0.3031061961100082,0.2522264014935921,0.168942991395068,0.1167810875675834,0.0685219119644507,0.40238673110869055
DBEPLOCGEIEOCV-WSBQPABSSA-N,0.2015925126957708,0.67949829,0.68216223,0.78574088,0.7006474457546595,0.7593229694453628,0.7010343127137781,0.673425618852326,0.8208919208077611,0.8414572152117323,0.7342985523453368,0.5541882652171004
XIQVNETUBQGFHX-UHFFFAOYSA-N,0.2192442338188765,0.2974639,0.21933480000000005,0.4618825,0.2031397965205746,0.1868162737499797,0.1653220131493556,0.1621801372572972,0.0699853358431843,0.0405767348267029,0.1370241488644259,0.22485279701387478
WIGIZIANZCJQQY-RUCARUNLSA-N,0.8743067713025289,0.5479436799999999,0.61740437,0.6107716000000001,0.7241536676275874,0.7329564371206125,0.682790948198481,0.7040773519079836,0.8731153384347039,0.8797681842692906,0.8561496483540432,0.7148510100849472
ZBBHBTPTTSWHBA-UHFFFAOYSA-N,0.4250572974274957,0.17633500000000002,0.09176720000000005,0.37766665,0.4799863075113082,0.5039526514698814,0.4817140627543968,0.453532538494268,0.7011682154746466,0.6793365616694068,0.5023331194425513,0.2889677847497692
ZEWQUBUPAILYHI-UHFFFAOYSA-N,0.7193979554174391,0.368011,0.24341449999999998,0.40759265,0.5184870333618452,0.6817260905155702,0.6863491616296371,0.4561888608823468,0.5787010800084214,0.764293842188646,0.8564432054044009,0.5206315092021003
PAFJUCOAUUKTIT-RUCARUNLSA-N,0.0837829847294164,0.7503048999999999,0.6935285600000001,0.64253497,0.2035001032051545,0.23532107994351,0.2347521440671088,0.2042332287964941,0.1216217674793577,0.1750743677916076,0.2812284290231877,0.44948972502208895
AYFWLPGJSGTYDX-SMISYTGVSA-N,0.166261961786408,0.6317174999999999,0.6786664,0.86964245,0.1977978502135532,0.2996561444436982,0.3148379095188925,0.2321161155865706,0.0546493292543368,0.0484380322564886,0.1896619932777359,0.42500035929700686
KCCGFZWBVFNFGW-UHFFFAOYSA-N,0.1113244465908925,0.470484,0.31036025,0.60781962,0.2543062874885399,0.320158654218598,0.3713430406911575,0.267825596745061,0.2108978423347054,0.1417686015745698,0.424176844518993,0.31135457637839103
AIETUBHCUYNJHA-UHFFFAOYSA-N,0.0917202815307057,0.31176454,0.22119886,0.48638475000000003,0.2128660303719853,0.237300117709103,0.2336747934539093,0.2359403439396652,0.0428892328221763,0.0495988230967436,0.1196951346273212,0.1909448385252314
VJMQKZDATXNVBK-OVCLIPMQSA-N,0.0779625449324368,0.68586472,0.6370163,0.56622306,0.1776002862834418,0.2201273227980984,0.2469874763360395,0.1883509365760267,0.0644292705903561,0.0810625387461026,0.1401088886404448,0.3934306657184963
XAZAQCSIQYKFPW-VOTSOKGWSA-N,0.1762083706302783,0.48770389999999997,0.4127389,0.38923264,0.3118657102995467,0.2339086209377928,0.3543008545456326,0.3185708260621414,0.3217546399077415,0.5904052150760285,0.548350207454411,0.38256760992493993
QGAOIYQJWPHBSD-OSUBEBGDSA-N,0.1519073830272308,0.6015446,0.6449252,0.9038219,0.323132944265833,0.381616714367584,0.3149291138654572,0.3269403236567193,0.3599066221815671,0.4176248439773501,0.1155791330123491,0.39640476467122104
LKPKDKDBZLBUIC-MUUNZHRXSA-N,0.0731311597968285,0.7037583000000001,0.60948402,0.6492683,0.2175209517806336,0.2122095728945449,0.2408916549119779,0.2613782206856379,0.2188670324676883,0.216780857977905,0.1119379248546678,0.3859736852836847
BKRZYDXKJLEFCP-CTHHTMFSSA-N,0.0451627441741263,0.73311317,0.7039426,0.64453882,0.225152429371784,0.2485620895065134,0.3229815420308287,0.2498411423893892,0.1680076392570201,0.1777345571037095,0.2362369146444931,0.4312516831516983
SZHDFZYDTUBTCE-UHFFFAOYSA-N,0.1881005278867211,0.36155020000000004,0.27399355000000003,0.38831912999999996,0.220241964852446,0.2902934708597057,0.2699126583944483,0.2673860905887566,0.306870881103145,0.3879334323886989,0.108495150469481,0.24356811016664132
RODNKCMKPZCZKG-UHFFFAOYSA-N,0.0847642984595291,0.5126098,0.47590140000000003,0.56269154,0.2229686040548786,0.1938732534205847,0.2712442461566903,0.2269879646997028,0.3708928430647321,0.3367411498521963,0.3470456909940693,0.3438540321321968
XFRYFTSUUZTQBM-NRFANRHFSA-N,0.056914676694233,0.6510104999999999,0.6783899,0.6498104,0.1864814818704604,0.2524843129897625,0.2442851720660929,0.1738370397277744,0.0190623392026788,0.040274770454506,0.1718437698547908,0.3948921706630215
RUEULZNGJZLPLJ-UHFFFAOYSA-N,0.1573495008529143,0.47019064,0.35966220000000004,0.47760934,0.281650941198427,0.2628781159454048,0.3623432073372618,0.2724672999199066,0.6546548036074119,0.5240073151835325,0.5180518531528586,0.35310547040427986
ZGKWGZIFSZMXLW-UHFFFAOYSA-N,0.093248707112391,0.76264699,0.7463609,0.70050868,0.1532553445330904,0.254415746919539,0.2027274536909539,0.1954336241442233,0.1557768536588632,0.162995540380963,0.1339230396356412,0.4438256339237843
JIZGLOVJKCSHTH-HNNXBMFYSA-N,0.0417584497496907,0.74883872,0.7262930000000001,0.61552992,0.2479177186482559,0.2031872175427388,0.2689770826212663,0.2094731652162017,0.2058862550347726,0.1657896773287039,0.1990225265589294,0.43437734813584905
AVQNAJUSQIGOFZ-UHFFFAOYSA-N,0.0690811798123928,0.6017217,0.6246878499999999,0.67629305,0.255062104066324,0.255272693198117,0.2592954190873804,0.2348450754217214,0.1363714047603097,0.0509525422249552,0.1484004578432348,0.370237408444921
JMZOMFYRADAWOG-UHFFFAOYSA-N,0.0822677233289105,0.4550208,0.41121733000000005,0.59485063,0.3066252895514735,0.2457215109966282,0.3054365755192399,0.2970512959464181,0.2487632753805327,0.2820441390981222,0.4285421988005757,0.32747171652442103
ZOCBBCHDTYVHNA-UHFFFAOYSA-N,0.0904719149188699,0.70365572,0.52049094,0.6535939,0.2586934982759468,0.1667415238421061,0.2999199034137668,0.3055784806103007,0.3178718867282805,0.2690596163534517,0.345073206366093,0.40650305806219816
GPALGDRJIKEOCP-UHFFFAOYSA-N,0.0826672097990397,0.60822064,0.59810153,0.5925631499999999,0.2058062546576823,0.1868991115882331,0.2135589727664679,0.1900943673207403,0.0833206790702917,0.1193986860510812,0.1360183330781603,0.3647957670744421
ZGCUNWCQTGUFEY-UHFFFAOYSA-N,0.0797422067498642,0.59302196,0.57346076,0.58277243,0.2364005797190631,0.1873750101844155,0.2120788600917587,0.1932135822558089,0.0417234039528944,0.0980631556867601,0.1186015621125648,0.3517687872016899
BJFYZXFBLILYCC-UHFFFAOYSA-N,0.0728214172759522,0.6317247699999999,0.6151415,0.60088193,0.2202021539273834,0.1868991115882331,0.2237390984305641,0.1758868167492726,0.0778746812511402,0.1241951173392092,0.1339462207466861,0.3726343962786812
URVYAXDYHABEIN-UHFFFAOYSA-N,0.0773661678714133,0.59876642,0.618255,0.6060959,0.2261499115679021,0.1929151260143992,0.2245569962017261,0.2142355172090981,0.1729103459074534,0.112674002149314,0.2777196169704131,0.38960587137895314
QLZOMVMIDCLEQL-UHFFFAOYSA-N,0.0770688327104119,0.6243840199999999,0.61862,0.6042513,0.2266884423203035,0.2649672791560502,0.2042166442524334,0.2123233181848998,0.0912747707550915,0.1185410893093997,0.0692229090286436,0.36256683565633996
BVSQLCFNQFIAFR-UHFFFAOYSA-N,0.0772909455218476,0.58936787,0.5968705999999999,0.60163653,0.2257287855139794,0.187184258056384,0.2092273489652321,0.2361821743544796,0.1014870011599823,0.1009525829815898,0.1205922621414987,0.35628895778648273
UFYVKAIXDMFURB-POHAHGRESA-N,0.0645489503211091,0.63411516,0.72422487,0.47928780000000004,0.2194807153798735,0.2100673517779062,0.1949739309454037,0.1991274180347542,0.2742987740604006,0.245267865802993,0.1962119847221751,0.40931613751539664
YRPCEGFPKMQCHL-YHYXMXQVSA-N,0.0573702362808601,0.63648677,0.73600206,0.46758120000000003,0.2535712135122759,0.2173504247224218,0.2382477245314605,0.2572809527030136,0.4515265835215322,0.384817737338537,0.4105437442223179,0.44671255421258266
JMLUECUVEMXFOZ-XGICHPGQSA-N,0.0808423053071916,0.5972147999999999,0.6845683499999999,0.4616266,0.2997872715087247,0.2118937316480548,0.204651064203652,0.3045980351274801,0.4507064369716895,0.4210825303164291,0.2217607336622321,0.40080478459043317
IRKMSULWLDLTIK-QZQOTICOSA-N,0.1185533255498538,0.38404894,0.3390529,0.40911007,0.2818553886500063,0.311257644632749,0.2005823026092657,0.2605978732649157,0.2121965315492855,0.1878995656237617,0.1106796153501528,0.2482372790433677
XJILVKAKWJZWEA-UHFFFAOYSA-N,0.5923237238662263,0.20282730000000004,0.13014793000000002,0.31952159999999996,0.2552422853921568,0.2757269065650776,0.3483660157434732,0.2603453864963402,0.2026722269534364,0.2088164106357829,0.2681819353095516,0.3076481312826452
QYIDTLNEEJCIJR-UHFFFAOYSA-N,0.1506040040135773,0.421411,0.35465919999999995,0.5385350600000001,0.2443471328357096,0.1579292016233661,0.3153877545444726,0.2485421981630945,0.2378121177592367,0.2149705455304088,0.2915591213741848,0.2997531558268274
GWPNWCJCDDXBIK-UHFFFAOYSA-N,0.8380155040208388,0.36664280000000005,0.31160516000000005,0.4844938,0.2987391538778196,0.2965627391986645,0.358018140016938,0.2979841037651518,0.3877884076938448,0.4404736200128705,0.4860351118815009,0.502831896685074
IPBGKKBBYNOXCG-UHFFFAOYSA-N,0.2917035915613294,0.50062618,0.50665888,0.4276854,0.2567834643740243,0.3354833793904064,0.3953638427196981,0.2460178076468311,0.0919904916783767,0.1596346366525037,0.5540675891182439,0.4429972271617393
KHOYJMNYQSPWLL-UHFFFAOYSA-N,0.3629069495664723,0.37545530000000005,0.34421766,0.40459310000000004,0.267716789501521,0.3681727380916775,0.304059872147362,0.2361033234668101,0.2135302280304333,0.2947026312176371,0.3809762650272592,0.3605563701653697
QRFIASHLIJORNJ-UHFFFAOYSA-N,0.3426946171756651,0.4139406,0.35407984000000003,0.40750635,0.2522203258063802,0.359655381420195,0.3196151384342141,0.2558464687393769,0.2233195704239774,0.2661232187673614,0.3851189161142874,0.36747129827061303
KVWCKPHSPHBDCS-UHFFFAOYSA-N,0.2302845021027369,0.4039382,0.31522244,0.53898367,0.2826449707829285,0.3392932167818555,0.4451122049985235,0.2617174853425562,0.3925070093695215,0.258377786397405,0.7126730481646416,0.3773066432760974
VHTAKIWHILHOCN-UHFFFAOYSA-L,0.0878520190473275,0.41917099999999996,0.46959340000000005,0.61227593,0.2073470251018857,0.162562624847422,0.1842701395579581,0.1728097765289235,0.2264186246513277,0.117158051113089,0.2089939523265368,0.2960983219108664
LDMWKAXBQVIDKE-UHFFFAOYSA-L,0.08926490631161,0.4446987,0.50322437,0.6193831599999999,0.1917472120262583,0.2012956396328549,0.1842701395579581,0.173696207512331,0.1227426459677259,0.102603492338029,0.2089939523265368,0.31133388161178793
BEZGXBMGGVINBF-UHFFFAOYSA-N,0.159045213158398,0.30720556,0.27701085999999997,0.49503934000000005,0.1392273122460982,0.2533944215348258,0.3428597805469349,0.1236517712780754,0.1118099625425565,0.1263261692410703,0.3907504306367036,0.26575350234262723
XZBJACSADMRYGX-UHFFFAOYSA-N,0.0712887481750601,0.47668856000000004,0.46797900000000003,0.57792345,0.2441335473943123,0.2224209647429887,0.2927590083787631,0.2300938683327764,0.2088091260942703,0.4394632289257165,0.2179283235622734,0.30908321664193256
XYSJVXMQSXKJCN-UHFFFAOYSA-N,0.0762660720395009,0.51271906,0.49346113,0.5702530699999999,0.2351625586536624,0.2033870475193711,0.2644620490242058,0.1882837259306551,0.2214363200949531,0.298826805602907,0.2565620832022763,0.33194100430939005
ITXPBHFEYLUJSZ-UHFFFAOYSA-N,0.1443261023273299,0.46941120000000003,0.4998477,0.6444147499999999,0.2343922577029841,0.2339649950171279,0.2141141362084193,0.2439922680031006,0.2979180027092178,0.0981338260911116,0.1020564356743334,0.3167992512313676
ARUZCDMXRQVPMH-UHFFFAOYSA-N,0.1076899827565398,0.43647729999999996,0.31752163,0.58460993,0.2324123961133556,0.188157500587536,0.366395702931256,0.2090682406974763,0.1409653481638433,0.2483859005456939,0.4275530444193323,0.3034512859737885
VLAOSWLJHIWEOK-UHFFFAOYSA-N,0.0665520192931563,0.36656153,0.36373770000000005,0.40273035,0.2398985701444912,0.2385918370169263,0.3098497502295629,0.2631539571221925,0.0705124367737689,0.1738141709465751,0.3237311187472499,0.2694054121204137
JMNUWFAOQMRPRY-UHFFFAOYSA-N,0.1687327077654135,0.53255907,0.4649559,0.50359884,0.2812684037974225,0.235237544572494,0.3110371248557826,0.2903605005294644,0.1553556909251759,0.2668380618413806,0.5199831065999664,0.39965045932628673
PRQVEVLBUCMWDD-UHFFFAOYSA-N,0.1556769813961764,0.5427088,0.46798575,0.5044712,0.2672948905320523,0.234817997728955,0.2944438570872867,0.2643164253757956,0.1487823085536588,0.3166386744377002,0.425147047205536,0.3835551951874692
DNLHEFQPLJPSOF-UHFFFAOYSA-N,0.32584271956447,0.26061624000000005,0.23164759999999995,0.3577317,0.1773623517346861,0.2193094962520252,0.2906800690428934,0.194877322620467,0.191107304864402,0.1685884405430023,0.1978740692518976,0.25919533354029695
TZDKUSLJUFFSNB-UHFFFAOYSA-N,0.0721634999002026,0.52028507,0.46212053,0.45723236,0.1911344868591407,0.2110065840630801,0.2362976302493475,0.1708254880598057,0.1234857904350894,0.1500938694782487,0.1655106306690866,0.30824444462146555
VMSREYOIYAEIBH-UHFFFAOYSA-N,0.099095604810984,0.46087449999999996,0.40015120000000004,0.41478837,0.2372833582427774,0.1820064537956938,0.3270176823543552,0.2080009092851283,0.1641258248092067,0.2120310513757503,0.4152613610393841,0.326767264642047
JWJQXZNLFNMIHE-AHRODOEDSA-N,0.0450432477758307,0.72998533,0.694202,0.6554812,0.2216427793377163,0.3016324918890417,0.305092107175225,0.2148666795108319,0.1299484341579448,0.0928506316790623,0.3242615284513839,0.44165535313326393
FOIPHCLUBLLQDL-UHFFFAOYSA-N,0.2842165159281977,0.26287819999999995,0.2001022,0.33851659999999995,0.3081071497376119,0.3143481396731318,0.3666126988368272,0.2882283108461015,0.2201113639962156,0.328561458925795,0.2258946046166669,0.24884392282417947
DIJQTLKLADNVKF-UHFFFAOYSA-N,0.0750578915710089,0.45133007,0.4572298,0.58534294,0.2044819184982904,0.3130119136913484,0.2887187994652923,0.2388445767297786,0.3380454511962114,0.0924530409808483,0.1983860290562876,0.29654082059566317
LOLFEDVPLJIWNM-UHFFFAOYSA-N,0.0794254224200984,0.48480344,0.50251532,0.6124682699999999,0.2392212488061601,0.3055714735892759,0.2865186751029019,0.2280040359933184,0.4839875741078077,0.2230218483429082,0.2099748896603701,0.321066615302479
CZORMYBDJDSAFW-JLHYYAGUSA-N,0.2386471561247929,0.68565923,0.6635282,0.5319604,0.2733008483015622,0.3043760275824501,0.198076424821811,0.2473317465865441,0.5195126351502943,0.333371825981854,0.2463552989851228,0.46542138624532997
UJOCIUCEXWNXCT-UHFFFAOYSA-N,0.0785513776162676,0.59980375,0.62764272,0.58393866,0.287548365746097,0.2254858720144646,0.3241923053272025,0.281127790944905,0.37622782285697,0.3013593522219014,0.4585983554593576,0.42443632770057516
GGRTVBHQZYLMHL-UHFFFAOYSA-N,0.1467837998384674,0.5841038199999999,0.5333477600000001,0.50095457,0.1685009904332595,0.2031687405062825,0.2694937723518156,0.2185495148323561,0.0746771952123779,0.1857204269199274,0.2877339795610898,0.38348125851831183
MUGVHYZIUXNFTE-XYPYZODXSA-N,0.0789069177584804,0.78386533,0.84203792,0.72256327,0.1659477167677927,0.146885390597746,0.3151056922551479,0.1445047653325048,0.0725051243545645,0.1082301128810201,0.3016026424293347,0.498620372184287
GHZHWDWADLAOIQ-UHFFFAOYSA-N,0.3390541350299516,0.38649730000000004,0.31159353,0.42073125,0.1937635515660393,0.1700556467673508,0.2379769258566239,0.17775569321021,0.1231122719642183,0.1264699501442821,0.2875065632901545,0.33012727530991914
QMOUXALDYBFPCF-HMMYKYKNSA-N,0.2423201262017687,0.6792364399999999,0.6871658,0.53356916,0.1401630067240485,0.1768803816019015,0.2366911855283242,0.1586447823042437,0.1431664099717536,0.1669798820270013,0.1224944522304895,0.44756671453789043
KQZIDOFFYMUKKF-DYTRJAOYSA-N,0.1266594320544612,0.70650643,0.69813684,0.5459944299999999,0.1356759979786909,0.1989952951393367,0.204610276697187,0.1175067853579076,0.1186027501316125,0.1260492559008779,0.0984170011345113,0.4202234048107401
MLNGLWWCXHUBMT-UHFFFAOYSA-N,0.3263186102922524,0.5376801,0.41957370000000005,0.5694949,0.2508736573299706,0.2463676321598549,0.3645333152013106,0.2631289112380156,0.3679385777882493,0.3334612529888993,0.2980325046007934,0.39779063425672284
GBTPXKVJZOECKF-UHFFFAOYSA-N,0.1411215237091846,0.7143344300000001,0.57062808,0.55868283,0.2689389798316191,0.2713702984619959,0.2572277366816,0.2476330767392516,0.2102750441773585,0.2293238077488028,0.2799959922598457,0.4262935246123744
PVNCNGXGXYJAFK-UHCLYVPCSA-N,0.08246887072666,0.5240724999999999,0.6244955,0.8440570000000001,0.3321126929569006,0.1812612362099324,0.2703044172527822,0.310077565360176,0.3209292306649912,0.4525373718134334,0.0567317994811884,0.3421952953697032
TWKHLQXFLAYHCA-UHFFFAOYSA-N,0.0667267133655351,0.51273632,0.51206994,0.51326394,0.1986208278426144,0.2310621363503032,0.2493458389502719,0.228195531738625,0.129982119886832,0.1361028702816792,0.4339415815054474,0.361244550677304
GFZVTJUFPWATJV-UHFFFAOYSA-N,0.1130021975807685,0.3494948,0.28249860000000004,0.52990437,0.2161128873485141,0.2760542852317956,0.32204343954266,0.2149846534135416,0.0657250500637326,0.0837381662753963,0.2186511544010383,0.23944273630332313
GZUITABIAKMVPG-UHFFFAOYSA-N,0.2402758963104194,0.58623242,0.54606444,0.6270454,0.2643202254328655,0.2008162929658549,0.3282719440168353,0.2553184146321443,0.3952764925340336,0.2847969293172103,0.3843120004514924,0.4328440709549681
PZUSGRHVYDQLHR-UHFFFAOYSA-N,0.1493848631215057,0.50714454,0.43025990000000003,0.40165275,0.2470745552166885,0.2484645277211637,0.2384651319043211,0.2334567540921753,0.2179240963555821,0.2668616016725577,0.3342652694282135,0.3471571183901406
XNAZLLONQWVKTH-UHFFFAOYSA-N,0.113309592682632,0.5293869,0.5136147,0.5454517,0.232212919101788,0.2781238414066229,0.2908316851507451,0.2321575868621636,0.417965784267389,0.4938842971548292,0.2618611542552974,0.3529854236815237
VQRFGCKNHKOXTI-UHFFFAOYSA-N,0.1748988164694487,0.46940327000000004,0.438311,0.5251062799999999,0.2557527522964328,0.3058106810791699,0.3805003085216855,0.1314151558302367,0.0544447577743463,0.179760404066717,0.5081027575064557,0.3764194099516404
YGZBPELFEALWJX-UHFFFAOYSA-N,0.2405761907189261,0.43358929999999996,0.35542739999999995,0.43760025999999996,0.2861254242889846,0.2170218583184728,0.2349149600885068,0.2428721055357429,0.1196588649840718,0.2110664419382054,0.3825791937820129,0.34362424386093443
NZDSNDGRSORZSE-UHFFFAOYSA-N,0.1755243863758819,0.4348813,0.3498479,0.46887650000000003,0.2671494237769768,0.2338212528246332,0.2343459099046971,0.2558935673065692,0.1566971372243674,0.1313271825246899,0.3370666106555718,0.3161537036480181
PCIIJXPELZPHAW-UHFFFAOYSA-N,0.7484080319560459,0.24287530000000002,0.19967526000000002,0.3505279,0.2523907436479002,0.2331306149392777,0.2859434530715689,0.2472890785722823,0.3563739633360086,0.4021575817538718,0.2270066729136719,0.3731185157979603
OZPDXBXSBWNOGC-UHFFFAOYSA-M,0.0587433448957931,0.6199153,0.5916938,0.56853238,0.2721961533127229,0.2744678268650176,0.2418350042514806,0.2711116260037605,0.2512516562469979,0.1989174028199558,0.3154396393001422,0.3902599174654776
NQANQPBUSXASMN-UHFFFAOYSA-N,0.5772625401354384,0.31314677,0.33465829999999996,0.4665171,0.2294405771954736,0.2561447101091341,0.243286390959684,0.2182369645147857,0.2319312307240423,0.1714889090077459,0.2869664734082144,0.3863572984136204
BGNSHERVQZRLFR-UHFFFAOYSA-N,0.1939186703595923,0.47958540000000005,0.38215655000000004,0.35998889999999995,0.2196347732127091,0.1940699258074827,0.2564052127556458,0.2099418242097506,0.1437865332283826,0.118500131647167,0.3119343859766177,0.3359157006103685
LESZNGMDDFKRPH-UHFFFAOYSA-N,0.0620981358452367,0.51394954,0.54526505,0.49199753999999996,0.1866780768604011,0.1228745857344076,0.1874891294722887,0.1378342464651453,0.0790019610663911,0.0264702142628273,0.0848758715173575,0.3122186220478197
PUFVMDHUDUSDDO-UHFFFAOYSA-N,0.3679776615810146,0.24687650000000005,0.23517580000000005,0.3521717,0.260872231936937,0.201907396452545,0.308657240261364,0.2677473257073187,0.154402724192503,0.088663750978055,0.1714850765375517,0.2671250023819185
QZOUKHNSINHPRS-OGLMXYFKSA-N,0.1057868050961677,0.65493008,0.6468628000000001,0.5293876200000001,0.1786239110872521,0.1446648121396353,0.2684172871988399,0.1890261235048435,0.089856128054026,0.1100922588506509,0.2639785096850283,0.41615960699308957
NDVMOVOEROCRIO-SFHVURJKSA-N,0.0983982580522966,0.63137776,0.64997393,0.55754262,0.164833935666757,0.2068652310076662,0.3545011979937436,0.1822581388630359,0.1011064163521244,0.0986951934398438,0.2590062547347561,0.40854728563216447
GDCHENRIACOJGE-SPBKKYETSA-N,0.3191080823168288,0.2856873,0.62384492,0.999573731,0.5892615736269267,0.4046534425339397,0.4955881332913024,0.5850831139857737,0.7091230481018989,0.787662261401281,0.514387546939951,0.4322257275401374
HJCHCDDPIXZKDK-SPBKKYETSA-N,0.3460792185249081,0.27802530000000003,0.6233962200000001,0.9994769747,0.5751866930268852,0.4005104324165146,0.4955881332913024,0.5761967834390814,0.6875532255586582,0.7801937383244301,0.514387546939951,0.43739717091846375
PRZOWIBPQONFFA-UHFFFAOYSA-N,0.16332383481415,0.39373606000000005,0.40462624999999997,0.40262319999999996,0.3479279549375662,0.2940257495169404,0.3575164960941356,0.3210335278887851,0.4937643410781629,0.3256084136935692,0.2825798793459605,0.31169462500260287
QPDRWVMTBQDYLF-JJFYIABZSA-N,0.1560518855478741,0.38631886000000004,0.52966276,0.4289798,0.2879655500180567,0.3098844570838405,0.3856768717257653,0.2793078611688376,0.2703845584779613,0.41783258812651,0.5048020187828159,0.37470118449718837
YEABPXBNCMTIRY-UHFFFAOYSA-N,0.0599110013328957,0.42733014,0.37447596000000005,0.42675169999999996,0.2421728582501316,0.3051809947746911,0.2934544087388506,0.2356375906064564,0.1841949588087452,0.2247214397503702,0.317837774524566,0.2846597086716232
LFWZZQPSOXKGTL-UHFFFAOYSA-N,0.0510379300657988,0.47944339999999996,0.44160557,0.50061885,0.1568280897819897,0.1993600279707357,0.2888137467730683,0.1437230130865531,0.0538335077628351,0.1485109927439154,0.2188064789612575,0.29450624235994144
GZMNVGLLXJLTLY-UHFFFAOYSA-N,0.041436305064826,0.40689087,0.3811917,0.43561095000000005,0.1320063833630793,0.2126432473601483,0.347229951218621,0.1434551377636289,0.0277722327949861,0.0545171981630031,0.4474167280268658,0.2938918780143683
UFGZPCVLDNZWSV-UHFFFAOYSA-N,0.0491714971905106,0.49761010000000006,0.4704421,0.51394635,0.1671805817028655,0.2147877273245871,0.2673129353820538,0.1349406044642789,0.1457223473341218,0.1117254802865271,0.2922828606572635,0.3180257440722299
CKYGMFLSYPZZTI-UHFFFAOYSA-N,0.064329479781333,0.4408991,0.3619875,0.51007757,0.2051391062443377,0.2210107437680533,0.2959280948012248,0.1955807989453362,0.1436163374847612,0.1213601819565002,0.3302733691476452,0.286923268219728
OHQUGGLLIHIBJO-UHFFFAOYSA-N,0.0443133230092277,0.48989624,0.38760406000000003,0.4729242,0.1925883352307903,0.2919591075537083,0.2621844376541436,0.1847040815296415,0.0805430338338959,0.149021051434853,0.1524305010681686,0.27122039289572447
WRPWWVNUCXQDQV-UHFFFAOYSA-N,0.0327491455304235,0.6130926,0.57629672,0.5871497999999999,0.1452814307905817,0.0875411432458664,0.1272665573370805,0.1413883113752802,0.1181412883712017,0.1258494856996391,0.1783763903241278,0.35020110224470785
BLQFHJKRTDIZLX-UHFFFAOYSA-N,0.0582904101689783,0.62395543,0.58291388,0.58750838,0.2341658417250216,0.1968094279378034,0.2511196515754597,0.1991584352164201,0.2883607568008896,0.3051491543011122,0.2546979320296696,0.3780481325691085
XBTOSRUBOXQWBO-UHFFFAOYSA-N,0.1568044238608894,0.6762490999999999,0.57176596,0.54238233,0.2201608122073221,0.134817963813785,0.1895262136152354,0.2132313209246978,0.3663124248388621,0.3526386390840517,0.19005756681491,0.4049092743568166
GQBILNROHLXYEW-GTPJNBDFSA-N,0.4851141471820709,0.37924329999999995,0.6388017500000001,0.9997106655,0.5521884518806366,0.5291362097174853,0.4690089586476028,0.5497463379190627,0.6431095450578058,0.6590924545082001,0.5794516797205584,0.5159082557587732
KAIWQAZASNVPLR-LAZQRJDOSA-N,0.8878618495494601,0.50892782,0.65890488,0.9986560679,0.7332116494686585,0.7665869523313129,0.7184602144748578,0.7241144375798519,0.8309181492795461,0.8382890034411472,0.8430066232193671,0.7183134389357472
VBJGXQIHVLKHCT-UHFFFAOYSA-N,0.1016987101458764,0.58130533,0.4522151,0.59518296,0.2799727341280257,0.2598582707117018,0.2698173881039243,0.256633217880632,0.3261294356321059,0.3140964334881245,0.1749028551137094,0.33395711772437664
QYDNZUNQDSSNPX-UHFFFAOYSA-N,0.2029314317064866,0.4114835,0.34510470000000004,0.46948710000000005,0.310401099580847,0.2524364369846508,0.3345853808842859,0.3110631055981215,0.4173777694701191,0.5351154306793585,0.2199448145826772,0.30033338132654563
SSSRLBHGILGLTG-UHFFFAOYSA-N,0.733981533406089,0.2931578,0.17918809999999996,0.34673639999999994,0.4204200884476283,0.5937262571700314,0.4176036174260387,0.4064558525402647,0.7944757211640084,0.8594533497231851,0.7412427397406456,0.4649418087589361
PYYZTZRTNNOLCD-UHFFFAOYSA-N,0.0945126679893142,0.35935103999999995,0.34041727,0.5499602,0.345937622593044,0.3645246319458321,0.4404147788684271,0.3950729571246472,0.4564079323364192,0.2918385808022728,0.5020400729048966,0.30237921095233267
MRNFJGKBVOEKRP-CFRMEGHHSA-N,0.1372258308280695,0.52808732,0.6003305299999999,0.4557116,0.2610026633749219,0.2506212169303893,0.3249267516385798,0.245808798375559,0.3322944756396095,0.2019439943782503,0.3014030136769502,0.38984467872614675
NNBCQHRLAFXAIQ-XDZNSFMLSA-N,0.0981796682661266,0.44514050000000005,0.6164102,0.974517325,0.2325512057707408,0.2087232593008747,0.2071550968479831,0.2510062264417769,0.2429870499040223,0.1537248831762229,0.0847990875248743,0.325435431482868
BKVPVENZQLBBSA-FMQUCBEESA-N,0.0745606292258863,0.5639418700000001,0.40358170000000004,0.58192652,0.2686402746489783,0.2425284524045195,0.3561451907212298,0.2866552291252194,0.1978549583953026,0.190741839206662,0.3165005224743897,0.3321690827657464
OHHCIRJUIDNYFH-IZZNHLLZSA-N,0.2431109961799819,0.60709122,0.66148326,0.6806064000000001,0.2477702851355939,0.2754132332931845,0.3281673020859033,0.2487071184273574,0.2542035063946848,0.1810851770426107,0.1459042061810175,0.4307238231274154
ATVBDXTZABMEPI-XEHFDHBKSA-N,0.0801050741668648,0.66251057,0.68481857,0.7427162199999999,0.2402183529728118,0.3388913191207202,0.3467778378897195,0.2923313721069973,0.1474601210668554,0.1374215729437108,0.2044898614206092,0.41391895899882303
ARKDMGOZSZHDCD-HYDWVTRASA-M,0.090734292729868,0.6544672,0.6858439700000001,0.91072268,0.2602990738575097,0.2082829629102503,0.2551052722770007,0.2558475803743402,0.1083277033445891,0.3193773754232362,0.0597993947593637,0.39177614379286246
VOVDTTBOHKOABC-UHFFFAOYSA-N,0.0826668564690986,0.57800427,0.48842204,0.5153695,0.2119032706230545,0.2056211818190402,0.2900137484076803,0.1816347698704455,0.243652656412774,0.1837666991634065,0.1125541724283478,0.325412230376287
FPAMWJFOROLHQH-UHFFFAOYSA-N,0.0552736450957312,0.55159903,0.5674572,0.5023420000000001,0.1460484746617468,0.1221363790759513,0.2011926886722903,0.1170664866953371,0.0428814062276812,0.0271523156257117,0.0923875670693141,0.32572540458288674
YRSTYYUBSVOIMN-UHFFFAOYSA-N,0.0503959370961355,0.54610643,0.5771318999999999,0.57292208,0.1682337777422067,0.1090583454861494,0.2801810020878381,0.1442076102908913,0.087392453777249,0.0479206958042233,0.1935487010015437,0.3431180606116435
NGOMNLMIXONWQJ-UHFFFAOYSA-N,0.0859958907345719,0.5505198499999999,0.5259327300000001,0.5427317,0.1871433073826843,0.1207712608536573,0.19612191827549,0.1955535941158267,0.1010782414712558,0.0926229825679012,0.0941092418387239,0.32470547176915193
JSAQBOQCZJHWMA-XMMPIXPASA-N,0.0585385386772607,0.45653087000000003,0.55529913,0.45803034,0.2055290219794275,0.2776789803194032,0.280601261957801,0.1955852961128333,0.0785474920528014,0.0342578541885637,0.1908522407273741,0.3177781683204822
GADOQTNZNVQUEX-UHFFFAOYSA-N,0.1740518415724583,0.44594085000000006,0.68559307,0.6812095,0.2568780261094664,0.2626842963544429,0.3713789325953068,0.2240928320762228,0.040340832663712,0.0198914019349219,0.3765627508471625,0.4143862018707207
WGQWRCAZEPAXRA-GZTJUZNOSA-N,0.106681588071617,0.6812856199999999,0.68030453,0.54279345,0.2206590421591313,0.1491876943115422,0.2215792408889574,0.2223047242382947,0.1434947041978693,0.1629088532643419,0.2153490310957836,0.4249465543683455
LXUOJZKROYWPPV-UHFFFAOYSA-N,0.0994669028087202,0.5184072,0.54638577,0.61304742,0.2386145587321292,0.2462384124572071,0.244955803175791,0.2174417803817076,0.0544335256615986,0.090239973048222,0.1694858453765261,0.3399139690657456
YPWXPSNTZOGYSJ-JVMLLWQNSA-N,0.081926374107674,0.46008813000000004,0.66186512,0.90519446,0.2410499724271307,0.2759947094898366,0.2759591118939705,0.2622814406981492,0.1062890666126407,0.0324676063535966,0.0503078876105734,0.33198775193154095
YTZMIZNUZNUPNR-UHFFFAOYSA-N,0.2047763884512005,0.48833819999999994,0.40652597,0.42923100000000003,0.2125145910284783,0.250846386048667,0.4366372487317135,0.2421298151059188,0.1322294267925007,0.0881550155999398,0.3912812176395099,0.36183042537097676
NIVPCXURXHMJGN-CIEKVUGRSA-N,0.0454125810967178,0.7384343,0.75258175,0.77973107,0.1934186663731712,0.2800551066265445,0.316895601854105,0.2060839922420515,0.1160365058678419,0.1485267129367385,0.2971565081987201,0.4542040074805597
XFPTZPCTBFZTJN-UHFFFAOYSA-N,0.1523469285541278,0.41466546000000004,0.36814420000000003,0.508609,0.2506945328458342,0.2493053942040078,0.3934946425568424,0.2495662960855333,0.0348649536776599,0.0438990706622902,0.3357090377944743,0.31010427377177235
ZOAXAKJUBSMZJB-UHFFFAOYSA-N,0.1304221722905521,0.4570389,0.45623684,0.4568189,0.1812674693655308,0.2184822276556409,0.3498807025550449,0.1984752180858213,0.0400968278606775,0.043387107130122,0.2220473141196121,0.3170912595408459
DBIHOPLBOZBNBM-CTCWLUDLSA-N,0.0737225340064281,0.55150303,0.5832624399999999,0.65538943,0.2230169584436851,0.217917649878796,0.2736294453996664,0.2150616830797346,0.0936473153867146,0.098877978165602,0.1733193886861933,0.35109636047047077
NUWQUNGNRRPJEQ-UHFFFAOYSA-N,0.6499345141693235,0.22646206999999996,0.15965070000000003,0.36403452999999997,0.2744828670522981,0.3116124844768913,0.400416912751571,0.3215986851937386,0.3429581858960032,0.3406994941388632,0.5619937321273057,0.3858109916777926
MVSHGLCACIWIQM-UHFFFAOYSA-N,0.0801998895082814,0.43324333000000004,0.37237244999999997,0.5243372,0.2149953246342692,0.223864063985109,0.2921199225808016,0.2388028943560521,0.141121490013684,0.1951191551158053,0.3562342487245767,0.29665006541754724
HUKZWONRCAQCTA-PYISVRNKSA-N,0.3615679641392834,0.42776597000000005,0.66673374,0.99977082227,0.5739936392781795,0.5173341265492609,0.5113989501081866,0.5561322046163548,0.5625952263256543,0.7298745399809128,0.315144980209895,0.45927101857267066
ZHPWSEYCGYZOHT-VPZKMCAASA-N,0.2323589175590279,0.40686274,0.66650155,0.999881206895,0.5855137941500894,0.5128141891724844,0.4832623953659222,0.5851471779951025,0.6378895696859439,0.7027473647119644,0.3236363856413385,0.41870545470818
GYHCTFXIZSNGJT-UHFFFAOYSA-N,0.3425498998017779,0.35741913000000003,0.32411270000000003,0.40735220000000005,0.1939833174978133,0.2987762584448853,0.3074071503084839,0.2295733973540227,0.2745732869488772,0.1340563734796572,0.3414616471374517,0.3363818037658998
GGOOYOFDSPJDBT-UHFFFAOYSA-N,0.1473544229673469,0.40369049999999995,0.30971570000000004,0.51179767,0.2286451159586447,0.3386548772457093,0.3801188641587207,0.2006574512192392,0.0283794537733666,0.0574796511351192,0.5333705572342095,0.32131060682094553
JNHPASKPQFAGPP-UHFFFAOYSA-N,0.1898538305092061,0.4256118,0.4086472,0.44048010000000004,0.2573170671407589,0.2423410711250415,0.3130244100118928,0.2478468423179022,0.3034042867108355,0.262978930360252,0.3241255234684097,0.33177195544298466
PKKVQHSSLZVNAS-UHFFFAOYSA-N,0.0878028681797863,0.6298748599999999,0.4853786,0.44266190000000005,0.237273762931282,0.2237280011609603,0.315762798402388,0.1757775157085626,0.1028893265987187,0.1508848439146294,0.2925590158558536,0.36896399424798326
IHQDEVNEHAXQSH-UHFFFAOYSA-N,0.0909996530102865,0.58509097,0.47017336,0.4647869,0.2622432228807022,0.2185783958613608,0.2027518133745768,0.2202357893241277,0.0663060513050126,0.1314007855849009,0.0851746392110871,0.32107928344420744
ZFGIVIZXCYOWBK-CMDGGOBGSA-N,0.0758969693339874,0.73967218,0.7165877199999999,0.52587742,0.1275471019204063,0.0925291278230473,0.1468992498425426,0.1309430992225723,0.0907386520321607,0.1752207732488536,0.267512001143121,0.4452890022576956
RRSJHXGJAMBCDJ-UHFFFAOYSA-N,0.0897375681998722,0.4665686,0.45300627000000004,0.48206740000000003,0.2290471345342785,0.1888473812451378,0.1896328881990922,0.2270423699454852,0.0955208345405941,0.2247657637879943,0.0965576347495435,0.28695886783511004
VGJZVOUZZFXQBK-UHFFFAOYSA-N,0.2618108737947086,0.29011659999999995,0.23523210000000006,0.40961634999999996,0.2482471439516397,0.2681377729332064,0.312588815686781,0.2009700720030278,0.2147419050120473,0.1964547419723311,0.4414655281152385,0.2907430630755962
DNBUKFHVIMCUQB-UHFFFAOYSA-N,0.4886840569293327,0.39748930000000005,0.34067464000000003,0.38349336,0.3002483698474874,0.3344295112771226,0.4508148198766874,0.2683627443342928,0.3914302656208424,0.3403991635484516,0.4691802596177213,0.4173846994068147
WQSAZRPEGPROCC-KRWDZBQOSA-N,0.09205819756562,0.6112696200000001,0.56263217,0.6141116,0.276273455314408,0.2723988611260906,0.3540168020958731,0.2419912121080169,0.1502733311588173,0.1444977038792317,0.4157574332673649,0.4071091857562884
PNWJJULLNCIIMB-UHFFFAOYSA-N,0.1477698456323798,0.40594399999999997,0.29638224999999996,0.54615837,0.2408173837048525,0.2703400409592847,0.2829168391382411,0.2427794063698143,0.1818848994279546,0.1248853655146342,0.3235534880215943,0.28437252342331687
BUEXWHUMUYQITQ-UHFFFAOYSA-N,0.3320147591092757,0.2153404,0.13821830000000002,0.35161096000000003,0.2441502504064974,0.2933219303916977,0.3381664331831781,0.2342405727214703,0.0802866395404116,0.0366612681894101,0.114997326014519,0.21412843758889183
IQDDCWYNBRRRQG-UHFFFAOYSA-N,0.0547541311795116,0.46044529999999995,0.30433005,0.58763385,0.2413382487416191,0.2360446500561832,0.3169613198406957,0.2291674045607247,0.2973157601346243,0.3286689159677185,0.2314597965716595,0.2594430279485198
HVYNCNZJQZOKFM-UHFFFAOYSA-N,0.1532492841881487,0.5136966000000001,0.43350756,0.45165515,0.3668312008814149,0.245813650167673,0.3109613431005043,0.2848633152942398,0.3103710921566168,0.2619314445699065,0.2089575460140164,0.33508852393809585
SLVDFWRJWQJSRW-UHFFFAOYSA-N,0.0730780960636132,0.50751272,0.54748577,0.49742980000000003,0.2707146216994575,0.2324733705642367,0.2707327752530403,0.1972975541901202,0.0784366834011914,0.133663279510907,0.1275920243325089,0.3244964497996229
LEFKFKCAMVAURB-UHFFFAOYSA-N,0.1627177373160327,0.44003194999999995,0.32643163,0.57871446,0.2748953364591289,0.2185118745134702,0.2977038333540139,0.2679400376198227,0.2268142751364442,0.1943170508345557,0.1539468388010355,0.2792081410400675
DSELNKYPNSPLEU-UHFFFAOYSA-N,0.0667415507200767,0.4503484,0.4710326,0.49736345000000004,0.2026487690384528,0.2324238929841409,0.2925802321250818,0.2297425104232398,0.0833009757749268,0.1485940611916661,0.4163411471070338,0.33240413486433495
MZIJBZJSXSVRKO-UHFFFAOYSA-N,0.0578433735961853,0.3924464,0.36379969999999995,0.46713454,0.2354969031470607,0.3134611329300852,0.3930353356397751,0.2218022947578572,0.0304553059418641,0.1405482902852509,0.4522793856237669,0.29470042390134743
BPRUTWSXZJFFDR-UHFFFAOYSA-N,0.1177284509720034,0.5931099,0.41160417000000005,0.51499707,0.2521466004076128,0.178815746603336,0.247068230158824,0.2338300035178417,0.2963875562562694,0.363326921096634,0.3384023183029042,0.3558485539261095
WUZPMXBCFREYEO-UHFFFAOYSA-N,0.0662070280928234,0.58610597,0.7056074,0.56215876,0.1845896227000282,0.1826474648813359,0.2400672228984645,0.2067568353285787,0.0891741458557194,0.0410883343351317,0.1102553185877587,0.37838033939759635
WBFSPPPOPIJCLF-DHFPXDALSA-N,0.0525757416571114,0.7202649,0.693155,0.66153377,0.2249698741521862,0.2648003606388211,0.2893859041922804,0.2318932643288527,0.2646982032524076,0.1500502702398985,0.3570696781430683,0.4462608071426417
OBLNWSCLAYSJJR-UHFFFAOYSA-N,0.2320169025798664,0.44791159999999997,0.2898444,0.41081049999999997,0.2536103253016427,0.2417431357971609,0.2643458201914043,0.25303066549106,0.4893755924934778,0.6022949034376294,0.4492297464031127,0.33745806693086744
SVPKNMBRVBMTLB-UHFFFAOYSA-N,0.1815169444057196,0.42492043999999995,0.25226134,0.3594937,0.3025794739548597,0.1899063367538034,0.3026511278127735,0.2849168156453944,0.615036094186245,0.7029083631771645,0.4862902166927017,0.31520412681049614
JKWDTWJMTFDQHA-UHFFFAOYSA-N,0.7638445112507708,0.09367400000000004,0.05399007,0.2377783,0.3106686814751878,0.2861791383970236,0.4899411161590236,0.3075784290246939,0.3522087539185344,0.3902044419667205,0.7350123074809001,0.3863906481560499
NZFPWVYBYPMCFI-UHFFFAOYSA-N,0.8468799534828193,0.0958926,0.05473410000000001,0.2581297,0.3088880958144326,0.278884007415534,0.4357792588592781,0.3609760727714642,0.2766722132348665,0.387382302798424,0.6264637685752904,0.3927817917340049
COYJCBXJGPKMHX-UHFFFAOYSA-N,0.564141873317009,0.09117602999999996,0.0498904,0.22744169999999997,0.2928870814019632,0.2740241531453277,0.4976625865469864,0.3168172145565072,0.3914489941159457,0.54463491110834,0.7768196652990479,0.3342183656093534
CZYVPYRMFNSVDO-UHFFFAOYSA-N,0.7177445999252976,0.08915099999999998,0.04640113999999995,0.21989139999999996,0.3187507914426082,0.2870037683537494,0.5163737559623343,0.3217392181049257,0.3812660600479328,0.3831609212446892,0.7257376131366771,0.36918250653699364
VUALIAFQBJAQQC-UHFFFAOYSA-N,0.7957908264528292,0.09616009999999997,0.05390214999999998,0.26534015,0.2859027564057909,0.2779129677677744,0.4990320679379553,0.3496122967086513,0.4453744779162396,0.3082148683843021,0.7812851660108165,0.4027891669152335
NFWAITKLWZRIGK-DMXDCXNVSA-N,0.0730039712063802,0.6648444499999999,0.71004504,0.88839205,0.2474685230561155,0.3252936246454219,0.3185956366406932,0.2667855184776694,0.1148294206379614,0.2335957895071136,0.1939195412071218,0.41740710611565135
XWGKIGRJGLAOJC-AMVAKXGBSA-N,0.133388922669285,0.6315477199999999,0.6641813,0.96294065,0.2724409923485319,0.3117498816063049,0.3255216742523009,0.256638229376307,0.3985069851931761,0.2143553682107018,0.2802617532767431,0.428681886217427
FAZBBJPZVSGANF-JVWAILMASA-N,0.1160359158623562,0.56268352,0.57292566,0.5706218000000001,0.2398828492648583,0.2234678796613619,0.1804312693613868,0.2380023437190273,0.2840402202759717,0.2095019381657613,0.0459474534767574,0.342456875093044
ARXQHWQZSIQLPK-UHFFFAOYSA-N,0.0776423506411454,0.51854596,0.4303163,0.41200970000000003,0.1980697332235023,0.1973130060127142,0.2954057107147804,0.1651483017672889,0.048117255604405,0.0575956391700837,0.3221871778972628,0.3268038508234432
VARHXCYGZKSOOO-UHFFFAOYSA-N,0.1838267103444396,0.6382165799999999,0.48942680000000005,0.5113016,0.2743183057222663,0.1605867387016603,0.267124033705906,0.250448577649398,0.457784164011203,0.451408535755936,0.4616803587449622,0.42709769123316216
PZKGSVYNVAEKGQ-UHFFFAOYSA-N,0.1450308929611634,0.51314282,0.5260786,0.53702927,0.2010783988316953,0.2743396601163992,0.2374327274596555,0.2241240887417824,0.0882963837065595,0.1433716315042278,0.2241679226037306,0.3536831606842195
IIWSKSOUOHOUAY-LVWSLPETSA-N,0.1578607749938244,0.51908523,0.76090744,0.72085276,0.2631349805833374,0.3270561709717444,0.3443942081454398,0.2111737520005662,0.0517947985206655,0.1304810946156425,0.4885153240816659,0.4659474512466806
SNHJAZWMZSZXFM-XJKSQIOZSA-N,0.0486993241300007,0.5993158199999999,0.63630047,0.91152771,0.2361345355203255,0.1949048805382184,0.2440463298643079,0.2268440563309812,0.1809910943510823,0.2252616026425482,0.1767107647805681,0.37070954277067114
MSIINHRFNXEONI-UHFFFAOYSA-N,0.1327571218697045,0.60704905,0.46452649999999995,0.48111147,0.2308533205301324,0.2859169056089751,0.3556987831703789,0.256968821649924,0.3222229400105475,0.1820546454179148,0.409718379325804,0.3893815861391707
FCEKBGGBXQNSAH-KNLLAKKMSA-N,0.1518907244993774,0.49383855,0.6440389200000001,0.9922194714,0.3957750011795337,0.216644837281349,0.3923006014066544,0.4294962362605948,0.5700112750080027,0.5854336907825346,0.3534288923604841,0.4099797581291467
YNAHCBRGGPSNDZ-UHFFFAOYSA-N,0.0620646133976604,0.46184455999999996,0.45869170000000004,0.5044571,0.2195564203228816,0.2043214828145504,0.2623395192973459,0.2500314242908286,0.3012701136875618,0.267786562672937,0.3683100399261463,0.3232712471123148
JMNQFYWMYKSSSA-NTEUORMPSA-N,0.5556700198432635,0.5440155,0.5771032300000001,0.40790063,0.2132703013976346,0.3172309026173279,0.3902741890760627,0.2358739442464903,0.147118388164048,0.1657468678919139,0.4284943455481804,0.5259796888045914
QVQLUTLQWGEXFG-HNNXBMFYSA-N,0.0623505479744679,0.69474524,0.70454377,0.7275878499999999,0.203333743383561,0.2535494241584321,0.2100751079709026,0.1755973785868299,0.0803772071802942,0.1092398545739454,0.2463297907660233,0.42646804031549623
CCABYDVHHITXSQ-UHFFFAOYSA-N,0.6250698086238358,0.3431063,0.34310470000000004,0.46092175999999996,0.2248851898581341,0.2458731146782766,0.3067104966252991,0.2196949955187916,0.1091202006139367,0.1343810702986334,0.0927818019688525,0.3791330412639611
RHPNOOKZJJVHHQ-UHFFFAOYSA-N,0.5337213293535222,0.36004776000000005,0.36407495,0.52234322,0.228415201580864,0.2437895498246951,0.3273101765453552,0.2110292234610948,0.0933567748202034,0.2531063018770179,0.0913269265770861,0.3630875668746956
ZWQWTVLDLQPTSW-UHFFFAOYSA-N,0.1139411719112576,0.42556995,0.46874607,0.58353487,0.2319987129727871,0.196149759334977,0.3057715656089618,0.2571171612300729,0.065436821365527,0.0620225516898423,0.260936945934921,0.3151189587107122
WYVDFOFDVCFARJ-UHFFFAOYSA-N,0.084672431684083,0.28705899999999995,0.23377539999999997,0.43114895,0.2366113335246397,0.2350192933296541,0.3520277105050747,0.2263863761634723,0.1444957281850116,0.0578681284250005,0.2607419492998478,0.21044063724674186
LFXYFFIMEFNDHC-UHFFFAOYSA-N,0.1607524690593734,0.27200687,0.22167563,0.4226786,0.2517413960900942,0.2510898692595018,0.3907768905242236,0.2398651244690316,0.1738986896645084,0.258848556714395,0.3042579974210192,0.23283480807062548
ZMSGAXSBKXUQKY-PUCUFLQQSA-N,0.0838191005545409,0.69086105,0.71381465,0.84364906,0.3054145718967486,0.3280039755849064,0.2884327027892185,0.3108193220027725,0.3296890900219371,0.2096599310878724,0.4540707697791106,0.4711183580665001
LVPXBXFMUREXPT-WJTHNFPRSA-N,0.0637596648443648,0.4620029,0.64347917,0.5913988,0.2452772850067754,0.2489935490274594,0.3755152592697685,0.2342670563943922,0.0353323371890363,0.0686448583522193,0.1140944075859076,0.3337496926897572
